generator_name,algo,algo_params,n_vars,n_arcs,n_samples,graph_idx,golden_path,learned_path,error_msg,time_s,SHD,SHD_skeleton,F1-Score,F1-Score_skeleton,TPR,TPR_skeleton
cbn_exp_clayton,CPC,"{""alpha"": 0.05, ""max_conditioning_set_size"": 3}",10,15,200,0,/home/mathis/Documents/Travail/cbnsl_benchmark/experiments/scaling/agrum3/../../../experiments/scaling/agrum3/2026-07-31_06h33_cbn_exp_clayton/graphs/golden__v10_a15_g0.json,/home/mathis/Documents/Travail/cbnsl_benchmark/experiments/scaling/agrum3/../../../experiments/scaling/agrum3/2026-07-31_06h33_cbn_exp_clayton/graphs/CPC__v10_a15_g0_s200.json,,0.02845681300095748,13.0,12.0,0.23529411764705882,0.33333333333333337,0.14285714285714285,0.2
cbn_exp_clayton,CMIIC,"{""alpha"": 0.05}",10,15,200,0,/home/mathis/Documents/Travail/cbnsl_benchmark/experiments/scaling/agrum3/../../../experiments/scaling/agrum3/2026-07-31_06h33_cbn_exp_clayton/graphs/golden__v10_a15_g0.json,/home/mathis/Documents/Travail/cbnsl_benchmark/experiments/scaling/agrum3/../../../experiments/scaling/agrum3/2026-07-31_06h33_cbn_exp_clayton/graphs/CMIIC__v10_a15_g0_s200.json,,0.09327235500313691,15.0,5.0,0.11764705882352941,0.8148148148148148,0.2,0.7333333333333333
cbn_exp_clayton,CPC,"{""alpha"": 0.05, ""max_conditioning_set_size"": 3}",10,15,500,0,/home/mathis/Documents/Travail/cbnsl_benchmark/experiments/scaling/agrum3/../../../experiments/scaling/agrum3/2026-07-31_06h33_cbn_exp_clayton/graphs/golden__v10_a15_g0.json,/home/mathis/Documents/Travail/cbnsl_benchmark/experiments/scaling/agrum3/../../../experiments/scaling/agrum3/2026-07-31_06h33_cbn_exp_clayton/graphs/CPC__v10_a15_g0_s500.json,,0.13011935699978494,14.0,12.0,0.125,0.33333333333333337,0.07692307692307693,0.2
cbn_exp_clayton,CMIIC,"{""alpha"": 0.05}",10,15,500,0,/home/mathis/Documents/Travail/cbnsl_benchmark/experiments/scaling/agrum3/../../../experiments/scaling/agrum3/2026-07-31_06h33_cbn_exp_clayton/graphs/golden__v10_a15_g0.json,/home/mathis/Documents/Travail/cbnsl_benchmark/experiments/scaling/agrum3/../../../experiments/scaling/agrum3/2026-07-31_06h33_cbn_exp_clayton/graphs/CMIIC__v10_a15_g0_s500.json,,0.35738933099855785,15.0,6.0,0.11764705882352942,0.7692307692307692,0.16666666666666666,0.6666666666666666
cbn_exp_clayton,CPC,"{""alpha"": 0.05, ""max_conditioning_set_size"": 3}",10,15,1000,0,/home/mathis/Documents/Travail/cbnsl_benchmark/experiments/scaling/agrum3/../../../experiments/scaling/agrum3/2026-07-31_06h33_cbn_exp_clayton/graphs/golden__v10_a15_g0.json,/home/mathis/Documents/Travail/cbnsl_benchmark/experiments/scaling/agrum3/../../../experiments/scaling/agrum3/2026-07-31_06h33_cbn_exp_clayton/graphs/CPC__v10_a15_g0_s1000.json,,0.6159130199994252,11.0,7.0,0.47619047619047616,0.7200000000000001,0.45454545454545453,0.6
cbn_exp_clayton,CMIIC,"{""alpha"": 0.05}",10,15,1000,0,/home/mathis/Documents/Travail/cbnsl_benchmark/experiments/scaling/agrum3/../../../experiments/scaling/agrum3/2026-07-31_06h33_cbn_exp_clayton/graphs/golden__v10_a15_g0.json,/home/mathis/Documents/Travail/cbnsl_benchmark/experiments/scaling/agrum3/../../../experiments/scaling/agrum3/2026-07-31_06h33_cbn_exp_clayton/graphs/CMIIC__v10_a15_g0_s1000.json,,1.0896741950018622,15.0,6.0,0.11764705882352942,0.7692307692307692,0.16666666666666666,0.6666666666666666
cbn_exp_clayton,CPC,"{""alpha"": 0.05, ""max_conditioning_set_size"": 3}",10,15,3000,0,/home/mathis/Documents/Travail/cbnsl_benchmark/experiments/scaling/agrum3/../../../experiments/scaling/agrum3/2026-07-31_06h33_cbn_exp_clayton/graphs/golden__v10_a15_g0.json,/home/mathis/Documents/Travail/cbnsl_benchmark/experiments/scaling/agrum3/../../../experiments/scaling/agrum3/2026-07-31_06h33_cbn_exp_clayton/graphs/CPC__v10_a15_g0_s3000.json,,7.769707578001544,11.0,7.0,0.4210526315789474,0.6956521739130436,0.36363636363636365,0.5333333333333333
cbn_exp_clayton,CMIIC,"{""alpha"": 0.05}",10,15,3000,0,/home/mathis/Documents/Travail/cbnsl_benchmark/experiments/scaling/agrum3/../../../experiments/scaling/agrum3/2026-07-31_06h33_cbn_exp_clayton/graphs/golden__v10_a15_g0.json,/home/mathis/Documents/Travail/cbnsl_benchmark/experiments/scaling/agrum3/../../../experiments/scaling/agrum3/2026-07-31_06h33_cbn_exp_clayton/graphs/CMIIC__v10_a15_g0_s3000.json,,9.135105970999575,11.0,6.0,0.47619047619047616,0.7692307692307692,0.5,0.6666666666666666
cbn_exp_clayton,CPC,"{""alpha"": 0.05, ""max_conditioning_set_size"": 3}",10,15,5000,0,/home/mathis/Documents/Travail/cbnsl_benchmark/experiments/scaling/agrum3/../../../experiments/scaling/agrum3/2026-07-31_06h33_cbn_exp_clayton/graphs/golden__v10_a15_g0.json,/home/mathis/Documents/Travail/cbnsl_benchmark/experiments/scaling/agrum3/../../../experiments/scaling/agrum3/2026-07-31_06h33_cbn_exp_clayton/graphs/CPC__v10_a15_g0_s5000.json,,22.41729269300049,9.0,3.0,0.5714285714285715,0.888888888888889,0.6666666666666666,0.8
cbn_exp_clayton,CMIIC,"{""alpha"": 0.05}",10,15,5000,0,/home/mathis/Documents/Travail/cbnsl_benchmark/experiments/scaling/agrum3/../../../experiments/scaling/agrum3/2026-07-31_06h33_cbn_exp_clayton/graphs/golden__v10_a15_g0.json,/home/mathis/Documents/Travail/cbnsl_benchmark/experiments/scaling/agrum3/../../../experiments/scaling/agrum3/2026-07-31_06h33_cbn_exp_clayton/graphs/CMIIC__v10_a15_g0_s5000.json,,24.17869112400149,11.0,6.0,0.47619047619047616,0.7692307692307692,0.5,0.6666666666666666
cbn_exp_clayton,CPC,"{""alpha"": 0.05, ""max_conditioning_set_size"": 3}",10,15,200,1,/home/mathis/Documents/Travail/cbnsl_benchmark/experiments/scaling/agrum3/../../../experiments/scaling/agrum3/2026-07-31_06h33_cbn_exp_clayton/graphs/golden__v10_a15_g1.json,/home/mathis/Documents/Travail/cbnsl_benchmark/experiments/scaling/agrum3/../../../experiments/scaling/agrum3/2026-07-31_06h33_cbn_exp_clayton/graphs/CPC__v10_a15_g1_s200.json,,0.028009157998894807,13.0,8.0,0.13333333333333333,0.6,0.1111111111111111,0.42857142857142855
cbn_exp_clayton,CMIIC,"{""alpha"": 0.05}",10,15,200,1,/home/mathis/Documents/Travail/cbnsl_benchmark/experiments/scaling/agrum3/../../../experiments/scaling/agrum3/2026-07-31_06h33_cbn_exp_clayton/graphs/golden__v10_a15_g1.json,/home/mathis/Documents/Travail/cbnsl_benchmark/experiments/scaling/agrum3/../../../experiments/scaling/agrum3/2026-07-31_06h33_cbn_exp_clayton/graphs/CMIIC__v10_a15_g1_s200.json,,0.0730792169997585,13.0,4.0,0.13333333333333333,0.8333333333333333,0.2,0.7142857142857143
cbn_exp_clayton,CPC,"{""alpha"": 0.05, ""max_conditioning_set_size"": 3}",10,15,500,1,/home/mathis/Documents/Travail/cbnsl_benchmark/experiments/scaling/agrum3/../../../experiments/scaling/agrum3/2026-07-31_06h33_cbn_exp_clayton/graphs/golden__v10_a15_g1.json,/home/mathis/Documents/Travail/cbnsl_benchmark/experiments/scaling/agrum3/../../../experiments/scaling/agrum3/2026-07-31_06h33_cbn_exp_clayton/graphs/CPC__v10_a15_g1_s500.json,,0.1362334519981232,13.0,10.0,0.13333333333333333,0.4444444444444445,0.09090909090909091,0.2857142857142857
cbn_exp_clayton,CMIIC,"{""alpha"": 0.05}",10,15,500,1,/home/mathis/Documents/Travail/cbnsl_benchmark/experiments/scaling/agrum3/../../../experiments/scaling/agrum3/2026-07-31_06h33_cbn_exp_clayton/graphs/golden__v10_a15_g1.json,/home/mathis/Documents/Travail/cbnsl_benchmark/experiments/scaling/agrum3/../../../experiments/scaling/agrum3/2026-07-31_06h33_cbn_exp_clayton/graphs/CMIIC__v10_a15_g1_s500.json,,0.32027785599711933,13.0,2.0,0.13333333333333333,0.923076923076923,0.3333333333333333,0.8571428571428571
cbn_exp_clayton,CPC,"{""alpha"": 0.05, ""max_conditioning_set_size"": 3}",10,15,1000,1,/home/mathis/Documents/Travail/cbnsl_benchmark/experiments/scaling/agrum3/../../../experiments/scaling/agrum3/2026-07-31_06h33_cbn_exp_clayton/graphs/golden__v10_a15_g1.json,/home/mathis/Documents/Travail/cbnsl_benchmark/experiments/scaling/agrum3/../../../experiments/scaling/agrum3/2026-07-31_06h33_cbn_exp_clayton/graphs/CPC__v10_a15_g1_s1000.json,,0.7200653809995856,10.0,5.0,0.4444444444444444,0.782608695652174,0.4444444444444444,0.6428571428571429
cbn_exp_clayton,CMIIC,"{""alpha"": 0.05}",10,15,1000,1,/home/mathis/Documents/Travail/cbnsl_benchmark/experiments/scaling/agrum3/../../../experiments/scaling/agrum3/2026-07-31_06h33_cbn_exp_clayton/graphs/golden__v10_a15_g1.json,/home/mathis/Documents/Travail/cbnsl_benchmark/experiments/scaling/agrum3/../../../experiments/scaling/agrum3/2026-07-31_06h33_cbn_exp_clayton/graphs/CMIIC__v10_a15_g1_s1000.json,,1.09327112399842,13.0,2.0,0.13333333333333333,0.923076923076923,0.3333333333333333,0.8571428571428571
cbn_exp_clayton,CPC,"{""alpha"": 0.05, ""max_conditioning_set_size"": 3}",10,15,3000,1,/home/mathis/Documents/Travail/cbnsl_benchmark/experiments/scaling/agrum3/../../../experiments/scaling/agrum3/2026-07-31_06h33_cbn_exp_clayton/graphs/golden__v10_a15_g1.json,/home/mathis/Documents/Travail/cbnsl_benchmark/experiments/scaling/agrum3/../../../experiments/scaling/agrum3/2026-07-31_06h33_cbn_exp_clayton/graphs/CPC__v10_a15_g1_s3000.json,,7.658308938000118,7.0,3.0,0.6666666666666666,0.88,0.7,0.7857142857142857
cbn_exp_clayton,CMIIC,"{""alpha"": 0.05}",10,15,3000,1,/home/mathis/Documents/Travail/cbnsl_benchmark/experiments/scaling/agrum3/../../../experiments/scaling/agrum3/2026-07-31_06h33_cbn_exp_clayton/graphs/golden__v10_a15_g1.json,/home/mathis/Documents/Travail/cbnsl_benchmark/experiments/scaling/agrum3/../../../experiments/scaling/agrum3/2026-07-31_06h33_cbn_exp_clayton/graphs/CMIIC__v10_a15_g1_s3000.json,,7.218828477998613,6.0,4.0,0.7272727272727272,0.8333333333333333,0.6666666666666666,0.7142857142857143
cbn_exp_clayton,CPC,"{""alpha"": 0.05, ""max_conditioning_set_size"": 3}",10,15,5000,1,/home/mathis/Documents/Travail/cbnsl_benchmark/experiments/scaling/agrum3/../../../experiments/scaling/agrum3/2026-07-31_06h33_cbn_exp_clayton/graphs/golden__v10_a15_g1.json,/home/mathis/Documents/Travail/cbnsl_benchmark/experiments/scaling/agrum3/../../../experiments/scaling/agrum3/2026-07-31_06h33_cbn_exp_clayton/graphs/CPC__v10_a15_g1_s5000.json,,24.793207291997533,7.0,3.0,0.6666666666666666,0.88,0.7,0.7857142857142857
cbn_exp_clayton,CMIIC,"{""alpha"": 0.05}",10,15,5000,1,/home/mathis/Documents/Travail/cbnsl_benchmark/experiments/scaling/agrum3/../../../experiments/scaling/agrum3/2026-07-31_06h33_cbn_exp_clayton/graphs/golden__v10_a15_g1.json,/home/mathis/Documents/Travail/cbnsl_benchmark/experiments/scaling/agrum3/../../../experiments/scaling/agrum3/2026-07-31_06h33_cbn_exp_clayton/graphs/CMIIC__v10_a15_g1_s5000.json,,18.823171684001863,6.0,4.0,0.7272727272727272,0.8333333333333333,0.6666666666666666,0.7142857142857143
cbn_exp_clayton,CPC,"{""alpha"": 0.05, ""max_conditioning_set_size"": 3}",10,15,200,2,/home/mathis/Documents/Travail/cbnsl_benchmark/experiments/scaling/agrum3/../../../experiments/scaling/agrum3/2026-07-31_06h33_cbn_exp_clayton/graphs/golden__v10_a15_g2.json,/home/mathis/Documents/Travail/cbnsl_benchmark/experiments/scaling/agrum3/../../../experiments/scaling/agrum3/2026-07-31_06h33_cbn_exp_clayton/graphs/CPC__v10_a15_g2_s200.json,,0.03826768399812863,15.0,14.0,0.0,0.125,0.0,0.06666666666666667
cbn_exp_clayton,CMIIC,"{""alpha"": 0.05}",10,15,200,2,/home/mathis/Documents/Travail/cbnsl_benchmark/experiments/scaling/agrum3/../../../experiments/scaling/agrum3/2026-07-31_06h33_cbn_exp_clayton/graphs/golden__v10_a15_g2.json,/home/mathis/Documents/Travail/cbnsl_benchmark/experiments/scaling/agrum3/../../../experiments/scaling/agrum3/2026-07-31_06h33_cbn_exp_clayton/graphs/CMIIC__v10_a15_g2_s200.json,,0.10923420899780467,15.0,1.0,0.0,0.9655172413793104,0.0,0.9333333333333333
cbn_exp_clayton,CPC,"{""alpha"": 0.05, ""max_conditioning_set_size"": 3}",10,15,500,2,/home/mathis/Documents/Travail/cbnsl_benchmark/experiments/scaling/agrum3/../../../experiments/scaling/agrum3/2026-07-31_06h33_cbn_exp_clayton/graphs/golden__v10_a15_g2.json,/home/mathis/Documents/Travail/cbnsl_benchmark/experiments/scaling/agrum3/../../../experiments/scaling/agrum3/2026-07-31_06h33_cbn_exp_clayton/graphs/CPC__v10_a15_g2_s500.json,,0.15268954500061227,15.0,15.0,0.0,0.0,0.0,0.0
cbn_exp_clayton,CMIIC,"{""alpha"": 0.05}",10,15,500,2,/home/mathis/Documents/Travail/cbnsl_benchmark/experiments/scaling/agrum3/../../../experiments/scaling/agrum3/2026-07-31_06h33_cbn_exp_clayton/graphs/golden__v10_a15_g2.json,/home/mathis/Documents/Travail/cbnsl_benchmark/experiments/scaling/agrum3/../../../experiments/scaling/agrum3/2026-07-31_06h33_cbn_exp_clayton/graphs/CMIIC__v10_a15_g2_s500.json,,0.44895375100168167,15.0,2.0,0.0,0.9285714285714286,0.0,0.8666666666666667
cbn_exp_clayton,CPC,"{""alpha"": 0.05, ""max_conditioning_set_size"": 3}",10,15,1000,2,/home/mathis/Documents/Travail/cbnsl_benchmark/experiments/scaling/agrum3/../../../experiments/scaling/agrum3/2026-07-31_06h33_cbn_exp_clayton/graphs/golden__v10_a15_g2.json,/home/mathis/Documents/Travail/cbnsl_benchmark/experiments/scaling/agrum3/../../../experiments/scaling/agrum3/2026-07-31_06h33_cbn_exp_clayton/graphs/CPC__v10_a15_g2_s1000.json,,1.0186636399994313,12.0,5.0,0.33333333333333326,0.8,0.375,0.6666666666666666
cbn_exp_clayton,CMIIC,"{""alpha"": 0.05}",10,15,1000,2,/home/mathis/Documents/Travail/cbnsl_benchmark/experiments/scaling/agrum3/../../../experiments/scaling/agrum3/2026-07-31_06h33_cbn_exp_clayton/graphs/golden__v10_a15_g2.json,/home/mathis/Documents/Travail/cbnsl_benchmark/experiments/scaling/agrum3/../../../experiments/scaling/agrum3/2026-07-31_06h33_cbn_exp_clayton/graphs/CMIIC__v10_a15_g2_s1000.json,,1.50237388199821,15.0,3.0,0.0,0.888888888888889,0.0,0.8
cbn_exp_clayton,CPC,"{""alpha"": 0.05, ""max_conditioning_set_size"": 3}",10,15,3000,2,/home/mathis/Documents/Travail/cbnsl_benchmark/experiments/scaling/agrum3/../../../experiments/scaling/agrum3/2026-07-31_06h33_cbn_exp_clayton/graphs/golden__v10_a15_g2.json,/home/mathis/Documents/Travail/cbnsl_benchmark/experiments/scaling/agrum3/../../../experiments/scaling/agrum3/2026-07-31_06h33_cbn_exp_clayton/graphs/CPC__v10_a15_g2_s3000.json,,15.438888681001117,13.0,4.0,0.23529411764705885,0.846153846153846,0.3333333333333333,0.7333333333333333
cbn_exp_clayton,CMIIC,"{""alpha"": 0.05}",10,15,3000,2,/home/mathis/Documents/Travail/cbnsl_benchmark/experiments/scaling/agrum3/../../../experiments/scaling/agrum3/2026-07-31_06h33_cbn_exp_clayton/graphs/golden__v10_a15_g2.json,/home/mathis/Documents/Travail/cbnsl_benchmark/experiments/scaling/agrum3/../../../experiments/scaling/agrum3/2026-07-31_06h33_cbn_exp_clayton/graphs/CMIIC__v10_a15_g2_s3000.json,,11.825156331000471,15.0,2.0,0.0,0.9285714285714286,0.0,0.8666666666666667
cbn_exp_clayton,CPC,"{""alpha"": 0.05, ""max_conditioning_set_size"": 3}",10,15,5000,2,/home/mathis/Documents/Travail/cbnsl_benchmark/experiments/scaling/agrum3/../../../experiments/scaling/agrum3/2026-07-31_06h33_cbn_exp_clayton/graphs/golden__v10_a15_g2.json,/home/mathis/Documents/Travail/cbnsl_benchmark/experiments/scaling/agrum3/../../../experiments/scaling/agrum3/2026-07-31_06h33_cbn_exp_clayton/graphs/CPC__v10_a15_g2_s5000.json,,54.43652157099859,11.0,3.0,0.4210526315789474,0.888888888888889,0.5714285714285714,0.8
cbn_exp_clayton,CMIIC,"{""alpha"": 0.05}",10,15,5000,2,/home/mathis/Documents/Travail/cbnsl_benchmark/experiments/scaling/agrum3/../../../experiments/scaling/agrum3/2026-07-31_06h33_cbn_exp_clayton/graphs/golden__v10_a15_g2.json,/home/mathis/Documents/Travail/cbnsl_benchmark/experiments/scaling/agrum3/../../../experiments/scaling/agrum3/2026-07-31_06h33_cbn_exp_clayton/graphs/CMIIC__v10_a15_g2_s5000.json,,28.997661804998643,15.0,2.0,0.0,0.9285714285714286,0.0,0.8666666666666667
cbn_exp_clayton,CPC,"{""alpha"": 0.05, ""max_conditioning_set_size"": 3}",10,15,200,3,/home/mathis/Documents/Travail/cbnsl_benchmark/experiments/scaling/agrum3/../../../experiments/scaling/agrum3/2026-07-31_06h33_cbn_exp_clayton/graphs/golden__v10_a15_g3.json,/home/mathis/Documents/Travail/cbnsl_benchmark/experiments/scaling/agrum3/../../../experiments/scaling/agrum3/2026-07-31_06h33_cbn_exp_clayton/graphs/CPC__v10_a15_g3_s200.json,,0.031601208000211045,15.0,15.0,0.0,0.0,0.0,0.0
cbn_exp_clayton,CMIIC,"{""alpha"": 0.05}",10,15,200,3,/home/mathis/Documents/Travail/cbnsl_benchmark/experiments/scaling/agrum3/../../../experiments/scaling/agrum3/2026-07-31_06h33_cbn_exp_clayton/graphs/golden__v10_a15_g3.json,/home/mathis/Documents/Travail/cbnsl_benchmark/experiments/scaling/agrum3/../../../experiments/scaling/agrum3/2026-07-31_06h33_cbn_exp_clayton/graphs/CMIIC__v10_a15_g3_s200.json,,0.1039136489998782,13.0,4.0,0.3809523809523809,0.8666666666666667,0.6666666666666666,0.8666666666666667
cbn_exp_clayton,CPC,"{""alpha"": 0.05, ""max_conditioning_set_size"": 3}",10,15,500,3,/home/mathis/Documents/Travail/cbnsl_benchmark/experiments/scaling/agrum3/../../../experiments/scaling/agrum3/2026-07-31_06h33_cbn_exp_clayton/graphs/golden__v10_a15_g3.json,/home/mathis/Documents/Travail/cbnsl_benchmark/experiments/scaling/agrum3/../../../experiments/scaling/agrum3/2026-07-31_06h33_cbn_exp_clayton/graphs/CPC__v10_a15_g3_s500.json,,0.1838031380029861,15.0,15.0,0.0,0.0,0.0,0.0
cbn_exp_clayton,CMIIC,"{""alpha"": 0.05}",10,15,500,3,/home/mathis/Documents/Travail/cbnsl_benchmark/experiments/scaling/agrum3/../../../experiments/scaling/agrum3/2026-07-31_06h33_cbn_exp_clayton/graphs/golden__v10_a15_g3.json,/home/mathis/Documents/Travail/cbnsl_benchmark/experiments/scaling/agrum3/../../../experiments/scaling/agrum3/2026-07-31_06h33_cbn_exp_clayton/graphs/CMIIC__v10_a15_g3_s500.json,,0.5168169589996978,11.0,2.0,0.42105263157894735,0.9285714285714286,0.6666666666666666,0.8666666666666667
cbn_exp_clayton,CPC,"{""alpha"": 0.05, ""max_conditioning_set_size"": 3}",10,15,1000,3,/home/mathis/Documents/Travail/cbnsl_benchmark/experiments/scaling/agrum3/../../../experiments/scaling/agrum3/2026-07-31_06h33_cbn_exp_clayton/graphs/golden__v10_a15_g3.json,/home/mathis/Documents/Travail/cbnsl_benchmark/experiments/scaling/agrum3/../../../experiments/scaling/agrum3/2026-07-31_06h33_cbn_exp_clayton/graphs/CPC__v10_a15_g3_s1000.json,,1.3488155080012803,11.0,1.0,0.4210526315789473,0.9655172413793104,0.8,0.9333333333333333
cbn_exp_clayton,CMIIC,"{""alpha"": 0.05}",10,15,1000,3,/home/mathis/Documents/Travail/cbnsl_benchmark/experiments/scaling/agrum3/../../../experiments/scaling/agrum3/2026-07-31_06h33_cbn_exp_clayton/graphs/golden__v10_a15_g3.json,/home/mathis/Documents/Travail/cbnsl_benchmark/experiments/scaling/agrum3/../../../experiments/scaling/agrum3/2026-07-31_06h33_cbn_exp_clayton/graphs/CMIIC__v10_a15_g3_s1000.json,,1.8850032610025664,11.0,1.0,0.4210526315789473,0.9655172413793104,0.8,0.9333333333333333
cbn_exp_clayton,CPC,"{""alpha"": 0.05, ""max_conditioning_set_size"": 3}",10,15,3000,3,/home/mathis/Documents/Travail/cbnsl_benchmark/experiments/scaling/agrum3/../../../experiments/scaling/agrum3/2026-07-31_06h33_cbn_exp_clayton/graphs/golden__v10_a15_g3.json,/home/mathis/Documents/Travail/cbnsl_benchmark/experiments/scaling/agrum3/../../../experiments/scaling/agrum3/2026-07-31_06h33_cbn_exp_clayton/graphs/CPC__v10_a15_g3_s3000.json,,15.019973926999228,13.0,6.0,0.23529411764705882,0.7499999999999999,0.25,0.6
cbn_exp_clayton,CMIIC,"{""alpha"": 0.05}",10,15,3000,3,/home/mathis/Documents/Travail/cbnsl_benchmark/experiments/scaling/agrum3/../../../experiments/scaling/agrum3/2026-07-31_06h33_cbn_exp_clayton/graphs/golden__v10_a15_g3.json,/home/mathis/Documents/Travail/cbnsl_benchmark/experiments/scaling/agrum3/../../../experiments/scaling/agrum3/2026-07-31_06h33_cbn_exp_clayton/graphs/CMIIC__v10_a15_g3_s3000.json,,14.1278128979975,11.0,1.0,0.4210526315789473,0.9655172413793104,0.8,0.9333333333333333
cbn_exp_clayton,CPC,"{""alpha"": 0.05, ""max_conditioning_set_size"": 3}",10,15,5000,3,/home/mathis/Documents/Travail/cbnsl_benchmark/experiments/scaling/agrum3/../../../experiments/scaling/agrum3/2026-07-31_06h33_cbn_exp_clayton/graphs/golden__v10_a15_g3.json,/home/mathis/Documents/Travail/cbnsl_benchmark/experiments/scaling/agrum3/../../../experiments/scaling/agrum3/2026-07-31_06h33_cbn_exp_clayton/graphs/CPC__v10_a15_g3_s5000.json,,48.9520413700011,13.0,2.0,0.23529411764705882,0.9285714285714286,0.5,0.8666666666666667
cbn_exp_clayton,CMIIC,"{""alpha"": 0.05}",10,15,5000,3,/home/mathis/Documents/Travail/cbnsl_benchmark/experiments/scaling/agrum3/../../../experiments/scaling/agrum3/2026-07-31_06h33_cbn_exp_clayton/graphs/golden__v10_a15_g3.json,/home/mathis/Documents/Travail/cbnsl_benchmark/experiments/scaling/agrum3/../../../experiments/scaling/agrum3/2026-07-31_06h33_cbn_exp_clayton/graphs/CMIIC__v10_a15_g3_s5000.json,,39.2744537749968,11.0,1.0,0.4210526315789473,0.9655172413793104,0.8,0.9333333333333333
cbn_exp_clayton,CPC,"{""alpha"": 0.05, ""max_conditioning_set_size"": 3}",10,15,200,4,/home/mathis/Documents/Travail/cbnsl_benchmark/experiments/scaling/agrum3/../../../experiments/scaling/agrum3/2026-07-31_06h33_cbn_exp_clayton/graphs/golden__v10_a15_g4.json,/home/mathis/Documents/Travail/cbnsl_benchmark/experiments/scaling/agrum3/../../../experiments/scaling/agrum3/2026-07-31_06h33_cbn_exp_clayton/graphs/CPC__v10_a15_g4_s200.json,,0.022260824000113644,14.0,12.0,0.125,0.33333333333333337,0.07692307692307693,0.2
cbn_exp_clayton,CMIIC,"{""alpha"": 0.05}",10,15,200,4,/home/mathis/Documents/Travail/cbnsl_benchmark/experiments/scaling/agrum3/../../../experiments/scaling/agrum3/2026-07-31_06h33_cbn_exp_clayton/graphs/golden__v10_a15_g4.json,/home/mathis/Documents/Travail/cbnsl_benchmark/experiments/scaling/agrum3/../../../experiments/scaling/agrum3/2026-07-31_06h33_cbn_exp_clayton/graphs/CMIIC__v10_a15_g4_s200.json,,0.09335835700039752,14.0,3.0,0.22222222222222224,0.896551724137931,0.5,0.8666666666666667
cbn_exp_clayton,CPC,"{""alpha"": 0.05, ""max_conditioning_set_size"": 3}",10,15,500,4,/home/mathis/Documents/Travail/cbnsl_benchmark/experiments/scaling/agrum3/../../../experiments/scaling/agrum3/2026-07-31_06h33_cbn_exp_clayton/graphs/golden__v10_a15_g4.json,/home/mathis/Documents/Travail/cbnsl_benchmark/experiments/scaling/agrum3/../../../experiments/scaling/agrum3/2026-07-31_06h33_cbn_exp_clayton/graphs/CPC__v10_a15_g4_s500.json,,0.13806332999956794,13.0,12.0,0.23529411764705882,0.33333333333333337,0.14285714285714285,0.2
cbn_exp_clayton,CMIIC,"{""alpha"": 0.05}",10,15,500,4,/home/mathis/Documents/Travail/cbnsl_benchmark/experiments/scaling/agrum3/../../../experiments/scaling/agrum3/2026-07-31_06h33_cbn_exp_clayton/graphs/golden__v10_a15_g4.json,/home/mathis/Documents/Travail/cbnsl_benchmark/experiments/scaling/agrum3/../../../experiments/scaling/agrum3/2026-07-31_06h33_cbn_exp_clayton/graphs/CMIIC__v10_a15_g4_s500.json,,0.42471642999953474,14.0,5.0,0.2222222222222222,0.8148148148148148,0.3333333333333333,0.7333333333333333
cbn_exp_clayton,CPC,"{""alpha"": 0.05, ""max_conditioning_set_size"": 3}",10,15,1000,4,/home/mathis/Documents/Travail/cbnsl_benchmark/experiments/scaling/agrum3/../../../experiments/scaling/agrum3/2026-07-31_06h33_cbn_exp_clayton/graphs/golden__v10_a15_g4.json,/home/mathis/Documents/Travail/cbnsl_benchmark/experiments/scaling/agrum3/../../../experiments/scaling/agrum3/2026-07-31_06h33_cbn_exp_clayton/graphs/CPC__v10_a15_g4_s1000.json,,0.8457726929991622,12.0,7.0,0.4000000000000001,0.7200000000000001,0.4,0.6
cbn_exp_clayton,CMIIC,"{""alpha"": 0.05}",10,15,1000,4,/home/mathis/Documents/Travail/cbnsl_benchmark/experiments/scaling/agrum3/../../../experiments/scaling/agrum3/2026-07-31_06h33_cbn_exp_clayton/graphs/golden__v10_a15_g4.json,/home/mathis/Documents/Travail/cbnsl_benchmark/experiments/scaling/agrum3/../../../experiments/scaling/agrum3/2026-07-31_06h33_cbn_exp_clayton/graphs/CMIIC__v10_a15_g4_s1000.json,,1.3258816899979138,14.0,4.0,0.2222222222222222,0.8571428571428571,0.4,0.8
cbn_exp_clayton,CPC,"{""alpha"": 0.05, ""max_conditioning_set_size"": 3}",10,15,3000,4,/home/mathis/Documents/Travail/cbnsl_benchmark/experiments/scaling/agrum3/../../../experiments/scaling/agrum3/2026-07-31_06h33_cbn_exp_clayton/graphs/golden__v10_a15_g4.json,/home/mathis/Documents/Travail/cbnsl_benchmark/experiments/scaling/agrum3/../../../experiments/scaling/agrum3/2026-07-31_06h33_cbn_exp_clayton/graphs/CPC__v10_a15_g4_s3000.json,,9.34325967499899,10.0,5.0,0.5,0.8,0.5,0.6666666666666666
cbn_exp_clayton,CMIIC,"{""alpha"": 0.05}",10,15,3000,4,/home/mathis/Documents/Travail/cbnsl_benchmark/experiments/scaling/agrum3/../../../experiments/scaling/agrum3/2026-07-31_06h33_cbn_exp_clayton/graphs/golden__v10_a15_g4.json,/home/mathis/Documents/Travail/cbnsl_benchmark/experiments/scaling/agrum3/../../../experiments/scaling/agrum3/2026-07-31_06h33_cbn_exp_clayton/graphs/CMIIC__v10_a15_g4_s3000.json,,10.385121179002454,14.0,5.0,0.2222222222222222,0.8148148148148148,0.3333333333333333,0.7333333333333333
cbn_exp_clayton,CPC,"{""alpha"": 0.05, ""max_conditioning_set_size"": 3}",10,15,5000,4,/home/mathis/Documents/Travail/cbnsl_benchmark/experiments/scaling/agrum3/../../../experiments/scaling/agrum3/2026-07-31_06h33_cbn_exp_clayton/graphs/golden__v10_a15_g4.json,/home/mathis/Documents/Travail/cbnsl_benchmark/experiments/scaling/agrum3/../../../experiments/scaling/agrum3/2026-07-31_06h33_cbn_exp_clayton/graphs/CPC__v10_a15_g4_s5000.json,,24.892451710999012,6.0,2.0,0.7500000000000001,0.9285714285714286,0.8181818181818182,0.8666666666666667
cbn_exp_clayton,CMIIC,"{""alpha"": 0.05}",10,15,5000,4,/home/mathis/Documents/Travail/cbnsl_benchmark/experiments/scaling/agrum3/../../../experiments/scaling/agrum3/2026-07-31_06h33_cbn_exp_clayton/graphs/golden__v10_a15_g4.json,/home/mathis/Documents/Travail/cbnsl_benchmark/experiments/scaling/agrum3/../../../experiments/scaling/agrum3/2026-07-31_06h33_cbn_exp_clayton/graphs/CMIIC__v10_a15_g4_s5000.json,,30.30859767400034,14.0,5.0,0.2222222222222222,0.8148148148148148,0.3333333333333333,0.7333333333333333
cbn_exp_clayton,CPC,"{""alpha"": 0.05, ""max_conditioning_set_size"": 3}",10,15,200,5,/home/mathis/Documents/Travail/cbnsl_benchmark/experiments/scaling/agrum3/../../../experiments/scaling/agrum3/2026-07-31_06h33_cbn_exp_clayton/graphs/golden__v10_a15_g5.json,/home/mathis/Documents/Travail/cbnsl_benchmark/experiments/scaling/agrum3/../../../experiments/scaling/agrum3/2026-07-31_06h33_cbn_exp_clayton/graphs/CPC__v10_a15_g5_s200.json,,0.02667425199979334,12.0,11.0,0.14285714285714285,0.2666666666666667,0.08333333333333333,0.15384615384615385
cbn_exp_clayton,CMIIC,"{""alpha"": 0.05}",10,15,200,5,/home/mathis/Documents/Travail/cbnsl_benchmark/experiments/scaling/agrum3/../../../experiments/scaling/agrum3/2026-07-31_06h33_cbn_exp_clayton/graphs/golden__v10_a15_g5.json,/home/mathis/Documents/Travail/cbnsl_benchmark/experiments/scaling/agrum3/../../../experiments/scaling/agrum3/2026-07-31_06h33_cbn_exp_clayton/graphs/CMIIC__v10_a15_g5_s200.json,,0.0843884749992867,8.0,2.0,0.5555555555555556,0.9166666666666666,0.7142857142857143,0.8461538461538461
cbn_exp_clayton,CPC,"{""alpha"": 0.05, ""max_conditioning_set_size"": 3}",10,15,500,5,/home/mathis/Documents/Travail/cbnsl_benchmark/experiments/scaling/agrum3/../../../experiments/scaling/agrum3/2026-07-31_06h33_cbn_exp_clayton/graphs/golden__v10_a15_g5.json,/home/mathis/Documents/Travail/cbnsl_benchmark/experiments/scaling/agrum3/../../../experiments/scaling/agrum3/2026-07-31_06h33_cbn_exp_clayton/graphs/CPC__v10_a15_g5_s500.json,,0.19649048700011917,13.0,10.0,0.0,0.375,0.0,0.23076923076923078
cbn_exp_clayton,CMIIC,"{""alpha"": 0.05}",10,15,500,5,/home/mathis/Documents/Travail/cbnsl_benchmark/experiments/scaling/agrum3/../../../experiments/scaling/agrum3/2026-07-31_06h33_cbn_exp_clayton/graphs/golden__v10_a15_g5.json,/home/mathis/Documents/Travail/cbnsl_benchmark/experiments/scaling/agrum3/../../../experiments/scaling/agrum3/2026-07-31_06h33_cbn_exp_clayton/graphs/CMIIC__v10_a15_g5_s500.json,,0.2865403130017512,8.0,3.0,0.5555555555555556,0.8695652173913044,0.625,0.7692307692307693
cbn_exp_clayton,CPC,"{""alpha"": 0.05, ""max_conditioning_set_size"": 3}",10,15,1000,5,/home/mathis/Documents/Travail/cbnsl_benchmark/experiments/scaling/agrum3/../../../experiments/scaling/agrum3/2026-07-31_06h33_cbn_exp_clayton/graphs/golden__v10_a15_g5.json,/home/mathis/Documents/Travail/cbnsl_benchmark/experiments/scaling/agrum3/../../../experiments/scaling/agrum3/2026-07-31_06h33_cbn_exp_clayton/graphs/CPC__v10_a15_g5_s1000.json,,0.9425009520018648,12.0,4.0,0.14285714285714285,0.8181818181818181,0.2,0.6923076923076923
cbn_exp_clayton,CMIIC,"{""alpha"": 0.05}",10,15,1000,5,/home/mathis/Documents/Travail/cbnsl_benchmark/experiments/scaling/agrum3/../../../experiments/scaling/agrum3/2026-07-31_06h33_cbn_exp_clayton/graphs/golden__v10_a15_g5.json,/home/mathis/Documents/Travail/cbnsl_benchmark/experiments/scaling/agrum3/../../../experiments/scaling/agrum3/2026-07-31_06h33_cbn_exp_clayton/graphs/CMIIC__v10_a15_g5_s1000.json,,1.1855104780006513,8.0,2.0,0.5555555555555556,0.9166666666666666,0.7142857142857143,0.8461538461538461
cbn_exp_clayton,CPC,"{""alpha"": 0.05, ""max_conditioning_set_size"": 3}",10,15,3000,5,/home/mathis/Documents/Travail/cbnsl_benchmark/experiments/scaling/agrum3/../../../experiments/scaling/agrum3/2026-07-31_06h33_cbn_exp_clayton/graphs/golden__v10_a15_g5.json,/home/mathis/Documents/Travail/cbnsl_benchmark/experiments/scaling/agrum3/../../../experiments/scaling/agrum3/2026-07-31_06h33_cbn_exp_clayton/graphs/CPC__v10_a15_g5_s3000.json,,12.149313994003023,8.0,5.0,0.6,0.7826086956521738,0.6,0.6923076923076923
cbn_exp_clayton,CMIIC,"{""alpha"": 0.05}",10,15,3000,5,/home/mathis/Documents/Travail/cbnsl_benchmark/experiments/scaling/agrum3/../../../experiments/scaling/agrum3/2026-07-31_06h33_cbn_exp_clayton/graphs/golden__v10_a15_g5.json,/home/mathis/Documents/Travail/cbnsl_benchmark/experiments/scaling/agrum3/../../../experiments/scaling/agrum3/2026-07-31_06h33_cbn_exp_clayton/graphs/CMIIC__v10_a15_g5_s3000.json,,8.933018572999572,8.0,2.0,0.5555555555555556,0.9166666666666666,0.7142857142857143,0.8461538461538461
cbn_exp_clayton,CPC,"{""alpha"": 0.05, ""max_conditioning_set_size"": 3}",10,15,5000,5,/home/mathis/Documents/Travail/cbnsl_benchmark/experiments/scaling/agrum3/../../../experiments/scaling/agrum3/2026-07-31_06h33_cbn_exp_clayton/graphs/golden__v10_a15_g5.json,/home/mathis/Documents/Travail/cbnsl_benchmark/experiments/scaling/agrum3/../../../experiments/scaling/agrum3/2026-07-31_06h33_cbn_exp_clayton/graphs/CPC__v10_a15_g5_s5000.json,,32.87867128600192,3.0,0.0,0.8695652173913044,1.0,1.0,1.0
cbn_exp_clayton,CMIIC,"{""alpha"": 0.05}",10,15,5000,5,/home/mathis/Documents/Travail/cbnsl_benchmark/experiments/scaling/agrum3/../../../experiments/scaling/agrum3/2026-07-31_06h33_cbn_exp_clayton/graphs/golden__v10_a15_g5.json,/home/mathis/Documents/Travail/cbnsl_benchmark/experiments/scaling/agrum3/../../../experiments/scaling/agrum3/2026-07-31_06h33_cbn_exp_clayton/graphs/CMIIC__v10_a15_g5_s5000.json,,23.84062415399967,8.0,2.0,0.5555555555555556,0.9166666666666666,0.7142857142857143,0.8461538461538461
cbn_exp_clayton,CPC,"{""alpha"": 0.05, ""max_conditioning_set_size"": 3}",10,15,200,6,/home/mathis/Documents/Travail/cbnsl_benchmark/experiments/scaling/agrum3/../../../experiments/scaling/agrum3/2026-07-31_06h33_cbn_exp_clayton/graphs/golden__v10_a15_g6.json,/home/mathis/Documents/Travail/cbnsl_benchmark/experiments/scaling/agrum3/../../../experiments/scaling/agrum3/2026-07-31_06h33_cbn_exp_clayton/graphs/CPC__v10_a15_g6_s200.json,,0.02339207800105214,15.0,13.0,0.0,0.23529411764705882,0.0,0.13333333333333333
cbn_exp_clayton,CMIIC,"{""alpha"": 0.05}",10,15,200,6,/home/mathis/Documents/Travail/cbnsl_benchmark/experiments/scaling/agrum3/../../../experiments/scaling/agrum3/2026-07-31_06h33_cbn_exp_clayton/graphs/golden__v10_a15_g6.json,/home/mathis/Documents/Travail/cbnsl_benchmark/experiments/scaling/agrum3/../../../experiments/scaling/agrum3/2026-07-31_06h33_cbn_exp_clayton/graphs/CMIIC__v10_a15_g6_s200.json,,0.09761735299980501,10.0,3.0,0.5,0.888888888888889,0.625,0.8
cbn_exp_clayton,CPC,"{""alpha"": 0.05, ""max_conditioning_set_size"": 3}",10,15,500,6,/home/mathis/Documents/Travail/cbnsl_benchmark/experiments/scaling/agrum3/../../../experiments/scaling/agrum3/2026-07-31_06h33_cbn_exp_clayton/graphs/golden__v10_a15_g6.json,/home/mathis/Documents/Travail/cbnsl_benchmark/experiments/scaling/agrum3/../../../experiments/scaling/agrum3/2026-07-31_06h33_cbn_exp_clayton/graphs/CPC__v10_a15_g6_s500.json,,0.21125120600117953,14.0,12.0,0.125,0.33333333333333337,0.07692307692307693,0.2
cbn_exp_clayton,CMIIC,"{""alpha"": 0.05}",10,15,500,6,/home/mathis/Documents/Travail/cbnsl_benchmark/experiments/scaling/agrum3/../../../experiments/scaling/agrum3/2026-07-31_06h33_cbn_exp_clayton/graphs/golden__v10_a15_g6.json,/home/mathis/Documents/Travail/cbnsl_benchmark/experiments/scaling/agrum3/../../../experiments/scaling/agrum3/2026-07-31_06h33_cbn_exp_clayton/graphs/CMIIC__v10_a15_g6_s500.json,,0.35473297399948933,10.0,5.0,0.5,0.8,0.5,0.6666666666666666
cbn_exp_clayton,CPC,"{""alpha"": 0.05, ""max_conditioning_set_size"": 3}",10,15,1000,6,/home/mathis/Documents/Travail/cbnsl_benchmark/experiments/scaling/agrum3/../../../experiments/scaling/agrum3/2026-07-31_06h33_cbn_exp_clayton/graphs/golden__v10_a15_g6.json,/home/mathis/Documents/Travail/cbnsl_benchmark/experiments/scaling/agrum3/../../../experiments/scaling/agrum3/2026-07-31_06h33_cbn_exp_clayton/graphs/CPC__v10_a15_g6_s1000.json,,0.8402310869969369,13.0,6.0,0.23529411764705882,0.7499999999999999,0.25,0.6
cbn_exp_clayton,CMIIC,"{""alpha"": 0.05}",10,15,1000,6,/home/mathis/Documents/Travail/cbnsl_benchmark/experiments/scaling/agrum3/../../../experiments/scaling/agrum3/2026-07-31_06h33_cbn_exp_clayton/graphs/golden__v10_a15_g6.json,/home/mathis/Documents/Travail/cbnsl_benchmark/experiments/scaling/agrum3/../../../experiments/scaling/agrum3/2026-07-31_06h33_cbn_exp_clayton/graphs/CMIIC__v10_a15_g6_s1000.json,,1.2834833119995892,10.0,4.0,0.5,0.846153846153846,0.5555555555555556,0.7333333333333333
cbn_exp_clayton,CPC,"{""alpha"": 0.05, ""max_conditioning_set_size"": 3}",10,15,3000,6,/home/mathis/Documents/Travail/cbnsl_benchmark/experiments/scaling/agrum3/../../../experiments/scaling/agrum3/2026-07-31_06h33_cbn_exp_clayton/graphs/golden__v10_a15_g6.json,/home/mathis/Documents/Travail/cbnsl_benchmark/experiments/scaling/agrum3/../../../experiments/scaling/agrum3/2026-07-31_06h33_cbn_exp_clayton/graphs/CPC__v10_a15_g6_s3000.json,,8.689200665001408,8.0,3.0,0.6363636363636365,0.888888888888889,0.7,0.8
cbn_exp_clayton,CMIIC,"{""alpha"": 0.05}",10,15,3000,6,/home/mathis/Documents/Travail/cbnsl_benchmark/experiments/scaling/agrum3/../../../experiments/scaling/agrum3/2026-07-31_06h33_cbn_exp_clayton/graphs/golden__v10_a15_g6.json,/home/mathis/Documents/Travail/cbnsl_benchmark/experiments/scaling/agrum3/../../../experiments/scaling/agrum3/2026-07-31_06h33_cbn_exp_clayton/graphs/CMIIC__v10_a15_g6_s3000.json,,8.370795786999224,10.0,5.0,0.5,0.8,0.5,0.6666666666666666
cbn_exp_clayton,CPC,"{""alpha"": 0.05, ""max_conditioning_set_size"": 3}",10,15,5000,6,/home/mathis/Documents/Travail/cbnsl_benchmark/experiments/scaling/agrum3/../../../experiments/scaling/agrum3/2026-07-31_06h33_cbn_exp_clayton/graphs/golden__v10_a15_g6.json,/home/mathis/Documents/Travail/cbnsl_benchmark/experiments/scaling/agrum3/../../../experiments/scaling/agrum3/2026-07-31_06h33_cbn_exp_clayton/graphs/CPC__v10_a15_g6_s5000.json,,24.852579471000354,10.0,3.0,0.5,0.888888888888889,0.625,0.8
cbn_exp_clayton,CMIIC,"{""alpha"": 0.05}",10,15,5000,6,/home/mathis/Documents/Travail/cbnsl_benchmark/experiments/scaling/agrum3/../../../experiments/scaling/agrum3/2026-07-31_06h33_cbn_exp_clayton/graphs/golden__v10_a15_g6.json,/home/mathis/Documents/Travail/cbnsl_benchmark/experiments/scaling/agrum3/../../../experiments/scaling/agrum3/2026-07-31_06h33_cbn_exp_clayton/graphs/CMIIC__v10_a15_g6_s5000.json,,25.037776814999233,10.0,4.0,0.5,0.846153846153846,0.5555555555555556,0.7333333333333333
cbn_exp_clayton,CPC,"{""alpha"": 0.05, ""max_conditioning_set_size"": 3}",10,15,200,7,/home/mathis/Documents/Travail/cbnsl_benchmark/experiments/scaling/agrum3/../../../experiments/scaling/agrum3/2026-07-31_06h33_cbn_exp_clayton/graphs/golden__v10_a15_g7.json,/home/mathis/Documents/Travail/cbnsl_benchmark/experiments/scaling/agrum3/../../../experiments/scaling/agrum3/2026-07-31_06h33_cbn_exp_clayton/graphs/CPC__v10_a15_g7_s200.json,,0.021674626997992164,14.0,11.0,0.125,0.4210526315789474,0.08333333333333333,0.26666666666666666
cbn_exp_clayton,CMIIC,"{""alpha"": 0.05}",10,15,200,7,/home/mathis/Documents/Travail/cbnsl_benchmark/experiments/scaling/agrum3/../../../experiments/scaling/agrum3/2026-07-31_06h33_cbn_exp_clayton/graphs/golden__v10_a15_g7.json,/home/mathis/Documents/Travail/cbnsl_benchmark/experiments/scaling/agrum3/../../../experiments/scaling/agrum3/2026-07-31_06h33_cbn_exp_clayton/graphs/CMIIC__v10_a15_g7_s200.json,,0.06753098600165686,15.0,7.0,0.11764705882352941,0.7200000000000001,0.14285714285714285,0.6
cbn_exp_clayton,CPC,"{""alpha"": 0.05, ""max_conditioning_set_size"": 3}",10,15,500,7,/home/mathis/Documents/Travail/cbnsl_benchmark/experiments/scaling/agrum3/../../../experiments/scaling/agrum3/2026-07-31_06h33_cbn_exp_clayton/graphs/golden__v10_a15_g7.json,/home/mathis/Documents/Travail/cbnsl_benchmark/experiments/scaling/agrum3/../../../experiments/scaling/agrum3/2026-07-31_06h33_cbn_exp_clayton/graphs/CPC__v10_a15_g7_s500.json,,0.1486266229985631,14.0,12.0,0.125,0.33333333333333337,0.07692307692307693,0.2
cbn_exp_clayton,CMIIC,"{""alpha"": 0.05}",10,15,500,7,/home/mathis/Documents/Travail/cbnsl_benchmark/experiments/scaling/agrum3/../../../experiments/scaling/agrum3/2026-07-31_06h33_cbn_exp_clayton/graphs/golden__v10_a15_g7.json,/home/mathis/Documents/Travail/cbnsl_benchmark/experiments/scaling/agrum3/../../../experiments/scaling/agrum3/2026-07-31_06h33_cbn_exp_clayton/graphs/CMIIC__v10_a15_g7_s500.json,,0.3120830740008387,15.0,6.0,0.11764705882352942,0.7692307692307692,0.16666666666666666,0.6666666666666666
cbn_exp_clayton,CPC,"{""alpha"": 0.05, ""max_conditioning_set_size"": 3}",10,15,1000,7,/home/mathis/Documents/Travail/cbnsl_benchmark/experiments/scaling/agrum3/../../../experiments/scaling/agrum3/2026-07-31_06h33_cbn_exp_clayton/graphs/golden__v10_a15_g7.json,/home/mathis/Documents/Travail/cbnsl_benchmark/experiments/scaling/agrum3/../../../experiments/scaling/agrum3/2026-07-31_06h33_cbn_exp_clayton/graphs/CPC__v10_a15_g7_s1000.json,,0.8927067979966523,15.0,10.0,0.11764705882352941,0.5454545454545455,0.1,0.4
cbn_exp_clayton,CMIIC,"{""alpha"": 0.05}",10,15,1000,7,/home/mathis/Documents/Travail/cbnsl_benchmark/experiments/scaling/agrum3/../../../experiments/scaling/agrum3/2026-07-31_06h33_cbn_exp_clayton/graphs/golden__v10_a15_g7.json,/home/mathis/Documents/Travail/cbnsl_benchmark/experiments/scaling/agrum3/../../../experiments/scaling/agrum3/2026-07-31_06h33_cbn_exp_clayton/graphs/CMIIC__v10_a15_g7_s1000.json,,1.209561562998715,15.0,5.0,0.11764705882352941,0.8148148148148148,0.2,0.7333333333333333
cbn_exp_clayton,CPC,"{""alpha"": 0.05, ""max_conditioning_set_size"": 3}",10,15,3000,7,/home/mathis/Documents/Travail/cbnsl_benchmark/experiments/scaling/agrum3/../../../experiments/scaling/agrum3/2026-07-31_06h33_cbn_exp_clayton/graphs/golden__v10_a15_g7.json,/home/mathis/Documents/Travail/cbnsl_benchmark/experiments/scaling/agrum3/../../../experiments/scaling/agrum3/2026-07-31_06h33_cbn_exp_clayton/graphs/CPC__v10_a15_g7_s3000.json,,10.209598019002442,8.0,3.0,0.6363636363636365,0.888888888888889,0.7,0.8
cbn_exp_clayton,CMIIC,"{""alpha"": 0.05}",10,15,3000,7,/home/mathis/Documents/Travail/cbnsl_benchmark/experiments/scaling/agrum3/../../../experiments/scaling/agrum3/2026-07-31_06h33_cbn_exp_clayton/graphs/golden__v10_a15_g7.json,/home/mathis/Documents/Travail/cbnsl_benchmark/experiments/scaling/agrum3/../../../experiments/scaling/agrum3/2026-07-31_06h33_cbn_exp_clayton/graphs/CMIIC__v10_a15_g7_s3000.json,,9.63786405800056,10.0,4.0,0.5454545454545455,0.8571428571428571,0.6666666666666666,0.8
cbn_exp_clayton,CPC,"{""alpha"": 0.05, ""max_conditioning_set_size"": 3}",10,15,5000,7,/home/mathis/Documents/Travail/cbnsl_benchmark/experiments/scaling/agrum3/../../../experiments/scaling/agrum3/2026-07-31_06h33_cbn_exp_clayton/graphs/golden__v10_a15_g7.json,/home/mathis/Documents/Travail/cbnsl_benchmark/experiments/scaling/agrum3/../../../experiments/scaling/agrum3/2026-07-31_06h33_cbn_exp_clayton/graphs/CPC__v10_a15_g7_s5000.json,,28.50749945300049,6.0,3.0,0.75,0.888888888888889,0.75,0.8
cbn_exp_clayton,CMIIC,"{""alpha"": 0.05}",10,15,5000,7,/home/mathis/Documents/Travail/cbnsl_benchmark/experiments/scaling/agrum3/../../../experiments/scaling/agrum3/2026-07-31_06h33_cbn_exp_clayton/graphs/golden__v10_a15_g7.json,/home/mathis/Documents/Travail/cbnsl_benchmark/experiments/scaling/agrum3/../../../experiments/scaling/agrum3/2026-07-31_06h33_cbn_exp_clayton/graphs/CMIIC__v10_a15_g7_s5000.json,,25.653707154000585,9.0,5.0,0.6086956521739131,0.8148148148148148,0.6363636363636364,0.7333333333333333
cbn_exp_clayton,CPC,"{""alpha"": 0.05, ""max_conditioning_set_size"": 3}",10,15,200,8,/home/mathis/Documents/Travail/cbnsl_benchmark/experiments/scaling/agrum3/../../../experiments/scaling/agrum3/2026-07-31_06h33_cbn_exp_clayton/graphs/golden__v10_a15_g8.json,/home/mathis/Documents/Travail/cbnsl_benchmark/experiments/scaling/agrum3/../../../experiments/scaling/agrum3/2026-07-31_06h33_cbn_exp_clayton/graphs/CPC__v10_a15_g8_s200.json,,0.03235499500078731,14.0,14.0,0.0,0.0,0.0,0.0
cbn_exp_clayton,CMIIC,"{""alpha"": 0.05}",10,15,200,8,/home/mathis/Documents/Travail/cbnsl_benchmark/experiments/scaling/agrum3/../../../experiments/scaling/agrum3/2026-07-31_06h33_cbn_exp_clayton/graphs/golden__v10_a15_g8.json,/home/mathis/Documents/Travail/cbnsl_benchmark/experiments/scaling/agrum3/../../../experiments/scaling/agrum3/2026-07-31_06h33_cbn_exp_clayton/graphs/CMIIC__v10_a15_g8_s200.json,,0.09513363699807087,6.0,2.0,0.7272727272727272,0.923076923076923,0.8,0.8571428571428571
cbn_exp_clayton,CPC,"{""alpha"": 0.05, ""max_conditioning_set_size"": 3}",10,15,500,8,/home/mathis/Documents/Travail/cbnsl_benchmark/experiments/scaling/agrum3/../../../experiments/scaling/agrum3/2026-07-31_06h33_cbn_exp_clayton/graphs/golden__v10_a15_g8.json,/home/mathis/Documents/Travail/cbnsl_benchmark/experiments/scaling/agrum3/../../../experiments/scaling/agrum3/2026-07-31_06h33_cbn_exp_clayton/graphs/CPC__v10_a15_g8_s500.json,,0.21174405100100557,14.0,13.0,0.0,0.13333333333333333,0.0,0.07142857142857142
cbn_exp_clayton,CMIIC,"{""alpha"": 0.05}",10,15,500,8,/home/mathis/Documents/Travail/cbnsl_benchmark/experiments/scaling/agrum3/../../../experiments/scaling/agrum3/2026-07-31_06h33_cbn_exp_clayton/graphs/golden__v10_a15_g8.json,/home/mathis/Documents/Travail/cbnsl_benchmark/experiments/scaling/agrum3/../../../experiments/scaling/agrum3/2026-07-31_06h33_cbn_exp_clayton/graphs/CMIIC__v10_a15_g8_s500.json,,0.414634742999624,6.0,1.0,0.7272727272727274,0.962962962962963,0.8888888888888888,0.9285714285714286
cbn_exp_clayton,CPC,"{""alpha"": 0.05, ""max_conditioning_set_size"": 3}",10,15,1000,8,/home/mathis/Documents/Travail/cbnsl_benchmark/experiments/scaling/agrum3/../../../experiments/scaling/agrum3/2026-07-31_06h33_cbn_exp_clayton/graphs/golden__v10_a15_g8.json,/home/mathis/Documents/Travail/cbnsl_benchmark/experiments/scaling/agrum3/../../../experiments/scaling/agrum3/2026-07-31_06h33_cbn_exp_clayton/graphs/CPC__v10_a15_g8_s1000.json,,1.3260559560003458,13.0,2.0,0.13333333333333333,0.923076923076923,0.3333333333333333,0.8571428571428571
cbn_exp_clayton,CMIIC,"{""alpha"": 0.05}",10,15,1000,8,/home/mathis/Documents/Travail/cbnsl_benchmark/experiments/scaling/agrum3/../../../experiments/scaling/agrum3/2026-07-31_06h33_cbn_exp_clayton/graphs/golden__v10_a15_g8.json,/home/mathis/Documents/Travail/cbnsl_benchmark/experiments/scaling/agrum3/../../../experiments/scaling/agrum3/2026-07-31_06h33_cbn_exp_clayton/graphs/CMIIC__v10_a15_g8_s1000.json,,1.6057597770013672,6.0,1.0,0.7272727272727274,0.962962962962963,0.8888888888888888,0.9285714285714286
cbn_exp_clayton,CPC,"{""alpha"": 0.05, ""max_conditioning_set_size"": 3}",10,15,3000,8,/home/mathis/Documents/Travail/cbnsl_benchmark/experiments/scaling/agrum3/../../../experiments/scaling/agrum3/2026-07-31_06h33_cbn_exp_clayton/graphs/golden__v10_a15_g8.json,/home/mathis/Documents/Travail/cbnsl_benchmark/experiments/scaling/agrum3/../../../experiments/scaling/agrum3/2026-07-31_06h33_cbn_exp_clayton/graphs/CPC__v10_a15_g8_s3000.json,,15.102440974002093,12.0,7.0,0.25,0.6666666666666666,0.2222222222222222,0.5
cbn_exp_clayton,CMIIC,"{""alpha"": 0.05}",10,15,3000,8,/home/mathis/Documents/Travail/cbnsl_benchmark/experiments/scaling/agrum3/../../../experiments/scaling/agrum3/2026-07-31_06h33_cbn_exp_clayton/graphs/golden__v10_a15_g8.json,/home/mathis/Documents/Travail/cbnsl_benchmark/experiments/scaling/agrum3/../../../experiments/scaling/agrum3/2026-07-31_06h33_cbn_exp_clayton/graphs/CMIIC__v10_a15_g8_s3000.json,,10.30972416500299,6.0,2.0,0.7272727272727272,0.923076923076923,0.8,0.8571428571428571
cbn_exp_clayton,CPC,"{""alpha"": 0.05, ""max_conditioning_set_size"": 3}",10,15,5000,8,/home/mathis/Documents/Travail/cbnsl_benchmark/experiments/scaling/agrum3/../../../experiments/scaling/agrum3/2026-07-31_06h33_cbn_exp_clayton/graphs/golden__v10_a15_g8.json,/home/mathis/Documents/Travail/cbnsl_benchmark/experiments/scaling/agrum3/../../../experiments/scaling/agrum3/2026-07-31_06h33_cbn_exp_clayton/graphs/CPC__v10_a15_g8_s5000.json,,43.24962680200042,11.0,2.0,0.35294117647058826,0.923076923076923,0.6,0.8571428571428571
cbn_exp_clayton,CMIIC,"{""alpha"": 0.05}",10,15,5000,8,/home/mathis/Documents/Travail/cbnsl_benchmark/experiments/scaling/agrum3/../../../experiments/scaling/agrum3/2026-07-31_06h33_cbn_exp_clayton/graphs/golden__v10_a15_g8.json,/home/mathis/Documents/Travail/cbnsl_benchmark/experiments/scaling/agrum3/../../../experiments/scaling/agrum3/2026-07-31_06h33_cbn_exp_clayton/graphs/CMIIC__v10_a15_g8_s5000.json,,27.052959213000577,6.0,2.0,0.7272727272727272,0.923076923076923,0.8,0.8571428571428571
cbn_exp_clayton,CPC,"{""alpha"": 0.05, ""max_conditioning_set_size"": 3}",10,15,200,9,/home/mathis/Documents/Travail/cbnsl_benchmark/experiments/scaling/agrum3/../../../experiments/scaling/agrum3/2026-07-31_06h33_cbn_exp_clayton/graphs/golden__v10_a15_g9.json,/home/mathis/Documents/Travail/cbnsl_benchmark/experiments/scaling/agrum3/../../../experiments/scaling/agrum3/2026-07-31_06h33_cbn_exp_clayton/graphs/CPC__v10_a15_g9_s200.json,,0.03125561499837204,13.0,13.0,0.0,0.0,0.0,0.0
cbn_exp_clayton,CMIIC,"{""alpha"": 0.05}",10,15,200,9,/home/mathis/Documents/Travail/cbnsl_benchmark/experiments/scaling/agrum3/../../../experiments/scaling/agrum3/2026-07-31_06h33_cbn_exp_clayton/graphs/golden__v10_a15_g9.json,/home/mathis/Documents/Travail/cbnsl_benchmark/experiments/scaling/agrum3/../../../experiments/scaling/agrum3/2026-07-31_06h33_cbn_exp_clayton/graphs/CMIIC__v10_a15_g9_s200.json,,0.09752696700161323,10.0,0.0,0.375,1.0,1.0,1.0
cbn_exp_clayton,CPC,"{""alpha"": 0.05, ""max_conditioning_set_size"": 3}",10,15,500,9,/home/mathis/Documents/Travail/cbnsl_benchmark/experiments/scaling/agrum3/../../../experiments/scaling/agrum3/2026-07-31_06h33_cbn_exp_clayton/graphs/golden__v10_a15_g9.json,/home/mathis/Documents/Travail/cbnsl_benchmark/experiments/scaling/agrum3/../../../experiments/scaling/agrum3/2026-07-31_06h33_cbn_exp_clayton/graphs/CPC__v10_a15_g9_s500.json,,0.2167357290018117,12.0,12.0,0.14285714285714288,0.14285714285714288,0.07692307692307693,0.07692307692307693
cbn_exp_clayton,CMIIC,"{""alpha"": 0.05}",10,15,500,9,/home/mathis/Documents/Travail/cbnsl_benchmark/experiments/scaling/agrum3/../../../experiments/scaling/agrum3/2026-07-31_06h33_cbn_exp_clayton/graphs/golden__v10_a15_g9.json,/home/mathis/Documents/Travail/cbnsl_benchmark/experiments/scaling/agrum3/../../../experiments/scaling/agrum3/2026-07-31_06h33_cbn_exp_clayton/graphs/CMIIC__v10_a15_g9_s500.json,,0.4343609829993511,10.0,0.0,0.375,1.0,1.0,1.0
cbn_exp_clayton,CPC,"{""alpha"": 0.05, ""max_conditioning_set_size"": 3}",10,15,1000,9,/home/mathis/Documents/Travail/cbnsl_benchmark/experiments/scaling/agrum3/../../../experiments/scaling/agrum3/2026-07-31_06h33_cbn_exp_clayton/graphs/golden__v10_a15_g9.json,/home/mathis/Documents/Travail/cbnsl_benchmark/experiments/scaling/agrum3/../../../experiments/scaling/agrum3/2026-07-31_06h33_cbn_exp_clayton/graphs/CPC__v10_a15_g9_s1000.json,,1.2194001899988507,9.0,1.0,0.47058823529411764,0.9600000000000001,0.8,0.9230769230769231
cbn_exp_clayton,CMIIC,"{""alpha"": 0.05}",10,15,1000,9,/home/mathis/Documents/Travail/cbnsl_benchmark/experiments/scaling/agrum3/../../../experiments/scaling/agrum3/2026-07-31_06h33_cbn_exp_clayton/graphs/golden__v10_a15_g9.json,/home/mathis/Documents/Travail/cbnsl_benchmark/experiments/scaling/agrum3/../../../experiments/scaling/agrum3/2026-07-31_06h33_cbn_exp_clayton/graphs/CMIIC__v10_a15_g9_s1000.json,,1.408641018999333,10.0,0.0,0.375,1.0,1.0,1.0
cbn_exp_clayton,CPC,"{""alpha"": 0.05, ""max_conditioning_set_size"": 3}",10,15,3000,9,/home/mathis/Documents/Travail/cbnsl_benchmark/experiments/scaling/agrum3/../../../experiments/scaling/agrum3/2026-07-31_06h33_cbn_exp_clayton/graphs/golden__v10_a15_g9.json,/home/mathis/Documents/Travail/cbnsl_benchmark/experiments/scaling/agrum3/../../../experiments/scaling/agrum3/2026-07-31_06h33_cbn_exp_clayton/graphs/CPC__v10_a15_g9_s3000.json,,14.41305452099914,3.0,2.0,0.8695652173913043,0.9166666666666666,0.8333333333333334,0.8461538461538461
cbn_exp_clayton,CMIIC,"{""alpha"": 0.05}",10,15,3000,9,/home/mathis/Documents/Travail/cbnsl_benchmark/experiments/scaling/agrum3/../../../experiments/scaling/agrum3/2026-07-31_06h33_cbn_exp_clayton/graphs/golden__v10_a15_g9.json,/home/mathis/Documents/Travail/cbnsl_benchmark/experiments/scaling/agrum3/../../../experiments/scaling/agrum3/2026-07-31_06h33_cbn_exp_clayton/graphs/CMIIC__v10_a15_g9_s3000.json,,10.645646372002375,10.0,0.0,0.375,1.0,1.0,1.0
cbn_exp_clayton,CPC,"{""alpha"": 0.05, ""max_conditioning_set_size"": 3}",10,15,5000,9,/home/mathis/Documents/Travail/cbnsl_benchmark/experiments/scaling/agrum3/../../../experiments/scaling/agrum3/2026-07-31_06h33_cbn_exp_clayton/graphs/golden__v10_a15_g9.json,/home/mathis/Documents/Travail/cbnsl_benchmark/experiments/scaling/agrum3/../../../experiments/scaling/agrum3/2026-07-31_06h33_cbn_exp_clayton/graphs/CPC__v10_a15_g9_s5000.json,,44.39138123099838,4.0,0.0,0.8181818181818181,1.0,1.0,1.0
cbn_exp_clayton,CMIIC,"{""alpha"": 0.05}",10,15,5000,9,/home/mathis/Documents/Travail/cbnsl_benchmark/experiments/scaling/agrum3/../../../experiments/scaling/agrum3/2026-07-31_06h33_cbn_exp_clayton/graphs/golden__v10_a15_g9.json,/home/mathis/Documents/Travail/cbnsl_benchmark/experiments/scaling/agrum3/../../../experiments/scaling/agrum3/2026-07-31_06h33_cbn_exp_clayton/graphs/CMIIC__v10_a15_g9_s5000.json,,28.40581430399834,10.0,0.0,0.375,1.0,1.0,1.0
cbn_exp_clayton,CPC,"{""alpha"": 0.05, ""max_conditioning_set_size"": 3}",10,15,200,10,/home/mathis/Documents/Travail/cbnsl_benchmark/experiments/scaling/agrum3/../../../experiments/scaling/agrum3/2026-07-31_06h33_cbn_exp_clayton/graphs/golden__v10_a15_g10.json,/home/mathis/Documents/Travail/cbnsl_benchmark/experiments/scaling/agrum3/../../../experiments/scaling/agrum3/2026-07-31_06h33_cbn_exp_clayton/graphs/CPC__v10_a15_g10_s200.json,,0.026893833000940504,14.0,13.0,0.0,0.13333333333333333,0.0,0.07142857142857142
cbn_exp_clayton,CMIIC,"{""alpha"": 0.05}",10,15,200,10,/home/mathis/Documents/Travail/cbnsl_benchmark/experiments/scaling/agrum3/../../../experiments/scaling/agrum3/2026-07-31_06h33_cbn_exp_clayton/graphs/golden__v10_a15_g10.json,/home/mathis/Documents/Travail/cbnsl_benchmark/experiments/scaling/agrum3/../../../experiments/scaling/agrum3/2026-07-31_06h33_cbn_exp_clayton/graphs/CMIIC__v10_a15_g10_s200.json,,0.09902065099959145,10.0,3.0,0.4444444444444444,0.88,0.5714285714285714,0.7857142857142857
cbn_exp_clayton,CPC,"{""alpha"": 0.05, ""max_conditioning_set_size"": 3}",10,15,500,10,/home/mathis/Documents/Travail/cbnsl_benchmark/experiments/scaling/agrum3/../../../experiments/scaling/agrum3/2026-07-31_06h33_cbn_exp_clayton/graphs/golden__v10_a15_g10.json,/home/mathis/Documents/Travail/cbnsl_benchmark/experiments/scaling/agrum3/../../../experiments/scaling/agrum3/2026-07-31_06h33_cbn_exp_clayton/graphs/CPC__v10_a15_g10_s500.json,,0.17490050199921825,13.0,12.0,0.13333333333333336,0.25,0.07692307692307693,0.14285714285714285
cbn_exp_clayton,CMIIC,"{""alpha"": 0.05}",10,15,500,10,/home/mathis/Documents/Travail/cbnsl_benchmark/experiments/scaling/agrum3/../../../experiments/scaling/agrum3/2026-07-31_06h33_cbn_exp_clayton/graphs/golden__v10_a15_g10.json,/home/mathis/Documents/Travail/cbnsl_benchmark/experiments/scaling/agrum3/../../../experiments/scaling/agrum3/2026-07-31_06h33_cbn_exp_clayton/graphs/CMIIC__v10_a15_g10_s500.json,,0.4104038759978721,10.0,2.0,0.4444444444444444,0.923076923076923,0.6666666666666666,0.8571428571428571
cbn_exp_clayton,CPC,"{""alpha"": 0.05, ""max_conditioning_set_size"": 3}",10,15,1000,10,/home/mathis/Documents/Travail/cbnsl_benchmark/experiments/scaling/agrum3/../../../experiments/scaling/agrum3/2026-07-31_06h33_cbn_exp_clayton/graphs/golden__v10_a15_g10.json,/home/mathis/Documents/Travail/cbnsl_benchmark/experiments/scaling/agrum3/../../../experiments/scaling/agrum3/2026-07-31_06h33_cbn_exp_clayton/graphs/CPC__v10_a15_g10_s1000.json,,1.023846854997828,9.0,3.0,0.5263157894736842,0.88,0.625,0.7857142857142857
cbn_exp_clayton,CMIIC,"{""alpha"": 0.05}",10,15,1000,10,/home/mathis/Documents/Travail/cbnsl_benchmark/experiments/scaling/agrum3/../../../experiments/scaling/agrum3/2026-07-31_06h33_cbn_exp_clayton/graphs/golden__v10_a15_g10.json,/home/mathis/Documents/Travail/cbnsl_benchmark/experiments/scaling/agrum3/../../../experiments/scaling/agrum3/2026-07-31_06h33_cbn_exp_clayton/graphs/CMIIC__v10_a15_g10_s1000.json,,1.5218483790013124,9.0,1.0,0.5263157894736842,0.962962962962963,0.8333333333333334,0.9285714285714286
cbn_exp_clayton,CPC,"{""alpha"": 0.05, ""max_conditioning_set_size"": 3}",10,15,3000,10,/home/mathis/Documents/Travail/cbnsl_benchmark/experiments/scaling/agrum3/../../../experiments/scaling/agrum3/2026-07-31_06h33_cbn_exp_clayton/graphs/golden__v10_a15_g10.json,/home/mathis/Documents/Travail/cbnsl_benchmark/experiments/scaling/agrum3/../../../experiments/scaling/agrum3/2026-07-31_06h33_cbn_exp_clayton/graphs/CPC__v10_a15_g10_s3000.json,,10.57886639699791,5.0,2.0,0.7826086956521738,0.923076923076923,0.8181818181818182,0.8571428571428571
cbn_exp_clayton,CMIIC,"{""alpha"": 0.05}",10,15,3000,10,/home/mathis/Documents/Travail/cbnsl_benchmark/experiments/scaling/agrum3/../../../experiments/scaling/agrum3/2026-07-31_06h33_cbn_exp_clayton/graphs/golden__v10_a15_g10.json,/home/mathis/Documents/Travail/cbnsl_benchmark/experiments/scaling/agrum3/../../../experiments/scaling/agrum3/2026-07-31_06h33_cbn_exp_clayton/graphs/CMIIC__v10_a15_g10_s3000.json,,11.17208483899958,9.0,1.0,0.5263157894736842,0.962962962962963,0.8333333333333334,0.9285714285714286
cbn_exp_clayton,CPC,"{""alpha"": 0.05, ""max_conditioning_set_size"": 3}",10,15,5000,10,/home/mathis/Documents/Travail/cbnsl_benchmark/experiments/scaling/agrum3/../../../experiments/scaling/agrum3/2026-07-31_06h33_cbn_exp_clayton/graphs/golden__v10_a15_g10.json,/home/mathis/Documents/Travail/cbnsl_benchmark/experiments/scaling/agrum3/../../../experiments/scaling/agrum3/2026-07-31_06h33_cbn_exp_clayton/graphs/CPC__v10_a15_g10_s5000.json,,30.40152470799876,2.0,2.0,0.923076923076923,0.923076923076923,0.8571428571428571,0.8571428571428571
cbn_exp_clayton,CMIIC,"{""alpha"": 0.05}",10,15,5000,10,/home/mathis/Documents/Travail/cbnsl_benchmark/experiments/scaling/agrum3/../../../experiments/scaling/agrum3/2026-07-31_06h33_cbn_exp_clayton/graphs/golden__v10_a15_g10.json,/home/mathis/Documents/Travail/cbnsl_benchmark/experiments/scaling/agrum3/../../../experiments/scaling/agrum3/2026-07-31_06h33_cbn_exp_clayton/graphs/CMIIC__v10_a15_g10_s5000.json,,29.98699768499864,9.0,1.0,0.5263157894736842,0.962962962962963,0.8333333333333334,0.9285714285714286
cbn_exp_clayton,CPC,"{""alpha"": 0.05, ""max_conditioning_set_size"": 3}",10,15,200,11,/home/mathis/Documents/Travail/cbnsl_benchmark/experiments/scaling/agrum3/../../../experiments/scaling/agrum3/2026-07-31_06h33_cbn_exp_clayton/graphs/golden__v10_a15_g11.json,/home/mathis/Documents/Travail/cbnsl_benchmark/experiments/scaling/agrum3/../../../experiments/scaling/agrum3/2026-07-31_06h33_cbn_exp_clayton/graphs/CPC__v10_a15_g11_s200.json,,0.02328936100093415,11.0,7.0,0.26666666666666666,0.631578947368421,0.2222222222222222,0.46153846153846156
cbn_exp_clayton,CMIIC,"{""alpha"": 0.05}",10,15,200,11,/home/mathis/Documents/Travail/cbnsl_benchmark/experiments/scaling/agrum3/../../../experiments/scaling/agrum3/2026-07-31_06h33_cbn_exp_clayton/graphs/golden__v10_a15_g11.json,/home/mathis/Documents/Travail/cbnsl_benchmark/experiments/scaling/agrum3/../../../experiments/scaling/agrum3/2026-07-31_06h33_cbn_exp_clayton/graphs/CMIIC__v10_a15_g11_s200.json,,0.06754232299863361,14.0,3.0,0.0,0.8799999999999999,0.0,0.8461538461538461
cbn_exp_clayton,CPC,"{""alpha"": 0.05, ""max_conditioning_set_size"": 3}",10,15,500,11,/home/mathis/Documents/Travail/cbnsl_benchmark/experiments/scaling/agrum3/../../../experiments/scaling/agrum3/2026-07-31_06h33_cbn_exp_clayton/graphs/golden__v10_a15_g11.json,/home/mathis/Documents/Travail/cbnsl_benchmark/experiments/scaling/agrum3/../../../experiments/scaling/agrum3/2026-07-31_06h33_cbn_exp_clayton/graphs/CPC__v10_a15_g11_s500.json,,0.15803284499997972,12.0,8.0,0.14285714285714285,0.5555555555555556,0.1111111111111111,0.38461538461538464
cbn_exp_clayton,CMIIC,"{""alpha"": 0.05}",10,15,500,11,/home/mathis/Documents/Travail/cbnsl_benchmark/experiments/scaling/agrum3/../../../experiments/scaling/agrum3/2026-07-31_06h33_cbn_exp_clayton/graphs/golden__v10_a15_g11.json,/home/mathis/Documents/Travail/cbnsl_benchmark/experiments/scaling/agrum3/../../../experiments/scaling/agrum3/2026-07-31_06h33_cbn_exp_clayton/graphs/CMIIC__v10_a15_g11_s500.json,,0.2734996970029897,13.0,2.0,0.0,0.9166666666666666,0.0,0.8461538461538461
cbn_exp_clayton,CPC,"{""alpha"": 0.05, ""max_conditioning_set_size"": 3}",10,15,1000,11,/home/mathis/Documents/Travail/cbnsl_benchmark/experiments/scaling/agrum3/../../../experiments/scaling/agrum3/2026-07-31_06h33_cbn_exp_clayton/graphs/golden__v10_a15_g11.json,/home/mathis/Documents/Travail/cbnsl_benchmark/experiments/scaling/agrum3/../../../experiments/scaling/agrum3/2026-07-31_06h33_cbn_exp_clayton/graphs/CPC__v10_a15_g11_s1000.json,,0.905544508001185,11.0,3.0,0.26666666666666666,0.8695652173913044,0.4,0.7692307692307693
cbn_exp_clayton,CMIIC,"{""alpha"": 0.05}",10,15,1000,11,/home/mathis/Documents/Travail/cbnsl_benchmark/experiments/scaling/agrum3/../../../experiments/scaling/agrum3/2026-07-31_06h33_cbn_exp_clayton/graphs/golden__v10_a15_g11.json,/home/mathis/Documents/Travail/cbnsl_benchmark/experiments/scaling/agrum3/../../../experiments/scaling/agrum3/2026-07-31_06h33_cbn_exp_clayton/graphs/CMIIC__v10_a15_g11_s1000.json,,0.9238461370005098,13.0,2.0,0.0,0.9166666666666666,0.0,0.8461538461538461
cbn_exp_clayton,CPC,"{""alpha"": 0.05, ""max_conditioning_set_size"": 3}",10,15,3000,11,/home/mathis/Documents/Travail/cbnsl_benchmark/experiments/scaling/agrum3/../../../experiments/scaling/agrum3/2026-07-31_06h33_cbn_exp_clayton/graphs/golden__v10_a15_g11.json,/home/mathis/Documents/Travail/cbnsl_benchmark/experiments/scaling/agrum3/../../../experiments/scaling/agrum3/2026-07-31_06h33_cbn_exp_clayton/graphs/CPC__v10_a15_g11_s3000.json,,8.674341717000061,8.0,4.0,0.6363636363636364,0.8461538461538461,0.7777777777777778,0.8461538461538461
cbn_exp_clayton,CMIIC,"{""alpha"": 0.05}",10,15,3000,11,/home/mathis/Documents/Travail/cbnsl_benchmark/experiments/scaling/agrum3/../../../experiments/scaling/agrum3/2026-07-31_06h33_cbn_exp_clayton/graphs/golden__v10_a15_g11.json,/home/mathis/Documents/Travail/cbnsl_benchmark/experiments/scaling/agrum3/../../../experiments/scaling/agrum3/2026-07-31_06h33_cbn_exp_clayton/graphs/CMIIC__v10_a15_g11_s3000.json,,7.220642740998301,14.0,4.0,0.0,0.8333333333333333,0.0,0.7692307692307693
cbn_exp_clayton,CPC,"{""alpha"": 0.05, ""max_conditioning_set_size"": 3}",10,15,5000,11,/home/mathis/Documents/Travail/cbnsl_benchmark/experiments/scaling/agrum3/../../../experiments/scaling/agrum3/2026-07-31_06h33_cbn_exp_clayton/graphs/golden__v10_a15_g11.json,/home/mathis/Documents/Travail/cbnsl_benchmark/experiments/scaling/agrum3/../../../experiments/scaling/agrum3/2026-07-31_06h33_cbn_exp_clayton/graphs/CPC__v10_a15_g11_s5000.json,,26.88459292599873,9.0,4.0,0.5714285714285714,0.8461538461538461,0.75,0.8461538461538461
cbn_exp_clayton,CMIIC,"{""alpha"": 0.05}",10,15,5000,11,/home/mathis/Documents/Travail/cbnsl_benchmark/experiments/scaling/agrum3/../../../experiments/scaling/agrum3/2026-07-31_06h33_cbn_exp_clayton/graphs/golden__v10_a15_g11.json,/home/mathis/Documents/Travail/cbnsl_benchmark/experiments/scaling/agrum3/../../../experiments/scaling/agrum3/2026-07-31_06h33_cbn_exp_clayton/graphs/CMIIC__v10_a15_g11_s5000.json,,19.04156949499884,14.0,4.0,0.0,0.8333333333333333,0.0,0.7692307692307693
cbn_exp_clayton,CPC,"{""alpha"": 0.05, ""max_conditioning_set_size"": 3}",10,15,200,12,/home/mathis/Documents/Travail/cbnsl_benchmark/experiments/scaling/agrum3/../../../experiments/scaling/agrum3/2026-07-31_06h33_cbn_exp_clayton/graphs/golden__v10_a15_g12.json,/home/mathis/Documents/Travail/cbnsl_benchmark/experiments/scaling/agrum3/../../../experiments/scaling/agrum3/2026-07-31_06h33_cbn_exp_clayton/graphs/CPC__v10_a15_g12_s200.json,,0.023781019997841213,14.0,13.0,0.0,0.13333333333333333,0.0,0.07142857142857142
cbn_exp_clayton,CMIIC,"{""alpha"": 0.05}",10,15,200,12,/home/mathis/Documents/Travail/cbnsl_benchmark/experiments/scaling/agrum3/../../../experiments/scaling/agrum3/2026-07-31_06h33_cbn_exp_clayton/graphs/golden__v10_a15_g12.json,/home/mathis/Documents/Travail/cbnsl_benchmark/experiments/scaling/agrum3/../../../experiments/scaling/agrum3/2026-07-31_06h33_cbn_exp_clayton/graphs/CMIIC__v10_a15_g12_s200.json,,0.07723000600162777,13.0,3.0,0.13333333333333333,0.88,0.25,0.7857142857142857
cbn_exp_clayton,CPC,"{""alpha"": 0.05, ""max_conditioning_set_size"": 3}",10,15,500,12,/home/mathis/Documents/Travail/cbnsl_benchmark/experiments/scaling/agrum3/../../../experiments/scaling/agrum3/2026-07-31_06h33_cbn_exp_clayton/graphs/golden__v10_a15_g12.json,/home/mathis/Documents/Travail/cbnsl_benchmark/experiments/scaling/agrum3/../../../experiments/scaling/agrum3/2026-07-31_06h33_cbn_exp_clayton/graphs/CPC__v10_a15_g12_s500.json,,0.1329128059987852,13.0,11.0,0.13333333333333333,0.35294117647058826,0.08333333333333333,0.21428571428571427
cbn_exp_clayton,CMIIC,"{""alpha"": 0.05}",10,15,500,12,/home/mathis/Documents/Travail/cbnsl_benchmark/experiments/scaling/agrum3/../../../experiments/scaling/agrum3/2026-07-31_06h33_cbn_exp_clayton/graphs/golden__v10_a15_g12.json,/home/mathis/Documents/Travail/cbnsl_benchmark/experiments/scaling/agrum3/../../../experiments/scaling/agrum3/2026-07-31_06h33_cbn_exp_clayton/graphs/CMIIC__v10_a15_g12_s500.json,,0.28531793000001926,13.0,3.0,0.13333333333333333,0.88,0.25,0.7857142857142857
cbn_exp_clayton,CPC,"{""alpha"": 0.05, ""max_conditioning_set_size"": 3}",10,15,1000,12,/home/mathis/Documents/Travail/cbnsl_benchmark/experiments/scaling/agrum3/../../../experiments/scaling/agrum3/2026-07-31_06h33_cbn_exp_clayton/graphs/golden__v10_a15_g12.json,/home/mathis/Documents/Travail/cbnsl_benchmark/experiments/scaling/agrum3/../../../experiments/scaling/agrum3/2026-07-31_06h33_cbn_exp_clayton/graphs/CPC__v10_a15_g12_s1000.json,,0.6132749809985398,9.0,6.0,0.5263157894736842,0.7272727272727273,0.45454545454545453,0.5714285714285714
cbn_exp_clayton,CMIIC,"{""alpha"": 0.05}",10,15,1000,12,/home/mathis/Documents/Travail/cbnsl_benchmark/experiments/scaling/agrum3/../../../experiments/scaling/agrum3/2026-07-31_06h33_cbn_exp_clayton/graphs/golden__v10_a15_g12.json,/home/mathis/Documents/Travail/cbnsl_benchmark/experiments/scaling/agrum3/../../../experiments/scaling/agrum3/2026-07-31_06h33_cbn_exp_clayton/graphs/CMIIC__v10_a15_g12_s1000.json,,1.001663525999902,11.0,3.0,0.3529411764705882,0.88,0.5,0.7857142857142857
cbn_exp_clayton,CPC,"{""alpha"": 0.05, ""max_conditioning_set_size"": 3}",10,15,3000,12,/home/mathis/Documents/Travail/cbnsl_benchmark/experiments/scaling/agrum3/../../../experiments/scaling/agrum3/2026-07-31_06h33_cbn_exp_clayton/graphs/golden__v10_a15_g12.json,/home/mathis/Documents/Travail/cbnsl_benchmark/experiments/scaling/agrum3/../../../experiments/scaling/agrum3/2026-07-31_06h33_cbn_exp_clayton/graphs/CPC__v10_a15_g12_s3000.json,,5.679152298998815,14.0,4.0,0.125,0.8461538461538461,0.25,0.7857142857142857
cbn_exp_clayton,CMIIC,"{""alpha"": 0.05}",10,15,3000,12,/home/mathis/Documents/Travail/cbnsl_benchmark/experiments/scaling/agrum3/../../../experiments/scaling/agrum3/2026-07-31_06h33_cbn_exp_clayton/graphs/golden__v10_a15_g12.json,/home/mathis/Documents/Travail/cbnsl_benchmark/experiments/scaling/agrum3/../../../experiments/scaling/agrum3/2026-07-31_06h33_cbn_exp_clayton/graphs/CMIIC__v10_a15_g12_s3000.json,,7.8307720579978195,11.0,3.0,0.3529411764705882,0.88,0.5,0.7857142857142857
cbn_exp_clayton,CPC,"{""alpha"": 0.05, ""max_conditioning_set_size"": 3}",10,15,5000,12,/home/mathis/Documents/Travail/cbnsl_benchmark/experiments/scaling/agrum3/../../../experiments/scaling/agrum3/2026-07-31_06h33_cbn_exp_clayton/graphs/golden__v10_a15_g12.json,/home/mathis/Documents/Travail/cbnsl_benchmark/experiments/scaling/agrum3/../../../experiments/scaling/agrum3/2026-07-31_06h33_cbn_exp_clayton/graphs/CPC__v10_a15_g12_s5000.json,,17.129641548999643,10.0,2.0,0.4444444444444444,0.923076923076923,0.6666666666666666,0.8571428571428571
cbn_exp_clayton,CMIIC,"{""alpha"": 0.05}",10,15,5000,12,/home/mathis/Documents/Travail/cbnsl_benchmark/experiments/scaling/agrum3/../../../experiments/scaling/agrum3/2026-07-31_06h33_cbn_exp_clayton/graphs/golden__v10_a15_g12.json,/home/mathis/Documents/Travail/cbnsl_benchmark/experiments/scaling/agrum3/../../../experiments/scaling/agrum3/2026-07-31_06h33_cbn_exp_clayton/graphs/CMIIC__v10_a15_g12_s5000.json,,23.644350671998836,11.0,2.0,0.35294117647058826,0.923076923076923,0.6,0.8571428571428571
cbn_exp_clayton,CPC,"{""alpha"": 0.05, ""max_conditioning_set_size"": 3}",10,15,200,13,/home/mathis/Documents/Travail/cbnsl_benchmark/experiments/scaling/agrum3/../../../experiments/scaling/agrum3/2026-07-31_06h33_cbn_exp_clayton/graphs/golden__v10_a15_g13.json,/home/mathis/Documents/Travail/cbnsl_benchmark/experiments/scaling/agrum3/../../../experiments/scaling/agrum3/2026-07-31_06h33_cbn_exp_clayton/graphs/CPC__v10_a15_g13_s200.json,,0.0356010450013855,15.0,15.0,0.0,0.0,0.0,0.0
cbn_exp_clayton,CMIIC,"{""alpha"": 0.05}",10,15,200,13,/home/mathis/Documents/Travail/cbnsl_benchmark/experiments/scaling/agrum3/../../../experiments/scaling/agrum3/2026-07-31_06h33_cbn_exp_clayton/graphs/golden__v10_a15_g13.json,/home/mathis/Documents/Travail/cbnsl_benchmark/experiments/scaling/agrum3/../../../experiments/scaling/agrum3/2026-07-31_06h33_cbn_exp_clayton/graphs/CMIIC__v10_a15_g13_s200.json,,0.10179558699746849,10.0,3.0,0.5,0.888888888888889,0.625,0.8
cbn_exp_clayton,CPC,"{""alpha"": 0.05, ""max_conditioning_set_size"": 3}",10,15,500,13,/home/mathis/Documents/Travail/cbnsl_benchmark/experiments/scaling/agrum3/../../../experiments/scaling/agrum3/2026-07-31_06h33_cbn_exp_clayton/graphs/golden__v10_a15_g13.json,/home/mathis/Documents/Travail/cbnsl_benchmark/experiments/scaling/agrum3/../../../experiments/scaling/agrum3/2026-07-31_06h33_cbn_exp_clayton/graphs/CPC__v10_a15_g13_s500.json,,0.17688320200250018,14.0,13.0,0.125,0.23529411764705882,0.07142857142857142,0.13333333333333333
cbn_exp_clayton,CMIIC,"{""alpha"": 0.05}",10,15,500,13,/home/mathis/Documents/Travail/cbnsl_benchmark/experiments/scaling/agrum3/../../../experiments/scaling/agrum3/2026-07-31_06h33_cbn_exp_clayton/graphs/golden__v10_a15_g13.json,/home/mathis/Documents/Travail/cbnsl_benchmark/experiments/scaling/agrum3/../../../experiments/scaling/agrum3/2026-07-31_06h33_cbn_exp_clayton/graphs/CMIIC__v10_a15_g13_s500.json,,0.48978317699948093,10.0,2.0,0.5,0.9285714285714286,0.7142857142857143,0.8666666666666667
cbn_exp_clayton,CPC,"{""alpha"": 0.05, ""max_conditioning_set_size"": 3}",10,15,1000,13,/home/mathis/Documents/Travail/cbnsl_benchmark/experiments/scaling/agrum3/../../../experiments/scaling/agrum3/2026-07-31_06h33_cbn_exp_clayton/graphs/golden__v10_a15_g13.json,/home/mathis/Documents/Travail/cbnsl_benchmark/experiments/scaling/agrum3/../../../experiments/scaling/agrum3/2026-07-31_06h33_cbn_exp_clayton/graphs/CPC__v10_a15_g13_s1000.json,,0.9952402510025422,13.0,4.0,0.23529411764705885,0.846153846153846,0.3333333333333333,0.7333333333333333
cbn_exp_clayton,CMIIC,"{""alpha"": 0.05}",10,15,1000,13,/home/mathis/Documents/Travail/cbnsl_benchmark/experiments/scaling/agrum3/../../../experiments/scaling/agrum3/2026-07-31_06h33_cbn_exp_clayton/graphs/golden__v10_a15_g13.json,/home/mathis/Documents/Travail/cbnsl_benchmark/experiments/scaling/agrum3/../../../experiments/scaling/agrum3/2026-07-31_06h33_cbn_exp_clayton/graphs/CMIIC__v10_a15_g13_s1000.json,,1.5473106239987828,10.0,1.0,0.5,0.9655172413793104,0.8333333333333334,0.9333333333333333
cbn_exp_clayton,CPC,"{""alpha"": 0.05, ""max_conditioning_set_size"": 3}",10,15,3000,13,/home/mathis/Documents/Travail/cbnsl_benchmark/experiments/scaling/agrum3/../../../experiments/scaling/agrum3/2026-07-31_06h33_cbn_exp_clayton/graphs/golden__v10_a15_g13.json,/home/mathis/Documents/Travail/cbnsl_benchmark/experiments/scaling/agrum3/../../../experiments/scaling/agrum3/2026-07-31_06h33_cbn_exp_clayton/graphs/CPC__v10_a15_g13_s3000.json,,13.438287884000601,13.0,8.0,0.23529411764705882,0.6363636363636364,0.2,0.4666666666666667
cbn_exp_clayton,CMIIC,"{""alpha"": 0.05}",10,15,3000,13,/home/mathis/Documents/Travail/cbnsl_benchmark/experiments/scaling/agrum3/../../../experiments/scaling/agrum3/2026-07-31_06h33_cbn_exp_clayton/graphs/golden__v10_a15_g13.json,/home/mathis/Documents/Travail/cbnsl_benchmark/experiments/scaling/agrum3/../../../experiments/scaling/agrum3/2026-07-31_06h33_cbn_exp_clayton/graphs/CMIIC__v10_a15_g13_s3000.json,,12.4609271670015,10.0,1.0,0.5,0.9655172413793104,0.8333333333333334,0.9333333333333333
cbn_exp_clayton,CPC,"{""alpha"": 0.05, ""max_conditioning_set_size"": 3}",10,15,5000,13,/home/mathis/Documents/Travail/cbnsl_benchmark/experiments/scaling/agrum3/../../../experiments/scaling/agrum3/2026-07-31_06h33_cbn_exp_clayton/graphs/golden__v10_a15_g13.json,/home/mathis/Documents/Travail/cbnsl_benchmark/experiments/scaling/agrum3/../../../experiments/scaling/agrum3/2026-07-31_06h33_cbn_exp_clayton/graphs/CPC__v10_a15_g13_s5000.json,,46.02049729400096,10.0,3.0,0.5,0.888888888888889,0.625,0.8
cbn_exp_clayton,CMIIC,"{""alpha"": 0.05}",10,15,5000,13,/home/mathis/Documents/Travail/cbnsl_benchmark/experiments/scaling/agrum3/../../../experiments/scaling/agrum3/2026-07-31_06h33_cbn_exp_clayton/graphs/golden__v10_a15_g13.json,/home/mathis/Documents/Travail/cbnsl_benchmark/experiments/scaling/agrum3/../../../experiments/scaling/agrum3/2026-07-31_06h33_cbn_exp_clayton/graphs/CMIIC__v10_a15_g13_s5000.json,,30.165655594999407,10.0,1.0,0.5,0.9655172413793104,0.8333333333333334,0.9333333333333333
cbn_exp_clayton,CPC,"{""alpha"": 0.05, ""max_conditioning_set_size"": 3}",10,15,200,14,/home/mathis/Documents/Travail/cbnsl_benchmark/experiments/scaling/agrum3/../../../experiments/scaling/agrum3/2026-07-31_06h33_cbn_exp_clayton/graphs/golden__v10_a15_g14.json,/home/mathis/Documents/Travail/cbnsl_benchmark/experiments/scaling/agrum3/../../../experiments/scaling/agrum3/2026-07-31_06h33_cbn_exp_clayton/graphs/CPC__v10_a15_g14_s200.json,,0.026889470998867182,14.0,14.0,0.0,0.0,0.0,0.0
cbn_exp_clayton,CMIIC,"{""alpha"": 0.05}",10,15,200,14,/home/mathis/Documents/Travail/cbnsl_benchmark/experiments/scaling/agrum3/../../../experiments/scaling/agrum3/2026-07-31_06h33_cbn_exp_clayton/graphs/golden__v10_a15_g14.json,/home/mathis/Documents/Travail/cbnsl_benchmark/experiments/scaling/agrum3/../../../experiments/scaling/agrum3/2026-07-31_06h33_cbn_exp_clayton/graphs/CMIIC__v10_a15_g14_s200.json,,0.09855351900114329,7.0,2.0,0.6666666666666666,0.923076923076923,0.7777777777777778,0.8571428571428571
cbn_exp_clayton,CPC,"{""alpha"": 0.05, ""max_conditioning_set_size"": 3}",10,15,500,14,/home/mathis/Documents/Travail/cbnsl_benchmark/experiments/scaling/agrum3/../../../experiments/scaling/agrum3/2026-07-31_06h33_cbn_exp_clayton/graphs/golden__v10_a15_g14.json,/home/mathis/Documents/Travail/cbnsl_benchmark/experiments/scaling/agrum3/../../../experiments/scaling/agrum3/2026-07-31_06h33_cbn_exp_clayton/graphs/CPC__v10_a15_g14_s500.json,,0.19802293600150733,13.0,13.0,0.13333333333333333,0.13333333333333333,0.07142857142857142,0.07142857142857142
cbn_exp_clayton,CMIIC,"{""alpha"": 0.05}",10,15,500,14,/home/mathis/Documents/Travail/cbnsl_benchmark/experiments/scaling/agrum3/../../../experiments/scaling/agrum3/2026-07-31_06h33_cbn_exp_clayton/graphs/golden__v10_a15_g14.json,/home/mathis/Documents/Travail/cbnsl_benchmark/experiments/scaling/agrum3/../../../experiments/scaling/agrum3/2026-07-31_06h33_cbn_exp_clayton/graphs/CMIIC__v10_a15_g14_s500.json,,0.457577870998648,11.0,3.0,0.3529411764705882,0.88,0.5,0.7857142857142857
cbn_exp_clayton,CPC,"{""alpha"": 0.05, ""max_conditioning_set_size"": 3}",10,15,1000,14,/home/mathis/Documents/Travail/cbnsl_benchmark/experiments/scaling/agrum3/../../../experiments/scaling/agrum3/2026-07-31_06h33_cbn_exp_clayton/graphs/golden__v10_a15_g14.json,/home/mathis/Documents/Travail/cbnsl_benchmark/experiments/scaling/agrum3/../../../experiments/scaling/agrum3/2026-07-31_06h33_cbn_exp_clayton/graphs/CPC__v10_a15_g14_s1000.json,,0.940379938998376,9.0,4.0,0.5263157894736842,0.8333333333333333,0.5555555555555556,0.7142857142857143
cbn_exp_clayton,CMIIC,"{""alpha"": 0.05}",10,15,1000,14,/home/mathis/Documents/Travail/cbnsl_benchmark/experiments/scaling/agrum3/../../../experiments/scaling/agrum3/2026-07-31_06h33_cbn_exp_clayton/graphs/golden__v10_a15_g14.json,/home/mathis/Documents/Travail/cbnsl_benchmark/experiments/scaling/agrum3/../../../experiments/scaling/agrum3/2026-07-31_06h33_cbn_exp_clayton/graphs/CMIIC__v10_a15_g14_s1000.json,,1.473546647997864,10.0,2.0,0.4444444444444444,0.923076923076923,0.6666666666666666,0.8571428571428571
cbn_exp_clayton,CPC,"{""alpha"": 0.05, ""max_conditioning_set_size"": 3}",10,15,3000,14,/home/mathis/Documents/Travail/cbnsl_benchmark/experiments/scaling/agrum3/../../../experiments/scaling/agrum3/2026-07-31_06h33_cbn_exp_clayton/graphs/golden__v10_a15_g14.json,/home/mathis/Documents/Travail/cbnsl_benchmark/experiments/scaling/agrum3/../../../experiments/scaling/agrum3/2026-07-31_06h33_cbn_exp_clayton/graphs/CPC__v10_a15_g14_s3000.json,,11.97518390299956,11.0,5.0,0.35294117647058826,0.782608695652174,0.375,0.6428571428571429
cbn_exp_clayton,CMIIC,"{""alpha"": 0.05}",10,15,3000,14,/home/mathis/Documents/Travail/cbnsl_benchmark/experiments/scaling/agrum3/../../../experiments/scaling/agrum3/2026-07-31_06h33_cbn_exp_clayton/graphs/golden__v10_a15_g14.json,/home/mathis/Documents/Travail/cbnsl_benchmark/experiments/scaling/agrum3/../../../experiments/scaling/agrum3/2026-07-31_06h33_cbn_exp_clayton/graphs/CMIIC__v10_a15_g14_s3000.json,,11.303275843998563,7.0,1.0,0.6666666666666667,0.962962962962963,0.875,0.9285714285714286
cbn_exp_clayton,CPC,"{""alpha"": 0.05, ""max_conditioning_set_size"": 3}",10,15,5000,14,/home/mathis/Documents/Travail/cbnsl_benchmark/experiments/scaling/agrum3/../../../experiments/scaling/agrum3/2026-07-31_06h33_cbn_exp_clayton/graphs/golden__v10_a15_g14.json,/home/mathis/Documents/Travail/cbnsl_benchmark/experiments/scaling/agrum3/../../../experiments/scaling/agrum3/2026-07-31_06h33_cbn_exp_clayton/graphs/CPC__v10_a15_g14_s5000.json,,35.520291025000915,4.0,2.0,0.8333333333333334,0.923076923076923,0.8333333333333334,0.8571428571428571
cbn_exp_clayton,CMIIC,"{""alpha"": 0.05}",10,15,5000,14,/home/mathis/Documents/Travail/cbnsl_benchmark/experiments/scaling/agrum3/../../../experiments/scaling/agrum3/2026-07-31_06h33_cbn_exp_clayton/graphs/golden__v10_a15_g14.json,/home/mathis/Documents/Travail/cbnsl_benchmark/experiments/scaling/agrum3/../../../experiments/scaling/agrum3/2026-07-31_06h33_cbn_exp_clayton/graphs/CMIIC__v10_a15_g14_s5000.json,,29.965834609000012,7.0,1.0,0.6666666666666667,0.962962962962963,0.875,0.9285714285714286
cbn_exp_clayton,CPC,"{""alpha"": 0.05, ""max_conditioning_set_size"": 3}",10,15,200,15,/home/mathis/Documents/Travail/cbnsl_benchmark/experiments/scaling/agrum3/../../../experiments/scaling/agrum3/2026-07-31_06h33_cbn_exp_clayton/graphs/golden__v10_a15_g15.json,/home/mathis/Documents/Travail/cbnsl_benchmark/experiments/scaling/agrum3/../../../experiments/scaling/agrum3/2026-07-31_06h33_cbn_exp_clayton/graphs/CPC__v10_a15_g15_s200.json,,0.01851713899668539,12.0,10.0,0.0,0.2857142857142857,0.0,0.16666666666666666
cbn_exp_clayton,CMIIC,"{""alpha"": 0.05}",10,15,200,15,/home/mathis/Documents/Travail/cbnsl_benchmark/experiments/scaling/agrum3/../../../experiments/scaling/agrum3/2026-07-31_06h33_cbn_exp_clayton/graphs/golden__v10_a15_g15.json,/home/mathis/Documents/Travail/cbnsl_benchmark/experiments/scaling/agrum3/../../../experiments/scaling/agrum3/2026-07-31_06h33_cbn_exp_clayton/graphs/CMIIC__v10_a15_g15_s200.json,,0.06028129200058174,12.0,1.0,0.0,0.9565217391304348,0.0,0.9166666666666666
cbn_exp_clayton,CPC,"{""alpha"": 0.05, ""max_conditioning_set_size"": 3}",10,15,500,15,/home/mathis/Documents/Travail/cbnsl_benchmark/experiments/scaling/agrum3/../../../experiments/scaling/agrum3/2026-07-31_06h33_cbn_exp_clayton/graphs/golden__v10_a15_g15.json,/home/mathis/Documents/Travail/cbnsl_benchmark/experiments/scaling/agrum3/../../../experiments/scaling/agrum3/2026-07-31_06h33_cbn_exp_clayton/graphs/CPC__v10_a15_g15_s500.json,,0.10406442800012883,10.0,8.0,0.28571428571428575,0.5,0.2,0.3333333333333333
cbn_exp_clayton,CMIIC,"{""alpha"": 0.05}",10,15,500,15,/home/mathis/Documents/Travail/cbnsl_benchmark/experiments/scaling/agrum3/../../../experiments/scaling/agrum3/2026-07-31_06h33_cbn_exp_clayton/graphs/golden__v10_a15_g15.json,/home/mathis/Documents/Travail/cbnsl_benchmark/experiments/scaling/agrum3/../../../experiments/scaling/agrum3/2026-07-31_06h33_cbn_exp_clayton/graphs/CMIIC__v10_a15_g15_s500.json,,0.23136124799930258,12.0,1.0,0.0,0.9565217391304348,0.0,0.9166666666666666
cbn_exp_clayton,CPC,"{""alpha"": 0.05, ""max_conditioning_set_size"": 3}",10,15,1000,15,/home/mathis/Documents/Travail/cbnsl_benchmark/experiments/scaling/agrum3/../../../experiments/scaling/agrum3/2026-07-31_06h33_cbn_exp_clayton/graphs/golden__v10_a15_g15.json,/home/mathis/Documents/Travail/cbnsl_benchmark/experiments/scaling/agrum3/../../../experiments/scaling/agrum3/2026-07-31_06h33_cbn_exp_clayton/graphs/CPC__v10_a15_g15_s1000.json,,0.5103997029982565,7.0,4.0,0.5882352941176471,0.8,0.5555555555555556,0.6666666666666666
cbn_exp_clayton,CMIIC,"{""alpha"": 0.05}",10,15,1000,15,/home/mathis/Documents/Travail/cbnsl_benchmark/experiments/scaling/agrum3/../../../experiments/scaling/agrum3/2026-07-31_06h33_cbn_exp_clayton/graphs/golden__v10_a15_g15.json,/home/mathis/Documents/Travail/cbnsl_benchmark/experiments/scaling/agrum3/../../../experiments/scaling/agrum3/2026-07-31_06h33_cbn_exp_clayton/graphs/CMIIC__v10_a15_g15_s1000.json,,1.0786647429995355,12.0,1.0,0.0,0.9565217391304348,0.0,0.9166666666666666
cbn_exp_clayton,CPC,"{""alpha"": 0.05, ""max_conditioning_set_size"": 3}",10,15,3000,15,/home/mathis/Documents/Travail/cbnsl_benchmark/experiments/scaling/agrum3/../../../experiments/scaling/agrum3/2026-07-31_06h33_cbn_exp_clayton/graphs/golden__v10_a15_g15.json,/home/mathis/Documents/Travail/cbnsl_benchmark/experiments/scaling/agrum3/../../../experiments/scaling/agrum3/2026-07-31_06h33_cbn_exp_clayton/graphs/CPC__v10_a15_g15_s3000.json,,5.551385478000157,4.0,1.0,0.7999999999999999,0.9565217391304348,0.8888888888888888,0.9166666666666666
cbn_exp_clayton,CMIIC,"{""alpha"": 0.05}",10,15,3000,15,/home/mathis/Documents/Travail/cbnsl_benchmark/experiments/scaling/agrum3/../../../experiments/scaling/agrum3/2026-07-31_06h33_cbn_exp_clayton/graphs/golden__v10_a15_g15.json,/home/mathis/Documents/Travail/cbnsl_benchmark/experiments/scaling/agrum3/../../../experiments/scaling/agrum3/2026-07-31_06h33_cbn_exp_clayton/graphs/CMIIC__v10_a15_g15_s3000.json,,8.293042944998888,12.0,1.0,0.0,0.9565217391304348,0.0,0.9166666666666666
cbn_exp_clayton,CPC,"{""alpha"": 0.05, ""max_conditioning_set_size"": 3}",10,15,5000,15,/home/mathis/Documents/Travail/cbnsl_benchmark/experiments/scaling/agrum3/../../../experiments/scaling/agrum3/2026-07-31_06h33_cbn_exp_clayton/graphs/golden__v10_a15_g15.json,/home/mathis/Documents/Travail/cbnsl_benchmark/experiments/scaling/agrum3/../../../experiments/scaling/agrum3/2026-07-31_06h33_cbn_exp_clayton/graphs/CPC__v10_a15_g15_s5000.json,,16.41671227199913,4.0,2.0,0.8181818181818182,0.9166666666666666,0.9,0.9166666666666666
cbn_exp_clayton,CMIIC,"{""alpha"": 0.05}",10,15,5000,15,/home/mathis/Documents/Travail/cbnsl_benchmark/experiments/scaling/agrum3/../../../experiments/scaling/agrum3/2026-07-31_06h33_cbn_exp_clayton/graphs/golden__v10_a15_g15.json,/home/mathis/Documents/Travail/cbnsl_benchmark/experiments/scaling/agrum3/../../../experiments/scaling/agrum3/2026-07-31_06h33_cbn_exp_clayton/graphs/CMIIC__v10_a15_g15_s5000.json,,21.749353324998083,12.0,1.0,0.0,0.9565217391304348,0.0,0.9166666666666666
cbn_exp_clayton,CPC,"{""alpha"": 0.05, ""max_conditioning_set_size"": 3}",10,15,200,16,/home/mathis/Documents/Travail/cbnsl_benchmark/experiments/scaling/agrum3/../../../experiments/scaling/agrum3/2026-07-31_06h33_cbn_exp_clayton/graphs/golden__v10_a15_g16.json,/home/mathis/Documents/Travail/cbnsl_benchmark/experiments/scaling/agrum3/../../../experiments/scaling/agrum3/2026-07-31_06h33_cbn_exp_clayton/graphs/CPC__v10_a15_g16_s200.json,,0.024133794999215752,13.0,13.0,0.23529411764705882,0.23529411764705882,0.13333333333333333,0.13333333333333333
cbn_exp_clayton,CMIIC,"{""alpha"": 0.05}",10,15,200,16,/home/mathis/Documents/Travail/cbnsl_benchmark/experiments/scaling/agrum3/../../../experiments/scaling/agrum3/2026-07-31_06h33_cbn_exp_clayton/graphs/golden__v10_a15_g16.json,/home/mathis/Documents/Travail/cbnsl_benchmark/experiments/scaling/agrum3/../../../experiments/scaling/agrum3/2026-07-31_06h33_cbn_exp_clayton/graphs/CMIIC__v10_a15_g16_s200.json,,0.08424977699905867,15.0,4.0,0.0,0.846153846153846,0.0,0.7333333333333333
cbn_exp_clayton,CPC,"{""alpha"": 0.05, ""max_conditioning_set_size"": 3}",10,15,500,16,/home/mathis/Documents/Travail/cbnsl_benchmark/experiments/scaling/agrum3/../../../experiments/scaling/agrum3/2026-07-31_06h33_cbn_exp_clayton/graphs/golden__v10_a15_g16.json,/home/mathis/Documents/Travail/cbnsl_benchmark/experiments/scaling/agrum3/../../../experiments/scaling/agrum3/2026-07-31_06h33_cbn_exp_clayton/graphs/CPC__v10_a15_g16_s500.json,,0.13239951599825872,13.0,12.0,0.23529411764705882,0.33333333333333337,0.14285714285714285,0.2
cbn_exp_clayton,CMIIC,"{""alpha"": 0.05}",10,15,500,16,/home/mathis/Documents/Travail/cbnsl_benchmark/experiments/scaling/agrum3/../../../experiments/scaling/agrum3/2026-07-31_06h33_cbn_exp_clayton/graphs/golden__v10_a15_g16.json,/home/mathis/Documents/Travail/cbnsl_benchmark/experiments/scaling/agrum3/../../../experiments/scaling/agrum3/2026-07-31_06h33_cbn_exp_clayton/graphs/CMIIC__v10_a15_g16_s500.json,,0.3525833989988314,15.0,5.0,0.0,0.8,0.0,0.6666666666666666
cbn_exp_clayton,CPC,"{""alpha"": 0.05, ""max_conditioning_set_size"": 3}",10,15,1000,16,/home/mathis/Documents/Travail/cbnsl_benchmark/experiments/scaling/agrum3/../../../experiments/scaling/agrum3/2026-07-31_06h33_cbn_exp_clayton/graphs/golden__v10_a15_g16.json,/home/mathis/Documents/Travail/cbnsl_benchmark/experiments/scaling/agrum3/../../../experiments/scaling/agrum3/2026-07-31_06h33_cbn_exp_clayton/graphs/CPC__v10_a15_g16_s1000.json,,0.6853107530005218,12.0,6.0,0.3333333333333333,0.7499999999999999,0.3333333333333333,0.6
cbn_exp_clayton,CMIIC,"{""alpha"": 0.05}",10,15,1000,16,/home/mathis/Documents/Travail/cbnsl_benchmark/experiments/scaling/agrum3/../../../experiments/scaling/agrum3/2026-07-31_06h33_cbn_exp_clayton/graphs/golden__v10_a15_g16.json,/home/mathis/Documents/Travail/cbnsl_benchmark/experiments/scaling/agrum3/../../../experiments/scaling/agrum3/2026-07-31_06h33_cbn_exp_clayton/graphs/CMIIC__v10_a15_g16_s1000.json,,1.1772537439974258,15.0,6.0,0.0,0.7499999999999999,0.0,0.6
cbn_exp_clayton,CPC,"{""alpha"": 0.05, ""max_conditioning_set_size"": 3}",10,15,3000,16,/home/mathis/Documents/Travail/cbnsl_benchmark/experiments/scaling/agrum3/../../../experiments/scaling/agrum3/2026-07-31_06h33_cbn_exp_clayton/graphs/golden__v10_a15_g16.json,/home/mathis/Documents/Travail/cbnsl_benchmark/experiments/scaling/agrum3/../../../experiments/scaling/agrum3/2026-07-31_06h33_cbn_exp_clayton/graphs/CPC__v10_a15_g16_s3000.json,,8.759934113000782,11.0,6.0,0.4210526315789474,0.7499999999999999,0.4,0.6
cbn_exp_clayton,CMIIC,"{""alpha"": 0.05}",10,15,3000,16,/home/mathis/Documents/Travail/cbnsl_benchmark/experiments/scaling/agrum3/../../../experiments/scaling/agrum3/2026-07-31_06h33_cbn_exp_clayton/graphs/golden__v10_a15_g16.json,/home/mathis/Documents/Travail/cbnsl_benchmark/experiments/scaling/agrum3/../../../experiments/scaling/agrum3/2026-07-31_06h33_cbn_exp_clayton/graphs/CMIIC__v10_a15_g16_s3000.json,,7.942422300999169,13.0,5.0,0.23529411764705882,0.8,0.2857142857142857,0.6666666666666666
cbn_exp_clayton,CPC,"{""alpha"": 0.05, ""max_conditioning_set_size"": 3}",10,15,5000,16,/home/mathis/Documents/Travail/cbnsl_benchmark/experiments/scaling/agrum3/../../../experiments/scaling/agrum3/2026-07-31_06h33_cbn_exp_clayton/graphs/golden__v10_a15_g16.json,/home/mathis/Documents/Travail/cbnsl_benchmark/experiments/scaling/agrum3/../../../experiments/scaling/agrum3/2026-07-31_06h33_cbn_exp_clayton/graphs/CPC__v10_a15_g16_s5000.json,,24.135760868000943,8.0,2.0,0.6363636363636364,0.9285714285714286,0.7777777777777778,0.8666666666666667
cbn_exp_clayton,CMIIC,"{""alpha"": 0.05}",10,15,5000,16,/home/mathis/Documents/Travail/cbnsl_benchmark/experiments/scaling/agrum3/../../../experiments/scaling/agrum3/2026-07-31_06h33_cbn_exp_clayton/graphs/golden__v10_a15_g16.json,/home/mathis/Documents/Travail/cbnsl_benchmark/experiments/scaling/agrum3/../../../experiments/scaling/agrum3/2026-07-31_06h33_cbn_exp_clayton/graphs/CMIIC__v10_a15_g16_s5000.json,,20.97985238599722,13.0,5.0,0.23529411764705882,0.8,0.2857142857142857,0.6666666666666666
cbn_exp_clayton,CPC,"{""alpha"": 0.05, ""max_conditioning_set_size"": 3}",10,15,200,17,/home/mathis/Documents/Travail/cbnsl_benchmark/experiments/scaling/agrum3/../../../experiments/scaling/agrum3/2026-07-31_06h33_cbn_exp_clayton/graphs/golden__v10_a15_g17.json,/home/mathis/Documents/Travail/cbnsl_benchmark/experiments/scaling/agrum3/../../../experiments/scaling/agrum3/2026-07-31_06h33_cbn_exp_clayton/graphs/CPC__v10_a15_g17_s200.json,,0.03779864200259908,15.0,15.0,0.0,0.0,0.0,0.0
cbn_exp_clayton,CMIIC,"{""alpha"": 0.05}",10,15,200,17,/home/mathis/Documents/Travail/cbnsl_benchmark/experiments/scaling/agrum3/../../../experiments/scaling/agrum3/2026-07-31_06h33_cbn_exp_clayton/graphs/golden__v10_a15_g17.json,/home/mathis/Documents/Travail/cbnsl_benchmark/experiments/scaling/agrum3/../../../experiments/scaling/agrum3/2026-07-31_06h33_cbn_exp_clayton/graphs/CMIIC__v10_a15_g17_s200.json,,0.11579983599949628,10.0,3.0,0.5454545454545454,0.896551724137931,0.75,0.8666666666666667
cbn_exp_clayton,CPC,"{""alpha"": 0.05, ""max_conditioning_set_size"": 3}",10,15,500,17,/home/mathis/Documents/Travail/cbnsl_benchmark/experiments/scaling/agrum3/../../../experiments/scaling/agrum3/2026-07-31_06h33_cbn_exp_clayton/graphs/golden__v10_a15_g17.json,/home/mathis/Documents/Travail/cbnsl_benchmark/experiments/scaling/agrum3/../../../experiments/scaling/agrum3/2026-07-31_06h33_cbn_exp_clayton/graphs/CPC__v10_a15_g17_s500.json,,0.24192971799857332,15.0,14.0,0.0,0.125,0.0,0.06666666666666667
cbn_exp_clayton,CMIIC,"{""alpha"": 0.05}",10,15,500,17,/home/mathis/Documents/Travail/cbnsl_benchmark/experiments/scaling/agrum3/../../../experiments/scaling/agrum3/2026-07-31_06h33_cbn_exp_clayton/graphs/golden__v10_a15_g17.json,/home/mathis/Documents/Travail/cbnsl_benchmark/experiments/scaling/agrum3/../../../experiments/scaling/agrum3/2026-07-31_06h33_cbn_exp_clayton/graphs/CMIIC__v10_a15_g17_s500.json,,0.49542368200127385,10.0,2.0,0.5,0.9285714285714286,0.7142857142857143,0.8666666666666667
cbn_exp_clayton,CPC,"{""alpha"": 0.05, ""max_conditioning_set_size"": 3}",10,15,1000,17,/home/mathis/Documents/Travail/cbnsl_benchmark/experiments/scaling/agrum3/../../../experiments/scaling/agrum3/2026-07-31_06h33_cbn_exp_clayton/graphs/golden__v10_a15_g17.json,/home/mathis/Documents/Travail/cbnsl_benchmark/experiments/scaling/agrum3/../../../experiments/scaling/agrum3/2026-07-31_06h33_cbn_exp_clayton/graphs/CPC__v10_a15_g17_s1000.json,,1.3996230630000355,12.0,4.0,0.33333333333333326,0.846153846153846,0.42857142857142855,0.7333333333333333
cbn_exp_clayton,CMIIC,"{""alpha"": 0.05}",10,15,1000,17,/home/mathis/Documents/Travail/cbnsl_benchmark/experiments/scaling/agrum3/../../../experiments/scaling/agrum3/2026-07-31_06h33_cbn_exp_clayton/graphs/golden__v10_a15_g17.json,/home/mathis/Documents/Travail/cbnsl_benchmark/experiments/scaling/agrum3/../../../experiments/scaling/agrum3/2026-07-31_06h33_cbn_exp_clayton/graphs/CMIIC__v10_a15_g17_s1000.json,,1.8888098700008413,10.0,2.0,0.5,0.9285714285714286,0.7142857142857143,0.8666666666666667
cbn_exp_clayton,CPC,"{""alpha"": 0.05, ""max_conditioning_set_size"": 3}",10,15,3000,17,/home/mathis/Documents/Travail/cbnsl_benchmark/experiments/scaling/agrum3/../../../experiments/scaling/agrum3/2026-07-31_06h33_cbn_exp_clayton/graphs/golden__v10_a15_g17.json,/home/mathis/Documents/Travail/cbnsl_benchmark/experiments/scaling/agrum3/../../../experiments/scaling/agrum3/2026-07-31_06h33_cbn_exp_clayton/graphs/CPC__v10_a15_g17_s3000.json,,18.619225873000687,11.0,8.0,0.4210526315789474,0.6363636363636364,0.3333333333333333,0.4666666666666667
cbn_exp_clayton,CMIIC,"{""alpha"": 0.05}",10,15,3000,17,/home/mathis/Documents/Travail/cbnsl_benchmark/experiments/scaling/agrum3/../../../experiments/scaling/agrum3/2026-07-31_06h33_cbn_exp_clayton/graphs/golden__v10_a15_g17.json,/home/mathis/Documents/Travail/cbnsl_benchmark/experiments/scaling/agrum3/../../../experiments/scaling/agrum3/2026-07-31_06h33_cbn_exp_clayton/graphs/CMIIC__v10_a15_g17_s3000.json,,14.716304974997911,10.0,2.0,0.5,0.9285714285714286,0.7142857142857143,0.8666666666666667
cbn_exp_clayton,CPC,"{""alpha"": 0.05, ""max_conditioning_set_size"": 3}",10,15,5000,17,/home/mathis/Documents/Travail/cbnsl_benchmark/experiments/scaling/agrum3/../../../experiments/scaling/agrum3/2026-07-31_06h33_cbn_exp_clayton/graphs/golden__v10_a15_g17.json,/home/mathis/Documents/Travail/cbnsl_benchmark/experiments/scaling/agrum3/../../../experiments/scaling/agrum3/2026-07-31_06h33_cbn_exp_clayton/graphs/CPC__v10_a15_g17_s5000.json,,58.30473927300045,9.0,4.0,0.5714285714285713,0.846153846153846,0.6,0.7333333333333333
cbn_exp_clayton,CMIIC,"{""alpha"": 0.05}",10,15,5000,17,/home/mathis/Documents/Travail/cbnsl_benchmark/experiments/scaling/agrum3/../../../experiments/scaling/agrum3/2026-07-31_06h33_cbn_exp_clayton/graphs/golden__v10_a15_g17.json,/home/mathis/Documents/Travail/cbnsl_benchmark/experiments/scaling/agrum3/../../../experiments/scaling/agrum3/2026-07-31_06h33_cbn_exp_clayton/graphs/CMIIC__v10_a15_g17_s5000.json,,41.336937937001494,10.0,2.0,0.5,0.9285714285714286,0.7142857142857143,0.8666666666666667
cbn_exp_clayton,CPC,"{""alpha"": 0.05, ""max_conditioning_set_size"": 3}",10,15,200,18,/home/mathis/Documents/Travail/cbnsl_benchmark/experiments/scaling/agrum3/../../../experiments/scaling/agrum3/2026-07-31_06h33_cbn_exp_clayton/graphs/golden__v10_a15_g18.json,/home/mathis/Documents/Travail/cbnsl_benchmark/experiments/scaling/agrum3/../../../experiments/scaling/agrum3/2026-07-31_06h33_cbn_exp_clayton/graphs/CPC__v10_a15_g18_s200.json,,0.028670870000496507,15.0,14.0,0.0,0.125,0.0,0.06666666666666667
cbn_exp_clayton,CMIIC,"{""alpha"": 0.05}",10,15,200,18,/home/mathis/Documents/Travail/cbnsl_benchmark/experiments/scaling/agrum3/../../../experiments/scaling/agrum3/2026-07-31_06h33_cbn_exp_clayton/graphs/golden__v10_a15_g18.json,/home/mathis/Documents/Travail/cbnsl_benchmark/experiments/scaling/agrum3/../../../experiments/scaling/agrum3/2026-07-31_06h33_cbn_exp_clayton/graphs/CMIIC__v10_a15_g18_s200.json,,0.09099561200127937,11.0,3.0,0.4210526315789474,0.888888888888889,0.5714285714285714,0.8
cbn_exp_clayton,CPC,"{""alpha"": 0.05, ""max_conditioning_set_size"": 3}",10,15,500,18,/home/mathis/Documents/Travail/cbnsl_benchmark/experiments/scaling/agrum3/../../../experiments/scaling/agrum3/2026-07-31_06h33_cbn_exp_clayton/graphs/golden__v10_a15_g18.json,/home/mathis/Documents/Travail/cbnsl_benchmark/experiments/scaling/agrum3/../../../experiments/scaling/agrum3/2026-07-31_06h33_cbn_exp_clayton/graphs/CPC__v10_a15_g18_s500.json,,0.10822341699895333,15.0,14.0,0.0,0.125,0.0,0.06666666666666667
cbn_exp_clayton,CMIIC,"{""alpha"": 0.05}",10,15,500,18,/home/mathis/Documents/Travail/cbnsl_benchmark/experiments/scaling/agrum3/../../../experiments/scaling/agrum3/2026-07-31_06h33_cbn_exp_clayton/graphs/golden__v10_a15_g18.json,/home/mathis/Documents/Travail/cbnsl_benchmark/experiments/scaling/agrum3/../../../experiments/scaling/agrum3/2026-07-31_06h33_cbn_exp_clayton/graphs/CMIIC__v10_a15_g18_s500.json,,0.3105998009996256,11.0,4.0,0.4210526315789474,0.846153846153846,0.5,0.7333333333333333
cbn_exp_clayton,CPC,"{""alpha"": 0.05, ""max_conditioning_set_size"": 3}",10,15,1000,18,/home/mathis/Documents/Travail/cbnsl_benchmark/experiments/scaling/agrum3/../../../experiments/scaling/agrum3/2026-07-31_06h33_cbn_exp_clayton/graphs/golden__v10_a15_g18.json,/home/mathis/Documents/Travail/cbnsl_benchmark/experiments/scaling/agrum3/../../../experiments/scaling/agrum3/2026-07-31_06h33_cbn_exp_clayton/graphs/CPC__v10_a15_g18_s1000.json,,0.7821397530024115,12.0,7.0,0.33333333333333326,0.6956521739130436,0.3,0.5333333333333333
cbn_exp_clayton,CMIIC,"{""alpha"": 0.05}",10,15,1000,18,/home/mathis/Documents/Travail/cbnsl_benchmark/experiments/scaling/agrum3/../../../experiments/scaling/agrum3/2026-07-31_06h33_cbn_exp_clayton/graphs/golden__v10_a15_g18.json,/home/mathis/Documents/Travail/cbnsl_benchmark/experiments/scaling/agrum3/../../../experiments/scaling/agrum3/2026-07-31_06h33_cbn_exp_clayton/graphs/CMIIC__v10_a15_g18_s1000.json,,1.2600980210008856,11.0,4.0,0.4210526315789474,0.846153846153846,0.5,0.7333333333333333
cbn_exp_clayton,CPC,"{""alpha"": 0.05, ""max_conditioning_set_size"": 3}",10,15,3000,18,/home/mathis/Documents/Travail/cbnsl_benchmark/experiments/scaling/agrum3/../../../experiments/scaling/agrum3/2026-07-31_06h33_cbn_exp_clayton/graphs/golden__v10_a15_g18.json,/home/mathis/Documents/Travail/cbnsl_benchmark/experiments/scaling/agrum3/../../../experiments/scaling/agrum3/2026-07-31_06h33_cbn_exp_clayton/graphs/CPC__v10_a15_g18_s3000.json,,8.998337907996756,8.0,5.0,0.6363636363636365,0.8,0.5833333333333334,0.6666666666666666
cbn_exp_clayton,CMIIC,"{""alpha"": 0.05}",10,15,3000,18,/home/mathis/Documents/Travail/cbnsl_benchmark/experiments/scaling/agrum3/../../../experiments/scaling/agrum3/2026-07-31_06h33_cbn_exp_clayton/graphs/golden__v10_a15_g18.json,/home/mathis/Documents/Travail/cbnsl_benchmark/experiments/scaling/agrum3/../../../experiments/scaling/agrum3/2026-07-31_06h33_cbn_exp_clayton/graphs/CMIIC__v10_a15_g18_s3000.json,,10.081308729997545,11.0,4.0,0.4210526315789474,0.846153846153846,0.5,0.7333333333333333
cbn_exp_clayton,CPC,"{""alpha"": 0.05, ""max_conditioning_set_size"": 3}",10,15,5000,18,/home/mathis/Documents/Travail/cbnsl_benchmark/experiments/scaling/agrum3/../../../experiments/scaling/agrum3/2026-07-31_06h33_cbn_exp_clayton/graphs/golden__v10_a15_g18.json,/home/mathis/Documents/Travail/cbnsl_benchmark/experiments/scaling/agrum3/../../../experiments/scaling/agrum3/2026-07-31_06h33_cbn_exp_clayton/graphs/CPC__v10_a15_g18_s5000.json,,24.766517575997568,6.0,4.0,0.7500000000000001,0.846153846153846,0.6923076923076923,0.7333333333333333
cbn_exp_clayton,CMIIC,"{""alpha"": 0.05}",10,15,5000,18,/home/mathis/Documents/Travail/cbnsl_benchmark/experiments/scaling/agrum3/../../../experiments/scaling/agrum3/2026-07-31_06h33_cbn_exp_clayton/graphs/golden__v10_a15_g18.json,/home/mathis/Documents/Travail/cbnsl_benchmark/experiments/scaling/agrum3/../../../experiments/scaling/agrum3/2026-07-31_06h33_cbn_exp_clayton/graphs/CMIIC__v10_a15_g18_s5000.json,,25.101085664002312,11.0,4.0,0.4210526315789474,0.846153846153846,0.5,0.7333333333333333
cbn_exp_clayton,CPC,"{""alpha"": 0.05, ""max_conditioning_set_size"": 3}",10,15,200,19,/home/mathis/Documents/Travail/cbnsl_benchmark/experiments/scaling/agrum3/../../../experiments/scaling/agrum3/2026-07-31_06h33_cbn_exp_clayton/graphs/golden__v10_a15_g19.json,/home/mathis/Documents/Travail/cbnsl_benchmark/experiments/scaling/agrum3/../../../experiments/scaling/agrum3/2026-07-31_06h33_cbn_exp_clayton/graphs/CPC__v10_a15_g19_s200.json,,0.03019831599885947,15.0,15.0,0.0,0.0,0.0,0.0
cbn_exp_clayton,CMIIC,"{""alpha"": 0.05}",10,15,200,19,/home/mathis/Documents/Travail/cbnsl_benchmark/experiments/scaling/agrum3/../../../experiments/scaling/agrum3/2026-07-31_06h33_cbn_exp_clayton/graphs/golden__v10_a15_g19.json,/home/mathis/Documents/Travail/cbnsl_benchmark/experiments/scaling/agrum3/../../../experiments/scaling/agrum3/2026-07-31_06h33_cbn_exp_clayton/graphs/CMIIC__v10_a15_g19_s200.json,,0.11414500400132965,10.0,2.0,0.5,0.9285714285714286,0.7142857142857143,0.8666666666666667
cbn_exp_clayton,CPC,"{""alpha"": 0.05, ""max_conditioning_set_size"": 3}",10,15,500,19,/home/mathis/Documents/Travail/cbnsl_benchmark/experiments/scaling/agrum3/../../../experiments/scaling/agrum3/2026-07-31_06h33_cbn_exp_clayton/graphs/golden__v10_a15_g19.json,/home/mathis/Documents/Travail/cbnsl_benchmark/experiments/scaling/agrum3/../../../experiments/scaling/agrum3/2026-07-31_06h33_cbn_exp_clayton/graphs/CPC__v10_a15_g19_s500.json,,0.22547298100107582,13.0,12.0,0.23529411764705882,0.33333333333333337,0.14285714285714285,0.2
cbn_exp_clayton,CMIIC,"{""alpha"": 0.05}",10,15,500,19,/home/mathis/Documents/Travail/cbnsl_benchmark/experiments/scaling/agrum3/../../../experiments/scaling/agrum3/2026-07-31_06h33_cbn_exp_clayton/graphs/golden__v10_a15_g19.json,/home/mathis/Documents/Travail/cbnsl_benchmark/experiments/scaling/agrum3/../../../experiments/scaling/agrum3/2026-07-31_06h33_cbn_exp_clayton/graphs/CMIIC__v10_a15_g19_s500.json,,0.472125700001925,10.0,3.0,0.5,0.888888888888889,0.625,0.8
cbn_exp_clayton,CPC,"{""alpha"": 0.05, ""max_conditioning_set_size"": 3}",10,15,1000,19,/home/mathis/Documents/Travail/cbnsl_benchmark/experiments/scaling/agrum3/../../../experiments/scaling/agrum3/2026-07-31_06h33_cbn_exp_clayton/graphs/golden__v10_a15_g19.json,/home/mathis/Documents/Travail/cbnsl_benchmark/experiments/scaling/agrum3/../../../experiments/scaling/agrum3/2026-07-31_06h33_cbn_exp_clayton/graphs/CPC__v10_a15_g19_s1000.json,,1.3853933680002228,9.0,4.0,0.5714285714285713,0.846153846153846,0.6,0.7333333333333333
cbn_exp_clayton,CMIIC,"{""alpha"": 0.05}",10,15,1000,19,/home/mathis/Documents/Travail/cbnsl_benchmark/experiments/scaling/agrum3/../../../experiments/scaling/agrum3/2026-07-31_06h33_cbn_exp_clayton/graphs/golden__v10_a15_g19.json,/home/mathis/Documents/Travail/cbnsl_benchmark/experiments/scaling/agrum3/../../../experiments/scaling/agrum3/2026-07-31_06h33_cbn_exp_clayton/graphs/CMIIC__v10_a15_g19_s1000.json,,1.699888863000524,10.0,3.0,0.5,0.888888888888889,0.625,0.8
cbn_exp_clayton,CPC,"{""alpha"": 0.05, ""max_conditioning_set_size"": 3}",10,15,3000,19,/home/mathis/Documents/Travail/cbnsl_benchmark/experiments/scaling/agrum3/../../../experiments/scaling/agrum3/2026-07-31_06h33_cbn_exp_clayton/graphs/golden__v10_a15_g19.json,/home/mathis/Documents/Travail/cbnsl_benchmark/experiments/scaling/agrum3/../../../experiments/scaling/agrum3/2026-07-31_06h33_cbn_exp_clayton/graphs/CPC__v10_a15_g19_s3000.json,,14.545108071997674,8.0,8.0,0.6363636363636364,0.6363636363636364,0.4666666666666667,0.4666666666666667
cbn_exp_clayton,CMIIC,"{""alpha"": 0.05}",10,15,3000,19,/home/mathis/Documents/Travail/cbnsl_benchmark/experiments/scaling/agrum3/../../../experiments/scaling/agrum3/2026-07-31_06h33_cbn_exp_clayton/graphs/golden__v10_a15_g19.json,/home/mathis/Documents/Travail/cbnsl_benchmark/experiments/scaling/agrum3/../../../experiments/scaling/agrum3/2026-07-31_06h33_cbn_exp_clayton/graphs/CMIIC__v10_a15_g19_s3000.json,,11.496409184997901,10.0,3.0,0.5,0.888888888888889,0.625,0.8
cbn_exp_clayton,CPC,"{""alpha"": 0.05, ""max_conditioning_set_size"": 3}",10,15,5000,19,/home/mathis/Documents/Travail/cbnsl_benchmark/experiments/scaling/agrum3/../../../experiments/scaling/agrum3/2026-07-31_06h33_cbn_exp_clayton/graphs/golden__v10_a15_g19.json,/home/mathis/Documents/Travail/cbnsl_benchmark/experiments/scaling/agrum3/../../../experiments/scaling/agrum3/2026-07-31_06h33_cbn_exp_clayton/graphs/CPC__v10_a15_g19_s5000.json,,47.02551762999792,10.0,5.0,0.5,0.8,0.5,0.6666666666666666
cbn_exp_clayton,CMIIC,"{""alpha"": 0.05}",10,15,5000,19,/home/mathis/Documents/Travail/cbnsl_benchmark/experiments/scaling/agrum3/../../../experiments/scaling/agrum3/2026-07-31_06h33_cbn_exp_clayton/graphs/golden__v10_a15_g19.json,/home/mathis/Documents/Travail/cbnsl_benchmark/experiments/scaling/agrum3/../../../experiments/scaling/agrum3/2026-07-31_06h33_cbn_exp_clayton/graphs/CMIIC__v10_a15_g19_s5000.json,,30.718287719999353,10.0,3.0,0.5,0.888888888888889,0.625,0.8
cbn_exp_clayton,CPC,"{""alpha"": 0.05, ""max_conditioning_set_size"": 3}",10,15,200,20,/home/mathis/Documents/Travail/cbnsl_benchmark/experiments/scaling/agrum3/../../../experiments/scaling/agrum3/2026-07-31_06h33_cbn_exp_clayton/graphs/golden__v10_a15_g20.json,/home/mathis/Documents/Travail/cbnsl_benchmark/experiments/scaling/agrum3/../../../experiments/scaling/agrum3/2026-07-31_06h33_cbn_exp_clayton/graphs/CPC__v10_a15_g20_s200.json,,0.020509663001575973,10.0,10.0,0.16666666666666669,0.16666666666666669,0.09090909090909091,0.09090909090909091
cbn_exp_clayton,CMIIC,"{""alpha"": 0.05}",10,15,200,20,/home/mathis/Documents/Travail/cbnsl_benchmark/experiments/scaling/agrum3/../../../experiments/scaling/agrum3/2026-07-31_06h33_cbn_exp_clayton/graphs/golden__v10_a15_g20.json,/home/mathis/Documents/Travail/cbnsl_benchmark/experiments/scaling/agrum3/../../../experiments/scaling/agrum3/2026-07-31_06h33_cbn_exp_clayton/graphs/CMIIC__v10_a15_g20_s200.json,,0.06253963800190832,9.0,3.0,0.4,0.8571428571428572,0.6,0.8181818181818182
cbn_exp_clayton,CPC,"{""alpha"": 0.05, ""max_conditioning_set_size"": 3}",10,15,500,20,/home/mathis/Documents/Travail/cbnsl_benchmark/experiments/scaling/agrum3/../../../experiments/scaling/agrum3/2026-07-31_06h33_cbn_exp_clayton/graphs/golden__v10_a15_g20.json,/home/mathis/Documents/Travail/cbnsl_benchmark/experiments/scaling/agrum3/../../../experiments/scaling/agrum3/2026-07-31_06h33_cbn_exp_clayton/graphs/CPC__v10_a15_g20_s500.json,,0.156254933001037,9.0,7.0,0.30769230769230765,0.5333333333333333,0.2222222222222222,0.36363636363636365
cbn_exp_clayton,CMIIC,"{""alpha"": 0.05}",10,15,500,20,/home/mathis/Documents/Travail/cbnsl_benchmark/experiments/scaling/agrum3/../../../experiments/scaling/agrum3/2026-07-31_06h33_cbn_exp_clayton/graphs/golden__v10_a15_g20.json,/home/mathis/Documents/Travail/cbnsl_benchmark/experiments/scaling/agrum3/../../../experiments/scaling/agrum3/2026-07-31_06h33_cbn_exp_clayton/graphs/CMIIC__v10_a15_g20_s500.json,,0.29966531399986707,8.0,0.0,0.42857142857142855,1.0,1.0,1.0
cbn_exp_clayton,CPC,"{""alpha"": 0.05, ""max_conditioning_set_size"": 3}",10,15,1000,20,/home/mathis/Documents/Travail/cbnsl_benchmark/experiments/scaling/agrum3/../../../experiments/scaling/agrum3/2026-07-31_06h33_cbn_exp_clayton/graphs/golden__v10_a15_g20.json,/home/mathis/Documents/Travail/cbnsl_benchmark/experiments/scaling/agrum3/../../../experiments/scaling/agrum3/2026-07-31_06h33_cbn_exp_clayton/graphs/CPC__v10_a15_g20_s1000.json,,0.7157285819994286,10.0,3.0,0.16666666666666666,0.8421052631578948,0.25,0.7272727272727273
cbn_exp_clayton,CMIIC,"{""alpha"": 0.05}",10,15,1000,20,/home/mathis/Documents/Travail/cbnsl_benchmark/experiments/scaling/agrum3/../../../experiments/scaling/agrum3/2026-07-31_06h33_cbn_exp_clayton/graphs/golden__v10_a15_g20.json,/home/mathis/Documents/Travail/cbnsl_benchmark/experiments/scaling/agrum3/../../../experiments/scaling/agrum3/2026-07-31_06h33_cbn_exp_clayton/graphs/CMIIC__v10_a15_g20_s1000.json,,1.053763430001709,4.0,0.0,0.7777777777777778,1.0,1.0,1.0
cbn_exp_clayton,CPC,"{""alpha"": 0.05, ""max_conditioning_set_size"": 3}",10,15,3000,20,/home/mathis/Documents/Travail/cbnsl_benchmark/experiments/scaling/agrum3/../../../experiments/scaling/agrum3/2026-07-31_06h33_cbn_exp_clayton/graphs/golden__v10_a15_g20.json,/home/mathis/Documents/Travail/cbnsl_benchmark/experiments/scaling/agrum3/../../../experiments/scaling/agrum3/2026-07-31_06h33_cbn_exp_clayton/graphs/CPC__v10_a15_g20_s3000.json,,6.7804513160008355,3.0,1.0,0.8571428571428571,0.9565217391304348,1.0,1.0
cbn_exp_clayton,CMIIC,"{""alpha"": 0.05}",10,15,3000,20,/home/mathis/Documents/Travail/cbnsl_benchmark/experiments/scaling/agrum3/../../../experiments/scaling/agrum3/2026-07-31_06h33_cbn_exp_clayton/graphs/golden__v10_a15_g20.json,/home/mathis/Documents/Travail/cbnsl_benchmark/experiments/scaling/agrum3/../../../experiments/scaling/agrum3/2026-07-31_06h33_cbn_exp_clayton/graphs/CMIIC__v10_a15_g20_s3000.json,,8.256741789999069,4.0,0.0,0.7777777777777778,1.0,1.0,1.0
cbn_exp_clayton,CPC,"{""alpha"": 0.05, ""max_conditioning_set_size"": 3}",10,15,5000,20,/home/mathis/Documents/Travail/cbnsl_benchmark/experiments/scaling/agrum3/../../../experiments/scaling/agrum3/2026-07-31_06h33_cbn_exp_clayton/graphs/golden__v10_a15_g20.json,/home/mathis/Documents/Travail/cbnsl_benchmark/experiments/scaling/agrum3/../../../experiments/scaling/agrum3/2026-07-31_06h33_cbn_exp_clayton/graphs/CPC__v10_a15_g20_s5000.json,,19.0492899369965,1.0,1.0,0.9565217391304348,0.9565217391304348,1.0,1.0
cbn_exp_clayton,CMIIC,"{""alpha"": 0.05}",10,15,5000,20,/home/mathis/Documents/Travail/cbnsl_benchmark/experiments/scaling/agrum3/../../../experiments/scaling/agrum3/2026-07-31_06h33_cbn_exp_clayton/graphs/golden__v10_a15_g20.json,/home/mathis/Documents/Travail/cbnsl_benchmark/experiments/scaling/agrum3/../../../experiments/scaling/agrum3/2026-07-31_06h33_cbn_exp_clayton/graphs/CMIIC__v10_a15_g20_s5000.json,,21.935286994001217,4.0,0.0,0.7777777777777778,1.0,1.0,1.0
cbn_exp_clayton,CPC,"{""alpha"": 0.05, ""max_conditioning_set_size"": 3}",10,15,200,21,/home/mathis/Documents/Travail/cbnsl_benchmark/experiments/scaling/agrum3/../../../experiments/scaling/agrum3/2026-07-31_06h33_cbn_exp_clayton/graphs/golden__v10_a15_g21.json,/home/mathis/Documents/Travail/cbnsl_benchmark/experiments/scaling/agrum3/../../../experiments/scaling/agrum3/2026-07-31_06h33_cbn_exp_clayton/graphs/CPC__v10_a15_g21_s200.json,,0.021088174002215965,13.0,13.0,0.23529411764705882,0.23529411764705882,0.13333333333333333,0.13333333333333333
cbn_exp_clayton,CMIIC,"{""alpha"": 0.05}",10,15,200,21,/home/mathis/Documents/Travail/cbnsl_benchmark/experiments/scaling/agrum3/../../../experiments/scaling/agrum3/2026-07-31_06h33_cbn_exp_clayton/graphs/golden__v10_a15_g21.json,/home/mathis/Documents/Travail/cbnsl_benchmark/experiments/scaling/agrum3/../../../experiments/scaling/agrum3/2026-07-31_06h33_cbn_exp_clayton/graphs/CMIIC__v10_a15_g21_s200.json,,0.08639181000035023,14.0,3.0,0.125,0.888888888888889,0.25,0.8
cbn_exp_clayton,CPC,"{""alpha"": 0.05, ""max_conditioning_set_size"": 3}",10,15,500,21,/home/mathis/Documents/Travail/cbnsl_benchmark/experiments/scaling/agrum3/../../../experiments/scaling/agrum3/2026-07-31_06h33_cbn_exp_clayton/graphs/golden__v10_a15_g21.json,/home/mathis/Documents/Travail/cbnsl_benchmark/experiments/scaling/agrum3/../../../experiments/scaling/agrum3/2026-07-31_06h33_cbn_exp_clayton/graphs/CPC__v10_a15_g21_s500.json,,0.2005501860003278,14.0,12.0,0.125,0.33333333333333337,0.07692307692307693,0.2
cbn_exp_clayton,CMIIC,"{""alpha"": 0.05}",10,15,500,21,/home/mathis/Documents/Travail/cbnsl_benchmark/experiments/scaling/agrum3/../../../experiments/scaling/agrum3/2026-07-31_06h33_cbn_exp_clayton/graphs/golden__v10_a15_g21.json,/home/mathis/Documents/Travail/cbnsl_benchmark/experiments/scaling/agrum3/../../../experiments/scaling/agrum3/2026-07-31_06h33_cbn_exp_clayton/graphs/CMIIC__v10_a15_g21_s500.json,,0.34469265900042956,14.0,4.0,0.12500000000000003,0.846153846153846,0.2,0.7333333333333333
cbn_exp_clayton,CPC,"{""alpha"": 0.05, ""max_conditioning_set_size"": 3}",10,15,1000,21,/home/mathis/Documents/Travail/cbnsl_benchmark/experiments/scaling/agrum3/../../../experiments/scaling/agrum3/2026-07-31_06h33_cbn_exp_clayton/graphs/golden__v10_a15_g21.json,/home/mathis/Documents/Travail/cbnsl_benchmark/experiments/scaling/agrum3/../../../experiments/scaling/agrum3/2026-07-31_06h33_cbn_exp_clayton/graphs/CPC__v10_a15_g21_s1000.json,,1.076355897999747,10.0,5.0,0.5,0.8,0.5,0.6666666666666666
cbn_exp_clayton,CMIIC,"{""alpha"": 0.05}",10,15,1000,21,/home/mathis/Documents/Travail/cbnsl_benchmark/experiments/scaling/agrum3/../../../experiments/scaling/agrum3/2026-07-31_06h33_cbn_exp_clayton/graphs/golden__v10_a15_g21.json,/home/mathis/Documents/Travail/cbnsl_benchmark/experiments/scaling/agrum3/../../../experiments/scaling/agrum3/2026-07-31_06h33_cbn_exp_clayton/graphs/CMIIC__v10_a15_g21_s1000.json,,1.221444397000596,14.0,4.0,0.12500000000000003,0.846153846153846,0.2,0.7333333333333333
cbn_exp_clayton,CPC,"{""alpha"": 0.05, ""max_conditioning_set_size"": 3}",10,15,3000,21,/home/mathis/Documents/Travail/cbnsl_benchmark/experiments/scaling/agrum3/../../../experiments/scaling/agrum3/2026-07-31_06h33_cbn_exp_clayton/graphs/golden__v10_a15_g21.json,/home/mathis/Documents/Travail/cbnsl_benchmark/experiments/scaling/agrum3/../../../experiments/scaling/agrum3/2026-07-31_06h33_cbn_exp_clayton/graphs/CPC__v10_a15_g21_s3000.json,,13.646998306001478,8.0,4.0,0.6363636363636364,0.846153846153846,0.6363636363636364,0.7333333333333333
cbn_exp_clayton,CMIIC,"{""alpha"": 0.05}",10,15,3000,21,/home/mathis/Documents/Travail/cbnsl_benchmark/experiments/scaling/agrum3/../../../experiments/scaling/agrum3/2026-07-31_06h33_cbn_exp_clayton/graphs/golden__v10_a15_g21.json,/home/mathis/Documents/Travail/cbnsl_benchmark/experiments/scaling/agrum3/../../../experiments/scaling/agrum3/2026-07-31_06h33_cbn_exp_clayton/graphs/CMIIC__v10_a15_g21_s3000.json,,8.453758629999356,14.0,4.0,0.12500000000000003,0.846153846153846,0.2,0.7333333333333333
cbn_exp_clayton,CPC,"{""alpha"": 0.05, ""max_conditioning_set_size"": 3}",10,15,5000,21,/home/mathis/Documents/Travail/cbnsl_benchmark/experiments/scaling/agrum3/../../../experiments/scaling/agrum3/2026-07-31_06h33_cbn_exp_clayton/graphs/golden__v10_a15_g21.json,/home/mathis/Documents/Travail/cbnsl_benchmark/experiments/scaling/agrum3/../../../experiments/scaling/agrum3/2026-07-31_06h33_cbn_exp_clayton/graphs/CPC__v10_a15_g21_s5000.json,,39.03197464100231,7.0,3.0,0.6956521739130435,0.888888888888889,0.7272727272727273,0.8
cbn_exp_clayton,CMIIC,"{""alpha"": 0.05}",10,15,5000,21,/home/mathis/Documents/Travail/cbnsl_benchmark/experiments/scaling/agrum3/../../../experiments/scaling/agrum3/2026-07-31_06h33_cbn_exp_clayton/graphs/golden__v10_a15_g21.json,/home/mathis/Documents/Travail/cbnsl_benchmark/experiments/scaling/agrum3/../../../experiments/scaling/agrum3/2026-07-31_06h33_cbn_exp_clayton/graphs/CMIIC__v10_a15_g21_s5000.json,,22.416990011999587,14.0,4.0,0.12500000000000003,0.846153846153846,0.2,0.7333333333333333
cbn_exp_clayton,CPC,"{""alpha"": 0.05, ""max_conditioning_set_size"": 3}",10,15,200,22,/home/mathis/Documents/Travail/cbnsl_benchmark/experiments/scaling/agrum3/../../../experiments/scaling/agrum3/2026-07-31_06h33_cbn_exp_clayton/graphs/golden__v10_a15_g22.json,/home/mathis/Documents/Travail/cbnsl_benchmark/experiments/scaling/agrum3/../../../experiments/scaling/agrum3/2026-07-31_06h33_cbn_exp_clayton/graphs/CPC__v10_a15_g22_s200.json,,0.041997894000814995,15.0,15.0,0.0,0.0,0.0,0.0
cbn_exp_clayton,CMIIC,"{""alpha"": 0.05}",10,15,200,22,/home/mathis/Documents/Travail/cbnsl_benchmark/experiments/scaling/agrum3/../../../experiments/scaling/agrum3/2026-07-31_06h33_cbn_exp_clayton/graphs/golden__v10_a15_g22.json,/home/mathis/Documents/Travail/cbnsl_benchmark/experiments/scaling/agrum3/../../../experiments/scaling/agrum3/2026-07-31_06h33_cbn_exp_clayton/graphs/CMIIC__v10_a15_g22_s200.json,,0.10635558899957687,7.0,2.0,0.6956521739130435,0.9285714285714286,0.8,0.8666666666666667
cbn_exp_clayton,CPC,"{""alpha"": 0.05, ""max_conditioning_set_size"": 3}",10,15,500,22,/home/mathis/Documents/Travail/cbnsl_benchmark/experiments/scaling/agrum3/../../../experiments/scaling/agrum3/2026-07-31_06h33_cbn_exp_clayton/graphs/golden__v10_a15_g22.json,/home/mathis/Documents/Travail/cbnsl_benchmark/experiments/scaling/agrum3/../../../experiments/scaling/agrum3/2026-07-31_06h33_cbn_exp_clayton/graphs/CPC__v10_a15_g22_s500.json,,0.2297033780014317,15.0,13.0,0.0,0.23529411764705882,0.0,0.13333333333333333
cbn_exp_clayton,CMIIC,"{""alpha"": 0.05}",10,15,500,22,/home/mathis/Documents/Travail/cbnsl_benchmark/experiments/scaling/agrum3/../../../experiments/scaling/agrum3/2026-07-31_06h33_cbn_exp_clayton/graphs/golden__v10_a15_g22.json,/home/mathis/Documents/Travail/cbnsl_benchmark/experiments/scaling/agrum3/../../../experiments/scaling/agrum3/2026-07-31_06h33_cbn_exp_clayton/graphs/CMIIC__v10_a15_g22_s500.json,,0.46007535900207586,7.0,1.0,0.6956521739130435,0.9655172413793104,0.8888888888888888,0.9333333333333333
cbn_exp_clayton,CPC,"{""alpha"": 0.05, ""max_conditioning_set_size"": 3}",10,15,1000,22,/home/mathis/Documents/Travail/cbnsl_benchmark/experiments/scaling/agrum3/../../../experiments/scaling/agrum3/2026-07-31_06h33_cbn_exp_clayton/graphs/golden__v10_a15_g22.json,/home/mathis/Documents/Travail/cbnsl_benchmark/experiments/scaling/agrum3/../../../experiments/scaling/agrum3/2026-07-31_06h33_cbn_exp_clayton/graphs/CPC__v10_a15_g22_s1000.json,,1.2636249610004597,11.0,5.0,0.4210526315789474,0.8,0.4444444444444444,0.6666666666666666
cbn_exp_clayton,CMIIC,"{""alpha"": 0.05}",10,15,1000,22,/home/mathis/Documents/Travail/cbnsl_benchmark/experiments/scaling/agrum3/../../../experiments/scaling/agrum3/2026-07-31_06h33_cbn_exp_clayton/graphs/golden__v10_a15_g22.json,/home/mathis/Documents/Travail/cbnsl_benchmark/experiments/scaling/agrum3/../../../experiments/scaling/agrum3/2026-07-31_06h33_cbn_exp_clayton/graphs/CMIIC__v10_a15_g22_s1000.json,,1.7881081040031859,7.0,2.0,0.6956521739130435,0.9285714285714286,0.8,0.8666666666666667
cbn_exp_clayton,CPC,"{""alpha"": 0.05, ""max_conditioning_set_size"": 3}",10,15,3000,22,/home/mathis/Documents/Travail/cbnsl_benchmark/experiments/scaling/agrum3/../../../experiments/scaling/agrum3/2026-07-31_06h33_cbn_exp_clayton/graphs/golden__v10_a15_g22.json,/home/mathis/Documents/Travail/cbnsl_benchmark/experiments/scaling/agrum3/../../../experiments/scaling/agrum3/2026-07-31_06h33_cbn_exp_clayton/graphs/CPC__v10_a15_g22_s3000.json,,14.285694995000085,7.0,6.0,0.6956521739130435,0.7499999999999999,0.5714285714285714,0.6
cbn_exp_clayton,CMIIC,"{""alpha"": 0.05}",10,15,3000,22,/home/mathis/Documents/Travail/cbnsl_benchmark/experiments/scaling/agrum3/../../../experiments/scaling/agrum3/2026-07-31_06h33_cbn_exp_clayton/graphs/golden__v10_a15_g22.json,/home/mathis/Documents/Travail/cbnsl_benchmark/experiments/scaling/agrum3/../../../experiments/scaling/agrum3/2026-07-31_06h33_cbn_exp_clayton/graphs/CMIIC__v10_a15_g22_s3000.json,,11.762193851001939,7.0,2.0,0.6956521739130435,0.9285714285714286,0.8,0.8666666666666667
cbn_exp_clayton,CPC,"{""alpha"": 0.05, ""max_conditioning_set_size"": 3}",10,15,5000,22,/home/mathis/Documents/Travail/cbnsl_benchmark/experiments/scaling/agrum3/../../../experiments/scaling/agrum3/2026-07-31_06h33_cbn_exp_clayton/graphs/golden__v10_a15_g22.json,/home/mathis/Documents/Travail/cbnsl_benchmark/experiments/scaling/agrum3/../../../experiments/scaling/agrum3/2026-07-31_06h33_cbn_exp_clayton/graphs/CPC__v10_a15_g22_s5000.json,,41.75825420500041,5.0,4.0,0.8,0.846153846153846,0.7142857142857143,0.7333333333333333
cbn_exp_clayton,CMIIC,"{""alpha"": 0.05}",10,15,5000,22,/home/mathis/Documents/Travail/cbnsl_benchmark/experiments/scaling/agrum3/../../../experiments/scaling/agrum3/2026-07-31_06h33_cbn_exp_clayton/graphs/golden__v10_a15_g22.json,/home/mathis/Documents/Travail/cbnsl_benchmark/experiments/scaling/agrum3/../../../experiments/scaling/agrum3/2026-07-31_06h33_cbn_exp_clayton/graphs/CMIIC__v10_a15_g22_s5000.json,,30.984553048001544,7.0,2.0,0.6956521739130435,0.9285714285714286,0.8,0.8666666666666667
cbn_exp_clayton,CPC,"{""alpha"": 0.05, ""max_conditioning_set_size"": 3}",10,15,200,23,/home/mathis/Documents/Travail/cbnsl_benchmark/experiments/scaling/agrum3/../../../experiments/scaling/agrum3/2026-07-31_06h33_cbn_exp_clayton/graphs/golden__v10_a15_g23.json,/home/mathis/Documents/Travail/cbnsl_benchmark/experiments/scaling/agrum3/../../../experiments/scaling/agrum3/2026-07-31_06h33_cbn_exp_clayton/graphs/CPC__v10_a15_g23_s200.json,,0.04321614600121393,15.0,15.0,0.0,0.0,0.0,0.0
cbn_exp_clayton,CMIIC,"{""alpha"": 0.05}",10,15,200,23,/home/mathis/Documents/Travail/cbnsl_benchmark/experiments/scaling/agrum3/../../../experiments/scaling/agrum3/2026-07-31_06h33_cbn_exp_clayton/graphs/golden__v10_a15_g23.json,/home/mathis/Documents/Travail/cbnsl_benchmark/experiments/scaling/agrum3/../../../experiments/scaling/agrum3/2026-07-31_06h33_cbn_exp_clayton/graphs/CMIIC__v10_a15_g23_s200.json,,0.12426999700255692,12.0,4.0,0.4,0.8571428571428571,0.5714285714285714,0.8
cbn_exp_clayton,CPC,"{""alpha"": 0.05, ""max_conditioning_set_size"": 3}",10,15,500,23,/home/mathis/Documents/Travail/cbnsl_benchmark/experiments/scaling/agrum3/../../../experiments/scaling/agrum3/2026-07-31_06h33_cbn_exp_clayton/graphs/golden__v10_a15_g23.json,/home/mathis/Documents/Travail/cbnsl_benchmark/experiments/scaling/agrum3/../../../experiments/scaling/agrum3/2026-07-31_06h33_cbn_exp_clayton/graphs/CPC__v10_a15_g23_s500.json,,0.16741006200027186,15.0,15.0,0.0,0.0,0.0,0.0
cbn_exp_clayton,CMIIC,"{""alpha"": 0.05}",10,15,500,23,/home/mathis/Documents/Travail/cbnsl_benchmark/experiments/scaling/agrum3/../../../experiments/scaling/agrum3/2026-07-31_06h33_cbn_exp_clayton/graphs/golden__v10_a15_g23.json,/home/mathis/Documents/Travail/cbnsl_benchmark/experiments/scaling/agrum3/../../../experiments/scaling/agrum3/2026-07-31_06h33_cbn_exp_clayton/graphs/CMIIC__v10_a15_g23_s500.json,,0.5208386260019324,10.0,2.0,0.5,0.9285714285714286,0.7142857142857143,0.8666666666666667
cbn_exp_clayton,CPC,"{""alpha"": 0.05, ""max_conditioning_set_size"": 3}",10,15,1000,23,/home/mathis/Documents/Travail/cbnsl_benchmark/experiments/scaling/agrum3/../../../experiments/scaling/agrum3/2026-07-31_06h33_cbn_exp_clayton/graphs/golden__v10_a15_g23.json,/home/mathis/Documents/Travail/cbnsl_benchmark/experiments/scaling/agrum3/../../../experiments/scaling/agrum3/2026-07-31_06h33_cbn_exp_clayton/graphs/CPC__v10_a15_g23_s1000.json,,1.3255111739999847,12.0,4.0,0.4,0.8571428571428571,0.5714285714285714,0.8
cbn_exp_clayton,CMIIC,"{""alpha"": 0.05}",10,15,1000,23,/home/mathis/Documents/Travail/cbnsl_benchmark/experiments/scaling/agrum3/../../../experiments/scaling/agrum3/2026-07-31_06h33_cbn_exp_clayton/graphs/golden__v10_a15_g23.json,/home/mathis/Documents/Travail/cbnsl_benchmark/experiments/scaling/agrum3/../../../experiments/scaling/agrum3/2026-07-31_06h33_cbn_exp_clayton/graphs/CMIIC__v10_a15_g23_s1000.json,,1.8169823059979535,11.0,3.0,0.4761904761904762,0.896551724137931,0.7142857142857143,0.8666666666666667
cbn_exp_clayton,CPC,"{""alpha"": 0.05, ""max_conditioning_set_size"": 3}",10,15,3000,23,/home/mathis/Documents/Travail/cbnsl_benchmark/experiments/scaling/agrum3/../../../experiments/scaling/agrum3/2026-07-31_06h33_cbn_exp_clayton/graphs/golden__v10_a15_g23.json,/home/mathis/Documents/Travail/cbnsl_benchmark/experiments/scaling/agrum3/../../../experiments/scaling/agrum3/2026-07-31_06h33_cbn_exp_clayton/graphs/CPC__v10_a15_g23_s3000.json,,16.386343539001246,12.0,11.0,0.3333333333333333,0.4210526315789474,0.21428571428571427,0.26666666666666666
cbn_exp_clayton,CMIIC,"{""alpha"": 0.05}",10,15,3000,23,/home/mathis/Documents/Travail/cbnsl_benchmark/experiments/scaling/agrum3/../../../experiments/scaling/agrum3/2026-07-31_06h33_cbn_exp_clayton/graphs/golden__v10_a15_g23.json,/home/mathis/Documents/Travail/cbnsl_benchmark/experiments/scaling/agrum3/../../../experiments/scaling/agrum3/2026-07-31_06h33_cbn_exp_clayton/graphs/CMIIC__v10_a15_g23_s3000.json,,14.68987915300022,10.0,1.0,0.5,0.9655172413793104,0.8333333333333334,0.9333333333333333
cbn_exp_clayton,CPC,"{""alpha"": 0.05, ""max_conditioning_set_size"": 3}",10,15,5000,23,/home/mathis/Documents/Travail/cbnsl_benchmark/experiments/scaling/agrum3/../../../experiments/scaling/agrum3/2026-07-31_06h33_cbn_exp_clayton/graphs/golden__v10_a15_g23.json,/home/mathis/Documents/Travail/cbnsl_benchmark/experiments/scaling/agrum3/../../../experiments/scaling/agrum3/2026-07-31_06h33_cbn_exp_clayton/graphs/CPC__v10_a15_g23_s5000.json,,64.72584685099719,13.0,4.0,0.23529411764705885,0.846153846153846,0.3333333333333333,0.7333333333333333
cbn_exp_clayton,CMIIC,"{""alpha"": 0.05}",10,15,5000,23,/home/mathis/Documents/Travail/cbnsl_benchmark/experiments/scaling/agrum3/../../../experiments/scaling/agrum3/2026-07-31_06h33_cbn_exp_clayton/graphs/golden__v10_a15_g23.json,/home/mathis/Documents/Travail/cbnsl_benchmark/experiments/scaling/agrum3/../../../experiments/scaling/agrum3/2026-07-31_06h33_cbn_exp_clayton/graphs/CMIIC__v10_a15_g23_s5000.json,,42.50379697099925,10.0,1.0,0.5,0.9655172413793104,0.8333333333333334,0.9333333333333333
cbn_exp_clayton,CPC,"{""alpha"": 0.05, ""max_conditioning_set_size"": 3}",10,15,200,24,/home/mathis/Documents/Travail/cbnsl_benchmark/experiments/scaling/agrum3/../../../experiments/scaling/agrum3/2026-07-31_06h33_cbn_exp_clayton/graphs/golden__v10_a15_g24.json,/home/mathis/Documents/Travail/cbnsl_benchmark/experiments/scaling/agrum3/../../../experiments/scaling/agrum3/2026-07-31_06h33_cbn_exp_clayton/graphs/CPC__v10_a15_g24_s200.json,,0.025959143000363838,11.0,10.0,0.0,0.16666666666666669,0.0,0.09090909090909091
cbn_exp_clayton,CMIIC,"{""alpha"": 0.05}",10,15,200,24,/home/mathis/Documents/Travail/cbnsl_benchmark/experiments/scaling/agrum3/../../../experiments/scaling/agrum3/2026-07-31_06h33_cbn_exp_clayton/graphs/golden__v10_a15_g24.json,/home/mathis/Documents/Travail/cbnsl_benchmark/experiments/scaling/agrum3/../../../experiments/scaling/agrum3/2026-07-31_06h33_cbn_exp_clayton/graphs/CMIIC__v10_a15_g24_s200.json,,0.0646873850018892,6.0,0.0,0.625,1.0,1.0,1.0
cbn_exp_clayton,CPC,"{""alpha"": 0.05, ""max_conditioning_set_size"": 3}",10,15,500,24,/home/mathis/Documents/Travail/cbnsl_benchmark/experiments/scaling/agrum3/../../../experiments/scaling/agrum3/2026-07-31_06h33_cbn_exp_clayton/graphs/golden__v10_a15_g24.json,/home/mathis/Documents/Travail/cbnsl_benchmark/experiments/scaling/agrum3/../../../experiments/scaling/agrum3/2026-07-31_06h33_cbn_exp_clayton/graphs/CPC__v10_a15_g24_s500.json,,0.2469144349997805,9.0,6.0,0.3076923076923077,0.625,0.25,0.45454545454545453
cbn_exp_clayton,CMIIC,"{""alpha"": 0.05}",10,15,500,24,/home/mathis/Documents/Travail/cbnsl_benchmark/experiments/scaling/agrum3/../../../experiments/scaling/agrum3/2026-07-31_06h33_cbn_exp_clayton/graphs/golden__v10_a15_g24.json,/home/mathis/Documents/Travail/cbnsl_benchmark/experiments/scaling/agrum3/../../../experiments/scaling/agrum3/2026-07-31_06h33_cbn_exp_clayton/graphs/CMIIC__v10_a15_g24_s500.json,,0.3483228949990007,6.0,0.0,0.625,1.0,1.0,1.0
cbn_exp_clayton,CPC,"{""alpha"": 0.05, ""max_conditioning_set_size"": 3}",10,15,1000,24,/home/mathis/Documents/Travail/cbnsl_benchmark/experiments/scaling/agrum3/../../../experiments/scaling/agrum3/2026-07-31_06h33_cbn_exp_clayton/graphs/golden__v10_a15_g24.json,/home/mathis/Documents/Travail/cbnsl_benchmark/experiments/scaling/agrum3/../../../experiments/scaling/agrum3/2026-07-31_06h33_cbn_exp_clayton/graphs/CPC__v10_a15_g24_s1000.json,,1.2201324599991494,8.0,0.0,0.42857142857142855,1.0,1.0,1.0
cbn_exp_clayton,CMIIC,"{""alpha"": 0.05}",10,15,1000,24,/home/mathis/Documents/Travail/cbnsl_benchmark/experiments/scaling/agrum3/../../../experiments/scaling/agrum3/2026-07-31_06h33_cbn_exp_clayton/graphs/golden__v10_a15_g24.json,/home/mathis/Documents/Travail/cbnsl_benchmark/experiments/scaling/agrum3/../../../experiments/scaling/agrum3/2026-07-31_06h33_cbn_exp_clayton/graphs/CMIIC__v10_a15_g24_s1000.json,,1.2419487769984698,6.0,0.0,0.625,1.0,1.0,1.0
cbn_exp_clayton,CPC,"{""alpha"": 0.05, ""max_conditioning_set_size"": 3}",10,15,3000,24,/home/mathis/Documents/Travail/cbnsl_benchmark/experiments/scaling/agrum3/../../../experiments/scaling/agrum3/2026-07-31_06h33_cbn_exp_clayton/graphs/golden__v10_a15_g24.json,/home/mathis/Documents/Travail/cbnsl_benchmark/experiments/scaling/agrum3/../../../experiments/scaling/agrum3/2026-07-31_06h33_cbn_exp_clayton/graphs/CPC__v10_a15_g24_s3000.json,,11.890324847001466,6.0,1.0,0.625,0.9523809523809523,0.8333333333333334,0.9090909090909091
cbn_exp_clayton,CMIIC,"{""alpha"": 0.05}",10,15,3000,24,/home/mathis/Documents/Travail/cbnsl_benchmark/experiments/scaling/agrum3/../../../experiments/scaling/agrum3/2026-07-31_06h33_cbn_exp_clayton/graphs/golden__v10_a15_g24.json,/home/mathis/Documents/Travail/cbnsl_benchmark/experiments/scaling/agrum3/../../../experiments/scaling/agrum3/2026-07-31_06h33_cbn_exp_clayton/graphs/CMIIC__v10_a15_g24_s3000.json,,8.383707773002243,6.0,0.0,0.625,1.0,1.0,1.0
cbn_exp_clayton,CPC,"{""alpha"": 0.05, ""max_conditioning_set_size"": 3}",10,15,5000,24,/home/mathis/Documents/Travail/cbnsl_benchmark/experiments/scaling/agrum3/../../../experiments/scaling/agrum3/2026-07-31_06h33_cbn_exp_clayton/graphs/golden__v10_a15_g24.json,/home/mathis/Documents/Travail/cbnsl_benchmark/experiments/scaling/agrum3/../../../experiments/scaling/agrum3/2026-07-31_06h33_cbn_exp_clayton/graphs/CPC__v10_a15_g24_s5000.json,,31.95780409699728,3.0,0.0,0.8421052631578948,1.0,1.0,1.0
cbn_exp_clayton,CMIIC,"{""alpha"": 0.05}",10,15,5000,24,/home/mathis/Documents/Travail/cbnsl_benchmark/experiments/scaling/agrum3/../../../experiments/scaling/agrum3/2026-07-31_06h33_cbn_exp_clayton/graphs/golden__v10_a15_g24.json,/home/mathis/Documents/Travail/cbnsl_benchmark/experiments/scaling/agrum3/../../../experiments/scaling/agrum3/2026-07-31_06h33_cbn_exp_clayton/graphs/CMIIC__v10_a15_g24_s5000.json,,22.516589622002357,6.0,0.0,0.625,1.0,1.0,1.0
cbn_exp_clayton,CPC,"{""alpha"": 0.05, ""max_conditioning_set_size"": 3}",10,15,200,25,/home/mathis/Documents/Travail/cbnsl_benchmark/experiments/scaling/agrum3/../../../experiments/scaling/agrum3/2026-07-31_06h33_cbn_exp_clayton/graphs/golden__v10_a15_g25.json,/home/mathis/Documents/Travail/cbnsl_benchmark/experiments/scaling/agrum3/../../../experiments/scaling/agrum3/2026-07-31_06h33_cbn_exp_clayton/graphs/CPC__v10_a15_g25_s200.json,,0.02904090499941958,15.0,14.0,0.0,0.125,0.0,0.06666666666666667
cbn_exp_clayton,CMIIC,"{""alpha"": 0.05}",10,15,200,25,/home/mathis/Documents/Travail/cbnsl_benchmark/experiments/scaling/agrum3/../../../experiments/scaling/agrum3/2026-07-31_06h33_cbn_exp_clayton/graphs/golden__v10_a15_g25.json,/home/mathis/Documents/Travail/cbnsl_benchmark/experiments/scaling/agrum3/../../../experiments/scaling/agrum3/2026-07-31_06h33_cbn_exp_clayton/graphs/CMIIC__v10_a15_g25_s200.json,,0.10278892500355141,9.0,2.0,0.5714285714285714,0.9285714285714286,0.75,0.8666666666666667
cbn_exp_clayton,CPC,"{""alpha"": 0.05, ""max_conditioning_set_size"": 3}",10,15,500,25,/home/mathis/Documents/Travail/cbnsl_benchmark/experiments/scaling/agrum3/../../../experiments/scaling/agrum3/2026-07-31_06h33_cbn_exp_clayton/graphs/golden__v10_a15_g25.json,/home/mathis/Documents/Travail/cbnsl_benchmark/experiments/scaling/agrum3/../../../experiments/scaling/agrum3/2026-07-31_06h33_cbn_exp_clayton/graphs/CPC__v10_a15_g25_s500.json,,0.16454582500227843,15.0,14.0,0.0,0.125,0.0,0.06666666666666667
cbn_exp_clayton,CMIIC,"{""alpha"": 0.05}",10,15,500,25,/home/mathis/Documents/Travail/cbnsl_benchmark/experiments/scaling/agrum3/../../../experiments/scaling/agrum3/2026-07-31_06h33_cbn_exp_clayton/graphs/golden__v10_a15_g25.json,/home/mathis/Documents/Travail/cbnsl_benchmark/experiments/scaling/agrum3/../../../experiments/scaling/agrum3/2026-07-31_06h33_cbn_exp_clayton/graphs/CMIIC__v10_a15_g25_s500.json,,0.4748065769999812,9.0,1.0,0.5714285714285714,0.9655172413793104,0.8571428571428571,0.9333333333333333
cbn_exp_clayton,CPC,"{""alpha"": 0.05, ""max_conditioning_set_size"": 3}",10,15,1000,25,/home/mathis/Documents/Travail/cbnsl_benchmark/experiments/scaling/agrum3/../../../experiments/scaling/agrum3/2026-07-31_06h33_cbn_exp_clayton/graphs/golden__v10_a15_g25.json,/home/mathis/Documents/Travail/cbnsl_benchmark/experiments/scaling/agrum3/../../../experiments/scaling/agrum3/2026-07-31_06h33_cbn_exp_clayton/graphs/CPC__v10_a15_g25_s1000.json,,0.9529470769994077,12.0,6.0,0.3333333333333333,0.7499999999999999,0.3333333333333333,0.6
cbn_exp_clayton,CMIIC,"{""alpha"": 0.05}",10,15,1000,25,/home/mathis/Documents/Travail/cbnsl_benchmark/experiments/scaling/agrum3/../../../experiments/scaling/agrum3/2026-07-31_06h33_cbn_exp_clayton/graphs/golden__v10_a15_g25.json,/home/mathis/Documents/Travail/cbnsl_benchmark/experiments/scaling/agrum3/../../../experiments/scaling/agrum3/2026-07-31_06h33_cbn_exp_clayton/graphs/CMIIC__v10_a15_g25_s1000.json,,1.6440848029997142,9.0,1.0,0.5714285714285714,0.9655172413793104,0.8571428571428571,0.9333333333333333
cbn_exp_clayton,CPC,"{""alpha"": 0.05, ""max_conditioning_set_size"": 3}",10,15,3000,25,/home/mathis/Documents/Travail/cbnsl_benchmark/experiments/scaling/agrum3/../../../experiments/scaling/agrum3/2026-07-31_06h33_cbn_exp_clayton/graphs/golden__v10_a15_g25.json,/home/mathis/Documents/Travail/cbnsl_benchmark/experiments/scaling/agrum3/../../../experiments/scaling/agrum3/2026-07-31_06h33_cbn_exp_clayton/graphs/CPC__v10_a15_g25_s3000.json,,10.98250217399982,11.0,5.0,0.4210526315789474,0.8,0.4444444444444444,0.6666666666666666
cbn_exp_clayton,CMIIC,"{""alpha"": 0.05}",10,15,3000,25,/home/mathis/Documents/Travail/cbnsl_benchmark/experiments/scaling/agrum3/../../../experiments/scaling/agrum3/2026-07-31_06h33_cbn_exp_clayton/graphs/golden__v10_a15_g25.json,/home/mathis/Documents/Travail/cbnsl_benchmark/experiments/scaling/agrum3/../../../experiments/scaling/agrum3/2026-07-31_06h33_cbn_exp_clayton/graphs/CMIIC__v10_a15_g25_s3000.json,,11.084032548998948,9.0,3.0,0.5714285714285715,0.888888888888889,0.6666666666666666,0.8
cbn_exp_clayton,CPC,"{""alpha"": 0.05, ""max_conditioning_set_size"": 3}",10,15,5000,25,/home/mathis/Documents/Travail/cbnsl_benchmark/experiments/scaling/agrum3/../../../experiments/scaling/agrum3/2026-07-31_06h33_cbn_exp_clayton/graphs/golden__v10_a15_g25.json,/home/mathis/Documents/Travail/cbnsl_benchmark/experiments/scaling/agrum3/../../../experiments/scaling/agrum3/2026-07-31_06h33_cbn_exp_clayton/graphs/CPC__v10_a15_g25_s5000.json,,29.188121505001618,13.0,4.0,0.23529411764705885,0.846153846153846,0.3333333333333333,0.7333333333333333
cbn_exp_clayton,CMIIC,"{""alpha"": 0.05}",10,15,5000,25,/home/mathis/Documents/Travail/cbnsl_benchmark/experiments/scaling/agrum3/../../../experiments/scaling/agrum3/2026-07-31_06h33_cbn_exp_clayton/graphs/golden__v10_a15_g25.json,/home/mathis/Documents/Travail/cbnsl_benchmark/experiments/scaling/agrum3/../../../experiments/scaling/agrum3/2026-07-31_06h33_cbn_exp_clayton/graphs/CMIIC__v10_a15_g25_s5000.json,,29.600146043001587,9.0,3.0,0.5714285714285715,0.888888888888889,0.6666666666666666,0.8
cbn_exp_clayton,CPC,"{""alpha"": 0.05, ""max_conditioning_set_size"": 3}",10,15,200,26,/home/mathis/Documents/Travail/cbnsl_benchmark/experiments/scaling/agrum3/../../../experiments/scaling/agrum3/2026-07-31_06h33_cbn_exp_clayton/graphs/golden__v10_a15_g26.json,/home/mathis/Documents/Travail/cbnsl_benchmark/experiments/scaling/agrum3/../../../experiments/scaling/agrum3/2026-07-31_06h33_cbn_exp_clayton/graphs/CPC__v10_a15_g26_s200.json,,0.024181895001675002,13.0,10.0,0.23529411764705882,0.5,0.16666666666666666,0.3333333333333333
cbn_exp_clayton,CMIIC,"{""alpha"": 0.05}",10,15,200,26,/home/mathis/Documents/Travail/cbnsl_benchmark/experiments/scaling/agrum3/../../../experiments/scaling/agrum3/2026-07-31_06h33_cbn_exp_clayton/graphs/golden__v10_a15_g26.json,/home/mathis/Documents/Travail/cbnsl_benchmark/experiments/scaling/agrum3/../../../experiments/scaling/agrum3/2026-07-31_06h33_cbn_exp_clayton/graphs/CMIIC__v10_a15_g26_s200.json,,0.07945166599893128,13.0,5.0,0.23529411764705882,0.8,0.2857142857142857,0.6666666666666666
cbn_exp_clayton,CPC,"{""alpha"": 0.05, ""max_conditioning_set_size"": 3}",10,15,500,26,/home/mathis/Documents/Travail/cbnsl_benchmark/experiments/scaling/agrum3/../../../experiments/scaling/agrum3/2026-07-31_06h33_cbn_exp_clayton/graphs/golden__v10_a15_g26.json,/home/mathis/Documents/Travail/cbnsl_benchmark/experiments/scaling/agrum3/../../../experiments/scaling/agrum3/2026-07-31_06h33_cbn_exp_clayton/graphs/CPC__v10_a15_g26_s500.json,,0.1142242649984837,12.0,11.0,0.3333333333333333,0.4210526315789474,0.21428571428571427,0.26666666666666666
cbn_exp_clayton,CMIIC,"{""alpha"": 0.05}",10,15,500,26,/home/mathis/Documents/Travail/cbnsl_benchmark/experiments/scaling/agrum3/../../../experiments/scaling/agrum3/2026-07-31_06h33_cbn_exp_clayton/graphs/golden__v10_a15_g26.json,/home/mathis/Documents/Travail/cbnsl_benchmark/experiments/scaling/agrum3/../../../experiments/scaling/agrum3/2026-07-31_06h33_cbn_exp_clayton/graphs/CMIIC__v10_a15_g26_s500.json,,0.2571341629991366,13.0,5.0,0.23529411764705882,0.8,0.2857142857142857,0.6666666666666666
cbn_exp_clayton,CPC,"{""alpha"": 0.05, ""max_conditioning_set_size"": 3}",10,15,1000,26,/home/mathis/Documents/Travail/cbnsl_benchmark/experiments/scaling/agrum3/../../../experiments/scaling/agrum3/2026-07-31_06h33_cbn_exp_clayton/graphs/golden__v10_a15_g26.json,/home/mathis/Documents/Travail/cbnsl_benchmark/experiments/scaling/agrum3/../../../experiments/scaling/agrum3/2026-07-31_06h33_cbn_exp_clayton/graphs/CPC__v10_a15_g26_s1000.json,,0.6401676599998609,11.0,9.0,0.42105263157894735,0.5714285714285715,0.3076923076923077,0.4
cbn_exp_clayton,CMIIC,"{""alpha"": 0.05}",10,15,1000,26,/home/mathis/Documents/Travail/cbnsl_benchmark/experiments/scaling/agrum3/../../../experiments/scaling/agrum3/2026-07-31_06h33_cbn_exp_clayton/graphs/golden__v10_a15_g26.json,/home/mathis/Documents/Travail/cbnsl_benchmark/experiments/scaling/agrum3/../../../experiments/scaling/agrum3/2026-07-31_06h33_cbn_exp_clayton/graphs/CMIIC__v10_a15_g26_s1000.json,,0.9741639839994605,13.0,3.0,0.23529411764705882,0.888888888888889,0.4,0.8
cbn_exp_clayton,CPC,"{""alpha"": 0.05, ""max_conditioning_set_size"": 3}",10,15,3000,26,/home/mathis/Documents/Travail/cbnsl_benchmark/experiments/scaling/agrum3/../../../experiments/scaling/agrum3/2026-07-31_06h33_cbn_exp_clayton/graphs/golden__v10_a15_g26.json,/home/mathis/Documents/Travail/cbnsl_benchmark/experiments/scaling/agrum3/../../../experiments/scaling/agrum3/2026-07-31_06h33_cbn_exp_clayton/graphs/CPC__v10_a15_g26_s3000.json,,6.769185393997759,8.0,0.0,0.6363636363636364,1.0,1.0,1.0
cbn_exp_clayton,CMIIC,"{""alpha"": 0.05}",10,15,3000,26,/home/mathis/Documents/Travail/cbnsl_benchmark/experiments/scaling/agrum3/../../../experiments/scaling/agrum3/2026-07-31_06h33_cbn_exp_clayton/graphs/golden__v10_a15_g26.json,/home/mathis/Documents/Travail/cbnsl_benchmark/experiments/scaling/agrum3/../../../experiments/scaling/agrum3/2026-07-31_06h33_cbn_exp_clayton/graphs/CMIIC__v10_a15_g26_s3000.json,,7.617130411999824,13.0,4.0,0.23529411764705885,0.846153846153846,0.3333333333333333,0.7333333333333333
cbn_exp_clayton,CPC,"{""alpha"": 0.05, ""max_conditioning_set_size"": 3}",10,15,5000,26,/home/mathis/Documents/Travail/cbnsl_benchmark/experiments/scaling/agrum3/../../../experiments/scaling/agrum3/2026-07-31_06h33_cbn_exp_clayton/graphs/golden__v10_a15_g26.json,/home/mathis/Documents/Travail/cbnsl_benchmark/experiments/scaling/agrum3/../../../experiments/scaling/agrum3/2026-07-31_06h33_cbn_exp_clayton/graphs/CPC__v10_a15_g26_s5000.json,,19.953473782999936,8.0,0.0,0.6363636363636364,1.0,1.0,1.0
cbn_exp_clayton,CMIIC,"{""alpha"": 0.05}",10,15,5000,26,/home/mathis/Documents/Travail/cbnsl_benchmark/experiments/scaling/agrum3/../../../experiments/scaling/agrum3/2026-07-31_06h33_cbn_exp_clayton/graphs/golden__v10_a15_g26.json,/home/mathis/Documents/Travail/cbnsl_benchmark/experiments/scaling/agrum3/../../../experiments/scaling/agrum3/2026-07-31_06h33_cbn_exp_clayton/graphs/CMIIC__v10_a15_g26_s5000.json,,19.93366307299948,13.0,4.0,0.23529411764705885,0.846153846153846,0.3333333333333333,0.7333333333333333
cbn_exp_clayton,CPC,"{""alpha"": 0.05, ""max_conditioning_set_size"": 3}",10,15,200,27,/home/mathis/Documents/Travail/cbnsl_benchmark/experiments/scaling/agrum3/../../../experiments/scaling/agrum3/2026-07-31_06h33_cbn_exp_clayton/graphs/golden__v10_a15_g27.json,/home/mathis/Documents/Travail/cbnsl_benchmark/experiments/scaling/agrum3/../../../experiments/scaling/agrum3/2026-07-31_06h33_cbn_exp_clayton/graphs/CPC__v10_a15_g27_s200.json,,0.03132239000115078,15.0,14.0,0.0,0.125,0.0,0.06666666666666667
cbn_exp_clayton,CMIIC,"{""alpha"": 0.05}",10,15,200,27,/home/mathis/Documents/Travail/cbnsl_benchmark/experiments/scaling/agrum3/../../../experiments/scaling/agrum3/2026-07-31_06h33_cbn_exp_clayton/graphs/golden__v10_a15_g27.json,/home/mathis/Documents/Travail/cbnsl_benchmark/experiments/scaling/agrum3/../../../experiments/scaling/agrum3/2026-07-31_06h33_cbn_exp_clayton/graphs/CMIIC__v10_a15_g27_s200.json,,0.09025717400072608,13.0,3.0,0.23529411764705882,0.888888888888889,0.4,0.8
cbn_exp_clayton,CPC,"{""alpha"": 0.05, ""max_conditioning_set_size"": 3}",10,15,500,27,/home/mathis/Documents/Travail/cbnsl_benchmark/experiments/scaling/agrum3/../../../experiments/scaling/agrum3/2026-07-31_06h33_cbn_exp_clayton/graphs/golden__v10_a15_g27.json,/home/mathis/Documents/Travail/cbnsl_benchmark/experiments/scaling/agrum3/../../../experiments/scaling/agrum3/2026-07-31_06h33_cbn_exp_clayton/graphs/CPC__v10_a15_g27_s500.json,,0.12627493200125173,15.0,14.0,0.0,0.125,0.0,0.06666666666666667
cbn_exp_clayton,CMIIC,"{""alpha"": 0.05}",10,15,500,27,/home/mathis/Documents/Travail/cbnsl_benchmark/experiments/scaling/agrum3/../../../experiments/scaling/agrum3/2026-07-31_06h33_cbn_exp_clayton/graphs/golden__v10_a15_g27.json,/home/mathis/Documents/Travail/cbnsl_benchmark/experiments/scaling/agrum3/../../../experiments/scaling/agrum3/2026-07-31_06h33_cbn_exp_clayton/graphs/CMIIC__v10_a15_g27_s500.json,,0.4314900450008281,13.0,1.0,0.23529411764705882,0.9655172413793104,0.6666666666666666,0.9333333333333333
cbn_exp_clayton,CPC,"{""alpha"": 0.05, ""max_conditioning_set_size"": 3}",10,15,1000,27,/home/mathis/Documents/Travail/cbnsl_benchmark/experiments/scaling/agrum3/../../../experiments/scaling/agrum3/2026-07-31_06h33_cbn_exp_clayton/graphs/golden__v10_a15_g27.json,/home/mathis/Documents/Travail/cbnsl_benchmark/experiments/scaling/agrum3/../../../experiments/scaling/agrum3/2026-07-31_06h33_cbn_exp_clayton/graphs/CPC__v10_a15_g27_s1000.json,,0.7891166439985682,14.0,8.0,0.125,0.6363636363636364,0.1111111111111111,0.4666666666666667
cbn_exp_clayton,CMIIC,"{""alpha"": 0.05}",10,15,1000,27,/home/mathis/Documents/Travail/cbnsl_benchmark/experiments/scaling/agrum3/../../../experiments/scaling/agrum3/2026-07-31_06h33_cbn_exp_clayton/graphs/golden__v10_a15_g27.json,/home/mathis/Documents/Travail/cbnsl_benchmark/experiments/scaling/agrum3/../../../experiments/scaling/agrum3/2026-07-31_06h33_cbn_exp_clayton/graphs/CMIIC__v10_a15_g27_s1000.json,,1.56653814099991,13.0,2.0,0.23529411764705882,0.9285714285714286,0.5,0.8666666666666667
cbn_exp_clayton,CPC,"{""alpha"": 0.05, ""max_conditioning_set_size"": 3}",10,15,3000,27,/home/mathis/Documents/Travail/cbnsl_benchmark/experiments/scaling/agrum3/../../../experiments/scaling/agrum3/2026-07-31_06h33_cbn_exp_clayton/graphs/golden__v10_a15_g27.json,/home/mathis/Documents/Travail/cbnsl_benchmark/experiments/scaling/agrum3/../../../experiments/scaling/agrum3/2026-07-31_06h33_cbn_exp_clayton/graphs/CPC__v10_a15_g27_s3000.json,,9.26528810200034,9.0,8.0,0.5714285714285714,0.6363636363636364,0.42857142857142855,0.4666666666666667
cbn_exp_clayton,CMIIC,"{""alpha"": 0.05}",10,15,3000,27,/home/mathis/Documents/Travail/cbnsl_benchmark/experiments/scaling/agrum3/../../../experiments/scaling/agrum3/2026-07-31_06h33_cbn_exp_clayton/graphs/golden__v10_a15_g27.json,/home/mathis/Documents/Travail/cbnsl_benchmark/experiments/scaling/agrum3/../../../experiments/scaling/agrum3/2026-07-31_06h33_cbn_exp_clayton/graphs/CMIIC__v10_a15_g27_s3000.json,,11.062840643997333,6.0,2.0,0.7500000000000001,0.9285714285714286,0.8181818181818182,0.8666666666666667
cbn_exp_clayton,CPC,"{""alpha"": 0.05, ""max_conditioning_set_size"": 3}",10,15,5000,27,/home/mathis/Documents/Travail/cbnsl_benchmark/experiments/scaling/agrum3/../../../experiments/scaling/agrum3/2026-07-31_06h33_cbn_exp_clayton/graphs/golden__v10_a15_g27.json,/home/mathis/Documents/Travail/cbnsl_benchmark/experiments/scaling/agrum3/../../../experiments/scaling/agrum3/2026-07-31_06h33_cbn_exp_clayton/graphs/CPC__v10_a15_g27_s5000.json,,25.491615967999678,8.0,3.0,0.6363636363636365,0.888888888888889,0.7,0.8
cbn_exp_clayton,CMIIC,"{""alpha"": 0.05}",10,15,5000,27,/home/mathis/Documents/Travail/cbnsl_benchmark/experiments/scaling/agrum3/../../../experiments/scaling/agrum3/2026-07-31_06h33_cbn_exp_clayton/graphs/golden__v10_a15_g27.json,/home/mathis/Documents/Travail/cbnsl_benchmark/experiments/scaling/agrum3/../../../experiments/scaling/agrum3/2026-07-31_06h33_cbn_exp_clayton/graphs/CMIIC__v10_a15_g27_s5000.json,,26.71935055100039,10.0,3.0,0.5,0.888888888888889,0.625,0.8
cbn_exp_clayton,CPC,"{""alpha"": 0.05, ""max_conditioning_set_size"": 3}",10,15,200,28,/home/mathis/Documents/Travail/cbnsl_benchmark/experiments/scaling/agrum3/../../../experiments/scaling/agrum3/2026-07-31_06h33_cbn_exp_clayton/graphs/golden__v10_a15_g28.json,/home/mathis/Documents/Travail/cbnsl_benchmark/experiments/scaling/agrum3/../../../experiments/scaling/agrum3/2026-07-31_06h33_cbn_exp_clayton/graphs/CPC__v10_a15_g28_s200.json,,0.01331844100059243,10.0,6.0,0.28571428571428575,0.6666666666666666,0.25,0.5
cbn_exp_clayton,CMIIC,"{""alpha"": 0.05}",10,15,200,28,/home/mathis/Documents/Travail/cbnsl_benchmark/experiments/scaling/agrum3/../../../experiments/scaling/agrum3/2026-07-31_06h33_cbn_exp_clayton/graphs/golden__v10_a15_g28.json,/home/mathis/Documents/Travail/cbnsl_benchmark/experiments/scaling/agrum3/../../../experiments/scaling/agrum3/2026-07-31_06h33_cbn_exp_clayton/graphs/CMIIC__v10_a15_g28_s200.json,,0.07085736900262418,11.0,3.0,0.15384615384615383,0.8571428571428571,0.25,0.75
cbn_exp_clayton,CPC,"{""alpha"": 0.05, ""max_conditioning_set_size"": 3}",10,15,500,28,/home/mathis/Documents/Travail/cbnsl_benchmark/experiments/scaling/agrum3/../../../experiments/scaling/agrum3/2026-07-31_06h33_cbn_exp_clayton/graphs/golden__v10_a15_g28.json,/home/mathis/Documents/Travail/cbnsl_benchmark/experiments/scaling/agrum3/../../../experiments/scaling/agrum3/2026-07-31_06h33_cbn_exp_clayton/graphs/CPC__v10_a15_g28_s500.json,,0.07685710000077961,11.0,8.0,0.15384615384615383,0.5,0.1111111111111111,0.3333333333333333
cbn_exp_clayton,CMIIC,"{""alpha"": 0.05}",10,15,500,28,/home/mathis/Documents/Travail/cbnsl_benchmark/experiments/scaling/agrum3/../../../experiments/scaling/agrum3/2026-07-31_06h33_cbn_exp_clayton/graphs/golden__v10_a15_g28.json,/home/mathis/Documents/Travail/cbnsl_benchmark/experiments/scaling/agrum3/../../../experiments/scaling/agrum3/2026-07-31_06h33_cbn_exp_clayton/graphs/CMIIC__v10_a15_g28_s500.json,,0.208212605000881,11.0,4.0,0.15384615384615385,0.8,0.2,0.6666666666666666
cbn_exp_clayton,CPC,"{""alpha"": 0.05, ""max_conditioning_set_size"": 3}",10,15,1000,28,/home/mathis/Documents/Travail/cbnsl_benchmark/experiments/scaling/agrum3/../../../experiments/scaling/agrum3/2026-07-31_06h33_cbn_exp_clayton/graphs/golden__v10_a15_g28.json,/home/mathis/Documents/Travail/cbnsl_benchmark/experiments/scaling/agrum3/../../../experiments/scaling/agrum3/2026-07-31_06h33_cbn_exp_clayton/graphs/CPC__v10_a15_g28_s1000.json,,0.42377292400124134,8.0,2.0,0.5,0.9090909090909091,0.6666666666666666,0.8333333333333334
cbn_exp_clayton,CMIIC,"{""alpha"": 0.05}",10,15,1000,28,/home/mathis/Documents/Travail/cbnsl_benchmark/experiments/scaling/agrum3/../../../experiments/scaling/agrum3/2026-07-31_06h33_cbn_exp_clayton/graphs/golden__v10_a15_g28.json,/home/mathis/Documents/Travail/cbnsl_benchmark/experiments/scaling/agrum3/../../../experiments/scaling/agrum3/2026-07-31_06h33_cbn_exp_clayton/graphs/CMIIC__v10_a15_g28_s1000.json,,0.7421434850002697,11.0,4.0,0.15384615384615385,0.8,0.2,0.6666666666666666
cbn_exp_clayton,CPC,"{""alpha"": 0.05, ""max_conditioning_set_size"": 3}",10,15,3000,28,/home/mathis/Documents/Travail/cbnsl_benchmark/experiments/scaling/agrum3/../../../experiments/scaling/agrum3/2026-07-31_06h33_cbn_exp_clayton/graphs/golden__v10_a15_g28.json,/home/mathis/Documents/Travail/cbnsl_benchmark/experiments/scaling/agrum3/../../../experiments/scaling/agrum3/2026-07-31_06h33_cbn_exp_clayton/graphs/CPC__v10_a15_g28_s3000.json,,4.679734966000979,5.0,3.0,0.761904761904762,0.8695652173913043,0.8,0.8333333333333334
cbn_exp_clayton,CMIIC,"{""alpha"": 0.05}",10,15,3000,28,/home/mathis/Documents/Travail/cbnsl_benchmark/experiments/scaling/agrum3/../../../experiments/scaling/agrum3/2026-07-31_06h33_cbn_exp_clayton/graphs/golden__v10_a15_g28.json,/home/mathis/Documents/Travail/cbnsl_benchmark/experiments/scaling/agrum3/../../../experiments/scaling/agrum3/2026-07-31_06h33_cbn_exp_clayton/graphs/CMIIC__v10_a15_g28_s3000.json,,5.740275113003008,5.0,4.0,0.7368421052631579,0.8,0.6363636363636364,0.6666666666666666
cbn_exp_clayton,CPC,"{""alpha"": 0.05, ""max_conditioning_set_size"": 3}",10,15,5000,28,/home/mathis/Documents/Travail/cbnsl_benchmark/experiments/scaling/agrum3/../../../experiments/scaling/agrum3/2026-07-31_06h33_cbn_exp_clayton/graphs/golden__v10_a15_g28.json,/home/mathis/Documents/Travail/cbnsl_benchmark/experiments/scaling/agrum3/../../../experiments/scaling/agrum3/2026-07-31_06h33_cbn_exp_clayton/graphs/CPC__v10_a15_g28_s5000.json,,12.094778605998727,7.0,2.0,0.631578947368421,0.9166666666666666,0.8571428571428571,0.9166666666666666
cbn_exp_clayton,CMIIC,"{""alpha"": 0.05}",10,15,5000,28,/home/mathis/Documents/Travail/cbnsl_benchmark/experiments/scaling/agrum3/../../../experiments/scaling/agrum3/2026-07-31_06h33_cbn_exp_clayton/graphs/golden__v10_a15_g28.json,/home/mathis/Documents/Travail/cbnsl_benchmark/experiments/scaling/agrum3/../../../experiments/scaling/agrum3/2026-07-31_06h33_cbn_exp_clayton/graphs/CMIIC__v10_a15_g28_s5000.json,,15.049998930000584,5.0,4.0,0.7368421052631579,0.8,0.6363636363636364,0.6666666666666666
cbn_exp_clayton,CPC,"{""alpha"": 0.05, ""max_conditioning_set_size"": 3}",10,15,200,29,/home/mathis/Documents/Travail/cbnsl_benchmark/experiments/scaling/agrum3/../../../experiments/scaling/agrum3/2026-07-31_06h33_cbn_exp_clayton/graphs/golden__v10_a15_g29.json,/home/mathis/Documents/Travail/cbnsl_benchmark/experiments/scaling/agrum3/../../../experiments/scaling/agrum3/2026-07-31_06h33_cbn_exp_clayton/graphs/CPC__v10_a15_g29_s200.json,,0.03551211300145951,15.0,15.0,0.0,0.0,0.0,0.0
cbn_exp_clayton,CMIIC,"{""alpha"": 0.05}",10,15,200,29,/home/mathis/Documents/Travail/cbnsl_benchmark/experiments/scaling/agrum3/../../../experiments/scaling/agrum3/2026-07-31_06h33_cbn_exp_clayton/graphs/golden__v10_a15_g29.json,/home/mathis/Documents/Travail/cbnsl_benchmark/experiments/scaling/agrum3/../../../experiments/scaling/agrum3/2026-07-31_06h33_cbn_exp_clayton/graphs/CMIIC__v10_a15_g29_s200.json,,0.116600286000903,13.0,7.0,0.380952380952381,0.7407407407407408,0.4444444444444444,0.6666666666666666
cbn_exp_clayton,CPC,"{""alpha"": 0.05, ""max_conditioning_set_size"": 3}",10,15,500,29,/home/mathis/Documents/Travail/cbnsl_benchmark/experiments/scaling/agrum3/../../../experiments/scaling/agrum3/2026-07-31_06h33_cbn_exp_clayton/graphs/golden__v10_a15_g29.json,/home/mathis/Documents/Travail/cbnsl_benchmark/experiments/scaling/agrum3/../../../experiments/scaling/agrum3/2026-07-31_06h33_cbn_exp_clayton/graphs/CPC__v10_a15_g29_s500.json,,0.1637463859988202,13.0,12.0,0.23529411764705882,0.33333333333333337,0.14285714285714285,0.2
cbn_exp_clayton,CMIIC,"{""alpha"": 0.05}",10,15,500,29,/home/mathis/Documents/Travail/cbnsl_benchmark/experiments/scaling/agrum3/../../../experiments/scaling/agrum3/2026-07-31_06h33_cbn_exp_clayton/graphs/golden__v10_a15_g29.json,/home/mathis/Documents/Travail/cbnsl_benchmark/experiments/scaling/agrum3/../../../experiments/scaling/agrum3/2026-07-31_06h33_cbn_exp_clayton/graphs/CMIIC__v10_a15_g29_s500.json,,0.43254972800059477,12.0,4.0,0.4,0.8571428571428571,0.5714285714285714,0.8
cbn_exp_clayton,CPC,"{""alpha"": 0.05, ""max_conditioning_set_size"": 3}",10,15,1000,29,/home/mathis/Documents/Travail/cbnsl_benchmark/experiments/scaling/agrum3/../../../experiments/scaling/agrum3/2026-07-31_06h33_cbn_exp_clayton/graphs/golden__v10_a15_g29.json,/home/mathis/Documents/Travail/cbnsl_benchmark/experiments/scaling/agrum3/../../../experiments/scaling/agrum3/2026-07-31_06h33_cbn_exp_clayton/graphs/CPC__v10_a15_g29_s1000.json,,0.8805745669997123,10.0,6.0,0.5,0.7499999999999999,0.45454545454545453,0.6
cbn_exp_clayton,CMIIC,"{""alpha"": 0.05}",10,15,1000,29,/home/mathis/Documents/Travail/cbnsl_benchmark/experiments/scaling/agrum3/../../../experiments/scaling/agrum3/2026-07-31_06h33_cbn_exp_clayton/graphs/golden__v10_a15_g29.json,/home/mathis/Documents/Travail/cbnsl_benchmark/experiments/scaling/agrum3/../../../experiments/scaling/agrum3/2026-07-31_06h33_cbn_exp_clayton/graphs/CMIIC__v10_a15_g29_s1000.json,,1.3742415900014748,12.0,5.0,0.4,0.8148148148148148,0.5,0.7333333333333333
cbn_exp_clayton,CPC,"{""alpha"": 0.05, ""max_conditioning_set_size"": 3}",10,15,3000,29,/home/mathis/Documents/Travail/cbnsl_benchmark/experiments/scaling/agrum3/../../../experiments/scaling/agrum3/2026-07-31_06h33_cbn_exp_clayton/graphs/golden__v10_a15_g29.json,/home/mathis/Documents/Travail/cbnsl_benchmark/experiments/scaling/agrum3/../../../experiments/scaling/agrum3/2026-07-31_06h33_cbn_exp_clayton/graphs/CPC__v10_a15_g29_s3000.json,,12.048634194001352,10.0,5.0,0.5,0.8,0.5,0.6666666666666666
cbn_exp_clayton,CMIIC,"{""alpha"": 0.05}",10,15,3000,29,/home/mathis/Documents/Travail/cbnsl_benchmark/experiments/scaling/agrum3/../../../experiments/scaling/agrum3/2026-07-31_06h33_cbn_exp_clayton/graphs/golden__v10_a15_g29.json,/home/mathis/Documents/Travail/cbnsl_benchmark/experiments/scaling/agrum3/../../../experiments/scaling/agrum3/2026-07-31_06h33_cbn_exp_clayton/graphs/CMIIC__v10_a15_g29_s3000.json,,13.191068937998352,12.0,7.0,0.4000000000000001,0.7200000000000001,0.4,0.6
cbn_exp_clayton,CPC,"{""alpha"": 0.05, ""max_conditioning_set_size"": 3}",10,15,5000,29,/home/mathis/Documents/Travail/cbnsl_benchmark/experiments/scaling/agrum3/../../../experiments/scaling/agrum3/2026-07-31_06h33_cbn_exp_clayton/graphs/golden__v10_a15_g29.json,/home/mathis/Documents/Travail/cbnsl_benchmark/experiments/scaling/agrum3/../../../experiments/scaling/agrum3/2026-07-31_06h33_cbn_exp_clayton/graphs/CPC__v10_a15_g29_s5000.json,,34.06109204899985,12.0,4.0,0.33333333333333326,0.846153846153846,0.42857142857142855,0.7333333333333333
cbn_exp_clayton,CMIIC,"{""alpha"": 0.05}",10,15,5000,29,/home/mathis/Documents/Travail/cbnsl_benchmark/experiments/scaling/agrum3/../../../experiments/scaling/agrum3/2026-07-31_06h33_cbn_exp_clayton/graphs/golden__v10_a15_g29.json,/home/mathis/Documents/Travail/cbnsl_benchmark/experiments/scaling/agrum3/../../../experiments/scaling/agrum3/2026-07-31_06h33_cbn_exp_clayton/graphs/CMIIC__v10_a15_g29_s5000.json,,35.48499741799969,12.0,7.0,0.4000000000000001,0.7200000000000001,0.4,0.6
cbn_exp_clayton,CPC,"{""alpha"": 0.05, ""max_conditioning_set_size"": 3}",20,30,200,0,/home/mathis/Documents/Travail/cbnsl_benchmark/experiments/scaling/agrum3/../../../experiments/scaling/agrum3/2026-07-31_06h33_cbn_exp_clayton/graphs/golden__v20_a30_g0.json,/home/mathis/Documents/Travail/cbnsl_benchmark/experiments/scaling/agrum3/../../../experiments/scaling/agrum3/2026-07-31_06h33_cbn_exp_clayton/graphs/CPC__v20_a30_g0_s200.json,,0.05199990999972215,30.0,17.0,0.0,0.6046511627906976,0.0,0.43333333333333335
cbn_exp_clayton,CMIIC,"{""alpha"": 0.05}",20,30,200,0,/home/mathis/Documents/Travail/cbnsl_benchmark/experiments/scaling/agrum3/../../../experiments/scaling/agrum3/2026-07-31_06h33_cbn_exp_clayton/graphs/golden__v20_a30_g0.json,/home/mathis/Documents/Travail/cbnsl_benchmark/experiments/scaling/agrum3/../../../experiments/scaling/agrum3/2026-07-31_06h33_cbn_exp_clayton/graphs/CMIIC__v20_a30_g0_s200.json,,0.33211708800081396,29.0,6.0,0.12121212121212123,0.8928571428571429,0.2857142857142857,0.8333333333333334
cbn_exp_clayton,CPC,"{""alpha"": 0.05, ""max_conditioning_set_size"": 3}",20,30,500,0,/home/mathis/Documents/Travail/cbnsl_benchmark/experiments/scaling/agrum3/../../../experiments/scaling/agrum3/2026-07-31_06h33_cbn_exp_clayton/graphs/golden__v20_a30_g0.json,/home/mathis/Documents/Travail/cbnsl_benchmark/experiments/scaling/agrum3/../../../experiments/scaling/agrum3/2026-07-31_06h33_cbn_exp_clayton/graphs/CPC__v20_a30_g0_s500.json,,0.4244468840006448,29.0,23.0,0.06451612903225806,0.37837837837837834,0.041666666666666664,0.23333333333333334
cbn_exp_clayton,CMIIC,"{""alpha"": 0.05}",20,30,500,0,/home/mathis/Documents/Travail/cbnsl_benchmark/experiments/scaling/agrum3/../../../experiments/scaling/agrum3/2026-07-31_06h33_cbn_exp_clayton/graphs/golden__v20_a30_g0.json,/home/mathis/Documents/Travail/cbnsl_benchmark/experiments/scaling/agrum3/../../../experiments/scaling/agrum3/2026-07-31_06h33_cbn_exp_clayton/graphs/CMIIC__v20_a30_g0_s500.json,,1.6529670259988052,18.0,3.0,0.5714285714285714,0.9473684210526316,0.8,0.9
cbn_exp_clayton,CPC,"{""alpha"": 0.05, ""max_conditioning_set_size"": 3}",20,30,1000,0,/home/mathis/Documents/Travail/cbnsl_benchmark/experiments/scaling/agrum3/../../../experiments/scaling/agrum3/2026-07-31_06h33_cbn_exp_clayton/graphs/golden__v20_a30_g0.json,/home/mathis/Documents/Travail/cbnsl_benchmark/experiments/scaling/agrum3/../../../experiments/scaling/agrum3/2026-07-31_06h33_cbn_exp_clayton/graphs/CPC__v20_a30_g0_s1000.json,,1.8199601309970603,28.0,13.0,0.125,0.7234042553191489,0.13333333333333333,0.5666666666666667
cbn_exp_clayton,CMIIC,"{""alpha"": 0.05}",20,30,1000,0,/home/mathis/Documents/Travail/cbnsl_benchmark/experiments/scaling/agrum3/../../../experiments/scaling/agrum3/2026-07-31_06h33_cbn_exp_clayton/graphs/golden__v20_a30_g0.json,/home/mathis/Documents/Travail/cbnsl_benchmark/experiments/scaling/agrum3/../../../experiments/scaling/agrum3/2026-07-31_06h33_cbn_exp_clayton/graphs/CMIIC__v20_a30_g0_s1000.json,,4.817114551999111,11.0,4.0,0.7755102040816326,0.9285714285714286,0.8260869565217391,0.8666666666666667
cbn_exp_clayton,CPC,"{""alpha"": 0.05, ""max_conditioning_set_size"": 3}",20,30,3000,0,/home/mathis/Documents/Travail/cbnsl_benchmark/experiments/scaling/agrum3/../../../experiments/scaling/agrum3/2026-07-31_06h33_cbn_exp_clayton/graphs/golden__v20_a30_g0.json,/home/mathis/Documents/Travail/cbnsl_benchmark/experiments/scaling/agrum3/../../../experiments/scaling/agrum3/2026-07-31_06h33_cbn_exp_clayton/graphs/CPC__v20_a30_g0_s3000.json,,22.780061376997764,22.0,5.0,0.45,0.912280701754386,0.6923076923076923,0.8666666666666667
cbn_exp_clayton,CMIIC,"{""alpha"": 0.05}",20,30,3000,0,/home/mathis/Documents/Travail/cbnsl_benchmark/experiments/scaling/agrum3/../../../experiments/scaling/agrum3/2026-07-31_06h33_cbn_exp_clayton/graphs/golden__v20_a30_g0.json,/home/mathis/Documents/Travail/cbnsl_benchmark/experiments/scaling/agrum3/../../../experiments/scaling/agrum3/2026-07-31_06h33_cbn_exp_clayton/graphs/CMIIC__v20_a30_g0_s3000.json,,36.31853503399907,10.0,4.0,0.8,0.9285714285714286,0.8333333333333334,0.8666666666666667
cbn_exp_clayton,CPC,"{""alpha"": 0.05, ""max_conditioning_set_size"": 3}",20,30,5000,0,/home/mathis/Documents/Travail/cbnsl_benchmark/experiments/scaling/agrum3/../../../experiments/scaling/agrum3/2026-07-31_06h33_cbn_exp_clayton/graphs/golden__v20_a30_g0.json,/home/mathis/Documents/Travail/cbnsl_benchmark/experiments/scaling/agrum3/../../../experiments/scaling/agrum3/2026-07-31_06h33_cbn_exp_clayton/graphs/CPC__v20_a30_g0_s5000.json,,65.87142759199924,13.0,4.0,0.7450980392156863,0.9333333333333333,0.9047619047619048,0.9333333333333333
cbn_exp_clayton,CMIIC,"{""alpha"": 0.05}",20,30,5000,0,/home/mathis/Documents/Travail/cbnsl_benchmark/experiments/scaling/agrum3/../../../experiments/scaling/agrum3/2026-07-31_06h33_cbn_exp_clayton/graphs/golden__v20_a30_g0.json,/home/mathis/Documents/Travail/cbnsl_benchmark/experiments/scaling/agrum3/../../../experiments/scaling/agrum3/2026-07-31_06h33_cbn_exp_clayton/graphs/CMIIC__v20_a30_g0_s5000.json,,98.13918220800042,10.0,4.0,0.8,0.9285714285714286,0.8333333333333334,0.8666666666666667
cbn_exp_clayton,CPC,"{""alpha"": 0.05, ""max_conditioning_set_size"": 3}",20,30,200,1,/home/mathis/Documents/Travail/cbnsl_benchmark/experiments/scaling/agrum3/../../../experiments/scaling/agrum3/2026-07-31_06h33_cbn_exp_clayton/graphs/golden__v20_a30_g1.json,/home/mathis/Documents/Travail/cbnsl_benchmark/experiments/scaling/agrum3/../../../experiments/scaling/agrum3/2026-07-31_06h33_cbn_exp_clayton/graphs/CPC__v20_a30_g1_s200.json,,0.0670207949988253,30.0,28.0,0.0,0.125,0.0,0.06666666666666667
cbn_exp_clayton,CMIIC,"{""alpha"": 0.05}",20,30,200,1,/home/mathis/Documents/Travail/cbnsl_benchmark/experiments/scaling/agrum3/../../../experiments/scaling/agrum3/2026-07-31_06h33_cbn_exp_clayton/graphs/golden__v20_a30_g1.json,/home/mathis/Documents/Travail/cbnsl_benchmark/experiments/scaling/agrum3/../../../experiments/scaling/agrum3/2026-07-31_06h33_cbn_exp_clayton/graphs/CMIIC__v20_a30_g1_s200.json,,0.5008716789998289,29.0,5.0,0.12121212121212122,0.912280701754386,0.3333333333333333,0.8666666666666667
cbn_exp_clayton,CPC,"{""alpha"": 0.05, ""max_conditioning_set_size"": 3}",20,30,500,1,/home/mathis/Documents/Travail/cbnsl_benchmark/experiments/scaling/agrum3/../../../experiments/scaling/agrum3/2026-07-31_06h33_cbn_exp_clayton/graphs/golden__v20_a30_g1.json,/home/mathis/Documents/Travail/cbnsl_benchmark/experiments/scaling/agrum3/../../../experiments/scaling/agrum3/2026-07-31_06h33_cbn_exp_clayton/graphs/CPC__v20_a30_g1_s500.json,,0.6695293049997417,28.0,25.0,0.125,0.2857142857142857,0.07407407407407407,0.16666666666666666
cbn_exp_clayton,CMIIC,"{""alpha"": 0.05}",20,30,500,1,/home/mathis/Documents/Travail/cbnsl_benchmark/experiments/scaling/agrum3/../../../experiments/scaling/agrum3/2026-07-31_06h33_cbn_exp_clayton/graphs/golden__v20_a30_g1.json,/home/mathis/Documents/Travail/cbnsl_benchmark/experiments/scaling/agrum3/../../../experiments/scaling/agrum3/2026-07-31_06h33_cbn_exp_clayton/graphs/CMIIC__v20_a30_g1_s500.json,,2.2799341380014084,28.0,3.0,0.125,0.9473684210526316,0.4,0.9
cbn_exp_clayton,CPC,"{""alpha"": 0.05, ""max_conditioning_set_size"": 3}",20,30,1000,1,/home/mathis/Documents/Travail/cbnsl_benchmark/experiments/scaling/agrum3/../../../experiments/scaling/agrum3/2026-07-31_06h33_cbn_exp_clayton/graphs/golden__v20_a30_g1.json,/home/mathis/Documents/Travail/cbnsl_benchmark/experiments/scaling/agrum3/../../../experiments/scaling/agrum3/2026-07-31_06h33_cbn_exp_clayton/graphs/CPC__v20_a30_g1_s1000.json,,3.69658830499975,22.0,9.0,0.42105263157894735,0.8235294117647058,0.47058823529411764,0.7
cbn_exp_clayton,CMIIC,"{""alpha"": 0.05}",20,30,1000,1,/home/mathis/Documents/Travail/cbnsl_benchmark/experiments/scaling/agrum3/../../../experiments/scaling/agrum3/2026-07-31_06h33_cbn_exp_clayton/graphs/golden__v20_a30_g1.json,/home/mathis/Documents/Travail/cbnsl_benchmark/experiments/scaling/agrum3/../../../experiments/scaling/agrum3/2026-07-31_06h33_cbn_exp_clayton/graphs/CMIIC__v20_a30_g1_s1000.json,,6.899874833001377,26.0,3.0,0.23529411764705882,0.9473684210526316,0.5714285714285714,0.9
cbn_exp_clayton,CPC,"{""alpha"": 0.05, ""max_conditioning_set_size"": 3}",20,30,3000,1,/home/mathis/Documents/Travail/cbnsl_benchmark/experiments/scaling/agrum3/../../../experiments/scaling/agrum3/2026-07-31_06h33_cbn_exp_clayton/graphs/golden__v20_a30_g1.json,/home/mathis/Documents/Travail/cbnsl_benchmark/experiments/scaling/agrum3/../../../experiments/scaling/agrum3/2026-07-31_06h33_cbn_exp_clayton/graphs/CPC__v20_a30_g1_s3000.json,,52.26034998700197,25.0,10.0,0.3243243243243243,0.8076923076923077,0.4,0.7
cbn_exp_clayton,CMIIC,"{""alpha"": 0.05}",20,30,3000,1,/home/mathis/Documents/Travail/cbnsl_benchmark/experiments/scaling/agrum3/../../../experiments/scaling/agrum3/2026-07-31_06h33_cbn_exp_clayton/graphs/golden__v20_a30_g1.json,/home/mathis/Documents/Travail/cbnsl_benchmark/experiments/scaling/agrum3/../../../experiments/scaling/agrum3/2026-07-31_06h33_cbn_exp_clayton/graphs/CMIIC__v20_a30_g1_s3000.json,,48.58810042299956,11.0,3.0,0.7755102040816326,0.9473684210526316,0.8636363636363636,0.9
cbn_exp_clayton,CPC,"{""alpha"": 0.05, ""max_conditioning_set_size"": 3}",20,30,5000,1,/home/mathis/Documents/Travail/cbnsl_benchmark/experiments/scaling/agrum3/../../../experiments/scaling/agrum3/2026-07-31_06h33_cbn_exp_clayton/graphs/golden__v20_a30_g1.json,/home/mathis/Documents/Travail/cbnsl_benchmark/experiments/scaling/agrum3/../../../experiments/scaling/agrum3/2026-07-31_06h33_cbn_exp_clayton/graphs/CPC__v20_a30_g1_s5000.json,,151.10504336899976,18.0,6.0,0.5909090909090908,0.8928571428571429,0.7222222222222222,0.8333333333333334
cbn_exp_clayton,CMIIC,"{""alpha"": 0.05}",20,30,5000,1,/home/mathis/Documents/Travail/cbnsl_benchmark/experiments/scaling/agrum3/../../../experiments/scaling/agrum3/2026-07-31_06h33_cbn_exp_clayton/graphs/golden__v20_a30_g1.json,/home/mathis/Documents/Travail/cbnsl_benchmark/experiments/scaling/agrum3/../../../experiments/scaling/agrum3/2026-07-31_06h33_cbn_exp_clayton/graphs/CMIIC__v20_a30_g1_s5000.json,,131.7295659650008,12.0,3.0,0.75,0.9473684210526316,0.8571428571428571,0.9
cbn_exp_clayton,CPC,"{""alpha"": 0.05, ""max_conditioning_set_size"": 3}",20,30,200,2,/home/mathis/Documents/Travail/cbnsl_benchmark/experiments/scaling/agrum3/../../../experiments/scaling/agrum3/2026-07-31_06h33_cbn_exp_clayton/graphs/golden__v20_a30_g2.json,/home/mathis/Documents/Travail/cbnsl_benchmark/experiments/scaling/agrum3/../../../experiments/scaling/agrum3/2026-07-31_06h33_cbn_exp_clayton/graphs/CPC__v20_a30_g2_s200.json,,0.06317195999872638,22.0,16.0,0.4210526315789474,0.6363636363636364,0.3333333333333333,0.4666666666666667
cbn_exp_clayton,CMIIC,"{""alpha"": 0.05}",20,30,200,2,/home/mathis/Documents/Travail/cbnsl_benchmark/experiments/scaling/agrum3/../../../experiments/scaling/agrum3/2026-07-31_06h33_cbn_exp_clayton/graphs/golden__v20_a30_g2.json,/home/mathis/Documents/Travail/cbnsl_benchmark/experiments/scaling/agrum3/../../../experiments/scaling/agrum3/2026-07-31_06h33_cbn_exp_clayton/graphs/CMIIC__v20_a30_g2_s200.json,,0.3392504369985545,28.0,8.0,0.2222222222222222,0.8571428571428571,0.4,0.8
cbn_exp_clayton,CPC,"{""alpha"": 0.05, ""max_conditioning_set_size"": 3}",20,30,500,2,/home/mathis/Documents/Travail/cbnsl_benchmark/experiments/scaling/agrum3/../../../experiments/scaling/agrum3/2026-07-31_06h33_cbn_exp_clayton/graphs/golden__v20_a30_g2.json,/home/mathis/Documents/Travail/cbnsl_benchmark/experiments/scaling/agrum3/../../../experiments/scaling/agrum3/2026-07-31_06h33_cbn_exp_clayton/graphs/CPC__v20_a30_g2_s500.json,,0.5187328590000106,27.0,22.0,0.18181818181818182,0.4210526315789474,0.12,0.26666666666666666
cbn_exp_clayton,CMIIC,"{""alpha"": 0.05}",20,30,500,2,/home/mathis/Documents/Travail/cbnsl_benchmark/experiments/scaling/agrum3/../../../experiments/scaling/agrum3/2026-07-31_06h33_cbn_exp_clayton/graphs/golden__v20_a30_g2.json,/home/mathis/Documents/Travail/cbnsl_benchmark/experiments/scaling/agrum3/../../../experiments/scaling/agrum3/2026-07-31_06h33_cbn_exp_clayton/graphs/CMIIC__v20_a30_g2_s500.json,,1.7981150330015225,27.0,6.0,0.2285714285714286,0.8928571428571429,0.4444444444444444,0.8333333333333334
cbn_exp_clayton,CPC,"{""alpha"": 0.05, ""max_conditioning_set_size"": 3}",20,30,1000,2,/home/mathis/Documents/Travail/cbnsl_benchmark/experiments/scaling/agrum3/../../../experiments/scaling/agrum3/2026-07-31_06h33_cbn_exp_clayton/graphs/golden__v20_a30_g2.json,/home/mathis/Documents/Travail/cbnsl_benchmark/experiments/scaling/agrum3/../../../experiments/scaling/agrum3/2026-07-31_06h33_cbn_exp_clayton/graphs/CPC__v20_a30_g2_s1000.json,,2.4751018730021315,22.0,13.0,0.45,0.7346938775510204,0.42857142857142855,0.6
cbn_exp_clayton,CMIIC,"{""alpha"": 0.05}",20,30,1000,2,/home/mathis/Documents/Travail/cbnsl_benchmark/experiments/scaling/agrum3/../../../experiments/scaling/agrum3/2026-07-31_06h33_cbn_exp_clayton/graphs/golden__v20_a30_g2.json,/home/mathis/Documents/Travail/cbnsl_benchmark/experiments/scaling/agrum3/../../../experiments/scaling/agrum3/2026-07-31_06h33_cbn_exp_clayton/graphs/CMIIC__v20_a30_g2_s1000.json,,5.451956705001066,27.0,5.0,0.22857142857142856,0.912280701754386,0.5,0.8666666666666667
cbn_exp_clayton,CPC,"{""alpha"": 0.05, ""max_conditioning_set_size"": 3}",20,30,3000,2,/home/mathis/Documents/Travail/cbnsl_benchmark/experiments/scaling/agrum3/../../../experiments/scaling/agrum3/2026-07-31_06h33_cbn_exp_clayton/graphs/golden__v20_a30_g2.json,/home/mathis/Documents/Travail/cbnsl_benchmark/experiments/scaling/agrum3/../../../experiments/scaling/agrum3/2026-07-31_06h33_cbn_exp_clayton/graphs/CPC__v20_a30_g2_s3000.json,,31.778463878003095,15.0,6.0,0.6666666666666666,0.888888888888889,0.7142857142857143,0.8
cbn_exp_clayton,CMIIC,"{""alpha"": 0.05}",20,30,3000,2,/home/mathis/Documents/Travail/cbnsl_benchmark/experiments/scaling/agrum3/../../../experiments/scaling/agrum3/2026-07-31_06h33_cbn_exp_clayton/graphs/golden__v20_a30_g2.json,/home/mathis/Documents/Travail/cbnsl_benchmark/experiments/scaling/agrum3/../../../experiments/scaling/agrum3/2026-07-31_06h33_cbn_exp_clayton/graphs/CMIIC__v20_a30_g2_s3000.json,,42.421011026002816,15.0,5.0,0.6808510638297872,0.912280701754386,0.8,0.8666666666666667
cbn_exp_clayton,CPC,"{""alpha"": 0.05, ""max_conditioning_set_size"": 3}",20,30,5000,2,/home/mathis/Documents/Travail/cbnsl_benchmark/experiments/scaling/agrum3/../../../experiments/scaling/agrum3/2026-07-31_06h33_cbn_exp_clayton/graphs/golden__v20_a30_g2.json,/home/mathis/Documents/Travail/cbnsl_benchmark/experiments/scaling/agrum3/../../../experiments/scaling/agrum3/2026-07-31_06h33_cbn_exp_clayton/graphs/CPC__v20_a30_g2_s5000.json,,99.36239568299789,17.0,6.0,0.6382978723404255,0.896551724137931,0.7894736842105263,0.8666666666666667
cbn_exp_clayton,CMIIC,"{""alpha"": 0.05}",20,30,5000,2,/home/mathis/Documents/Travail/cbnsl_benchmark/experiments/scaling/agrum3/../../../experiments/scaling/agrum3/2026-07-31_06h33_cbn_exp_clayton/graphs/golden__v20_a30_g2.json,/home/mathis/Documents/Travail/cbnsl_benchmark/experiments/scaling/agrum3/../../../experiments/scaling/agrum3/2026-07-31_06h33_cbn_exp_clayton/graphs/CMIIC__v20_a30_g2_s5000.json,,113.16147370499675,14.0,5.0,0.7083333333333334,0.912280701754386,0.8095238095238095,0.8666666666666667
cbn_exp_clayton,CPC,"{""alpha"": 0.05, ""max_conditioning_set_size"": 3}",20,30,200,3,/home/mathis/Documents/Travail/cbnsl_benchmark/experiments/scaling/agrum3/../../../experiments/scaling/agrum3/2026-07-31_06h33_cbn_exp_clayton/graphs/golden__v20_a30_g3.json,/home/mathis/Documents/Travail/cbnsl_benchmark/experiments/scaling/agrum3/../../../experiments/scaling/agrum3/2026-07-31_06h33_cbn_exp_clayton/graphs/CPC__v20_a30_g3_s200.json,,0.07563933200071915,30.0,30.0,0.0,0.0,0.0,0.0
cbn_exp_clayton,CMIIC,"{""alpha"": 0.05}",20,30,200,3,/home/mathis/Documents/Travail/cbnsl_benchmark/experiments/scaling/agrum3/../../../experiments/scaling/agrum3/2026-07-31_06h33_cbn_exp_clayton/graphs/golden__v20_a30_g3.json,/home/mathis/Documents/Travail/cbnsl_benchmark/experiments/scaling/agrum3/../../../experiments/scaling/agrum3/2026-07-31_06h33_cbn_exp_clayton/graphs/CMIIC__v20_a30_g3_s200.json,,0.6217662600029144,22.0,10.0,0.4761904761904762,0.8148148148148148,0.5555555555555556,0.7333333333333333
cbn_exp_clayton,CPC,"{""alpha"": 0.05, ""max_conditioning_set_size"": 3}",20,30,500,3,/home/mathis/Documents/Travail/cbnsl_benchmark/experiments/scaling/agrum3/../../../experiments/scaling/agrum3/2026-07-31_06h33_cbn_exp_clayton/graphs/golden__v20_a30_g3.json,/home/mathis/Documents/Travail/cbnsl_benchmark/experiments/scaling/agrum3/../../../experiments/scaling/agrum3/2026-07-31_06h33_cbn_exp_clayton/graphs/CPC__v20_a30_g3_s500.json,,0.8040654579999682,29.0,29.0,0.06451612903225806,0.06451612903225806,0.03333333333333333,0.03333333333333333
cbn_exp_clayton,CMIIC,"{""alpha"": 0.05}",20,30,500,3,/home/mathis/Documents/Travail/cbnsl_benchmark/experiments/scaling/agrum3/../../../experiments/scaling/agrum3/2026-07-31_06h33_cbn_exp_clayton/graphs/golden__v20_a30_g3.json,/home/mathis/Documents/Travail/cbnsl_benchmark/experiments/scaling/agrum3/../../../experiments/scaling/agrum3/2026-07-31_06h33_cbn_exp_clayton/graphs/CMIIC__v20_a30_g3_s500.json,,2.8947557430001325,19.0,5.0,0.5581395348837209,0.912280701754386,0.75,0.8666666666666667
cbn_exp_clayton,CPC,"{""alpha"": 0.05, ""max_conditioning_set_size"": 3}",20,30,1000,3,/home/mathis/Documents/Travail/cbnsl_benchmark/experiments/scaling/agrum3/../../../experiments/scaling/agrum3/2026-07-31_06h33_cbn_exp_clayton/graphs/golden__v20_a30_g3.json,/home/mathis/Documents/Travail/cbnsl_benchmark/experiments/scaling/agrum3/../../../experiments/scaling/agrum3/2026-07-31_06h33_cbn_exp_clayton/graphs/CPC__v20_a30_g3_s1000.json,,4.584188286000426,22.0,12.0,0.45,0.7599999999999999,0.45,0.6333333333333333
cbn_exp_clayton,CMIIC,"{""alpha"": 0.05}",20,30,1000,3,/home/mathis/Documents/Travail/cbnsl_benchmark/experiments/scaling/agrum3/../../../experiments/scaling/agrum3/2026-07-31_06h33_cbn_exp_clayton/graphs/golden__v20_a30_g3.json,/home/mathis/Documents/Travail/cbnsl_benchmark/experiments/scaling/agrum3/../../../experiments/scaling/agrum3/2026-07-31_06h33_cbn_exp_clayton/graphs/CMIIC__v20_a30_g3_s1000.json,,8.26719502600099,19.0,4.0,0.5581395348837209,0.9310344827586207,0.8,0.9
cbn_exp_clayton,CPC,"{""alpha"": 0.05, ""max_conditioning_set_size"": 3}",20,30,3000,3,/home/mathis/Documents/Travail/cbnsl_benchmark/experiments/scaling/agrum3/../../../experiments/scaling/agrum3/2026-07-31_06h33_cbn_exp_clayton/graphs/golden__v20_a30_g3.json,/home/mathis/Documents/Travail/cbnsl_benchmark/experiments/scaling/agrum3/../../../experiments/scaling/agrum3/2026-07-31_06h33_cbn_exp_clayton/graphs/CPC__v20_a30_g3_s3000.json,,51.456697208999685,18.0,7.0,0.5714285714285715,0.8679245283018869,0.631578947368421,0.7666666666666667
cbn_exp_clayton,CMIIC,"{""alpha"": 0.05}",20,30,3000,3,/home/mathis/Documents/Travail/cbnsl_benchmark/experiments/scaling/agrum3/../../../experiments/scaling/agrum3/2026-07-31_06h33_cbn_exp_clayton/graphs/golden__v20_a30_g3.json,/home/mathis/Documents/Travail/cbnsl_benchmark/experiments/scaling/agrum3/../../../experiments/scaling/agrum3/2026-07-31_06h33_cbn_exp_clayton/graphs/CMIIC__v20_a30_g3_s3000.json,,68.72654578999936,17.0,5.0,0.6222222222222222,0.912280701754386,0.7777777777777778,0.8666666666666667
cbn_exp_clayton,CPC,"{""alpha"": 0.05, ""max_conditioning_set_size"": 3}",20,30,5000,3,/home/mathis/Documents/Travail/cbnsl_benchmark/experiments/scaling/agrum3/../../../experiments/scaling/agrum3/2026-07-31_06h33_cbn_exp_clayton/graphs/golden__v20_a30_g3.json,/home/mathis/Documents/Travail/cbnsl_benchmark/experiments/scaling/agrum3/../../../experiments/scaling/agrum3/2026-07-31_06h33_cbn_exp_clayton/graphs/CPC__v20_a30_g3_s5000.json,,159.97206953400018,24.0,6.0,0.3333333333333333,0.888888888888889,0.5,0.8
cbn_exp_clayton,CMIIC,"{""alpha"": 0.05}",20,30,5000,3,/home/mathis/Documents/Travail/cbnsl_benchmark/experiments/scaling/agrum3/../../../experiments/scaling/agrum3/2026-07-31_06h33_cbn_exp_clayton/graphs/golden__v20_a30_g3.json,/home/mathis/Documents/Travail/cbnsl_benchmark/experiments/scaling/agrum3/../../../experiments/scaling/agrum3/2026-07-31_06h33_cbn_exp_clayton/graphs/CMIIC__v20_a30_g3_s5000.json,,193.40311315099825,17.0,5.0,0.6222222222222222,0.912280701754386,0.7777777777777778,0.8666666666666667
cbn_exp_clayton,CPC,"{""alpha"": 0.05, ""max_conditioning_set_size"": 3}",20,30,200,4,/home/mathis/Documents/Travail/cbnsl_benchmark/experiments/scaling/agrum3/../../../experiments/scaling/agrum3/2026-07-31_06h33_cbn_exp_clayton/graphs/golden__v20_a30_g4.json,/home/mathis/Documents/Travail/cbnsl_benchmark/experiments/scaling/agrum3/../../../experiments/scaling/agrum3/2026-07-31_06h33_cbn_exp_clayton/graphs/CPC__v20_a30_g4_s200.json,,0.056218991998321144,28.0,20.0,0.1764705882352941,0.5238095238095238,0.13636363636363635,0.36666666666666664
cbn_exp_clayton,CMIIC,"{""alpha"": 0.05}",20,30,200,4,/home/mathis/Documents/Travail/cbnsl_benchmark/experiments/scaling/agrum3/../../../experiments/scaling/agrum3/2026-07-31_06h33_cbn_exp_clayton/graphs/golden__v20_a30_g4.json,/home/mathis/Documents/Travail/cbnsl_benchmark/experiments/scaling/agrum3/../../../experiments/scaling/agrum3/2026-07-31_06h33_cbn_exp_clayton/graphs/CMIIC__v20_a30_g4_s200.json,,0.5156844720004301,26.0,6.0,0.3157894736842105,0.896551724137931,0.6,0.8666666666666667
cbn_exp_clayton,CPC,"{""alpha"": 0.05, ""max_conditioning_set_size"": 3}",20,30,500,4,/home/mathis/Documents/Travail/cbnsl_benchmark/experiments/scaling/agrum3/../../../experiments/scaling/agrum3/2026-07-31_06h33_cbn_exp_clayton/graphs/golden__v20_a30_g4.json,/home/mathis/Documents/Travail/cbnsl_benchmark/experiments/scaling/agrum3/../../../experiments/scaling/agrum3/2026-07-31_06h33_cbn_exp_clayton/graphs/CPC__v20_a30_g4_s500.json,,0.47688942099921405,27.0,24.0,0.1818181818181818,0.33333333333333337,0.1111111111111111,0.2
cbn_exp_clayton,CMIIC,"{""alpha"": 0.05}",20,30,500,4,/home/mathis/Documents/Travail/cbnsl_benchmark/experiments/scaling/agrum3/../../../experiments/scaling/agrum3/2026-07-31_06h33_cbn_exp_clayton/graphs/golden__v20_a30_g4.json,/home/mathis/Documents/Travail/cbnsl_benchmark/experiments/scaling/agrum3/../../../experiments/scaling/agrum3/2026-07-31_06h33_cbn_exp_clayton/graphs/CMIIC__v20_a30_g4_s500.json,,1.8461802360034199,26.0,6.0,0.3157894736842105,0.896551724137931,0.6,0.8666666666666667
cbn_exp_clayton,CPC,"{""alpha"": 0.05, ""max_conditioning_set_size"": 3}",20,30,1000,4,/home/mathis/Documents/Travail/cbnsl_benchmark/experiments/scaling/agrum3/../../../experiments/scaling/agrum3/2026-07-31_06h33_cbn_exp_clayton/graphs/golden__v20_a30_g4.json,/home/mathis/Documents/Travail/cbnsl_benchmark/experiments/scaling/agrum3/../../../experiments/scaling/agrum3/2026-07-31_06h33_cbn_exp_clayton/graphs/CPC__v20_a30_g4_s1000.json,,2.4611542569982703,25.0,15.0,0.28571428571428575,0.6666666666666666,0.25,0.5
cbn_exp_clayton,CMIIC,"{""alpha"": 0.05}",20,30,1000,4,/home/mathis/Documents/Travail/cbnsl_benchmark/experiments/scaling/agrum3/../../../experiments/scaling/agrum3/2026-07-31_06h33_cbn_exp_clayton/graphs/golden__v20_a30_g4.json,/home/mathis/Documents/Travail/cbnsl_benchmark/experiments/scaling/agrum3/../../../experiments/scaling/agrum3/2026-07-31_06h33_cbn_exp_clayton/graphs/CMIIC__v20_a30_g4_s1000.json,,5.323206218999985,25.0,7.0,0.32432432432432434,0.8727272727272728,0.5,0.8
cbn_exp_clayton,CPC,"{""alpha"": 0.05, ""max_conditioning_set_size"": 3}",20,30,3000,4,/home/mathis/Documents/Travail/cbnsl_benchmark/experiments/scaling/agrum3/../../../experiments/scaling/agrum3/2026-07-31_06h33_cbn_exp_clayton/graphs/golden__v20_a30_g4.json,/home/mathis/Documents/Travail/cbnsl_benchmark/experiments/scaling/agrum3/../../../experiments/scaling/agrum3/2026-07-31_06h33_cbn_exp_clayton/graphs/CPC__v20_a30_g4_s3000.json,,26.14736164400165,20.0,4.0,0.5652173913043478,0.9354838709677419,0.9285714285714286,0.9666666666666667
cbn_exp_clayton,CMIIC,"{""alpha"": 0.05}",20,30,3000,4,/home/mathis/Documents/Travail/cbnsl_benchmark/experiments/scaling/agrum3/../../../experiments/scaling/agrum3/2026-07-31_06h33_cbn_exp_clayton/graphs/golden__v20_a30_g4.json,/home/mathis/Documents/Travail/cbnsl_benchmark/experiments/scaling/agrum3/../../../experiments/scaling/agrum3/2026-07-31_06h33_cbn_exp_clayton/graphs/CMIIC__v20_a30_g4_s3000.json,,40.45862659600243,19.0,6.0,0.558139534883721,0.8928571428571429,0.7058823529411765,0.8333333333333334
cbn_exp_clayton,CPC,"{""alpha"": 0.05, ""max_conditioning_set_size"": 3}",20,30,5000,4,/home/mathis/Documents/Travail/cbnsl_benchmark/experiments/scaling/agrum3/../../../experiments/scaling/agrum3/2026-07-31_06h33_cbn_exp_clayton/graphs/golden__v20_a30_g4.json,/home/mathis/Documents/Travail/cbnsl_benchmark/experiments/scaling/agrum3/../../../experiments/scaling/agrum3/2026-07-31_06h33_cbn_exp_clayton/graphs/CPC__v20_a30_g4_s5000.json,,79.06483427000057,13.0,3.0,0.7450980392156863,0.9508196721311476,0.95,0.9666666666666667
cbn_exp_clayton,CMIIC,"{""alpha"": 0.05}",20,30,5000,4,/home/mathis/Documents/Travail/cbnsl_benchmark/experiments/scaling/agrum3/../../../experiments/scaling/agrum3/2026-07-31_06h33_cbn_exp_clayton/graphs/golden__v20_a30_g4.json,/home/mathis/Documents/Travail/cbnsl_benchmark/experiments/scaling/agrum3/../../../experiments/scaling/agrum3/2026-07-31_06h33_cbn_exp_clayton/graphs/CMIIC__v20_a30_g4_s5000.json,,106.52519937800025,19.0,4.0,0.5365853658536585,0.9285714285714286,0.7333333333333333,0.8666666666666667
cbn_exp_clayton,CPC,"{""alpha"": 0.05, ""max_conditioning_set_size"": 3}",20,30,200,5,/home/mathis/Documents/Travail/cbnsl_benchmark/experiments/scaling/agrum3/../../../experiments/scaling/agrum3/2026-07-31_06h33_cbn_exp_clayton/graphs/golden__v20_a30_g5.json,/home/mathis/Documents/Travail/cbnsl_benchmark/experiments/scaling/agrum3/../../../experiments/scaling/agrum3/2026-07-31_06h33_cbn_exp_clayton/graphs/CPC__v20_a30_g5_s200.json,,0.06983991699962644,23.0,16.0,0.3428571428571428,0.6190476190476191,0.2727272727272727,0.4482758620689655
cbn_exp_clayton,CMIIC,"{""alpha"": 0.05}",20,30,200,5,/home/mathis/Documents/Travail/cbnsl_benchmark/experiments/scaling/agrum3/../../../experiments/scaling/agrum3/2026-07-31_06h33_cbn_exp_clayton/graphs/golden__v20_a30_g5.json,/home/mathis/Documents/Travail/cbnsl_benchmark/experiments/scaling/agrum3/../../../experiments/scaling/agrum3/2026-07-31_06h33_cbn_exp_clayton/graphs/CMIIC__v20_a30_g5_s200.json,,0.5198212129980675,25.0,3.0,0.32432432432432434,0.9491525423728815,0.8571428571428571,0.9655172413793104
cbn_exp_clayton,CPC,"{""alpha"": 0.05, ""max_conditioning_set_size"": 3}",20,30,500,5,/home/mathis/Documents/Travail/cbnsl_benchmark/experiments/scaling/agrum3/../../../experiments/scaling/agrum3/2026-07-31_06h33_cbn_exp_clayton/graphs/golden__v20_a30_g5.json,/home/mathis/Documents/Travail/cbnsl_benchmark/experiments/scaling/agrum3/../../../experiments/scaling/agrum3/2026-07-31_06h33_cbn_exp_clayton/graphs/CPC__v20_a30_g5_s500.json,,0.5696133210003609,27.0,23.0,0.12903225806451613,0.34285714285714286,0.08,0.20689655172413793
cbn_exp_clayton,CMIIC,"{""alpha"": 0.05}",20,30,500,5,/home/mathis/Documents/Travail/cbnsl_benchmark/experiments/scaling/agrum3/../../../experiments/scaling/agrum3/2026-07-31_06h33_cbn_exp_clayton/graphs/golden__v20_a30_g5.json,/home/mathis/Documents/Travail/cbnsl_benchmark/experiments/scaling/agrum3/../../../experiments/scaling/agrum3/2026-07-31_06h33_cbn_exp_clayton/graphs/CMIIC__v20_a30_g5_s500.json,,2.3439001759979874,23.0,1.0,0.34285714285714286,0.9824561403508771,0.8571428571428571,0.9655172413793104
cbn_exp_clayton,CPC,"{""alpha"": 0.05, ""max_conditioning_set_size"": 3}",20,30,1000,5,/home/mathis/Documents/Travail/cbnsl_benchmark/experiments/scaling/agrum3/../../../experiments/scaling/agrum3/2026-07-31_06h33_cbn_exp_clayton/graphs/golden__v20_a30_g5.json,/home/mathis/Documents/Travail/cbnsl_benchmark/experiments/scaling/agrum3/../../../experiments/scaling/agrum3/2026-07-31_06h33_cbn_exp_clayton/graphs/CPC__v20_a30_g5_s1000.json,,3.5353419620005297,25.0,8.0,0.24242424242424246,0.8400000000000001,0.3333333333333333,0.7241379310344828
cbn_exp_clayton,CMIIC,"{""alpha"": 0.05}",20,30,1000,5,/home/mathis/Documents/Travail/cbnsl_benchmark/experiments/scaling/agrum3/../../../experiments/scaling/agrum3/2026-07-31_06h33_cbn_exp_clayton/graphs/golden__v20_a30_g5.json,/home/mathis/Documents/Travail/cbnsl_benchmark/experiments/scaling/agrum3/../../../experiments/scaling/agrum3/2026-07-31_06h33_cbn_exp_clayton/graphs/CMIIC__v20_a30_g5_s1000.json,,7.315086104998045,15.0,1.0,0.6511627906976745,0.9824561403508771,0.9333333333333333,0.9655172413793104
cbn_exp_clayton,CPC,"{""alpha"": 0.05, ""max_conditioning_set_size"": 3}",20,30,3000,5,/home/mathis/Documents/Travail/cbnsl_benchmark/experiments/scaling/agrum3/../../../experiments/scaling/agrum3/2026-07-31_06h33_cbn_exp_clayton/graphs/golden__v20_a30_g5.json,/home/mathis/Documents/Travail/cbnsl_benchmark/experiments/scaling/agrum3/../../../experiments/scaling/agrum3/2026-07-31_06h33_cbn_exp_clayton/graphs/CPC__v20_a30_g5_s3000.json,,41.61644077300298,20.0,3.0,0.5454545454545454,0.9508196721311475,1.0,1.0
cbn_exp_clayton,CMIIC,"{""alpha"": 0.05}",20,30,3000,5,/home/mathis/Documents/Travail/cbnsl_benchmark/experiments/scaling/agrum3/../../../experiments/scaling/agrum3/2026-07-31_06h33_cbn_exp_clayton/graphs/golden__v20_a30_g5.json,/home/mathis/Documents/Travail/cbnsl_benchmark/experiments/scaling/agrum3/../../../experiments/scaling/agrum3/2026-07-31_06h33_cbn_exp_clayton/graphs/CMIIC__v20_a30_g5_s3000.json,,51.7889950380013,9.0,0.0,0.8163265306122449,1.0,1.0,1.0
cbn_exp_clayton,CPC,"{""alpha"": 0.05, ""max_conditioning_set_size"": 3}",20,30,5000,5,/home/mathis/Documents/Travail/cbnsl_benchmark/experiments/scaling/agrum3/../../../experiments/scaling/agrum3/2026-07-31_06h33_cbn_exp_clayton/graphs/golden__v20_a30_g5.json,/home/mathis/Documents/Travail/cbnsl_benchmark/experiments/scaling/agrum3/../../../experiments/scaling/agrum3/2026-07-31_06h33_cbn_exp_clayton/graphs/CPC__v20_a30_g5_s5000.json,,131.69251471000098,8.0,3.0,0.8571428571428571,0.9508196721311475,1.0,1.0
cbn_exp_clayton,CMIIC,"{""alpha"": 0.05}",20,30,5000,5,/home/mathis/Documents/Travail/cbnsl_benchmark/experiments/scaling/agrum3/../../../experiments/scaling/agrum3/2026-07-31_06h33_cbn_exp_clayton/graphs/golden__v20_a30_g5.json,/home/mathis/Documents/Travail/cbnsl_benchmark/experiments/scaling/agrum3/../../../experiments/scaling/agrum3/2026-07-31_06h33_cbn_exp_clayton/graphs/CMIIC__v20_a30_g5_s5000.json,,143.62982994299819,12.0,1.0,0.7391304347826088,0.9824561403508771,0.9444444444444444,0.9655172413793104
cbn_exp_clayton,CPC,"{""alpha"": 0.05, ""max_conditioning_set_size"": 3}",20,30,200,6,/home/mathis/Documents/Travail/cbnsl_benchmark/experiments/scaling/agrum3/../../../experiments/scaling/agrum3/2026-07-31_06h33_cbn_exp_clayton/graphs/golden__v20_a30_g6.json,/home/mathis/Documents/Travail/cbnsl_benchmark/experiments/scaling/agrum3/../../../experiments/scaling/agrum3/2026-07-31_06h33_cbn_exp_clayton/graphs/CPC__v20_a30_g6_s200.json,,0.08728217300085817,29.0,29.0,0.06451612903225806,0.06451612903225806,0.03333333333333333,0.03333333333333333
cbn_exp_clayton,CMIIC,"{""alpha"": 0.05}",20,30,200,6,/home/mathis/Documents/Travail/cbnsl_benchmark/experiments/scaling/agrum3/../../../experiments/scaling/agrum3/2026-07-31_06h33_cbn_exp_clayton/graphs/golden__v20_a30_g6.json,/home/mathis/Documents/Travail/cbnsl_benchmark/experiments/scaling/agrum3/../../../experiments/scaling/agrum3/2026-07-31_06h33_cbn_exp_clayton/graphs/CMIIC__v20_a30_g6_s200.json,,0.6179190990005736,22.0,7.0,0.47619047619047616,0.8771929824561403,0.6666666666666666,0.8333333333333334
cbn_exp_clayton,CPC,"{""alpha"": 0.05, ""max_conditioning_set_size"": 3}",20,30,500,6,/home/mathis/Documents/Travail/cbnsl_benchmark/experiments/scaling/agrum3/../../../experiments/scaling/agrum3/2026-07-31_06h33_cbn_exp_clayton/graphs/golden__v20_a30_g6.json,/home/mathis/Documents/Travail/cbnsl_benchmark/experiments/scaling/agrum3/../../../experiments/scaling/agrum3/2026-07-31_06h33_cbn_exp_clayton/graphs/CPC__v20_a30_g6_s500.json,,0.9589967249994515,27.0,22.0,0.18181818181818182,0.4210526315789474,0.12,0.26666666666666666
cbn_exp_clayton,CMIIC,"{""alpha"": 0.05}",20,30,500,6,/home/mathis/Documents/Travail/cbnsl_benchmark/experiments/scaling/agrum3/../../../experiments/scaling/agrum3/2026-07-31_06h33_cbn_exp_clayton/graphs/golden__v20_a30_g6.json,/home/mathis/Documents/Travail/cbnsl_benchmark/experiments/scaling/agrum3/../../../experiments/scaling/agrum3/2026-07-31_06h33_cbn_exp_clayton/graphs/CMIIC__v20_a30_g6_s500.json,,2.414820308000344,20.0,4.0,0.5,0.9285714285714286,0.7142857142857143,0.8666666666666667
cbn_exp_clayton,CPC,"{""alpha"": 0.05, ""max_conditioning_set_size"": 3}",20,30,1000,6,/home/mathis/Documents/Travail/cbnsl_benchmark/experiments/scaling/agrum3/../../../experiments/scaling/agrum3/2026-07-31_06h33_cbn_exp_clayton/graphs/golden__v20_a30_g6.json,/home/mathis/Documents/Travail/cbnsl_benchmark/experiments/scaling/agrum3/../../../experiments/scaling/agrum3/2026-07-31_06h33_cbn_exp_clayton/graphs/CPC__v20_a30_g6_s1000.json,,5.076992307000182,26.0,9.0,0.23529411764705882,0.8235294117647058,0.3076923076923077,0.7
cbn_exp_clayton,CMIIC,"{""alpha"": 0.05}",20,30,1000,6,/home/mathis/Documents/Travail/cbnsl_benchmark/experiments/scaling/agrum3/../../../experiments/scaling/agrum3/2026-07-31_06h33_cbn_exp_clayton/graphs/golden__v20_a30_g6.json,/home/mathis/Documents/Travail/cbnsl_benchmark/experiments/scaling/agrum3/../../../experiments/scaling/agrum3/2026-07-31_06h33_cbn_exp_clayton/graphs/CMIIC__v20_a30_g6_s1000.json,,7.871731966999505,20.0,4.0,0.5,0.9285714285714286,0.7142857142857143,0.8666666666666667
cbn_exp_clayton,CPC,"{""alpha"": 0.05, ""max_conditioning_set_size"": 3}",20,30,3000,6,/home/mathis/Documents/Travail/cbnsl_benchmark/experiments/scaling/agrum3/../../../experiments/scaling/agrum3/2026-07-31_06h33_cbn_exp_clayton/graphs/golden__v20_a30_g6.json,/home/mathis/Documents/Travail/cbnsl_benchmark/experiments/scaling/agrum3/../../../experiments/scaling/agrum3/2026-07-31_06h33_cbn_exp_clayton/graphs/CPC__v20_a30_g6_s3000.json,,60.20712178499889,20.0,9.0,0.5454545454545454,0.8363636363636363,0.631578947368421,0.7666666666666667
cbn_exp_clayton,CMIIC,"{""alpha"": 0.05}",20,30,3000,6,/home/mathis/Documents/Travail/cbnsl_benchmark/experiments/scaling/agrum3/../../../experiments/scaling/agrum3/2026-07-31_06h33_cbn_exp_clayton/graphs/golden__v20_a30_g6.json,/home/mathis/Documents/Travail/cbnsl_benchmark/experiments/scaling/agrum3/../../../experiments/scaling/agrum3/2026-07-31_06h33_cbn_exp_clayton/graphs/CMIIC__v20_a30_g6_s3000.json,,64.92070297700047,20.0,4.0,0.5,0.9285714285714286,0.7142857142857143,0.8666666666666667
cbn_exp_clayton,CPC,"{""alpha"": 0.05, ""max_conditioning_set_size"": 3}",20,30,5000,6,/home/mathis/Documents/Travail/cbnsl_benchmark/experiments/scaling/agrum3/../../../experiments/scaling/agrum3/2026-07-31_06h33_cbn_exp_clayton/graphs/golden__v20_a30_g6.json,/home/mathis/Documents/Travail/cbnsl_benchmark/experiments/scaling/agrum3/../../../experiments/scaling/agrum3/2026-07-31_06h33_cbn_exp_clayton/graphs/CPC__v20_a30_g6_s5000.json,,207.2236908699997,24.0,6.0,0.3333333333333333,0.888888888888889,0.5,0.8
cbn_exp_clayton,CMIIC,"{""alpha"": 0.05}",20,30,5000,6,/home/mathis/Documents/Travail/cbnsl_benchmark/experiments/scaling/agrum3/../../../experiments/scaling/agrum3/2026-07-31_06h33_cbn_exp_clayton/graphs/golden__v20_a30_g6.json,/home/mathis/Documents/Travail/cbnsl_benchmark/experiments/scaling/agrum3/../../../experiments/scaling/agrum3/2026-07-31_06h33_cbn_exp_clayton/graphs/CMIIC__v20_a30_g6_s5000.json,,183.61072792500272,20.0,4.0,0.5,0.9285714285714286,0.7142857142857143,0.8666666666666667
cbn_exp_clayton,CPC,"{""alpha"": 0.05, ""max_conditioning_set_size"": 3}",20,30,200,7,/home/mathis/Documents/Travail/cbnsl_benchmark/experiments/scaling/agrum3/../../../experiments/scaling/agrum3/2026-07-31_06h33_cbn_exp_clayton/graphs/golden__v20_a30_g7.json,/home/mathis/Documents/Travail/cbnsl_benchmark/experiments/scaling/agrum3/../../../experiments/scaling/agrum3/2026-07-31_06h33_cbn_exp_clayton/graphs/CPC__v20_a30_g7_s200.json,,0.05081775399958133,26.0,16.0,0.23529411764705882,0.6363636363636364,0.2,0.4666666666666667
cbn_exp_clayton,CMIIC,"{""alpha"": 0.05}",20,30,200,7,/home/mathis/Documents/Travail/cbnsl_benchmark/experiments/scaling/agrum3/../../../experiments/scaling/agrum3/2026-07-31_06h33_cbn_exp_clayton/graphs/golden__v20_a30_g7.json,/home/mathis/Documents/Travail/cbnsl_benchmark/experiments/scaling/agrum3/../../../experiments/scaling/agrum3/2026-07-31_06h33_cbn_exp_clayton/graphs/CMIIC__v20_a30_g7_s200.json,,0.35416782699758187,26.0,4.0,0.23529411764705882,0.9285714285714286,0.5,0.8666666666666667
cbn_exp_clayton,CPC,"{""alpha"": 0.05, ""max_conditioning_set_size"": 3}",20,30,500,7,/home/mathis/Documents/Travail/cbnsl_benchmark/experiments/scaling/agrum3/../../../experiments/scaling/agrum3/2026-07-31_06h33_cbn_exp_clayton/graphs/golden__v20_a30_g7.json,/home/mathis/Documents/Travail/cbnsl_benchmark/experiments/scaling/agrum3/../../../experiments/scaling/agrum3/2026-07-31_06h33_cbn_exp_clayton/graphs/CPC__v20_a30_g7_s500.json,,0.542211079999106,29.0,24.0,0.06451612903225806,0.33333333333333337,0.04,0.2
cbn_exp_clayton,CMIIC,"{""alpha"": 0.05}",20,30,500,7,/home/mathis/Documents/Travail/cbnsl_benchmark/experiments/scaling/agrum3/../../../experiments/scaling/agrum3/2026-07-31_06h33_cbn_exp_clayton/graphs/golden__v20_a30_g7.json,/home/mathis/Documents/Travail/cbnsl_benchmark/experiments/scaling/agrum3/../../../experiments/scaling/agrum3/2026-07-31_06h33_cbn_exp_clayton/graphs/CMIIC__v20_a30_g7_s500.json,,1.7456847569992533,26.0,4.0,0.23529411764705882,0.9285714285714286,0.5,0.8666666666666667
cbn_exp_clayton,CPC,"{""alpha"": 0.05, ""max_conditioning_set_size"": 3}",20,30,1000,7,/home/mathis/Documents/Travail/cbnsl_benchmark/experiments/scaling/agrum3/../../../experiments/scaling/agrum3/2026-07-31_06h33_cbn_exp_clayton/graphs/golden__v20_a30_g7.json,/home/mathis/Documents/Travail/cbnsl_benchmark/experiments/scaling/agrum3/../../../experiments/scaling/agrum3/2026-07-31_06h33_cbn_exp_clayton/graphs/CPC__v20_a30_g7_s1000.json,,2.4911502020004264,22.0,11.0,0.42105263157894735,0.7755102040816326,0.42105263157894735,0.6333333333333333
cbn_exp_clayton,CMIIC,"{""alpha"": 0.05}",20,30,1000,7,/home/mathis/Documents/Travail/cbnsl_benchmark/experiments/scaling/agrum3/../../../experiments/scaling/agrum3/2026-07-31_06h33_cbn_exp_clayton/graphs/golden__v20_a30_g7.json,/home/mathis/Documents/Travail/cbnsl_benchmark/experiments/scaling/agrum3/../../../experiments/scaling/agrum3/2026-07-31_06h33_cbn_exp_clayton/graphs/CMIIC__v20_a30_g7_s1000.json,,5.497436778998235,21.0,4.0,0.46153846153846156,0.9285714285714286,0.6923076923076923,0.8666666666666667
cbn_exp_clayton,CPC,"{""alpha"": 0.05, ""max_conditioning_set_size"": 3}",20,30,3000,7,/home/mathis/Documents/Travail/cbnsl_benchmark/experiments/scaling/agrum3/../../../experiments/scaling/agrum3/2026-07-31_06h33_cbn_exp_clayton/graphs/golden__v20_a30_g7.json,/home/mathis/Documents/Travail/cbnsl_benchmark/experiments/scaling/agrum3/../../../experiments/scaling/agrum3/2026-07-31_06h33_cbn_exp_clayton/graphs/CPC__v20_a30_g7_s3000.json,,27.496766958996886,9.0,2.0,0.8235294117647057,0.9655172413793104,0.9130434782608695,0.9333333333333333
cbn_exp_clayton,CMIIC,"{""alpha"": 0.05}",20,30,3000,7,/home/mathis/Documents/Travail/cbnsl_benchmark/experiments/scaling/agrum3/../../../experiments/scaling/agrum3/2026-07-31_06h33_cbn_exp_clayton/graphs/golden__v20_a30_g7.json,/home/mathis/Documents/Travail/cbnsl_benchmark/experiments/scaling/agrum3/../../../experiments/scaling/agrum3/2026-07-31_06h33_cbn_exp_clayton/graphs/CMIIC__v20_a30_g7_s3000.json,,45.50078428100096,26.0,5.0,0.23529411764705882,0.9090909090909091,0.4444444444444444,0.8333333333333334
cbn_exp_clayton,CPC,"{""alpha"": 0.05, ""max_conditioning_set_size"": 3}",20,30,5000,7,/home/mathis/Documents/Travail/cbnsl_benchmark/experiments/scaling/agrum3/../../../experiments/scaling/agrum3/2026-07-31_06h33_cbn_exp_clayton/graphs/golden__v20_a30_g7.json,/home/mathis/Documents/Travail/cbnsl_benchmark/experiments/scaling/agrum3/../../../experiments/scaling/agrum3/2026-07-31_06h33_cbn_exp_clayton/graphs/CPC__v20_a30_g7_s5000.json,,79.68166515900157,10.0,2.0,0.8,0.9655172413793104,0.9090909090909091,0.9333333333333333
cbn_exp_clayton,CMIIC,"{""alpha"": 0.05}",20,30,5000,7,/home/mathis/Documents/Travail/cbnsl_benchmark/experiments/scaling/agrum3/../../../experiments/scaling/agrum3/2026-07-31_06h33_cbn_exp_clayton/graphs/golden__v20_a30_g7.json,/home/mathis/Documents/Travail/cbnsl_benchmark/experiments/scaling/agrum3/../../../experiments/scaling/agrum3/2026-07-31_06h33_cbn_exp_clayton/graphs/CMIIC__v20_a30_g7_s5000.json,,121.56683756499842,19.0,5.0,0.5365853658536586,0.9090909090909091,0.6875,0.8333333333333334
cbn_exp_clayton,CPC,"{""alpha"": 0.05, ""max_conditioning_set_size"": 3}",20,30,200,8,/home/mathis/Documents/Travail/cbnsl_benchmark/experiments/scaling/agrum3/../../../experiments/scaling/agrum3/2026-07-31_06h33_cbn_exp_clayton/graphs/golden__v20_a30_g8.json,/home/mathis/Documents/Travail/cbnsl_benchmark/experiments/scaling/agrum3/../../../experiments/scaling/agrum3/2026-07-31_06h33_cbn_exp_clayton/graphs/CPC__v20_a30_g8_s200.json,,0.056765085999359144,29.0,24.0,0.12121212121212122,0.3684210526315789,0.08,0.23333333333333334
cbn_exp_clayton,CMIIC,"{""alpha"": 0.05}",20,30,200,8,/home/mathis/Documents/Travail/cbnsl_benchmark/experiments/scaling/agrum3/../../../experiments/scaling/agrum3/2026-07-31_06h33_cbn_exp_clayton/graphs/golden__v20_a30_g8.json,/home/mathis/Documents/Travail/cbnsl_benchmark/experiments/scaling/agrum3/../../../experiments/scaling/agrum3/2026-07-31_06h33_cbn_exp_clayton/graphs/CMIIC__v20_a30_g8_s200.json,,0.4487426890009374,27.0,3.0,0.1818181818181818,0.9473684210526316,0.5,0.9
cbn_exp_clayton,CPC,"{""alpha"": 0.05, ""max_conditioning_set_size"": 3}",20,30,500,8,/home/mathis/Documents/Travail/cbnsl_benchmark/experiments/scaling/agrum3/../../../experiments/scaling/agrum3/2026-07-31_06h33_cbn_exp_clayton/graphs/golden__v20_a30_g8.json,/home/mathis/Documents/Travail/cbnsl_benchmark/experiments/scaling/agrum3/../../../experiments/scaling/agrum3/2026-07-31_06h33_cbn_exp_clayton/graphs/CPC__v20_a30_g8_s500.json,,0.563590342997486,27.0,23.0,0.18181818181818182,0.37837837837837834,0.11538461538461539,0.23333333333333334
cbn_exp_clayton,CMIIC,"{""alpha"": 0.05}",20,30,500,8,/home/mathis/Documents/Travail/cbnsl_benchmark/experiments/scaling/agrum3/../../../experiments/scaling/agrum3/2026-07-31_06h33_cbn_exp_clayton/graphs/golden__v20_a30_g8.json,/home/mathis/Documents/Travail/cbnsl_benchmark/experiments/scaling/agrum3/../../../experiments/scaling/agrum3/2026-07-31_06h33_cbn_exp_clayton/graphs/CMIIC__v20_a30_g8_s500.json,,2.1637504780010204,27.0,3.0,0.1818181818181818,0.9473684210526316,0.5,0.9
cbn_exp_clayton,CPC,"{""alpha"": 0.05, ""max_conditioning_set_size"": 3}",20,30,1000,8,/home/mathis/Documents/Travail/cbnsl_benchmark/experiments/scaling/agrum3/../../../experiments/scaling/agrum3/2026-07-31_06h33_cbn_exp_clayton/graphs/golden__v20_a30_g8.json,/home/mathis/Documents/Travail/cbnsl_benchmark/experiments/scaling/agrum3/../../../experiments/scaling/agrum3/2026-07-31_06h33_cbn_exp_clayton/graphs/CPC__v20_a30_g8_s1000.json,,2.615571351001563,25.0,9.0,0.2857142857142857,0.8235294117647058,0.35714285714285715,0.7
cbn_exp_clayton,CMIIC,"{""alpha"": 0.05}",20,30,1000,8,/home/mathis/Documents/Travail/cbnsl_benchmark/experiments/scaling/agrum3/../../../experiments/scaling/agrum3/2026-07-31_06h33_cbn_exp_clayton/graphs/golden__v20_a30_g8.json,/home/mathis/Documents/Travail/cbnsl_benchmark/experiments/scaling/agrum3/../../../experiments/scaling/agrum3/2026-07-31_06h33_cbn_exp_clayton/graphs/CMIIC__v20_a30_g8_s1000.json,,5.997049206998781,27.0,3.0,0.1818181818181818,0.9473684210526316,0.5,0.9
cbn_exp_clayton,CPC,"{""alpha"": 0.05, ""max_conditioning_set_size"": 3}",20,30,3000,8,/home/mathis/Documents/Travail/cbnsl_benchmark/experiments/scaling/agrum3/../../../experiments/scaling/agrum3/2026-07-31_06h33_cbn_exp_clayton/graphs/golden__v20_a30_g8.json,/home/mathis/Documents/Travail/cbnsl_benchmark/experiments/scaling/agrum3/../../../experiments/scaling/agrum3/2026-07-31_06h33_cbn_exp_clayton/graphs/CPC__v20_a30_g8_s3000.json,,32.57004090000191,18.0,5.0,0.608695652173913,0.9152542372881356,0.8235294117647058,0.9
cbn_exp_clayton,CMIIC,"{""alpha"": 0.05}",20,30,3000,8,/home/mathis/Documents/Travail/cbnsl_benchmark/experiments/scaling/agrum3/../../../experiments/scaling/agrum3/2026-07-31_06h33_cbn_exp_clayton/graphs/golden__v20_a30_g8.json,/home/mathis/Documents/Travail/cbnsl_benchmark/experiments/scaling/agrum3/../../../experiments/scaling/agrum3/2026-07-31_06h33_cbn_exp_clayton/graphs/CMIIC__v20_a30_g8_s3000.json,,49.100693714000954,27.0,3.0,0.1818181818181818,0.9473684210526316,0.5,0.9
cbn_exp_clayton,CPC,"{""alpha"": 0.05, ""max_conditioning_set_size"": 3}",20,30,5000,8,/home/mathis/Documents/Travail/cbnsl_benchmark/experiments/scaling/agrum3/../../../experiments/scaling/agrum3/2026-07-31_06h33_cbn_exp_clayton/graphs/golden__v20_a30_g8.json,/home/mathis/Documents/Travail/cbnsl_benchmark/experiments/scaling/agrum3/../../../experiments/scaling/agrum3/2026-07-31_06h33_cbn_exp_clayton/graphs/CPC__v20_a30_g8_s5000.json,,109.76489731100082,17.0,3.0,0.6222222222222222,0.9491525423728815,0.875,0.9333333333333333
cbn_exp_clayton,CMIIC,"{""alpha"": 0.05}",20,30,5000,8,/home/mathis/Documents/Travail/cbnsl_benchmark/experiments/scaling/agrum3/../../../experiments/scaling/agrum3/2026-07-31_06h33_cbn_exp_clayton/graphs/golden__v20_a30_g8.json,/home/mathis/Documents/Travail/cbnsl_benchmark/experiments/scaling/agrum3/../../../experiments/scaling/agrum3/2026-07-31_06h33_cbn_exp_clayton/graphs/CMIIC__v20_a30_g8_s5000.json,,129.32961921300011,17.0,3.0,0.6046511627906976,0.9473684210526316,0.8125,0.9
cbn_exp_clayton,CPC,"{""alpha"": 0.05, ""max_conditioning_set_size"": 3}",20,30,200,9,/home/mathis/Documents/Travail/cbnsl_benchmark/experiments/scaling/agrum3/../../../experiments/scaling/agrum3/2026-07-31_06h33_cbn_exp_clayton/graphs/golden__v20_a30_g9.json,/home/mathis/Documents/Travail/cbnsl_benchmark/experiments/scaling/agrum3/../../../experiments/scaling/agrum3/2026-07-31_06h33_cbn_exp_clayton/graphs/CPC__v20_a30_g9_s200.json,,0.0663538119988516,30.0,26.0,0.0,0.2352941176470588,0.0,0.13793103448275862
cbn_exp_clayton,CMIIC,"{""alpha"": 0.05}",20,30,200,9,/home/mathis/Documents/Travail/cbnsl_benchmark/experiments/scaling/agrum3/../../../experiments/scaling/agrum3/2026-07-31_06h33_cbn_exp_clayton/graphs/golden__v20_a30_g9.json,/home/mathis/Documents/Travail/cbnsl_benchmark/experiments/scaling/agrum3/../../../experiments/scaling/agrum3/2026-07-31_06h33_cbn_exp_clayton/graphs/CMIIC__v20_a30_g9_s200.json,,0.4685412250000809,24.0,6.0,0.29411764705882354,0.8846153846153846,0.45454545454545453,0.7931034482758621
cbn_exp_clayton,CPC,"{""alpha"": 0.05, ""max_conditioning_set_size"": 3}",20,30,500,9,/home/mathis/Documents/Travail/cbnsl_benchmark/experiments/scaling/agrum3/../../../experiments/scaling/agrum3/2026-07-31_06h33_cbn_exp_clayton/graphs/golden__v20_a30_g9.json,/home/mathis/Documents/Travail/cbnsl_benchmark/experiments/scaling/agrum3/../../../experiments/scaling/agrum3/2026-07-31_06h33_cbn_exp_clayton/graphs/CPC__v20_a30_g9_s500.json,,0.6026328519983508,25.0,20.0,0.24242424242424243,0.4736842105263158,0.16666666666666666,0.3103448275862069
cbn_exp_clayton,CMIIC,"{""alpha"": 0.05}",20,30,500,9,/home/mathis/Documents/Travail/cbnsl_benchmark/experiments/scaling/agrum3/../../../experiments/scaling/agrum3/2026-07-31_06h33_cbn_exp_clayton/graphs/golden__v20_a30_g9.json,/home/mathis/Documents/Travail/cbnsl_benchmark/experiments/scaling/agrum3/../../../experiments/scaling/agrum3/2026-07-31_06h33_cbn_exp_clayton/graphs/CMIIC__v20_a30_g9_s500.json,,2.268595135999931,24.0,6.0,0.29411764705882354,0.8846153846153846,0.45454545454545453,0.7931034482758621
cbn_exp_clayton,CPC,"{""alpha"": 0.05, ""max_conditioning_set_size"": 3}",20,30,1000,9,/home/mathis/Documents/Travail/cbnsl_benchmark/experiments/scaling/agrum3/../../../experiments/scaling/agrum3/2026-07-31_06h33_cbn_exp_clayton/graphs/golden__v20_a30_g9.json,/home/mathis/Documents/Travail/cbnsl_benchmark/experiments/scaling/agrum3/../../../experiments/scaling/agrum3/2026-07-31_06h33_cbn_exp_clayton/graphs/CPC__v20_a30_g9_s1000.json,,2.569629610999982,19.0,10.0,0.5128205128205129,0.7916666666666666,0.5,0.6551724137931034
cbn_exp_clayton,CMIIC,"{""alpha"": 0.05}",20,30,1000,9,/home/mathis/Documents/Travail/cbnsl_benchmark/experiments/scaling/agrum3/../../../experiments/scaling/agrum3/2026-07-31_06h33_cbn_exp_clayton/graphs/golden__v20_a30_g9.json,/home/mathis/Documents/Travail/cbnsl_benchmark/experiments/scaling/agrum3/../../../experiments/scaling/agrum3/2026-07-31_06h33_cbn_exp_clayton/graphs/CMIIC__v20_a30_g9_s1000.json,,6.45504338000319,24.0,7.0,0.29411764705882354,0.8627450980392156,0.4166666666666667,0.7586206896551724
cbn_exp_clayton,CPC,"{""alpha"": 0.05, ""max_conditioning_set_size"": 3}",20,30,3000,9,/home/mathis/Documents/Travail/cbnsl_benchmark/experiments/scaling/agrum3/../../../experiments/scaling/agrum3/2026-07-31_06h33_cbn_exp_clayton/graphs/golden__v20_a30_g9.json,/home/mathis/Documents/Travail/cbnsl_benchmark/experiments/scaling/agrum3/../../../experiments/scaling/agrum3/2026-07-31_06h33_cbn_exp_clayton/graphs/CPC__v20_a30_g9_s3000.json,,31.72166526000001,23.0,10.0,0.43902439024390244,0.8148148148148148,0.5625,0.7586206896551724
cbn_exp_clayton,CMIIC,"{""alpha"": 0.05}",20,30,3000,9,/home/mathis/Documents/Travail/cbnsl_benchmark/experiments/scaling/agrum3/../../../experiments/scaling/agrum3/2026-07-31_06h33_cbn_exp_clayton/graphs/golden__v20_a30_g9.json,/home/mathis/Documents/Travail/cbnsl_benchmark/experiments/scaling/agrum3/../../../experiments/scaling/agrum3/2026-07-31_06h33_cbn_exp_clayton/graphs/CMIIC__v20_a30_g9_s3000.json,,47.08600287800073,24.0,7.0,0.29411764705882354,0.8627450980392156,0.4166666666666667,0.7586206896551724
cbn_exp_clayton,CPC,"{""alpha"": 0.05, ""max_conditioning_set_size"": 3}",20,30,5000,9,/home/mathis/Documents/Travail/cbnsl_benchmark/experiments/scaling/agrum3/../../../experiments/scaling/agrum3/2026-07-31_06h33_cbn_exp_clayton/graphs/golden__v20_a30_g9.json,/home/mathis/Documents/Travail/cbnsl_benchmark/experiments/scaling/agrum3/../../../experiments/scaling/agrum3/2026-07-31_06h33_cbn_exp_clayton/graphs/CPC__v20_a30_g9_s5000.json,,104.21391234600014,13.0,7.0,0.711111111111111,0.8627450980392156,0.6956521739130435,0.7586206896551724
cbn_exp_clayton,CMIIC,"{""alpha"": 0.05}",20,30,5000,9,/home/mathis/Documents/Travail/cbnsl_benchmark/experiments/scaling/agrum3/../../../experiments/scaling/agrum3/2026-07-31_06h33_cbn_exp_clayton/graphs/golden__v20_a30_g9.json,/home/mathis/Documents/Travail/cbnsl_benchmark/experiments/scaling/agrum3/../../../experiments/scaling/agrum3/2026-07-31_06h33_cbn_exp_clayton/graphs/CMIIC__v20_a30_g9_s5000.json,,128.54135734300144,24.0,7.0,0.29411764705882354,0.8627450980392156,0.4166666666666667,0.7586206896551724
cbn_exp_clayton,CPC,"{""alpha"": 0.05, ""max_conditioning_set_size"": 3}",20,30,200,10,/home/mathis/Documents/Travail/cbnsl_benchmark/experiments/scaling/agrum3/../../../experiments/scaling/agrum3/2026-07-31_06h33_cbn_exp_clayton/graphs/golden__v20_a30_g10.json,/home/mathis/Documents/Travail/cbnsl_benchmark/experiments/scaling/agrum3/../../../experiments/scaling/agrum3/2026-07-31_06h33_cbn_exp_clayton/graphs/CPC__v20_a30_g10_s200.json,,0.059044931000244105,26.0,20.0,0.23529411764705882,0.5,0.16666666666666666,0.3333333333333333
cbn_exp_clayton,CMIIC,"{""alpha"": 0.05}",20,30,200,10,/home/mathis/Documents/Travail/cbnsl_benchmark/experiments/scaling/agrum3/../../../experiments/scaling/agrum3/2026-07-31_06h33_cbn_exp_clayton/graphs/golden__v20_a30_g10.json,/home/mathis/Documents/Travail/cbnsl_benchmark/experiments/scaling/agrum3/../../../experiments/scaling/agrum3/2026-07-31_06h33_cbn_exp_clayton/graphs/CMIIC__v20_a30_g10_s200.json,,0.4909297919984965,31.0,6.0,0.0,0.8928571428571429,0.0,0.8333333333333334
cbn_exp_clayton,CPC,"{""alpha"": 0.05, ""max_conditioning_set_size"": 3}",20,30,500,10,/home/mathis/Documents/Travail/cbnsl_benchmark/experiments/scaling/agrum3/../../../experiments/scaling/agrum3/2026-07-31_06h33_cbn_exp_clayton/graphs/golden__v20_a30_g10.json,/home/mathis/Documents/Travail/cbnsl_benchmark/experiments/scaling/agrum3/../../../experiments/scaling/agrum3/2026-07-31_06h33_cbn_exp_clayton/graphs/CPC__v20_a30_g10_s500.json,,0.540212171003077,28.0,22.0,0.125,0.4210526315789474,0.08333333333333333,0.26666666666666666
cbn_exp_clayton,CMIIC,"{""alpha"": 0.05}",20,30,500,10,/home/mathis/Documents/Travail/cbnsl_benchmark/experiments/scaling/agrum3/../../../experiments/scaling/agrum3/2026-07-31_06h33_cbn_exp_clayton/graphs/golden__v20_a30_g10.json,/home/mathis/Documents/Travail/cbnsl_benchmark/experiments/scaling/agrum3/../../../experiments/scaling/agrum3/2026-07-31_06h33_cbn_exp_clayton/graphs/CMIIC__v20_a30_g10_s500.json,,2.3734122259993455,30.0,3.0,0.0,0.9473684210526316,0.0,0.9
cbn_exp_clayton,CPC,"{""alpha"": 0.05, ""max_conditioning_set_size"": 3}",20,30,1000,10,/home/mathis/Documents/Travail/cbnsl_benchmark/experiments/scaling/agrum3/../../../experiments/scaling/agrum3/2026-07-31_06h33_cbn_exp_clayton/graphs/golden__v20_a30_g10.json,/home/mathis/Documents/Travail/cbnsl_benchmark/experiments/scaling/agrum3/../../../experiments/scaling/agrum3/2026-07-31_06h33_cbn_exp_clayton/graphs/CPC__v20_a30_g10_s1000.json,,3.0017101439989347,22.0,8.0,0.4210526315789474,0.846153846153846,0.5,0.7333333333333333
cbn_exp_clayton,CMIIC,"{""alpha"": 0.05}",20,30,1000,10,/home/mathis/Documents/Travail/cbnsl_benchmark/experiments/scaling/agrum3/../../../experiments/scaling/agrum3/2026-07-31_06h33_cbn_exp_clayton/graphs/golden__v20_a30_g10.json,/home/mathis/Documents/Travail/cbnsl_benchmark/experiments/scaling/agrum3/../../../experiments/scaling/agrum3/2026-07-31_06h33_cbn_exp_clayton/graphs/CMIIC__v20_a30_g10_s1000.json,,6.877700625998841,30.0,6.0,0.0,0.888888888888889,0.0,0.8
cbn_exp_clayton,CPC,"{""alpha"": 0.05, ""max_conditioning_set_size"": 3}",20,30,3000,10,/home/mathis/Documents/Travail/cbnsl_benchmark/experiments/scaling/agrum3/../../../experiments/scaling/agrum3/2026-07-31_06h33_cbn_exp_clayton/graphs/golden__v20_a30_g10.json,/home/mathis/Documents/Travail/cbnsl_benchmark/experiments/scaling/agrum3/../../../experiments/scaling/agrum3/2026-07-31_06h33_cbn_exp_clayton/graphs/CPC__v20_a30_g10_s3000.json,,40.95740788800322,17.0,6.0,0.6046511627906976,0.888888888888889,0.6842105263157895,0.8
cbn_exp_clayton,CMIIC,"{""alpha"": 0.05}",20,30,3000,10,/home/mathis/Documents/Travail/cbnsl_benchmark/experiments/scaling/agrum3/../../../experiments/scaling/agrum3/2026-07-31_06h33_cbn_exp_clayton/graphs/golden__v20_a30_g10.json,/home/mathis/Documents/Travail/cbnsl_benchmark/experiments/scaling/agrum3/../../../experiments/scaling/agrum3/2026-07-31_06h33_cbn_exp_clayton/graphs/CMIIC__v20_a30_g10_s3000.json,,51.78691586399873,14.0,5.0,0.6956521739130435,0.9090909090909091,0.7619047619047619,0.8333333333333334
cbn_exp_clayton,CPC,"{""alpha"": 0.05, ""max_conditioning_set_size"": 3}",20,30,5000,10,/home/mathis/Documents/Travail/cbnsl_benchmark/experiments/scaling/agrum3/../../../experiments/scaling/agrum3/2026-07-31_06h33_cbn_exp_clayton/graphs/golden__v20_a30_g10.json,/home/mathis/Documents/Travail/cbnsl_benchmark/experiments/scaling/agrum3/../../../experiments/scaling/agrum3/2026-07-31_06h33_cbn_exp_clayton/graphs/CPC__v20_a30_g10_s5000.json,,127.44507054499991,14.0,5.0,0.6956521739130435,0.9090909090909091,0.7619047619047619,0.8333333333333334
cbn_exp_clayton,CMIIC,"{""alpha"": 0.05}",20,30,5000,10,/home/mathis/Documents/Travail/cbnsl_benchmark/experiments/scaling/agrum3/../../../experiments/scaling/agrum3/2026-07-31_06h33_cbn_exp_clayton/graphs/golden__v20_a30_g10.json,/home/mathis/Documents/Travail/cbnsl_benchmark/experiments/scaling/agrum3/../../../experiments/scaling/agrum3/2026-07-31_06h33_cbn_exp_clayton/graphs/CMIIC__v20_a30_g10_s5000.json,,136.29087449899816,16.0,4.0,0.6363636363636364,0.9285714285714286,0.7777777777777778,0.8666666666666667
cbn_exp_clayton,CPC,"{""alpha"": 0.05, ""max_conditioning_set_size"": 3}",20,30,200,11,/home/mathis/Documents/Travail/cbnsl_benchmark/experiments/scaling/agrum3/../../../experiments/scaling/agrum3/2026-07-31_06h33_cbn_exp_clayton/graphs/golden__v20_a30_g11.json,/home/mathis/Documents/Travail/cbnsl_benchmark/experiments/scaling/agrum3/../../../experiments/scaling/agrum3/2026-07-31_06h33_cbn_exp_clayton/graphs/CPC__v20_a30_g11_s200.json,,0.06461936299820081,27.0,24.0,0.1818181818181818,0.33333333333333337,0.1111111111111111,0.2
cbn_exp_clayton,CMIIC,"{""alpha"": 0.05}",20,30,200,11,/home/mathis/Documents/Travail/cbnsl_benchmark/experiments/scaling/agrum3/../../../experiments/scaling/agrum3/2026-07-31_06h33_cbn_exp_clayton/graphs/golden__v20_a30_g11.json,/home/mathis/Documents/Travail/cbnsl_benchmark/experiments/scaling/agrum3/../../../experiments/scaling/agrum3/2026-07-31_06h33_cbn_exp_clayton/graphs/CMIIC__v20_a30_g11_s200.json,,0.4795744579969323,28.0,4.0,0.125,0.9285714285714286,0.3333333333333333,0.8666666666666667
cbn_exp_clayton,CPC,"{""alpha"": 0.05, ""max_conditioning_set_size"": 3}",20,30,500,11,/home/mathis/Documents/Travail/cbnsl_benchmark/experiments/scaling/agrum3/../../../experiments/scaling/agrum3/2026-07-31_06h33_cbn_exp_clayton/graphs/golden__v20_a30_g11.json,/home/mathis/Documents/Travail/cbnsl_benchmark/experiments/scaling/agrum3/../../../experiments/scaling/agrum3/2026-07-31_06h33_cbn_exp_clayton/graphs/CPC__v20_a30_g11_s500.json,,0.7178597210004227,28.0,21.0,0.125,0.4615384615384615,0.08695652173913043,0.3
cbn_exp_clayton,CMIIC,"{""alpha"": 0.05}",20,30,500,11,/home/mathis/Documents/Travail/cbnsl_benchmark/experiments/scaling/agrum3/../../../experiments/scaling/agrum3/2026-07-31_06h33_cbn_exp_clayton/graphs/golden__v20_a30_g11.json,/home/mathis/Documents/Travail/cbnsl_benchmark/experiments/scaling/agrum3/../../../experiments/scaling/agrum3/2026-07-31_06h33_cbn_exp_clayton/graphs/CMIIC__v20_a30_g11_s500.json,,2.2389067630028876,29.0,7.0,0.12121212121212122,0.8727272727272728,0.25,0.8
cbn_exp_clayton,CPC,"{""alpha"": 0.05, ""max_conditioning_set_size"": 3}",20,30,1000,11,/home/mathis/Documents/Travail/cbnsl_benchmark/experiments/scaling/agrum3/../../../experiments/scaling/agrum3/2026-07-31_06h33_cbn_exp_clayton/graphs/golden__v20_a30_g11.json,/home/mathis/Documents/Travail/cbnsl_benchmark/experiments/scaling/agrum3/../../../experiments/scaling/agrum3/2026-07-31_06h33_cbn_exp_clayton/graphs/CPC__v20_a30_g11_s1000.json,,3.825383421000879,19.0,10.0,0.5365853658536585,0.8,0.5238095238095238,0.6666666666666666
cbn_exp_clayton,CMIIC,"{""alpha"": 0.05}",20,30,1000,11,/home/mathis/Documents/Travail/cbnsl_benchmark/experiments/scaling/agrum3/../../../experiments/scaling/agrum3/2026-07-31_06h33_cbn_exp_clayton/graphs/golden__v20_a30_g11.json,/home/mathis/Documents/Travail/cbnsl_benchmark/experiments/scaling/agrum3/../../../experiments/scaling/agrum3/2026-07-31_06h33_cbn_exp_clayton/graphs/CMIIC__v20_a30_g11_s1000.json,,7.218262916998356,28.0,5.0,0.125,0.9090909090909091,0.2857142857142857,0.8333333333333334
cbn_exp_clayton,CPC,"{""alpha"": 0.05, ""max_conditioning_set_size"": 3}",20,30,3000,11,/home/mathis/Documents/Travail/cbnsl_benchmark/experiments/scaling/agrum3/../../../experiments/scaling/agrum3/2026-07-31_06h33_cbn_exp_clayton/graphs/golden__v20_a30_g11.json,/home/mathis/Documents/Travail/cbnsl_benchmark/experiments/scaling/agrum3/../../../experiments/scaling/agrum3/2026-07-31_06h33_cbn_exp_clayton/graphs/CPC__v20_a30_g11_s3000.json,,53.114797655001894,19.0,8.0,0.5777777777777778,0.8571428571428571,0.6842105263157895,0.8
cbn_exp_clayton,CMIIC,"{""alpha"": 0.05}",20,30,3000,11,/home/mathis/Documents/Travail/cbnsl_benchmark/experiments/scaling/agrum3/../../../experiments/scaling/agrum3/2026-07-31_06h33_cbn_exp_clayton/graphs/golden__v20_a30_g11.json,/home/mathis/Documents/Travail/cbnsl_benchmark/experiments/scaling/agrum3/../../../experiments/scaling/agrum3/2026-07-31_06h33_cbn_exp_clayton/graphs/CMIIC__v20_a30_g11_s3000.json,,53.14698791599949,28.0,5.0,0.125,0.9090909090909091,0.2857142857142857,0.8333333333333334
cbn_exp_clayton,CPC,"{""alpha"": 0.05, ""max_conditioning_set_size"": 3}",20,30,5000,11,/home/mathis/Documents/Travail/cbnsl_benchmark/experiments/scaling/agrum3/../../../experiments/scaling/agrum3/2026-07-31_06h33_cbn_exp_clayton/graphs/golden__v20_a30_g11.json,/home/mathis/Documents/Travail/cbnsl_benchmark/experiments/scaling/agrum3/../../../experiments/scaling/agrum3/2026-07-31_06h33_cbn_exp_clayton/graphs/CPC__v20_a30_g11_s5000.json,,160.81811294,20.0,9.0,0.5652173913043478,0.8421052631578948,0.6842105263157895,0.8
cbn_exp_clayton,CMIIC,"{""alpha"": 0.05}",20,30,5000,11,/home/mathis/Documents/Travail/cbnsl_benchmark/experiments/scaling/agrum3/../../../experiments/scaling/agrum3/2026-07-31_06h33_cbn_exp_clayton/graphs/golden__v20_a30_g11.json,/home/mathis/Documents/Travail/cbnsl_benchmark/experiments/scaling/agrum3/../../../experiments/scaling/agrum3/2026-07-31_06h33_cbn_exp_clayton/graphs/CMIIC__v20_a30_g11_s5000.json,,139.61099026100055,28.0,5.0,0.125,0.9090909090909091,0.2857142857142857,0.8333333333333334
cbn_exp_clayton,CPC,"{""alpha"": 0.05, ""max_conditioning_set_size"": 3}",20,30,200,12,/home/mathis/Documents/Travail/cbnsl_benchmark/experiments/scaling/agrum3/../../../experiments/scaling/agrum3/2026-07-31_06h33_cbn_exp_clayton/graphs/golden__v20_a30_g12.json,/home/mathis/Documents/Travail/cbnsl_benchmark/experiments/scaling/agrum3/../../../experiments/scaling/agrum3/2026-07-31_06h33_cbn_exp_clayton/graphs/CPC__v20_a30_g12_s200.json,,0.058478009999817004,30.0,25.0,0.0,0.2857142857142857,0.0,0.16666666666666666
cbn_exp_clayton,CMIIC,"{""alpha"": 0.05}",20,30,200,12,/home/mathis/Documents/Travail/cbnsl_benchmark/experiments/scaling/agrum3/../../../experiments/scaling/agrum3/2026-07-31_06h33_cbn_exp_clayton/graphs/golden__v20_a30_g12.json,/home/mathis/Documents/Travail/cbnsl_benchmark/experiments/scaling/agrum3/../../../experiments/scaling/agrum3/2026-07-31_06h33_cbn_exp_clayton/graphs/CMIIC__v20_a30_g12_s200.json,,0.5764984570014349,25.0,4.0,0.28571428571428575,0.9285714285714286,0.5555555555555556,0.8666666666666667
cbn_exp_clayton,CPC,"{""alpha"": 0.05, ""max_conditioning_set_size"": 3}",20,30,500,12,/home/mathis/Documents/Travail/cbnsl_benchmark/experiments/scaling/agrum3/../../../experiments/scaling/agrum3/2026-07-31_06h33_cbn_exp_clayton/graphs/golden__v20_a30_g12.json,/home/mathis/Documents/Travail/cbnsl_benchmark/experiments/scaling/agrum3/../../../experiments/scaling/agrum3/2026-07-31_06h33_cbn_exp_clayton/graphs/CPC__v20_a30_g12_s500.json,,0.558659925001848,30.0,25.0,0.0,0.2857142857142857,0.0,0.16666666666666666
cbn_exp_clayton,CMIIC,"{""alpha"": 0.05}",20,30,500,12,/home/mathis/Documents/Travail/cbnsl_benchmark/experiments/scaling/agrum3/../../../experiments/scaling/agrum3/2026-07-31_06h33_cbn_exp_clayton/graphs/golden__v20_a30_g12.json,/home/mathis/Documents/Travail/cbnsl_benchmark/experiments/scaling/agrum3/../../../experiments/scaling/agrum3/2026-07-31_06h33_cbn_exp_clayton/graphs/CMIIC__v20_a30_g12_s500.json,,2.3860479680006392,25.0,3.0,0.2857142857142857,0.9473684210526316,0.625,0.9
cbn_exp_clayton,CPC,"{""alpha"": 0.05, ""max_conditioning_set_size"": 3}",20,30,1000,12,/home/mathis/Documents/Travail/cbnsl_benchmark/experiments/scaling/agrum3/../../../experiments/scaling/agrum3/2026-07-31_06h33_cbn_exp_clayton/graphs/golden__v20_a30_g12.json,/home/mathis/Documents/Travail/cbnsl_benchmark/experiments/scaling/agrum3/../../../experiments/scaling/agrum3/2026-07-31_06h33_cbn_exp_clayton/graphs/CPC__v20_a30_g12_s1000.json,,2.9696364999981597,24.0,12.0,0.3333333333333333,0.7499999999999999,0.3333333333333333,0.6
cbn_exp_clayton,CMIIC,"{""alpha"": 0.05}",20,30,1000,12,/home/mathis/Documents/Travail/cbnsl_benchmark/experiments/scaling/agrum3/../../../experiments/scaling/agrum3/2026-07-31_06h33_cbn_exp_clayton/graphs/golden__v20_a30_g12.json,/home/mathis/Documents/Travail/cbnsl_benchmark/experiments/scaling/agrum3/../../../experiments/scaling/agrum3/2026-07-31_06h33_cbn_exp_clayton/graphs/CMIIC__v20_a30_g12_s1000.json,,7.153615168997931,25.0,5.0,0.28571428571428575,0.9090909090909091,0.5,0.8333333333333334
cbn_exp_clayton,CPC,"{""alpha"": 0.05, ""max_conditioning_set_size"": 3}",20,30,3000,12,/home/mathis/Documents/Travail/cbnsl_benchmark/experiments/scaling/agrum3/../../../experiments/scaling/agrum3/2026-07-31_06h33_cbn_exp_clayton/graphs/golden__v20_a30_g12.json,/home/mathis/Documents/Travail/cbnsl_benchmark/experiments/scaling/agrum3/../../../experiments/scaling/agrum3/2026-07-31_06h33_cbn_exp_clayton/graphs/CPC__v20_a30_g12_s3000.json,,39.09966886099937,18.0,3.0,0.5714285714285714,0.9473684210526316,0.8,0.9
cbn_exp_clayton,CMIIC,"{""alpha"": 0.05}",20,30,3000,12,/home/mathis/Documents/Travail/cbnsl_benchmark/experiments/scaling/agrum3/../../../experiments/scaling/agrum3/2026-07-31_06h33_cbn_exp_clayton/graphs/golden__v20_a30_g12.json,/home/mathis/Documents/Travail/cbnsl_benchmark/experiments/scaling/agrum3/../../../experiments/scaling/agrum3/2026-07-31_06h33_cbn_exp_clayton/graphs/CMIIC__v20_a30_g12_s3000.json,,54.97066990700114,25.0,3.0,0.2857142857142857,0.9473684210526316,0.625,0.9
cbn_exp_clayton,CPC,"{""alpha"": 0.05, ""max_conditioning_set_size"": 3}",20,30,5000,12,/home/mathis/Documents/Travail/cbnsl_benchmark/experiments/scaling/agrum3/../../../experiments/scaling/agrum3/2026-07-31_06h33_cbn_exp_clayton/graphs/golden__v20_a30_g12.json,/home/mathis/Documents/Travail/cbnsl_benchmark/experiments/scaling/agrum3/../../../experiments/scaling/agrum3/2026-07-31_06h33_cbn_exp_clayton/graphs/CPC__v20_a30_g12_s5000.json,,125.27154811999935,15.0,4.0,0.6808510638297872,0.9310344827586207,0.8421052631578947,0.9
cbn_exp_clayton,CMIIC,"{""alpha"": 0.05}",20,30,5000,12,/home/mathis/Documents/Travail/cbnsl_benchmark/experiments/scaling/agrum3/../../../experiments/scaling/agrum3/2026-07-31_06h33_cbn_exp_clayton/graphs/golden__v20_a30_g12.json,/home/mathis/Documents/Travail/cbnsl_benchmark/experiments/scaling/agrum3/../../../experiments/scaling/agrum3/2026-07-31_06h33_cbn_exp_clayton/graphs/CMIIC__v20_a30_g12_s5000.json,,147.667257107998,25.0,3.0,0.2857142857142857,0.9473684210526316,0.625,0.9
cbn_exp_clayton,CPC,"{""alpha"": 0.05, ""max_conditioning_set_size"": 3}",20,30,200,13,/home/mathis/Documents/Travail/cbnsl_benchmark/experiments/scaling/agrum3/../../../experiments/scaling/agrum3/2026-07-31_06h33_cbn_exp_clayton/graphs/golden__v20_a30_g13.json,/home/mathis/Documents/Travail/cbnsl_benchmark/experiments/scaling/agrum3/../../../experiments/scaling/agrum3/2026-07-31_06h33_cbn_exp_clayton/graphs/CPC__v20_a30_g13_s200.json,,0.07109594600115088,29.0,27.0,0.06451612903225806,0.18181818181818182,0.03571428571428571,0.1
cbn_exp_clayton,CMIIC,"{""alpha"": 0.05}",20,30,200,13,/home/mathis/Documents/Travail/cbnsl_benchmark/experiments/scaling/agrum3/../../../experiments/scaling/agrum3/2026-07-31_06h33_cbn_exp_clayton/graphs/golden__v20_a30_g13.json,/home/mathis/Documents/Travail/cbnsl_benchmark/experiments/scaling/agrum3/../../../experiments/scaling/agrum3/2026-07-31_06h33_cbn_exp_clayton/graphs/CMIIC__v20_a30_g13_s200.json,,0.5074774249987968,29.0,8.0,0.17142857142857146,0.8571428571428571,0.3333333333333333,0.8
cbn_exp_clayton,CPC,"{""alpha"": 0.05, ""max_conditioning_set_size"": 3}",20,30,500,13,/home/mathis/Documents/Travail/cbnsl_benchmark/experiments/scaling/agrum3/../../../experiments/scaling/agrum3/2026-07-31_06h33_cbn_exp_clayton/graphs/golden__v20_a30_g13.json,/home/mathis/Documents/Travail/cbnsl_benchmark/experiments/scaling/agrum3/../../../experiments/scaling/agrum3/2026-07-31_06h33_cbn_exp_clayton/graphs/CPC__v20_a30_g13_s500.json,,0.6926073180002277,28.0,25.0,0.125,0.2857142857142857,0.07407407407407407,0.16666666666666666
cbn_exp_clayton,CMIIC,"{""alpha"": 0.05}",20,30,500,13,/home/mathis/Documents/Travail/cbnsl_benchmark/experiments/scaling/agrum3/../../../experiments/scaling/agrum3/2026-07-31_06h33_cbn_exp_clayton/graphs/golden__v20_a30_g13.json,/home/mathis/Documents/Travail/cbnsl_benchmark/experiments/scaling/agrum3/../../../experiments/scaling/agrum3/2026-07-31_06h33_cbn_exp_clayton/graphs/CMIIC__v20_a30_g13_s500.json,,2.418782684002508,30.0,8.0,0.16666666666666666,0.8620689655172413,0.375,0.8333333333333334
cbn_exp_clayton,CPC,"{""alpha"": 0.05, ""max_conditioning_set_size"": 3}",20,30,1000,13,/home/mathis/Documents/Travail/cbnsl_benchmark/experiments/scaling/agrum3/../../../experiments/scaling/agrum3/2026-07-31_06h33_cbn_exp_clayton/graphs/golden__v20_a30_g13.json,/home/mathis/Documents/Travail/cbnsl_benchmark/experiments/scaling/agrum3/../../../experiments/scaling/agrum3/2026-07-31_06h33_cbn_exp_clayton/graphs/CPC__v20_a30_g13_s1000.json,,3.852597744000377,21.0,13.0,0.46153846153846156,0.7234042553191489,0.4090909090909091,0.5666666666666667
cbn_exp_clayton,CMIIC,"{""alpha"": 0.05}",20,30,1000,13,/home/mathis/Documents/Travail/cbnsl_benchmark/experiments/scaling/agrum3/../../../experiments/scaling/agrum3/2026-07-31_06h33_cbn_exp_clayton/graphs/golden__v20_a30_g13.json,/home/mathis/Documents/Travail/cbnsl_benchmark/experiments/scaling/agrum3/../../../experiments/scaling/agrum3/2026-07-31_06h33_cbn_exp_clayton/graphs/CMIIC__v20_a30_g13_s1000.json,,6.779717983001319,14.0,6.0,0.7083333333333333,0.8928571428571429,0.7727272727272727,0.8333333333333334
cbn_exp_clayton,CPC,"{""alpha"": 0.05, ""max_conditioning_set_size"": 3}",20,30,3000,13,/home/mathis/Documents/Travail/cbnsl_benchmark/experiments/scaling/agrum3/../../../experiments/scaling/agrum3/2026-07-31_06h33_cbn_exp_clayton/graphs/golden__v20_a30_g13.json,/home/mathis/Documents/Travail/cbnsl_benchmark/experiments/scaling/agrum3/../../../experiments/scaling/agrum3/2026-07-31_06h33_cbn_exp_clayton/graphs/CPC__v20_a30_g13_s3000.json,,46.359446043999924,16.0,4.0,0.6521739130434783,0.9310344827586207,0.8333333333333334,0.9
cbn_exp_clayton,CMIIC,"{""alpha"": 0.05}",20,30,3000,13,/home/mathis/Documents/Travail/cbnsl_benchmark/experiments/scaling/agrum3/../../../experiments/scaling/agrum3/2026-07-31_06h33_cbn_exp_clayton/graphs/golden__v20_a30_g13.json,/home/mathis/Documents/Travail/cbnsl_benchmark/experiments/scaling/agrum3/../../../experiments/scaling/agrum3/2026-07-31_06h33_cbn_exp_clayton/graphs/CMIIC__v20_a30_g13_s3000.json,,51.21887509800217,16.0,5.0,0.6363636363636364,0.9090909090909091,0.7368421052631579,0.8333333333333334
cbn_exp_clayton,CPC,"{""alpha"": 0.05, ""max_conditioning_set_size"": 3}",20,30,5000,13,/home/mathis/Documents/Travail/cbnsl_benchmark/experiments/scaling/agrum3/../../../experiments/scaling/agrum3/2026-07-31_06h33_cbn_exp_clayton/graphs/golden__v20_a30_g13.json,/home/mathis/Documents/Travail/cbnsl_benchmark/experiments/scaling/agrum3/../../../experiments/scaling/agrum3/2026-07-31_06h33_cbn_exp_clayton/graphs/CPC__v20_a30_g13_s5000.json,,144.51874468299866,15.0,3.0,0.6808510638297872,0.9491525423728815,0.8888888888888888,0.9333333333333333
cbn_exp_clayton,CMIIC,"{""alpha"": 0.05}",20,30,5000,13,/home/mathis/Documents/Travail/cbnsl_benchmark/experiments/scaling/agrum3/../../../experiments/scaling/agrum3/2026-07-31_06h33_cbn_exp_clayton/graphs/golden__v20_a30_g13.json,/home/mathis/Documents/Travail/cbnsl_benchmark/experiments/scaling/agrum3/../../../experiments/scaling/agrum3/2026-07-31_06h33_cbn_exp_clayton/graphs/CMIIC__v20_a30_g13_s5000.json,,133.65189729999838,14.0,6.0,0.7083333333333333,0.8928571428571429,0.7727272727272727,0.8333333333333334
cbn_exp_clayton,CPC,"{""alpha"": 0.05, ""max_conditioning_set_size"": 3}",20,30,200,14,/home/mathis/Documents/Travail/cbnsl_benchmark/experiments/scaling/agrum3/../../../experiments/scaling/agrum3/2026-07-31_06h33_cbn_exp_clayton/graphs/golden__v20_a30_g14.json,/home/mathis/Documents/Travail/cbnsl_benchmark/experiments/scaling/agrum3/../../../experiments/scaling/agrum3/2026-07-31_06h33_cbn_exp_clayton/graphs/CPC__v20_a30_g14_s200.json,,0.06268634699881659,28.0,26.0,0.06666666666666667,0.1875,0.037037037037037035,0.10344827586206896
cbn_exp_clayton,CMIIC,"{""alpha"": 0.05}",20,30,200,14,/home/mathis/Documents/Travail/cbnsl_benchmark/experiments/scaling/agrum3/../../../experiments/scaling/agrum3/2026-07-31_06h33_cbn_exp_clayton/graphs/golden__v20_a30_g14.json,/home/mathis/Documents/Travail/cbnsl_benchmark/experiments/scaling/agrum3/../../../experiments/scaling/agrum3/2026-07-31_06h33_cbn_exp_clayton/graphs/CMIIC__v20_a30_g14_s200.json,,0.3974727869972412,24.0,8.0,0.33333333333333337,0.8461538461538461,0.46153846153846156,0.7586206896551724
cbn_exp_clayton,CPC,"{""alpha"": 0.05, ""max_conditioning_set_size"": 3}",20,30,500,14,/home/mathis/Documents/Travail/cbnsl_benchmark/experiments/scaling/agrum3/../../../experiments/scaling/agrum3/2026-07-31_06h33_cbn_exp_clayton/graphs/golden__v20_a30_g14.json,/home/mathis/Documents/Travail/cbnsl_benchmark/experiments/scaling/agrum3/../../../experiments/scaling/agrum3/2026-07-31_06h33_cbn_exp_clayton/graphs/CPC__v20_a30_g14_s500.json,,0.5553901549974398,27.0,25.0,0.12903225806451613,0.2424242424242424,0.07407407407407407,0.13793103448275862
cbn_exp_clayton,CMIIC,"{""alpha"": 0.05}",20,30,500,14,/home/mathis/Documents/Travail/cbnsl_benchmark/experiments/scaling/agrum3/../../../experiments/scaling/agrum3/2026-07-31_06h33_cbn_exp_clayton/graphs/golden__v20_a30_g14.json,/home/mathis/Documents/Travail/cbnsl_benchmark/experiments/scaling/agrum3/../../../experiments/scaling/agrum3/2026-07-31_06h33_cbn_exp_clayton/graphs/CMIIC__v20_a30_g14_s500.json,,2.0453686079999898,23.0,4.0,0.34285714285714286,0.9259259259259259,0.6,0.8620689655172413
cbn_exp_clayton,CPC,"{""alpha"": 0.05, ""max_conditioning_set_size"": 3}",20,30,1000,14,/home/mathis/Documents/Travail/cbnsl_benchmark/experiments/scaling/agrum3/../../../experiments/scaling/agrum3/2026-07-31_06h33_cbn_exp_clayton/graphs/golden__v20_a30_g14.json,/home/mathis/Documents/Travail/cbnsl_benchmark/experiments/scaling/agrum3/../../../experiments/scaling/agrum3/2026-07-31_06h33_cbn_exp_clayton/graphs/CPC__v20_a30_g14_s1000.json,,2.35737060700194,24.0,12.0,0.29411764705882354,0.7391304347826086,0.29411764705882354,0.5862068965517241
cbn_exp_clayton,CMIIC,"{""alpha"": 0.05}",20,30,1000,14,/home/mathis/Documents/Travail/cbnsl_benchmark/experiments/scaling/agrum3/../../../experiments/scaling/agrum3/2026-07-31_06h33_cbn_exp_clayton/graphs/golden__v20_a30_g14.json,/home/mathis/Documents/Travail/cbnsl_benchmark/experiments/scaling/agrum3/../../../experiments/scaling/agrum3/2026-07-31_06h33_cbn_exp_clayton/graphs/CMIIC__v20_a30_g14_s1000.json,,5.824862391000352,23.0,5.0,0.34285714285714286,0.9056603773584906,0.5454545454545454,0.8275862068965517
cbn_exp_clayton,CPC,"{""alpha"": 0.05, ""max_conditioning_set_size"": 3}",20,30,3000,14,/home/mathis/Documents/Travail/cbnsl_benchmark/experiments/scaling/agrum3/../../../experiments/scaling/agrum3/2026-07-31_06h33_cbn_exp_clayton/graphs/golden__v20_a30_g14.json,/home/mathis/Documents/Travail/cbnsl_benchmark/experiments/scaling/agrum3/../../../experiments/scaling/agrum3/2026-07-31_06h33_cbn_exp_clayton/graphs/CPC__v20_a30_g14_s3000.json,,28.840358838999236,20.0,3.0,0.5,0.9473684210526316,0.8333333333333334,0.9310344827586207
cbn_exp_clayton,CMIIC,"{""alpha"": 0.05}",20,30,3000,14,/home/mathis/Documents/Travail/cbnsl_benchmark/experiments/scaling/agrum3/../../../experiments/scaling/agrum3/2026-07-31_06h33_cbn_exp_clayton/graphs/golden__v20_a30_g14.json,/home/mathis/Documents/Travail/cbnsl_benchmark/experiments/scaling/agrum3/../../../experiments/scaling/agrum3/2026-07-31_06h33_cbn_exp_clayton/graphs/CMIIC__v20_a30_g14_s3000.json,,50.44324535399937,23.0,4.0,0.34285714285714286,0.9259259259259259,0.6,0.8620689655172413
cbn_exp_clayton,CPC,"{""alpha"": 0.05, ""max_conditioning_set_size"": 3}",20,30,5000,14,/home/mathis/Documents/Travail/cbnsl_benchmark/experiments/scaling/agrum3/../../../experiments/scaling/agrum3/2026-07-31_06h33_cbn_exp_clayton/graphs/golden__v20_a30_g14.json,/home/mathis/Documents/Travail/cbnsl_benchmark/experiments/scaling/agrum3/../../../experiments/scaling/agrum3/2026-07-31_06h33_cbn_exp_clayton/graphs/CPC__v20_a30_g14_s5000.json,,93.98099326599913,18.0,4.0,0.5714285714285714,0.9285714285714286,0.8,0.896551724137931
cbn_exp_clayton,CMIIC,"{""alpha"": 0.05}",20,30,5000,14,/home/mathis/Documents/Travail/cbnsl_benchmark/experiments/scaling/agrum3/../../../experiments/scaling/agrum3/2026-07-31_06h33_cbn_exp_clayton/graphs/golden__v20_a30_g14.json,/home/mathis/Documents/Travail/cbnsl_benchmark/experiments/scaling/agrum3/../../../experiments/scaling/agrum3/2026-07-31_06h33_cbn_exp_clayton/graphs/CMIIC__v20_a30_g14_s5000.json,,133.7922041689999,23.0,4.0,0.34285714285714286,0.9259259259259259,0.6,0.8620689655172413
cbn_exp_clayton,CPC,"{""alpha"": 0.05, ""max_conditioning_set_size"": 3}",20,30,200,15,/home/mathis/Documents/Travail/cbnsl_benchmark/experiments/scaling/agrum3/../../../experiments/scaling/agrum3/2026-07-31_06h33_cbn_exp_clayton/graphs/golden__v20_a30_g15.json,/home/mathis/Documents/Travail/cbnsl_benchmark/experiments/scaling/agrum3/../../../experiments/scaling/agrum3/2026-07-31_06h33_cbn_exp_clayton/graphs/CPC__v20_a30_g15_s200.json,,0.06311229100174387,30.0,27.0,0.0,0.18181818181818182,0.0,0.1
cbn_exp_clayton,CMIIC,"{""alpha"": 0.05}",20,30,200,15,/home/mathis/Documents/Travail/cbnsl_benchmark/experiments/scaling/agrum3/../../../experiments/scaling/agrum3/2026-07-31_06h33_cbn_exp_clayton/graphs/golden__v20_a30_g15.json,/home/mathis/Documents/Travail/cbnsl_benchmark/experiments/scaling/agrum3/../../../experiments/scaling/agrum3/2026-07-31_06h33_cbn_exp_clayton/graphs/CMIIC__v20_a30_g15_s200.json,,0.43719382700146525,27.0,5.0,0.22857142857142856,0.912280701754386,0.5,0.8666666666666667
cbn_exp_clayton,CPC,"{""alpha"": 0.05, ""max_conditioning_set_size"": 3}",20,30,500,15,/home/mathis/Documents/Travail/cbnsl_benchmark/experiments/scaling/agrum3/../../../experiments/scaling/agrum3/2026-07-31_06h33_cbn_exp_clayton/graphs/golden__v20_a30_g15.json,/home/mathis/Documents/Travail/cbnsl_benchmark/experiments/scaling/agrum3/../../../experiments/scaling/agrum3/2026-07-31_06h33_cbn_exp_clayton/graphs/CPC__v20_a30_g15_s500.json,,0.5444812100031413,28.0,23.0,0.125,0.37837837837837834,0.08,0.23333333333333334
cbn_exp_clayton,CMIIC,"{""alpha"": 0.05}",20,30,500,15,/home/mathis/Documents/Travail/cbnsl_benchmark/experiments/scaling/agrum3/../../../experiments/scaling/agrum3/2026-07-31_06h33_cbn_exp_clayton/graphs/golden__v20_a30_g15.json,/home/mathis/Documents/Travail/cbnsl_benchmark/experiments/scaling/agrum3/../../../experiments/scaling/agrum3/2026-07-31_06h33_cbn_exp_clayton/graphs/CMIIC__v20_a30_g15_s500.json,,2.1644023779990675,27.0,7.0,0.22857142857142856,0.8727272727272728,0.4,0.8
cbn_exp_clayton,CPC,"{""alpha"": 0.05, ""max_conditioning_set_size"": 3}",20,30,1000,15,/home/mathis/Documents/Travail/cbnsl_benchmark/experiments/scaling/agrum3/../../../experiments/scaling/agrum3/2026-07-31_06h33_cbn_exp_clayton/graphs/golden__v20_a30_g15.json,/home/mathis/Documents/Travail/cbnsl_benchmark/experiments/scaling/agrum3/../../../experiments/scaling/agrum3/2026-07-31_06h33_cbn_exp_clayton/graphs/CPC__v20_a30_g15_s1000.json,,2.552544420999766,26.0,11.0,0.23529411764705882,0.7755102040816326,0.26666666666666666,0.6333333333333333
cbn_exp_clayton,CMIIC,"{""alpha"": 0.05}",20,30,1000,15,/home/mathis/Documents/Travail/cbnsl_benchmark/experiments/scaling/agrum3/../../../experiments/scaling/agrum3/2026-07-31_06h33_cbn_exp_clayton/graphs/golden__v20_a30_g15.json,/home/mathis/Documents/Travail/cbnsl_benchmark/experiments/scaling/agrum3/../../../experiments/scaling/agrum3/2026-07-31_06h33_cbn_exp_clayton/graphs/CMIIC__v20_a30_g15_s1000.json,,6.330832493000344,27.0,7.0,0.22857142857142856,0.8727272727272728,0.4,0.8
cbn_exp_clayton,CPC,"{""alpha"": 0.05, ""max_conditioning_set_size"": 3}",20,30,3000,15,/home/mathis/Documents/Travail/cbnsl_benchmark/experiments/scaling/agrum3/../../../experiments/scaling/agrum3/2026-07-31_06h33_cbn_exp_clayton/graphs/golden__v20_a30_g15.json,/home/mathis/Documents/Travail/cbnsl_benchmark/experiments/scaling/agrum3/../../../experiments/scaling/agrum3/2026-07-31_06h33_cbn_exp_clayton/graphs/CPC__v20_a30_g15_s3000.json,,36.469314509999094,23.0,11.0,0.37837837837837834,0.7755102040816326,0.3888888888888889,0.6333333333333333
cbn_exp_clayton,CMIIC,"{""alpha"": 0.05}",20,30,3000,15,/home/mathis/Documents/Travail/cbnsl_benchmark/experiments/scaling/agrum3/../../../experiments/scaling/agrum3/2026-07-31_06h33_cbn_exp_clayton/graphs/golden__v20_a30_g15.json,/home/mathis/Documents/Travail/cbnsl_benchmark/experiments/scaling/agrum3/../../../experiments/scaling/agrum3/2026-07-31_06h33_cbn_exp_clayton/graphs/CMIIC__v20_a30_g15_s3000.json,,49.702648153001064,25.0,7.0,0.32432432432432434,0.8727272727272728,0.5,0.8
cbn_exp_clayton,CPC,"{""alpha"": 0.05, ""max_conditioning_set_size"": 3}",20,30,5000,15,/home/mathis/Documents/Travail/cbnsl_benchmark/experiments/scaling/agrum3/../../../experiments/scaling/agrum3/2026-07-31_06h33_cbn_exp_clayton/graphs/golden__v20_a30_g15.json,/home/mathis/Documents/Travail/cbnsl_benchmark/experiments/scaling/agrum3/../../../experiments/scaling/agrum3/2026-07-31_06h33_cbn_exp_clayton/graphs/CPC__v20_a30_g15_s5000.json,,111.03457298199646,17.0,5.0,0.6046511627906976,0.9090909090909091,0.7222222222222222,0.8333333333333334
cbn_exp_clayton,CMIIC,"{""alpha"": 0.05}",20,30,5000,15,/home/mathis/Documents/Travail/cbnsl_benchmark/experiments/scaling/agrum3/../../../experiments/scaling/agrum3/2026-07-31_06h33_cbn_exp_clayton/graphs/golden__v20_a30_g15.json,/home/mathis/Documents/Travail/cbnsl_benchmark/experiments/scaling/agrum3/../../../experiments/scaling/agrum3/2026-07-31_06h33_cbn_exp_clayton/graphs/CMIIC__v20_a30_g15_s5000.json,,128.92953197200404,14.0,5.0,0.6956521739130435,0.9090909090909091,0.7619047619047619,0.8333333333333334
cbn_exp_clayton,CPC,"{""alpha"": 0.05, ""max_conditioning_set_size"": 3}",20,30,200,16,/home/mathis/Documents/Travail/cbnsl_benchmark/experiments/scaling/agrum3/../../../experiments/scaling/agrum3/2026-07-31_06h33_cbn_exp_clayton/graphs/golden__v20_a30_g16.json,/home/mathis/Documents/Travail/cbnsl_benchmark/experiments/scaling/agrum3/../../../experiments/scaling/agrum3/2026-07-31_06h33_cbn_exp_clayton/graphs/CPC__v20_a30_g16_s200.json,,0.07201046599948313,30.0,25.0,0.0,0.2857142857142857,0.0,0.16666666666666666
cbn_exp_clayton,CMIIC,"{""alpha"": 0.05}",20,30,200,16,/home/mathis/Documents/Travail/cbnsl_benchmark/experiments/scaling/agrum3/../../../experiments/scaling/agrum3/2026-07-31_06h33_cbn_exp_clayton/graphs/golden__v20_a30_g16.json,/home/mathis/Documents/Travail/cbnsl_benchmark/experiments/scaling/agrum3/../../../experiments/scaling/agrum3/2026-07-31_06h33_cbn_exp_clayton/graphs/CMIIC__v20_a30_g16_s200.json,,0.6069631749996915,25.0,1.0,0.28571428571428575,0.983050847457627,0.8333333333333334,0.9666666666666667
cbn_exp_clayton,CPC,"{""alpha"": 0.05, ""max_conditioning_set_size"": 3}",20,30,500,16,/home/mathis/Documents/Travail/cbnsl_benchmark/experiments/scaling/agrum3/../../../experiments/scaling/agrum3/2026-07-31_06h33_cbn_exp_clayton/graphs/golden__v20_a30_g16.json,/home/mathis/Documents/Travail/cbnsl_benchmark/experiments/scaling/agrum3/../../../experiments/scaling/agrum3/2026-07-31_06h33_cbn_exp_clayton/graphs/CPC__v20_a30_g16_s500.json,,0.7900110310001764,27.0,25.0,0.18181818181818182,0.2857142857142857,0.10714285714285714,0.16666666666666666
cbn_exp_clayton,CMIIC,"{""alpha"": 0.05}",20,30,500,16,/home/mathis/Documents/Travail/cbnsl_benchmark/experiments/scaling/agrum3/../../../experiments/scaling/agrum3/2026-07-31_06h33_cbn_exp_clayton/graphs/golden__v20_a30_g16.json,/home/mathis/Documents/Travail/cbnsl_benchmark/experiments/scaling/agrum3/../../../experiments/scaling/agrum3/2026-07-31_06h33_cbn_exp_clayton/graphs/CMIIC__v20_a30_g16_s500.json,,2.744922675003181,26.0,4.0,0.2777777777777778,0.9310344827586207,0.625,0.9
cbn_exp_clayton,CPC,"{""alpha"": 0.05, ""max_conditioning_set_size"": 3}",20,30,1000,16,/home/mathis/Documents/Travail/cbnsl_benchmark/experiments/scaling/agrum3/../../../experiments/scaling/agrum3/2026-07-31_06h33_cbn_exp_clayton/graphs/golden__v20_a30_g16.json,/home/mathis/Documents/Travail/cbnsl_benchmark/experiments/scaling/agrum3/../../../experiments/scaling/agrum3/2026-07-31_06h33_cbn_exp_clayton/graphs/CPC__v20_a30_g16_s1000.json,,4.783462658000644,26.0,7.0,0.2352941176470588,0.8679245283018869,0.36363636363636365,0.7666666666666667
cbn_exp_clayton,CMIIC,"{""alpha"": 0.05}",20,30,1000,16,/home/mathis/Documents/Travail/cbnsl_benchmark/experiments/scaling/agrum3/../../../experiments/scaling/agrum3/2026-07-31_06h33_cbn_exp_clayton/graphs/golden__v20_a30_g16.json,/home/mathis/Documents/Travail/cbnsl_benchmark/experiments/scaling/agrum3/../../../experiments/scaling/agrum3/2026-07-31_06h33_cbn_exp_clayton/graphs/CMIIC__v20_a30_g16_s1000.json,,8.317974372002936,26.0,2.0,0.2777777777777778,0.9666666666666667,0.8333333333333334,0.9666666666666667
cbn_exp_clayton,CPC,"{""alpha"": 0.05, ""max_conditioning_set_size"": 3}",20,30,3000,16,/home/mathis/Documents/Travail/cbnsl_benchmark/experiments/scaling/agrum3/../../../experiments/scaling/agrum3/2026-07-31_06h33_cbn_exp_clayton/graphs/golden__v20_a30_g16.json,/home/mathis/Documents/Travail/cbnsl_benchmark/experiments/scaling/agrum3/../../../experiments/scaling/agrum3/2026-07-31_06h33_cbn_exp_clayton/graphs/CPC__v20_a30_g16_s3000.json,,51.392323499996564,23.0,5.0,0.41025641025641024,0.912280701754386,0.6666666666666666,0.8666666666666667
cbn_exp_clayton,CMIIC,"{""alpha"": 0.05}",20,30,3000,16,/home/mathis/Documents/Travail/cbnsl_benchmark/experiments/scaling/agrum3/../../../experiments/scaling/agrum3/2026-07-31_06h33_cbn_exp_clayton/graphs/golden__v20_a30_g16.json,/home/mathis/Documents/Travail/cbnsl_benchmark/experiments/scaling/agrum3/../../../experiments/scaling/agrum3/2026-07-31_06h33_cbn_exp_clayton/graphs/CMIIC__v20_a30_g16_s3000.json,,65.150210890999,18.0,2.0,0.5909090909090909,0.9666666666666667,0.9285714285714286,0.9666666666666667
cbn_exp_clayton,CPC,"{""alpha"": 0.05, ""max_conditioning_set_size"": 3}",20,30,5000,16,/home/mathis/Documents/Travail/cbnsl_benchmark/experiments/scaling/agrum3/../../../experiments/scaling/agrum3/2026-07-31_06h33_cbn_exp_clayton/graphs/golden__v20_a30_g16.json,/home/mathis/Documents/Travail/cbnsl_benchmark/experiments/scaling/agrum3/../../../experiments/scaling/agrum3/2026-07-31_06h33_cbn_exp_clayton/graphs/CPC__v20_a30_g16_s5000.json,,159.34511549300078,20.0,2.0,0.5238095238095238,0.9666666666666667,0.9166666666666666,0.9666666666666667
cbn_exp_clayton,CMIIC,"{""alpha"": 0.05}",20,30,5000,16,/home/mathis/Documents/Travail/cbnsl_benchmark/experiments/scaling/agrum3/../../../experiments/scaling/agrum3/2026-07-31_06h33_cbn_exp_clayton/graphs/golden__v20_a30_g16.json,/home/mathis/Documents/Travail/cbnsl_benchmark/experiments/scaling/agrum3/../../../experiments/scaling/agrum3/2026-07-31_06h33_cbn_exp_clayton/graphs/CMIIC__v20_a30_g16_s5000.json,,177.41040010099823,16.0,3.0,0.6521739130434783,0.9491525423728815,0.8823529411764706,0.9333333333333333
cbn_exp_clayton,CPC,"{""alpha"": 0.05, ""max_conditioning_set_size"": 3}",20,30,200,17,/home/mathis/Documents/Travail/cbnsl_benchmark/experiments/scaling/agrum3/../../../experiments/scaling/agrum3/2026-07-31_06h33_cbn_exp_clayton/graphs/golden__v20_a30_g17.json,/home/mathis/Documents/Travail/cbnsl_benchmark/experiments/scaling/agrum3/../../../experiments/scaling/agrum3/2026-07-31_06h33_cbn_exp_clayton/graphs/CPC__v20_a30_g17_s200.json,,0.05173745099455118,27.0,18.0,0.18181818181818182,0.5714285714285715,0.14285714285714285,0.4
cbn_exp_clayton,CMIIC,"{""alpha"": 0.05}",20,30,200,17,/home/mathis/Documents/Travail/cbnsl_benchmark/experiments/scaling/agrum3/../../../experiments/scaling/agrum3/2026-07-31_06h33_cbn_exp_clayton/graphs/golden__v20_a30_g17.json,/home/mathis/Documents/Travail/cbnsl_benchmark/experiments/scaling/agrum3/../../../experiments/scaling/agrum3/2026-07-31_06h33_cbn_exp_clayton/graphs/CMIIC__v20_a30_g17_s200.json,,0.3309793290027301,26.0,6.0,0.23529411764705882,0.888888888888889,0.4,0.8
cbn_exp_clayton,CPC,"{""alpha"": 0.05, ""max_conditioning_set_size"": 3}",20,30,500,17,/home/mathis/Documents/Travail/cbnsl_benchmark/experiments/scaling/agrum3/../../../experiments/scaling/agrum3/2026-07-31_06h33_cbn_exp_clayton/graphs/golden__v20_a30_g17.json,/home/mathis/Documents/Travail/cbnsl_benchmark/experiments/scaling/agrum3/../../../experiments/scaling/agrum3/2026-07-31_06h33_cbn_exp_clayton/graphs/CPC__v20_a30_g17_s500.json,,0.4700847420026548,27.0,18.0,0.18181818181818182,0.5714285714285715,0.14285714285714285,0.4
cbn_exp_clayton,CMIIC,"{""alpha"": 0.05}",20,30,500,17,/home/mathis/Documents/Travail/cbnsl_benchmark/experiments/scaling/agrum3/../../../experiments/scaling/agrum3/2026-07-31_06h33_cbn_exp_clayton/graphs/golden__v20_a30_g17.json,/home/mathis/Documents/Travail/cbnsl_benchmark/experiments/scaling/agrum3/../../../experiments/scaling/agrum3/2026-07-31_06h33_cbn_exp_clayton/graphs/CMIIC__v20_a30_g17_s500.json,,1.6174453650019132,26.0,6.0,0.23529411764705882,0.888888888888889,0.4,0.8
cbn_exp_clayton,CPC,"{""alpha"": 0.05, ""max_conditioning_set_size"": 3}",20,30,1000,17,/home/mathis/Documents/Travail/cbnsl_benchmark/experiments/scaling/agrum3/../../../experiments/scaling/agrum3/2026-07-31_06h33_cbn_exp_clayton/graphs/golden__v20_a30_g17.json,/home/mathis/Documents/Travail/cbnsl_benchmark/experiments/scaling/agrum3/../../../experiments/scaling/agrum3/2026-07-31_06h33_cbn_exp_clayton/graphs/CPC__v20_a30_g17_s1000.json,,2.0935492600037833,23.0,13.0,0.37837837837837834,0.7234042553191489,0.35,0.5666666666666667
cbn_exp_clayton,CMIIC,"{""alpha"": 0.05}",20,30,1000,17,/home/mathis/Documents/Travail/cbnsl_benchmark/experiments/scaling/agrum3/../../../experiments/scaling/agrum3/2026-07-31_06h33_cbn_exp_clayton/graphs/golden__v20_a30_g17.json,/home/mathis/Documents/Travail/cbnsl_benchmark/experiments/scaling/agrum3/../../../experiments/scaling/agrum3/2026-07-31_06h33_cbn_exp_clayton/graphs/CMIIC__v20_a30_g17_s1000.json,,5.028888351997011,17.0,6.0,0.6046511627906976,0.888888888888889,0.6842105263157895,0.8
cbn_exp_clayton,CPC,"{""alpha"": 0.05, ""max_conditioning_set_size"": 3}",20,30,3000,17,/home/mathis/Documents/Travail/cbnsl_benchmark/experiments/scaling/agrum3/../../../experiments/scaling/agrum3/2026-07-31_06h33_cbn_exp_clayton/graphs/golden__v20_a30_g17.json,/home/mathis/Documents/Travail/cbnsl_benchmark/experiments/scaling/agrum3/../../../experiments/scaling/agrum3/2026-07-31_06h33_cbn_exp_clayton/graphs/CPC__v20_a30_g17_s3000.json,,22.82659371900081,14.0,3.0,0.6956521739130435,0.9473684210526316,0.8421052631578947,0.9
cbn_exp_clayton,CMIIC,"{""alpha"": 0.05}",20,30,3000,17,/home/mathis/Documents/Travail/cbnsl_benchmark/experiments/scaling/agrum3/../../../experiments/scaling/agrum3/2026-07-31_06h33_cbn_exp_clayton/graphs/golden__v20_a30_g17.json,/home/mathis/Documents/Travail/cbnsl_benchmark/experiments/scaling/agrum3/../../../experiments/scaling/agrum3/2026-07-31_06h33_cbn_exp_clayton/graphs/CMIIC__v20_a30_g17_s3000.json,,41.765351217996795,17.0,6.0,0.6046511627906976,0.888888888888889,0.6842105263157895,0.8
cbn_exp_clayton,CPC,"{""alpha"": 0.05, ""max_conditioning_set_size"": 3}",20,30,5000,17,/home/mathis/Documents/Travail/cbnsl_benchmark/experiments/scaling/agrum3/../../../experiments/scaling/agrum3/2026-07-31_06h33_cbn_exp_clayton/graphs/golden__v20_a30_g17.json,/home/mathis/Documents/Travail/cbnsl_benchmark/experiments/scaling/agrum3/../../../experiments/scaling/agrum3/2026-07-31_06h33_cbn_exp_clayton/graphs/CPC__v20_a30_g17_s5000.json,,68.76744266600144,11.0,4.0,0.7755102040816326,0.9285714285714286,0.8260869565217391,0.8666666666666667
cbn_exp_clayton,CMIIC,"{""alpha"": 0.05}",20,30,5000,17,/home/mathis/Documents/Travail/cbnsl_benchmark/experiments/scaling/agrum3/../../../experiments/scaling/agrum3/2026-07-31_06h33_cbn_exp_clayton/graphs/golden__v20_a30_g17.json,/home/mathis/Documents/Travail/cbnsl_benchmark/experiments/scaling/agrum3/../../../experiments/scaling/agrum3/2026-07-31_06h33_cbn_exp_clayton/graphs/CMIIC__v20_a30_g17_s5000.json,,106.0715539849989,17.0,7.0,0.6046511627906976,0.8679245283018869,0.65,0.7666666666666667
cbn_exp_clayton,CPC,"{""alpha"": 0.05, ""max_conditioning_set_size"": 3}",20,30,200,18,/home/mathis/Documents/Travail/cbnsl_benchmark/experiments/scaling/agrum3/../../../experiments/scaling/agrum3/2026-07-31_06h33_cbn_exp_clayton/graphs/golden__v20_a30_g18.json,/home/mathis/Documents/Travail/cbnsl_benchmark/experiments/scaling/agrum3/../../../experiments/scaling/agrum3/2026-07-31_06h33_cbn_exp_clayton/graphs/CPC__v20_a30_g18_s200.json,,0.0738132839978789,28.0,27.0,0.125,0.18181818181818182,0.06896551724137931,0.1
cbn_exp_clayton,CMIIC,"{""alpha"": 0.05}",20,30,200,18,/home/mathis/Documents/Travail/cbnsl_benchmark/experiments/scaling/agrum3/../../../experiments/scaling/agrum3/2026-07-31_06h33_cbn_exp_clayton/graphs/golden__v20_a30_g18.json,/home/mathis/Documents/Travail/cbnsl_benchmark/experiments/scaling/agrum3/../../../experiments/scaling/agrum3/2026-07-31_06h33_cbn_exp_clayton/graphs/CMIIC__v20_a30_g18_s200.json,,0.575383718998637,28.0,5.0,0.125,0.9090909090909091,0.2857142857142857,0.8333333333333334
cbn_exp_clayton,CPC,"{""alpha"": 0.05, ""max_conditioning_set_size"": 3}",20,30,500,18,/home/mathis/Documents/Travail/cbnsl_benchmark/experiments/scaling/agrum3/../../../experiments/scaling/agrum3/2026-07-31_06h33_cbn_exp_clayton/graphs/golden__v20_a30_g18.json,/home/mathis/Documents/Travail/cbnsl_benchmark/experiments/scaling/agrum3/../../../experiments/scaling/agrum3/2026-07-31_06h33_cbn_exp_clayton/graphs/CPC__v20_a30_g18_s500.json,,0.6317788749947795,30.0,28.0,0.0,0.125,0.0,0.06666666666666667
cbn_exp_clayton,CMIIC,"{""alpha"": 0.05}",20,30,500,18,/home/mathis/Documents/Travail/cbnsl_benchmark/experiments/scaling/agrum3/../../../experiments/scaling/agrum3/2026-07-31_06h33_cbn_exp_clayton/graphs/golden__v20_a30_g18.json,/home/mathis/Documents/Travail/cbnsl_benchmark/experiments/scaling/agrum3/../../../experiments/scaling/agrum3/2026-07-31_06h33_cbn_exp_clayton/graphs/CMIIC__v20_a30_g18_s500.json,,3.0913320950057823,28.0,3.0,0.125,0.9473684210526316,0.4,0.9
cbn_exp_clayton,CPC,"{""alpha"": 0.05, ""max_conditioning_set_size"": 3}",20,30,1000,18,/home/mathis/Documents/Travail/cbnsl_benchmark/experiments/scaling/agrum3/../../../experiments/scaling/agrum3/2026-07-31_06h33_cbn_exp_clayton/graphs/golden__v20_a30_g18.json,/home/mathis/Documents/Travail/cbnsl_benchmark/experiments/scaling/agrum3/../../../experiments/scaling/agrum3/2026-07-31_06h33_cbn_exp_clayton/graphs/CPC__v20_a30_g18_s1000.json,,4.863764779998746,27.0,6.0,0.18181818181818182,0.888888888888889,0.3333333333333333,0.8
cbn_exp_clayton,CMIIC,"{""alpha"": 0.05}",20,30,1000,18,/home/mathis/Documents/Travail/cbnsl_benchmark/experiments/scaling/agrum3/../../../experiments/scaling/agrum3/2026-07-31_06h33_cbn_exp_clayton/graphs/golden__v20_a30_g18.json,/home/mathis/Documents/Travail/cbnsl_benchmark/experiments/scaling/agrum3/../../../experiments/scaling/agrum3/2026-07-31_06h33_cbn_exp_clayton/graphs/CMIIC__v20_a30_g18_s1000.json,,8.736203619002481,11.0,4.0,0.7755102040816326,0.9285714285714286,0.8260869565217391,0.8666666666666667
cbn_exp_clayton,CPC,"{""alpha"": 0.05, ""max_conditioning_set_size"": 3}",20,30,3000,18,/home/mathis/Documents/Travail/cbnsl_benchmark/experiments/scaling/agrum3/../../../experiments/scaling/agrum3/2026-07-31_06h33_cbn_exp_clayton/graphs/golden__v20_a30_g18.json,/home/mathis/Documents/Travail/cbnsl_benchmark/experiments/scaling/agrum3/../../../experiments/scaling/agrum3/2026-07-31_06h33_cbn_exp_clayton/graphs/CPC__v20_a30_g18_s3000.json,,59.55726018900168,21.0,10.0,0.46153846153846156,0.8,0.47368421052631576,0.6666666666666666
cbn_exp_clayton,CMIIC,"{""alpha"": 0.05}",20,30,3000,18,/home/mathis/Documents/Travail/cbnsl_benchmark/experiments/scaling/agrum3/../../../experiments/scaling/agrum3/2026-07-31_06h33_cbn_exp_clayton/graphs/golden__v20_a30_g18.json,/home/mathis/Documents/Travail/cbnsl_benchmark/experiments/scaling/agrum3/../../../experiments/scaling/agrum3/2026-07-31_06h33_cbn_exp_clayton/graphs/CMIIC__v20_a30_g18_s3000.json,,67.64608136999595,10.0,3.0,0.7999999999999999,0.9473684210526316,0.8695652173913043,0.9
cbn_exp_clayton,CPC,"{""alpha"": 0.05, ""max_conditioning_set_size"": 3}",20,30,5000,18,/home/mathis/Documents/Travail/cbnsl_benchmark/experiments/scaling/agrum3/../../../experiments/scaling/agrum3/2026-07-31_06h33_cbn_exp_clayton/graphs/golden__v20_a30_g18.json,/home/mathis/Documents/Travail/cbnsl_benchmark/experiments/scaling/agrum3/../../../experiments/scaling/agrum3/2026-07-31_06h33_cbn_exp_clayton/graphs/CPC__v20_a30_g18_s5000.json,,203.96606868600065,10.0,3.0,0.7999999999999999,0.9473684210526316,0.8695652173913043,0.9
cbn_exp_clayton,CMIIC,"{""alpha"": 0.05}",20,30,5000,18,/home/mathis/Documents/Travail/cbnsl_benchmark/experiments/scaling/agrum3/../../../experiments/scaling/agrum3/2026-07-31_06h33_cbn_exp_clayton/graphs/golden__v20_a30_g18.json,/home/mathis/Documents/Travail/cbnsl_benchmark/experiments/scaling/agrum3/../../../experiments/scaling/agrum3/2026-07-31_06h33_cbn_exp_clayton/graphs/CMIIC__v20_a30_g18_s5000.json,,191.5712944459956,10.0,3.0,0.7999999999999999,0.9473684210526316,0.8695652173913043,0.9
cbn_exp_clayton,CPC,"{""alpha"": 0.05, ""max_conditioning_set_size"": 3}",20,30,200,19,/home/mathis/Documents/Travail/cbnsl_benchmark/experiments/scaling/agrum3/../../../experiments/scaling/agrum3/2026-07-31_06h33_cbn_exp_clayton/graphs/golden__v20_a30_g19.json,/home/mathis/Documents/Travail/cbnsl_benchmark/experiments/scaling/agrum3/../../../experiments/scaling/agrum3/2026-07-31_06h33_cbn_exp_clayton/graphs/CPC__v20_a30_g19_s200.json,,0.0712455230022897,29.0,25.0,0.06451612903225806,0.2857142857142857,0.038461538461538464,0.16666666666666666
cbn_exp_clayton,CMIIC,"{""alpha"": 0.05}",20,30,200,19,/home/mathis/Documents/Travail/cbnsl_benchmark/experiments/scaling/agrum3/../../../experiments/scaling/agrum3/2026-07-31_06h33_cbn_exp_clayton/graphs/golden__v20_a30_g19.json,/home/mathis/Documents/Travail/cbnsl_benchmark/experiments/scaling/agrum3/../../../experiments/scaling/agrum3/2026-07-31_06h33_cbn_exp_clayton/graphs/CMIIC__v20_a30_g19_s200.json,,0.5341636390003259,23.0,6.0,0.3783783783783784,0.888888888888889,0.5384615384615384,0.8
cbn_exp_clayton,CPC,"{""alpha"": 0.05, ""max_conditioning_set_size"": 3}",20,30,500,19,/home/mathis/Documents/Travail/cbnsl_benchmark/experiments/scaling/agrum3/../../../experiments/scaling/agrum3/2026-07-31_06h33_cbn_exp_clayton/graphs/golden__v20_a30_g19.json,/home/mathis/Documents/Travail/cbnsl_benchmark/experiments/scaling/agrum3/../../../experiments/scaling/agrum3/2026-07-31_06h33_cbn_exp_clayton/graphs/CPC__v20_a30_g19_s500.json,,0.6020219839992933,29.0,27.0,0.06451612903225806,0.18181818181818182,0.03571428571428571,0.1
cbn_exp_clayton,CMIIC,"{""alpha"": 0.05}",20,30,500,19,/home/mathis/Documents/Travail/cbnsl_benchmark/experiments/scaling/agrum3/../../../experiments/scaling/agrum3/2026-07-31_06h33_cbn_exp_clayton/graphs/golden__v20_a30_g19.json,/home/mathis/Documents/Travail/cbnsl_benchmark/experiments/scaling/agrum3/../../../experiments/scaling/agrum3/2026-07-31_06h33_cbn_exp_clayton/graphs/CMIIC__v20_a30_g19_s500.json,,2.670020232006209,20.0,3.0,0.5,0.9473684210526316,0.7692307692307693,0.9
cbn_exp_clayton,CPC,"{""alpha"": 0.05, ""max_conditioning_set_size"": 3}",20,30,1000,19,/home/mathis/Documents/Travail/cbnsl_benchmark/experiments/scaling/agrum3/../../../experiments/scaling/agrum3/2026-07-31_06h33_cbn_exp_clayton/graphs/golden__v20_a30_g19.json,/home/mathis/Documents/Travail/cbnsl_benchmark/experiments/scaling/agrum3/../../../experiments/scaling/agrum3/2026-07-31_06h33_cbn_exp_clayton/graphs/CPC__v20_a30_g19_s1000.json,,3.141626805998385,25.0,10.0,0.28571428571428575,0.8,0.3333333333333333,0.6666666666666666
cbn_exp_clayton,CMIIC,"{""alpha"": 0.05}",20,30,1000,19,/home/mathis/Documents/Travail/cbnsl_benchmark/experiments/scaling/agrum3/../../../experiments/scaling/agrum3/2026-07-31_06h33_cbn_exp_clayton/graphs/golden__v20_a30_g19.json,/home/mathis/Documents/Travail/cbnsl_benchmark/experiments/scaling/agrum3/../../../experiments/scaling/agrum3/2026-07-31_06h33_cbn_exp_clayton/graphs/CMIIC__v20_a30_g19_s1000.json,,7.946912667997822,18.0,4.0,0.5714285714285714,0.9285714285714286,0.75,0.8666666666666667
cbn_exp_clayton,CPC,"{""alpha"": 0.05, ""max_conditioning_set_size"": 3}",20,30,3000,19,/home/mathis/Documents/Travail/cbnsl_benchmark/experiments/scaling/agrum3/../../../experiments/scaling/agrum3/2026-07-31_06h33_cbn_exp_clayton/graphs/golden__v20_a30_g19.json,/home/mathis/Documents/Travail/cbnsl_benchmark/experiments/scaling/agrum3/../../../experiments/scaling/agrum3/2026-07-31_06h33_cbn_exp_clayton/graphs/CPC__v20_a30_g19_s3000.json,,44.2604766680015,21.0,11.0,0.46153846153846156,0.7755102040816326,0.45,0.6333333333333333
cbn_exp_clayton,CMIIC,"{""alpha"": 0.05}",20,30,3000,19,/home/mathis/Documents/Travail/cbnsl_benchmark/experiments/scaling/agrum3/../../../experiments/scaling/agrum3/2026-07-31_06h33_cbn_exp_clayton/graphs/golden__v20_a30_g19.json,/home/mathis/Documents/Travail/cbnsl_benchmark/experiments/scaling/agrum3/../../../experiments/scaling/agrum3/2026-07-31_06h33_cbn_exp_clayton/graphs/CMIIC__v20_a30_g19_s3000.json,,63.895728810995934,21.0,5.0,0.4615384615384615,0.9090909090909091,0.6428571428571429,0.8333333333333334
cbn_exp_clayton,CPC,"{""alpha"": 0.05, ""max_conditioning_set_size"": 3}",20,30,5000,19,/home/mathis/Documents/Travail/cbnsl_benchmark/experiments/scaling/agrum3/../../../experiments/scaling/agrum3/2026-07-31_06h33_cbn_exp_clayton/graphs/golden__v20_a30_g19.json,/home/mathis/Documents/Travail/cbnsl_benchmark/experiments/scaling/agrum3/../../../experiments/scaling/agrum3/2026-07-31_06h33_cbn_exp_clayton/graphs/CPC__v20_a30_g19_s5000.json,,142.53143783799896,11.0,7.0,0.7755102040816326,0.8679245283018869,0.7307692307692307,0.7666666666666667
cbn_exp_clayton,CMIIC,"{""alpha"": 0.05}",20,30,5000,19,/home/mathis/Documents/Travail/cbnsl_benchmark/experiments/scaling/agrum3/../../../experiments/scaling/agrum3/2026-07-31_06h33_cbn_exp_clayton/graphs/golden__v20_a30_g19.json,/home/mathis/Documents/Travail/cbnsl_benchmark/experiments/scaling/agrum3/../../../experiments/scaling/agrum3/2026-07-31_06h33_cbn_exp_clayton/graphs/CMIIC__v20_a30_g19_s5000.json,,170.65533531700203,21.0,5.0,0.4615384615384615,0.9090909090909091,0.6428571428571429,0.8333333333333334
cbn_exp_clayton,CPC,"{""alpha"": 0.05, ""max_conditioning_set_size"": 3}",20,30,200,20,/home/mathis/Documents/Travail/cbnsl_benchmark/experiments/scaling/agrum3/../../../experiments/scaling/agrum3/2026-07-31_06h33_cbn_exp_clayton/graphs/golden__v20_a30_g20.json,/home/mathis/Documents/Travail/cbnsl_benchmark/experiments/scaling/agrum3/../../../experiments/scaling/agrum3/2026-07-31_06h33_cbn_exp_clayton/graphs/CPC__v20_a30_g20_s200.json,,0.06419482699857326,28.0,26.0,0.17647058823529413,0.2777777777777778,0.10714285714285714,0.16666666666666666
cbn_exp_clayton,CMIIC,"{""alpha"": 0.05}",20,30,200,20,/home/mathis/Documents/Travail/cbnsl_benchmark/experiments/scaling/agrum3/../../../experiments/scaling/agrum3/2026-07-31_06h33_cbn_exp_clayton/graphs/golden__v20_a30_g20.json,/home/mathis/Documents/Travail/cbnsl_benchmark/experiments/scaling/agrum3/../../../experiments/scaling/agrum3/2026-07-31_06h33_cbn_exp_clayton/graphs/CMIIC__v20_a30_g20_s200.json,,0.536902605999785,12.0,6.0,0.75,0.888888888888889,0.75,0.8
cbn_exp_clayton,CPC,"{""alpha"": 0.05, ""max_conditioning_set_size"": 3}",20,30,500,20,/home/mathis/Documents/Travail/cbnsl_benchmark/experiments/scaling/agrum3/../../../experiments/scaling/agrum3/2026-07-31_06h33_cbn_exp_clayton/graphs/golden__v20_a30_g20.json,/home/mathis/Documents/Travail/cbnsl_benchmark/experiments/scaling/agrum3/../../../experiments/scaling/agrum3/2026-07-31_06h33_cbn_exp_clayton/graphs/CPC__v20_a30_g20_s500.json,,0.6020164540022961,28.0,23.0,0.125,0.37837837837837834,0.08,0.23333333333333334
cbn_exp_clayton,CMIIC,"{""alpha"": 0.05}",20,30,500,20,/home/mathis/Documents/Travail/cbnsl_benchmark/experiments/scaling/agrum3/../../../experiments/scaling/agrum3/2026-07-31_06h33_cbn_exp_clayton/graphs/golden__v20_a30_g20.json,/home/mathis/Documents/Travail/cbnsl_benchmark/experiments/scaling/agrum3/../../../experiments/scaling/agrum3/2026-07-31_06h33_cbn_exp_clayton/graphs/CMIIC__v20_a30_g20_s500.json,,2.254129836001084,28.0,6.0,0.125,0.888888888888889,0.25,0.8
cbn_exp_clayton,CPC,"{""alpha"": 0.05, ""max_conditioning_set_size"": 3}",20,30,1000,20,/home/mathis/Documents/Travail/cbnsl_benchmark/experiments/scaling/agrum3/../../../experiments/scaling/agrum3/2026-07-31_06h33_cbn_exp_clayton/graphs/golden__v20_a30_g20.json,/home/mathis/Documents/Travail/cbnsl_benchmark/experiments/scaling/agrum3/../../../experiments/scaling/agrum3/2026-07-31_06h33_cbn_exp_clayton/graphs/CPC__v20_a30_g20_s1000.json,,3.3318206729964004,21.0,10.0,0.46153846153846156,0.8,0.47368421052631576,0.6666666666666666
cbn_exp_clayton,CMIIC,"{""alpha"": 0.05}",20,30,1000,20,/home/mathis/Documents/Travail/cbnsl_benchmark/experiments/scaling/agrum3/../../../experiments/scaling/agrum3/2026-07-31_06h33_cbn_exp_clayton/graphs/golden__v20_a30_g20.json,/home/mathis/Documents/Travail/cbnsl_benchmark/experiments/scaling/agrum3/../../../experiments/scaling/agrum3/2026-07-31_06h33_cbn_exp_clayton/graphs/CMIIC__v20_a30_g20_s1000.json,,6.423352174002503,11.0,5.0,0.7755102040816326,0.9090909090909091,0.7916666666666666,0.8333333333333334
cbn_exp_clayton,CPC,"{""alpha"": 0.05, ""max_conditioning_set_size"": 3}",20,30,3000,20,/home/mathis/Documents/Travail/cbnsl_benchmark/experiments/scaling/agrum3/../../../experiments/scaling/agrum3/2026-07-31_06h33_cbn_exp_clayton/graphs/golden__v20_a30_g20.json,/home/mathis/Documents/Travail/cbnsl_benchmark/experiments/scaling/agrum3/../../../experiments/scaling/agrum3/2026-07-31_06h33_cbn_exp_clayton/graphs/CPC__v20_a30_g20_s3000.json,,44.07280596900091,20.0,6.0,0.5238095238095238,0.8928571428571429,0.6875,0.8333333333333334
cbn_exp_clayton,CMIIC,"{""alpha"": 0.05}",20,30,3000,20,/home/mathis/Documents/Travail/cbnsl_benchmark/experiments/scaling/agrum3/../../../experiments/scaling/agrum3/2026-07-31_06h33_cbn_exp_clayton/graphs/golden__v20_a30_g20.json,/home/mathis/Documents/Travail/cbnsl_benchmark/experiments/scaling/agrum3/../../../experiments/scaling/agrum3/2026-07-31_06h33_cbn_exp_clayton/graphs/CMIIC__v20_a30_g20_s3000.json,,51.27079516000231,12.0,5.0,0.7499999999999999,0.9090909090909091,0.782608695652174,0.8333333333333334
cbn_exp_clayton,CPC,"{""alpha"": 0.05, ""max_conditioning_set_size"": 3}",20,30,5000,20,/home/mathis/Documents/Travail/cbnsl_benchmark/experiments/scaling/agrum3/../../../experiments/scaling/agrum3/2026-07-31_06h33_cbn_exp_clayton/graphs/golden__v20_a30_g20.json,/home/mathis/Documents/Travail/cbnsl_benchmark/experiments/scaling/agrum3/../../../experiments/scaling/agrum3/2026-07-31_06h33_cbn_exp_clayton/graphs/CPC__v20_a30_g20_s5000.json,,139.84140983200632,13.0,6.0,0.7450980392156864,0.896551724137931,0.8260869565217391,0.8666666666666667
cbn_exp_clayton,CMIIC,"{""alpha"": 0.05}",20,30,5000,20,/home/mathis/Documents/Travail/cbnsl_benchmark/experiments/scaling/agrum3/../../../experiments/scaling/agrum3/2026-07-31_06h33_cbn_exp_clayton/graphs/golden__v20_a30_g20.json,/home/mathis/Documents/Travail/cbnsl_benchmark/experiments/scaling/agrum3/../../../experiments/scaling/agrum3/2026-07-31_06h33_cbn_exp_clayton/graphs/CMIIC__v20_a30_g20_s5000.json,,141.56567822000216,12.0,6.0,0.75,0.888888888888889,0.75,0.8
cbn_exp_clayton,CPC,"{""alpha"": 0.05, ""max_conditioning_set_size"": 3}",20,30,200,21,/home/mathis/Documents/Travail/cbnsl_benchmark/experiments/scaling/agrum3/../../../experiments/scaling/agrum3/2026-07-31_06h33_cbn_exp_clayton/graphs/golden__v20_a30_g21.json,/home/mathis/Documents/Travail/cbnsl_benchmark/experiments/scaling/agrum3/../../../experiments/scaling/agrum3/2026-07-31_06h33_cbn_exp_clayton/graphs/CPC__v20_a30_g21_s200.json,,0.07498391099943547,28.0,27.0,0.125,0.18181818181818182,0.06896551724137931,0.1
cbn_exp_clayton,CMIIC,"{""alpha"": 0.05}",20,30,200,21,/home/mathis/Documents/Travail/cbnsl_benchmark/experiments/scaling/agrum3/../../../experiments/scaling/agrum3/2026-07-31_06h33_cbn_exp_clayton/graphs/golden__v20_a30_g21.json,/home/mathis/Documents/Travail/cbnsl_benchmark/experiments/scaling/agrum3/../../../experiments/scaling/agrum3/2026-07-31_06h33_cbn_exp_clayton/graphs/CMIIC__v20_a30_g21_s200.json,,0.4991354450030485,25.0,6.0,0.28571428571428575,0.888888888888889,0.45454545454545453,0.8
cbn_exp_clayton,CPC,"{""alpha"": 0.05, ""max_conditioning_set_size"": 3}",20,30,500,21,/home/mathis/Documents/Travail/cbnsl_benchmark/experiments/scaling/agrum3/../../../experiments/scaling/agrum3/2026-07-31_06h33_cbn_exp_clayton/graphs/golden__v20_a30_g21.json,/home/mathis/Documents/Travail/cbnsl_benchmark/experiments/scaling/agrum3/../../../experiments/scaling/agrum3/2026-07-31_06h33_cbn_exp_clayton/graphs/CPC__v20_a30_g21_s500.json,,0.6303429239997058,27.0,22.0,0.18181818181818182,0.4210526315789474,0.12,0.26666666666666666
cbn_exp_clayton,CMIIC,"{""alpha"": 0.05}",20,30,500,21,/home/mathis/Documents/Travail/cbnsl_benchmark/experiments/scaling/agrum3/../../../experiments/scaling/agrum3/2026-07-31_06h33_cbn_exp_clayton/graphs/golden__v20_a30_g21.json,/home/mathis/Documents/Travail/cbnsl_benchmark/experiments/scaling/agrum3/../../../experiments/scaling/agrum3/2026-07-31_06h33_cbn_exp_clayton/graphs/CMIIC__v20_a30_g21_s500.json,,2.193463067000266,26.0,8.0,0.2777777777777778,0.8518518518518519,0.4166666666666667,0.7666666666666667
cbn_exp_clayton,CPC,"{""alpha"": 0.05, ""max_conditioning_set_size"": 3}",20,30,1000,21,/home/mathis/Documents/Travail/cbnsl_benchmark/experiments/scaling/agrum3/../../../experiments/scaling/agrum3/2026-07-31_06h33_cbn_exp_clayton/graphs/golden__v20_a30_g21.json,/home/mathis/Documents/Travail/cbnsl_benchmark/experiments/scaling/agrum3/../../../experiments/scaling/agrum3/2026-07-31_06h33_cbn_exp_clayton/graphs/CPC__v20_a30_g21_s1000.json,,2.857313312997576,26.0,8.0,0.23529411764705885,0.846153846153846,0.3333333333333333,0.7333333333333333
cbn_exp_clayton,CMIIC,"{""alpha"": 0.05}",20,30,1000,21,/home/mathis/Documents/Travail/cbnsl_benchmark/experiments/scaling/agrum3/../../../experiments/scaling/agrum3/2026-07-31_06h33_cbn_exp_clayton/graphs/golden__v20_a30_g21.json,/home/mathis/Documents/Travail/cbnsl_benchmark/experiments/scaling/agrum3/../../../experiments/scaling/agrum3/2026-07-31_06h33_cbn_exp_clayton/graphs/CMIIC__v20_a30_g21_s1000.json,,6.479716204004944,25.0,7.0,0.2857142857142857,0.8679245283018869,0.4166666666666667,0.7666666666666667
cbn_exp_clayton,CPC,"{""alpha"": 0.05, ""max_conditioning_set_size"": 3}",20,30,3000,21,/home/mathis/Documents/Travail/cbnsl_benchmark/experiments/scaling/agrum3/../../../experiments/scaling/agrum3/2026-07-31_06h33_cbn_exp_clayton/graphs/golden__v20_a30_g21.json,/home/mathis/Documents/Travail/cbnsl_benchmark/experiments/scaling/agrum3/../../../experiments/scaling/agrum3/2026-07-31_06h33_cbn_exp_clayton/graphs/CPC__v20_a30_g21_s3000.json,,34.02075352200336,22.0,7.0,0.47619047619047616,0.8771929824561403,0.6666666666666666,0.8333333333333334
cbn_exp_clayton,CMIIC,"{""alpha"": 0.05}",20,30,3000,21,/home/mathis/Documents/Travail/cbnsl_benchmark/experiments/scaling/agrum3/../../../experiments/scaling/agrum3/2026-07-31_06h33_cbn_exp_clayton/graphs/golden__v20_a30_g21.json,/home/mathis/Documents/Travail/cbnsl_benchmark/experiments/scaling/agrum3/../../../experiments/scaling/agrum3/2026-07-31_06h33_cbn_exp_clayton/graphs/CMIIC__v20_a30_g21_s3000.json,,54.00288223399548,25.0,6.0,0.28571428571428575,0.888888888888889,0.45454545454545453,0.8
cbn_exp_clayton,CPC,"{""alpha"": 0.05, ""max_conditioning_set_size"": 3}",20,30,5000,21,/home/mathis/Documents/Travail/cbnsl_benchmark/experiments/scaling/agrum3/../../../experiments/scaling/agrum3/2026-07-31_06h33_cbn_exp_clayton/graphs/golden__v20_a30_g21.json,/home/mathis/Documents/Travail/cbnsl_benchmark/experiments/scaling/agrum3/../../../experiments/scaling/agrum3/2026-07-31_06h33_cbn_exp_clayton/graphs/CPC__v20_a30_g21_s5000.json,,113.67051921899838,17.0,8.0,0.6382978723404256,0.8571428571428571,0.7142857142857143,0.8
cbn_exp_clayton,CMIIC,"{""alpha"": 0.05}",20,30,5000,21,/home/mathis/Documents/Travail/cbnsl_benchmark/experiments/scaling/agrum3/../../../experiments/scaling/agrum3/2026-07-31_06h33_cbn_exp_clayton/graphs/golden__v20_a30_g21.json,/home/mathis/Documents/Travail/cbnsl_benchmark/experiments/scaling/agrum3/../../../experiments/scaling/agrum3/2026-07-31_06h33_cbn_exp_clayton/graphs/CMIIC__v20_a30_g21_s5000.json,,146.7370332349965,25.0,6.0,0.28571428571428575,0.888888888888889,0.45454545454545453,0.8
cbn_exp_clayton,CPC,"{""alpha"": 0.05, ""max_conditioning_set_size"": 3}",20,30,200,22,/home/mathis/Documents/Travail/cbnsl_benchmark/experiments/scaling/agrum3/../../../experiments/scaling/agrum3/2026-07-31_06h33_cbn_exp_clayton/graphs/golden__v20_a30_g22.json,/home/mathis/Documents/Travail/cbnsl_benchmark/experiments/scaling/agrum3/../../../experiments/scaling/agrum3/2026-07-31_06h33_cbn_exp_clayton/graphs/CPC__v20_a30_g22_s200.json,,0.06989447700470919,29.0,24.0,0.0,0.29411764705882354,0.0,0.1724137931034483
cbn_exp_clayton,CMIIC,"{""alpha"": 0.05}",20,30,200,22,/home/mathis/Documents/Travail/cbnsl_benchmark/experiments/scaling/agrum3/../../../experiments/scaling/agrum3/2026-07-31_06h33_cbn_exp_clayton/graphs/golden__v20_a30_g22.json,/home/mathis/Documents/Travail/cbnsl_benchmark/experiments/scaling/agrum3/../../../experiments/scaling/agrum3/2026-07-31_06h33_cbn_exp_clayton/graphs/CMIIC__v20_a30_g22_s200.json,,0.5883937230028096,25.0,6.0,0.28571428571428575,0.888888888888889,0.5,0.8275862068965517
cbn_exp_clayton,CPC,"{""alpha"": 0.05, ""max_conditioning_set_size"": 3}",20,30,500,22,/home/mathis/Documents/Travail/cbnsl_benchmark/experiments/scaling/agrum3/../../../experiments/scaling/agrum3/2026-07-31_06h33_cbn_exp_clayton/graphs/golden__v20_a30_g22.json,/home/mathis/Documents/Travail/cbnsl_benchmark/experiments/scaling/agrum3/../../../experiments/scaling/agrum3/2026-07-31_06h33_cbn_exp_clayton/graphs/CPC__v20_a30_g22_s500.json,,0.5975449480029056,27.0,21.0,0.12903225806451613,0.4324324324324324,0.08695652173913043,0.27586206896551724
cbn_exp_clayton,CMIIC,"{""alpha"": 0.05}",20,30,500,22,/home/mathis/Documents/Travail/cbnsl_benchmark/experiments/scaling/agrum3/../../../experiments/scaling/agrum3/2026-07-31_06h33_cbn_exp_clayton/graphs/golden__v20_a30_g22.json,/home/mathis/Documents/Travail/cbnsl_benchmark/experiments/scaling/agrum3/../../../experiments/scaling/agrum3/2026-07-31_06h33_cbn_exp_clayton/graphs/CMIIC__v20_a30_g22_s500.json,,2.2231212769984268,24.0,5.0,0.29411764705882354,0.9056603773584906,0.5,0.8275862068965517
cbn_exp_clayton,CPC,"{""alpha"": 0.05, ""max_conditioning_set_size"": 3}",20,30,1000,22,/home/mathis/Documents/Travail/cbnsl_benchmark/experiments/scaling/agrum3/../../../experiments/scaling/agrum3/2026-07-31_06h33_cbn_exp_clayton/graphs/golden__v20_a30_g22.json,/home/mathis/Documents/Travail/cbnsl_benchmark/experiments/scaling/agrum3/../../../experiments/scaling/agrum3/2026-07-31_06h33_cbn_exp_clayton/graphs/CPC__v20_a30_g22_s1000.json,,2.8867847340006847,24.0,10.0,0.29411764705882354,0.7916666666666666,0.3333333333333333,0.6551724137931034
cbn_exp_clayton,CMIIC,"{""alpha"": 0.05}",20,30,1000,22,/home/mathis/Documents/Travail/cbnsl_benchmark/experiments/scaling/agrum3/../../../experiments/scaling/agrum3/2026-07-31_06h33_cbn_exp_clayton/graphs/golden__v20_a30_g22.json,/home/mathis/Documents/Travail/cbnsl_benchmark/experiments/scaling/agrum3/../../../experiments/scaling/agrum3/2026-07-31_06h33_cbn_exp_clayton/graphs/CMIIC__v20_a30_g22_s1000.json,,6.185008120999555,24.0,6.0,0.29411764705882354,0.8846153846153846,0.45454545454545453,0.7931034482758621
cbn_exp_clayton,CPC,"{""alpha"": 0.05, ""max_conditioning_set_size"": 3}",20,30,3000,22,/home/mathis/Documents/Travail/cbnsl_benchmark/experiments/scaling/agrum3/../../../experiments/scaling/agrum3/2026-07-31_06h33_cbn_exp_clayton/graphs/golden__v20_a30_g22.json,/home/mathis/Documents/Travail/cbnsl_benchmark/experiments/scaling/agrum3/../../../experiments/scaling/agrum3/2026-07-31_06h33_cbn_exp_clayton/graphs/CPC__v20_a30_g22_s3000.json,,36.60027100500156,18.0,4.0,0.5714285714285714,0.9285714285714286,0.8,0.896551724137931
cbn_exp_clayton,CMIIC,"{""alpha"": 0.05}",20,30,3000,22,/home/mathis/Documents/Travail/cbnsl_benchmark/experiments/scaling/agrum3/../../../experiments/scaling/agrum3/2026-07-31_06h33_cbn_exp_clayton/graphs/golden__v20_a30_g22.json,/home/mathis/Documents/Travail/cbnsl_benchmark/experiments/scaling/agrum3/../../../experiments/scaling/agrum3/2026-07-31_06h33_cbn_exp_clayton/graphs/CMIIC__v20_a30_g22_s3000.json,,48.14027154799987,24.0,6.0,0.29411764705882354,0.8846153846153846,0.45454545454545453,0.7931034482758621
cbn_exp_clayton,CPC,"{""alpha"": 0.05, ""max_conditioning_set_size"": 3}",20,30,5000,22,/home/mathis/Documents/Travail/cbnsl_benchmark/experiments/scaling/agrum3/../../../experiments/scaling/agrum3/2026-07-31_06h33_cbn_exp_clayton/graphs/golden__v20_a30_g22.json,/home/mathis/Documents/Travail/cbnsl_benchmark/experiments/scaling/agrum3/../../../experiments/scaling/agrum3/2026-07-31_06h33_cbn_exp_clayton/graphs/CPC__v20_a30_g22_s5000.json,,125.34126522600127,11.0,5.0,0.7755102040816326,0.9090909090909091,0.8260869565217391,0.8620689655172413
cbn_exp_clayton,CMIIC,"{""alpha"": 0.05}",20,30,5000,22,/home/mathis/Documents/Travail/cbnsl_benchmark/experiments/scaling/agrum3/../../../experiments/scaling/agrum3/2026-07-31_06h33_cbn_exp_clayton/graphs/golden__v20_a30_g22.json,/home/mathis/Documents/Travail/cbnsl_benchmark/experiments/scaling/agrum3/../../../experiments/scaling/agrum3/2026-07-31_06h33_cbn_exp_clayton/graphs/CMIIC__v20_a30_g22_s5000.json,,127.59036926300178,24.0,6.0,0.29411764705882354,0.8846153846153846,0.45454545454545453,0.7931034482758621
cbn_exp_clayton,CPC,"{""alpha"": 0.05, ""max_conditioning_set_size"": 3}",20,30,200,23,/home/mathis/Documents/Travail/cbnsl_benchmark/experiments/scaling/agrum3/../../../experiments/scaling/agrum3/2026-07-31_06h33_cbn_exp_clayton/graphs/golden__v20_a30_g23.json,/home/mathis/Documents/Travail/cbnsl_benchmark/experiments/scaling/agrum3/../../../experiments/scaling/agrum3/2026-07-31_06h33_cbn_exp_clayton/graphs/CPC__v20_a30_g23_s200.json,,0.06627491000108421,30.0,26.0,0.0,0.23529411764705882,0.0,0.13333333333333333
cbn_exp_clayton,CMIIC,"{""alpha"": 0.05}",20,30,200,23,/home/mathis/Documents/Travail/cbnsl_benchmark/experiments/scaling/agrum3/../../../experiments/scaling/agrum3/2026-07-31_06h33_cbn_exp_clayton/graphs/golden__v20_a30_g23.json,/home/mathis/Documents/Travail/cbnsl_benchmark/experiments/scaling/agrum3/../../../experiments/scaling/agrum3/2026-07-31_06h33_cbn_exp_clayton/graphs/CMIIC__v20_a30_g23_s200.json,,0.5032040610021795,27.0,5.0,0.18181818181818182,0.9090909090909091,0.375,0.8333333333333334
cbn_exp_clayton,CPC,"{""alpha"": 0.05, ""max_conditioning_set_size"": 3}",20,30,500,23,/home/mathis/Documents/Travail/cbnsl_benchmark/experiments/scaling/agrum3/../../../experiments/scaling/agrum3/2026-07-31_06h33_cbn_exp_clayton/graphs/golden__v20_a30_g23.json,/home/mathis/Documents/Travail/cbnsl_benchmark/experiments/scaling/agrum3/../../../experiments/scaling/agrum3/2026-07-31_06h33_cbn_exp_clayton/graphs/CPC__v20_a30_g23_s500.json,,0.7141592420011875,27.0,22.0,0.18181818181818182,0.4210526315789474,0.12,0.26666666666666666
cbn_exp_clayton,CMIIC,"{""alpha"": 0.05}",20,30,500,23,/home/mathis/Documents/Travail/cbnsl_benchmark/experiments/scaling/agrum3/../../../experiments/scaling/agrum3/2026-07-31_06h33_cbn_exp_clayton/graphs/golden__v20_a30_g23.json,/home/mathis/Documents/Travail/cbnsl_benchmark/experiments/scaling/agrum3/../../../experiments/scaling/agrum3/2026-07-31_06h33_cbn_exp_clayton/graphs/CMIIC__v20_a30_g23_s500.json,,2.405427582001721,27.0,6.0,0.18181818181818182,0.888888888888889,0.3333333333333333,0.8
cbn_exp_clayton,CPC,"{""alpha"": 0.05, ""max_conditioning_set_size"": 3}",20,30,1000,23,/home/mathis/Documents/Travail/cbnsl_benchmark/experiments/scaling/agrum3/../../../experiments/scaling/agrum3/2026-07-31_06h33_cbn_exp_clayton/graphs/golden__v20_a30_g23.json,/home/mathis/Documents/Travail/cbnsl_benchmark/experiments/scaling/agrum3/../../../experiments/scaling/agrum3/2026-07-31_06h33_cbn_exp_clayton/graphs/CPC__v20_a30_g23_s1000.json,,3.438922884000931,26.0,10.0,0.23529411764705882,0.8,0.2857142857142857,0.6666666666666666
cbn_exp_clayton,CMIIC,"{""alpha"": 0.05}",20,30,1000,23,/home/mathis/Documents/Travail/cbnsl_benchmark/experiments/scaling/agrum3/../../../experiments/scaling/agrum3/2026-07-31_06h33_cbn_exp_clayton/graphs/golden__v20_a30_g23.json,/home/mathis/Documents/Travail/cbnsl_benchmark/experiments/scaling/agrum3/../../../experiments/scaling/agrum3/2026-07-31_06h33_cbn_exp_clayton/graphs/CMIIC__v20_a30_g23_s1000.json,,7.157864640998014,28.0,8.0,0.17647058823529413,0.8518518518518519,0.3,0.7666666666666667
cbn_exp_clayton,CPC,"{""alpha"": 0.05, ""max_conditioning_set_size"": 3}",20,30,3000,23,/home/mathis/Documents/Travail/cbnsl_benchmark/experiments/scaling/agrum3/../../../experiments/scaling/agrum3/2026-07-31_06h33_cbn_exp_clayton/graphs/golden__v20_a30_g23.json,/home/mathis/Documents/Travail/cbnsl_benchmark/experiments/scaling/agrum3/../../../experiments/scaling/agrum3/2026-07-31_06h33_cbn_exp_clayton/graphs/CPC__v20_a30_g23_s3000.json,,43.47115982599644,17.0,5.0,0.6222222222222222,0.912280701754386,0.7777777777777778,0.8666666666666667
cbn_exp_clayton,CMIIC,"{""alpha"": 0.05}",20,30,3000,23,/home/mathis/Documents/Travail/cbnsl_benchmark/experiments/scaling/agrum3/../../../experiments/scaling/agrum3/2026-07-31_06h33_cbn_exp_clayton/graphs/golden__v20_a30_g23.json,/home/mathis/Documents/Travail/cbnsl_benchmark/experiments/scaling/agrum3/../../../experiments/scaling/agrum3/2026-07-31_06h33_cbn_exp_clayton/graphs/CMIIC__v20_a30_g23_s3000.json,,56.89378774299985,16.0,8.0,0.6521739130434783,0.8518518518518519,0.6818181818181818,0.7666666666666667
cbn_exp_clayton,CPC,"{""alpha"": 0.05, ""max_conditioning_set_size"": 3}",20,30,5000,23,/home/mathis/Documents/Travail/cbnsl_benchmark/experiments/scaling/agrum3/../../../experiments/scaling/agrum3/2026-07-31_06h33_cbn_exp_clayton/graphs/golden__v20_a30_g23.json,/home/mathis/Documents/Travail/cbnsl_benchmark/experiments/scaling/agrum3/../../../experiments/scaling/agrum3/2026-07-31_06h33_cbn_exp_clayton/graphs/CPC__v20_a30_g23_s5000.json,,145.15463012200053,19.0,5.0,0.5581395348837209,0.912280701754386,0.75,0.8666666666666667
cbn_exp_clayton,CMIIC,"{""alpha"": 0.05}",20,30,5000,23,/home/mathis/Documents/Travail/cbnsl_benchmark/experiments/scaling/agrum3/../../../experiments/scaling/agrum3/2026-07-31_06h33_cbn_exp_clayton/graphs/golden__v20_a30_g23.json,/home/mathis/Documents/Travail/cbnsl_benchmark/experiments/scaling/agrum3/../../../experiments/scaling/agrum3/2026-07-31_06h33_cbn_exp_clayton/graphs/CMIIC__v20_a30_g23_s5000.json,,166.6349119660008,16.0,8.0,0.6521739130434783,0.8518518518518519,0.6818181818181818,0.7666666666666667
cbn_exp_clayton,CPC,"{""alpha"": 0.05, ""max_conditioning_set_size"": 3}",20,30,200,24,/home/mathis/Documents/Travail/cbnsl_benchmark/experiments/scaling/agrum3/../../../experiments/scaling/agrum3/2026-07-31_06h33_cbn_exp_clayton/graphs/golden__v20_a30_g24.json,/home/mathis/Documents/Travail/cbnsl_benchmark/experiments/scaling/agrum3/../../../experiments/scaling/agrum3/2026-07-31_06h33_cbn_exp_clayton/graphs/CPC__v20_a30_g24_s200.json,,0.06988640799681889,27.0,24.0,0.06896551724137932,0.25,0.04,0.14285714285714285
cbn_exp_clayton,CMIIC,"{""alpha"": 0.05}",20,30,200,24,/home/mathis/Documents/Travail/cbnsl_benchmark/experiments/scaling/agrum3/../../../experiments/scaling/agrum3/2026-07-31_06h33_cbn_exp_clayton/graphs/golden__v20_a30_g24.json,/home/mathis/Documents/Travail/cbnsl_benchmark/experiments/scaling/agrum3/../../../experiments/scaling/agrum3/2026-07-31_06h33_cbn_exp_clayton/graphs/CMIIC__v20_a30_g24_s200.json,,0.6976845169992885,23.0,5.0,0.34285714285714286,0.9056603773584904,0.6,0.8571428571428571
cbn_exp_clayton,CPC,"{""alpha"": 0.05, ""max_conditioning_set_size"": 3}",20,30,500,24,/home/mathis/Documents/Travail/cbnsl_benchmark/experiments/scaling/agrum3/../../../experiments/scaling/agrum3/2026-07-31_06h33_cbn_exp_clayton/graphs/golden__v20_a30_g24.json,/home/mathis/Documents/Travail/cbnsl_benchmark/experiments/scaling/agrum3/../../../experiments/scaling/agrum3/2026-07-31_06h33_cbn_exp_clayton/graphs/CPC__v20_a30_g24_s500.json,,0.615819991005992,26.0,21.0,0.13333333333333333,0.4,0.08695652173913043,0.25
cbn_exp_clayton,CMIIC,"{""alpha"": 0.05}",20,30,500,24,/home/mathis/Documents/Travail/cbnsl_benchmark/experiments/scaling/agrum3/../../../experiments/scaling/agrum3/2026-07-31_06h33_cbn_exp_clayton/graphs/golden__v20_a30_g24.json,/home/mathis/Documents/Travail/cbnsl_benchmark/experiments/scaling/agrum3/../../../experiments/scaling/agrum3/2026-07-31_06h33_cbn_exp_clayton/graphs/CMIIC__v20_a30_g24_s500.json,,2.490002980994177,23.0,3.0,0.34285714285714286,0.9454545454545454,0.75,0.9285714285714286
cbn_exp_clayton,CPC,"{""alpha"": 0.05, ""max_conditioning_set_size"": 3}",20,30,1000,24,/home/mathis/Documents/Travail/cbnsl_benchmark/experiments/scaling/agrum3/../../../experiments/scaling/agrum3/2026-07-31_06h33_cbn_exp_clayton/graphs/golden__v20_a30_g24.json,/home/mathis/Documents/Travail/cbnsl_benchmark/experiments/scaling/agrum3/../../../experiments/scaling/agrum3/2026-07-31_06h33_cbn_exp_clayton/graphs/CPC__v20_a30_g24_s1000.json,,3.0084995740035083,18.0,10.0,0.5263157894736842,0.782608695652174,0.5,0.6428571428571429
cbn_exp_clayton,CMIIC,"{""alpha"": 0.05}",20,30,1000,24,/home/mathis/Documents/Travail/cbnsl_benchmark/experiments/scaling/agrum3/../../../experiments/scaling/agrum3/2026-07-31_06h33_cbn_exp_clayton/graphs/golden__v20_a30_g24.json,/home/mathis/Documents/Travail/cbnsl_benchmark/experiments/scaling/agrum3/../../../experiments/scaling/agrum3/2026-07-31_06h33_cbn_exp_clayton/graphs/CMIIC__v20_a30_g24_s1000.json,,6.894909486996767,13.0,2.0,0.6976744186046512,0.962962962962963,0.8823529411764706,0.9285714285714286
cbn_exp_clayton,CPC,"{""alpha"": 0.05, ""max_conditioning_set_size"": 3}",20,30,3000,24,/home/mathis/Documents/Travail/cbnsl_benchmark/experiments/scaling/agrum3/../../../experiments/scaling/agrum3/2026-07-31_06h33_cbn_exp_clayton/graphs/golden__v20_a30_g24.json,/home/mathis/Documents/Travail/cbnsl_benchmark/experiments/scaling/agrum3/../../../experiments/scaling/agrum3/2026-07-31_06h33_cbn_exp_clayton/graphs/CPC__v20_a30_g24_s3000.json,,36.92311840700131,17.0,3.0,0.5853658536585367,0.9454545454545454,0.8571428571428571,0.9285714285714286
cbn_exp_clayton,CMIIC,"{""alpha"": 0.05}",20,30,3000,24,/home/mathis/Documents/Travail/cbnsl_benchmark/experiments/scaling/agrum3/../../../experiments/scaling/agrum3/2026-07-31_06h33_cbn_exp_clayton/graphs/golden__v20_a30_g24.json,/home/mathis/Documents/Travail/cbnsl_benchmark/experiments/scaling/agrum3/../../../experiments/scaling/agrum3/2026-07-31_06h33_cbn_exp_clayton/graphs/CMIIC__v20_a30_g24_s3000.json,,61.57476617900102,13.0,2.0,0.6976744186046512,0.962962962962963,0.8823529411764706,0.9285714285714286
cbn_exp_clayton,CPC,"{""alpha"": 0.05, ""max_conditioning_set_size"": 3}",20,30,5000,24,/home/mathis/Documents/Travail/cbnsl_benchmark/experiments/scaling/agrum3/../../../experiments/scaling/agrum3/2026-07-31_06h33_cbn_exp_clayton/graphs/golden__v20_a30_g24.json,/home/mathis/Documents/Travail/cbnsl_benchmark/experiments/scaling/agrum3/../../../experiments/scaling/agrum3/2026-07-31_06h33_cbn_exp_clayton/graphs/CPC__v20_a30_g24_s5000.json,,114.00736329900246,15.0,3.0,0.6666666666666667,0.9473684210526316,0.9375,0.9642857142857143
cbn_exp_clayton,CMIIC,"{""alpha"": 0.05}",20,30,5000,24,/home/mathis/Documents/Travail/cbnsl_benchmark/experiments/scaling/agrum3/../../../experiments/scaling/agrum3/2026-07-31_06h33_cbn_exp_clayton/graphs/golden__v20_a30_g24.json,/home/mathis/Documents/Travail/cbnsl_benchmark/experiments/scaling/agrum3/../../../experiments/scaling/agrum3/2026-07-31_06h33_cbn_exp_clayton/graphs/CMIIC__v20_a30_g24_s5000.json,,154.46061920699867,12.0,2.0,0.7272727272727274,0.962962962962963,0.8888888888888888,0.9285714285714286
cbn_exp_clayton,CPC,"{""alpha"": 0.05, ""max_conditioning_set_size"": 3}",20,30,200,25,/home/mathis/Documents/Travail/cbnsl_benchmark/experiments/scaling/agrum3/../../../experiments/scaling/agrum3/2026-07-31_06h33_cbn_exp_clayton/graphs/golden__v20_a30_g25.json,/home/mathis/Documents/Travail/cbnsl_benchmark/experiments/scaling/agrum3/../../../experiments/scaling/agrum3/2026-07-31_06h33_cbn_exp_clayton/graphs/CPC__v20_a30_g25_s200.json,,0.06787889000406722,29.0,25.0,0.06451612903225806,0.2857142857142857,0.038461538461538464,0.16666666666666666
cbn_exp_clayton,CMIIC,"{""alpha"": 0.05}",20,30,200,25,/home/mathis/Documents/Travail/cbnsl_benchmark/experiments/scaling/agrum3/../../../experiments/scaling/agrum3/2026-07-31_06h33_cbn_exp_clayton/graphs/golden__v20_a30_g25.json,/home/mathis/Documents/Travail/cbnsl_benchmark/experiments/scaling/agrum3/../../../experiments/scaling/agrum3/2026-07-31_06h33_cbn_exp_clayton/graphs/CMIIC__v20_a30_g25_s200.json,,0.6596448580021388,32.0,8.0,0.058823529411764705,0.8620689655172413,0.16666666666666666,0.8333333333333334
cbn_exp_clayton,CPC,"{""alpha"": 0.05, ""max_conditioning_set_size"": 3}",20,30,500,25,/home/mathis/Documents/Travail/cbnsl_benchmark/experiments/scaling/agrum3/../../../experiments/scaling/agrum3/2026-07-31_06h33_cbn_exp_clayton/graphs/golden__v20_a30_g25.json,/home/mathis/Documents/Travail/cbnsl_benchmark/experiments/scaling/agrum3/../../../experiments/scaling/agrum3/2026-07-31_06h33_cbn_exp_clayton/graphs/CPC__v20_a30_g25_s500.json,,0.6027070740019553,26.0,22.0,0.23529411764705882,0.4210526315789474,0.15384615384615385,0.26666666666666666
cbn_exp_clayton,CMIIC,"{""alpha"": 0.05}",20,30,500,25,/home/mathis/Documents/Travail/cbnsl_benchmark/experiments/scaling/agrum3/../../../experiments/scaling/agrum3/2026-07-31_06h33_cbn_exp_clayton/graphs/golden__v20_a30_g25.json,/home/mathis/Documents/Travail/cbnsl_benchmark/experiments/scaling/agrum3/../../../experiments/scaling/agrum3/2026-07-31_06h33_cbn_exp_clayton/graphs/CMIIC__v20_a30_g25_s500.json,,2.1298138040001504,31.0,5.0,0.0606060606060606,0.9152542372881356,0.25,0.9
cbn_exp_clayton,CPC,"{""alpha"": 0.05, ""max_conditioning_set_size"": 3}",20,30,1000,25,/home/mathis/Documents/Travail/cbnsl_benchmark/experiments/scaling/agrum3/../../../experiments/scaling/agrum3/2026-07-31_06h33_cbn_exp_clayton/graphs/golden__v20_a30_g25.json,/home/mathis/Documents/Travail/cbnsl_benchmark/experiments/scaling/agrum3/../../../experiments/scaling/agrum3/2026-07-31_06h33_cbn_exp_clayton/graphs/CPC__v20_a30_g25_s1000.json,,3.723899580996658,26.0,10.0,0.23529411764705882,0.8,0.2857142857142857,0.6666666666666666
cbn_exp_clayton,CMIIC,"{""alpha"": 0.05}",20,30,1000,25,/home/mathis/Documents/Travail/cbnsl_benchmark/experiments/scaling/agrum3/../../../experiments/scaling/agrum3/2026-07-31_06h33_cbn_exp_clayton/graphs/golden__v20_a30_g25.json,/home/mathis/Documents/Travail/cbnsl_benchmark/experiments/scaling/agrum3/../../../experiments/scaling/agrum3/2026-07-31_06h33_cbn_exp_clayton/graphs/CMIIC__v20_a30_g25_s1000.json,,7.355204336003226,12.0,3.0,0.7599999999999999,0.9491525423728815,0.9047619047619048,0.9333333333333333
cbn_exp_clayton,CPC,"{""alpha"": 0.05, ""max_conditioning_set_size"": 3}",20,30,3000,25,/home/mathis/Documents/Travail/cbnsl_benchmark/experiments/scaling/agrum3/../../../experiments/scaling/agrum3/2026-07-31_06h33_cbn_exp_clayton/graphs/golden__v20_a30_g25.json,/home/mathis/Documents/Travail/cbnsl_benchmark/experiments/scaling/agrum3/../../../experiments/scaling/agrum3/2026-07-31_06h33_cbn_exp_clayton/graphs/CPC__v20_a30_g25_s3000.json,,54.29385447399545,21.0,6.0,0.4615384615384615,0.888888888888889,0.6,0.8
cbn_exp_clayton,CMIIC,"{""alpha"": 0.05}",20,30,3000,25,/home/mathis/Documents/Travail/cbnsl_benchmark/experiments/scaling/agrum3/../../../experiments/scaling/agrum3/2026-07-31_06h33_cbn_exp_clayton/graphs/golden__v20_a30_g25.json,/home/mathis/Documents/Travail/cbnsl_benchmark/experiments/scaling/agrum3/../../../experiments/scaling/agrum3/2026-07-31_06h33_cbn_exp_clayton/graphs/CMIIC__v20_a30_g25_s3000.json,,71.90372782500344,14.0,3.0,0.7083333333333333,0.9491525423728815,0.8947368421052632,0.9333333333333333
cbn_exp_clayton,CPC,"{""alpha"": 0.05, ""max_conditioning_set_size"": 3}",20,30,5000,25,/home/mathis/Documents/Travail/cbnsl_benchmark/experiments/scaling/agrum3/../../../experiments/scaling/agrum3/2026-07-31_06h33_cbn_exp_clayton/graphs/golden__v20_a30_g25.json,/home/mathis/Documents/Travail/cbnsl_benchmark/experiments/scaling/agrum3/../../../experiments/scaling/agrum3/2026-07-31_06h33_cbn_exp_clayton/graphs/CPC__v20_a30_g25_s5000.json,,167.56405616100528,18.0,6.0,0.6086956521739131,0.896551724137931,0.7777777777777778,0.8666666666666667
cbn_exp_clayton,CMIIC,"{""alpha"": 0.05}",20,30,5000,25,/home/mathis/Documents/Travail/cbnsl_benchmark/experiments/scaling/agrum3/../../../experiments/scaling/agrum3/2026-07-31_06h33_cbn_exp_clayton/graphs/golden__v20_a30_g25.json,/home/mathis/Documents/Travail/cbnsl_benchmark/experiments/scaling/agrum3/../../../experiments/scaling/agrum3/2026-07-31_06h33_cbn_exp_clayton/graphs/CMIIC__v20_a30_g25_s5000.json,,197.22950003799633,12.0,3.0,0.7599999999999999,0.9491525423728815,0.9047619047619048,0.9333333333333333
cbn_exp_clayton,CPC,"{""alpha"": 0.05, ""max_conditioning_set_size"": 3}",20,30,200,26,/home/mathis/Documents/Travail/cbnsl_benchmark/experiments/scaling/agrum3/../../../experiments/scaling/agrum3/2026-07-31_06h33_cbn_exp_clayton/graphs/golden__v20_a30_g26.json,/home/mathis/Documents/Travail/cbnsl_benchmark/experiments/scaling/agrum3/../../../experiments/scaling/agrum3/2026-07-31_06h33_cbn_exp_clayton/graphs/CPC__v20_a30_g26_s200.json,,0.09736031100328546,29.0,27.0,0.06451612903225806,0.18181818181818182,0.03571428571428571,0.1
cbn_exp_clayton,CMIIC,"{""alpha"": 0.05}",20,30,200,26,/home/mathis/Documents/Travail/cbnsl_benchmark/experiments/scaling/agrum3/../../../experiments/scaling/agrum3/2026-07-31_06h33_cbn_exp_clayton/graphs/golden__v20_a30_g26.json,/home/mathis/Documents/Travail/cbnsl_benchmark/experiments/scaling/agrum3/../../../experiments/scaling/agrum3/2026-07-31_06h33_cbn_exp_clayton/graphs/CMIIC__v20_a30_g26_s200.json,,0.7903491149991169,26.0,4.0,0.23529411764705882,0.9285714285714286,0.5,0.8666666666666667
cbn_exp_clayton,CPC,"{""alpha"": 0.05, ""max_conditioning_set_size"": 3}",20,30,500,26,/home/mathis/Documents/Travail/cbnsl_benchmark/experiments/scaling/agrum3/../../../experiments/scaling/agrum3/2026-07-31_06h33_cbn_exp_clayton/graphs/golden__v20_a30_g26.json,/home/mathis/Documents/Travail/cbnsl_benchmark/experiments/scaling/agrum3/../../../experiments/scaling/agrum3/2026-07-31_06h33_cbn_exp_clayton/graphs/CPC__v20_a30_g26_s500.json,,0.7687671949970536,30.0,27.0,0.0,0.18181818181818182,0.0,0.1
cbn_exp_clayton,CMIIC,"{""alpha"": 0.05}",20,30,500,26,/home/mathis/Documents/Travail/cbnsl_benchmark/experiments/scaling/agrum3/../../../experiments/scaling/agrum3/2026-07-31_06h33_cbn_exp_clayton/graphs/golden__v20_a30_g26.json,/home/mathis/Documents/Travail/cbnsl_benchmark/experiments/scaling/agrum3/../../../experiments/scaling/agrum3/2026-07-31_06h33_cbn_exp_clayton/graphs/CMIIC__v20_a30_g26_s500.json,,2.5223767940042308,25.0,5.0,0.28571428571428575,0.9090909090909091,0.5,0.8333333333333334
cbn_exp_clayton,CPC,"{""alpha"": 0.05, ""max_conditioning_set_size"": 3}",20,30,1000,26,/home/mathis/Documents/Travail/cbnsl_benchmark/experiments/scaling/agrum3/../../../experiments/scaling/agrum3/2026-07-31_06h33_cbn_exp_clayton/graphs/golden__v20_a30_g26.json,/home/mathis/Documents/Travail/cbnsl_benchmark/experiments/scaling/agrum3/../../../experiments/scaling/agrum3/2026-07-31_06h33_cbn_exp_clayton/graphs/CPC__v20_a30_g26_s1000.json,,4.449289592004789,24.0,9.0,0.3333333333333333,0.8235294117647058,0.4,0.7
cbn_exp_clayton,CMIIC,"{""alpha"": 0.05}",20,30,1000,26,/home/mathis/Documents/Travail/cbnsl_benchmark/experiments/scaling/agrum3/../../../experiments/scaling/agrum3/2026-07-31_06h33_cbn_exp_clayton/graphs/golden__v20_a30_g26.json,/home/mathis/Documents/Travail/cbnsl_benchmark/experiments/scaling/agrum3/../../../experiments/scaling/agrum3/2026-07-31_06h33_cbn_exp_clayton/graphs/CMIIC__v20_a30_g26_s1000.json,,10.830165927000053,25.0,3.0,0.2857142857142857,0.9473684210526316,0.625,0.9
cbn_exp_clayton,CPC,"{""alpha"": 0.05, ""max_conditioning_set_size"": 3}",20,30,3000,26,/home/mathis/Documents/Travail/cbnsl_benchmark/experiments/scaling/agrum3/../../../experiments/scaling/agrum3/2026-07-31_06h33_cbn_exp_clayton/graphs/golden__v20_a30_g26.json,/home/mathis/Documents/Travail/cbnsl_benchmark/experiments/scaling/agrum3/../../../experiments/scaling/agrum3/2026-07-31_06h33_cbn_exp_clayton/graphs/CPC__v20_a30_g26_s3000.json,,69.76761926399922,24.0,11.0,0.33333333333333337,0.7755102040816326,0.35294117647058826,0.6333333333333333
cbn_exp_clayton,CMIIC,"{""alpha"": 0.05}",20,30,3000,26,/home/mathis/Documents/Travail/cbnsl_benchmark/experiments/scaling/agrum3/../../../experiments/scaling/agrum3/2026-07-31_06h33_cbn_exp_clayton/graphs/golden__v20_a30_g26.json,/home/mathis/Documents/Travail/cbnsl_benchmark/experiments/scaling/agrum3/../../../experiments/scaling/agrum3/2026-07-31_06h33_cbn_exp_clayton/graphs/CMIIC__v20_a30_g26_s3000.json,,84.83525644300244,25.0,3.0,0.2857142857142857,0.9473684210526316,0.625,0.9
cbn_exp_clayton,CPC,"{""alpha"": 0.05, ""max_conditioning_set_size"": 3}",20,30,5000,26,/home/mathis/Documents/Travail/cbnsl_benchmark/experiments/scaling/agrum3/../../../experiments/scaling/agrum3/2026-07-31_06h33_cbn_exp_clayton/graphs/golden__v20_a30_g26.json,/home/mathis/Documents/Travail/cbnsl_benchmark/experiments/scaling/agrum3/../../../experiments/scaling/agrum3/2026-07-31_06h33_cbn_exp_clayton/graphs/CPC__v20_a30_g26_s5000.json,,200.747829593005,18.0,4.0,0.5714285714285714,0.9285714285714286,0.75,0.8666666666666667
cbn_exp_clayton,CMIIC,"{""alpha"": 0.05}",20,30,5000,26,/home/mathis/Documents/Travail/cbnsl_benchmark/experiments/scaling/agrum3/../../../experiments/scaling/agrum3/2026-07-31_06h33_cbn_exp_clayton/graphs/golden__v20_a30_g26.json,/home/mathis/Documents/Travail/cbnsl_benchmark/experiments/scaling/agrum3/../../../experiments/scaling/agrum3/2026-07-31_06h33_cbn_exp_clayton/graphs/CMIIC__v20_a30_g26_s5000.json,,204.56564411100408,23.0,3.0,0.37837837837837834,0.9473684210526316,0.7,0.9
cbn_exp_clayton,CPC,"{""alpha"": 0.05, ""max_conditioning_set_size"": 3}",20,30,200,27,/home/mathis/Documents/Travail/cbnsl_benchmark/experiments/scaling/agrum3/../../../experiments/scaling/agrum3/2026-07-31_06h33_cbn_exp_clayton/graphs/golden__v20_a30_g27.json,/home/mathis/Documents/Travail/cbnsl_benchmark/experiments/scaling/agrum3/../../../experiments/scaling/agrum3/2026-07-31_06h33_cbn_exp_clayton/graphs/CPC__v20_a30_g27_s200.json,,0.06634077699709451,26.0,21.0,0.23529411764705882,0.4615384615384615,0.16,0.3
cbn_exp_clayton,CMIIC,"{""alpha"": 0.05}",20,30,200,27,/home/mathis/Documents/Travail/cbnsl_benchmark/experiments/scaling/agrum3/../../../experiments/scaling/agrum3/2026-07-31_06h33_cbn_exp_clayton/graphs/golden__v20_a30_g27.json,/home/mathis/Documents/Travail/cbnsl_benchmark/experiments/scaling/agrum3/../../../experiments/scaling/agrum3/2026-07-31_06h33_cbn_exp_clayton/graphs/CMIIC__v20_a30_g27_s200.json,,0.5109852030000184,27.0,3.0,0.1818181818181818,0.9473684210526316,0.5,0.9
cbn_exp_clayton,CPC,"{""alpha"": 0.05, ""max_conditioning_set_size"": 3}",20,30,500,27,/home/mathis/Documents/Travail/cbnsl_benchmark/experiments/scaling/agrum3/../../../experiments/scaling/agrum3/2026-07-31_06h33_cbn_exp_clayton/graphs/golden__v20_a30_g27.json,/home/mathis/Documents/Travail/cbnsl_benchmark/experiments/scaling/agrum3/../../../experiments/scaling/agrum3/2026-07-31_06h33_cbn_exp_clayton/graphs/CPC__v20_a30_g27_s500.json,,0.6995826420024969,28.0,23.0,0.125,0.37837837837837834,0.08,0.23333333333333334
cbn_exp_clayton,CMIIC,"{""alpha"": 0.05}",20,30,500,27,/home/mathis/Documents/Travail/cbnsl_benchmark/experiments/scaling/agrum3/../../../experiments/scaling/agrum3/2026-07-31_06h33_cbn_exp_clayton/graphs/golden__v20_a30_g27.json,/home/mathis/Documents/Travail/cbnsl_benchmark/experiments/scaling/agrum3/../../../experiments/scaling/agrum3/2026-07-31_06h33_cbn_exp_clayton/graphs/CMIIC__v20_a30_g27_s500.json,,2.450577894996968,27.0,3.0,0.1818181818181818,0.9473684210526316,0.5,0.9
cbn_exp_clayton,CPC,"{""alpha"": 0.05, ""max_conditioning_set_size"": 3}",20,30,1000,27,/home/mathis/Documents/Travail/cbnsl_benchmark/experiments/scaling/agrum3/../../../experiments/scaling/agrum3/2026-07-31_06h33_cbn_exp_clayton/graphs/golden__v20_a30_g27.json,/home/mathis/Documents/Travail/cbnsl_benchmark/experiments/scaling/agrum3/../../../experiments/scaling/agrum3/2026-07-31_06h33_cbn_exp_clayton/graphs/CPC__v20_a30_g27_s1000.json,,3.239151668996783,25.0,7.0,0.2857142857142857,0.8679245283018869,0.4166666666666667,0.7666666666666667
cbn_exp_clayton,CMIIC,"{""alpha"": 0.05}",20,30,1000,27,/home/mathis/Documents/Travail/cbnsl_benchmark/experiments/scaling/agrum3/../../../experiments/scaling/agrum3/2026-07-31_06h33_cbn_exp_clayton/graphs/golden__v20_a30_g27.json,/home/mathis/Documents/Travail/cbnsl_benchmark/experiments/scaling/agrum3/../../../experiments/scaling/agrum3/2026-07-31_06h33_cbn_exp_clayton/graphs/CMIIC__v20_a30_g27_s1000.json,,8.064403379001305,27.0,3.0,0.1818181818181818,0.9473684210526316,0.5,0.9
cbn_exp_clayton,CPC,"{""alpha"": 0.05, ""max_conditioning_set_size"": 3}",20,30,3000,27,/home/mathis/Documents/Travail/cbnsl_benchmark/experiments/scaling/agrum3/../../../experiments/scaling/agrum3/2026-07-31_06h33_cbn_exp_clayton/graphs/golden__v20_a30_g27.json,/home/mathis/Documents/Travail/cbnsl_benchmark/experiments/scaling/agrum3/../../../experiments/scaling/agrum3/2026-07-31_06h33_cbn_exp_clayton/graphs/CPC__v20_a30_g27_s3000.json,,43.911104655999225,11.0,1.0,0.7755102040816326,0.983050847457627,0.95,0.9666666666666667
cbn_exp_clayton,CMIIC,"{""alpha"": 0.05}",20,30,3000,27,/home/mathis/Documents/Travail/cbnsl_benchmark/experiments/scaling/agrum3/../../../experiments/scaling/agrum3/2026-07-31_06h33_cbn_exp_clayton/graphs/golden__v20_a30_g27.json,/home/mathis/Documents/Travail/cbnsl_benchmark/experiments/scaling/agrum3/../../../experiments/scaling/agrum3/2026-07-31_06h33_cbn_exp_clayton/graphs/CMIIC__v20_a30_g27_s3000.json,,64.09091567699943,27.0,2.0,0.18181818181818182,0.9655172413793104,0.6,0.9333333333333333
cbn_exp_clayton,CPC,"{""alpha"": 0.05, ""max_conditioning_set_size"": 3}",20,30,5000,27,/home/mathis/Documents/Travail/cbnsl_benchmark/experiments/scaling/agrum3/../../../experiments/scaling/agrum3/2026-07-31_06h33_cbn_exp_clayton/graphs/golden__v20_a30_g27.json,/home/mathis/Documents/Travail/cbnsl_benchmark/experiments/scaling/agrum3/../../../experiments/scaling/agrum3/2026-07-31_06h33_cbn_exp_clayton/graphs/CPC__v20_a30_g27_s5000.json,,174.27824630800023,15.0,1.0,0.6666666666666667,0.983050847457627,0.9375,0.9666666666666667
cbn_exp_clayton,CMIIC,"{""alpha"": 0.05}",20,30,5000,27,/home/mathis/Documents/Travail/cbnsl_benchmark/experiments/scaling/agrum3/../../../experiments/scaling/agrum3/2026-07-31_06h33_cbn_exp_clayton/graphs/golden__v20_a30_g27.json,/home/mathis/Documents/Travail/cbnsl_benchmark/experiments/scaling/agrum3/../../../experiments/scaling/agrum3/2026-07-31_06h33_cbn_exp_clayton/graphs/CMIIC__v20_a30_g27_s5000.json,,201.44735597600084,14.0,2.0,0.6956521739130435,0.9655172413793104,0.8888888888888888,0.9333333333333333
cbn_exp_clayton,CPC,"{""alpha"": 0.05, ""max_conditioning_set_size"": 3}",20,30,200,28,/home/mathis/Documents/Travail/cbnsl_benchmark/experiments/scaling/agrum3/../../../experiments/scaling/agrum3/2026-07-31_06h33_cbn_exp_clayton/graphs/golden__v20_a30_g28.json,/home/mathis/Documents/Travail/cbnsl_benchmark/experiments/scaling/agrum3/../../../experiments/scaling/agrum3/2026-07-31_06h33_cbn_exp_clayton/graphs/CPC__v20_a30_g28_s200.json,,0.10949330400035251,29.0,21.0,0.06451612903225805,0.4615384615384615,0.045454545454545456,0.3
cbn_exp_clayton,CMIIC,"{""alpha"": 0.05}",20,30,200,28,/home/mathis/Documents/Travail/cbnsl_benchmark/experiments/scaling/agrum3/../../../experiments/scaling/agrum3/2026-07-31_06h33_cbn_exp_clayton/graphs/golden__v20_a30_g28.json,/home/mathis/Documents/Travail/cbnsl_benchmark/experiments/scaling/agrum3/../../../experiments/scaling/agrum3/2026-07-31_06h33_cbn_exp_clayton/graphs/CMIIC__v20_a30_g28_s200.json,,0.7648107560016797,30.0,5.0,0.1176470588235294,0.9152542372881356,0.4,0.9
cbn_exp_clayton,CPC,"{""alpha"": 0.05, ""max_conditioning_set_size"": 3}",20,30,500,28,/home/mathis/Documents/Travail/cbnsl_benchmark/experiments/scaling/agrum3/../../../experiments/scaling/agrum3/2026-07-31_06h33_cbn_exp_clayton/graphs/golden__v20_a30_g28.json,/home/mathis/Documents/Travail/cbnsl_benchmark/experiments/scaling/agrum3/../../../experiments/scaling/agrum3/2026-07-31_06h33_cbn_exp_clayton/graphs/CPC__v20_a30_g28_s500.json,,0.5642609209971852,29.0,27.0,0.06451612903225806,0.18181818181818182,0.03571428571428571,0.1
cbn_exp_clayton,CMIIC,"{""alpha"": 0.05}",20,30,500,28,/home/mathis/Documents/Travail/cbnsl_benchmark/experiments/scaling/agrum3/../../../experiments/scaling/agrum3/2026-07-31_06h33_cbn_exp_clayton/graphs/golden__v20_a30_g28.json,/home/mathis/Documents/Travail/cbnsl_benchmark/experiments/scaling/agrum3/../../../experiments/scaling/agrum3/2026-07-31_06h33_cbn_exp_clayton/graphs/CMIIC__v20_a30_g28_s500.json,,2.5424796139996033,30.0,6.0,0.11764705882352941,0.896551724137931,0.3333333333333333,0.8666666666666667
cbn_exp_clayton,CPC,"{""alpha"": 0.05, ""max_conditioning_set_size"": 3}",20,30,1000,28,/home/mathis/Documents/Travail/cbnsl_benchmark/experiments/scaling/agrum3/../../../experiments/scaling/agrum3/2026-07-31_06h33_cbn_exp_clayton/graphs/golden__v20_a30_g28.json,/home/mathis/Documents/Travail/cbnsl_benchmark/experiments/scaling/agrum3/../../../experiments/scaling/agrum3/2026-07-31_06h33_cbn_exp_clayton/graphs/CPC__v20_a30_g28_s1000.json,,3.358000471998821,25.0,13.0,0.358974358974359,0.7450980392156863,0.3888888888888889,0.6333333333333333
cbn_exp_clayton,CMIIC,"{""alpha"": 0.05}",20,30,1000,28,/home/mathis/Documents/Travail/cbnsl_benchmark/experiments/scaling/agrum3/../../../experiments/scaling/agrum3/2026-07-31_06h33_cbn_exp_clayton/graphs/golden__v20_a30_g28.json,/home/mathis/Documents/Travail/cbnsl_benchmark/experiments/scaling/agrum3/../../../experiments/scaling/agrum3/2026-07-31_06h33_cbn_exp_clayton/graphs/CMIIC__v20_a30_g28_s1000.json,,7.566059905999282,30.0,5.0,0.1176470588235294,0.9152542372881356,0.4,0.9
cbn_exp_clayton,CPC,"{""alpha"": 0.05, ""max_conditioning_set_size"": 3}",20,30,3000,28,/home/mathis/Documents/Travail/cbnsl_benchmark/experiments/scaling/agrum3/../../../experiments/scaling/agrum3/2026-07-31_06h33_cbn_exp_clayton/graphs/golden__v20_a30_g28.json,/home/mathis/Documents/Travail/cbnsl_benchmark/experiments/scaling/agrum3/../../../experiments/scaling/agrum3/2026-07-31_06h33_cbn_exp_clayton/graphs/CPC__v20_a30_g28_s3000.json,,46.43332472900511,17.0,5.0,0.6222222222222222,0.912280701754386,0.7777777777777778,0.8666666666666667
cbn_exp_clayton,CMIIC,"{""alpha"": 0.05}",20,30,3000,28,/home/mathis/Documents/Travail/cbnsl_benchmark/experiments/scaling/agrum3/../../../experiments/scaling/agrum3/2026-07-31_06h33_cbn_exp_clayton/graphs/golden__v20_a30_g28.json,/home/mathis/Documents/Travail/cbnsl_benchmark/experiments/scaling/agrum3/../../../experiments/scaling/agrum3/2026-07-31_06h33_cbn_exp_clayton/graphs/CMIIC__v20_a30_g28_s3000.json,,60.452904508994834,13.0,5.0,0.7450980392156864,0.9152542372881356,0.8636363636363636,0.9
cbn_exp_clayton,CPC,"{""alpha"": 0.05, ""max_conditioning_set_size"": 3}",20,30,5000,28,/home/mathis/Documents/Travail/cbnsl_benchmark/experiments/scaling/agrum3/../../../experiments/scaling/agrum3/2026-07-31_06h33_cbn_exp_clayton/graphs/golden__v20_a30_g28.json,/home/mathis/Documents/Travail/cbnsl_benchmark/experiments/scaling/agrum3/../../../experiments/scaling/agrum3/2026-07-31_06h33_cbn_exp_clayton/graphs/CPC__v20_a30_g28_s5000.json,,127.16468313399673,15.0,5.0,0.6808510638297872,0.912280701754386,0.8,0.8666666666666667
cbn_exp_clayton,CMIIC,"{""alpha"": 0.05}",20,30,5000,28,/home/mathis/Documents/Travail/cbnsl_benchmark/experiments/scaling/agrum3/../../../experiments/scaling/agrum3/2026-07-31_06h33_cbn_exp_clayton/graphs/golden__v20_a30_g28.json,/home/mathis/Documents/Travail/cbnsl_benchmark/experiments/scaling/agrum3/../../../experiments/scaling/agrum3/2026-07-31_06h33_cbn_exp_clayton/graphs/CMIIC__v20_a30_g28_s5000.json,,165.60232942899893,14.0,5.0,0.7200000000000001,0.9152542372881356,0.8571428571428571,0.9
cbn_exp_clayton,CPC,"{""alpha"": 0.05, ""max_conditioning_set_size"": 3}",20,30,200,29,/home/mathis/Documents/Travail/cbnsl_benchmark/experiments/scaling/agrum3/../../../experiments/scaling/agrum3/2026-07-31_06h33_cbn_exp_clayton/graphs/golden__v20_a30_g29.json,/home/mathis/Documents/Travail/cbnsl_benchmark/experiments/scaling/agrum3/../../../experiments/scaling/agrum3/2026-07-31_06h33_cbn_exp_clayton/graphs/CPC__v20_a30_g29_s200.json,,0.07704703800118295,30.0,29.0,0.0,0.06451612903225806,0.0,0.03333333333333333
cbn_exp_clayton,CMIIC,"{""alpha"": 0.05}",20,30,200,29,/home/mathis/Documents/Travail/cbnsl_benchmark/experiments/scaling/agrum3/../../../experiments/scaling/agrum3/2026-07-31_06h33_cbn_exp_clayton/graphs/golden__v20_a30_g29.json,/home/mathis/Documents/Travail/cbnsl_benchmark/experiments/scaling/agrum3/../../../experiments/scaling/agrum3/2026-07-31_06h33_cbn_exp_clayton/graphs/CMIIC__v20_a30_g29_s200.json,,0.7231135710026138,24.0,3.0,0.368421052631579,0.9491525423728815,0.7777777777777778,0.9333333333333333
cbn_exp_clayton,CPC,"{""alpha"": 0.05, ""max_conditioning_set_size"": 3}",20,30,500,29,/home/mathis/Documents/Travail/cbnsl_benchmark/experiments/scaling/agrum3/../../../experiments/scaling/agrum3/2026-07-31_06h33_cbn_exp_clayton/graphs/golden__v20_a30_g29.json,/home/mathis/Documents/Travail/cbnsl_benchmark/experiments/scaling/agrum3/../../../experiments/scaling/agrum3/2026-07-31_06h33_cbn_exp_clayton/graphs/CPC__v20_a30_g29_s500.json,,1.047778066000319,29.0,23.0,0.06451612903225806,0.37837837837837834,0.041666666666666664,0.23333333333333334
cbn_exp_clayton,CMIIC,"{""alpha"": 0.05}",20,30,500,29,/home/mathis/Documents/Travail/cbnsl_benchmark/experiments/scaling/agrum3/../../../experiments/scaling/agrum3/2026-07-31_06h33_cbn_exp_clayton/graphs/golden__v20_a30_g29.json,/home/mathis/Documents/Travail/cbnsl_benchmark/experiments/scaling/agrum3/../../../experiments/scaling/agrum3/2026-07-31_06h33_cbn_exp_clayton/graphs/CMIIC__v20_a30_g29_s500.json,,2.6937140980007825,23.0,2.0,0.3783783783783784,0.9655172413793104,0.7777777777777778,0.9333333333333333
cbn_exp_clayton,CPC,"{""alpha"": 0.05, ""max_conditioning_set_size"": 3}",20,30,1000,29,/home/mathis/Documents/Travail/cbnsl_benchmark/experiments/scaling/agrum3/../../../experiments/scaling/agrum3/2026-07-31_06h33_cbn_exp_clayton/graphs/golden__v20_a30_g29.json,/home/mathis/Documents/Travail/cbnsl_benchmark/experiments/scaling/agrum3/../../../experiments/scaling/agrum3/2026-07-31_06h33_cbn_exp_clayton/graphs/CPC__v20_a30_g29_s1000.json,,6.150260720001825,21.0,6.0,0.4615384615384615,0.888888888888889,0.6,0.8
cbn_exp_clayton,CMIIC,"{""alpha"": 0.05}",20,30,1000,29,/home/mathis/Documents/Travail/cbnsl_benchmark/experiments/scaling/agrum3/../../../experiments/scaling/agrum3/2026-07-31_06h33_cbn_exp_clayton/graphs/golden__v20_a30_g29.json,/home/mathis/Documents/Travail/cbnsl_benchmark/experiments/scaling/agrum3/../../../experiments/scaling/agrum3/2026-07-31_06h33_cbn_exp_clayton/graphs/CMIIC__v20_a30_g29_s1000.json,,8.6128111049984,23.0,2.0,0.3783783783783784,0.9655172413793104,0.7777777777777778,0.9333333333333333
cbn_exp_clayton,CPC,"{""alpha"": 0.05, ""max_conditioning_set_size"": 3}",20,30,3000,29,/home/mathis/Documents/Travail/cbnsl_benchmark/experiments/scaling/agrum3/../../../experiments/scaling/agrum3/2026-07-31_06h33_cbn_exp_clayton/graphs/golden__v20_a30_g29.json,/home/mathis/Documents/Travail/cbnsl_benchmark/experiments/scaling/agrum3/../../../experiments/scaling/agrum3/2026-07-31_06h33_cbn_exp_clayton/graphs/CPC__v20_a30_g29_s3000.json,,81.44318589699833,26.0,10.0,0.35000000000000003,0.8214285714285715,0.5,0.7666666666666667
cbn_exp_clayton,CMIIC,"{""alpha"": 0.05}",20,30,3000,29,/home/mathis/Documents/Travail/cbnsl_benchmark/experiments/scaling/agrum3/../../../experiments/scaling/agrum3/2026-07-31_06h33_cbn_exp_clayton/graphs/golden__v20_a30_g29.json,/home/mathis/Documents/Travail/cbnsl_benchmark/experiments/scaling/agrum3/../../../experiments/scaling/agrum3/2026-07-31_06h33_cbn_exp_clayton/graphs/CMIIC__v20_a30_g29_s3000.json,,80.3028924310056,23.0,2.0,0.3783783783783784,0.9655172413793104,0.7777777777777778,0.9333333333333333
cbn_exp_clayton,CPC,"{""alpha"": 0.05, ""max_conditioning_set_size"": 3}",20,30,5000,29,/home/mathis/Documents/Travail/cbnsl_benchmark/experiments/scaling/agrum3/../../../experiments/scaling/agrum3/2026-07-31_06h33_cbn_exp_clayton/graphs/golden__v20_a30_g29.json,/home/mathis/Documents/Travail/cbnsl_benchmark/experiments/scaling/agrum3/../../../experiments/scaling/agrum3/2026-07-31_06h33_cbn_exp_clayton/graphs/CPC__v20_a30_g29_s5000.json,,261.30080701599945,20.0,5.0,0.5,0.9090909090909091,0.6666666666666666,0.8333333333333334
cbn_exp_clayton,CMIIC,"{""alpha"": 0.05}",20,30,5000,29,/home/mathis/Documents/Travail/cbnsl_benchmark/experiments/scaling/agrum3/../../../experiments/scaling/agrum3/2026-07-31_06h33_cbn_exp_clayton/graphs/golden__v20_a30_g29.json,/home/mathis/Documents/Travail/cbnsl_benchmark/experiments/scaling/agrum3/../../../experiments/scaling/agrum3/2026-07-31_06h33_cbn_exp_clayton/graphs/CMIIC__v20_a30_g29_s5000.json,,211.3826198339957,23.0,1.0,0.3783783783783784,0.983050847457627,0.875,0.9666666666666667
