generator_name,algo,algo_params,n_vars,n_arcs,n_samples,graph_idx,golden_path,learned_path,error_msg,time_s,SHD,SHD_skeleton,F1-Score,F1-Score_skeleton,TPR,TPR_skeleton
cbn_unif_mixture,CPC,"{""alpha"": 0.05, ""max_conditioning_set_size"": 3}",10,15,200,0,/home/mathis/Documents/Travail/cbnsl_benchmark/experiments/scaling/agrum3/../../../experiments/scaling/agrum3/2026-07-31_10h35_cbn_unif_mixture/graphs/golden__v10_a15_g0.json,/home/mathis/Documents/Travail/cbnsl_benchmark/experiments/scaling/agrum3/../../../experiments/scaling/agrum3/2026-07-31_10h35_cbn_unif_mixture/graphs/CPC__v10_a15_g0_s200.json,,0.022545440995600075,14.0,14.0,0.125,0.125,0.06666666666666667,0.06666666666666667
cbn_unif_mixture,CMIIC,"{""alpha"": 0.05}",10,15,200,0,/home/mathis/Documents/Travail/cbnsl_benchmark/experiments/scaling/agrum3/../../../experiments/scaling/agrum3/2026-07-31_10h35_cbn_unif_mixture/graphs/golden__v10_a15_g0.json,/home/mathis/Documents/Travail/cbnsl_benchmark/experiments/scaling/agrum3/../../../experiments/scaling/agrum3/2026-07-31_10h35_cbn_unif_mixture/graphs/CMIIC__v10_a15_g0_s200.json,,0.02899549600260798,14.0,13.0,0.125,0.23529411764705882,0.07142857142857142,0.13333333333333333
cbn_unif_mixture,CPC,"{""alpha"": 0.05, ""max_conditioning_set_size"": 3}",10,15,500,0,/home/mathis/Documents/Travail/cbnsl_benchmark/experiments/scaling/agrum3/../../../experiments/scaling/agrum3/2026-07-31_10h35_cbn_unif_mixture/graphs/golden__v10_a15_g0.json,/home/mathis/Documents/Travail/cbnsl_benchmark/experiments/scaling/agrum3/../../../experiments/scaling/agrum3/2026-07-31_10h35_cbn_unif_mixture/graphs/CPC__v10_a15_g0_s500.json,,0.05155090599873802,14.0,13.0,0.125,0.23529411764705882,0.07142857142857142,0.13333333333333333
cbn_unif_mixture,CMIIC,"{""alpha"": 0.05}",10,15,500,0,/home/mathis/Documents/Travail/cbnsl_benchmark/experiments/scaling/agrum3/../../../experiments/scaling/agrum3/2026-07-31_10h35_cbn_unif_mixture/graphs/golden__v10_a15_g0.json,/home/mathis/Documents/Travail/cbnsl_benchmark/experiments/scaling/agrum3/../../../experiments/scaling/agrum3/2026-07-31_10h35_cbn_unif_mixture/graphs/CMIIC__v10_a15_g0_s500.json,,0.14768538999487646,14.0,13.0,0.125,0.23529411764705882,0.07142857142857142,0.13333333333333333
cbn_unif_mixture,CPC,"{""alpha"": 0.05, ""max_conditioning_set_size"": 3}",10,15,1000,0,/home/mathis/Documents/Travail/cbnsl_benchmark/experiments/scaling/agrum3/../../../experiments/scaling/agrum3/2026-07-31_10h35_cbn_unif_mixture/graphs/golden__v10_a15_g0.json,/home/mathis/Documents/Travail/cbnsl_benchmark/experiments/scaling/agrum3/../../../experiments/scaling/agrum3/2026-07-31_10h35_cbn_unif_mixture/graphs/CPC__v10_a15_g0_s1000.json,,0.24409820599976229,12.0,9.0,0.3333333333333333,0.5714285714285715,0.25,0.4
cbn_unif_mixture,CMIIC,"{""alpha"": 0.05}",10,15,1000,0,/home/mathis/Documents/Travail/cbnsl_benchmark/experiments/scaling/agrum3/../../../experiments/scaling/agrum3/2026-07-31_10h35_cbn_unif_mixture/graphs/golden__v10_a15_g0.json,/home/mathis/Documents/Travail/cbnsl_benchmark/experiments/scaling/agrum3/../../../experiments/scaling/agrum3/2026-07-31_10h35_cbn_unif_mixture/graphs/CMIIC__v10_a15_g0_s1000.json,,0.45365807200141717,14.0,12.0,0.125,0.33333333333333337,0.07692307692307693,0.2
cbn_unif_mixture,CPC,"{""alpha"": 0.05, ""max_conditioning_set_size"": 3}",10,15,3000,0,/home/mathis/Documents/Travail/cbnsl_benchmark/experiments/scaling/agrum3/../../../experiments/scaling/agrum3/2026-07-31_10h35_cbn_unif_mixture/graphs/golden__v10_a15_g0.json,/home/mathis/Documents/Travail/cbnsl_benchmark/experiments/scaling/agrum3/../../../experiments/scaling/agrum3/2026-07-31_10h35_cbn_unif_mixture/graphs/CPC__v10_a15_g0_s3000.json,,3.4744797259991174,9.0,4.0,0.5714285714285713,0.846153846153846,0.6,0.7333333333333333
cbn_unif_mixture,CMIIC,"{""alpha"": 0.05}",10,15,3000,0,/home/mathis/Documents/Travail/cbnsl_benchmark/experiments/scaling/agrum3/../../../experiments/scaling/agrum3/2026-07-31_10h35_cbn_unif_mixture/graphs/golden__v10_a15_g0.json,/home/mathis/Documents/Travail/cbnsl_benchmark/experiments/scaling/agrum3/../../../experiments/scaling/agrum3/2026-07-31_10h35_cbn_unif_mixture/graphs/CMIIC__v10_a15_g0_s3000.json,,5.245259374001762,14.0,9.0,0.125,0.5714285714285715,0.1,0.4
cbn_unif_mixture,CPC,"{""alpha"": 0.05, ""max_conditioning_set_size"": 3}",10,15,5000,0,/home/mathis/Documents/Travail/cbnsl_benchmark/experiments/scaling/agrum3/../../../experiments/scaling/agrum3/2026-07-31_10h35_cbn_unif_mixture/graphs/golden__v10_a15_g0.json,/home/mathis/Documents/Travail/cbnsl_benchmark/experiments/scaling/agrum3/../../../experiments/scaling/agrum3/2026-07-31_10h35_cbn_unif_mixture/graphs/CPC__v10_a15_g0_s5000.json,,12.861689653000212,10.0,0.0,0.5,1.0,1.0,1.0
cbn_unif_mixture,CMIIC,"{""alpha"": 0.05}",10,15,5000,0,/home/mathis/Documents/Travail/cbnsl_benchmark/experiments/scaling/agrum3/../../../experiments/scaling/agrum3/2026-07-31_10h35_cbn_unif_mixture/graphs/golden__v10_a15_g0.json,/home/mathis/Documents/Travail/cbnsl_benchmark/experiments/scaling/agrum3/../../../experiments/scaling/agrum3/2026-07-31_10h35_cbn_unif_mixture/graphs/CMIIC__v10_a15_g0_s5000.json,,14.627202477000537,14.0,9.0,0.125,0.5714285714285715,0.1,0.4
cbn_unif_mixture,CPC,"{""alpha"": 0.05, ""max_conditioning_set_size"": 3}",10,15,200,1,/home/mathis/Documents/Travail/cbnsl_benchmark/experiments/scaling/agrum3/../../../experiments/scaling/agrum3/2026-07-31_10h35_cbn_unif_mixture/graphs/golden__v10_a15_g1.json,/home/mathis/Documents/Travail/cbnsl_benchmark/experiments/scaling/agrum3/../../../experiments/scaling/agrum3/2026-07-31_10h35_cbn_unif_mixture/graphs/CPC__v10_a15_g1_s200.json,,0.010307183001714293,14.0,13.0,0.0,0.13333333333333333,0.0,0.07142857142857142
cbn_unif_mixture,CMIIC,"{""alpha"": 0.05}",10,15,200,1,/home/mathis/Documents/Travail/cbnsl_benchmark/experiments/scaling/agrum3/../../../experiments/scaling/agrum3/2026-07-31_10h35_cbn_unif_mixture/graphs/golden__v10_a15_g1.json,/home/mathis/Documents/Travail/cbnsl_benchmark/experiments/scaling/agrum3/../../../experiments/scaling/agrum3/2026-07-31_10h35_cbn_unif_mixture/graphs/CMIIC__v10_a15_g1_s200.json,,0.03476620100263972,13.0,12.0,0.13333333333333336,0.25,0.07692307692307693,0.14285714285714285
cbn_unif_mixture,CPC,"{""alpha"": 0.05, ""max_conditioning_set_size"": 3}",10,15,500,1,/home/mathis/Documents/Travail/cbnsl_benchmark/experiments/scaling/agrum3/../../../experiments/scaling/agrum3/2026-07-31_10h35_cbn_unif_mixture/graphs/golden__v10_a15_g1.json,/home/mathis/Documents/Travail/cbnsl_benchmark/experiments/scaling/agrum3/../../../experiments/scaling/agrum3/2026-07-31_10h35_cbn_unif_mixture/graphs/CPC__v10_a15_g1_s500.json,,0.044538607995491475,15.0,12.0,0.0,0.3333333333333333,0.0,0.21428571428571427
cbn_unif_mixture,CMIIC,"{""alpha"": 0.05}",10,15,500,1,/home/mathis/Documents/Travail/cbnsl_benchmark/experiments/scaling/agrum3/../../../experiments/scaling/agrum3/2026-07-31_10h35_cbn_unif_mixture/graphs/golden__v10_a15_g1.json,/home/mathis/Documents/Travail/cbnsl_benchmark/experiments/scaling/agrum3/../../../experiments/scaling/agrum3/2026-07-31_10h35_cbn_unif_mixture/graphs/CMIIC__v10_a15_g1_s500.json,,0.12496997499692952,14.0,13.0,0.125,0.23529411764705882,0.07692307692307693,0.14285714285714285
cbn_unif_mixture,CPC,"{""alpha"": 0.05, ""max_conditioning_set_size"": 3}",10,15,1000,1,/home/mathis/Documents/Travail/cbnsl_benchmark/experiments/scaling/agrum3/../../../experiments/scaling/agrum3/2026-07-31_10h35_cbn_unif_mixture/graphs/golden__v10_a15_g1.json,/home/mathis/Documents/Travail/cbnsl_benchmark/experiments/scaling/agrum3/../../../experiments/scaling/agrum3/2026-07-31_10h35_cbn_unif_mixture/graphs/CPC__v10_a15_g1_s1000.json,,0.19847707000008086,11.0,6.0,0.35294117647058826,0.7272727272727273,0.3333333333333333,0.5714285714285714
cbn_unif_mixture,CMIIC,"{""alpha"": 0.05}",10,15,1000,1,/home/mathis/Documents/Travail/cbnsl_benchmark/experiments/scaling/agrum3/../../../experiments/scaling/agrum3/2026-07-31_10h35_cbn_unif_mixture/graphs/golden__v10_a15_g1.json,/home/mathis/Documents/Travail/cbnsl_benchmark/experiments/scaling/agrum3/../../../experiments/scaling/agrum3/2026-07-31_10h35_cbn_unif_mixture/graphs/CMIIC__v10_a15_g1_s1000.json,,0.5711847020065761,14.0,11.0,0.12500000000000003,0.4210526315789473,0.09090909090909091,0.2857142857142857
cbn_unif_mixture,CPC,"{""alpha"": 0.05, ""max_conditioning_set_size"": 3}",10,15,3000,1,/home/mathis/Documents/Travail/cbnsl_benchmark/experiments/scaling/agrum3/../../../experiments/scaling/agrum3/2026-07-31_10h35_cbn_unif_mixture/graphs/golden__v10_a15_g1.json,/home/mathis/Documents/Travail/cbnsl_benchmark/experiments/scaling/agrum3/../../../experiments/scaling/agrum3/2026-07-31_10h35_cbn_unif_mixture/graphs/CPC__v10_a15_g1_s3000.json,,3.101855326000077,13.0,3.0,0.23529411764705882,0.888888888888889,0.5,0.8571428571428571
cbn_unif_mixture,CMIIC,"{""alpha"": 0.05}",10,15,3000,1,/home/mathis/Documents/Travail/cbnsl_benchmark/experiments/scaling/agrum3/../../../experiments/scaling/agrum3/2026-07-31_10h35_cbn_unif_mixture/graphs/golden__v10_a15_g1.json,/home/mathis/Documents/Travail/cbnsl_benchmark/experiments/scaling/agrum3/../../../experiments/scaling/agrum3/2026-07-31_10h35_cbn_unif_mixture/graphs/CMIIC__v10_a15_g1_s3000.json,,4.958346419996815,13.0,10.0,0.23529411764705885,0.5,0.18181818181818182,0.35714285714285715
cbn_unif_mixture,CPC,"{""alpha"": 0.05, ""max_conditioning_set_size"": 3}",10,15,5000,1,/home/mathis/Documents/Travail/cbnsl_benchmark/experiments/scaling/agrum3/../../../experiments/scaling/agrum3/2026-07-31_10h35_cbn_unif_mixture/graphs/golden__v10_a15_g1.json,/home/mathis/Documents/Travail/cbnsl_benchmark/experiments/scaling/agrum3/../../../experiments/scaling/agrum3/2026-07-31_10h35_cbn_unif_mixture/graphs/CPC__v10_a15_g1_s5000.json,,8.462588309004786,12.0,2.0,0.3333333333333333,0.9285714285714286,0.75,0.9285714285714286
cbn_unif_mixture,CMIIC,"{""alpha"": 0.05}",10,15,5000,1,/home/mathis/Documents/Travail/cbnsl_benchmark/experiments/scaling/agrum3/../../../experiments/scaling/agrum3/2026-07-31_10h35_cbn_unif_mixture/graphs/golden__v10_a15_g1.json,/home/mathis/Documents/Travail/cbnsl_benchmark/experiments/scaling/agrum3/../../../experiments/scaling/agrum3/2026-07-31_10h35_cbn_unif_mixture/graphs/CMIIC__v10_a15_g1_s5000.json,,13.504843925999012,11.0,10.0,0.42105263157894735,0.5,0.3076923076923077,0.35714285714285715
cbn_unif_mixture,CPC,"{""alpha"": 0.05, ""max_conditioning_set_size"": 3}",10,15,200,2,/home/mathis/Documents/Travail/cbnsl_benchmark/experiments/scaling/agrum3/../../../experiments/scaling/agrum3/2026-07-31_10h35_cbn_unif_mixture/graphs/golden__v10_a15_g2.json,/home/mathis/Documents/Travail/cbnsl_benchmark/experiments/scaling/agrum3/../../../experiments/scaling/agrum3/2026-07-31_10h35_cbn_unif_mixture/graphs/CPC__v10_a15_g2_s200.json,,0.015943614998832345,15.0,14.0,0.0,0.125,0.0,0.06666666666666667
cbn_unif_mixture,CMIIC,"{""alpha"": 0.05}",10,15,200,2,/home/mathis/Documents/Travail/cbnsl_benchmark/experiments/scaling/agrum3/../../../experiments/scaling/agrum3/2026-07-31_10h35_cbn_unif_mixture/graphs/golden__v10_a15_g2.json,/home/mathis/Documents/Travail/cbnsl_benchmark/experiments/scaling/agrum3/../../../experiments/scaling/agrum3/2026-07-31_10h35_cbn_unif_mixture/graphs/CMIIC__v10_a15_g2_s200.json,,0.06661168799473671,9.0,9.0,0.608695652173913,0.608695652173913,0.4666666666666667,0.4666666666666667
cbn_unif_mixture,CPC,"{""alpha"": 0.05, ""max_conditioning_set_size"": 3}",10,15,500,2,/home/mathis/Documents/Travail/cbnsl_benchmark/experiments/scaling/agrum3/../../../experiments/scaling/agrum3/2026-07-31_10h35_cbn_unif_mixture/graphs/golden__v10_a15_g2.json,/home/mathis/Documents/Travail/cbnsl_benchmark/experiments/scaling/agrum3/../../../experiments/scaling/agrum3/2026-07-31_10h35_cbn_unif_mixture/graphs/CPC__v10_a15_g2_s500.json,,0.05882638999901246,14.0,12.0,0.125,0.33333333333333337,0.07692307692307693,0.2
cbn_unif_mixture,CMIIC,"{""alpha"": 0.05}",10,15,500,2,/home/mathis/Documents/Travail/cbnsl_benchmark/experiments/scaling/agrum3/../../../experiments/scaling/agrum3/2026-07-31_10h35_cbn_unif_mixture/graphs/golden__v10_a15_g2.json,/home/mathis/Documents/Travail/cbnsl_benchmark/experiments/scaling/agrum3/../../../experiments/scaling/agrum3/2026-07-31_10h35_cbn_unif_mixture/graphs/CMIIC__v10_a15_g2_s500.json,,0.2253537110009347,15.0,8.0,0.0,0.6363636363636364,0.0,0.4666666666666667
cbn_unif_mixture,CPC,"{""alpha"": 0.05, ""max_conditioning_set_size"": 3}",10,15,1000,2,/home/mathis/Documents/Travail/cbnsl_benchmark/experiments/scaling/agrum3/../../../experiments/scaling/agrum3/2026-07-31_10h35_cbn_unif_mixture/graphs/golden__v10_a15_g2.json,/home/mathis/Documents/Travail/cbnsl_benchmark/experiments/scaling/agrum3/../../../experiments/scaling/agrum3/2026-07-31_10h35_cbn_unif_mixture/graphs/CPC__v10_a15_g2_s1000.json,,0.3164424880014849,11.0,7.0,0.4210526315789474,0.6956521739130436,0.36363636363636365,0.5333333333333333
cbn_unif_mixture,CMIIC,"{""alpha"": 0.05}",10,15,1000,2,/home/mathis/Documents/Travail/cbnsl_benchmark/experiments/scaling/agrum3/../../../experiments/scaling/agrum3/2026-07-31_10h35_cbn_unif_mixture/graphs/golden__v10_a15_g2.json,/home/mathis/Documents/Travail/cbnsl_benchmark/experiments/scaling/agrum3/../../../experiments/scaling/agrum3/2026-07-31_10h35_cbn_unif_mixture/graphs/CMIIC__v10_a15_g2_s1000.json,,1.0550829060011893,15.0,6.0,0.0,0.7499999999999999,0.0,0.6
cbn_unif_mixture,CPC,"{""alpha"": 0.05, ""max_conditioning_set_size"": 3}",10,15,3000,2,/home/mathis/Documents/Travail/cbnsl_benchmark/experiments/scaling/agrum3/../../../experiments/scaling/agrum3/2026-07-31_10h35_cbn_unif_mixture/graphs/golden__v10_a15_g2.json,/home/mathis/Documents/Travail/cbnsl_benchmark/experiments/scaling/agrum3/../../../experiments/scaling/agrum3/2026-07-31_10h35_cbn_unif_mixture/graphs/CPC__v10_a15_g2_s3000.json,,5.45552597999631,12.0,2.0,0.33333333333333337,0.9285714285714286,0.6,0.8666666666666667
cbn_unif_mixture,CMIIC,"{""alpha"": 0.05}",10,15,3000,2,/home/mathis/Documents/Travail/cbnsl_benchmark/experiments/scaling/agrum3/../../../experiments/scaling/agrum3/2026-07-31_10h35_cbn_unif_mixture/graphs/golden__v10_a15_g2.json,/home/mathis/Documents/Travail/cbnsl_benchmark/experiments/scaling/agrum3/../../../experiments/scaling/agrum3/2026-07-31_10h35_cbn_unif_mixture/graphs/CMIIC__v10_a15_g2_s3000.json,,7.854224288996193,15.0,6.0,0.0,0.7499999999999999,0.0,0.6
cbn_unif_mixture,CPC,"{""alpha"": 0.05, ""max_conditioning_set_size"": 3}",10,15,5000,2,/home/mathis/Documents/Travail/cbnsl_benchmark/experiments/scaling/agrum3/../../../experiments/scaling/agrum3/2026-07-31_10h35_cbn_unif_mixture/graphs/golden__v10_a15_g2.json,/home/mathis/Documents/Travail/cbnsl_benchmark/experiments/scaling/agrum3/../../../experiments/scaling/agrum3/2026-07-31_10h35_cbn_unif_mixture/graphs/CPC__v10_a15_g2_s5000.json,,22.340734052995685,12.0,1.0,0.4,0.967741935483871,1.0,1.0
cbn_unif_mixture,CMIIC,"{""alpha"": 0.05}",10,15,5000,2,/home/mathis/Documents/Travail/cbnsl_benchmark/experiments/scaling/agrum3/../../../experiments/scaling/agrum3/2026-07-31_10h35_cbn_unif_mixture/graphs/golden__v10_a15_g2.json,/home/mathis/Documents/Travail/cbnsl_benchmark/experiments/scaling/agrum3/../../../experiments/scaling/agrum3/2026-07-31_10h35_cbn_unif_mixture/graphs/CMIIC__v10_a15_g2_s5000.json,,26.47474727199733,13.0,5.0,0.23529411764705882,0.8,0.2857142857142857,0.6666666666666666
cbn_unif_mixture,CPC,"{""alpha"": 0.05, ""max_conditioning_set_size"": 3}",10,15,200,3,/home/mathis/Documents/Travail/cbnsl_benchmark/experiments/scaling/agrum3/../../../experiments/scaling/agrum3/2026-07-31_10h35_cbn_unif_mixture/graphs/golden__v10_a15_g3.json,/home/mathis/Documents/Travail/cbnsl_benchmark/experiments/scaling/agrum3/../../../experiments/scaling/agrum3/2026-07-31_10h35_cbn_unif_mixture/graphs/CPC__v10_a15_g3_s200.json,,0.010472758003743365,14.0,14.0,0.125,0.125,0.06666666666666667,0.06666666666666667
cbn_unif_mixture,CMIIC,"{""alpha"": 0.05}",10,15,200,3,/home/mathis/Documents/Travail/cbnsl_benchmark/experiments/scaling/agrum3/../../../experiments/scaling/agrum3/2026-07-31_10h35_cbn_unif_mixture/graphs/golden__v10_a15_g3.json,/home/mathis/Documents/Travail/cbnsl_benchmark/experiments/scaling/agrum3/../../../experiments/scaling/agrum3/2026-07-31_10h35_cbn_unif_mixture/graphs/CMIIC__v10_a15_g3_s200.json,,0.04421363500296138,13.0,12.0,0.23529411764705882,0.33333333333333337,0.14285714285714285,0.2
cbn_unif_mixture,CPC,"{""alpha"": 0.05, ""max_conditioning_set_size"": 3}",10,15,500,3,/home/mathis/Documents/Travail/cbnsl_benchmark/experiments/scaling/agrum3/../../../experiments/scaling/agrum3/2026-07-31_10h35_cbn_unif_mixture/graphs/golden__v10_a15_g3.json,/home/mathis/Documents/Travail/cbnsl_benchmark/experiments/scaling/agrum3/../../../experiments/scaling/agrum3/2026-07-31_10h35_cbn_unif_mixture/graphs/CPC__v10_a15_g3_s500.json,,0.06588561699754791,14.0,11.0,0.125,0.4210526315789474,0.08333333333333333,0.26666666666666666
cbn_unif_mixture,CMIIC,"{""alpha"": 0.05}",10,15,500,3,/home/mathis/Documents/Travail/cbnsl_benchmark/experiments/scaling/agrum3/../../../experiments/scaling/agrum3/2026-07-31_10h35_cbn_unif_mixture/graphs/golden__v10_a15_g3.json,/home/mathis/Documents/Travail/cbnsl_benchmark/experiments/scaling/agrum3/../../../experiments/scaling/agrum3/2026-07-31_10h35_cbn_unif_mixture/graphs/CMIIC__v10_a15_g3_s500.json,,0.4274902410033974,12.0,10.0,0.33333333333333337,0.5,0.23076923076923078,0.3333333333333333
cbn_unif_mixture,CPC,"{""alpha"": 0.05, ""max_conditioning_set_size"": 3}",10,15,1000,3,/home/mathis/Documents/Travail/cbnsl_benchmark/experiments/scaling/agrum3/../../../experiments/scaling/agrum3/2026-07-31_10h35_cbn_unif_mixture/graphs/golden__v10_a15_g3.json,/home/mathis/Documents/Travail/cbnsl_benchmark/experiments/scaling/agrum3/../../../experiments/scaling/agrum3/2026-07-31_10h35_cbn_unif_mixture/graphs/CPC__v10_a15_g3_s1000.json,,0.33736978100205306,11.0,2.0,0.42105263157894735,0.9285714285714286,0.6666666666666666,0.8666666666666667
cbn_unif_mixture,CMIIC,"{""alpha"": 0.05}",10,15,1000,3,/home/mathis/Documents/Travail/cbnsl_benchmark/experiments/scaling/agrum3/../../../experiments/scaling/agrum3/2026-07-31_10h35_cbn_unif_mixture/graphs/golden__v10_a15_g3.json,/home/mathis/Documents/Travail/cbnsl_benchmark/experiments/scaling/agrum3/../../../experiments/scaling/agrum3/2026-07-31_10h35_cbn_unif_mixture/graphs/CMIIC__v10_a15_g3_s1000.json,,0.573882238000806,12.0,12.0,0.33333333333333337,0.33333333333333337,0.2,0.2
cbn_unif_mixture,CPC,"{""alpha"": 0.05, ""max_conditioning_set_size"": 3}",10,15,3000,3,/home/mathis/Documents/Travail/cbnsl_benchmark/experiments/scaling/agrum3/../../../experiments/scaling/agrum3/2026-07-31_10h35_cbn_unif_mixture/graphs/golden__v10_a15_g3.json,/home/mathis/Documents/Travail/cbnsl_benchmark/experiments/scaling/agrum3/../../../experiments/scaling/agrum3/2026-07-31_10h35_cbn_unif_mixture/graphs/CPC__v10_a15_g3_s3000.json,,2.8795300099955057,11.0,1.0,0.4210526315789473,0.9655172413793104,0.8,0.9333333333333333
cbn_unif_mixture,CMIIC,"{""alpha"": 0.05}",10,15,3000,3,/home/mathis/Documents/Travail/cbnsl_benchmark/experiments/scaling/agrum3/../../../experiments/scaling/agrum3/2026-07-31_10h35_cbn_unif_mixture/graphs/golden__v10_a15_g3.json,/home/mathis/Documents/Travail/cbnsl_benchmark/experiments/scaling/agrum3/../../../experiments/scaling/agrum3/2026-07-31_10h35_cbn_unif_mixture/graphs/CMIIC__v10_a15_g3_s3000.json,,4.583701663999818,9.0,9.0,0.5714285714285715,0.5714285714285715,0.4,0.4
cbn_unif_mixture,CPC,"{""alpha"": 0.05, ""max_conditioning_set_size"": 3}",10,15,5000,3,/home/mathis/Documents/Travail/cbnsl_benchmark/experiments/scaling/agrum3/../../../experiments/scaling/agrum3/2026-07-31_10h35_cbn_unif_mixture/graphs/golden__v10_a15_g3.json,/home/mathis/Documents/Travail/cbnsl_benchmark/experiments/scaling/agrum3/../../../experiments/scaling/agrum3/2026-07-31_10h35_cbn_unif_mixture/graphs/CPC__v10_a15_g3_s5000.json,,12.299731095001334,12.0,1.0,0.4,0.967741935483871,1.0,1.0
cbn_unif_mixture,CMIIC,"{""alpha"": 0.05}",10,15,5000,3,/home/mathis/Documents/Travail/cbnsl_benchmark/experiments/scaling/agrum3/../../../experiments/scaling/agrum3/2026-07-31_10h35_cbn_unif_mixture/graphs/golden__v10_a15_g3.json,/home/mathis/Documents/Travail/cbnsl_benchmark/experiments/scaling/agrum3/../../../experiments/scaling/agrum3/2026-07-31_10h35_cbn_unif_mixture/graphs/CMIIC__v10_a15_g3_s5000.json,,13.105425265996018,9.0,8.0,0.5714285714285714,0.6363636363636364,0.42857142857142855,0.4666666666666667
cbn_unif_mixture,CPC,"{""alpha"": 0.05, ""max_conditioning_set_size"": 3}",10,15,200,4,/home/mathis/Documents/Travail/cbnsl_benchmark/experiments/scaling/agrum3/../../../experiments/scaling/agrum3/2026-07-31_10h35_cbn_unif_mixture/graphs/golden__v10_a15_g4.json,/home/mathis/Documents/Travail/cbnsl_benchmark/experiments/scaling/agrum3/../../../experiments/scaling/agrum3/2026-07-31_10h35_cbn_unif_mixture/graphs/CPC__v10_a15_g4_s200.json,,0.012834752000344452,15.0,15.0,0.0,0.0,0.0,0.0
cbn_unif_mixture,CMIIC,"{""alpha"": 0.05}",10,15,200,4,/home/mathis/Documents/Travail/cbnsl_benchmark/experiments/scaling/agrum3/../../../experiments/scaling/agrum3/2026-07-31_10h35_cbn_unif_mixture/graphs/golden__v10_a15_g4.json,/home/mathis/Documents/Travail/cbnsl_benchmark/experiments/scaling/agrum3/../../../experiments/scaling/agrum3/2026-07-31_10h35_cbn_unif_mixture/graphs/CMIIC__v10_a15_g4_s200.json,,0.03932584999711253,14.0,10.0,0.12500000000000003,0.5,0.09090909090909091,0.3333333333333333
cbn_unif_mixture,CPC,"{""alpha"": 0.05, ""max_conditioning_set_size"": 3}",10,15,500,4,/home/mathis/Documents/Travail/cbnsl_benchmark/experiments/scaling/agrum3/../../../experiments/scaling/agrum3/2026-07-31_10h35_cbn_unif_mixture/graphs/golden__v10_a15_g4.json,/home/mathis/Documents/Travail/cbnsl_benchmark/experiments/scaling/agrum3/../../../experiments/scaling/agrum3/2026-07-31_10h35_cbn_unif_mixture/graphs/CPC__v10_a15_g4_s500.json,,0.0481514760031132,13.0,12.0,0.23529411764705882,0.33333333333333337,0.14285714285714285,0.2
cbn_unif_mixture,CMIIC,"{""alpha"": 0.05}",10,15,500,4,/home/mathis/Documents/Travail/cbnsl_benchmark/experiments/scaling/agrum3/../../../experiments/scaling/agrum3/2026-07-31_10h35_cbn_unif_mixture/graphs/golden__v10_a15_g4.json,/home/mathis/Documents/Travail/cbnsl_benchmark/experiments/scaling/agrum3/../../../experiments/scaling/agrum3/2026-07-31_10h35_cbn_unif_mixture/graphs/CMIIC__v10_a15_g4_s500.json,,0.17346249800175428,13.0,8.0,0.23529411764705882,0.6363636363636364,0.2,0.4666666666666667
cbn_unif_mixture,CPC,"{""alpha"": 0.05, ""max_conditioning_set_size"": 3}",10,15,1000,4,/home/mathis/Documents/Travail/cbnsl_benchmark/experiments/scaling/agrum3/../../../experiments/scaling/agrum3/2026-07-31_10h35_cbn_unif_mixture/graphs/golden__v10_a15_g4.json,/home/mathis/Documents/Travail/cbnsl_benchmark/experiments/scaling/agrum3/../../../experiments/scaling/agrum3/2026-07-31_10h35_cbn_unif_mixture/graphs/CPC__v10_a15_g4_s1000.json,,0.2703683549989364,12.0,11.0,0.3333333333333333,0.4210526315789474,0.21428571428571427,0.26666666666666666
cbn_unif_mixture,CMIIC,"{""alpha"": 0.05}",10,15,1000,4,/home/mathis/Documents/Travail/cbnsl_benchmark/experiments/scaling/agrum3/../../../experiments/scaling/agrum3/2026-07-31_10h35_cbn_unif_mixture/graphs/golden__v10_a15_g4.json,/home/mathis/Documents/Travail/cbnsl_benchmark/experiments/scaling/agrum3/../../../experiments/scaling/agrum3/2026-07-31_10h35_cbn_unif_mixture/graphs/CMIIC__v10_a15_g4_s1000.json,,0.5920650440020836,13.0,9.0,0.23529411764705885,0.5714285714285715,0.18181818181818182,0.4
cbn_unif_mixture,CPC,"{""alpha"": 0.05, ""max_conditioning_set_size"": 3}",10,15,3000,4,/home/mathis/Documents/Travail/cbnsl_benchmark/experiments/scaling/agrum3/../../../experiments/scaling/agrum3/2026-07-31_10h35_cbn_unif_mixture/graphs/golden__v10_a15_g4.json,/home/mathis/Documents/Travail/cbnsl_benchmark/experiments/scaling/agrum3/../../../experiments/scaling/agrum3/2026-07-31_10h35_cbn_unif_mixture/graphs/CPC__v10_a15_g4_s3000.json,,3.6464734159962973,10.0,4.0,0.5,0.846153846153846,0.5555555555555556,0.7333333333333333
cbn_unif_mixture,CMIIC,"{""alpha"": 0.05}",10,15,3000,4,/home/mathis/Documents/Travail/cbnsl_benchmark/experiments/scaling/agrum3/../../../experiments/scaling/agrum3/2026-07-31_10h35_cbn_unif_mixture/graphs/golden__v10_a15_g4.json,/home/mathis/Documents/Travail/cbnsl_benchmark/experiments/scaling/agrum3/../../../experiments/scaling/agrum3/2026-07-31_10h35_cbn_unif_mixture/graphs/CMIIC__v10_a15_g4_s3000.json,,6.764492909002001,13.0,7.0,0.23529411764705882,0.6956521739130436,0.2222222222222222,0.5333333333333333
cbn_unif_mixture,CPC,"{""alpha"": 0.05, ""max_conditioning_set_size"": 3}",10,15,5000,4,/home/mathis/Documents/Travail/cbnsl_benchmark/experiments/scaling/agrum3/../../../experiments/scaling/agrum3/2026-07-31_10h35_cbn_unif_mixture/graphs/golden__v10_a15_g4.json,/home/mathis/Documents/Travail/cbnsl_benchmark/experiments/scaling/agrum3/../../../experiments/scaling/agrum3/2026-07-31_10h35_cbn_unif_mixture/graphs/CPC__v10_a15_g4_s5000.json,,13.992933285000618,5.0,0.0,0.8,1.0,1.0,1.0
cbn_unif_mixture,CMIIC,"{""alpha"": 0.05}",10,15,5000,4,/home/mathis/Documents/Travail/cbnsl_benchmark/experiments/scaling/agrum3/../../../experiments/scaling/agrum3/2026-07-31_10h35_cbn_unif_mixture/graphs/golden__v10_a15_g4.json,/home/mathis/Documents/Travail/cbnsl_benchmark/experiments/scaling/agrum3/../../../experiments/scaling/agrum3/2026-07-31_10h35_cbn_unif_mixture/graphs/CMIIC__v10_a15_g4_s5000.json,,18.3773836160035,13.0,7.0,0.23529411764705882,0.6956521739130436,0.2222222222222222,0.5333333333333333
cbn_unif_mixture,CPC,"{""alpha"": 0.05, ""max_conditioning_set_size"": 3}",10,15,200,5,/home/mathis/Documents/Travail/cbnsl_benchmark/experiments/scaling/agrum3/../../../experiments/scaling/agrum3/2026-07-31_10h35_cbn_unif_mixture/graphs/golden__v10_a15_g5.json,/home/mathis/Documents/Travail/cbnsl_benchmark/experiments/scaling/agrum3/../../../experiments/scaling/agrum3/2026-07-31_10h35_cbn_unif_mixture/graphs/CPC__v10_a15_g5_s200.json,,0.012988401998882182,13.0,13.0,0.0,0.0,0.0,0.0
cbn_unif_mixture,CMIIC,"{""alpha"": 0.05}",10,15,200,5,/home/mathis/Documents/Travail/cbnsl_benchmark/experiments/scaling/agrum3/../../../experiments/scaling/agrum3/2026-07-31_10h35_cbn_unif_mixture/graphs/golden__v10_a15_g5.json,/home/mathis/Documents/Travail/cbnsl_benchmark/experiments/scaling/agrum3/../../../experiments/scaling/agrum3/2026-07-31_10h35_cbn_unif_mixture/graphs/CMIIC__v10_a15_g5_s200.json,,0.036571012999047525,10.0,9.0,0.375,0.47058823529411764,0.25,0.3076923076923077
cbn_unif_mixture,CPC,"{""alpha"": 0.05, ""max_conditioning_set_size"": 3}",10,15,500,5,/home/mathis/Documents/Travail/cbnsl_benchmark/experiments/scaling/agrum3/../../../experiments/scaling/agrum3/2026-07-31_10h35_cbn_unif_mixture/graphs/golden__v10_a15_g5.json,/home/mathis/Documents/Travail/cbnsl_benchmark/experiments/scaling/agrum3/../../../experiments/scaling/agrum3/2026-07-31_10h35_cbn_unif_mixture/graphs/CPC__v10_a15_g5_s500.json,,0.05298245199810481,12.0,9.0,0.14285714285714288,0.47058823529411764,0.1,0.3076923076923077
cbn_unif_mixture,CMIIC,"{""alpha"": 0.05}",10,15,500,5,/home/mathis/Documents/Travail/cbnsl_benchmark/experiments/scaling/agrum3/../../../experiments/scaling/agrum3/2026-07-31_10h35_cbn_unif_mixture/graphs/golden__v10_a15_g5.json,/home/mathis/Documents/Travail/cbnsl_benchmark/experiments/scaling/agrum3/../../../experiments/scaling/agrum3/2026-07-31_10h35_cbn_unif_mixture/graphs/CMIIC__v10_a15_g5_s500.json,,0.15312696599721676,9.0,8.0,0.47058823529411764,0.5555555555555556,0.3333333333333333,0.38461538461538464
cbn_unif_mixture,CPC,"{""alpha"": 0.05, ""max_conditioning_set_size"": 3}",10,15,1000,5,/home/mathis/Documents/Travail/cbnsl_benchmark/experiments/scaling/agrum3/../../../experiments/scaling/agrum3/2026-07-31_10h35_cbn_unif_mixture/graphs/golden__v10_a15_g5.json,/home/mathis/Documents/Travail/cbnsl_benchmark/experiments/scaling/agrum3/../../../experiments/scaling/agrum3/2026-07-31_10h35_cbn_unif_mixture/graphs/CPC__v10_a15_g5_s1000.json,,0.38704269899608335,11.0,4.0,0.26666666666666666,0.8181818181818181,0.3333333333333333,0.6923076923076923
cbn_unif_mixture,CMIIC,"{""alpha"": 0.05}",10,15,1000,5,/home/mathis/Documents/Travail/cbnsl_benchmark/experiments/scaling/agrum3/../../../experiments/scaling/agrum3/2026-07-31_10h35_cbn_unif_mixture/graphs/golden__v10_a15_g5.json,/home/mathis/Documents/Travail/cbnsl_benchmark/experiments/scaling/agrum3/../../../experiments/scaling/agrum3/2026-07-31_10h35_cbn_unif_mixture/graphs/CMIIC__v10_a15_g5_s1000.json,,0.7786871290009003,7.0,7.0,0.631578947368421,0.631578947368421,0.46153846153846156,0.46153846153846156
cbn_unif_mixture,CPC,"{""alpha"": 0.05, ""max_conditioning_set_size"": 3}",10,15,3000,5,/home/mathis/Documents/Travail/cbnsl_benchmark/experiments/scaling/agrum3/../../../experiments/scaling/agrum3/2026-07-31_10h35_cbn_unif_mixture/graphs/golden__v10_a15_g5.json,/home/mathis/Documents/Travail/cbnsl_benchmark/experiments/scaling/agrum3/../../../experiments/scaling/agrum3/2026-07-31_10h35_cbn_unif_mixture/graphs/CPC__v10_a15_g5_s3000.json,,3.1559386770022684,8.0,0.0,0.5555555555555556,1.0,1.0,1.0
cbn_unif_mixture,CMIIC,"{""alpha"": 0.05}",10,15,3000,5,/home/mathis/Documents/Travail/cbnsl_benchmark/experiments/scaling/agrum3/../../../experiments/scaling/agrum3/2026-07-31_10h35_cbn_unif_mixture/graphs/golden__v10_a15_g5.json,/home/mathis/Documents/Travail/cbnsl_benchmark/experiments/scaling/agrum3/../../../experiments/scaling/agrum3/2026-07-31_10h35_cbn_unif_mixture/graphs/CMIIC__v10_a15_g5_s3000.json,,6.8393257669958984,8.0,5.0,0.5555555555555556,0.761904761904762,0.5,0.6153846153846154
cbn_unif_mixture,CPC,"{""alpha"": 0.05, ""max_conditioning_set_size"": 3}",10,15,5000,5,/home/mathis/Documents/Travail/cbnsl_benchmark/experiments/scaling/agrum3/../../../experiments/scaling/agrum3/2026-07-31_10h35_cbn_unif_mixture/graphs/golden__v10_a15_g5.json,/home/mathis/Documents/Travail/cbnsl_benchmark/experiments/scaling/agrum3/../../../experiments/scaling/agrum3/2026-07-31_10h35_cbn_unif_mixture/graphs/CPC__v10_a15_g5_s5000.json,,10.914011561006191,10.0,0.0,0.375,1.0,1.0,1.0
cbn_unif_mixture,CMIIC,"{""alpha"": 0.05}",10,15,5000,5,/home/mathis/Documents/Travail/cbnsl_benchmark/experiments/scaling/agrum3/../../../experiments/scaling/agrum3/2026-07-31_10h35_cbn_unif_mixture/graphs/golden__v10_a15_g5.json,/home/mathis/Documents/Travail/cbnsl_benchmark/experiments/scaling/agrum3/../../../experiments/scaling/agrum3/2026-07-31_10h35_cbn_unif_mixture/graphs/CMIIC__v10_a15_g5_s5000.json,,21.768169695002143,8.0,4.0,0.5555555555555556,0.8181818181818181,0.5555555555555556,0.6923076923076923
cbn_unif_mixture,CPC,"{""alpha"": 0.05, ""max_conditioning_set_size"": 3}",10,15,200,6,/home/mathis/Documents/Travail/cbnsl_benchmark/experiments/scaling/agrum3/../../../experiments/scaling/agrum3/2026-07-31_10h35_cbn_unif_mixture/graphs/golden__v10_a15_g6.json,/home/mathis/Documents/Travail/cbnsl_benchmark/experiments/scaling/agrum3/../../../experiments/scaling/agrum3/2026-07-31_10h35_cbn_unif_mixture/graphs/CPC__v10_a15_g6_s200.json,,0.010568363999482244,14.0,14.0,0.125,0.125,0.06666666666666667,0.06666666666666667
cbn_unif_mixture,CMIIC,"{""alpha"": 0.05}",10,15,200,6,/home/mathis/Documents/Travail/cbnsl_benchmark/experiments/scaling/agrum3/../../../experiments/scaling/agrum3/2026-07-31_10h35_cbn_unif_mixture/graphs/golden__v10_a15_g6.json,/home/mathis/Documents/Travail/cbnsl_benchmark/experiments/scaling/agrum3/../../../experiments/scaling/agrum3/2026-07-31_10h35_cbn_unif_mixture/graphs/CMIIC__v10_a15_g6_s200.json,,0.0455743389975396,11.0,8.0,0.4210526315789474,0.6363636363636364,0.3333333333333333,0.4666666666666667
cbn_unif_mixture,CPC,"{""alpha"": 0.05, ""max_conditioning_set_size"": 3}",10,15,500,6,/home/mathis/Documents/Travail/cbnsl_benchmark/experiments/scaling/agrum3/../../../experiments/scaling/agrum3/2026-07-31_10h35_cbn_unif_mixture/graphs/golden__v10_a15_g6.json,/home/mathis/Documents/Travail/cbnsl_benchmark/experiments/scaling/agrum3/../../../experiments/scaling/agrum3/2026-07-31_10h35_cbn_unif_mixture/graphs/CPC__v10_a15_g6_s500.json,,0.048807203995238524,14.0,8.0,0.125,0.6363636363636364,0.1111111111111111,0.4666666666666667
cbn_unif_mixture,CMIIC,"{""alpha"": 0.05}",10,15,500,6,/home/mathis/Documents/Travail/cbnsl_benchmark/experiments/scaling/agrum3/../../../experiments/scaling/agrum3/2026-07-31_10h35_cbn_unif_mixture/graphs/golden__v10_a15_g6.json,/home/mathis/Documents/Travail/cbnsl_benchmark/experiments/scaling/agrum3/../../../experiments/scaling/agrum3/2026-07-31_10h35_cbn_unif_mixture/graphs/CMIIC__v10_a15_g6_s500.json,,0.22234975099854637,10.0,8.0,0.5,0.6363636363636364,0.38461538461538464,0.4666666666666667
cbn_unif_mixture,CPC,"{""alpha"": 0.05, ""max_conditioning_set_size"": 3}",10,15,1000,6,/home/mathis/Documents/Travail/cbnsl_benchmark/experiments/scaling/agrum3/../../../experiments/scaling/agrum3/2026-07-31_10h35_cbn_unif_mixture/graphs/golden__v10_a15_g6.json,/home/mathis/Documents/Travail/cbnsl_benchmark/experiments/scaling/agrum3/../../../experiments/scaling/agrum3/2026-07-31_10h35_cbn_unif_mixture/graphs/CPC__v10_a15_g6_s1000.json,,0.29187069699401036,13.0,8.0,0.23529411764705882,0.6363636363636364,0.2,0.4666666666666667
cbn_unif_mixture,CMIIC,"{""alpha"": 0.05}",10,15,1000,6,/home/mathis/Documents/Travail/cbnsl_benchmark/experiments/scaling/agrum3/../../../experiments/scaling/agrum3/2026-07-31_10h35_cbn_unif_mixture/graphs/golden__v10_a15_g6.json,/home/mathis/Documents/Travail/cbnsl_benchmark/experiments/scaling/agrum3/../../../experiments/scaling/agrum3/2026-07-31_10h35_cbn_unif_mixture/graphs/CMIIC__v10_a15_g6_s1000.json,,1.1196388749958714,10.0,7.0,0.5,0.6956521739130436,0.4166666666666667,0.5333333333333333
cbn_unif_mixture,CPC,"{""alpha"": 0.05, ""max_conditioning_set_size"": 3}",10,15,3000,6,/home/mathis/Documents/Travail/cbnsl_benchmark/experiments/scaling/agrum3/../../../experiments/scaling/agrum3/2026-07-31_10h35_cbn_unif_mixture/graphs/golden__v10_a15_g6.json,/home/mathis/Documents/Travail/cbnsl_benchmark/experiments/scaling/agrum3/../../../experiments/scaling/agrum3/2026-07-31_10h35_cbn_unif_mixture/graphs/CPC__v10_a15_g6_s3000.json,,2.9651377009940916,10.0,1.0,0.5,0.9655172413793104,0.8333333333333334,0.9333333333333333
cbn_unif_mixture,CMIIC,"{""alpha"": 0.05}",10,15,3000,6,/home/mathis/Documents/Travail/cbnsl_benchmark/experiments/scaling/agrum3/../../../experiments/scaling/agrum3/2026-07-31_10h35_cbn_unif_mixture/graphs/golden__v10_a15_g6.json,/home/mathis/Documents/Travail/cbnsl_benchmark/experiments/scaling/agrum3/../../../experiments/scaling/agrum3/2026-07-31_10h35_cbn_unif_mixture/graphs/CMIIC__v10_a15_g6_s3000.json,,8.654896826999902,10.0,4.0,0.5,0.846153846153846,0.5555555555555556,0.7333333333333333
cbn_unif_mixture,CPC,"{""alpha"": 0.05, ""max_conditioning_set_size"": 3}",10,15,5000,6,/home/mathis/Documents/Travail/cbnsl_benchmark/experiments/scaling/agrum3/../../../experiments/scaling/agrum3/2026-07-31_10h35_cbn_unif_mixture/graphs/golden__v10_a15_g6.json,/home/mathis/Documents/Travail/cbnsl_benchmark/experiments/scaling/agrum3/../../../experiments/scaling/agrum3/2026-07-31_10h35_cbn_unif_mixture/graphs/CPC__v10_a15_g6_s5000.json,,12.533665118993667,8.0,0.0,0.6363636363636364,1.0,1.0,1.0
cbn_unif_mixture,CMIIC,"{""alpha"": 0.05}",10,15,5000,6,/home/mathis/Documents/Travail/cbnsl_benchmark/experiments/scaling/agrum3/../../../experiments/scaling/agrum3/2026-07-31_10h35_cbn_unif_mixture/graphs/golden__v10_a15_g6.json,/home/mathis/Documents/Travail/cbnsl_benchmark/experiments/scaling/agrum3/../../../experiments/scaling/agrum3/2026-07-31_10h35_cbn_unif_mixture/graphs/CMIIC__v10_a15_g6_s5000.json,,24.087846385002194,10.0,5.0,0.5,0.8,0.5,0.6666666666666666
cbn_unif_mixture,CPC,"{""alpha"": 0.05, ""max_conditioning_set_size"": 3}",10,15,200,7,/home/mathis/Documents/Travail/cbnsl_benchmark/experiments/scaling/agrum3/../../../experiments/scaling/agrum3/2026-07-31_10h35_cbn_unif_mixture/graphs/golden__v10_a15_g7.json,/home/mathis/Documents/Travail/cbnsl_benchmark/experiments/scaling/agrum3/../../../experiments/scaling/agrum3/2026-07-31_10h35_cbn_unif_mixture/graphs/CPC__v10_a15_g7_s200.json,,0.01707595599873457,15.0,15.0,0.0,0.0,0.0,0.0
cbn_unif_mixture,CMIIC,"{""alpha"": 0.05}",10,15,200,7,/home/mathis/Documents/Travail/cbnsl_benchmark/experiments/scaling/agrum3/../../../experiments/scaling/agrum3/2026-07-31_10h35_cbn_unif_mixture/graphs/golden__v10_a15_g7.json,/home/mathis/Documents/Travail/cbnsl_benchmark/experiments/scaling/agrum3/../../../experiments/scaling/agrum3/2026-07-31_10h35_cbn_unif_mixture/graphs/CMIIC__v10_a15_g7_s200.json,,0.055422230005206075,15.0,12.0,0.11764705882352941,0.4,0.08333333333333333,0.26666666666666666
cbn_unif_mixture,CPC,"{""alpha"": 0.05, ""max_conditioning_set_size"": 3}",10,15,500,7,/home/mathis/Documents/Travail/cbnsl_benchmark/experiments/scaling/agrum3/../../../experiments/scaling/agrum3/2026-07-31_10h35_cbn_unif_mixture/graphs/golden__v10_a15_g7.json,/home/mathis/Documents/Travail/cbnsl_benchmark/experiments/scaling/agrum3/../../../experiments/scaling/agrum3/2026-07-31_10h35_cbn_unif_mixture/graphs/CPC__v10_a15_g7_s500.json,,0.055726696002238896,15.0,13.0,0.11764705882352941,0.31578947368421056,0.07692307692307693,0.2
cbn_unif_mixture,CMIIC,"{""alpha"": 0.05}",10,15,500,7,/home/mathis/Documents/Travail/cbnsl_benchmark/experiments/scaling/agrum3/../../../experiments/scaling/agrum3/2026-07-31_10h35_cbn_unif_mixture/graphs/golden__v10_a15_g7.json,/home/mathis/Documents/Travail/cbnsl_benchmark/experiments/scaling/agrum3/../../../experiments/scaling/agrum3/2026-07-31_10h35_cbn_unif_mixture/graphs/CMIIC__v10_a15_g7_s500.json,,0.1451715669973055,14.0,12.0,0.125,0.33333333333333337,0.07692307692307693,0.2
cbn_unif_mixture,CPC,"{""alpha"": 0.05, ""max_conditioning_set_size"": 3}",10,15,1000,7,/home/mathis/Documents/Travail/cbnsl_benchmark/experiments/scaling/agrum3/../../../experiments/scaling/agrum3/2026-07-31_10h35_cbn_unif_mixture/graphs/golden__v10_a15_g7.json,/home/mathis/Documents/Travail/cbnsl_benchmark/experiments/scaling/agrum3/../../../experiments/scaling/agrum3/2026-07-31_10h35_cbn_unif_mixture/graphs/CPC__v10_a15_g7_s1000.json,,0.271751233995019,14.0,9.0,0.125,0.5714285714285715,0.1,0.4
cbn_unif_mixture,CMIIC,"{""alpha"": 0.05}",10,15,1000,7,/home/mathis/Documents/Travail/cbnsl_benchmark/experiments/scaling/agrum3/../../../experiments/scaling/agrum3/2026-07-31_10h35_cbn_unif_mixture/graphs/golden__v10_a15_g7.json,/home/mathis/Documents/Travail/cbnsl_benchmark/experiments/scaling/agrum3/../../../experiments/scaling/agrum3/2026-07-31_10h35_cbn_unif_mixture/graphs/CMIIC__v10_a15_g7_s1000.json,,0.5633026380019146,14.0,11.0,0.125,0.4210526315789474,0.08333333333333333,0.26666666666666666
cbn_unif_mixture,CPC,"{""alpha"": 0.05, ""max_conditioning_set_size"": 3}",10,15,3000,7,/home/mathis/Documents/Travail/cbnsl_benchmark/experiments/scaling/agrum3/../../../experiments/scaling/agrum3/2026-07-31_10h35_cbn_unif_mixture/graphs/golden__v10_a15_g7.json,/home/mathis/Documents/Travail/cbnsl_benchmark/experiments/scaling/agrum3/../../../experiments/scaling/agrum3/2026-07-31_10h35_cbn_unif_mixture/graphs/CPC__v10_a15_g7_s3000.json,,3.895014332003484,10.0,7.0,0.5454545454545454,0.7200000000000001,0.5,0.6
cbn_unif_mixture,CMIIC,"{""alpha"": 0.05}",10,15,3000,7,/home/mathis/Documents/Travail/cbnsl_benchmark/experiments/scaling/agrum3/../../../experiments/scaling/agrum3/2026-07-31_10h35_cbn_unif_mixture/graphs/golden__v10_a15_g7.json,/home/mathis/Documents/Travail/cbnsl_benchmark/experiments/scaling/agrum3/../../../experiments/scaling/agrum3/2026-07-31_10h35_cbn_unif_mixture/graphs/CMIIC__v10_a15_g7_s3000.json,,4.1553134090063395,14.0,11.0,0.125,0.4210526315789474,0.08333333333333333,0.26666666666666666
cbn_unif_mixture,CPC,"{""alpha"": 0.05, ""max_conditioning_set_size"": 3}",10,15,5000,7,/home/mathis/Documents/Travail/cbnsl_benchmark/experiments/scaling/agrum3/../../../experiments/scaling/agrum3/2026-07-31_10h35_cbn_unif_mixture/graphs/golden__v10_a15_g7.json,/home/mathis/Documents/Travail/cbnsl_benchmark/experiments/scaling/agrum3/../../../experiments/scaling/agrum3/2026-07-31_10h35_cbn_unif_mixture/graphs/CPC__v10_a15_g7_s5000.json,,13.936120441998355,6.0,1.0,0.75,0.9655172413793104,0.9,0.9333333333333333
cbn_unif_mixture,CMIIC,"{""alpha"": 0.05}",10,15,5000,7,/home/mathis/Documents/Travail/cbnsl_benchmark/experiments/scaling/agrum3/../../../experiments/scaling/agrum3/2026-07-31_10h35_cbn_unif_mixture/graphs/golden__v10_a15_g7.json,/home/mathis/Documents/Travail/cbnsl_benchmark/experiments/scaling/agrum3/../../../experiments/scaling/agrum3/2026-07-31_10h35_cbn_unif_mixture/graphs/CMIIC__v10_a15_g7_s5000.json,,11.511476674997539,14.0,11.0,0.125,0.4210526315789474,0.08333333333333333,0.26666666666666666
cbn_unif_mixture,CPC,"{""alpha"": 0.05, ""max_conditioning_set_size"": 3}",10,15,200,8,/home/mathis/Documents/Travail/cbnsl_benchmark/experiments/scaling/agrum3/../../../experiments/scaling/agrum3/2026-07-31_10h35_cbn_unif_mixture/graphs/golden__v10_a15_g8.json,/home/mathis/Documents/Travail/cbnsl_benchmark/experiments/scaling/agrum3/../../../experiments/scaling/agrum3/2026-07-31_10h35_cbn_unif_mixture/graphs/CPC__v10_a15_g8_s200.json,,0.013318133002030663,13.0,13.0,0.13333333333333333,0.13333333333333333,0.07142857142857142,0.07142857142857142
cbn_unif_mixture,CMIIC,"{""alpha"": 0.05}",10,15,200,8,/home/mathis/Documents/Travail/cbnsl_benchmark/experiments/scaling/agrum3/../../../experiments/scaling/agrum3/2026-07-31_10h35_cbn_unif_mixture/graphs/golden__v10_a15_g8.json,/home/mathis/Documents/Travail/cbnsl_benchmark/experiments/scaling/agrum3/../../../experiments/scaling/agrum3/2026-07-31_10h35_cbn_unif_mixture/graphs/CMIIC__v10_a15_g8_s200.json,,0.043472242999996524,8.0,8.0,0.6,0.6,0.42857142857142855,0.42857142857142855
cbn_unif_mixture,CPC,"{""alpha"": 0.05, ""max_conditioning_set_size"": 3}",10,15,500,8,/home/mathis/Documents/Travail/cbnsl_benchmark/experiments/scaling/agrum3/../../../experiments/scaling/agrum3/2026-07-31_10h35_cbn_unif_mixture/graphs/golden__v10_a15_g8.json,/home/mathis/Documents/Travail/cbnsl_benchmark/experiments/scaling/agrum3/../../../experiments/scaling/agrum3/2026-07-31_10h35_cbn_unif_mixture/graphs/CPC__v10_a15_g8_s500.json,,0.04929326099954778,13.0,10.0,0.23529411764705885,0.5,0.18181818181818182,0.35714285714285715
cbn_unif_mixture,CMIIC,"{""alpha"": 0.05}",10,15,500,8,/home/mathis/Documents/Travail/cbnsl_benchmark/experiments/scaling/agrum3/../../../experiments/scaling/agrum3/2026-07-31_10h35_cbn_unif_mixture/graphs/golden__v10_a15_g8.json,/home/mathis/Documents/Travail/cbnsl_benchmark/experiments/scaling/agrum3/../../../experiments/scaling/agrum3/2026-07-31_10h35_cbn_unif_mixture/graphs/CMIIC__v10_a15_g8_s500.json,,0.19531619299959857,8.0,7.0,0.6,0.6666666666666666,0.46153846153846156,0.5
cbn_unif_mixture,CPC,"{""alpha"": 0.05, ""max_conditioning_set_size"": 3}",10,15,1000,8,/home/mathis/Documents/Travail/cbnsl_benchmark/experiments/scaling/agrum3/../../../experiments/scaling/agrum3/2026-07-31_10h35_cbn_unif_mixture/graphs/golden__v10_a15_g8.json,/home/mathis/Documents/Travail/cbnsl_benchmark/experiments/scaling/agrum3/../../../experiments/scaling/agrum3/2026-07-31_10h35_cbn_unif_mixture/graphs/CPC__v10_a15_g8_s1000.json,,0.3382695049949689,13.0,6.0,0.13333333333333333,0.7272727272727273,0.14285714285714285,0.5714285714285714
cbn_unif_mixture,CMIIC,"{""alpha"": 0.05}",10,15,1000,8,/home/mathis/Documents/Travail/cbnsl_benchmark/experiments/scaling/agrum3/../../../experiments/scaling/agrum3/2026-07-31_10h35_cbn_unif_mixture/graphs/golden__v10_a15_g8.json,/home/mathis/Documents/Travail/cbnsl_benchmark/experiments/scaling/agrum3/../../../experiments/scaling/agrum3/2026-07-31_10h35_cbn_unif_mixture/graphs/CMIIC__v10_a15_g8_s1000.json,,0.8044920620013727,6.0,4.0,0.7272727272727272,0.8333333333333333,0.6666666666666666,0.7142857142857143
cbn_unif_mixture,CPC,"{""alpha"": 0.05, ""max_conditioning_set_size"": 3}",10,15,3000,8,/home/mathis/Documents/Travail/cbnsl_benchmark/experiments/scaling/agrum3/../../../experiments/scaling/agrum3/2026-07-31_10h35_cbn_unif_mixture/graphs/golden__v10_a15_g8.json,/home/mathis/Documents/Travail/cbnsl_benchmark/experiments/scaling/agrum3/../../../experiments/scaling/agrum3/2026-07-31_10h35_cbn_unif_mixture/graphs/CPC__v10_a15_g8_s3000.json,,4.008382101004827,12.0,4.0,0.25,0.8333333333333333,0.3333333333333333,0.7142857142857143
cbn_unif_mixture,CMIIC,"{""alpha"": 0.05}",10,15,3000,8,/home/mathis/Documents/Travail/cbnsl_benchmark/experiments/scaling/agrum3/../../../experiments/scaling/agrum3/2026-07-31_10h35_cbn_unif_mixture/graphs/golden__v10_a15_g8.json,/home/mathis/Documents/Travail/cbnsl_benchmark/experiments/scaling/agrum3/../../../experiments/scaling/agrum3/2026-07-31_10h35_cbn_unif_mixture/graphs/CMIIC__v10_a15_g8_s3000.json,,9.310467973999039,5.0,3.0,0.7826086956521738,0.88,0.75,0.7857142857142857
cbn_unif_mixture,CPC,"{""alpha"": 0.05, ""max_conditioning_set_size"": 3}",10,15,5000,8,/home/mathis/Documents/Travail/cbnsl_benchmark/experiments/scaling/agrum3/../../../experiments/scaling/agrum3/2026-07-31_10h35_cbn_unif_mixture/graphs/golden__v10_a15_g8.json,/home/mathis/Documents/Travail/cbnsl_benchmark/experiments/scaling/agrum3/../../../experiments/scaling/agrum3/2026-07-31_10h35_cbn_unif_mixture/graphs/CPC__v10_a15_g8_s5000.json,,15.715901869996742,13.0,0.0,0.13333333333333333,1.0,1.0,1.0
cbn_unif_mixture,CMIIC,"{""alpha"": 0.05}",10,15,5000,8,/home/mathis/Documents/Travail/cbnsl_benchmark/experiments/scaling/agrum3/../../../experiments/scaling/agrum3/2026-07-31_10h35_cbn_unif_mixture/graphs/golden__v10_a15_g8.json,/home/mathis/Documents/Travail/cbnsl_benchmark/experiments/scaling/agrum3/../../../experiments/scaling/agrum3/2026-07-31_10h35_cbn_unif_mixture/graphs/CMIIC__v10_a15_g8_s5000.json,,30.53080363800109,5.0,3.0,0.7826086956521738,0.88,0.75,0.7857142857142857
cbn_unif_mixture,CPC,"{""alpha"": 0.05, ""max_conditioning_set_size"": 3}",10,15,200,9,/home/mathis/Documents/Travail/cbnsl_benchmark/experiments/scaling/agrum3/../../../experiments/scaling/agrum3/2026-07-31_10h35_cbn_unif_mixture/graphs/golden__v10_a15_g9.json,/home/mathis/Documents/Travail/cbnsl_benchmark/experiments/scaling/agrum3/../../../experiments/scaling/agrum3/2026-07-31_10h35_cbn_unif_mixture/graphs/CPC__v10_a15_g9_s200.json,,0.019654342999274377,13.0,12.0,0.0,0.14285714285714288,0.0,0.07692307692307693
cbn_unif_mixture,CMIIC,"{""alpha"": 0.05}",10,15,200,9,/home/mathis/Documents/Travail/cbnsl_benchmark/experiments/scaling/agrum3/../../../experiments/scaling/agrum3/2026-07-31_10h35_cbn_unif_mixture/graphs/golden__v10_a15_g9.json,/home/mathis/Documents/Travail/cbnsl_benchmark/experiments/scaling/agrum3/../../../experiments/scaling/agrum3/2026-07-31_10h35_cbn_unif_mixture/graphs/CMIIC__v10_a15_g9_s200.json,,0.086763883002277,12.0,7.0,0.14285714285714288,0.631578947368421,0.125,0.46153846153846156
cbn_unif_mixture,CPC,"{""alpha"": 0.05, ""max_conditioning_set_size"": 3}",10,15,500,9,/home/mathis/Documents/Travail/cbnsl_benchmark/experiments/scaling/agrum3/../../../experiments/scaling/agrum3/2026-07-31_10h35_cbn_unif_mixture/graphs/golden__v10_a15_g9.json,/home/mathis/Documents/Travail/cbnsl_benchmark/experiments/scaling/agrum3/../../../experiments/scaling/agrum3/2026-07-31_10h35_cbn_unif_mixture/graphs/CPC__v10_a15_g9_s500.json,,0.09758368400071049,13.0,7.0,0.0,0.631578947368421,0.0,0.46153846153846156
cbn_unif_mixture,CMIIC,"{""alpha"": 0.05}",10,15,500,9,/home/mathis/Documents/Travail/cbnsl_benchmark/experiments/scaling/agrum3/../../../experiments/scaling/agrum3/2026-07-31_10h35_cbn_unif_mixture/graphs/golden__v10_a15_g9.json,/home/mathis/Documents/Travail/cbnsl_benchmark/experiments/scaling/agrum3/../../../experiments/scaling/agrum3/2026-07-31_10h35_cbn_unif_mixture/graphs/CMIIC__v10_a15_g9_s500.json,,0.39617560100305127,11.0,5.0,0.26666666666666666,0.761904761904762,0.2857142857142857,0.6153846153846154
cbn_unif_mixture,CPC,"{""alpha"": 0.05, ""max_conditioning_set_size"": 3}",10,15,1000,9,/home/mathis/Documents/Travail/cbnsl_benchmark/experiments/scaling/agrum3/../../../experiments/scaling/agrum3/2026-07-31_10h35_cbn_unif_mixture/graphs/golden__v10_a15_g9.json,/home/mathis/Documents/Travail/cbnsl_benchmark/experiments/scaling/agrum3/../../../experiments/scaling/agrum3/2026-07-31_10h35_cbn_unif_mixture/graphs/CPC__v10_a15_g9_s1000.json,,0.37422480399982305,11.0,2.0,0.26666666666666666,0.9166666666666666,0.5,0.8461538461538461
cbn_unif_mixture,CMIIC,"{""alpha"": 0.05}",10,15,1000,9,/home/mathis/Documents/Travail/cbnsl_benchmark/experiments/scaling/agrum3/../../../experiments/scaling/agrum3/2026-07-31_10h35_cbn_unif_mixture/graphs/golden__v10_a15_g9.json,/home/mathis/Documents/Travail/cbnsl_benchmark/experiments/scaling/agrum3/../../../experiments/scaling/agrum3/2026-07-31_10h35_cbn_unif_mixture/graphs/CMIIC__v10_a15_g9_s1000.json,,1.2767971430002945,4.0,4.0,0.8181818181818181,0.8181818181818181,0.6923076923076923,0.6923076923076923
cbn_unif_mixture,CPC,"{""alpha"": 0.05, ""max_conditioning_set_size"": 3}",10,15,3000,9,/home/mathis/Documents/Travail/cbnsl_benchmark/experiments/scaling/agrum3/../../../experiments/scaling/agrum3/2026-07-31_10h35_cbn_unif_mixture/graphs/golden__v10_a15_g9.json,/home/mathis/Documents/Travail/cbnsl_benchmark/experiments/scaling/agrum3/../../../experiments/scaling/agrum3/2026-07-31_10h35_cbn_unif_mixture/graphs/CPC__v10_a15_g9_s3000.json,,3.862710604997119,8.0,0.0,0.5555555555555556,1.0,1.0,1.0
cbn_unif_mixture,CMIIC,"{""alpha"": 0.05}",10,15,3000,9,/home/mathis/Documents/Travail/cbnsl_benchmark/experiments/scaling/agrum3/../../../experiments/scaling/agrum3/2026-07-31_10h35_cbn_unif_mixture/graphs/golden__v10_a15_g9.json,/home/mathis/Documents/Travail/cbnsl_benchmark/experiments/scaling/agrum3/../../../experiments/scaling/agrum3/2026-07-31_10h35_cbn_unif_mixture/graphs/CMIIC__v10_a15_g9_s3000.json,,8.550566163998155,10.0,5.0,0.375,0.761904761904762,0.375,0.6153846153846154
cbn_unif_mixture,CPC,"{""alpha"": 0.05, ""max_conditioning_set_size"": 3}",10,15,5000,9,/home/mathis/Documents/Travail/cbnsl_benchmark/experiments/scaling/agrum3/../../../experiments/scaling/agrum3/2026-07-31_10h35_cbn_unif_mixture/graphs/golden__v10_a15_g9.json,/home/mathis/Documents/Travail/cbnsl_benchmark/experiments/scaling/agrum3/../../../experiments/scaling/agrum3/2026-07-31_10h35_cbn_unif_mixture/graphs/CPC__v10_a15_g9_s5000.json,,15.207565069002158,6.0,0.0,0.7000000000000001,1.0,1.0,1.0
cbn_unif_mixture,CMIIC,"{""alpha"": 0.05}",10,15,5000,9,/home/mathis/Documents/Travail/cbnsl_benchmark/experiments/scaling/agrum3/../../../experiments/scaling/agrum3/2026-07-31_10h35_cbn_unif_mixture/graphs/golden__v10_a15_g9.json,/home/mathis/Documents/Travail/cbnsl_benchmark/experiments/scaling/agrum3/../../../experiments/scaling/agrum3/2026-07-31_10h35_cbn_unif_mixture/graphs/CMIIC__v10_a15_g9_s5000.json,,25.924838081002235,10.0,4.0,0.375,0.8181818181818181,0.42857142857142855,0.6923076923076923
cbn_unif_mixture,CPC,"{""alpha"": 0.05, ""max_conditioning_set_size"": 3}",10,15,200,10,/home/mathis/Documents/Travail/cbnsl_benchmark/experiments/scaling/agrum3/../../../experiments/scaling/agrum3/2026-07-31_10h35_cbn_unif_mixture/graphs/golden__v10_a15_g10.json,/home/mathis/Documents/Travail/cbnsl_benchmark/experiments/scaling/agrum3/../../../experiments/scaling/agrum3/2026-07-31_10h35_cbn_unif_mixture/graphs/CPC__v10_a15_g10_s200.json,,0.01333420599985402,14.0,14.0,0.0,0.0,0.0,0.0
cbn_unif_mixture,CMIIC,"{""alpha"": 0.05}",10,15,200,10,/home/mathis/Documents/Travail/cbnsl_benchmark/experiments/scaling/agrum3/../../../experiments/scaling/agrum3/2026-07-31_10h35_cbn_unif_mixture/graphs/golden__v10_a15_g10.json,/home/mathis/Documents/Travail/cbnsl_benchmark/experiments/scaling/agrum3/../../../experiments/scaling/agrum3/2026-07-31_10h35_cbn_unif_mixture/graphs/CMIIC__v10_a15_g10_s200.json,,0.03824537699983921,11.0,10.0,0.3529411764705882,0.4444444444444445,0.23076923076923078,0.2857142857142857
cbn_unif_mixture,CPC,"{""alpha"": 0.05, ""max_conditioning_set_size"": 3}",10,15,500,10,/home/mathis/Documents/Travail/cbnsl_benchmark/experiments/scaling/agrum3/../../../experiments/scaling/agrum3/2026-07-31_10h35_cbn_unif_mixture/graphs/golden__v10_a15_g10.json,/home/mathis/Documents/Travail/cbnsl_benchmark/experiments/scaling/agrum3/../../../experiments/scaling/agrum3/2026-07-31_10h35_cbn_unif_mixture/graphs/CPC__v10_a15_g10_s500.json,,0.06745313700230327,14.0,9.0,0.0,0.5263157894736842,0.0,0.35714285714285715
cbn_unif_mixture,CMIIC,"{""alpha"": 0.05}",10,15,500,10,/home/mathis/Documents/Travail/cbnsl_benchmark/experiments/scaling/agrum3/../../../experiments/scaling/agrum3/2026-07-31_10h35_cbn_unif_mixture/graphs/golden__v10_a15_g10.json,/home/mathis/Documents/Travail/cbnsl_benchmark/experiments/scaling/agrum3/../../../experiments/scaling/agrum3/2026-07-31_10h35_cbn_unif_mixture/graphs/CMIIC__v10_a15_g10_s500.json,,0.34575666199816624,9.0,7.0,0.5263157894736842,0.6666666666666666,0.4166666666666667,0.5
cbn_unif_mixture,CPC,"{""alpha"": 0.05, ""max_conditioning_set_size"": 3}",10,15,1000,10,/home/mathis/Documents/Travail/cbnsl_benchmark/experiments/scaling/agrum3/../../../experiments/scaling/agrum3/2026-07-31_10h35_cbn_unif_mixture/graphs/golden__v10_a15_g10.json,/home/mathis/Documents/Travail/cbnsl_benchmark/experiments/scaling/agrum3/../../../experiments/scaling/agrum3/2026-07-31_10h35_cbn_unif_mixture/graphs/CPC__v10_a15_g10_s1000.json,,0.3380342739983462,13.0,5.0,0.13333333333333333,0.782608695652174,0.16666666666666666,0.6428571428571429
cbn_unif_mixture,CMIIC,"{""alpha"": 0.05}",10,15,1000,10,/home/mathis/Documents/Travail/cbnsl_benchmark/experiments/scaling/agrum3/../../../experiments/scaling/agrum3/2026-07-31_10h35_cbn_unif_mixture/graphs/golden__v10_a15_g10.json,/home/mathis/Documents/Travail/cbnsl_benchmark/experiments/scaling/agrum3/../../../experiments/scaling/agrum3/2026-07-31_10h35_cbn_unif_mixture/graphs/CMIIC__v10_a15_g10_s1000.json,,1.3899396079941653,9.0,6.0,0.5263157894736842,0.7272727272727273,0.45454545454545453,0.5714285714285714
cbn_unif_mixture,CPC,"{""alpha"": 0.05, ""max_conditioning_set_size"": 3}",10,15,3000,10,/home/mathis/Documents/Travail/cbnsl_benchmark/experiments/scaling/agrum3/../../../experiments/scaling/agrum3/2026-07-31_10h35_cbn_unif_mixture/graphs/golden__v10_a15_g10.json,/home/mathis/Documents/Travail/cbnsl_benchmark/experiments/scaling/agrum3/../../../experiments/scaling/agrum3/2026-07-31_10h35_cbn_unif_mixture/graphs/CPC__v10_a15_g10_s3000.json,,5.630735576000006,10.0,2.0,0.4444444444444444,0.923076923076923,0.6666666666666666,0.8571428571428571
cbn_unif_mixture,CMIIC,"{""alpha"": 0.05}",10,15,3000,10,/home/mathis/Documents/Travail/cbnsl_benchmark/experiments/scaling/agrum3/../../../experiments/scaling/agrum3/2026-07-31_10h35_cbn_unif_mixture/graphs/golden__v10_a15_g10.json,/home/mathis/Documents/Travail/cbnsl_benchmark/experiments/scaling/agrum3/../../../experiments/scaling/agrum3/2026-07-31_10h35_cbn_unif_mixture/graphs/CMIIC__v10_a15_g10_s3000.json,,10.910510005000106,9.0,5.0,0.5263157894736842,0.782608695652174,0.5,0.6428571428571429
cbn_unif_mixture,CPC,"{""alpha"": 0.05, ""max_conditioning_set_size"": 3}",10,15,5000,10,/home/mathis/Documents/Travail/cbnsl_benchmark/experiments/scaling/agrum3/../../../experiments/scaling/agrum3/2026-07-31_10h35_cbn_unif_mixture/graphs/golden__v10_a15_g10.json,/home/mathis/Documents/Travail/cbnsl_benchmark/experiments/scaling/agrum3/../../../experiments/scaling/agrum3/2026-07-31_10h35_cbn_unif_mixture/graphs/CPC__v10_a15_g10_s5000.json,,19.458663821998925,8.0,0.0,0.6,1.0,1.0,1.0
cbn_unif_mixture,CMIIC,"{""alpha"": 0.05}",10,15,5000,10,/home/mathis/Documents/Travail/cbnsl_benchmark/experiments/scaling/agrum3/../../../experiments/scaling/agrum3/2026-07-31_10h35_cbn_unif_mixture/graphs/golden__v10_a15_g10.json,/home/mathis/Documents/Travail/cbnsl_benchmark/experiments/scaling/agrum3/../../../experiments/scaling/agrum3/2026-07-31_10h35_cbn_unif_mixture/graphs/CMIIC__v10_a15_g10_s5000.json,,25.06918808499904,9.0,6.0,0.5263157894736842,0.7272727272727273,0.45454545454545453,0.5714285714285714
cbn_unif_mixture,CPC,"{""alpha"": 0.05, ""max_conditioning_set_size"": 3}",10,15,200,11,/home/mathis/Documents/Travail/cbnsl_benchmark/experiments/scaling/agrum3/../../../experiments/scaling/agrum3/2026-07-31_10h35_cbn_unif_mixture/graphs/golden__v10_a15_g11.json,/home/mathis/Documents/Travail/cbnsl_benchmark/experiments/scaling/agrum3/../../../experiments/scaling/agrum3/2026-07-31_10h35_cbn_unif_mixture/graphs/CPC__v10_a15_g11_s200.json,,0.011696077999658883,13.0,13.0,0.0,0.0,0.0,0.0
cbn_unif_mixture,CMIIC,"{""alpha"": 0.05}",10,15,200,11,/home/mathis/Documents/Travail/cbnsl_benchmark/experiments/scaling/agrum3/../../../experiments/scaling/agrum3/2026-07-31_10h35_cbn_unif_mixture/graphs/golden__v10_a15_g11.json,/home/mathis/Documents/Travail/cbnsl_benchmark/experiments/scaling/agrum3/../../../experiments/scaling/agrum3/2026-07-31_10h35_cbn_unif_mixture/graphs/CMIIC__v10_a15_g11_s200.json,,0.033639692002907395,13.0,10.0,0.0,0.375,0.0,0.23076923076923078
cbn_unif_mixture,CPC,"{""alpha"": 0.05, ""max_conditioning_set_size"": 3}",10,15,500,11,/home/mathis/Documents/Travail/cbnsl_benchmark/experiments/scaling/agrum3/../../../experiments/scaling/agrum3/2026-07-31_10h35_cbn_unif_mixture/graphs/golden__v10_a15_g11.json,/home/mathis/Documents/Travail/cbnsl_benchmark/experiments/scaling/agrum3/../../../experiments/scaling/agrum3/2026-07-31_10h35_cbn_unif_mixture/graphs/CPC__v10_a15_g11_s500.json,,0.05409493699698942,13.0,11.0,0.0,0.2666666666666667,0.0,0.15384615384615385
cbn_unif_mixture,CMIIC,"{""alpha"": 0.05}",10,15,500,11,/home/mathis/Documents/Travail/cbnsl_benchmark/experiments/scaling/agrum3/../../../experiments/scaling/agrum3/2026-07-31_10h35_cbn_unif_mixture/graphs/golden__v10_a15_g11.json,/home/mathis/Documents/Travail/cbnsl_benchmark/experiments/scaling/agrum3/../../../experiments/scaling/agrum3/2026-07-31_10h35_cbn_unif_mixture/graphs/CMIIC__v10_a15_g11_s500.json,,0.16432323900517076,13.0,10.0,0.0,0.375,0.0,0.23076923076923078
cbn_unif_mixture,CPC,"{""alpha"": 0.05, ""max_conditioning_set_size"": 3}",10,15,1000,11,/home/mathis/Documents/Travail/cbnsl_benchmark/experiments/scaling/agrum3/../../../experiments/scaling/agrum3/2026-07-31_10h35_cbn_unif_mixture/graphs/golden__v10_a15_g11.json,/home/mathis/Documents/Travail/cbnsl_benchmark/experiments/scaling/agrum3/../../../experiments/scaling/agrum3/2026-07-31_10h35_cbn_unif_mixture/graphs/CPC__v10_a15_g11_s1000.json,,0.2548770270004752,9.0,4.0,0.47058823529411764,0.8181818181818181,0.5,0.6923076923076923
cbn_unif_mixture,CMIIC,"{""alpha"": 0.05}",10,15,1000,11,/home/mathis/Documents/Travail/cbnsl_benchmark/experiments/scaling/agrum3/../../../experiments/scaling/agrum3/2026-07-31_10h35_cbn_unif_mixture/graphs/golden__v10_a15_g11.json,/home/mathis/Documents/Travail/cbnsl_benchmark/experiments/scaling/agrum3/../../../experiments/scaling/agrum3/2026-07-31_10h35_cbn_unif_mixture/graphs/CMIIC__v10_a15_g11_s1000.json,,0.6996133919965359,13.0,11.0,0.0,0.2666666666666667,0.0,0.15384615384615385
cbn_unif_mixture,CPC,"{""alpha"": 0.05, ""max_conditioning_set_size"": 3}",10,15,3000,11,/home/mathis/Documents/Travail/cbnsl_benchmark/experiments/scaling/agrum3/../../../experiments/scaling/agrum3/2026-07-31_10h35_cbn_unif_mixture/graphs/golden__v10_a15_g11.json,/home/mathis/Documents/Travail/cbnsl_benchmark/experiments/scaling/agrum3/../../../experiments/scaling/agrum3/2026-07-31_10h35_cbn_unif_mixture/graphs/CPC__v10_a15_g11_s3000.json,,2.914564951999637,8.0,2.0,0.5555555555555556,0.9166666666666666,0.7142857142857143,0.8461538461538461
cbn_unif_mixture,CMIIC,"{""alpha"": 0.05}",10,15,3000,11,/home/mathis/Documents/Travail/cbnsl_benchmark/experiments/scaling/agrum3/../../../experiments/scaling/agrum3/2026-07-31_10h35_cbn_unif_mixture/graphs/golden__v10_a15_g11.json,/home/mathis/Documents/Travail/cbnsl_benchmark/experiments/scaling/agrum3/../../../experiments/scaling/agrum3/2026-07-31_10h35_cbn_unif_mixture/graphs/CMIIC__v10_a15_g11_s3000.json,,5.073309626997798,13.0,10.0,0.0,0.375,0.0,0.23076923076923078
cbn_unif_mixture,CPC,"{""alpha"": 0.05, ""max_conditioning_set_size"": 3}",10,15,5000,11,/home/mathis/Documents/Travail/cbnsl_benchmark/experiments/scaling/agrum3/../../../experiments/scaling/agrum3/2026-07-31_10h35_cbn_unif_mixture/graphs/golden__v10_a15_g11.json,/home/mathis/Documents/Travail/cbnsl_benchmark/experiments/scaling/agrum3/../../../experiments/scaling/agrum3/2026-07-31_10h35_cbn_unif_mixture/graphs/CPC__v10_a15_g11_s5000.json,,9.042733741996926,8.0,0.0,0.5555555555555556,1.0,1.0,1.0
cbn_unif_mixture,CMIIC,"{""alpha"": 0.05}",10,15,5000,11,/home/mathis/Documents/Travail/cbnsl_benchmark/experiments/scaling/agrum3/../../../experiments/scaling/agrum3/2026-07-31_10h35_cbn_unif_mixture/graphs/golden__v10_a15_g11.json,/home/mathis/Documents/Travail/cbnsl_benchmark/experiments/scaling/agrum3/../../../experiments/scaling/agrum3/2026-07-31_10h35_cbn_unif_mixture/graphs/CMIIC__v10_a15_g11_s5000.json,,14.707720897997206,13.0,9.0,0.0,0.47058823529411764,0.0,0.3076923076923077
cbn_unif_mixture,CPC,"{""alpha"": 0.05, ""max_conditioning_set_size"": 3}",10,15,200,12,/home/mathis/Documents/Travail/cbnsl_benchmark/experiments/scaling/agrum3/../../../experiments/scaling/agrum3/2026-07-31_10h35_cbn_unif_mixture/graphs/golden__v10_a15_g12.json,/home/mathis/Documents/Travail/cbnsl_benchmark/experiments/scaling/agrum3/../../../experiments/scaling/agrum3/2026-07-31_10h35_cbn_unif_mixture/graphs/CPC__v10_a15_g12_s200.json,,0.01239185099984752,13.0,13.0,0.13333333333333333,0.13333333333333333,0.07142857142857142,0.07142857142857142
cbn_unif_mixture,CMIIC,"{""alpha"": 0.05}",10,15,200,12,/home/mathis/Documents/Travail/cbnsl_benchmark/experiments/scaling/agrum3/../../../experiments/scaling/agrum3/2026-07-31_10h35_cbn_unif_mixture/graphs/golden__v10_a15_g12.json,/home/mathis/Documents/Travail/cbnsl_benchmark/experiments/scaling/agrum3/../../../experiments/scaling/agrum3/2026-07-31_10h35_cbn_unif_mixture/graphs/CMIIC__v10_a15_g12_s200.json,,0.023728305000986438,13.0,13.0,0.13333333333333333,0.13333333333333333,0.07142857142857142,0.07142857142857142
cbn_unif_mixture,CPC,"{""alpha"": 0.05, ""max_conditioning_set_size"": 3}",10,15,500,12,/home/mathis/Documents/Travail/cbnsl_benchmark/experiments/scaling/agrum3/../../../experiments/scaling/agrum3/2026-07-31_10h35_cbn_unif_mixture/graphs/golden__v10_a15_g12.json,/home/mathis/Documents/Travail/cbnsl_benchmark/experiments/scaling/agrum3/../../../experiments/scaling/agrum3/2026-07-31_10h35_cbn_unif_mixture/graphs/CPC__v10_a15_g12_s500.json,,0.10065608999866527,13.0,13.0,0.13333333333333333,0.13333333333333333,0.07142857142857142,0.07142857142857142
cbn_unif_mixture,CMIIC,"{""alpha"": 0.05}",10,15,500,12,/home/mathis/Documents/Travail/cbnsl_benchmark/experiments/scaling/agrum3/../../../experiments/scaling/agrum3/2026-07-31_10h35_cbn_unif_mixture/graphs/golden__v10_a15_g12.json,/home/mathis/Documents/Travail/cbnsl_benchmark/experiments/scaling/agrum3/../../../experiments/scaling/agrum3/2026-07-31_10h35_cbn_unif_mixture/graphs/CMIIC__v10_a15_g12_s500.json,,0.1166018600051757,13.0,13.0,0.13333333333333333,0.13333333333333333,0.07142857142857142,0.07142857142857142
cbn_unif_mixture,CPC,"{""alpha"": 0.05, ""max_conditioning_set_size"": 3}",10,15,1000,12,/home/mathis/Documents/Travail/cbnsl_benchmark/experiments/scaling/agrum3/../../../experiments/scaling/agrum3/2026-07-31_10h35_cbn_unif_mixture/graphs/golden__v10_a15_g12.json,/home/mathis/Documents/Travail/cbnsl_benchmark/experiments/scaling/agrum3/../../../experiments/scaling/agrum3/2026-07-31_10h35_cbn_unif_mixture/graphs/CPC__v10_a15_g12_s1000.json,,0.5041124409981421,12.0,8.0,0.25,0.6,0.2,0.42857142857142855
cbn_unif_mixture,CMIIC,"{""alpha"": 0.05}",10,15,1000,12,/home/mathis/Documents/Travail/cbnsl_benchmark/experiments/scaling/agrum3/../../../experiments/scaling/agrum3/2026-07-31_10h35_cbn_unif_mixture/graphs/golden__v10_a15_g12.json,/home/mathis/Documents/Travail/cbnsl_benchmark/experiments/scaling/agrum3/../../../experiments/scaling/agrum3/2026-07-31_10h35_cbn_unif_mixture/graphs/CMIIC__v10_a15_g12_s1000.json,,0.6453217770031188,13.0,11.0,0.13333333333333333,0.35294117647058826,0.08333333333333333,0.21428571428571427
cbn_unif_mixture,CPC,"{""alpha"": 0.05, ""max_conditioning_set_size"": 3}",10,15,3000,12,/home/mathis/Documents/Travail/cbnsl_benchmark/experiments/scaling/agrum3/../../../experiments/scaling/agrum3/2026-07-31_10h35_cbn_unif_mixture/graphs/golden__v10_a15_g12.json,/home/mathis/Documents/Travail/cbnsl_benchmark/experiments/scaling/agrum3/../../../experiments/scaling/agrum3/2026-07-31_10h35_cbn_unif_mixture/graphs/CPC__v10_a15_g12_s3000.json,,5.5895254489951185,12.0,4.0,0.25,0.8333333333333333,0.3333333333333333,0.7142857142857143
cbn_unif_mixture,CMIIC,"{""alpha"": 0.05}",10,15,3000,12,/home/mathis/Documents/Travail/cbnsl_benchmark/experiments/scaling/agrum3/../../../experiments/scaling/agrum3/2026-07-31_10h35_cbn_unif_mixture/graphs/golden__v10_a15_g12.json,/home/mathis/Documents/Travail/cbnsl_benchmark/experiments/scaling/agrum3/../../../experiments/scaling/agrum3/2026-07-31_10h35_cbn_unif_mixture/graphs/CMIIC__v10_a15_g12_s3000.json,,9.39699668999674,13.0,8.0,0.13333333333333333,0.6,0.1111111111111111,0.42857142857142855
cbn_unif_mixture,CPC,"{""alpha"": 0.05, ""max_conditioning_set_size"": 3}",10,15,5000,12,/home/mathis/Documents/Travail/cbnsl_benchmark/experiments/scaling/agrum3/../../../experiments/scaling/agrum3/2026-07-31_10h35_cbn_unif_mixture/graphs/golden__v10_a15_g12.json,/home/mathis/Documents/Travail/cbnsl_benchmark/experiments/scaling/agrum3/../../../experiments/scaling/agrum3/2026-07-31_10h35_cbn_unif_mixture/graphs/CPC__v10_a15_g12_s5000.json,,19.601368944997375,10.0,0.0,0.4444444444444445,1.0,1.0,1.0
cbn_unif_mixture,CMIIC,"{""alpha"": 0.05}",10,15,5000,12,/home/mathis/Documents/Travail/cbnsl_benchmark/experiments/scaling/agrum3/../../../experiments/scaling/agrum3/2026-07-31_10h35_cbn_unif_mixture/graphs/golden__v10_a15_g12.json,/home/mathis/Documents/Travail/cbnsl_benchmark/experiments/scaling/agrum3/../../../experiments/scaling/agrum3/2026-07-31_10h35_cbn_unif_mixture/graphs/CMIIC__v10_a15_g12_s5000.json,,20.023571003999677,13.0,8.0,0.13333333333333333,0.6,0.1111111111111111,0.42857142857142855
cbn_unif_mixture,CPC,"{""alpha"": 0.05, ""max_conditioning_set_size"": 3}",10,15,200,13,/home/mathis/Documents/Travail/cbnsl_benchmark/experiments/scaling/agrum3/../../../experiments/scaling/agrum3/2026-07-31_10h35_cbn_unif_mixture/graphs/golden__v10_a15_g13.json,/home/mathis/Documents/Travail/cbnsl_benchmark/experiments/scaling/agrum3/../../../experiments/scaling/agrum3/2026-07-31_10h35_cbn_unif_mixture/graphs/CPC__v10_a15_g13_s200.json,,0.015708538005128503,14.0,14.0,0.125,0.125,0.06666666666666667,0.06666666666666667
cbn_unif_mixture,CMIIC,"{""alpha"": 0.05}",10,15,200,13,/home/mathis/Documents/Travail/cbnsl_benchmark/experiments/scaling/agrum3/../../../experiments/scaling/agrum3/2026-07-31_10h35_cbn_unif_mixture/graphs/golden__v10_a15_g13.json,/home/mathis/Documents/Travail/cbnsl_benchmark/experiments/scaling/agrum3/../../../experiments/scaling/agrum3/2026-07-31_10h35_cbn_unif_mixture/graphs/CMIIC__v10_a15_g13_s200.json,,0.03144383000471862,12.0,12.0,0.33333333333333337,0.33333333333333337,0.2,0.2
cbn_unif_mixture,CPC,"{""alpha"": 0.05, ""max_conditioning_set_size"": 3}",10,15,500,13,/home/mathis/Documents/Travail/cbnsl_benchmark/experiments/scaling/agrum3/../../../experiments/scaling/agrum3/2026-07-31_10h35_cbn_unif_mixture/graphs/golden__v10_a15_g13.json,/home/mathis/Documents/Travail/cbnsl_benchmark/experiments/scaling/agrum3/../../../experiments/scaling/agrum3/2026-07-31_10h35_cbn_unif_mixture/graphs/CPC__v10_a15_g13_s500.json,,0.04832536600588355,13.0,13.0,0.23529411764705882,0.23529411764705882,0.13333333333333333,0.13333333333333333
cbn_unif_mixture,CMIIC,"{""alpha"": 0.05}",10,15,500,13,/home/mathis/Documents/Travail/cbnsl_benchmark/experiments/scaling/agrum3/../../../experiments/scaling/agrum3/2026-07-31_10h35_cbn_unif_mixture/graphs/golden__v10_a15_g13.json,/home/mathis/Documents/Travail/cbnsl_benchmark/experiments/scaling/agrum3/../../../experiments/scaling/agrum3/2026-07-31_10h35_cbn_unif_mixture/graphs/CMIIC__v10_a15_g13_s500.json,,0.12688216999958968,13.0,13.0,0.23529411764705882,0.23529411764705882,0.13333333333333333,0.13333333333333333
cbn_unif_mixture,CPC,"{""alpha"": 0.05, ""max_conditioning_set_size"": 3}",10,15,1000,13,/home/mathis/Documents/Travail/cbnsl_benchmark/experiments/scaling/agrum3/../../../experiments/scaling/agrum3/2026-07-31_10h35_cbn_unif_mixture/graphs/golden__v10_a15_g13.json,/home/mathis/Documents/Travail/cbnsl_benchmark/experiments/scaling/agrum3/../../../experiments/scaling/agrum3/2026-07-31_10h35_cbn_unif_mixture/graphs/CPC__v10_a15_g13_s1000.json,,0.2895243719976861,12.0,9.0,0.3333333333333333,0.5714285714285715,0.25,0.4
cbn_unif_mixture,CMIIC,"{""alpha"": 0.05}",10,15,1000,13,/home/mathis/Documents/Travail/cbnsl_benchmark/experiments/scaling/agrum3/../../../experiments/scaling/agrum3/2026-07-31_10h35_cbn_unif_mixture/graphs/golden__v10_a15_g13.json,/home/mathis/Documents/Travail/cbnsl_benchmark/experiments/scaling/agrum3/../../../experiments/scaling/agrum3/2026-07-31_10h35_cbn_unif_mixture/graphs/CMIIC__v10_a15_g13_s1000.json,,0.8469312329980312,10.0,9.0,0.5,0.5714285714285715,0.35714285714285715,0.4
cbn_unif_mixture,CPC,"{""alpha"": 0.05, ""max_conditioning_set_size"": 3}",10,15,3000,13,/home/mathis/Documents/Travail/cbnsl_benchmark/experiments/scaling/agrum3/../../../experiments/scaling/agrum3/2026-07-31_10h35_cbn_unif_mixture/graphs/golden__v10_a15_g13.json,/home/mathis/Documents/Travail/cbnsl_benchmark/experiments/scaling/agrum3/../../../experiments/scaling/agrum3/2026-07-31_10h35_cbn_unif_mixture/graphs/CPC__v10_a15_g13_s3000.json,,3.7325665679964004,11.0,2.0,0.42105263157894735,0.9285714285714286,0.6666666666666666,0.8666666666666667
cbn_unif_mixture,CMIIC,"{""alpha"": 0.05}",10,15,3000,13,/home/mathis/Documents/Travail/cbnsl_benchmark/experiments/scaling/agrum3/../../../experiments/scaling/agrum3/2026-07-31_10h35_cbn_unif_mixture/graphs/golden__v10_a15_g13.json,/home/mathis/Documents/Travail/cbnsl_benchmark/experiments/scaling/agrum3/../../../experiments/scaling/agrum3/2026-07-31_10h35_cbn_unif_mixture/graphs/CMIIC__v10_a15_g13_s3000.json,,8.030460768000921,10.0,8.0,0.5,0.6363636363636364,0.38461538461538464,0.4666666666666667
cbn_unif_mixture,CPC,"{""alpha"": 0.05, ""max_conditioning_set_size"": 3}",10,15,5000,13,/home/mathis/Documents/Travail/cbnsl_benchmark/experiments/scaling/agrum3/../../../experiments/scaling/agrum3/2026-07-31_10h35_cbn_unif_mixture/graphs/golden__v10_a15_g13.json,/home/mathis/Documents/Travail/cbnsl_benchmark/experiments/scaling/agrum3/../../../experiments/scaling/agrum3/2026-07-31_10h35_cbn_unif_mixture/graphs/CPC__v10_a15_g13_s5000.json,,18.299274606004474,11.0,1.0,0.4210526315789473,0.9655172413793104,0.8,0.9333333333333333
cbn_unif_mixture,CMIIC,"{""alpha"": 0.05}",10,15,5000,13,/home/mathis/Documents/Travail/cbnsl_benchmark/experiments/scaling/agrum3/../../../experiments/scaling/agrum3/2026-07-31_10h35_cbn_unif_mixture/graphs/golden__v10_a15_g13.json,/home/mathis/Documents/Travail/cbnsl_benchmark/experiments/scaling/agrum3/../../../experiments/scaling/agrum3/2026-07-31_10h35_cbn_unif_mixture/graphs/CMIIC__v10_a15_g13_s5000.json,,25.100355162001506,10.0,7.0,0.5,0.6956521739130436,0.4166666666666667,0.5333333333333333
cbn_unif_mixture,CPC,"{""alpha"": 0.05, ""max_conditioning_set_size"": 3}",10,15,200,14,/home/mathis/Documents/Travail/cbnsl_benchmark/experiments/scaling/agrum3/../../../experiments/scaling/agrum3/2026-07-31_10h35_cbn_unif_mixture/graphs/golden__v10_a15_g14.json,/home/mathis/Documents/Travail/cbnsl_benchmark/experiments/scaling/agrum3/../../../experiments/scaling/agrum3/2026-07-31_10h35_cbn_unif_mixture/graphs/CPC__v10_a15_g14_s200.json,,0.0130211470022914,14.0,14.0,0.0,0.0,0.0,0.0
cbn_unif_mixture,CMIIC,"{""alpha"": 0.05}",10,15,200,14,/home/mathis/Documents/Travail/cbnsl_benchmark/experiments/scaling/agrum3/../../../experiments/scaling/agrum3/2026-07-31_10h35_cbn_unif_mixture/graphs/golden__v10_a15_g14.json,/home/mathis/Documents/Travail/cbnsl_benchmark/experiments/scaling/agrum3/../../../experiments/scaling/agrum3/2026-07-31_10h35_cbn_unif_mixture/graphs/CMIIC__v10_a15_g14_s200.json,,0.028187123003590386,13.0,11.0,0.13333333333333333,0.35294117647058826,0.08333333333333333,0.21428571428571427
cbn_unif_mixture,CPC,"{""alpha"": 0.05, ""max_conditioning_set_size"": 3}",10,15,500,14,/home/mathis/Documents/Travail/cbnsl_benchmark/experiments/scaling/agrum3/../../../experiments/scaling/agrum3/2026-07-31_10h35_cbn_unif_mixture/graphs/golden__v10_a15_g14.json,/home/mathis/Documents/Travail/cbnsl_benchmark/experiments/scaling/agrum3/../../../experiments/scaling/agrum3/2026-07-31_10h35_cbn_unif_mixture/graphs/CPC__v10_a15_g14_s500.json,,0.07076678999874275,13.0,13.0,0.13333333333333333,0.13333333333333333,0.07142857142857142,0.07142857142857142
cbn_unif_mixture,CMIIC,"{""alpha"": 0.05}",10,15,500,14,/home/mathis/Documents/Travail/cbnsl_benchmark/experiments/scaling/agrum3/../../../experiments/scaling/agrum3/2026-07-31_10h35_cbn_unif_mixture/graphs/golden__v10_a15_g14.json,/home/mathis/Documents/Travail/cbnsl_benchmark/experiments/scaling/agrum3/../../../experiments/scaling/agrum3/2026-07-31_10h35_cbn_unif_mixture/graphs/CMIIC__v10_a15_g14_s500.json,,0.21783123900240753,10.0,9.0,0.4444444444444444,0.5263157894736842,0.3076923076923077,0.35714285714285715
cbn_unif_mixture,CPC,"{""alpha"": 0.05, ""max_conditioning_set_size"": 3}",10,15,1000,14,/home/mathis/Documents/Travail/cbnsl_benchmark/experiments/scaling/agrum3/../../../experiments/scaling/agrum3/2026-07-31_10h35_cbn_unif_mixture/graphs/golden__v10_a15_g14.json,/home/mathis/Documents/Travail/cbnsl_benchmark/experiments/scaling/agrum3/../../../experiments/scaling/agrum3/2026-07-31_10h35_cbn_unif_mixture/graphs/CPC__v10_a15_g14_s1000.json,,0.2790215399945737,12.0,6.0,0.33333333333333326,0.75,0.375,0.6428571428571429
cbn_unif_mixture,CMIIC,"{""alpha"": 0.05}",10,15,1000,14,/home/mathis/Documents/Travail/cbnsl_benchmark/experiments/scaling/agrum3/../../../experiments/scaling/agrum3/2026-07-31_10h35_cbn_unif_mixture/graphs/golden__v10_a15_g14.json,/home/mathis/Documents/Travail/cbnsl_benchmark/experiments/scaling/agrum3/../../../experiments/scaling/agrum3/2026-07-31_10h35_cbn_unif_mixture/graphs/CMIIC__v10_a15_g14_s1000.json,,0.8528484430062235,10.0,9.0,0.4444444444444444,0.5263157894736842,0.3076923076923077,0.35714285714285715
cbn_unif_mixture,CPC,"{""alpha"": 0.05, ""max_conditioning_set_size"": 3}",10,15,3000,14,/home/mathis/Documents/Travail/cbnsl_benchmark/experiments/scaling/agrum3/../../../experiments/scaling/agrum3/2026-07-31_10h35_cbn_unif_mixture/graphs/golden__v10_a15_g14.json,/home/mathis/Documents/Travail/cbnsl_benchmark/experiments/scaling/agrum3/../../../experiments/scaling/agrum3/2026-07-31_10h35_cbn_unif_mixture/graphs/CPC__v10_a15_g14_s3000.json,,3.3886068770007114,9.0,5.0,0.5263157894736842,0.782608695652174,0.5,0.6428571428571429
cbn_unif_mixture,CMIIC,"{""alpha"": 0.05}",10,15,3000,14,/home/mathis/Documents/Travail/cbnsl_benchmark/experiments/scaling/agrum3/../../../experiments/scaling/agrum3/2026-07-31_10h35_cbn_unif_mixture/graphs/golden__v10_a15_g14.json,/home/mathis/Documents/Travail/cbnsl_benchmark/experiments/scaling/agrum3/../../../experiments/scaling/agrum3/2026-07-31_10h35_cbn_unif_mixture/graphs/CMIIC__v10_a15_g14_s3000.json,,5.960034990996064,10.0,10.0,0.4444444444444445,0.4444444444444445,0.2857142857142857,0.2857142857142857
cbn_unif_mixture,CPC,"{""alpha"": 0.05, ""max_conditioning_set_size"": 3}",10,15,5000,14,/home/mathis/Documents/Travail/cbnsl_benchmark/experiments/scaling/agrum3/../../../experiments/scaling/agrum3/2026-07-31_10h35_cbn_unif_mixture/graphs/golden__v10_a15_g14.json,/home/mathis/Documents/Travail/cbnsl_benchmark/experiments/scaling/agrum3/../../../experiments/scaling/agrum3/2026-07-31_10h35_cbn_unif_mixture/graphs/CPC__v10_a15_g14_s5000.json,,13.131050126001355,11.0,0.0,0.35294117647058826,1.0,1.0,1.0
cbn_unif_mixture,CMIIC,"{""alpha"": 0.05}",10,15,5000,14,/home/mathis/Documents/Travail/cbnsl_benchmark/experiments/scaling/agrum3/../../../experiments/scaling/agrum3/2026-07-31_10h35_cbn_unif_mixture/graphs/golden__v10_a15_g14.json,/home/mathis/Documents/Travail/cbnsl_benchmark/experiments/scaling/agrum3/../../../experiments/scaling/agrum3/2026-07-31_10h35_cbn_unif_mixture/graphs/CMIIC__v10_a15_g14_s5000.json,,17.064579717000015,10.0,9.0,0.4444444444444444,0.5263157894736842,0.3076923076923077,0.35714285714285715
cbn_unif_mixture,CPC,"{""alpha"": 0.05, ""max_conditioning_set_size"": 3}",10,15,200,15,/home/mathis/Documents/Travail/cbnsl_benchmark/experiments/scaling/agrum3/../../../experiments/scaling/agrum3/2026-07-31_10h35_cbn_unif_mixture/graphs/golden__v10_a15_g15.json,/home/mathis/Documents/Travail/cbnsl_benchmark/experiments/scaling/agrum3/../../../experiments/scaling/agrum3/2026-07-31_10h35_cbn_unif_mixture/graphs/CPC__v10_a15_g15_s200.json,,0.011154551997606177,12.0,12.0,0.0,0.0,0.0,0.0
cbn_unif_mixture,CMIIC,"{""alpha"": 0.05}",10,15,200,15,/home/mathis/Documents/Travail/cbnsl_benchmark/experiments/scaling/agrum3/../../../experiments/scaling/agrum3/2026-07-31_10h35_cbn_unif_mixture/graphs/golden__v10_a15_g15.json,/home/mathis/Documents/Travail/cbnsl_benchmark/experiments/scaling/agrum3/../../../experiments/scaling/agrum3/2026-07-31_10h35_cbn_unif_mixture/graphs/CMIIC__v10_a15_g15_s200.json,,0.039138751999416854,12.0,7.0,0.0,0.5882352941176471,0.0,0.4166666666666667
cbn_unif_mixture,CPC,"{""alpha"": 0.05, ""max_conditioning_set_size"": 3}",10,15,500,15,/home/mathis/Documents/Travail/cbnsl_benchmark/experiments/scaling/agrum3/../../../experiments/scaling/agrum3/2026-07-31_10h35_cbn_unif_mixture/graphs/golden__v10_a15_g15.json,/home/mathis/Documents/Travail/cbnsl_benchmark/experiments/scaling/agrum3/../../../experiments/scaling/agrum3/2026-07-31_10h35_cbn_unif_mixture/graphs/CPC__v10_a15_g15_s500.json,,0.11525934700330254,8.0,8.0,0.5,0.5,0.3333333333333333,0.3333333333333333
cbn_unif_mixture,CMIIC,"{""alpha"": 0.05}",10,15,500,15,/home/mathis/Documents/Travail/cbnsl_benchmark/experiments/scaling/agrum3/../../../experiments/scaling/agrum3/2026-07-31_10h35_cbn_unif_mixture/graphs/golden__v10_a15_g15.json,/home/mathis/Documents/Travail/cbnsl_benchmark/experiments/scaling/agrum3/../../../experiments/scaling/agrum3/2026-07-31_10h35_cbn_unif_mixture/graphs/CMIIC__v10_a15_g15_s500.json,,0.42381630299496464,12.0,7.0,0.0,0.5882352941176471,0.0,0.4166666666666667
cbn_unif_mixture,CPC,"{""alpha"": 0.05, ""max_conditioning_set_size"": 3}",10,15,1000,15,/home/mathis/Documents/Travail/cbnsl_benchmark/experiments/scaling/agrum3/../../../experiments/scaling/agrum3/2026-07-31_10h35_cbn_unif_mixture/graphs/golden__v10_a15_g15.json,/home/mathis/Documents/Travail/cbnsl_benchmark/experiments/scaling/agrum3/../../../experiments/scaling/agrum3/2026-07-31_10h35_cbn_unif_mixture/graphs/CPC__v10_a15_g15_s1000.json,,0.25261629599845037,7.0,2.0,0.588235294117647,0.9090909090909091,0.7142857142857143,0.8333333333333334
cbn_unif_mixture,CMIIC,"{""alpha"": 0.05}",10,15,1000,15,/home/mathis/Documents/Travail/cbnsl_benchmark/experiments/scaling/agrum3/../../../experiments/scaling/agrum3/2026-07-31_10h35_cbn_unif_mixture/graphs/golden__v10_a15_g15.json,/home/mathis/Documents/Travail/cbnsl_benchmark/experiments/scaling/agrum3/../../../experiments/scaling/agrum3/2026-07-31_10h35_cbn_unif_mixture/graphs/CMIIC__v10_a15_g15_s1000.json,,1.4993090850039152,12.0,7.0,0.0,0.5882352941176471,0.0,0.4166666666666667
cbn_unif_mixture,CPC,"{""alpha"": 0.05, ""max_conditioning_set_size"": 3}",10,15,3000,15,/home/mathis/Documents/Travail/cbnsl_benchmark/experiments/scaling/agrum3/../../../experiments/scaling/agrum3/2026-07-31_10h35_cbn_unif_mixture/graphs/golden__v10_a15_g15.json,/home/mathis/Documents/Travail/cbnsl_benchmark/experiments/scaling/agrum3/../../../experiments/scaling/agrum3/2026-07-31_10h35_cbn_unif_mixture/graphs/CPC__v10_a15_g15_s3000.json,,4.032707261001633,7.0,1.0,0.5882352941176471,0.9565217391304348,0.8333333333333334,0.9166666666666666
cbn_unif_mixture,CMIIC,"{""alpha"": 0.05}",10,15,3000,15,/home/mathis/Documents/Travail/cbnsl_benchmark/experiments/scaling/agrum3/../../../experiments/scaling/agrum3/2026-07-31_10h35_cbn_unif_mixture/graphs/golden__v10_a15_g15.json,/home/mathis/Documents/Travail/cbnsl_benchmark/experiments/scaling/agrum3/../../../experiments/scaling/agrum3/2026-07-31_10h35_cbn_unif_mixture/graphs/CMIIC__v10_a15_g15_s3000.json,,5.498484133000602,12.0,8.0,0.0,0.5,0.0,0.3333333333333333
cbn_unif_mixture,CPC,"{""alpha"": 0.05, ""max_conditioning_set_size"": 3}",10,15,5000,15,/home/mathis/Documents/Travail/cbnsl_benchmark/experiments/scaling/agrum3/../../../experiments/scaling/agrum3/2026-07-31_10h35_cbn_unif_mixture/graphs/golden__v10_a15_g15.json,/home/mathis/Documents/Travail/cbnsl_benchmark/experiments/scaling/agrum3/../../../experiments/scaling/agrum3/2026-07-31_10h35_cbn_unif_mixture/graphs/CPC__v10_a15_g15_s5000.json,,12.83033354699728,10.0,1.0,0.375,0.9600000000000001,1.0,1.0
cbn_unif_mixture,CMIIC,"{""alpha"": 0.05}",10,15,5000,15,/home/mathis/Documents/Travail/cbnsl_benchmark/experiments/scaling/agrum3/../../../experiments/scaling/agrum3/2026-07-31_10h35_cbn_unif_mixture/graphs/golden__v10_a15_g15.json,/home/mathis/Documents/Travail/cbnsl_benchmark/experiments/scaling/agrum3/../../../experiments/scaling/agrum3/2026-07-31_10h35_cbn_unif_mixture/graphs/CMIIC__v10_a15_g15_s5000.json,,18.011812898002972,8.0,6.0,0.5,0.6666666666666666,0.4,0.5
cbn_unif_mixture,CPC,"{""alpha"": 0.05, ""max_conditioning_set_size"": 3}",10,15,200,16,/home/mathis/Documents/Travail/cbnsl_benchmark/experiments/scaling/agrum3/../../../experiments/scaling/agrum3/2026-07-31_10h35_cbn_unif_mixture/graphs/golden__v10_a15_g16.json,/home/mathis/Documents/Travail/cbnsl_benchmark/experiments/scaling/agrum3/../../../experiments/scaling/agrum3/2026-07-31_10h35_cbn_unif_mixture/graphs/CPC__v10_a15_g16_s200.json,,0.011770697004976682,15.0,15.0,0.0,0.0,0.0,0.0
cbn_unif_mixture,CMIIC,"{""alpha"": 0.05}",10,15,200,16,/home/mathis/Documents/Travail/cbnsl_benchmark/experiments/scaling/agrum3/../../../experiments/scaling/agrum3/2026-07-31_10h35_cbn_unif_mixture/graphs/golden__v10_a15_g16.json,/home/mathis/Documents/Travail/cbnsl_benchmark/experiments/scaling/agrum3/../../../experiments/scaling/agrum3/2026-07-31_10h35_cbn_unif_mixture/graphs/CMIIC__v10_a15_g16_s200.json,,0.04091824799979804,13.0,10.0,0.3157894736842105,0.5454545454545455,0.25,0.4
cbn_unif_mixture,CPC,"{""alpha"": 0.05, ""max_conditioning_set_size"": 3}",10,15,500,16,/home/mathis/Documents/Travail/cbnsl_benchmark/experiments/scaling/agrum3/../../../experiments/scaling/agrum3/2026-07-31_10h35_cbn_unif_mixture/graphs/golden__v10_a15_g16.json,/home/mathis/Documents/Travail/cbnsl_benchmark/experiments/scaling/agrum3/../../../experiments/scaling/agrum3/2026-07-31_10h35_cbn_unif_mixture/graphs/CPC__v10_a15_g16_s500.json,,0.10156594699947163,13.0,11.0,0.3157894736842105,0.47619047619047616,0.23076923076923078,0.3333333333333333
cbn_unif_mixture,CMIIC,"{""alpha"": 0.05}",10,15,500,16,/home/mathis/Documents/Travail/cbnsl_benchmark/experiments/scaling/agrum3/../../../experiments/scaling/agrum3/2026-07-31_10h35_cbn_unif_mixture/graphs/golden__v10_a15_g16.json,/home/mathis/Documents/Travail/cbnsl_benchmark/experiments/scaling/agrum3/../../../experiments/scaling/agrum3/2026-07-31_10h35_cbn_unif_mixture/graphs/CMIIC__v10_a15_g16_s500.json,,0.3553073459988809,16.0,12.0,0.0,0.4,0.0,0.26666666666666666
cbn_unif_mixture,CPC,"{""alpha"": 0.05, ""max_conditioning_set_size"": 3}",10,15,1000,16,/home/mathis/Documents/Travail/cbnsl_benchmark/experiments/scaling/agrum3/../../../experiments/scaling/agrum3/2026-07-31_10h35_cbn_unif_mixture/graphs/golden__v10_a15_g16.json,/home/mathis/Documents/Travail/cbnsl_benchmark/experiments/scaling/agrum3/../../../experiments/scaling/agrum3/2026-07-31_10h35_cbn_unif_mixture/graphs/CPC__v10_a15_g16_s1000.json,,0.3219518119949498,13.0,10.0,0.23529411764705882,0.5,0.16666666666666666,0.3333333333333333
cbn_unif_mixture,CMIIC,"{""alpha"": 0.05}",10,15,1000,16,/home/mathis/Documents/Travail/cbnsl_benchmark/experiments/scaling/agrum3/../../../experiments/scaling/agrum3/2026-07-31_10h35_cbn_unif_mixture/graphs/golden__v10_a15_g16.json,/home/mathis/Documents/Travail/cbnsl_benchmark/experiments/scaling/agrum3/../../../experiments/scaling/agrum3/2026-07-31_10h35_cbn_unif_mixture/graphs/CMIIC__v10_a15_g16_s1000.json,,0.7135312879981939,15.0,11.0,0.0,0.4210526315789474,0.0,0.26666666666666666
cbn_unif_mixture,CPC,"{""alpha"": 0.05, ""max_conditioning_set_size"": 3}",10,15,3000,16,/home/mathis/Documents/Travail/cbnsl_benchmark/experiments/scaling/agrum3/../../../experiments/scaling/agrum3/2026-07-31_10h35_cbn_unif_mixture/graphs/golden__v10_a15_g16.json,/home/mathis/Documents/Travail/cbnsl_benchmark/experiments/scaling/agrum3/../../../experiments/scaling/agrum3/2026-07-31_10h35_cbn_unif_mixture/graphs/CPC__v10_a15_g16_s3000.json,,3.6550415700039594,11.0,6.0,0.5217391304347826,0.7857142857142856,0.6,0.7333333333333333
cbn_unif_mixture,CMIIC,"{""alpha"": 0.05}",10,15,3000,16,/home/mathis/Documents/Travail/cbnsl_benchmark/experiments/scaling/agrum3/../../../experiments/scaling/agrum3/2026-07-31_10h35_cbn_unif_mixture/graphs/golden__v10_a15_g16.json,/home/mathis/Documents/Travail/cbnsl_benchmark/experiments/scaling/agrum3/../../../experiments/scaling/agrum3/2026-07-31_10h35_cbn_unif_mixture/graphs/CMIIC__v10_a15_g16_s3000.json,,5.160733785000048,15.0,10.0,0.0,0.5,0.0,0.3333333333333333
cbn_unif_mixture,CPC,"{""alpha"": 0.05, ""max_conditioning_set_size"": 3}",10,15,5000,16,/home/mathis/Documents/Travail/cbnsl_benchmark/experiments/scaling/agrum3/../../../experiments/scaling/agrum3/2026-07-31_10h35_cbn_unif_mixture/graphs/golden__v10_a15_g16.json,/home/mathis/Documents/Travail/cbnsl_benchmark/experiments/scaling/agrum3/../../../experiments/scaling/agrum3/2026-07-31_10h35_cbn_unif_mixture/graphs/CPC__v10_a15_g16_s5000.json,,11.030350705004821,9.0,3.0,0.64,0.9032258064516129,0.8888888888888888,0.9333333333333333
cbn_unif_mixture,CMIIC,"{""alpha"": 0.05}",10,15,5000,16,/home/mathis/Documents/Travail/cbnsl_benchmark/experiments/scaling/agrum3/../../../experiments/scaling/agrum3/2026-07-31_10h35_cbn_unif_mixture/graphs/golden__v10_a15_g16.json,/home/mathis/Documents/Travail/cbnsl_benchmark/experiments/scaling/agrum3/../../../experiments/scaling/agrum3/2026-07-31_10h35_cbn_unif_mixture/graphs/CMIIC__v10_a15_g16_s5000.json,,12.571736091005732,15.0,10.0,0.0,0.5,0.0,0.3333333333333333
cbn_unif_mixture,CPC,"{""alpha"": 0.05, ""max_conditioning_set_size"": 3}",10,15,200,17,/home/mathis/Documents/Travail/cbnsl_benchmark/experiments/scaling/agrum3/../../../experiments/scaling/agrum3/2026-07-31_10h35_cbn_unif_mixture/graphs/golden__v10_a15_g17.json,/home/mathis/Documents/Travail/cbnsl_benchmark/experiments/scaling/agrum3/../../../experiments/scaling/agrum3/2026-07-31_10h35_cbn_unif_mixture/graphs/CPC__v10_a15_g17_s200.json,,0.012682772001426201,14.0,13.0,0.125,0.23529411764705882,0.07142857142857142,0.13333333333333333
cbn_unif_mixture,CMIIC,"{""alpha"": 0.05}",10,15,200,17,/home/mathis/Documents/Travail/cbnsl_benchmark/experiments/scaling/agrum3/../../../experiments/scaling/agrum3/2026-07-31_10h35_cbn_unif_mixture/graphs/golden__v10_a15_g17.json,/home/mathis/Documents/Travail/cbnsl_benchmark/experiments/scaling/agrum3/../../../experiments/scaling/agrum3/2026-07-31_10h35_cbn_unif_mixture/graphs/CMIIC__v10_a15_g17_s200.json,,0.04905245600093622,12.0,11.0,0.4,0.47619047619047616,0.2857142857142857,0.3333333333333333
cbn_unif_mixture,CPC,"{""alpha"": 0.05, ""max_conditioning_set_size"": 3}",10,15,500,17,/home/mathis/Documents/Travail/cbnsl_benchmark/experiments/scaling/agrum3/../../../experiments/scaling/agrum3/2026-07-31_10h35_cbn_unif_mixture/graphs/golden__v10_a15_g17.json,/home/mathis/Documents/Travail/cbnsl_benchmark/experiments/scaling/agrum3/../../../experiments/scaling/agrum3/2026-07-31_10h35_cbn_unif_mixture/graphs/CPC__v10_a15_g17_s500.json,,0.0606653240029118,13.0,12.0,0.23529411764705882,0.33333333333333337,0.14285714285714285,0.2
cbn_unif_mixture,CMIIC,"{""alpha"": 0.05}",10,15,500,17,/home/mathis/Documents/Travail/cbnsl_benchmark/experiments/scaling/agrum3/../../../experiments/scaling/agrum3/2026-07-31_10h35_cbn_unif_mixture/graphs/golden__v10_a15_g17.json,/home/mathis/Documents/Travail/cbnsl_benchmark/experiments/scaling/agrum3/../../../experiments/scaling/agrum3/2026-07-31_10h35_cbn_unif_mixture/graphs/CMIIC__v10_a15_g17_s500.json,,0.3007141169946408,9.0,7.0,0.5714285714285714,0.6956521739130436,0.46153846153846156,0.5333333333333333
cbn_unif_mixture,CPC,"{""alpha"": 0.05, ""max_conditioning_set_size"": 3}",10,15,1000,17,/home/mathis/Documents/Travail/cbnsl_benchmark/experiments/scaling/agrum3/../../../experiments/scaling/agrum3/2026-07-31_10h35_cbn_unif_mixture/graphs/golden__v10_a15_g17.json,/home/mathis/Documents/Travail/cbnsl_benchmark/experiments/scaling/agrum3/../../../experiments/scaling/agrum3/2026-07-31_10h35_cbn_unif_mixture/graphs/CPC__v10_a15_g17_s1000.json,,0.30871921200014185,12.0,3.0,0.3333333333333333,0.888888888888889,0.5,0.8
cbn_unif_mixture,CMIIC,"{""alpha"": 0.05}",10,15,1000,17,/home/mathis/Documents/Travail/cbnsl_benchmark/experiments/scaling/agrum3/../../../experiments/scaling/agrum3/2026-07-31_10h35_cbn_unif_mixture/graphs/golden__v10_a15_g17.json,/home/mathis/Documents/Travail/cbnsl_benchmark/experiments/scaling/agrum3/../../../experiments/scaling/agrum3/2026-07-31_10h35_cbn_unif_mixture/graphs/CMIIC__v10_a15_g17_s1000.json,,1.0934411950001959,8.0,5.0,0.6363636363636365,0.8,0.5833333333333334,0.6666666666666666
cbn_unif_mixture,CPC,"{""alpha"": 0.05, ""max_conditioning_set_size"": 3}",10,15,3000,17,/home/mathis/Documents/Travail/cbnsl_benchmark/experiments/scaling/agrum3/../../../experiments/scaling/agrum3/2026-07-31_10h35_cbn_unif_mixture/graphs/golden__v10_a15_g17.json,/home/mathis/Documents/Travail/cbnsl_benchmark/experiments/scaling/agrum3/../../../experiments/scaling/agrum3/2026-07-31_10h35_cbn_unif_mixture/graphs/CPC__v10_a15_g17_s3000.json,,5.759741346999363,11.0,2.0,0.42105263157894735,0.9285714285714286,0.6666666666666666,0.8666666666666667
cbn_unif_mixture,CMIIC,"{""alpha"": 0.05}",10,15,3000,17,/home/mathis/Documents/Travail/cbnsl_benchmark/experiments/scaling/agrum3/../../../experiments/scaling/agrum3/2026-07-31_10h35_cbn_unif_mixture/graphs/golden__v10_a15_g17.json,/home/mathis/Documents/Travail/cbnsl_benchmark/experiments/scaling/agrum3/../../../experiments/scaling/agrum3/2026-07-31_10h35_cbn_unif_mixture/graphs/CMIIC__v10_a15_g17_s3000.json,,9.689923384001304,8.0,4.0,0.6363636363636364,0.846153846153846,0.6363636363636364,0.7333333333333333
cbn_unif_mixture,CPC,"{""alpha"": 0.05, ""max_conditioning_set_size"": 3}",10,15,5000,17,/home/mathis/Documents/Travail/cbnsl_benchmark/experiments/scaling/agrum3/../../../experiments/scaling/agrum3/2026-07-31_10h35_cbn_unif_mixture/graphs/golden__v10_a15_g17.json,/home/mathis/Documents/Travail/cbnsl_benchmark/experiments/scaling/agrum3/../../../experiments/scaling/agrum3/2026-07-31_10h35_cbn_unif_mixture/graphs/CPC__v10_a15_g17_s5000.json,,23.033742376996088,12.0,2.0,0.33333333333333337,0.9285714285714286,0.6,0.8666666666666667
cbn_unif_mixture,CMIIC,"{""alpha"": 0.05}",10,15,5000,17,/home/mathis/Documents/Travail/cbnsl_benchmark/experiments/scaling/agrum3/../../../experiments/scaling/agrum3/2026-07-31_10h35_cbn_unif_mixture/graphs/golden__v10_a15_g17.json,/home/mathis/Documents/Travail/cbnsl_benchmark/experiments/scaling/agrum3/../../../experiments/scaling/agrum3/2026-07-31_10h35_cbn_unif_mixture/graphs/CMIIC__v10_a15_g17_s5000.json,,30.61084719599603,6.0,3.0,0.75,0.888888888888889,0.75,0.8
cbn_unif_mixture,CPC,"{""alpha"": 0.05, ""max_conditioning_set_size"": 3}",10,15,200,18,/home/mathis/Documents/Travail/cbnsl_benchmark/experiments/scaling/agrum3/../../../experiments/scaling/agrum3/2026-07-31_10h35_cbn_unif_mixture/graphs/golden__v10_a15_g18.json,/home/mathis/Documents/Travail/cbnsl_benchmark/experiments/scaling/agrum3/../../../experiments/scaling/agrum3/2026-07-31_10h35_cbn_unif_mixture/graphs/CPC__v10_a15_g18_s200.json,,0.01171556299959775,15.0,15.0,0.0,0.0,0.0,0.0
cbn_unif_mixture,CMIIC,"{""alpha"": 0.05}",10,15,200,18,/home/mathis/Documents/Travail/cbnsl_benchmark/experiments/scaling/agrum3/../../../experiments/scaling/agrum3/2026-07-31_10h35_cbn_unif_mixture/graphs/golden__v10_a15_g18.json,/home/mathis/Documents/Travail/cbnsl_benchmark/experiments/scaling/agrum3/../../../experiments/scaling/agrum3/2026-07-31_10h35_cbn_unif_mixture/graphs/CMIIC__v10_a15_g18_s200.json,,0.04728825200436404,11.0,10.0,0.4210526315789473,0.5,0.2857142857142857,0.3333333333333333
cbn_unif_mixture,CPC,"{""alpha"": 0.05, ""max_conditioning_set_size"": 3}",10,15,500,18,/home/mathis/Documents/Travail/cbnsl_benchmark/experiments/scaling/agrum3/../../../experiments/scaling/agrum3/2026-07-31_10h35_cbn_unif_mixture/graphs/golden__v10_a15_g18.json,/home/mathis/Documents/Travail/cbnsl_benchmark/experiments/scaling/agrum3/../../../experiments/scaling/agrum3/2026-07-31_10h35_cbn_unif_mixture/graphs/CPC__v10_a15_g18_s500.json,,0.07472731000598287,16.0,14.0,0.0,0.2222222222222222,0.0,0.13333333333333333
cbn_unif_mixture,CMIIC,"{""alpha"": 0.05}",10,15,500,18,/home/mathis/Documents/Travail/cbnsl_benchmark/experiments/scaling/agrum3/../../../experiments/scaling/agrum3/2026-07-31_10h35_cbn_unif_mixture/graphs/golden__v10_a15_g18.json,/home/mathis/Documents/Travail/cbnsl_benchmark/experiments/scaling/agrum3/../../../experiments/scaling/agrum3/2026-07-31_10h35_cbn_unif_mixture/graphs/CMIIC__v10_a15_g18_s500.json,,0.4202935110006365,11.0,8.0,0.4210526315789474,0.6363636363636364,0.3333333333333333,0.4666666666666667
cbn_unif_mixture,CPC,"{""alpha"": 0.05, ""max_conditioning_set_size"": 3}",10,15,1000,18,/home/mathis/Documents/Travail/cbnsl_benchmark/experiments/scaling/agrum3/../../../experiments/scaling/agrum3/2026-07-31_10h35_cbn_unif_mixture/graphs/golden__v10_a15_g18.json,/home/mathis/Documents/Travail/cbnsl_benchmark/experiments/scaling/agrum3/../../../experiments/scaling/agrum3/2026-07-31_10h35_cbn_unif_mixture/graphs/CPC__v10_a15_g18_s1000.json,,0.26945382700068876,13.0,10.0,0.23529411764705882,0.5,0.16666666666666666,0.3333333333333333
cbn_unif_mixture,CMIIC,"{""alpha"": 0.05}",10,15,1000,18,/home/mathis/Documents/Travail/cbnsl_benchmark/experiments/scaling/agrum3/../../../experiments/scaling/agrum3/2026-07-31_10h35_cbn_unif_mixture/graphs/golden__v10_a15_g18.json,/home/mathis/Documents/Travail/cbnsl_benchmark/experiments/scaling/agrum3/../../../experiments/scaling/agrum3/2026-07-31_10h35_cbn_unif_mixture/graphs/CMIIC__v10_a15_g18_s1000.json,,0.8270410179975443,11.0,9.0,0.42105263157894735,0.5714285714285715,0.3076923076923077,0.4
cbn_unif_mixture,CPC,"{""alpha"": 0.05, ""max_conditioning_set_size"": 3}",10,15,3000,18,/home/mathis/Documents/Travail/cbnsl_benchmark/experiments/scaling/agrum3/../../../experiments/scaling/agrum3/2026-07-31_10h35_cbn_unif_mixture/graphs/golden__v10_a15_g18.json,/home/mathis/Documents/Travail/cbnsl_benchmark/experiments/scaling/agrum3/../../../experiments/scaling/agrum3/2026-07-31_10h35_cbn_unif_mixture/graphs/CPC__v10_a15_g18_s3000.json,,4.110072610004863,13.0,4.0,0.3157894736842105,0.8571428571428571,0.5,0.8
cbn_unif_mixture,CMIIC,"{""alpha"": 0.05}",10,15,3000,18,/home/mathis/Documents/Travail/cbnsl_benchmark/experiments/scaling/agrum3/../../../experiments/scaling/agrum3/2026-07-31_10h35_cbn_unif_mixture/graphs/golden__v10_a15_g18.json,/home/mathis/Documents/Travail/cbnsl_benchmark/experiments/scaling/agrum3/../../../experiments/scaling/agrum3/2026-07-31_10h35_cbn_unif_mixture/graphs/CMIIC__v10_a15_g18_s3000.json,,8.294976618999499,11.0,10.0,0.4761904761904762,0.5454545454545455,0.35714285714285715,0.4
cbn_unif_mixture,CPC,"{""alpha"": 0.05, ""max_conditioning_set_size"": 3}",10,15,5000,18,/home/mathis/Documents/Travail/cbnsl_benchmark/experiments/scaling/agrum3/../../../experiments/scaling/agrum3/2026-07-31_10h35_cbn_unif_mixture/graphs/golden__v10_a15_g18.json,/home/mathis/Documents/Travail/cbnsl_benchmark/experiments/scaling/agrum3/../../../experiments/scaling/agrum3/2026-07-31_10h35_cbn_unif_mixture/graphs/CPC__v10_a15_g18_s5000.json,,16.643345655000303,13.0,3.0,0.3157894736842105,0.896551724137931,0.6,0.8666666666666667
cbn_unif_mixture,CMIIC,"{""alpha"": 0.05}",10,15,5000,18,/home/mathis/Documents/Travail/cbnsl_benchmark/experiments/scaling/agrum3/../../../experiments/scaling/agrum3/2026-07-31_10h35_cbn_unif_mixture/graphs/golden__v10_a15_g18.json,/home/mathis/Documents/Travail/cbnsl_benchmark/experiments/scaling/agrum3/../../../experiments/scaling/agrum3/2026-07-31_10h35_cbn_unif_mixture/graphs/CMIIC__v10_a15_g18_s5000.json,,26.477990627005056,11.0,9.0,0.4761904761904762,0.608695652173913,0.38461538461538464,0.4666666666666667
cbn_unif_mixture,CPC,"{""alpha"": 0.05, ""max_conditioning_set_size"": 3}",10,15,200,19,/home/mathis/Documents/Travail/cbnsl_benchmark/experiments/scaling/agrum3/../../../experiments/scaling/agrum3/2026-07-31_10h35_cbn_unif_mixture/graphs/golden__v10_a15_g19.json,/home/mathis/Documents/Travail/cbnsl_benchmark/experiments/scaling/agrum3/../../../experiments/scaling/agrum3/2026-07-31_10h35_cbn_unif_mixture/graphs/CPC__v10_a15_g19_s200.json,,0.011102625001512934,15.0,15.0,0.0,0.0,0.0,0.0
cbn_unif_mixture,CMIIC,"{""alpha"": 0.05}",10,15,200,19,/home/mathis/Documents/Travail/cbnsl_benchmark/experiments/scaling/agrum3/../../../experiments/scaling/agrum3/2026-07-31_10h35_cbn_unif_mixture/graphs/golden__v10_a15_g19.json,/home/mathis/Documents/Travail/cbnsl_benchmark/experiments/scaling/agrum3/../../../experiments/scaling/agrum3/2026-07-31_10h35_cbn_unif_mixture/graphs/CMIIC__v10_a15_g19_s200.json,,0.04733993900299538,12.0,10.0,0.33333333333333337,0.5,0.23076923076923078,0.3333333333333333
cbn_unif_mixture,CPC,"{""alpha"": 0.05, ""max_conditioning_set_size"": 3}",10,15,500,19,/home/mathis/Documents/Travail/cbnsl_benchmark/experiments/scaling/agrum3/../../../experiments/scaling/agrum3/2026-07-31_10h35_cbn_unif_mixture/graphs/golden__v10_a15_g19.json,/home/mathis/Documents/Travail/cbnsl_benchmark/experiments/scaling/agrum3/../../../experiments/scaling/agrum3/2026-07-31_10h35_cbn_unif_mixture/graphs/CPC__v10_a15_g19_s500.json,,0.06190517100185389,13.0,9.0,0.23529411764705885,0.5714285714285715,0.18181818181818182,0.4
cbn_unif_mixture,CMIIC,"{""alpha"": 0.05}",10,15,500,19,/home/mathis/Documents/Travail/cbnsl_benchmark/experiments/scaling/agrum3/../../../experiments/scaling/agrum3/2026-07-31_10h35_cbn_unif_mixture/graphs/golden__v10_a15_g19.json,/home/mathis/Documents/Travail/cbnsl_benchmark/experiments/scaling/agrum3/../../../experiments/scaling/agrum3/2026-07-31_10h35_cbn_unif_mixture/graphs/CMIIC__v10_a15_g19_s500.json,,0.27622658899781527,11.0,8.0,0.4210526315789474,0.6363636363636364,0.3333333333333333,0.4666666666666667
cbn_unif_mixture,CPC,"{""alpha"": 0.05, ""max_conditioning_set_size"": 3}",10,15,1000,19,/home/mathis/Documents/Travail/cbnsl_benchmark/experiments/scaling/agrum3/../../../experiments/scaling/agrum3/2026-07-31_10h35_cbn_unif_mixture/graphs/golden__v10_a15_g19.json,/home/mathis/Documents/Travail/cbnsl_benchmark/experiments/scaling/agrum3/../../../experiments/scaling/agrum3/2026-07-31_10h35_cbn_unif_mixture/graphs/CPC__v10_a15_g19_s1000.json,,0.29595386200526264,14.0,8.0,0.125,0.6363636363636364,0.1111111111111111,0.4666666666666667
cbn_unif_mixture,CMIIC,"{""alpha"": 0.05}",10,15,1000,19,/home/mathis/Documents/Travail/cbnsl_benchmark/experiments/scaling/agrum3/../../../experiments/scaling/agrum3/2026-07-31_10h35_cbn_unif_mixture/graphs/golden__v10_a15_g19.json,/home/mathis/Documents/Travail/cbnsl_benchmark/experiments/scaling/agrum3/../../../experiments/scaling/agrum3/2026-07-31_10h35_cbn_unif_mixture/graphs/CMIIC__v10_a15_g19_s1000.json,,0.8839736160007305,11.0,9.0,0.42105263157894735,0.5714285714285715,0.3076923076923077,0.4
cbn_unif_mixture,CPC,"{""alpha"": 0.05, ""max_conditioning_set_size"": 3}",10,15,3000,19,/home/mathis/Documents/Travail/cbnsl_benchmark/experiments/scaling/agrum3/../../../experiments/scaling/agrum3/2026-07-31_10h35_cbn_unif_mixture/graphs/golden__v10_a15_g19.json,/home/mathis/Documents/Travail/cbnsl_benchmark/experiments/scaling/agrum3/../../../experiments/scaling/agrum3/2026-07-31_10h35_cbn_unif_mixture/graphs/CPC__v10_a15_g19_s3000.json,,6.0655076620023465,15.0,5.0,0.0,0.8,0.0,0.6666666666666666
cbn_unif_mixture,CMIIC,"{""alpha"": 0.05}",10,15,3000,19,/home/mathis/Documents/Travail/cbnsl_benchmark/experiments/scaling/agrum3/../../../experiments/scaling/agrum3/2026-07-31_10h35_cbn_unif_mixture/graphs/golden__v10_a15_g19.json,/home/mathis/Documents/Travail/cbnsl_benchmark/experiments/scaling/agrum3/../../../experiments/scaling/agrum3/2026-07-31_10h35_cbn_unif_mixture/graphs/CMIIC__v10_a15_g19_s3000.json,,9.76083309200476,10.0,5.0,0.5,0.8,0.5,0.6666666666666666
cbn_unif_mixture,CPC,"{""alpha"": 0.05, ""max_conditioning_set_size"": 3}",10,15,5000,19,/home/mathis/Documents/Travail/cbnsl_benchmark/experiments/scaling/agrum3/../../../experiments/scaling/agrum3/2026-07-31_10h35_cbn_unif_mixture/graphs/golden__v10_a15_g19.json,/home/mathis/Documents/Travail/cbnsl_benchmark/experiments/scaling/agrum3/../../../experiments/scaling/agrum3/2026-07-31_10h35_cbn_unif_mixture/graphs/CPC__v10_a15_g19_s5000.json,,16.401803063999978,11.0,2.0,0.42105263157894735,0.9285714285714286,0.6666666666666666,0.8666666666666667
cbn_unif_mixture,CMIIC,"{""alpha"": 0.05}",10,15,5000,19,/home/mathis/Documents/Travail/cbnsl_benchmark/experiments/scaling/agrum3/../../../experiments/scaling/agrum3/2026-07-31_10h35_cbn_unif_mixture/graphs/golden__v10_a15_g19.json,/home/mathis/Documents/Travail/cbnsl_benchmark/experiments/scaling/agrum3/../../../experiments/scaling/agrum3/2026-07-31_10h35_cbn_unif_mixture/graphs/CMIIC__v10_a15_g19_s5000.json,,21.849098218001018,10.0,4.0,0.5,0.846153846153846,0.5555555555555556,0.7333333333333333
cbn_unif_mixture,CPC,"{""alpha"": 0.05, ""max_conditioning_set_size"": 3}",10,15,200,20,/home/mathis/Documents/Travail/cbnsl_benchmark/experiments/scaling/agrum3/../../../experiments/scaling/agrum3/2026-07-31_10h35_cbn_unif_mixture/graphs/golden__v10_a15_g20.json,/home/mathis/Documents/Travail/cbnsl_benchmark/experiments/scaling/agrum3/../../../experiments/scaling/agrum3/2026-07-31_10h35_cbn_unif_mixture/graphs/CPC__v10_a15_g20_s200.json,,0.010671921998437028,10.0,10.0,0.16666666666666669,0.16666666666666669,0.09090909090909091,0.09090909090909091
cbn_unif_mixture,CMIIC,"{""alpha"": 0.05}",10,15,200,20,/home/mathis/Documents/Travail/cbnsl_benchmark/experiments/scaling/agrum3/../../../experiments/scaling/agrum3/2026-07-31_10h35_cbn_unif_mixture/graphs/golden__v10_a15_g20.json,/home/mathis/Documents/Travail/cbnsl_benchmark/experiments/scaling/agrum3/../../../experiments/scaling/agrum3/2026-07-31_10h35_cbn_unif_mixture/graphs/CMIIC__v10_a15_g20_s200.json,,0.023742996003420558,9.0,9.0,0.3076923076923077,0.3076923076923077,0.18181818181818182,0.18181818181818182
cbn_unif_mixture,CPC,"{""alpha"": 0.05, ""max_conditioning_set_size"": 3}",10,15,500,20,/home/mathis/Documents/Travail/cbnsl_benchmark/experiments/scaling/agrum3/../../../experiments/scaling/agrum3/2026-07-31_10h35_cbn_unif_mixture/graphs/golden__v10_a15_g20.json,/home/mathis/Documents/Travail/cbnsl_benchmark/experiments/scaling/agrum3/../../../experiments/scaling/agrum3/2026-07-31_10h35_cbn_unif_mixture/graphs/CPC__v10_a15_g20_s500.json,,0.05271112500486197,10.0,7.0,0.16666666666666666,0.5333333333333333,0.125,0.36363636363636365
cbn_unif_mixture,CMIIC,"{""alpha"": 0.05}",10,15,500,20,/home/mathis/Documents/Travail/cbnsl_benchmark/experiments/scaling/agrum3/../../../experiments/scaling/agrum3/2026-07-31_10h35_cbn_unif_mixture/graphs/golden__v10_a15_g20.json,/home/mathis/Documents/Travail/cbnsl_benchmark/experiments/scaling/agrum3/../../../experiments/scaling/agrum3/2026-07-31_10h35_cbn_unif_mixture/graphs/CMIIC__v10_a15_g20_s500.json,,0.25860186900536064,8.0,6.0,0.42857142857142855,0.625,0.3333333333333333,0.45454545454545453
cbn_unif_mixture,CPC,"{""alpha"": 0.05, ""max_conditioning_set_size"": 3}",10,15,1000,20,/home/mathis/Documents/Travail/cbnsl_benchmark/experiments/scaling/agrum3/../../../experiments/scaling/agrum3/2026-07-31_10h35_cbn_unif_mixture/graphs/golden__v10_a15_g20.json,/home/mathis/Documents/Travail/cbnsl_benchmark/experiments/scaling/agrum3/../../../experiments/scaling/agrum3/2026-07-31_10h35_cbn_unif_mixture/graphs/CPC__v10_a15_g20_s1000.json,,0.298146426997846,8.0,3.0,0.42857142857142855,0.8421052631578948,0.5,0.7272727272727273
cbn_unif_mixture,CMIIC,"{""alpha"": 0.05}",10,15,1000,20,/home/mathis/Documents/Travail/cbnsl_benchmark/experiments/scaling/agrum3/../../../experiments/scaling/agrum3/2026-07-31_10h35_cbn_unif_mixture/graphs/golden__v10_a15_g20.json,/home/mathis/Documents/Travail/cbnsl_benchmark/experiments/scaling/agrum3/../../../experiments/scaling/agrum3/2026-07-31_10h35_cbn_unif_mixture/graphs/CMIIC__v10_a15_g20_s1000.json,,0.6334348210002645,8.0,7.0,0.4285714285714285,0.5333333333333333,0.3,0.36363636363636365
cbn_unif_mixture,CPC,"{""alpha"": 0.05, ""max_conditioning_set_size"": 3}",10,15,3000,20,/home/mathis/Documents/Travail/cbnsl_benchmark/experiments/scaling/agrum3/../../../experiments/scaling/agrum3/2026-07-31_10h35_cbn_unif_mixture/graphs/golden__v10_a15_g20.json,/home/mathis/Documents/Travail/cbnsl_benchmark/experiments/scaling/agrum3/../../../experiments/scaling/agrum3/2026-07-31_10h35_cbn_unif_mixture/graphs/CPC__v10_a15_g20_s3000.json,,1.9622575589964981,8.0,0.0,0.42857142857142855,1.0,1.0,1.0
cbn_unif_mixture,CMIIC,"{""alpha"": 0.05}",10,15,3000,20,/home/mathis/Documents/Travail/cbnsl_benchmark/experiments/scaling/agrum3/../../../experiments/scaling/agrum3/2026-07-31_10h35_cbn_unif_mixture/graphs/golden__v10_a15_g20.json,/home/mathis/Documents/Travail/cbnsl_benchmark/experiments/scaling/agrum3/../../../experiments/scaling/agrum3/2026-07-31_10h35_cbn_unif_mixture/graphs/CMIIC__v10_a15_g20_s3000.json,,4.782741928996984,8.0,6.0,0.42857142857142855,0.625,0.3333333333333333,0.45454545454545453
cbn_unif_mixture,CPC,"{""alpha"": 0.05, ""max_conditioning_set_size"": 3}",10,15,5000,20,/home/mathis/Documents/Travail/cbnsl_benchmark/experiments/scaling/agrum3/../../../experiments/scaling/agrum3/2026-07-31_10h35_cbn_unif_mixture/graphs/golden__v10_a15_g20.json,/home/mathis/Documents/Travail/cbnsl_benchmark/experiments/scaling/agrum3/../../../experiments/scaling/agrum3/2026-07-31_10h35_cbn_unif_mixture/graphs/CPC__v10_a15_g20_s5000.json,,5.433917791000567,10.0,0.0,0.16666666666666669,1.0,1.0,1.0
cbn_unif_mixture,CMIIC,"{""alpha"": 0.05}",10,15,5000,20,/home/mathis/Documents/Travail/cbnsl_benchmark/experiments/scaling/agrum3/../../../experiments/scaling/agrum3/2026-07-31_10h35_cbn_unif_mixture/graphs/golden__v10_a15_g20.json,/home/mathis/Documents/Travail/cbnsl_benchmark/experiments/scaling/agrum3/../../../experiments/scaling/agrum3/2026-07-31_10h35_cbn_unif_mixture/graphs/CMIIC__v10_a15_g20_s5000.json,,12.664822586004448,8.0,6.0,0.42857142857142855,0.625,0.3333333333333333,0.45454545454545453
cbn_unif_mixture,CPC,"{""alpha"": 0.05, ""max_conditioning_set_size"": 3}",10,15,200,21,/home/mathis/Documents/Travail/cbnsl_benchmark/experiments/scaling/agrum3/../../../experiments/scaling/agrum3/2026-07-31_10h35_cbn_unif_mixture/graphs/golden__v10_a15_g21.json,/home/mathis/Documents/Travail/cbnsl_benchmark/experiments/scaling/agrum3/../../../experiments/scaling/agrum3/2026-07-31_10h35_cbn_unif_mixture/graphs/CPC__v10_a15_g21_s200.json,,0.011221730994293466,15.0,15.0,0.0,0.0,0.0,0.0
cbn_unif_mixture,CMIIC,"{""alpha"": 0.05}",10,15,200,21,/home/mathis/Documents/Travail/cbnsl_benchmark/experiments/scaling/agrum3/../../../experiments/scaling/agrum3/2026-07-31_10h35_cbn_unif_mixture/graphs/golden__v10_a15_g21.json,/home/mathis/Documents/Travail/cbnsl_benchmark/experiments/scaling/agrum3/../../../experiments/scaling/agrum3/2026-07-31_10h35_cbn_unif_mixture/graphs/CMIIC__v10_a15_g21_s200.json,,0.030488714000966866,15.0,12.0,0.0,0.33333333333333337,0.0,0.2
cbn_unif_mixture,CPC,"{""alpha"": 0.05, ""max_conditioning_set_size"": 3}",10,15,500,21,/home/mathis/Documents/Travail/cbnsl_benchmark/experiments/scaling/agrum3/../../../experiments/scaling/agrum3/2026-07-31_10h35_cbn_unif_mixture/graphs/golden__v10_a15_g21.json,/home/mathis/Documents/Travail/cbnsl_benchmark/experiments/scaling/agrum3/../../../experiments/scaling/agrum3/2026-07-31_10h35_cbn_unif_mixture/graphs/CPC__v10_a15_g21_s500.json,,0.05015554300189251,14.0,12.0,0.125,0.33333333333333337,0.07692307692307693,0.2
cbn_unif_mixture,CMIIC,"{""alpha"": 0.05}",10,15,500,21,/home/mathis/Documents/Travail/cbnsl_benchmark/experiments/scaling/agrum3/../../../experiments/scaling/agrum3/2026-07-31_10h35_cbn_unif_mixture/graphs/golden__v10_a15_g21.json,/home/mathis/Documents/Travail/cbnsl_benchmark/experiments/scaling/agrum3/../../../experiments/scaling/agrum3/2026-07-31_10h35_cbn_unif_mixture/graphs/CMIIC__v10_a15_g21_s500.json,,0.15789268799562706,14.0,10.0,0.12500000000000003,0.5,0.09090909090909091,0.3333333333333333
cbn_unif_mixture,CPC,"{""alpha"": 0.05, ""max_conditioning_set_size"": 3}",10,15,1000,21,/home/mathis/Documents/Travail/cbnsl_benchmark/experiments/scaling/agrum3/../../../experiments/scaling/agrum3/2026-07-31_10h35_cbn_unif_mixture/graphs/golden__v10_a15_g21.json,/home/mathis/Documents/Travail/cbnsl_benchmark/experiments/scaling/agrum3/../../../experiments/scaling/agrum3/2026-07-31_10h35_cbn_unif_mixture/graphs/CPC__v10_a15_g21_s1000.json,,0.3125026970010367,13.0,11.0,0.23529411764705882,0.4210526315789474,0.15384615384615385,0.26666666666666666
cbn_unif_mixture,CMIIC,"{""alpha"": 0.05}",10,15,1000,21,/home/mathis/Documents/Travail/cbnsl_benchmark/experiments/scaling/agrum3/../../../experiments/scaling/agrum3/2026-07-31_10h35_cbn_unif_mixture/graphs/golden__v10_a15_g21.json,/home/mathis/Documents/Travail/cbnsl_benchmark/experiments/scaling/agrum3/../../../experiments/scaling/agrum3/2026-07-31_10h35_cbn_unif_mixture/graphs/CMIIC__v10_a15_g21_s1000.json,,0.665032782999333,14.0,11.0,0.125,0.4210526315789474,0.08333333333333333,0.26666666666666666
cbn_unif_mixture,CPC,"{""alpha"": 0.05, ""max_conditioning_set_size"": 3}",10,15,3000,21,/home/mathis/Documents/Travail/cbnsl_benchmark/experiments/scaling/agrum3/../../../experiments/scaling/agrum3/2026-07-31_10h35_cbn_unif_mixture/graphs/golden__v10_a15_g21.json,/home/mathis/Documents/Travail/cbnsl_benchmark/experiments/scaling/agrum3/../../../experiments/scaling/agrum3/2026-07-31_10h35_cbn_unif_mixture/graphs/CPC__v10_a15_g21_s3000.json,,3.0898845929987147,12.0,3.0,0.3333333333333333,0.888888888888889,0.5,0.8
cbn_unif_mixture,CMIIC,"{""alpha"": 0.05}",10,15,3000,21,/home/mathis/Documents/Travail/cbnsl_benchmark/experiments/scaling/agrum3/../../../experiments/scaling/agrum3/2026-07-31_10h35_cbn_unif_mixture/graphs/golden__v10_a15_g21.json,/home/mathis/Documents/Travail/cbnsl_benchmark/experiments/scaling/agrum3/../../../experiments/scaling/agrum3/2026-07-31_10h35_cbn_unif_mixture/graphs/CMIIC__v10_a15_g21_s3000.json,,5.0424825769950985,14.0,10.0,0.12500000000000003,0.5,0.09090909090909091,0.3333333333333333
cbn_unif_mixture,CPC,"{""alpha"": 0.05, ""max_conditioning_set_size"": 3}",10,15,5000,21,/home/mathis/Documents/Travail/cbnsl_benchmark/experiments/scaling/agrum3/../../../experiments/scaling/agrum3/2026-07-31_10h35_cbn_unif_mixture/graphs/golden__v10_a15_g21.json,/home/mathis/Documents/Travail/cbnsl_benchmark/experiments/scaling/agrum3/../../../experiments/scaling/agrum3/2026-07-31_10h35_cbn_unif_mixture/graphs/CPC__v10_a15_g21_s5000.json,,10.436599943997862,9.0,0.0,0.5714285714285715,1.0,1.0,1.0
cbn_unif_mixture,CMIIC,"{""alpha"": 0.05}",10,15,5000,21,/home/mathis/Documents/Travail/cbnsl_benchmark/experiments/scaling/agrum3/../../../experiments/scaling/agrum3/2026-07-31_10h35_cbn_unif_mixture/graphs/golden__v10_a15_g21.json,/home/mathis/Documents/Travail/cbnsl_benchmark/experiments/scaling/agrum3/../../../experiments/scaling/agrum3/2026-07-31_10h35_cbn_unif_mixture/graphs/CMIIC__v10_a15_g21_s5000.json,,16.92369668599713,13.0,7.0,0.23529411764705882,0.6956521739130436,0.2222222222222222,0.5333333333333333
cbn_unif_mixture,CPC,"{""alpha"": 0.05, ""max_conditioning_set_size"": 3}",10,15,200,22,/home/mathis/Documents/Travail/cbnsl_benchmark/experiments/scaling/agrum3/../../../experiments/scaling/agrum3/2026-07-31_10h35_cbn_unif_mixture/graphs/golden__v10_a15_g22.json,/home/mathis/Documents/Travail/cbnsl_benchmark/experiments/scaling/agrum3/../../../experiments/scaling/agrum3/2026-07-31_10h35_cbn_unif_mixture/graphs/CPC__v10_a15_g22_s200.json,,0.011837778001790866,14.0,14.0,0.125,0.125,0.06666666666666667,0.06666666666666667
cbn_unif_mixture,CMIIC,"{""alpha"": 0.05}",10,15,200,22,/home/mathis/Documents/Travail/cbnsl_benchmark/experiments/scaling/agrum3/../../../experiments/scaling/agrum3/2026-07-31_10h35_cbn_unif_mixture/graphs/golden__v10_a15_g22.json,/home/mathis/Documents/Travail/cbnsl_benchmark/experiments/scaling/agrum3/../../../experiments/scaling/agrum3/2026-07-31_10h35_cbn_unif_mixture/graphs/CMIIC__v10_a15_g22_s200.json,,0.04736962700553704,9.0,8.0,0.5714285714285714,0.6363636363636364,0.42857142857142855,0.4666666666666667
cbn_unif_mixture,CPC,"{""alpha"": 0.05, ""max_conditioning_set_size"": 3}",10,15,500,22,/home/mathis/Documents/Travail/cbnsl_benchmark/experiments/scaling/agrum3/../../../experiments/scaling/agrum3/2026-07-31_10h35_cbn_unif_mixture/graphs/golden__v10_a15_g22.json,/home/mathis/Documents/Travail/cbnsl_benchmark/experiments/scaling/agrum3/../../../experiments/scaling/agrum3/2026-07-31_10h35_cbn_unif_mixture/graphs/CPC__v10_a15_g22_s500.json,,0.07154799999989336,14.0,10.0,0.12500000000000003,0.5,0.09090909090909091,0.3333333333333333
cbn_unif_mixture,CMIIC,"{""alpha"": 0.05}",10,15,500,22,/home/mathis/Documents/Travail/cbnsl_benchmark/experiments/scaling/agrum3/../../../experiments/scaling/agrum3/2026-07-31_10h35_cbn_unif_mixture/graphs/golden__v10_a15_g22.json,/home/mathis/Documents/Travail/cbnsl_benchmark/experiments/scaling/agrum3/../../../experiments/scaling/agrum3/2026-07-31_10h35_cbn_unif_mixture/graphs/CMIIC__v10_a15_g22_s500.json,,0.26692243100114865,8.0,6.0,0.6363636363636364,0.7499999999999999,0.5384615384615384,0.6
cbn_unif_mixture,CPC,"{""alpha"": 0.05, ""max_conditioning_set_size"": 3}",10,15,1000,22,/home/mathis/Documents/Travail/cbnsl_benchmark/experiments/scaling/agrum3/../../../experiments/scaling/agrum3/2026-07-31_10h35_cbn_unif_mixture/graphs/golden__v10_a15_g22.json,/home/mathis/Documents/Travail/cbnsl_benchmark/experiments/scaling/agrum3/../../../experiments/scaling/agrum3/2026-07-31_10h35_cbn_unif_mixture/graphs/CPC__v10_a15_g22_s1000.json,,0.38095489899569657,15.0,7.0,0.0,0.6956521739130436,0.0,0.5333333333333333
cbn_unif_mixture,CMIIC,"{""alpha"": 0.05}",10,15,1000,22,/home/mathis/Documents/Travail/cbnsl_benchmark/experiments/scaling/agrum3/../../../experiments/scaling/agrum3/2026-07-31_10h35_cbn_unif_mixture/graphs/golden__v10_a15_g22.json,/home/mathis/Documents/Travail/cbnsl_benchmark/experiments/scaling/agrum3/../../../experiments/scaling/agrum3/2026-07-31_10h35_cbn_unif_mixture/graphs/CMIIC__v10_a15_g22_s1000.json,,0.9601958669954911,8.0,6.0,0.6363636363636364,0.7499999999999999,0.5384615384615384,0.6
cbn_unif_mixture,CPC,"{""alpha"": 0.05, ""max_conditioning_set_size"": 3}",10,15,3000,22,/home/mathis/Documents/Travail/cbnsl_benchmark/experiments/scaling/agrum3/../../../experiments/scaling/agrum3/2026-07-31_10h35_cbn_unif_mixture/graphs/golden__v10_a15_g22.json,/home/mathis/Documents/Travail/cbnsl_benchmark/experiments/scaling/agrum3/../../../experiments/scaling/agrum3/2026-07-31_10h35_cbn_unif_mixture/graphs/CPC__v10_a15_g22_s3000.json,,3.8411370550020365,9.0,0.0,0.5714285714285715,1.0,1.0,1.0
cbn_unif_mixture,CMIIC,"{""alpha"": 0.05}",10,15,3000,22,/home/mathis/Documents/Travail/cbnsl_benchmark/experiments/scaling/agrum3/../../../experiments/scaling/agrum3/2026-07-31_10h35_cbn_unif_mixture/graphs/golden__v10_a15_g22.json,/home/mathis/Documents/Travail/cbnsl_benchmark/experiments/scaling/agrum3/../../../experiments/scaling/agrum3/2026-07-31_10h35_cbn_unif_mixture/graphs/CMIIC__v10_a15_g22_s3000.json,,8.348955162000493,7.0,4.0,0.6956521739130435,0.846153846153846,0.6666666666666666,0.7333333333333333
cbn_unif_mixture,CPC,"{""alpha"": 0.05, ""max_conditioning_set_size"": 3}",10,15,5000,22,/home/mathis/Documents/Travail/cbnsl_benchmark/experiments/scaling/agrum3/../../../experiments/scaling/agrum3/2026-07-31_10h35_cbn_unif_mixture/graphs/golden__v10_a15_g22.json,/home/mathis/Documents/Travail/cbnsl_benchmark/experiments/scaling/agrum3/../../../experiments/scaling/agrum3/2026-07-31_10h35_cbn_unif_mixture/graphs/CPC__v10_a15_g22_s5000.json,,11.665147170002456,13.0,0.0,0.23529411764705882,1.0,1.0,1.0
cbn_unif_mixture,CMIIC,"{""alpha"": 0.05}",10,15,5000,22,/home/mathis/Documents/Travail/cbnsl_benchmark/experiments/scaling/agrum3/../../../experiments/scaling/agrum3/2026-07-31_10h35_cbn_unif_mixture/graphs/golden__v10_a15_g22.json,/home/mathis/Documents/Travail/cbnsl_benchmark/experiments/scaling/agrum3/../../../experiments/scaling/agrum3/2026-07-31_10h35_cbn_unif_mixture/graphs/CMIIC__v10_a15_g22_s5000.json,,25.68249460300285,7.0,3.0,0.6956521739130435,0.888888888888889,0.7272727272727273,0.8
cbn_unif_mixture,CPC,"{""alpha"": 0.05, ""max_conditioning_set_size"": 3}",10,15,200,23,/home/mathis/Documents/Travail/cbnsl_benchmark/experiments/scaling/agrum3/../../../experiments/scaling/agrum3/2026-07-31_10h35_cbn_unif_mixture/graphs/golden__v10_a15_g23.json,/home/mathis/Documents/Travail/cbnsl_benchmark/experiments/scaling/agrum3/../../../experiments/scaling/agrum3/2026-07-31_10h35_cbn_unif_mixture/graphs/CPC__v10_a15_g23_s200.json,,0.010168606000661384,14.0,13.0,0.125,0.23529411764705882,0.07142857142857142,0.13333333333333333
cbn_unif_mixture,CMIIC,"{""alpha"": 0.05}",10,15,200,23,/home/mathis/Documents/Travail/cbnsl_benchmark/experiments/scaling/agrum3/../../../experiments/scaling/agrum3/2026-07-31_10h35_cbn_unif_mixture/graphs/golden__v10_a15_g23.json,/home/mathis/Documents/Travail/cbnsl_benchmark/experiments/scaling/agrum3/../../../experiments/scaling/agrum3/2026-07-31_10h35_cbn_unif_mixture/graphs/CMIIC__v10_a15_g23_s200.json,,0.03294828099751612,13.0,12.0,0.23529411764705882,0.33333333333333337,0.14285714285714285,0.2
cbn_unif_mixture,CPC,"{""alpha"": 0.05, ""max_conditioning_set_size"": 3}",10,15,500,23,/home/mathis/Documents/Travail/cbnsl_benchmark/experiments/scaling/agrum3/../../../experiments/scaling/agrum3/2026-07-31_10h35_cbn_unif_mixture/graphs/golden__v10_a15_g23.json,/home/mathis/Documents/Travail/cbnsl_benchmark/experiments/scaling/agrum3/../../../experiments/scaling/agrum3/2026-07-31_10h35_cbn_unif_mixture/graphs/CPC__v10_a15_g23_s500.json,,0.058090705002541654,12.0,11.0,0.3333333333333333,0.4210526315789474,0.21428571428571427,0.26666666666666666
cbn_unif_mixture,CMIIC,"{""alpha"": 0.05}",10,15,500,23,/home/mathis/Documents/Travail/cbnsl_benchmark/experiments/scaling/agrum3/../../../experiments/scaling/agrum3/2026-07-31_10h35_cbn_unif_mixture/graphs/golden__v10_a15_g23.json,/home/mathis/Documents/Travail/cbnsl_benchmark/experiments/scaling/agrum3/../../../experiments/scaling/agrum3/2026-07-31_10h35_cbn_unif_mixture/graphs/CMIIC__v10_a15_g23_s500.json,,0.26224042900139466,10.0,8.0,0.5,0.6363636363636364,0.38461538461538464,0.4666666666666667
cbn_unif_mixture,CPC,"{""alpha"": 0.05, ""max_conditioning_set_size"": 3}",10,15,1000,23,/home/mathis/Documents/Travail/cbnsl_benchmark/experiments/scaling/agrum3/../../../experiments/scaling/agrum3/2026-07-31_10h35_cbn_unif_mixture/graphs/golden__v10_a15_g23.json,/home/mathis/Documents/Travail/cbnsl_benchmark/experiments/scaling/agrum3/../../../experiments/scaling/agrum3/2026-07-31_10h35_cbn_unif_mixture/graphs/CPC__v10_a15_g23_s1000.json,,0.40157466199889313,15.0,5.0,0.0,0.8,0.0,0.6666666666666666
cbn_unif_mixture,CMIIC,"{""alpha"": 0.05}",10,15,1000,23,/home/mathis/Documents/Travail/cbnsl_benchmark/experiments/scaling/agrum3/../../../experiments/scaling/agrum3/2026-07-31_10h35_cbn_unif_mixture/graphs/golden__v10_a15_g23.json,/home/mathis/Documents/Travail/cbnsl_benchmark/experiments/scaling/agrum3/../../../experiments/scaling/agrum3/2026-07-31_10h35_cbn_unif_mixture/graphs/CMIIC__v10_a15_g23_s1000.json,,1.187148856006388,10.0,7.0,0.5,0.6956521739130436,0.4166666666666667,0.5333333333333333
cbn_unif_mixture,CPC,"{""alpha"": 0.05, ""max_conditioning_set_size"": 3}",10,15,3000,23,/home/mathis/Documents/Travail/cbnsl_benchmark/experiments/scaling/agrum3/../../../experiments/scaling/agrum3/2026-07-31_10h35_cbn_unif_mixture/graphs/golden__v10_a15_g23.json,/home/mathis/Documents/Travail/cbnsl_benchmark/experiments/scaling/agrum3/../../../experiments/scaling/agrum3/2026-07-31_10h35_cbn_unif_mixture/graphs/CPC__v10_a15_g23_s3000.json,,4.139234704001865,14.0,4.0,0.12500000000000003,0.846153846153846,0.2,0.7333333333333333
cbn_unif_mixture,CMIIC,"{""alpha"": 0.05}",10,15,3000,23,/home/mathis/Documents/Travail/cbnsl_benchmark/experiments/scaling/agrum3/../../../experiments/scaling/agrum3/2026-07-31_10h35_cbn_unif_mixture/graphs/golden__v10_a15_g23.json,/home/mathis/Documents/Travail/cbnsl_benchmark/experiments/scaling/agrum3/../../../experiments/scaling/agrum3/2026-07-31_10h35_cbn_unif_mixture/graphs/CMIIC__v10_a15_g23_s3000.json,,8.471131101003266,10.0,7.0,0.5,0.6956521739130436,0.4166666666666667,0.5333333333333333
cbn_unif_mixture,CPC,"{""alpha"": 0.05, ""max_conditioning_set_size"": 3}",10,15,5000,23,/home/mathis/Documents/Travail/cbnsl_benchmark/experiments/scaling/agrum3/../../../experiments/scaling/agrum3/2026-07-31_10h35_cbn_unif_mixture/graphs/golden__v10_a15_g23.json,/home/mathis/Documents/Travail/cbnsl_benchmark/experiments/scaling/agrum3/../../../experiments/scaling/agrum3/2026-07-31_10h35_cbn_unif_mixture/graphs/CPC__v10_a15_g23_s5000.json,,16.239605783004663,9.0,0.0,0.5714285714285715,1.0,1.0,1.0
cbn_unif_mixture,CMIIC,"{""alpha"": 0.05}",10,15,5000,23,/home/mathis/Documents/Travail/cbnsl_benchmark/experiments/scaling/agrum3/../../../experiments/scaling/agrum3/2026-07-31_10h35_cbn_unif_mixture/graphs/golden__v10_a15_g23.json,/home/mathis/Documents/Travail/cbnsl_benchmark/experiments/scaling/agrum3/../../../experiments/scaling/agrum3/2026-07-31_10h35_cbn_unif_mixture/graphs/CMIIC__v10_a15_g23_s5000.json,,20.71648191600252,10.0,7.0,0.5,0.6956521739130436,0.4166666666666667,0.5333333333333333
cbn_unif_mixture,CPC,"{""alpha"": 0.05, ""max_conditioning_set_size"": 3}",10,15,200,24,/home/mathis/Documents/Travail/cbnsl_benchmark/experiments/scaling/agrum3/../../../experiments/scaling/agrum3/2026-07-31_10h35_cbn_unif_mixture/graphs/golden__v10_a15_g24.json,/home/mathis/Documents/Travail/cbnsl_benchmark/experiments/scaling/agrum3/../../../experiments/scaling/agrum3/2026-07-31_10h35_cbn_unif_mixture/graphs/CPC__v10_a15_g24_s200.json,,0.01575875299749896,11.0,10.0,0.0,0.16666666666666669,0.0,0.09090909090909091
cbn_unif_mixture,CMIIC,"{""alpha"": 0.05}",10,15,200,24,/home/mathis/Documents/Travail/cbnsl_benchmark/experiments/scaling/agrum3/../../../experiments/scaling/agrum3/2026-07-31_10h35_cbn_unif_mixture/graphs/golden__v10_a15_g24.json,/home/mathis/Documents/Travail/cbnsl_benchmark/experiments/scaling/agrum3/../../../experiments/scaling/agrum3/2026-07-31_10h35_cbn_unif_mixture/graphs/CMIIC__v10_a15_g24_s200.json,,0.047859887999948114,9.0,7.0,0.30769230769230765,0.5333333333333333,0.2222222222222222,0.36363636363636365
cbn_unif_mixture,CPC,"{""alpha"": 0.05, ""max_conditioning_set_size"": 3}",10,15,500,24,/home/mathis/Documents/Travail/cbnsl_benchmark/experiments/scaling/agrum3/../../../experiments/scaling/agrum3/2026-07-31_10h35_cbn_unif_mixture/graphs/golden__v10_a15_g24.json,/home/mathis/Documents/Travail/cbnsl_benchmark/experiments/scaling/agrum3/../../../experiments/scaling/agrum3/2026-07-31_10h35_cbn_unif_mixture/graphs/CPC__v10_a15_g24_s500.json,,0.04962091100605903,10.0,5.0,0.16666666666666666,0.7058823529411764,0.16666666666666666,0.5454545454545454
cbn_unif_mixture,CMIIC,"{""alpha"": 0.05}",10,15,500,24,/home/mathis/Documents/Travail/cbnsl_benchmark/experiments/scaling/agrum3/../../../experiments/scaling/agrum3/2026-07-31_10h35_cbn_unif_mixture/graphs/golden__v10_a15_g24.json,/home/mathis/Documents/Travail/cbnsl_benchmark/experiments/scaling/agrum3/../../../experiments/scaling/agrum3/2026-07-31_10h35_cbn_unif_mixture/graphs/CMIIC__v10_a15_g24_s500.json,,0.1672545129986247,8.0,6.0,0.42857142857142855,0.625,0.3333333333333333,0.45454545454545453
cbn_unif_mixture,CPC,"{""alpha"": 0.05, ""max_conditioning_set_size"": 3}",10,15,1000,24,/home/mathis/Documents/Travail/cbnsl_benchmark/experiments/scaling/agrum3/../../../experiments/scaling/agrum3/2026-07-31_10h35_cbn_unif_mixture/graphs/golden__v10_a15_g24.json,/home/mathis/Documents/Travail/cbnsl_benchmark/experiments/scaling/agrum3/../../../experiments/scaling/agrum3/2026-07-31_10h35_cbn_unif_mixture/graphs/CPC__v10_a15_g24_s1000.json,,0.2059877290012082,8.0,1.0,0.4285714285714285,0.9523809523809523,0.75,0.9090909090909091
cbn_unif_mixture,CMIIC,"{""alpha"": 0.05}",10,15,1000,24,/home/mathis/Documents/Travail/cbnsl_benchmark/experiments/scaling/agrum3/../../../experiments/scaling/agrum3/2026-07-31_10h35_cbn_unif_mixture/graphs/golden__v10_a15_g24.json,/home/mathis/Documents/Travail/cbnsl_benchmark/experiments/scaling/agrum3/../../../experiments/scaling/agrum3/2026-07-31_10h35_cbn_unif_mixture/graphs/CMIIC__v10_a15_g24_s1000.json,,0.7829019220007467,7.0,5.0,0.5333333333333333,0.7058823529411764,0.4444444444444444,0.5454545454545454
cbn_unif_mixture,CPC,"{""alpha"": 0.05, ""max_conditioning_set_size"": 3}",10,15,3000,24,/home/mathis/Documents/Travail/cbnsl_benchmark/experiments/scaling/agrum3/../../../experiments/scaling/agrum3/2026-07-31_10h35_cbn_unif_mixture/graphs/golden__v10_a15_g24.json,/home/mathis/Documents/Travail/cbnsl_benchmark/experiments/scaling/agrum3/../../../experiments/scaling/agrum3/2026-07-31_10h35_cbn_unif_mixture/graphs/CPC__v10_a15_g24_s3000.json,,1.6546937200037064,9.0,0.0,0.3076923076923077,1.0,1.0,1.0
cbn_unif_mixture,CMIIC,"{""alpha"": 0.05}",10,15,3000,24,/home/mathis/Documents/Travail/cbnsl_benchmark/experiments/scaling/agrum3/../../../experiments/scaling/agrum3/2026-07-31_10h35_cbn_unif_mixture/graphs/golden__v10_a15_g24.json,/home/mathis/Documents/Travail/cbnsl_benchmark/experiments/scaling/agrum3/../../../experiments/scaling/agrum3/2026-07-31_10h35_cbn_unif_mixture/graphs/CMIIC__v10_a15_g24_s3000.json,,5.290017505998549,6.0,4.0,0.6250000000000001,0.7777777777777778,0.5555555555555556,0.6363636363636364
cbn_unif_mixture,CPC,"{""alpha"": 0.05, ""max_conditioning_set_size"": 3}",10,15,5000,24,/home/mathis/Documents/Travail/cbnsl_benchmark/experiments/scaling/agrum3/../../../experiments/scaling/agrum3/2026-07-31_10h35_cbn_unif_mixture/graphs/golden__v10_a15_g24.json,/home/mathis/Documents/Travail/cbnsl_benchmark/experiments/scaling/agrum3/../../../experiments/scaling/agrum3/2026-07-31_10h35_cbn_unif_mixture/graphs/CPC__v10_a15_g24_s5000.json,,7.75668752600177,7.0,0.0,0.5333333333333333,1.0,1.0,1.0
cbn_unif_mixture,CMIIC,"{""alpha"": 0.05}",10,15,5000,24,/home/mathis/Documents/Travail/cbnsl_benchmark/experiments/scaling/agrum3/../../../experiments/scaling/agrum3/2026-07-31_10h35_cbn_unif_mixture/graphs/golden__v10_a15_g24.json,/home/mathis/Documents/Travail/cbnsl_benchmark/experiments/scaling/agrum3/../../../experiments/scaling/agrum3/2026-07-31_10h35_cbn_unif_mixture/graphs/CMIIC__v10_a15_g24_s5000.json,,14.73424618900026,6.0,4.0,0.6250000000000001,0.7777777777777778,0.5555555555555556,0.6363636363636364
cbn_unif_mixture,CPC,"{""alpha"": 0.05, ""max_conditioning_set_size"": 3}",10,15,200,25,/home/mathis/Documents/Travail/cbnsl_benchmark/experiments/scaling/agrum3/../../../experiments/scaling/agrum3/2026-07-31_10h35_cbn_unif_mixture/graphs/golden__v10_a15_g25.json,/home/mathis/Documents/Travail/cbnsl_benchmark/experiments/scaling/agrum3/../../../experiments/scaling/agrum3/2026-07-31_10h35_cbn_unif_mixture/graphs/CPC__v10_a15_g25_s200.json,,0.011120500996185001,14.0,14.0,0.125,0.125,0.06666666666666667,0.06666666666666667
cbn_unif_mixture,CMIIC,"{""alpha"": 0.05}",10,15,200,25,/home/mathis/Documents/Travail/cbnsl_benchmark/experiments/scaling/agrum3/../../../experiments/scaling/agrum3/2026-07-31_10h35_cbn_unif_mixture/graphs/golden__v10_a15_g25.json,/home/mathis/Documents/Travail/cbnsl_benchmark/experiments/scaling/agrum3/../../../experiments/scaling/agrum3/2026-07-31_10h35_cbn_unif_mixture/graphs/CMIIC__v10_a15_g25_s200.json,,0.04979543499939609,10.0,9.0,0.5,0.5714285714285715,0.35714285714285715,0.4
cbn_unif_mixture,CPC,"{""alpha"": 0.05, ""max_conditioning_set_size"": 3}",10,15,500,25,/home/mathis/Documents/Travail/cbnsl_benchmark/experiments/scaling/agrum3/../../../experiments/scaling/agrum3/2026-07-31_10h35_cbn_unif_mixture/graphs/golden__v10_a15_g25.json,/home/mathis/Documents/Travail/cbnsl_benchmark/experiments/scaling/agrum3/../../../experiments/scaling/agrum3/2026-07-31_10h35_cbn_unif_mixture/graphs/CPC__v10_a15_g25_s500.json,,0.05684707899490604,13.0,13.0,0.23529411764705882,0.23529411764705882,0.13333333333333333,0.13333333333333333
cbn_unif_mixture,CMIIC,"{""alpha"": 0.05}",10,15,500,25,/home/mathis/Documents/Travail/cbnsl_benchmark/experiments/scaling/agrum3/../../../experiments/scaling/agrum3/2026-07-31_10h35_cbn_unif_mixture/graphs/golden__v10_a15_g25.json,/home/mathis/Documents/Travail/cbnsl_benchmark/experiments/scaling/agrum3/../../../experiments/scaling/agrum3/2026-07-31_10h35_cbn_unif_mixture/graphs/CMIIC__v10_a15_g25_s500.json,,0.23644244999741204,10.0,7.0,0.5,0.6956521739130436,0.4166666666666667,0.5333333333333333
cbn_unif_mixture,CPC,"{""alpha"": 0.05, ""max_conditioning_set_size"": 3}",10,15,1000,25,/home/mathis/Documents/Travail/cbnsl_benchmark/experiments/scaling/agrum3/../../../experiments/scaling/agrum3/2026-07-31_10h35_cbn_unif_mixture/graphs/golden__v10_a15_g25.json,/home/mathis/Documents/Travail/cbnsl_benchmark/experiments/scaling/agrum3/../../../experiments/scaling/agrum3/2026-07-31_10h35_cbn_unif_mixture/graphs/CPC__v10_a15_g25_s1000.json,,0.4015281710017007,13.0,7.0,0.23529411764705882,0.6956521739130436,0.2222222222222222,0.5333333333333333
cbn_unif_mixture,CMIIC,"{""alpha"": 0.05}",10,15,1000,25,/home/mathis/Documents/Travail/cbnsl_benchmark/experiments/scaling/agrum3/../../../experiments/scaling/agrum3/2026-07-31_10h35_cbn_unif_mixture/graphs/golden__v10_a15_g25.json,/home/mathis/Documents/Travail/cbnsl_benchmark/experiments/scaling/agrum3/../../../experiments/scaling/agrum3/2026-07-31_10h35_cbn_unif_mixture/graphs/CMIIC__v10_a15_g25_s1000.json,,1.027633222998702,9.0,5.0,0.5714285714285713,0.8,0.5454545454545454,0.6666666666666666
cbn_unif_mixture,CPC,"{""alpha"": 0.05, ""max_conditioning_set_size"": 3}",10,15,3000,25,/home/mathis/Documents/Travail/cbnsl_benchmark/experiments/scaling/agrum3/../../../experiments/scaling/agrum3/2026-07-31_10h35_cbn_unif_mixture/graphs/golden__v10_a15_g25.json,/home/mathis/Documents/Travail/cbnsl_benchmark/experiments/scaling/agrum3/../../../experiments/scaling/agrum3/2026-07-31_10h35_cbn_unif_mixture/graphs/CPC__v10_a15_g25_s3000.json,,3.8950936649998766,7.0,1.0,0.6956521739130435,0.9655172413793104,0.8888888888888888,0.9333333333333333
cbn_unif_mixture,CMIIC,"{""alpha"": 0.05}",10,15,3000,25,/home/mathis/Documents/Travail/cbnsl_benchmark/experiments/scaling/agrum3/../../../experiments/scaling/agrum3/2026-07-31_10h35_cbn_unif_mixture/graphs/golden__v10_a15_g25.json,/home/mathis/Documents/Travail/cbnsl_benchmark/experiments/scaling/agrum3/../../../experiments/scaling/agrum3/2026-07-31_10h35_cbn_unif_mixture/graphs/CMIIC__v10_a15_g25_s3000.json,,8.170275236996531,9.0,5.0,0.5714285714285713,0.8,0.5454545454545454,0.6666666666666666
cbn_unif_mixture,CPC,"{""alpha"": 0.05, ""max_conditioning_set_size"": 3}",10,15,5000,25,/home/mathis/Documents/Travail/cbnsl_benchmark/experiments/scaling/agrum3/../../../experiments/scaling/agrum3/2026-07-31_10h35_cbn_unif_mixture/graphs/golden__v10_a15_g25.json,/home/mathis/Documents/Travail/cbnsl_benchmark/experiments/scaling/agrum3/../../../experiments/scaling/agrum3/2026-07-31_10h35_cbn_unif_mixture/graphs/CPC__v10_a15_g25_s5000.json,,11.981132753004204,6.0,0.0,0.7499999999999999,1.0,1.0,1.0
cbn_unif_mixture,CMIIC,"{""alpha"": 0.05}",10,15,5000,25,/home/mathis/Documents/Travail/cbnsl_benchmark/experiments/scaling/agrum3/../../../experiments/scaling/agrum3/2026-07-31_10h35_cbn_unif_mixture/graphs/golden__v10_a15_g25.json,/home/mathis/Documents/Travail/cbnsl_benchmark/experiments/scaling/agrum3/../../../experiments/scaling/agrum3/2026-07-31_10h35_cbn_unif_mixture/graphs/CMIIC__v10_a15_g25_s5000.json,,24.092598445000476,9.0,4.0,0.5714285714285713,0.846153846153846,0.6,0.7333333333333333
cbn_unif_mixture,CPC,"{""alpha"": 0.05, ""max_conditioning_set_size"": 3}",10,15,200,26,/home/mathis/Documents/Travail/cbnsl_benchmark/experiments/scaling/agrum3/../../../experiments/scaling/agrum3/2026-07-31_10h35_cbn_unif_mixture/graphs/golden__v10_a15_g26.json,/home/mathis/Documents/Travail/cbnsl_benchmark/experiments/scaling/agrum3/../../../experiments/scaling/agrum3/2026-07-31_10h35_cbn_unif_mixture/graphs/CPC__v10_a15_g26_s200.json,,0.013132067004335113,14.0,13.0,0.125,0.23529411764705882,0.07142857142857142,0.13333333333333333
cbn_unif_mixture,CMIIC,"{""alpha"": 0.05}",10,15,200,26,/home/mathis/Documents/Travail/cbnsl_benchmark/experiments/scaling/agrum3/../../../experiments/scaling/agrum3/2026-07-31_10h35_cbn_unif_mixture/graphs/golden__v10_a15_g26.json,/home/mathis/Documents/Travail/cbnsl_benchmark/experiments/scaling/agrum3/../../../experiments/scaling/agrum3/2026-07-31_10h35_cbn_unif_mixture/graphs/CMIIC__v10_a15_g26_s200.json,,0.03840014000161318,15.0,11.0,0.11764705882352942,0.47619047619047616,0.09090909090909091,0.3333333333333333
cbn_unif_mixture,CPC,"{""alpha"": 0.05, ""max_conditioning_set_size"": 3}",10,15,500,26,/home/mathis/Documents/Travail/cbnsl_benchmark/experiments/scaling/agrum3/../../../experiments/scaling/agrum3/2026-07-31_10h35_cbn_unif_mixture/graphs/golden__v10_a15_g26.json,/home/mathis/Documents/Travail/cbnsl_benchmark/experiments/scaling/agrum3/../../../experiments/scaling/agrum3/2026-07-31_10h35_cbn_unif_mixture/graphs/CPC__v10_a15_g26_s500.json,,0.06528527200134704,13.0,12.0,0.23529411764705882,0.33333333333333337,0.14285714285714285,0.2
cbn_unif_mixture,CMIIC,"{""alpha"": 0.05}",10,15,500,26,/home/mathis/Documents/Travail/cbnsl_benchmark/experiments/scaling/agrum3/../../../experiments/scaling/agrum3/2026-07-31_10h35_cbn_unif_mixture/graphs/golden__v10_a15_g26.json,/home/mathis/Documents/Travail/cbnsl_benchmark/experiments/scaling/agrum3/../../../experiments/scaling/agrum3/2026-07-31_10h35_cbn_unif_mixture/graphs/CMIIC__v10_a15_g26_s500.json,,0.19621458600158803,13.0,9.0,0.23529411764705885,0.5714285714285715,0.18181818181818182,0.4
cbn_unif_mixture,CPC,"{""alpha"": 0.05, ""max_conditioning_set_size"": 3}",10,15,1000,26,/home/mathis/Documents/Travail/cbnsl_benchmark/experiments/scaling/agrum3/../../../experiments/scaling/agrum3/2026-07-31_10h35_cbn_unif_mixture/graphs/golden__v10_a15_g26.json,/home/mathis/Documents/Travail/cbnsl_benchmark/experiments/scaling/agrum3/../../../experiments/scaling/agrum3/2026-07-31_10h35_cbn_unif_mixture/graphs/CPC__v10_a15_g26_s1000.json,,0.3521355599950766,7.0,7.0,0.6956521739130436,0.6956521739130436,0.5333333333333333,0.5333333333333333
cbn_unif_mixture,CMIIC,"{""alpha"": 0.05}",10,15,1000,26,/home/mathis/Documents/Travail/cbnsl_benchmark/experiments/scaling/agrum3/../../../experiments/scaling/agrum3/2026-07-31_10h35_cbn_unif_mixture/graphs/golden__v10_a15_g26.json,/home/mathis/Documents/Travail/cbnsl_benchmark/experiments/scaling/agrum3/../../../experiments/scaling/agrum3/2026-07-31_10h35_cbn_unif_mixture/graphs/CMIIC__v10_a15_g26_s1000.json,,0.9149845799984178,13.0,7.0,0.23529411764705882,0.6956521739130436,0.2222222222222222,0.5333333333333333
cbn_unif_mixture,CPC,"{""alpha"": 0.05, ""max_conditioning_set_size"": 3}",10,15,3000,26,/home/mathis/Documents/Travail/cbnsl_benchmark/experiments/scaling/agrum3/../../../experiments/scaling/agrum3/2026-07-31_10h35_cbn_unif_mixture/graphs/golden__v10_a15_g26.json,/home/mathis/Documents/Travail/cbnsl_benchmark/experiments/scaling/agrum3/../../../experiments/scaling/agrum3/2026-07-31_10h35_cbn_unif_mixture/graphs/CPC__v10_a15_g26_s3000.json,,4.647723198002495,7.0,2.0,0.6956521739130435,0.9285714285714286,0.8,0.8666666666666667
cbn_unif_mixture,CMIIC,"{""alpha"": 0.05}",10,15,3000,26,/home/mathis/Documents/Travail/cbnsl_benchmark/experiments/scaling/agrum3/../../../experiments/scaling/agrum3/2026-07-31_10h35_cbn_unif_mixture/graphs/golden__v10_a15_g26.json,/home/mathis/Documents/Travail/cbnsl_benchmark/experiments/scaling/agrum3/../../../experiments/scaling/agrum3/2026-07-31_10h35_cbn_unif_mixture/graphs/CMIIC__v10_a15_g26_s3000.json,,7.477926205996482,11.0,4.0,0.4210526315789474,0.846153846153846,0.5,0.7333333333333333
cbn_unif_mixture,CPC,"{""alpha"": 0.05, ""max_conditioning_set_size"": 3}",10,15,5000,26,/home/mathis/Documents/Travail/cbnsl_benchmark/experiments/scaling/agrum3/../../../experiments/scaling/agrum3/2026-07-31_10h35_cbn_unif_mixture/graphs/golden__v10_a15_g26.json,/home/mathis/Documents/Travail/cbnsl_benchmark/experiments/scaling/agrum3/../../../experiments/scaling/agrum3/2026-07-31_10h35_cbn_unif_mixture/graphs/CPC__v10_a15_g26_s5000.json,,20.006303895999736,12.0,4.0,0.4,0.8571428571428571,0.5714285714285714,0.8
cbn_unif_mixture,CMIIC,"{""alpha"": 0.05}",10,15,5000,26,/home/mathis/Documents/Travail/cbnsl_benchmark/experiments/scaling/agrum3/../../../experiments/scaling/agrum3/2026-07-31_10h35_cbn_unif_mixture/graphs/golden__v10_a15_g26.json,/home/mathis/Documents/Travail/cbnsl_benchmark/experiments/scaling/agrum3/../../../experiments/scaling/agrum3/2026-07-31_10h35_cbn_unif_mixture/graphs/CMIIC__v10_a15_g26_s5000.json,,17.901653483997507,11.0,5.0,0.4210526315789474,0.8,0.4444444444444444,0.6666666666666666
cbn_unif_mixture,CPC,"{""alpha"": 0.05, ""max_conditioning_set_size"": 3}",10,15,200,27,/home/mathis/Documents/Travail/cbnsl_benchmark/experiments/scaling/agrum3/../../../experiments/scaling/agrum3/2026-07-31_10h35_cbn_unif_mixture/graphs/golden__v10_a15_g27.json,/home/mathis/Documents/Travail/cbnsl_benchmark/experiments/scaling/agrum3/../../../experiments/scaling/agrum3/2026-07-31_10h35_cbn_unif_mixture/graphs/CPC__v10_a15_g27_s200.json,,0.01082772899826523,16.0,16.0,0.0,0.0,0.0,0.0
cbn_unif_mixture,CMIIC,"{""alpha"": 0.05}",10,15,200,27,/home/mathis/Documents/Travail/cbnsl_benchmark/experiments/scaling/agrum3/../../../experiments/scaling/agrum3/2026-07-31_10h35_cbn_unif_mixture/graphs/golden__v10_a15_g27.json,/home/mathis/Documents/Travail/cbnsl_benchmark/experiments/scaling/agrum3/../../../experiments/scaling/agrum3/2026-07-31_10h35_cbn_unif_mixture/graphs/CMIIC__v10_a15_g27_s200.json,,0.02961526800208958,14.0,13.0,0.22222222222222224,0.31578947368421056,0.14285714285714285,0.2
cbn_unif_mixture,CPC,"{""alpha"": 0.05, ""max_conditioning_set_size"": 3}",10,15,500,27,/home/mathis/Documents/Travail/cbnsl_benchmark/experiments/scaling/agrum3/../../../experiments/scaling/agrum3/2026-07-31_10h35_cbn_unif_mixture/graphs/golden__v10_a15_g27.json,/home/mathis/Documents/Travail/cbnsl_benchmark/experiments/scaling/agrum3/../../../experiments/scaling/agrum3/2026-07-31_10h35_cbn_unif_mixture/graphs/CPC__v10_a15_g27_s500.json,,0.04773445500177331,16.0,13.0,0.0,0.31578947368421056,0.0,0.2
cbn_unif_mixture,CMIIC,"{""alpha"": 0.05}",10,15,500,27,/home/mathis/Documents/Travail/cbnsl_benchmark/experiments/scaling/agrum3/../../../experiments/scaling/agrum3/2026-07-31_10h35_cbn_unif_mixture/graphs/golden__v10_a15_g27.json,/home/mathis/Documents/Travail/cbnsl_benchmark/experiments/scaling/agrum3/../../../experiments/scaling/agrum3/2026-07-31_10h35_cbn_unif_mixture/graphs/CMIIC__v10_a15_g27_s500.json,,0.21604306899826042,14.0,11.0,0.2222222222222222,0.47619047619047616,0.16666666666666666,0.3333333333333333
cbn_unif_mixture,CPC,"{""alpha"": 0.05, ""max_conditioning_set_size"": 3}",10,15,1000,27,/home/mathis/Documents/Travail/cbnsl_benchmark/experiments/scaling/agrum3/../../../experiments/scaling/agrum3/2026-07-31_10h35_cbn_unif_mixture/graphs/golden__v10_a15_g27.json,/home/mathis/Documents/Travail/cbnsl_benchmark/experiments/scaling/agrum3/../../../experiments/scaling/agrum3/2026-07-31_10h35_cbn_unif_mixture/graphs/CPC__v10_a15_g27_s1000.json,,0.3761822470041807,15.0,12.0,0.11764705882352941,0.4,0.08333333333333333,0.26666666666666666
cbn_unif_mixture,CMIIC,"{""alpha"": 0.05}",10,15,1000,27,/home/mathis/Documents/Travail/cbnsl_benchmark/experiments/scaling/agrum3/../../../experiments/scaling/agrum3/2026-07-31_10h35_cbn_unif_mixture/graphs/golden__v10_a15_g27.json,/home/mathis/Documents/Travail/cbnsl_benchmark/experiments/scaling/agrum3/../../../experiments/scaling/agrum3/2026-07-31_10h35_cbn_unif_mixture/graphs/CMIIC__v10_a15_g27_s1000.json,,0.9619768699994893,14.0,11.0,0.2222222222222222,0.47619047619047616,0.16666666666666666,0.3333333333333333
cbn_unif_mixture,CPC,"{""alpha"": 0.05, ""max_conditioning_set_size"": 3}",10,15,3000,27,/home/mathis/Documents/Travail/cbnsl_benchmark/experiments/scaling/agrum3/../../../experiments/scaling/agrum3/2026-07-31_10h35_cbn_unif_mixture/graphs/golden__v10_a15_g27.json,/home/mathis/Documents/Travail/cbnsl_benchmark/experiments/scaling/agrum3/../../../experiments/scaling/agrum3/2026-07-31_10h35_cbn_unif_mixture/graphs/CPC__v10_a15_g27_s3000.json,,3.8403742230002536,10.0,3.0,0.5454545454545454,0.896551724137931,0.75,0.8666666666666667
cbn_unif_mixture,CMIIC,"{""alpha"": 0.05}",10,15,3000,27,/home/mathis/Documents/Travail/cbnsl_benchmark/experiments/scaling/agrum3/../../../experiments/scaling/agrum3/2026-07-31_10h35_cbn_unif_mixture/graphs/golden__v10_a15_g27.json,/home/mathis/Documents/Travail/cbnsl_benchmark/experiments/scaling/agrum3/../../../experiments/scaling/agrum3/2026-07-31_10h35_cbn_unif_mixture/graphs/CMIIC__v10_a15_g27_s3000.json,,6.203514720000385,14.0,11.0,0.2222222222222222,0.47619047619047616,0.16666666666666666,0.3333333333333333
cbn_unif_mixture,CPC,"{""alpha"": 0.05, ""max_conditioning_set_size"": 3}",10,15,5000,27,/home/mathis/Documents/Travail/cbnsl_benchmark/experiments/scaling/agrum3/../../../experiments/scaling/agrum3/2026-07-31_10h35_cbn_unif_mixture/graphs/golden__v10_a15_g27.json,/home/mathis/Documents/Travail/cbnsl_benchmark/experiments/scaling/agrum3/../../../experiments/scaling/agrum3/2026-07-31_10h35_cbn_unif_mixture/graphs/CPC__v10_a15_g27_s5000.json,,15.491293089995452,10.0,3.0,0.5454545454545454,0.896551724137931,0.75,0.8666666666666667
cbn_unif_mixture,CMIIC,"{""alpha"": 0.05}",10,15,5000,27,/home/mathis/Documents/Travail/cbnsl_benchmark/experiments/scaling/agrum3/../../../experiments/scaling/agrum3/2026-07-31_10h35_cbn_unif_mixture/graphs/golden__v10_a15_g27.json,/home/mathis/Documents/Travail/cbnsl_benchmark/experiments/scaling/agrum3/../../../experiments/scaling/agrum3/2026-07-31_10h35_cbn_unif_mixture/graphs/CMIIC__v10_a15_g27_s5000.json,,20.47095259899652,14.0,9.0,0.22222222222222224,0.608695652173913,0.2,0.4666666666666667
cbn_unif_mixture,CPC,"{""alpha"": 0.05, ""max_conditioning_set_size"": 3}",10,15,200,28,/home/mathis/Documents/Travail/cbnsl_benchmark/experiments/scaling/agrum3/../../../experiments/scaling/agrum3/2026-07-31_10h35_cbn_unif_mixture/graphs/golden__v10_a15_g28.json,/home/mathis/Documents/Travail/cbnsl_benchmark/experiments/scaling/agrum3/../../../experiments/scaling/agrum3/2026-07-31_10h35_cbn_unif_mixture/graphs/CPC__v10_a15_g28_s200.json,,0.011165901996719185,11.0,11.0,0.15384615384615385,0.15384615384615385,0.08333333333333333,0.08333333333333333
cbn_unif_mixture,CMIIC,"{""alpha"": 0.05}",10,15,200,28,/home/mathis/Documents/Travail/cbnsl_benchmark/experiments/scaling/agrum3/../../../experiments/scaling/agrum3/2026-07-31_10h35_cbn_unif_mixture/graphs/golden__v10_a15_g28.json,/home/mathis/Documents/Travail/cbnsl_benchmark/experiments/scaling/agrum3/../../../experiments/scaling/agrum3/2026-07-31_10h35_cbn_unif_mixture/graphs/CMIIC__v10_a15_g28_s200.json,,0.020220717000484,11.0,11.0,0.15384615384615385,0.15384615384615385,0.08333333333333333,0.08333333333333333
cbn_unif_mixture,CPC,"{""alpha"": 0.05, ""max_conditioning_set_size"": 3}",10,15,500,28,/home/mathis/Documents/Travail/cbnsl_benchmark/experiments/scaling/agrum3/../../../experiments/scaling/agrum3/2026-07-31_10h35_cbn_unif_mixture/graphs/golden__v10_a15_g28.json,/home/mathis/Documents/Travail/cbnsl_benchmark/experiments/scaling/agrum3/../../../experiments/scaling/agrum3/2026-07-31_10h35_cbn_unif_mixture/graphs/CPC__v10_a15_g28_s500.json,,0.07249236299685435,11.0,10.0,0.15384615384615385,0.2857142857142857,0.09090909090909091,0.16666666666666666
cbn_unif_mixture,CMIIC,"{""alpha"": 0.05}",10,15,500,28,/home/mathis/Documents/Travail/cbnsl_benchmark/experiments/scaling/agrum3/../../../experiments/scaling/agrum3/2026-07-31_10h35_cbn_unif_mixture/graphs/golden__v10_a15_g28.json,/home/mathis/Documents/Travail/cbnsl_benchmark/experiments/scaling/agrum3/../../../experiments/scaling/agrum3/2026-07-31_10h35_cbn_unif_mixture/graphs/CMIIC__v10_a15_g28_s500.json,,0.11630739700194681,11.0,10.0,0.15384615384615385,0.2857142857142857,0.09090909090909091,0.16666666666666666
cbn_unif_mixture,CPC,"{""alpha"": 0.05, ""max_conditioning_set_size"": 3}",10,15,1000,28,/home/mathis/Documents/Travail/cbnsl_benchmark/experiments/scaling/agrum3/../../../experiments/scaling/agrum3/2026-07-31_10h35_cbn_unif_mixture/graphs/golden__v10_a15_g28.json,/home/mathis/Documents/Travail/cbnsl_benchmark/experiments/scaling/agrum3/../../../experiments/scaling/agrum3/2026-07-31_10h35_cbn_unif_mixture/graphs/CPC__v10_a15_g28_s1000.json,,0.3920918440053356,11.0,9.0,0.15384615384615383,0.4,0.1,0.25
cbn_unif_mixture,CMIIC,"{""alpha"": 0.05}",10,15,1000,28,/home/mathis/Documents/Travail/cbnsl_benchmark/experiments/scaling/agrum3/../../../experiments/scaling/agrum3/2026-07-31_10h35_cbn_unif_mixture/graphs/golden__v10_a15_g28.json,/home/mathis/Documents/Travail/cbnsl_benchmark/experiments/scaling/agrum3/../../../experiments/scaling/agrum3/2026-07-31_10h35_cbn_unif_mixture/graphs/CMIIC__v10_a15_g28_s1000.json,,0.8761691350009642,11.0,9.0,0.15384615384615383,0.4,0.1,0.25
cbn_unif_mixture,CPC,"{""alpha"": 0.05, ""max_conditioning_set_size"": 3}",10,15,3000,28,/home/mathis/Documents/Travail/cbnsl_benchmark/experiments/scaling/agrum3/../../../experiments/scaling/agrum3/2026-07-31_10h35_cbn_unif_mixture/graphs/golden__v10_a15_g28.json,/home/mathis/Documents/Travail/cbnsl_benchmark/experiments/scaling/agrum3/../../../experiments/scaling/agrum3/2026-07-31_10h35_cbn_unif_mixture/graphs/CPC__v10_a15_g28_s3000.json,,2.9308086370001547,6.0,2.0,0.6666666666666665,0.9090909090909091,0.75,0.8333333333333334
cbn_unif_mixture,CMIIC,"{""alpha"": 0.05}",10,15,3000,28,/home/mathis/Documents/Travail/cbnsl_benchmark/experiments/scaling/agrum3/../../../experiments/scaling/agrum3/2026-07-31_10h35_cbn_unif_mixture/graphs/golden__v10_a15_g28.json,/home/mathis/Documents/Travail/cbnsl_benchmark/experiments/scaling/agrum3/../../../experiments/scaling/agrum3/2026-07-31_10h35_cbn_unif_mixture/graphs/CMIIC__v10_a15_g28_s3000.json,,4.503050890998566,11.0,9.0,0.15384615384615383,0.4,0.1,0.25
cbn_unif_mixture,CPC,"{""alpha"": 0.05, ""max_conditioning_set_size"": 3}",10,15,5000,28,/home/mathis/Documents/Travail/cbnsl_benchmark/experiments/scaling/agrum3/../../../experiments/scaling/agrum3/2026-07-31_10h35_cbn_unif_mixture/graphs/golden__v10_a15_g28.json,/home/mathis/Documents/Travail/cbnsl_benchmark/experiments/scaling/agrum3/../../../experiments/scaling/agrum3/2026-07-31_10h35_cbn_unif_mixture/graphs/CPC__v10_a15_g28_s5000.json,,6.192529673004174,7.0,0.0,0.5882352941176471,1.0,1.0,1.0
cbn_unif_mixture,CMIIC,"{""alpha"": 0.05}",10,15,5000,28,/home/mathis/Documents/Travail/cbnsl_benchmark/experiments/scaling/agrum3/../../../experiments/scaling/agrum3/2026-07-31_10h35_cbn_unif_mixture/graphs/golden__v10_a15_g28.json,/home/mathis/Documents/Travail/cbnsl_benchmark/experiments/scaling/agrum3/../../../experiments/scaling/agrum3/2026-07-31_10h35_cbn_unif_mixture/graphs/CMIIC__v10_a15_g28_s5000.json,,10.149189727999328,11.0,9.0,0.15384615384615383,0.4,0.1,0.25
cbn_unif_mixture,CPC,"{""alpha"": 0.05, ""max_conditioning_set_size"": 3}",10,15,200,29,/home/mathis/Documents/Travail/cbnsl_benchmark/experiments/scaling/agrum3/../../../experiments/scaling/agrum3/2026-07-31_10h35_cbn_unif_mixture/graphs/golden__v10_a15_g29.json,/home/mathis/Documents/Travail/cbnsl_benchmark/experiments/scaling/agrum3/../../../experiments/scaling/agrum3/2026-07-31_10h35_cbn_unif_mixture/graphs/CPC__v10_a15_g29_s200.json,,0.01042601100198226,15.0,15.0,0.0,0.0,0.0,0.0
cbn_unif_mixture,CMIIC,"{""alpha"": 0.05}",10,15,200,29,/home/mathis/Documents/Travail/cbnsl_benchmark/experiments/scaling/agrum3/../../../experiments/scaling/agrum3/2026-07-31_10h35_cbn_unif_mixture/graphs/golden__v10_a15_g29.json,/home/mathis/Documents/Travail/cbnsl_benchmark/experiments/scaling/agrum3/../../../experiments/scaling/agrum3/2026-07-31_10h35_cbn_unif_mixture/graphs/CMIIC__v10_a15_g29_s200.json,,0.03799478600558359,14.0,8.0,0.125,0.6363636363636364,0.1111111111111111,0.4666666666666667
cbn_unif_mixture,CPC,"{""alpha"": 0.05, ""max_conditioning_set_size"": 3}",10,15,500,29,/home/mathis/Documents/Travail/cbnsl_benchmark/experiments/scaling/agrum3/../../../experiments/scaling/agrum3/2026-07-31_10h35_cbn_unif_mixture/graphs/golden__v10_a15_g29.json,/home/mathis/Documents/Travail/cbnsl_benchmark/experiments/scaling/agrum3/../../../experiments/scaling/agrum3/2026-07-31_10h35_cbn_unif_mixture/graphs/CPC__v10_a15_g29_s500.json,,0.04522961300244788,14.0,9.0,0.125,0.5714285714285715,0.1,0.4
cbn_unif_mixture,CMIIC,"{""alpha"": 0.05}",10,15,500,29,/home/mathis/Documents/Travail/cbnsl_benchmark/experiments/scaling/agrum3/../../../experiments/scaling/agrum3/2026-07-31_10h35_cbn_unif_mixture/graphs/golden__v10_a15_g29.json,/home/mathis/Documents/Travail/cbnsl_benchmark/experiments/scaling/agrum3/../../../experiments/scaling/agrum3/2026-07-31_10h35_cbn_unif_mixture/graphs/CMIIC__v10_a15_g29_s500.json,,0.18179828899883432,12.0,5.0,0.33333333333333326,0.8,0.375,0.6666666666666666
cbn_unif_mixture,CPC,"{""alpha"": 0.05, ""max_conditioning_set_size"": 3}",10,15,1000,29,/home/mathis/Documents/Travail/cbnsl_benchmark/experiments/scaling/agrum3/../../../experiments/scaling/agrum3/2026-07-31_10h35_cbn_unif_mixture/graphs/golden__v10_a15_g29.json,/home/mathis/Documents/Travail/cbnsl_benchmark/experiments/scaling/agrum3/../../../experiments/scaling/agrum3/2026-07-31_10h35_cbn_unif_mixture/graphs/CPC__v10_a15_g29_s1000.json,,0.23420712100050878,10.0,4.0,0.5,0.846153846153846,0.5555555555555556,0.7333333333333333
cbn_unif_mixture,CMIIC,"{""alpha"": 0.05}",10,15,1000,29,/home/mathis/Documents/Travail/cbnsl_benchmark/experiments/scaling/agrum3/../../../experiments/scaling/agrum3/2026-07-31_10h35_cbn_unif_mixture/graphs/golden__v10_a15_g29.json,/home/mathis/Documents/Travail/cbnsl_benchmark/experiments/scaling/agrum3/../../../experiments/scaling/agrum3/2026-07-31_10h35_cbn_unif_mixture/graphs/CMIIC__v10_a15_g29_s1000.json,,0.7947891209987574,7.0,5.0,0.6956521739130435,0.8,0.6153846153846154,0.6666666666666666
cbn_unif_mixture,CPC,"{""alpha"": 0.05, ""max_conditioning_set_size"": 3}",10,15,3000,29,/home/mathis/Documents/Travail/cbnsl_benchmark/experiments/scaling/agrum3/../../../experiments/scaling/agrum3/2026-07-31_10h35_cbn_unif_mixture/graphs/golden__v10_a15_g29.json,/home/mathis/Documents/Travail/cbnsl_benchmark/experiments/scaling/agrum3/../../../experiments/scaling/agrum3/2026-07-31_10h35_cbn_unif_mixture/graphs/CPC__v10_a15_g29_s3000.json,,4.864131964997796,8.0,1.0,0.6363636363636364,0.9655172413793104,0.875,0.9333333333333333
cbn_unif_mixture,CMIIC,"{""alpha"": 0.05}",10,15,3000,29,/home/mathis/Documents/Travail/cbnsl_benchmark/experiments/scaling/agrum3/../../../experiments/scaling/agrum3/2026-07-31_10h35_cbn_unif_mixture/graphs/golden__v10_a15_g29.json,/home/mathis/Documents/Travail/cbnsl_benchmark/experiments/scaling/agrum3/../../../experiments/scaling/agrum3/2026-07-31_10h35_cbn_unif_mixture/graphs/CMIIC__v10_a15_g29_s3000.json,,5.830534150001768,11.0,6.0,0.4210526315789474,0.7499999999999999,0.4,0.6
cbn_unif_mixture,CPC,"{""alpha"": 0.05, ""max_conditioning_set_size"": 3}",10,15,5000,29,/home/mathis/Documents/Travail/cbnsl_benchmark/experiments/scaling/agrum3/../../../experiments/scaling/agrum3/2026-07-31_10h35_cbn_unif_mixture/graphs/golden__v10_a15_g29.json,/home/mathis/Documents/Travail/cbnsl_benchmark/experiments/scaling/agrum3/../../../experiments/scaling/agrum3/2026-07-31_10h35_cbn_unif_mixture/graphs/CPC__v10_a15_g29_s5000.json,,14.122062071997789,10.0,0.0,0.5,1.0,1.0,1.0
cbn_unif_mixture,CMIIC,"{""alpha"": 0.05}",10,15,5000,29,/home/mathis/Documents/Travail/cbnsl_benchmark/experiments/scaling/agrum3/../../../experiments/scaling/agrum3/2026-07-31_10h35_cbn_unif_mixture/graphs/golden__v10_a15_g29.json,/home/mathis/Documents/Travail/cbnsl_benchmark/experiments/scaling/agrum3/../../../experiments/scaling/agrum3/2026-07-31_10h35_cbn_unif_mixture/graphs/CMIIC__v10_a15_g29_s5000.json,,15.74808045700047,11.0,5.0,0.4210526315789474,0.8,0.4444444444444444,0.6666666666666666
cbn_unif_mixture,CPC,"{""alpha"": 0.05, ""max_conditioning_set_size"": 3}",20,30,200,0,/home/mathis/Documents/Travail/cbnsl_benchmark/experiments/scaling/agrum3/../../../experiments/scaling/agrum3/2026-07-31_10h35_cbn_unif_mixture/graphs/golden__v20_a30_g0.json,/home/mathis/Documents/Travail/cbnsl_benchmark/experiments/scaling/agrum3/../../../experiments/scaling/agrum3/2026-07-31_10h35_cbn_unif_mixture/graphs/CPC__v20_a30_g0_s200.json,,0.051147078003850766,30.0,30.0,0.0,0.0,0.0,0.0
cbn_unif_mixture,CMIIC,"{""alpha"": 0.05}",20,30,200,0,/home/mathis/Documents/Travail/cbnsl_benchmark/experiments/scaling/agrum3/../../../experiments/scaling/agrum3/2026-07-31_10h35_cbn_unif_mixture/graphs/golden__v20_a30_g0.json,/home/mathis/Documents/Travail/cbnsl_benchmark/experiments/scaling/agrum3/../../../experiments/scaling/agrum3/2026-07-31_10h35_cbn_unif_mixture/graphs/CMIIC__v20_a30_g0_s200.json,,0.10952023600111715,30.0,27.0,0.0,0.18181818181818182,0.0,0.1
cbn_unif_mixture,CPC,"{""alpha"": 0.05, ""max_conditioning_set_size"": 3}",20,30,500,0,/home/mathis/Documents/Travail/cbnsl_benchmark/experiments/scaling/agrum3/../../../experiments/scaling/agrum3/2026-07-31_10h35_cbn_unif_mixture/graphs/golden__v20_a30_g0.json,/home/mathis/Documents/Travail/cbnsl_benchmark/experiments/scaling/agrum3/../../../experiments/scaling/agrum3/2026-07-31_10h35_cbn_unif_mixture/graphs/CPC__v20_a30_g0_s500.json,,0.2522069469996495,30.0,28.0,0.0,0.125,0.0,0.06666666666666667
cbn_unif_mixture,CMIIC,"{""alpha"": 0.05}",20,30,500,0,/home/mathis/Documents/Travail/cbnsl_benchmark/experiments/scaling/agrum3/../../../experiments/scaling/agrum3/2026-07-31_10h35_cbn_unif_mixture/graphs/golden__v20_a30_g0.json,/home/mathis/Documents/Travail/cbnsl_benchmark/experiments/scaling/agrum3/../../../experiments/scaling/agrum3/2026-07-31_10h35_cbn_unif_mixture/graphs/CMIIC__v20_a30_g0_s500.json,,0.6733611399977235,30.0,27.0,0.0,0.18181818181818182,0.0,0.1
cbn_unif_mixture,CPC,"{""alpha"": 0.05, ""max_conditioning_set_size"": 3}",20,30,1000,0,/home/mathis/Documents/Travail/cbnsl_benchmark/experiments/scaling/agrum3/../../../experiments/scaling/agrum3/2026-07-31_10h35_cbn_unif_mixture/graphs/golden__v20_a30_g0.json,/home/mathis/Documents/Travail/cbnsl_benchmark/experiments/scaling/agrum3/../../../experiments/scaling/agrum3/2026-07-31_10h35_cbn_unif_mixture/graphs/CPC__v20_a30_g0_s1000.json,,0.7947988849991816,24.0,16.0,0.33333333333333326,0.6363636363636364,0.2727272727272727,0.4666666666666667
cbn_unif_mixture,CMIIC,"{""alpha"": 0.05}",20,30,1000,0,/home/mathis/Documents/Travail/cbnsl_benchmark/experiments/scaling/agrum3/../../../experiments/scaling/agrum3/2026-07-31_10h35_cbn_unif_mixture/graphs/golden__v20_a30_g0.json,/home/mathis/Documents/Travail/cbnsl_benchmark/experiments/scaling/agrum3/../../../experiments/scaling/agrum3/2026-07-31_10h35_cbn_unif_mixture/graphs/CMIIC__v20_a30_g0_s1000.json,,2.3913495329979924,28.0,22.0,0.125,0.4210526315789474,0.08333333333333333,0.26666666666666666
cbn_unif_mixture,CPC,"{""alpha"": 0.05, ""max_conditioning_set_size"": 3}",20,30,3000,0,/home/mathis/Documents/Travail/cbnsl_benchmark/experiments/scaling/agrum3/../../../experiments/scaling/agrum3/2026-07-31_10h35_cbn_unif_mixture/graphs/golden__v20_a30_g0.json,/home/mathis/Documents/Travail/cbnsl_benchmark/experiments/scaling/agrum3/../../../experiments/scaling/agrum3/2026-07-31_10h35_cbn_unif_mixture/graphs/CPC__v20_a30_g0_s3000.json,,8.266205654996156,20.0,6.0,0.5,0.888888888888889,0.625,0.8
cbn_unif_mixture,CMIIC,"{""alpha"": 0.05}",20,30,3000,0,/home/mathis/Documents/Travail/cbnsl_benchmark/experiments/scaling/agrum3/../../../experiments/scaling/agrum3/2026-07-31_10h35_cbn_unif_mixture/graphs/golden__v20_a30_g0.json,/home/mathis/Documents/Travail/cbnsl_benchmark/experiments/scaling/agrum3/../../../experiments/scaling/agrum3/2026-07-31_10h35_cbn_unif_mixture/graphs/CMIIC__v20_a30_g0_s3000.json,,19.184279323999363,28.0,20.0,0.12500000000000003,0.5,0.09090909090909091,0.3333333333333333
cbn_unif_mixture,CPC,"{""alpha"": 0.05, ""max_conditioning_set_size"": 3}",20,30,5000,0,/home/mathis/Documents/Travail/cbnsl_benchmark/experiments/scaling/agrum3/../../../experiments/scaling/agrum3/2026-07-31_10h35_cbn_unif_mixture/graphs/golden__v20_a30_g0.json,/home/mathis/Documents/Travail/cbnsl_benchmark/experiments/scaling/agrum3/../../../experiments/scaling/agrum3/2026-07-31_10h35_cbn_unif_mixture/graphs/CPC__v20_a30_g0_s5000.json,,30.44116050899902,20.0,1.0,0.5000000000000001,0.983050847457627,0.9090909090909091,0.9666666666666667
cbn_unif_mixture,CMIIC,"{""alpha"": 0.05}",20,30,5000,0,/home/mathis/Documents/Travail/cbnsl_benchmark/experiments/scaling/agrum3/../../../experiments/scaling/agrum3/2026-07-31_10h35_cbn_unif_mixture/graphs/golden__v20_a30_g0.json,/home/mathis/Documents/Travail/cbnsl_benchmark/experiments/scaling/agrum3/../../../experiments/scaling/agrum3/2026-07-31_10h35_cbn_unif_mixture/graphs/CMIIC__v20_a30_g0_s5000.json,,52.88521182799741,28.0,20.0,0.12500000000000003,0.5,0.09090909090909091,0.3333333333333333
cbn_unif_mixture,CPC,"{""alpha"": 0.05, ""max_conditioning_set_size"": 3}",20,30,200,1,/home/mathis/Documents/Travail/cbnsl_benchmark/experiments/scaling/agrum3/../../../experiments/scaling/agrum3/2026-07-31_10h35_cbn_unif_mixture/graphs/golden__v20_a30_g1.json,/home/mathis/Documents/Travail/cbnsl_benchmark/experiments/scaling/agrum3/../../../experiments/scaling/agrum3/2026-07-31_10h35_cbn_unif_mixture/graphs/CPC__v20_a30_g1_s200.json,,0.05274643800657941,30.0,30.0,0.0,0.0,0.0,0.0
cbn_unif_mixture,CMIIC,"{""alpha"": 0.05}",20,30,200,1,/home/mathis/Documents/Travail/cbnsl_benchmark/experiments/scaling/agrum3/../../../experiments/scaling/agrum3/2026-07-31_10h35_cbn_unif_mixture/graphs/golden__v20_a30_g1.json,/home/mathis/Documents/Travail/cbnsl_benchmark/experiments/scaling/agrum3/../../../experiments/scaling/agrum3/2026-07-31_10h35_cbn_unif_mixture/graphs/CMIIC__v20_a30_g1_s200.json,,0.14728576299967244,29.0,24.0,0.06451612903225806,0.33333333333333337,0.04,0.2
cbn_unif_mixture,CPC,"{""alpha"": 0.05, ""max_conditioning_set_size"": 3}",20,30,500,1,/home/mathis/Documents/Travail/cbnsl_benchmark/experiments/scaling/agrum3/../../../experiments/scaling/agrum3/2026-07-31_10h35_cbn_unif_mixture/graphs/golden__v20_a30_g1.json,/home/mathis/Documents/Travail/cbnsl_benchmark/experiments/scaling/agrum3/../../../experiments/scaling/agrum3/2026-07-31_10h35_cbn_unif_mixture/graphs/CPC__v20_a30_g1_s500.json,,0.24425987900031032,29.0,25.0,0.06451612903225806,0.2857142857142857,0.038461538461538464,0.16666666666666666
cbn_unif_mixture,CMIIC,"{""alpha"": 0.05}",20,30,500,1,/home/mathis/Documents/Travail/cbnsl_benchmark/experiments/scaling/agrum3/../../../experiments/scaling/agrum3/2026-07-31_10h35_cbn_unif_mixture/graphs/golden__v20_a30_g1.json,/home/mathis/Documents/Travail/cbnsl_benchmark/experiments/scaling/agrum3/../../../experiments/scaling/agrum3/2026-07-31_10h35_cbn_unif_mixture/graphs/CMIIC__v20_a30_g1_s500.json,,0.7547114659973886,29.0,23.0,0.06451612903225806,0.37837837837837834,0.041666666666666664,0.23333333333333334
cbn_unif_mixture,CPC,"{""alpha"": 0.05, ""max_conditioning_set_size"": 3}",20,30,1000,1,/home/mathis/Documents/Travail/cbnsl_benchmark/experiments/scaling/agrum3/../../../experiments/scaling/agrum3/2026-07-31_10h35_cbn_unif_mixture/graphs/golden__v20_a30_g1.json,/home/mathis/Documents/Travail/cbnsl_benchmark/experiments/scaling/agrum3/../../../experiments/scaling/agrum3/2026-07-31_10h35_cbn_unif_mixture/graphs/CPC__v20_a30_g1_s1000.json,,0.7769375669959118,25.0,12.0,0.28571428571428575,0.7499999999999999,0.29411764705882354,0.6
cbn_unif_mixture,CMIIC,"{""alpha"": 0.05}",20,30,1000,1,/home/mathis/Documents/Travail/cbnsl_benchmark/experiments/scaling/agrum3/../../../experiments/scaling/agrum3/2026-07-31_10h35_cbn_unif_mixture/graphs/golden__v20_a30_g1.json,/home/mathis/Documents/Travail/cbnsl_benchmark/experiments/scaling/agrum3/../../../experiments/scaling/agrum3/2026-07-31_10h35_cbn_unif_mixture/graphs/CMIIC__v20_a30_g1_s1000.json,,2.6318277760001365,28.0,22.0,0.125,0.4210526315789474,0.08333333333333333,0.26666666666666666
cbn_unif_mixture,CPC,"{""alpha"": 0.05, ""max_conditioning_set_size"": 3}",20,30,3000,1,/home/mathis/Documents/Travail/cbnsl_benchmark/experiments/scaling/agrum3/../../../experiments/scaling/agrum3/2026-07-31_10h35_cbn_unif_mixture/graphs/golden__v20_a30_g1.json,/home/mathis/Documents/Travail/cbnsl_benchmark/experiments/scaling/agrum3/../../../experiments/scaling/agrum3/2026-07-31_10h35_cbn_unif_mixture/graphs/CPC__v20_a30_g1_s3000.json,,7.6684020000029705,23.0,5.0,0.3783783783783784,0.9090909090909091,0.5833333333333334,0.8333333333333334
cbn_unif_mixture,CMIIC,"{""alpha"": 0.05}",20,30,3000,1,/home/mathis/Documents/Travail/cbnsl_benchmark/experiments/scaling/agrum3/../../../experiments/scaling/agrum3/2026-07-31_10h35_cbn_unif_mixture/graphs/golden__v20_a30_g1.json,/home/mathis/Documents/Travail/cbnsl_benchmark/experiments/scaling/agrum3/../../../experiments/scaling/agrum3/2026-07-31_10h35_cbn_unif_mixture/graphs/CMIIC__v20_a30_g1_s3000.json,,19.78628229199967,28.0,19.0,0.125,0.5365853658536585,0.09523809523809523,0.36666666666666664
cbn_unif_mixture,CPC,"{""alpha"": 0.05, ""max_conditioning_set_size"": 3}",20,30,5000,1,/home/mathis/Documents/Travail/cbnsl_benchmark/experiments/scaling/agrum3/../../../experiments/scaling/agrum3/2026-07-31_10h35_cbn_unif_mixture/graphs/golden__v20_a30_g1.json,/home/mathis/Documents/Travail/cbnsl_benchmark/experiments/scaling/agrum3/../../../experiments/scaling/agrum3/2026-07-31_10h35_cbn_unif_mixture/graphs/CPC__v20_a30_g1_s5000.json,,29.931215994998638,22.0,0.0,0.4210526315789474,1.0,1.0,1.0
cbn_unif_mixture,CMIIC,"{""alpha"": 0.05}",20,30,5000,1,/home/mathis/Documents/Travail/cbnsl_benchmark/experiments/scaling/agrum3/../../../experiments/scaling/agrum3/2026-07-31_10h35_cbn_unif_mixture/graphs/golden__v20_a30_g1.json,/home/mathis/Documents/Travail/cbnsl_benchmark/experiments/scaling/agrum3/../../../experiments/scaling/agrum3/2026-07-31_10h35_cbn_unif_mixture/graphs/CMIIC__v20_a30_g1_s5000.json,,55.673606923999614,28.0,20.0,0.12500000000000003,0.5,0.09090909090909091,0.3333333333333333
cbn_unif_mixture,CPC,"{""alpha"": 0.05, ""max_conditioning_set_size"": 3}",20,30,200,2,/home/mathis/Documents/Travail/cbnsl_benchmark/experiments/scaling/agrum3/../../../experiments/scaling/agrum3/2026-07-31_10h35_cbn_unif_mixture/graphs/golden__v20_a30_g2.json,/home/mathis/Documents/Travail/cbnsl_benchmark/experiments/scaling/agrum3/../../../experiments/scaling/agrum3/2026-07-31_10h35_cbn_unif_mixture/graphs/CPC__v20_a30_g2_s200.json,,0.05382575299881864,30.0,29.0,0.0,0.06451612903225806,0.0,0.03333333333333333
cbn_unif_mixture,CMIIC,"{""alpha"": 0.05}",20,30,200,2,/home/mathis/Documents/Travail/cbnsl_benchmark/experiments/scaling/agrum3/../../../experiments/scaling/agrum3/2026-07-31_10h35_cbn_unif_mixture/graphs/golden__v20_a30_g2.json,/home/mathis/Documents/Travail/cbnsl_benchmark/experiments/scaling/agrum3/../../../experiments/scaling/agrum3/2026-07-31_10h35_cbn_unif_mixture/graphs/CMIIC__v20_a30_g2_s200.json,,0.1358521509973798,28.0,26.0,0.125,0.23529411764705882,0.07142857142857142,0.13333333333333333
cbn_unif_mixture,CPC,"{""alpha"": 0.05, ""max_conditioning_set_size"": 3}",20,30,500,2,/home/mathis/Documents/Travail/cbnsl_benchmark/experiments/scaling/agrum3/../../../experiments/scaling/agrum3/2026-07-31_10h35_cbn_unif_mixture/graphs/golden__v20_a30_g2.json,/home/mathis/Documents/Travail/cbnsl_benchmark/experiments/scaling/agrum3/../../../experiments/scaling/agrum3/2026-07-31_10h35_cbn_unif_mixture/graphs/CPC__v20_a30_g2_s500.json,,0.24990298200282268,30.0,25.0,0.0,0.2857142857142857,0.0,0.16666666666666666
cbn_unif_mixture,CMIIC,"{""alpha"": 0.05}",20,30,500,2,/home/mathis/Documents/Travail/cbnsl_benchmark/experiments/scaling/agrum3/../../../experiments/scaling/agrum3/2026-07-31_10h35_cbn_unif_mixture/graphs/golden__v20_a30_g2.json,/home/mathis/Documents/Travail/cbnsl_benchmark/experiments/scaling/agrum3/../../../experiments/scaling/agrum3/2026-07-31_10h35_cbn_unif_mixture/graphs/CMIIC__v20_a30_g2_s500.json,,0.8904903570000897,28.0,22.0,0.125,0.4210526315789474,0.08333333333333333,0.26666666666666666
cbn_unif_mixture,CPC,"{""alpha"": 0.05, ""max_conditioning_set_size"": 3}",20,30,1000,2,/home/mathis/Documents/Travail/cbnsl_benchmark/experiments/scaling/agrum3/../../../experiments/scaling/agrum3/2026-07-31_10h35_cbn_unif_mixture/graphs/golden__v20_a30_g2.json,/home/mathis/Documents/Travail/cbnsl_benchmark/experiments/scaling/agrum3/../../../experiments/scaling/agrum3/2026-07-31_10h35_cbn_unif_mixture/graphs/CPC__v20_a30_g2_s1000.json,,0.751946942997165,22.0,6.0,0.4210526315789474,0.888888888888889,0.5714285714285714,0.8
cbn_unif_mixture,CMIIC,"{""alpha"": 0.05}",20,30,1000,2,/home/mathis/Documents/Travail/cbnsl_benchmark/experiments/scaling/agrum3/../../../experiments/scaling/agrum3/2026-07-31_10h35_cbn_unif_mixture/graphs/golden__v20_a30_g2.json,/home/mathis/Documents/Travail/cbnsl_benchmark/experiments/scaling/agrum3/../../../experiments/scaling/agrum3/2026-07-31_10h35_cbn_unif_mixture/graphs/CMIIC__v20_a30_g2_s1000.json,,2.6433625610006857,26.0,21.0,0.23529411764705882,0.4615384615384615,0.16,0.3
cbn_unif_mixture,CPC,"{""alpha"": 0.05, ""max_conditioning_set_size"": 3}",20,30,3000,2,/home/mathis/Documents/Travail/cbnsl_benchmark/experiments/scaling/agrum3/../../../experiments/scaling/agrum3/2026-07-31_10h35_cbn_unif_mixture/graphs/golden__v20_a30_g2.json,/home/mathis/Documents/Travail/cbnsl_benchmark/experiments/scaling/agrum3/../../../experiments/scaling/agrum3/2026-07-31_10h35_cbn_unif_mixture/graphs/CPC__v20_a30_g2_s3000.json,,8.525633311001002,25.0,5.0,0.28571428571428575,0.9090909090909091,0.5,0.8333333333333334
cbn_unif_mixture,CMIIC,"{""alpha"": 0.05}",20,30,3000,2,/home/mathis/Documents/Travail/cbnsl_benchmark/experiments/scaling/agrum3/../../../experiments/scaling/agrum3/2026-07-31_10h35_cbn_unif_mixture/graphs/golden__v20_a30_g2.json,/home/mathis/Documents/Travail/cbnsl_benchmark/experiments/scaling/agrum3/../../../experiments/scaling/agrum3/2026-07-31_10h35_cbn_unif_mixture/graphs/CMIIC__v20_a30_g2_s3000.json,,30.096392271996592,26.0,12.0,0.23529411764705882,0.7499999999999999,0.25,0.6
cbn_unif_mixture,CPC,"{""alpha"": 0.05, ""max_conditioning_set_size"": 3}",20,30,5000,2,/home/mathis/Documents/Travail/cbnsl_benchmark/experiments/scaling/agrum3/../../../experiments/scaling/agrum3/2026-07-31_10h35_cbn_unif_mixture/graphs/golden__v20_a30_g2.json,/home/mathis/Documents/Travail/cbnsl_benchmark/experiments/scaling/agrum3/../../../experiments/scaling/agrum3/2026-07-31_10h35_cbn_unif_mixture/graphs/CPC__v20_a30_g2_s5000.json,,28.34545559000253,19.0,0.0,0.5365853658536585,1.0,1.0,1.0
cbn_unif_mixture,CMIIC,"{""alpha"": 0.05}",20,30,5000,2,/home/mathis/Documents/Travail/cbnsl_benchmark/experiments/scaling/agrum3/../../../experiments/scaling/agrum3/2026-07-31_10h35_cbn_unif_mixture/graphs/golden__v20_a30_g2.json,/home/mathis/Documents/Travail/cbnsl_benchmark/experiments/scaling/agrum3/../../../experiments/scaling/agrum3/2026-07-31_10h35_cbn_unif_mixture/graphs/CMIIC__v20_a30_g2_s5000.json,,66.979913424002,26.0,13.0,0.23529411764705882,0.7234042553191489,0.23529411764705882,0.5666666666666667
cbn_unif_mixture,CPC,"{""alpha"": 0.05, ""max_conditioning_set_size"": 3}",20,30,200,3,/home/mathis/Documents/Travail/cbnsl_benchmark/experiments/scaling/agrum3/../../../experiments/scaling/agrum3/2026-07-31_10h35_cbn_unif_mixture/graphs/golden__v20_a30_g3.json,/home/mathis/Documents/Travail/cbnsl_benchmark/experiments/scaling/agrum3/../../../experiments/scaling/agrum3/2026-07-31_10h35_cbn_unif_mixture/graphs/CPC__v20_a30_g3_s200.json,,0.05140397899958771,29.0,27.0,0.06451612903225806,0.18181818181818182,0.03571428571428571,0.1
cbn_unif_mixture,CMIIC,"{""alpha"": 0.05}",20,30,200,3,/home/mathis/Documents/Travail/cbnsl_benchmark/experiments/scaling/agrum3/../../../experiments/scaling/agrum3/2026-07-31_10h35_cbn_unif_mixture/graphs/golden__v20_a30_g3.json,/home/mathis/Documents/Travail/cbnsl_benchmark/experiments/scaling/agrum3/../../../experiments/scaling/agrum3/2026-07-31_10h35_cbn_unif_mixture/graphs/CMIIC__v20_a30_g3_s200.json,,0.1856809190066997,23.0,23.0,0.41025641025641024,0.41025641025641024,0.26666666666666666,0.26666666666666666
cbn_unif_mixture,CPC,"{""alpha"": 0.05, ""max_conditioning_set_size"": 3}",20,30,500,3,/home/mathis/Documents/Travail/cbnsl_benchmark/experiments/scaling/agrum3/../../../experiments/scaling/agrum3/2026-07-31_10h35_cbn_unif_mixture/graphs/golden__v20_a30_g3.json,/home/mathis/Documents/Travail/cbnsl_benchmark/experiments/scaling/agrum3/../../../experiments/scaling/agrum3/2026-07-31_10h35_cbn_unif_mixture/graphs/CPC__v20_a30_g3_s500.json,,0.26572164099343354,28.0,23.0,0.1764705882352941,0.41025641025641024,0.12,0.26666666666666666
cbn_unif_mixture,CMIIC,"{""alpha"": 0.05}",20,30,500,3,/home/mathis/Documents/Travail/cbnsl_benchmark/experiments/scaling/agrum3/../../../experiments/scaling/agrum3/2026-07-31_10h35_cbn_unif_mixture/graphs/golden__v20_a30_g3.json,/home/mathis/Documents/Travail/cbnsl_benchmark/experiments/scaling/agrum3/../../../experiments/scaling/agrum3/2026-07-31_10h35_cbn_unif_mixture/graphs/CMIIC__v20_a30_g3_s500.json,,1.0600778680018266,20.0,19.0,0.5238095238095238,0.5581395348837209,0.3793103448275862,0.4
cbn_unif_mixture,CPC,"{""alpha"": 0.05, ""max_conditioning_set_size"": 3}",20,30,1000,3,/home/mathis/Documents/Travail/cbnsl_benchmark/experiments/scaling/agrum3/../../../experiments/scaling/agrum3/2026-07-31_10h35_cbn_unif_mixture/graphs/golden__v20_a30_g3.json,/home/mathis/Documents/Travail/cbnsl_benchmark/experiments/scaling/agrum3/../../../experiments/scaling/agrum3/2026-07-31_10h35_cbn_unif_mixture/graphs/CPC__v20_a30_g3_s1000.json,,0.8796186149993446,27.0,9.0,0.18181818181818182,0.8235294117647058,0.25,0.7
cbn_unif_mixture,CMIIC,"{""alpha"": 0.05}",20,30,1000,3,/home/mathis/Documents/Travail/cbnsl_benchmark/experiments/scaling/agrum3/../../../experiments/scaling/agrum3/2026-07-31_10h35_cbn_unif_mixture/graphs/golden__v20_a30_g3.json,/home/mathis/Documents/Travail/cbnsl_benchmark/experiments/scaling/agrum3/../../../experiments/scaling/agrum3/2026-07-31_10h35_cbn_unif_mixture/graphs/CMIIC__v20_a30_g3_s1000.json,,3.440166517997568,18.0,17.0,0.5714285714285715,0.6046511627906976,0.41379310344827586,0.43333333333333335
cbn_unif_mixture,CPC,"{""alpha"": 0.05, ""max_conditioning_set_size"": 3}",20,30,3000,3,/home/mathis/Documents/Travail/cbnsl_benchmark/experiments/scaling/agrum3/../../../experiments/scaling/agrum3/2026-07-31_10h35_cbn_unif_mixture/graphs/golden__v20_a30_g3.json,/home/mathis/Documents/Travail/cbnsl_benchmark/experiments/scaling/agrum3/../../../experiments/scaling/agrum3/2026-07-31_10h35_cbn_unif_mixture/graphs/CPC__v20_a30_g3_s3000.json,,8.951100557002064,27.0,9.0,0.22857142857142854,0.8301886792452831,0.3333333333333333,0.7333333333333333
cbn_unif_mixture,CMIIC,"{""alpha"": 0.05}",20,30,3000,3,/home/mathis/Documents/Travail/cbnsl_benchmark/experiments/scaling/agrum3/../../../experiments/scaling/agrum3/2026-07-31_10h35_cbn_unif_mixture/graphs/golden__v20_a30_g3.json,/home/mathis/Documents/Travail/cbnsl_benchmark/experiments/scaling/agrum3/../../../experiments/scaling/agrum3/2026-07-31_10h35_cbn_unif_mixture/graphs/CMIIC__v20_a30_g3_s3000.json,,25.3419375950034,18.0,18.0,0.5714285714285715,0.5714285714285715,0.4,0.4
cbn_unif_mixture,CPC,"{""alpha"": 0.05, ""max_conditioning_set_size"": 3}",20,30,5000,3,/home/mathis/Documents/Travail/cbnsl_benchmark/experiments/scaling/agrum3/../../../experiments/scaling/agrum3/2026-07-31_10h35_cbn_unif_mixture/graphs/golden__v20_a30_g3.json,/home/mathis/Documents/Travail/cbnsl_benchmark/experiments/scaling/agrum3/../../../experiments/scaling/agrum3/2026-07-31_10h35_cbn_unif_mixture/graphs/CPC__v20_a30_g3_s5000.json,,29.51257704100135,28.0,1.0,0.125,0.983050847457627,0.6666666666666666,0.9666666666666667
cbn_unif_mixture,CMIIC,"{""alpha"": 0.05}",20,30,5000,3,/home/mathis/Documents/Travail/cbnsl_benchmark/experiments/scaling/agrum3/../../../experiments/scaling/agrum3/2026-07-31_10h35_cbn_unif_mixture/graphs/golden__v20_a30_g3.json,/home/mathis/Documents/Travail/cbnsl_benchmark/experiments/scaling/agrum3/../../../experiments/scaling/agrum3/2026-07-31_10h35_cbn_unif_mixture/graphs/CMIIC__v20_a30_g3_s5000.json,,75.16583102100412,18.0,17.0,0.5714285714285715,0.6046511627906976,0.41379310344827586,0.43333333333333335
cbn_unif_mixture,CPC,"{""alpha"": 0.05, ""max_conditioning_set_size"": 3}",20,30,200,4,/home/mathis/Documents/Travail/cbnsl_benchmark/experiments/scaling/agrum3/../../../experiments/scaling/agrum3/2026-07-31_10h35_cbn_unif_mixture/graphs/golden__v20_a30_g4.json,/home/mathis/Documents/Travail/cbnsl_benchmark/experiments/scaling/agrum3/../../../experiments/scaling/agrum3/2026-07-31_10h35_cbn_unif_mixture/graphs/CPC__v20_a30_g4_s200.json,,0.0578252259947476,29.0,29.0,0.06451612903225806,0.06451612903225806,0.03333333333333333,0.03333333333333333
cbn_unif_mixture,CMIIC,"{""alpha"": 0.05}",20,30,200,4,/home/mathis/Documents/Travail/cbnsl_benchmark/experiments/scaling/agrum3/../../../experiments/scaling/agrum3/2026-07-31_10h35_cbn_unif_mixture/graphs/golden__v20_a30_g4.json,/home/mathis/Documents/Travail/cbnsl_benchmark/experiments/scaling/agrum3/../../../experiments/scaling/agrum3/2026-07-31_10h35_cbn_unif_mixture/graphs/CMIIC__v20_a30_g4_s200.json,,0.1387756019976223,28.0,25.0,0.125,0.2857142857142857,0.07407407407407407,0.16666666666666666
cbn_unif_mixture,CPC,"{""alpha"": 0.05, ""max_conditioning_set_size"": 3}",20,30,500,4,/home/mathis/Documents/Travail/cbnsl_benchmark/experiments/scaling/agrum3/../../../experiments/scaling/agrum3/2026-07-31_10h35_cbn_unif_mixture/graphs/golden__v20_a30_g4.json,/home/mathis/Documents/Travail/cbnsl_benchmark/experiments/scaling/agrum3/../../../experiments/scaling/agrum3/2026-07-31_10h35_cbn_unif_mixture/graphs/CPC__v20_a30_g4_s500.json,,0.23089704500307562,27.0,20.0,0.18181818181818182,0.5,0.13043478260869565,0.3333333333333333
cbn_unif_mixture,CMIIC,"{""alpha"": 0.05}",20,30,500,4,/home/mathis/Documents/Travail/cbnsl_benchmark/experiments/scaling/agrum3/../../../experiments/scaling/agrum3/2026-07-31_10h35_cbn_unif_mixture/graphs/golden__v20_a30_g4.json,/home/mathis/Documents/Travail/cbnsl_benchmark/experiments/scaling/agrum3/../../../experiments/scaling/agrum3/2026-07-31_10h35_cbn_unif_mixture/graphs/CMIIC__v20_a30_g4_s500.json,,0.7839280469997902,24.0,18.0,0.3333333333333333,0.5714285714285715,0.25,0.4
cbn_unif_mixture,CPC,"{""alpha"": 0.05, ""max_conditioning_set_size"": 3}",20,30,1000,4,/home/mathis/Documents/Travail/cbnsl_benchmark/experiments/scaling/agrum3/../../../experiments/scaling/agrum3/2026-07-31_10h35_cbn_unif_mixture/graphs/golden__v20_a30_g4.json,/home/mathis/Documents/Travail/cbnsl_benchmark/experiments/scaling/agrum3/../../../experiments/scaling/agrum3/2026-07-31_10h35_cbn_unif_mixture/graphs/CPC__v20_a30_g4_s1000.json,,0.8256409999958123,29.0,16.0,0.06451612903225808,0.6363636363636364,0.058823529411764705,0.4666666666666667
cbn_unif_mixture,CMIIC,"{""alpha"": 0.05}",20,30,1000,4,/home/mathis/Documents/Travail/cbnsl_benchmark/experiments/scaling/agrum3/../../../experiments/scaling/agrum3/2026-07-31_10h35_cbn_unif_mixture/graphs/golden__v20_a30_g4.json,/home/mathis/Documents/Travail/cbnsl_benchmark/experiments/scaling/agrum3/../../../experiments/scaling/agrum3/2026-07-31_10h35_cbn_unif_mixture/graphs/CMIIC__v20_a30_g4_s1000.json,,2.4458583279993036,24.0,20.0,0.33333333333333337,0.5,0.23076923076923078,0.3333333333333333
cbn_unif_mixture,CPC,"{""alpha"": 0.05, ""max_conditioning_set_size"": 3}",20,30,3000,4,/home/mathis/Documents/Travail/cbnsl_benchmark/experiments/scaling/agrum3/../../../experiments/scaling/agrum3/2026-07-31_10h35_cbn_unif_mixture/graphs/golden__v20_a30_g4.json,/home/mathis/Documents/Travail/cbnsl_benchmark/experiments/scaling/agrum3/../../../experiments/scaling/agrum3/2026-07-31_10h35_cbn_unif_mixture/graphs/CPC__v20_a30_g4_s3000.json,,8.12460838699917,21.0,3.0,0.46153846153846156,0.9473684210526316,0.75,0.9
cbn_unif_mixture,CMIIC,"{""alpha"": 0.05}",20,30,3000,4,/home/mathis/Documents/Travail/cbnsl_benchmark/experiments/scaling/agrum3/../../../experiments/scaling/agrum3/2026-07-31_10h35_cbn_unif_mixture/graphs/golden__v20_a30_g4.json,/home/mathis/Documents/Travail/cbnsl_benchmark/experiments/scaling/agrum3/../../../experiments/scaling/agrum3/2026-07-31_10h35_cbn_unif_mixture/graphs/CMIIC__v20_a30_g4_s3000.json,,21.393284061996383,24.0,20.0,0.33333333333333337,0.5,0.23076923076923078,0.3333333333333333
cbn_unif_mixture,CPC,"{""alpha"": 0.05, ""max_conditioning_set_size"": 3}",20,30,5000,4,/home/mathis/Documents/Travail/cbnsl_benchmark/experiments/scaling/agrum3/../../../experiments/scaling/agrum3/2026-07-31_10h35_cbn_unif_mixture/graphs/golden__v20_a30_g4.json,/home/mathis/Documents/Travail/cbnsl_benchmark/experiments/scaling/agrum3/../../../experiments/scaling/agrum3/2026-07-31_10h35_cbn_unif_mixture/graphs/CPC__v20_a30_g4_s5000.json,,24.875360448997526,25.0,0.0,0.2857142857142857,1.0,1.0,1.0
cbn_unif_mixture,CMIIC,"{""alpha"": 0.05}",20,30,5000,4,/home/mathis/Documents/Travail/cbnsl_benchmark/experiments/scaling/agrum3/../../../experiments/scaling/agrum3/2026-07-31_10h35_cbn_unif_mixture/graphs/golden__v20_a30_g4.json,/home/mathis/Documents/Travail/cbnsl_benchmark/experiments/scaling/agrum3/../../../experiments/scaling/agrum3/2026-07-31_10h35_cbn_unif_mixture/graphs/CMIIC__v20_a30_g4_s5000.json,,69.64647464199516,24.0,18.0,0.3333333333333333,0.5714285714285715,0.25,0.4
cbn_unif_mixture,CPC,"{""alpha"": 0.05, ""max_conditioning_set_size"": 3}",20,30,200,5,/home/mathis/Documents/Travail/cbnsl_benchmark/experiments/scaling/agrum3/../../../experiments/scaling/agrum3/2026-07-31_10h35_cbn_unif_mixture/graphs/golden__v20_a30_g5.json,/home/mathis/Documents/Travail/cbnsl_benchmark/experiments/scaling/agrum3/../../../experiments/scaling/agrum3/2026-07-31_10h35_cbn_unif_mixture/graphs/CPC__v20_a30_g5_s200.json,,0.0526009610039182,29.0,28.0,0.0,0.06666666666666667,0.0,0.034482758620689655
cbn_unif_mixture,CMIIC,"{""alpha"": 0.05}",20,30,200,5,/home/mathis/Documents/Travail/cbnsl_benchmark/experiments/scaling/agrum3/../../../experiments/scaling/agrum3/2026-07-31_10h35_cbn_unif_mixture/graphs/golden__v20_a30_g5.json,/home/mathis/Documents/Travail/cbnsl_benchmark/experiments/scaling/agrum3/../../../experiments/scaling/agrum3/2026-07-31_10h35_cbn_unif_mixture/graphs/CMIIC__v20_a30_g5_s200.json,,0.24822785300057149,24.0,19.0,0.29411764705882354,0.5128205128205129,0.20833333333333334,0.3448275862068966
cbn_unif_mixture,CPC,"{""alpha"": 0.05, ""max_conditioning_set_size"": 3}",20,30,500,5,/home/mathis/Documents/Travail/cbnsl_benchmark/experiments/scaling/agrum3/../../../experiments/scaling/agrum3/2026-07-31_10h35_cbn_unif_mixture/graphs/golden__v20_a30_g5.json,/home/mathis/Documents/Travail/cbnsl_benchmark/experiments/scaling/agrum3/../../../experiments/scaling/agrum3/2026-07-31_10h35_cbn_unif_mixture/graphs/CPC__v20_a30_g5_s500.json,,0.23049097499460913,27.0,24.0,0.12903225806451613,0.29411764705882354,0.07692307692307693,0.1724137931034483
cbn_unif_mixture,CMIIC,"{""alpha"": 0.05}",20,30,500,5,/home/mathis/Documents/Travail/cbnsl_benchmark/experiments/scaling/agrum3/../../../experiments/scaling/agrum3/2026-07-31_10h35_cbn_unif_mixture/graphs/golden__v20_a30_g5.json,/home/mathis/Documents/Travail/cbnsl_benchmark/experiments/scaling/agrum3/../../../experiments/scaling/agrum3/2026-07-31_10h35_cbn_unif_mixture/graphs/CMIIC__v20_a30_g5_s500.json,,0.8181332259991905,24.0,20.0,0.29411764705882354,0.4736842105263158,0.2,0.3103448275862069
cbn_unif_mixture,CPC,"{""alpha"": 0.05, ""max_conditioning_set_size"": 3}",20,30,1000,5,/home/mathis/Documents/Travail/cbnsl_benchmark/experiments/scaling/agrum3/../../../experiments/scaling/agrum3/2026-07-31_10h35_cbn_unif_mixture/graphs/golden__v20_a30_g5.json,/home/mathis/Documents/Travail/cbnsl_benchmark/experiments/scaling/agrum3/../../../experiments/scaling/agrum3/2026-07-31_10h35_cbn_unif_mixture/graphs/CPC__v20_a30_g5_s1000.json,,0.9421928169977036,23.0,17.0,0.3428571428571428,0.5853658536585366,0.2608695652173913,0.41379310344827586
cbn_unif_mixture,CMIIC,"{""alpha"": 0.05}",20,30,1000,5,/home/mathis/Documents/Travail/cbnsl_benchmark/experiments/scaling/agrum3/../../../experiments/scaling/agrum3/2026-07-31_10h35_cbn_unif_mixture/graphs/golden__v20_a30_g5.json,/home/mathis/Documents/Travail/cbnsl_benchmark/experiments/scaling/agrum3/../../../experiments/scaling/agrum3/2026-07-31_10h35_cbn_unif_mixture/graphs/CMIIC__v20_a30_g5_s1000.json,,3.1328172399953473,23.0,18.0,0.34285714285714286,0.5499999999999999,0.25,0.3793103448275862
cbn_unif_mixture,CPC,"{""alpha"": 0.05, ""max_conditioning_set_size"": 3}",20,30,3000,5,/home/mathis/Documents/Travail/cbnsl_benchmark/experiments/scaling/agrum3/../../../experiments/scaling/agrum3/2026-07-31_10h35_cbn_unif_mixture/graphs/golden__v20_a30_g5.json,/home/mathis/Documents/Travail/cbnsl_benchmark/experiments/scaling/agrum3/../../../experiments/scaling/agrum3/2026-07-31_10h35_cbn_unif_mixture/graphs/CPC__v20_a30_g5_s3000.json,,7.3766691780037945,21.0,0.0,0.4324324324324324,1.0,1.0,1.0
cbn_unif_mixture,CMIIC,"{""alpha"": 0.05}",20,30,3000,5,/home/mathis/Documents/Travail/cbnsl_benchmark/experiments/scaling/agrum3/../../../experiments/scaling/agrum3/2026-07-31_10h35_cbn_unif_mixture/graphs/golden__v20_a30_g5.json,/home/mathis/Documents/Travail/cbnsl_benchmark/experiments/scaling/agrum3/../../../experiments/scaling/agrum3/2026-07-31_10h35_cbn_unif_mixture/graphs/CMIIC__v20_a30_g5_s3000.json,,22.243286431999877,23.0,19.0,0.34285714285714286,0.5128205128205129,0.24,0.3448275862068966
cbn_unif_mixture,CPC,"{""alpha"": 0.05, ""max_conditioning_set_size"": 3}",20,30,5000,5,/home/mathis/Documents/Travail/cbnsl_benchmark/experiments/scaling/agrum3/../../../experiments/scaling/agrum3/2026-07-31_10h35_cbn_unif_mixture/graphs/golden__v20_a30_g5.json,/home/mathis/Documents/Travail/cbnsl_benchmark/experiments/scaling/agrum3/../../../experiments/scaling/agrum3/2026-07-31_10h35_cbn_unif_mixture/graphs/CPC__v20_a30_g5_s5000.json,,21.420124532000045,24.0,0.0,0.29411764705882354,1.0,1.0,1.0
cbn_unif_mixture,CMIIC,"{""alpha"": 0.05}",20,30,5000,5,/home/mathis/Documents/Travail/cbnsl_benchmark/experiments/scaling/agrum3/../../../experiments/scaling/agrum3/2026-07-31_10h35_cbn_unif_mixture/graphs/golden__v20_a30_g5.json,/home/mathis/Documents/Travail/cbnsl_benchmark/experiments/scaling/agrum3/../../../experiments/scaling/agrum3/2026-07-31_10h35_cbn_unif_mixture/graphs/CMIIC__v20_a30_g5_s5000.json,,59.67662624300283,23.0,19.0,0.34285714285714286,0.5128205128205129,0.24,0.3448275862068966
cbn_unif_mixture,CPC,"{""alpha"": 0.05, ""max_conditioning_set_size"": 3}",20,30,200,6,/home/mathis/Documents/Travail/cbnsl_benchmark/experiments/scaling/agrum3/../../../experiments/scaling/agrum3/2026-07-31_10h35_cbn_unif_mixture/graphs/golden__v20_a30_g6.json,/home/mathis/Documents/Travail/cbnsl_benchmark/experiments/scaling/agrum3/../../../experiments/scaling/agrum3/2026-07-31_10h35_cbn_unif_mixture/graphs/CPC__v20_a30_g6_s200.json,,0.05331845399632584,29.0,28.0,0.06451612903225806,0.125,0.034482758620689655,0.06666666666666667
cbn_unif_mixture,CMIIC,"{""alpha"": 0.05}",20,30,200,6,/home/mathis/Documents/Travail/cbnsl_benchmark/experiments/scaling/agrum3/../../../experiments/scaling/agrum3/2026-07-31_10h35_cbn_unif_mixture/graphs/golden__v20_a30_g6.json,/home/mathis/Documents/Travail/cbnsl_benchmark/experiments/scaling/agrum3/../../../experiments/scaling/agrum3/2026-07-31_10h35_cbn_unif_mixture/graphs/CMIIC__v20_a30_g6_s200.json,,0.17965324700344354,24.0,22.0,0.3333333333333333,0.4210526315789474,0.21428571428571427,0.26666666666666666
cbn_unif_mixture,CPC,"{""alpha"": 0.05, ""max_conditioning_set_size"": 3}",20,30,500,6,/home/mathis/Documents/Travail/cbnsl_benchmark/experiments/scaling/agrum3/../../../experiments/scaling/agrum3/2026-07-31_10h35_cbn_unif_mixture/graphs/golden__v20_a30_g6.json,/home/mathis/Documents/Travail/cbnsl_benchmark/experiments/scaling/agrum3/../../../experiments/scaling/agrum3/2026-07-31_10h35_cbn_unif_mixture/graphs/CPC__v20_a30_g6_s500.json,,0.2042273409970221,27.0,22.0,0.18181818181818182,0.4210526315789474,0.12,0.26666666666666666
cbn_unif_mixture,CMIIC,"{""alpha"": 0.05}",20,30,500,6,/home/mathis/Documents/Travail/cbnsl_benchmark/experiments/scaling/agrum3/../../../experiments/scaling/agrum3/2026-07-31_10h35_cbn_unif_mixture/graphs/golden__v20_a30_g6.json,/home/mathis/Documents/Travail/cbnsl_benchmark/experiments/scaling/agrum3/../../../experiments/scaling/agrum3/2026-07-31_10h35_cbn_unif_mixture/graphs/CMIIC__v20_a30_g6_s500.json,,0.7624317349982448,22.0,19.0,0.42105263157894735,0.5365853658536585,0.2962962962962963,0.36666666666666664
cbn_unif_mixture,CPC,"{""alpha"": 0.05, ""max_conditioning_set_size"": 3}",20,30,1000,6,/home/mathis/Documents/Travail/cbnsl_benchmark/experiments/scaling/agrum3/../../../experiments/scaling/agrum3/2026-07-31_10h35_cbn_unif_mixture/graphs/golden__v20_a30_g6.json,/home/mathis/Documents/Travail/cbnsl_benchmark/experiments/scaling/agrum3/../../../experiments/scaling/agrum3/2026-07-31_10h35_cbn_unif_mixture/graphs/CPC__v20_a30_g6_s1000.json,,0.7936388419984723,24.0,13.0,0.33333333333333337,0.7234042553191489,0.3157894736842105,0.5666666666666667
cbn_unif_mixture,CMIIC,"{""alpha"": 0.05}",20,30,1000,6,/home/mathis/Documents/Travail/cbnsl_benchmark/experiments/scaling/agrum3/../../../experiments/scaling/agrum3/2026-07-31_10h35_cbn_unif_mixture/graphs/golden__v20_a30_g6.json,/home/mathis/Documents/Travail/cbnsl_benchmark/experiments/scaling/agrum3/../../../experiments/scaling/agrum3/2026-07-31_10h35_cbn_unif_mixture/graphs/CMIIC__v20_a30_g6_s1000.json,,2.6532877079953323,20.0,17.0,0.5,0.6046511627906976,0.37037037037037035,0.43333333333333335
cbn_unif_mixture,CPC,"{""alpha"": 0.05, ""max_conditioning_set_size"": 3}",20,30,3000,6,/home/mathis/Documents/Travail/cbnsl_benchmark/experiments/scaling/agrum3/../../../experiments/scaling/agrum3/2026-07-31_10h35_cbn_unif_mixture/graphs/golden__v20_a30_g6.json,/home/mathis/Documents/Travail/cbnsl_benchmark/experiments/scaling/agrum3/../../../experiments/scaling/agrum3/2026-07-31_10h35_cbn_unif_mixture/graphs/CPC__v20_a30_g6_s3000.json,,8.376606955003808,19.0,1.0,0.5365853658536586,0.983050847457627,0.9166666666666666,0.9666666666666667
cbn_unif_mixture,CMIIC,"{""alpha"": 0.05}",20,30,3000,6,/home/mathis/Documents/Travail/cbnsl_benchmark/experiments/scaling/agrum3/../../../experiments/scaling/agrum3/2026-07-31_10h35_cbn_unif_mixture/graphs/golden__v20_a30_g6.json,/home/mathis/Documents/Travail/cbnsl_benchmark/experiments/scaling/agrum3/../../../experiments/scaling/agrum3/2026-07-31_10h35_cbn_unif_mixture/graphs/CMIIC__v20_a30_g6_s3000.json,,21.855058754998026,20.0,17.0,0.5,0.6046511627906976,0.37037037037037035,0.43333333333333335
cbn_unif_mixture,CPC,"{""alpha"": 0.05, ""max_conditioning_set_size"": 3}",20,30,5000,6,/home/mathis/Documents/Travail/cbnsl_benchmark/experiments/scaling/agrum3/../../../experiments/scaling/agrum3/2026-07-31_10h35_cbn_unif_mixture/graphs/golden__v20_a30_g6.json,/home/mathis/Documents/Travail/cbnsl_benchmark/experiments/scaling/agrum3/../../../experiments/scaling/agrum3/2026-07-31_10h35_cbn_unif_mixture/graphs/CPC__v20_a30_g6_s5000.json,,27.388278550002724,23.0,0.0,0.37837837837837834,1.0,1.0,1.0
cbn_unif_mixture,CMIIC,"{""alpha"": 0.05}",20,30,5000,6,/home/mathis/Documents/Travail/cbnsl_benchmark/experiments/scaling/agrum3/../../../experiments/scaling/agrum3/2026-07-31_10h35_cbn_unif_mixture/graphs/golden__v20_a30_g6.json,/home/mathis/Documents/Travail/cbnsl_benchmark/experiments/scaling/agrum3/../../../experiments/scaling/agrum3/2026-07-31_10h35_cbn_unif_mixture/graphs/CMIIC__v20_a30_g6_s5000.json,,65.40640056400298,20.0,15.0,0.5,0.6666666666666666,0.4,0.5
cbn_unif_mixture,CPC,"{""alpha"": 0.05, ""max_conditioning_set_size"": 3}",20,30,200,7,/home/mathis/Documents/Travail/cbnsl_benchmark/experiments/scaling/agrum3/../../../experiments/scaling/agrum3/2026-07-31_10h35_cbn_unif_mixture/graphs/golden__v20_a30_g7.json,/home/mathis/Documents/Travail/cbnsl_benchmark/experiments/scaling/agrum3/../../../experiments/scaling/agrum3/2026-07-31_10h35_cbn_unif_mixture/graphs/CPC__v20_a30_g7_s200.json,,0.08009613499598345,30.0,29.0,0.0,0.06451612903225806,0.0,0.03333333333333333
cbn_unif_mixture,CMIIC,"{""alpha"": 0.05}",20,30,200,7,/home/mathis/Documents/Travail/cbnsl_benchmark/experiments/scaling/agrum3/../../../experiments/scaling/agrum3/2026-07-31_10h35_cbn_unif_mixture/graphs/golden__v20_a30_g7.json,/home/mathis/Documents/Travail/cbnsl_benchmark/experiments/scaling/agrum3/../../../experiments/scaling/agrum3/2026-07-31_10h35_cbn_unif_mixture/graphs/CMIIC__v20_a30_g7_s200.json,,0.16605102400353644,28.0,24.0,0.125,0.33333333333333337,0.07692307692307693,0.2
cbn_unif_mixture,CPC,"{""alpha"": 0.05, ""max_conditioning_set_size"": 3}",20,30,500,7,/home/mathis/Documents/Travail/cbnsl_benchmark/experiments/scaling/agrum3/../../../experiments/scaling/agrum3/2026-07-31_10h35_cbn_unif_mixture/graphs/golden__v20_a30_g7.json,/home/mathis/Documents/Travail/cbnsl_benchmark/experiments/scaling/agrum3/../../../experiments/scaling/agrum3/2026-07-31_10h35_cbn_unif_mixture/graphs/CPC__v20_a30_g7_s500.json,,0.2982937210035743,29.0,23.0,0.06451612903225806,0.37837837837837834,0.041666666666666664,0.23333333333333334
cbn_unif_mixture,CMIIC,"{""alpha"": 0.05}",20,30,500,7,/home/mathis/Documents/Travail/cbnsl_benchmark/experiments/scaling/agrum3/../../../experiments/scaling/agrum3/2026-07-31_10h35_cbn_unif_mixture/graphs/golden__v20_a30_g7.json,/home/mathis/Documents/Travail/cbnsl_benchmark/experiments/scaling/agrum3/../../../experiments/scaling/agrum3/2026-07-31_10h35_cbn_unif_mixture/graphs/CMIIC__v20_a30_g7_s500.json,,0.9214373440045165,27.0,23.0,0.18181818181818182,0.37837837837837834,0.11538461538461539,0.23333333333333334
cbn_unif_mixture,CPC,"{""alpha"": 0.05, ""max_conditioning_set_size"": 3}",20,30,1000,7,/home/mathis/Documents/Travail/cbnsl_benchmark/experiments/scaling/agrum3/../../../experiments/scaling/agrum3/2026-07-31_10h35_cbn_unif_mixture/graphs/golden__v20_a30_g7.json,/home/mathis/Documents/Travail/cbnsl_benchmark/experiments/scaling/agrum3/../../../experiments/scaling/agrum3/2026-07-31_10h35_cbn_unif_mixture/graphs/CPC__v20_a30_g7_s1000.json,,0.8886719100046321,21.0,11.0,0.4878048780487805,0.7843137254901961,0.5,0.6666666666666666
cbn_unif_mixture,CMIIC,"{""alpha"": 0.05}",20,30,1000,7,/home/mathis/Documents/Travail/cbnsl_benchmark/experiments/scaling/agrum3/../../../experiments/scaling/agrum3/2026-07-31_10h35_cbn_unif_mixture/graphs/golden__v20_a30_g7.json,/home/mathis/Documents/Travail/cbnsl_benchmark/experiments/scaling/agrum3/../../../experiments/scaling/agrum3/2026-07-31_10h35_cbn_unif_mixture/graphs/CMIIC__v20_a30_g7_s1000.json,,2.5594324199992116,26.0,21.0,0.23529411764705882,0.4615384615384615,0.16,0.3
cbn_unif_mixture,CPC,"{""alpha"": 0.05, ""max_conditioning_set_size"": 3}",20,30,3000,7,/home/mathis/Documents/Travail/cbnsl_benchmark/experiments/scaling/agrum3/../../../experiments/scaling/agrum3/2026-07-31_10h35_cbn_unif_mixture/graphs/golden__v20_a30_g7.json,/home/mathis/Documents/Travail/cbnsl_benchmark/experiments/scaling/agrum3/../../../experiments/scaling/agrum3/2026-07-31_10h35_cbn_unif_mixture/graphs/CPC__v20_a30_g7_s3000.json,,7.9814295940013835,18.0,3.0,0.5714285714285714,0.9473684210526316,0.8,0.9
cbn_unif_mixture,CMIIC,"{""alpha"": 0.05}",20,30,3000,7,/home/mathis/Documents/Travail/cbnsl_benchmark/experiments/scaling/agrum3/../../../experiments/scaling/agrum3/2026-07-31_10h35_cbn_unif_mixture/graphs/golden__v20_a30_g7.json,/home/mathis/Documents/Travail/cbnsl_benchmark/experiments/scaling/agrum3/../../../experiments/scaling/agrum3/2026-07-31_10h35_cbn_unif_mixture/graphs/CMIIC__v20_a30_g7_s3000.json,,18.644932955001423,24.0,21.0,0.3333333333333333,0.4615384615384615,0.2222222222222222,0.3
cbn_unif_mixture,CPC,"{""alpha"": 0.05, ""max_conditioning_set_size"": 3}",20,30,5000,7,/home/mathis/Documents/Travail/cbnsl_benchmark/experiments/scaling/agrum3/../../../experiments/scaling/agrum3/2026-07-31_10h35_cbn_unif_mixture/graphs/golden__v20_a30_g7.json,/home/mathis/Documents/Travail/cbnsl_benchmark/experiments/scaling/agrum3/../../../experiments/scaling/agrum3/2026-07-31_10h35_cbn_unif_mixture/graphs/CPC__v20_a30_g7_s5000.json,,27.706078746996354,21.0,2.0,0.46153846153846156,0.9655172413793104,0.8181818181818182,0.9333333333333333
cbn_unif_mixture,CMIIC,"{""alpha"": 0.05}",20,30,5000,7,/home/mathis/Documents/Travail/cbnsl_benchmark/experiments/scaling/agrum3/../../../experiments/scaling/agrum3/2026-07-31_10h35_cbn_unif_mixture/graphs/golden__v20_a30_g7.json,/home/mathis/Documents/Travail/cbnsl_benchmark/experiments/scaling/agrum3/../../../experiments/scaling/agrum3/2026-07-31_10h35_cbn_unif_mixture/graphs/CMIIC__v20_a30_g7_s5000.json,,57.54249139899912,24.0,18.0,0.3333333333333333,0.5714285714285715,0.25,0.4
cbn_unif_mixture,CPC,"{""alpha"": 0.05, ""max_conditioning_set_size"": 3}",20,30,200,8,/home/mathis/Documents/Travail/cbnsl_benchmark/experiments/scaling/agrum3/../../../experiments/scaling/agrum3/2026-07-31_10h35_cbn_unif_mixture/graphs/golden__v20_a30_g8.json,/home/mathis/Documents/Travail/cbnsl_benchmark/experiments/scaling/agrum3/../../../experiments/scaling/agrum3/2026-07-31_10h35_cbn_unif_mixture/graphs/CPC__v20_a30_g8_s200.json,,0.05316302699793596,30.0,29.0,0.0,0.06451612903225806,0.0,0.03333333333333333
cbn_unif_mixture,CMIIC,"{""alpha"": 0.05}",20,30,200,8,/home/mathis/Documents/Travail/cbnsl_benchmark/experiments/scaling/agrum3/../../../experiments/scaling/agrum3/2026-07-31_10h35_cbn_unif_mixture/graphs/golden__v20_a30_g8.json,/home/mathis/Documents/Travail/cbnsl_benchmark/experiments/scaling/agrum3/../../../experiments/scaling/agrum3/2026-07-31_10h35_cbn_unif_mixture/graphs/CMIIC__v20_a30_g8_s200.json,,0.21500430699961726,29.0,21.0,0.06451612903225805,0.4615384615384615,0.045454545454545456,0.3
cbn_unif_mixture,CPC,"{""alpha"": 0.05, ""max_conditioning_set_size"": 3}",20,30,500,8,/home/mathis/Documents/Travail/cbnsl_benchmark/experiments/scaling/agrum3/../../../experiments/scaling/agrum3/2026-07-31_10h35_cbn_unif_mixture/graphs/golden__v20_a30_g8.json,/home/mathis/Documents/Travail/cbnsl_benchmark/experiments/scaling/agrum3/../../../experiments/scaling/agrum3/2026-07-31_10h35_cbn_unif_mixture/graphs/CPC__v20_a30_g8_s500.json,,0.24891101899993373,29.0,24.0,0.06451612903225806,0.33333333333333337,0.04,0.2
cbn_unif_mixture,CMIIC,"{""alpha"": 0.05}",20,30,500,8,/home/mathis/Documents/Travail/cbnsl_benchmark/experiments/scaling/agrum3/../../../experiments/scaling/agrum3/2026-07-31_10h35_cbn_unif_mixture/graphs/golden__v20_a30_g8.json,/home/mathis/Documents/Travail/cbnsl_benchmark/experiments/scaling/agrum3/../../../experiments/scaling/agrum3/2026-07-31_10h35_cbn_unif_mixture/graphs/CMIIC__v20_a30_g8_s500.json,,0.9409105429949705,28.0,22.0,0.125,0.4210526315789474,0.08333333333333333,0.26666666666666666
cbn_unif_mixture,CPC,"{""alpha"": 0.05, ""max_conditioning_set_size"": 3}",20,30,1000,8,/home/mathis/Documents/Travail/cbnsl_benchmark/experiments/scaling/agrum3/../../../experiments/scaling/agrum3/2026-07-31_10h35_cbn_unif_mixture/graphs/golden__v20_a30_g8.json,/home/mathis/Documents/Travail/cbnsl_benchmark/experiments/scaling/agrum3/../../../experiments/scaling/agrum3/2026-07-31_10h35_cbn_unif_mixture/graphs/CPC__v20_a30_g8_s1000.json,,0.7784572640011902,22.0,10.0,0.4210526315789474,0.8,0.4444444444444444,0.6666666666666666
cbn_unif_mixture,CMIIC,"{""alpha"": 0.05}",20,30,1000,8,/home/mathis/Documents/Travail/cbnsl_benchmark/experiments/scaling/agrum3/../../../experiments/scaling/agrum3/2026-07-31_10h35_cbn_unif_mixture/graphs/golden__v20_a30_g8.json,/home/mathis/Documents/Travail/cbnsl_benchmark/experiments/scaling/agrum3/../../../experiments/scaling/agrum3/2026-07-31_10h35_cbn_unif_mixture/graphs/CMIIC__v20_a30_g8_s1000.json,,3.0141759130056016,27.0,20.0,0.18181818181818182,0.5,0.13043478260869565,0.3333333333333333
cbn_unif_mixture,CPC,"{""alpha"": 0.05, ""max_conditioning_set_size"": 3}",20,30,3000,8,/home/mathis/Documents/Travail/cbnsl_benchmark/experiments/scaling/agrum3/../../../experiments/scaling/agrum3/2026-07-31_10h35_cbn_unif_mixture/graphs/golden__v20_a30_g8.json,/home/mathis/Documents/Travail/cbnsl_benchmark/experiments/scaling/agrum3/../../../experiments/scaling/agrum3/2026-07-31_10h35_cbn_unif_mixture/graphs/CPC__v20_a30_g8_s3000.json,,8.060171303994139,17.0,2.0,0.6046511627906976,0.9655172413793104,0.8666666666666667,0.9333333333333333
cbn_unif_mixture,CMIIC,"{""alpha"": 0.05}",20,30,3000,8,/home/mathis/Documents/Travail/cbnsl_benchmark/experiments/scaling/agrum3/../../../experiments/scaling/agrum3/2026-07-31_10h35_cbn_unif_mixture/graphs/golden__v20_a30_g8.json,/home/mathis/Documents/Travail/cbnsl_benchmark/experiments/scaling/agrum3/../../../experiments/scaling/agrum3/2026-07-31_10h35_cbn_unif_mixture/graphs/CMIIC__v20_a30_g8_s3000.json,,23.450935847999062,27.0,18.0,0.18181818181818182,0.5714285714285715,0.14285714285714285,0.4
cbn_unif_mixture,CPC,"{""alpha"": 0.05, ""max_conditioning_set_size"": 3}",20,30,5000,8,/home/mathis/Documents/Travail/cbnsl_benchmark/experiments/scaling/agrum3/../../../experiments/scaling/agrum3/2026-07-31_10h35_cbn_unif_mixture/graphs/golden__v20_a30_g8.json,/home/mathis/Documents/Travail/cbnsl_benchmark/experiments/scaling/agrum3/../../../experiments/scaling/agrum3/2026-07-31_10h35_cbn_unif_mixture/graphs/CPC__v20_a30_g8_s5000.json,,26.827556652002386,19.0,0.0,0.5365853658536585,1.0,1.0,1.0
cbn_unif_mixture,CMIIC,"{""alpha"": 0.05}",20,30,5000,8,/home/mathis/Documents/Travail/cbnsl_benchmark/experiments/scaling/agrum3/../../../experiments/scaling/agrum3/2026-07-31_10h35_cbn_unif_mixture/graphs/golden__v20_a30_g8.json,/home/mathis/Documents/Travail/cbnsl_benchmark/experiments/scaling/agrum3/../../../experiments/scaling/agrum3/2026-07-31_10h35_cbn_unif_mixture/graphs/CMIIC__v20_a30_g8_s5000.json,,63.92773494800349,27.0,18.0,0.18181818181818182,0.5714285714285715,0.14285714285714285,0.4
cbn_unif_mixture,CPC,"{""alpha"": 0.05, ""max_conditioning_set_size"": 3}",20,30,200,9,/home/mathis/Documents/Travail/cbnsl_benchmark/experiments/scaling/agrum3/../../../experiments/scaling/agrum3/2026-07-31_10h35_cbn_unif_mixture/graphs/golden__v20_a30_g9.json,/home/mathis/Documents/Travail/cbnsl_benchmark/experiments/scaling/agrum3/../../../experiments/scaling/agrum3/2026-07-31_10h35_cbn_unif_mixture/graphs/CPC__v20_a30_g9_s200.json,,0.0524235429984401,29.0,29.0,0.0,0.0,0.0,0.0
cbn_unif_mixture,CMIIC,"{""alpha"": 0.05}",20,30,200,9,/home/mathis/Documents/Travail/cbnsl_benchmark/experiments/scaling/agrum3/../../../experiments/scaling/agrum3/2026-07-31_10h35_cbn_unif_mixture/graphs/golden__v20_a30_g9.json,/home/mathis/Documents/Travail/cbnsl_benchmark/experiments/scaling/agrum3/../../../experiments/scaling/agrum3/2026-07-31_10h35_cbn_unif_mixture/graphs/CMIIC__v20_a30_g9_s200.json,,0.177260042000853,26.0,23.0,0.1875,0.34285714285714286,0.11538461538461539,0.20689655172413793
cbn_unif_mixture,CPC,"{""alpha"": 0.05, ""max_conditioning_set_size"": 3}",20,30,500,9,/home/mathis/Documents/Travail/cbnsl_benchmark/experiments/scaling/agrum3/../../../experiments/scaling/agrum3/2026-07-31_10h35_cbn_unif_mixture/graphs/golden__v20_a30_g9.json,/home/mathis/Documents/Travail/cbnsl_benchmark/experiments/scaling/agrum3/../../../experiments/scaling/agrum3/2026-07-31_10h35_cbn_unif_mixture/graphs/CPC__v20_a30_g9_s500.json,,0.2804611940009636,27.0,22.0,0.12903225806451613,0.3888888888888889,0.08333333333333333,0.2413793103448276
cbn_unif_mixture,CMIIC,"{""alpha"": 0.05}",20,30,500,9,/home/mathis/Documents/Travail/cbnsl_benchmark/experiments/scaling/agrum3/../../../experiments/scaling/agrum3/2026-07-31_10h35_cbn_unif_mixture/graphs/golden__v20_a30_g9.json,/home/mathis/Documents/Travail/cbnsl_benchmark/experiments/scaling/agrum3/../../../experiments/scaling/agrum3/2026-07-31_10h35_cbn_unif_mixture/graphs/CMIIC__v20_a30_g9_s500.json,,0.9487192910019075,24.0,20.0,0.29411764705882354,0.4736842105263158,0.2,0.3103448275862069
cbn_unif_mixture,CPC,"{""alpha"": 0.05, ""max_conditioning_set_size"": 3}",20,30,1000,9,/home/mathis/Documents/Travail/cbnsl_benchmark/experiments/scaling/agrum3/../../../experiments/scaling/agrum3/2026-07-31_10h35_cbn_unif_mixture/graphs/golden__v20_a30_g9.json,/home/mathis/Documents/Travail/cbnsl_benchmark/experiments/scaling/agrum3/../../../experiments/scaling/agrum3/2026-07-31_10h35_cbn_unif_mixture/graphs/CPC__v20_a30_g9_s1000.json,,0.8658160310005769,21.0,17.0,0.4615384615384615,0.6046511627906977,0.36,0.4482758620689655
cbn_unif_mixture,CMIIC,"{""alpha"": 0.05}",20,30,1000,9,/home/mathis/Documents/Travail/cbnsl_benchmark/experiments/scaling/agrum3/../../../experiments/scaling/agrum3/2026-07-31_10h35_cbn_unif_mixture/graphs/golden__v20_a30_g9.json,/home/mathis/Documents/Travail/cbnsl_benchmark/experiments/scaling/agrum3/../../../experiments/scaling/agrum3/2026-07-31_10h35_cbn_unif_mixture/graphs/CMIIC__v20_a30_g9_s1000.json,,2.357819668002776,24.0,21.0,0.29411764705882354,0.4324324324324324,0.19230769230769232,0.27586206896551724
cbn_unif_mixture,CPC,"{""alpha"": 0.05, ""max_conditioning_set_size"": 3}",20,30,3000,9,/home/mathis/Documents/Travail/cbnsl_benchmark/experiments/scaling/agrum3/../../../experiments/scaling/agrum3/2026-07-31_10h35_cbn_unif_mixture/graphs/golden__v20_a30_g9.json,/home/mathis/Documents/Travail/cbnsl_benchmark/experiments/scaling/agrum3/../../../experiments/scaling/agrum3/2026-07-31_10h35_cbn_unif_mixture/graphs/CPC__v20_a30_g9_s3000.json,,9.241315750994545,20.0,4.0,0.47368421052631576,0.9259259259259259,0.6923076923076923,0.8620689655172413
cbn_unif_mixture,CMIIC,"{""alpha"": 0.05}",20,30,3000,9,/home/mathis/Documents/Travail/cbnsl_benchmark/experiments/scaling/agrum3/../../../experiments/scaling/agrum3/2026-07-31_10h35_cbn_unif_mixture/graphs/golden__v20_a30_g9.json,/home/mathis/Documents/Travail/cbnsl_benchmark/experiments/scaling/agrum3/../../../experiments/scaling/agrum3/2026-07-31_10h35_cbn_unif_mixture/graphs/CMIIC__v20_a30_g9_s3000.json,,20.049229928001296,24.0,18.0,0.29411764705882354,0.5499999999999999,0.21739130434782608,0.3793103448275862
cbn_unif_mixture,CPC,"{""alpha"": 0.05, ""max_conditioning_set_size"": 3}",20,30,5000,9,/home/mathis/Documents/Travail/cbnsl_benchmark/experiments/scaling/agrum3/../../../experiments/scaling/agrum3/2026-07-31_10h35_cbn_unif_mixture/graphs/golden__v20_a30_g9.json,/home/mathis/Documents/Travail/cbnsl_benchmark/experiments/scaling/agrum3/../../../experiments/scaling/agrum3/2026-07-31_10h35_cbn_unif_mixture/graphs/CPC__v20_a30_g9_s5000.json,,31.556077875000483,18.0,1.0,0.5714285714285715,0.983050847457627,1.0,1.0
cbn_unif_mixture,CMIIC,"{""alpha"": 0.05}",20,30,5000,9,/home/mathis/Documents/Travail/cbnsl_benchmark/experiments/scaling/agrum3/../../../experiments/scaling/agrum3/2026-07-31_10h35_cbn_unif_mixture/graphs/golden__v20_a30_g9.json,/home/mathis/Documents/Travail/cbnsl_benchmark/experiments/scaling/agrum3/../../../experiments/scaling/agrum3/2026-07-31_10h35_cbn_unif_mixture/graphs/CMIIC__v20_a30_g9_s5000.json,,52.79436177000025,24.0,19.0,0.29411764705882354,0.5128205128205129,0.20833333333333334,0.3448275862068966
cbn_unif_mixture,CPC,"{""alpha"": 0.05, ""max_conditioning_set_size"": 3}",20,30,200,10,/home/mathis/Documents/Travail/cbnsl_benchmark/experiments/scaling/agrum3/../../../experiments/scaling/agrum3/2026-07-31_10h35_cbn_unif_mixture/graphs/golden__v20_a30_g10.json,/home/mathis/Documents/Travail/cbnsl_benchmark/experiments/scaling/agrum3/../../../experiments/scaling/agrum3/2026-07-31_10h35_cbn_unif_mixture/graphs/CPC__v20_a30_g10_s200.json,,0.0537758020000183,30.0,30.0,0.0,0.0,0.0,0.0
cbn_unif_mixture,CMIIC,"{""alpha"": 0.05}",20,30,200,10,/home/mathis/Documents/Travail/cbnsl_benchmark/experiments/scaling/agrum3/../../../experiments/scaling/agrum3/2026-07-31_10h35_cbn_unif_mixture/graphs/golden__v20_a30_g10.json,/home/mathis/Documents/Travail/cbnsl_benchmark/experiments/scaling/agrum3/../../../experiments/scaling/agrum3/2026-07-31_10h35_cbn_unif_mixture/graphs/CMIIC__v20_a30_g10_s200.json,,0.20723474999977043,28.0,21.0,0.125,0.4615384615384615,0.08695652173913043,0.3
cbn_unif_mixture,CPC,"{""alpha"": 0.05, ""max_conditioning_set_size"": 3}",20,30,500,10,/home/mathis/Documents/Travail/cbnsl_benchmark/experiments/scaling/agrum3/../../../experiments/scaling/agrum3/2026-07-31_10h35_cbn_unif_mixture/graphs/golden__v20_a30_g10.json,/home/mathis/Documents/Travail/cbnsl_benchmark/experiments/scaling/agrum3/../../../experiments/scaling/agrum3/2026-07-31_10h35_cbn_unif_mixture/graphs/CPC__v20_a30_g10_s500.json,,0.26775009199627675,28.0,22.0,0.125,0.4210526315789474,0.08333333333333333,0.26666666666666666
cbn_unif_mixture,CMIIC,"{""alpha"": 0.05}",20,30,500,10,/home/mathis/Documents/Travail/cbnsl_benchmark/experiments/scaling/agrum3/../../../experiments/scaling/agrum3/2026-07-31_10h35_cbn_unif_mixture/graphs/golden__v20_a30_g10.json,/home/mathis/Documents/Travail/cbnsl_benchmark/experiments/scaling/agrum3/../../../experiments/scaling/agrum3/2026-07-31_10h35_cbn_unif_mixture/graphs/CMIIC__v20_a30_g10_s500.json,,0.7975354260051972,30.0,20.0,0.0,0.5,0.0,0.3333333333333333
cbn_unif_mixture,CPC,"{""alpha"": 0.05, ""max_conditioning_set_size"": 3}",20,30,1000,10,/home/mathis/Documents/Travail/cbnsl_benchmark/experiments/scaling/agrum3/../../../experiments/scaling/agrum3/2026-07-31_10h35_cbn_unif_mixture/graphs/golden__v20_a30_g10.json,/home/mathis/Documents/Travail/cbnsl_benchmark/experiments/scaling/agrum3/../../../experiments/scaling/agrum3/2026-07-31_10h35_cbn_unif_mixture/graphs/CPC__v20_a30_g10_s1000.json,,0.8266955710059847,26.0,17.0,0.23529411764705882,0.6046511627906976,0.19047619047619047,0.43333333333333335
cbn_unif_mixture,CMIIC,"{""alpha"": 0.05}",20,30,1000,10,/home/mathis/Documents/Travail/cbnsl_benchmark/experiments/scaling/agrum3/../../../experiments/scaling/agrum3/2026-07-31_10h35_cbn_unif_mixture/graphs/golden__v20_a30_g10.json,/home/mathis/Documents/Travail/cbnsl_benchmark/experiments/scaling/agrum3/../../../experiments/scaling/agrum3/2026-07-31_10h35_cbn_unif_mixture/graphs/CMIIC__v20_a30_g10_s1000.json,,3.0840548110063537,28.0,18.0,0.125,0.5714285714285715,0.1,0.4
cbn_unif_mixture,CPC,"{""alpha"": 0.05, ""max_conditioning_set_size"": 3}",20,30,3000,10,/home/mathis/Documents/Travail/cbnsl_benchmark/experiments/scaling/agrum3/../../../experiments/scaling/agrum3/2026-07-31_10h35_cbn_unif_mixture/graphs/golden__v20_a30_g10.json,/home/mathis/Documents/Travail/cbnsl_benchmark/experiments/scaling/agrum3/../../../experiments/scaling/agrum3/2026-07-31_10h35_cbn_unif_mixture/graphs/CPC__v20_a30_g10_s3000.json,,9.676445268996758,17.0,6.0,0.6046511627906976,0.888888888888889,0.6842105263157895,0.8
cbn_unif_mixture,CMIIC,"{""alpha"": 0.05}",20,30,3000,10,/home/mathis/Documents/Travail/cbnsl_benchmark/experiments/scaling/agrum3/../../../experiments/scaling/agrum3/2026-07-31_10h35_cbn_unif_mixture/graphs/golden__v20_a30_g10.json,/home/mathis/Documents/Travail/cbnsl_benchmark/experiments/scaling/agrum3/../../../experiments/scaling/agrum3/2026-07-31_10h35_cbn_unif_mixture/graphs/CMIIC__v20_a30_g10_s3000.json,,25.68710650599678,28.0,17.0,0.125,0.6046511627906976,0.10526315789473684,0.43333333333333335
cbn_unif_mixture,CPC,"{""alpha"": 0.05, ""max_conditioning_set_size"": 3}",20,30,5000,10,/home/mathis/Documents/Travail/cbnsl_benchmark/experiments/scaling/agrum3/../../../experiments/scaling/agrum3/2026-07-31_10h35_cbn_unif_mixture/graphs/golden__v20_a30_g10.json,/home/mathis/Documents/Travail/cbnsl_benchmark/experiments/scaling/agrum3/../../../experiments/scaling/agrum3/2026-07-31_10h35_cbn_unif_mixture/graphs/CPC__v20_a30_g10_s5000.json,,31.819667718002165,18.0,1.0,0.5714285714285715,0.983050847457627,0.9230769230769231,0.9666666666666667
cbn_unif_mixture,CMIIC,"{""alpha"": 0.05}",20,30,5000,10,/home/mathis/Documents/Travail/cbnsl_benchmark/experiments/scaling/agrum3/../../../experiments/scaling/agrum3/2026-07-31_10h35_cbn_unif_mixture/graphs/golden__v20_a30_g10.json,/home/mathis/Documents/Travail/cbnsl_benchmark/experiments/scaling/agrum3/../../../experiments/scaling/agrum3/2026-07-31_10h35_cbn_unif_mixture/graphs/CMIIC__v20_a30_g10_s5000.json,,71.61763161700219,28.0,16.0,0.125,0.6363636363636364,0.1111111111111111,0.4666666666666667
cbn_unif_mixture,CPC,"{""alpha"": 0.05, ""max_conditioning_set_size"": 3}",20,30,200,11,/home/mathis/Documents/Travail/cbnsl_benchmark/experiments/scaling/agrum3/../../../experiments/scaling/agrum3/2026-07-31_10h35_cbn_unif_mixture/graphs/golden__v20_a30_g11.json,/home/mathis/Documents/Travail/cbnsl_benchmark/experiments/scaling/agrum3/../../../experiments/scaling/agrum3/2026-07-31_10h35_cbn_unif_mixture/graphs/CPC__v20_a30_g11_s200.json,,0.06269631600298453,30.0,29.0,0.0,0.06451612903225806,0.0,0.03333333333333333
cbn_unif_mixture,CMIIC,"{""alpha"": 0.05}",20,30,200,11,/home/mathis/Documents/Travail/cbnsl_benchmark/experiments/scaling/agrum3/../../../experiments/scaling/agrum3/2026-07-31_10h35_cbn_unif_mixture/graphs/golden__v20_a30_g11.json,/home/mathis/Documents/Travail/cbnsl_benchmark/experiments/scaling/agrum3/../../../experiments/scaling/agrum3/2026-07-31_10h35_cbn_unif_mixture/graphs/CMIIC__v20_a30_g11_s200.json,,0.18270896800095215,29.0,24.0,0.06451612903225806,0.33333333333333337,0.04,0.2
cbn_unif_mixture,CPC,"{""alpha"": 0.05, ""max_conditioning_set_size"": 3}",20,30,500,11,/home/mathis/Documents/Travail/cbnsl_benchmark/experiments/scaling/agrum3/../../../experiments/scaling/agrum3/2026-07-31_10h35_cbn_unif_mixture/graphs/golden__v20_a30_g11.json,/home/mathis/Documents/Travail/cbnsl_benchmark/experiments/scaling/agrum3/../../../experiments/scaling/agrum3/2026-07-31_10h35_cbn_unif_mixture/graphs/CPC__v20_a30_g11_s500.json,,0.23912391100020614,27.0,24.0,0.1818181818181818,0.33333333333333337,0.1111111111111111,0.2
cbn_unif_mixture,CMIIC,"{""alpha"": 0.05}",20,30,500,11,/home/mathis/Documents/Travail/cbnsl_benchmark/experiments/scaling/agrum3/../../../experiments/scaling/agrum3/2026-07-31_10h35_cbn_unif_mixture/graphs/golden__v20_a30_g11.json,/home/mathis/Documents/Travail/cbnsl_benchmark/experiments/scaling/agrum3/../../../experiments/scaling/agrum3/2026-07-31_10h35_cbn_unif_mixture/graphs/CMIIC__v20_a30_g11_s500.json,,0.8628614909976022,29.0,20.0,0.06451612903225806,0.5,0.047619047619047616,0.3333333333333333
cbn_unif_mixture,CPC,"{""alpha"": 0.05, ""max_conditioning_set_size"": 3}",20,30,1000,11,/home/mathis/Documents/Travail/cbnsl_benchmark/experiments/scaling/agrum3/../../../experiments/scaling/agrum3/2026-07-31_10h35_cbn_unif_mixture/graphs/golden__v20_a30_g11.json,/home/mathis/Documents/Travail/cbnsl_benchmark/experiments/scaling/agrum3/../../../experiments/scaling/agrum3/2026-07-31_10h35_cbn_unif_mixture/graphs/CPC__v20_a30_g11_s1000.json,,0.7856769169957261,23.0,13.0,0.37837837837837834,0.7234042553191489,0.35,0.5666666666666667
cbn_unif_mixture,CMIIC,"{""alpha"": 0.05}",20,30,1000,11,/home/mathis/Documents/Travail/cbnsl_benchmark/experiments/scaling/agrum3/../../../experiments/scaling/agrum3/2026-07-31_10h35_cbn_unif_mixture/graphs/golden__v20_a30_g11.json,/home/mathis/Documents/Travail/cbnsl_benchmark/experiments/scaling/agrum3/../../../experiments/scaling/agrum3/2026-07-31_10h35_cbn_unif_mixture/graphs/CMIIC__v20_a30_g11_s1000.json,,2.6549024320047465,28.0,20.0,0.12500000000000003,0.5,0.09090909090909091,0.3333333333333333
cbn_unif_mixture,CPC,"{""alpha"": 0.05, ""max_conditioning_set_size"": 3}",20,30,3000,11,/home/mathis/Documents/Travail/cbnsl_benchmark/experiments/scaling/agrum3/../../../experiments/scaling/agrum3/2026-07-31_10h35_cbn_unif_mixture/graphs/golden__v20_a30_g11.json,/home/mathis/Documents/Travail/cbnsl_benchmark/experiments/scaling/agrum3/../../../experiments/scaling/agrum3/2026-07-31_10h35_cbn_unif_mixture/graphs/CPC__v20_a30_g11_s3000.json,,8.14793329800159,17.0,0.0,0.6046511627906976,1.0,1.0,1.0
cbn_unif_mixture,CMIIC,"{""alpha"": 0.05}",20,30,3000,11,/home/mathis/Documents/Travail/cbnsl_benchmark/experiments/scaling/agrum3/../../../experiments/scaling/agrum3/2026-07-31_10h35_cbn_unif_mixture/graphs/golden__v20_a30_g11.json,/home/mathis/Documents/Travail/cbnsl_benchmark/experiments/scaling/agrum3/../../../experiments/scaling/agrum3/2026-07-31_10h35_cbn_unif_mixture/graphs/CMIIC__v20_a30_g11_s3000.json,,20.320824542999617,28.0,18.0,0.125,0.5714285714285715,0.1,0.4
cbn_unif_mixture,CPC,"{""alpha"": 0.05, ""max_conditioning_set_size"": 3}",20,30,5000,11,/home/mathis/Documents/Travail/cbnsl_benchmark/experiments/scaling/agrum3/../../../experiments/scaling/agrum3/2026-07-31_10h35_cbn_unif_mixture/graphs/golden__v20_a30_g11.json,/home/mathis/Documents/Travail/cbnsl_benchmark/experiments/scaling/agrum3/../../../experiments/scaling/agrum3/2026-07-31_10h35_cbn_unif_mixture/graphs/CPC__v20_a30_g11_s5000.json,,30.022788622998632,20.0,0.0,0.5,1.0,1.0,1.0
cbn_unif_mixture,CMIIC,"{""alpha"": 0.05}",20,30,5000,11,/home/mathis/Documents/Travail/cbnsl_benchmark/experiments/scaling/agrum3/../../../experiments/scaling/agrum3/2026-07-31_10h35_cbn_unif_mixture/graphs/golden__v20_a30_g11.json,/home/mathis/Documents/Travail/cbnsl_benchmark/experiments/scaling/agrum3/../../../experiments/scaling/agrum3/2026-07-31_10h35_cbn_unif_mixture/graphs/CMIIC__v20_a30_g11_s5000.json,,55.872545211001125,28.0,18.0,0.125,0.5714285714285715,0.1,0.4
cbn_unif_mixture,CPC,"{""alpha"": 0.05, ""max_conditioning_set_size"": 3}",20,30,200,12,/home/mathis/Documents/Travail/cbnsl_benchmark/experiments/scaling/agrum3/../../../experiments/scaling/agrum3/2026-07-31_10h35_cbn_unif_mixture/graphs/golden__v20_a30_g12.json,/home/mathis/Documents/Travail/cbnsl_benchmark/experiments/scaling/agrum3/../../../experiments/scaling/agrum3/2026-07-31_10h35_cbn_unif_mixture/graphs/CPC__v20_a30_g12_s200.json,,0.05494237400125712,30.0,30.0,0.0,0.0,0.0,0.0
cbn_unif_mixture,CMIIC,"{""alpha"": 0.05}",20,30,200,12,/home/mathis/Documents/Travail/cbnsl_benchmark/experiments/scaling/agrum3/../../../experiments/scaling/agrum3/2026-07-31_10h35_cbn_unif_mixture/graphs/golden__v20_a30_g12.json,/home/mathis/Documents/Travail/cbnsl_benchmark/experiments/scaling/agrum3/../../../experiments/scaling/agrum3/2026-07-31_10h35_cbn_unif_mixture/graphs/CMIIC__v20_a30_g12_s200.json,,0.22024471100303344,27.0,20.0,0.18181818181818182,0.5,0.13043478260869565,0.3333333333333333
cbn_unif_mixture,CPC,"{""alpha"": 0.05, ""max_conditioning_set_size"": 3}",20,30,500,12,/home/mathis/Documents/Travail/cbnsl_benchmark/experiments/scaling/agrum3/../../../experiments/scaling/agrum3/2026-07-31_10h35_cbn_unif_mixture/graphs/golden__v20_a30_g12.json,/home/mathis/Documents/Travail/cbnsl_benchmark/experiments/scaling/agrum3/../../../experiments/scaling/agrum3/2026-07-31_10h35_cbn_unif_mixture/graphs/CPC__v20_a30_g12_s500.json,,0.32859581999946386,29.0,22.0,0.06451612903225806,0.4210526315789474,0.043478260869565216,0.26666666666666666
cbn_unif_mixture,CMIIC,"{""alpha"": 0.05}",20,30,500,12,/home/mathis/Documents/Travail/cbnsl_benchmark/experiments/scaling/agrum3/../../../experiments/scaling/agrum3/2026-07-31_10h35_cbn_unif_mixture/graphs/golden__v20_a30_g12.json,/home/mathis/Documents/Travail/cbnsl_benchmark/experiments/scaling/agrum3/../../../experiments/scaling/agrum3/2026-07-31_10h35_cbn_unif_mixture/graphs/CMIIC__v20_a30_g12_s500.json,,1.0416126349955448,25.0,17.0,0.2857142857142857,0.6046511627906976,0.22727272727272727,0.43333333333333335
cbn_unif_mixture,CPC,"{""alpha"": 0.05, ""max_conditioning_set_size"": 3}",20,30,1000,12,/home/mathis/Documents/Travail/cbnsl_benchmark/experiments/scaling/agrum3/../../../experiments/scaling/agrum3/2026-07-31_10h35_cbn_unif_mixture/graphs/golden__v20_a30_g12.json,/home/mathis/Documents/Travail/cbnsl_benchmark/experiments/scaling/agrum3/../../../experiments/scaling/agrum3/2026-07-31_10h35_cbn_unif_mixture/graphs/CPC__v20_a30_g12_s1000.json,,0.8695118050018209,23.0,11.0,0.37837837837837834,0.7755102040816326,0.3888888888888889,0.6333333333333333
cbn_unif_mixture,CMIIC,"{""alpha"": 0.05}",20,30,1000,12,/home/mathis/Documents/Travail/cbnsl_benchmark/experiments/scaling/agrum3/../../../experiments/scaling/agrum3/2026-07-31_10h35_cbn_unif_mixture/graphs/golden__v20_a30_g12.json,/home/mathis/Documents/Travail/cbnsl_benchmark/experiments/scaling/agrum3/../../../experiments/scaling/agrum3/2026-07-31_10h35_cbn_unif_mixture/graphs/CMIIC__v20_a30_g12_s1000.json,,3.4182701140016434,25.0,17.0,0.2857142857142857,0.6046511627906976,0.22727272727272727,0.43333333333333335
cbn_unif_mixture,CPC,"{""alpha"": 0.05, ""max_conditioning_set_size"": 3}",20,30,3000,12,/home/mathis/Documents/Travail/cbnsl_benchmark/experiments/scaling/agrum3/../../../experiments/scaling/agrum3/2026-07-31_10h35_cbn_unif_mixture/graphs/golden__v20_a30_g12.json,/home/mathis/Documents/Travail/cbnsl_benchmark/experiments/scaling/agrum3/../../../experiments/scaling/agrum3/2026-07-31_10h35_cbn_unif_mixture/graphs/CPC__v20_a30_g12_s3000.json,,8.319823719000851,21.0,3.0,0.46153846153846156,0.9473684210526316,0.75,0.9
cbn_unif_mixture,CMIIC,"{""alpha"": 0.05}",20,30,3000,12,/home/mathis/Documents/Travail/cbnsl_benchmark/experiments/scaling/agrum3/../../../experiments/scaling/agrum3/2026-07-31_10h35_cbn_unif_mixture/graphs/golden__v20_a30_g12.json,/home/mathis/Documents/Travail/cbnsl_benchmark/experiments/scaling/agrum3/../../../experiments/scaling/agrum3/2026-07-31_10h35_cbn_unif_mixture/graphs/CMIIC__v20_a30_g12_s3000.json,,27.355205760999525,25.0,14.0,0.2857142857142857,0.6956521739130436,0.2631578947368421,0.5333333333333333
cbn_unif_mixture,CPC,"{""alpha"": 0.05, ""max_conditioning_set_size"": 3}",20,30,5000,12,/home/mathis/Documents/Travail/cbnsl_benchmark/experiments/scaling/agrum3/../../../experiments/scaling/agrum3/2026-07-31_10h35_cbn_unif_mixture/graphs/golden__v20_a30_g12.json,/home/mathis/Documents/Travail/cbnsl_benchmark/experiments/scaling/agrum3/../../../experiments/scaling/agrum3/2026-07-31_10h35_cbn_unif_mixture/graphs/CPC__v20_a30_g12_s5000.json,,40.45339800500369,21.0,0.0,0.4615384615384615,1.0,1.0,1.0
cbn_unif_mixture,CMIIC,"{""alpha"": 0.05}",20,30,5000,12,/home/mathis/Documents/Travail/cbnsl_benchmark/experiments/scaling/agrum3/../../../experiments/scaling/agrum3/2026-07-31_10h35_cbn_unif_mixture/graphs/golden__v20_a30_g12.json,/home/mathis/Documents/Travail/cbnsl_benchmark/experiments/scaling/agrum3/../../../experiments/scaling/agrum3/2026-07-31_10h35_cbn_unif_mixture/graphs/CMIIC__v20_a30_g12_s5000.json,,89.16902324800321,20.0,11.0,0.5,0.7755102040816326,0.47619047619047616,0.6333333333333333
cbn_unif_mixture,CPC,"{""alpha"": 0.05, ""max_conditioning_set_size"": 3}",20,30,200,13,/home/mathis/Documents/Travail/cbnsl_benchmark/experiments/scaling/agrum3/../../../experiments/scaling/agrum3/2026-07-31_10h35_cbn_unif_mixture/graphs/golden__v20_a30_g13.json,/home/mathis/Documents/Travail/cbnsl_benchmark/experiments/scaling/agrum3/../../../experiments/scaling/agrum3/2026-07-31_10h35_cbn_unif_mixture/graphs/CPC__v20_a30_g13_s200.json,,0.0793532919997233,30.0,28.0,0.0,0.125,0.0,0.06666666666666667
cbn_unif_mixture,CMIIC,"{""alpha"": 0.05}",20,30,200,13,/home/mathis/Documents/Travail/cbnsl_benchmark/experiments/scaling/agrum3/../../../experiments/scaling/agrum3/2026-07-31_10h35_cbn_unif_mixture/graphs/golden__v20_a30_g13.json,/home/mathis/Documents/Travail/cbnsl_benchmark/experiments/scaling/agrum3/../../../experiments/scaling/agrum3/2026-07-31_10h35_cbn_unif_mixture/graphs/CMIIC__v20_a30_g13_s200.json,,0.20041083999967668,29.0,21.0,0.06451612903225805,0.4615384615384615,0.045454545454545456,0.3
cbn_unif_mixture,CPC,"{""alpha"": 0.05, ""max_conditioning_set_size"": 3}",20,30,500,13,/home/mathis/Documents/Travail/cbnsl_benchmark/experiments/scaling/agrum3/../../../experiments/scaling/agrum3/2026-07-31_10h35_cbn_unif_mixture/graphs/golden__v20_a30_g13.json,/home/mathis/Documents/Travail/cbnsl_benchmark/experiments/scaling/agrum3/../../../experiments/scaling/agrum3/2026-07-31_10h35_cbn_unif_mixture/graphs/CPC__v20_a30_g13_s500.json,,0.2636627070023678,28.0,23.0,0.125,0.37837837837837834,0.08,0.23333333333333334
cbn_unif_mixture,CMIIC,"{""alpha"": 0.05}",20,30,500,13,/home/mathis/Documents/Travail/cbnsl_benchmark/experiments/scaling/agrum3/../../../experiments/scaling/agrum3/2026-07-31_10h35_cbn_unif_mixture/graphs/golden__v20_a30_g13.json,/home/mathis/Documents/Travail/cbnsl_benchmark/experiments/scaling/agrum3/../../../experiments/scaling/agrum3/2026-07-31_10h35_cbn_unif_mixture/graphs/CMIIC__v20_a30_g13_s500.json,,0.9594143419963075,27.0,20.0,0.18181818181818182,0.5,0.13043478260869565,0.3333333333333333
cbn_unif_mixture,CPC,"{""alpha"": 0.05, ""max_conditioning_set_size"": 3}",20,30,1000,13,/home/mathis/Documents/Travail/cbnsl_benchmark/experiments/scaling/agrum3/../../../experiments/scaling/agrum3/2026-07-31_10h35_cbn_unif_mixture/graphs/golden__v20_a30_g13.json,/home/mathis/Documents/Travail/cbnsl_benchmark/experiments/scaling/agrum3/../../../experiments/scaling/agrum3/2026-07-31_10h35_cbn_unif_mixture/graphs/CPC__v20_a30_g13_s1000.json,,0.9187685880024219,23.0,15.0,0.3783783783783784,0.6666666666666666,0.3181818181818182,0.5
cbn_unif_mixture,CMIIC,"{""alpha"": 0.05}",20,30,1000,13,/home/mathis/Documents/Travail/cbnsl_benchmark/experiments/scaling/agrum3/../../../experiments/scaling/agrum3/2026-07-31_10h35_cbn_unif_mixture/graphs/golden__v20_a30_g13.json,/home/mathis/Documents/Travail/cbnsl_benchmark/experiments/scaling/agrum3/../../../experiments/scaling/agrum3/2026-07-31_10h35_cbn_unif_mixture/graphs/CMIIC__v20_a30_g13_s1000.json,,3.557298018997244,23.0,18.0,0.3783783783783784,0.5714285714285715,0.28,0.4
cbn_unif_mixture,CPC,"{""alpha"": 0.05, ""max_conditioning_set_size"": 3}",20,30,3000,13,/home/mathis/Documents/Travail/cbnsl_benchmark/experiments/scaling/agrum3/../../../experiments/scaling/agrum3/2026-07-31_10h35_cbn_unif_mixture/graphs/golden__v20_a30_g13.json,/home/mathis/Documents/Travail/cbnsl_benchmark/experiments/scaling/agrum3/../../../experiments/scaling/agrum3/2026-07-31_10h35_cbn_unif_mixture/graphs/CPC__v20_a30_g13_s3000.json,,10.259272791998228,22.0,5.0,0.4210526315789474,0.9090909090909091,0.6153846153846154,0.8333333333333334
cbn_unif_mixture,CMIIC,"{""alpha"": 0.05}",20,30,3000,13,/home/mathis/Documents/Travail/cbnsl_benchmark/experiments/scaling/agrum3/../../../experiments/scaling/agrum3/2026-07-31_10h35_cbn_unif_mixture/graphs/golden__v20_a30_g13.json,/home/mathis/Documents/Travail/cbnsl_benchmark/experiments/scaling/agrum3/../../../experiments/scaling/agrum3/2026-07-31_10h35_cbn_unif_mixture/graphs/CMIIC__v20_a30_g13_s3000.json,,24.143394263999653,27.0,16.0,0.18181818181818182,0.6363636363636364,0.15789473684210525,0.4666666666666667
cbn_unif_mixture,CPC,"{""alpha"": 0.05, ""max_conditioning_set_size"": 3}",20,30,5000,13,/home/mathis/Documents/Travail/cbnsl_benchmark/experiments/scaling/agrum3/../../../experiments/scaling/agrum3/2026-07-31_10h35_cbn_unif_mixture/graphs/golden__v20_a30_g13.json,/home/mathis/Documents/Travail/cbnsl_benchmark/experiments/scaling/agrum3/../../../experiments/scaling/agrum3/2026-07-31_10h35_cbn_unif_mixture/graphs/CPC__v20_a30_g13_s5000.json,,42.334497878997354,20.0,0.0,0.5,1.0,1.0,1.0
cbn_unif_mixture,CMIIC,"{""alpha"": 0.05}",20,30,5000,13,/home/mathis/Documents/Travail/cbnsl_benchmark/experiments/scaling/agrum3/../../../experiments/scaling/agrum3/2026-07-31_10h35_cbn_unif_mixture/graphs/golden__v20_a30_g13.json,/home/mathis/Documents/Travail/cbnsl_benchmark/experiments/scaling/agrum3/../../../experiments/scaling/agrum3/2026-07-31_10h35_cbn_unif_mixture/graphs/CMIIC__v20_a30_g13_s5000.json,,80.69461700800457,21.0,15.0,0.4615384615384615,0.6666666666666666,0.375,0.5
cbn_unif_mixture,CPC,"{""alpha"": 0.05, ""max_conditioning_set_size"": 3}",20,30,200,14,/home/mathis/Documents/Travail/cbnsl_benchmark/experiments/scaling/agrum3/../../../experiments/scaling/agrum3/2026-07-31_10h35_cbn_unif_mixture/graphs/golden__v20_a30_g14.json,/home/mathis/Documents/Travail/cbnsl_benchmark/experiments/scaling/agrum3/../../../experiments/scaling/agrum3/2026-07-31_10h35_cbn_unif_mixture/graphs/CPC__v20_a30_g14_s200.json,,0.06791321200580569,29.0,29.0,0.0,0.0,0.0,0.0
cbn_unif_mixture,CMIIC,"{""alpha"": 0.05}",20,30,200,14,/home/mathis/Documents/Travail/cbnsl_benchmark/experiments/scaling/agrum3/../../../experiments/scaling/agrum3/2026-07-31_10h35_cbn_unif_mixture/graphs/golden__v20_a30_g14.json,/home/mathis/Documents/Travail/cbnsl_benchmark/experiments/scaling/agrum3/../../../experiments/scaling/agrum3/2026-07-31_10h35_cbn_unif_mixture/graphs/CMIIC__v20_a30_g14_s200.json,,0.2343483099975856,26.0,23.0,0.1875,0.34285714285714286,0.11538461538461539,0.20689655172413793
cbn_unif_mixture,CPC,"{""alpha"": 0.05, ""max_conditioning_set_size"": 3}",20,30,500,14,/home/mathis/Documents/Travail/cbnsl_benchmark/experiments/scaling/agrum3/../../../experiments/scaling/agrum3/2026-07-31_10h35_cbn_unif_mixture/graphs/golden__v20_a30_g14.json,/home/mathis/Documents/Travail/cbnsl_benchmark/experiments/scaling/agrum3/../../../experiments/scaling/agrum3/2026-07-31_10h35_cbn_unif_mixture/graphs/CPC__v20_a30_g14_s500.json,,0.22199421600089408,26.0,22.0,0.1875,0.3888888888888889,0.12,0.2413793103448276
cbn_unif_mixture,CMIIC,"{""alpha"": 0.05}",20,30,500,14,/home/mathis/Documents/Travail/cbnsl_benchmark/experiments/scaling/agrum3/../../../experiments/scaling/agrum3/2026-07-31_10h35_cbn_unif_mixture/graphs/golden__v20_a30_g14.json,/home/mathis/Documents/Travail/cbnsl_benchmark/experiments/scaling/agrum3/../../../experiments/scaling/agrum3/2026-07-31_10h35_cbn_unif_mixture/graphs/CMIIC__v20_a30_g14_s500.json,,0.8142227270000149,25.0,19.0,0.24242424242424243,0.5128205128205129,0.17391304347826086,0.3448275862068966
cbn_unif_mixture,CPC,"{""alpha"": 0.05, ""max_conditioning_set_size"": 3}",20,30,1000,14,/home/mathis/Documents/Travail/cbnsl_benchmark/experiments/scaling/agrum3/../../../experiments/scaling/agrum3/2026-07-31_10h35_cbn_unif_mixture/graphs/golden__v20_a30_g14.json,/home/mathis/Documents/Travail/cbnsl_benchmark/experiments/scaling/agrum3/../../../experiments/scaling/agrum3/2026-07-31_10h35_cbn_unif_mixture/graphs/CPC__v20_a30_g14_s1000.json,,0.8850469159951899,20.0,7.0,0.47368421052631576,0.8627450980392156,0.5625,0.7586206896551724
cbn_unif_mixture,CMIIC,"{""alpha"": 0.05}",20,30,1000,14,/home/mathis/Documents/Travail/cbnsl_benchmark/experiments/scaling/agrum3/../../../experiments/scaling/agrum3/2026-07-31_10h35_cbn_unif_mixture/graphs/golden__v20_a30_g14.json,/home/mathis/Documents/Travail/cbnsl_benchmark/experiments/scaling/agrum3/../../../experiments/scaling/agrum3/2026-07-31_10h35_cbn_unif_mixture/graphs/CMIIC__v20_a30_g14_s1000.json,,2.633234288994572,23.0,20.0,0.3428571428571429,0.4736842105263158,0.23076923076923078,0.3103448275862069
cbn_unif_mixture,CPC,"{""alpha"": 0.05, ""max_conditioning_set_size"": 3}",20,30,3000,14,/home/mathis/Documents/Travail/cbnsl_benchmark/experiments/scaling/agrum3/../../../experiments/scaling/agrum3/2026-07-31_10h35_cbn_unif_mixture/graphs/golden__v20_a30_g14.json,/home/mathis/Documents/Travail/cbnsl_benchmark/experiments/scaling/agrum3/../../../experiments/scaling/agrum3/2026-07-31_10h35_cbn_unif_mixture/graphs/CPC__v20_a30_g14_s3000.json,,9.737038803999894,23.0,5.0,0.34285714285714286,0.9056603773584906,0.5454545454545454,0.8275862068965517
cbn_unif_mixture,CMIIC,"{""alpha"": 0.05}",20,30,3000,14,/home/mathis/Documents/Travail/cbnsl_benchmark/experiments/scaling/agrum3/../../../experiments/scaling/agrum3/2026-07-31_10h35_cbn_unif_mixture/graphs/golden__v20_a30_g14.json,/home/mathis/Documents/Travail/cbnsl_benchmark/experiments/scaling/agrum3/../../../experiments/scaling/agrum3/2026-07-31_10h35_cbn_unif_mixture/graphs/CMIIC__v20_a30_g14_s3000.json,,23.949805776996072,21.0,15.0,0.4324324324324324,0.6511627906976745,0.34782608695652173,0.4827586206896552
cbn_unif_mixture,CPC,"{""alpha"": 0.05, ""max_conditioning_set_size"": 3}",20,30,5000,14,/home/mathis/Documents/Travail/cbnsl_benchmark/experiments/scaling/agrum3/../../../experiments/scaling/agrum3/2026-07-31_10h35_cbn_unif_mixture/graphs/golden__v20_a30_g14.json,/home/mathis/Documents/Travail/cbnsl_benchmark/experiments/scaling/agrum3/../../../experiments/scaling/agrum3/2026-07-31_10h35_cbn_unif_mixture/graphs/CPC__v20_a30_g14_s5000.json,,40.160628725003335,18.0,0.0,0.5499999999999999,1.0,1.0,1.0
cbn_unif_mixture,CMIIC,"{""alpha"": 0.05}",20,30,5000,14,/home/mathis/Documents/Travail/cbnsl_benchmark/experiments/scaling/agrum3/../../../experiments/scaling/agrum3/2026-07-31_10h35_cbn_unif_mixture/graphs/golden__v20_a30_g14.json,/home/mathis/Documents/Travail/cbnsl_benchmark/experiments/scaling/agrum3/../../../experiments/scaling/agrum3/2026-07-31_10h35_cbn_unif_mixture/graphs/CMIIC__v20_a30_g14_s5000.json,,75.55662528800167,22.0,15.0,0.3888888888888889,0.6511627906976745,0.3181818181818182,0.4827586206896552
cbn_unif_mixture,CPC,"{""alpha"": 0.05, ""max_conditioning_set_size"": 3}",20,30,200,15,/home/mathis/Documents/Travail/cbnsl_benchmark/experiments/scaling/agrum3/../../../experiments/scaling/agrum3/2026-07-31_10h35_cbn_unif_mixture/graphs/golden__v20_a30_g15.json,/home/mathis/Documents/Travail/cbnsl_benchmark/experiments/scaling/agrum3/../../../experiments/scaling/agrum3/2026-07-31_10h35_cbn_unif_mixture/graphs/CPC__v20_a30_g15_s200.json,,0.05551443599688355,30.0,28.0,0.0,0.125,0.0,0.06666666666666667
cbn_unif_mixture,CMIIC,"{""alpha"": 0.05}",20,30,200,15,/home/mathis/Documents/Travail/cbnsl_benchmark/experiments/scaling/agrum3/../../../experiments/scaling/agrum3/2026-07-31_10h35_cbn_unif_mixture/graphs/golden__v20_a30_g15.json,/home/mathis/Documents/Travail/cbnsl_benchmark/experiments/scaling/agrum3/../../../experiments/scaling/agrum3/2026-07-31_10h35_cbn_unif_mixture/graphs/CMIIC__v20_a30_g15_s200.json,,0.18499772699578898,27.0,23.0,0.18181818181818182,0.37837837837837834,0.11538461538461539,0.23333333333333334
cbn_unif_mixture,CPC,"{""alpha"": 0.05, ""max_conditioning_set_size"": 3}",20,30,500,15,/home/mathis/Documents/Travail/cbnsl_benchmark/experiments/scaling/agrum3/../../../experiments/scaling/agrum3/2026-07-31_10h35_cbn_unif_mixture/graphs/golden__v20_a30_g15.json,/home/mathis/Documents/Travail/cbnsl_benchmark/experiments/scaling/agrum3/../../../experiments/scaling/agrum3/2026-07-31_10h35_cbn_unif_mixture/graphs/CPC__v20_a30_g15_s500.json,,0.21408523299760418,30.0,23.0,0.0,0.37837837837837834,0.0,0.23333333333333334
cbn_unif_mixture,CMIIC,"{""alpha"": 0.05}",20,30,500,15,/home/mathis/Documents/Travail/cbnsl_benchmark/experiments/scaling/agrum3/../../../experiments/scaling/agrum3/2026-07-31_10h35_cbn_unif_mixture/graphs/golden__v20_a30_g15.json,/home/mathis/Documents/Travail/cbnsl_benchmark/experiments/scaling/agrum3/../../../experiments/scaling/agrum3/2026-07-31_10h35_cbn_unif_mixture/graphs/CMIIC__v20_a30_g15_s500.json,,0.8367398769987631,26.0,18.0,0.23529411764705885,0.5714285714285715,0.18181818181818182,0.4
cbn_unif_mixture,CPC,"{""alpha"": 0.05, ""max_conditioning_set_size"": 3}",20,30,1000,15,/home/mathis/Documents/Travail/cbnsl_benchmark/experiments/scaling/agrum3/../../../experiments/scaling/agrum3/2026-07-31_10h35_cbn_unif_mixture/graphs/golden__v20_a30_g15.json,/home/mathis/Documents/Travail/cbnsl_benchmark/experiments/scaling/agrum3/../../../experiments/scaling/agrum3/2026-07-31_10h35_cbn_unif_mixture/graphs/CPC__v20_a30_g15_s1000.json,,0.9800272280044737,25.0,13.0,0.28571428571428575,0.7234042553191489,0.2777777777777778,0.5666666666666667
cbn_unif_mixture,CMIIC,"{""alpha"": 0.05}",20,30,1000,15,/home/mathis/Documents/Travail/cbnsl_benchmark/experiments/scaling/agrum3/../../../experiments/scaling/agrum3/2026-07-31_10h35_cbn_unif_mixture/graphs/golden__v20_a30_g15.json,/home/mathis/Documents/Travail/cbnsl_benchmark/experiments/scaling/agrum3/../../../experiments/scaling/agrum3/2026-07-31_10h35_cbn_unif_mixture/graphs/CMIIC__v20_a30_g15_s1000.json,,3.1373983020021114,26.0,19.0,0.2352941176470588,0.5365853658536585,0.17391304347826086,0.36666666666666664
cbn_unif_mixture,CPC,"{""alpha"": 0.05, ""max_conditioning_set_size"": 3}",20,30,3000,15,/home/mathis/Documents/Travail/cbnsl_benchmark/experiments/scaling/agrum3/../../../experiments/scaling/agrum3/2026-07-31_10h35_cbn_unif_mixture/graphs/golden__v20_a30_g15.json,/home/mathis/Documents/Travail/cbnsl_benchmark/experiments/scaling/agrum3/../../../experiments/scaling/agrum3/2026-07-31_10h35_cbn_unif_mixture/graphs/CPC__v20_a30_g15_s3000.json,,9.995510808999825,27.0,6.0,0.18181818181818182,0.888888888888889,0.3333333333333333,0.8
cbn_unif_mixture,CMIIC,"{""alpha"": 0.05}",20,30,3000,15,/home/mathis/Documents/Travail/cbnsl_benchmark/experiments/scaling/agrum3/../../../experiments/scaling/agrum3/2026-07-31_10h35_cbn_unif_mixture/graphs/golden__v20_a30_g15.json,/home/mathis/Documents/Travail/cbnsl_benchmark/experiments/scaling/agrum3/../../../experiments/scaling/agrum3/2026-07-31_10h35_cbn_unif_mixture/graphs/CMIIC__v20_a30_g15_s3000.json,,25.897681308997562,26.0,17.0,0.23529411764705882,0.6046511627906976,0.19047619047619047,0.43333333333333335
cbn_unif_mixture,CPC,"{""alpha"": 0.05, ""max_conditioning_set_size"": 3}",20,30,5000,15,/home/mathis/Documents/Travail/cbnsl_benchmark/experiments/scaling/agrum3/../../../experiments/scaling/agrum3/2026-07-31_10h35_cbn_unif_mixture/graphs/golden__v20_a30_g15.json,/home/mathis/Documents/Travail/cbnsl_benchmark/experiments/scaling/agrum3/../../../experiments/scaling/agrum3/2026-07-31_10h35_cbn_unif_mixture/graphs/CPC__v20_a30_g15_s5000.json,,32.38439304599888,25.0,1.0,0.3243243243243243,0.9836065573770492,1.0,1.0
cbn_unif_mixture,CMIIC,"{""alpha"": 0.05}",20,30,5000,15,/home/mathis/Documents/Travail/cbnsl_benchmark/experiments/scaling/agrum3/../../../experiments/scaling/agrum3/2026-07-31_10h35_cbn_unif_mixture/graphs/golden__v20_a30_g15.json,/home/mathis/Documents/Travail/cbnsl_benchmark/experiments/scaling/agrum3/../../../experiments/scaling/agrum3/2026-07-31_10h35_cbn_unif_mixture/graphs/CMIIC__v20_a30_g15_s5000.json,,80.05331234900223,26.0,15.0,0.23529411764705882,0.6666666666666666,0.21052631578947367,0.5
cbn_unif_mixture,CPC,"{""alpha"": 0.05, ""max_conditioning_set_size"": 3}",20,30,200,16,/home/mathis/Documents/Travail/cbnsl_benchmark/experiments/scaling/agrum3/../../../experiments/scaling/agrum3/2026-07-31_10h35_cbn_unif_mixture/graphs/golden__v20_a30_g16.json,/home/mathis/Documents/Travail/cbnsl_benchmark/experiments/scaling/agrum3/../../../experiments/scaling/agrum3/2026-07-31_10h35_cbn_unif_mixture/graphs/CPC__v20_a30_g16_s200.json,,0.08376598399627255,30.0,29.0,0.0,0.06451612903225806,0.0,0.03333333333333333
cbn_unif_mixture,CMIIC,"{""alpha"": 0.05}",20,30,200,16,/home/mathis/Documents/Travail/cbnsl_benchmark/experiments/scaling/agrum3/../../../experiments/scaling/agrum3/2026-07-31_10h35_cbn_unif_mixture/graphs/golden__v20_a30_g16.json,/home/mathis/Documents/Travail/cbnsl_benchmark/experiments/scaling/agrum3/../../../experiments/scaling/agrum3/2026-07-31_10h35_cbn_unif_mixture/graphs/CMIIC__v20_a30_g16_s200.json,,0.29447589600022184,27.0,18.0,0.18181818181818182,0.5714285714285715,0.14285714285714285,0.4
cbn_unif_mixture,CPC,"{""alpha"": 0.05, ""max_conditioning_set_size"": 3}",20,30,500,16,/home/mathis/Documents/Travail/cbnsl_benchmark/experiments/scaling/agrum3/../../../experiments/scaling/agrum3/2026-07-31_10h35_cbn_unif_mixture/graphs/golden__v20_a30_g16.json,/home/mathis/Documents/Travail/cbnsl_benchmark/experiments/scaling/agrum3/../../../experiments/scaling/agrum3/2026-07-31_10h35_cbn_unif_mixture/graphs/CPC__v20_a30_g16_s500.json,,0.2546173250011634,26.0,19.0,0.2352941176470588,0.5365853658536585,0.17391304347826086,0.36666666666666664
cbn_unif_mixture,CMIIC,"{""alpha"": 0.05}",20,30,500,16,/home/mathis/Documents/Travail/cbnsl_benchmark/experiments/scaling/agrum3/../../../experiments/scaling/agrum3/2026-07-31_10h35_cbn_unif_mixture/graphs/golden__v20_a30_g16.json,/home/mathis/Documents/Travail/cbnsl_benchmark/experiments/scaling/agrum3/../../../experiments/scaling/agrum3/2026-07-31_10h35_cbn_unif_mixture/graphs/CMIIC__v20_a30_g16_s500.json,,1.6198431790035102,26.0,16.0,0.23529411764705882,0.6363636363636364,0.2,0.4666666666666667
cbn_unif_mixture,CPC,"{""alpha"": 0.05, ""max_conditioning_set_size"": 3}",20,30,1000,16,/home/mathis/Documents/Travail/cbnsl_benchmark/experiments/scaling/agrum3/../../../experiments/scaling/agrum3/2026-07-31_10h35_cbn_unif_mixture/graphs/golden__v20_a30_g16.json,/home/mathis/Documents/Travail/cbnsl_benchmark/experiments/scaling/agrum3/../../../experiments/scaling/agrum3/2026-07-31_10h35_cbn_unif_mixture/graphs/CPC__v20_a30_g16_s1000.json,,1.0607675139981438,26.0,11.0,0.23529411764705882,0.7755102040816326,0.26666666666666666,0.6333333333333333
cbn_unif_mixture,CMIIC,"{""alpha"": 0.05}",20,30,1000,16,/home/mathis/Documents/Travail/cbnsl_benchmark/experiments/scaling/agrum3/../../../experiments/scaling/agrum3/2026-07-31_10h35_cbn_unif_mixture/graphs/golden__v20_a30_g16.json,/home/mathis/Documents/Travail/cbnsl_benchmark/experiments/scaling/agrum3/../../../experiments/scaling/agrum3/2026-07-31_10h35_cbn_unif_mixture/graphs/CMIIC__v20_a30_g16_s1000.json,,4.503981713998655,25.0,14.0,0.2857142857142857,0.6956521739130436,0.2631578947368421,0.5333333333333333
cbn_unif_mixture,CPC,"{""alpha"": 0.05, ""max_conditioning_set_size"": 3}",20,30,3000,16,/home/mathis/Documents/Travail/cbnsl_benchmark/experiments/scaling/agrum3/../../../experiments/scaling/agrum3/2026-07-31_10h35_cbn_unif_mixture/graphs/golden__v20_a30_g16.json,/home/mathis/Documents/Travail/cbnsl_benchmark/experiments/scaling/agrum3/../../../experiments/scaling/agrum3/2026-07-31_10h35_cbn_unif_mixture/graphs/CPC__v20_a30_g16_s3000.json,,10.648281091998797,22.0,2.0,0.4210526315789473,0.9655172413793104,0.8,0.9333333333333333
cbn_unif_mixture,CMIIC,"{""alpha"": 0.05}",20,30,3000,16,/home/mathis/Documents/Travail/cbnsl_benchmark/experiments/scaling/agrum3/../../../experiments/scaling/agrum3/2026-07-31_10h35_cbn_unif_mixture/graphs/golden__v20_a30_g16.json,/home/mathis/Documents/Travail/cbnsl_benchmark/experiments/scaling/agrum3/../../../experiments/scaling/agrum3/2026-07-31_10h35_cbn_unif_mixture/graphs/CMIIC__v20_a30_g16_s3000.json,,31.634540844002913,25.0,13.0,0.28571428571428575,0.7234042553191489,0.2777777777777778,0.5666666666666667
cbn_unif_mixture,CPC,"{""alpha"": 0.05, ""max_conditioning_set_size"": 3}",20,30,5000,16,/home/mathis/Documents/Travail/cbnsl_benchmark/experiments/scaling/agrum3/../../../experiments/scaling/agrum3/2026-07-31_10h35_cbn_unif_mixture/graphs/golden__v20_a30_g16.json,/home/mathis/Documents/Travail/cbnsl_benchmark/experiments/scaling/agrum3/../../../experiments/scaling/agrum3/2026-07-31_10h35_cbn_unif_mixture/graphs/CPC__v20_a30_g16_s5000.json,,35.33386633000191,24.0,1.0,0.33333333333333326,0.983050847457627,0.8571428571428571,0.9666666666666667
cbn_unif_mixture,CMIIC,"{""alpha"": 0.05}",20,30,5000,16,/home/mathis/Documents/Travail/cbnsl_benchmark/experiments/scaling/agrum3/../../../experiments/scaling/agrum3/2026-07-31_10h35_cbn_unif_mixture/graphs/golden__v20_a30_g16.json,/home/mathis/Documents/Travail/cbnsl_benchmark/experiments/scaling/agrum3/../../../experiments/scaling/agrum3/2026-07-31_10h35_cbn_unif_mixture/graphs/CMIIC__v20_a30_g16_s5000.json,,81.94264924900199,25.0,13.0,0.28571428571428575,0.7234042553191489,0.2777777777777778,0.5666666666666667
cbn_unif_mixture,CPC,"{""alpha"": 0.05, ""max_conditioning_set_size"": 3}",20,30,200,17,/home/mathis/Documents/Travail/cbnsl_benchmark/experiments/scaling/agrum3/../../../experiments/scaling/agrum3/2026-07-31_10h35_cbn_unif_mixture/graphs/golden__v20_a30_g17.json,/home/mathis/Documents/Travail/cbnsl_benchmark/experiments/scaling/agrum3/../../../experiments/scaling/agrum3/2026-07-31_10h35_cbn_unif_mixture/graphs/CPC__v20_a30_g17_s200.json,,0.05260707999696024,30.0,30.0,0.0,0.0,0.0,0.0
cbn_unif_mixture,CMIIC,"{""alpha"": 0.05}",20,30,200,17,/home/mathis/Documents/Travail/cbnsl_benchmark/experiments/scaling/agrum3/../../../experiments/scaling/agrum3/2026-07-31_10h35_cbn_unif_mixture/graphs/golden__v20_a30_g17.json,/home/mathis/Documents/Travail/cbnsl_benchmark/experiments/scaling/agrum3/../../../experiments/scaling/agrum3/2026-07-31_10h35_cbn_unif_mixture/graphs/CMIIC__v20_a30_g17_s200.json,,0.14838502500060713,28.0,24.0,0.125,0.33333333333333337,0.07692307692307693,0.2
cbn_unif_mixture,CPC,"{""alpha"": 0.05, ""max_conditioning_set_size"": 3}",20,30,500,17,/home/mathis/Documents/Travail/cbnsl_benchmark/experiments/scaling/agrum3/../../../experiments/scaling/agrum3/2026-07-31_10h35_cbn_unif_mixture/graphs/golden__v20_a30_g17.json,/home/mathis/Documents/Travail/cbnsl_benchmark/experiments/scaling/agrum3/../../../experiments/scaling/agrum3/2026-07-31_10h35_cbn_unif_mixture/graphs/CPC__v20_a30_g17_s500.json,,0.2747061330010183,25.0,23.0,0.2857142857142857,0.37837837837837834,0.17857142857142858,0.23333333333333334
cbn_unif_mixture,CMIIC,"{""alpha"": 0.05}",20,30,500,17,/home/mathis/Documents/Travail/cbnsl_benchmark/experiments/scaling/agrum3/../../../experiments/scaling/agrum3/2026-07-31_10h35_cbn_unif_mixture/graphs/golden__v20_a30_g17.json,/home/mathis/Documents/Travail/cbnsl_benchmark/experiments/scaling/agrum3/../../../experiments/scaling/agrum3/2026-07-31_10h35_cbn_unif_mixture/graphs/CMIIC__v20_a30_g17_s500.json,,1.032388011997682,26.0,21.0,0.23529411764705882,0.4615384615384615,0.16,0.3
cbn_unif_mixture,CPC,"{""alpha"": 0.05, ""max_conditioning_set_size"": 3}",20,30,1000,17,/home/mathis/Documents/Travail/cbnsl_benchmark/experiments/scaling/agrum3/../../../experiments/scaling/agrum3/2026-07-31_10h35_cbn_unif_mixture/graphs/golden__v20_a30_g17.json,/home/mathis/Documents/Travail/cbnsl_benchmark/experiments/scaling/agrum3/../../../experiments/scaling/agrum3/2026-07-31_10h35_cbn_unif_mixture/graphs/CPC__v20_a30_g17_s1000.json,,0.9296941609936766,24.0,15.0,0.3333333333333333,0.6666666666666666,0.2857142857142857,0.5
cbn_unif_mixture,CMIIC,"{""alpha"": 0.05}",20,30,1000,17,/home/mathis/Documents/Travail/cbnsl_benchmark/experiments/scaling/agrum3/../../../experiments/scaling/agrum3/2026-07-31_10h35_cbn_unif_mixture/graphs/golden__v20_a30_g17.json,/home/mathis/Documents/Travail/cbnsl_benchmark/experiments/scaling/agrum3/../../../experiments/scaling/agrum3/2026-07-31_10h35_cbn_unif_mixture/graphs/CMIIC__v20_a30_g17_s1000.json,,2.8967759720035247,24.0,17.0,0.33333333333333337,0.6046511627906976,0.2608695652173913,0.43333333333333335
cbn_unif_mixture,CPC,"{""alpha"": 0.05, ""max_conditioning_set_size"": 3}",20,30,3000,17,/home/mathis/Documents/Travail/cbnsl_benchmark/experiments/scaling/agrum3/../../../experiments/scaling/agrum3/2026-07-31_10h35_cbn_unif_mixture/graphs/golden__v20_a30_g17.json,/home/mathis/Documents/Travail/cbnsl_benchmark/experiments/scaling/agrum3/../../../experiments/scaling/agrum3/2026-07-31_10h35_cbn_unif_mixture/graphs/CPC__v20_a30_g17_s3000.json,,12.433116014995903,19.0,7.0,0.5777777777777777,0.8771929824561403,0.7222222222222222,0.8333333333333334
cbn_unif_mixture,CMIIC,"{""alpha"": 0.05}",20,30,3000,17,/home/mathis/Documents/Travail/cbnsl_benchmark/experiments/scaling/agrum3/../../../experiments/scaling/agrum3/2026-07-31_10h35_cbn_unif_mixture/graphs/golden__v20_a30_g17.json,/home/mathis/Documents/Travail/cbnsl_benchmark/experiments/scaling/agrum3/../../../experiments/scaling/agrum3/2026-07-31_10h35_cbn_unif_mixture/graphs/CMIIC__v20_a30_g17_s3000.json,,26.448855963004462,24.0,16.0,0.33333333333333326,0.6363636363636364,0.2727272727272727,0.4666666666666667
cbn_unif_mixture,CPC,"{""alpha"": 0.05, ""max_conditioning_set_size"": 3}",20,30,5000,17,/home/mathis/Documents/Travail/cbnsl_benchmark/experiments/scaling/agrum3/../../../experiments/scaling/agrum3/2026-07-31_10h35_cbn_unif_mixture/graphs/golden__v20_a30_g17.json,/home/mathis/Documents/Travail/cbnsl_benchmark/experiments/scaling/agrum3/../../../experiments/scaling/agrum3/2026-07-31_10h35_cbn_unif_mixture/graphs/CPC__v20_a30_g17_s5000.json,,42.35395387199969,20.0,4.0,0.5454545454545455,0.9333333333333333,0.8571428571428571,0.9333333333333333
cbn_unif_mixture,CMIIC,"{""alpha"": 0.05}",20,30,5000,17,/home/mathis/Documents/Travail/cbnsl_benchmark/experiments/scaling/agrum3/../../../experiments/scaling/agrum3/2026-07-31_10h35_cbn_unif_mixture/graphs/golden__v20_a30_g17.json,/home/mathis/Documents/Travail/cbnsl_benchmark/experiments/scaling/agrum3/../../../experiments/scaling/agrum3/2026-07-31_10h35_cbn_unif_mixture/graphs/CMIIC__v20_a30_g17_s5000.json,,68.73112175899587,24.0,15.0,0.3333333333333333,0.6666666666666666,0.2857142857142857,0.5
cbn_unif_mixture,CPC,"{""alpha"": 0.05, ""max_conditioning_set_size"": 3}",20,30,200,18,/home/mathis/Documents/Travail/cbnsl_benchmark/experiments/scaling/agrum3/../../../experiments/scaling/agrum3/2026-07-31_10h35_cbn_unif_mixture/graphs/golden__v20_a30_g18.json,/home/mathis/Documents/Travail/cbnsl_benchmark/experiments/scaling/agrum3/../../../experiments/scaling/agrum3/2026-07-31_10h35_cbn_unif_mixture/graphs/CPC__v20_a30_g18_s200.json,,0.0697662360034883,30.0,29.0,0.0,0.06451612903225806,0.0,0.03333333333333333
cbn_unif_mixture,CMIIC,"{""alpha"": 0.05}",20,30,200,18,/home/mathis/Documents/Travail/cbnsl_benchmark/experiments/scaling/agrum3/../../../experiments/scaling/agrum3/2026-07-31_10h35_cbn_unif_mixture/graphs/golden__v20_a30_g18.json,/home/mathis/Documents/Travail/cbnsl_benchmark/experiments/scaling/agrum3/../../../experiments/scaling/agrum3/2026-07-31_10h35_cbn_unif_mixture/graphs/CMIIC__v20_a30_g18_s200.json,,0.2391607509998721,30.0,24.0,0.0,0.33333333333333337,0.0,0.2
cbn_unif_mixture,CPC,"{""alpha"": 0.05, ""max_conditioning_set_size"": 3}",20,30,500,18,/home/mathis/Documents/Travail/cbnsl_benchmark/experiments/scaling/agrum3/../../../experiments/scaling/agrum3/2026-07-31_10h35_cbn_unif_mixture/graphs/golden__v20_a30_g18.json,/home/mathis/Documents/Travail/cbnsl_benchmark/experiments/scaling/agrum3/../../../experiments/scaling/agrum3/2026-07-31_10h35_cbn_unif_mixture/graphs/CPC__v20_a30_g18_s500.json,,0.3286306720037828,30.0,25.0,0.0,0.2857142857142857,0.0,0.16666666666666666
cbn_unif_mixture,CMIIC,"{""alpha"": 0.05}",20,30,500,18,/home/mathis/Documents/Travail/cbnsl_benchmark/experiments/scaling/agrum3/../../../experiments/scaling/agrum3/2026-07-31_10h35_cbn_unif_mixture/graphs/golden__v20_a30_g18.json,/home/mathis/Documents/Travail/cbnsl_benchmark/experiments/scaling/agrum3/../../../experiments/scaling/agrum3/2026-07-31_10h35_cbn_unif_mixture/graphs/CMIIC__v20_a30_g18_s500.json,,0.8666506840017973,29.0,22.0,0.06451612903225806,0.4210526315789474,0.043478260869565216,0.26666666666666666
cbn_unif_mixture,CPC,"{""alpha"": 0.05, ""max_conditioning_set_size"": 3}",20,30,1000,18,/home/mathis/Documents/Travail/cbnsl_benchmark/experiments/scaling/agrum3/../../../experiments/scaling/agrum3/2026-07-31_10h35_cbn_unif_mixture/graphs/golden__v20_a30_g18.json,/home/mathis/Documents/Travail/cbnsl_benchmark/experiments/scaling/agrum3/../../../experiments/scaling/agrum3/2026-07-31_10h35_cbn_unif_mixture/graphs/CPC__v20_a30_g18_s1000.json,,0.8708714120002696,25.0,14.0,0.2857142857142857,0.6956521739130436,0.2631578947368421,0.5333333333333333
cbn_unif_mixture,CMIIC,"{""alpha"": 0.05}",20,30,1000,18,/home/mathis/Documents/Travail/cbnsl_benchmark/experiments/scaling/agrum3/../../../experiments/scaling/agrum3/2026-07-31_10h35_cbn_unif_mixture/graphs/golden__v20_a30_g18.json,/home/mathis/Documents/Travail/cbnsl_benchmark/experiments/scaling/agrum3/../../../experiments/scaling/agrum3/2026-07-31_10h35_cbn_unif_mixture/graphs/CMIIC__v20_a30_g18_s1000.json,,3.4050210929999594,28.0,19.0,0.125,0.5365853658536585,0.09523809523809523,0.36666666666666664
cbn_unif_mixture,CPC,"{""alpha"": 0.05, ""max_conditioning_set_size"": 3}",20,30,3000,18,/home/mathis/Documents/Travail/cbnsl_benchmark/experiments/scaling/agrum3/../../../experiments/scaling/agrum3/2026-07-31_10h35_cbn_unif_mixture/graphs/golden__v20_a30_g18.json,/home/mathis/Documents/Travail/cbnsl_benchmark/experiments/scaling/agrum3/../../../experiments/scaling/agrum3/2026-07-31_10h35_cbn_unif_mixture/graphs/CPC__v20_a30_g18_s3000.json,,16.35490152100101,17.0,4.0,0.6046511627906976,0.9285714285714286,0.7647058823529411,0.8666666666666667
cbn_unif_mixture,CMIIC,"{""alpha"": 0.05}",20,30,3000,18,/home/mathis/Documents/Travail/cbnsl_benchmark/experiments/scaling/agrum3/../../../experiments/scaling/agrum3/2026-07-31_10h35_cbn_unif_mixture/graphs/golden__v20_a30_g18.json,/home/mathis/Documents/Travail/cbnsl_benchmark/experiments/scaling/agrum3/../../../experiments/scaling/agrum3/2026-07-31_10h35_cbn_unif_mixture/graphs/CMIIC__v20_a30_g18_s3000.json,,54.668285959996865,28.0,16.0,0.125,0.6363636363636364,0.1111111111111111,0.4666666666666667
cbn_unif_mixture,CPC,"{""alpha"": 0.05, ""max_conditioning_set_size"": 3}",20,30,5000,18,/home/mathis/Documents/Travail/cbnsl_benchmark/experiments/scaling/agrum3/../../../experiments/scaling/agrum3/2026-07-31_10h35_cbn_unif_mixture/graphs/golden__v20_a30_g18.json,/home/mathis/Documents/Travail/cbnsl_benchmark/experiments/scaling/agrum3/../../../experiments/scaling/agrum3/2026-07-31_10h35_cbn_unif_mixture/graphs/CPC__v20_a30_g18_s5000.json,,40.663756982998166,18.0,1.0,0.5714285714285715,0.983050847457627,0.9230769230769231,0.9666666666666667
cbn_unif_mixture,CMIIC,"{""alpha"": 0.05}",20,30,5000,18,/home/mathis/Documents/Travail/cbnsl_benchmark/experiments/scaling/agrum3/../../../experiments/scaling/agrum3/2026-07-31_10h35_cbn_unif_mixture/graphs/golden__v20_a30_g18.json,/home/mathis/Documents/Travail/cbnsl_benchmark/experiments/scaling/agrum3/../../../experiments/scaling/agrum3/2026-07-31_10h35_cbn_unif_mixture/graphs/CMIIC__v20_a30_g18_s5000.json,,91.13107031500112,28.0,16.0,0.125,0.6363636363636364,0.1111111111111111,0.4666666666666667
cbn_unif_mixture,CPC,"{""alpha"": 0.05, ""max_conditioning_set_size"": 3}",20,30,200,19,/home/mathis/Documents/Travail/cbnsl_benchmark/experiments/scaling/agrum3/../../../experiments/scaling/agrum3/2026-07-31_10h35_cbn_unif_mixture/graphs/golden__v20_a30_g19.json,/home/mathis/Documents/Travail/cbnsl_benchmark/experiments/scaling/agrum3/../../../experiments/scaling/agrum3/2026-07-31_10h35_cbn_unif_mixture/graphs/CPC__v20_a30_g19_s200.json,,0.06688930499512935,29.0,29.0,0.06451612903225806,0.06451612903225806,0.03333333333333333,0.03333333333333333
cbn_unif_mixture,CMIIC,"{""alpha"": 0.05}",20,30,200,19,/home/mathis/Documents/Travail/cbnsl_benchmark/experiments/scaling/agrum3/../../../experiments/scaling/agrum3/2026-07-31_10h35_cbn_unif_mixture/graphs/golden__v20_a30_g19.json,/home/mathis/Documents/Travail/cbnsl_benchmark/experiments/scaling/agrum3/../../../experiments/scaling/agrum3/2026-07-31_10h35_cbn_unif_mixture/graphs/CMIIC__v20_a30_g19_s200.json,,0.21497305999946548,24.0,20.0,0.33333333333333337,0.5,0.23076923076923078,0.3333333333333333
cbn_unif_mixture,CPC,"{""alpha"": 0.05, ""max_conditioning_set_size"": 3}",20,30,500,19,/home/mathis/Documents/Travail/cbnsl_benchmark/experiments/scaling/agrum3/../../../experiments/scaling/agrum3/2026-07-31_10h35_cbn_unif_mixture/graphs/golden__v20_a30_g19.json,/home/mathis/Documents/Travail/cbnsl_benchmark/experiments/scaling/agrum3/../../../experiments/scaling/agrum3/2026-07-31_10h35_cbn_unif_mixture/graphs/CPC__v20_a30_g19_s500.json,,0.24531679700157838,29.0,25.0,0.06451612903225806,0.2857142857142857,0.038461538461538464,0.16666666666666666
cbn_unif_mixture,CMIIC,"{""alpha"": 0.05}",20,30,500,19,/home/mathis/Documents/Travail/cbnsl_benchmark/experiments/scaling/agrum3/../../../experiments/scaling/agrum3/2026-07-31_10h35_cbn_unif_mixture/graphs/golden__v20_a30_g19.json,/home/mathis/Documents/Travail/cbnsl_benchmark/experiments/scaling/agrum3/../../../experiments/scaling/agrum3/2026-07-31_10h35_cbn_unif_mixture/graphs/CMIIC__v20_a30_g19_s500.json,,1.1808931400009897,22.0,17.0,0.4210526315789474,0.6046511627906976,0.32,0.43333333333333335
cbn_unif_mixture,CPC,"{""alpha"": 0.05, ""max_conditioning_set_size"": 3}",20,30,1000,19,/home/mathis/Documents/Travail/cbnsl_benchmark/experiments/scaling/agrum3/../../../experiments/scaling/agrum3/2026-07-31_10h35_cbn_unif_mixture/graphs/golden__v20_a30_g19.json,/home/mathis/Documents/Travail/cbnsl_benchmark/experiments/scaling/agrum3/../../../experiments/scaling/agrum3/2026-07-31_10h35_cbn_unif_mixture/graphs/CPC__v20_a30_g19_s1000.json,,0.9510684280030546,25.0,12.0,0.28571428571428575,0.7499999999999999,0.29411764705882354,0.6
cbn_unif_mixture,CMIIC,"{""alpha"": 0.05}",20,30,1000,19,/home/mathis/Documents/Travail/cbnsl_benchmark/experiments/scaling/agrum3/../../../experiments/scaling/agrum3/2026-07-31_10h35_cbn_unif_mixture/graphs/golden__v20_a30_g19.json,/home/mathis/Documents/Travail/cbnsl_benchmark/experiments/scaling/agrum3/../../../experiments/scaling/agrum3/2026-07-31_10h35_cbn_unif_mixture/graphs/CMIIC__v20_a30_g19_s1000.json,,3.542201133001072,20.0,16.0,0.5,0.6363636363636364,0.38461538461538464,0.4666666666666667
cbn_unif_mixture,CPC,"{""alpha"": 0.05, ""max_conditioning_set_size"": 3}",20,30,3000,19,/home/mathis/Documents/Travail/cbnsl_benchmark/experiments/scaling/agrum3/../../../experiments/scaling/agrum3/2026-07-31_10h35_cbn_unif_mixture/graphs/golden__v20_a30_g19.json,/home/mathis/Documents/Travail/cbnsl_benchmark/experiments/scaling/agrum3/../../../experiments/scaling/agrum3/2026-07-31_10h35_cbn_unif_mixture/graphs/CPC__v20_a30_g19_s3000.json,,13.315992462994473,18.0,3.0,0.5714285714285714,0.9473684210526316,0.8,0.9
cbn_unif_mixture,CMIIC,"{""alpha"": 0.05}",20,30,3000,19,/home/mathis/Documents/Travail/cbnsl_benchmark/experiments/scaling/agrum3/../../../experiments/scaling/agrum3/2026-07-31_10h35_cbn_unif_mixture/graphs/golden__v20_a30_g19.json,/home/mathis/Documents/Travail/cbnsl_benchmark/experiments/scaling/agrum3/../../../experiments/scaling/agrum3/2026-07-31_10h35_cbn_unif_mixture/graphs/CMIIC__v20_a30_g19_s3000.json,,36.8210534059981,20.0,14.0,0.5,0.6956521739130436,0.4166666666666667,0.5333333333333333
cbn_unif_mixture,CPC,"{""alpha"": 0.05, ""max_conditioning_set_size"": 3}",20,30,5000,19,/home/mathis/Documents/Travail/cbnsl_benchmark/experiments/scaling/agrum3/../../../experiments/scaling/agrum3/2026-07-31_10h35_cbn_unif_mixture/graphs/golden__v20_a30_g19.json,/home/mathis/Documents/Travail/cbnsl_benchmark/experiments/scaling/agrum3/../../../experiments/scaling/agrum3/2026-07-31_10h35_cbn_unif_mixture/graphs/CPC__v20_a30_g19_s5000.json,,40.210831078999036,17.0,1.0,0.6046511627906977,0.983050847457627,0.9285714285714286,0.9666666666666667
cbn_unif_mixture,CMIIC,"{""alpha"": 0.05}",20,30,5000,19,/home/mathis/Documents/Travail/cbnsl_benchmark/experiments/scaling/agrum3/../../../experiments/scaling/agrum3/2026-07-31_10h35_cbn_unif_mixture/graphs/golden__v20_a30_g19.json,/home/mathis/Documents/Travail/cbnsl_benchmark/experiments/scaling/agrum3/../../../experiments/scaling/agrum3/2026-07-31_10h35_cbn_unif_mixture/graphs/CMIIC__v20_a30_g19_s5000.json,,113.78656837900053,20.0,14.0,0.5,0.6956521739130436,0.4166666666666667,0.5333333333333333
cbn_unif_mixture,CPC,"{""alpha"": 0.05, ""max_conditioning_set_size"": 3}",20,30,200,20,/home/mathis/Documents/Travail/cbnsl_benchmark/experiments/scaling/agrum3/../../../experiments/scaling/agrum3/2026-07-31_10h35_cbn_unif_mixture/graphs/golden__v20_a30_g20.json,/home/mathis/Documents/Travail/cbnsl_benchmark/experiments/scaling/agrum3/../../../experiments/scaling/agrum3/2026-07-31_10h35_cbn_unif_mixture/graphs/CPC__v20_a30_g20_s200.json,,0.09771997999632731,29.0,28.0,0.06451612903225806,0.125,0.034482758620689655,0.06666666666666667
cbn_unif_mixture,CMIIC,"{""alpha"": 0.05}",20,30,200,20,/home/mathis/Documents/Travail/cbnsl_benchmark/experiments/scaling/agrum3/../../../experiments/scaling/agrum3/2026-07-31_10h35_cbn_unif_mixture/graphs/golden__v20_a30_g20.json,/home/mathis/Documents/Travail/cbnsl_benchmark/experiments/scaling/agrum3/../../../experiments/scaling/agrum3/2026-07-31_10h35_cbn_unif_mixture/graphs/CMIIC__v20_a30_g20_s200.json,,0.2563190380024025,29.0,25.0,0.06451612903225806,0.2857142857142857,0.038461538461538464,0.16666666666666666
cbn_unif_mixture,CPC,"{""alpha"": 0.05, ""max_conditioning_set_size"": 3}",20,30,500,20,/home/mathis/Documents/Travail/cbnsl_benchmark/experiments/scaling/agrum3/../../../experiments/scaling/agrum3/2026-07-31_10h35_cbn_unif_mixture/graphs/golden__v20_a30_g20.json,/home/mathis/Documents/Travail/cbnsl_benchmark/experiments/scaling/agrum3/../../../experiments/scaling/agrum3/2026-07-31_10h35_cbn_unif_mixture/graphs/CPC__v20_a30_g20_s500.json,,0.3524651370025822,27.0,23.0,0.18181818181818182,0.37837837837837834,0.11538461538461539,0.23333333333333334
cbn_unif_mixture,CMIIC,"{""alpha"": 0.05}",20,30,500,20,/home/mathis/Documents/Travail/cbnsl_benchmark/experiments/scaling/agrum3/../../../experiments/scaling/agrum3/2026-07-31_10h35_cbn_unif_mixture/graphs/golden__v20_a30_g20.json,/home/mathis/Documents/Travail/cbnsl_benchmark/experiments/scaling/agrum3/../../../experiments/scaling/agrum3/2026-07-31_10h35_cbn_unif_mixture/graphs/CMIIC__v20_a30_g20_s500.json,,1.0705432270042365,29.0,20.0,0.06451612903225806,0.5,0.047619047619047616,0.3333333333333333
cbn_unif_mixture,CPC,"{""alpha"": 0.05, ""max_conditioning_set_size"": 3}",20,30,1000,20,/home/mathis/Documents/Travail/cbnsl_benchmark/experiments/scaling/agrum3/../../../experiments/scaling/agrum3/2026-07-31_10h35_cbn_unif_mixture/graphs/golden__v20_a30_g20.json,/home/mathis/Documents/Travail/cbnsl_benchmark/experiments/scaling/agrum3/../../../experiments/scaling/agrum3/2026-07-31_10h35_cbn_unif_mixture/graphs/CPC__v20_a30_g20_s1000.json,,0.9754039379986352,23.0,15.0,0.3783783783783784,0.6666666666666666,0.3181818181818182,0.5
cbn_unif_mixture,CMIIC,"{""alpha"": 0.05}",20,30,1000,20,/home/mathis/Documents/Travail/cbnsl_benchmark/experiments/scaling/agrum3/../../../experiments/scaling/agrum3/2026-07-31_10h35_cbn_unif_mixture/graphs/golden__v20_a30_g20.json,/home/mathis/Documents/Travail/cbnsl_benchmark/experiments/scaling/agrum3/../../../experiments/scaling/agrum3/2026-07-31_10h35_cbn_unif_mixture/graphs/CMIIC__v20_a30_g20_s1000.json,,2.7529156710006646,28.0,19.0,0.125,0.5365853658536585,0.09523809523809523,0.36666666666666664
cbn_unif_mixture,CPC,"{""alpha"": 0.05, ""max_conditioning_set_size"": 3}",20,30,3000,20,/home/mathis/Documents/Travail/cbnsl_benchmark/experiments/scaling/agrum3/../../../experiments/scaling/agrum3/2026-07-31_10h35_cbn_unif_mixture/graphs/golden__v20_a30_g20.json,/home/mathis/Documents/Travail/cbnsl_benchmark/experiments/scaling/agrum3/../../../experiments/scaling/agrum3/2026-07-31_10h35_cbn_unif_mixture/graphs/CPC__v20_a30_g20_s3000.json,,9.359630047998508,23.0,6.0,0.3783783783783784,0.888888888888889,0.5384615384615384,0.8
cbn_unif_mixture,CMIIC,"{""alpha"": 0.05}",20,30,3000,20,/home/mathis/Documents/Travail/cbnsl_benchmark/experiments/scaling/agrum3/../../../experiments/scaling/agrum3/2026-07-31_10h35_cbn_unif_mixture/graphs/golden__v20_a30_g20.json,/home/mathis/Documents/Travail/cbnsl_benchmark/experiments/scaling/agrum3/../../../experiments/scaling/agrum3/2026-07-31_10h35_cbn_unif_mixture/graphs/CMIIC__v20_a30_g20_s3000.json,,24.543023876001826,28.0,18.0,0.125,0.5714285714285715,0.1,0.4
cbn_unif_mixture,CPC,"{""alpha"": 0.05, ""max_conditioning_set_size"": 3}",20,30,5000,20,/home/mathis/Documents/Travail/cbnsl_benchmark/experiments/scaling/agrum3/../../../experiments/scaling/agrum3/2026-07-31_10h35_cbn_unif_mixture/graphs/golden__v20_a30_g20.json,/home/mathis/Documents/Travail/cbnsl_benchmark/experiments/scaling/agrum3/../../../experiments/scaling/agrum3/2026-07-31_10h35_cbn_unif_mixture/graphs/CPC__v20_a30_g20_s5000.json,,31.65954385200166,22.0,2.0,0.45000000000000007,0.9666666666666667,0.9,0.9666666666666667
cbn_unif_mixture,CMIIC,"{""alpha"": 0.05}",20,30,5000,20,/home/mathis/Documents/Travail/cbnsl_benchmark/experiments/scaling/agrum3/../../../experiments/scaling/agrum3/2026-07-31_10h35_cbn_unif_mixture/graphs/golden__v20_a30_g20.json,/home/mathis/Documents/Travail/cbnsl_benchmark/experiments/scaling/agrum3/../../../experiments/scaling/agrum3/2026-07-31_10h35_cbn_unif_mixture/graphs/CMIIC__v20_a30_g20_s5000.json,,67.94331248199887,28.0,18.0,0.125,0.5714285714285715,0.1,0.4
cbn_unif_mixture,CPC,"{""alpha"": 0.05, ""max_conditioning_set_size"": 3}",20,30,200,21,/home/mathis/Documents/Travail/cbnsl_benchmark/experiments/scaling/agrum3/../../../experiments/scaling/agrum3/2026-07-31_10h35_cbn_unif_mixture/graphs/golden__v20_a30_g21.json,/home/mathis/Documents/Travail/cbnsl_benchmark/experiments/scaling/agrum3/../../../experiments/scaling/agrum3/2026-07-31_10h35_cbn_unif_mixture/graphs/CPC__v20_a30_g21_s200.json,,0.08346201400127029,30.0,30.0,0.0,0.0,0.0,0.0
cbn_unif_mixture,CMIIC,"{""alpha"": 0.05}",20,30,200,21,/home/mathis/Documents/Travail/cbnsl_benchmark/experiments/scaling/agrum3/../../../experiments/scaling/agrum3/2026-07-31_10h35_cbn_unif_mixture/graphs/golden__v20_a30_g21.json,/home/mathis/Documents/Travail/cbnsl_benchmark/experiments/scaling/agrum3/../../../experiments/scaling/agrum3/2026-07-31_10h35_cbn_unif_mixture/graphs/CMIIC__v20_a30_g21_s200.json,,0.17494452100072522,28.0,26.0,0.125,0.23529411764705882,0.07142857142857142,0.13333333333333333
cbn_unif_mixture,CPC,"{""alpha"": 0.05, ""max_conditioning_set_size"": 3}",20,30,500,21,/home/mathis/Documents/Travail/cbnsl_benchmark/experiments/scaling/agrum3/../../../experiments/scaling/agrum3/2026-07-31_10h35_cbn_unif_mixture/graphs/golden__v20_a30_g21.json,/home/mathis/Documents/Travail/cbnsl_benchmark/experiments/scaling/agrum3/../../../experiments/scaling/agrum3/2026-07-31_10h35_cbn_unif_mixture/graphs/CPC__v20_a30_g21_s500.json,,0.2254451879998669,28.0,24.0,0.125,0.33333333333333337,0.07692307692307693,0.2
cbn_unif_mixture,CMIIC,"{""alpha"": 0.05}",20,30,500,21,/home/mathis/Documents/Travail/cbnsl_benchmark/experiments/scaling/agrum3/../../../experiments/scaling/agrum3/2026-07-31_10h35_cbn_unif_mixture/graphs/golden__v20_a30_g21.json,/home/mathis/Documents/Travail/cbnsl_benchmark/experiments/scaling/agrum3/../../../experiments/scaling/agrum3/2026-07-31_10h35_cbn_unif_mixture/graphs/CMIIC__v20_a30_g21_s500.json,,0.7928549429998384,26.0,22.0,0.23529411764705882,0.4210526315789474,0.15384615384615385,0.26666666666666666
cbn_unif_mixture,CPC,"{""alpha"": 0.05, ""max_conditioning_set_size"": 3}",20,30,1000,21,/home/mathis/Documents/Travail/cbnsl_benchmark/experiments/scaling/agrum3/../../../experiments/scaling/agrum3/2026-07-31_10h35_cbn_unif_mixture/graphs/golden__v20_a30_g21.json,/home/mathis/Documents/Travail/cbnsl_benchmark/experiments/scaling/agrum3/../../../experiments/scaling/agrum3/2026-07-31_10h35_cbn_unif_mixture/graphs/CPC__v20_a30_g21_s1000.json,,0.9319058080000104,23.0,16.0,0.3783783783783784,0.6363636363636364,0.30434782608695654,0.4666666666666667
cbn_unif_mixture,CMIIC,"{""alpha"": 0.05}",20,30,1000,21,/home/mathis/Documents/Travail/cbnsl_benchmark/experiments/scaling/agrum3/../../../experiments/scaling/agrum3/2026-07-31_10h35_cbn_unif_mixture/graphs/golden__v20_a30_g21.json,/home/mathis/Documents/Travail/cbnsl_benchmark/experiments/scaling/agrum3/../../../experiments/scaling/agrum3/2026-07-31_10h35_cbn_unif_mixture/graphs/CMIIC__v20_a30_g21_s1000.json,,2.8438081060012337,25.0,21.0,0.28571428571428575,0.4615384615384615,0.19230769230769232,0.3
cbn_unif_mixture,CPC,"{""alpha"": 0.05, ""max_conditioning_set_size"": 3}",20,30,3000,21,/home/mathis/Documents/Travail/cbnsl_benchmark/experiments/scaling/agrum3/../../../experiments/scaling/agrum3/2026-07-31_10h35_cbn_unif_mixture/graphs/golden__v20_a30_g21.json,/home/mathis/Documents/Travail/cbnsl_benchmark/experiments/scaling/agrum3/../../../experiments/scaling/agrum3/2026-07-31_10h35_cbn_unif_mixture/graphs/CPC__v20_a30_g21_s3000.json,,9.670937409995531,27.0,5.0,0.18181818181818182,0.9090909090909091,0.375,0.8333333333333334
cbn_unif_mixture,CMIIC,"{""alpha"": 0.05}",20,30,3000,21,/home/mathis/Documents/Travail/cbnsl_benchmark/experiments/scaling/agrum3/../../../experiments/scaling/agrum3/2026-07-31_10h35_cbn_unif_mixture/graphs/golden__v20_a30_g21.json,/home/mathis/Documents/Travail/cbnsl_benchmark/experiments/scaling/agrum3/../../../experiments/scaling/agrum3/2026-07-31_10h35_cbn_unif_mixture/graphs/CMIIC__v20_a30_g21_s3000.json,,26.361113907994877,25.0,20.0,0.28571428571428575,0.5,0.2,0.3333333333333333
cbn_unif_mixture,CPC,"{""alpha"": 0.05, ""max_conditioning_set_size"": 3}",20,30,5000,21,/home/mathis/Documents/Travail/cbnsl_benchmark/experiments/scaling/agrum3/../../../experiments/scaling/agrum3/2026-07-31_10h35_cbn_unif_mixture/graphs/golden__v20_a30_g21.json,/home/mathis/Documents/Travail/cbnsl_benchmark/experiments/scaling/agrum3/../../../experiments/scaling/agrum3/2026-07-31_10h35_cbn_unif_mixture/graphs/CPC__v20_a30_g21_s5000.json,,60.23088458299753,24.0,0.0,0.33333333333333337,1.0,1.0,1.0
cbn_unif_mixture,CMIIC,"{""alpha"": 0.05}",20,30,5000,21,/home/mathis/Documents/Travail/cbnsl_benchmark/experiments/scaling/agrum3/../../../experiments/scaling/agrum3/2026-07-31_10h35_cbn_unif_mixture/graphs/golden__v20_a30_g21.json,/home/mathis/Documents/Travail/cbnsl_benchmark/experiments/scaling/agrum3/../../../experiments/scaling/agrum3/2026-07-31_10h35_cbn_unif_mixture/graphs/CMIIC__v20_a30_g21_s5000.json,,95.99074451299384,25.0,18.0,0.2857142857142857,0.5714285714285715,0.21739130434782608,0.4
cbn_unif_mixture,CPC,"{""alpha"": 0.05, ""max_conditioning_set_size"": 3}",20,30,200,22,/home/mathis/Documents/Travail/cbnsl_benchmark/experiments/scaling/agrum3/../../../experiments/scaling/agrum3/2026-07-31_10h35_cbn_unif_mixture/graphs/golden__v20_a30_g22.json,/home/mathis/Documents/Travail/cbnsl_benchmark/experiments/scaling/agrum3/../../../experiments/scaling/agrum3/2026-07-31_10h35_cbn_unif_mixture/graphs/CPC__v20_a30_g22_s200.json,,0.07980315399618121,29.0,29.0,0.0,0.0,0.0,0.0
cbn_unif_mixture,CMIIC,"{""alpha"": 0.05}",20,30,200,22,/home/mathis/Documents/Travail/cbnsl_benchmark/experiments/scaling/agrum3/../../../experiments/scaling/agrum3/2026-07-31_10h35_cbn_unif_mixture/graphs/golden__v20_a30_g22.json,/home/mathis/Documents/Travail/cbnsl_benchmark/experiments/scaling/agrum3/../../../experiments/scaling/agrum3/2026-07-31_10h35_cbn_unif_mixture/graphs/CMIIC__v20_a30_g22_s200.json,,0.27757655599998543,27.0,21.0,0.12903225806451613,0.4324324324324324,0.08695652173913043,0.27586206896551724
cbn_unif_mixture,CPC,"{""alpha"": 0.05, ""max_conditioning_set_size"": 3}",20,30,500,22,/home/mathis/Documents/Travail/cbnsl_benchmark/experiments/scaling/agrum3/../../../experiments/scaling/agrum3/2026-07-31_10h35_cbn_unif_mixture/graphs/golden__v20_a30_g22.json,/home/mathis/Documents/Travail/cbnsl_benchmark/experiments/scaling/agrum3/../../../experiments/scaling/agrum3/2026-07-31_10h35_cbn_unif_mixture/graphs/CPC__v20_a30_g22_s500.json,,0.21925185400323244,26.0,22.0,0.1875,0.3888888888888889,0.12,0.2413793103448276
cbn_unif_mixture,CMIIC,"{""alpha"": 0.05}",20,30,500,22,/home/mathis/Documents/Travail/cbnsl_benchmark/experiments/scaling/agrum3/../../../experiments/scaling/agrum3/2026-07-31_10h35_cbn_unif_mixture/graphs/golden__v20_a30_g22.json,/home/mathis/Documents/Travail/cbnsl_benchmark/experiments/scaling/agrum3/../../../experiments/scaling/agrum3/2026-07-31_10h35_cbn_unif_mixture/graphs/CMIIC__v20_a30_g22_s500.json,,0.7470341640000697,26.0,20.0,0.18750000000000003,0.4736842105263158,0.13043478260869565,0.3103448275862069
cbn_unif_mixture,CPC,"{""alpha"": 0.05, ""max_conditioning_set_size"": 3}",20,30,1000,22,/home/mathis/Documents/Travail/cbnsl_benchmark/experiments/scaling/agrum3/../../../experiments/scaling/agrum3/2026-07-31_10h35_cbn_unif_mixture/graphs/golden__v20_a30_g22.json,/home/mathis/Documents/Travail/cbnsl_benchmark/experiments/scaling/agrum3/../../../experiments/scaling/agrum3/2026-07-31_10h35_cbn_unif_mixture/graphs/CPC__v20_a30_g22_s1000.json,,0.9899157170002582,24.0,14.0,0.29411764705882354,0.6818181818181819,0.2631578947368421,0.5172413793103449
cbn_unif_mixture,CMIIC,"{""alpha"": 0.05}",20,30,1000,22,/home/mathis/Documents/Travail/cbnsl_benchmark/experiments/scaling/agrum3/../../../experiments/scaling/agrum3/2026-07-31_10h35_cbn_unif_mixture/graphs/golden__v20_a30_g22.json,/home/mathis/Documents/Travail/cbnsl_benchmark/experiments/scaling/agrum3/../../../experiments/scaling/agrum3/2026-07-31_10h35_cbn_unif_mixture/graphs/CMIIC__v20_a30_g22_s1000.json,,3.492804966001131,24.0,16.0,0.2941176470588235,0.6190476190476191,0.23809523809523808,0.4482758620689655
cbn_unif_mixture,CPC,"{""alpha"": 0.05, ""max_conditioning_set_size"": 3}",20,30,3000,22,/home/mathis/Documents/Travail/cbnsl_benchmark/experiments/scaling/agrum3/../../../experiments/scaling/agrum3/2026-07-31_10h35_cbn_unif_mixture/graphs/golden__v20_a30_g22.json,/home/mathis/Documents/Travail/cbnsl_benchmark/experiments/scaling/agrum3/../../../experiments/scaling/agrum3/2026-07-31_10h35_cbn_unif_mixture/graphs/CPC__v20_a30_g22_s3000.json,,9.392366118001519,25.0,3.0,0.24242424242424246,0.9454545454545454,0.5714285714285714,0.896551724137931
cbn_unif_mixture,CMIIC,"{""alpha"": 0.05}",20,30,3000,22,/home/mathis/Documents/Travail/cbnsl_benchmark/experiments/scaling/agrum3/../../../experiments/scaling/agrum3/2026-07-31_10h35_cbn_unif_mixture/graphs/golden__v20_a30_g22.json,/home/mathis/Documents/Travail/cbnsl_benchmark/experiments/scaling/agrum3/../../../experiments/scaling/agrum3/2026-07-31_10h35_cbn_unif_mixture/graphs/CMIIC__v20_a30_g22_s3000.json,,29.044201148004504,24.0,14.0,0.29411764705882354,0.6818181818181819,0.2631578947368421,0.5172413793103449
cbn_unif_mixture,CPC,"{""alpha"": 0.05, ""max_conditioning_set_size"": 3}",20,30,5000,22,/home/mathis/Documents/Travail/cbnsl_benchmark/experiments/scaling/agrum3/../../../experiments/scaling/agrum3/2026-07-31_10h35_cbn_unif_mixture/graphs/golden__v20_a30_g22.json,/home/mathis/Documents/Travail/cbnsl_benchmark/experiments/scaling/agrum3/../../../experiments/scaling/agrum3/2026-07-31_10h35_cbn_unif_mixture/graphs/CPC__v20_a30_g22_s5000.json,,30.06281530299748,21.0,1.0,0.4615384615384615,0.983050847457627,1.0,1.0
cbn_unif_mixture,CMIIC,"{""alpha"": 0.05}",20,30,5000,22,/home/mathis/Documents/Travail/cbnsl_benchmark/experiments/scaling/agrum3/../../../experiments/scaling/agrum3/2026-07-31_10h35_cbn_unif_mixture/graphs/golden__v20_a30_g22.json,/home/mathis/Documents/Travail/cbnsl_benchmark/experiments/scaling/agrum3/../../../experiments/scaling/agrum3/2026-07-31_10h35_cbn_unif_mixture/graphs/CMIIC__v20_a30_g22_s5000.json,,68.94437854600255,24.0,15.0,0.2941176470588235,0.6511627906976745,0.25,0.4827586206896552
cbn_unif_mixture,CPC,"{""alpha"": 0.05, ""max_conditioning_set_size"": 3}",20,30,200,23,/home/mathis/Documents/Travail/cbnsl_benchmark/experiments/scaling/agrum3/../../../experiments/scaling/agrum3/2026-07-31_10h35_cbn_unif_mixture/graphs/golden__v20_a30_g23.json,/home/mathis/Documents/Travail/cbnsl_benchmark/experiments/scaling/agrum3/../../../experiments/scaling/agrum3/2026-07-31_10h35_cbn_unif_mixture/graphs/CPC__v20_a30_g23_s200.json,,0.05700249500659993,30.0,29.0,0.0,0.06451612903225806,0.0,0.03333333333333333
cbn_unif_mixture,CMIIC,"{""alpha"": 0.05}",20,30,200,23,/home/mathis/Documents/Travail/cbnsl_benchmark/experiments/scaling/agrum3/../../../experiments/scaling/agrum3/2026-07-31_10h35_cbn_unif_mixture/graphs/golden__v20_a30_g23.json,/home/mathis/Documents/Travail/cbnsl_benchmark/experiments/scaling/agrum3/../../../experiments/scaling/agrum3/2026-07-31_10h35_cbn_unif_mixture/graphs/CMIIC__v20_a30_g23_s200.json,,0.1688760100005311,29.0,23.0,0.06451612903225806,0.37837837837837834,0.041666666666666664,0.23333333333333334
cbn_unif_mixture,CPC,"{""alpha"": 0.05, ""max_conditioning_set_size"": 3}",20,30,500,23,/home/mathis/Documents/Travail/cbnsl_benchmark/experiments/scaling/agrum3/../../../experiments/scaling/agrum3/2026-07-31_10h35_cbn_unif_mixture/graphs/golden__v20_a30_g23.json,/home/mathis/Documents/Travail/cbnsl_benchmark/experiments/scaling/agrum3/../../../experiments/scaling/agrum3/2026-07-31_10h35_cbn_unif_mixture/graphs/CPC__v20_a30_g23_s500.json,,0.23118369299481856,29.0,24.0,0.06451612903225806,0.33333333333333337,0.04,0.2
cbn_unif_mixture,CMIIC,"{""alpha"": 0.05}",20,30,500,23,/home/mathis/Documents/Travail/cbnsl_benchmark/experiments/scaling/agrum3/../../../experiments/scaling/agrum3/2026-07-31_10h35_cbn_unif_mixture/graphs/golden__v20_a30_g23.json,/home/mathis/Documents/Travail/cbnsl_benchmark/experiments/scaling/agrum3/../../../experiments/scaling/agrum3/2026-07-31_10h35_cbn_unif_mixture/graphs/CMIIC__v20_a30_g23_s500.json,,0.69948014900001,28.0,24.0,0.125,0.33333333333333337,0.07692307692307693,0.2
cbn_unif_mixture,CPC,"{""alpha"": 0.05, ""max_conditioning_set_size"": 3}",20,30,1000,23,/home/mathis/Documents/Travail/cbnsl_benchmark/experiments/scaling/agrum3/../../../experiments/scaling/agrum3/2026-07-31_10h35_cbn_unif_mixture/graphs/golden__v20_a30_g23.json,/home/mathis/Documents/Travail/cbnsl_benchmark/experiments/scaling/agrum3/../../../experiments/scaling/agrum3/2026-07-31_10h35_cbn_unif_mixture/graphs/CPC__v20_a30_g23_s1000.json,,0.8561283960007131,23.0,14.0,0.37837837837837834,0.6956521739130436,0.3333333333333333,0.5333333333333333
cbn_unif_mixture,CMIIC,"{""alpha"": 0.05}",20,30,1000,23,/home/mathis/Documents/Travail/cbnsl_benchmark/experiments/scaling/agrum3/../../../experiments/scaling/agrum3/2026-07-31_10h35_cbn_unif_mixture/graphs/golden__v20_a30_g23.json,/home/mathis/Documents/Travail/cbnsl_benchmark/experiments/scaling/agrum3/../../../experiments/scaling/agrum3/2026-07-31_10h35_cbn_unif_mixture/graphs/CMIIC__v20_a30_g23_s1000.json,,2.623812268997426,27.0,20.0,0.18181818181818182,0.5,0.13043478260869565,0.3333333333333333
cbn_unif_mixture,CPC,"{""alpha"": 0.05, ""max_conditioning_set_size"": 3}",20,30,3000,23,/home/mathis/Documents/Travail/cbnsl_benchmark/experiments/scaling/agrum3/../../../experiments/scaling/agrum3/2026-07-31_10h35_cbn_unif_mixture/graphs/golden__v20_a30_g23.json,/home/mathis/Documents/Travail/cbnsl_benchmark/experiments/scaling/agrum3/../../../experiments/scaling/agrum3/2026-07-31_10h35_cbn_unif_mixture/graphs/CPC__v20_a30_g23_s3000.json,,10.233987558996887,24.0,7.0,0.3684210526315789,0.8727272727272728,0.5384615384615384,0.8
cbn_unif_mixture,CMIIC,"{""alpha"": 0.05}",20,30,3000,23,/home/mathis/Documents/Travail/cbnsl_benchmark/experiments/scaling/agrum3/../../../experiments/scaling/agrum3/2026-07-31_10h35_cbn_unif_mixture/graphs/golden__v20_a30_g23.json,/home/mathis/Documents/Travail/cbnsl_benchmark/experiments/scaling/agrum3/../../../experiments/scaling/agrum3/2026-07-31_10h35_cbn_unif_mixture/graphs/CMIIC__v20_a30_g23_s3000.json,,20.530583270003262,27.0,21.0,0.18181818181818182,0.4615384615384615,0.125,0.3
cbn_unif_mixture,CPC,"{""alpha"": 0.05, ""max_conditioning_set_size"": 3}",20,30,5000,23,/home/mathis/Documents/Travail/cbnsl_benchmark/experiments/scaling/agrum3/../../../experiments/scaling/agrum3/2026-07-31_10h35_cbn_unif_mixture/graphs/golden__v20_a30_g23.json,/home/mathis/Documents/Travail/cbnsl_benchmark/experiments/scaling/agrum3/../../../experiments/scaling/agrum3/2026-07-31_10h35_cbn_unif_mixture/graphs/CPC__v20_a30_g23_s5000.json,,30.067223067002487,15.0,0.0,0.6666666666666666,1.0,1.0,1.0
cbn_unif_mixture,CMIIC,"{""alpha"": 0.05}",20,30,5000,23,/home/mathis/Documents/Travail/cbnsl_benchmark/experiments/scaling/agrum3/../../../experiments/scaling/agrum3/2026-07-31_10h35_cbn_unif_mixture/graphs/golden__v20_a30_g23.json,/home/mathis/Documents/Travail/cbnsl_benchmark/experiments/scaling/agrum3/../../../experiments/scaling/agrum3/2026-07-31_10h35_cbn_unif_mixture/graphs/CMIIC__v20_a30_g23_s5000.json,,52.09470489499654,27.0,22.0,0.18181818181818182,0.4210526315789474,0.12,0.26666666666666666
cbn_unif_mixture,CPC,"{""alpha"": 0.05, ""max_conditioning_set_size"": 3}",20,30,200,24,/home/mathis/Documents/Travail/cbnsl_benchmark/experiments/scaling/agrum3/../../../experiments/scaling/agrum3/2026-07-31_10h35_cbn_unif_mixture/graphs/golden__v20_a30_g24.json,/home/mathis/Documents/Travail/cbnsl_benchmark/experiments/scaling/agrum3/../../../experiments/scaling/agrum3/2026-07-31_10h35_cbn_unif_mixture/graphs/CPC__v20_a30_g24_s200.json,,0.0618705550004961,27.0,27.0,0.0689655172413793,0.0689655172413793,0.03571428571428571,0.03571428571428571
cbn_unif_mixture,CMIIC,"{""alpha"": 0.05}",20,30,200,24,/home/mathis/Documents/Travail/cbnsl_benchmark/experiments/scaling/agrum3/../../../experiments/scaling/agrum3/2026-07-31_10h35_cbn_unif_mixture/graphs/golden__v20_a30_g24.json,/home/mathis/Documents/Travail/cbnsl_benchmark/experiments/scaling/agrum3/../../../experiments/scaling/agrum3/2026-07-31_10h35_cbn_unif_mixture/graphs/CMIIC__v20_a30_g24_s200.json,,0.24724597699969308,24.0,19.0,0.25,0.4864864864864865,0.17391304347826086,0.32142857142857145
cbn_unif_mixture,CPC,"{""alpha"": 0.05, ""max_conditioning_set_size"": 3}",20,30,500,24,/home/mathis/Documents/Travail/cbnsl_benchmark/experiments/scaling/agrum3/../../../experiments/scaling/agrum3/2026-07-31_10h35_cbn_unif_mixture/graphs/golden__v20_a30_g24.json,/home/mathis/Documents/Travail/cbnsl_benchmark/experiments/scaling/agrum3/../../../experiments/scaling/agrum3/2026-07-31_10h35_cbn_unif_mixture/graphs/CPC__v20_a30_g24_s500.json,,0.240090233994124,27.0,23.0,0.06896551724137931,0.30303030303030304,0.041666666666666664,0.17857142857142858
cbn_unif_mixture,CMIIC,"{""alpha"": 0.05}",20,30,500,24,/home/mathis/Documents/Travail/cbnsl_benchmark/experiments/scaling/agrum3/../../../experiments/scaling/agrum3/2026-07-31_10h35_cbn_unif_mixture/graphs/golden__v20_a30_g24.json,/home/mathis/Documents/Travail/cbnsl_benchmark/experiments/scaling/agrum3/../../../experiments/scaling/agrum3/2026-07-31_10h35_cbn_unif_mixture/graphs/CMIIC__v20_a30_g24_s500.json,,1.007626619997609,23.0,17.0,0.30303030303030304,0.5641025641025641,0.22727272727272727,0.39285714285714285
cbn_unif_mixture,CPC,"{""alpha"": 0.05, ""max_conditioning_set_size"": 3}",20,30,1000,24,/home/mathis/Documents/Travail/cbnsl_benchmark/experiments/scaling/agrum3/../../../experiments/scaling/agrum3/2026-07-31_10h35_cbn_unif_mixture/graphs/golden__v20_a30_g24.json,/home/mathis/Documents/Travail/cbnsl_benchmark/experiments/scaling/agrum3/../../../experiments/scaling/agrum3/2026-07-31_10h35_cbn_unif_mixture/graphs/CPC__v20_a30_g24_s1000.json,,0.8919414439951652,17.0,11.0,0.5641025641025642,0.7555555555555554,0.5,0.6071428571428571
cbn_unif_mixture,CMIIC,"{""alpha"": 0.05}",20,30,1000,24,/home/mathis/Documents/Travail/cbnsl_benchmark/experiments/scaling/agrum3/../../../experiments/scaling/agrum3/2026-07-31_10h35_cbn_unif_mixture/graphs/golden__v20_a30_g24.json,/home/mathis/Documents/Travail/cbnsl_benchmark/experiments/scaling/agrum3/../../../experiments/scaling/agrum3/2026-07-31_10h35_cbn_unif_mixture/graphs/CMIIC__v20_a30_g24_s1000.json,,2.7804674509970937,22.0,17.0,0.3529411764705882,0.5641025641025641,0.2608695652173913,0.39285714285714285
cbn_unif_mixture,CPC,"{""alpha"": 0.05, ""max_conditioning_set_size"": 3}",20,30,3000,24,/home/mathis/Documents/Travail/cbnsl_benchmark/experiments/scaling/agrum3/../../../experiments/scaling/agrum3/2026-07-31_10h35_cbn_unif_mixture/graphs/golden__v20_a30_g24.json,/home/mathis/Documents/Travail/cbnsl_benchmark/experiments/scaling/agrum3/../../../experiments/scaling/agrum3/2026-07-31_10h35_cbn_unif_mixture/graphs/CPC__v20_a30_g24_s3000.json,,7.924809385003755,22.0,0.0,0.35294117647058826,1.0,1.0,1.0
cbn_unif_mixture,CMIIC,"{""alpha"": 0.05}",20,30,3000,24,/home/mathis/Documents/Travail/cbnsl_benchmark/experiments/scaling/agrum3/../../../experiments/scaling/agrum3/2026-07-31_10h35_cbn_unif_mixture/graphs/golden__v20_a30_g24.json,/home/mathis/Documents/Travail/cbnsl_benchmark/experiments/scaling/agrum3/../../../experiments/scaling/agrum3/2026-07-31_10h35_cbn_unif_mixture/graphs/CMIIC__v20_a30_g24_s3000.json,,25.04720770100539,22.0,16.0,0.3529411764705882,0.6,0.2727272727272727,0.42857142857142855
cbn_unif_mixture,CPC,"{""alpha"": 0.05, ""max_conditioning_set_size"": 3}",20,30,5000,24,/home/mathis/Documents/Travail/cbnsl_benchmark/experiments/scaling/agrum3/../../../experiments/scaling/agrum3/2026-07-31_10h35_cbn_unif_mixture/graphs/golden__v20_a30_g24.json,/home/mathis/Documents/Travail/cbnsl_benchmark/experiments/scaling/agrum3/../../../experiments/scaling/agrum3/2026-07-31_10h35_cbn_unif_mixture/graphs/CPC__v20_a30_g24_s5000.json,,27.279805735997797,25.0,0.0,0.19354838709677416,1.0,1.0,1.0
cbn_unif_mixture,CMIIC,"{""alpha"": 0.05}",20,30,5000,24,/home/mathis/Documents/Travail/cbnsl_benchmark/experiments/scaling/agrum3/../../../experiments/scaling/agrum3/2026-07-31_10h35_cbn_unif_mixture/graphs/golden__v20_a30_g24.json,/home/mathis/Documents/Travail/cbnsl_benchmark/experiments/scaling/agrum3/../../../experiments/scaling/agrum3/2026-07-31_10h35_cbn_unif_mixture/graphs/CMIIC__v20_a30_g24_s5000.json,,66.84770299700176,22.0,15.0,0.35294117647058826,0.6341463414634146,0.2857142857142857,0.4642857142857143
cbn_unif_mixture,CPC,"{""alpha"": 0.05, ""max_conditioning_set_size"": 3}",20,30,200,25,/home/mathis/Documents/Travail/cbnsl_benchmark/experiments/scaling/agrum3/../../../experiments/scaling/agrum3/2026-07-31_10h35_cbn_unif_mixture/graphs/golden__v20_a30_g25.json,/home/mathis/Documents/Travail/cbnsl_benchmark/experiments/scaling/agrum3/../../../experiments/scaling/agrum3/2026-07-31_10h35_cbn_unif_mixture/graphs/CPC__v20_a30_g25_s200.json,,0.05279307599994354,30.0,30.0,0.0,0.0,0.0,0.0
cbn_unif_mixture,CMIIC,"{""alpha"": 0.05}",20,30,200,25,/home/mathis/Documents/Travail/cbnsl_benchmark/experiments/scaling/agrum3/../../../experiments/scaling/agrum3/2026-07-31_10h35_cbn_unif_mixture/graphs/golden__v20_a30_g25.json,/home/mathis/Documents/Travail/cbnsl_benchmark/experiments/scaling/agrum3/../../../experiments/scaling/agrum3/2026-07-31_10h35_cbn_unif_mixture/graphs/CMIIC__v20_a30_g25_s200.json,,0.17815843899734318,29.0,21.0,0.06451612903225805,0.4615384615384615,0.045454545454545456,0.3
cbn_unif_mixture,CPC,"{""alpha"": 0.05, ""max_conditioning_set_size"": 3}",20,30,500,25,/home/mathis/Documents/Travail/cbnsl_benchmark/experiments/scaling/agrum3/../../../experiments/scaling/agrum3/2026-07-31_10h35_cbn_unif_mixture/graphs/golden__v20_a30_g25.json,/home/mathis/Documents/Travail/cbnsl_benchmark/experiments/scaling/agrum3/../../../experiments/scaling/agrum3/2026-07-31_10h35_cbn_unif_mixture/graphs/CPC__v20_a30_g25_s500.json,,0.21590394699887838,26.0,22.0,0.23529411764705882,0.4210526315789474,0.15384615384615385,0.26666666666666666
cbn_unif_mixture,CMIIC,"{""alpha"": 0.05}",20,30,500,25,/home/mathis/Documents/Travail/cbnsl_benchmark/experiments/scaling/agrum3/../../../experiments/scaling/agrum3/2026-07-31_10h35_cbn_unif_mixture/graphs/golden__v20_a30_g25.json,/home/mathis/Documents/Travail/cbnsl_benchmark/experiments/scaling/agrum3/../../../experiments/scaling/agrum3/2026-07-31_10h35_cbn_unif_mixture/graphs/CMIIC__v20_a30_g25_s500.json,,0.639840206997178,29.0,22.0,0.06451612903225806,0.4210526315789474,0.043478260869565216,0.26666666666666666
cbn_unif_mixture,CPC,"{""alpha"": 0.05, ""max_conditioning_set_size"": 3}",20,30,1000,25,/home/mathis/Documents/Travail/cbnsl_benchmark/experiments/scaling/agrum3/../../../experiments/scaling/agrum3/2026-07-31_10h35_cbn_unif_mixture/graphs/golden__v20_a30_g25.json,/home/mathis/Documents/Travail/cbnsl_benchmark/experiments/scaling/agrum3/../../../experiments/scaling/agrum3/2026-07-31_10h35_cbn_unif_mixture/graphs/CPC__v20_a30_g25_s1000.json,,0.7296603349968791,25.0,14.0,0.2857142857142857,0.6956521739130436,0.2631578947368421,0.5333333333333333
cbn_unif_mixture,CMIIC,"{""alpha"": 0.05}",20,30,1000,25,/home/mathis/Documents/Travail/cbnsl_benchmark/experiments/scaling/agrum3/../../../experiments/scaling/agrum3/2026-07-31_10h35_cbn_unif_mixture/graphs/golden__v20_a30_g25.json,/home/mathis/Documents/Travail/cbnsl_benchmark/experiments/scaling/agrum3/../../../experiments/scaling/agrum3/2026-07-31_10h35_cbn_unif_mixture/graphs/CMIIC__v20_a30_g25_s1000.json,,2.2773724109938485,29.0,21.0,0.06451612903225805,0.4615384615384615,0.045454545454545456,0.3
cbn_unif_mixture,CPC,"{""alpha"": 0.05, ""max_conditioning_set_size"": 3}",20,30,3000,25,/home/mathis/Documents/Travail/cbnsl_benchmark/experiments/scaling/agrum3/../../../experiments/scaling/agrum3/2026-07-31_10h35_cbn_unif_mixture/graphs/golden__v20_a30_g25.json,/home/mathis/Documents/Travail/cbnsl_benchmark/experiments/scaling/agrum3/../../../experiments/scaling/agrum3/2026-07-31_10h35_cbn_unif_mixture/graphs/CPC__v20_a30_g25_s3000.json,,7.532063960003143,20.0,3.0,0.5,0.9473684210526316,0.7692307692307693,0.9
cbn_unif_mixture,CMIIC,"{""alpha"": 0.05}",20,30,3000,25,/home/mathis/Documents/Travail/cbnsl_benchmark/experiments/scaling/agrum3/../../../experiments/scaling/agrum3/2026-07-31_10h35_cbn_unif_mixture/graphs/golden__v20_a30_g25.json,/home/mathis/Documents/Travail/cbnsl_benchmark/experiments/scaling/agrum3/../../../experiments/scaling/agrum3/2026-07-31_10h35_cbn_unif_mixture/graphs/CMIIC__v20_a30_g25_s3000.json,,19.219065707999107,29.0,20.0,0.06451612903225806,0.5,0.047619047619047616,0.3333333333333333
cbn_unif_mixture,CPC,"{""alpha"": 0.05, ""max_conditioning_set_size"": 3}",20,30,5000,25,/home/mathis/Documents/Travail/cbnsl_benchmark/experiments/scaling/agrum3/../../../experiments/scaling/agrum3/2026-07-31_10h35_cbn_unif_mixture/graphs/golden__v20_a30_g25.json,/home/mathis/Documents/Travail/cbnsl_benchmark/experiments/scaling/agrum3/../../../experiments/scaling/agrum3/2026-07-31_10h35_cbn_unif_mixture/graphs/CPC__v20_a30_g25_s5000.json,,23.818602938998083,20.0,0.0,0.5,1.0,1.0,1.0
cbn_unif_mixture,CMIIC,"{""alpha"": 0.05}",20,30,5000,25,/home/mathis/Documents/Travail/cbnsl_benchmark/experiments/scaling/agrum3/../../../experiments/scaling/agrum3/2026-07-31_10h35_cbn_unif_mixture/graphs/golden__v20_a30_g25.json,/home/mathis/Documents/Travail/cbnsl_benchmark/experiments/scaling/agrum3/../../../experiments/scaling/agrum3/2026-07-31_10h35_cbn_unif_mixture/graphs/CMIIC__v20_a30_g25_s5000.json,,52.45515005099878,29.0,20.0,0.06451612903225806,0.5,0.047619047619047616,0.3333333333333333
cbn_unif_mixture,CPC,"{""alpha"": 0.05, ""max_conditioning_set_size"": 3}",20,30,200,26,/home/mathis/Documents/Travail/cbnsl_benchmark/experiments/scaling/agrum3/../../../experiments/scaling/agrum3/2026-07-31_10h35_cbn_unif_mixture/graphs/golden__v20_a30_g26.json,/home/mathis/Documents/Travail/cbnsl_benchmark/experiments/scaling/agrum3/../../../experiments/scaling/agrum3/2026-07-31_10h35_cbn_unif_mixture/graphs/CPC__v20_a30_g26_s200.json,,0.05159143700439017,30.0,30.0,0.0,0.0,0.0,0.0
cbn_unif_mixture,CMIIC,"{""alpha"": 0.05}",20,30,200,26,/home/mathis/Documents/Travail/cbnsl_benchmark/experiments/scaling/agrum3/../../../experiments/scaling/agrum3/2026-07-31_10h35_cbn_unif_mixture/graphs/golden__v20_a30_g26.json,/home/mathis/Documents/Travail/cbnsl_benchmark/experiments/scaling/agrum3/../../../experiments/scaling/agrum3/2026-07-31_10h35_cbn_unif_mixture/graphs/CMIIC__v20_a30_g26_s200.json,,0.14523085499968147,28.0,23.0,0.125,0.37837837837837834,0.08,0.23333333333333334
cbn_unif_mixture,CPC,"{""alpha"": 0.05, ""max_conditioning_set_size"": 3}",20,30,500,26,/home/mathis/Documents/Travail/cbnsl_benchmark/experiments/scaling/agrum3/../../../experiments/scaling/agrum3/2026-07-31_10h35_cbn_unif_mixture/graphs/golden__v20_a30_g26.json,/home/mathis/Documents/Travail/cbnsl_benchmark/experiments/scaling/agrum3/../../../experiments/scaling/agrum3/2026-07-31_10h35_cbn_unif_mixture/graphs/CPC__v20_a30_g26_s500.json,,0.207123252999736,27.0,24.0,0.1818181818181818,0.33333333333333337,0.1111111111111111,0.2
cbn_unif_mixture,CMIIC,"{""alpha"": 0.05}",20,30,500,26,/home/mathis/Documents/Travail/cbnsl_benchmark/experiments/scaling/agrum3/../../../experiments/scaling/agrum3/2026-07-31_10h35_cbn_unif_mixture/graphs/golden__v20_a30_g26.json,/home/mathis/Documents/Travail/cbnsl_benchmark/experiments/scaling/agrum3/../../../experiments/scaling/agrum3/2026-07-31_10h35_cbn_unif_mixture/graphs/CMIIC__v20_a30_g26_s500.json,,0.625182424999366,27.0,22.0,0.18181818181818182,0.4210526315789474,0.12,0.26666666666666666
cbn_unif_mixture,CPC,"{""alpha"": 0.05, ""max_conditioning_set_size"": 3}",20,30,1000,26,/home/mathis/Documents/Travail/cbnsl_benchmark/experiments/scaling/agrum3/../../../experiments/scaling/agrum3/2026-07-31_10h35_cbn_unif_mixture/graphs/golden__v20_a30_g26.json,/home/mathis/Documents/Travail/cbnsl_benchmark/experiments/scaling/agrum3/../../../experiments/scaling/agrum3/2026-07-31_10h35_cbn_unif_mixture/graphs/CPC__v20_a30_g26_s1000.json,,0.9373890279966872,21.0,14.0,0.46153846153846156,0.6956521739130436,0.391304347826087,0.5333333333333333
cbn_unif_mixture,CMIIC,"{""alpha"": 0.05}",20,30,1000,26,/home/mathis/Documents/Travail/cbnsl_benchmark/experiments/scaling/agrum3/../../../experiments/scaling/agrum3/2026-07-31_10h35_cbn_unif_mixture/graphs/golden__v20_a30_g26.json,/home/mathis/Documents/Travail/cbnsl_benchmark/experiments/scaling/agrum3/../../../experiments/scaling/agrum3/2026-07-31_10h35_cbn_unif_mixture/graphs/CMIIC__v20_a30_g26_s1000.json,,2.3357540689976304,25.0,20.0,0.28571428571428575,0.5,0.2,0.3333333333333333
cbn_unif_mixture,CPC,"{""alpha"": 0.05, ""max_conditioning_set_size"": 3}",20,30,3000,26,/home/mathis/Documents/Travail/cbnsl_benchmark/experiments/scaling/agrum3/../../../experiments/scaling/agrum3/2026-07-31_10h35_cbn_unif_mixture/graphs/golden__v20_a30_g26.json,/home/mathis/Documents/Travail/cbnsl_benchmark/experiments/scaling/agrum3/../../../experiments/scaling/agrum3/2026-07-31_10h35_cbn_unif_mixture/graphs/CPC__v20_a30_g26_s3000.json,,10.808364967997477,19.0,4.0,0.5365853658536585,0.9285714285714286,0.7333333333333333,0.8666666666666667
cbn_unif_mixture,CMIIC,"{""alpha"": 0.05}",20,30,3000,26,/home/mathis/Documents/Travail/cbnsl_benchmark/experiments/scaling/agrum3/../../../experiments/scaling/agrum3/2026-07-31_10h35_cbn_unif_mixture/graphs/golden__v20_a30_g26.json,/home/mathis/Documents/Travail/cbnsl_benchmark/experiments/scaling/agrum3/../../../experiments/scaling/agrum3/2026-07-31_10h35_cbn_unif_mixture/graphs/CMIIC__v20_a30_g26_s3000.json,,28.343973547998758,25.0,14.0,0.2857142857142857,0.6956521739130436,0.2631578947368421,0.5333333333333333
cbn_unif_mixture,CPC,"{""alpha"": 0.05, ""max_conditioning_set_size"": 3}",20,30,5000,26,/home/mathis/Documents/Travail/cbnsl_benchmark/experiments/scaling/agrum3/../../../experiments/scaling/agrum3/2026-07-31_10h35_cbn_unif_mixture/graphs/golden__v20_a30_g26.json,/home/mathis/Documents/Travail/cbnsl_benchmark/experiments/scaling/agrum3/../../../experiments/scaling/agrum3/2026-07-31_10h35_cbn_unif_mixture/graphs/CPC__v20_a30_g26_s5000.json,,36.18784371899528,19.0,0.0,0.5365853658536585,1.0,1.0,1.0
cbn_unif_mixture,CMIIC,"{""alpha"": 0.05}",20,30,5000,26,/home/mathis/Documents/Travail/cbnsl_benchmark/experiments/scaling/agrum3/../../../experiments/scaling/agrum3/2026-07-31_10h35_cbn_unif_mixture/graphs/golden__v20_a30_g26.json,/home/mathis/Documents/Travail/cbnsl_benchmark/experiments/scaling/agrum3/../../../experiments/scaling/agrum3/2026-07-31_10h35_cbn_unif_mixture/graphs/CMIIC__v20_a30_g26_s5000.json,,87.96462067600078,25.0,12.0,0.28571428571428575,0.7499999999999999,0.29411764705882354,0.6
cbn_unif_mixture,CPC,"{""alpha"": 0.05, ""max_conditioning_set_size"": 3}",20,30,200,27,/home/mathis/Documents/Travail/cbnsl_benchmark/experiments/scaling/agrum3/../../../experiments/scaling/agrum3/2026-07-31_10h35_cbn_unif_mixture/graphs/golden__v20_a30_g27.json,/home/mathis/Documents/Travail/cbnsl_benchmark/experiments/scaling/agrum3/../../../experiments/scaling/agrum3/2026-07-31_10h35_cbn_unif_mixture/graphs/CPC__v20_a30_g27_s200.json,,0.05449735499860253,29.0,28.0,0.06451612903225806,0.125,0.034482758620689655,0.06666666666666667
cbn_unif_mixture,CMIIC,"{""alpha"": 0.05}",20,30,200,27,/home/mathis/Documents/Travail/cbnsl_benchmark/experiments/scaling/agrum3/../../../experiments/scaling/agrum3/2026-07-31_10h35_cbn_unif_mixture/graphs/golden__v20_a30_g27.json,/home/mathis/Documents/Travail/cbnsl_benchmark/experiments/scaling/agrum3/../../../experiments/scaling/agrum3/2026-07-31_10h35_cbn_unif_mixture/graphs/CMIIC__v20_a30_g27_s200.json,,0.213158904996817,28.0,20.0,0.12500000000000003,0.5,0.09090909090909091,0.3333333333333333
cbn_unif_mixture,CPC,"{""alpha"": 0.05, ""max_conditioning_set_size"": 3}",20,30,500,27,/home/mathis/Documents/Travail/cbnsl_benchmark/experiments/scaling/agrum3/../../../experiments/scaling/agrum3/2026-07-31_10h35_cbn_unif_mixture/graphs/golden__v20_a30_g27.json,/home/mathis/Documents/Travail/cbnsl_benchmark/experiments/scaling/agrum3/../../../experiments/scaling/agrum3/2026-07-31_10h35_cbn_unif_mixture/graphs/CPC__v20_a30_g27_s500.json,,0.22206364400335588,26.0,22.0,0.23529411764705882,0.4210526315789474,0.15384615384615385,0.26666666666666666
cbn_unif_mixture,CMIIC,"{""alpha"": 0.05}",20,30,500,27,/home/mathis/Documents/Travail/cbnsl_benchmark/experiments/scaling/agrum3/../../../experiments/scaling/agrum3/2026-07-31_10h35_cbn_unif_mixture/graphs/golden__v20_a30_g27.json,/home/mathis/Documents/Travail/cbnsl_benchmark/experiments/scaling/agrum3/../../../experiments/scaling/agrum3/2026-07-31_10h35_cbn_unif_mixture/graphs/CMIIC__v20_a30_g27_s500.json,,0.8942581960000098,27.0,19.0,0.1818181818181818,0.5365853658536585,0.13636363636363635,0.36666666666666664
cbn_unif_mixture,CPC,"{""alpha"": 0.05, ""max_conditioning_set_size"": 3}",20,30,1000,27,/home/mathis/Documents/Travail/cbnsl_benchmark/experiments/scaling/agrum3/../../../experiments/scaling/agrum3/2026-07-31_10h35_cbn_unif_mixture/graphs/golden__v20_a30_g27.json,/home/mathis/Documents/Travail/cbnsl_benchmark/experiments/scaling/agrum3/../../../experiments/scaling/agrum3/2026-07-31_10h35_cbn_unif_mixture/graphs/CPC__v20_a30_g27_s1000.json,,0.7894646799977636,24.0,9.0,0.3333333333333333,0.8235294117647058,0.4,0.7
cbn_unif_mixture,CMIIC,"{""alpha"": 0.05}",20,30,1000,27,/home/mathis/Documents/Travail/cbnsl_benchmark/experiments/scaling/agrum3/../../../experiments/scaling/agrum3/2026-07-31_10h35_cbn_unif_mixture/graphs/golden__v20_a30_g27.json,/home/mathis/Documents/Travail/cbnsl_benchmark/experiments/scaling/agrum3/../../../experiments/scaling/agrum3/2026-07-31_10h35_cbn_unif_mixture/graphs/CMIIC__v20_a30_g27_s1000.json,,2.965081836002355,27.0,17.0,0.18181818181818185,0.6046511627906976,0.15,0.43333333333333335
cbn_unif_mixture,CPC,"{""alpha"": 0.05, ""max_conditioning_set_size"": 3}",20,30,3000,27,/home/mathis/Documents/Travail/cbnsl_benchmark/experiments/scaling/agrum3/../../../experiments/scaling/agrum3/2026-07-31_10h35_cbn_unif_mixture/graphs/golden__v20_a30_g27.json,/home/mathis/Documents/Travail/cbnsl_benchmark/experiments/scaling/agrum3/../../../experiments/scaling/agrum3/2026-07-31_10h35_cbn_unif_mixture/graphs/CPC__v20_a30_g27_s3000.json,,8.386829811999633,26.0,6.0,0.23529411764705882,0.888888888888889,0.4,0.8
cbn_unif_mixture,CMIIC,"{""alpha"": 0.05}",20,30,3000,27,/home/mathis/Documents/Travail/cbnsl_benchmark/experiments/scaling/agrum3/../../../experiments/scaling/agrum3/2026-07-31_10h35_cbn_unif_mixture/graphs/golden__v20_a30_g27.json,/home/mathis/Documents/Travail/cbnsl_benchmark/experiments/scaling/agrum3/../../../experiments/scaling/agrum3/2026-07-31_10h35_cbn_unif_mixture/graphs/CMIIC__v20_a30_g27_s3000.json,,23.993378434999613,27.0,17.0,0.18181818181818185,0.6046511627906976,0.15,0.43333333333333335
cbn_unif_mixture,CPC,"{""alpha"": 0.05, ""max_conditioning_set_size"": 3}",20,30,5000,27,/home/mathis/Documents/Travail/cbnsl_benchmark/experiments/scaling/agrum3/../../../experiments/scaling/agrum3/2026-07-31_10h35_cbn_unif_mixture/graphs/golden__v20_a30_g27.json,/home/mathis/Documents/Travail/cbnsl_benchmark/experiments/scaling/agrum3/../../../experiments/scaling/agrum3/2026-07-31_10h35_cbn_unif_mixture/graphs/CPC__v20_a30_g27_s5000.json,,30.04990903300495,21.0,2.0,0.46153846153846156,0.9655172413793104,0.8181818181818182,0.9333333333333333
cbn_unif_mixture,CMIIC,"{""alpha"": 0.05}",20,30,5000,27,/home/mathis/Documents/Travail/cbnsl_benchmark/experiments/scaling/agrum3/../../../experiments/scaling/agrum3/2026-07-31_10h35_cbn_unif_mixture/graphs/golden__v20_a30_g27.json,/home/mathis/Documents/Travail/cbnsl_benchmark/experiments/scaling/agrum3/../../../experiments/scaling/agrum3/2026-07-31_10h35_cbn_unif_mixture/graphs/CMIIC__v20_a30_g27_s5000.json,,69.12774914300098,27.0,15.0,0.1818181818181818,0.6666666666666666,0.16666666666666666,0.5
cbn_unif_mixture,CPC,"{""alpha"": 0.05, ""max_conditioning_set_size"": 3}",20,30,200,28,/home/mathis/Documents/Travail/cbnsl_benchmark/experiments/scaling/agrum3/../../../experiments/scaling/agrum3/2026-07-31_10h35_cbn_unif_mixture/graphs/golden__v20_a30_g28.json,/home/mathis/Documents/Travail/cbnsl_benchmark/experiments/scaling/agrum3/../../../experiments/scaling/agrum3/2026-07-31_10h35_cbn_unif_mixture/graphs/CPC__v20_a30_g28_s200.json,,0.06382053100242047,30.0,30.0,0.0,0.0,0.0,0.0
cbn_unif_mixture,CMIIC,"{""alpha"": 0.05}",20,30,200,28,/home/mathis/Documents/Travail/cbnsl_benchmark/experiments/scaling/agrum3/../../../experiments/scaling/agrum3/2026-07-31_10h35_cbn_unif_mixture/graphs/golden__v20_a30_g28.json,/home/mathis/Documents/Travail/cbnsl_benchmark/experiments/scaling/agrum3/../../../experiments/scaling/agrum3/2026-07-31_10h35_cbn_unif_mixture/graphs/CMIIC__v20_a30_g28_s200.json,,0.14280089599924395,28.0,26.0,0.125,0.23529411764705882,0.07142857142857142,0.13333333333333333
cbn_unif_mixture,CPC,"{""alpha"": 0.05, ""max_conditioning_set_size"": 3}",20,30,500,28,/home/mathis/Documents/Travail/cbnsl_benchmark/experiments/scaling/agrum3/../../../experiments/scaling/agrum3/2026-07-31_10h35_cbn_unif_mixture/graphs/golden__v20_a30_g28.json,/home/mathis/Documents/Travail/cbnsl_benchmark/experiments/scaling/agrum3/../../../experiments/scaling/agrum3/2026-07-31_10h35_cbn_unif_mixture/graphs/CPC__v20_a30_g28_s500.json,,0.23756826000317233,29.0,27.0,0.06451612903225806,0.18181818181818182,0.03571428571428571,0.1
cbn_unif_mixture,CMIIC,"{""alpha"": 0.05}",20,30,500,28,/home/mathis/Documents/Travail/cbnsl_benchmark/experiments/scaling/agrum3/../../../experiments/scaling/agrum3/2026-07-31_10h35_cbn_unif_mixture/graphs/golden__v20_a30_g28.json,/home/mathis/Documents/Travail/cbnsl_benchmark/experiments/scaling/agrum3/../../../experiments/scaling/agrum3/2026-07-31_10h35_cbn_unif_mixture/graphs/CMIIC__v20_a30_g28_s500.json,,0.4899373320004088,29.0,26.0,0.06451612903225806,0.23529411764705882,0.037037037037037035,0.13333333333333333
cbn_unif_mixture,CPC,"{""alpha"": 0.05, ""max_conditioning_set_size"": 3}",20,30,1000,28,/home/mathis/Documents/Travail/cbnsl_benchmark/experiments/scaling/agrum3/../../../experiments/scaling/agrum3/2026-07-31_10h35_cbn_unif_mixture/graphs/golden__v20_a30_g28.json,/home/mathis/Documents/Travail/cbnsl_benchmark/experiments/scaling/agrum3/../../../experiments/scaling/agrum3/2026-07-31_10h35_cbn_unif_mixture/graphs/CPC__v20_a30_g28_s1000.json,,0.789207088004332,23.0,15.0,0.3783783783783784,0.6666666666666666,0.3181818181818182,0.5
cbn_unif_mixture,CMIIC,"{""alpha"": 0.05}",20,30,1000,28,/home/mathis/Documents/Travail/cbnsl_benchmark/experiments/scaling/agrum3/../../../experiments/scaling/agrum3/2026-07-31_10h35_cbn_unif_mixture/graphs/golden__v20_a30_g28.json,/home/mathis/Documents/Travail/cbnsl_benchmark/experiments/scaling/agrum3/../../../experiments/scaling/agrum3/2026-07-31_10h35_cbn_unif_mixture/graphs/CMIIC__v20_a30_g28_s1000.json,,2.161330179005745,28.0,24.0,0.125,0.33333333333333337,0.07692307692307693,0.2
cbn_unif_mixture,CPC,"{""alpha"": 0.05, ""max_conditioning_set_size"": 3}",20,30,3000,28,/home/mathis/Documents/Travail/cbnsl_benchmark/experiments/scaling/agrum3/../../../experiments/scaling/agrum3/2026-07-31_10h35_cbn_unif_mixture/graphs/golden__v20_a30_g28.json,/home/mathis/Documents/Travail/cbnsl_benchmark/experiments/scaling/agrum3/../../../experiments/scaling/agrum3/2026-07-31_10h35_cbn_unif_mixture/graphs/CPC__v20_a30_g28_s3000.json,,7.627418552998279,19.0,3.0,0.5581395348837208,0.9491525423728815,0.8571428571428571,0.9333333333333333
cbn_unif_mixture,CMIIC,"{""alpha"": 0.05}",20,30,3000,28,/home/mathis/Documents/Travail/cbnsl_benchmark/experiments/scaling/agrum3/../../../experiments/scaling/agrum3/2026-07-31_10h35_cbn_unif_mixture/graphs/golden__v20_a30_g28.json,/home/mathis/Documents/Travail/cbnsl_benchmark/experiments/scaling/agrum3/../../../experiments/scaling/agrum3/2026-07-31_10h35_cbn_unif_mixture/graphs/CMIIC__v20_a30_g28_s3000.json,,18.874745587003417,28.0,23.0,0.125,0.37837837837837834,0.08,0.23333333333333334
cbn_unif_mixture,CPC,"{""alpha"": 0.05, ""max_conditioning_set_size"": 3}",20,30,5000,28,/home/mathis/Documents/Travail/cbnsl_benchmark/experiments/scaling/agrum3/../../../experiments/scaling/agrum3/2026-07-31_10h35_cbn_unif_mixture/graphs/golden__v20_a30_g28.json,/home/mathis/Documents/Travail/cbnsl_benchmark/experiments/scaling/agrum3/../../../experiments/scaling/agrum3/2026-07-31_10h35_cbn_unif_mixture/graphs/CPC__v20_a30_g28_s5000.json,,24.870599518006202,26.0,2.0,0.2777777777777778,0.9666666666666667,0.8333333333333334,0.9666666666666667
cbn_unif_mixture,CMIIC,"{""alpha"": 0.05}",20,30,5000,28,/home/mathis/Documents/Travail/cbnsl_benchmark/experiments/scaling/agrum3/../../../experiments/scaling/agrum3/2026-07-31_10h35_cbn_unif_mixture/graphs/golden__v20_a30_g28.json,/home/mathis/Documents/Travail/cbnsl_benchmark/experiments/scaling/agrum3/../../../experiments/scaling/agrum3/2026-07-31_10h35_cbn_unif_mixture/graphs/CMIIC__v20_a30_g28_s5000.json,,51.35347568599536,28.0,23.0,0.125,0.37837837837837834,0.08,0.23333333333333334
cbn_unif_mixture,CPC,"{""alpha"": 0.05, ""max_conditioning_set_size"": 3}",20,30,200,29,/home/mathis/Documents/Travail/cbnsl_benchmark/experiments/scaling/agrum3/../../../experiments/scaling/agrum3/2026-07-31_10h35_cbn_unif_mixture/graphs/golden__v20_a30_g29.json,/home/mathis/Documents/Travail/cbnsl_benchmark/experiments/scaling/agrum3/../../../experiments/scaling/agrum3/2026-07-31_10h35_cbn_unif_mixture/graphs/CPC__v20_a30_g29_s200.json,,0.052340278001793195,29.0,28.0,0.06451612903225806,0.125,0.034482758620689655,0.06666666666666667
cbn_unif_mixture,CMIIC,"{""alpha"": 0.05}",20,30,200,29,/home/mathis/Documents/Travail/cbnsl_benchmark/experiments/scaling/agrum3/../../../experiments/scaling/agrum3/2026-07-31_10h35_cbn_unif_mixture/graphs/golden__v20_a30_g29.json,/home/mathis/Documents/Travail/cbnsl_benchmark/experiments/scaling/agrum3/../../../experiments/scaling/agrum3/2026-07-31_10h35_cbn_unif_mixture/graphs/CMIIC__v20_a30_g29_s200.json,,0.1855176310054958,25.0,21.0,0.28571428571428575,0.4615384615384615,0.19230769230769232,0.3
cbn_unif_mixture,CPC,"{""alpha"": 0.05, ""max_conditioning_set_size"": 3}",20,30,500,29,/home/mathis/Documents/Travail/cbnsl_benchmark/experiments/scaling/agrum3/../../../experiments/scaling/agrum3/2026-07-31_10h35_cbn_unif_mixture/graphs/golden__v20_a30_g29.json,/home/mathis/Documents/Travail/cbnsl_benchmark/experiments/scaling/agrum3/../../../experiments/scaling/agrum3/2026-07-31_10h35_cbn_unif_mixture/graphs/CPC__v20_a30_g29_s500.json,,0.203114372001437,28.0,20.0,0.12500000000000003,0.5,0.09090909090909091,0.3333333333333333
cbn_unif_mixture,CMIIC,"{""alpha"": 0.05}",20,30,500,29,/home/mathis/Documents/Travail/cbnsl_benchmark/experiments/scaling/agrum3/../../../experiments/scaling/agrum3/2026-07-31_10h35_cbn_unif_mixture/graphs/golden__v20_a30_g29.json,/home/mathis/Documents/Travail/cbnsl_benchmark/experiments/scaling/agrum3/../../../experiments/scaling/agrum3/2026-07-31_10h35_cbn_unif_mixture/graphs/CMIIC__v20_a30_g29_s500.json,,0.7582425000000512,24.0,19.0,0.3333333333333333,0.5365853658536585,0.24,0.36666666666666664
cbn_unif_mixture,CPC,"{""alpha"": 0.05, ""max_conditioning_set_size"": 3}",20,30,1000,29,/home/mathis/Documents/Travail/cbnsl_benchmark/experiments/scaling/agrum3/../../../experiments/scaling/agrum3/2026-07-31_10h35_cbn_unif_mixture/graphs/golden__v20_a30_g29.json,/home/mathis/Documents/Travail/cbnsl_benchmark/experiments/scaling/agrum3/../../../experiments/scaling/agrum3/2026-07-31_10h35_cbn_unif_mixture/graphs/CPC__v20_a30_g29_s1000.json,,0.8045011760041234,24.0,9.0,0.3333333333333333,0.8235294117647058,0.4,0.7
cbn_unif_mixture,CMIIC,"{""alpha"": 0.05}",20,30,1000,29,/home/mathis/Documents/Travail/cbnsl_benchmark/experiments/scaling/agrum3/../../../experiments/scaling/agrum3/2026-07-31_10h35_cbn_unif_mixture/graphs/golden__v20_a30_g29.json,/home/mathis/Documents/Travail/cbnsl_benchmark/experiments/scaling/agrum3/../../../experiments/scaling/agrum3/2026-07-31_10h35_cbn_unif_mixture/graphs/CMIIC__v20_a30_g29_s1000.json,,2.534990102001757,23.0,19.0,0.37837837837837834,0.5365853658536585,0.2692307692307692,0.36666666666666664
cbn_unif_mixture,CPC,"{""alpha"": 0.05, ""max_conditioning_set_size"": 3}",20,30,3000,29,/home/mathis/Documents/Travail/cbnsl_benchmark/experiments/scaling/agrum3/../../../experiments/scaling/agrum3/2026-07-31_10h35_cbn_unif_mixture/graphs/golden__v20_a30_g29.json,/home/mathis/Documents/Travail/cbnsl_benchmark/experiments/scaling/agrum3/../../../experiments/scaling/agrum3/2026-07-31_10h35_cbn_unif_mixture/graphs/CPC__v20_a30_g29_s3000.json,,7.406626224001229,24.0,1.0,0.33333333333333326,0.983050847457627,0.8571428571428571,0.9666666666666667
cbn_unif_mixture,CMIIC,"{""alpha"": 0.05}",20,30,3000,29,/home/mathis/Documents/Travail/cbnsl_benchmark/experiments/scaling/agrum3/../../../experiments/scaling/agrum3/2026-07-31_10h35_cbn_unif_mixture/graphs/golden__v20_a30_g29.json,/home/mathis/Documents/Travail/cbnsl_benchmark/experiments/scaling/agrum3/../../../experiments/scaling/agrum3/2026-07-31_10h35_cbn_unif_mixture/graphs/CMIIC__v20_a30_g29_s3000.json,,23.96639555800357,21.0,15.0,0.4615384615384615,0.6666666666666666,0.375,0.5
cbn_unif_mixture,CPC,"{""alpha"": 0.05, ""max_conditioning_set_size"": 3}",20,30,5000,29,/home/mathis/Documents/Travail/cbnsl_benchmark/experiments/scaling/agrum3/../../../experiments/scaling/agrum3/2026-07-31_10h35_cbn_unif_mixture/graphs/golden__v20_a30_g29.json,/home/mathis/Documents/Travail/cbnsl_benchmark/experiments/scaling/agrum3/../../../experiments/scaling/agrum3/2026-07-31_10h35_cbn_unif_mixture/graphs/CPC__v20_a30_g29_s5000.json,,30.932846815005178,23.0,0.0,0.37837837837837834,1.0,1.0,1.0
cbn_unif_mixture,CMIIC,"{""alpha"": 0.05}",20,30,5000,29,/home/mathis/Documents/Travail/cbnsl_benchmark/experiments/scaling/agrum3/../../../experiments/scaling/agrum3/2026-07-31_10h35_cbn_unif_mixture/graphs/golden__v20_a30_g29.json,/home/mathis/Documents/Travail/cbnsl_benchmark/experiments/scaling/agrum3/../../../experiments/scaling/agrum3/2026-07-31_10h35_cbn_unif_mixture/graphs/CMIIC__v20_a30_g29_s5000.json,,74.78572107700165,21.0,15.0,0.4615384615384615,0.6666666666666666,0.375,0.5
