generator_name,algo,algo_params,n_vars,n_arcs,n_samples,graph_idx,golden_path,learned_path,error_msg,time_s,SHD,SHD_skeleton,F1-Score,F1-Score_skeleton,TPR,TPR_skeleton
cbn_unif_mixture,DAGMA,"{""lambda1"": 0.005, ""w_threshold_dagma"": 0.05}",10,15,200,0,/home/mathis/Documents/Travail/cbnsl_benchmark/scaling/../scaling/results/2026-04-11_01h46_cbn_unif_mixture/graphs/golden__v10_a15_g0.json,/home/mathis/Documents/Travail/cbnsl_benchmark/scaling/../scaling/results/2026-04-11_01h46_cbn_unif_mixture/graphs/DAGMA__v10_a15_g0_s200.json,,1.1478674870013492,18.0,22.0,0.24000000000000002,0.42857142857142855,0.25,0.4
cbn_unif_mixture,DAGMA,"{""lambda1"": 0.005, ""w_threshold_dagma"": 0.05}",10,15,500,0,/home/mathis/Documents/Travail/cbnsl_benchmark/scaling/../scaling/results/2026-04-11_01h46_cbn_unif_mixture/graphs/golden__v10_a15_g0.json,/home/mathis/Documents/Travail/cbnsl_benchmark/scaling/../scaling/results/2026-04-11_01h46_cbn_unif_mixture/graphs/DAGMA__v10_a15_g0_s500.json,,1.3397828480010503,16.0,17.0,0.1904761904761905,0.4166666666666667,0.16666666666666666,0.3333333333333333
cbn_unif_mixture,DAGMA,"{""lambda1"": 0.005, ""w_threshold_dagma"": 0.05}",10,15,1000,0,/home/mathis/Documents/Travail/cbnsl_benchmark/scaling/../scaling/results/2026-04-11_01h46_cbn_unif_mixture/graphs/golden__v10_a15_g0.json,/home/mathis/Documents/Travail/cbnsl_benchmark/scaling/../scaling/results/2026-04-11_01h46_cbn_unif_mixture/graphs/DAGMA__v10_a15_g0_s1000.json,,1.4565671419986757,16.0,16.0,0.10526315789473685,0.43478260869565216,0.09090909090909091,0.3333333333333333
cbn_unif_mixture,DAGMA,"{""lambda1"": 0.005, ""w_threshold_dagma"": 0.05}",10,15,3000,0,/home/mathis/Documents/Travail/cbnsl_benchmark/scaling/../scaling/results/2026-04-11_01h46_cbn_unif_mixture/graphs/golden__v10_a15_g0.json,/home/mathis/Documents/Travail/cbnsl_benchmark/scaling/../scaling/results/2026-04-11_01h46_cbn_unif_mixture/graphs/DAGMA__v10_a15_g0_s3000.json,,0.9400777499977266,14.0,13.0,0.2105263157894737,0.5217391304347827,0.18181818181818182,0.4
cbn_unif_mixture,DAGMA,"{""lambda1"": 0.005, ""w_threshold_dagma"": 0.05}",10,15,5000,0,/home/mathis/Documents/Travail/cbnsl_benchmark/scaling/../scaling/results/2026-04-11_01h46_cbn_unif_mixture/graphs/golden__v10_a15_g0.json,/home/mathis/Documents/Travail/cbnsl_benchmark/scaling/../scaling/results/2026-04-11_01h46_cbn_unif_mixture/graphs/DAGMA__v10_a15_g0_s5000.json,,0.918845763997524,14.0,14.0,0.21052631578947367,0.3809523809523809,0.15384615384615385,0.26666666666666666
cbn_unif_mixture,DAGMA,"{""lambda1"": 0.005, ""w_threshold_dagma"": 0.05}",10,15,200,1,/home/mathis/Documents/Travail/cbnsl_benchmark/scaling/../scaling/results/2026-04-11_01h46_cbn_unif_mixture/graphs/golden__v10_a15_g1.json,,[pyAgrum] Directed cycle detected: Add a directed cycle in a dag !,,,,,,,
cbn_unif_mixture,DAGMA,"{""lambda1"": 0.005, ""w_threshold_dagma"": 0.05}",10,15,500,1,/home/mathis/Documents/Travail/cbnsl_benchmark/scaling/../scaling/results/2026-04-11_01h46_cbn_unif_mixture/graphs/golden__v10_a15_g1.json,/home/mathis/Documents/Travail/cbnsl_benchmark/scaling/../scaling/results/2026-04-11_01h46_cbn_unif_mixture/graphs/DAGMA__v10_a15_g1_s500.json,,1.2756260489986744,13.0,11.0,0.125,0.5714285714285714,0.1111111111111111,0.42857142857142855
cbn_unif_mixture,DAGMA,"{""lambda1"": 0.005, ""w_threshold_dagma"": 0.05}",10,15,1000,1,/home/mathis/Documents/Travail/cbnsl_benchmark/scaling/../scaling/results/2026-04-11_01h46_cbn_unif_mixture/graphs/golden__v10_a15_g1.json,/home/mathis/Documents/Travail/cbnsl_benchmark/scaling/../scaling/results/2026-04-11_01h46_cbn_unif_mixture/graphs/DAGMA__v10_a15_g1_s1000.json,,1.0956471120007336,13.0,11.0,0.125,0.6363636363636364,0.125,0.5
cbn_unif_mixture,DAGMA,"{""lambda1"": 0.005, ""w_threshold_dagma"": 0.05}",10,15,3000,1,/home/mathis/Documents/Travail/cbnsl_benchmark/scaling/../scaling/results/2026-04-11_01h46_cbn_unif_mixture/graphs/golden__v10_a15_g1.json,/home/mathis/Documents/Travail/cbnsl_benchmark/scaling/../scaling/results/2026-04-11_01h46_cbn_unif_mixture/graphs/DAGMA__v10_a15_g1_s3000.json,,1.3250033670046832,13.0,11.0,0.125,0.5714285714285714,0.1111111111111111,0.42857142857142855
cbn_unif_mixture,DAGMA,"{""lambda1"": 0.005, ""w_threshold_dagma"": 0.05}",10,15,5000,1,/home/mathis/Documents/Travail/cbnsl_benchmark/scaling/../scaling/results/2026-04-11_01h46_cbn_unif_mixture/graphs/golden__v10_a15_g1.json,/home/mathis/Documents/Travail/cbnsl_benchmark/scaling/../scaling/results/2026-04-11_01h46_cbn_unif_mixture/graphs/DAGMA__v10_a15_g1_s5000.json,,1.208169119003287,13.0,12.0,0.125,0.5,0.1,0.35714285714285715
cbn_unif_mixture,DAGMA,"{""lambda1"": 0.005, ""w_threshold_dagma"": 0.05}",10,15,200,2,/home/mathis/Documents/Travail/cbnsl_benchmark/scaling/../scaling/results/2026-04-11_01h46_cbn_unif_mixture/graphs/golden__v10_a15_g2.json,/home/mathis/Documents/Travail/cbnsl_benchmark/scaling/../scaling/results/2026-04-11_01h46_cbn_unif_mixture/graphs/DAGMA__v10_a15_g2_s200.json,,1.4938111470037256,21.0,23.0,0.2222222222222222,0.5454545454545454,0.3333333333333333,0.6
cbn_unif_mixture,DAGMA,"{""lambda1"": 0.005, ""w_threshold_dagma"": 0.05}",10,15,500,2,/home/mathis/Documents/Travail/cbnsl_benchmark/scaling/../scaling/results/2026-04-11_01h46_cbn_unif_mixture/graphs/golden__v10_a15_g2.json,/home/mathis/Documents/Travail/cbnsl_benchmark/scaling/../scaling/results/2026-04-11_01h46_cbn_unif_mixture/graphs/DAGMA__v10_a15_g2_s500.json,,1.016984574001981,13.0,17.0,0.4347826086956522,0.7142857142857142,0.5,0.6666666666666666
cbn_unif_mixture,DAGMA,"{""lambda1"": 0.005, ""w_threshold_dagma"": 0.05}",10,15,1000,2,/home/mathis/Documents/Travail/cbnsl_benchmark/scaling/../scaling/results/2026-04-11_01h46_cbn_unif_mixture/graphs/golden__v10_a15_g2.json,/home/mathis/Documents/Travail/cbnsl_benchmark/scaling/../scaling/results/2026-04-11_01h46_cbn_unif_mixture/graphs/DAGMA__v10_a15_g2_s1000.json,,1.0756257419998292,17.0,17.0,0.10526315789473684,0.7142857142857142,0.16666666666666666,0.6666666666666666
cbn_unif_mixture,DAGMA,"{""lambda1"": 0.005, ""w_threshold_dagma"": 0.05}",10,15,3000,2,/home/mathis/Documents/Travail/cbnsl_benchmark/scaling/../scaling/results/2026-04-11_01h46_cbn_unif_mixture/graphs/golden__v10_a15_g2.json,/home/mathis/Documents/Travail/cbnsl_benchmark/scaling/../scaling/results/2026-04-11_01h46_cbn_unif_mixture/graphs/DAGMA__v10_a15_g2_s3000.json,,1.4623566819936968,18.0,16.0,0.0,0.56,0.0,0.4666666666666667
cbn_unif_mixture,DAGMA,"{""lambda1"": 0.005, ""w_threshold_dagma"": 0.05}",10,15,5000,2,/home/mathis/Documents/Travail/cbnsl_benchmark/scaling/../scaling/results/2026-04-11_01h46_cbn_unif_mixture/graphs/golden__v10_a15_g2.json,/home/mathis/Documents/Travail/cbnsl_benchmark/scaling/../scaling/results/2026-04-11_01h46_cbn_unif_mixture/graphs/DAGMA__v10_a15_g2_s5000.json,,1.0688393140007975,18.0,16.0,0.0,0.6153846153846153,0.0,0.5333333333333333
cbn_unif_mixture,DAGMA,"{""lambda1"": 0.005, ""w_threshold_dagma"": 0.05}",10,15,200,3,/home/mathis/Documents/Travail/cbnsl_benchmark/scaling/../scaling/results/2026-04-11_01h46_cbn_unif_mixture/graphs/golden__v10_a15_g3.json,/home/mathis/Documents/Travail/cbnsl_benchmark/scaling/../scaling/results/2026-04-11_01h46_cbn_unif_mixture/graphs/DAGMA__v10_a15_g3_s200.json,,0.9818947460007621,15.0,14.0,0.27272727272727276,0.6428571428571429,0.3333333333333333,0.6
cbn_unif_mixture,DAGMA,"{""lambda1"": 0.005, ""w_threshold_dagma"": 0.05}",10,15,500,3,/home/mathis/Documents/Travail/cbnsl_benchmark/scaling/../scaling/results/2026-04-11_01h46_cbn_unif_mixture/graphs/golden__v10_a15_g3.json,/home/mathis/Documents/Travail/cbnsl_benchmark/scaling/../scaling/results/2026-04-11_01h46_cbn_unif_mixture/graphs/DAGMA__v10_a15_g3_s500.json,,1.385987216999638,17.0,15.0,0.1,0.5925925925925926,0.125,0.5333333333333333
cbn_unif_mixture,DAGMA,"{""lambda1"": 0.005, ""w_threshold_dagma"": 0.05}",10,15,1000,3,/home/mathis/Documents/Travail/cbnsl_benchmark/scaling/../scaling/results/2026-04-11_01h46_cbn_unif_mixture/graphs/golden__v10_a15_g3.json,/home/mathis/Documents/Travail/cbnsl_benchmark/scaling/../scaling/results/2026-04-11_01h46_cbn_unif_mixture/graphs/DAGMA__v10_a15_g3_s1000.json,,1.9289282899990212,14.0,14.0,0.11764705882352941,0.6666666666666667,0.125,0.5333333333333333
cbn_unif_mixture,DAGMA,"{""lambda1"": 0.005, ""w_threshold_dagma"": 0.05}",10,15,3000,3,/home/mathis/Documents/Travail/cbnsl_benchmark/scaling/../scaling/results/2026-04-11_01h46_cbn_unif_mixture/graphs/golden__v10_a15_g3.json,/home/mathis/Documents/Travail/cbnsl_benchmark/scaling/../scaling/results/2026-04-11_01h46_cbn_unif_mixture/graphs/DAGMA__v10_a15_g3_s3000.json,,1.3240131479979027,14.0,14.0,0.11764705882352941,0.6666666666666667,0.125,0.5333333333333333
cbn_unif_mixture,DAGMA,"{""lambda1"": 0.005, ""w_threshold_dagma"": 0.05}",10,15,5000,3,/home/mathis/Documents/Travail/cbnsl_benchmark/scaling/../scaling/results/2026-04-11_01h46_cbn_unif_mixture/graphs/golden__v10_a15_g3.json,/home/mathis/Documents/Travail/cbnsl_benchmark/scaling/../scaling/results/2026-04-11_01h46_cbn_unif_mixture/graphs/DAGMA__v10_a15_g3_s5000.json,,0.9723044970014598,14.0,14.0,0.11764705882352941,0.6666666666666667,0.125,0.5333333333333333
cbn_unif_mixture,DAGMA,"{""lambda1"": 0.005, ""w_threshold_dagma"": 0.05}",10,15,200,4,/home/mathis/Documents/Travail/cbnsl_benchmark/scaling/../scaling/results/2026-04-11_01h46_cbn_unif_mixture/graphs/golden__v10_a15_g4.json,/home/mathis/Documents/Travail/cbnsl_benchmark/scaling/../scaling/results/2026-04-11_01h46_cbn_unif_mixture/graphs/DAGMA__v10_a15_g4_s200.json,,1.5864820330025395,14.0,13.0,0.19999999999999998,0.5,0.18181818181818182,0.4
cbn_unif_mixture,DAGMA,"{""lambda1"": 0.005, ""w_threshold_dagma"": 0.05}",10,15,500,4,/home/mathis/Documents/Travail/cbnsl_benchmark/scaling/../scaling/results/2026-04-11_01h46_cbn_unif_mixture/graphs/golden__v10_a15_g4.json,/home/mathis/Documents/Travail/cbnsl_benchmark/scaling/../scaling/results/2026-04-11_01h46_cbn_unif_mixture/graphs/DAGMA__v10_a15_g4_s500.json,,1.8290045049943728,14.0,14.0,0.1111111111111111,0.3809523809523809,0.08333333333333333,0.26666666666666666
cbn_unif_mixture,DAGMA,"{""lambda1"": 0.005, ""w_threshold_dagma"": 0.05}",10,15,1000,4,/home/mathis/Documents/Travail/cbnsl_benchmark/scaling/../scaling/results/2026-04-11_01h46_cbn_unif_mixture/graphs/golden__v10_a15_g4.json,/home/mathis/Documents/Travail/cbnsl_benchmark/scaling/../scaling/results/2026-04-11_01h46_cbn_unif_mixture/graphs/DAGMA__v10_a15_g4_s1000.json,,1.4775859079963993,14.0,13.0,0.0,0.4,0.0,0.26666666666666666
cbn_unif_mixture,DAGMA,"{""lambda1"": 0.005, ""w_threshold_dagma"": 0.05}",10,15,3000,4,/home/mathis/Documents/Travail/cbnsl_benchmark/scaling/../scaling/results/2026-04-11_01h46_cbn_unif_mixture/graphs/golden__v10_a15_g4.json,/home/mathis/Documents/Travail/cbnsl_benchmark/scaling/../scaling/results/2026-04-11_01h46_cbn_unif_mixture/graphs/DAGMA__v10_a15_g4_s3000.json,,1.103998392005451,13.0,12.0,0.0,0.33333333333333337,0.0,0.2
cbn_unif_mixture,DAGMA,"{""lambda1"": 0.005, ""w_threshold_dagma"": 0.05}",10,15,5000,4,/home/mathis/Documents/Travail/cbnsl_benchmark/scaling/../scaling/results/2026-04-11_01h46_cbn_unif_mixture/graphs/golden__v10_a15_g4.json,/home/mathis/Documents/Travail/cbnsl_benchmark/scaling/../scaling/results/2026-04-11_01h46_cbn_unif_mixture/graphs/DAGMA__v10_a15_g4_s5000.json,,1.9450468430004548,13.0,12.0,0.0,0.33333333333333337,0.0,0.2
cbn_unif_mixture,DAGMA,"{""lambda1"": 0.005, ""w_threshold_dagma"": 0.05}",10,15,200,5,/home/mathis/Documents/Travail/cbnsl_benchmark/scaling/../scaling/results/2026-04-11_01h46_cbn_unif_mixture/graphs/golden__v10_a15_g5.json,/home/mathis/Documents/Travail/cbnsl_benchmark/scaling/../scaling/results/2026-04-11_01h46_cbn_unif_mixture/graphs/DAGMA__v10_a15_g5_s200.json,,1.2865407290009898,14.0,14.0,0.4000000000000001,0.608695652173913,0.4,0.5384615384615384
cbn_unif_mixture,DAGMA,"{""lambda1"": 0.005, ""w_threshold_dagma"": 0.05}",10,15,500,5,/home/mathis/Documents/Travail/cbnsl_benchmark/scaling/../scaling/results/2026-04-11_01h46_cbn_unif_mixture/graphs/golden__v10_a15_g5.json,/home/mathis/Documents/Travail/cbnsl_benchmark/scaling/../scaling/results/2026-04-11_01h46_cbn_unif_mixture/graphs/DAGMA__v10_a15_g5_s500.json,,1.1664974710001843,8.0,13.0,0.13333333333333333,0.6666666666666667,0.14285714285714285,0.5384615384615384
cbn_unif_mixture,DAGMA,"{""lambda1"": 0.005, ""w_threshold_dagma"": 0.05}",10,15,1000,5,/home/mathis/Documents/Travail/cbnsl_benchmark/scaling/../scaling/results/2026-04-11_01h46_cbn_unif_mixture/graphs/golden__v10_a15_g5.json,/home/mathis/Documents/Travail/cbnsl_benchmark/scaling/../scaling/results/2026-04-11_01h46_cbn_unif_mixture/graphs/DAGMA__v10_a15_g5_s1000.json,,1.113505861001613,9.0,13.0,0.0,0.6,0.0,0.46153846153846156
cbn_unif_mixture,DAGMA,"{""lambda1"": 0.005, ""w_threshold_dagma"": 0.05}",10,15,3000,5,/home/mathis/Documents/Travail/cbnsl_benchmark/scaling/../scaling/results/2026-04-11_01h46_cbn_unif_mixture/graphs/golden__v10_a15_g5.json,/home/mathis/Documents/Travail/cbnsl_benchmark/scaling/../scaling/results/2026-04-11_01h46_cbn_unif_mixture/graphs/DAGMA__v10_a15_g5_s3000.json,,1.3708522020024247,8.0,12.0,0.0,0.5555555555555556,0.0,0.38461538461538464
cbn_unif_mixture,DAGMA,"{""lambda1"": 0.005, ""w_threshold_dagma"": 0.05}",10,15,5000,5,/home/mathis/Documents/Travail/cbnsl_benchmark/scaling/../scaling/results/2026-04-11_01h46_cbn_unif_mixture/graphs/golden__v10_a15_g5.json,/home/mathis/Documents/Travail/cbnsl_benchmark/scaling/../scaling/results/2026-04-11_01h46_cbn_unif_mixture/graphs/DAGMA__v10_a15_g5_s5000.json,,1.493131852002989,8.0,12.0,0.0,0.5555555555555556,0.0,0.38461538461538464
cbn_unif_mixture,DAGMA,"{""lambda1"": 0.005, ""w_threshold_dagma"": 0.05}",10,15,200,6,/home/mathis/Documents/Travail/cbnsl_benchmark/scaling/../scaling/results/2026-04-11_01h46_cbn_unif_mixture/graphs/golden__v10_a15_g6.json,/home/mathis/Documents/Travail/cbnsl_benchmark/scaling/../scaling/results/2026-04-11_01h46_cbn_unif_mixture/graphs/DAGMA__v10_a15_g6_s200.json,,1.1903670389947365,14.0,17.0,0.1904761904761905,0.5384615384615385,0.2,0.4666666666666667
cbn_unif_mixture,DAGMA,"{""lambda1"": 0.005, ""w_threshold_dagma"": 0.05}",10,15,500,6,/home/mathis/Documents/Travail/cbnsl_benchmark/scaling/../scaling/results/2026-04-11_01h46_cbn_unif_mixture/graphs/golden__v10_a15_g6.json,/home/mathis/Documents/Travail/cbnsl_benchmark/scaling/../scaling/results/2026-04-11_01h46_cbn_unif_mixture/graphs/DAGMA__v10_a15_g6_s500.json,,1.6268245440005558,12.0,15.0,0.2105263157894737,0.64,0.2222222222222222,0.5333333333333333
cbn_unif_mixture,DAGMA,"{""lambda1"": 0.005, ""w_threshold_dagma"": 0.05}",10,15,1000,6,/home/mathis/Documents/Travail/cbnsl_benchmark/scaling/../scaling/results/2026-04-11_01h46_cbn_unif_mixture/graphs/golden__v10_a15_g6.json,/home/mathis/Documents/Travail/cbnsl_benchmark/scaling/../scaling/results/2026-04-11_01h46_cbn_unif_mixture/graphs/DAGMA__v10_a15_g6_s1000.json,,2.261670835003315,10.0,12.0,0.0,0.6363636363636364,0.0,0.4666666666666667
cbn_unif_mixture,DAGMA,"{""lambda1"": 0.005, ""w_threshold_dagma"": 0.05}",10,15,3000,6,/home/mathis/Documents/Travail/cbnsl_benchmark/scaling/../scaling/results/2026-04-11_01h46_cbn_unif_mixture/graphs/golden__v10_a15_g6.json,/home/mathis/Documents/Travail/cbnsl_benchmark/scaling/../scaling/results/2026-04-11_01h46_cbn_unif_mixture/graphs/DAGMA__v10_a15_g6_s3000.json,,1.294861085996672,10.0,12.0,0.0,0.5714285714285715,0.0,0.4
cbn_unif_mixture,DAGMA,"{""lambda1"": 0.005, ""w_threshold_dagma"": 0.05}",10,15,5000,6,/home/mathis/Documents/Travail/cbnsl_benchmark/scaling/../scaling/results/2026-04-11_01h46_cbn_unif_mixture/graphs/golden__v10_a15_g6.json,/home/mathis/Documents/Travail/cbnsl_benchmark/scaling/../scaling/results/2026-04-11_01h46_cbn_unif_mixture/graphs/DAGMA__v10_a15_g6_s5000.json,,1.6378021490018,10.0,12.0,0.0,0.5714285714285715,0.0,0.4
cbn_unif_mixture,DAGMA,"{""lambda1"": 0.005, ""w_threshold_dagma"": 0.05}",10,15,200,7,/home/mathis/Documents/Travail/cbnsl_benchmark/scaling/../scaling/results/2026-04-11_01h46_cbn_unif_mixture/graphs/golden__v10_a15_g7.json,/home/mathis/Documents/Travail/cbnsl_benchmark/scaling/../scaling/results/2026-04-11_01h46_cbn_unif_mixture/graphs/DAGMA__v10_a15_g7_s200.json,,1.1405332100039232,20.0,19.0,0.16666666666666669,0.42857142857142855,0.18181818181818182,0.4
cbn_unif_mixture,DAGMA,"{""lambda1"": 0.005, ""w_threshold_dagma"": 0.05}",10,15,500,7,/home/mathis/Documents/Travail/cbnsl_benchmark/scaling/../scaling/results/2026-04-11_01h46_cbn_unif_mixture/graphs/golden__v10_a15_g7.json,/home/mathis/Documents/Travail/cbnsl_benchmark/scaling/../scaling/results/2026-04-11_01h46_cbn_unif_mixture/graphs/DAGMA__v10_a15_g7_s500.json,,1.578875811996113,13.0,13.0,0.3,0.5217391304347827,0.25,0.4
cbn_unif_mixture,DAGMA,"{""lambda1"": 0.005, ""w_threshold_dagma"": 0.05}",10,15,1000,7,/home/mathis/Documents/Travail/cbnsl_benchmark/scaling/../scaling/results/2026-04-11_01h46_cbn_unif_mixture/graphs/golden__v10_a15_g7.json,/home/mathis/Documents/Travail/cbnsl_benchmark/scaling/../scaling/results/2026-04-11_01h46_cbn_unif_mixture/graphs/DAGMA__v10_a15_g7_s1000.json,,0.9987273710066802,12.0,15.0,0.380952380952381,0.5833333333333334,0.3333333333333333,0.4666666666666667
cbn_unif_mixture,DAGMA,"{""lambda1"": 0.005, ""w_threshold_dagma"": 0.05}",10,15,3000,7,/home/mathis/Documents/Travail/cbnsl_benchmark/scaling/../scaling/results/2026-04-11_01h46_cbn_unif_mixture/graphs/golden__v10_a15_g7.json,/home/mathis/Documents/Travail/cbnsl_benchmark/scaling/../scaling/results/2026-04-11_01h46_cbn_unif_mixture/graphs/DAGMA__v10_a15_g7_s3000.json,,1.73981068500143,12.0,12.0,0.3157894736842105,0.608695652173913,0.2727272727272727,0.4666666666666667
cbn_unif_mixture,DAGMA,"{""lambda1"": 0.005, ""w_threshold_dagma"": 0.05}",10,15,5000,7,/home/mathis/Documents/Travail/cbnsl_benchmark/scaling/../scaling/results/2026-04-11_01h46_cbn_unif_mixture/graphs/golden__v10_a15_g7.json,/home/mathis/Documents/Travail/cbnsl_benchmark/scaling/../scaling/results/2026-04-11_01h46_cbn_unif_mixture/graphs/DAGMA__v10_a15_g7_s5000.json,,1.3807789589991444,13.0,14.0,0.2222222222222222,0.47619047619047616,0.16666666666666666,0.3333333333333333
cbn_unif_mixture,DAGMA,"{""lambda1"": 0.005, ""w_threshold_dagma"": 0.05}",10,15,200,8,/home/mathis/Documents/Travail/cbnsl_benchmark/scaling/../scaling/results/2026-04-11_01h46_cbn_unif_mixture/graphs/golden__v10_a15_g8.json,/home/mathis/Documents/Travail/cbnsl_benchmark/scaling/../scaling/results/2026-04-11_01h46_cbn_unif_mixture/graphs/DAGMA__v10_a15_g8_s200.json,,1.6307784259988694,10.0,8.0,0.23529411764705882,0.75,0.2857142857142857,0.6428571428571429
cbn_unif_mixture,DAGMA,"{""lambda1"": 0.005, ""w_threshold_dagma"": 0.05}",10,15,500,8,/home/mathis/Documents/Travail/cbnsl_benchmark/scaling/../scaling/results/2026-04-11_01h46_cbn_unif_mixture/graphs/golden__v10_a15_g8.json,/home/mathis/Documents/Travail/cbnsl_benchmark/scaling/../scaling/results/2026-04-11_01h46_cbn_unif_mixture/graphs/DAGMA__v10_a15_g8_s500.json,,1.369175764004467,11.0,14.0,0.0,0.6666666666666666,0.0,0.5714285714285714
cbn_unif_mixture,DAGMA,"{""lambda1"": 0.005, ""w_threshold_dagma"": 0.05}",10,15,1000,8,/home/mathis/Documents/Travail/cbnsl_benchmark/scaling/../scaling/results/2026-04-11_01h46_cbn_unif_mixture/graphs/golden__v10_a15_g8.json,/home/mathis/Documents/Travail/cbnsl_benchmark/scaling/../scaling/results/2026-04-11_01h46_cbn_unif_mixture/graphs/DAGMA__v10_a15_g8_s1000.json,,1.8422896709962515,4.0,8.0,0.23529411764705882,0.8461538461538461,0.4,0.7857142857142857
cbn_unif_mixture,DAGMA,"{""lambda1"": 0.005, ""w_threshold_dagma"": 0.05}",10,15,3000,8,/home/mathis/Documents/Travail/cbnsl_benchmark/scaling/../scaling/results/2026-04-11_01h46_cbn_unif_mixture/graphs/golden__v10_a15_g8.json,/home/mathis/Documents/Travail/cbnsl_benchmark/scaling/../scaling/results/2026-04-11_01h46_cbn_unif_mixture/graphs/DAGMA__v10_a15_g8_s3000.json,,1.6602215730017633,7.0,8.0,0.0,0.8461538461538461,0.0,0.7857142857142857
cbn_unif_mixture,DAGMA,"{""lambda1"": 0.005, ""w_threshold_dagma"": 0.05}",10,15,5000,8,/home/mathis/Documents/Travail/cbnsl_benchmark/scaling/../scaling/results/2026-04-11_01h46_cbn_unif_mixture/graphs/golden__v10_a15_g8.json,/home/mathis/Documents/Travail/cbnsl_benchmark/scaling/../scaling/results/2026-04-11_01h46_cbn_unif_mixture/graphs/DAGMA__v10_a15_g8_s5000.json,,2.0421844990050886,6.0,7.0,0.0,0.75,0.0,0.6428571428571429
cbn_unif_mixture,DAGMA,"{""lambda1"": 0.005, ""w_threshold_dagma"": 0.05}",10,15,200,9,/home/mathis/Documents/Travail/cbnsl_benchmark/scaling/../scaling/results/2026-04-11_01h46_cbn_unif_mixture/graphs/golden__v10_a15_g9.json,/home/mathis/Documents/Travail/cbnsl_benchmark/scaling/../scaling/results/2026-04-11_01h46_cbn_unif_mixture/graphs/DAGMA__v10_a15_g9_s200.json,,1.6328753019988653,19.0,18.0,0.1739130434782609,0.5999999999999999,0.3333333333333333,0.6923076923076923
cbn_unif_mixture,DAGMA,"{""lambda1"": 0.005, ""w_threshold_dagma"": 0.05}",10,15,500,9,/home/mathis/Documents/Travail/cbnsl_benchmark/scaling/../scaling/results/2026-04-11_01h46_cbn_unif_mixture/graphs/golden__v10_a15_g9.json,/home/mathis/Documents/Travail/cbnsl_benchmark/scaling/../scaling/results/2026-04-11_01h46_cbn_unif_mixture/graphs/DAGMA__v10_a15_g9_s500.json,,1.1116918309999164,13.0,12.0,0.0,0.7826086956521738,0.0,0.6923076923076923
cbn_unif_mixture,DAGMA,"{""lambda1"": 0.005, ""w_threshold_dagma"": 0.05}",10,15,1000,9,/home/mathis/Documents/Travail/cbnsl_benchmark/scaling/../scaling/results/2026-04-11_01h46_cbn_unif_mixture/graphs/golden__v10_a15_g9.json,/home/mathis/Documents/Travail/cbnsl_benchmark/scaling/../scaling/results/2026-04-11_01h46_cbn_unif_mixture/graphs/DAGMA__v10_a15_g9_s1000.json,,1.4877382480044616,7.0,11.0,0.375,0.8181818181818181,0.42857142857142855,0.6923076923076923
cbn_unif_mixture,DAGMA,"{""lambda1"": 0.005, ""w_threshold_dagma"": 0.05}",10,15,3000,9,/home/mathis/Documents/Travail/cbnsl_benchmark/scaling/../scaling/results/2026-04-11_01h46_cbn_unif_mixture/graphs/golden__v10_a15_g9.json,/home/mathis/Documents/Travail/cbnsl_benchmark/scaling/../scaling/results/2026-04-11_01h46_cbn_unif_mixture/graphs/DAGMA__v10_a15_g9_s3000.json,,1.2038030399999116,12.0,12.0,0.14285714285714288,0.761904761904762,0.16666666666666666,0.6153846153846154
cbn_unif_mixture,DAGMA,"{""lambda1"": 0.005, ""w_threshold_dagma"": 0.05}",10,15,5000,9,/home/mathis/Documents/Travail/cbnsl_benchmark/scaling/../scaling/results/2026-04-11_01h46_cbn_unif_mixture/graphs/golden__v10_a15_g9.json,/home/mathis/Documents/Travail/cbnsl_benchmark/scaling/../scaling/results/2026-04-11_01h46_cbn_unif_mixture/graphs/DAGMA__v10_a15_g9_s5000.json,,1.1451624750043266,12.0,11.0,0.14285714285714285,0.8181818181818181,0.2,0.6923076923076923
cbn_unif_mixture,DAGMA,"{""lambda1"": 0.005, ""w_threshold_dagma"": 0.05}",10,15,200,10,/home/mathis/Documents/Travail/cbnsl_benchmark/scaling/../scaling/results/2026-04-11_01h46_cbn_unif_mixture/graphs/golden__v10_a15_g10.json,/home/mathis/Documents/Travail/cbnsl_benchmark/scaling/../scaling/results/2026-04-11_01h46_cbn_unif_mixture/graphs/DAGMA__v10_a15_g10_s200.json,,0.8576035359947127,15.0,14.0,0.3,0.64,0.3333333333333333,0.5714285714285714
cbn_unif_mixture,DAGMA,"{""lambda1"": 0.005, ""w_threshold_dagma"": 0.05}",10,15,500,10,/home/mathis/Documents/Travail/cbnsl_benchmark/scaling/../scaling/results/2026-04-11_01h46_cbn_unif_mixture/graphs/golden__v10_a15_g10.json,/home/mathis/Documents/Travail/cbnsl_benchmark/scaling/../scaling/results/2026-04-11_01h46_cbn_unif_mixture/graphs/DAGMA__v10_a15_g10_s500.json,,1.1791192349992343,13.0,12.0,0.1111111111111111,0.64,0.14285714285714285,0.5714285714285714
cbn_unif_mixture,DAGMA,"{""lambda1"": 0.005, ""w_threshold_dagma"": 0.05}",10,15,1000,10,/home/mathis/Documents/Travail/cbnsl_benchmark/scaling/../scaling/results/2026-04-11_01h46_cbn_unif_mixture/graphs/golden__v10_a15_g10.json,/home/mathis/Documents/Travail/cbnsl_benchmark/scaling/../scaling/results/2026-04-11_01h46_cbn_unif_mixture/graphs/DAGMA__v10_a15_g10_s1000.json,,1.30605637300323,11.0,11.0,0.0,0.6086956521739131,0.0,0.5
cbn_unif_mixture,DAGMA,"{""lambda1"": 0.005, ""w_threshold_dagma"": 0.05}",10,15,3000,10,/home/mathis/Documents/Travail/cbnsl_benchmark/scaling/../scaling/results/2026-04-11_01h46_cbn_unif_mixture/graphs/golden__v10_a15_g10.json,/home/mathis/Documents/Travail/cbnsl_benchmark/scaling/../scaling/results/2026-04-11_01h46_cbn_unif_mixture/graphs/DAGMA__v10_a15_g10_s3000.json,,1.729056602998753,9.0,9.0,0.0,0.6666666666666666,0.0,0.5
cbn_unif_mixture,DAGMA,"{""lambda1"": 0.005, ""w_threshold_dagma"": 0.05}",10,15,5000,10,/home/mathis/Documents/Travail/cbnsl_benchmark/scaling/../scaling/results/2026-04-11_01h46_cbn_unif_mixture/graphs/golden__v10_a15_g10.json,/home/mathis/Documents/Travail/cbnsl_benchmark/scaling/../scaling/results/2026-04-11_01h46_cbn_unif_mixture/graphs/DAGMA__v10_a15_g10_s5000.json,,1.2804010420004488,9.0,9.0,0.0,0.6666666666666666,0.0,0.5
cbn_unif_mixture,DAGMA,"{""lambda1"": 0.005, ""w_threshold_dagma"": 0.05}",10,15,200,11,/home/mathis/Documents/Travail/cbnsl_benchmark/scaling/../scaling/results/2026-04-11_01h46_cbn_unif_mixture/graphs/golden__v10_a15_g11.json,/home/mathis/Documents/Travail/cbnsl_benchmark/scaling/../scaling/results/2026-04-11_01h46_cbn_unif_mixture/graphs/DAGMA__v10_a15_g11_s200.json,,1.17081603200495,15.0,17.0,0.2857142857142857,0.6153846153846154,0.375,0.6153846153846154
cbn_unif_mixture,DAGMA,"{""lambda1"": 0.005, ""w_threshold_dagma"": 0.05}",10,15,500,11,/home/mathis/Documents/Travail/cbnsl_benchmark/scaling/../scaling/results/2026-04-11_01h46_cbn_unif_mixture/graphs/golden__v10_a15_g11.json,/home/mathis/Documents/Travail/cbnsl_benchmark/scaling/../scaling/results/2026-04-11_01h46_cbn_unif_mixture/graphs/DAGMA__v10_a15_g11_s500.json,,1.1307765699966694,12.0,13.0,0.4000000000000001,0.608695652173913,0.4,0.5384615384615384
cbn_unif_mixture,DAGMA,"{""lambda1"": 0.005, ""w_threshold_dagma"": 0.05}",10,15,1000,11,/home/mathis/Documents/Travail/cbnsl_benchmark/scaling/../scaling/results/2026-04-11_01h46_cbn_unif_mixture/graphs/golden__v10_a15_g11.json,/home/mathis/Documents/Travail/cbnsl_benchmark/scaling/../scaling/results/2026-04-11_01h46_cbn_unif_mixture/graphs/DAGMA__v10_a15_g11_s1000.json,,1.025758929004951,12.0,9.0,0.14285714285714285,0.8181818181818181,0.2,0.6923076923076923
cbn_unif_mixture,DAGMA,"{""lambda1"": 0.005, ""w_threshold_dagma"": 0.05}",10,15,3000,11,/home/mathis/Documents/Travail/cbnsl_benchmark/scaling/../scaling/results/2026-04-11_01h46_cbn_unif_mixture/graphs/golden__v10_a15_g11.json,/home/mathis/Documents/Travail/cbnsl_benchmark/scaling/../scaling/results/2026-04-11_01h46_cbn_unif_mixture/graphs/DAGMA__v10_a15_g11_s3000.json,,1.4702599760057637,14.0,10.0,0.0,0.6,0.0,0.46153846153846156
cbn_unif_mixture,DAGMA,"{""lambda1"": 0.005, ""w_threshold_dagma"": 0.05}",10,15,5000,11,/home/mathis/Documents/Travail/cbnsl_benchmark/scaling/../scaling/results/2026-04-11_01h46_cbn_unif_mixture/graphs/golden__v10_a15_g11.json,/home/mathis/Documents/Travail/cbnsl_benchmark/scaling/../scaling/results/2026-04-11_01h46_cbn_unif_mixture/graphs/DAGMA__v10_a15_g11_s5000.json,,1.1251935929976753,14.0,11.0,0.0,0.5263157894736842,0.0,0.38461538461538464
cbn_unif_mixture,DAGMA,"{""lambda1"": 0.005, ""w_threshold_dagma"": 0.05}",10,15,200,12,/home/mathis/Documents/Travail/cbnsl_benchmark/scaling/../scaling/results/2026-04-11_01h46_cbn_unif_mixture/graphs/golden__v10_a15_g12.json,/home/mathis/Documents/Travail/cbnsl_benchmark/scaling/../scaling/results/2026-04-11_01h46_cbn_unif_mixture/graphs/DAGMA__v10_a15_g12_s200.json,,1.0644662990016514,20.0,18.0,0.08695652173913045,0.4827586206896552,0.125,0.5
cbn_unif_mixture,DAGMA,"{""lambda1"": 0.005, ""w_threshold_dagma"": 0.05}",10,15,500,12,/home/mathis/Documents/Travail/cbnsl_benchmark/scaling/../scaling/results/2026-04-11_01h46_cbn_unif_mixture/graphs/golden__v10_a15_g12.json,/home/mathis/Documents/Travail/cbnsl_benchmark/scaling/../scaling/results/2026-04-11_01h46_cbn_unif_mixture/graphs/DAGMA__v10_a15_g12_s500.json,,1.0046314300052472,17.0,18.0,0.0,0.2857142857142857,0.0,0.21428571428571427
cbn_unif_mixture,DAGMA,"{""lambda1"": 0.005, ""w_threshold_dagma"": 0.05}",10,15,1000,12,/home/mathis/Documents/Travail/cbnsl_benchmark/scaling/../scaling/results/2026-04-11_01h46_cbn_unif_mixture/graphs/golden__v10_a15_g12.json,/home/mathis/Documents/Travail/cbnsl_benchmark/scaling/../scaling/results/2026-04-11_01h46_cbn_unif_mixture/graphs/DAGMA__v10_a15_g12_s1000.json,,1.616918911000539,15.0,15.0,0.0,0.3157894736842105,0.0,0.21428571428571427
cbn_unif_mixture,DAGMA,"{""lambda1"": 0.005, ""w_threshold_dagma"": 0.05}",10,15,3000,12,/home/mathis/Documents/Travail/cbnsl_benchmark/scaling/../scaling/results/2026-04-11_01h46_cbn_unif_mixture/graphs/golden__v10_a15_g12.json,/home/mathis/Documents/Travail/cbnsl_benchmark/scaling/../scaling/results/2026-04-11_01h46_cbn_unif_mixture/graphs/DAGMA__v10_a15_g12_s3000.json,,1.7680832010009908,13.0,14.0,0.0,0.13333333333333333,0.0,0.07142857142857142
cbn_unif_mixture,DAGMA,"{""lambda1"": 0.005, ""w_threshold_dagma"": 0.05}",10,15,5000,12,/home/mathis/Documents/Travail/cbnsl_benchmark/scaling/../scaling/results/2026-04-11_01h46_cbn_unif_mixture/graphs/golden__v10_a15_g12.json,/home/mathis/Documents/Travail/cbnsl_benchmark/scaling/../scaling/results/2026-04-11_01h46_cbn_unif_mixture/graphs/DAGMA__v10_a15_g12_s5000.json,,1.085606111002562,13.0,14.0,0.0,0.13333333333333333,0.0,0.07142857142857142
cbn_unif_mixture,DAGMA,"{""lambda1"": 0.005, ""w_threshold_dagma"": 0.05}",10,15,200,13,/home/mathis/Documents/Travail/cbnsl_benchmark/scaling/../scaling/results/2026-04-11_01h46_cbn_unif_mixture/graphs/golden__v10_a15_g13.json,/home/mathis/Documents/Travail/cbnsl_benchmark/scaling/../scaling/results/2026-04-11_01h46_cbn_unif_mixture/graphs/DAGMA__v10_a15_g13_s200.json,,1.1062829899965436,17.0,12.0,0.41666666666666663,0.6428571428571429,0.45454545454545453,0.6
cbn_unif_mixture,DAGMA,"{""lambda1"": 0.005, ""w_threshold_dagma"": 0.05}",10,15,500,13,/home/mathis/Documents/Travail/cbnsl_benchmark/scaling/../scaling/results/2026-04-11_01h46_cbn_unif_mixture/graphs/golden__v10_a15_g13.json,/home/mathis/Documents/Travail/cbnsl_benchmark/scaling/../scaling/results/2026-04-11_01h46_cbn_unif_mixture/graphs/DAGMA__v10_a15_g13_s500.json,,1.3458306830070796,15.0,16.0,0.10526315789473685,0.56,0.1111111111111111,0.4666666666666667
cbn_unif_mixture,DAGMA,"{""lambda1"": 0.005, ""w_threshold_dagma"": 0.05}",10,15,1000,13,/home/mathis/Documents/Travail/cbnsl_benchmark/scaling/../scaling/results/2026-04-11_01h46_cbn_unif_mixture/graphs/golden__v10_a15_g13.json,/home/mathis/Documents/Travail/cbnsl_benchmark/scaling/../scaling/results/2026-04-11_01h46_cbn_unif_mixture/graphs/DAGMA__v10_a15_g13_s1000.json,,1.6188956840051105,11.0,15.0,0.0,0.6666666666666667,0.0,0.5333333333333333
cbn_unif_mixture,DAGMA,"{""lambda1"": 0.005, ""w_threshold_dagma"": 0.05}",10,15,3000,13,/home/mathis/Documents/Travail/cbnsl_benchmark/scaling/../scaling/results/2026-04-11_01h46_cbn_unif_mixture/graphs/golden__v10_a15_g13.json,/home/mathis/Documents/Travail/cbnsl_benchmark/scaling/../scaling/results/2026-04-11_01h46_cbn_unif_mixture/graphs/DAGMA__v10_a15_g13_s3000.json,,1.7624741409963463,9.0,12.0,0.2222222222222222,0.6666666666666667,0.2222222222222222,0.5333333333333333
cbn_unif_mixture,DAGMA,"{""lambda1"": 0.005, ""w_threshold_dagma"": 0.05}",10,15,5000,13,/home/mathis/Documents/Travail/cbnsl_benchmark/scaling/../scaling/results/2026-04-11_01h46_cbn_unif_mixture/graphs/golden__v10_a15_g13.json,/home/mathis/Documents/Travail/cbnsl_benchmark/scaling/../scaling/results/2026-04-11_01h46_cbn_unif_mixture/graphs/DAGMA__v10_a15_g13_s5000.json,,1.2082346949973726,9.0,12.0,0.2222222222222222,0.6666666666666667,0.2222222222222222,0.5333333333333333
cbn_unif_mixture,DAGMA,"{""lambda1"": 0.005, ""w_threshold_dagma"": 0.05}",10,15,200,14,/home/mathis/Documents/Travail/cbnsl_benchmark/scaling/../scaling/results/2026-04-11_01h46_cbn_unif_mixture/graphs/golden__v10_a15_g14.json,/home/mathis/Documents/Travail/cbnsl_benchmark/scaling/../scaling/results/2026-04-11_01h46_cbn_unif_mixture/graphs/DAGMA__v10_a15_g14_s200.json,,1.153129699996498,15.0,19.0,0.4444444444444445,0.6451612903225806,0.6,0.7142857142857143
cbn_unif_mixture,DAGMA,"{""lambda1"": 0.005, ""w_threshold_dagma"": 0.05}",10,15,500,14,/home/mathis/Documents/Travail/cbnsl_benchmark/scaling/../scaling/results/2026-04-11_01h46_cbn_unif_mixture/graphs/golden__v10_a15_g14.json,/home/mathis/Documents/Travail/cbnsl_benchmark/scaling/../scaling/results/2026-04-11_01h46_cbn_unif_mixture/graphs/DAGMA__v10_a15_g14_s500.json,,1.7209404850000283,15.0,11.0,0.11764705882352942,0.7200000000000001,0.16666666666666666,0.6428571428571429
cbn_unif_mixture,DAGMA,"{""lambda1"": 0.005, ""w_threshold_dagma"": 0.05}",10,15,1000,14,/home/mathis/Documents/Travail/cbnsl_benchmark/scaling/../scaling/results/2026-04-11_01h46_cbn_unif_mixture/graphs/golden__v10_a15_g14.json,/home/mathis/Documents/Travail/cbnsl_benchmark/scaling/../scaling/results/2026-04-11_01h46_cbn_unif_mixture/graphs/DAGMA__v10_a15_g14_s1000.json,,1.6134235040008207,10.0,10.0,0.23529411764705882,0.75,0.2857142857142857,0.6428571428571429
cbn_unif_mixture,DAGMA,"{""lambda1"": 0.005, ""w_threshold_dagma"": 0.05}",10,15,3000,14,/home/mathis/Documents/Travail/cbnsl_benchmark/scaling/../scaling/results/2026-04-11_01h46_cbn_unif_mixture/graphs/golden__v10_a15_g14.json,/home/mathis/Documents/Travail/cbnsl_benchmark/scaling/../scaling/results/2026-04-11_01h46_cbn_unif_mixture/graphs/DAGMA__v10_a15_g14_s3000.json,,1.3837265809997916,11.0,11.0,0.0,0.6956521739130435,0.0,0.5714285714285714
cbn_unif_mixture,DAGMA,"{""lambda1"": 0.005, ""w_threshold_dagma"": 0.05}",10,15,5000,14,/home/mathis/Documents/Travail/cbnsl_benchmark/scaling/../scaling/results/2026-04-11_01h46_cbn_unif_mixture/graphs/golden__v10_a15_g14.json,/home/mathis/Documents/Travail/cbnsl_benchmark/scaling/../scaling/results/2026-04-11_01h46_cbn_unif_mixture/graphs/DAGMA__v10_a15_g14_s5000.json,,1.0672359710006276,11.0,11.0,0.0,0.6956521739130435,0.0,0.5714285714285714
cbn_unif_mixture,DAGMA,"{""lambda1"": 0.005, ""w_threshold_dagma"": 0.05}",10,15,200,15,/home/mathis/Documents/Travail/cbnsl_benchmark/scaling/../scaling/results/2026-04-11_01h46_cbn_unif_mixture/graphs/golden__v10_a15_g15.json,/home/mathis/Documents/Travail/cbnsl_benchmark/scaling/../scaling/results/2026-04-11_01h46_cbn_unif_mixture/graphs/DAGMA__v10_a15_g15_s200.json,,1.3403292030052398,15.0,16.0,0.11764705882352941,0.7199999999999999,0.25,0.75
cbn_unif_mixture,DAGMA,"{""lambda1"": 0.005, ""w_threshold_dagma"": 0.05}",10,15,500,15,/home/mathis/Documents/Travail/cbnsl_benchmark/scaling/../scaling/results/2026-04-11_01h46_cbn_unif_mixture/graphs/golden__v10_a15_g15.json,/home/mathis/Documents/Travail/cbnsl_benchmark/scaling/../scaling/results/2026-04-11_01h46_cbn_unif_mixture/graphs/DAGMA__v10_a15_g15_s500.json,,1.696740093997505,13.0,14.0,0.13333333333333333,0.6666666666666666,0.16666666666666666,0.5833333333333334
cbn_unif_mixture,DAGMA,"{""lambda1"": 0.005, ""w_threshold_dagma"": 0.05}",10,15,1000,15,/home/mathis/Documents/Travail/cbnsl_benchmark/scaling/../scaling/results/2026-04-11_01h46_cbn_unif_mixture/graphs/golden__v10_a15_g15.json,/home/mathis/Documents/Travail/cbnsl_benchmark/scaling/../scaling/results/2026-04-11_01h46_cbn_unif_mixture/graphs/DAGMA__v10_a15_g15_s1000.json,,1.4087625090032816,12.0,14.0,0.25,0.6666666666666666,0.2857142857142857,0.5833333333333334
cbn_unif_mixture,DAGMA,"{""lambda1"": 0.005, ""w_threshold_dagma"": 0.05}",10,15,3000,15,/home/mathis/Documents/Travail/cbnsl_benchmark/scaling/../scaling/results/2026-04-11_01h46_cbn_unif_mixture/graphs/golden__v10_a15_g15.json,/home/mathis/Documents/Travail/cbnsl_benchmark/scaling/../scaling/results/2026-04-11_01h46_cbn_unif_mixture/graphs/DAGMA__v10_a15_g15_s3000.json,,1.27896658499958,12.0,11.0,0.14285714285714285,0.47058823529411764,0.1111111111111111,0.3333333333333333
cbn_unif_mixture,DAGMA,"{""lambda1"": 0.005, ""w_threshold_dagma"": 0.05}",10,15,5000,15,/home/mathis/Documents/Travail/cbnsl_benchmark/scaling/../scaling/results/2026-04-11_01h46_cbn_unif_mixture/graphs/golden__v10_a15_g15.json,/home/mathis/Documents/Travail/cbnsl_benchmark/scaling/../scaling/results/2026-04-11_01h46_cbn_unif_mixture/graphs/DAGMA__v10_a15_g15_s5000.json,,1.440244249002717,12.0,11.0,0.14285714285714288,0.5555555555555556,0.125,0.4166666666666667
cbn_unif_mixture,DAGMA,"{""lambda1"": 0.005, ""w_threshold_dagma"": 0.05}",10,15,200,16,/home/mathis/Documents/Travail/cbnsl_benchmark/scaling/../scaling/results/2026-04-11_01h46_cbn_unif_mixture/graphs/golden__v10_a15_g16.json,/home/mathis/Documents/Travail/cbnsl_benchmark/scaling/../scaling/results/2026-04-11_01h46_cbn_unif_mixture/graphs/DAGMA__v10_a15_g16_s200.json,,1.5521457530048792,18.0,19.0,0.3076923076923077,0.5806451612903225,0.4,0.6
cbn_unif_mixture,DAGMA,"{""lambda1"": 0.005, ""w_threshold_dagma"": 0.05}",10,15,500,16,/home/mathis/Documents/Travail/cbnsl_benchmark/scaling/../scaling/results/2026-04-11_01h46_cbn_unif_mixture/graphs/golden__v10_a15_g16.json,/home/mathis/Documents/Travail/cbnsl_benchmark/scaling/../scaling/results/2026-04-11_01h46_cbn_unif_mixture/graphs/DAGMA__v10_a15_g16_s500.json,,1.418707741999242,15.0,15.0,0.28571428571428564,0.56,0.2727272727272727,0.4666666666666667
cbn_unif_mixture,DAGMA,"{""lambda1"": 0.005, ""w_threshold_dagma"": 0.05}",10,15,1000,16,/home/mathis/Documents/Travail/cbnsl_benchmark/scaling/../scaling/results/2026-04-11_01h46_cbn_unif_mixture/graphs/golden__v10_a15_g16.json,/home/mathis/Documents/Travail/cbnsl_benchmark/scaling/../scaling/results/2026-04-11_01h46_cbn_unif_mixture/graphs/DAGMA__v10_a15_g16_s1000.json,,1.0480160189981689,14.0,11.0,0.3,0.64,0.3,0.5333333333333333
cbn_unif_mixture,DAGMA,"{""lambda1"": 0.005, ""w_threshold_dagma"": 0.05}",10,15,3000,16,/home/mathis/Documents/Travail/cbnsl_benchmark/scaling/../scaling/results/2026-04-11_01h46_cbn_unif_mixture/graphs/golden__v10_a15_g16.json,/home/mathis/Documents/Travail/cbnsl_benchmark/scaling/../scaling/results/2026-04-11_01h46_cbn_unif_mixture/graphs/DAGMA__v10_a15_g16_s3000.json,,0.9087474459956866,15.0,15.0,0.2105263157894737,0.4545454545454545,0.16666666666666666,0.3333333333333333
cbn_unif_mixture,DAGMA,"{""lambda1"": 0.005, ""w_threshold_dagma"": 0.05}",10,15,5000,16,/home/mathis/Documents/Travail/cbnsl_benchmark/scaling/../scaling/results/2026-04-11_01h46_cbn_unif_mixture/graphs/golden__v10_a15_g16.json,/home/mathis/Documents/Travail/cbnsl_benchmark/scaling/../scaling/results/2026-04-11_01h46_cbn_unif_mixture/graphs/DAGMA__v10_a15_g16_s5000.json,,1.031903835995763,16.0,15.0,0.1111111111111111,0.3809523809523809,0.08333333333333333,0.26666666666666666
cbn_unif_mixture,DAGMA,"{""lambda1"": 0.005, ""w_threshold_dagma"": 0.05}",10,15,200,17,/home/mathis/Documents/Travail/cbnsl_benchmark/scaling/../scaling/results/2026-04-11_01h46_cbn_unif_mixture/graphs/golden__v10_a15_g17.json,/home/mathis/Documents/Travail/cbnsl_benchmark/scaling/../scaling/results/2026-04-11_01h46_cbn_unif_mixture/graphs/DAGMA__v10_a15_g17_s200.json,,1.3288075080054114,14.0,19.0,0.18181818181818182,0.7096774193548386,0.3333333333333333,0.7333333333333333
cbn_unif_mixture,DAGMA,"{""lambda1"": 0.005, ""w_threshold_dagma"": 0.05}",10,15,500,17,/home/mathis/Documents/Travail/cbnsl_benchmark/scaling/../scaling/results/2026-04-11_01h46_cbn_unif_mixture/graphs/golden__v10_a15_g17.json,/home/mathis/Documents/Travail/cbnsl_benchmark/scaling/../scaling/results/2026-04-11_01h46_cbn_unif_mixture/graphs/DAGMA__v10_a15_g17_s500.json,,1.1219296829949599,8.0,14.0,0.28571428571428575,0.8000000000000002,0.5,0.8
cbn_unif_mixture,DAGMA,"{""lambda1"": 0.005, ""w_threshold_dagma"": 0.05}",10,15,1000,17,/home/mathis/Documents/Travail/cbnsl_benchmark/scaling/../scaling/results/2026-04-11_01h46_cbn_unif_mixture/graphs/golden__v10_a15_g17.json,/home/mathis/Documents/Travail/cbnsl_benchmark/scaling/../scaling/results/2026-04-11_01h46_cbn_unif_mixture/graphs/DAGMA__v10_a15_g17_s1000.json,,1.4959849760052748,12.0,15.0,0.0,0.7142857142857142,0.0,0.6666666666666666
cbn_unif_mixture,DAGMA,"{""lambda1"": 0.005, ""w_threshold_dagma"": 0.05}",10,15,3000,17,/home/mathis/Documents/Travail/cbnsl_benchmark/scaling/../scaling/results/2026-04-11_01h46_cbn_unif_mixture/graphs/golden__v10_a15_g17.json,/home/mathis/Documents/Travail/cbnsl_benchmark/scaling/../scaling/results/2026-04-11_01h46_cbn_unif_mixture/graphs/DAGMA__v10_a15_g17_s3000.json,,1.395054758999322,9.0,12.0,0.0,0.8148148148148148,0.0,0.7333333333333333
cbn_unif_mixture,DAGMA,"{""lambda1"": 0.005, ""w_threshold_dagma"": 0.05}",10,15,5000,17,/home/mathis/Documents/Travail/cbnsl_benchmark/scaling/../scaling/results/2026-04-11_01h46_cbn_unif_mixture/graphs/golden__v10_a15_g17.json,/home/mathis/Documents/Travail/cbnsl_benchmark/scaling/../scaling/results/2026-04-11_01h46_cbn_unif_mixture/graphs/DAGMA__v10_a15_g17_s5000.json,,1.4818489370009047,6.0,10.0,0.3157894736842105,0.8571428571428571,0.5,0.8
cbn_unif_mixture,DAGMA,"{""lambda1"": 0.005, ""w_threshold_dagma"": 0.05}",10,15,200,18,/home/mathis/Documents/Travail/cbnsl_benchmark/scaling/../scaling/results/2026-04-11_01h46_cbn_unif_mixture/graphs/golden__v10_a15_g18.json,/home/mathis/Documents/Travail/cbnsl_benchmark/scaling/../scaling/results/2026-04-11_01h46_cbn_unif_mixture/graphs/DAGMA__v10_a15_g18_s200.json,,1.5615812739997637,13.0,10.0,0.34782608695652173,0.6428571428571429,0.4,0.6
cbn_unif_mixture,DAGMA,"{""lambda1"": 0.005, ""w_threshold_dagma"": 0.05}",10,15,500,18,/home/mathis/Documents/Travail/cbnsl_benchmark/scaling/../scaling/results/2026-04-11_01h46_cbn_unif_mixture/graphs/golden__v10_a15_g18.json,/home/mathis/Documents/Travail/cbnsl_benchmark/scaling/../scaling/results/2026-04-11_01h46_cbn_unif_mixture/graphs/DAGMA__v10_a15_g18_s500.json,,1.126930397003889,12.0,14.0,0.11111111111111112,0.64,0.125,0.5333333333333333
cbn_unif_mixture,DAGMA,"{""lambda1"": 0.005, ""w_threshold_dagma"": 0.05}",10,15,1000,18,/home/mathis/Documents/Travail/cbnsl_benchmark/scaling/../scaling/results/2026-04-11_01h46_cbn_unif_mixture/graphs/golden__v10_a15_g18.json,/home/mathis/Documents/Travail/cbnsl_benchmark/scaling/../scaling/results/2026-04-11_01h46_cbn_unif_mixture/graphs/DAGMA__v10_a15_g18_s1000.json,,1.5813215849993867,11.0,13.0,0.11764705882352941,0.608695652173913,0.1111111111111111,0.4666666666666667
cbn_unif_mixture,DAGMA,"{""lambda1"": 0.005, ""w_threshold_dagma"": 0.05}",10,15,3000,18,/home/mathis/Documents/Travail/cbnsl_benchmark/scaling/../scaling/results/2026-04-11_01h46_cbn_unif_mixture/graphs/golden__v10_a15_g18.json,/home/mathis/Documents/Travail/cbnsl_benchmark/scaling/../scaling/results/2026-04-11_01h46_cbn_unif_mixture/graphs/DAGMA__v10_a15_g18_s3000.json,,1.585761892994924,11.0,14.0,0.11764705882352942,0.47619047619047616,0.09090909090909091,0.3333333333333333
cbn_unif_mixture,DAGMA,"{""lambda1"": 0.005, ""w_threshold_dagma"": 0.05}",10,15,5000,18,/home/mathis/Documents/Travail/cbnsl_benchmark/scaling/../scaling/results/2026-04-11_01h46_cbn_unif_mixture/graphs/golden__v10_a15_g18.json,/home/mathis/Documents/Travail/cbnsl_benchmark/scaling/../scaling/results/2026-04-11_01h46_cbn_unif_mixture/graphs/DAGMA__v10_a15_g18_s5000.json,,1.4615139279994764,11.0,14.0,0.11764705882352941,0.608695652173913,0.1111111111111111,0.4666666666666667
cbn_unif_mixture,DAGMA,"{""lambda1"": 0.005, ""w_threshold_dagma"": 0.05}",10,15,200,19,/home/mathis/Documents/Travail/cbnsl_benchmark/scaling/../scaling/results/2026-04-11_01h46_cbn_unif_mixture/graphs/golden__v10_a15_g19.json,/home/mathis/Documents/Travail/cbnsl_benchmark/scaling/../scaling/results/2026-04-11_01h46_cbn_unif_mixture/graphs/DAGMA__v10_a15_g19_s200.json,,1.2705591959966114,17.0,17.0,0.4,0.5714285714285715,0.4166666666666667,0.5333333333333333
cbn_unif_mixture,DAGMA,"{""lambda1"": 0.005, ""w_threshold_dagma"": 0.05}",10,15,500,19,/home/mathis/Documents/Travail/cbnsl_benchmark/scaling/../scaling/results/2026-04-11_01h46_cbn_unif_mixture/graphs/golden__v10_a15_g19.json,/home/mathis/Documents/Travail/cbnsl_benchmark/scaling/../scaling/results/2026-04-11_01h46_cbn_unif_mixture/graphs/DAGMA__v10_a15_g19_s500.json,,1.286933664996468,10.0,12.0,0.11764705882352941,0.6666666666666667,0.125,0.5333333333333333
cbn_unif_mixture,DAGMA,"{""lambda1"": 0.005, ""w_threshold_dagma"": 0.05}",10,15,1000,19,/home/mathis/Documents/Travail/cbnsl_benchmark/scaling/../scaling/results/2026-04-11_01h46_cbn_unif_mixture/graphs/golden__v10_a15_g19.json,/home/mathis/Documents/Travail/cbnsl_benchmark/scaling/../scaling/results/2026-04-11_01h46_cbn_unif_mixture/graphs/DAGMA__v10_a15_g19_s1000.json,,1.2257300069977646,10.0,12.0,0.11764705882352941,0.608695652173913,0.1111111111111111,0.4666666666666667
cbn_unif_mixture,DAGMA,"{""lambda1"": 0.005, ""w_threshold_dagma"": 0.05}",10,15,3000,19,/home/mathis/Documents/Travail/cbnsl_benchmark/scaling/../scaling/results/2026-04-11_01h46_cbn_unif_mixture/graphs/golden__v10_a15_g19.json,/home/mathis/Documents/Travail/cbnsl_benchmark/scaling/../scaling/results/2026-04-11_01h46_cbn_unif_mixture/graphs/DAGMA__v10_a15_g19_s3000.json,,1.4452009980013827,10.0,12.0,0.11764705882352941,0.608695652173913,0.1111111111111111,0.4666666666666667
cbn_unif_mixture,DAGMA,"{""lambda1"": 0.005, ""w_threshold_dagma"": 0.05}",10,15,5000,19,/home/mathis/Documents/Travail/cbnsl_benchmark/scaling/../scaling/results/2026-04-11_01h46_cbn_unif_mixture/graphs/golden__v10_a15_g19.json,/home/mathis/Documents/Travail/cbnsl_benchmark/scaling/../scaling/results/2026-04-11_01h46_cbn_unif_mixture/graphs/DAGMA__v10_a15_g19_s5000.json,,2.2177603869931772,10.0,12.0,0.11764705882352941,0.608695652173913,0.1111111111111111,0.4666666666666667
cbn_unif_mixture,DAGMA,"{""lambda1"": 0.005, ""w_threshold_dagma"": 0.05}",10,15,200,20,/home/mathis/Documents/Travail/cbnsl_benchmark/scaling/../scaling/results/2026-04-11_01h46_cbn_unif_mixture/graphs/golden__v10_a15_g20.json,,[pyAgrum] Directed cycle detected: Add a directed cycle in a dag !,,,,,,,
cbn_unif_mixture,DAGMA,"{""lambda1"": 0.005, ""w_threshold_dagma"": 0.05}",10,15,500,20,/home/mathis/Documents/Travail/cbnsl_benchmark/scaling/../scaling/results/2026-04-11_01h46_cbn_unif_mixture/graphs/golden__v10_a15_g20.json,/home/mathis/Documents/Travail/cbnsl_benchmark/scaling/../scaling/results/2026-04-11_01h46_cbn_unif_mixture/graphs/DAGMA__v10_a15_g20_s500.json,,1.5495905409989064,8.0,10.0,0.47058823529411764,0.631578947368421,0.4444444444444444,0.5454545454545454
cbn_unif_mixture,DAGMA,"{""lambda1"": 0.005, ""w_threshold_dagma"": 0.05}",10,15,1000,20,/home/mathis/Documents/Travail/cbnsl_benchmark/scaling/../scaling/results/2026-04-11_01h46_cbn_unif_mixture/graphs/golden__v10_a15_g20.json,/home/mathis/Documents/Travail/cbnsl_benchmark/scaling/../scaling/results/2026-04-11_01h46_cbn_unif_mixture/graphs/DAGMA__v10_a15_g20_s1000.json,,1.021116970005096,8.0,9.0,0.0,0.7058823529411764,0.0,0.5454545454545454
cbn_unif_mixture,DAGMA,"{""lambda1"": 0.005, ""w_threshold_dagma"": 0.05}",10,15,3000,20,/home/mathis/Documents/Travail/cbnsl_benchmark/scaling/../scaling/results/2026-04-11_01h46_cbn_unif_mixture/graphs/golden__v10_a15_g20.json,/home/mathis/Documents/Travail/cbnsl_benchmark/scaling/../scaling/results/2026-04-11_01h46_cbn_unif_mixture/graphs/DAGMA__v10_a15_g20_s3000.json,,1.6786576180020347,8.0,8.0,0.0,0.625,0.0,0.45454545454545453
cbn_unif_mixture,DAGMA,"{""lambda1"": 0.005, ""w_threshold_dagma"": 0.05}",10,15,5000,20,/home/mathis/Documents/Travail/cbnsl_benchmark/scaling/../scaling/results/2026-04-11_01h46_cbn_unif_mixture/graphs/golden__v10_a15_g20.json,/home/mathis/Documents/Travail/cbnsl_benchmark/scaling/../scaling/results/2026-04-11_01h46_cbn_unif_mixture/graphs/DAGMA__v10_a15_g20_s5000.json,,1.3514622540023993,8.0,9.0,0.0,0.5333333333333333,0.0,0.36363636363636365
cbn_unif_mixture,DAGMA,"{""lambda1"": 0.005, ""w_threshold_dagma"": 0.05}",10,15,200,21,/home/mathis/Documents/Travail/cbnsl_benchmark/scaling/../scaling/results/2026-04-11_01h46_cbn_unif_mixture/graphs/golden__v10_a15_g21.json,/home/mathis/Documents/Travail/cbnsl_benchmark/scaling/../scaling/results/2026-04-11_01h46_cbn_unif_mixture/graphs/DAGMA__v10_a15_g21_s200.json,,0.9489275950036244,17.0,17.0,0.10000000000000002,0.48,0.1,0.4
cbn_unif_mixture,DAGMA,"{""lambda1"": 0.005, ""w_threshold_dagma"": 0.05}",10,15,500,21,/home/mathis/Documents/Travail/cbnsl_benchmark/scaling/../scaling/results/2026-04-11_01h46_cbn_unif_mixture/graphs/golden__v10_a15_g21.json,/home/mathis/Documents/Travail/cbnsl_benchmark/scaling/../scaling/results/2026-04-11_01h46_cbn_unif_mixture/graphs/DAGMA__v10_a15_g21_s500.json,,1.7215538559976267,14.0,14.0,0.2105263157894737,0.64,0.2222222222222222,0.5333333333333333
cbn_unif_mixture,DAGMA,"{""lambda1"": 0.005, ""w_threshold_dagma"": 0.05}",10,15,1000,21,/home/mathis/Documents/Travail/cbnsl_benchmark/scaling/../scaling/results/2026-04-11_01h46_cbn_unif_mixture/graphs/golden__v10_a15_g21.json,/home/mathis/Documents/Travail/cbnsl_benchmark/scaling/../scaling/results/2026-04-11_01h46_cbn_unif_mixture/graphs/DAGMA__v10_a15_g21_s1000.json,,1.597807598001964,16.0,16.0,0.0,0.4545454545454545,0.0,0.3333333333333333
cbn_unif_mixture,DAGMA,"{""lambda1"": 0.005, ""w_threshold_dagma"": 0.05}",10,15,3000,21,/home/mathis/Documents/Travail/cbnsl_benchmark/scaling/../scaling/results/2026-04-11_01h46_cbn_unif_mixture/graphs/golden__v10_a15_g21.json,/home/mathis/Documents/Travail/cbnsl_benchmark/scaling/../scaling/results/2026-04-11_01h46_cbn_unif_mixture/graphs/DAGMA__v10_a15_g21_s3000.json,,0.8750431849985034,14.0,12.0,0.0,0.5714285714285715,0.0,0.4
cbn_unif_mixture,DAGMA,"{""lambda1"": 0.005, ""w_threshold_dagma"": 0.05}",10,15,5000,21,/home/mathis/Documents/Travail/cbnsl_benchmark/scaling/../scaling/results/2026-04-11_01h46_cbn_unif_mixture/graphs/golden__v10_a15_g21.json,/home/mathis/Documents/Travail/cbnsl_benchmark/scaling/../scaling/results/2026-04-11_01h46_cbn_unif_mixture/graphs/DAGMA__v10_a15_g21_s5000.json,,1.071291285996267,14.0,12.0,0.0,0.5714285714285715,0.0,0.4
cbn_unif_mixture,DAGMA,"{""lambda1"": 0.005, ""w_threshold_dagma"": 0.05}",10,15,200,22,/home/mathis/Documents/Travail/cbnsl_benchmark/scaling/../scaling/results/2026-04-11_01h46_cbn_unif_mixture/graphs/golden__v10_a15_g22.json,/home/mathis/Documents/Travail/cbnsl_benchmark/scaling/../scaling/results/2026-04-11_01h46_cbn_unif_mixture/graphs/DAGMA__v10_a15_g22_s200.json,,1.2537621449955623,18.0,16.0,0.30769230769230765,0.625,0.4444444444444444,0.6666666666666666
cbn_unif_mixture,DAGMA,"{""lambda1"": 0.005, ""w_threshold_dagma"": 0.05}",10,15,500,22,/home/mathis/Documents/Travail/cbnsl_benchmark/scaling/../scaling/results/2026-04-11_01h46_cbn_unif_mixture/graphs/golden__v10_a15_g22.json,/home/mathis/Documents/Travail/cbnsl_benchmark/scaling/../scaling/results/2026-04-11_01h46_cbn_unif_mixture/graphs/DAGMA__v10_a15_g22_s500.json,,1.2647700010056724,11.0,16.0,0.11111111111111112,0.64,0.125,0.5333333333333333
cbn_unif_mixture,DAGMA,"{""lambda1"": 0.005, ""w_threshold_dagma"": 0.05}",10,15,1000,22,/home/mathis/Documents/Travail/cbnsl_benchmark/scaling/../scaling/results/2026-04-11_01h46_cbn_unif_mixture/graphs/golden__v10_a15_g22.json,/home/mathis/Documents/Travail/cbnsl_benchmark/scaling/../scaling/results/2026-04-11_01h46_cbn_unif_mixture/graphs/DAGMA__v10_a15_g22_s1000.json,,1.2646116289979545,11.0,12.0,0.33333333333333326,0.6956521739130436,0.3,0.5333333333333333
cbn_unif_mixture,DAGMA,"{""lambda1"": 0.005, ""w_threshold_dagma"": 0.05}",10,15,3000,22,/home/mathis/Documents/Travail/cbnsl_benchmark/scaling/../scaling/results/2026-04-11_01h46_cbn_unif_mixture/graphs/golden__v10_a15_g22.json,/home/mathis/Documents/Travail/cbnsl_benchmark/scaling/../scaling/results/2026-04-11_01h46_cbn_unif_mixture/graphs/DAGMA__v10_a15_g22_s3000.json,,1.2640256300001056,11.0,12.0,0.33333333333333326,0.6956521739130436,0.3,0.5333333333333333
cbn_unif_mixture,DAGMA,"{""lambda1"": 0.005, ""w_threshold_dagma"": 0.05}",10,15,5000,22,/home/mathis/Documents/Travail/cbnsl_benchmark/scaling/../scaling/results/2026-04-11_01h46_cbn_unif_mixture/graphs/golden__v10_a15_g22.json,/home/mathis/Documents/Travail/cbnsl_benchmark/scaling/../scaling/results/2026-04-11_01h46_cbn_unif_mixture/graphs/DAGMA__v10_a15_g22_s5000.json,,2.3243091689946596,7.0,12.0,0.0,0.6956521739130436,0.0,0.5333333333333333
cbn_unif_mixture,DAGMA,"{""lambda1"": 0.005, ""w_threshold_dagma"": 0.05}",10,15,200,23,/home/mathis/Documents/Travail/cbnsl_benchmark/scaling/../scaling/results/2026-04-11_01h46_cbn_unif_mixture/graphs/golden__v10_a15_g23.json,/home/mathis/Documents/Travail/cbnsl_benchmark/scaling/../scaling/results/2026-04-11_01h46_cbn_unif_mixture/graphs/DAGMA__v10_a15_g23_s200.json,,1.3396468099963386,16.0,20.0,0.24,0.5333333333333333,0.3,0.5333333333333333
cbn_unif_mixture,DAGMA,"{""lambda1"": 0.005, ""w_threshold_dagma"": 0.05}",10,15,500,23,/home/mathis/Documents/Travail/cbnsl_benchmark/scaling/../scaling/results/2026-04-11_01h46_cbn_unif_mixture/graphs/golden__v10_a15_g23.json,/home/mathis/Documents/Travail/cbnsl_benchmark/scaling/../scaling/results/2026-04-11_01h46_cbn_unif_mixture/graphs/DAGMA__v10_a15_g23_s500.json,,1.4337595059987507,19.0,18.0,0.09523809523809525,0.5185185185185186,0.1111111111111111,0.4666666666666667
cbn_unif_mixture,DAGMA,"{""lambda1"": 0.005, ""w_threshold_dagma"": 0.05}",10,15,1000,23,/home/mathis/Documents/Travail/cbnsl_benchmark/scaling/../scaling/results/2026-04-11_01h46_cbn_unif_mixture/graphs/golden__v10_a15_g23.json,/home/mathis/Documents/Travail/cbnsl_benchmark/scaling/../scaling/results/2026-04-11_01h46_cbn_unif_mixture/graphs/DAGMA__v10_a15_g23_s1000.json,,1.6030573299940443,13.0,14.0,0.45454545454545453,0.6923076923076923,0.45454545454545453,0.6
cbn_unif_mixture,DAGMA,"{""lambda1"": 0.005, ""w_threshold_dagma"": 0.05}",10,15,3000,23,/home/mathis/Documents/Travail/cbnsl_benchmark/scaling/../scaling/results/2026-04-11_01h46_cbn_unif_mixture/graphs/golden__v10_a15_g23.json,/home/mathis/Documents/Travail/cbnsl_benchmark/scaling/../scaling/results/2026-04-11_01h46_cbn_unif_mixture/graphs/DAGMA__v10_a15_g23_s3000.json,,1.5604200060042785,11.0,15.0,0.0,0.608695652173913,0.0,0.4666666666666667
cbn_unif_mixture,DAGMA,"{""lambda1"": 0.005, ""w_threshold_dagma"": 0.05}",10,15,5000,23,/home/mathis/Documents/Travail/cbnsl_benchmark/scaling/../scaling/results/2026-04-11_01h46_cbn_unif_mixture/graphs/golden__v10_a15_g23.json,/home/mathis/Documents/Travail/cbnsl_benchmark/scaling/../scaling/results/2026-04-11_01h46_cbn_unif_mixture/graphs/DAGMA__v10_a15_g23_s5000.json,,1.3628686590018333,6.0,12.0,0.47619047619047616,0.7692307692307692,0.5,0.6666666666666666
cbn_unif_mixture,DAGMA,"{""lambda1"": 0.005, ""w_threshold_dagma"": 0.05}",10,15,200,24,/home/mathis/Documents/Travail/cbnsl_benchmark/scaling/../scaling/results/2026-04-11_01h46_cbn_unif_mixture/graphs/golden__v10_a15_g24.json,/home/mathis/Documents/Travail/cbnsl_benchmark/scaling/../scaling/results/2026-04-11_01h46_cbn_unif_mixture/graphs/DAGMA__v10_a15_g24_s200.json,,1.4352486369971302,13.0,15.0,0.3333333333333333,0.8,0.75,0.9090909090909091
cbn_unif_mixture,DAGMA,"{""lambda1"": 0.005, ""w_threshold_dagma"": 0.05}",10,15,500,24,/home/mathis/Documents/Travail/cbnsl_benchmark/scaling/../scaling/results/2026-04-11_01h46_cbn_unif_mixture/graphs/golden__v10_a15_g24.json,/home/mathis/Documents/Travail/cbnsl_benchmark/scaling/../scaling/results/2026-04-11_01h46_cbn_unif_mixture/graphs/DAGMA__v10_a15_g24_s500.json,,1.3955042329980643,10.0,9.0,0.28571428571428575,0.8571428571428572,0.5,0.8181818181818182
cbn_unif_mixture,DAGMA,"{""lambda1"": 0.005, ""w_threshold_dagma"": 0.05}",10,15,1000,24,/home/mathis/Documents/Travail/cbnsl_benchmark/scaling/../scaling/results/2026-04-11_01h46_cbn_unif_mixture/graphs/golden__v10_a15_g24.json,/home/mathis/Documents/Travail/cbnsl_benchmark/scaling/../scaling/results/2026-04-11_01h46_cbn_unif_mixture/graphs/DAGMA__v10_a15_g24_s1000.json,,1.756936992998817,8.0,9.0,0.5333333333333333,0.9,0.6666666666666666,0.8181818181818182
cbn_unif_mixture,DAGMA,"{""lambda1"": 0.005, ""w_threshold_dagma"": 0.05}",10,15,3000,24,/home/mathis/Documents/Travail/cbnsl_benchmark/scaling/../scaling/results/2026-04-11_01h46_cbn_unif_mixture/graphs/golden__v10_a15_g24.json,/home/mathis/Documents/Travail/cbnsl_benchmark/scaling/../scaling/results/2026-04-11_01h46_cbn_unif_mixture/graphs/DAGMA__v10_a15_g24_s3000.json,,0.9777968069975032,8.0,9.0,0.16666666666666666,0.8421052631578948,0.25,0.7272727272727273
cbn_unif_mixture,DAGMA,"{""lambda1"": 0.005, ""w_threshold_dagma"": 0.05}",10,15,5000,24,/home/mathis/Documents/Travail/cbnsl_benchmark/scaling/../scaling/results/2026-04-11_01h46_cbn_unif_mixture/graphs/golden__v10_a15_g24.json,/home/mathis/Documents/Travail/cbnsl_benchmark/scaling/../scaling/results/2026-04-11_01h46_cbn_unif_mixture/graphs/DAGMA__v10_a15_g24_s5000.json,,1.1789594560032128,8.0,9.0,0.16666666666666666,0.8421052631578948,0.25,0.7272727272727273
cbn_unif_mixture,DAGMA,"{""lambda1"": 0.005, ""w_threshold_dagma"": 0.05}",10,15,200,25,/home/mathis/Documents/Travail/cbnsl_benchmark/scaling/../scaling/results/2026-04-11_01h46_cbn_unif_mixture/graphs/golden__v10_a15_g25.json,/home/mathis/Documents/Travail/cbnsl_benchmark/scaling/../scaling/results/2026-04-11_01h46_cbn_unif_mixture/graphs/DAGMA__v10_a15_g25_s200.json,,1.8630322430035449,14.0,18.0,0.09523809523809525,0.5714285714285715,0.125,0.5333333333333333
cbn_unif_mixture,DAGMA,"{""lambda1"": 0.005, ""w_threshold_dagma"": 0.05}",10,15,500,25,/home/mathis/Documents/Travail/cbnsl_benchmark/scaling/../scaling/results/2026-04-11_01h46_cbn_unif_mixture/graphs/golden__v10_a15_g25.json,/home/mathis/Documents/Travail/cbnsl_benchmark/scaling/../scaling/results/2026-04-11_01h46_cbn_unif_mixture/graphs/DAGMA__v10_a15_g25_s500.json,,1.422856851000688,11.0,16.0,0.19999999999999998,0.6153846153846153,0.2222222222222222,0.5333333333333333
cbn_unif_mixture,DAGMA,"{""lambda1"": 0.005, ""w_threshold_dagma"": 0.05}",10,15,1000,25,/home/mathis/Documents/Travail/cbnsl_benchmark/scaling/../scaling/results/2026-04-11_01h46_cbn_unif_mixture/graphs/golden__v10_a15_g25.json,/home/mathis/Documents/Travail/cbnsl_benchmark/scaling/../scaling/results/2026-04-11_01h46_cbn_unif_mixture/graphs/DAGMA__v10_a15_g25_s1000.json,,1.203770236003038,10.0,10.0,0.0,0.6666666666666667,0.0,0.5333333333333333
cbn_unif_mixture,DAGMA,"{""lambda1"": 0.005, ""w_threshold_dagma"": 0.05}",10,15,3000,25,/home/mathis/Documents/Travail/cbnsl_benchmark/scaling/../scaling/results/2026-04-11_01h46_cbn_unif_mixture/graphs/golden__v10_a15_g25.json,/home/mathis/Documents/Travail/cbnsl_benchmark/scaling/../scaling/results/2026-04-11_01h46_cbn_unif_mixture/graphs/DAGMA__v10_a15_g25_s3000.json,,1.235557826999866,10.0,12.0,0.0,0.5454545454545455,0.0,0.4
cbn_unif_mixture,DAGMA,"{""lambda1"": 0.005, ""w_threshold_dagma"": 0.05}",10,15,5000,25,/home/mathis/Documents/Travail/cbnsl_benchmark/scaling/../scaling/results/2026-04-11_01h46_cbn_unif_mixture/graphs/golden__v10_a15_g25.json,/home/mathis/Documents/Travail/cbnsl_benchmark/scaling/../scaling/results/2026-04-11_01h46_cbn_unif_mixture/graphs/DAGMA__v10_a15_g25_s5000.json,,1.096796900004847,9.0,10.0,0.0,0.6363636363636364,0.0,0.4666666666666667
cbn_unif_mixture,DAGMA,"{""lambda1"": 0.005, ""w_threshold_dagma"": 0.05}",10,15,200,26,/home/mathis/Documents/Travail/cbnsl_benchmark/scaling/../scaling/results/2026-04-11_01h46_cbn_unif_mixture/graphs/golden__v10_a15_g26.json,/home/mathis/Documents/Travail/cbnsl_benchmark/scaling/../scaling/results/2026-04-11_01h46_cbn_unif_mixture/graphs/DAGMA__v10_a15_g26_s200.json,,1.6061264849995496,12.0,16.0,0.41666666666666663,0.689655172413793,0.5,0.6666666666666666
cbn_unif_mixture,DAGMA,"{""lambda1"": 0.005, ""w_threshold_dagma"": 0.05}",10,15,500,26,/home/mathis/Documents/Travail/cbnsl_benchmark/scaling/../scaling/results/2026-04-11_01h46_cbn_unif_mixture/graphs/golden__v10_a15_g26.json,/home/mathis/Documents/Travail/cbnsl_benchmark/scaling/../scaling/results/2026-04-11_01h46_cbn_unif_mixture/graphs/DAGMA__v10_a15_g26_s500.json,,1.4833251460004249,15.0,19.0,0.4615384615384615,0.6206896551724138,0.5,0.6
cbn_unif_mixture,DAGMA,"{""lambda1"": 0.005, ""w_threshold_dagma"": 0.05}",10,15,1000,26,/home/mathis/Documents/Travail/cbnsl_benchmark/scaling/../scaling/results/2026-04-11_01h46_cbn_unif_mixture/graphs/golden__v10_a15_g26.json,/home/mathis/Documents/Travail/cbnsl_benchmark/scaling/../scaling/results/2026-04-11_01h46_cbn_unif_mixture/graphs/DAGMA__v10_a15_g26_s1000.json,,0.8494357710005715,9.0,14.0,0.5217391304347826,0.7407407407407408,0.5454545454545454,0.6666666666666666
cbn_unif_mixture,DAGMA,"{""lambda1"": 0.005, ""w_threshold_dagma"": 0.05}",10,15,3000,26,/home/mathis/Documents/Travail/cbnsl_benchmark/scaling/../scaling/results/2026-04-11_01h46_cbn_unif_mixture/graphs/golden__v10_a15_g26.json,/home/mathis/Documents/Travail/cbnsl_benchmark/scaling/../scaling/results/2026-04-11_01h46_cbn_unif_mixture/graphs/DAGMA__v10_a15_g26_s3000.json,,1.1825680929978262,9.0,14.0,0.47619047619047616,0.7692307692307692,0.5,0.6666666666666666
cbn_unif_mixture,DAGMA,"{""lambda1"": 0.005, ""w_threshold_dagma"": 0.05}",10,15,5000,26,/home/mathis/Documents/Travail/cbnsl_benchmark/scaling/../scaling/results/2026-04-11_01h46_cbn_unif_mixture/graphs/golden__v10_a15_g26.json,/home/mathis/Documents/Travail/cbnsl_benchmark/scaling/../scaling/results/2026-04-11_01h46_cbn_unif_mixture/graphs/DAGMA__v10_a15_g26_s5000.json,,1.1174290759954602,9.0,15.0,0.47619047619047616,0.7692307692307692,0.5,0.6666666666666666
cbn_unif_mixture,DAGMA,"{""lambda1"": 0.005, ""w_threshold_dagma"": 0.05}",10,15,200,27,/home/mathis/Documents/Travail/cbnsl_benchmark/scaling/../scaling/results/2026-04-11_01h46_cbn_unif_mixture/graphs/golden__v10_a15_g27.json,/home/mathis/Documents/Travail/cbnsl_benchmark/scaling/../scaling/results/2026-04-11_01h46_cbn_unif_mixture/graphs/DAGMA__v10_a15_g27_s200.json,,1.6052381589979632,17.0,15.0,0.0,0.5384615384615385,0.0,0.4666666666666667
cbn_unif_mixture,DAGMA,"{""lambda1"": 0.005, ""w_threshold_dagma"": 0.05}",10,15,500,27,/home/mathis/Documents/Travail/cbnsl_benchmark/scaling/../scaling/results/2026-04-11_01h46_cbn_unif_mixture/graphs/golden__v10_a15_g27.json,/home/mathis/Documents/Travail/cbnsl_benchmark/scaling/../scaling/results/2026-04-11_01h46_cbn_unif_mixture/graphs/DAGMA__v10_a15_g27_s500.json,,1.832556534995092,14.0,15.0,0.1111111111111111,0.3809523809523809,0.08333333333333333,0.26666666666666666
cbn_unif_mixture,DAGMA,"{""lambda1"": 0.005, ""w_threshold_dagma"": 0.05}",10,15,1000,27,/home/mathis/Documents/Travail/cbnsl_benchmark/scaling/../scaling/results/2026-04-11_01h46_cbn_unif_mixture/graphs/golden__v10_a15_g27.json,/home/mathis/Documents/Travail/cbnsl_benchmark/scaling/../scaling/results/2026-04-11_01h46_cbn_unif_mixture/graphs/DAGMA__v10_a15_g27_s1000.json,,1.2756991059941356,16.0,13.0,0.0,0.47619047619047616,0.0,0.3333333333333333
cbn_unif_mixture,DAGMA,"{""lambda1"": 0.005, ""w_threshold_dagma"": 0.05}",10,15,3000,27,/home/mathis/Documents/Travail/cbnsl_benchmark/scaling/../scaling/results/2026-04-11_01h46_cbn_unif_mixture/graphs/golden__v10_a15_g27.json,/home/mathis/Documents/Travail/cbnsl_benchmark/scaling/../scaling/results/2026-04-11_01h46_cbn_unif_mixture/graphs/DAGMA__v10_a15_g27_s3000.json,,1.5238184310001088,14.0,15.0,0.2222222222222222,0.4,0.15384615384615385,0.26666666666666666
cbn_unif_mixture,DAGMA,"{""lambda1"": 0.005, ""w_threshold_dagma"": 0.05}",10,15,5000,27,/home/mathis/Documents/Travail/cbnsl_benchmark/scaling/../scaling/results/2026-04-11_01h46_cbn_unif_mixture/graphs/golden__v10_a15_g27.json,/home/mathis/Documents/Travail/cbnsl_benchmark/scaling/../scaling/results/2026-04-11_01h46_cbn_unif_mixture/graphs/DAGMA__v10_a15_g27_s5000.json,,1.5743257889989763,16.0,14.0,0.0,0.31578947368421056,0.0,0.2
cbn_unif_mixture,DAGMA,"{""lambda1"": 0.005, ""w_threshold_dagma"": 0.05}",10,15,200,28,/home/mathis/Documents/Travail/cbnsl_benchmark/scaling/../scaling/results/2026-04-11_01h46_cbn_unif_mixture/graphs/golden__v10_a15_g28.json,/home/mathis/Documents/Travail/cbnsl_benchmark/scaling/../scaling/results/2026-04-11_01h46_cbn_unif_mixture/graphs/DAGMA__v10_a15_g28_s200.json,,1.6942418760008877,12.0,16.0,0.3157894736842105,0.4,0.2727272727272727,0.3333333333333333
cbn_unif_mixture,DAGMA,"{""lambda1"": 0.005, ""w_threshold_dagma"": 0.05}",10,15,500,28,/home/mathis/Documents/Travail/cbnsl_benchmark/scaling/../scaling/results/2026-04-11_01h46_cbn_unif_mixture/graphs/golden__v10_a15_g28.json,/home/mathis/Documents/Travail/cbnsl_benchmark/scaling/../scaling/results/2026-04-11_01h46_cbn_unif_mixture/graphs/DAGMA__v10_a15_g28_s500.json,,1.3581873840012122,10.0,12.0,0.26666666666666666,0.5555555555555556,0.2222222222222222,0.4166666666666667
cbn_unif_mixture,DAGMA,"{""lambda1"": 0.005, ""w_threshold_dagma"": 0.05}",10,15,1000,28,/home/mathis/Documents/Travail/cbnsl_benchmark/scaling/../scaling/results/2026-04-11_01h46_cbn_unif_mixture/graphs/golden__v10_a15_g28.json,/home/mathis/Documents/Travail/cbnsl_benchmark/scaling/../scaling/results/2026-04-11_01h46_cbn_unif_mixture/graphs/DAGMA__v10_a15_g28_s1000.json,,1.4591906959976768,8.0,11.0,0.4,0.6666666666666666,0.3333333333333333,0.5
cbn_unif_mixture,DAGMA,"{""lambda1"": 0.005, ""w_threshold_dagma"": 0.05}",10,15,3000,28,/home/mathis/Documents/Travail/cbnsl_benchmark/scaling/../scaling/results/2026-04-11_01h46_cbn_unif_mixture/graphs/golden__v10_a15_g28.json,/home/mathis/Documents/Travail/cbnsl_benchmark/scaling/../scaling/results/2026-04-11_01h46_cbn_unif_mixture/graphs/DAGMA__v10_a15_g28_s3000.json,,1.1409423730001436,6.0,12.0,0.5882352941176471,0.6666666666666666,0.45454545454545453,0.5
cbn_unif_mixture,DAGMA,"{""lambda1"": 0.005, ""w_threshold_dagma"": 0.05}",10,15,5000,28,/home/mathis/Documents/Travail/cbnsl_benchmark/scaling/../scaling/results/2026-04-11_01h46_cbn_unif_mixture/graphs/golden__v10_a15_g28.json,/home/mathis/Documents/Travail/cbnsl_benchmark/scaling/../scaling/results/2026-04-11_01h46_cbn_unif_mixture/graphs/DAGMA__v10_a15_g28_s5000.json,,1.082532367996464,6.0,12.0,0.5882352941176471,0.6666666666666666,0.45454545454545453,0.5
cbn_unif_mixture,DAGMA,"{""lambda1"": 0.005, ""w_threshold_dagma"": 0.05}",10,15,200,29,/home/mathis/Documents/Travail/cbnsl_benchmark/scaling/../scaling/results/2026-04-11_01h46_cbn_unif_mixture/graphs/golden__v10_a15_g29.json,/home/mathis/Documents/Travail/cbnsl_benchmark/scaling/../scaling/results/2026-04-11_01h46_cbn_unif_mixture/graphs/DAGMA__v10_a15_g29_s200.json,,1.0095792959982646,14.0,14.0,0.48,0.7333333333333333,0.6,0.7333333333333333
cbn_unif_mixture,DAGMA,"{""lambda1"": 0.005, ""w_threshold_dagma"": 0.05}",10,15,500,29,/home/mathis/Documents/Travail/cbnsl_benchmark/scaling/../scaling/results/2026-04-11_01h46_cbn_unif_mixture/graphs/golden__v10_a15_g29.json,/home/mathis/Documents/Travail/cbnsl_benchmark/scaling/../scaling/results/2026-04-11_01h46_cbn_unif_mixture/graphs/DAGMA__v10_a15_g29_s500.json,,1.522890913001902,11.0,16.0,0.380952380952381,0.7407407407407408,0.4444444444444444,0.6666666666666666
cbn_unif_mixture,DAGMA,"{""lambda1"": 0.005, ""w_threshold_dagma"": 0.05}",10,15,1000,29,/home/mathis/Documents/Travail/cbnsl_benchmark/scaling/../scaling/results/2026-04-11_01h46_cbn_unif_mixture/graphs/golden__v10_a15_g29.json,/home/mathis/Documents/Travail/cbnsl_benchmark/scaling/../scaling/results/2026-04-11_01h46_cbn_unif_mixture/graphs/DAGMA__v10_a15_g29_s1000.json,,1.1973791230047937,8.0,14.0,0.3333333333333333,0.7499999999999999,0.3333333333333333,0.6
cbn_unif_mixture,DAGMA,"{""lambda1"": 0.005, ""w_threshold_dagma"": 0.05}",10,15,3000,29,/home/mathis/Documents/Travail/cbnsl_benchmark/scaling/../scaling/results/2026-04-11_01h46_cbn_unif_mixture/graphs/golden__v10_a15_g29.json,/home/mathis/Documents/Travail/cbnsl_benchmark/scaling/../scaling/results/2026-04-11_01h46_cbn_unif_mixture/graphs/DAGMA__v10_a15_g29_s3000.json,,1.3828044070032774,11.0,11.0,0.33333333333333326,0.8,0.375,0.6666666666666666
cbn_unif_mixture,DAGMA,"{""lambda1"": 0.005, ""w_threshold_dagma"": 0.05}",10,15,5000,29,/home/mathis/Documents/Travail/cbnsl_benchmark/scaling/../scaling/results/2026-04-11_01h46_cbn_unif_mixture/graphs/golden__v10_a15_g29.json,/home/mathis/Documents/Travail/cbnsl_benchmark/scaling/../scaling/results/2026-04-11_01h46_cbn_unif_mixture/graphs/DAGMA__v10_a15_g29_s5000.json,,1.0621868580055889,12.0,10.0,0.23529411764705882,0.7499999999999999,0.25,0.6
cbn_unif_mixture,DAGMA,"{""lambda1"": 0.005, ""w_threshold_dagma"": 0.05}",20,30,200,0,/home/mathis/Documents/Travail/cbnsl_benchmark/scaling/../scaling/results/2026-04-11_01h46_cbn_unif_mixture/graphs/golden__v20_a30_g0.json,/home/mathis/Documents/Travail/cbnsl_benchmark/scaling/../scaling/results/2026-04-11_01h46_cbn_unif_mixture/graphs/DAGMA__v20_a30_g0_s200.json,,1.6053209300007438,36.0,41.0,0.35714285714285715,0.4137931034482759,0.35714285714285715,0.4
cbn_unif_mixture,DAGMA,"{""lambda1"": 0.005, ""w_threshold_dagma"": 0.05}",20,30,500,0,/home/mathis/Documents/Travail/cbnsl_benchmark/scaling/../scaling/results/2026-04-11_01h46_cbn_unif_mixture/graphs/golden__v20_a30_g0.json,/home/mathis/Documents/Travail/cbnsl_benchmark/scaling/../scaling/results/2026-04-11_01h46_cbn_unif_mixture/graphs/DAGMA__v20_a30_g0_s500.json,,1.015374571994471,30.0,32.0,0.23809523809523808,0.5199999999999999,0.22727272727272727,0.43333333333333335
cbn_unif_mixture,DAGMA,"{""lambda1"": 0.005, ""w_threshold_dagma"": 0.05}",20,30,1000,0,/home/mathis/Documents/Travail/cbnsl_benchmark/scaling/../scaling/results/2026-04-11_01h46_cbn_unif_mixture/graphs/golden__v20_a30_g0.json,/home/mathis/Documents/Travail/cbnsl_benchmark/scaling/../scaling/results/2026-04-11_01h46_cbn_unif_mixture/graphs/DAGMA__v20_a30_g0_s1000.json,,1.6531822690012632,24.0,28.0,0.380952380952381,0.64,0.36363636363636365,0.5333333333333333
cbn_unif_mixture,DAGMA,"{""lambda1"": 0.005, ""w_threshold_dagma"": 0.05}",20,30,3000,0,/home/mathis/Documents/Travail/cbnsl_benchmark/scaling/../scaling/results/2026-04-11_01h46_cbn_unif_mixture/graphs/golden__v20_a30_g0.json,/home/mathis/Documents/Travail/cbnsl_benchmark/scaling/../scaling/results/2026-04-11_01h46_cbn_unif_mixture/graphs/DAGMA__v20_a30_g0_s3000.json,,1.890731401006633,25.0,27.0,0.22857142857142856,0.45000000000000007,0.16,0.3
cbn_unif_mixture,DAGMA,"{""lambda1"": 0.005, ""w_threshold_dagma"": 0.05}",20,30,5000,0,/home/mathis/Documents/Travail/cbnsl_benchmark/scaling/../scaling/results/2026-04-11_01h46_cbn_unif_mixture/graphs/golden__v20_a30_g0.json,/home/mathis/Documents/Travail/cbnsl_benchmark/scaling/../scaling/results/2026-04-11_01h46_cbn_unif_mixture/graphs/DAGMA__v20_a30_g0_s5000.json,,1.1451967460016022,26.0,28.0,0.2222222222222222,0.35897435897435903,0.14814814814814814,0.23333333333333334
cbn_unif_mixture,DAGMA,"{""lambda1"": 0.005, ""w_threshold_dagma"": 0.05}",20,30,200,1,/home/mathis/Documents/Travail/cbnsl_benchmark/scaling/../scaling/results/2026-04-11_01h46_cbn_unif_mixture/graphs/golden__v20_a30_g1.json,/home/mathis/Documents/Travail/cbnsl_benchmark/scaling/../scaling/results/2026-04-11_01h46_cbn_unif_mixture/graphs/DAGMA__v20_a30_g1_s200.json,,2.19141411199962,36.0,41.0,0.3859649122807018,0.606060606060606,0.5238095238095238,0.6666666666666666
cbn_unif_mixture,DAGMA,"{""lambda1"": 0.005, ""w_threshold_dagma"": 0.05}",20,30,500,1,/home/mathis/Documents/Travail/cbnsl_benchmark/scaling/../scaling/results/2026-04-11_01h46_cbn_unif_mixture/graphs/golden__v20_a30_g1.json,/home/mathis/Documents/Travail/cbnsl_benchmark/scaling/../scaling/results/2026-04-11_01h46_cbn_unif_mixture/graphs/DAGMA__v20_a30_g1_s500.json,,1.9651647220016457,30.0,30.0,0.2105263157894737,0.5833333333333334,0.2,0.4666666666666667
cbn_unif_mixture,DAGMA,"{""lambda1"": 0.005, ""w_threshold_dagma"": 0.05}",20,30,1000,1,/home/mathis/Documents/Travail/cbnsl_benchmark/scaling/../scaling/results/2026-04-11_01h46_cbn_unif_mixture/graphs/golden__v20_a30_g1.json,/home/mathis/Documents/Travail/cbnsl_benchmark/scaling/../scaling/results/2026-04-11_01h46_cbn_unif_mixture/graphs/DAGMA__v20_a30_g1_s1000.json,,1.8003124250026303,27.0,26.0,0.125,0.6046511627906976,0.10526315789473684,0.43333333333333335
cbn_unif_mixture,DAGMA,"{""lambda1"": 0.005, ""w_threshold_dagma"": 0.05}",20,30,3000,1,/home/mathis/Documents/Travail/cbnsl_benchmark/scaling/../scaling/results/2026-04-11_01h46_cbn_unif_mixture/graphs/golden__v20_a30_g1.json,/home/mathis/Documents/Travail/cbnsl_benchmark/scaling/../scaling/results/2026-04-11_01h46_cbn_unif_mixture/graphs/DAGMA__v20_a30_g1_s3000.json,,1.239947828995355,28.0,27.0,0.0,0.5,0.0,0.3333333333333333
cbn_unif_mixture,DAGMA,"{""lambda1"": 0.005, ""w_threshold_dagma"": 0.05}",20,30,5000,1,/home/mathis/Documents/Travail/cbnsl_benchmark/scaling/../scaling/results/2026-04-11_01h46_cbn_unif_mixture/graphs/golden__v20_a30_g1.json,/home/mathis/Documents/Travail/cbnsl_benchmark/scaling/../scaling/results/2026-04-11_01h46_cbn_unif_mixture/graphs/DAGMA__v20_a30_g1_s5000.json,,1.3331583149993094,26.0,26.0,0.125,0.5365853658536585,0.09523809523809523,0.36666666666666664
cbn_unif_mixture,DAGMA,"{""lambda1"": 0.005, ""w_threshold_dagma"": 0.05}",20,30,200,2,/home/mathis/Documents/Travail/cbnsl_benchmark/scaling/../scaling/results/2026-04-11_01h46_cbn_unif_mixture/graphs/golden__v20_a30_g2.json,/home/mathis/Documents/Travail/cbnsl_benchmark/scaling/../scaling/results/2026-04-11_01h46_cbn_unif_mixture/graphs/DAGMA__v20_a30_g2_s200.json,,1.9554871669970453,41.0,45.0,0.3,0.45454545454545453,0.375,0.5
cbn_unif_mixture,DAGMA,"{""lambda1"": 0.005, ""w_threshold_dagma"": 0.05}",20,30,500,2,/home/mathis/Documents/Travail/cbnsl_benchmark/scaling/../scaling/results/2026-04-11_01h46_cbn_unif_mixture/graphs/golden__v20_a30_g2.json,/home/mathis/Documents/Travail/cbnsl_benchmark/scaling/../scaling/results/2026-04-11_01h46_cbn_unif_mixture/graphs/DAGMA__v20_a30_g2_s500.json,,1.553061147002154,22.0,26.0,0.4390243902439024,0.7200000000000001,0.42857142857142855,0.6
cbn_unif_mixture,DAGMA,"{""lambda1"": 0.005, ""w_threshold_dagma"": 0.05}",20,30,1000,2,/home/mathis/Documents/Travail/cbnsl_benchmark/scaling/../scaling/results/2026-04-11_01h46_cbn_unif_mixture/graphs/golden__v20_a30_g2.json,/home/mathis/Documents/Travail/cbnsl_benchmark/scaling/../scaling/results/2026-04-11_01h46_cbn_unif_mixture/graphs/DAGMA__v20_a30_g2_s1000.json,,2.044362993001414,20.0,23.0,0.36842105263157887,0.6808510638297872,0.3333333333333333,0.5333333333333333
cbn_unif_mixture,DAGMA,"{""lambda1"": 0.005, ""w_threshold_dagma"": 0.05}",20,30,3000,2,/home/mathis/Documents/Travail/cbnsl_benchmark/scaling/../scaling/results/2026-04-11_01h46_cbn_unif_mixture/graphs/golden__v20_a30_g2.json,/home/mathis/Documents/Travail/cbnsl_benchmark/scaling/../scaling/results/2026-04-11_01h46_cbn_unif_mixture/graphs/DAGMA__v20_a30_g2_s3000.json,,1.4935161059984239,16.0,26.0,0.5,0.7499999999999999,0.45454545454545453,0.6
cbn_unif_mixture,DAGMA,"{""lambda1"": 0.005, ""w_threshold_dagma"": 0.05}",20,30,5000,2,/home/mathis/Documents/Travail/cbnsl_benchmark/scaling/../scaling/results/2026-04-11_01h46_cbn_unif_mixture/graphs/golden__v20_a30_g2.json,/home/mathis/Documents/Travail/cbnsl_benchmark/scaling/../scaling/results/2026-04-11_01h46_cbn_unif_mixture/graphs/DAGMA__v20_a30_g2_s5000.json,,1.2983895560028031,16.0,25.0,0.5,0.7234042553191489,0.43478260869565216,0.5666666666666667
cbn_unif_mixture,DAGMA,"{""lambda1"": 0.005, ""w_threshold_dagma"": 0.05}",20,30,200,3,/home/mathis/Documents/Travail/cbnsl_benchmark/scaling/../scaling/results/2026-04-11_01h46_cbn_unif_mixture/graphs/golden__v20_a30_g3.json,/home/mathis/Documents/Travail/cbnsl_benchmark/scaling/../scaling/results/2026-04-11_01h46_cbn_unif_mixture/graphs/DAGMA__v20_a30_g3_s200.json,,2.004970907000825,33.0,44.0,0.3448275862068966,0.5882352941176471,0.5,0.6666666666666666
cbn_unif_mixture,DAGMA,"{""lambda1"": 0.005, ""w_threshold_dagma"": 0.05}",20,30,500,3,/home/mathis/Documents/Travail/cbnsl_benchmark/scaling/../scaling/results/2026-04-11_01h46_cbn_unif_mixture/graphs/golden__v20_a30_g3.json,/home/mathis/Documents/Travail/cbnsl_benchmark/scaling/../scaling/results/2026-04-11_01h46_cbn_unif_mixture/graphs/DAGMA__v20_a30_g3_s500.json,,1.6680404280050425,27.0,27.0,0.24390243902439024,0.588235294117647,0.25,0.5
cbn_unif_mixture,DAGMA,"{""lambda1"": 0.005, ""w_threshold_dagma"": 0.05}",20,30,1000,3,/home/mathis/Documents/Travail/cbnsl_benchmark/scaling/../scaling/results/2026-04-11_01h46_cbn_unif_mixture/graphs/golden__v20_a30_g3.json,/home/mathis/Documents/Travail/cbnsl_benchmark/scaling/../scaling/results/2026-04-11_01h46_cbn_unif_mixture/graphs/DAGMA__v20_a30_g3_s1000.json,,2.24558227200032,20.0,28.0,0.2222222222222222,0.6666666666666667,0.2222222222222222,0.5333333333333333
cbn_unif_mixture,DAGMA,"{""lambda1"": 0.005, ""w_threshold_dagma"": 0.05}",20,30,3000,3,/home/mathis/Documents/Travail/cbnsl_benchmark/scaling/../scaling/results/2026-04-11_01h46_cbn_unif_mixture/graphs/golden__v20_a30_g3.json,/home/mathis/Documents/Travail/cbnsl_benchmark/scaling/../scaling/results/2026-04-11_01h46_cbn_unif_mixture/graphs/DAGMA__v20_a30_g3_s3000.json,,2.930857963001472,17.0,28.0,0.17142857142857143,0.6666666666666667,0.17647058823529413,0.5333333333333333
cbn_unif_mixture,DAGMA,"{""lambda1"": 0.005, ""w_threshold_dagma"": 0.05}",20,30,5000,3,/home/mathis/Documents/Travail/cbnsl_benchmark/scaling/../scaling/results/2026-04-11_01h46_cbn_unif_mixture/graphs/golden__v20_a30_g3.json,/home/mathis/Documents/Travail/cbnsl_benchmark/scaling/../scaling/results/2026-04-11_01h46_cbn_unif_mixture/graphs/DAGMA__v20_a30_g3_s5000.json,,2.0618618599983165,20.0,28.0,0.0,0.608695652173913,0.0,0.4666666666666667
cbn_unif_mixture,DAGMA,"{""lambda1"": 0.005, ""w_threshold_dagma"": 0.05}",20,30,200,4,/home/mathis/Documents/Travail/cbnsl_benchmark/scaling/../scaling/results/2026-04-11_01h46_cbn_unif_mixture/graphs/golden__v20_a30_g4.json,/home/mathis/Documents/Travail/cbnsl_benchmark/scaling/../scaling/results/2026-04-11_01h46_cbn_unif_mixture/graphs/DAGMA__v20_a30_g4_s200.json,,2.0269890510026016,42.0,48.0,0.393939393939394,0.5675675675675677,0.5909090909090909,0.7
cbn_unif_mixture,DAGMA,"{""lambda1"": 0.005, ""w_threshold_dagma"": 0.05}",20,30,500,4,/home/mathis/Documents/Travail/cbnsl_benchmark/scaling/../scaling/results/2026-04-11_01h46_cbn_unif_mixture/graphs/golden__v20_a30_g4.json,/home/mathis/Documents/Travail/cbnsl_benchmark/scaling/../scaling/results/2026-04-11_01h46_cbn_unif_mixture/graphs/DAGMA__v20_a30_g4_s500.json,,3.2576551769961952,29.0,26.0,0.28571428571428575,0.6415094339622641,0.3157894736842105,0.5666666666666667
cbn_unif_mixture,DAGMA,"{""lambda1"": 0.005, ""w_threshold_dagma"": 0.05}",20,30,1000,4,/home/mathis/Documents/Travail/cbnsl_benchmark/scaling/../scaling/results/2026-04-11_01h46_cbn_unif_mixture/graphs/golden__v20_a30_g4.json,/home/mathis/Documents/Travail/cbnsl_benchmark/scaling/../scaling/results/2026-04-11_01h46_cbn_unif_mixture/graphs/DAGMA__v20_a30_g4_s1000.json,,2.227512602999923,21.0,25.0,0.3157894736842105,0.6938775510204083,0.3157894736842105,0.5666666666666667
cbn_unif_mixture,DAGMA,"{""lambda1"": 0.005, ""w_threshold_dagma"": 0.05}",20,30,3000,4,/home/mathis/Documents/Travail/cbnsl_benchmark/scaling/../scaling/results/2026-04-11_01h46_cbn_unif_mixture/graphs/golden__v20_a30_g4.json,/home/mathis/Documents/Travail/cbnsl_benchmark/scaling/../scaling/results/2026-04-11_01h46_cbn_unif_mixture/graphs/DAGMA__v20_a30_g4_s3000.json,,2.2520513429990388,20.0,26.0,0.23529411764705882,0.6046511627906976,0.19047619047619047,0.43333333333333335
cbn_unif_mixture,DAGMA,"{""lambda1"": 0.005, ""w_threshold_dagma"": 0.05}",20,30,5000,4,/home/mathis/Documents/Travail/cbnsl_benchmark/scaling/../scaling/results/2026-04-11_01h46_cbn_unif_mixture/graphs/golden__v20_a30_g4.json,/home/mathis/Documents/Travail/cbnsl_benchmark/scaling/../scaling/results/2026-04-11_01h46_cbn_unif_mixture/graphs/DAGMA__v20_a30_g4_s5000.json,,2.3055014130004565,20.0,26.0,0.23529411764705885,0.5714285714285715,0.18181818181818182,0.4
cbn_unif_mixture,DAGMA,"{""lambda1"": 0.005, ""w_threshold_dagma"": 0.05}",20,30,200,5,/home/mathis/Documents/Travail/cbnsl_benchmark/scaling/../scaling/results/2026-04-11_01h46_cbn_unif_mixture/graphs/golden__v20_a30_g5.json,,[pyAgrum] Directed cycle detected: Add a directed cycle in a dag !,,,,,,,
cbn_unif_mixture,DAGMA,"{""lambda1"": 0.005, ""w_threshold_dagma"": 0.05}",20,30,500,5,/home/mathis/Documents/Travail/cbnsl_benchmark/scaling/../scaling/results/2026-04-11_01h46_cbn_unif_mixture/graphs/golden__v20_a30_g5.json,/home/mathis/Documents/Travail/cbnsl_benchmark/scaling/../scaling/results/2026-04-11_01h46_cbn_unif_mixture/graphs/DAGMA__v20_a30_g5_s500.json,,1.4388417929949355,31.0,30.0,0.2222222222222222,0.5116279069767441,0.18181818181818182,0.3793103448275862
cbn_unif_mixture,DAGMA,"{""lambda1"": 0.005, ""w_threshold_dagma"": 0.05}",20,30,1000,5,/home/mathis/Documents/Travail/cbnsl_benchmark/scaling/../scaling/results/2026-04-11_01h46_cbn_unif_mixture/graphs/golden__v20_a30_g5.json,/home/mathis/Documents/Travail/cbnsl_benchmark/scaling/../scaling/results/2026-04-11_01h46_cbn_unif_mixture/graphs/DAGMA__v20_a30_g5_s1000.json,,1.8336654049999197,28.0,28.0,0.0,0.4878048780487806,0.0,0.3448275862068966
cbn_unif_mixture,DAGMA,"{""lambda1"": 0.005, ""w_threshold_dagma"": 0.05}",20,30,3000,5,/home/mathis/Documents/Travail/cbnsl_benchmark/scaling/../scaling/results/2026-04-11_01h46_cbn_unif_mixture/graphs/golden__v20_a30_g5.json,/home/mathis/Documents/Travail/cbnsl_benchmark/scaling/../scaling/results/2026-04-11_01h46_cbn_unif_mixture/graphs/DAGMA__v20_a30_g5_s3000.json,,1.7886537890008185,24.0,24.0,0.0,0.5499999999999999,0.0,0.3793103448275862
cbn_unif_mixture,DAGMA,"{""lambda1"": 0.005, ""w_threshold_dagma"": 0.05}",20,30,5000,5,/home/mathis/Documents/Travail/cbnsl_benchmark/scaling/../scaling/results/2026-04-11_01h46_cbn_unif_mixture/graphs/golden__v20_a30_g5.json,/home/mathis/Documents/Travail/cbnsl_benchmark/scaling/../scaling/results/2026-04-11_01h46_cbn_unif_mixture/graphs/DAGMA__v20_a30_g5_s5000.json,,1.4066812509990996,23.0,24.0,0.0,0.5128205128205129,0.0,0.3448275862068966
cbn_unif_mixture,DAGMA,"{""lambda1"": 0.005, ""w_threshold_dagma"": 0.05}",20,30,200,6,/home/mathis/Documents/Travail/cbnsl_benchmark/scaling/../scaling/results/2026-04-11_01h46_cbn_unif_mixture/graphs/golden__v20_a30_g6.json,,[pyAgrum] Directed cycle detected: Add a directed cycle in a dag !,,,,,,,
cbn_unif_mixture,DAGMA,"{""lambda1"": 0.005, ""w_threshold_dagma"": 0.05}",20,30,500,6,/home/mathis/Documents/Travail/cbnsl_benchmark/scaling/../scaling/results/2026-04-11_01h46_cbn_unif_mixture/graphs/golden__v20_a30_g6.json,/home/mathis/Documents/Travail/cbnsl_benchmark/scaling/../scaling/results/2026-04-11_01h46_cbn_unif_mixture/graphs/DAGMA__v20_a30_g6_s500.json,,1.7366055689999484,23.0,29.0,0.3157894736842105,0.6666666666666667,0.3,0.5333333333333333
cbn_unif_mixture,DAGMA,"{""lambda1"": 0.005, ""w_threshold_dagma"": 0.05}",20,30,1000,6,/home/mathis/Documents/Travail/cbnsl_benchmark/scaling/../scaling/results/2026-04-11_01h46_cbn_unif_mixture/graphs/golden__v20_a30_g6.json,/home/mathis/Documents/Travail/cbnsl_benchmark/scaling/../scaling/results/2026-04-11_01h46_cbn_unif_mixture/graphs/DAGMA__v20_a30_g6_s1000.json,,1.579099597001914,20.0,28.0,0.125,0.6666666666666666,0.11764705882352941,0.5
cbn_unif_mixture,DAGMA,"{""lambda1"": 0.005, ""w_threshold_dagma"": 0.05}",20,30,3000,6,/home/mathis/Documents/Travail/cbnsl_benchmark/scaling/../scaling/results/2026-04-11_01h46_cbn_unif_mixture/graphs/golden__v20_a30_g6.json,/home/mathis/Documents/Travail/cbnsl_benchmark/scaling/../scaling/results/2026-04-11_01h46_cbn_unif_mixture/graphs/DAGMA__v20_a30_g6_s3000.json,,1.4889991820018622,22.0,28.0,0.0,0.6666666666666666,0.0,0.5
cbn_unif_mixture,DAGMA,"{""lambda1"": 0.005, ""w_threshold_dagma"": 0.05}",20,30,5000,6,/home/mathis/Documents/Travail/cbnsl_benchmark/scaling/../scaling/results/2026-04-11_01h46_cbn_unif_mixture/graphs/golden__v20_a30_g6.json,/home/mathis/Documents/Travail/cbnsl_benchmark/scaling/../scaling/results/2026-04-11_01h46_cbn_unif_mixture/graphs/DAGMA__v20_a30_g6_s5000.json,,1.882384666998405,20.0,28.0,0.23529411764705882,0.7234042553191489,0.23529411764705882,0.5666666666666667
cbn_unif_mixture,DAGMA,"{""lambda1"": 0.005, ""w_threshold_dagma"": 0.05}",20,30,200,7,/home/mathis/Documents/Travail/cbnsl_benchmark/scaling/../scaling/results/2026-04-11_01h46_cbn_unif_mixture/graphs/golden__v20_a30_g7.json,,[pyAgrum] Directed cycle detected: Add a directed cycle in a dag !,,,,,,,
cbn_unif_mixture,DAGMA,"{""lambda1"": 0.005, ""w_threshold_dagma"": 0.05}",20,30,500,7,/home/mathis/Documents/Travail/cbnsl_benchmark/scaling/../scaling/results/2026-04-11_01h46_cbn_unif_mixture/graphs/golden__v20_a30_g7.json,/home/mathis/Documents/Travail/cbnsl_benchmark/scaling/../scaling/results/2026-04-11_01h46_cbn_unif_mixture/graphs/DAGMA__v20_a30_g7_s500.json,,1.6934517089975998,27.0,29.0,0.24390243902439024,0.588235294117647,0.25,0.5
cbn_unif_mixture,DAGMA,"{""lambda1"": 0.005, ""w_threshold_dagma"": 0.05}",20,30,1000,7,/home/mathis/Documents/Travail/cbnsl_benchmark/scaling/../scaling/results/2026-04-11_01h46_cbn_unif_mixture/graphs/golden__v20_a30_g7.json,/home/mathis/Documents/Travail/cbnsl_benchmark/scaling/../scaling/results/2026-04-11_01h46_cbn_unif_mixture/graphs/DAGMA__v20_a30_g7_s1000.json,,1.4187607150015538,24.0,28.0,0.1764705882352941,0.5909090909090909,0.15,0.43333333333333335
cbn_unif_mixture,DAGMA,"{""lambda1"": 0.005, ""w_threshold_dagma"": 0.05}",20,30,3000,7,/home/mathis/Documents/Travail/cbnsl_benchmark/scaling/../scaling/results/2026-04-11_01h46_cbn_unif_mixture/graphs/golden__v20_a30_g7.json,/home/mathis/Documents/Travail/cbnsl_benchmark/scaling/../scaling/results/2026-04-11_01h46_cbn_unif_mixture/graphs/DAGMA__v20_a30_g7_s3000.json,,1.658327475997794,24.0,27.0,0.2777777777777778,0.6521739130434783,0.25,0.5
cbn_unif_mixture,DAGMA,"{""lambda1"": 0.005, ""w_threshold_dagma"": 0.05}",20,30,5000,7,/home/mathis/Documents/Travail/cbnsl_benchmark/scaling/../scaling/results/2026-04-11_01h46_cbn_unif_mixture/graphs/golden__v20_a30_g7.json,/home/mathis/Documents/Travail/cbnsl_benchmark/scaling/../scaling/results/2026-04-11_01h46_cbn_unif_mixture/graphs/DAGMA__v20_a30_g7_s5000.json,,2.3261036589974537,23.0,27.0,0.22857142857142856,0.6521739130434783,0.21052631578947367,0.5
cbn_unif_mixture,DAGMA,"{""lambda1"": 0.005, ""w_threshold_dagma"": 0.05}",20,30,200,8,/home/mathis/Documents/Travail/cbnsl_benchmark/scaling/../scaling/results/2026-04-11_01h46_cbn_unif_mixture/graphs/golden__v20_a30_g8.json,/home/mathis/Documents/Travail/cbnsl_benchmark/scaling/../scaling/results/2026-04-11_01h46_cbn_unif_mixture/graphs/DAGMA__v20_a30_g8_s200.json,,2.517575224999746,44.0,48.0,0.24137931034482757,0.47761194029850745,0.3333333333333333,0.5333333333333333
cbn_unif_mixture,DAGMA,"{""lambda1"": 0.005, ""w_threshold_dagma"": 0.05}",20,30,500,8,/home/mathis/Documents/Travail/cbnsl_benchmark/scaling/../scaling/results/2026-04-11_01h46_cbn_unif_mixture/graphs/golden__v20_a30_g8.json,/home/mathis/Documents/Travail/cbnsl_benchmark/scaling/../scaling/results/2026-04-11_01h46_cbn_unif_mixture/graphs/DAGMA__v20_a30_g8_s500.json,,1.9986818940014928,30.0,32.0,0.20512820512820512,0.5714285714285714,0.2,0.4666666666666667
cbn_unif_mixture,DAGMA,"{""lambda1"": 0.005, ""w_threshold_dagma"": 0.05}",20,30,1000,8,/home/mathis/Documents/Travail/cbnsl_benchmark/scaling/../scaling/results/2026-04-11_01h46_cbn_unif_mixture/graphs/golden__v20_a30_g8.json,/home/mathis/Documents/Travail/cbnsl_benchmark/scaling/../scaling/results/2026-04-11_01h46_cbn_unif_mixture/graphs/DAGMA__v20_a30_g8_s1000.json,,1.6597406999935629,27.0,30.0,0.11764705882352941,0.5116279069767441,0.09523809523809523,0.36666666666666664
cbn_unif_mixture,DAGMA,"{""lambda1"": 0.005, ""w_threshold_dagma"": 0.05}",20,30,3000,8,/home/mathis/Documents/Travail/cbnsl_benchmark/scaling/../scaling/results/2026-04-11_01h46_cbn_unif_mixture/graphs/golden__v20_a30_g8.json,/home/mathis/Documents/Travail/cbnsl_benchmark/scaling/../scaling/results/2026-04-11_01h46_cbn_unif_mixture/graphs/DAGMA__v20_a30_g8_s3000.json,,1.8005699329951312,24.0,28.0,0.1818181818181818,0.5365853658536585,0.13636363636363635,0.36666666666666664
cbn_unif_mixture,DAGMA,"{""lambda1"": 0.005, ""w_threshold_dagma"": 0.05}",20,30,5000,8,/home/mathis/Documents/Travail/cbnsl_benchmark/scaling/../scaling/results/2026-04-11_01h46_cbn_unif_mixture/graphs/golden__v20_a30_g8.json,/home/mathis/Documents/Travail/cbnsl_benchmark/scaling/../scaling/results/2026-04-11_01h46_cbn_unif_mixture/graphs/DAGMA__v20_a30_g8_s5000.json,,2.055824854003731,25.0,28.0,0.125,0.4615384615384615,0.08695652173913043,0.3
cbn_unif_mixture,DAGMA,"{""lambda1"": 0.005, ""w_threshold_dagma"": 0.05}",20,30,200,9,/home/mathis/Documents/Travail/cbnsl_benchmark/scaling/../scaling/results/2026-04-11_01h46_cbn_unif_mixture/graphs/golden__v20_a30_g9.json,,[pyAgrum] Directed cycle detected: Add a directed cycle in a dag !,,,,,,,
cbn_unif_mixture,DAGMA,"{""lambda1"": 0.005, ""w_threshold_dagma"": 0.05}",20,30,500,9,/home/mathis/Documents/Travail/cbnsl_benchmark/scaling/../scaling/results/2026-04-11_01h46_cbn_unif_mixture/graphs/golden__v20_a30_g9.json,/home/mathis/Documents/Travail/cbnsl_benchmark/scaling/../scaling/results/2026-04-11_01h46_cbn_unif_mixture/graphs/DAGMA__v20_a30_g9_s500.json,,1.6686097050042008,25.0,29.0,0.4000000000000001,0.6938775510204082,0.4,0.5862068965517241
cbn_unif_mixture,DAGMA,"{""lambda1"": 0.005, ""w_threshold_dagma"": 0.05}",20,30,1000,9,/home/mathis/Documents/Travail/cbnsl_benchmark/scaling/../scaling/results/2026-04-11_01h46_cbn_unif_mixture/graphs/golden__v20_a30_g9.json,/home/mathis/Documents/Travail/cbnsl_benchmark/scaling/../scaling/results/2026-04-11_01h46_cbn_unif_mixture/graphs/DAGMA__v20_a30_g9_s1000.json,,1.7153989069993258,24.0,19.0,0.43902439024390244,0.6666666666666666,0.4090909090909091,0.5517241379310345
cbn_unif_mixture,DAGMA,"{""lambda1"": 0.005, ""w_threshold_dagma"": 0.05}",20,30,3000,9,/home/mathis/Documents/Travail/cbnsl_benchmark/scaling/../scaling/results/2026-04-11_01h46_cbn_unif_mixture/graphs/golden__v20_a30_g9.json,/home/mathis/Documents/Travail/cbnsl_benchmark/scaling/../scaling/results/2026-04-11_01h46_cbn_unif_mixture/graphs/DAGMA__v20_a30_g9_s3000.json,,2.1194526119943475,26.0,27.0,0.17647058823529413,0.6521739130434783,0.17647058823529413,0.5172413793103449
cbn_unif_mixture,DAGMA,"{""lambda1"": 0.005, ""w_threshold_dagma"": 0.05}",20,30,5000,9,/home/mathis/Documents/Travail/cbnsl_benchmark/scaling/../scaling/results/2026-04-11_01h46_cbn_unif_mixture/graphs/golden__v20_a30_g9.json,/home/mathis/Documents/Travail/cbnsl_benchmark/scaling/../scaling/results/2026-04-11_01h46_cbn_unif_mixture/graphs/DAGMA__v20_a30_g9_s5000.json,,1.7069578609953169,24.0,27.0,0.27777777777777773,0.6521739130434783,0.2631578947368421,0.5172413793103449
cbn_unif_mixture,DAGMA,"{""lambda1"": 0.005, ""w_threshold_dagma"": 0.05}",20,30,200,10,/home/mathis/Documents/Travail/cbnsl_benchmark/scaling/../scaling/results/2026-04-11_01h46_cbn_unif_mixture/graphs/golden__v20_a30_g10.json,,[pyAgrum] Directed cycle detected: Add a directed cycle in a dag !,,,,,,,
cbn_unif_mixture,DAGMA,"{""lambda1"": 0.005, ""w_threshold_dagma"": 0.05}",20,30,500,10,/home/mathis/Documents/Travail/cbnsl_benchmark/scaling/../scaling/results/2026-04-11_01h46_cbn_unif_mixture/graphs/golden__v20_a30_g10.json,/home/mathis/Documents/Travail/cbnsl_benchmark/scaling/../scaling/results/2026-04-11_01h46_cbn_unif_mixture/graphs/DAGMA__v20_a30_g10_s500.json,,1.4863329119980335,29.0,28.0,0.25641025641025644,0.6122448979591837,0.25,0.5
cbn_unif_mixture,DAGMA,"{""lambda1"": 0.005, ""w_threshold_dagma"": 0.05}",20,30,1000,10,/home/mathis/Documents/Travail/cbnsl_benchmark/scaling/../scaling/results/2026-04-11_01h46_cbn_unif_mixture/graphs/golden__v20_a30_g10.json,/home/mathis/Documents/Travail/cbnsl_benchmark/scaling/../scaling/results/2026-04-11_01h46_cbn_unif_mixture/graphs/DAGMA__v20_a30_g10_s1000.json,,2.0259849510039203,26.0,24.0,0.27777777777777773,0.6808510638297872,0.2631578947368421,0.5333333333333333
cbn_unif_mixture,DAGMA,"{""lambda1"": 0.005, ""w_threshold_dagma"": 0.05}",20,30,3000,10,/home/mathis/Documents/Travail/cbnsl_benchmark/scaling/../scaling/results/2026-04-11_01h46_cbn_unif_mixture/graphs/golden__v20_a30_g10.json,/home/mathis/Documents/Travail/cbnsl_benchmark/scaling/../scaling/results/2026-04-11_01h46_cbn_unif_mixture/graphs/DAGMA__v20_a30_g10_s3000.json,,1.755588586005615,26.0,27.0,0.23529411764705885,0.5714285714285715,0.18181818181818182,0.4
cbn_unif_mixture,DAGMA,"{""lambda1"": 0.005, ""w_threshold_dagma"": 0.05}",20,30,5000,10,/home/mathis/Documents/Travail/cbnsl_benchmark/scaling/../scaling/results/2026-04-11_01h46_cbn_unif_mixture/graphs/golden__v20_a30_g10.json,/home/mathis/Documents/Travail/cbnsl_benchmark/scaling/../scaling/results/2026-04-11_01h46_cbn_unif_mixture/graphs/DAGMA__v20_a30_g10_s5000.json,,2.022549198998604,27.0,27.0,0.18181818181818182,0.5714285714285715,0.14285714285714285,0.4
cbn_unif_mixture,DAGMA,"{""lambda1"": 0.005, ""w_threshold_dagma"": 0.05}",20,30,200,11,/home/mathis/Documents/Travail/cbnsl_benchmark/scaling/../scaling/results/2026-04-11_01h46_cbn_unif_mixture/graphs/golden__v20_a30_g11.json,,[pyAgrum] Directed cycle detected: Add a directed cycle in a dag !,,,,,,,
cbn_unif_mixture,DAGMA,"{""lambda1"": 0.005, ""w_threshold_dagma"": 0.05}",20,30,500,11,/home/mathis/Documents/Travail/cbnsl_benchmark/scaling/../scaling/results/2026-04-11_01h46_cbn_unif_mixture/graphs/golden__v20_a30_g11.json,/home/mathis/Documents/Travail/cbnsl_benchmark/scaling/../scaling/results/2026-04-11_01h46_cbn_unif_mixture/graphs/DAGMA__v20_a30_g11_s500.json,,2.7626311929998337,33.0,31.0,0.05714285714285715,0.64,0.06666666666666667,0.5333333333333333
cbn_unif_mixture,DAGMA,"{""lambda1"": 0.005, ""w_threshold_dagma"": 0.05}",20,30,1000,11,/home/mathis/Documents/Travail/cbnsl_benchmark/scaling/../scaling/results/2026-04-11_01h46_cbn_unif_mixture/graphs/golden__v20_a30_g11.json,/home/mathis/Documents/Travail/cbnsl_benchmark/scaling/../scaling/results/2026-04-11_01h46_cbn_unif_mixture/graphs/DAGMA__v20_a30_g11_s1000.json,,1.184262912000122,29.0,29.0,0.11764705882352941,0.6382978723404256,0.11764705882352941,0.5
cbn_unif_mixture,DAGMA,"{""lambda1"": 0.005, ""w_threshold_dagma"": 0.05}",20,30,3000,11,/home/mathis/Documents/Travail/cbnsl_benchmark/scaling/../scaling/results/2026-04-11_01h46_cbn_unif_mixture/graphs/golden__v20_a30_g11.json,/home/mathis/Documents/Travail/cbnsl_benchmark/scaling/../scaling/results/2026-04-11_01h46_cbn_unif_mixture/graphs/DAGMA__v20_a30_g11_s3000.json,,2.9278101719974075,25.0,27.0,0.2777777777777778,0.7843137254901961,0.3333333333333333,0.6666666666666666
cbn_unif_mixture,DAGMA,"{""lambda1"": 0.005, ""w_threshold_dagma"": 0.05}",20,30,5000,11,/home/mathis/Documents/Travail/cbnsl_benchmark/scaling/../scaling/results/2026-04-11_01h46_cbn_unif_mixture/graphs/golden__v20_a30_g11.json,/home/mathis/Documents/Travail/cbnsl_benchmark/scaling/../scaling/results/2026-04-11_01h46_cbn_unif_mixture/graphs/DAGMA__v20_a30_g11_s5000.json,,1.4126404600028764,22.0,24.0,0.3333333333333333,0.7499999999999999,0.3333333333333333,0.6
cbn_unif_mixture,DAGMA,"{""lambda1"": 0.005, ""w_threshold_dagma"": 0.05}",20,30,200,12,/home/mathis/Documents/Travail/cbnsl_benchmark/scaling/../scaling/results/2026-04-11_01h46_cbn_unif_mixture/graphs/golden__v20_a30_g12.json,/home/mathis/Documents/Travail/cbnsl_benchmark/scaling/../scaling/results/2026-04-11_01h46_cbn_unif_mixture/graphs/DAGMA__v20_a30_g12_s200.json,,1.8446641760019702,42.0,40.0,0.16326530612244897,0.5483870967741935,0.23529411764705882,0.5666666666666667
cbn_unif_mixture,DAGMA,"{""lambda1"": 0.005, ""w_threshold_dagma"": 0.05}",20,30,500,12,/home/mathis/Documents/Travail/cbnsl_benchmark/scaling/../scaling/results/2026-04-11_01h46_cbn_unif_mixture/graphs/golden__v20_a30_g12.json,/home/mathis/Documents/Travail/cbnsl_benchmark/scaling/../scaling/results/2026-04-11_01h46_cbn_unif_mixture/graphs/DAGMA__v20_a30_g12_s500.json,,2.3346966649987735,25.0,29.0,0.35555555555555557,0.6545454545454547,0.4,0.6
cbn_unif_mixture,DAGMA,"{""lambda1"": 0.005, ""w_threshold_dagma"": 0.05}",20,30,1000,12,/home/mathis/Documents/Travail/cbnsl_benchmark/scaling/../scaling/results/2026-04-11_01h46_cbn_unif_mixture/graphs/golden__v20_a30_g12.json,/home/mathis/Documents/Travail/cbnsl_benchmark/scaling/../scaling/results/2026-04-11_01h46_cbn_unif_mixture/graphs/DAGMA__v20_a30_g12_s1000.json,,1.6754216219997033,25.0,28.0,0.0,0.6956521739130436,0.0,0.5333333333333333
cbn_unif_mixture,DAGMA,"{""lambda1"": 0.005, ""w_threshold_dagma"": 0.05}",20,30,3000,12,/home/mathis/Documents/Travail/cbnsl_benchmark/scaling/../scaling/results/2026-04-11_01h46_cbn_unif_mixture/graphs/golden__v20_a30_g12.json,/home/mathis/Documents/Travail/cbnsl_benchmark/scaling/../scaling/results/2026-04-11_01h46_cbn_unif_mixture/graphs/DAGMA__v20_a30_g12_s3000.json,,1.5134520119972876,23.0,28.0,0.125,0.6956521739130436,0.125,0.5333333333333333
cbn_unif_mixture,DAGMA,"{""lambda1"": 0.005, ""w_threshold_dagma"": 0.05}",20,30,5000,12,/home/mathis/Documents/Travail/cbnsl_benchmark/scaling/../scaling/results/2026-04-11_01h46_cbn_unif_mixture/graphs/golden__v20_a30_g12.json,/home/mathis/Documents/Travail/cbnsl_benchmark/scaling/../scaling/results/2026-04-11_01h46_cbn_unif_mixture/graphs/DAGMA__v20_a30_g12_s5000.json,,1.8373824330046773,24.0,29.0,0.12121212121212122,0.6808510638297872,0.125,0.5333333333333333
cbn_unif_mixture,DAGMA,"{""lambda1"": 0.005, ""w_threshold_dagma"": 0.05}",20,30,200,13,/home/mathis/Documents/Travail/cbnsl_benchmark/scaling/../scaling/results/2026-04-11_01h46_cbn_unif_mixture/graphs/golden__v20_a30_g13.json,/home/mathis/Documents/Travail/cbnsl_benchmark/scaling/../scaling/results/2026-04-11_01h46_cbn_unif_mixture/graphs/DAGMA__v20_a30_g13_s200.json,,2.198562766003306,48.0,47.0,0.2295081967213115,0.4347826086956522,0.3181818181818182,0.5
cbn_unif_mixture,DAGMA,"{""lambda1"": 0.005, ""w_threshold_dagma"": 0.05}",20,30,500,13,/home/mathis/Documents/Travail/cbnsl_benchmark/scaling/../scaling/results/2026-04-11_01h46_cbn_unif_mixture/graphs/golden__v20_a30_g13.json,/home/mathis/Documents/Travail/cbnsl_benchmark/scaling/../scaling/results/2026-04-11_01h46_cbn_unif_mixture/graphs/DAGMA__v20_a30_g13_s500.json,,2.092784851003671,36.0,37.0,0.05,0.4081632653061224,0.047619047619047616,0.3333333333333333
cbn_unif_mixture,DAGMA,"{""lambda1"": 0.005, ""w_threshold_dagma"": 0.05}",20,30,1000,13,/home/mathis/Documents/Travail/cbnsl_benchmark/scaling/../scaling/results/2026-04-11_01h46_cbn_unif_mixture/graphs/golden__v20_a30_g13.json,/home/mathis/Documents/Travail/cbnsl_benchmark/scaling/../scaling/results/2026-04-11_01h46_cbn_unif_mixture/graphs/DAGMA__v20_a30_g13_s1000.json,,2.2535260730001028,32.0,33.0,0.0,0.4444444444444444,0.0,0.3333333333333333
cbn_unif_mixture,DAGMA,"{""lambda1"": 0.005, ""w_threshold_dagma"": 0.05}",20,30,3000,13,/home/mathis/Documents/Travail/cbnsl_benchmark/scaling/../scaling/results/2026-04-11_01h46_cbn_unif_mixture/graphs/golden__v20_a30_g13.json,/home/mathis/Documents/Travail/cbnsl_benchmark/scaling/../scaling/results/2026-04-11_01h46_cbn_unif_mixture/graphs/DAGMA__v20_a30_g13_s3000.json,,1.755203483000514,32.0,32.0,0.057142857142857134,0.4545454545454545,0.047619047619047616,0.3333333333333333
cbn_unif_mixture,DAGMA,"{""lambda1"": 0.005, ""w_threshold_dagma"": 0.05}",20,30,5000,13,/home/mathis/Documents/Travail/cbnsl_benchmark/scaling/../scaling/results/2026-04-11_01h46_cbn_unif_mixture/graphs/golden__v20_a30_g13.json,/home/mathis/Documents/Travail/cbnsl_benchmark/scaling/../scaling/results/2026-04-11_01h46_cbn_unif_mixture/graphs/DAGMA__v20_a30_g13_s5000.json,,1.5598856689975946,28.0,30.0,0.060606060606060615,0.47619047619047616,0.047619047619047616,0.3333333333333333
cbn_unif_mixture,DAGMA,"{""lambda1"": 0.005, ""w_threshold_dagma"": 0.05}",20,30,200,14,/home/mathis/Documents/Travail/cbnsl_benchmark/scaling/../scaling/results/2026-04-11_01h46_cbn_unif_mixture/graphs/golden__v20_a30_g14.json,,[pyAgrum] Directed cycle detected: Add a directed cycle in a dag !,,,,,,,
cbn_unif_mixture,DAGMA,"{""lambda1"": 0.005, ""w_threshold_dagma"": 0.05}",20,30,500,14,/home/mathis/Documents/Travail/cbnsl_benchmark/scaling/../scaling/results/2026-04-11_01h46_cbn_unif_mixture/graphs/golden__v20_a30_g14.json,/home/mathis/Documents/Travail/cbnsl_benchmark/scaling/../scaling/results/2026-04-11_01h46_cbn_unif_mixture/graphs/DAGMA__v20_a30_g14_s500.json,,2.092473828000948,20.0,28.0,0.27777777777777773,0.6521739130434783,0.2631578947368421,0.5172413793103449
cbn_unif_mixture,DAGMA,"{""lambda1"": 0.005, ""w_threshold_dagma"": 0.05}",20,30,1000,14,/home/mathis/Documents/Travail/cbnsl_benchmark/scaling/../scaling/results/2026-04-11_01h46_cbn_unif_mixture/graphs/golden__v20_a30_g14.json,/home/mathis/Documents/Travail/cbnsl_benchmark/scaling/../scaling/results/2026-04-11_01h46_cbn_unif_mixture/graphs/DAGMA__v20_a30_g14_s1000.json,,1.561394342003041,21.0,27.0,0.1818181818181818,0.6666666666666667,0.17647058823529413,0.5172413793103449
cbn_unif_mixture,DAGMA,"{""lambda1"": 0.005, ""w_threshold_dagma"": 0.05}",20,30,3000,14,/home/mathis/Documents/Travail/cbnsl_benchmark/scaling/../scaling/results/2026-04-11_01h46_cbn_unif_mixture/graphs/golden__v20_a30_g14.json,/home/mathis/Documents/Travail/cbnsl_benchmark/scaling/../scaling/results/2026-04-11_01h46_cbn_unif_mixture/graphs/DAGMA__v20_a30_g14_s3000.json,,1.3384519679966616,23.0,27.0,0.06451612903225808,0.6046511627906977,0.058823529411764705,0.4482758620689655
cbn_unif_mixture,DAGMA,"{""lambda1"": 0.005, ""w_threshold_dagma"": 0.05}",20,30,5000,14,/home/mathis/Documents/Travail/cbnsl_benchmark/scaling/../scaling/results/2026-04-11_01h46_cbn_unif_mixture/graphs/golden__v20_a30_g14.json,/home/mathis/Documents/Travail/cbnsl_benchmark/scaling/../scaling/results/2026-04-11_01h46_cbn_unif_mixture/graphs/DAGMA__v20_a30_g14_s5000.json,,1.6499763570027426,22.0,27.0,0.06666666666666667,0.6190476190476191,0.058823529411764705,0.4482758620689655
cbn_unif_mixture,DAGMA,"{""lambda1"": 0.005, ""w_threshold_dagma"": 0.05}",20,30,200,15,/home/mathis/Documents/Travail/cbnsl_benchmark/scaling/../scaling/results/2026-04-11_01h46_cbn_unif_mixture/graphs/golden__v20_a30_g15.json,/home/mathis/Documents/Travail/cbnsl_benchmark/scaling/../scaling/results/2026-04-11_01h46_cbn_unif_mixture/graphs/DAGMA__v20_a30_g15_s200.json,,2.066136795998318,41.0,42.0,0.3448275862068966,0.45161290322580644,0.38461538461538464,0.4666666666666667
cbn_unif_mixture,DAGMA,"{""lambda1"": 0.005, ""w_threshold_dagma"": 0.05}",20,30,500,15,/home/mathis/Documents/Travail/cbnsl_benchmark/scaling/../scaling/results/2026-04-11_01h46_cbn_unif_mixture/graphs/golden__v20_a30_g15.json,/home/mathis/Documents/Travail/cbnsl_benchmark/scaling/../scaling/results/2026-04-11_01h46_cbn_unif_mixture/graphs/DAGMA__v20_a30_g15_s500.json,,1.3686449820015696,31.0,30.0,0.2105263157894737,0.4888888888888889,0.17391304347826086,0.36666666666666664
cbn_unif_mixture,DAGMA,"{""lambda1"": 0.005, ""w_threshold_dagma"": 0.05}",20,30,1000,15,/home/mathis/Documents/Travail/cbnsl_benchmark/scaling/../scaling/results/2026-04-11_01h46_cbn_unif_mixture/graphs/golden__v20_a30_g15.json,/home/mathis/Documents/Travail/cbnsl_benchmark/scaling/../scaling/results/2026-04-11_01h46_cbn_unif_mixture/graphs/DAGMA__v20_a30_g15_s1000.json,,1.7127063799998723,27.0,29.0,0.0,0.4878048780487804,0.0,0.3333333333333333
cbn_unif_mixture,DAGMA,"{""lambda1"": 0.005, ""w_threshold_dagma"": 0.05}",20,30,3000,15,/home/mathis/Documents/Travail/cbnsl_benchmark/scaling/../scaling/results/2026-04-11_01h46_cbn_unif_mixture/graphs/golden__v20_a30_g15.json,/home/mathis/Documents/Travail/cbnsl_benchmark/scaling/../scaling/results/2026-04-11_01h46_cbn_unif_mixture/graphs/DAGMA__v20_a30_g15_s3000.json,,1.769705779996002,24.0,30.0,0.2222222222222222,0.5454545454545455,0.18181818181818182,0.4
cbn_unif_mixture,DAGMA,"{""lambda1"": 0.005, ""w_threshold_dagma"": 0.05}",20,30,5000,15,/home/mathis/Documents/Travail/cbnsl_benchmark/scaling/../scaling/results/2026-04-11_01h46_cbn_unif_mixture/graphs/golden__v20_a30_g15.json,/home/mathis/Documents/Travail/cbnsl_benchmark/scaling/../scaling/results/2026-04-11_01h46_cbn_unif_mixture/graphs/DAGMA__v20_a30_g15_s5000.json,,1.3937190140059101,24.0,30.0,0.2222222222222222,0.5454545454545455,0.18181818181818182,0.4
cbn_unif_mixture,DAGMA,"{""lambda1"": 0.005, ""w_threshold_dagma"": 0.05}",20,30,200,16,/home/mathis/Documents/Travail/cbnsl_benchmark/scaling/../scaling/results/2026-04-11_01h46_cbn_unif_mixture/graphs/golden__v20_a30_g16.json,/home/mathis/Documents/Travail/cbnsl_benchmark/scaling/../scaling/results/2026-04-11_01h46_cbn_unif_mixture/graphs/DAGMA__v20_a30_g16_s200.json,,1.5990348609993816,45.0,44.0,0.11111111111111112,0.4307692307692308,0.15789473684210525,0.4666666666666667
cbn_unif_mixture,DAGMA,"{""lambda1"": 0.005, ""w_threshold_dagma"": 0.05}",20,30,500,16,/home/mathis/Documents/Travail/cbnsl_benchmark/scaling/../scaling/results/2026-04-11_01h46_cbn_unif_mixture/graphs/golden__v20_a30_g16.json,/home/mathis/Documents/Travail/cbnsl_benchmark/scaling/../scaling/results/2026-04-11_01h46_cbn_unif_mixture/graphs/DAGMA__v20_a30_g16_s500.json,,1.2150447520034504,29.0,24.0,0.21621621621621623,0.653061224489796,0.2222222222222222,0.5333333333333333
cbn_unif_mixture,DAGMA,"{""lambda1"": 0.005, ""w_threshold_dagma"": 0.05}",20,30,1000,16,/home/mathis/Documents/Travail/cbnsl_benchmark/scaling/../scaling/results/2026-04-11_01h46_cbn_unif_mixture/graphs/golden__v20_a30_g16.json,/home/mathis/Documents/Travail/cbnsl_benchmark/scaling/../scaling/results/2026-04-11_01h46_cbn_unif_mixture/graphs/DAGMA__v20_a30_g16_s1000.json,,1.4840153459954308,29.0,27.0,0.17142857142857143,0.6666666666666667,0.17647058823529413,0.5333333333333333
cbn_unif_mixture,DAGMA,"{""lambda1"": 0.005, ""w_threshold_dagma"": 0.05}",20,30,3000,16,/home/mathis/Documents/Travail/cbnsl_benchmark/scaling/../scaling/results/2026-04-11_01h46_cbn_unif_mixture/graphs/golden__v20_a30_g16.json,/home/mathis/Documents/Travail/cbnsl_benchmark/scaling/../scaling/results/2026-04-11_01h46_cbn_unif_mixture/graphs/DAGMA__v20_a30_g16_s3000.json,,2.3257984800002305,26.0,23.0,0.12121212121212122,0.6521739130434783,0.11764705882352941,0.5
cbn_unif_mixture,DAGMA,"{""lambda1"": 0.005, ""w_threshold_dagma"": 0.05}",20,30,5000,16,/home/mathis/Documents/Travail/cbnsl_benchmark/scaling/../scaling/results/2026-04-11_01h46_cbn_unif_mixture/graphs/golden__v20_a30_g16.json,/home/mathis/Documents/Travail/cbnsl_benchmark/scaling/../scaling/results/2026-04-11_01h46_cbn_unif_mixture/graphs/DAGMA__v20_a30_g16_s5000.json,,1.5414996449981118,26.0,24.0,0.06451612903225808,0.6363636363636364,0.058823529411764705,0.4666666666666667
cbn_unif_mixture,DAGMA,"{""lambda1"": 0.005, ""w_threshold_dagma"": 0.05}",20,30,200,17,/home/mathis/Documents/Travail/cbnsl_benchmark/scaling/../scaling/results/2026-04-11_01h46_cbn_unif_mixture/graphs/golden__v20_a30_g17.json,/home/mathis/Documents/Travail/cbnsl_benchmark/scaling/../scaling/results/2026-04-11_01h46_cbn_unif_mixture/graphs/DAGMA__v20_a30_g17_s200.json,,1.7973352999979397,38.0,43.0,0.3870967741935484,0.5294117647058824,0.5,0.6
cbn_unif_mixture,DAGMA,"{""lambda1"": 0.005, ""w_threshold_dagma"": 0.05}",20,30,500,17,/home/mathis/Documents/Travail/cbnsl_benchmark/scaling/../scaling/results/2026-04-11_01h46_cbn_unif_mixture/graphs/golden__v20_a30_g17.json,/home/mathis/Documents/Travail/cbnsl_benchmark/scaling/../scaling/results/2026-04-11_01h46_cbn_unif_mixture/graphs/DAGMA__v20_a30_g17_s500.json,,1.7672583399980795,24.0,27.0,0.43478260869565216,0.6666666666666665,0.45454545454545453,0.6
cbn_unif_mixture,DAGMA,"{""lambda1"": 0.005, ""w_threshold_dagma"": 0.05}",20,30,1000,17,/home/mathis/Documents/Travail/cbnsl_benchmark/scaling/../scaling/results/2026-04-11_01h46_cbn_unif_mixture/graphs/golden__v20_a30_g17.json,/home/mathis/Documents/Travail/cbnsl_benchmark/scaling/../scaling/results/2026-04-11_01h46_cbn_unif_mixture/graphs/DAGMA__v20_a30_g17_s1000.json,,1.4858652240000083,19.0,26.0,0.46511627906976744,0.68,0.43478260869565216,0.5666666666666667
cbn_unif_mixture,DAGMA,"{""lambda1"": 0.005, ""w_threshold_dagma"": 0.05}",20,30,3000,17,/home/mathis/Documents/Travail/cbnsl_benchmark/scaling/../scaling/results/2026-04-11_01h46_cbn_unif_mixture/graphs/golden__v20_a30_g17.json,/home/mathis/Documents/Travail/cbnsl_benchmark/scaling/../scaling/results/2026-04-11_01h46_cbn_unif_mixture/graphs/DAGMA__v20_a30_g17_s3000.json,,2.26542680899729,18.0,31.0,0.5,0.68,0.4583333333333333,0.5666666666666667
cbn_unif_mixture,DAGMA,"{""lambda1"": 0.005, ""w_threshold_dagma"": 0.05}",20,30,5000,17,/home/mathis/Documents/Travail/cbnsl_benchmark/scaling/../scaling/results/2026-04-11_01h46_cbn_unif_mixture/graphs/golden__v20_a30_g17.json,/home/mathis/Documents/Travail/cbnsl_benchmark/scaling/../scaling/results/2026-04-11_01h46_cbn_unif_mixture/graphs/DAGMA__v20_a30_g17_s5000.json,,1.8362700170036987,18.0,24.0,0.4761904761904762,0.6666666666666667,0.4166666666666667,0.5333333333333333
cbn_unif_mixture,DAGMA,"{""lambda1"": 0.005, ""w_threshold_dagma"": 0.05}",20,30,200,18,/home/mathis/Documents/Travail/cbnsl_benchmark/scaling/../scaling/results/2026-04-11_01h46_cbn_unif_mixture/graphs/golden__v20_a30_g18.json,,[pyAgrum] Directed cycle detected: Add a directed cycle in a dag !,,,,,,,
cbn_unif_mixture,DAGMA,"{""lambda1"": 0.005, ""w_threshold_dagma"": 0.05}",20,30,500,18,/home/mathis/Documents/Travail/cbnsl_benchmark/scaling/../scaling/results/2026-04-11_01h46_cbn_unif_mixture/graphs/golden__v20_a30_g18.json,/home/mathis/Documents/Travail/cbnsl_benchmark/scaling/../scaling/results/2026-04-11_01h46_cbn_unif_mixture/graphs/DAGMA__v20_a30_g18_s500.json,,1.4581796049969853,31.0,32.0,0.10810810810810811,0.5416666666666666,0.10526315789473684,0.43333333333333335
cbn_unif_mixture,DAGMA,"{""lambda1"": 0.005, ""w_threshold_dagma"": 0.05}",20,30,1000,18,/home/mathis/Documents/Travail/cbnsl_benchmark/scaling/../scaling/results/2026-04-11_01h46_cbn_unif_mixture/graphs/golden__v20_a30_g18.json,/home/mathis/Documents/Travail/cbnsl_benchmark/scaling/../scaling/results/2026-04-11_01h46_cbn_unif_mixture/graphs/DAGMA__v20_a30_g18_s1000.json,,2.4908407529947,32.0,33.0,0.0,0.5531914893617021,0.0,0.43333333333333335
cbn_unif_mixture,DAGMA,"{""lambda1"": 0.005, ""w_threshold_dagma"": 0.05}",20,30,3000,18,/home/mathis/Documents/Travail/cbnsl_benchmark/scaling/../scaling/results/2026-04-11_01h46_cbn_unif_mixture/graphs/golden__v20_a30_g18.json,/home/mathis/Documents/Travail/cbnsl_benchmark/scaling/../scaling/results/2026-04-11_01h46_cbn_unif_mixture/graphs/DAGMA__v20_a30_g18_s3000.json,,1.4719876989984186,28.0,25.0,0.11764705882352941,0.5777777777777778,0.10526315789473684,0.43333333333333335
cbn_unif_mixture,DAGMA,"{""lambda1"": 0.005, ""w_threshold_dagma"": 0.05}",20,30,5000,18,/home/mathis/Documents/Travail/cbnsl_benchmark/scaling/../scaling/results/2026-04-11_01h46_cbn_unif_mixture/graphs/golden__v20_a30_g18.json,/home/mathis/Documents/Travail/cbnsl_benchmark/scaling/../scaling/results/2026-04-11_01h46_cbn_unif_mixture/graphs/DAGMA__v20_a30_g18_s5000.json,,2.73590348399739,30.0,31.0,0.0,0.5777777777777778,0.0,0.43333333333333335
cbn_unif_mixture,DAGMA,"{""lambda1"": 0.005, ""w_threshold_dagma"": 0.05}",20,30,200,19,/home/mathis/Documents/Travail/cbnsl_benchmark/scaling/../scaling/results/2026-04-11_01h46_cbn_unif_mixture/graphs/golden__v20_a30_g19.json,/home/mathis/Documents/Travail/cbnsl_benchmark/scaling/../scaling/results/2026-04-11_01h46_cbn_unif_mixture/graphs/DAGMA__v20_a30_g19_s200.json,,1.580663779997849,36.0,34.0,0.4067796610169491,0.6571428571428571,0.631578947368421,0.7666666666666667
cbn_unif_mixture,DAGMA,"{""lambda1"": 0.005, ""w_threshold_dagma"": 0.05}",20,30,500,19,/home/mathis/Documents/Travail/cbnsl_benchmark/scaling/../scaling/results/2026-04-11_01h46_cbn_unif_mixture/graphs/golden__v20_a30_g19.json,/home/mathis/Documents/Travail/cbnsl_benchmark/scaling/../scaling/results/2026-04-11_01h46_cbn_unif_mixture/graphs/DAGMA__v20_a30_g19_s500.json,,2.407608027999231,18.0,25.0,0.2631578947368421,0.7307692307692307,0.3125,0.6333333333333333
cbn_unif_mixture,DAGMA,"{""lambda1"": 0.005, ""w_threshold_dagma"": 0.05}",20,30,1000,19,/home/mathis/Documents/Travail/cbnsl_benchmark/scaling/../scaling/results/2026-04-11_01h46_cbn_unif_mixture/graphs/golden__v20_a30_g19.json,/home/mathis/Documents/Travail/cbnsl_benchmark/scaling/../scaling/results/2026-04-11_01h46_cbn_unif_mixture/graphs/DAGMA__v20_a30_g19_s1000.json,,2.060694999003317,17.0,27.0,0.27027027027027023,0.7200000000000001,0.29411764705882354,0.6
cbn_unif_mixture,DAGMA,"{""lambda1"": 0.005, ""w_threshold_dagma"": 0.05}",20,30,3000,19,/home/mathis/Documents/Travail/cbnsl_benchmark/scaling/../scaling/results/2026-04-11_01h46_cbn_unif_mixture/graphs/golden__v20_a30_g19.json,/home/mathis/Documents/Travail/cbnsl_benchmark/scaling/../scaling/results/2026-04-11_01h46_cbn_unif_mixture/graphs/DAGMA__v20_a30_g19_s3000.json,,2.397046746998967,17.0,26.0,0.22857142857142856,0.7083333333333334,0.23529411764705882,0.5666666666666667
cbn_unif_mixture,DAGMA,"{""lambda1"": 0.005, ""w_threshold_dagma"": 0.05}",20,30,5000,19,/home/mathis/Documents/Travail/cbnsl_benchmark/scaling/../scaling/results/2026-04-11_01h46_cbn_unif_mixture/graphs/golden__v20_a30_g19.json,/home/mathis/Documents/Travail/cbnsl_benchmark/scaling/../scaling/results/2026-04-11_01h46_cbn_unif_mixture/graphs/DAGMA__v20_a30_g19_s5000.json,,1.7123115840004175,19.0,26.0,0.12121212121212122,0.6521739130434783,0.11764705882352941,0.5
cbn_unif_mixture,DAGMA,"{""lambda1"": 0.005, ""w_threshold_dagma"": 0.05}",20,30,200,20,/home/mathis/Documents/Travail/cbnsl_benchmark/scaling/../scaling/results/2026-04-11_01h46_cbn_unif_mixture/graphs/golden__v20_a30_g20.json,/home/mathis/Documents/Travail/cbnsl_benchmark/scaling/../scaling/results/2026-04-11_01h46_cbn_unif_mixture/graphs/DAGMA__v20_a30_g20_s200.json,,2.0394753129949095,41.0,40.0,0.2909090909090909,0.4838709677419355,0.34782608695652173,0.5
cbn_unif_mixture,DAGMA,"{""lambda1"": 0.005, ""w_threshold_dagma"": 0.05}",20,30,500,20,/home/mathis/Documents/Travail/cbnsl_benchmark/scaling/../scaling/results/2026-04-11_01h46_cbn_unif_mixture/graphs/golden__v20_a30_g20.json,/home/mathis/Documents/Travail/cbnsl_benchmark/scaling/../scaling/results/2026-04-11_01h46_cbn_unif_mixture/graphs/DAGMA__v20_a30_g20_s500.json,,1.8792579709988786,30.0,26.0,0.16666666666666663,0.5652173913043479,0.15,0.43333333333333335
cbn_unif_mixture,DAGMA,"{""lambda1"": 0.005, ""w_threshold_dagma"": 0.05}",20,30,1000,20,/home/mathis/Documents/Travail/cbnsl_benchmark/scaling/../scaling/results/2026-04-11_01h46_cbn_unif_mixture/graphs/golden__v20_a30_g20.json,/home/mathis/Documents/Travail/cbnsl_benchmark/scaling/../scaling/results/2026-04-11_01h46_cbn_unif_mixture/graphs/DAGMA__v20_a30_g20_s1000.json,,1.889388693998626,27.0,28.0,0.17142857142857143,0.5454545454545455,0.14285714285714285,0.4
cbn_unif_mixture,DAGMA,"{""lambda1"": 0.005, ""w_threshold_dagma"": 0.05}",20,30,3000,20,/home/mathis/Documents/Travail/cbnsl_benchmark/scaling/../scaling/results/2026-04-11_01h46_cbn_unif_mixture/graphs/golden__v20_a30_g20.json,/home/mathis/Documents/Travail/cbnsl_benchmark/scaling/../scaling/results/2026-04-11_01h46_cbn_unif_mixture/graphs/DAGMA__v20_a30_g20_s3000.json,,1.246225274997414,27.0,28.0,0.12121212121212123,0.5581395348837209,0.1,0.4
cbn_unif_mixture,DAGMA,"{""lambda1"": 0.005, ""w_threshold_dagma"": 0.05}",20,30,5000,20,/home/mathis/Documents/Travail/cbnsl_benchmark/scaling/../scaling/results/2026-04-11_01h46_cbn_unif_mixture/graphs/golden__v20_a30_g20.json,/home/mathis/Documents/Travail/cbnsl_benchmark/scaling/../scaling/results/2026-04-11_01h46_cbn_unif_mixture/graphs/DAGMA__v20_a30_g20_s5000.json,,1.5778296839998802,29.0,28.0,0.0,0.4878048780487804,0.0,0.3333333333333333
cbn_unif_mixture,DAGMA,"{""lambda1"": 0.005, ""w_threshold_dagma"": 0.05}",20,30,200,21,/home/mathis/Documents/Travail/cbnsl_benchmark/scaling/../scaling/results/2026-04-11_01h46_cbn_unif_mixture/graphs/golden__v20_a30_g21.json,/home/mathis/Documents/Travail/cbnsl_benchmark/scaling/../scaling/results/2026-04-11_01h46_cbn_unif_mixture/graphs/DAGMA__v20_a30_g21_s200.json,,2.7552245930055506,47.0,47.0,0.23728813559322032,0.5142857142857143,0.3684210526315789,0.6
cbn_unif_mixture,DAGMA,"{""lambda1"": 0.005, ""w_threshold_dagma"": 0.05}",20,30,500,21,/home/mathis/Documents/Travail/cbnsl_benchmark/scaling/../scaling/results/2026-04-11_01h46_cbn_unif_mixture/graphs/golden__v20_a30_g21.json,/home/mathis/Documents/Travail/cbnsl_benchmark/scaling/../scaling/results/2026-04-11_01h46_cbn_unif_mixture/graphs/DAGMA__v20_a30_g21_s500.json,,2.936820765004086,32.0,32.0,0.14634146341463414,0.5660377358490566,0.16666666666666666,0.5
cbn_unif_mixture,DAGMA,"{""lambda1"": 0.005, ""w_threshold_dagma"": 0.05}",20,30,1000,21,/home/mathis/Documents/Travail/cbnsl_benchmark/scaling/../scaling/results/2026-04-11_01h46_cbn_unif_mixture/graphs/golden__v20_a30_g21.json,/home/mathis/Documents/Travail/cbnsl_benchmark/scaling/../scaling/results/2026-04-11_01h46_cbn_unif_mixture/graphs/DAGMA__v20_a30_g21_s1000.json,,1.57443165499717,29.0,30.0,0.35000000000000003,0.625,0.3181818181818182,0.5
cbn_unif_mixture,DAGMA,"{""lambda1"": 0.005, ""w_threshold_dagma"": 0.05}",20,30,3000,21,/home/mathis/Documents/Travail/cbnsl_benchmark/scaling/../scaling/results/2026-04-11_01h46_cbn_unif_mixture/graphs/golden__v20_a30_g21.json,/home/mathis/Documents/Travail/cbnsl_benchmark/scaling/../scaling/results/2026-04-11_01h46_cbn_unif_mixture/graphs/DAGMA__v20_a30_g21_s3000.json,,1.6171444579958916,27.0,28.0,0.0,0.5777777777777778,0.0,0.43333333333333335
cbn_unif_mixture,DAGMA,"{""lambda1"": 0.005, ""w_threshold_dagma"": 0.05}",20,30,5000,21,/home/mathis/Documents/Travail/cbnsl_benchmark/scaling/../scaling/results/2026-04-11_01h46_cbn_unif_mixture/graphs/golden__v20_a30_g21.json,/home/mathis/Documents/Travail/cbnsl_benchmark/scaling/../scaling/results/2026-04-11_01h46_cbn_unif_mixture/graphs/DAGMA__v20_a30_g21_s5000.json,,1.4562346080056159,26.0,27.0,0.0,0.45000000000000007,0.0,0.3
cbn_unif_mixture,DAGMA,"{""lambda1"": 0.005, ""w_threshold_dagma"": 0.05}",20,30,200,22,/home/mathis/Documents/Travail/cbnsl_benchmark/scaling/../scaling/results/2026-04-11_01h46_cbn_unif_mixture/graphs/golden__v20_a30_g22.json,/home/mathis/Documents/Travail/cbnsl_benchmark/scaling/../scaling/results/2026-04-11_01h46_cbn_unif_mixture/graphs/DAGMA__v20_a30_g22_s200.json,,1.6259672739979578,43.0,48.0,0.28070175438596484,0.4444444444444445,0.34782608695652173,0.4827586206896552
cbn_unif_mixture,DAGMA,"{""lambda1"": 0.005, ""w_threshold_dagma"": 0.05}",20,30,500,22,/home/mathis/Documents/Travail/cbnsl_benchmark/scaling/../scaling/results/2026-04-11_01h46_cbn_unif_mixture/graphs/golden__v20_a30_g22.json,/home/mathis/Documents/Travail/cbnsl_benchmark/scaling/../scaling/results/2026-04-11_01h46_cbn_unif_mixture/graphs/DAGMA__v20_a30_g22_s500.json,,2.3923527050064877,27.0,19.0,0.2222222222222222,0.7200000000000001,0.26666666666666666,0.6206896551724138
cbn_unif_mixture,DAGMA,"{""lambda1"": 0.005, ""w_threshold_dagma"": 0.05}",20,30,1000,22,/home/mathis/Documents/Travail/cbnsl_benchmark/scaling/../scaling/results/2026-04-11_01h46_cbn_unif_mixture/graphs/golden__v20_a30_g22.json,/home/mathis/Documents/Travail/cbnsl_benchmark/scaling/../scaling/results/2026-04-11_01h46_cbn_unif_mixture/graphs/DAGMA__v20_a30_g22_s1000.json,,2.5805955529940547,25.0,22.0,0.22857142857142856,0.7083333333333333,0.25,0.5862068965517241
cbn_unif_mixture,DAGMA,"{""lambda1"": 0.005, ""w_threshold_dagma"": 0.05}",20,30,3000,22,/home/mathis/Documents/Travail/cbnsl_benchmark/scaling/../scaling/results/2026-04-11_01h46_cbn_unif_mixture/graphs/golden__v20_a30_g22.json,/home/mathis/Documents/Travail/cbnsl_benchmark/scaling/../scaling/results/2026-04-11_01h46_cbn_unif_mixture/graphs/DAGMA__v20_a30_g22_s3000.json,,2.004537827000604,27.0,22.0,0.0625,0.6808510638297872,0.07142857142857142,0.5517241379310345
cbn_unif_mixture,DAGMA,"{""lambda1"": 0.005, ""w_threshold_dagma"": 0.05}",20,30,5000,22,/home/mathis/Documents/Travail/cbnsl_benchmark/scaling/../scaling/results/2026-04-11_01h46_cbn_unif_mixture/graphs/golden__v20_a30_g22.json,/home/mathis/Documents/Travail/cbnsl_benchmark/scaling/../scaling/results/2026-04-11_01h46_cbn_unif_mixture/graphs/DAGMA__v20_a30_g22_s5000.json,,1.4741073819968733,25.0,21.0,0.0,0.6956521739130435,0.0,0.5517241379310345
cbn_unif_mixture,DAGMA,"{""lambda1"": 0.005, ""w_threshold_dagma"": 0.05}",20,30,200,23,/home/mathis/Documents/Travail/cbnsl_benchmark/scaling/../scaling/results/2026-04-11_01h46_cbn_unif_mixture/graphs/golden__v20_a30_g23.json,/home/mathis/Documents/Travail/cbnsl_benchmark/scaling/../scaling/results/2026-04-11_01h46_cbn_unif_mixture/graphs/DAGMA__v20_a30_g23_s200.json,,2.200104978001036,45.0,54.0,0.3768115942028985,0.5066666666666666,0.5416666666666666,0.6333333333333333
cbn_unif_mixture,DAGMA,"{""lambda1"": 0.005, ""w_threshold_dagma"": 0.05}",20,30,500,23,/home/mathis/Documents/Travail/cbnsl_benchmark/scaling/../scaling/results/2026-04-11_01h46_cbn_unif_mixture/graphs/golden__v20_a30_g23.json,/home/mathis/Documents/Travail/cbnsl_benchmark/scaling/../scaling/results/2026-04-11_01h46_cbn_unif_mixture/graphs/DAGMA__v20_a30_g23_s500.json,,1.4939688919985201,31.0,29.0,0.2790697674418604,0.576923076923077,0.2857142857142857,0.5
cbn_unif_mixture,DAGMA,"{""lambda1"": 0.005, ""w_threshold_dagma"": 0.05}",20,30,1000,23,/home/mathis/Documents/Travail/cbnsl_benchmark/scaling/../scaling/results/2026-04-11_01h46_cbn_unif_mixture/graphs/golden__v20_a30_g23.json,/home/mathis/Documents/Travail/cbnsl_benchmark/scaling/../scaling/results/2026-04-11_01h46_cbn_unif_mixture/graphs/DAGMA__v20_a30_g23_s1000.json,,2.1004012979974505,30.0,32.0,0.1081081081081081,0.6,0.11764705882352941,0.5
cbn_unif_mixture,DAGMA,"{""lambda1"": 0.005, ""w_threshold_dagma"": 0.05}",20,30,3000,23,/home/mathis/Documents/Travail/cbnsl_benchmark/scaling/../scaling/results/2026-04-11_01h46_cbn_unif_mixture/graphs/golden__v20_a30_g23.json,/home/mathis/Documents/Travail/cbnsl_benchmark/scaling/../scaling/results/2026-04-11_01h46_cbn_unif_mixture/graphs/DAGMA__v20_a30_g23_s3000.json,,2.0540137130010407,27.0,30.0,0.16666666666666666,0.625,0.16666666666666666,0.5
cbn_unif_mixture,DAGMA,"{""lambda1"": 0.005, ""w_threshold_dagma"": 0.05}",20,30,5000,23,/home/mathis/Documents/Travail/cbnsl_benchmark/scaling/../scaling/results/2026-04-11_01h46_cbn_unif_mixture/graphs/golden__v20_a30_g23.json,/home/mathis/Documents/Travail/cbnsl_benchmark/scaling/../scaling/results/2026-04-11_01h46_cbn_unif_mixture/graphs/DAGMA__v20_a30_g23_s5000.json,,1.5952038780014846,29.0,32.0,0.058823529411764705,0.5333333333333333,0.05263157894736842,0.4
cbn_unif_mixture,DAGMA,"{""lambda1"": 0.005, ""w_threshold_dagma"": 0.05}",20,30,200,24,/home/mathis/Documents/Travail/cbnsl_benchmark/scaling/../scaling/results/2026-04-11_01h46_cbn_unif_mixture/graphs/golden__v20_a30_g24.json,/home/mathis/Documents/Travail/cbnsl_benchmark/scaling/../scaling/results/2026-04-11_01h46_cbn_unif_mixture/graphs/DAGMA__v20_a30_g24_s200.json,,1.9980975680009578,45.0,43.0,0.19230769230769232,0.4333333333333333,0.25,0.4642857142857143
cbn_unif_mixture,DAGMA,"{""lambda1"": 0.005, ""w_threshold_dagma"": 0.05}",20,30,500,24,/home/mathis/Documents/Travail/cbnsl_benchmark/scaling/../scaling/results/2026-04-11_01h46_cbn_unif_mixture/graphs/golden__v20_a30_g24.json,/home/mathis/Documents/Travail/cbnsl_benchmark/scaling/../scaling/results/2026-04-11_01h46_cbn_unif_mixture/graphs/DAGMA__v20_a30_g24_s500.json,,1.5922100499956287,26.0,27.0,0.15789473684210525,0.5106382978723404,0.15789473684210525,0.42857142857142855
cbn_unif_mixture,DAGMA,"{""lambda1"": 0.005, ""w_threshold_dagma"": 0.05}",20,30,1000,24,/home/mathis/Documents/Travail/cbnsl_benchmark/scaling/../scaling/results/2026-04-11_01h46_cbn_unif_mixture/graphs/golden__v20_a30_g24.json,/home/mathis/Documents/Travail/cbnsl_benchmark/scaling/../scaling/results/2026-04-11_01h46_cbn_unif_mixture/graphs/DAGMA__v20_a30_g24_s1000.json,,1.600898959004553,24.0,25.0,0.18181818181818185,0.5365853658536585,0.15,0.39285714285714285
cbn_unif_mixture,DAGMA,"{""lambda1"": 0.005, ""w_threshold_dagma"": 0.05}",20,30,3000,24,/home/mathis/Documents/Travail/cbnsl_benchmark/scaling/../scaling/results/2026-04-11_01h46_cbn_unif_mixture/graphs/golden__v20_a30_g24.json,/home/mathis/Documents/Travail/cbnsl_benchmark/scaling/../scaling/results/2026-04-11_01h46_cbn_unif_mixture/graphs/DAGMA__v20_a30_g24_s3000.json,,2.177871933003189,20.0,23.0,0.13333333333333333,0.5641025641025641,0.10526315789473684,0.39285714285714285
cbn_unif_mixture,DAGMA,"{""lambda1"": 0.005, ""w_threshold_dagma"": 0.05}",20,30,5000,24,/home/mathis/Documents/Travail/cbnsl_benchmark/scaling/../scaling/results/2026-04-11_01h46_cbn_unif_mixture/graphs/golden__v20_a30_g24.json,/home/mathis/Documents/Travail/cbnsl_benchmark/scaling/../scaling/results/2026-04-11_01h46_cbn_unif_mixture/graphs/DAGMA__v20_a30_g24_s5000.json,,1.1776053970024805,20.0,23.0,0.13333333333333333,0.5263157894736842,0.1,0.35714285714285715
cbn_unif_mixture,DAGMA,"{""lambda1"": 0.005, ""w_threshold_dagma"": 0.05}",20,30,200,25,/home/mathis/Documents/Travail/cbnsl_benchmark/scaling/../scaling/results/2026-04-11_01h46_cbn_unif_mixture/graphs/golden__v20_a30_g25.json,/home/mathis/Documents/Travail/cbnsl_benchmark/scaling/../scaling/results/2026-04-11_01h46_cbn_unif_mixture/graphs/DAGMA__v20_a30_g25_s200.json,,2.1067070080025587,42.0,41.0,0.19607843137254902,0.38596491228070173,0.20833333333333334,0.36666666666666664
cbn_unif_mixture,DAGMA,"{""lambda1"": 0.005, ""w_threshold_dagma"": 0.05}",20,30,500,25,/home/mathis/Documents/Travail/cbnsl_benchmark/scaling/../scaling/results/2026-04-11_01h46_cbn_unif_mixture/graphs/golden__v20_a30_g25.json,/home/mathis/Documents/Travail/cbnsl_benchmark/scaling/../scaling/results/2026-04-11_01h46_cbn_unif_mixture/graphs/DAGMA__v20_a30_g25_s500.json,,1.242245407003793,32.0,29.0,0.1081081081081081,0.5106382978723405,0.1,0.4
cbn_unif_mixture,DAGMA,"{""lambda1"": 0.005, ""w_threshold_dagma"": 0.05}",20,30,1000,25,/home/mathis/Documents/Travail/cbnsl_benchmark/scaling/../scaling/results/2026-04-11_01h46_cbn_unif_mixture/graphs/golden__v20_a30_g25.json,/home/mathis/Documents/Travail/cbnsl_benchmark/scaling/../scaling/results/2026-04-11_01h46_cbn_unif_mixture/graphs/DAGMA__v20_a30_g25_s1000.json,,1.3837703350000083,24.0,26.0,0.32432432432432434,0.5581395348837209,0.25,0.4
cbn_unif_mixture,DAGMA,"{""lambda1"": 0.005, ""w_threshold_dagma"": 0.05}",20,30,3000,25,/home/mathis/Documents/Travail/cbnsl_benchmark/scaling/../scaling/results/2026-04-11_01h46_cbn_unif_mixture/graphs/golden__v20_a30_g25.json,/home/mathis/Documents/Travail/cbnsl_benchmark/scaling/../scaling/results/2026-04-11_01h46_cbn_unif_mixture/graphs/DAGMA__v20_a30_g25_s3000.json,,1.7016413640012615,26.0,28.0,0.22857142857142854,0.5238095238095238,0.17391304347826086,0.36666666666666664
cbn_unif_mixture,DAGMA,"{""lambda1"": 0.005, ""w_threshold_dagma"": 0.05}",20,30,5000,25,/home/mathis/Documents/Travail/cbnsl_benchmark/scaling/../scaling/results/2026-04-11_01h46_cbn_unif_mixture/graphs/golden__v20_a30_g25.json,/home/mathis/Documents/Travail/cbnsl_benchmark/scaling/../scaling/results/2026-04-11_01h46_cbn_unif_mixture/graphs/DAGMA__v20_a30_g25_s5000.json,,1.4719916520043625,26.0,28.0,0.2285714285714286,0.4878048780487804,0.16666666666666666,0.3333333333333333
cbn_unif_mixture,DAGMA,"{""lambda1"": 0.005, ""w_threshold_dagma"": 0.05}",20,30,200,26,/home/mathis/Documents/Travail/cbnsl_benchmark/scaling/../scaling/results/2026-04-11_01h46_cbn_unif_mixture/graphs/golden__v20_a30_g26.json,/home/mathis/Documents/Travail/cbnsl_benchmark/scaling/../scaling/results/2026-04-11_01h46_cbn_unif_mixture/graphs/DAGMA__v20_a30_g26_s200.json,,1.4896781439965707,42.0,44.0,0.25925925925925924,0.507936507936508,0.3333333333333333,0.5333333333333333
cbn_unif_mixture,DAGMA,"{""lambda1"": 0.005, ""w_threshold_dagma"": 0.05}",20,30,500,26,/home/mathis/Documents/Travail/cbnsl_benchmark/scaling/../scaling/results/2026-04-11_01h46_cbn_unif_mixture/graphs/golden__v20_a30_g26.json,/home/mathis/Documents/Travail/cbnsl_benchmark/scaling/../scaling/results/2026-04-11_01h46_cbn_unif_mixture/graphs/DAGMA__v20_a30_g26_s500.json,,1.4168175739978324,33.0,33.0,0.23255813953488372,0.6181818181818183,0.2777777777777778,0.5666666666666667
cbn_unif_mixture,DAGMA,"{""lambda1"": 0.005, ""w_threshold_dagma"": 0.05}",20,30,1000,26,/home/mathis/Documents/Travail/cbnsl_benchmark/scaling/../scaling/results/2026-04-11_01h46_cbn_unif_mixture/graphs/golden__v20_a30_g26.json,/home/mathis/Documents/Travail/cbnsl_benchmark/scaling/../scaling/results/2026-04-11_01h46_cbn_unif_mixture/graphs/DAGMA__v20_a30_g26_s1000.json,,1.9543227829999523,26.0,30.0,0.11428571428571428,0.625,0.11764705882352941,0.5
cbn_unif_mixture,DAGMA,"{""lambda1"": 0.005, ""w_threshold_dagma"": 0.05}",20,30,3000,26,/home/mathis/Documents/Travail/cbnsl_benchmark/scaling/../scaling/results/2026-04-11_01h46_cbn_unif_mixture/graphs/golden__v20_a30_g26.json,/home/mathis/Documents/Travail/cbnsl_benchmark/scaling/../scaling/results/2026-04-11_01h46_cbn_unif_mixture/graphs/DAGMA__v20_a30_g26_s3000.json,,2.3438566499971785,24.0,34.0,0.25641025641025644,0.64,0.2631578947368421,0.5333333333333333
cbn_unif_mixture,DAGMA,"{""lambda1"": 0.005, ""w_threshold_dagma"": 0.05}",20,30,5000,26,/home/mathis/Documents/Travail/cbnsl_benchmark/scaling/../scaling/results/2026-04-11_01h46_cbn_unif_mixture/graphs/golden__v20_a30_g26.json,/home/mathis/Documents/Travail/cbnsl_benchmark/scaling/../scaling/results/2026-04-11_01h46_cbn_unif_mixture/graphs/DAGMA__v20_a30_g26_s5000.json,,2.1412946230047964,23.0,33.0,0.2631578947368421,0.653061224489796,0.2631578947368421,0.5333333333333333
cbn_unif_mixture,DAGMA,"{""lambda1"": 0.005, ""w_threshold_dagma"": 0.05}",20,30,200,27,/home/mathis/Documents/Travail/cbnsl_benchmark/scaling/../scaling/results/2026-04-11_01h46_cbn_unif_mixture/graphs/golden__v20_a30_g27.json,/home/mathis/Documents/Travail/cbnsl_benchmark/scaling/../scaling/results/2026-04-11_01h46_cbn_unif_mixture/graphs/DAGMA__v20_a30_g27_s200.json,,2.006067032998544,44.0,47.0,0.21428571428571427,0.4615384615384615,0.2857142857142857,0.5
cbn_unif_mixture,DAGMA,"{""lambda1"": 0.005, ""w_threshold_dagma"": 0.05}",20,30,500,27,/home/mathis/Documents/Travail/cbnsl_benchmark/scaling/../scaling/results/2026-04-11_01h46_cbn_unif_mixture/graphs/golden__v20_a30_g27.json,/home/mathis/Documents/Travail/cbnsl_benchmark/scaling/../scaling/results/2026-04-11_01h46_cbn_unif_mixture/graphs/DAGMA__v20_a30_g27_s500.json,,2.3320853090044693,32.0,34.0,0.20000000000000004,0.56,0.2,0.4666666666666667
cbn_unif_mixture,DAGMA,"{""lambda1"": 0.005, ""w_threshold_dagma"": 0.05}",20,30,1000,27,/home/mathis/Documents/Travail/cbnsl_benchmark/scaling/../scaling/results/2026-04-11_01h46_cbn_unif_mixture/graphs/golden__v20_a30_g27.json,/home/mathis/Documents/Travail/cbnsl_benchmark/scaling/../scaling/results/2026-04-11_01h46_cbn_unif_mixture/graphs/DAGMA__v20_a30_g27_s1000.json,,2.0155754539955524,27.0,32.0,0.11764705882352941,0.5454545454545455,0.1,0.4
cbn_unif_mixture,DAGMA,"{""lambda1"": 0.005, ""w_threshold_dagma"": 0.05}",20,30,3000,27,/home/mathis/Documents/Travail/cbnsl_benchmark/scaling/../scaling/results/2026-04-11_01h46_cbn_unif_mixture/graphs/golden__v20_a30_g27.json,/home/mathis/Documents/Travail/cbnsl_benchmark/scaling/../scaling/results/2026-04-11_01h46_cbn_unif_mixture/graphs/DAGMA__v20_a30_g27_s3000.json,,1.3792830819947994,28.0,31.0,0.0,0.45000000000000007,0.0,0.3
cbn_unif_mixture,DAGMA,"{""lambda1"": 0.005, ""w_threshold_dagma"": 0.05}",20,30,5000,27,/home/mathis/Documents/Travail/cbnsl_benchmark/scaling/../scaling/results/2026-04-11_01h46_cbn_unif_mixture/graphs/golden__v20_a30_g27.json,/home/mathis/Documents/Travail/cbnsl_benchmark/scaling/../scaling/results/2026-04-11_01h46_cbn_unif_mixture/graphs/DAGMA__v20_a30_g27_s5000.json,,2.260138931000256,28.0,31.0,0.0,0.45000000000000007,0.0,0.3
cbn_unif_mixture,DAGMA,"{""lambda1"": 0.005, ""w_threshold_dagma"": 0.05}",20,30,200,28,/home/mathis/Documents/Travail/cbnsl_benchmark/scaling/../scaling/results/2026-04-11_01h46_cbn_unif_mixture/graphs/golden__v20_a30_g28.json,/home/mathis/Documents/Travail/cbnsl_benchmark/scaling/../scaling/results/2026-04-11_01h46_cbn_unif_mixture/graphs/DAGMA__v20_a30_g28_s200.json,,1.8187572130045737,49.0,47.0,0.17241379310344826,0.36923076923076925,0.21739130434782608,0.4
cbn_unif_mixture,DAGMA,"{""lambda1"": 0.005, ""w_threshold_dagma"": 0.05}",20,30,500,28,/home/mathis/Documents/Travail/cbnsl_benchmark/scaling/../scaling/results/2026-04-11_01h46_cbn_unif_mixture/graphs/golden__v20_a30_g28.json,/home/mathis/Documents/Travail/cbnsl_benchmark/scaling/../scaling/results/2026-04-11_01h46_cbn_unif_mixture/graphs/DAGMA__v20_a30_g28_s500.json,,2.246851819996664,30.0,32.0,0.1111111111111111,0.4888888888888889,0.09523809523809523,0.36666666666666664
cbn_unif_mixture,DAGMA,"{""lambda1"": 0.005, ""w_threshold_dagma"": 0.05}",20,30,1000,28,/home/mathis/Documents/Travail/cbnsl_benchmark/scaling/../scaling/results/2026-04-11_01h46_cbn_unif_mixture/graphs/golden__v20_a30_g28.json,/home/mathis/Documents/Travail/cbnsl_benchmark/scaling/../scaling/results/2026-04-11_01h46_cbn_unif_mixture/graphs/DAGMA__v20_a30_g28_s1000.json,,1.6180974759990931,28.0,29.0,0.12121212121212123,0.5581395348837209,0.1,0.4
cbn_unif_mixture,DAGMA,"{""lambda1"": 0.005, ""w_threshold_dagma"": 0.05}",20,30,3000,28,/home/mathis/Documents/Travail/cbnsl_benchmark/scaling/../scaling/results/2026-04-11_01h46_cbn_unif_mixture/graphs/golden__v20_a30_g28.json,/home/mathis/Documents/Travail/cbnsl_benchmark/scaling/../scaling/results/2026-04-11_01h46_cbn_unif_mixture/graphs/DAGMA__v20_a30_g28_s3000.json,,2.2878638269976364,30.0,30.0,0.0,0.47619047619047616,0.0,0.3333333333333333
cbn_unif_mixture,DAGMA,"{""lambda1"": 0.005, ""w_threshold_dagma"": 0.05}",20,30,5000,28,/home/mathis/Documents/Travail/cbnsl_benchmark/scaling/../scaling/results/2026-04-11_01h46_cbn_unif_mixture/graphs/golden__v20_a30_g28.json,/home/mathis/Documents/Travail/cbnsl_benchmark/scaling/../scaling/results/2026-04-11_01h46_cbn_unif_mixture/graphs/DAGMA__v20_a30_g28_s5000.json,,1.8716495590051636,30.0,31.0,0.0,0.43902439024390244,0.0,0.3
cbn_unif_mixture,DAGMA,"{""lambda1"": 0.005, ""w_threshold_dagma"": 0.05}",20,30,200,29,/home/mathis/Documents/Travail/cbnsl_benchmark/scaling/../scaling/results/2026-04-11_01h46_cbn_unif_mixture/graphs/golden__v20_a30_g29.json,/home/mathis/Documents/Travail/cbnsl_benchmark/scaling/../scaling/results/2026-04-11_01h46_cbn_unif_mixture/graphs/DAGMA__v20_a30_g29_s200.json,,1.8282537949999096,36.0,35.0,0.38461538461538464,0.576271186440678,0.43478260869565216,0.5666666666666667
cbn_unif_mixture,DAGMA,"{""lambda1"": 0.005, ""w_threshold_dagma"": 0.05}",20,30,500,29,/home/mathis/Documents/Travail/cbnsl_benchmark/scaling/../scaling/results/2026-04-11_01h46_cbn_unif_mixture/graphs/golden__v20_a30_g29.json,/home/mathis/Documents/Travail/cbnsl_benchmark/scaling/../scaling/results/2026-04-11_01h46_cbn_unif_mixture/graphs/DAGMA__v20_a30_g29_s500.json,,1.9494206930030487,29.0,30.0,0.25641025641025644,0.6666666666666666,0.2777777777777778,0.5666666666666667
cbn_unif_mixture,DAGMA,"{""lambda1"": 0.005, ""w_threshold_dagma"": 0.05}",20,30,1000,29,/home/mathis/Documents/Travail/cbnsl_benchmark/scaling/../scaling/results/2026-04-11_01h46_cbn_unif_mixture/graphs/golden__v20_a30_g29.json,/home/mathis/Documents/Travail/cbnsl_benchmark/scaling/../scaling/results/2026-04-11_01h46_cbn_unif_mixture/graphs/DAGMA__v20_a30_g29_s1000.json,,2.121215599006973,26.0,26.0,0.1818181818181818,0.6956521739130436,0.17647058823529413,0.5333333333333333
cbn_unif_mixture,DAGMA,"{""lambda1"": 0.005, ""w_threshold_dagma"": 0.05}",20,30,3000,29,/home/mathis/Documents/Travail/cbnsl_benchmark/scaling/../scaling/results/2026-04-11_01h46_cbn_unif_mixture/graphs/golden__v20_a30_g29.json,/home/mathis/Documents/Travail/cbnsl_benchmark/scaling/../scaling/results/2026-04-11_01h46_cbn_unif_mixture/graphs/DAGMA__v20_a30_g29_s3000.json,,1.4426772220031125,27.0,27.0,0.06451612903225808,0.6363636363636364,0.058823529411764705,0.4666666666666667
cbn_unif_mixture,DAGMA,"{""lambda1"": 0.005, ""w_threshold_dagma"": 0.05}",20,30,5000,29,/home/mathis/Documents/Travail/cbnsl_benchmark/scaling/../scaling/results/2026-04-11_01h46_cbn_unif_mixture/graphs/golden__v20_a30_g29.json,/home/mathis/Documents/Travail/cbnsl_benchmark/scaling/../scaling/results/2026-04-11_01h46_cbn_unif_mixture/graphs/DAGMA__v20_a30_g29_s5000.json,,1.2443457940025837,23.0,27.0,0.0,0.5714285714285715,0.0,0.4
