generator_name,algo,algo_params,n_vars,n_arcs,n_samples,graph_idx,golden_path,learned_path,error_msg,time_s,SHD,SHD_skeleton,F1-Score,F1-Score_skeleton,TPR,TPR_skeleton
cbn_unif_gauss,DAGMA,"{""lambda1"": 0.005, ""w_threshold_dagma"": 0.05}",10,15,200,0,/home/mathis/Documents/Travail/cbnsl_benchmark/scaling/../scaling/results/2026-04-11_01h23_cbn_unif_gauss/graphs/golden__v10_a15_g0.json,/home/mathis/Documents/Travail/cbnsl_benchmark/scaling/../scaling/results/2026-04-11_01h23_cbn_unif_gauss/graphs/DAGMA__v10_a15_g0_s200.json,,1.629374853000627,23.0,20.0,0.26666666666666666,0.7000000000000001,0.8,0.9333333333333333
cbn_unif_gauss,DAGMA,"{""lambda1"": 0.005, ""w_threshold_dagma"": 0.05}",10,15,500,0,/home/mathis/Documents/Travail/cbnsl_benchmark/scaling/../scaling/results/2026-04-11_01h23_cbn_unif_gauss/graphs/golden__v10_a15_g0.json,/home/mathis/Documents/Travail/cbnsl_benchmark/scaling/../scaling/results/2026-04-11_01h23_cbn_unif_gauss/graphs/DAGMA__v10_a15_g0_s500.json,,2.2601902339956723,20.0,20.0,0.22222222222222218,0.7368421052631579,0.75,0.9333333333333333
cbn_unif_gauss,DAGMA,"{""lambda1"": 0.005, ""w_threshold_dagma"": 0.05}",10,15,1000,0,/home/mathis/Documents/Travail/cbnsl_benchmark/scaling/../scaling/results/2026-04-11_01h23_cbn_unif_gauss/graphs/golden__v10_a15_g0.json,/home/mathis/Documents/Travail/cbnsl_benchmark/scaling/../scaling/results/2026-04-11_01h23_cbn_unif_gauss/graphs/DAGMA__v10_a15_g0_s1000.json,,1.6041132249956718,20.0,18.0,0.0,0.7428571428571429,0.0,0.8666666666666667
cbn_unif_gauss,DAGMA,"{""lambda1"": 0.005, ""w_threshold_dagma"": 0.05}",10,15,3000,0,/home/mathis/Documents/Travail/cbnsl_benchmark/scaling/../scaling/results/2026-04-11_01h23_cbn_unif_gauss/graphs/golden__v10_a15_g0.json,/home/mathis/Documents/Travail/cbnsl_benchmark/scaling/../scaling/results/2026-04-11_01h23_cbn_unif_gauss/graphs/DAGMA__v10_a15_g0_s3000.json,,1.703131996000593,22.0,16.0,0.0,0.7777777777777778,0.0,0.9333333333333333
cbn_unif_gauss,DAGMA,"{""lambda1"": 0.005, ""w_threshold_dagma"": 0.05}",10,15,5000,0,/home/mathis/Documents/Travail/cbnsl_benchmark/scaling/../scaling/results/2026-04-11_01h23_cbn_unif_gauss/graphs/golden__v10_a15_g0.json,/home/mathis/Documents/Travail/cbnsl_benchmark/scaling/../scaling/results/2026-04-11_01h23_cbn_unif_gauss/graphs/DAGMA__v10_a15_g0_s5000.json,,1.9457905959934578,22.0,16.0,0.0,0.7777777777777778,0.0,0.9333333333333333
cbn_unif_gauss,DAGMA,"{""lambda1"": 0.005, ""w_threshold_dagma"": 0.05}",10,15,200,1,/home/mathis/Documents/Travail/cbnsl_benchmark/scaling/../scaling/results/2026-04-11_01h23_cbn_unif_gauss/graphs/golden__v10_a15_g1.json,/home/mathis/Documents/Travail/cbnsl_benchmark/scaling/../scaling/results/2026-04-11_01h23_cbn_unif_gauss/graphs/DAGMA__v10_a15_g1_s200.json,,1.7781348249991424,19.0,18.0,0.18181818181818182,0.7878787878787878,0.6666666666666666,0.9285714285714286
cbn_unif_gauss,DAGMA,"{""lambda1"": 0.005, ""w_threshold_dagma"": 0.05}",10,15,500,1,/home/mathis/Documents/Travail/cbnsl_benchmark/scaling/../scaling/results/2026-04-11_01h23_cbn_unif_gauss/graphs/golden__v10_a15_g1.json,/home/mathis/Documents/Travail/cbnsl_benchmark/scaling/../scaling/results/2026-04-11_01h23_cbn_unif_gauss/graphs/DAGMA__v10_a15_g1_s500.json,,1.6178354009971372,18.0,12.0,0.10526315789473684,0.8387096774193549,0.5,0.9285714285714286
cbn_unif_gauss,DAGMA,"{""lambda1"": 0.005, ""w_threshold_dagma"": 0.05}",10,15,1000,1,/home/mathis/Documents/Travail/cbnsl_benchmark/scaling/../scaling/results/2026-04-11_01h23_cbn_unif_gauss/graphs/golden__v10_a15_g1.json,/home/mathis/Documents/Travail/cbnsl_benchmark/scaling/../scaling/results/2026-04-11_01h23_cbn_unif_gauss/graphs/DAGMA__v10_a15_g1_s1000.json,,1.39679073899606,18.0,12.0,0.10526315789473684,0.8387096774193549,0.5,0.9285714285714286
cbn_unif_gauss,DAGMA,"{""lambda1"": 0.005, ""w_threshold_dagma"": 0.05}",10,15,3000,1,/home/mathis/Documents/Travail/cbnsl_benchmark/scaling/../scaling/results/2026-04-11_01h23_cbn_unif_gauss/graphs/golden__v10_a15_g1.json,/home/mathis/Documents/Travail/cbnsl_benchmark/scaling/../scaling/results/2026-04-11_01h23_cbn_unif_gauss/graphs/DAGMA__v10_a15_g1_s3000.json,,1.7054842080033268,19.0,14.0,0.09999999999999999,0.8125000000000001,0.5,0.9285714285714286
cbn_unif_gauss,DAGMA,"{""lambda1"": 0.005, ""w_threshold_dagma"": 0.05}",10,15,5000,1,/home/mathis/Documents/Travail/cbnsl_benchmark/scaling/../scaling/results/2026-04-11_01h23_cbn_unif_gauss/graphs/golden__v10_a15_g1.json,/home/mathis/Documents/Travail/cbnsl_benchmark/scaling/../scaling/results/2026-04-11_01h23_cbn_unif_gauss/graphs/DAGMA__v10_a15_g1_s5000.json,,1.3256619879975915,20.0,15.0,0.09523809523809525,0.7878787878787878,0.5,0.9285714285714286
cbn_unif_gauss,DAGMA,"{""lambda1"": 0.005, ""w_threshold_dagma"": 0.05}",10,15,200,2,/home/mathis/Documents/Travail/cbnsl_benchmark/scaling/../scaling/results/2026-04-11_01h23_cbn_unif_gauss/graphs/golden__v10_a15_g2.json,/home/mathis/Documents/Travail/cbnsl_benchmark/scaling/../scaling/results/2026-04-11_01h23_cbn_unif_gauss/graphs/DAGMA__v10_a15_g2_s200.json,,2.116575912004919,17.0,13.0,0.32,0.8333333333333333,1.0,1.0
cbn_unif_gauss,DAGMA,"{""lambda1"": 0.005, ""w_threshold_dagma"": 0.05}",10,15,500,2,/home/mathis/Documents/Travail/cbnsl_benchmark/scaling/../scaling/results/2026-04-11_01h23_cbn_unif_gauss/graphs/golden__v10_a15_g2.json,/home/mathis/Documents/Travail/cbnsl_benchmark/scaling/../scaling/results/2026-04-11_01h23_cbn_unif_gauss/graphs/DAGMA__v10_a15_g2_s500.json,,1.6059026379953139,20.0,12.0,0.09090909090909091,0.8,0.5,0.9333333333333333
cbn_unif_gauss,DAGMA,"{""lambda1"": 0.005, ""w_threshold_dagma"": 0.05}",10,15,1000,2,/home/mathis/Documents/Travail/cbnsl_benchmark/scaling/../scaling/results/2026-04-11_01h23_cbn_unif_gauss/graphs/golden__v10_a15_g2.json,/home/mathis/Documents/Travail/cbnsl_benchmark/scaling/../scaling/results/2026-04-11_01h23_cbn_unif_gauss/graphs/DAGMA__v10_a15_g2_s1000.json,,2.5131319599968265,11.0,10.0,0.5217391304347826,0.9375,1.0,1.0
cbn_unif_gauss,DAGMA,"{""lambda1"": 0.005, ""w_threshold_dagma"": 0.05}",10,15,3000,2,/home/mathis/Documents/Travail/cbnsl_benchmark/scaling/../scaling/results/2026-04-11_01h23_cbn_unif_gauss/graphs/golden__v10_a15_g2.json,/home/mathis/Documents/Travail/cbnsl_benchmark/scaling/../scaling/results/2026-04-11_01h23_cbn_unif_gauss/graphs/DAGMA__v10_a15_g2_s3000.json,,1.9635616009982186,12.0,11.0,0.5384615384615384,0.8823529411764706,1.0,1.0
cbn_unif_gauss,DAGMA,"{""lambda1"": 0.005, ""w_threshold_dagma"": 0.05}",10,15,5000,2,/home/mathis/Documents/Travail/cbnsl_benchmark/scaling/../scaling/results/2026-04-11_01h23_cbn_unif_gauss/graphs/golden__v10_a15_g2.json,/home/mathis/Documents/Travail/cbnsl_benchmark/scaling/../scaling/results/2026-04-11_01h23_cbn_unif_gauss/graphs/DAGMA__v10_a15_g2_s5000.json,,2.1055448620027164,13.0,11.0,0.4799999999999999,0.8823529411764706,1.0,1.0
cbn_unif_gauss,DAGMA,"{""lambda1"": 0.005, ""w_threshold_dagma"": 0.05}",10,15,200,3,/home/mathis/Documents/Travail/cbnsl_benchmark/scaling/../scaling/results/2026-04-11_01h23_cbn_unif_gauss/graphs/golden__v10_a15_g3.json,/home/mathis/Documents/Travail/cbnsl_benchmark/scaling/../scaling/results/2026-04-11_01h23_cbn_unif_gauss/graphs/DAGMA__v10_a15_g3_s200.json,,1.5166819430014584,11.0,17.0,0.5,0.8333333333333333,1.0,1.0
cbn_unif_gauss,DAGMA,"{""lambda1"": 0.005, ""w_threshold_dagma"": 0.05}",10,15,500,3,/home/mathis/Documents/Travail/cbnsl_benchmark/scaling/../scaling/results/2026-04-11_01h23_cbn_unif_gauss/graphs/golden__v10_a15_g3.json,/home/mathis/Documents/Travail/cbnsl_benchmark/scaling/../scaling/results/2026-04-11_01h23_cbn_unif_gauss/graphs/DAGMA__v10_a15_g3_s500.json,,2.405864013999235,20.0,17.0,0.37037037037037035,0.8108108108108109,1.0,1.0
cbn_unif_gauss,DAGMA,"{""lambda1"": 0.005, ""w_threshold_dagma"": 0.05}",10,15,1000,3,/home/mathis/Documents/Travail/cbnsl_benchmark/scaling/../scaling/results/2026-04-11_01h23_cbn_unif_gauss/graphs/golden__v10_a15_g3.json,/home/mathis/Documents/Travail/cbnsl_benchmark/scaling/../scaling/results/2026-04-11_01h23_cbn_unif_gauss/graphs/DAGMA__v10_a15_g3_s1000.json,,2.2230893460000516,16.0,19.0,0.37037037037037035,0.8108108108108109,1.0,1.0
cbn_unif_gauss,DAGMA,"{""lambda1"": 0.005, ""w_threshold_dagma"": 0.05}",10,15,3000,3,/home/mathis/Documents/Travail/cbnsl_benchmark/scaling/../scaling/results/2026-04-11_01h23_cbn_unif_gauss/graphs/golden__v10_a15_g3.json,/home/mathis/Documents/Travail/cbnsl_benchmark/scaling/../scaling/results/2026-04-11_01h23_cbn_unif_gauss/graphs/DAGMA__v10_a15_g3_s3000.json,,2.5583610169996973,8.0,13.0,0.5384615384615384,0.8823529411764706,1.0,1.0
cbn_unif_gauss,DAGMA,"{""lambda1"": 0.005, ""w_threshold_dagma"": 0.05}",10,15,5000,3,/home/mathis/Documents/Travail/cbnsl_benchmark/scaling/../scaling/results/2026-04-11_01h23_cbn_unif_gauss/graphs/golden__v10_a15_g3.json,/home/mathis/Documents/Travail/cbnsl_benchmark/scaling/../scaling/results/2026-04-11_01h23_cbn_unif_gauss/graphs/DAGMA__v10_a15_g3_s5000.json,,2.264094751997618,8.0,13.0,0.5384615384615384,0.8823529411764706,1.0,1.0
cbn_unif_gauss,DAGMA,"{""lambda1"": 0.005, ""w_threshold_dagma"": 0.05}",10,15,200,4,/home/mathis/Documents/Travail/cbnsl_benchmark/scaling/../scaling/results/2026-04-11_01h23_cbn_unif_gauss/graphs/golden__v10_a15_g4.json,/home/mathis/Documents/Travail/cbnsl_benchmark/scaling/../scaling/results/2026-04-11_01h23_cbn_unif_gauss/graphs/DAGMA__v10_a15_g4_s200.json,,2.1211135240009753,18.0,14.0,0.1,0.8125,0.3333333333333333,0.8666666666666667
cbn_unif_gauss,DAGMA,"{""lambda1"": 0.005, ""w_threshold_dagma"": 0.05}",10,15,500,4,/home/mathis/Documents/Travail/cbnsl_benchmark/scaling/../scaling/results/2026-04-11_01h23_cbn_unif_gauss/graphs/golden__v10_a15_g4.json,/home/mathis/Documents/Travail/cbnsl_benchmark/scaling/../scaling/results/2026-04-11_01h23_cbn_unif_gauss/graphs/DAGMA__v10_a15_g4_s500.json,,2.265283016000467,19.0,15.0,0.24,0.7777777777777778,0.75,0.9333333333333333
cbn_unif_gauss,DAGMA,"{""lambda1"": 0.005, ""w_threshold_dagma"": 0.05}",10,15,1000,4,/home/mathis/Documents/Travail/cbnsl_benchmark/scaling/../scaling/results/2026-04-11_01h23_cbn_unif_gauss/graphs/golden__v10_a15_g4.json,/home/mathis/Documents/Travail/cbnsl_benchmark/scaling/../scaling/results/2026-04-11_01h23_cbn_unif_gauss/graphs/DAGMA__v10_a15_g4_s1000.json,,1.76051293600176,16.0,12.0,0.27272727272727276,0.8484848484848485,0.75,0.9333333333333333
cbn_unif_gauss,DAGMA,"{""lambda1"": 0.005, ""w_threshold_dagma"": 0.05}",10,15,3000,4,/home/mathis/Documents/Travail/cbnsl_benchmark/scaling/../scaling/results/2026-04-11_01h23_cbn_unif_gauss/graphs/golden__v10_a15_g4.json,/home/mathis/Documents/Travail/cbnsl_benchmark/scaling/../scaling/results/2026-04-11_01h23_cbn_unif_gauss/graphs/DAGMA__v10_a15_g4_s3000.json,,2.344653734995518,17.0,11.0,0.2608695652173913,0.8235294117647058,0.75,0.9333333333333333
cbn_unif_gauss,DAGMA,"{""lambda1"": 0.005, ""w_threshold_dagma"": 0.05}",10,15,5000,4,/home/mathis/Documents/Travail/cbnsl_benchmark/scaling/../scaling/results/2026-04-11_01h23_cbn_unif_gauss/graphs/golden__v10_a15_g4.json,/home/mathis/Documents/Travail/cbnsl_benchmark/scaling/../scaling/results/2026-04-11_01h23_cbn_unif_gauss/graphs/DAGMA__v10_a15_g4_s5000.json,,1.6937908909967518,17.0,11.0,0.2608695652173913,0.8235294117647058,0.75,0.9333333333333333
cbn_unif_gauss,DAGMA,"{""lambda1"": 0.005, ""w_threshold_dagma"": 0.05}",10,15,200,5,/home/mathis/Documents/Travail/cbnsl_benchmark/scaling/../scaling/results/2026-04-11_01h23_cbn_unif_gauss/graphs/golden__v10_a15_g5.json,/home/mathis/Documents/Travail/cbnsl_benchmark/scaling/../scaling/results/2026-04-11_01h23_cbn_unif_gauss/graphs/DAGMA__v10_a15_g5_s200.json,,1.9031075270031579,18.0,11.0,0.48,0.7741935483870968,0.8571428571428571,0.9230769230769231
cbn_unif_gauss,DAGMA,"{""lambda1"": 0.005, ""w_threshold_dagma"": 0.05}",10,15,500,5,/home/mathis/Documents/Travail/cbnsl_benchmark/scaling/../scaling/results/2026-04-11_01h23_cbn_unif_gauss/graphs/golden__v10_a15_g5.json,/home/mathis/Documents/Travail/cbnsl_benchmark/scaling/../scaling/results/2026-04-11_01h23_cbn_unif_gauss/graphs/DAGMA__v10_a15_g5_s500.json,,2.1305562069974258,13.0,10.0,0.1904761904761905,0.8125000000000001,1.0,1.0
cbn_unif_gauss,DAGMA,"{""lambda1"": 0.005, ""w_threshold_dagma"": 0.05}",10,15,1000,5,/home/mathis/Documents/Travail/cbnsl_benchmark/scaling/../scaling/results/2026-04-11_01h23_cbn_unif_gauss/graphs/golden__v10_a15_g5.json,/home/mathis/Documents/Travail/cbnsl_benchmark/scaling/../scaling/results/2026-04-11_01h23_cbn_unif_gauss/graphs/DAGMA__v10_a15_g5_s1000.json,,2.405887825996615,12.0,9.0,0.19999999999999998,0.8387096774193548,1.0,1.0
cbn_unif_gauss,DAGMA,"{""lambda1"": 0.005, ""w_threshold_dagma"": 0.05}",10,15,3000,5,/home/mathis/Documents/Travail/cbnsl_benchmark/scaling/../scaling/results/2026-04-11_01h23_cbn_unif_gauss/graphs/golden__v10_a15_g5.json,/home/mathis/Documents/Travail/cbnsl_benchmark/scaling/../scaling/results/2026-04-11_01h23_cbn_unif_gauss/graphs/DAGMA__v10_a15_g5_s3000.json,,2.3771876220052945,7.0,9.0,0.4,0.896551724137931,1.0,1.0
cbn_unif_gauss,DAGMA,"{""lambda1"": 0.005, ""w_threshold_dagma"": 0.05}",10,15,5000,5,/home/mathis/Documents/Travail/cbnsl_benchmark/scaling/../scaling/results/2026-04-11_01h23_cbn_unif_gauss/graphs/golden__v10_a15_g5.json,/home/mathis/Documents/Travail/cbnsl_benchmark/scaling/../scaling/results/2026-04-11_01h23_cbn_unif_gauss/graphs/DAGMA__v10_a15_g5_s5000.json,,2.309843467999599,8.0,10.0,0.38095238095238093,0.8666666666666666,1.0,1.0
cbn_unif_gauss,DAGMA,"{""lambda1"": 0.005, ""w_threshold_dagma"": 0.05}",10,15,200,6,/home/mathis/Documents/Travail/cbnsl_benchmark/scaling/../scaling/results/2026-04-11_01h23_cbn_unif_gauss/graphs/golden__v10_a15_g6.json,/home/mathis/Documents/Travail/cbnsl_benchmark/scaling/../scaling/results/2026-04-11_01h23_cbn_unif_gauss/graphs/DAGMA__v10_a15_g6_s200.json,,2.2915456170012476,19.0,12.0,0.18181818181818182,0.8235294117647058,0.6666666666666666,0.9333333333333333
cbn_unif_gauss,DAGMA,"{""lambda1"": 0.005, ""w_threshold_dagma"": 0.05}",10,15,500,6,/home/mathis/Documents/Travail/cbnsl_benchmark/scaling/../scaling/results/2026-04-11_01h23_cbn_unif_gauss/graphs/golden__v10_a15_g6.json,/home/mathis/Documents/Travail/cbnsl_benchmark/scaling/../scaling/results/2026-04-11_01h23_cbn_unif_gauss/graphs/DAGMA__v10_a15_g6_s500.json,,2.9192078529958962,13.0,15.0,0.2608695652173913,0.8571428571428571,1.0,1.0
cbn_unif_gauss,DAGMA,"{""lambda1"": 0.005, ""w_threshold_dagma"": 0.05}",10,15,1000,6,/home/mathis/Documents/Travail/cbnsl_benchmark/scaling/../scaling/results/2026-04-11_01h23_cbn_unif_gauss/graphs/golden__v10_a15_g6.json,/home/mathis/Documents/Travail/cbnsl_benchmark/scaling/../scaling/results/2026-04-11_01h23_cbn_unif_gauss/graphs/DAGMA__v10_a15_g6_s1000.json,,2.120414951001294,10.0,9.0,0.3636363636363636,0.9090909090909091,1.0,1.0
cbn_unif_gauss,DAGMA,"{""lambda1"": 0.005, ""w_threshold_dagma"": 0.05}",10,15,3000,6,/home/mathis/Documents/Travail/cbnsl_benchmark/scaling/../scaling/results/2026-04-11_01h23_cbn_unif_gauss/graphs/golden__v10_a15_g6.json,/home/mathis/Documents/Travail/cbnsl_benchmark/scaling/../scaling/results/2026-04-11_01h23_cbn_unif_gauss/graphs/DAGMA__v10_a15_g6_s3000.json,,2.1160272080014693,14.0,14.0,0.18181818181818182,0.8235294117647058,0.6666666666666666,0.9333333333333333
cbn_unif_gauss,DAGMA,"{""lambda1"": 0.005, ""w_threshold_dagma"": 0.05}",10,15,5000,6,/home/mathis/Documents/Travail/cbnsl_benchmark/scaling/../scaling/results/2026-04-11_01h23_cbn_unif_gauss/graphs/golden__v10_a15_g6.json,/home/mathis/Documents/Travail/cbnsl_benchmark/scaling/../scaling/results/2026-04-11_01h23_cbn_unif_gauss/graphs/DAGMA__v10_a15_g6_s5000.json,,1.8380962909941445,14.0,14.0,0.18181818181818182,0.8235294117647058,0.6666666666666666,0.9333333333333333
cbn_unif_gauss,DAGMA,"{""lambda1"": 0.005, ""w_threshold_dagma"": 0.05}",10,15,200,7,/home/mathis/Documents/Travail/cbnsl_benchmark/scaling/../scaling/results/2026-04-11_01h23_cbn_unif_gauss/graphs/golden__v10_a15_g7.json,/home/mathis/Documents/Travail/cbnsl_benchmark/scaling/../scaling/results/2026-04-11_01h23_cbn_unif_gauss/graphs/DAGMA__v10_a15_g7_s200.json,,1.6797181560032186,19.0,13.0,0.09523809523809525,0.7878787878787877,0.3333333333333333,0.8666666666666667
cbn_unif_gauss,DAGMA,"{""lambda1"": 0.005, ""w_threshold_dagma"": 0.05}",10,15,500,7,/home/mathis/Documents/Travail/cbnsl_benchmark/scaling/../scaling/results/2026-04-11_01h23_cbn_unif_gauss/graphs/golden__v10_a15_g7.json,/home/mathis/Documents/Travail/cbnsl_benchmark/scaling/../scaling/results/2026-04-11_01h23_cbn_unif_gauss/graphs/DAGMA__v10_a15_g7_s500.json,,2.2627095599964377,15.0,18.0,0.3846153846153846,0.8333333333333333,1.0,1.0
cbn_unif_gauss,DAGMA,"{""lambda1"": 0.005, ""w_threshold_dagma"": 0.05}",10,15,1000,7,/home/mathis/Documents/Travail/cbnsl_benchmark/scaling/../scaling/results/2026-04-11_01h23_cbn_unif_gauss/graphs/golden__v10_a15_g7.json,/home/mathis/Documents/Travail/cbnsl_benchmark/scaling/../scaling/results/2026-04-11_01h23_cbn_unif_gauss/graphs/DAGMA__v10_a15_g7_s1000.json,,2.7903575419986737,13.0,15.0,0.4166666666666667,0.8823529411764706,1.0,1.0
cbn_unif_gauss,DAGMA,"{""lambda1"": 0.005, ""w_threshold_dagma"": 0.05}",10,15,3000,7,/home/mathis/Documents/Travail/cbnsl_benchmark/scaling/../scaling/results/2026-04-11_01h23_cbn_unif_gauss/graphs/golden__v10_a15_g7.json,/home/mathis/Documents/Travail/cbnsl_benchmark/scaling/../scaling/results/2026-04-11_01h23_cbn_unif_gauss/graphs/DAGMA__v10_a15_g7_s3000.json,,1.6262909810029669,12.0,7.0,0.4347826086956522,0.9090909090909091,1.0,1.0
cbn_unif_gauss,DAGMA,"{""lambda1"": 0.005, ""w_threshold_dagma"": 0.05}",10,15,5000,7,/home/mathis/Documents/Travail/cbnsl_benchmark/scaling/../scaling/results/2026-04-11_01h23_cbn_unif_gauss/graphs/golden__v10_a15_g7.json,/home/mathis/Documents/Travail/cbnsl_benchmark/scaling/../scaling/results/2026-04-11_01h23_cbn_unif_gauss/graphs/DAGMA__v10_a15_g7_s5000.json,,1.8982048960024258,12.0,7.0,0.4347826086956522,0.9090909090909091,1.0,1.0
cbn_unif_gauss,DAGMA,"{""lambda1"": 0.005, ""w_threshold_dagma"": 0.05}",10,15,200,8,/home/mathis/Documents/Travail/cbnsl_benchmark/scaling/../scaling/results/2026-04-11_01h23_cbn_unif_gauss/graphs/golden__v10_a15_g8.json,/home/mathis/Documents/Travail/cbnsl_benchmark/scaling/../scaling/results/2026-04-11_01h23_cbn_unif_gauss/graphs/DAGMA__v10_a15_g8_s200.json,,2.452108710000175,15.0,11.0,0.56,0.8750000000000001,1.0,1.0
cbn_unif_gauss,DAGMA,"{""lambda1"": 0.005, ""w_threshold_dagma"": 0.05}",10,15,500,8,/home/mathis/Documents/Travail/cbnsl_benchmark/scaling/../scaling/results/2026-04-11_01h23_cbn_unif_gauss/graphs/golden__v10_a15_g8.json,/home/mathis/Documents/Travail/cbnsl_benchmark/scaling/../scaling/results/2026-04-11_01h23_cbn_unif_gauss/graphs/DAGMA__v10_a15_g8_s500.json,,1.8165779700066196,3.0,6.0,0.4210526315789474,0.9655172413793104,1.0,1.0
cbn_unif_gauss,DAGMA,"{""lambda1"": 0.005, ""w_threshold_dagma"": 0.05}",10,15,1000,8,/home/mathis/Documents/Travail/cbnsl_benchmark/scaling/../scaling/results/2026-04-11_01h23_cbn_unif_gauss/graphs/golden__v10_a15_g8.json,/home/mathis/Documents/Travail/cbnsl_benchmark/scaling/../scaling/results/2026-04-11_01h23_cbn_unif_gauss/graphs/DAGMA__v10_a15_g8_s1000.json,,1.6689931410001009,3.0,6.0,0.4210526315789474,0.9655172413793104,1.0,1.0
cbn_unif_gauss,DAGMA,"{""lambda1"": 0.005, ""w_threshold_dagma"": 0.05}",10,15,3000,8,/home/mathis/Documents/Travail/cbnsl_benchmark/scaling/../scaling/results/2026-04-11_01h23_cbn_unif_gauss/graphs/golden__v10_a15_g8.json,/home/mathis/Documents/Travail/cbnsl_benchmark/scaling/../scaling/results/2026-04-11_01h23_cbn_unif_gauss/graphs/DAGMA__v10_a15_g8_s3000.json,,1.903281603998039,1.0,13.0,0.5,0.9655172413793104,1.0,1.0
cbn_unif_gauss,DAGMA,"{""lambda1"": 0.005, ""w_threshold_dagma"": 0.05}",10,15,5000,8,/home/mathis/Documents/Travail/cbnsl_benchmark/scaling/../scaling/results/2026-04-11_01h23_cbn_unif_gauss/graphs/golden__v10_a15_g8.json,/home/mathis/Documents/Travail/cbnsl_benchmark/scaling/../scaling/results/2026-04-11_01h23_cbn_unif_gauss/graphs/DAGMA__v10_a15_g8_s5000.json,,2.3415205639976193,1.0,13.0,0.5,0.9655172413793104,1.0,1.0
cbn_unif_gauss,DAGMA,"{""lambda1"": 0.005, ""w_threshold_dagma"": 0.05}",10,15,200,9,/home/mathis/Documents/Travail/cbnsl_benchmark/scaling/../scaling/results/2026-04-11_01h23_cbn_unif_gauss/graphs/golden__v10_a15_g9.json,/home/mathis/Documents/Travail/cbnsl_benchmark/scaling/../scaling/results/2026-04-11_01h23_cbn_unif_gauss/graphs/DAGMA__v10_a15_g9_s200.json,,3.657142562995432,16.0,13.0,0.0,0.896551724137931,0.0,1.0
cbn_unif_gauss,DAGMA,"{""lambda1"": 0.005, ""w_threshold_dagma"": 0.05}",10,15,500,9,/home/mathis/Documents/Travail/cbnsl_benchmark/scaling/../scaling/results/2026-04-11_01h23_cbn_unif_gauss/graphs/golden__v10_a15_g9.json,/home/mathis/Documents/Travail/cbnsl_benchmark/scaling/../scaling/results/2026-04-11_01h23_cbn_unif_gauss/graphs/DAGMA__v10_a15_g9_s500.json,,2.5815019360015867,4.0,13.0,0.6956521739130436,0.9285714285714286,1.0,1.0
cbn_unif_gauss,DAGMA,"{""lambda1"": 0.005, ""w_threshold_dagma"": 0.05}",10,15,1000,9,/home/mathis/Documents/Travail/cbnsl_benchmark/scaling/../scaling/results/2026-04-11_01h23_cbn_unif_gauss/graphs/golden__v10_a15_g9.json,/home/mathis/Documents/Travail/cbnsl_benchmark/scaling/../scaling/results/2026-04-11_01h23_cbn_unif_gauss/graphs/DAGMA__v10_a15_g9_s1000.json,,2.610072326999216,4.0,5.0,0.6666666666666666,0.962962962962963,1.0,1.0
cbn_unif_gauss,DAGMA,"{""lambda1"": 0.005, ""w_threshold_dagma"": 0.05}",10,15,3000,9,/home/mathis/Documents/Travail/cbnsl_benchmark/scaling/../scaling/results/2026-04-11_01h23_cbn_unif_gauss/graphs/golden__v10_a15_g9.json,/home/mathis/Documents/Travail/cbnsl_benchmark/scaling/../scaling/results/2026-04-11_01h23_cbn_unif_gauss/graphs/DAGMA__v10_a15_g9_s3000.json,,1.8940257170033874,0.0,5.0,0.8695652173913044,1.0,1.0,1.0
cbn_unif_gauss,DAGMA,"{""lambda1"": 0.005, ""w_threshold_dagma"": 0.05}",10,15,5000,9,/home/mathis/Documents/Travail/cbnsl_benchmark/scaling/../scaling/results/2026-04-11_01h23_cbn_unif_gauss/graphs/golden__v10_a15_g9.json,/home/mathis/Documents/Travail/cbnsl_benchmark/scaling/../scaling/results/2026-04-11_01h23_cbn_unif_gauss/graphs/DAGMA__v10_a15_g9_s5000.json,,2.4687529090006137,0.0,5.0,0.8695652173913044,1.0,1.0,1.0
cbn_unif_gauss,DAGMA,"{""lambda1"": 0.005, ""w_threshold_dagma"": 0.05}",10,15,200,10,/home/mathis/Documents/Travail/cbnsl_benchmark/scaling/../scaling/results/2026-04-11_01h23_cbn_unif_gauss/graphs/golden__v10_a15_g10.json,/home/mathis/Documents/Travail/cbnsl_benchmark/scaling/../scaling/results/2026-04-11_01h23_cbn_unif_gauss/graphs/DAGMA__v10_a15_g10_s200.json,,2.2186393630036036,18.0,18.0,0.4,0.8235294117647058,1.0,1.0
cbn_unif_gauss,DAGMA,"{""lambda1"": 0.005, ""w_threshold_dagma"": 0.05}",10,15,500,10,/home/mathis/Documents/Travail/cbnsl_benchmark/scaling/../scaling/results/2026-04-11_01h23_cbn_unif_gauss/graphs/golden__v10_a15_g10.json,/home/mathis/Documents/Travail/cbnsl_benchmark/scaling/../scaling/results/2026-04-11_01h23_cbn_unif_gauss/graphs/DAGMA__v10_a15_g10_s500.json,,3.0516784630017355,17.0,14.0,0.10526315789473684,0.8387096774193549,0.5,0.9285714285714286
cbn_unif_gauss,DAGMA,"{""lambda1"": 0.005, ""w_threshold_dagma"": 0.05}",10,15,1000,10,/home/mathis/Documents/Travail/cbnsl_benchmark/scaling/../scaling/results/2026-04-11_01h23_cbn_unif_gauss/graphs/golden__v10_a15_g10.json,/home/mathis/Documents/Travail/cbnsl_benchmark/scaling/../scaling/results/2026-04-11_01h23_cbn_unif_gauss/graphs/DAGMA__v10_a15_g10_s1000.json,,1.9267024069995387,5.0,15.0,0.5454545454545454,0.9333333333333333,1.0,1.0
cbn_unif_gauss,DAGMA,"{""lambda1"": 0.005, ""w_threshold_dagma"": 0.05}",10,15,3000,10,/home/mathis/Documents/Travail/cbnsl_benchmark/scaling/../scaling/results/2026-04-11_01h23_cbn_unif_gauss/graphs/golden__v10_a15_g10.json,/home/mathis/Documents/Travail/cbnsl_benchmark/scaling/../scaling/results/2026-04-11_01h23_cbn_unif_gauss/graphs/DAGMA__v10_a15_g10_s3000.json,,3.1066950090025784,5.0,7.0,0.5454545454545454,0.9333333333333333,1.0,1.0
cbn_unif_gauss,DAGMA,"{""lambda1"": 0.005, ""w_threshold_dagma"": 0.05}",10,15,5000,10,/home/mathis/Documents/Travail/cbnsl_benchmark/scaling/../scaling/results/2026-04-11_01h23_cbn_unif_gauss/graphs/golden__v10_a15_g10.json,/home/mathis/Documents/Travail/cbnsl_benchmark/scaling/../scaling/results/2026-04-11_01h23_cbn_unif_gauss/graphs/DAGMA__v10_a15_g10_s5000.json,,1.9036583630004316,5.0,7.0,0.5454545454545454,0.9333333333333333,1.0,1.0
cbn_unif_gauss,DAGMA,"{""lambda1"": 0.005, ""w_threshold_dagma"": 0.05}",10,15,200,11,/home/mathis/Documents/Travail/cbnsl_benchmark/scaling/../scaling/results/2026-04-11_01h23_cbn_unif_gauss/graphs/golden__v10_a15_g11.json,/home/mathis/Documents/Travail/cbnsl_benchmark/scaling/../scaling/results/2026-04-11_01h23_cbn_unif_gauss/graphs/DAGMA__v10_a15_g11_s200.json,,1.87530371700268,12.0,9.0,0.5384615384615385,0.7741935483870968,0.875,0.9230769230769231
cbn_unif_gauss,DAGMA,"{""lambda1"": 0.005, ""w_threshold_dagma"": 0.05}",10,15,500,11,/home/mathis/Documents/Travail/cbnsl_benchmark/scaling/../scaling/results/2026-04-11_01h23_cbn_unif_gauss/graphs/golden__v10_a15_g11.json,/home/mathis/Documents/Travail/cbnsl_benchmark/scaling/../scaling/results/2026-04-11_01h23_cbn_unif_gauss/graphs/DAGMA__v10_a15_g11_s500.json,,1.711490445995878,17.0,15.0,0.2608695652173913,0.7499999999999999,0.75,0.9230769230769231
cbn_unif_gauss,DAGMA,"{""lambda1"": 0.005, ""w_threshold_dagma"": 0.05}",10,15,1000,11,/home/mathis/Documents/Travail/cbnsl_benchmark/scaling/../scaling/results/2026-04-11_01h23_cbn_unif_gauss/graphs/golden__v10_a15_g11.json,/home/mathis/Documents/Travail/cbnsl_benchmark/scaling/../scaling/results/2026-04-11_01h23_cbn_unif_gauss/graphs/DAGMA__v10_a15_g11_s1000.json,,2.536434844994801,16.0,14.0,0.33333333333333337,0.787878787878788,1.0,1.0
cbn_unif_gauss,DAGMA,"{""lambda1"": 0.005, ""w_threshold_dagma"": 0.05}",10,15,3000,11,/home/mathis/Documents/Travail/cbnsl_benchmark/scaling/../scaling/results/2026-04-11_01h23_cbn_unif_gauss/graphs/golden__v10_a15_g11.json,/home/mathis/Documents/Travail/cbnsl_benchmark/scaling/../scaling/results/2026-04-11_01h23_cbn_unif_gauss/graphs/DAGMA__v10_a15_g11_s3000.json,,1.7985679260018514,17.0,13.0,0.1904761904761905,0.7741935483870968,0.6666666666666666,0.9230769230769231
cbn_unif_gauss,DAGMA,"{""lambda1"": 0.005, ""w_threshold_dagma"": 0.05}",10,15,5000,11,/home/mathis/Documents/Travail/cbnsl_benchmark/scaling/../scaling/results/2026-04-11_01h23_cbn_unif_gauss/graphs/golden__v10_a15_g11.json,/home/mathis/Documents/Travail/cbnsl_benchmark/scaling/../scaling/results/2026-04-11_01h23_cbn_unif_gauss/graphs/DAGMA__v10_a15_g11_s5000.json,,1.6588431799973478,17.0,13.0,0.1904761904761905,0.7741935483870968,0.6666666666666666,0.9230769230769231
cbn_unif_gauss,DAGMA,"{""lambda1"": 0.005, ""w_threshold_dagma"": 0.05}",10,15,200,12,/home/mathis/Documents/Travail/cbnsl_benchmark/scaling/../scaling/results/2026-04-11_01h23_cbn_unif_gauss/graphs/golden__v10_a15_g12.json,/home/mathis/Documents/Travail/cbnsl_benchmark/scaling/../scaling/results/2026-04-11_01h23_cbn_unif_gauss/graphs/DAGMA__v10_a15_g12_s200.json,,2.094218901998829,22.0,18.0,0.0,0.7222222222222223,0.0,0.9285714285714286
cbn_unif_gauss,DAGMA,"{""lambda1"": 0.005, ""w_threshold_dagma"": 0.05}",10,15,500,12,/home/mathis/Documents/Travail/cbnsl_benchmark/scaling/../scaling/results/2026-04-11_01h23_cbn_unif_gauss/graphs/golden__v10_a15_g12.json,/home/mathis/Documents/Travail/cbnsl_benchmark/scaling/../scaling/results/2026-04-11_01h23_cbn_unif_gauss/graphs/DAGMA__v10_a15_g12_s500.json,,1.6964878829967347,20.0,14.0,0.1739130434782609,0.7647058823529412,0.6666666666666666,0.9285714285714286
cbn_unif_gauss,DAGMA,"{""lambda1"": 0.005, ""w_threshold_dagma"": 0.05}",10,15,1000,12,/home/mathis/Documents/Travail/cbnsl_benchmark/scaling/../scaling/results/2026-04-11_01h23_cbn_unif_gauss/graphs/golden__v10_a15_g12.json,/home/mathis/Documents/Travail/cbnsl_benchmark/scaling/../scaling/results/2026-04-11_01h23_cbn_unif_gauss/graphs/DAGMA__v10_a15_g12_s1000.json,,1.8789173800032586,15.0,5.0,0.3636363636363636,0.8387096774193549,0.8,0.9285714285714286
cbn_unif_gauss,DAGMA,"{""lambda1"": 0.005, ""w_threshold_dagma"": 0.05}",10,15,3000,12,/home/mathis/Documents/Travail/cbnsl_benchmark/scaling/../scaling/results/2026-04-11_01h23_cbn_unif_gauss/graphs/golden__v10_a15_g12.json,/home/mathis/Documents/Travail/cbnsl_benchmark/scaling/../scaling/results/2026-04-11_01h23_cbn_unif_gauss/graphs/DAGMA__v10_a15_g12_s3000.json,,2.101479996003036,15.0,5.0,0.3636363636363636,0.8387096774193549,0.8,0.9285714285714286
cbn_unif_gauss,DAGMA,"{""lambda1"": 0.005, ""w_threshold_dagma"": 0.05}",10,15,5000,12,/home/mathis/Documents/Travail/cbnsl_benchmark/scaling/../scaling/results/2026-04-11_01h23_cbn_unif_gauss/graphs/golden__v10_a15_g12.json,/home/mathis/Documents/Travail/cbnsl_benchmark/scaling/../scaling/results/2026-04-11_01h23_cbn_unif_gauss/graphs/DAGMA__v10_a15_g12_s5000.json,,1.8167897620005533,15.0,5.0,0.3636363636363636,0.8387096774193549,0.8,0.9285714285714286
cbn_unif_gauss,DAGMA,"{""lambda1"": 0.005, ""w_threshold_dagma"": 0.05}",10,15,200,13,/home/mathis/Documents/Travail/cbnsl_benchmark/scaling/../scaling/results/2026-04-11_01h23_cbn_unif_gauss/graphs/golden__v10_a15_g13.json,/home/mathis/Documents/Travail/cbnsl_benchmark/scaling/../scaling/results/2026-04-11_01h23_cbn_unif_gauss/graphs/DAGMA__v10_a15_g13_s200.json,,2.368279412999982,14.0,13.0,0.2608695652173913,0.8571428571428571,1.0,1.0
cbn_unif_gauss,DAGMA,"{""lambda1"": 0.005, ""w_threshold_dagma"": 0.05}",10,15,500,13,/home/mathis/Documents/Travail/cbnsl_benchmark/scaling/../scaling/results/2026-04-11_01h23_cbn_unif_gauss/graphs/golden__v10_a15_g13.json,/home/mathis/Documents/Travail/cbnsl_benchmark/scaling/../scaling/results/2026-04-11_01h23_cbn_unif_gauss/graphs/DAGMA__v10_a15_g13_s500.json,,1.8734503960004076,16.0,18.0,0.18181818181818182,0.8235294117647058,0.6666666666666666,0.9333333333333333
cbn_unif_gauss,DAGMA,"{""lambda1"": 0.005, ""w_threshold_dagma"": 0.05}",10,15,1000,13,/home/mathis/Documents/Travail/cbnsl_benchmark/scaling/../scaling/results/2026-04-11_01h23_cbn_unif_gauss/graphs/golden__v10_a15_g13.json,/home/mathis/Documents/Travail/cbnsl_benchmark/scaling/../scaling/results/2026-04-11_01h23_cbn_unif_gauss/graphs/DAGMA__v10_a15_g13_s1000.json,,2.016606003999186,13.0,13.0,0.2727272727272727,0.8823529411764706,1.0,1.0
cbn_unif_gauss,DAGMA,"{""lambda1"": 0.005, ""w_threshold_dagma"": 0.05}",10,15,3000,13,/home/mathis/Documents/Travail/cbnsl_benchmark/scaling/../scaling/results/2026-04-11_01h23_cbn_unif_gauss/graphs/golden__v10_a15_g13.json,/home/mathis/Documents/Travail/cbnsl_benchmark/scaling/../scaling/results/2026-04-11_01h23_cbn_unif_gauss/graphs/DAGMA__v10_a15_g13_s3000.json,,1.9609576009970624,12.0,15.0,0.1904761904761905,0.8823529411764706,1.0,1.0
cbn_unif_gauss,DAGMA,"{""lambda1"": 0.005, ""w_threshold_dagma"": 0.05}",10,15,5000,13,/home/mathis/Documents/Travail/cbnsl_benchmark/scaling/../scaling/results/2026-04-11_01h23_cbn_unif_gauss/graphs/golden__v10_a15_g13.json,/home/mathis/Documents/Travail/cbnsl_benchmark/scaling/../scaling/results/2026-04-11_01h23_cbn_unif_gauss/graphs/DAGMA__v10_a15_g13_s5000.json,,2.1550230140055646,13.0,15.0,0.2727272727272727,0.8823529411764706,1.0,1.0
cbn_unif_gauss,DAGMA,"{""lambda1"": 0.005, ""w_threshold_dagma"": 0.05}",10,15,200,14,/home/mathis/Documents/Travail/cbnsl_benchmark/scaling/../scaling/results/2026-04-11_01h23_cbn_unif_gauss/graphs/golden__v10_a15_g14.json,/home/mathis/Documents/Travail/cbnsl_benchmark/scaling/../scaling/results/2026-04-11_01h23_cbn_unif_gauss/graphs/DAGMA__v10_a15_g14_s200.json,,2.2269512269995175,14.0,14.0,0.4347826086956522,0.8750000000000001,1.0,1.0
cbn_unif_gauss,DAGMA,"{""lambda1"": 0.005, ""w_threshold_dagma"": 0.05}",10,15,500,14,/home/mathis/Documents/Travail/cbnsl_benchmark/scaling/../scaling/results/2026-04-11_01h23_cbn_unif_gauss/graphs/golden__v10_a15_g14.json,/home/mathis/Documents/Travail/cbnsl_benchmark/scaling/../scaling/results/2026-04-11_01h23_cbn_unif_gauss/graphs/DAGMA__v10_a15_g14_s500.json,,2.888493730999471,10.0,7.0,0.45454545454545453,0.9032258064516129,1.0,1.0
cbn_unif_gauss,DAGMA,"{""lambda1"": 0.005, ""w_threshold_dagma"": 0.05}",10,15,1000,14,/home/mathis/Documents/Travail/cbnsl_benchmark/scaling/../scaling/results/2026-04-11_01h23_cbn_unif_gauss/graphs/golden__v10_a15_g14.json,/home/mathis/Documents/Travail/cbnsl_benchmark/scaling/../scaling/results/2026-04-11_01h23_cbn_unif_gauss/graphs/DAGMA__v10_a15_g14_s1000.json,,1.8212343659979524,19.0,16.0,0.09523809523809525,0.7878787878787878,0.5,0.9285714285714286
cbn_unif_gauss,DAGMA,"{""lambda1"": 0.005, ""w_threshold_dagma"": 0.05}",10,15,3000,14,/home/mathis/Documents/Travail/cbnsl_benchmark/scaling/../scaling/results/2026-04-11_01h23_cbn_unif_gauss/graphs/golden__v10_a15_g14.json,/home/mathis/Documents/Travail/cbnsl_benchmark/scaling/../scaling/results/2026-04-11_01h23_cbn_unif_gauss/graphs/DAGMA__v10_a15_g14_s3000.json,,1.4576967899993178,19.0,11.0,0.1,0.8484848484848484,1.0,1.0
cbn_unif_gauss,DAGMA,"{""lambda1"": 0.005, ""w_threshold_dagma"": 0.05}",10,15,5000,14,/home/mathis/Documents/Travail/cbnsl_benchmark/scaling/../scaling/results/2026-04-11_01h23_cbn_unif_gauss/graphs/golden__v10_a15_g14.json,/home/mathis/Documents/Travail/cbnsl_benchmark/scaling/../scaling/results/2026-04-11_01h23_cbn_unif_gauss/graphs/DAGMA__v10_a15_g14_s5000.json,,2.0806113760045264,19.0,11.0,0.1,0.8484848484848484,1.0,1.0
cbn_unif_gauss,DAGMA,"{""lambda1"": 0.005, ""w_threshold_dagma"": 0.05}",10,15,200,15,/home/mathis/Documents/Travail/cbnsl_benchmark/scaling/../scaling/results/2026-04-11_01h23_cbn_unif_gauss/graphs/golden__v10_a15_g15.json,/home/mathis/Documents/Travail/cbnsl_benchmark/scaling/../scaling/results/2026-04-11_01h23_cbn_unif_gauss/graphs/DAGMA__v10_a15_g15_s200.json,,2.1842772210002295,18.0,14.0,0.25,0.7272727272727273,1.0,1.0
cbn_unif_gauss,DAGMA,"{""lambda1"": 0.005, ""w_threshold_dagma"": 0.05}",10,15,500,15,/home/mathis/Documents/Travail/cbnsl_benchmark/scaling/../scaling/results/2026-04-11_01h23_cbn_unif_gauss/graphs/golden__v10_a15_g15.json,/home/mathis/Documents/Travail/cbnsl_benchmark/scaling/../scaling/results/2026-04-11_01h23_cbn_unif_gauss/graphs/DAGMA__v10_a15_g15_s500.json,,1.8921813420020044,16.0,15.0,0.2727272727272727,0.7741935483870968,1.0,1.0
cbn_unif_gauss,DAGMA,"{""lambda1"": 0.005, ""w_threshold_dagma"": 0.05}",10,15,1000,15,/home/mathis/Documents/Travail/cbnsl_benchmark/scaling/../scaling/results/2026-04-11_01h23_cbn_unif_gauss/graphs/golden__v10_a15_g15.json,/home/mathis/Documents/Travail/cbnsl_benchmark/scaling/../scaling/results/2026-04-11_01h23_cbn_unif_gauss/graphs/DAGMA__v10_a15_g15_s1000.json,,1.8225484530048561,15.0,9.0,0.2857142857142857,0.8,1.0,1.0
cbn_unif_gauss,DAGMA,"{""lambda1"": 0.005, ""w_threshold_dagma"": 0.05}",10,15,3000,15,/home/mathis/Documents/Travail/cbnsl_benchmark/scaling/../scaling/results/2026-04-11_01h23_cbn_unif_gauss/graphs/golden__v10_a15_g15.json,/home/mathis/Documents/Travail/cbnsl_benchmark/scaling/../scaling/results/2026-04-11_01h23_cbn_unif_gauss/graphs/DAGMA__v10_a15_g15_s3000.json,,1.8186933210017742,15.0,9.0,0.2857142857142857,0.8,1.0,1.0
cbn_unif_gauss,DAGMA,"{""lambda1"": 0.005, ""w_threshold_dagma"": 0.05}",10,15,5000,15,/home/mathis/Documents/Travail/cbnsl_benchmark/scaling/../scaling/results/2026-04-11_01h23_cbn_unif_gauss/graphs/golden__v10_a15_g15.json,/home/mathis/Documents/Travail/cbnsl_benchmark/scaling/../scaling/results/2026-04-11_01h23_cbn_unif_gauss/graphs/DAGMA__v10_a15_g15_s5000.json,,2.8665389140005573,15.0,9.0,0.2857142857142857,0.8,1.0,1.0
cbn_unif_gauss,DAGMA,"{""lambda1"": 0.005, ""w_threshold_dagma"": 0.05}",10,15,200,16,/home/mathis/Documents/Travail/cbnsl_benchmark/scaling/../scaling/results/2026-04-11_01h23_cbn_unif_gauss/graphs/golden__v10_a15_g16.json,/home/mathis/Documents/Travail/cbnsl_benchmark/scaling/../scaling/results/2026-04-11_01h23_cbn_unif_gauss/graphs/DAGMA__v10_a15_g16_s200.json,,2.0056258339973283,21.0,18.0,0.08695652173913045,0.8108108108108109,1.0,1.0
cbn_unif_gauss,DAGMA,"{""lambda1"": 0.005, ""w_threshold_dagma"": 0.05}",10,15,500,16,/home/mathis/Documents/Travail/cbnsl_benchmark/scaling/../scaling/results/2026-04-11_01h23_cbn_unif_gauss/graphs/golden__v10_a15_g16.json,/home/mathis/Documents/Travail/cbnsl_benchmark/scaling/../scaling/results/2026-04-11_01h23_cbn_unif_gauss/graphs/DAGMA__v10_a15_g16_s500.json,,2.0201614600009634,20.0,13.0,0.09090909090909091,0.8,0.5,0.9333333333333333
cbn_unif_gauss,DAGMA,"{""lambda1"": 0.005, ""w_threshold_dagma"": 0.05}",10,15,1000,16,/home/mathis/Documents/Travail/cbnsl_benchmark/scaling/../scaling/results/2026-04-11_01h23_cbn_unif_gauss/graphs/golden__v10_a15_g16.json,/home/mathis/Documents/Travail/cbnsl_benchmark/scaling/../scaling/results/2026-04-11_01h23_cbn_unif_gauss/graphs/DAGMA__v10_a15_g16_s1000.json,,2.2723132430037367,17.0,15.0,0.32,0.8333333333333333,1.0,1.0
cbn_unif_gauss,DAGMA,"{""lambda1"": 0.005, ""w_threshold_dagma"": 0.05}",10,15,3000,16,/home/mathis/Documents/Travail/cbnsl_benchmark/scaling/../scaling/results/2026-04-11_01h23_cbn_unif_gauss/graphs/golden__v10_a15_g16.json,/home/mathis/Documents/Travail/cbnsl_benchmark/scaling/../scaling/results/2026-04-11_01h23_cbn_unif_gauss/graphs/DAGMA__v10_a15_g16_s3000.json,,2.5043379599956097,15.0,11.0,0.34782608695652173,0.8823529411764706,1.0,1.0
cbn_unif_gauss,DAGMA,"{""lambda1"": 0.005, ""w_threshold_dagma"": 0.05}",10,15,5000,16,/home/mathis/Documents/Travail/cbnsl_benchmark/scaling/../scaling/results/2026-04-11_01h23_cbn_unif_gauss/graphs/golden__v10_a15_g16.json,/home/mathis/Documents/Travail/cbnsl_benchmark/scaling/../scaling/results/2026-04-11_01h23_cbn_unif_gauss/graphs/DAGMA__v10_a15_g16_s5000.json,,1.5733204540010775,18.0,15.0,0.09999999999999999,0.8484848484848485,0.5,0.9333333333333333
cbn_unif_gauss,DAGMA,"{""lambda1"": 0.005, ""w_threshold_dagma"": 0.05}",10,15,200,17,/home/mathis/Documents/Travail/cbnsl_benchmark/scaling/../scaling/results/2026-04-11_01h23_cbn_unif_gauss/graphs/golden__v10_a15_g17.json,/home/mathis/Documents/Travail/cbnsl_benchmark/scaling/../scaling/results/2026-04-11_01h23_cbn_unif_gauss/graphs/DAGMA__v10_a15_g17_s200.json,,3.072515938001743,15.0,14.0,0.1,0.8823529411764706,1.0,1.0
cbn_unif_gauss,DAGMA,"{""lambda1"": 0.005, ""w_threshold_dagma"": 0.05}",10,15,500,17,/home/mathis/Documents/Travail/cbnsl_benchmark/scaling/../scaling/results/2026-04-11_01h23_cbn_unif_gauss/graphs/golden__v10_a15_g17.json,/home/mathis/Documents/Travail/cbnsl_benchmark/scaling/../scaling/results/2026-04-11_01h23_cbn_unif_gauss/graphs/DAGMA__v10_a15_g17_s500.json,,1.7503257319986005,15.0,14.0,0.4615384615384615,0.8571428571428571,1.0,1.0
cbn_unif_gauss,DAGMA,"{""lambda1"": 0.005, ""w_threshold_dagma"": 0.05}",10,15,1000,17,/home/mathis/Documents/Travail/cbnsl_benchmark/scaling/../scaling/results/2026-04-11_01h23_cbn_unif_gauss/graphs/golden__v10_a15_g17.json,/home/mathis/Documents/Travail/cbnsl_benchmark/scaling/../scaling/results/2026-04-11_01h23_cbn_unif_gauss/graphs/DAGMA__v10_a15_g17_s1000.json,,2.063837894995231,10.0,15.0,0.2608695652173913,0.8571428571428571,1.0,1.0
cbn_unif_gauss,DAGMA,"{""lambda1"": 0.005, ""w_threshold_dagma"": 0.05}",10,15,3000,17,/home/mathis/Documents/Travail/cbnsl_benchmark/scaling/../scaling/results/2026-04-11_01h23_cbn_unif_gauss/graphs/golden__v10_a15_g17.json,/home/mathis/Documents/Travail/cbnsl_benchmark/scaling/../scaling/results/2026-04-11_01h23_cbn_unif_gauss/graphs/DAGMA__v10_a15_g17_s3000.json,,2.2591969150016666,7.0,3.0,0.3,0.9375,1.0,1.0
cbn_unif_gauss,DAGMA,"{""lambda1"": 0.005, ""w_threshold_dagma"": 0.05}",10,15,5000,17,/home/mathis/Documents/Travail/cbnsl_benchmark/scaling/../scaling/results/2026-04-11_01h23_cbn_unif_gauss/graphs/golden__v10_a15_g17.json,/home/mathis/Documents/Travail/cbnsl_benchmark/scaling/../scaling/results/2026-04-11_01h23_cbn_unif_gauss/graphs/DAGMA__v10_a15_g17_s5000.json,,2.7706353480025427,7.0,3.0,0.3,0.9375,1.0,1.0
cbn_unif_gauss,DAGMA,"{""lambda1"": 0.005, ""w_threshold_dagma"": 0.05}",10,15,200,18,/home/mathis/Documents/Travail/cbnsl_benchmark/scaling/../scaling/results/2026-04-11_01h23_cbn_unif_gauss/graphs/golden__v10_a15_g18.json,/home/mathis/Documents/Travail/cbnsl_benchmark/scaling/../scaling/results/2026-04-11_01h23_cbn_unif_gauss/graphs/DAGMA__v10_a15_g18_s200.json,,3.279803739998897,16.0,20.0,0.09090909090909091,0.8,0.5,0.9333333333333333
cbn_unif_gauss,DAGMA,"{""lambda1"": 0.005, ""w_threshold_dagma"": 0.05}",10,15,500,18,/home/mathis/Documents/Travail/cbnsl_benchmark/scaling/../scaling/results/2026-04-11_01h23_cbn_unif_gauss/graphs/golden__v10_a15_g18.json,/home/mathis/Documents/Travail/cbnsl_benchmark/scaling/../scaling/results/2026-04-11_01h23_cbn_unif_gauss/graphs/DAGMA__v10_a15_g18_s500.json,,3.8206557469966356,16.0,12.0,0.16666666666666666,0.7777777777777778,0.6666666666666666,0.9333333333333333
cbn_unif_gauss,DAGMA,"{""lambda1"": 0.005, ""w_threshold_dagma"": 0.05}",10,15,1000,18,/home/mathis/Documents/Travail/cbnsl_benchmark/scaling/../scaling/results/2026-04-11_01h23_cbn_unif_gauss/graphs/golden__v10_a15_g18.json,/home/mathis/Documents/Travail/cbnsl_benchmark/scaling/../scaling/results/2026-04-11_01h23_cbn_unif_gauss/graphs/DAGMA__v10_a15_g18_s1000.json,,1.833087347993569,14.0,16.0,0.25,0.8333333333333333,1.0,1.0
cbn_unif_gauss,DAGMA,"{""lambda1"": 0.005, ""w_threshold_dagma"": 0.05}",10,15,3000,18,/home/mathis/Documents/Travail/cbnsl_benchmark/scaling/../scaling/results/2026-04-11_01h23_cbn_unif_gauss/graphs/golden__v10_a15_g18.json,/home/mathis/Documents/Travail/cbnsl_benchmark/scaling/../scaling/results/2026-04-11_01h23_cbn_unif_gauss/graphs/DAGMA__v10_a15_g18_s3000.json,,2.882579748998978,16.0,12.0,0.16666666666666666,0.7777777777777778,0.6666666666666666,0.9333333333333333
cbn_unif_gauss,DAGMA,"{""lambda1"": 0.005, ""w_threshold_dagma"": 0.05}",10,15,5000,18,/home/mathis/Documents/Travail/cbnsl_benchmark/scaling/../scaling/results/2026-04-11_01h23_cbn_unif_gauss/graphs/golden__v10_a15_g18.json,/home/mathis/Documents/Travail/cbnsl_benchmark/scaling/../scaling/results/2026-04-11_01h23_cbn_unif_gauss/graphs/DAGMA__v10_a15_g18_s5000.json,,2.035992837001686,16.0,12.0,0.16666666666666666,0.7777777777777778,0.6666666666666666,0.9333333333333333
cbn_unif_gauss,DAGMA,"{""lambda1"": 0.005, ""w_threshold_dagma"": 0.05}",10,15,200,19,/home/mathis/Documents/Travail/cbnsl_benchmark/scaling/../scaling/results/2026-04-11_01h23_cbn_unif_gauss/graphs/golden__v10_a15_g19.json,/home/mathis/Documents/Travail/cbnsl_benchmark/scaling/../scaling/results/2026-04-11_01h23_cbn_unif_gauss/graphs/DAGMA__v10_a15_g19_s200.json,,2.0200058200061903,9.0,16.0,0.3636363636363636,0.8749999999999999,0.8,0.9333333333333333
cbn_unif_gauss,DAGMA,"{""lambda1"": 0.005, ""w_threshold_dagma"": 0.05}",10,15,500,19,/home/mathis/Documents/Travail/cbnsl_benchmark/scaling/../scaling/results/2026-04-11_01h23_cbn_unif_gauss/graphs/golden__v10_a15_g19.json,/home/mathis/Documents/Travail/cbnsl_benchmark/scaling/../scaling/results/2026-04-11_01h23_cbn_unif_gauss/graphs/DAGMA__v10_a15_g19_s500.json,,2.156031692000397,9.0,14.0,0.2857142857142857,0.9090909090909091,1.0,1.0
cbn_unif_gauss,DAGMA,"{""lambda1"": 0.005, ""w_threshold_dagma"": 0.05}",10,15,1000,19,/home/mathis/Documents/Travail/cbnsl_benchmark/scaling/../scaling/results/2026-04-11_01h23_cbn_unif_gauss/graphs/golden__v10_a15_g19.json,/home/mathis/Documents/Travail/cbnsl_benchmark/scaling/../scaling/results/2026-04-11_01h23_cbn_unif_gauss/graphs/DAGMA__v10_a15_g19_s1000.json,,2.771162238997931,9.0,12.0,0.2857142857142857,0.9090909090909091,1.0,1.0
cbn_unif_gauss,DAGMA,"{""lambda1"": 0.005, ""w_threshold_dagma"": 0.05}",10,15,3000,19,/home/mathis/Documents/Travail/cbnsl_benchmark/scaling/../scaling/results/2026-04-11_01h23_cbn_unif_gauss/graphs/golden__v10_a15_g19.json,/home/mathis/Documents/Travail/cbnsl_benchmark/scaling/../scaling/results/2026-04-11_01h23_cbn_unif_gauss/graphs/DAGMA__v10_a15_g19_s3000.json,,1.5044071649972466,8.0,13.0,0.3,0.9375,1.0,1.0
cbn_unif_gauss,DAGMA,"{""lambda1"": 0.005, ""w_threshold_dagma"": 0.05}",10,15,5000,19,/home/mathis/Documents/Travail/cbnsl_benchmark/scaling/../scaling/results/2026-04-11_01h23_cbn_unif_gauss/graphs/golden__v10_a15_g19.json,/home/mathis/Documents/Travail/cbnsl_benchmark/scaling/../scaling/results/2026-04-11_01h23_cbn_unif_gauss/graphs/DAGMA__v10_a15_g19_s5000.json,,2.250585706999118,8.0,13.0,0.3,0.9375,1.0,1.0
cbn_unif_gauss,DAGMA,"{""lambda1"": 0.005, ""w_threshold_dagma"": 0.05}",10,15,200,20,/home/mathis/Documents/Travail/cbnsl_benchmark/scaling/../scaling/results/2026-04-11_01h23_cbn_unif_gauss/graphs/golden__v10_a15_g20.json,/home/mathis/Documents/Travail/cbnsl_benchmark/scaling/../scaling/results/2026-04-11_01h23_cbn_unif_gauss/graphs/DAGMA__v10_a15_g20_s200.json,,2.1769848559997627,12.0,17.0,0.4347826086956522,0.7586206896551725,1.0,1.0
cbn_unif_gauss,DAGMA,"{""lambda1"": 0.005, ""w_threshold_dagma"": 0.05}",10,15,500,20,/home/mathis/Documents/Travail/cbnsl_benchmark/scaling/../scaling/results/2026-04-11_01h23_cbn_unif_gauss/graphs/golden__v10_a15_g20.json,/home/mathis/Documents/Travail/cbnsl_benchmark/scaling/../scaling/results/2026-04-11_01h23_cbn_unif_gauss/graphs/DAGMA__v10_a15_g20_s500.json,,2.121969261999766,18.0,19.0,0.24000000000000002,0.6666666666666666,1.0,1.0
cbn_unif_gauss,DAGMA,"{""lambda1"": 0.005, ""w_threshold_dagma"": 0.05}",10,15,1000,20,/home/mathis/Documents/Travail/cbnsl_benchmark/scaling/../scaling/results/2026-04-11_01h23_cbn_unif_gauss/graphs/golden__v10_a15_g20.json,/home/mathis/Documents/Travail/cbnsl_benchmark/scaling/../scaling/results/2026-04-11_01h23_cbn_unif_gauss/graphs/DAGMA__v10_a15_g20_s1000.json,,2.0178473199994187,13.0,7.0,0.3,0.7857142857142858,1.0,1.0
cbn_unif_gauss,DAGMA,"{""lambda1"": 0.005, ""w_threshold_dagma"": 0.05}",10,15,3000,20,/home/mathis/Documents/Travail/cbnsl_benchmark/scaling/../scaling/results/2026-04-11_01h23_cbn_unif_gauss/graphs/golden__v10_a15_g20.json,/home/mathis/Documents/Travail/cbnsl_benchmark/scaling/../scaling/results/2026-04-11_01h23_cbn_unif_gauss/graphs/DAGMA__v10_a15_g20_s3000.json,,1.8284189519981737,13.0,7.0,0.3,0.7857142857142858,1.0,1.0
cbn_unif_gauss,DAGMA,"{""lambda1"": 0.005, ""w_threshold_dagma"": 0.05}",10,15,5000,20,/home/mathis/Documents/Travail/cbnsl_benchmark/scaling/../scaling/results/2026-04-11_01h23_cbn_unif_gauss/graphs/golden__v10_a15_g20.json,/home/mathis/Documents/Travail/cbnsl_benchmark/scaling/../scaling/results/2026-04-11_01h23_cbn_unif_gauss/graphs/DAGMA__v10_a15_g20_s5000.json,,2.1535365899981116,13.0,7.0,0.3,0.7857142857142858,1.0,1.0
cbn_unif_gauss,DAGMA,"{""lambda1"": 0.005, ""w_threshold_dagma"": 0.05}",10,15,200,21,/home/mathis/Documents/Travail/cbnsl_benchmark/scaling/../scaling/results/2026-04-11_01h23_cbn_unif_gauss/graphs/golden__v10_a15_g21.json,/home/mathis/Documents/Travail/cbnsl_benchmark/scaling/../scaling/results/2026-04-11_01h23_cbn_unif_gauss/graphs/DAGMA__v10_a15_g21_s200.json,,2.2880248980000033,9.0,8.0,0.6923076923076924,0.9375,1.0,1.0
cbn_unif_gauss,DAGMA,"{""lambda1"": 0.005, ""w_threshold_dagma"": 0.05}",10,15,500,21,/home/mathis/Documents/Travail/cbnsl_benchmark/scaling/../scaling/results/2026-04-11_01h23_cbn_unif_gauss/graphs/golden__v10_a15_g21.json,/home/mathis/Documents/Travail/cbnsl_benchmark/scaling/../scaling/results/2026-04-11_01h23_cbn_unif_gauss/graphs/DAGMA__v10_a15_g21_s500.json,,2.2245942240042496,16.0,12.0,0.1904761904761905,0.8484848484848485,0.6666666666666666,0.9333333333333333
cbn_unif_gauss,DAGMA,"{""lambda1"": 0.005, ""w_threshold_dagma"": 0.05}",10,15,1000,21,/home/mathis/Documents/Travail/cbnsl_benchmark/scaling/../scaling/results/2026-04-11_01h23_cbn_unif_gauss/graphs/golden__v10_a15_g21.json,/home/mathis/Documents/Travail/cbnsl_benchmark/scaling/../scaling/results/2026-04-11_01h23_cbn_unif_gauss/graphs/DAGMA__v10_a15_g21_s1000.json,,2.6654902330046752,17.0,18.0,0.1904761904761905,0.8823529411764706,1.0,1.0
cbn_unif_gauss,DAGMA,"{""lambda1"": 0.005, ""w_threshold_dagma"": 0.05}",10,15,3000,21,/home/mathis/Documents/Travail/cbnsl_benchmark/scaling/../scaling/results/2026-04-11_01h23_cbn_unif_gauss/graphs/golden__v10_a15_g21.json,/home/mathis/Documents/Travail/cbnsl_benchmark/scaling/../scaling/results/2026-04-11_01h23_cbn_unif_gauss/graphs/DAGMA__v10_a15_g21_s3000.json,,2.7696261680030148,17.0,18.0,0.1904761904761905,0.8823529411764706,1.0,1.0
cbn_unif_gauss,DAGMA,"{""lambda1"": 0.005, ""w_threshold_dagma"": 0.05}",10,15,5000,21,/home/mathis/Documents/Travail/cbnsl_benchmark/scaling/../scaling/results/2026-04-11_01h23_cbn_unif_gauss/graphs/golden__v10_a15_g21.json,/home/mathis/Documents/Travail/cbnsl_benchmark/scaling/../scaling/results/2026-04-11_01h23_cbn_unif_gauss/graphs/DAGMA__v10_a15_g21_s5000.json,,2.1894888909955625,17.0,18.0,0.1904761904761905,0.8823529411764706,1.0,1.0
cbn_unif_gauss,DAGMA,"{""lambda1"": 0.005, ""w_threshold_dagma"": 0.05}",10,15,200,22,/home/mathis/Documents/Travail/cbnsl_benchmark/scaling/../scaling/results/2026-04-11_01h23_cbn_unif_gauss/graphs/golden__v10_a15_g22.json,/home/mathis/Documents/Travail/cbnsl_benchmark/scaling/../scaling/results/2026-04-11_01h23_cbn_unif_gauss/graphs/DAGMA__v10_a15_g22_s200.json,,2.163317736994941,7.0,9.0,0.2222222222222222,0.967741935483871,1.0,1.0
cbn_unif_gauss,DAGMA,"{""lambda1"": 0.005, ""w_threshold_dagma"": 0.05}",10,15,500,22,/home/mathis/Documents/Travail/cbnsl_benchmark/scaling/../scaling/results/2026-04-11_01h23_cbn_unif_gauss/graphs/golden__v10_a15_g22.json,/home/mathis/Documents/Travail/cbnsl_benchmark/scaling/../scaling/results/2026-04-11_01h23_cbn_unif_gauss/graphs/DAGMA__v10_a15_g22_s500.json,,2.7834968510069302,9.0,10.0,0.7692307692307693,0.967741935483871,1.0,1.0
cbn_unif_gauss,DAGMA,"{""lambda1"": 0.005, ""w_threshold_dagma"": 0.05}",10,15,1000,22,/home/mathis/Documents/Travail/cbnsl_benchmark/scaling/../scaling/results/2026-04-11_01h23_cbn_unif_gauss/graphs/golden__v10_a15_g22.json,/home/mathis/Documents/Travail/cbnsl_benchmark/scaling/../scaling/results/2026-04-11_01h23_cbn_unif_gauss/graphs/DAGMA__v10_a15_g22_s1000.json,,2.5654569640028058,9.0,10.0,0.7692307692307693,0.967741935483871,1.0,1.0
cbn_unif_gauss,DAGMA,"{""lambda1"": 0.005, ""w_threshold_dagma"": 0.05}",10,15,3000,22,/home/mathis/Documents/Travail/cbnsl_benchmark/scaling/../scaling/results/2026-04-11_01h23_cbn_unif_gauss/graphs/golden__v10_a15_g22.json,/home/mathis/Documents/Travail/cbnsl_benchmark/scaling/../scaling/results/2026-04-11_01h23_cbn_unif_gauss/graphs/DAGMA__v10_a15_g22_s3000.json,,1.9084619209970697,5.0,11.0,0.3157894736842105,0.967741935483871,1.0,1.0
cbn_unif_gauss,DAGMA,"{""lambda1"": 0.005, ""w_threshold_dagma"": 0.05}",10,15,5000,22,/home/mathis/Documents/Travail/cbnsl_benchmark/scaling/../scaling/results/2026-04-11_01h23_cbn_unif_gauss/graphs/golden__v10_a15_g22.json,/home/mathis/Documents/Travail/cbnsl_benchmark/scaling/../scaling/results/2026-04-11_01h23_cbn_unif_gauss/graphs/DAGMA__v10_a15_g22_s5000.json,,3.3371010839982773,5.0,11.0,0.3157894736842105,0.967741935483871,1.0,1.0
cbn_unif_gauss,DAGMA,"{""lambda1"": 0.005, ""w_threshold_dagma"": 0.05}",10,15,200,23,/home/mathis/Documents/Travail/cbnsl_benchmark/scaling/../scaling/results/2026-04-11_01h23_cbn_unif_gauss/graphs/golden__v10_a15_g23.json,/home/mathis/Documents/Travail/cbnsl_benchmark/scaling/../scaling/results/2026-04-11_01h23_cbn_unif_gauss/graphs/DAGMA__v10_a15_g23_s200.json,,2.366941031999886,15.0,13.0,0.5185185185185185,0.8571428571428571,1.0,1.0
cbn_unif_gauss,DAGMA,"{""lambda1"": 0.005, ""w_threshold_dagma"": 0.05}",10,15,500,23,/home/mathis/Documents/Travail/cbnsl_benchmark/scaling/../scaling/results/2026-04-11_01h23_cbn_unif_gauss/graphs/golden__v10_a15_g23.json,/home/mathis/Documents/Travail/cbnsl_benchmark/scaling/../scaling/results/2026-04-11_01h23_cbn_unif_gauss/graphs/DAGMA__v10_a15_g23_s500.json,,2.4744277150020935,0.0,9.0,0.8,1.0,1.0,1.0
cbn_unif_gauss,DAGMA,"{""lambda1"": 0.005, ""w_threshold_dagma"": 0.05}",10,15,1000,23,/home/mathis/Documents/Travail/cbnsl_benchmark/scaling/../scaling/results/2026-04-11_01h23_cbn_unif_gauss/graphs/golden__v10_a15_g23.json,/home/mathis/Documents/Travail/cbnsl_benchmark/scaling/../scaling/results/2026-04-11_01h23_cbn_unif_gauss/graphs/DAGMA__v10_a15_g23_s1000.json,,2.2113269600013155,4.0,12.0,0.6399999999999999,0.9375,1.0,1.0
cbn_unif_gauss,DAGMA,"{""lambda1"": 0.005, ""w_threshold_dagma"": 0.05}",10,15,3000,23,/home/mathis/Documents/Travail/cbnsl_benchmark/scaling/../scaling/results/2026-04-11_01h23_cbn_unif_gauss/graphs/golden__v10_a15_g23.json,/home/mathis/Documents/Travail/cbnsl_benchmark/scaling/../scaling/results/2026-04-11_01h23_cbn_unif_gauss/graphs/DAGMA__v10_a15_g23_s3000.json,,2.737301077999291,11.0,14.0,0.45454545454545453,0.9375,1.0,1.0
cbn_unif_gauss,DAGMA,"{""lambda1"": 0.005, ""w_threshold_dagma"": 0.05}",10,15,5000,23,/home/mathis/Documents/Travail/cbnsl_benchmark/scaling/../scaling/results/2026-04-11_01h23_cbn_unif_gauss/graphs/golden__v10_a15_g23.json,/home/mathis/Documents/Travail/cbnsl_benchmark/scaling/../scaling/results/2026-04-11_01h23_cbn_unif_gauss/graphs/DAGMA__v10_a15_g23_s5000.json,,1.548858014997677,11.0,14.0,0.45454545454545453,0.9375,1.0,1.0
cbn_unif_gauss,DAGMA,"{""lambda1"": 0.005, ""w_threshold_dagma"": 0.05}",10,15,200,24,/home/mathis/Documents/Travail/cbnsl_benchmark/scaling/../scaling/results/2026-04-11_01h23_cbn_unif_gauss/graphs/golden__v10_a15_g24.json,/home/mathis/Documents/Travail/cbnsl_benchmark/scaling/../scaling/results/2026-04-11_01h23_cbn_unif_gauss/graphs/DAGMA__v10_a15_g24_s200.json,,2.394696772003954,12.0,12.0,0.33333333333333337,0.846153846153846,1.0,1.0
cbn_unif_gauss,DAGMA,"{""lambda1"": 0.005, ""w_threshold_dagma"": 0.05}",10,15,500,24,/home/mathis/Documents/Travail/cbnsl_benchmark/scaling/../scaling/results/2026-04-11_01h23_cbn_unif_gauss/graphs/golden__v10_a15_g24.json,/home/mathis/Documents/Travail/cbnsl_benchmark/scaling/../scaling/results/2026-04-11_01h23_cbn_unif_gauss/graphs/DAGMA__v10_a15_g24_s500.json,,2.0825789800001075,1.0,11.0,0.6666666666666666,0.9565217391304348,1.0,1.0
cbn_unif_gauss,DAGMA,"{""lambda1"": 0.005, ""w_threshold_dagma"": 0.05}",10,15,1000,24,/home/mathis/Documents/Travail/cbnsl_benchmark/scaling/../scaling/results/2026-04-11_01h23_cbn_unif_gauss/graphs/golden__v10_a15_g24.json,/home/mathis/Documents/Travail/cbnsl_benchmark/scaling/../scaling/results/2026-04-11_01h23_cbn_unif_gauss/graphs/DAGMA__v10_a15_g24_s1000.json,,2.0756949790011276,0.0,0.0,0.7058823529411764,1.0,1.0,1.0
cbn_unif_gauss,DAGMA,"{""lambda1"": 0.005, ""w_threshold_dagma"": 0.05}",10,15,3000,24,/home/mathis/Documents/Travail/cbnsl_benchmark/scaling/../scaling/results/2026-04-11_01h23_cbn_unif_gauss/graphs/golden__v10_a15_g24.json,/home/mathis/Documents/Travail/cbnsl_benchmark/scaling/../scaling/results/2026-04-11_01h23_cbn_unif_gauss/graphs/DAGMA__v10_a15_g24_s3000.json,,3.043424176998087,3.0,8.0,0.5555555555555556,0.9166666666666666,1.0,1.0
cbn_unif_gauss,DAGMA,"{""lambda1"": 0.005, ""w_threshold_dagma"": 0.05}",10,15,5000,24,/home/mathis/Documents/Travail/cbnsl_benchmark/scaling/../scaling/results/2026-04-11_01h23_cbn_unif_gauss/graphs/golden__v10_a15_g24.json,/home/mathis/Documents/Travail/cbnsl_benchmark/scaling/../scaling/results/2026-04-11_01h23_cbn_unif_gauss/graphs/DAGMA__v10_a15_g24_s5000.json,,2.165852372003428,0.0,0.0,0.7058823529411764,1.0,1.0,1.0
cbn_unif_gauss,DAGMA,"{""lambda1"": 0.005, ""w_threshold_dagma"": 0.05}",10,15,200,25,/home/mathis/Documents/Travail/cbnsl_benchmark/scaling/../scaling/results/2026-04-11_01h23_cbn_unif_gauss/graphs/golden__v10_a15_g25.json,/home/mathis/Documents/Travail/cbnsl_benchmark/scaling/../scaling/results/2026-04-11_01h23_cbn_unif_gauss/graphs/DAGMA__v10_a15_g25_s200.json,,2.6251765199995134,11.0,9.0,0.5384615384615385,0.8484848484848485,0.875,0.9333333333333333
cbn_unif_gauss,DAGMA,"{""lambda1"": 0.005, ""w_threshold_dagma"": 0.05}",10,15,500,25,/home/mathis/Documents/Travail/cbnsl_benchmark/scaling/../scaling/results/2026-04-11_01h23_cbn_unif_gauss/graphs/golden__v10_a15_g25.json,/home/mathis/Documents/Travail/cbnsl_benchmark/scaling/../scaling/results/2026-04-11_01h23_cbn_unif_gauss/graphs/DAGMA__v10_a15_g25_s500.json,,2.3065143690037075,11.0,9.0,0.56,0.9090909090909091,1.0,1.0
cbn_unif_gauss,DAGMA,"{""lambda1"": 0.005, ""w_threshold_dagma"": 0.05}",10,15,1000,25,/home/mathis/Documents/Travail/cbnsl_benchmark/scaling/../scaling/results/2026-04-11_01h23_cbn_unif_gauss/graphs/golden__v10_a15_g25.json,/home/mathis/Documents/Travail/cbnsl_benchmark/scaling/../scaling/results/2026-04-11_01h23_cbn_unif_gauss/graphs/DAGMA__v10_a15_g25_s1000.json,,1.873612906994822,11.0,15.0,0.1111111111111111,0.9375,1.0,1.0
cbn_unif_gauss,DAGMA,"{""lambda1"": 0.005, ""w_threshold_dagma"": 0.05}",10,15,3000,25,/home/mathis/Documents/Travail/cbnsl_benchmark/scaling/../scaling/results/2026-04-11_01h23_cbn_unif_gauss/graphs/golden__v10_a15_g25.json,/home/mathis/Documents/Travail/cbnsl_benchmark/scaling/../scaling/results/2026-04-11_01h23_cbn_unif_gauss/graphs/DAGMA__v10_a15_g25_s3000.json,,2.4355267849969096,11.0,15.0,0.1111111111111111,0.9375,1.0,1.0
cbn_unif_gauss,DAGMA,"{""lambda1"": 0.005, ""w_threshold_dagma"": 0.05}",10,15,5000,25,/home/mathis/Documents/Travail/cbnsl_benchmark/scaling/../scaling/results/2026-04-11_01h23_cbn_unif_gauss/graphs/golden__v10_a15_g25.json,/home/mathis/Documents/Travail/cbnsl_benchmark/scaling/../scaling/results/2026-04-11_01h23_cbn_unif_gauss/graphs/DAGMA__v10_a15_g25_s5000.json,,3.0417482039993047,11.0,6.0,0.0,0.9375,0.0,1.0
cbn_unif_gauss,DAGMA,"{""lambda1"": 0.005, ""w_threshold_dagma"": 0.05}",10,15,200,26,/home/mathis/Documents/Travail/cbnsl_benchmark/scaling/../scaling/results/2026-04-11_01h23_cbn_unif_gauss/graphs/golden__v10_a15_g26.json,/home/mathis/Documents/Travail/cbnsl_benchmark/scaling/../scaling/results/2026-04-11_01h23_cbn_unif_gauss/graphs/DAGMA__v10_a15_g26_s200.json,,1.7745288880032604,19.0,18.0,0.2857142857142857,0.7692307692307693,1.0,1.0
cbn_unif_gauss,DAGMA,"{""lambda1"": 0.005, ""w_threshold_dagma"": 0.05}",10,15,500,26,/home/mathis/Documents/Travail/cbnsl_benchmark/scaling/../scaling/results/2026-04-11_01h23_cbn_unif_gauss/graphs/golden__v10_a15_g26.json,/home/mathis/Documents/Travail/cbnsl_benchmark/scaling/../scaling/results/2026-04-11_01h23_cbn_unif_gauss/graphs/DAGMA__v10_a15_g26_s500.json,,1.7280742110015126,25.0,22.0,0.07692307692307693,0.7179487179487181,0.5,0.9333333333333333
cbn_unif_gauss,DAGMA,"{""lambda1"": 0.005, ""w_threshold_dagma"": 0.05}",10,15,1000,26,/home/mathis/Documents/Travail/cbnsl_benchmark/scaling/../scaling/results/2026-04-11_01h23_cbn_unif_gauss/graphs/golden__v10_a15_g26.json,/home/mathis/Documents/Travail/cbnsl_benchmark/scaling/../scaling/results/2026-04-11_01h23_cbn_unif_gauss/graphs/DAGMA__v10_a15_g26_s1000.json,,1.5211906059994362,22.0,19.0,0.16,0.7894736842105263,1.0,1.0
cbn_unif_gauss,DAGMA,"{""lambda1"": 0.005, ""w_threshold_dagma"": 0.05}",10,15,3000,26,/home/mathis/Documents/Travail/cbnsl_benchmark/scaling/../scaling/results/2026-04-11_01h23_cbn_unif_gauss/graphs/golden__v10_a15_g26.json,/home/mathis/Documents/Travail/cbnsl_benchmark/scaling/../scaling/results/2026-04-11_01h23_cbn_unif_gauss/graphs/DAGMA__v10_a15_g26_s3000.json,,1.201586071998463,19.0,13.0,0.18181818181818182,0.8571428571428571,1.0,1.0
cbn_unif_gauss,DAGMA,"{""lambda1"": 0.005, ""w_threshold_dagma"": 0.05}",10,15,5000,26,/home/mathis/Documents/Travail/cbnsl_benchmark/scaling/../scaling/results/2026-04-11_01h23_cbn_unif_gauss/graphs/golden__v10_a15_g26.json,/home/mathis/Documents/Travail/cbnsl_benchmark/scaling/../scaling/results/2026-04-11_01h23_cbn_unif_gauss/graphs/DAGMA__v10_a15_g26_s5000.json,,1.2486941759998444,20.0,18.0,0.0,0.8333333333333333,0.0,1.0
cbn_unif_gauss,DAGMA,"{""lambda1"": 0.005, ""w_threshold_dagma"": 0.05}",10,15,200,27,/home/mathis/Documents/Travail/cbnsl_benchmark/scaling/../scaling/results/2026-04-11_01h23_cbn_unif_gauss/graphs/golden__v10_a15_g27.json,/home/mathis/Documents/Travail/cbnsl_benchmark/scaling/../scaling/results/2026-04-11_01h23_cbn_unif_gauss/graphs/DAGMA__v10_a15_g27_s200.json,,2.171005869997316,10.0,15.0,0.6,0.8333333333333333,1.0,1.0
cbn_unif_gauss,DAGMA,"{""lambda1"": 0.005, ""w_threshold_dagma"": 0.05}",10,15,500,27,/home/mathis/Documents/Travail/cbnsl_benchmark/scaling/../scaling/results/2026-04-11_01h23_cbn_unif_gauss/graphs/golden__v10_a15_g27.json,/home/mathis/Documents/Travail/cbnsl_benchmark/scaling/../scaling/results/2026-04-11_01h23_cbn_unif_gauss/graphs/DAGMA__v10_a15_g27_s500.json,,1.9528424659947632,18.0,10.0,0.2608695652173913,0.8571428571428571,1.0,1.0
cbn_unif_gauss,DAGMA,"{""lambda1"": 0.005, ""w_threshold_dagma"": 0.05}",10,15,1000,27,/home/mathis/Documents/Travail/cbnsl_benchmark/scaling/../scaling/results/2026-04-11_01h23_cbn_unif_gauss/graphs/golden__v10_a15_g27.json,/home/mathis/Documents/Travail/cbnsl_benchmark/scaling/../scaling/results/2026-04-11_01h23_cbn_unif_gauss/graphs/DAGMA__v10_a15_g27_s1000.json,,2.018289339997864,14.0,12.0,0.19999999999999998,0.9090909090909091,1.0,1.0
cbn_unif_gauss,DAGMA,"{""lambda1"": 0.005, ""w_threshold_dagma"": 0.05}",10,15,3000,27,/home/mathis/Documents/Travail/cbnsl_benchmark/scaling/../scaling/results/2026-04-11_01h23_cbn_unif_gauss/graphs/golden__v10_a15_g27.json,/home/mathis/Documents/Travail/cbnsl_benchmark/scaling/../scaling/results/2026-04-11_01h23_cbn_unif_gauss/graphs/DAGMA__v10_a15_g27_s3000.json,,1.8324861619985313,15.0,11.0,0.2727272727272727,0.8823529411764706,1.0,1.0
cbn_unif_gauss,DAGMA,"{""lambda1"": 0.005, ""w_threshold_dagma"": 0.05}",10,15,5000,27,/home/mathis/Documents/Travail/cbnsl_benchmark/scaling/../scaling/results/2026-04-11_01h23_cbn_unif_gauss/graphs/golden__v10_a15_g27.json,/home/mathis/Documents/Travail/cbnsl_benchmark/scaling/../scaling/results/2026-04-11_01h23_cbn_unif_gauss/graphs/DAGMA__v10_a15_g27_s5000.json,,2.220171950000804,15.0,11.0,0.2727272727272727,0.8823529411764706,1.0,1.0
cbn_unif_gauss,DAGMA,"{""lambda1"": 0.005, ""w_threshold_dagma"": 0.05}",10,15,200,28,/home/mathis/Documents/Travail/cbnsl_benchmark/scaling/../scaling/results/2026-04-11_01h23_cbn_unif_gauss/graphs/golden__v10_a15_g28.json,/home/mathis/Documents/Travail/cbnsl_benchmark/scaling/../scaling/results/2026-04-11_01h23_cbn_unif_gauss/graphs/DAGMA__v10_a15_g28_s200.json,,1.972247748002701,13.0,17.0,0.3,0.8275862068965517,1.0,1.0
cbn_unif_gauss,DAGMA,"{""lambda1"": 0.005, ""w_threshold_dagma"": 0.05}",10,15,500,28,/home/mathis/Documents/Travail/cbnsl_benchmark/scaling/../scaling/results/2026-04-11_01h23_cbn_unif_gauss/graphs/golden__v10_a15_g28.json,/home/mathis/Documents/Travail/cbnsl_benchmark/scaling/../scaling/results/2026-04-11_01h23_cbn_unif_gauss/graphs/DAGMA__v10_a15_g28_s500.json,,2.094445769995218,17.0,16.0,0.1111111111111111,0.8275862068965517,1.0,1.0
cbn_unif_gauss,DAGMA,"{""lambda1"": 0.005, ""w_threshold_dagma"": 0.05}",10,15,1000,28,/home/mathis/Documents/Travail/cbnsl_benchmark/scaling/../scaling/results/2026-04-11_01h23_cbn_unif_gauss/graphs/golden__v10_a15_g28.json,/home/mathis/Documents/Travail/cbnsl_benchmark/scaling/../scaling/results/2026-04-11_01h23_cbn_unif_gauss/graphs/DAGMA__v10_a15_g28_s1000.json,,2.1881876699990244,16.0,11.0,0.1,0.7741935483870968,1.0,1.0
cbn_unif_gauss,DAGMA,"{""lambda1"": 0.005, ""w_threshold_dagma"": 0.05}",10,15,3000,28,/home/mathis/Documents/Travail/cbnsl_benchmark/scaling/../scaling/results/2026-04-11_01h23_cbn_unif_gauss/graphs/golden__v10_a15_g28.json,/home/mathis/Documents/Travail/cbnsl_benchmark/scaling/../scaling/results/2026-04-11_01h23_cbn_unif_gauss/graphs/DAGMA__v10_a15_g28_s3000.json,,1.3197067080036504,18.0,16.0,0.10526315789473684,0.8,1.0,1.0
cbn_unif_gauss,DAGMA,"{""lambda1"": 0.005, ""w_threshold_dagma"": 0.05}",10,15,5000,28,/home/mathis/Documents/Travail/cbnsl_benchmark/scaling/../scaling/results/2026-04-11_01h23_cbn_unif_gauss/graphs/golden__v10_a15_g28.json,/home/mathis/Documents/Travail/cbnsl_benchmark/scaling/../scaling/results/2026-04-11_01h23_cbn_unif_gauss/graphs/DAGMA__v10_a15_g28_s5000.json,,1.9967154749974725,18.0,16.0,0.10526315789473684,0.8,1.0,1.0
cbn_unif_gauss,DAGMA,"{""lambda1"": 0.005, ""w_threshold_dagma"": 0.05}",10,15,200,29,/home/mathis/Documents/Travail/cbnsl_benchmark/scaling/../scaling/results/2026-04-11_01h23_cbn_unif_gauss/graphs/golden__v10_a15_g29.json,/home/mathis/Documents/Travail/cbnsl_benchmark/scaling/../scaling/results/2026-04-11_01h23_cbn_unif_gauss/graphs/DAGMA__v10_a15_g29_s200.json,,2.0705511950000073,20.0,16.0,0.15384615384615383,0.7368421052631579,0.6666666666666666,0.9333333333333333
cbn_unif_gauss,DAGMA,"{""lambda1"": 0.005, ""w_threshold_dagma"": 0.05}",10,15,500,29,/home/mathis/Documents/Travail/cbnsl_benchmark/scaling/../scaling/results/2026-04-11_01h23_cbn_unif_gauss/graphs/golden__v10_a15_g29.json,/home/mathis/Documents/Travail/cbnsl_benchmark/scaling/../scaling/results/2026-04-11_01h23_cbn_unif_gauss/graphs/DAGMA__v10_a15_g29_s500.json,,3.1045758239997667,15.0,17.0,0.17391304347826084,0.8333333333333333,1.0,1.0
cbn_unif_gauss,DAGMA,"{""lambda1"": 0.005, ""w_threshold_dagma"": 0.05}",10,15,1000,29,/home/mathis/Documents/Travail/cbnsl_benchmark/scaling/../scaling/results/2026-04-11_01h23_cbn_unif_gauss/graphs/golden__v10_a15_g29.json,/home/mathis/Documents/Travail/cbnsl_benchmark/scaling/../scaling/results/2026-04-11_01h23_cbn_unif_gauss/graphs/DAGMA__v10_a15_g29_s1000.json,,3.7846180999986245,13.0,10.0,0.1904761904761905,0.8823529411764706,1.0,1.0
cbn_unif_gauss,DAGMA,"{""lambda1"": 0.005, ""w_threshold_dagma"": 0.05}",10,15,3000,29,/home/mathis/Documents/Travail/cbnsl_benchmark/scaling/../scaling/results/2026-04-11_01h23_cbn_unif_gauss/graphs/golden__v10_a15_g29.json,/home/mathis/Documents/Travail/cbnsl_benchmark/scaling/../scaling/results/2026-04-11_01h23_cbn_unif_gauss/graphs/DAGMA__v10_a15_g29_s3000.json,,2.4692563930002507,19.0,14.0,0.16666666666666666,0.7777777777777778,0.6666666666666666,0.9333333333333333
cbn_unif_gauss,DAGMA,"{""lambda1"": 0.005, ""w_threshold_dagma"": 0.05}",10,15,5000,29,/home/mathis/Documents/Travail/cbnsl_benchmark/scaling/../scaling/results/2026-04-11_01h23_cbn_unif_gauss/graphs/golden__v10_a15_g29.json,/home/mathis/Documents/Travail/cbnsl_benchmark/scaling/../scaling/results/2026-04-11_01h23_cbn_unif_gauss/graphs/DAGMA__v10_a15_g29_s5000.json,,2.3802938209992135,20.0,14.0,0.16666666666666669,0.8108108108108109,1.0,1.0
cbn_unif_gauss,DAGMA,"{""lambda1"": 0.005, ""w_threshold_dagma"": 0.05}",20,30,200,0,/home/mathis/Documents/Travail/cbnsl_benchmark/scaling/../scaling/results/2026-04-11_01h23_cbn_unif_gauss/graphs/golden__v20_a30_g0.json,/home/mathis/Documents/Travail/cbnsl_benchmark/scaling/../scaling/results/2026-04-11_01h23_cbn_unif_gauss/graphs/DAGMA__v20_a30_g0_s200.json,,4.650077181002416,34.0,36.0,0.3928571428571429,0.7837837837837838,0.9166666666666666,0.9666666666666667
cbn_unif_gauss,DAGMA,"{""lambda1"": 0.005, ""w_threshold_dagma"": 0.05}",20,30,500,0,/home/mathis/Documents/Travail/cbnsl_benchmark/scaling/../scaling/results/2026-04-11_01h23_cbn_unif_gauss/graphs/golden__v20_a30_g0.json,/home/mathis/Documents/Travail/cbnsl_benchmark/scaling/../scaling/results/2026-04-11_01h23_cbn_unif_gauss/graphs/DAGMA__v20_a30_g0_s500.json,,2.797305836000305,31.0,23.0,0.39215686274509803,0.8450704225352113,1.0,1.0
cbn_unif_gauss,DAGMA,"{""lambda1"": 0.005, ""w_threshold_dagma"": 0.05}",20,30,1000,0,/home/mathis/Documents/Travail/cbnsl_benchmark/scaling/../scaling/results/2026-04-11_01h23_cbn_unif_gauss/graphs/golden__v20_a30_g0.json,/home/mathis/Documents/Travail/cbnsl_benchmark/scaling/../scaling/results/2026-04-11_01h23_cbn_unif_gauss/graphs/DAGMA__v20_a30_g0_s1000.json,,3.2793121119975694,30.0,29.0,0.4230769230769231,0.8450704225352113,1.0,1.0
cbn_unif_gauss,DAGMA,"{""lambda1"": 0.005, ""w_threshold_dagma"": 0.05}",20,30,3000,0,/home/mathis/Documents/Travail/cbnsl_benchmark/scaling/../scaling/results/2026-04-11_01h23_cbn_unif_gauss/graphs/golden__v20_a30_g0.json,/home/mathis/Documents/Travail/cbnsl_benchmark/scaling/../scaling/results/2026-04-11_01h23_cbn_unif_gauss/graphs/DAGMA__v20_a30_g0_s3000.json,,3.7244609619956464,31.0,29.0,0.41509433962264153,0.8333333333333333,1.0,1.0
cbn_unif_gauss,DAGMA,"{""lambda1"": 0.005, ""w_threshold_dagma"": 0.05}",20,30,5000,0,/home/mathis/Documents/Travail/cbnsl_benchmark/scaling/../scaling/results/2026-04-11_01h23_cbn_unif_gauss/graphs/golden__v20_a30_g0.json,/home/mathis/Documents/Travail/cbnsl_benchmark/scaling/../scaling/results/2026-04-11_01h23_cbn_unif_gauss/graphs/DAGMA__v20_a30_g0_s5000.json,,3.019176216002961,32.0,31.0,0.40740740740740744,0.8219178082191781,1.0,1.0
cbn_unif_gauss,DAGMA,"{""lambda1"": 0.005, ""w_threshold_dagma"": 0.05}",20,30,200,1,/home/mathis/Documents/Travail/cbnsl_benchmark/scaling/../scaling/results/2026-04-11_01h23_cbn_unif_gauss/graphs/golden__v20_a30_g1.json,/home/mathis/Documents/Travail/cbnsl_benchmark/scaling/../scaling/results/2026-04-11_01h23_cbn_unif_gauss/graphs/DAGMA__v20_a30_g1_s200.json,,4.122839946998283,26.0,31.0,0.5454545454545454,0.8405797101449275,0.9375,0.9666666666666667
cbn_unif_gauss,DAGMA,"{""lambda1"": 0.005, ""w_threshold_dagma"": 0.05}",20,30,500,1,/home/mathis/Documents/Travail/cbnsl_benchmark/scaling/../scaling/results/2026-04-11_01h23_cbn_unif_gauss/graphs/golden__v20_a30_g1.json,/home/mathis/Documents/Travail/cbnsl_benchmark/scaling/../scaling/results/2026-04-11_01h23_cbn_unif_gauss/graphs/DAGMA__v20_a30_g1_s500.json,,3.6487324190020445,30.0,28.0,0.4313725490196079,0.8571428571428571,1.0,1.0
cbn_unif_gauss,DAGMA,"{""lambda1"": 0.005, ""w_threshold_dagma"": 0.05}",20,30,1000,1,/home/mathis/Documents/Travail/cbnsl_benchmark/scaling/../scaling/results/2026-04-11_01h23_cbn_unif_gauss/graphs/golden__v20_a30_g1.json,/home/mathis/Documents/Travail/cbnsl_benchmark/scaling/../scaling/results/2026-04-11_01h23_cbn_unif_gauss/graphs/DAGMA__v20_a30_g1_s1000.json,,2.357216078999045,25.0,32.0,0.5555555555555556,0.8695652173913044,1.0,1.0
cbn_unif_gauss,DAGMA,"{""lambda1"": 0.005, ""w_threshold_dagma"": 0.05}",20,30,3000,1,/home/mathis/Documents/Travail/cbnsl_benchmark/scaling/../scaling/results/2026-04-11_01h23_cbn_unif_gauss/graphs/golden__v20_a30_g1.json,/home/mathis/Documents/Travail/cbnsl_benchmark/scaling/../scaling/results/2026-04-11_01h23_cbn_unif_gauss/graphs/DAGMA__v20_a30_g1_s3000.json,,2.103323998999258,24.0,31.0,0.5660377358490566,0.8823529411764706,1.0,1.0
cbn_unif_gauss,DAGMA,"{""lambda1"": 0.005, ""w_threshold_dagma"": 0.05}",20,30,5000,1,/home/mathis/Documents/Travail/cbnsl_benchmark/scaling/../scaling/results/2026-04-11_01h23_cbn_unif_gauss/graphs/golden__v20_a30_g1.json,/home/mathis/Documents/Travail/cbnsl_benchmark/scaling/../scaling/results/2026-04-11_01h23_cbn_unif_gauss/graphs/DAGMA__v20_a30_g1_s5000.json,,4.273660519997065,19.0,15.0,0.6153846153846153,0.9090909090909091,1.0,1.0
cbn_unif_gauss,DAGMA,"{""lambda1"": 0.005, ""w_threshold_dagma"": 0.05}",20,30,200,2,/home/mathis/Documents/Travail/cbnsl_benchmark/scaling/../scaling/results/2026-04-11_01h23_cbn_unif_gauss/graphs/golden__v20_a30_g2.json,/home/mathis/Documents/Travail/cbnsl_benchmark/scaling/../scaling/results/2026-04-11_01h23_cbn_unif_gauss/graphs/DAGMA__v20_a30_g2_s200.json,,4.24563624500297,43.0,38.0,0.30508474576271183,0.7179487179487181,0.8181818181818182,0.9333333333333333
cbn_unif_gauss,DAGMA,"{""lambda1"": 0.005, ""w_threshold_dagma"": 0.05}",20,30,500,2,/home/mathis/Documents/Travail/cbnsl_benchmark/scaling/../scaling/results/2026-04-11_01h23_cbn_unif_gauss/graphs/golden__v20_a30_g2.json,/home/mathis/Documents/Travail/cbnsl_benchmark/scaling/../scaling/results/2026-04-11_01h23_cbn_unif_gauss/graphs/DAGMA__v20_a30_g2_s500.json,,3.5017581200008863,44.0,32.0,0.1923076923076923,0.763157894736842,0.8333333333333334,0.9666666666666667
cbn_unif_gauss,DAGMA,"{""lambda1"": 0.005, ""w_threshold_dagma"": 0.05}",20,30,1000,2,/home/mathis/Documents/Travail/cbnsl_benchmark/scaling/../scaling/results/2026-04-11_01h23_cbn_unif_gauss/graphs/golden__v20_a30_g2.json,/home/mathis/Documents/Travail/cbnsl_benchmark/scaling/../scaling/results/2026-04-11_01h23_cbn_unif_gauss/graphs/DAGMA__v20_a30_g2_s1000.json,,2.3375591700023506,32.0,20.0,0.33333333333333337,0.8571428571428571,1.0,1.0
cbn_unif_gauss,DAGMA,"{""lambda1"": 0.005, ""w_threshold_dagma"": 0.05}",20,30,3000,2,/home/mathis/Documents/Travail/cbnsl_benchmark/scaling/../scaling/results/2026-04-11_01h23_cbn_unif_gauss/graphs/golden__v20_a30_g2.json,/home/mathis/Documents/Travail/cbnsl_benchmark/scaling/../scaling/results/2026-04-11_01h23_cbn_unif_gauss/graphs/DAGMA__v20_a30_g2_s3000.json,,4.012787799001671,38.0,26.0,0.28,0.8219178082191781,1.0,1.0
cbn_unif_gauss,DAGMA,"{""lambda1"": 0.005, ""w_threshold_dagma"": 0.05}",20,30,5000,2,/home/mathis/Documents/Travail/cbnsl_benchmark/scaling/../scaling/results/2026-04-11_01h23_cbn_unif_gauss/graphs/golden__v20_a30_g2.json,/home/mathis/Documents/Travail/cbnsl_benchmark/scaling/../scaling/results/2026-04-11_01h23_cbn_unif_gauss/graphs/DAGMA__v20_a30_g2_s5000.json,,2.7468417449999833,38.0,26.0,0.28,0.8219178082191781,1.0,1.0
cbn_unif_gauss,DAGMA,"{""lambda1"": 0.005, ""w_threshold_dagma"": 0.05}",20,30,200,3,/home/mathis/Documents/Travail/cbnsl_benchmark/scaling/../scaling/results/2026-04-11_01h23_cbn_unif_gauss/graphs/golden__v20_a30_g3.json,/home/mathis/Documents/Travail/cbnsl_benchmark/scaling/../scaling/results/2026-04-11_01h23_cbn_unif_gauss/graphs/DAGMA__v20_a30_g3_s200.json,,3.0041109949961537,30.0,37.0,0.45161290322580644,0.7692307692307693,1.0,1.0
cbn_unif_gauss,DAGMA,"{""lambda1"": 0.005, ""w_threshold_dagma"": 0.05}",20,30,500,3,/home/mathis/Documents/Travail/cbnsl_benchmark/scaling/../scaling/results/2026-04-11_01h23_cbn_unif_gauss/graphs/golden__v20_a30_g3.json,/home/mathis/Documents/Travail/cbnsl_benchmark/scaling/../scaling/results/2026-04-11_01h23_cbn_unif_gauss/graphs/DAGMA__v20_a30_g3_s500.json,,2.614893691999896,27.0,32.0,0.5666666666666667,0.8219178082191781,1.0,1.0
cbn_unif_gauss,DAGMA,"{""lambda1"": 0.005, ""w_threshold_dagma"": 0.05}",20,30,1000,3,/home/mathis/Documents/Travail/cbnsl_benchmark/scaling/../scaling/results/2026-04-11_01h23_cbn_unif_gauss/graphs/golden__v20_a30_g3.json,/home/mathis/Documents/Travail/cbnsl_benchmark/scaling/../scaling/results/2026-04-11_01h23_cbn_unif_gauss/graphs/DAGMA__v20_a30_g3_s1000.json,,4.353470904999995,24.0,28.0,0.5964912280701754,0.8571428571428571,1.0,1.0
cbn_unif_gauss,DAGMA,"{""lambda1"": 0.005, ""w_threshold_dagma"": 0.05}",20,30,3000,3,/home/mathis/Documents/Travail/cbnsl_benchmark/scaling/../scaling/results/2026-04-11_01h23_cbn_unif_gauss/graphs/golden__v20_a30_g3.json,/home/mathis/Documents/Travail/cbnsl_benchmark/scaling/../scaling/results/2026-04-11_01h23_cbn_unif_gauss/graphs/DAGMA__v20_a30_g3_s3000.json,,2.650760681994143,20.0,22.0,0.44000000000000006,0.8695652173913044,1.0,1.0
cbn_unif_gauss,DAGMA,"{""lambda1"": 0.005, ""w_threshold_dagma"": 0.05}",20,30,5000,3,/home/mathis/Documents/Travail/cbnsl_benchmark/scaling/../scaling/results/2026-04-11_01h23_cbn_unif_gauss/graphs/golden__v20_a30_g3.json,/home/mathis/Documents/Travail/cbnsl_benchmark/scaling/../scaling/results/2026-04-11_01h23_cbn_unif_gauss/graphs/DAGMA__v20_a30_g3_s5000.json,,3.839240063003672,24.0,23.0,0.4313725490196079,0.8571428571428571,1.0,1.0
cbn_unif_gauss,DAGMA,"{""lambda1"": 0.005, ""w_threshold_dagma"": 0.05}",20,30,200,4,/home/mathis/Documents/Travail/cbnsl_benchmark/scaling/../scaling/results/2026-04-11_01h23_cbn_unif_gauss/graphs/golden__v20_a30_g4.json,/home/mathis/Documents/Travail/cbnsl_benchmark/scaling/../scaling/results/2026-04-11_01h23_cbn_unif_gauss/graphs/DAGMA__v20_a30_g4_s200.json,,4.109838878001028,33.0,34.0,0.3508771929824562,0.763157894736842,0.9090909090909091,0.9666666666666667
cbn_unif_gauss,DAGMA,"{""lambda1"": 0.005, ""w_threshold_dagma"": 0.05}",20,30,500,4,/home/mathis/Documents/Travail/cbnsl_benchmark/scaling/../scaling/results/2026-04-11_01h23_cbn_unif_gauss/graphs/golden__v20_a30_g4.json,/home/mathis/Documents/Travail/cbnsl_benchmark/scaling/../scaling/results/2026-04-11_01h23_cbn_unif_gauss/graphs/DAGMA__v20_a30_g4_s500.json,,3.1071853450048366,31.0,32.0,0.42857142857142855,0.8108108108108109,1.0,1.0
cbn_unif_gauss,DAGMA,"{""lambda1"": 0.005, ""w_threshold_dagma"": 0.05}",20,30,1000,4,/home/mathis/Documents/Travail/cbnsl_benchmark/scaling/../scaling/results/2026-04-11_01h23_cbn_unif_gauss/graphs/golden__v20_a30_g4.json,/home/mathis/Documents/Travail/cbnsl_benchmark/scaling/../scaling/results/2026-04-11_01h23_cbn_unif_gauss/graphs/DAGMA__v20_a30_g4_s1000.json,,2.7530397679947782,30.0,27.0,0.44000000000000006,0.8695652173913044,1.0,1.0
cbn_unif_gauss,DAGMA,"{""lambda1"": 0.005, ""w_threshold_dagma"": 0.05}",20,30,3000,4,/home/mathis/Documents/Travail/cbnsl_benchmark/scaling/../scaling/results/2026-04-11_01h23_cbn_unif_gauss/graphs/golden__v20_a30_g4.json,/home/mathis/Documents/Travail/cbnsl_benchmark/scaling/../scaling/results/2026-04-11_01h23_cbn_unif_gauss/graphs/DAGMA__v20_a30_g4_s3000.json,,3.015002212996478,25.0,28.0,0.4528301886792453,0.8285714285714285,0.9230769230769231,0.9666666666666667
cbn_unif_gauss,DAGMA,"{""lambda1"": 0.005, ""w_threshold_dagma"": 0.05}",20,30,5000,4,/home/mathis/Documents/Travail/cbnsl_benchmark/scaling/../scaling/results/2026-04-11_01h23_cbn_unif_gauss/graphs/golden__v20_a30_g4.json,/home/mathis/Documents/Travail/cbnsl_benchmark/scaling/../scaling/results/2026-04-11_01h23_cbn_unif_gauss/graphs/DAGMA__v20_a30_g4_s5000.json,,3.942098514002282,26.0,30.0,0.4444444444444444,0.8169014084507042,0.9230769230769231,0.9666666666666667
cbn_unif_gauss,DAGMA,"{""lambda1"": 0.005, ""w_threshold_dagma"": 0.05}",20,30,200,5,/home/mathis/Documents/Travail/cbnsl_benchmark/scaling/../scaling/results/2026-04-11_01h23_cbn_unif_gauss/graphs/golden__v20_a30_g5.json,/home/mathis/Documents/Travail/cbnsl_benchmark/scaling/../scaling/results/2026-04-11_01h23_cbn_unif_gauss/graphs/DAGMA__v20_a30_g5_s200.json,,3.6012834580033086,28.0,36.0,0.4666666666666667,0.7733333333333333,1.0,1.0
cbn_unif_gauss,DAGMA,"{""lambda1"": 0.005, ""w_threshold_dagma"": 0.05}",20,30,500,5,/home/mathis/Documents/Travail/cbnsl_benchmark/scaling/../scaling/results/2026-04-11_01h23_cbn_unif_gauss/graphs/golden__v20_a30_g5.json,/home/mathis/Documents/Travail/cbnsl_benchmark/scaling/../scaling/results/2026-04-11_01h23_cbn_unif_gauss/graphs/DAGMA__v20_a30_g5_s500.json,,2.699551107994921,27.0,37.0,0.5517241379310345,0.8169014084507042,1.0,1.0
cbn_unif_gauss,DAGMA,"{""lambda1"": 0.005, ""w_threshold_dagma"": 0.05}",20,30,1000,5,/home/mathis/Documents/Travail/cbnsl_benchmark/scaling/../scaling/results/2026-04-11_01h23_cbn_unif_gauss/graphs/golden__v20_a30_g5.json,/home/mathis/Documents/Travail/cbnsl_benchmark/scaling/../scaling/results/2026-04-11_01h23_cbn_unif_gauss/graphs/DAGMA__v20_a30_g5_s1000.json,,3.7905179129957105,28.0,30.0,0.5454545454545454,0.8405797101449275,1.0,1.0
cbn_unif_gauss,DAGMA,"{""lambda1"": 0.005, ""w_threshold_dagma"": 0.05}",20,30,3000,5,/home/mathis/Documents/Travail/cbnsl_benchmark/scaling/../scaling/results/2026-04-11_01h23_cbn_unif_gauss/graphs/golden__v20_a30_g5.json,/home/mathis/Documents/Travail/cbnsl_benchmark/scaling/../scaling/results/2026-04-11_01h23_cbn_unif_gauss/graphs/DAGMA__v20_a30_g5_s3000.json,,3.180553712998517,18.0,29.0,0.5769230769230769,0.8787878787878788,1.0,1.0
cbn_unif_gauss,DAGMA,"{""lambda1"": 0.005, ""w_threshold_dagma"": 0.05}",20,30,5000,5,/home/mathis/Documents/Travail/cbnsl_benchmark/scaling/../scaling/results/2026-04-11_01h23_cbn_unif_gauss/graphs/golden__v20_a30_g5.json,/home/mathis/Documents/Travail/cbnsl_benchmark/scaling/../scaling/results/2026-04-11_01h23_cbn_unif_gauss/graphs/DAGMA__v20_a30_g5_s5000.json,,4.336066444004246,24.0,32.0,0.45283018867924524,0.8285714285714285,1.0,1.0
cbn_unif_gauss,DAGMA,"{""lambda1"": 0.005, ""w_threshold_dagma"": 0.05}",20,30,200,6,/home/mathis/Documents/Travail/cbnsl_benchmark/scaling/../scaling/results/2026-04-11_01h23_cbn_unif_gauss/graphs/golden__v20_a30_g6.json,/home/mathis/Documents/Travail/cbnsl_benchmark/scaling/../scaling/results/2026-04-11_01h23_cbn_unif_gauss/graphs/DAGMA__v20_a30_g6_s200.json,,3.345805327000562,21.0,27.0,0.6774193548387097,0.8450704225352113,1.0,1.0
cbn_unif_gauss,DAGMA,"{""lambda1"": 0.005, ""w_threshold_dagma"": 0.05}",20,30,500,6,/home/mathis/Documents/Travail/cbnsl_benchmark/scaling/../scaling/results/2026-04-11_01h23_cbn_unif_gauss/graphs/golden__v20_a30_g6.json,/home/mathis/Documents/Travail/cbnsl_benchmark/scaling/../scaling/results/2026-04-11_01h23_cbn_unif_gauss/graphs/DAGMA__v20_a30_g6_s500.json,,2.7275376739999047,13.0,29.0,0.6181818181818182,0.8656716417910447,0.9444444444444444,0.9666666666666667
cbn_unif_gauss,DAGMA,"{""lambda1"": 0.005, ""w_threshold_dagma"": 0.05}",20,30,1000,6,/home/mathis/Documents/Travail/cbnsl_benchmark/scaling/../scaling/results/2026-04-11_01h23_cbn_unif_gauss/graphs/golden__v20_a30_g6.json,/home/mathis/Documents/Travail/cbnsl_benchmark/scaling/../scaling/results/2026-04-11_01h23_cbn_unif_gauss/graphs/DAGMA__v20_a30_g6_s1000.json,,2.496095440001227,16.0,21.0,0.5882352941176471,0.9090909090909091,1.0,1.0
cbn_unif_gauss,DAGMA,"{""lambda1"": 0.005, ""w_threshold_dagma"": 0.05}",20,30,3000,6,/home/mathis/Documents/Travail/cbnsl_benchmark/scaling/../scaling/results/2026-04-11_01h23_cbn_unif_gauss/graphs/golden__v20_a30_g6.json,/home/mathis/Documents/Travail/cbnsl_benchmark/scaling/../scaling/results/2026-04-11_01h23_cbn_unif_gauss/graphs/DAGMA__v20_a30_g6_s3000.json,,2.6840929809986847,8.0,19.0,0.6923076923076924,0.9375,1.0,1.0
cbn_unif_gauss,DAGMA,"{""lambda1"": 0.005, ""w_threshold_dagma"": 0.05}",20,30,5000,6,/home/mathis/Documents/Travail/cbnsl_benchmark/scaling/../scaling/results/2026-04-11_01h23_cbn_unif_gauss/graphs/golden__v20_a30_g6.json,/home/mathis/Documents/Travail/cbnsl_benchmark/scaling/../scaling/results/2026-04-11_01h23_cbn_unif_gauss/graphs/DAGMA__v20_a30_g6_s5000.json,,2.24644497600093,9.0,23.0,0.6792452830188679,0.923076923076923,1.0,1.0
cbn_unif_gauss,DAGMA,"{""lambda1"": 0.005, ""w_threshold_dagma"": 0.05}",20,30,200,7,/home/mathis/Documents/Travail/cbnsl_benchmark/scaling/../scaling/results/2026-04-11_01h23_cbn_unif_gauss/graphs/golden__v20_a30_g7.json,/home/mathis/Documents/Travail/cbnsl_benchmark/scaling/../scaling/results/2026-04-11_01h23_cbn_unif_gauss/graphs/DAGMA__v20_a30_g7_s200.json,,3.3493542180003715,30.0,33.0,0.3333333333333333,0.8405797101449275,0.8888888888888888,0.9666666666666667
cbn_unif_gauss,DAGMA,"{""lambda1"": 0.005, ""w_threshold_dagma"": 0.05}",20,30,500,7,/home/mathis/Documents/Travail/cbnsl_benchmark/scaling/../scaling/results/2026-04-11_01h23_cbn_unif_gauss/graphs/golden__v20_a30_g7.json,/home/mathis/Documents/Travail/cbnsl_benchmark/scaling/../scaling/results/2026-04-11_01h23_cbn_unif_gauss/graphs/DAGMA__v20_a30_g7_s500.json,,3.2915500849994714,24.0,34.0,0.4905660377358491,0.8571428571428571,1.0,1.0
cbn_unif_gauss,DAGMA,"{""lambda1"": 0.005, ""w_threshold_dagma"": 0.05}",20,30,1000,7,/home/mathis/Documents/Travail/cbnsl_benchmark/scaling/../scaling/results/2026-04-11_01h23_cbn_unif_gauss/graphs/golden__v20_a30_g7.json,/home/mathis/Documents/Travail/cbnsl_benchmark/scaling/../scaling/results/2026-04-11_01h23_cbn_unif_gauss/graphs/DAGMA__v20_a30_g7_s1000.json,,3.147570651002752,24.0,27.0,0.5,0.8695652173913044,1.0,1.0
cbn_unif_gauss,DAGMA,"{""lambda1"": 0.005, ""w_threshold_dagma"": 0.05}",20,30,3000,7,/home/mathis/Documents/Travail/cbnsl_benchmark/scaling/../scaling/results/2026-04-11_01h23_cbn_unif_gauss/graphs/golden__v20_a30_g7.json,/home/mathis/Documents/Travail/cbnsl_benchmark/scaling/../scaling/results/2026-04-11_01h23_cbn_unif_gauss/graphs/DAGMA__v20_a30_g7_s3000.json,,2.3165626990012242,29.0,29.0,0.3673469387755102,0.8405797101449275,0.9,0.9666666666666667
cbn_unif_gauss,DAGMA,"{""lambda1"": 0.005, ""w_threshold_dagma"": 0.05}",20,30,5000,7,/home/mathis/Documents/Travail/cbnsl_benchmark/scaling/../scaling/results/2026-04-11_01h23_cbn_unif_gauss/graphs/golden__v20_a30_g7.json,/home/mathis/Documents/Travail/cbnsl_benchmark/scaling/../scaling/results/2026-04-11_01h23_cbn_unif_gauss/graphs/DAGMA__v20_a30_g7_s5000.json,,3.0201477849986986,22.0,25.0,0.5384615384615384,0.8823529411764706,1.0,1.0
cbn_unif_gauss,DAGMA,"{""lambda1"": 0.005, ""w_threshold_dagma"": 0.05}",20,30,200,8,/home/mathis/Documents/Travail/cbnsl_benchmark/scaling/../scaling/results/2026-04-11_01h23_cbn_unif_gauss/graphs/golden__v20_a30_g8.json,/home/mathis/Documents/Travail/cbnsl_benchmark/scaling/../scaling/results/2026-04-11_01h23_cbn_unif_gauss/graphs/DAGMA__v20_a30_g8_s200.json,,2.5151238279941026,33.0,31.0,0.4210526315789474,0.767123287671233,0.8571428571428571,0.9333333333333333
cbn_unif_gauss,DAGMA,"{""lambda1"": 0.005, ""w_threshold_dagma"": 0.05}",20,30,500,8,/home/mathis/Documents/Travail/cbnsl_benchmark/scaling/../scaling/results/2026-04-11_01h23_cbn_unif_gauss/graphs/golden__v20_a30_g8.json,/home/mathis/Documents/Travail/cbnsl_benchmark/scaling/../scaling/results/2026-04-11_01h23_cbn_unif_gauss/graphs/DAGMA__v20_a30_g8_s500.json,,2.2291044230005355,22.0,23.0,0.5098039215686275,0.8656716417910447,0.9285714285714286,0.9666666666666667
cbn_unif_gauss,DAGMA,"{""lambda1"": 0.005, ""w_threshold_dagma"": 0.05}",20,30,1000,8,/home/mathis/Documents/Travail/cbnsl_benchmark/scaling/../scaling/results/2026-04-11_01h23_cbn_unif_gauss/graphs/golden__v20_a30_g8.json,/home/mathis/Documents/Travail/cbnsl_benchmark/scaling/../scaling/results/2026-04-11_01h23_cbn_unif_gauss/graphs/DAGMA__v20_a30_g8_s1000.json,,3.034568743998534,22.0,29.0,0.5098039215686275,0.8656716417910447,0.9285714285714286,0.9666666666666667
cbn_unif_gauss,DAGMA,"{""lambda1"": 0.005, ""w_threshold_dagma"": 0.05}",20,30,3000,8,/home/mathis/Documents/Travail/cbnsl_benchmark/scaling/../scaling/results/2026-04-11_01h23_cbn_unif_gauss/graphs/golden__v20_a30_g8.json,/home/mathis/Documents/Travail/cbnsl_benchmark/scaling/../scaling/results/2026-04-11_01h23_cbn_unif_gauss/graphs/DAGMA__v20_a30_g8_s3000.json,,2.1543740889974288,24.0,25.0,0.4489795918367347,0.8823529411764706,1.0,1.0
cbn_unif_gauss,DAGMA,"{""lambda1"": 0.005, ""w_threshold_dagma"": 0.05}",20,30,5000,8,/home/mathis/Documents/Travail/cbnsl_benchmark/scaling/../scaling/results/2026-04-11_01h23_cbn_unif_gauss/graphs/golden__v20_a30_g8.json,/home/mathis/Documents/Travail/cbnsl_benchmark/scaling/../scaling/results/2026-04-11_01h23_cbn_unif_gauss/graphs/DAGMA__v20_a30_g8_s5000.json,,2.4004553240010864,24.0,25.0,0.4489795918367347,0.8823529411764706,1.0,1.0
cbn_unif_gauss,DAGMA,"{""lambda1"": 0.005, ""w_threshold_dagma"": 0.05}",20,30,200,9,/home/mathis/Documents/Travail/cbnsl_benchmark/scaling/../scaling/results/2026-04-11_01h23_cbn_unif_gauss/graphs/golden__v20_a30_g9.json,/home/mathis/Documents/Travail/cbnsl_benchmark/scaling/../scaling/results/2026-04-11_01h23_cbn_unif_gauss/graphs/DAGMA__v20_a30_g9_s200.json,,2.7106486190023134,35.0,31.0,0.3448275862068966,0.7200000000000001,0.8333333333333334,0.9310344827586207
cbn_unif_gauss,DAGMA,"{""lambda1"": 0.005, ""w_threshold_dagma"": 0.05}",20,30,500,9,/home/mathis/Documents/Travail/cbnsl_benchmark/scaling/../scaling/results/2026-04-11_01h23_cbn_unif_gauss/graphs/golden__v20_a30_g9.json,/home/mathis/Documents/Travail/cbnsl_benchmark/scaling/../scaling/results/2026-04-11_01h23_cbn_unif_gauss/graphs/DAGMA__v20_a30_g9_s500.json,,2.994237199003692,40.0,36.0,0.24489795918367344,0.7714285714285715,0.75,0.9310344827586207
cbn_unif_gauss,DAGMA,"{""lambda1"": 0.005, ""w_threshold_dagma"": 0.05}",20,30,1000,9,/home/mathis/Documents/Travail/cbnsl_benchmark/scaling/../scaling/results/2026-04-11_01h23_cbn_unif_gauss/graphs/golden__v20_a30_g9.json,/home/mathis/Documents/Travail/cbnsl_benchmark/scaling/../scaling/results/2026-04-11_01h23_cbn_unif_gauss/graphs/DAGMA__v20_a30_g9_s1000.json,,3.052148478993331,39.0,35.0,0.24999999999999997,0.7826086956521738,0.75,0.9310344827586207
cbn_unif_gauss,DAGMA,"{""lambda1"": 0.005, ""w_threshold_dagma"": 0.05}",20,30,3000,9,/home/mathis/Documents/Travail/cbnsl_benchmark/scaling/../scaling/results/2026-04-11_01h23_cbn_unif_gauss/graphs/golden__v20_a30_g9.json,/home/mathis/Documents/Travail/cbnsl_benchmark/scaling/../scaling/results/2026-04-11_01h23_cbn_unif_gauss/graphs/DAGMA__v20_a30_g9_s3000.json,,2.467948609999439,37.0,28.0,0.2608695652173913,0.8059701492537312,0.75,0.9310344827586207
cbn_unif_gauss,DAGMA,"{""lambda1"": 0.005, ""w_threshold_dagma"": 0.05}",20,30,5000,9,/home/mathis/Documents/Travail/cbnsl_benchmark/scaling/../scaling/results/2026-04-11_01h23_cbn_unif_gauss/graphs/golden__v20_a30_g9.json,/home/mathis/Documents/Travail/cbnsl_benchmark/scaling/../scaling/results/2026-04-11_01h23_cbn_unif_gauss/graphs/DAGMA__v20_a30_g9_s5000.json,,2.9586022199946456,37.0,28.0,0.2608695652173913,0.8059701492537312,0.75,0.9310344827586207
cbn_unif_gauss,DAGMA,"{""lambda1"": 0.005, ""w_threshold_dagma"": 0.05}",20,30,200,10,/home/mathis/Documents/Travail/cbnsl_benchmark/scaling/../scaling/results/2026-04-11_01h23_cbn_unif_gauss/graphs/golden__v20_a30_g10.json,/home/mathis/Documents/Travail/cbnsl_benchmark/scaling/../scaling/results/2026-04-11_01h23_cbn_unif_gauss/graphs/DAGMA__v20_a30_g10_s200.json,,2.855584302000352,36.0,31.0,0.4,0.7532467532467533,0.9230769230769231,0.9666666666666667
cbn_unif_gauss,DAGMA,"{""lambda1"": 0.005, ""w_threshold_dagma"": 0.05}",20,30,500,10,/home/mathis/Documents/Travail/cbnsl_benchmark/scaling/../scaling/results/2026-04-11_01h23_cbn_unif_gauss/graphs/golden__v20_a30_g10.json,/home/mathis/Documents/Travail/cbnsl_benchmark/scaling/../scaling/results/2026-04-11_01h23_cbn_unif_gauss/graphs/DAGMA__v20_a30_g10_s500.json,,4.238712603000749,34.0,27.0,0.37037037037037035,0.8108108108108109,1.0,1.0
cbn_unif_gauss,DAGMA,"{""lambda1"": 0.005, ""w_threshold_dagma"": 0.05}",20,30,1000,10,/home/mathis/Documents/Travail/cbnsl_benchmark/scaling/../scaling/results/2026-04-11_01h23_cbn_unif_gauss/graphs/golden__v20_a30_g10.json,/home/mathis/Documents/Travail/cbnsl_benchmark/scaling/../scaling/results/2026-04-11_01h23_cbn_unif_gauss/graphs/DAGMA__v20_a30_g10_s1000.json,,3.5091881380067207,30.0,19.0,0.4,0.8571428571428571,1.0,1.0
cbn_unif_gauss,DAGMA,"{""lambda1"": 0.005, ""w_threshold_dagma"": 0.05}",20,30,3000,10,/home/mathis/Documents/Travail/cbnsl_benchmark/scaling/../scaling/results/2026-04-11_01h23_cbn_unif_gauss/graphs/golden__v20_a30_g10.json,/home/mathis/Documents/Travail/cbnsl_benchmark/scaling/../scaling/results/2026-04-11_01h23_cbn_unif_gauss/graphs/DAGMA__v20_a30_g10_s3000.json,,3.5497306780016515,31.0,33.0,0.41509433962264153,0.8333333333333333,1.0,1.0
cbn_unif_gauss,DAGMA,"{""lambda1"": 0.005, ""w_threshold_dagma"": 0.05}",20,30,5000,10,/home/mathis/Documents/Travail/cbnsl_benchmark/scaling/../scaling/results/2026-04-11_01h23_cbn_unif_gauss/graphs/golden__v20_a30_g10.json,/home/mathis/Documents/Travail/cbnsl_benchmark/scaling/../scaling/results/2026-04-11_01h23_cbn_unif_gauss/graphs/DAGMA__v20_a30_g10_s5000.json,,2.3333312569957343,35.0,31.0,0.24489795918367346,0.8219178082191781,1.0,1.0
cbn_unif_gauss,DAGMA,"{""lambda1"": 0.005, ""w_threshold_dagma"": 0.05}",20,30,200,11,/home/mathis/Documents/Travail/cbnsl_benchmark/scaling/../scaling/results/2026-04-11_01h23_cbn_unif_gauss/graphs/golden__v20_a30_g11.json,/home/mathis/Documents/Travail/cbnsl_benchmark/scaling/../scaling/results/2026-04-11_01h23_cbn_unif_gauss/graphs/DAGMA__v20_a30_g11_s200.json,,4.276998187997378,35.0,37.0,0.4067796610169491,0.7466666666666667,0.8571428571428571,0.9333333333333333
cbn_unif_gauss,DAGMA,"{""lambda1"": 0.005, ""w_threshold_dagma"": 0.05}",20,30,500,11,/home/mathis/Documents/Travail/cbnsl_benchmark/scaling/../scaling/results/2026-04-11_01h23_cbn_unif_gauss/graphs/golden__v20_a30_g11.json,/home/mathis/Documents/Travail/cbnsl_benchmark/scaling/../scaling/results/2026-04-11_01h23_cbn_unif_gauss/graphs/DAGMA__v20_a30_g11_s500.json,,3.315205644001253,31.0,26.0,0.41509433962264153,0.8,0.8461538461538461,0.9333333333333333
cbn_unif_gauss,DAGMA,"{""lambda1"": 0.005, ""w_threshold_dagma"": 0.05}",20,30,1000,11,/home/mathis/Documents/Travail/cbnsl_benchmark/scaling/../scaling/results/2026-04-11_01h23_cbn_unif_gauss/graphs/golden__v20_a30_g11.json,/home/mathis/Documents/Travail/cbnsl_benchmark/scaling/../scaling/results/2026-04-11_01h23_cbn_unif_gauss/graphs/DAGMA__v20_a30_g11_s1000.json,,3.46454588999768,29.0,21.0,0.45283018867924535,0.8115942028985509,0.8571428571428571,0.9333333333333333
cbn_unif_gauss,DAGMA,"{""lambda1"": 0.005, ""w_threshold_dagma"": 0.05}",20,30,3000,11,/home/mathis/Documents/Travail/cbnsl_benchmark/scaling/../scaling/results/2026-04-11_01h23_cbn_unif_gauss/graphs/golden__v20_a30_g11.json,/home/mathis/Documents/Travail/cbnsl_benchmark/scaling/../scaling/results/2026-04-11_01h23_cbn_unif_gauss/graphs/DAGMA__v20_a30_g11_s3000.json,,2.8398671180038946,28.0,32.0,0.4999999999999999,0.8,0.875,0.9333333333333333
cbn_unif_gauss,DAGMA,"{""lambda1"": 0.005, ""w_threshold_dagma"": 0.05}",20,30,5000,11,/home/mathis/Documents/Travail/cbnsl_benchmark/scaling/../scaling/results/2026-04-11_01h23_cbn_unif_gauss/graphs/golden__v20_a30_g11.json,/home/mathis/Documents/Travail/cbnsl_benchmark/scaling/../scaling/results/2026-04-11_01h23_cbn_unif_gauss/graphs/DAGMA__v20_a30_g11_s5000.json,,4.208627186002559,22.0,31.0,0.6071428571428572,0.835820895522388,0.8947368421052632,0.9333333333333333
cbn_unif_gauss,DAGMA,"{""lambda1"": 0.005, ""w_threshold_dagma"": 0.05}",20,30,200,12,/home/mathis/Documents/Travail/cbnsl_benchmark/scaling/../scaling/results/2026-04-11_01h23_cbn_unif_gauss/graphs/golden__v20_a30_g12.json,/home/mathis/Documents/Travail/cbnsl_benchmark/scaling/../scaling/results/2026-04-11_01h23_cbn_unif_gauss/graphs/DAGMA__v20_a30_g12_s200.json,,3.0240654399967752,24.0,24.0,0.5769230769230769,0.8787878787878789,0.9375,0.9666666666666667
cbn_unif_gauss,DAGMA,"{""lambda1"": 0.005, ""w_threshold_dagma"": 0.05}",20,30,500,12,/home/mathis/Documents/Travail/cbnsl_benchmark/scaling/../scaling/results/2026-04-11_01h23_cbn_unif_gauss/graphs/golden__v20_a30_g12.json,/home/mathis/Documents/Travail/cbnsl_benchmark/scaling/../scaling/results/2026-04-11_01h23_cbn_unif_gauss/graphs/DAGMA__v20_a30_g12_s500.json,,2.787607744001434,13.0,24.0,0.6799999999999999,0.9523809523809523,1.0,1.0
cbn_unif_gauss,DAGMA,"{""lambda1"": 0.005, ""w_threshold_dagma"": 0.05}",20,30,1000,12,/home/mathis/Documents/Travail/cbnsl_benchmark/scaling/../scaling/results/2026-04-11_01h23_cbn_unif_gauss/graphs/golden__v20_a30_g12.json,/home/mathis/Documents/Travail/cbnsl_benchmark/scaling/../scaling/results/2026-04-11_01h23_cbn_unif_gauss/graphs/DAGMA__v20_a30_g12_s1000.json,,3.697384185004921,21.0,8.0,0.5957446808510638,0.9523809523809523,1.0,1.0
cbn_unif_gauss,DAGMA,"{""lambda1"": 0.005, ""w_threshold_dagma"": 0.05}",20,30,3000,12,/home/mathis/Documents/Travail/cbnsl_benchmark/scaling/../scaling/results/2026-04-11_01h23_cbn_unif_gauss/graphs/golden__v20_a30_g12.json,/home/mathis/Documents/Travail/cbnsl_benchmark/scaling/../scaling/results/2026-04-11_01h23_cbn_unif_gauss/graphs/DAGMA__v20_a30_g12_s3000.json,,3.209978841005068,21.0,8.0,0.5957446808510638,0.9523809523809523,1.0,1.0
cbn_unif_gauss,DAGMA,"{""lambda1"": 0.005, ""w_threshold_dagma"": 0.05}",20,30,5000,12,/home/mathis/Documents/Travail/cbnsl_benchmark/scaling/../scaling/results/2026-04-11_01h23_cbn_unif_gauss/graphs/golden__v20_a30_g12.json,/home/mathis/Documents/Travail/cbnsl_benchmark/scaling/../scaling/results/2026-04-11_01h23_cbn_unif_gauss/graphs/DAGMA__v20_a30_g12_s5000.json,,2.8532877969992114,21.0,8.0,0.5957446808510638,0.9523809523809523,1.0,1.0
cbn_unif_gauss,DAGMA,"{""lambda1"": 0.005, ""w_threshold_dagma"": 0.05}",20,30,200,13,/home/mathis/Documents/Travail/cbnsl_benchmark/scaling/../scaling/results/2026-04-11_01h23_cbn_unif_gauss/graphs/golden__v20_a30_g13.json,/home/mathis/Documents/Travail/cbnsl_benchmark/scaling/../scaling/results/2026-04-11_01h23_cbn_unif_gauss/graphs/DAGMA__v20_a30_g13_s200.json,,3.0132514599972637,39.0,39.0,0.3448275862068965,0.7532467532467533,0.9090909090909091,0.9666666666666667
cbn_unif_gauss,DAGMA,"{""lambda1"": 0.005, ""w_threshold_dagma"": 0.05}",20,30,500,13,/home/mathis/Documents/Travail/cbnsl_benchmark/scaling/../scaling/results/2026-04-11_01h23_cbn_unif_gauss/graphs/golden__v20_a30_g13.json,/home/mathis/Documents/Travail/cbnsl_benchmark/scaling/../scaling/results/2026-04-11_01h23_cbn_unif_gauss/graphs/DAGMA__v20_a30_g13_s500.json,,3.402353782999853,44.0,33.0,0.27586206896551724,0.7341772151898733,0.8888888888888888,0.9666666666666667
cbn_unif_gauss,DAGMA,"{""lambda1"": 0.005, ""w_threshold_dagma"": 0.05}",20,30,1000,13,/home/mathis/Documents/Travail/cbnsl_benchmark/scaling/../scaling/results/2026-04-11_01h23_cbn_unif_gauss/graphs/golden__v20_a30_g13.json,/home/mathis/Documents/Travail/cbnsl_benchmark/scaling/../scaling/results/2026-04-11_01h23_cbn_unif_gauss/graphs/DAGMA__v20_a30_g13_s1000.json,,3.260840651993931,37.0,32.0,0.33333333333333337,0.767123287671233,0.8181818181818182,0.9333333333333333
cbn_unif_gauss,DAGMA,"{""lambda1"": 0.005, ""w_threshold_dagma"": 0.05}",20,30,3000,13,/home/mathis/Documents/Travail/cbnsl_benchmark/scaling/../scaling/results/2026-04-11_01h23_cbn_unif_gauss/graphs/golden__v20_a30_g13.json,/home/mathis/Documents/Travail/cbnsl_benchmark/scaling/../scaling/results/2026-04-11_01h23_cbn_unif_gauss/graphs/DAGMA__v20_a30_g13_s3000.json,,4.405219057996874,39.0,27.0,0.2962962962962963,0.7567567567567568,0.8,0.9333333333333333
cbn_unif_gauss,DAGMA,"{""lambda1"": 0.005, ""w_threshold_dagma"": 0.05}",20,30,5000,13,/home/mathis/Documents/Travail/cbnsl_benchmark/scaling/../scaling/results/2026-04-11_01h23_cbn_unif_gauss/graphs/golden__v20_a30_g13.json,/home/mathis/Documents/Travail/cbnsl_benchmark/scaling/../scaling/results/2026-04-11_01h23_cbn_unif_gauss/graphs/DAGMA__v20_a30_g13_s5000.json,,4.759966776997317,39.0,27.0,0.2962962962962963,0.7567567567567568,0.8,0.9333333333333333
cbn_unif_gauss,DAGMA,"{""lambda1"": 0.005, ""w_threshold_dagma"": 0.05}",20,30,200,14,/home/mathis/Documents/Travail/cbnsl_benchmark/scaling/../scaling/results/2026-04-11_01h23_cbn_unif_gauss/graphs/golden__v20_a30_g14.json,/home/mathis/Documents/Travail/cbnsl_benchmark/scaling/../scaling/results/2026-04-11_01h23_cbn_unif_gauss/graphs/DAGMA__v20_a30_g14_s200.json,,4.737192690001393,41.0,31.0,0.2641509433962264,0.7397260273972602,0.7777777777777778,0.9310344827586207
cbn_unif_gauss,DAGMA,"{""lambda1"": 0.005, ""w_threshold_dagma"": 0.05}",20,30,500,14,/home/mathis/Documents/Travail/cbnsl_benchmark/scaling/../scaling/results/2026-04-11_01h23_cbn_unif_gauss/graphs/golden__v20_a30_g14.json,/home/mathis/Documents/Travail/cbnsl_benchmark/scaling/../scaling/results/2026-04-11_01h23_cbn_unif_gauss/graphs/DAGMA__v20_a30_g14_s500.json,,4.242302147998998,41.0,34.0,0.26923076923076916,0.7671232876712328,0.875,0.9655172413793104
cbn_unif_gauss,DAGMA,"{""lambda1"": 0.005, ""w_threshold_dagma"": 0.05}",20,30,1000,14,/home/mathis/Documents/Travail/cbnsl_benchmark/scaling/../scaling/results/2026-04-11_01h23_cbn_unif_gauss/graphs/golden__v20_a30_g14.json,/home/mathis/Documents/Travail/cbnsl_benchmark/scaling/../scaling/results/2026-04-11_01h23_cbn_unif_gauss/graphs/DAGMA__v20_a30_g14_s1000.json,,3.223187132003659,32.0,25.0,0.3829787234042553,0.8484848484848485,0.9,0.9655172413793104
cbn_unif_gauss,DAGMA,"{""lambda1"": 0.005, ""w_threshold_dagma"": 0.05}",20,30,3000,14,/home/mathis/Documents/Travail/cbnsl_benchmark/scaling/../scaling/results/2026-04-11_01h23_cbn_unif_gauss/graphs/golden__v20_a30_g14.json,/home/mathis/Documents/Travail/cbnsl_benchmark/scaling/../scaling/results/2026-04-11_01h23_cbn_unif_gauss/graphs/DAGMA__v20_a30_g14_s3000.json,,3.4672900560035487,36.0,23.0,0.24489795918367344,0.7887323943661971,0.8571428571428571,0.9655172413793104
cbn_unif_gauss,DAGMA,"{""lambda1"": 0.005, ""w_threshold_dagma"": 0.05}",20,30,5000,14,/home/mathis/Documents/Travail/cbnsl_benchmark/scaling/../scaling/results/2026-04-11_01h23_cbn_unif_gauss/graphs/golden__v20_a30_g14.json,/home/mathis/Documents/Travail/cbnsl_benchmark/scaling/../scaling/results/2026-04-11_01h23_cbn_unif_gauss/graphs/DAGMA__v20_a30_g14_s5000.json,,2.7904516690032324,36.0,23.0,0.24489795918367344,0.7887323943661971,0.8571428571428571,0.9655172413793104
cbn_unif_gauss,DAGMA,"{""lambda1"": 0.005, ""w_threshold_dagma"": 0.05}",20,30,200,15,/home/mathis/Documents/Travail/cbnsl_benchmark/scaling/../scaling/results/2026-04-11_01h23_cbn_unif_gauss/graphs/golden__v20_a30_g15.json,/home/mathis/Documents/Travail/cbnsl_benchmark/scaling/../scaling/results/2026-04-11_01h23_cbn_unif_gauss/graphs/DAGMA__v20_a30_g15_s200.json,,2.62922228500247,38.0,35.0,0.3508771929824561,0.7792207792207793,1.0,1.0
cbn_unif_gauss,DAGMA,"{""lambda1"": 0.005, ""w_threshold_dagma"": 0.05}",20,30,500,15,/home/mathis/Documents/Travail/cbnsl_benchmark/scaling/../scaling/results/2026-04-11_01h23_cbn_unif_gauss/graphs/golden__v20_a30_g15.json,/home/mathis/Documents/Travail/cbnsl_benchmark/scaling/../scaling/results/2026-04-11_01h23_cbn_unif_gauss/graphs/DAGMA__v20_a30_g15_s500.json,,3.1015984219993697,33.0,30.0,0.37735849056603776,0.8219178082191781,1.0,1.0
cbn_unif_gauss,DAGMA,"{""lambda1"": 0.005, ""w_threshold_dagma"": 0.05}",20,30,1000,15,/home/mathis/Documents/Travail/cbnsl_benchmark/scaling/../scaling/results/2026-04-11_01h23_cbn_unif_gauss/graphs/golden__v20_a30_g15.json,/home/mathis/Documents/Travail/cbnsl_benchmark/scaling/../scaling/results/2026-04-11_01h23_cbn_unif_gauss/graphs/DAGMA__v20_a30_g15_s1000.json,,2.8250782909963164,32.0,25.0,0.41509433962264153,0.8333333333333333,1.0,1.0
cbn_unif_gauss,DAGMA,"{""lambda1"": 0.005, ""w_threshold_dagma"": 0.05}",20,30,3000,15,/home/mathis/Documents/Travail/cbnsl_benchmark/scaling/../scaling/results/2026-04-11_01h23_cbn_unif_gauss/graphs/golden__v20_a30_g15.json,/home/mathis/Documents/Travail/cbnsl_benchmark/scaling/../scaling/results/2026-04-11_01h23_cbn_unif_gauss/graphs/DAGMA__v20_a30_g15_s3000.json,,3.1545983100004378,24.0,27.0,0.4166666666666667,0.8823529411764706,1.0,1.0
cbn_unif_gauss,DAGMA,"{""lambda1"": 0.005, ""w_threshold_dagma"": 0.05}",20,30,5000,15,/home/mathis/Documents/Travail/cbnsl_benchmark/scaling/../scaling/results/2026-04-11_01h23_cbn_unif_gauss/graphs/golden__v20_a30_g15.json,/home/mathis/Documents/Travail/cbnsl_benchmark/scaling/../scaling/results/2026-04-11_01h23_cbn_unif_gauss/graphs/DAGMA__v20_a30_g15_s5000.json,,3.3603786719977506,20.0,30.0,0.5,0.9090909090909091,1.0,1.0
cbn_unif_gauss,DAGMA,"{""lambda1"": 0.005, ""w_threshold_dagma"": 0.05}",20,30,200,16,/home/mathis/Documents/Travail/cbnsl_benchmark/scaling/../scaling/results/2026-04-11_01h23_cbn_unif_gauss/graphs/golden__v20_a30_g16.json,/home/mathis/Documents/Travail/cbnsl_benchmark/scaling/../scaling/results/2026-04-11_01h23_cbn_unif_gauss/graphs/DAGMA__v20_a30_g16_s200.json,,4.697513087005063,25.0,23.0,0.6101694915254238,0.8450704225352113,1.0,1.0
cbn_unif_gauss,DAGMA,"{""lambda1"": 0.005, ""w_threshold_dagma"": 0.05}",20,30,500,16,/home/mathis/Documents/Travail/cbnsl_benchmark/scaling/../scaling/results/2026-04-11_01h23_cbn_unif_gauss/graphs/golden__v20_a30_g16.json,/home/mathis/Documents/Travail/cbnsl_benchmark/scaling/../scaling/results/2026-04-11_01h23_cbn_unif_gauss/graphs/DAGMA__v20_a30_g16_s500.json,,2.6998069080000278,31.0,28.0,0.4444444444444445,0.8333333333333333,1.0,1.0
cbn_unif_gauss,DAGMA,"{""lambda1"": 0.005, ""w_threshold_dagma"": 0.05}",20,30,1000,16,/home/mathis/Documents/Travail/cbnsl_benchmark/scaling/../scaling/results/2026-04-11_01h23_cbn_unif_gauss/graphs/golden__v20_a30_g16.json,/home/mathis/Documents/Travail/cbnsl_benchmark/scaling/../scaling/results/2026-04-11_01h23_cbn_unif_gauss/graphs/DAGMA__v20_a30_g16_s1000.json,,4.0249349500008975,14.0,18.0,0.7241379310344828,0.8955223880597014,1.0,1.0
cbn_unif_gauss,DAGMA,"{""lambda1"": 0.005, ""w_threshold_dagma"": 0.05}",20,30,3000,16,/home/mathis/Documents/Travail/cbnsl_benchmark/scaling/../scaling/results/2026-04-11_01h23_cbn_unif_gauss/graphs/golden__v20_a30_g16.json,/home/mathis/Documents/Travail/cbnsl_benchmark/scaling/../scaling/results/2026-04-11_01h23_cbn_unif_gauss/graphs/DAGMA__v20_a30_g16_s3000.json,,3.5592816829957883,10.0,22.0,0.7857142857142858,0.9375,1.0,1.0
cbn_unif_gauss,DAGMA,"{""lambda1"": 0.005, ""w_threshold_dagma"": 0.05}",20,30,5000,16,/home/mathis/Documents/Travail/cbnsl_benchmark/scaling/../scaling/results/2026-04-11_01h23_cbn_unif_gauss/graphs/golden__v20_a30_g16.json,/home/mathis/Documents/Travail/cbnsl_benchmark/scaling/../scaling/results/2026-04-11_01h23_cbn_unif_gauss/graphs/DAGMA__v20_a30_g16_s5000.json,,4.715038731999812,15.0,23.0,0.6,0.923076923076923,1.0,1.0
cbn_unif_gauss,DAGMA,"{""lambda1"": 0.005, ""w_threshold_dagma"": 0.05}",20,30,200,17,/home/mathis/Documents/Travail/cbnsl_benchmark/scaling/../scaling/results/2026-04-11_01h23_cbn_unif_gauss/graphs/golden__v20_a30_g17.json,/home/mathis/Documents/Travail/cbnsl_benchmark/scaling/../scaling/results/2026-04-11_01h23_cbn_unif_gauss/graphs/DAGMA__v20_a30_g17_s200.json,,3.3390361800047685,30.0,25.0,0.3999999999999999,0.8405797101449275,0.9090909090909091,0.9666666666666667
cbn_unif_gauss,DAGMA,"{""lambda1"": 0.005, ""w_threshold_dagma"": 0.05}",20,30,500,17,/home/mathis/Documents/Travail/cbnsl_benchmark/scaling/../scaling/results/2026-04-11_01h23_cbn_unif_gauss/graphs/golden__v20_a30_g17.json,/home/mathis/Documents/Travail/cbnsl_benchmark/scaling/../scaling/results/2026-04-11_01h23_cbn_unif_gauss/graphs/DAGMA__v20_a30_g17_s500.json,,3.11851749199559,30.0,27.0,0.3333333333333333,0.8235294117647058,0.8,0.9333333333333333
cbn_unif_gauss,DAGMA,"{""lambda1"": 0.005, ""w_threshold_dagma"": 0.05}",20,30,1000,17,/home/mathis/Documents/Travail/cbnsl_benchmark/scaling/../scaling/results/2026-04-11_01h23_cbn_unif_gauss/graphs/golden__v20_a30_g17.json,/home/mathis/Documents/Travail/cbnsl_benchmark/scaling/../scaling/results/2026-04-11_01h23_cbn_unif_gauss/graphs/DAGMA__v20_a30_g17_s1000.json,,6.0968367280001985,30.0,28.0,0.30434782608695654,0.8529411764705883,0.875,0.9666666666666667
cbn_unif_gauss,DAGMA,"{""lambda1"": 0.005, ""w_threshold_dagma"": 0.05}",20,30,3000,17,/home/mathis/Documents/Travail/cbnsl_benchmark/scaling/../scaling/results/2026-04-11_01h23_cbn_unif_gauss/graphs/golden__v20_a30_g17.json,/home/mathis/Documents/Travail/cbnsl_benchmark/scaling/../scaling/results/2026-04-11_01h23_cbn_unif_gauss/graphs/DAGMA__v20_a30_g17_s3000.json,,3.275158210999507,32.0,28.0,0.2916666666666667,0.8450704225352113,1.0,1.0
cbn_unif_gauss,DAGMA,"{""lambda1"": 0.005, ""w_threshold_dagma"": 0.05}",20,30,5000,17,/home/mathis/Documents/Travail/cbnsl_benchmark/scaling/../scaling/results/2026-04-11_01h23_cbn_unif_gauss/graphs/golden__v20_a30_g17.json,/home/mathis/Documents/Travail/cbnsl_benchmark/scaling/../scaling/results/2026-04-11_01h23_cbn_unif_gauss/graphs/DAGMA__v20_a30_g17_s5000.json,,4.297327735002909,31.0,26.0,0.2978723404255319,0.8571428571428571,1.0,1.0
cbn_unif_gauss,DAGMA,"{""lambda1"": 0.005, ""w_threshold_dagma"": 0.05}",20,30,200,18,/home/mathis/Documents/Travail/cbnsl_benchmark/scaling/../scaling/results/2026-04-11_01h23_cbn_unif_gauss/graphs/golden__v20_a30_g18.json,/home/mathis/Documents/Travail/cbnsl_benchmark/scaling/../scaling/results/2026-04-11_01h23_cbn_unif_gauss/graphs/DAGMA__v20_a30_g18_s200.json,,3.567568807004136,36.0,34.0,0.3508771929824561,0.7792207792207793,1.0,1.0
cbn_unif_gauss,DAGMA,"{""lambda1"": 0.005, ""w_threshold_dagma"": 0.05}",20,30,500,18,/home/mathis/Documents/Travail/cbnsl_benchmark/scaling/../scaling/results/2026-04-11_01h23_cbn_unif_gauss/graphs/golden__v20_a30_g18.json,/home/mathis/Documents/Travail/cbnsl_benchmark/scaling/../scaling/results/2026-04-11_01h23_cbn_unif_gauss/graphs/DAGMA__v20_a30_g18_s500.json,,3.8759049419968505,31.0,38.0,0.43636363636363634,0.8055555555555556,0.9230769230769231,0.9666666666666667
cbn_unif_gauss,DAGMA,"{""lambda1"": 0.005, ""w_threshold_dagma"": 0.05}",20,30,1000,18,/home/mathis/Documents/Travail/cbnsl_benchmark/scaling/../scaling/results/2026-04-11_01h23_cbn_unif_gauss/graphs/golden__v20_a30_g18.json,/home/mathis/Documents/Travail/cbnsl_benchmark/scaling/../scaling/results/2026-04-11_01h23_cbn_unif_gauss/graphs/DAGMA__v20_a30_g18_s1000.json,,3.2217409549994045,27.0,26.0,0.29166666666666663,0.8285714285714285,0.875,0.9666666666666667
cbn_unif_gauss,DAGMA,"{""lambda1"": 0.005, ""w_threshold_dagma"": 0.05}",20,30,3000,18,/home/mathis/Documents/Travail/cbnsl_benchmark/scaling/../scaling/results/2026-04-11_01h23_cbn_unif_gauss/graphs/golden__v20_a30_g18.json,/home/mathis/Documents/Travail/cbnsl_benchmark/scaling/../scaling/results/2026-04-11_01h23_cbn_unif_gauss/graphs/DAGMA__v20_a30_g18_s3000.json,,4.273892482997326,27.0,25.0,0.2916666666666667,0.8450704225352113,1.0,1.0
cbn_unif_gauss,DAGMA,"{""lambda1"": 0.005, ""w_threshold_dagma"": 0.05}",20,30,5000,18,/home/mathis/Documents/Travail/cbnsl_benchmark/scaling/../scaling/results/2026-04-11_01h23_cbn_unif_gauss/graphs/golden__v20_a30_g18.json,/home/mathis/Documents/Travail/cbnsl_benchmark/scaling/../scaling/results/2026-04-11_01h23_cbn_unif_gauss/graphs/DAGMA__v20_a30_g18_s5000.json,,2.797726747994602,33.0,26.0,0.45283018867924524,0.8450704225352113,1.0,1.0
cbn_unif_gauss,DAGMA,"{""lambda1"": 0.005, ""w_threshold_dagma"": 0.05}",20,30,200,19,/home/mathis/Documents/Travail/cbnsl_benchmark/scaling/../scaling/results/2026-04-11_01h23_cbn_unif_gauss/graphs/golden__v20_a30_g19.json,/home/mathis/Documents/Travail/cbnsl_benchmark/scaling/../scaling/results/2026-04-11_01h23_cbn_unif_gauss/graphs/DAGMA__v20_a30_g19_s200.json,,3.395566017999954,34.0,32.0,0.48148148148148145,0.8450704225352113,1.0,1.0
cbn_unif_gauss,DAGMA,"{""lambda1"": 0.005, ""w_threshold_dagma"": 0.05}",20,30,500,19,/home/mathis/Documents/Travail/cbnsl_benchmark/scaling/../scaling/results/2026-04-11_01h23_cbn_unif_gauss/graphs/golden__v20_a30_g19.json,/home/mathis/Documents/Travail/cbnsl_benchmark/scaling/../scaling/results/2026-04-11_01h23_cbn_unif_gauss/graphs/DAGMA__v20_a30_g19_s500.json,,4.597115268996276,26.0,30.0,0.5,0.8695652173913044,1.0,1.0
cbn_unif_gauss,DAGMA,"{""lambda1"": 0.005, ""w_threshold_dagma"": 0.05}",20,30,1000,19,/home/mathis/Documents/Travail/cbnsl_benchmark/scaling/../scaling/results/2026-04-11_01h23_cbn_unif_gauss/graphs/golden__v20_a30_g19.json,/home/mathis/Documents/Travail/cbnsl_benchmark/scaling/../scaling/results/2026-04-11_01h23_cbn_unif_gauss/graphs/DAGMA__v20_a30_g19_s1000.json,,2.669712413997331,19.0,19.0,0.6415094339622641,0.9090909090909091,1.0,1.0
cbn_unif_gauss,DAGMA,"{""lambda1"": 0.005, ""w_threshold_dagma"": 0.05}",20,30,3000,19,/home/mathis/Documents/Travail/cbnsl_benchmark/scaling/../scaling/results/2026-04-11_01h23_cbn_unif_gauss/graphs/golden__v20_a30_g19.json,/home/mathis/Documents/Travail/cbnsl_benchmark/scaling/../scaling/results/2026-04-11_01h23_cbn_unif_gauss/graphs/DAGMA__v20_a30_g19_s3000.json,,2.2583620290024555,23.0,15.0,0.4,0.9090909090909091,1.0,1.0
cbn_unif_gauss,DAGMA,"{""lambda1"": 0.005, ""w_threshold_dagma"": 0.05}",20,30,5000,19,/home/mathis/Documents/Travail/cbnsl_benchmark/scaling/../scaling/results/2026-04-11_01h23_cbn_unif_gauss/graphs/golden__v20_a30_g19.json,/home/mathis/Documents/Travail/cbnsl_benchmark/scaling/../scaling/results/2026-04-11_01h23_cbn_unif_gauss/graphs/DAGMA__v20_a30_g19_s5000.json,,3.201973076000286,18.0,17.0,0.44000000000000006,0.8695652173913044,1.0,1.0
cbn_unif_gauss,DAGMA,"{""lambda1"": 0.005, ""w_threshold_dagma"": 0.05}",20,30,200,20,/home/mathis/Documents/Travail/cbnsl_benchmark/scaling/../scaling/results/2026-04-11_01h23_cbn_unif_gauss/graphs/golden__v20_a30_g20.json,/home/mathis/Documents/Travail/cbnsl_benchmark/scaling/../scaling/results/2026-04-11_01h23_cbn_unif_gauss/graphs/DAGMA__v20_a30_g20_s200.json,,3.097170662993449,32.0,32.0,0.46428571428571436,0.8055555555555556,0.9285714285714286,0.9666666666666667
cbn_unif_gauss,DAGMA,"{""lambda1"": 0.005, ""w_threshold_dagma"": 0.05}",20,30,500,20,/home/mathis/Documents/Travail/cbnsl_benchmark/scaling/../scaling/results/2026-04-11_01h23_cbn_unif_gauss/graphs/golden__v20_a30_g20.json,/home/mathis/Documents/Travail/cbnsl_benchmark/scaling/../scaling/results/2026-04-11_01h23_cbn_unif_gauss/graphs/DAGMA__v20_a30_g20_s500.json,,3.5779353239995544,29.0,33.0,0.4905660377358491,0.8571428571428571,1.0,1.0
cbn_unif_gauss,DAGMA,"{""lambda1"": 0.005, ""w_threshold_dagma"": 0.05}",20,30,1000,20,/home/mathis/Documents/Travail/cbnsl_benchmark/scaling/../scaling/results/2026-04-11_01h23_cbn_unif_gauss/graphs/golden__v20_a30_g20.json,/home/mathis/Documents/Travail/cbnsl_benchmark/scaling/../scaling/results/2026-04-11_01h23_cbn_unif_gauss/graphs/DAGMA__v20_a30_g20_s1000.json,,4.435437410000304,31.0,25.0,0.4727272727272727,0.8333333333333333,1.0,1.0
cbn_unif_gauss,DAGMA,"{""lambda1"": 0.005, ""w_threshold_dagma"": 0.05}",20,30,3000,20,/home/mathis/Documents/Travail/cbnsl_benchmark/scaling/../scaling/results/2026-04-11_01h23_cbn_unif_gauss/graphs/golden__v20_a30_g20.json,/home/mathis/Documents/Travail/cbnsl_benchmark/scaling/../scaling/results/2026-04-11_01h23_cbn_unif_gauss/graphs/DAGMA__v20_a30_g20_s3000.json,,3.2729473900035373,29.0,31.0,0.4905660377358491,0.8571428571428571,1.0,1.0
cbn_unif_gauss,DAGMA,"{""lambda1"": 0.005, ""w_threshold_dagma"": 0.05}",20,30,5000,20,/home/mathis/Documents/Travail/cbnsl_benchmark/scaling/../scaling/results/2026-04-11_01h23_cbn_unif_gauss/graphs/golden__v20_a30_g20.json,/home/mathis/Documents/Travail/cbnsl_benchmark/scaling/../scaling/results/2026-04-11_01h23_cbn_unif_gauss/graphs/DAGMA__v20_a30_g20_s5000.json,,3.9042689869966125,29.0,25.0,0.4905660377358491,0.8571428571428571,1.0,1.0
cbn_unif_gauss,DAGMA,"{""lambda1"": 0.005, ""w_threshold_dagma"": 0.05}",20,30,200,21,/home/mathis/Documents/Travail/cbnsl_benchmark/scaling/../scaling/results/2026-04-11_01h23_cbn_unif_gauss/graphs/golden__v20_a30_g21.json,/home/mathis/Documents/Travail/cbnsl_benchmark/scaling/../scaling/results/2026-04-11_01h23_cbn_unif_gauss/graphs/DAGMA__v20_a30_g21_s200.json,,3.400888816002407,27.0,35.0,0.49122807017543857,0.7536231884057971,0.7777777777777778,0.8666666666666667
cbn_unif_gauss,DAGMA,"{""lambda1"": 0.005, ""w_threshold_dagma"": 0.05}",20,30,500,21,/home/mathis/Documents/Travail/cbnsl_benchmark/scaling/../scaling/results/2026-04-11_01h23_cbn_unif_gauss/graphs/golden__v20_a30_g21.json,/home/mathis/Documents/Travail/cbnsl_benchmark/scaling/../scaling/results/2026-04-11_01h23_cbn_unif_gauss/graphs/DAGMA__v20_a30_g21_s500.json,,3.158255005997489,33.0,36.0,0.48275862068965514,0.7428571428571429,0.7777777777777778,0.8666666666666667
cbn_unif_gauss,DAGMA,"{""lambda1"": 0.005, ""w_threshold_dagma"": 0.05}",20,30,1000,21,/home/mathis/Documents/Travail/cbnsl_benchmark/scaling/../scaling/results/2026-04-11_01h23_cbn_unif_gauss/graphs/golden__v20_a30_g21.json,/home/mathis/Documents/Travail/cbnsl_benchmark/scaling/../scaling/results/2026-04-11_01h23_cbn_unif_gauss/graphs/DAGMA__v20_a30_g21_s1000.json,,2.976144316002319,29.0,30.0,0.49056603773584906,0.8059701492537312,0.8125,0.9
cbn_unif_gauss,DAGMA,"{""lambda1"": 0.005, ""w_threshold_dagma"": 0.05}",20,30,3000,21,/home/mathis/Documents/Travail/cbnsl_benchmark/scaling/../scaling/results/2026-04-11_01h23_cbn_unif_gauss/graphs/golden__v20_a30_g21.json,/home/mathis/Documents/Travail/cbnsl_benchmark/scaling/../scaling/results/2026-04-11_01h23_cbn_unif_gauss/graphs/DAGMA__v20_a30_g21_s3000.json,,2.0476354920028825,26.0,29.0,0.5384615384615385,0.8484848484848485,0.875,0.9333333333333333
cbn_unif_gauss,DAGMA,"{""lambda1"": 0.005, ""w_threshold_dagma"": 0.05}",20,30,5000,21,/home/mathis/Documents/Travail/cbnsl_benchmark/scaling/../scaling/results/2026-04-11_01h23_cbn_unif_gauss/graphs/golden__v20_a30_g21.json,/home/mathis/Documents/Travail/cbnsl_benchmark/scaling/../scaling/results/2026-04-11_01h23_cbn_unif_gauss/graphs/DAGMA__v20_a30_g21_s5000.json,,2.7365919840012793,21.0,28.0,0.4897959183673469,0.8615384615384616,0.8571428571428571,0.9333333333333333
cbn_unif_gauss,DAGMA,"{""lambda1"": 0.005, ""w_threshold_dagma"": 0.05}",20,30,200,22,/home/mathis/Documents/Travail/cbnsl_benchmark/scaling/../scaling/results/2026-04-11_01h23_cbn_unif_gauss/graphs/golden__v20_a30_g22.json,/home/mathis/Documents/Travail/cbnsl_benchmark/scaling/../scaling/results/2026-04-11_01h23_cbn_unif_gauss/graphs/DAGMA__v20_a30_g22_s200.json,,2.274034235997533,31.0,24.0,0.1904761904761905,0.8307692307692308,0.6666666666666666,0.9310344827586207
cbn_unif_gauss,DAGMA,"{""lambda1"": 0.005, ""w_threshold_dagma"": 0.05}",20,30,500,22,/home/mathis/Documents/Travail/cbnsl_benchmark/scaling/../scaling/results/2026-04-11_01h23_cbn_unif_gauss/graphs/golden__v20_a30_g22.json,/home/mathis/Documents/Travail/cbnsl_benchmark/scaling/../scaling/results/2026-04-11_01h23_cbn_unif_gauss/graphs/DAGMA__v20_a30_g22_s500.json,,2.1335310170034063,20.0,25.0,0.4186046511627907,0.9206349206349206,1.0,1.0
cbn_unif_gauss,DAGMA,"{""lambda1"": 0.005, ""w_threshold_dagma"": 0.05}",20,30,1000,22,/home/mathis/Documents/Travail/cbnsl_benchmark/scaling/../scaling/results/2026-04-11_01h23_cbn_unif_gauss/graphs/golden__v20_a30_g22.json,/home/mathis/Documents/Travail/cbnsl_benchmark/scaling/../scaling/results/2026-04-11_01h23_cbn_unif_gauss/graphs/DAGMA__v20_a30_g22_s1000.json,,3.2712256269951467,21.0,21.0,0.35,0.9354838709677419,1.0,1.0
cbn_unif_gauss,DAGMA,"{""lambda1"": 0.005, ""w_threshold_dagma"": 0.05}",20,30,3000,22,/home/mathis/Documents/Travail/cbnsl_benchmark/scaling/../scaling/results/2026-04-11_01h23_cbn_unif_gauss/graphs/golden__v20_a30_g22.json,/home/mathis/Documents/Travail/cbnsl_benchmark/scaling/../scaling/results/2026-04-11_01h23_cbn_unif_gauss/graphs/DAGMA__v20_a30_g22_s3000.json,,3.527283734001685,22.0,6.0,0.4878048780487805,0.9666666666666666,1.0,1.0
cbn_unif_gauss,DAGMA,"{""lambda1"": 0.005, ""w_threshold_dagma"": 0.05}",20,30,5000,22,/home/mathis/Documents/Travail/cbnsl_benchmark/scaling/../scaling/results/2026-04-11_01h23_cbn_unif_gauss/graphs/golden__v20_a30_g22.json,/home/mathis/Documents/Travail/cbnsl_benchmark/scaling/../scaling/results/2026-04-11_01h23_cbn_unif_gauss/graphs/DAGMA__v20_a30_g22_s5000.json,,3.7563937480008462,22.0,19.0,0.4878048780487804,0.9491525423728815,0.9090909090909091,0.9655172413793104
cbn_unif_gauss,DAGMA,"{""lambda1"": 0.005, ""w_threshold_dagma"": 0.05}",20,30,200,23,/home/mathis/Documents/Travail/cbnsl_benchmark/scaling/../scaling/results/2026-04-11_01h23_cbn_unif_gauss/graphs/golden__v20_a30_g23.json,/home/mathis/Documents/Travail/cbnsl_benchmark/scaling/../scaling/results/2026-04-11_01h23_cbn_unif_gauss/graphs/DAGMA__v20_a30_g23_s200.json,,3.472029491997091,34.0,38.0,0.4126984126984127,0.7341772151898733,0.9285714285714286,0.9666666666666667
cbn_unif_gauss,DAGMA,"{""lambda1"": 0.005, ""w_threshold_dagma"": 0.05}",20,30,500,23,/home/mathis/Documents/Travail/cbnsl_benchmark/scaling/../scaling/results/2026-04-11_01h23_cbn_unif_gauss/graphs/golden__v20_a30_g23.json,/home/mathis/Documents/Travail/cbnsl_benchmark/scaling/../scaling/results/2026-04-11_01h23_cbn_unif_gauss/graphs/DAGMA__v20_a30_g23_s500.json,,5.069109568998101,25.0,28.0,0.5172413793103449,0.8219178082191781,1.0,1.0
cbn_unif_gauss,DAGMA,"{""lambda1"": 0.005, ""w_threshold_dagma"": 0.05}",20,30,1000,23,/home/mathis/Documents/Travail/cbnsl_benchmark/scaling/../scaling/results/2026-04-11_01h23_cbn_unif_gauss/graphs/golden__v20_a30_g23.json,/home/mathis/Documents/Travail/cbnsl_benchmark/scaling/../scaling/results/2026-04-11_01h23_cbn_unif_gauss/graphs/DAGMA__v20_a30_g23_s1000.json,,2.6446342389972415,22.0,23.0,0.5454545454545454,0.8571428571428571,1.0,1.0
cbn_unif_gauss,DAGMA,"{""lambda1"": 0.005, ""w_threshold_dagma"": 0.05}",20,30,3000,23,/home/mathis/Documents/Travail/cbnsl_benchmark/scaling/../scaling/results/2026-04-11_01h23_cbn_unif_gauss/graphs/golden__v20_a30_g23.json,/home/mathis/Documents/Travail/cbnsl_benchmark/scaling/../scaling/results/2026-04-11_01h23_cbn_unif_gauss/graphs/DAGMA__v20_a30_g23_s3000.json,,3.3122383220033953,12.0,21.0,0.7169811320754718,0.9375,1.0,1.0
cbn_unif_gauss,DAGMA,"{""lambda1"": 0.005, ""w_threshold_dagma"": 0.05}",20,30,5000,23,/home/mathis/Documents/Travail/cbnsl_benchmark/scaling/../scaling/results/2026-04-11_01h23_cbn_unif_gauss/graphs/golden__v20_a30_g23.json,/home/mathis/Documents/Travail/cbnsl_benchmark/scaling/../scaling/results/2026-04-11_01h23_cbn_unif_gauss/graphs/DAGMA__v20_a30_g23_s5000.json,,3.1203366439949605,21.0,21.0,0.5000000000000001,0.8923076923076922,0.9230769230769231,0.9666666666666667
cbn_unif_gauss,DAGMA,"{""lambda1"": 0.005, ""w_threshold_dagma"": 0.05}",20,30,200,24,/home/mathis/Documents/Travail/cbnsl_benchmark/scaling/../scaling/results/2026-04-11_01h23_cbn_unif_gauss/graphs/golden__v20_a30_g24.json,/home/mathis/Documents/Travail/cbnsl_benchmark/scaling/../scaling/results/2026-04-11_01h23_cbn_unif_gauss/graphs/DAGMA__v20_a30_g24_s200.json,,2.5989259109992418,36.0,38.0,0.5,0.7671232876712328,1.0,1.0
cbn_unif_gauss,DAGMA,"{""lambda1"": 0.005, ""w_threshold_dagma"": 0.05}",20,30,500,24,/home/mathis/Documents/Travail/cbnsl_benchmark/scaling/../scaling/results/2026-04-11_01h23_cbn_unif_gauss/graphs/golden__v20_a30_g24.json,/home/mathis/Documents/Travail/cbnsl_benchmark/scaling/../scaling/results/2026-04-11_01h23_cbn_unif_gauss/graphs/DAGMA__v20_a30_g24_s500.json,,3.5194862839998677,26.0,29.0,0.4,0.8235294117647058,1.0,1.0
cbn_unif_gauss,DAGMA,"{""lambda1"": 0.005, ""w_threshold_dagma"": 0.05}",20,30,1000,24,/home/mathis/Documents/Travail/cbnsl_benchmark/scaling/../scaling/results/2026-04-11_01h23_cbn_unif_gauss/graphs/golden__v20_a30_g24.json,/home/mathis/Documents/Travail/cbnsl_benchmark/scaling/../scaling/results/2026-04-11_01h23_cbn_unif_gauss/graphs/DAGMA__v20_a30_g24_s1000.json,,3.439867608998611,28.0,35.0,0.36000000000000004,0.7941176470588236,0.9,0.9642857142857143
cbn_unif_gauss,DAGMA,"{""lambda1"": 0.005, ""w_threshold_dagma"": 0.05}",20,30,3000,24,/home/mathis/Documents/Travail/cbnsl_benchmark/scaling/../scaling/results/2026-04-11_01h23_cbn_unif_gauss/graphs/golden__v20_a30_g24.json,/home/mathis/Documents/Travail/cbnsl_benchmark/scaling/../scaling/results/2026-04-11_01h23_cbn_unif_gauss/graphs/DAGMA__v20_a30_g24_s3000.json,,3.416568102002202,27.0,26.0,0.392156862745098,0.7941176470588236,0.9090909090909091,0.9642857142857143
cbn_unif_gauss,DAGMA,"{""lambda1"": 0.005, ""w_threshold_dagma"": 0.05}",20,30,5000,24,/home/mathis/Documents/Travail/cbnsl_benchmark/scaling/../scaling/results/2026-04-11_01h23_cbn_unif_gauss/graphs/golden__v20_a30_g24.json,/home/mathis/Documents/Travail/cbnsl_benchmark/scaling/../scaling/results/2026-04-11_01h23_cbn_unif_gauss/graphs/DAGMA__v20_a30_g24_s5000.json,,3.071527906002302,26.0,37.0,0.4230769230769231,0.8115942028985507,1.0,1.0
cbn_unif_gauss,DAGMA,"{""lambda1"": 0.005, ""w_threshold_dagma"": 0.05}",20,30,200,25,/home/mathis/Documents/Travail/cbnsl_benchmark/scaling/../scaling/results/2026-04-11_01h23_cbn_unif_gauss/graphs/golden__v20_a30_g25.json,/home/mathis/Documents/Travail/cbnsl_benchmark/scaling/../scaling/results/2026-04-11_01h23_cbn_unif_gauss/graphs/DAGMA__v20_a30_g25_s200.json,,2.249482669001736,39.0,34.0,0.375,0.7160493827160493,0.9230769230769231,0.9666666666666667
cbn_unif_gauss,DAGMA,"{""lambda1"": 0.005, ""w_threshold_dagma"": 0.05}",20,30,500,25,/home/mathis/Documents/Travail/cbnsl_benchmark/scaling/../scaling/results/2026-04-11_01h23_cbn_unif_gauss/graphs/golden__v20_a30_g25.json,/home/mathis/Documents/Travail/cbnsl_benchmark/scaling/../scaling/results/2026-04-11_01h23_cbn_unif_gauss/graphs/DAGMA__v20_a30_g25_s500.json,,1.884902803998557,32.0,29.0,0.42857142857142855,0.8108108108108109,1.0,1.0
cbn_unif_gauss,DAGMA,"{""lambda1"": 0.005, ""w_threshold_dagma"": 0.05}",20,30,1000,25,/home/mathis/Documents/Travail/cbnsl_benchmark/scaling/../scaling/results/2026-04-11_01h23_cbn_unif_gauss/graphs/golden__v20_a30_g25.json,/home/mathis/Documents/Travail/cbnsl_benchmark/scaling/../scaling/results/2026-04-11_01h23_cbn_unif_gauss/graphs/DAGMA__v20_a30_g25_s1000.json,,3.163219400004891,29.0,26.0,0.4727272727272727,0.8333333333333333,1.0,1.0
cbn_unif_gauss,DAGMA,"{""lambda1"": 0.005, ""w_threshold_dagma"": 0.05}",20,30,3000,25,/home/mathis/Documents/Travail/cbnsl_benchmark/scaling/../scaling/results/2026-04-11_01h23_cbn_unif_gauss/graphs/golden__v20_a30_g25.json,/home/mathis/Documents/Travail/cbnsl_benchmark/scaling/../scaling/results/2026-04-11_01h23_cbn_unif_gauss/graphs/DAGMA__v20_a30_g25_s3000.json,,2.6346998250010074,18.0,22.0,0.6666666666666666,0.8823529411764706,1.0,1.0
cbn_unif_gauss,DAGMA,"{""lambda1"": 0.005, ""w_threshold_dagma"": 0.05}",20,30,5000,25,/home/mathis/Documents/Travail/cbnsl_benchmark/scaling/../scaling/results/2026-04-11_01h23_cbn_unif_gauss/graphs/golden__v20_a30_g25.json,/home/mathis/Documents/Travail/cbnsl_benchmark/scaling/../scaling/results/2026-04-11_01h23_cbn_unif_gauss/graphs/DAGMA__v20_a30_g25_s5000.json,,3.7693107719969703,17.0,18.0,0.6785714285714285,0.8955223880597014,1.0,1.0
cbn_unif_gauss,DAGMA,"{""lambda1"": 0.005, ""w_threshold_dagma"": 0.05}",20,30,200,26,/home/mathis/Documents/Travail/cbnsl_benchmark/scaling/../scaling/results/2026-04-11_01h23_cbn_unif_gauss/graphs/golden__v20_a30_g26.json,/home/mathis/Documents/Travail/cbnsl_benchmark/scaling/../scaling/results/2026-04-11_01h23_cbn_unif_gauss/graphs/DAGMA__v20_a30_g26_s200.json,,4.237234617001377,23.0,24.0,0.48148148148148157,0.8285714285714285,0.9285714285714286,0.9666666666666667
cbn_unif_gauss,DAGMA,"{""lambda1"": 0.005, ""w_threshold_dagma"": 0.05}",20,30,500,26,/home/mathis/Documents/Travail/cbnsl_benchmark/scaling/../scaling/results/2026-04-11_01h23_cbn_unif_gauss/graphs/golden__v20_a30_g26.json,/home/mathis/Documents/Travail/cbnsl_benchmark/scaling/../scaling/results/2026-04-11_01h23_cbn_unif_gauss/graphs/DAGMA__v20_a30_g26_s500.json,,3.875138068004162,17.0,29.0,0.6538461538461539,0.90625,0.9444444444444444,0.9666666666666667
cbn_unif_gauss,DAGMA,"{""lambda1"": 0.005, ""w_threshold_dagma"": 0.05}",20,30,1000,26,/home/mathis/Documents/Travail/cbnsl_benchmark/scaling/../scaling/results/2026-04-11_01h23_cbn_unif_gauss/graphs/golden__v20_a30_g26.json,/home/mathis/Documents/Travail/cbnsl_benchmark/scaling/../scaling/results/2026-04-11_01h23_cbn_unif_gauss/graphs/DAGMA__v20_a30_g26_s1000.json,,4.958301259997825,22.0,31.0,0.4255319148936171,0.8787878787878789,0.9090909090909091,0.9666666666666667
cbn_unif_gauss,DAGMA,"{""lambda1"": 0.005, ""w_threshold_dagma"": 0.05}",20,30,3000,26,/home/mathis/Documents/Travail/cbnsl_benchmark/scaling/../scaling/results/2026-04-11_01h23_cbn_unif_gauss/graphs/golden__v20_a30_g26.json,/home/mathis/Documents/Travail/cbnsl_benchmark/scaling/../scaling/results/2026-04-11_01h23_cbn_unif_gauss/graphs/DAGMA__v20_a30_g26_s3000.json,,4.8557865809998475,20.0,30.0,0.5714285714285713,0.90625,0.9333333333333333,0.9666666666666667
cbn_unif_gauss,DAGMA,"{""lambda1"": 0.005, ""w_threshold_dagma"": 0.05}",20,30,5000,26,/home/mathis/Documents/Travail/cbnsl_benchmark/scaling/../scaling/results/2026-04-11_01h23_cbn_unif_gauss/graphs/golden__v20_a30_g26.json,/home/mathis/Documents/Travail/cbnsl_benchmark/scaling/../scaling/results/2026-04-11_01h23_cbn_unif_gauss/graphs/DAGMA__v20_a30_g26_s5000.json,,4.361671186998137,20.0,30.0,0.5714285714285713,0.90625,0.9333333333333333,0.9666666666666667
cbn_unif_gauss,DAGMA,"{""lambda1"": 0.005, ""w_threshold_dagma"": 0.05}",20,30,200,27,/home/mathis/Documents/Travail/cbnsl_benchmark/scaling/../scaling/results/2026-04-11_01h23_cbn_unif_gauss/graphs/golden__v20_a30_g27.json,/home/mathis/Documents/Travail/cbnsl_benchmark/scaling/../scaling/results/2026-04-11_01h23_cbn_unif_gauss/graphs/DAGMA__v20_a30_g27_s200.json,,2.7513722799994866,38.0,36.0,0.3448275862068966,0.7368421052631579,0.8333333333333334,0.9333333333333333
cbn_unif_gauss,DAGMA,"{""lambda1"": 0.005, ""w_threshold_dagma"": 0.05}",20,30,500,27,/home/mathis/Documents/Travail/cbnsl_benchmark/scaling/../scaling/results/2026-04-11_01h23_cbn_unif_gauss/graphs/golden__v20_a30_g27.json,/home/mathis/Documents/Travail/cbnsl_benchmark/scaling/../scaling/results/2026-04-11_01h23_cbn_unif_gauss/graphs/DAGMA__v20_a30_g27_s500.json,,3.0631373479991453,24.0,17.0,0.5862068965517241,0.8450704225352113,1.0,1.0
cbn_unif_gauss,DAGMA,"{""lambda1"": 0.005, ""w_threshold_dagma"": 0.05}",20,30,1000,27,/home/mathis/Documents/Travail/cbnsl_benchmark/scaling/../scaling/results/2026-04-11_01h23_cbn_unif_gauss/graphs/golden__v20_a30_g27.json,/home/mathis/Documents/Travail/cbnsl_benchmark/scaling/../scaling/results/2026-04-11_01h23_cbn_unif_gauss/graphs/DAGMA__v20_a30_g27_s1000.json,,2.2667304759961553,23.0,28.0,0.5964912280701754,0.8571428571428571,1.0,1.0
cbn_unif_gauss,DAGMA,"{""lambda1"": 0.005, ""w_threshold_dagma"": 0.05}",20,30,3000,27,/home/mathis/Documents/Travail/cbnsl_benchmark/scaling/../scaling/results/2026-04-11_01h23_cbn_unif_gauss/graphs/golden__v20_a30_g27.json,/home/mathis/Documents/Travail/cbnsl_benchmark/scaling/../scaling/results/2026-04-11_01h23_cbn_unif_gauss/graphs/DAGMA__v20_a30_g27_s3000.json,,3.621875443997851,28.0,24.0,0.5,0.8169014084507042,0.9333333333333333,0.9666666666666667
cbn_unif_gauss,DAGMA,"{""lambda1"": 0.005, ""w_threshold_dagma"": 0.05}",20,30,5000,27,/home/mathis/Documents/Travail/cbnsl_benchmark/scaling/../scaling/results/2026-04-11_01h23_cbn_unif_gauss/graphs/golden__v20_a30_g27.json,/home/mathis/Documents/Travail/cbnsl_benchmark/scaling/../scaling/results/2026-04-11_01h23_cbn_unif_gauss/graphs/DAGMA__v20_a30_g27_s5000.json,,3.068768358003581,20.0,32.0,0.6071428571428572,0.8529411764705883,0.9444444444444444,0.9666666666666667
cbn_unif_gauss,DAGMA,"{""lambda1"": 0.005, ""w_threshold_dagma"": 0.05}",20,30,200,28,/home/mathis/Documents/Travail/cbnsl_benchmark/scaling/../scaling/results/2026-04-11_01h23_cbn_unif_gauss/graphs/golden__v20_a30_g28.json,/home/mathis/Documents/Travail/cbnsl_benchmark/scaling/../scaling/results/2026-04-11_01h23_cbn_unif_gauss/graphs/DAGMA__v20_a30_g28_s200.json,,2.68475947999832,31.0,36.0,0.5079365079365079,0.763157894736842,0.9411764705882353,0.9666666666666667
cbn_unif_gauss,DAGMA,"{""lambda1"": 0.005, ""w_threshold_dagma"": 0.05}",20,30,500,28,/home/mathis/Documents/Travail/cbnsl_benchmark/scaling/../scaling/results/2026-04-11_01h23_cbn_unif_gauss/graphs/golden__v20_a30_g28.json,/home/mathis/Documents/Travail/cbnsl_benchmark/scaling/../scaling/results/2026-04-11_01h23_cbn_unif_gauss/graphs/DAGMA__v20_a30_g28_s500.json,,4.422216473001754,33.0,33.0,0.4210526315789473,0.7837837837837838,0.9230769230769231,0.9666666666666667
cbn_unif_gauss,DAGMA,"{""lambda1"": 0.005, ""w_threshold_dagma"": 0.05}",20,30,1000,28,/home/mathis/Documents/Travail/cbnsl_benchmark/scaling/../scaling/results/2026-04-11_01h23_cbn_unif_gauss/graphs/golden__v20_a30_g28.json,/home/mathis/Documents/Travail/cbnsl_benchmark/scaling/../scaling/results/2026-04-11_01h23_cbn_unif_gauss/graphs/DAGMA__v20_a30_g28_s1000.json,,3.8933041499985848,27.0,28.0,0.4615384615384615,0.8405797101449275,0.9230769230769231,0.9666666666666667
cbn_unif_gauss,DAGMA,"{""lambda1"": 0.005, ""w_threshold_dagma"": 0.05}",20,30,3000,28,/home/mathis/Documents/Travail/cbnsl_benchmark/scaling/../scaling/results/2026-04-11_01h23_cbn_unif_gauss/graphs/golden__v20_a30_g28.json,/home/mathis/Documents/Travail/cbnsl_benchmark/scaling/../scaling/results/2026-04-11_01h23_cbn_unif_gauss/graphs/DAGMA__v20_a30_g28_s3000.json,,2.1796752880036365,30.0,33.0,0.41509433962264153,0.8333333333333333,1.0,1.0
cbn_unif_gauss,DAGMA,"{""lambda1"": 0.005, ""w_threshold_dagma"": 0.05}",20,30,5000,28,/home/mathis/Documents/Travail/cbnsl_benchmark/scaling/../scaling/results/2026-04-11_01h23_cbn_unif_gauss/graphs/golden__v20_a30_g28.json,/home/mathis/Documents/Travail/cbnsl_benchmark/scaling/../scaling/results/2026-04-11_01h23_cbn_unif_gauss/graphs/DAGMA__v20_a30_g28_s5000.json,,2.6687609260043246,23.0,29.0,0.5714285714285715,0.8571428571428571,1.0,1.0
cbn_unif_gauss,DAGMA,"{""lambda1"": 0.005, ""w_threshold_dagma"": 0.05}",20,30,200,29,/home/mathis/Documents/Travail/cbnsl_benchmark/scaling/../scaling/results/2026-04-11_01h23_cbn_unif_gauss/graphs/golden__v20_a30_g29.json,/home/mathis/Documents/Travail/cbnsl_benchmark/scaling/../scaling/results/2026-04-11_01h23_cbn_unif_gauss/graphs/DAGMA__v20_a30_g29_s200.json,,3.4057937170000514,26.0,37.0,0.6557377049180327,0.8450704225352113,1.0,1.0
cbn_unif_gauss,DAGMA,"{""lambda1"": 0.005, ""w_threshold_dagma"": 0.05}",20,30,500,29,/home/mathis/Documents/Travail/cbnsl_benchmark/scaling/../scaling/results/2026-04-11_01h23_cbn_unif_gauss/graphs/golden__v20_a30_g29.json,/home/mathis/Documents/Travail/cbnsl_benchmark/scaling/../scaling/results/2026-04-11_01h23_cbn_unif_gauss/graphs/DAGMA__v20_a30_g29_s500.json,,3.8101292790015577,21.0,32.0,0.6909090909090909,0.9090909090909091,1.0,1.0
cbn_unif_gauss,DAGMA,"{""lambda1"": 0.005, ""w_threshold_dagma"": 0.05}",20,30,1000,29,/home/mathis/Documents/Travail/cbnsl_benchmark/scaling/../scaling/results/2026-04-11_01h23_cbn_unif_gauss/graphs/golden__v20_a30_g29.json,/home/mathis/Documents/Travail/cbnsl_benchmark/scaling/../scaling/results/2026-04-11_01h23_cbn_unif_gauss/graphs/DAGMA__v20_a30_g29_s1000.json,,3.5441701899981126,16.0,27.0,0.6666666666666666,0.9090909090909091,1.0,1.0
cbn_unif_gauss,DAGMA,"{""lambda1"": 0.005, ""w_threshold_dagma"": 0.05}",20,30,3000,29,/home/mathis/Documents/Travail/cbnsl_benchmark/scaling/../scaling/results/2026-04-11_01h23_cbn_unif_gauss/graphs/golden__v20_a30_g29.json,/home/mathis/Documents/Travail/cbnsl_benchmark/scaling/../scaling/results/2026-04-11_01h23_cbn_unif_gauss/graphs/DAGMA__v20_a30_g29_s3000.json,,2.9118507690000115,7.0,23.0,0.7307692307692308,0.9523809523809523,1.0,1.0
cbn_unif_gauss,DAGMA,"{""lambda1"": 0.005, ""w_threshold_dagma"": 0.05}",20,30,5000,29,/home/mathis/Documents/Travail/cbnsl_benchmark/scaling/../scaling/results/2026-04-11_01h23_cbn_unif_gauss/graphs/golden__v20_a30_g29.json,/home/mathis/Documents/Travail/cbnsl_benchmark/scaling/../scaling/results/2026-04-11_01h23_cbn_unif_gauss/graphs/DAGMA__v20_a30_g29_s5000.json,,2.9056625480006915,7.0,23.0,0.7307692307692308,0.9523809523809523,1.0,1.0
