generator_name,algo,algo_params,n_vars,n_arcs,n_samples,graph_idx,golden_path,learned_path,error_msg,time_s,SHD,SHD_skeleton,F1-Score,F1-Score_skeleton,TPR,TPR_skeleton
sem_gaussian,DAGMA,"{""lambda1"": 0.005, ""w_threshold_dagma"": 0.05}",10,15,200,0,/home/mathis/Documents/Travail/cbnsl_benchmark/scaling/../scaling/results/2026-04-11_00h40_sem_gaussian/graphs/golden__v10_a15_g0.json,/home/mathis/Documents/Travail/cbnsl_benchmark/scaling/../scaling/results/2026-04-11_00h40_sem_gaussian/graphs/DAGMA__v10_a15_g0_s200.json,,2.9708577819983475,10.0,12.0,0.5454545454545454,0.8148148148148148,0.6,0.7333333333333333
sem_gaussian,DAGMA,"{""lambda1"": 0.005, ""w_threshold_dagma"": 0.05}",10,15,500,0,/home/mathis/Documents/Travail/cbnsl_benchmark/scaling/../scaling/results/2026-04-11_00h40_sem_gaussian/graphs/golden__v10_a15_g0.json,/home/mathis/Documents/Travail/cbnsl_benchmark/scaling/../scaling/results/2026-04-11_00h40_sem_gaussian/graphs/DAGMA__v10_a15_g0_s500.json,,5.135009612000431,8.0,14.0,0.7199999999999999,0.8148148148148148,0.6923076923076923,0.7333333333333333
sem_gaussian,DAGMA,"{""lambda1"": 0.005, ""w_threshold_dagma"": 0.05}",10,15,1000,0,/home/mathis/Documents/Travail/cbnsl_benchmark/scaling/../scaling/results/2026-04-11_00h40_sem_gaussian/graphs/golden__v10_a15_g0.json,/home/mathis/Documents/Travail/cbnsl_benchmark/scaling/../scaling/results/2026-04-11_00h40_sem_gaussian/graphs/DAGMA__v10_a15_g0_s1000.json,,5.741853074003302,8.0,14.0,0.6666666666666667,0.7692307692307692,0.6153846153846154,0.6666666666666666
sem_gaussian,DAGMA,"{""lambda1"": 0.005, ""w_threshold_dagma"": 0.05}",10,15,3000,0,/home/mathis/Documents/Travail/cbnsl_benchmark/scaling/../scaling/results/2026-04-11_00h40_sem_gaussian/graphs/golden__v10_a15_g0.json,/home/mathis/Documents/Travail/cbnsl_benchmark/scaling/../scaling/results/2026-04-11_00h40_sem_gaussian/graphs/DAGMA__v10_a15_g0_s3000.json,,4.987624040993978,10.0,11.0,0.5833333333333334,0.7407407407407408,0.5833333333333334,0.6666666666666666
sem_gaussian,DAGMA,"{""lambda1"": 0.005, ""w_threshold_dagma"": 0.05}",10,15,5000,0,/home/mathis/Documents/Travail/cbnsl_benchmark/scaling/../scaling/results/2026-04-11_00h40_sem_gaussian/graphs/golden__v10_a15_g0.json,/home/mathis/Documents/Travail/cbnsl_benchmark/scaling/../scaling/results/2026-04-11_00h40_sem_gaussian/graphs/DAGMA__v10_a15_g0_s5000.json,,5.8704423750023125,10.0,11.0,0.5833333333333334,0.7407407407407408,0.5833333333333334,0.6666666666666666
sem_gaussian,DAGMA,"{""lambda1"": 0.005, ""w_threshold_dagma"": 0.05}",10,15,200,1,/home/mathis/Documents/Travail/cbnsl_benchmark/scaling/../scaling/results/2026-04-11_00h40_sem_gaussian/graphs/golden__v10_a15_g1.json,/home/mathis/Documents/Travail/cbnsl_benchmark/scaling/../scaling/results/2026-04-11_00h40_sem_gaussian/graphs/DAGMA__v10_a15_g1_s200.json,,4.095598717998655,8.0,10.0,0.5263157894736842,0.782608695652174,0.5,0.6428571428571429
sem_gaussian,DAGMA,"{""lambda1"": 0.005, ""w_threshold_dagma"": 0.05}",10,15,500,1,/home/mathis/Documents/Travail/cbnsl_benchmark/scaling/../scaling/results/2026-04-11_00h40_sem_gaussian/graphs/golden__v10_a15_g1.json,/home/mathis/Documents/Travail/cbnsl_benchmark/scaling/../scaling/results/2026-04-11_00h40_sem_gaussian/graphs/DAGMA__v10_a15_g1_s500.json,,5.51216629800183,8.0,10.0,0.5263157894736842,0.782608695652174,0.5,0.6428571428571429
sem_gaussian,DAGMA,"{""lambda1"": 0.005, ""w_threshold_dagma"": 0.05}",10,15,1000,1,/home/mathis/Documents/Travail/cbnsl_benchmark/scaling/../scaling/results/2026-04-11_00h40_sem_gaussian/graphs/golden__v10_a15_g1.json,/home/mathis/Documents/Travail/cbnsl_benchmark/scaling/../scaling/results/2026-04-11_00h40_sem_gaussian/graphs/DAGMA__v10_a15_g1_s1000.json,,3.3953190840038587,8.0,10.0,0.5263157894736842,0.782608695652174,0.5,0.6428571428571429
sem_gaussian,DAGMA,"{""lambda1"": 0.005, ""w_threshold_dagma"": 0.05}",10,15,3000,1,/home/mathis/Documents/Travail/cbnsl_benchmark/scaling/../scaling/results/2026-04-11_00h40_sem_gaussian/graphs/golden__v10_a15_g1.json,/home/mathis/Documents/Travail/cbnsl_benchmark/scaling/../scaling/results/2026-04-11_00h40_sem_gaussian/graphs/DAGMA__v10_a15_g1_s3000.json,,3.1344650329992874,8.0,10.0,0.5263157894736842,0.782608695652174,0.5,0.6428571428571429
sem_gaussian,DAGMA,"{""lambda1"": 0.005, ""w_threshold_dagma"": 0.05}",10,15,5000,1,/home/mathis/Documents/Travail/cbnsl_benchmark/scaling/../scaling/results/2026-04-11_00h40_sem_gaussian/graphs/golden__v10_a15_g1.json,/home/mathis/Documents/Travail/cbnsl_benchmark/scaling/../scaling/results/2026-04-11_00h40_sem_gaussian/graphs/DAGMA__v10_a15_g1_s5000.json,,2.901316092000343,8.0,10.0,0.5263157894736842,0.782608695652174,0.5,0.6428571428571429
sem_gaussian,DAGMA,"{""lambda1"": 0.005, ""w_threshold_dagma"": 0.05}",10,15,200,2,/home/mathis/Documents/Travail/cbnsl_benchmark/scaling/../scaling/results/2026-04-11_00h40_sem_gaussian/graphs/golden__v10_a15_g2.json,/home/mathis/Documents/Travail/cbnsl_benchmark/scaling/../scaling/results/2026-04-11_00h40_sem_gaussian/graphs/DAGMA__v10_a15_g2_s200.json,,7.12773487999948,14.0,13.0,0.22222222222222224,0.7200000000000001,0.25,0.6
sem_gaussian,DAGMA,"{""lambda1"": 0.005, ""w_threshold_dagma"": 0.05}",10,15,500,2,/home/mathis/Documents/Travail/cbnsl_benchmark/scaling/../scaling/results/2026-04-11_00h40_sem_gaussian/graphs/golden__v10_a15_g2.json,/home/mathis/Documents/Travail/cbnsl_benchmark/scaling/../scaling/results/2026-04-11_00h40_sem_gaussian/graphs/DAGMA__v10_a15_g2_s500.json,,4.234759760001907,14.0,15.0,0.3,0.7857142857142856,0.42857142857142855,0.7333333333333333
sem_gaussian,DAGMA,"{""lambda1"": 0.005, ""w_threshold_dagma"": 0.05}",10,15,1000,2,/home/mathis/Documents/Travail/cbnsl_benchmark/scaling/../scaling/results/2026-04-11_00h40_sem_gaussian/graphs/golden__v10_a15_g2.json,/home/mathis/Documents/Travail/cbnsl_benchmark/scaling/../scaling/results/2026-04-11_00h40_sem_gaussian/graphs/DAGMA__v10_a15_g2_s1000.json,,6.133259112000815,13.0,12.0,0.38095238095238093,0.8275862068965518,0.5714285714285714,0.8
sem_gaussian,DAGMA,"{""lambda1"": 0.005, ""w_threshold_dagma"": 0.05}",10,15,3000,2,/home/mathis/Documents/Travail/cbnsl_benchmark/scaling/../scaling/results/2026-04-11_00h40_sem_gaussian/graphs/golden__v10_a15_g2.json,/home/mathis/Documents/Travail/cbnsl_benchmark/scaling/../scaling/results/2026-04-11_00h40_sem_gaussian/graphs/DAGMA__v10_a15_g2_s3000.json,,3.1623092189984163,15.0,13.0,0.2105263157894737,0.7407407407407408,0.2857142857142857,0.6666666666666666
sem_gaussian,DAGMA,"{""lambda1"": 0.005, ""w_threshold_dagma"": 0.05}",10,15,5000,2,/home/mathis/Documents/Travail/cbnsl_benchmark/scaling/../scaling/results/2026-04-11_00h40_sem_gaussian/graphs/golden__v10_a15_g2.json,/home/mathis/Documents/Travail/cbnsl_benchmark/scaling/../scaling/results/2026-04-11_00h40_sem_gaussian/graphs/DAGMA__v10_a15_g2_s5000.json,,4.731002211003215,15.0,13.0,0.2105263157894737,0.7407407407407408,0.2857142857142857,0.6666666666666666
sem_gaussian,DAGMA,"{""lambda1"": 0.005, ""w_threshold_dagma"": 0.05}",10,15,200,3,/home/mathis/Documents/Travail/cbnsl_benchmark/scaling/../scaling/results/2026-04-11_00h40_sem_gaussian/graphs/golden__v10_a15_g3.json,/home/mathis/Documents/Travail/cbnsl_benchmark/scaling/../scaling/results/2026-04-11_00h40_sem_gaussian/graphs/DAGMA__v10_a15_g3_s200.json,,3.9301095650007483,16.0,18.0,0.27272727272727276,0.6428571428571429,0.3333333333333333,0.6
sem_gaussian,DAGMA,"{""lambda1"": 0.005, ""w_threshold_dagma"": 0.05}",10,15,500,3,/home/mathis/Documents/Travail/cbnsl_benchmark/scaling/../scaling/results/2026-04-11_00h40_sem_gaussian/graphs/golden__v10_a15_g3.json,/home/mathis/Documents/Travail/cbnsl_benchmark/scaling/../scaling/results/2026-04-11_00h40_sem_gaussian/graphs/DAGMA__v10_a15_g3_s500.json,,4.5047930069995346,11.0,17.0,0.34782608695652173,0.689655172413793,0.4444444444444444,0.6666666666666666
sem_gaussian,DAGMA,"{""lambda1"": 0.005, ""w_threshold_dagma"": 0.05}",10,15,1000,3,/home/mathis/Documents/Travail/cbnsl_benchmark/scaling/../scaling/results/2026-04-11_00h40_sem_gaussian/graphs/golden__v10_a15_g3.json,/home/mathis/Documents/Travail/cbnsl_benchmark/scaling/../scaling/results/2026-04-11_00h40_sem_gaussian/graphs/DAGMA__v10_a15_g3_s1000.json,,3.7290433490052237,16.0,16.0,0.3478260869565218,0.7333333333333333,0.5,0.7333333333333333
sem_gaussian,DAGMA,"{""lambda1"": 0.005, ""w_threshold_dagma"": 0.05}",10,15,3000,3,/home/mathis/Documents/Travail/cbnsl_benchmark/scaling/../scaling/results/2026-04-11_00h40_sem_gaussian/graphs/golden__v10_a15_g3.json,/home/mathis/Documents/Travail/cbnsl_benchmark/scaling/../scaling/results/2026-04-11_00h40_sem_gaussian/graphs/DAGMA__v10_a15_g3_s3000.json,,5.163364488995285,16.0,16.0,0.3478260869565218,0.7333333333333333,0.5,0.7333333333333333
sem_gaussian,DAGMA,"{""lambda1"": 0.005, ""w_threshold_dagma"": 0.05}",10,15,5000,3,/home/mathis/Documents/Travail/cbnsl_benchmark/scaling/../scaling/results/2026-04-11_00h40_sem_gaussian/graphs/golden__v10_a15_g3.json,/home/mathis/Documents/Travail/cbnsl_benchmark/scaling/../scaling/results/2026-04-11_00h40_sem_gaussian/graphs/DAGMA__v10_a15_g3_s5000.json,,5.137622384994756,14.0,15.0,0.5,0.7586206896551724,0.6,0.7333333333333333
sem_gaussian,DAGMA,"{""lambda1"": 0.005, ""w_threshold_dagma"": 0.05}",10,15,200,4,/home/mathis/Documents/Travail/cbnsl_benchmark/scaling/../scaling/results/2026-04-11_00h40_sem_gaussian/graphs/golden__v10_a15_g4.json,/home/mathis/Documents/Travail/cbnsl_benchmark/scaling/../scaling/results/2026-04-11_00h40_sem_gaussian/graphs/DAGMA__v10_a15_g4_s200.json,,6.026650100000552,13.0,13.0,0.23529411764705882,0.8,0.2857142857142857,0.6666666666666666
sem_gaussian,DAGMA,"{""lambda1"": 0.005, ""w_threshold_dagma"": 0.05}",10,15,500,4,/home/mathis/Documents/Travail/cbnsl_benchmark/scaling/../scaling/results/2026-04-11_00h40_sem_gaussian/graphs/golden__v10_a15_g4.json,/home/mathis/Documents/Travail/cbnsl_benchmark/scaling/../scaling/results/2026-04-11_00h40_sem_gaussian/graphs/DAGMA__v10_a15_g4_s500.json,,3.4791144999981043,14.0,11.0,0.36363636363636365,0.6153846153846153,0.36363636363636365,0.5333333333333333
sem_gaussian,DAGMA,"{""lambda1"": 0.005, ""w_threshold_dagma"": 0.05}",10,15,1000,4,/home/mathis/Documents/Travail/cbnsl_benchmark/scaling/../scaling/results/2026-04-11_00h40_sem_gaussian/graphs/golden__v10_a15_g4.json,/home/mathis/Documents/Travail/cbnsl_benchmark/scaling/../scaling/results/2026-04-11_00h40_sem_gaussian/graphs/DAGMA__v10_a15_g4_s1000.json,,5.670635070004209,11.0,8.0,0.47619047619047616,0.7200000000000001,0.45454545454545453,0.6
sem_gaussian,DAGMA,"{""lambda1"": 0.005, ""w_threshold_dagma"": 0.05}",10,15,3000,4,/home/mathis/Documents/Travail/cbnsl_benchmark/scaling/../scaling/results/2026-04-11_00h40_sem_gaussian/graphs/golden__v10_a15_g4.json,/home/mathis/Documents/Travail/cbnsl_benchmark/scaling/../scaling/results/2026-04-11_00h40_sem_gaussian/graphs/DAGMA__v10_a15_g4_s3000.json,,3.763077310999506,5.0,5.0,0.7500000000000001,0.846153846153846,0.6923076923076923,0.7333333333333333
sem_gaussian,DAGMA,"{""lambda1"": 0.005, ""w_threshold_dagma"": 0.05}",10,15,5000,4,/home/mathis/Documents/Travail/cbnsl_benchmark/scaling/../scaling/results/2026-04-11_00h40_sem_gaussian/graphs/golden__v10_a15_g4.json,/home/mathis/Documents/Travail/cbnsl_benchmark/scaling/../scaling/results/2026-04-11_00h40_sem_gaussian/graphs/DAGMA__v10_a15_g4_s5000.json,,5.7935727139993105,7.0,6.0,0.6956521739130435,0.8,0.6153846153846154,0.6666666666666666
sem_gaussian,DAGMA,"{""lambda1"": 0.005, ""w_threshold_dagma"": 0.05}",10,15,200,5,/home/mathis/Documents/Travail/cbnsl_benchmark/scaling/../scaling/results/2026-04-11_00h40_sem_gaussian/graphs/golden__v10_a15_g5.json,/home/mathis/Documents/Travail/cbnsl_benchmark/scaling/../scaling/results/2026-04-11_00h40_sem_gaussian/graphs/DAGMA__v10_a15_g5_s200.json,,2.762324384995736,5.0,12.0,0.375,0.761904761904762,0.375,0.6153846153846154
sem_gaussian,DAGMA,"{""lambda1"": 0.005, ""w_threshold_dagma"": 0.05}",10,15,500,5,/home/mathis/Documents/Travail/cbnsl_benchmark/scaling/../scaling/results/2026-04-11_00h40_sem_gaussian/graphs/golden__v10_a15_g5.json,/home/mathis/Documents/Travail/cbnsl_benchmark/scaling/../scaling/results/2026-04-11_00h40_sem_gaussian/graphs/DAGMA__v10_a15_g5_s500.json,,5.738238114994601,5.0,11.0,0.375,0.8181818181818181,0.42857142857142855,0.6923076923076923
sem_gaussian,DAGMA,"{""lambda1"": 0.005, ""w_threshold_dagma"": 0.05}",10,15,1000,5,/home/mathis/Documents/Travail/cbnsl_benchmark/scaling/../scaling/results/2026-04-11_00h40_sem_gaussian/graphs/golden__v10_a15_g5.json,/home/mathis/Documents/Travail/cbnsl_benchmark/scaling/../scaling/results/2026-04-11_00h40_sem_gaussian/graphs/DAGMA__v10_a15_g5_s1000.json,,2.826923528999032,5.0,11.0,0.375,0.8181818181818181,0.42857142857142855,0.6923076923076923
sem_gaussian,DAGMA,"{""lambda1"": 0.005, ""w_threshold_dagma"": 0.05}",10,15,3000,5,/home/mathis/Documents/Travail/cbnsl_benchmark/scaling/../scaling/results/2026-04-11_00h40_sem_gaussian/graphs/golden__v10_a15_g5.json,/home/mathis/Documents/Travail/cbnsl_benchmark/scaling/../scaling/results/2026-04-11_00h40_sem_gaussian/graphs/DAGMA__v10_a15_g5_s3000.json,,5.874383375004982,5.0,11.0,0.375,0.8181818181818181,0.42857142857142855,0.6923076923076923
sem_gaussian,DAGMA,"{""lambda1"": 0.005, ""w_threshold_dagma"": 0.05}",10,15,5000,5,/home/mathis/Documents/Travail/cbnsl_benchmark/scaling/../scaling/results/2026-04-11_00h40_sem_gaussian/graphs/golden__v10_a15_g5.json,/home/mathis/Documents/Travail/cbnsl_benchmark/scaling/../scaling/results/2026-04-11_00h40_sem_gaussian/graphs/DAGMA__v10_a15_g5_s5000.json,,3.2431960920002894,5.0,11.0,0.375,0.8181818181818181,0.42857142857142855,0.6923076923076923
sem_gaussian,DAGMA,"{""lambda1"": 0.005, ""w_threshold_dagma"": 0.05}",10,15,200,6,/home/mathis/Documents/Travail/cbnsl_benchmark/scaling/../scaling/results/2026-04-11_00h40_sem_gaussian/graphs/golden__v10_a15_g6.json,/home/mathis/Documents/Travail/cbnsl_benchmark/scaling/../scaling/results/2026-04-11_00h40_sem_gaussian/graphs/DAGMA__v10_a15_g6_s200.json,,1.8596590160013875,7.0,13.0,0.5,0.888888888888889,0.625,0.8
sem_gaussian,DAGMA,"{""lambda1"": 0.005, ""w_threshold_dagma"": 0.05}",10,15,500,6,/home/mathis/Documents/Travail/cbnsl_benchmark/scaling/../scaling/results/2026-04-11_00h40_sem_gaussian/graphs/golden__v10_a15_g6.json,/home/mathis/Documents/Travail/cbnsl_benchmark/scaling/../scaling/results/2026-04-11_00h40_sem_gaussian/graphs/DAGMA__v10_a15_g6_s500.json,,3.7051413230001344,8.0,10.0,0.4210526315789474,0.846153846153846,0.5,0.7333333333333333
sem_gaussian,DAGMA,"{""lambda1"": 0.005, ""w_threshold_dagma"": 0.05}",10,15,1000,6,/home/mathis/Documents/Travail/cbnsl_benchmark/scaling/../scaling/results/2026-04-11_00h40_sem_gaussian/graphs/golden__v10_a15_g6.json,/home/mathis/Documents/Travail/cbnsl_benchmark/scaling/../scaling/results/2026-04-11_00h40_sem_gaussian/graphs/DAGMA__v10_a15_g6_s1000.json,,4.231409653999435,6.0,10.0,0.5714285714285715,0.888888888888889,0.6666666666666666,0.8
sem_gaussian,DAGMA,"{""lambda1"": 0.005, ""w_threshold_dagma"": 0.05}",10,15,3000,6,/home/mathis/Documents/Travail/cbnsl_benchmark/scaling/../scaling/results/2026-04-11_00h40_sem_gaussian/graphs/golden__v10_a15_g6.json,/home/mathis/Documents/Travail/cbnsl_benchmark/scaling/../scaling/results/2026-04-11_00h40_sem_gaussian/graphs/DAGMA__v10_a15_g6_s3000.json,,5.090848048996122,8.0,10.0,0.4210526315789474,0.846153846153846,0.5,0.7333333333333333
sem_gaussian,DAGMA,"{""lambda1"": 0.005, ""w_threshold_dagma"": 0.05}",10,15,5000,6,/home/mathis/Documents/Travail/cbnsl_benchmark/scaling/../scaling/results/2026-04-11_00h40_sem_gaussian/graphs/golden__v10_a15_g6.json,/home/mathis/Documents/Travail/cbnsl_benchmark/scaling/../scaling/results/2026-04-11_00h40_sem_gaussian/graphs/DAGMA__v10_a15_g6_s5000.json,,2.860705744002189,8.0,10.0,0.4210526315789474,0.8,0.4444444444444444,0.6666666666666666
sem_gaussian,DAGMA,"{""lambda1"": 0.005, ""w_threshold_dagma"": 0.05}",10,15,200,7,/home/mathis/Documents/Travail/cbnsl_benchmark/scaling/../scaling/results/2026-04-11_00h40_sem_gaussian/graphs/golden__v10_a15_g7.json,/home/mathis/Documents/Travail/cbnsl_benchmark/scaling/../scaling/results/2026-04-11_00h40_sem_gaussian/graphs/DAGMA__v10_a15_g7_s200.json,,4.403904541999509,5.0,6.0,0.7500000000000001,0.846153846153846,0.6923076923076923,0.7333333333333333
sem_gaussian,DAGMA,"{""lambda1"": 0.005, ""w_threshold_dagma"": 0.05}",10,15,500,7,/home/mathis/Documents/Travail/cbnsl_benchmark/scaling/../scaling/results/2026-04-11_00h40_sem_gaussian/graphs/golden__v10_a15_g7.json,/home/mathis/Documents/Travail/cbnsl_benchmark/scaling/../scaling/results/2026-04-11_00h40_sem_gaussian/graphs/DAGMA__v10_a15_g7_s500.json,,2.967179084997042,5.0,6.0,0.7500000000000001,0.846153846153846,0.6923076923076923,0.7333333333333333
sem_gaussian,DAGMA,"{""lambda1"": 0.005, ""w_threshold_dagma"": 0.05}",10,15,1000,7,/home/mathis/Documents/Travail/cbnsl_benchmark/scaling/../scaling/results/2026-04-11_00h40_sem_gaussian/graphs/golden__v10_a15_g7.json,/home/mathis/Documents/Travail/cbnsl_benchmark/scaling/../scaling/results/2026-04-11_00h40_sem_gaussian/graphs/DAGMA__v10_a15_g7_s1000.json,,5.407363776997954,3.0,5.0,0.8461538461538461,0.888888888888889,0.7857142857142857,0.8
sem_gaussian,DAGMA,"{""lambda1"": 0.005, ""w_threshold_dagma"": 0.05}",10,15,3000,7,/home/mathis/Documents/Travail/cbnsl_benchmark/scaling/../scaling/results/2026-04-11_00h40_sem_gaussian/graphs/golden__v10_a15_g7.json,/home/mathis/Documents/Travail/cbnsl_benchmark/scaling/../scaling/results/2026-04-11_00h40_sem_gaussian/graphs/DAGMA__v10_a15_g7_s3000.json,,4.3965306999962195,3.0,5.0,0.8461538461538461,0.888888888888889,0.7857142857142857,0.8
sem_gaussian,DAGMA,"{""lambda1"": 0.005, ""w_threshold_dagma"": 0.05}",10,15,5000,7,/home/mathis/Documents/Travail/cbnsl_benchmark/scaling/../scaling/results/2026-04-11_00h40_sem_gaussian/graphs/golden__v10_a15_g7.json,/home/mathis/Documents/Travail/cbnsl_benchmark/scaling/../scaling/results/2026-04-11_00h40_sem_gaussian/graphs/DAGMA__v10_a15_g7_s5000.json,,7.034543854999356,3.0,5.0,0.8461538461538461,0.888888888888889,0.7857142857142857,0.8
sem_gaussian,DAGMA,"{""lambda1"": 0.005, ""w_threshold_dagma"": 0.05}",10,15,200,8,/home/mathis/Documents/Travail/cbnsl_benchmark/scaling/../scaling/results/2026-04-11_00h40_sem_gaussian/graphs/golden__v10_a15_g8.json,/home/mathis/Documents/Travail/cbnsl_benchmark/scaling/../scaling/results/2026-04-11_00h40_sem_gaussian/graphs/DAGMA__v10_a15_g8_s200.json,,2.924406343998271,7.0,8.0,0.25,0.8333333333333333,0.3333333333333333,0.7142857142857143
sem_gaussian,DAGMA,"{""lambda1"": 0.005, ""w_threshold_dagma"": 0.05}",10,15,500,8,/home/mathis/Documents/Travail/cbnsl_benchmark/scaling/../scaling/results/2026-04-11_00h40_sem_gaussian/graphs/golden__v10_a15_g8.json,/home/mathis/Documents/Travail/cbnsl_benchmark/scaling/../scaling/results/2026-04-11_00h40_sem_gaussian/graphs/DAGMA__v10_a15_g8_s500.json,,3.951048938004533,7.0,10.0,0.23529411764705882,0.8461538461538461,0.4,0.7857142857142857
sem_gaussian,DAGMA,"{""lambda1"": 0.005, ""w_threshold_dagma"": 0.05}",10,15,1000,8,/home/mathis/Documents/Travail/cbnsl_benchmark/scaling/../scaling/results/2026-04-11_00h40_sem_gaussian/graphs/golden__v10_a15_g8.json,/home/mathis/Documents/Travail/cbnsl_benchmark/scaling/../scaling/results/2026-04-11_00h40_sem_gaussian/graphs/DAGMA__v10_a15_g8_s1000.json,,5.937928100996942,7.0,10.0,0.23529411764705882,0.8461538461538461,0.4,0.7857142857142857
sem_gaussian,DAGMA,"{""lambda1"": 0.005, ""w_threshold_dagma"": 0.05}",10,15,3000,8,/home/mathis/Documents/Travail/cbnsl_benchmark/scaling/../scaling/results/2026-04-11_00h40_sem_gaussian/graphs/golden__v10_a15_g8.json,/home/mathis/Documents/Travail/cbnsl_benchmark/scaling/../scaling/results/2026-04-11_00h40_sem_gaussian/graphs/DAGMA__v10_a15_g8_s3000.json,,4.085332148002635,5.0,8.0,0.4444444444444445,0.8333333333333333,0.5,0.7142857142857143
sem_gaussian,DAGMA,"{""lambda1"": 0.005, ""w_threshold_dagma"": 0.05}",10,15,5000,8,/home/mathis/Documents/Travail/cbnsl_benchmark/scaling/../scaling/results/2026-04-11_00h40_sem_gaussian/graphs/golden__v10_a15_g8.json,/home/mathis/Documents/Travail/cbnsl_benchmark/scaling/../scaling/results/2026-04-11_00h40_sem_gaussian/graphs/DAGMA__v10_a15_g8_s5000.json,,6.419373318996804,8.0,9.0,0.23529411764705885,0.8,0.3333333333333333,0.7142857142857143
sem_gaussian,DAGMA,"{""lambda1"": 0.005, ""w_threshold_dagma"": 0.05}",10,15,200,9,/home/mathis/Documents/Travail/cbnsl_benchmark/scaling/../scaling/results/2026-04-11_00h40_sem_gaussian/graphs/golden__v10_a15_g9.json,/home/mathis/Documents/Travail/cbnsl_benchmark/scaling/../scaling/results/2026-04-11_00h40_sem_gaussian/graphs/DAGMA__v10_a15_g9_s200.json,,3.5317961710024974,7.0,13.0,0.6,0.7826086956521738,0.6,0.6923076923076923
sem_gaussian,DAGMA,"{""lambda1"": 0.005, ""w_threshold_dagma"": 0.05}",10,15,500,9,/home/mathis/Documents/Travail/cbnsl_benchmark/scaling/../scaling/results/2026-04-11_00h40_sem_gaussian/graphs/golden__v10_a15_g9.json,/home/mathis/Documents/Travail/cbnsl_benchmark/scaling/../scaling/results/2026-04-11_00h40_sem_gaussian/graphs/DAGMA__v10_a15_g9_s500.json,,4.599606928000867,9.0,13.0,0.14285714285714285,0.8181818181818181,0.2,0.6923076923076923
sem_gaussian,DAGMA,"{""lambda1"": 0.005, ""w_threshold_dagma"": 0.05}",10,15,1000,9,/home/mathis/Documents/Travail/cbnsl_benchmark/scaling/../scaling/results/2026-04-11_00h40_sem_gaussian/graphs/golden__v10_a15_g9.json,/home/mathis/Documents/Travail/cbnsl_benchmark/scaling/../scaling/results/2026-04-11_00h40_sem_gaussian/graphs/DAGMA__v10_a15_g9_s1000.json,,5.036960974000976,9.0,13.0,0.14285714285714285,0.8181818181818181,0.2,0.6923076923076923
sem_gaussian,DAGMA,"{""lambda1"": 0.005, ""w_threshold_dagma"": 0.05}",10,15,3000,9,/home/mathis/Documents/Travail/cbnsl_benchmark/scaling/../scaling/results/2026-04-11_00h40_sem_gaussian/graphs/golden__v10_a15_g9.json,/home/mathis/Documents/Travail/cbnsl_benchmark/scaling/../scaling/results/2026-04-11_00h40_sem_gaussian/graphs/DAGMA__v10_a15_g9_s3000.json,,3.716641929000616,10.0,13.0,0.26666666666666666,0.8695652173913044,0.4,0.7692307692307693
sem_gaussian,DAGMA,"{""lambda1"": 0.005, ""w_threshold_dagma"": 0.05}",10,15,5000,9,/home/mathis/Documents/Travail/cbnsl_benchmark/scaling/../scaling/results/2026-04-11_00h40_sem_gaussian/graphs/golden__v10_a15_g9.json,/home/mathis/Documents/Travail/cbnsl_benchmark/scaling/../scaling/results/2026-04-11_00h40_sem_gaussian/graphs/DAGMA__v10_a15_g9_s5000.json,,4.272601034004765,10.0,13.0,0.26666666666666666,0.8695652173913044,0.4,0.7692307692307693
sem_gaussian,DAGMA,"{""lambda1"": 0.005, ""w_threshold_dagma"": 0.05}",10,15,200,10,/home/mathis/Documents/Travail/cbnsl_benchmark/scaling/../scaling/results/2026-04-11_00h40_sem_gaussian/graphs/golden__v10_a15_g10.json,/home/mathis/Documents/Travail/cbnsl_benchmark/scaling/../scaling/results/2026-04-11_00h40_sem_gaussian/graphs/DAGMA__v10_a15_g10_s200.json,,1.952295734998188,7.0,13.0,0.75,0.75,0.6428571428571429,0.6428571428571429
sem_gaussian,DAGMA,"{""lambda1"": 0.005, ""w_threshold_dagma"": 0.05}",10,15,500,10,/home/mathis/Documents/Travail/cbnsl_benchmark/scaling/../scaling/results/2026-04-11_00h40_sem_gaussian/graphs/golden__v10_a15_g10.json,/home/mathis/Documents/Travail/cbnsl_benchmark/scaling/../scaling/results/2026-04-11_00h40_sem_gaussian/graphs/DAGMA__v10_a15_g10_s500.json,,3.5479642700011027,6.0,5.0,0.6,0.8333333333333333,0.6,0.7142857142857143
sem_gaussian,DAGMA,"{""lambda1"": 0.005, ""w_threshold_dagma"": 0.05}",10,15,1000,10,/home/mathis/Documents/Travail/cbnsl_benchmark/scaling/../scaling/results/2026-04-11_00h40_sem_gaussian/graphs/golden__v10_a15_g10.json,/home/mathis/Documents/Travail/cbnsl_benchmark/scaling/../scaling/results/2026-04-11_00h40_sem_gaussian/graphs/DAGMA__v10_a15_g10_s1000.json,,4.192678901003092,8.0,6.0,0.4444444444444444,0.782608695652174,0.4444444444444444,0.6428571428571429
sem_gaussian,DAGMA,"{""lambda1"": 0.005, ""w_threshold_dagma"": 0.05}",10,15,3000,10,/home/mathis/Documents/Travail/cbnsl_benchmark/scaling/../scaling/results/2026-04-11_00h40_sem_gaussian/graphs/golden__v10_a15_g10.json,/home/mathis/Documents/Travail/cbnsl_benchmark/scaling/../scaling/results/2026-04-11_00h40_sem_gaussian/graphs/DAGMA__v10_a15_g10_s3000.json,,4.214310954994289,9.0,7.0,0.4210526315789474,0.75,0.4444444444444444,0.6428571428571429
sem_gaussian,DAGMA,"{""lambda1"": 0.005, ""w_threshold_dagma"": 0.05}",10,15,5000,10,/home/mathis/Documents/Travail/cbnsl_benchmark/scaling/../scaling/results/2026-04-11_00h40_sem_gaussian/graphs/golden__v10_a15_g10.json,/home/mathis/Documents/Travail/cbnsl_benchmark/scaling/../scaling/results/2026-04-11_00h40_sem_gaussian/graphs/DAGMA__v10_a15_g10_s5000.json,,3.639869514001475,5.0,8.0,0.6,0.8333333333333333,0.6,0.7142857142857143
sem_gaussian,DAGMA,"{""lambda1"": 0.005, ""w_threshold_dagma"": 0.05}",10,15,200,11,/home/mathis/Documents/Travail/cbnsl_benchmark/scaling/../scaling/results/2026-04-11_00h40_sem_gaussian/graphs/golden__v10_a15_g11.json,/home/mathis/Documents/Travail/cbnsl_benchmark/scaling/../scaling/results/2026-04-11_00h40_sem_gaussian/graphs/DAGMA__v10_a15_g11_s200.json,,6.605905618998804,12.0,9.0,0.14285714285714288,0.761904761904762,0.16666666666666666,0.6153846153846154
sem_gaussian,DAGMA,"{""lambda1"": 0.005, ""w_threshold_dagma"": 0.05}",10,15,500,11,/home/mathis/Documents/Travail/cbnsl_benchmark/scaling/../scaling/results/2026-04-11_00h40_sem_gaussian/graphs/golden__v10_a15_g11.json,/home/mathis/Documents/Travail/cbnsl_benchmark/scaling/../scaling/results/2026-04-11_00h40_sem_gaussian/graphs/DAGMA__v10_a15_g11_s500.json,,3.9325989260032657,9.0,9.0,0.47058823529411764,0.8181818181818181,0.5,0.6923076923076923
sem_gaussian,DAGMA,"{""lambda1"": 0.005, ""w_threshold_dagma"": 0.05}",10,15,1000,11,/home/mathis/Documents/Travail/cbnsl_benchmark/scaling/../scaling/results/2026-04-11_00h40_sem_gaussian/graphs/golden__v10_a15_g11.json,/home/mathis/Documents/Travail/cbnsl_benchmark/scaling/../scaling/results/2026-04-11_00h40_sem_gaussian/graphs/DAGMA__v10_a15_g11_s1000.json,,4.428100871002243,9.0,9.0,0.47058823529411764,0.8181818181818181,0.5,0.6923076923076923
sem_gaussian,DAGMA,"{""lambda1"": 0.005, ""w_threshold_dagma"": 0.05}",10,15,3000,11,/home/mathis/Documents/Travail/cbnsl_benchmark/scaling/../scaling/results/2026-04-11_00h40_sem_gaussian/graphs/golden__v10_a15_g11.json,/home/mathis/Documents/Travail/cbnsl_benchmark/scaling/../scaling/results/2026-04-11_00h40_sem_gaussian/graphs/DAGMA__v10_a15_g11_s3000.json,,1.5448367619974306,5.0,9.0,0.761904761904762,0.8695652173913044,0.7272727272727273,0.7692307692307693
sem_gaussian,DAGMA,"{""lambda1"": 0.005, ""w_threshold_dagma"": 0.05}",10,15,5000,11,/home/mathis/Documents/Travail/cbnsl_benchmark/scaling/../scaling/results/2026-04-11_00h40_sem_gaussian/graphs/golden__v10_a15_g11.json,/home/mathis/Documents/Travail/cbnsl_benchmark/scaling/../scaling/results/2026-04-11_00h40_sem_gaussian/graphs/DAGMA__v10_a15_g11_s5000.json,,1.3949742059994605,5.0,9.0,0.761904761904762,0.8695652173913044,0.7272727272727273,0.7692307692307693
sem_gaussian,DAGMA,"{""lambda1"": 0.005, ""w_threshold_dagma"": 0.05}",10,15,200,12,/home/mathis/Documents/Travail/cbnsl_benchmark/scaling/../scaling/results/2026-04-11_00h40_sem_gaussian/graphs/golden__v10_a15_g12.json,/home/mathis/Documents/Travail/cbnsl_benchmark/scaling/../scaling/results/2026-04-11_00h40_sem_gaussian/graphs/DAGMA__v10_a15_g12_s200.json,,5.689255351004249,11.0,14.0,0.5217391304347826,0.5833333333333334,0.46153846153846156,0.5
sem_gaussian,DAGMA,"{""lambda1"": 0.005, ""w_threshold_dagma"": 0.05}",10,15,500,12,/home/mathis/Documents/Travail/cbnsl_benchmark/scaling/../scaling/results/2026-04-11_00h40_sem_gaussian/graphs/golden__v10_a15_g12.json,/home/mathis/Documents/Travail/cbnsl_benchmark/scaling/../scaling/results/2026-04-11_00h40_sem_gaussian/graphs/DAGMA__v10_a15_g12_s500.json,,3.9155998770002043,9.0,11.0,0.6086956521739131,0.7200000000000001,0.5833333333333334,0.6428571428571429
sem_gaussian,DAGMA,"{""lambda1"": 0.005, ""w_threshold_dagma"": 0.05}",10,15,1000,12,/home/mathis/Documents/Travail/cbnsl_benchmark/scaling/../scaling/results/2026-04-11_00h40_sem_gaussian/graphs/golden__v10_a15_g12.json,/home/mathis/Documents/Travail/cbnsl_benchmark/scaling/../scaling/results/2026-04-11_00h40_sem_gaussian/graphs/DAGMA__v10_a15_g12_s1000.json,,5.80353046500386,10.0,12.0,0.5833333333333334,0.6923076923076924,0.5833333333333334,0.6428571428571429
sem_gaussian,DAGMA,"{""lambda1"": 0.005, ""w_threshold_dagma"": 0.05}",10,15,3000,12,/home/mathis/Documents/Travail/cbnsl_benchmark/scaling/../scaling/results/2026-04-11_00h40_sem_gaussian/graphs/golden__v10_a15_g12.json,/home/mathis/Documents/Travail/cbnsl_benchmark/scaling/../scaling/results/2026-04-11_00h40_sem_gaussian/graphs/DAGMA__v10_a15_g12_s3000.json,,5.69412648499565,9.0,11.0,0.6086956521739131,0.7200000000000001,0.5833333333333334,0.6428571428571429
sem_gaussian,DAGMA,"{""lambda1"": 0.005, ""w_threshold_dagma"": 0.05}",10,15,5000,12,/home/mathis/Documents/Travail/cbnsl_benchmark/scaling/../scaling/results/2026-04-11_00h40_sem_gaussian/graphs/golden__v10_a15_g12.json,/home/mathis/Documents/Travail/cbnsl_benchmark/scaling/../scaling/results/2026-04-11_00h40_sem_gaussian/graphs/DAGMA__v10_a15_g12_s5000.json,,8.466832700993109,9.0,11.0,0.6086956521739131,0.7200000000000001,0.5833333333333334,0.6428571428571429
sem_gaussian,DAGMA,"{""lambda1"": 0.005, ""w_threshold_dagma"": 0.05}",10,15,200,13,/home/mathis/Documents/Travail/cbnsl_benchmark/scaling/../scaling/results/2026-04-11_00h40_sem_gaussian/graphs/golden__v10_a15_g13.json,/home/mathis/Documents/Travail/cbnsl_benchmark/scaling/../scaling/results/2026-04-11_00h40_sem_gaussian/graphs/DAGMA__v10_a15_g13_s200.json,,5.3524405019998085,8.0,10.0,0.5454545454545454,0.8148148148148148,0.6,0.7333333333333333
sem_gaussian,DAGMA,"{""lambda1"": 0.005, ""w_threshold_dagma"": 0.05}",10,15,500,13,/home/mathis/Documents/Travail/cbnsl_benchmark/scaling/../scaling/results/2026-04-11_00h40_sem_gaussian/graphs/golden__v10_a15_g13.json,/home/mathis/Documents/Travail/cbnsl_benchmark/scaling/../scaling/results/2026-04-11_00h40_sem_gaussian/graphs/DAGMA__v10_a15_g13_s500.json,,8.685820594000688,8.0,10.0,0.5454545454545454,0.8148148148148148,0.6,0.7333333333333333
sem_gaussian,DAGMA,"{""lambda1"": 0.005, ""w_threshold_dagma"": 0.05}",10,15,1000,13,/home/mathis/Documents/Travail/cbnsl_benchmark/scaling/../scaling/results/2026-04-11_00h40_sem_gaussian/graphs/golden__v10_a15_g13.json,/home/mathis/Documents/Travail/cbnsl_benchmark/scaling/../scaling/results/2026-04-11_00h40_sem_gaussian/graphs/DAGMA__v10_a15_g13_s1000.json,,4.481388170999708,7.0,13.0,0.5217391304347826,0.7857142857142856,0.6,0.7333333333333333
sem_gaussian,DAGMA,"{""lambda1"": 0.005, ""w_threshold_dagma"": 0.05}",10,15,3000,13,/home/mathis/Documents/Travail/cbnsl_benchmark/scaling/../scaling/results/2026-04-11_00h40_sem_gaussian/graphs/golden__v10_a15_g13.json,/home/mathis/Documents/Travail/cbnsl_benchmark/scaling/../scaling/results/2026-04-11_00h40_sem_gaussian/graphs/DAGMA__v10_a15_g13_s3000.json,,1.4449632499963627,11.0,15.0,0.43478260869565216,0.7586206896551724,0.5555555555555556,0.7333333333333333
sem_gaussian,DAGMA,"{""lambda1"": 0.005, ""w_threshold_dagma"": 0.05}",10,15,5000,13,/home/mathis/Documents/Travail/cbnsl_benchmark/scaling/../scaling/results/2026-04-11_00h40_sem_gaussian/graphs/golden__v10_a15_g13.json,/home/mathis/Documents/Travail/cbnsl_benchmark/scaling/../scaling/results/2026-04-11_00h40_sem_gaussian/graphs/DAGMA__v10_a15_g13_s5000.json,,2.692749128997093,9.0,14.0,0.45454545454545453,0.8275862068965518,0.625,0.8
sem_gaussian,DAGMA,"{""lambda1"": 0.005, ""w_threshold_dagma"": 0.05}",10,15,200,14,/home/mathis/Documents/Travail/cbnsl_benchmark/scaling/../scaling/results/2026-04-11_00h40_sem_gaussian/graphs/golden__v10_a15_g14.json,/home/mathis/Documents/Travail/cbnsl_benchmark/scaling/../scaling/results/2026-04-11_00h40_sem_gaussian/graphs/DAGMA__v10_a15_g14_s200.json,,6.091007250994153,5.0,6.0,0.6,0.8333333333333333,0.6,0.7142857142857143
sem_gaussian,DAGMA,"{""lambda1"": 0.005, ""w_threshold_dagma"": 0.05}",10,15,500,14,/home/mathis/Documents/Travail/cbnsl_benchmark/scaling/../scaling/results/2026-04-11_00h40_sem_gaussian/graphs/golden__v10_a15_g14.json,/home/mathis/Documents/Travail/cbnsl_benchmark/scaling/../scaling/results/2026-04-11_00h40_sem_gaussian/graphs/DAGMA__v10_a15_g14_s500.json,,6.3019948069995735,5.0,6.0,0.6,0.8333333333333333,0.6,0.7142857142857143
sem_gaussian,DAGMA,"{""lambda1"": 0.005, ""w_threshold_dagma"": 0.05}",10,15,1000,14,/home/mathis/Documents/Travail/cbnsl_benchmark/scaling/../scaling/results/2026-04-11_00h40_sem_gaussian/graphs/golden__v10_a15_g14.json,/home/mathis/Documents/Travail/cbnsl_benchmark/scaling/../scaling/results/2026-04-11_00h40_sem_gaussian/graphs/DAGMA__v10_a15_g14_s1000.json,,2.4592501590013853,4.0,5.0,0.6666666666666666,0.88,0.7,0.7857142857142857
sem_gaussian,DAGMA,"{""lambda1"": 0.005, ""w_threshold_dagma"": 0.05}",10,15,3000,14,/home/mathis/Documents/Travail/cbnsl_benchmark/scaling/../scaling/results/2026-04-11_00h40_sem_gaussian/graphs/golden__v10_a15_g14.json,/home/mathis/Documents/Travail/cbnsl_benchmark/scaling/../scaling/results/2026-04-11_00h40_sem_gaussian/graphs/DAGMA__v10_a15_g14_s3000.json,,3.324043539003469,4.0,5.0,0.6666666666666666,0.88,0.7,0.7857142857142857
sem_gaussian,DAGMA,"{""lambda1"": 0.005, ""w_threshold_dagma"": 0.05}",10,15,5000,14,/home/mathis/Documents/Travail/cbnsl_benchmark/scaling/../scaling/results/2026-04-11_00h40_sem_gaussian/graphs/golden__v10_a15_g14.json,/home/mathis/Documents/Travail/cbnsl_benchmark/scaling/../scaling/results/2026-04-11_00h40_sem_gaussian/graphs/DAGMA__v10_a15_g14_s5000.json,,4.573586333994172,4.0,5.0,0.6666666666666666,0.88,0.7,0.7857142857142857
sem_gaussian,DAGMA,"{""lambda1"": 0.005, ""w_threshold_dagma"": 0.05}",10,15,200,15,/home/mathis/Documents/Travail/cbnsl_benchmark/scaling/../scaling/results/2026-04-11_00h40_sem_gaussian/graphs/golden__v10_a15_g15.json,/home/mathis/Documents/Travail/cbnsl_benchmark/scaling/../scaling/results/2026-04-11_00h40_sem_gaussian/graphs/DAGMA__v10_a15_g15_s200.json,,5.584016443994187,2.0,7.0,0.9090909090909091,0.9090909090909091,0.8333333333333334,0.8333333333333334
sem_gaussian,DAGMA,"{""lambda1"": 0.005, ""w_threshold_dagma"": 0.05}",10,15,500,15,/home/mathis/Documents/Travail/cbnsl_benchmark/scaling/../scaling/results/2026-04-11_00h40_sem_gaussian/graphs/golden__v10_a15_g15.json,/home/mathis/Documents/Travail/cbnsl_benchmark/scaling/../scaling/results/2026-04-11_00h40_sem_gaussian/graphs/DAGMA__v10_a15_g15_s500.json,,5.540186300997448,3.0,8.0,0.8571428571428571,0.8571428571428571,0.75,0.75
sem_gaussian,DAGMA,"{""lambda1"": 0.005, ""w_threshold_dagma"": 0.05}",10,15,1000,15,/home/mathis/Documents/Travail/cbnsl_benchmark/scaling/../scaling/results/2026-04-11_00h40_sem_gaussian/graphs/golden__v10_a15_g15.json,/home/mathis/Documents/Travail/cbnsl_benchmark/scaling/../scaling/results/2026-04-11_00h40_sem_gaussian/graphs/DAGMA__v10_a15_g15_s1000.json,,9.105292058993655,3.0,7.0,0.8571428571428572,0.9090909090909091,0.8181818181818182,0.8333333333333334
sem_gaussian,DAGMA,"{""lambda1"": 0.005, ""w_threshold_dagma"": 0.05}",10,15,3000,15,/home/mathis/Documents/Travail/cbnsl_benchmark/scaling/../scaling/results/2026-04-11_00h40_sem_gaussian/graphs/golden__v10_a15_g15.json,/home/mathis/Documents/Travail/cbnsl_benchmark/scaling/../scaling/results/2026-04-11_00h40_sem_gaussian/graphs/DAGMA__v10_a15_g15_s3000.json,,5.649973239997053,5.0,7.0,0.7368421052631577,0.9090909090909091,0.7777777777777778,0.8333333333333334
sem_gaussian,DAGMA,"{""lambda1"": 0.005, ""w_threshold_dagma"": 0.05}",10,15,5000,15,/home/mathis/Documents/Travail/cbnsl_benchmark/scaling/../scaling/results/2026-04-11_00h40_sem_gaussian/graphs/golden__v10_a15_g15.json,/home/mathis/Documents/Travail/cbnsl_benchmark/scaling/../scaling/results/2026-04-11_00h40_sem_gaussian/graphs/DAGMA__v10_a15_g15_s5000.json,,5.4063736149983015,5.0,7.0,0.7368421052631577,0.9090909090909091,0.7777777777777778,0.8333333333333334
sem_gaussian,DAGMA,"{""lambda1"": 0.005, ""w_threshold_dagma"": 0.05}",10,15,200,16,/home/mathis/Documents/Travail/cbnsl_benchmark/scaling/../scaling/results/2026-04-11_00h40_sem_gaussian/graphs/golden__v10_a15_g16.json,/home/mathis/Documents/Travail/cbnsl_benchmark/scaling/../scaling/results/2026-04-11_00h40_sem_gaussian/graphs/DAGMA__v10_a15_g16_s200.json,,5.146241865004413,12.0,14.0,0.45454545454545453,0.6923076923076923,0.45454545454545453,0.6
sem_gaussian,DAGMA,"{""lambda1"": 0.005, ""w_threshold_dagma"": 0.05}",10,15,500,16,/home/mathis/Documents/Travail/cbnsl_benchmark/scaling/../scaling/results/2026-04-11_00h40_sem_gaussian/graphs/golden__v10_a15_g16.json,/home/mathis/Documents/Travail/cbnsl_benchmark/scaling/../scaling/results/2026-04-11_00h40_sem_gaussian/graphs/DAGMA__v10_a15_g16_s500.json,,4.674876985001902,12.0,13.0,0.39999999999999997,0.6666666666666667,0.36363636363636365,0.5333333333333333
sem_gaussian,DAGMA,"{""lambda1"": 0.005, ""w_threshold_dagma"": 0.05}",10,15,1000,16,/home/mathis/Documents/Travail/cbnsl_benchmark/scaling/../scaling/results/2026-04-11_00h40_sem_gaussian/graphs/golden__v10_a15_g16.json,/home/mathis/Documents/Travail/cbnsl_benchmark/scaling/../scaling/results/2026-04-11_00h40_sem_gaussian/graphs/DAGMA__v10_a15_g16_s1000.json,,5.538273471000139,12.0,14.0,0.45454545454545453,0.6923076923076923,0.45454545454545453,0.6
sem_gaussian,DAGMA,"{""lambda1"": 0.005, ""w_threshold_dagma"": 0.05}",10,15,3000,16,/home/mathis/Documents/Travail/cbnsl_benchmark/scaling/../scaling/results/2026-04-11_00h40_sem_gaussian/graphs/golden__v10_a15_g16.json,/home/mathis/Documents/Travail/cbnsl_benchmark/scaling/../scaling/results/2026-04-11_00h40_sem_gaussian/graphs/DAGMA__v10_a15_g16_s3000.json,,3.8022015950045898,12.0,14.0,0.45454545454545453,0.6923076923076923,0.45454545454545453,0.6
sem_gaussian,DAGMA,"{""lambda1"": 0.005, ""w_threshold_dagma"": 0.05}",10,15,5000,16,/home/mathis/Documents/Travail/cbnsl_benchmark/scaling/../scaling/results/2026-04-11_00h40_sem_gaussian/graphs/golden__v10_a15_g16.json,/home/mathis/Documents/Travail/cbnsl_benchmark/scaling/../scaling/results/2026-04-11_00h40_sem_gaussian/graphs/DAGMA__v10_a15_g16_s5000.json,,4.79880574800336,12.0,14.0,0.45454545454545453,0.6923076923076923,0.45454545454545453,0.6
sem_gaussian,DAGMA,"{""lambda1"": 0.005, ""w_threshold_dagma"": 0.05}",10,15,200,17,/home/mathis/Documents/Travail/cbnsl_benchmark/scaling/../scaling/results/2026-04-11_00h40_sem_gaussian/graphs/golden__v10_a15_g17.json,/home/mathis/Documents/Travail/cbnsl_benchmark/scaling/../scaling/results/2026-04-11_00h40_sem_gaussian/graphs/DAGMA__v10_a15_g17_s200.json,,2.472547327997745,6.0,9.0,0.8461538461538461,0.9285714285714286,0.8461538461538461,0.8666666666666667
sem_gaussian,DAGMA,"{""lambda1"": 0.005, ""w_threshold_dagma"": 0.05}",10,15,500,17,/home/mathis/Documents/Travail/cbnsl_benchmark/scaling/../scaling/results/2026-04-11_00h40_sem_gaussian/graphs/golden__v10_a15_g17.json,/home/mathis/Documents/Travail/cbnsl_benchmark/scaling/../scaling/results/2026-04-11_00h40_sem_gaussian/graphs/DAGMA__v10_a15_g17_s500.json,,4.238292339003237,6.0,9.0,0.8461538461538461,0.9285714285714286,0.8461538461538461,0.8666666666666667
sem_gaussian,DAGMA,"{""lambda1"": 0.005, ""w_threshold_dagma"": 0.05}",10,15,1000,17,/home/mathis/Documents/Travail/cbnsl_benchmark/scaling/../scaling/results/2026-04-11_00h40_sem_gaussian/graphs/golden__v10_a15_g17.json,/home/mathis/Documents/Travail/cbnsl_benchmark/scaling/../scaling/results/2026-04-11_00h40_sem_gaussian/graphs/DAGMA__v10_a15_g17_s1000.json,,2.125673980001011,6.0,9.0,0.8461538461538461,0.9285714285714286,0.8461538461538461,0.8666666666666667
sem_gaussian,DAGMA,"{""lambda1"": 0.005, ""w_threshold_dagma"": 0.05}",10,15,3000,17,/home/mathis/Documents/Travail/cbnsl_benchmark/scaling/../scaling/results/2026-04-11_00h40_sem_gaussian/graphs/golden__v10_a15_g17.json,/home/mathis/Documents/Travail/cbnsl_benchmark/scaling/../scaling/results/2026-04-11_00h40_sem_gaussian/graphs/DAGMA__v10_a15_g17_s3000.json,,4.591509525998845,6.0,9.0,0.8461538461538461,0.9285714285714286,0.8461538461538461,0.8666666666666667
sem_gaussian,DAGMA,"{""lambda1"": 0.005, ""w_threshold_dagma"": 0.05}",10,15,5000,17,/home/mathis/Documents/Travail/cbnsl_benchmark/scaling/../scaling/results/2026-04-11_00h40_sem_gaussian/graphs/golden__v10_a15_g17.json,/home/mathis/Documents/Travail/cbnsl_benchmark/scaling/../scaling/results/2026-04-11_00h40_sem_gaussian/graphs/DAGMA__v10_a15_g17_s5000.json,,3.95179438899504,6.0,9.0,0.8461538461538461,0.9285714285714286,0.8461538461538461,0.8666666666666667
sem_gaussian,DAGMA,"{""lambda1"": 0.005, ""w_threshold_dagma"": 0.05}",10,15,200,18,/home/mathis/Documents/Travail/cbnsl_benchmark/scaling/../scaling/results/2026-04-11_00h40_sem_gaussian/graphs/golden__v10_a15_g18.json,/home/mathis/Documents/Travail/cbnsl_benchmark/scaling/../scaling/results/2026-04-11_00h40_sem_gaussian/graphs/DAGMA__v10_a15_g18_s200.json,,6.695748193997133,10.0,11.0,0.4,0.5454545454545455,0.3076923076923077,0.4
sem_gaussian,DAGMA,"{""lambda1"": 0.005, ""w_threshold_dagma"": 0.05}",10,15,500,18,/home/mathis/Documents/Travail/cbnsl_benchmark/scaling/../scaling/results/2026-04-11_00h40_sem_gaussian/graphs/golden__v10_a15_g18.json,/home/mathis/Documents/Travail/cbnsl_benchmark/scaling/../scaling/results/2026-04-11_00h40_sem_gaussian/graphs/DAGMA__v10_a15_g18_s500.json,,4.625791610000306,12.0,10.0,0.4,0.608695652173913,0.3333333333333333,0.4666666666666667
sem_gaussian,DAGMA,"{""lambda1"": 0.005, ""w_threshold_dagma"": 0.05}",10,15,1000,18,/home/mathis/Documents/Travail/cbnsl_benchmark/scaling/../scaling/results/2026-04-11_00h40_sem_gaussian/graphs/golden__v10_a15_g18.json,/home/mathis/Documents/Travail/cbnsl_benchmark/scaling/../scaling/results/2026-04-11_00h40_sem_gaussian/graphs/DAGMA__v10_a15_g18_s1000.json,,3.0983988549996866,12.0,10.0,0.4,0.608695652173913,0.3333333333333333,0.4666666666666667
sem_gaussian,DAGMA,"{""lambda1"": 0.005, ""w_threshold_dagma"": 0.05}",10,15,3000,18,/home/mathis/Documents/Travail/cbnsl_benchmark/scaling/../scaling/results/2026-04-11_00h40_sem_gaussian/graphs/golden__v10_a15_g18.json,/home/mathis/Documents/Travail/cbnsl_benchmark/scaling/../scaling/results/2026-04-11_00h40_sem_gaussian/graphs/DAGMA__v10_a15_g18_s3000.json,,2.4051010530019994,11.0,9.0,0.4210526315789474,0.6363636363636364,0.3333333333333333,0.4666666666666667
sem_gaussian,DAGMA,"{""lambda1"": 0.005, ""w_threshold_dagma"": 0.05}",10,15,5000,18,/home/mathis/Documents/Travail/cbnsl_benchmark/scaling/../scaling/results/2026-04-11_00h40_sem_gaussian/graphs/golden__v10_a15_g18.json,/home/mathis/Documents/Travail/cbnsl_benchmark/scaling/../scaling/results/2026-04-11_00h40_sem_gaussian/graphs/DAGMA__v10_a15_g18_s5000.json,,1.7882819000005838,10.0,9.0,0.33333333333333326,0.6363636363636364,0.2727272727272727,0.4666666666666667
sem_gaussian,DAGMA,"{""lambda1"": 0.005, ""w_threshold_dagma"": 0.05}",10,15,200,19,/home/mathis/Documents/Travail/cbnsl_benchmark/scaling/../scaling/results/2026-04-11_00h40_sem_gaussian/graphs/golden__v10_a15_g19.json,/home/mathis/Documents/Travail/cbnsl_benchmark/scaling/../scaling/results/2026-04-11_00h40_sem_gaussian/graphs/DAGMA__v10_a15_g19_s200.json,,4.798321312999178,14.0,16.0,0.5384615384615384,0.689655172413793,0.5833333333333334,0.6666666666666666
sem_gaussian,DAGMA,"{""lambda1"": 0.005, ""w_threshold_dagma"": 0.05}",10,15,500,19,/home/mathis/Documents/Travail/cbnsl_benchmark/scaling/../scaling/results/2026-04-11_00h40_sem_gaussian/graphs/golden__v10_a15_g19.json,/home/mathis/Documents/Travail/cbnsl_benchmark/scaling/../scaling/results/2026-04-11_00h40_sem_gaussian/graphs/DAGMA__v10_a15_g19_s500.json,,3.1274244539963547,14.0,15.0,0.5384615384615384,0.689655172413793,0.5833333333333334,0.6666666666666666
sem_gaussian,DAGMA,"{""lambda1"": 0.005, ""w_threshold_dagma"": 0.05}",10,15,1000,19,/home/mathis/Documents/Travail/cbnsl_benchmark/scaling/../scaling/results/2026-04-11_00h40_sem_gaussian/graphs/golden__v10_a15_g19.json,/home/mathis/Documents/Travail/cbnsl_benchmark/scaling/../scaling/results/2026-04-11_00h40_sem_gaussian/graphs/DAGMA__v10_a15_g19_s1000.json,,4.103385227004765,9.0,11.0,0.45454545454545453,0.6923076923076923,0.45454545454545453,0.6
sem_gaussian,DAGMA,"{""lambda1"": 0.005, ""w_threshold_dagma"": 0.05}",10,15,3000,19,/home/mathis/Documents/Travail/cbnsl_benchmark/scaling/../scaling/results/2026-04-11_00h40_sem_gaussian/graphs/golden__v10_a15_g19.json,/home/mathis/Documents/Travail/cbnsl_benchmark/scaling/../scaling/results/2026-04-11_00h40_sem_gaussian/graphs/DAGMA__v10_a15_g19_s3000.json,,3.3204013779977686,4.0,11.0,0.6923076923076923,0.8666666666666667,0.8181818181818182,0.8666666666666667
sem_gaussian,DAGMA,"{""lambda1"": 0.005, ""w_threshold_dagma"": 0.05}",10,15,5000,19,/home/mathis/Documents/Travail/cbnsl_benchmark/scaling/../scaling/results/2026-04-11_00h40_sem_gaussian/graphs/golden__v10_a15_g19.json,/home/mathis/Documents/Travail/cbnsl_benchmark/scaling/../scaling/results/2026-04-11_00h40_sem_gaussian/graphs/DAGMA__v10_a15_g19_s5000.json,,2.879462434000743,13.0,15.0,0.3,0.7407407407407408,0.375,0.6666666666666666
sem_gaussian,DAGMA,"{""lambda1"": 0.005, ""w_threshold_dagma"": 0.05}",10,15,200,20,/home/mathis/Documents/Travail/cbnsl_benchmark/scaling/../scaling/results/2026-04-11_00h40_sem_gaussian/graphs/golden__v10_a15_g20.json,/home/mathis/Documents/Travail/cbnsl_benchmark/scaling/../scaling/results/2026-04-11_00h40_sem_gaussian/graphs/DAGMA__v10_a15_g20_s200.json,,4.701396941993153,3.0,7.0,0.7058823529411765,0.8421052631578948,0.6666666666666666,0.7272727272727273
sem_gaussian,DAGMA,"{""lambda1"": 0.005, ""w_threshold_dagma"": 0.05}",10,15,500,20,/home/mathis/Documents/Travail/cbnsl_benchmark/scaling/../scaling/results/2026-04-11_00h40_sem_gaussian/graphs/golden__v10_a15_g20.json,/home/mathis/Documents/Travail/cbnsl_benchmark/scaling/../scaling/results/2026-04-11_00h40_sem_gaussian/graphs/DAGMA__v10_a15_g20_s500.json,,5.912395042003482,3.0,7.0,0.7058823529411765,0.8421052631578948,0.6666666666666666,0.7272727272727273
sem_gaussian,DAGMA,"{""lambda1"": 0.005, ""w_threshold_dagma"": 0.05}",10,15,1000,20,/home/mathis/Documents/Travail/cbnsl_benchmark/scaling/../scaling/results/2026-04-11_00h40_sem_gaussian/graphs/golden__v10_a15_g20.json,/home/mathis/Documents/Travail/cbnsl_benchmark/scaling/../scaling/results/2026-04-11_00h40_sem_gaussian/graphs/DAGMA__v10_a15_g20_s1000.json,,4.437567916997068,3.0,7.0,0.7058823529411765,0.8421052631578948,0.6666666666666666,0.7272727272727273
sem_gaussian,DAGMA,"{""lambda1"": 0.005, ""w_threshold_dagma"": 0.05}",10,15,3000,20,/home/mathis/Documents/Travail/cbnsl_benchmark/scaling/../scaling/results/2026-04-11_00h40_sem_gaussian/graphs/golden__v10_a15_g20.json,/home/mathis/Documents/Travail/cbnsl_benchmark/scaling/../scaling/results/2026-04-11_00h40_sem_gaussian/graphs/DAGMA__v10_a15_g20_s3000.json,,4.594500341998355,3.0,6.0,0.7058823529411765,0.9,0.75,0.8181818181818182
sem_gaussian,DAGMA,"{""lambda1"": 0.005, ""w_threshold_dagma"": 0.05}",10,15,5000,20,/home/mathis/Documents/Travail/cbnsl_benchmark/scaling/../scaling/results/2026-04-11_00h40_sem_gaussian/graphs/golden__v10_a15_g20.json,/home/mathis/Documents/Travail/cbnsl_benchmark/scaling/../scaling/results/2026-04-11_00h40_sem_gaussian/graphs/DAGMA__v10_a15_g20_s5000.json,,4.252607834998344,3.0,7.0,0.7058823529411765,0.8421052631578948,0.6666666666666666,0.7272727272727273
sem_gaussian,DAGMA,"{""lambda1"": 0.005, ""w_threshold_dagma"": 0.05}",10,15,200,21,/home/mathis/Documents/Travail/cbnsl_benchmark/scaling/../scaling/results/2026-04-11_00h40_sem_gaussian/graphs/golden__v10_a15_g21.json,/home/mathis/Documents/Travail/cbnsl_benchmark/scaling/../scaling/results/2026-04-11_00h40_sem_gaussian/graphs/DAGMA__v10_a15_g21_s200.json,,3.7252095240037306,13.0,11.0,0.23529411764705882,0.8,0.2857142857142857,0.6666666666666666
sem_gaussian,DAGMA,"{""lambda1"": 0.005, ""w_threshold_dagma"": 0.05}",10,15,500,21,/home/mathis/Documents/Travail/cbnsl_benchmark/scaling/../scaling/results/2026-04-11_00h40_sem_gaussian/graphs/golden__v10_a15_g21.json,/home/mathis/Documents/Travail/cbnsl_benchmark/scaling/../scaling/results/2026-04-11_00h40_sem_gaussian/graphs/DAGMA__v10_a15_g21_s500.json,,4.5957648109979345,14.0,12.0,0.2222222222222222,0.8148148148148148,0.3333333333333333,0.7333333333333333
sem_gaussian,DAGMA,"{""lambda1"": 0.005, ""w_threshold_dagma"": 0.05}",10,15,1000,21,/home/mathis/Documents/Travail/cbnsl_benchmark/scaling/../scaling/results/2026-04-11_00h40_sem_gaussian/graphs/golden__v10_a15_g21.json,/home/mathis/Documents/Travail/cbnsl_benchmark/scaling/../scaling/results/2026-04-11_00h40_sem_gaussian/graphs/DAGMA__v10_a15_g21_s1000.json,,4.208028262997686,14.0,12.0,0.2222222222222222,0.8148148148148148,0.3333333333333333,0.7333333333333333
sem_gaussian,DAGMA,"{""lambda1"": 0.005, ""w_threshold_dagma"": 0.05}",10,15,3000,21,/home/mathis/Documents/Travail/cbnsl_benchmark/scaling/../scaling/results/2026-04-11_00h40_sem_gaussian/graphs/golden__v10_a15_g21.json,/home/mathis/Documents/Travail/cbnsl_benchmark/scaling/../scaling/results/2026-04-11_00h40_sem_gaussian/graphs/DAGMA__v10_a15_g21_s3000.json,,2.1883226840000134,11.0,15.0,0.4761904761904762,0.8571428571428571,0.625,0.8
sem_gaussian,DAGMA,"{""lambda1"": 0.005, ""w_threshold_dagma"": 0.05}",10,15,5000,21,/home/mathis/Documents/Travail/cbnsl_benchmark/scaling/../scaling/results/2026-04-11_00h40_sem_gaussian/graphs/golden__v10_a15_g21.json,/home/mathis/Documents/Travail/cbnsl_benchmark/scaling/../scaling/results/2026-04-11_00h40_sem_gaussian/graphs/DAGMA__v10_a15_g21_s5000.json,,4.0223102849995485,11.0,15.0,0.4761904761904762,0.8571428571428571,0.625,0.8
sem_gaussian,DAGMA,"{""lambda1"": 0.005, ""w_threshold_dagma"": 0.05}",10,15,200,22,/home/mathis/Documents/Travail/cbnsl_benchmark/scaling/../scaling/results/2026-04-11_00h40_sem_gaussian/graphs/golden__v10_a15_g22.json,/home/mathis/Documents/Travail/cbnsl_benchmark/scaling/../scaling/results/2026-04-11_00h40_sem_gaussian/graphs/DAGMA__v10_a15_g22_s200.json,,2.3978792980051367,5.0,11.0,0.23529411764705882,0.9285714285714286,0.5,0.8666666666666667
sem_gaussian,DAGMA,"{""lambda1"": 0.005, ""w_threshold_dagma"": 0.05}",10,15,500,22,/home/mathis/Documents/Travail/cbnsl_benchmark/scaling/../scaling/results/2026-04-11_00h40_sem_gaussian/graphs/golden__v10_a15_g22.json,/home/mathis/Documents/Travail/cbnsl_benchmark/scaling/../scaling/results/2026-04-11_00h40_sem_gaussian/graphs/DAGMA__v10_a15_g22_s500.json,,2.616629596996063,2.0,14.0,0.5,0.9285714285714286,0.7142857142857143,0.8666666666666667
sem_gaussian,DAGMA,"{""lambda1"": 0.005, ""w_threshold_dagma"": 0.05}",10,15,1000,22,/home/mathis/Documents/Travail/cbnsl_benchmark/scaling/../scaling/results/2026-04-11_00h40_sem_gaussian/graphs/golden__v10_a15_g22.json,/home/mathis/Documents/Travail/cbnsl_benchmark/scaling/../scaling/results/2026-04-11_00h40_sem_gaussian/graphs/DAGMA__v10_a15_g22_s1000.json,,5.513784486996883,11.0,14.0,0.6363636363636365,0.888888888888889,0.7,0.8
sem_gaussian,DAGMA,"{""lambda1"": 0.005, ""w_threshold_dagma"": 0.05}",10,15,3000,22,/home/mathis/Documents/Travail/cbnsl_benchmark/scaling/../scaling/results/2026-04-11_00h40_sem_gaussian/graphs/golden__v10_a15_g22.json,/home/mathis/Documents/Travail/cbnsl_benchmark/scaling/../scaling/results/2026-04-11_00h40_sem_gaussian/graphs/DAGMA__v10_a15_g22_s3000.json,,5.527511105996382,11.0,14.0,0.6363636363636365,0.888888888888889,0.7,0.8
sem_gaussian,DAGMA,"{""lambda1"": 0.005, ""w_threshold_dagma"": 0.05}",10,15,5000,22,/home/mathis/Documents/Travail/cbnsl_benchmark/scaling/../scaling/results/2026-04-11_00h40_sem_gaussian/graphs/golden__v10_a15_g22.json,/home/mathis/Documents/Travail/cbnsl_benchmark/scaling/../scaling/results/2026-04-11_00h40_sem_gaussian/graphs/DAGMA__v10_a15_g22_s5000.json,,3.9436943839973537,8.0,12.0,0.3333333333333333,0.888888888888889,0.5,0.8
sem_gaussian,DAGMA,"{""lambda1"": 0.005, ""w_threshold_dagma"": 0.05}",10,15,200,23,/home/mathis/Documents/Travail/cbnsl_benchmark/scaling/../scaling/results/2026-04-11_00h40_sem_gaussian/graphs/golden__v10_a15_g23.json,/home/mathis/Documents/Travail/cbnsl_benchmark/scaling/../scaling/results/2026-04-11_00h40_sem_gaussian/graphs/DAGMA__v10_a15_g23_s200.json,,3.638228298004833,14.0,17.0,0.1111111111111111,0.5833333333333334,0.1111111111111111,0.4666666666666667
sem_gaussian,DAGMA,"{""lambda1"": 0.005, ""w_threshold_dagma"": 0.05}",10,15,500,23,/home/mathis/Documents/Travail/cbnsl_benchmark/scaling/../scaling/results/2026-04-11_00h40_sem_gaussian/graphs/golden__v10_a15_g23.json,/home/mathis/Documents/Travail/cbnsl_benchmark/scaling/../scaling/results/2026-04-11_00h40_sem_gaussian/graphs/DAGMA__v10_a15_g23_s500.json,,3.822723455996311,14.0,15.0,0.0,0.6666666666666667,0.0,0.5333333333333333
sem_gaussian,DAGMA,"{""lambda1"": 0.005, ""w_threshold_dagma"": 0.05}",10,15,1000,23,/home/mathis/Documents/Travail/cbnsl_benchmark/scaling/../scaling/results/2026-04-11_00h40_sem_gaussian/graphs/golden__v10_a15_g23.json,/home/mathis/Documents/Travail/cbnsl_benchmark/scaling/../scaling/results/2026-04-11_00h40_sem_gaussian/graphs/DAGMA__v10_a15_g23_s1000.json,,4.537491811999644,12.0,14.0,0.22222222222222224,0.7200000000000001,0.25,0.6
sem_gaussian,DAGMA,"{""lambda1"": 0.005, ""w_threshold_dagma"": 0.05}",10,15,3000,23,/home/mathis/Documents/Travail/cbnsl_benchmark/scaling/../scaling/results/2026-04-11_00h40_sem_gaussian/graphs/golden__v10_a15_g23.json,/home/mathis/Documents/Travail/cbnsl_benchmark/scaling/../scaling/results/2026-04-11_00h40_sem_gaussian/graphs/DAGMA__v10_a15_g23_s3000.json,,3.8892896739998832,13.0,13.0,0.3,0.7407407407407408,0.375,0.6666666666666666
sem_gaussian,DAGMA,"{""lambda1"": 0.005, ""w_threshold_dagma"": 0.05}",10,15,5000,23,/home/mathis/Documents/Travail/cbnsl_benchmark/scaling/../scaling/results/2026-04-11_00h40_sem_gaussian/graphs/golden__v10_a15_g23.json,/home/mathis/Documents/Travail/cbnsl_benchmark/scaling/../scaling/results/2026-04-11_00h40_sem_gaussian/graphs/DAGMA__v10_a15_g23_s5000.json,,3.619253270997433,13.0,15.0,0.2105263157894737,0.6923076923076923,0.25,0.6
sem_gaussian,DAGMA,"{""lambda1"": 0.005, ""w_threshold_dagma"": 0.05}",10,15,200,24,/home/mathis/Documents/Travail/cbnsl_benchmark/scaling/../scaling/results/2026-04-11_00h40_sem_gaussian/graphs/golden__v10_a15_g24.json,/home/mathis/Documents/Travail/cbnsl_benchmark/scaling/../scaling/results/2026-04-11_00h40_sem_gaussian/graphs/DAGMA__v10_a15_g24_s200.json,,4.21739844300464,0.0,0.0,0.7058823529411764,1.0,1.0,1.0
sem_gaussian,DAGMA,"{""lambda1"": 0.005, ""w_threshold_dagma"": 0.05}",10,15,500,24,/home/mathis/Documents/Travail/cbnsl_benchmark/scaling/../scaling/results/2026-04-11_00h40_sem_gaussian/graphs/golden__v10_a15_g24.json,/home/mathis/Documents/Travail/cbnsl_benchmark/scaling/../scaling/results/2026-04-11_00h40_sem_gaussian/graphs/DAGMA__v10_a15_g24_s500.json,,4.417882642999757,0.0,0.0,0.7058823529411764,1.0,1.0,1.0
sem_gaussian,DAGMA,"{""lambda1"": 0.005, ""w_threshold_dagma"": 0.05}",10,15,1000,24,/home/mathis/Documents/Travail/cbnsl_benchmark/scaling/../scaling/results/2026-04-11_00h40_sem_gaussian/graphs/golden__v10_a15_g24.json,/home/mathis/Documents/Travail/cbnsl_benchmark/scaling/../scaling/results/2026-04-11_00h40_sem_gaussian/graphs/DAGMA__v10_a15_g24_s1000.json,,4.085234247999324,0.0,0.0,0.7058823529411764,1.0,1.0,1.0
sem_gaussian,DAGMA,"{""lambda1"": 0.005, ""w_threshold_dagma"": 0.05}",10,15,3000,24,/home/mathis/Documents/Travail/cbnsl_benchmark/scaling/../scaling/results/2026-04-11_00h40_sem_gaussian/graphs/golden__v10_a15_g24.json,/home/mathis/Documents/Travail/cbnsl_benchmark/scaling/../scaling/results/2026-04-11_00h40_sem_gaussian/graphs/DAGMA__v10_a15_g24_s3000.json,,4.336615658998198,0.0,0.0,0.7058823529411764,1.0,1.0,1.0
sem_gaussian,DAGMA,"{""lambda1"": 0.005, ""w_threshold_dagma"": 0.05}",10,15,5000,24,/home/mathis/Documents/Travail/cbnsl_benchmark/scaling/../scaling/results/2026-04-11_00h40_sem_gaussian/graphs/golden__v10_a15_g24.json,/home/mathis/Documents/Travail/cbnsl_benchmark/scaling/../scaling/results/2026-04-11_00h40_sem_gaussian/graphs/DAGMA__v10_a15_g24_s5000.json,,4.295140112997615,0.0,0.0,0.7058823529411764,1.0,1.0,1.0
sem_gaussian,DAGMA,"{""lambda1"": 0.005, ""w_threshold_dagma"": 0.05}",10,15,200,25,/home/mathis/Documents/Travail/cbnsl_benchmark/scaling/../scaling/results/2026-04-11_00h40_sem_gaussian/graphs/golden__v10_a15_g25.json,/home/mathis/Documents/Travail/cbnsl_benchmark/scaling/../scaling/results/2026-04-11_00h40_sem_gaussian/graphs/DAGMA__v10_a15_g25_s200.json,,2.9924075140006607,11.0,11.0,0.0,0.6666666666666667,0.0,0.5333333333333333
sem_gaussian,DAGMA,"{""lambda1"": 0.005, ""w_threshold_dagma"": 0.05}",10,15,500,25,/home/mathis/Documents/Travail/cbnsl_benchmark/scaling/../scaling/results/2026-04-11_00h40_sem_gaussian/graphs/golden__v10_a15_g25.json,/home/mathis/Documents/Travail/cbnsl_benchmark/scaling/../scaling/results/2026-04-11_00h40_sem_gaussian/graphs/DAGMA__v10_a15_g25_s500.json,,5.292806178003957,12.0,12.0,0.0,0.608695652173913,0.0,0.4666666666666667
sem_gaussian,DAGMA,"{""lambda1"": 0.005, ""w_threshold_dagma"": 0.05}",10,15,1000,25,/home/mathis/Documents/Travail/cbnsl_benchmark/scaling/../scaling/results/2026-04-11_00h40_sem_gaussian/graphs/golden__v10_a15_g25.json,/home/mathis/Documents/Travail/cbnsl_benchmark/scaling/../scaling/results/2026-04-11_00h40_sem_gaussian/graphs/DAGMA__v10_a15_g25_s1000.json,,3.182605494999734,12.0,12.0,0.0,0.64,0.0,0.5333333333333333
sem_gaussian,DAGMA,"{""lambda1"": 0.005, ""w_threshold_dagma"": 0.05}",10,15,3000,25,/home/mathis/Documents/Travail/cbnsl_benchmark/scaling/../scaling/results/2026-04-11_00h40_sem_gaussian/graphs/golden__v10_a15_g25.json,/home/mathis/Documents/Travail/cbnsl_benchmark/scaling/../scaling/results/2026-04-11_00h40_sem_gaussian/graphs/DAGMA__v10_a15_g25_s3000.json,,3.457349015006912,15.0,11.0,0.3,0.6923076923076923,0.3333333333333333,0.6
sem_gaussian,DAGMA,"{""lambda1"": 0.005, ""w_threshold_dagma"": 0.05}",10,15,5000,25,/home/mathis/Documents/Travail/cbnsl_benchmark/scaling/../scaling/results/2026-04-11_00h40_sem_gaussian/graphs/golden__v10_a15_g25.json,/home/mathis/Documents/Travail/cbnsl_benchmark/scaling/../scaling/results/2026-04-11_00h40_sem_gaussian/graphs/DAGMA__v10_a15_g25_s5000.json,,8.673394584999187,15.0,11.0,0.3,0.6923076923076923,0.3333333333333333,0.6
sem_gaussian,DAGMA,"{""lambda1"": 0.005, ""w_threshold_dagma"": 0.05}",10,15,200,26,/home/mathis/Documents/Travail/cbnsl_benchmark/scaling/../scaling/results/2026-04-11_00h40_sem_gaussian/graphs/golden__v10_a15_g26.json,/home/mathis/Documents/Travail/cbnsl_benchmark/scaling/../scaling/results/2026-04-11_00h40_sem_gaussian/graphs/DAGMA__v10_a15_g26_s200.json,,2.45315853899956,9.0,15.0,0.5833333333333334,0.7407407407407408,0.5833333333333334,0.6666666666666666
sem_gaussian,DAGMA,"{""lambda1"": 0.005, ""w_threshold_dagma"": 0.05}",10,15,500,26,/home/mathis/Documents/Travail/cbnsl_benchmark/scaling/../scaling/results/2026-04-11_00h40_sem_gaussian/graphs/golden__v10_a15_g26.json,/home/mathis/Documents/Travail/cbnsl_benchmark/scaling/../scaling/results/2026-04-11_00h40_sem_gaussian/graphs/DAGMA__v10_a15_g26_s500.json,,3.1193766409996897,11.0,15.0,0.5833333333333334,0.7407407407407408,0.5833333333333334,0.6666666666666666
sem_gaussian,DAGMA,"{""lambda1"": 0.005, ""w_threshold_dagma"": 0.05}",10,15,1000,26,/home/mathis/Documents/Travail/cbnsl_benchmark/scaling/../scaling/results/2026-04-11_00h40_sem_gaussian/graphs/golden__v10_a15_g26.json,/home/mathis/Documents/Travail/cbnsl_benchmark/scaling/../scaling/results/2026-04-11_00h40_sem_gaussian/graphs/DAGMA__v10_a15_g26_s1000.json,,4.174328960005369,7.0,10.0,0.6956521739130435,0.888888888888889,0.7272727272727273,0.8
sem_gaussian,DAGMA,"{""lambda1"": 0.005, ""w_threshold_dagma"": 0.05}",10,15,3000,26,/home/mathis/Documents/Travail/cbnsl_benchmark/scaling/../scaling/results/2026-04-11_00h40_sem_gaussian/graphs/golden__v10_a15_g26.json,/home/mathis/Documents/Travail/cbnsl_benchmark/scaling/../scaling/results/2026-04-11_00h40_sem_gaussian/graphs/DAGMA__v10_a15_g26_s3000.json,,5.485155750000558,8.0,15.0,0.6363636363636364,0.846153846153846,0.6363636363636364,0.7333333333333333
sem_gaussian,DAGMA,"{""lambda1"": 0.005, ""w_threshold_dagma"": 0.05}",10,15,5000,26,/home/mathis/Documents/Travail/cbnsl_benchmark/scaling/../scaling/results/2026-04-11_00h40_sem_gaussian/graphs/golden__v10_a15_g26.json,/home/mathis/Documents/Travail/cbnsl_benchmark/scaling/../scaling/results/2026-04-11_00h40_sem_gaussian/graphs/DAGMA__v10_a15_g26_s5000.json,,2.7602845760047785,8.0,15.0,0.6363636363636364,0.846153846153846,0.6363636363636364,0.7333333333333333
sem_gaussian,DAGMA,"{""lambda1"": 0.005, ""w_threshold_dagma"": 0.05}",10,15,200,27,/home/mathis/Documents/Travail/cbnsl_benchmark/scaling/../scaling/results/2026-04-11_00h40_sem_gaussian/graphs/golden__v10_a15_g27.json,/home/mathis/Documents/Travail/cbnsl_benchmark/scaling/../scaling/results/2026-04-11_00h40_sem_gaussian/graphs/DAGMA__v10_a15_g27_s200.json,,1.5021908929993515,7.0,11.0,0.5714285714285713,0.8,0.5454545454545454,0.6666666666666666
sem_gaussian,DAGMA,"{""lambda1"": 0.005, ""w_threshold_dagma"": 0.05}",10,15,500,27,/home/mathis/Documents/Travail/cbnsl_benchmark/scaling/../scaling/results/2026-04-11_00h40_sem_gaussian/graphs/golden__v10_a15_g27.json,/home/mathis/Documents/Travail/cbnsl_benchmark/scaling/../scaling/results/2026-04-11_00h40_sem_gaussian/graphs/DAGMA__v10_a15_g27_s500.json,,3.7159678199968766,8.0,12.0,0.5,0.7499999999999999,0.45454545454545453,0.6
sem_gaussian,DAGMA,"{""lambda1"": 0.005, ""w_threshold_dagma"": 0.05}",10,15,1000,27,/home/mathis/Documents/Travail/cbnsl_benchmark/scaling/../scaling/results/2026-04-11_00h40_sem_gaussian/graphs/golden__v10_a15_g27.json,/home/mathis/Documents/Travail/cbnsl_benchmark/scaling/../scaling/results/2026-04-11_00h40_sem_gaussian/graphs/DAGMA__v10_a15_g27_s1000.json,,2.607464667002205,9.0,12.0,0.5714285714285713,0.8,0.5454545454545454,0.6666666666666666
sem_gaussian,DAGMA,"{""lambda1"": 0.005, ""w_threshold_dagma"": 0.05}",10,15,3000,27,/home/mathis/Documents/Travail/cbnsl_benchmark/scaling/../scaling/results/2026-04-11_00h40_sem_gaussian/graphs/golden__v10_a15_g27.json,/home/mathis/Documents/Travail/cbnsl_benchmark/scaling/../scaling/results/2026-04-11_00h40_sem_gaussian/graphs/DAGMA__v10_a15_g27_s3000.json,,5.502133515001333,9.0,12.0,0.5714285714285713,0.8,0.5454545454545454,0.6666666666666666
sem_gaussian,DAGMA,"{""lambda1"": 0.005, ""w_threshold_dagma"": 0.05}",10,15,5000,27,/home/mathis/Documents/Travail/cbnsl_benchmark/scaling/../scaling/results/2026-04-11_00h40_sem_gaussian/graphs/golden__v10_a15_g27.json,/home/mathis/Documents/Travail/cbnsl_benchmark/scaling/../scaling/results/2026-04-11_00h40_sem_gaussian/graphs/DAGMA__v10_a15_g27_s5000.json,,5.934471530999872,8.0,12.0,0.5,0.7499999999999999,0.45454545454545453,0.6
sem_gaussian,DAGMA,"{""lambda1"": 0.005, ""w_threshold_dagma"": 0.05}",10,15,200,28,/home/mathis/Documents/Travail/cbnsl_benchmark/scaling/../scaling/results/2026-04-11_00h40_sem_gaussian/graphs/golden__v10_a15_g28.json,/home/mathis/Documents/Travail/cbnsl_benchmark/scaling/../scaling/results/2026-04-11_00h40_sem_gaussian/graphs/DAGMA__v10_a15_g28_s200.json,,7.072444665995135,4.0,10.0,0.8,0.8,0.6666666666666666,0.6666666666666666
sem_gaussian,DAGMA,"{""lambda1"": 0.005, ""w_threshold_dagma"": 0.05}",10,15,500,28,/home/mathis/Documents/Travail/cbnsl_benchmark/scaling/../scaling/results/2026-04-11_00h40_sem_gaussian/graphs/golden__v10_a15_g28.json,/home/mathis/Documents/Travail/cbnsl_benchmark/scaling/../scaling/results/2026-04-11_00h40_sem_gaussian/graphs/DAGMA__v10_a15_g28_s500.json,,9.502504458003386,4.0,10.0,0.8,0.8,0.6666666666666666,0.6666666666666666
sem_gaussian,DAGMA,"{""lambda1"": 0.005, ""w_threshold_dagma"": 0.05}",10,15,1000,28,/home/mathis/Documents/Travail/cbnsl_benchmark/scaling/../scaling/results/2026-04-11_00h40_sem_gaussian/graphs/golden__v10_a15_g28.json,/home/mathis/Documents/Travail/cbnsl_benchmark/scaling/../scaling/results/2026-04-11_00h40_sem_gaussian/graphs/DAGMA__v10_a15_g28_s1000.json,,7.348491860997456,5.0,10.0,0.7368421052631579,0.7368421052631579,0.5833333333333334,0.5833333333333334
sem_gaussian,DAGMA,"{""lambda1"": 0.005, ""w_threshold_dagma"": 0.05}",10,15,3000,28,/home/mathis/Documents/Travail/cbnsl_benchmark/scaling/../scaling/results/2026-04-11_00h40_sem_gaussian/graphs/golden__v10_a15_g28.json,/home/mathis/Documents/Travail/cbnsl_benchmark/scaling/../scaling/results/2026-04-11_00h40_sem_gaussian/graphs/DAGMA__v10_a15_g28_s3000.json,,4.786278987005062,4.0,10.0,0.8,0.8,0.6666666666666666,0.6666666666666666
sem_gaussian,DAGMA,"{""lambda1"": 0.005, ""w_threshold_dagma"": 0.05}",10,15,5000,28,/home/mathis/Documents/Travail/cbnsl_benchmark/scaling/../scaling/results/2026-04-11_00h40_sem_gaussian/graphs/golden__v10_a15_g28.json,/home/mathis/Documents/Travail/cbnsl_benchmark/scaling/../scaling/results/2026-04-11_00h40_sem_gaussian/graphs/DAGMA__v10_a15_g28_s5000.json,,2.4823669610050274,4.0,10.0,0.8,0.8,0.6666666666666666,0.6666666666666666
sem_gaussian,DAGMA,"{""lambda1"": 0.005, ""w_threshold_dagma"": 0.05}",10,15,200,29,/home/mathis/Documents/Travail/cbnsl_benchmark/scaling/../scaling/results/2026-04-11_00h40_sem_gaussian/graphs/golden__v10_a15_g29.json,/home/mathis/Documents/Travail/cbnsl_benchmark/scaling/../scaling/results/2026-04-11_00h40_sem_gaussian/graphs/DAGMA__v10_a15_g29_s200.json,,5.294400017999578,8.0,11.0,0.5217391304347826,0.7407407407407408,0.5454545454545454,0.6666666666666666
sem_gaussian,DAGMA,"{""lambda1"": 0.005, ""w_threshold_dagma"": 0.05}",10,15,500,29,/home/mathis/Documents/Travail/cbnsl_benchmark/scaling/../scaling/results/2026-04-11_00h40_sem_gaussian/graphs/golden__v10_a15_g29.json,/home/mathis/Documents/Travail/cbnsl_benchmark/scaling/../scaling/results/2026-04-11_00h40_sem_gaussian/graphs/DAGMA__v10_a15_g29_s500.json,,4.595112883995171,11.0,10.0,0.608695652173913,0.7200000000000001,0.5384615384615384,0.6
sem_gaussian,DAGMA,"{""lambda1"": 0.005, ""w_threshold_dagma"": 0.05}",10,15,1000,29,/home/mathis/Documents/Travail/cbnsl_benchmark/scaling/../scaling/results/2026-04-11_00h40_sem_gaussian/graphs/golden__v10_a15_g29.json,/home/mathis/Documents/Travail/cbnsl_benchmark/scaling/../scaling/results/2026-04-11_00h40_sem_gaussian/graphs/DAGMA__v10_a15_g29_s1000.json,,5.744223866997345,12.0,10.0,0.3157894736842105,0.7692307692307692,0.375,0.6666666666666666
sem_gaussian,DAGMA,"{""lambda1"": 0.005, ""w_threshold_dagma"": 0.05}",10,15,3000,29,/home/mathis/Documents/Travail/cbnsl_benchmark/scaling/../scaling/results/2026-04-11_00h40_sem_gaussian/graphs/golden__v10_a15_g29.json,/home/mathis/Documents/Travail/cbnsl_benchmark/scaling/../scaling/results/2026-04-11_00h40_sem_gaussian/graphs/DAGMA__v10_a15_g29_s3000.json,,4.595677905002958,13.0,11.0,0.3,0.7407407407407408,0.375,0.6666666666666666
sem_gaussian,DAGMA,"{""lambda1"": 0.005, ""w_threshold_dagma"": 0.05}",10,15,5000,29,/home/mathis/Documents/Travail/cbnsl_benchmark/scaling/../scaling/results/2026-04-11_00h40_sem_gaussian/graphs/golden__v10_a15_g29.json,/home/mathis/Documents/Travail/cbnsl_benchmark/scaling/../scaling/results/2026-04-11_00h40_sem_gaussian/graphs/DAGMA__v10_a15_g29_s5000.json,,4.759428012999706,9.0,9.0,0.6666666666666666,0.8148148148148148,0.6666666666666666,0.7333333333333333
sem_gaussian,DAGMA,"{""lambda1"": 0.005, ""w_threshold_dagma"": 0.05}",20,30,200,0,/home/mathis/Documents/Travail/cbnsl_benchmark/scaling/../scaling/results/2026-04-11_00h40_sem_gaussian/graphs/golden__v20_a30_g0.json,/home/mathis/Documents/Travail/cbnsl_benchmark/scaling/../scaling/results/2026-04-11_00h40_sem_gaussian/graphs/DAGMA__v20_a30_g0_s200.json,,5.328557537999586,11.0,21.0,0.76,0.8518518518518519,0.7307692307692307,0.7666666666666667
sem_gaussian,DAGMA,"{""lambda1"": 0.005, ""w_threshold_dagma"": 0.05}",20,30,500,0,/home/mathis/Documents/Travail/cbnsl_benchmark/scaling/../scaling/results/2026-04-11_00h40_sem_gaussian/graphs/golden__v20_a30_g0.json,/home/mathis/Documents/Travail/cbnsl_benchmark/scaling/../scaling/results/2026-04-11_00h40_sem_gaussian/graphs/DAGMA__v20_a30_g0_s500.json,,4.459276204994239,13.0,21.0,0.72,0.8363636363636363,0.72,0.7666666666666667
sem_gaussian,DAGMA,"{""lambda1"": 0.005, ""w_threshold_dagma"": 0.05}",20,30,1000,0,/home/mathis/Documents/Travail/cbnsl_benchmark/scaling/../scaling/results/2026-04-11_00h40_sem_gaussian/graphs/golden__v20_a30_g0.json,/home/mathis/Documents/Travail/cbnsl_benchmark/scaling/../scaling/results/2026-04-11_00h40_sem_gaussian/graphs/DAGMA__v20_a30_g0_s1000.json,,3.386111608000647,13.0,21.0,0.72,0.8363636363636363,0.72,0.7666666666666667
sem_gaussian,DAGMA,"{""lambda1"": 0.005, ""w_threshold_dagma"": 0.05}",20,30,3000,0,/home/mathis/Documents/Travail/cbnsl_benchmark/scaling/../scaling/results/2026-04-11_00h40_sem_gaussian/graphs/golden__v20_a30_g0.json,/home/mathis/Documents/Travail/cbnsl_benchmark/scaling/../scaling/results/2026-04-11_00h40_sem_gaussian/graphs/DAGMA__v20_a30_g0_s3000.json,,10.127692190995731,15.0,18.0,0.6666666666666666,0.8148148148148148,0.6666666666666666,0.7333333333333333
sem_gaussian,DAGMA,"{""lambda1"": 0.005, ""w_threshold_dagma"": 0.05}",20,30,5000,0,/home/mathis/Documents/Travail/cbnsl_benchmark/scaling/../scaling/results/2026-04-11_00h40_sem_gaussian/graphs/golden__v20_a30_g0.json,/home/mathis/Documents/Travail/cbnsl_benchmark/scaling/../scaling/results/2026-04-11_00h40_sem_gaussian/graphs/DAGMA__v20_a30_g0_s5000.json,,3.5615146269992692,11.0,20.0,0.75,0.888888888888889,0.75,0.8
sem_gaussian,DAGMA,"{""lambda1"": 0.005, ""w_threshold_dagma"": 0.05}",20,30,200,1,/home/mathis/Documents/Travail/cbnsl_benchmark/scaling/../scaling/results/2026-04-11_00h40_sem_gaussian/graphs/golden__v20_a30_g1.json,/home/mathis/Documents/Travail/cbnsl_benchmark/scaling/../scaling/results/2026-04-11_00h40_sem_gaussian/graphs/DAGMA__v20_a30_g1_s200.json,,7.559644911998475,25.0,26.0,0.380952380952381,0.7407407407407408,0.4444444444444444,0.6666666666666666
sem_gaussian,DAGMA,"{""lambda1"": 0.005, ""w_threshold_dagma"": 0.05}",20,30,500,1,/home/mathis/Documents/Travail/cbnsl_benchmark/scaling/../scaling/results/2026-04-11_00h40_sem_gaussian/graphs/golden__v20_a30_g1.json,/home/mathis/Documents/Travail/cbnsl_benchmark/scaling/../scaling/results/2026-04-11_00h40_sem_gaussian/graphs/DAGMA__v20_a30_g1_s500.json,,6.8781188239954645,18.0,23.0,0.5581395348837209,0.8301886792452831,0.6,0.7333333333333333
sem_gaussian,DAGMA,"{""lambda1"": 0.005, ""w_threshold_dagma"": 0.05}",20,30,1000,1,/home/mathis/Documents/Travail/cbnsl_benchmark/scaling/../scaling/results/2026-04-11_00h40_sem_gaussian/graphs/golden__v20_a30_g1.json,/home/mathis/Documents/Travail/cbnsl_benchmark/scaling/../scaling/results/2026-04-11_00h40_sem_gaussian/graphs/DAGMA__v20_a30_g1_s1000.json,,4.029035537001619,17.0,23.0,0.5714285714285715,0.888888888888889,0.6666666666666666,0.8
sem_gaussian,DAGMA,"{""lambda1"": 0.005, ""w_threshold_dagma"": 0.05}",20,30,3000,1,/home/mathis/Documents/Travail/cbnsl_benchmark/scaling/../scaling/results/2026-04-11_00h40_sem_gaussian/graphs/golden__v20_a30_g1.json,/home/mathis/Documents/Travail/cbnsl_benchmark/scaling/../scaling/results/2026-04-11_00h40_sem_gaussian/graphs/DAGMA__v20_a30_g1_s3000.json,,6.869891281996388,19.0,22.0,0.5,0.8679245283018869,0.5882352941176471,0.7666666666666667
sem_gaussian,DAGMA,"{""lambda1"": 0.005, ""w_threshold_dagma"": 0.05}",20,30,5000,1,/home/mathis/Documents/Travail/cbnsl_benchmark/scaling/../scaling/results/2026-04-11_00h40_sem_gaussian/graphs/golden__v20_a30_g1.json,/home/mathis/Documents/Travail/cbnsl_benchmark/scaling/../scaling/results/2026-04-11_00h40_sem_gaussian/graphs/DAGMA__v20_a30_g1_s5000.json,,4.778277165998588,19.0,22.0,0.5,0.8679245283018869,0.5882352941176471,0.7666666666666667
sem_gaussian,DAGMA,"{""lambda1"": 0.005, ""w_threshold_dagma"": 0.05}",20,30,200,2,/home/mathis/Documents/Travail/cbnsl_benchmark/scaling/../scaling/results/2026-04-11_00h40_sem_gaussian/graphs/golden__v20_a30_g2.json,/home/mathis/Documents/Travail/cbnsl_benchmark/scaling/../scaling/results/2026-04-11_00h40_sem_gaussian/graphs/DAGMA__v20_a30_g2_s200.json,,6.475485757997376,15.0,23.0,0.5581395348837209,0.8301886792452831,0.6,0.7333333333333333
sem_gaussian,DAGMA,"{""lambda1"": 0.005, ""w_threshold_dagma"": 0.05}",20,30,500,2,/home/mathis/Documents/Travail/cbnsl_benchmark/scaling/../scaling/results/2026-04-11_00h40_sem_gaussian/graphs/golden__v20_a30_g2.json,/home/mathis/Documents/Travail/cbnsl_benchmark/scaling/../scaling/results/2026-04-11_00h40_sem_gaussian/graphs/DAGMA__v20_a30_g2_s500.json,,7.525108022004133,17.0,20.0,0.4878048780487805,0.8301886792452831,0.5555555555555556,0.7333333333333333
sem_gaussian,DAGMA,"{""lambda1"": 0.005, ""w_threshold_dagma"": 0.05}",20,30,1000,2,/home/mathis/Documents/Travail/cbnsl_benchmark/scaling/../scaling/results/2026-04-11_00h40_sem_gaussian/graphs/golden__v20_a30_g2.json,/home/mathis/Documents/Travail/cbnsl_benchmark/scaling/../scaling/results/2026-04-11_00h40_sem_gaussian/graphs/DAGMA__v20_a30_g2_s1000.json,,5.225065517995972,13.0,21.0,0.6222222222222222,0.8727272727272728,0.7,0.8
sem_gaussian,DAGMA,"{""lambda1"": 0.005, ""w_threshold_dagma"": 0.05}",20,30,3000,2,/home/mathis/Documents/Travail/cbnsl_benchmark/scaling/../scaling/results/2026-04-11_00h40_sem_gaussian/graphs/golden__v20_a30_g2.json,/home/mathis/Documents/Travail/cbnsl_benchmark/scaling/../scaling/results/2026-04-11_00h40_sem_gaussian/graphs/DAGMA__v20_a30_g2_s3000.json,,2.6659417240007315,13.0,15.0,0.6222222222222222,0.8727272727272728,0.7,0.8
sem_gaussian,DAGMA,"{""lambda1"": 0.005, ""w_threshold_dagma"": 0.05}",20,30,5000,2,/home/mathis/Documents/Travail/cbnsl_benchmark/scaling/../scaling/results/2026-04-11_00h40_sem_gaussian/graphs/golden__v20_a30_g2.json,/home/mathis/Documents/Travail/cbnsl_benchmark/scaling/../scaling/results/2026-04-11_00h40_sem_gaussian/graphs/DAGMA__v20_a30_g2_s5000.json,,6.494626430001517,13.0,15.0,0.6222222222222222,0.8727272727272728,0.7,0.8
sem_gaussian,DAGMA,"{""lambda1"": 0.005, ""w_threshold_dagma"": 0.05}",20,30,200,3,/home/mathis/Documents/Travail/cbnsl_benchmark/scaling/../scaling/results/2026-04-11_00h40_sem_gaussian/graphs/golden__v20_a30_g3.json,/home/mathis/Documents/Travail/cbnsl_benchmark/scaling/../scaling/results/2026-04-11_00h40_sem_gaussian/graphs/DAGMA__v20_a30_g3_s200.json,,4.786115671995503,17.0,27.0,0.6363636363636365,0.8235294117647058,0.6086956521739131,0.7
sem_gaussian,DAGMA,"{""lambda1"": 0.005, ""w_threshold_dagma"": 0.05}",20,30,500,3,/home/mathis/Documents/Travail/cbnsl_benchmark/scaling/../scaling/results/2026-04-11_00h40_sem_gaussian/graphs/golden__v20_a30_g3.json,,[pyAgrum] Directed cycle detected: Add a directed cycle in a dag !,,,,,,,
sem_gaussian,DAGMA,"{""lambda1"": 0.005, ""w_threshold_dagma"": 0.05}",20,30,1000,3,/home/mathis/Documents/Travail/cbnsl_benchmark/scaling/../scaling/results/2026-04-11_00h40_sem_gaussian/graphs/golden__v20_a30_g3.json,/home/mathis/Documents/Travail/cbnsl_benchmark/scaling/../scaling/results/2026-04-11_00h40_sem_gaussian/graphs/DAGMA__v20_a30_g3_s1000.json,,4.866891714002122,15.0,27.0,0.5365853658536586,0.7499999999999999,0.4782608695652174,0.6
sem_gaussian,DAGMA,"{""lambda1"": 0.005, ""w_threshold_dagma"": 0.05}",20,30,3000,3,/home/mathis/Documents/Travail/cbnsl_benchmark/scaling/../scaling/results/2026-04-11_00h40_sem_gaussian/graphs/golden__v20_a30_g3.json,/home/mathis/Documents/Travail/cbnsl_benchmark/scaling/../scaling/results/2026-04-11_00h40_sem_gaussian/graphs/DAGMA__v20_a30_g3_s3000.json,,6.058907944003295,14.0,26.0,0.5365853658536586,0.7755102040816326,0.5,0.6333333333333333
sem_gaussian,DAGMA,"{""lambda1"": 0.005, ""w_threshold_dagma"": 0.05}",20,30,5000,3,/home/mathis/Documents/Travail/cbnsl_benchmark/scaling/../scaling/results/2026-04-11_00h40_sem_gaussian/graphs/golden__v20_a30_g3.json,/home/mathis/Documents/Travail/cbnsl_benchmark/scaling/../scaling/results/2026-04-11_00h40_sem_gaussian/graphs/DAGMA__v20_a30_g3_s5000.json,,8.824902120999468,17.0,26.0,0.5714285714285715,0.7755102040816326,0.5217391304347826,0.6333333333333333
sem_gaussian,DAGMA,"{""lambda1"": 0.005, ""w_threshold_dagma"": 0.05}",20,30,200,4,/home/mathis/Documents/Travail/cbnsl_benchmark/scaling/../scaling/results/2026-04-11_00h40_sem_gaussian/graphs/golden__v20_a30_g4.json,/home/mathis/Documents/Travail/cbnsl_benchmark/scaling/../scaling/results/2026-04-11_00h40_sem_gaussian/graphs/DAGMA__v20_a30_g4_s200.json,,3.02402723999694,13.0,26.0,0.6222222222222222,0.7843137254901961,0.5833333333333334,0.6666666666666666
sem_gaussian,DAGMA,"{""lambda1"": 0.005, ""w_threshold_dagma"": 0.05}",20,30,500,4,/home/mathis/Documents/Travail/cbnsl_benchmark/scaling/../scaling/results/2026-04-11_00h40_sem_gaussian/graphs/golden__v20_a30_g4.json,/home/mathis/Documents/Travail/cbnsl_benchmark/scaling/../scaling/results/2026-04-11_00h40_sem_gaussian/graphs/DAGMA__v20_a30_g4_s500.json,,7.535691878001671,15.0,27.0,0.5581395348837209,0.7599999999999999,0.5217391304347826,0.6333333333333333
sem_gaussian,DAGMA,"{""lambda1"": 0.005, ""w_threshold_dagma"": 0.05}",20,30,1000,4,/home/mathis/Documents/Travail/cbnsl_benchmark/scaling/../scaling/results/2026-04-11_00h40_sem_gaussian/graphs/golden__v20_a30_g4.json,/home/mathis/Documents/Travail/cbnsl_benchmark/scaling/../scaling/results/2026-04-11_00h40_sem_gaussian/graphs/DAGMA__v20_a30_g4_s1000.json,,3.7054151859993,11.0,23.0,0.6666666666666665,0.8,0.6,0.6666666666666666
sem_gaussian,DAGMA,"{""lambda1"": 0.005, ""w_threshold_dagma"": 0.05}",20,30,3000,4,/home/mathis/Documents/Travail/cbnsl_benchmark/scaling/../scaling/results/2026-04-11_00h40_sem_gaussian/graphs/golden__v20_a30_g4.json,/home/mathis/Documents/Travail/cbnsl_benchmark/scaling/../scaling/results/2026-04-11_00h40_sem_gaussian/graphs/DAGMA__v20_a30_g4_s3000.json,,5.9807417080010055,8.0,22.0,0.7500000000000001,0.846153846153846,0.6923076923076923,0.7333333333333333
sem_gaussian,DAGMA,"{""lambda1"": 0.005, ""w_threshold_dagma"": 0.05}",20,30,5000,4,/home/mathis/Documents/Travail/cbnsl_benchmark/scaling/../scaling/results/2026-04-11_00h40_sem_gaussian/graphs/golden__v20_a30_g4.json,/home/mathis/Documents/Travail/cbnsl_benchmark/scaling/../scaling/results/2026-04-11_00h40_sem_gaussian/graphs/DAGMA__v20_a30_g4_s5000.json,,7.832926051996765,11.0,25.0,0.6666666666666665,0.8,0.6,0.6666666666666666
sem_gaussian,DAGMA,"{""lambda1"": 0.005, ""w_threshold_dagma"": 0.05}",20,30,200,5,/home/mathis/Documents/Travail/cbnsl_benchmark/scaling/../scaling/results/2026-04-11_00h40_sem_gaussian/graphs/golden__v20_a30_g5.json,/home/mathis/Documents/Travail/cbnsl_benchmark/scaling/../scaling/results/2026-04-11_00h40_sem_gaussian/graphs/DAGMA__v20_a30_g5_s200.json,,9.044326264003757,18.0,28.0,0.47619047619047616,0.7692307692307693,0.5263157894736842,0.6896551724137931
sem_gaussian,DAGMA,"{""lambda1"": 0.005, ""w_threshold_dagma"": 0.05}",20,30,500,5,/home/mathis/Documents/Travail/cbnsl_benchmark/scaling/../scaling/results/2026-04-11_00h40_sem_gaussian/graphs/golden__v20_a30_g5.json,/home/mathis/Documents/Travail/cbnsl_benchmark/scaling/../scaling/results/2026-04-11_00h40_sem_gaussian/graphs/DAGMA__v20_a30_g5_s500.json,,6.357720062005683,17.0,25.0,0.4761904761904762,0.7924528301886793,0.5555555555555556,0.7241379310344828
sem_gaussian,DAGMA,"{""lambda1"": 0.005, ""w_threshold_dagma"": 0.05}",20,30,1000,5,/home/mathis/Documents/Travail/cbnsl_benchmark/scaling/../scaling/results/2026-04-11_00h40_sem_gaussian/graphs/golden__v20_a30_g5.json,/home/mathis/Documents/Travail/cbnsl_benchmark/scaling/../scaling/results/2026-04-11_00h40_sem_gaussian/graphs/DAGMA__v20_a30_g5_s1000.json,,6.572383799997624,17.0,20.0,0.4761904761904762,0.8148148148148148,0.5882352941176471,0.7586206896551724
sem_gaussian,DAGMA,"{""lambda1"": 0.005, ""w_threshold_dagma"": 0.05}",20,30,3000,5,/home/mathis/Documents/Travail/cbnsl_benchmark/scaling/../scaling/results/2026-04-11_00h40_sem_gaussian/graphs/golden__v20_a30_g5.json,/home/mathis/Documents/Travail/cbnsl_benchmark/scaling/../scaling/results/2026-04-11_00h40_sem_gaussian/graphs/DAGMA__v20_a30_g5_s3000.json,,5.76910233200033,16.0,19.0,0.48780487804878053,0.830188679245283,0.5882352941176471,0.7586206896551724
sem_gaussian,DAGMA,"{""lambda1"": 0.005, ""w_threshold_dagma"": 0.05}",20,30,5000,5,/home/mathis/Documents/Travail/cbnsl_benchmark/scaling/../scaling/results/2026-04-11_00h40_sem_gaussian/graphs/golden__v20_a30_g5.json,/home/mathis/Documents/Travail/cbnsl_benchmark/scaling/../scaling/results/2026-04-11_00h40_sem_gaussian/graphs/DAGMA__v20_a30_g5_s5000.json,,9.63192236800387,13.0,19.0,0.5909090909090908,0.830188679245283,0.65,0.7586206896551724
sem_gaussian,DAGMA,"{""lambda1"": 0.005, ""w_threshold_dagma"": 0.05}",20,30,200,6,/home/mathis/Documents/Travail/cbnsl_benchmark/scaling/../scaling/results/2026-04-11_00h40_sem_gaussian/graphs/golden__v20_a30_g6.json,/home/mathis/Documents/Travail/cbnsl_benchmark/scaling/../scaling/results/2026-04-11_00h40_sem_gaussian/graphs/DAGMA__v20_a30_g6_s200.json,,8.196477398996649,17.0,26.0,0.39024390243902435,0.7777777777777777,0.47058823529411764,0.7
sem_gaussian,DAGMA,"{""lambda1"": 0.005, ""w_threshold_dagma"": 0.05}",20,30,500,6,/home/mathis/Documents/Travail/cbnsl_benchmark/scaling/../scaling/results/2026-04-11_00h40_sem_gaussian/graphs/golden__v20_a30_g6.json,/home/mathis/Documents/Travail/cbnsl_benchmark/scaling/../scaling/results/2026-04-11_00h40_sem_gaussian/graphs/DAGMA__v20_a30_g6_s500.json,,6.3515603679989,13.0,22.0,0.608695652173913,0.8571428571428571,0.7,0.8
sem_gaussian,DAGMA,"{""lambda1"": 0.005, ""w_threshold_dagma"": 0.05}",20,30,1000,6,/home/mathis/Documents/Travail/cbnsl_benchmark/scaling/../scaling/results/2026-04-11_00h40_sem_gaussian/graphs/golden__v20_a30_g6.json,/home/mathis/Documents/Travail/cbnsl_benchmark/scaling/../scaling/results/2026-04-11_00h40_sem_gaussian/graphs/DAGMA__v20_a30_g6_s1000.json,,2.211077738000313,10.0,19.0,0.5909090909090908,0.8518518518518519,0.65,0.7666666666666667
sem_gaussian,DAGMA,"{""lambda1"": 0.005, ""w_threshold_dagma"": 0.05}",20,30,3000,6,/home/mathis/Documents/Travail/cbnsl_benchmark/scaling/../scaling/results/2026-04-11_00h40_sem_gaussian/graphs/golden__v20_a30_g6.json,/home/mathis/Documents/Travail/cbnsl_benchmark/scaling/../scaling/results/2026-04-11_00h40_sem_gaussian/graphs/DAGMA__v20_a30_g6_s3000.json,,5.178178863003268,11.0,19.0,0.6956521739130435,0.9090909090909091,0.7619047619047619,0.8333333333333334
sem_gaussian,DAGMA,"{""lambda1"": 0.005, ""w_threshold_dagma"": 0.05}",20,30,5000,6,/home/mathis/Documents/Travail/cbnsl_benchmark/scaling/../scaling/results/2026-04-11_00h40_sem_gaussian/graphs/golden__v20_a30_g6.json,/home/mathis/Documents/Travail/cbnsl_benchmark/scaling/../scaling/results/2026-04-11_00h40_sem_gaussian/graphs/DAGMA__v20_a30_g6_s5000.json,,6.647189606999746,9.0,21.0,0.6521739130434783,0.8928571428571429,0.75,0.8333333333333334
sem_gaussian,DAGMA,"{""lambda1"": 0.005, ""w_threshold_dagma"": 0.05}",20,30,200,7,/home/mathis/Documents/Travail/cbnsl_benchmark/scaling/../scaling/results/2026-04-11_00h40_sem_gaussian/graphs/golden__v20_a30_g7.json,/home/mathis/Documents/Travail/cbnsl_benchmark/scaling/../scaling/results/2026-04-11_00h40_sem_gaussian/graphs/DAGMA__v20_a30_g7_s200.json,,5.236799651000183,17.0,24.0,0.6086956521739131,0.8363636363636363,0.6666666666666666,0.7666666666666667
sem_gaussian,DAGMA,"{""lambda1"": 0.005, ""w_threshold_dagma"": 0.05}",20,30,500,7,/home/mathis/Documents/Travail/cbnsl_benchmark/scaling/../scaling/results/2026-04-11_00h40_sem_gaussian/graphs/golden__v20_a30_g7.json,/home/mathis/Documents/Travail/cbnsl_benchmark/scaling/../scaling/results/2026-04-11_00h40_sem_gaussian/graphs/DAGMA__v20_a30_g7_s500.json,,7.600593156996183,19.0,18.0,0.5116279069767442,0.8363636363636363,0.6111111111111112,0.7666666666666667
sem_gaussian,DAGMA,"{""lambda1"": 0.005, ""w_threshold_dagma"": 0.05}",20,30,1000,7,/home/mathis/Documents/Travail/cbnsl_benchmark/scaling/../scaling/results/2026-04-11_00h40_sem_gaussian/graphs/golden__v20_a30_g7.json,/home/mathis/Documents/Travail/cbnsl_benchmark/scaling/../scaling/results/2026-04-11_00h40_sem_gaussian/graphs/DAGMA__v20_a30_g7_s1000.json,,6.016604575001111,19.0,18.0,0.5116279069767442,0.8363636363636363,0.6111111111111112,0.7666666666666667
sem_gaussian,DAGMA,"{""lambda1"": 0.005, ""w_threshold_dagma"": 0.05}",20,30,3000,7,/home/mathis/Documents/Travail/cbnsl_benchmark/scaling/../scaling/results/2026-04-11_00h40_sem_gaussian/graphs/golden__v20_a30_g7.json,/home/mathis/Documents/Travail/cbnsl_benchmark/scaling/../scaling/results/2026-04-11_00h40_sem_gaussian/graphs/DAGMA__v20_a30_g7_s3000.json,,8.746882015002484,19.0,26.0,0.5116279069767442,0.8148148148148148,0.5789473684210527,0.7333333333333333
sem_gaussian,DAGMA,"{""lambda1"": 0.005, ""w_threshold_dagma"": 0.05}",20,30,5000,7,/home/mathis/Documents/Travail/cbnsl_benchmark/scaling/../scaling/results/2026-04-11_00h40_sem_gaussian/graphs/golden__v20_a30_g7.json,/home/mathis/Documents/Travail/cbnsl_benchmark/scaling/../scaling/results/2026-04-11_00h40_sem_gaussian/graphs/DAGMA__v20_a30_g7_s5000.json,,5.5704636449954705,18.0,17.0,0.5454545454545455,0.8571428571428571,0.6666666666666666,0.8
sem_gaussian,DAGMA,"{""lambda1"": 0.005, ""w_threshold_dagma"": 0.05}",20,30,200,8,/home/mathis/Documents/Travail/cbnsl_benchmark/scaling/../scaling/results/2026-04-11_00h40_sem_gaussian/graphs/golden__v20_a30_g8.json,/home/mathis/Documents/Travail/cbnsl_benchmark/scaling/../scaling/results/2026-04-11_00h40_sem_gaussian/graphs/DAGMA__v20_a30_g8_s200.json,,8.015127937003854,12.0,29.0,0.7083333333333333,0.8076923076923077,0.6538461538461539,0.7
sem_gaussian,DAGMA,"{""lambda1"": 0.005, ""w_threshold_dagma"": 0.05}",20,30,500,8,/home/mathis/Documents/Travail/cbnsl_benchmark/scaling/../scaling/results/2026-04-11_00h40_sem_gaussian/graphs/golden__v20_a30_g8.json,/home/mathis/Documents/Travail/cbnsl_benchmark/scaling/../scaling/results/2026-04-11_00h40_sem_gaussian/graphs/DAGMA__v20_a30_g8_s500.json,,5.727585280998028,10.0,25.0,0.7500000000000001,0.846153846153846,0.6923076923076923,0.7333333333333333
sem_gaussian,DAGMA,"{""lambda1"": 0.005, ""w_threshold_dagma"": 0.05}",20,30,1000,8,/home/mathis/Documents/Travail/cbnsl_benchmark/scaling/../scaling/results/2026-04-11_00h40_sem_gaussian/graphs/golden__v20_a30_g8.json,/home/mathis/Documents/Travail/cbnsl_benchmark/scaling/../scaling/results/2026-04-11_00h40_sem_gaussian/graphs/DAGMA__v20_a30_g8_s1000.json,,5.0303605099979904,11.0,29.0,0.7346938775510203,0.8301886792452831,0.6923076923076923,0.7333333333333333
sem_gaussian,DAGMA,"{""lambda1"": 0.005, ""w_threshold_dagma"": 0.05}",20,30,3000,8,/home/mathis/Documents/Travail/cbnsl_benchmark/scaling/../scaling/results/2026-04-11_00h40_sem_gaussian/graphs/golden__v20_a30_g8.json,/home/mathis/Documents/Travail/cbnsl_benchmark/scaling/../scaling/results/2026-04-11_00h40_sem_gaussian/graphs/DAGMA__v20_a30_g8_s3000.json,,5.654893251994508,12.0,29.0,0.7083333333333333,0.8076923076923077,0.6538461538461539,0.7
sem_gaussian,DAGMA,"{""lambda1"": 0.005, ""w_threshold_dagma"": 0.05}",20,30,5000,8,/home/mathis/Documents/Travail/cbnsl_benchmark/scaling/../scaling/results/2026-04-11_00h40_sem_gaussian/graphs/golden__v20_a30_g8.json,/home/mathis/Documents/Travail/cbnsl_benchmark/scaling/../scaling/results/2026-04-11_00h40_sem_gaussian/graphs/DAGMA__v20_a30_g8_s5000.json,,5.7523815680033294,11.0,29.0,0.7346938775510203,0.8301886792452831,0.6923076923076923,0.7333333333333333
sem_gaussian,DAGMA,"{""lambda1"": 0.005, ""w_threshold_dagma"": 0.05}",20,30,200,9,/home/mathis/Documents/Travail/cbnsl_benchmark/scaling/../scaling/results/2026-04-11_00h40_sem_gaussian/graphs/golden__v20_a30_g9.json,/home/mathis/Documents/Travail/cbnsl_benchmark/scaling/../scaling/results/2026-04-11_00h40_sem_gaussian/graphs/DAGMA__v20_a30_g9_s200.json,,6.741620054999657,25.0,20.0,0.41025641025641024,0.8076923076923076,0.5,0.7241379310344828
sem_gaussian,DAGMA,"{""lambda1"": 0.005, ""w_threshold_dagma"": 0.05}",20,30,500,9,/home/mathis/Documents/Travail/cbnsl_benchmark/scaling/../scaling/results/2026-04-11_00h40_sem_gaussian/graphs/golden__v20_a30_g9.json,/home/mathis/Documents/Travail/cbnsl_benchmark/scaling/../scaling/results/2026-04-11_00h40_sem_gaussian/graphs/DAGMA__v20_a30_g9_s500.json,,8.320716454996727,26.0,25.0,0.3783783783783784,0.8679245283018867,0.5384615384615384,0.7931034482758621
sem_gaussian,DAGMA,"{""lambda1"": 0.005, ""w_threshold_dagma"": 0.05}",20,30,1000,9,/home/mathis/Documents/Travail/cbnsl_benchmark/scaling/../scaling/results/2026-04-11_00h40_sem_gaussian/graphs/golden__v20_a30_g9.json,/home/mathis/Documents/Travail/cbnsl_benchmark/scaling/../scaling/results/2026-04-11_00h40_sem_gaussian/graphs/DAGMA__v20_a30_g9_s1000.json,,11.085419447997992,24.0,23.0,0.46153846153846156,0.823529411764706,0.5294117647058824,0.7241379310344828
sem_gaussian,DAGMA,"{""lambda1"": 0.005, ""w_threshold_dagma"": 0.05}",20,30,3000,9,/home/mathis/Documents/Travail/cbnsl_benchmark/scaling/../scaling/results/2026-04-11_00h40_sem_gaussian/graphs/golden__v20_a30_g9.json,/home/mathis/Documents/Travail/cbnsl_benchmark/scaling/../scaling/results/2026-04-11_00h40_sem_gaussian/graphs/DAGMA__v20_a30_g9_s3000.json,,5.047053074005817,8.0,15.0,0.7111111111111111,0.9454545454545454,0.8421052631578947,0.896551724137931
sem_gaussian,DAGMA,"{""lambda1"": 0.005, ""w_threshold_dagma"": 0.05}",20,30,5000,9,/home/mathis/Documents/Travail/cbnsl_benchmark/scaling/../scaling/results/2026-04-11_00h40_sem_gaussian/graphs/golden__v20_a30_g9.json,/home/mathis/Documents/Travail/cbnsl_benchmark/scaling/../scaling/results/2026-04-11_00h40_sem_gaussian/graphs/DAGMA__v20_a30_g9_s5000.json,,6.576276507999864,6.0,15.0,0.7659574468085107,0.9454545454545454,0.8571428571428571,0.896551724137931
sem_gaussian,DAGMA,"{""lambda1"": 0.005, ""w_threshold_dagma"": 0.05}",20,30,200,10,/home/mathis/Documents/Travail/cbnsl_benchmark/scaling/../scaling/results/2026-04-11_00h40_sem_gaussian/graphs/golden__v20_a30_g10.json,/home/mathis/Documents/Travail/cbnsl_benchmark/scaling/../scaling/results/2026-04-11_00h40_sem_gaussian/graphs/DAGMA__v20_a30_g10_s200.json,,6.750754246997531,13.0,23.0,0.7346938775510203,0.8301886792452831,0.6923076923076923,0.7333333333333333
sem_gaussian,DAGMA,"{""lambda1"": 0.005, ""w_threshold_dagma"": 0.05}",20,30,500,10,/home/mathis/Documents/Travail/cbnsl_benchmark/scaling/../scaling/results/2026-04-11_00h40_sem_gaussian/graphs/golden__v20_a30_g10.json,/home/mathis/Documents/Travail/cbnsl_benchmark/scaling/../scaling/results/2026-04-11_00h40_sem_gaussian/graphs/DAGMA__v20_a30_g10_s500.json,,6.145871335000265,12.0,25.0,0.75,0.8235294117647058,0.6666666666666666,0.7
sem_gaussian,DAGMA,"{""lambda1"": 0.005, ""w_threshold_dagma"": 0.05}",20,30,1000,10,/home/mathis/Documents/Travail/cbnsl_benchmark/scaling/../scaling/results/2026-04-11_00h40_sem_gaussian/graphs/golden__v20_a30_g10.json,/home/mathis/Documents/Travail/cbnsl_benchmark/scaling/../scaling/results/2026-04-11_00h40_sem_gaussian/graphs/DAGMA__v20_a30_g10_s1000.json,,4.927991231001215,12.0,27.0,0.75,0.8235294117647058,0.6666666666666666,0.7
sem_gaussian,DAGMA,"{""lambda1"": 0.005, ""w_threshold_dagma"": 0.05}",20,30,3000,10,/home/mathis/Documents/Travail/cbnsl_benchmark/scaling/../scaling/results/2026-04-11_00h40_sem_gaussian/graphs/golden__v20_a30_g10.json,/home/mathis/Documents/Travail/cbnsl_benchmark/scaling/../scaling/results/2026-04-11_00h40_sem_gaussian/graphs/DAGMA__v20_a30_g10_s3000.json,,7.480678558000363,19.0,27.0,0.5365853658536585,0.8,0.5238095238095238,0.6666666666666666
sem_gaussian,DAGMA,"{""lambda1"": 0.005, ""w_threshold_dagma"": 0.05}",20,30,5000,10,/home/mathis/Documents/Travail/cbnsl_benchmark/scaling/../scaling/results/2026-04-11_00h40_sem_gaussian/graphs/golden__v20_a30_g10.json,/home/mathis/Documents/Travail/cbnsl_benchmark/scaling/../scaling/results/2026-04-11_00h40_sem_gaussian/graphs/DAGMA__v20_a30_g10_s5000.json,,7.6408878860020195,19.0,26.0,0.5365853658536586,0.7755102040816326,0.5,0.6333333333333333
sem_gaussian,DAGMA,"{""lambda1"": 0.005, ""w_threshold_dagma"": 0.05}",20,30,200,11,/home/mathis/Documents/Travail/cbnsl_benchmark/scaling/../scaling/results/2026-04-11_00h40_sem_gaussian/graphs/golden__v20_a30_g11.json,/home/mathis/Documents/Travail/cbnsl_benchmark/scaling/../scaling/results/2026-04-11_00h40_sem_gaussian/graphs/DAGMA__v20_a30_g11_s200.json,,5.6509599429991795,26.0,19.0,0.3157894736842105,0.8148148148148148,0.42857142857142855,0.7333333333333333
sem_gaussian,DAGMA,"{""lambda1"": 0.005, ""w_threshold_dagma"": 0.05}",20,30,500,11,/home/mathis/Documents/Travail/cbnsl_benchmark/scaling/../scaling/results/2026-04-11_00h40_sem_gaussian/graphs/golden__v20_a30_g11.json,/home/mathis/Documents/Travail/cbnsl_benchmark/scaling/../scaling/results/2026-04-11_00h40_sem_gaussian/graphs/DAGMA__v20_a30_g11_s500.json,,3.097664677996363,17.0,20.0,0.5365853658536585,0.8235294117647058,0.55,0.7
sem_gaussian,DAGMA,"{""lambda1"": 0.005, ""w_threshold_dagma"": 0.05}",20,30,1000,11,/home/mathis/Documents/Travail/cbnsl_benchmark/scaling/../scaling/results/2026-04-11_00h40_sem_gaussian/graphs/golden__v20_a30_g11.json,/home/mathis/Documents/Travail/cbnsl_benchmark/scaling/../scaling/results/2026-04-11_00h40_sem_gaussian/graphs/DAGMA__v20_a30_g11_s1000.json,,4.635010539001087,18.0,21.0,0.5238095238095238,0.8076923076923077,0.55,0.7
sem_gaussian,DAGMA,"{""lambda1"": 0.005, ""w_threshold_dagma"": 0.05}",20,30,3000,11,/home/mathis/Documents/Travail/cbnsl_benchmark/scaling/../scaling/results/2026-04-11_00h40_sem_gaussian/graphs/golden__v20_a30_g11.json,/home/mathis/Documents/Travail/cbnsl_benchmark/scaling/../scaling/results/2026-04-11_00h40_sem_gaussian/graphs/DAGMA__v20_a30_g11_s3000.json,,4.1485797700006515,14.0,21.0,0.6363636363636364,0.846153846153846,0.6363636363636364,0.7333333333333333
sem_gaussian,DAGMA,"{""lambda1"": 0.005, ""w_threshold_dagma"": 0.05}",20,30,5000,11,/home/mathis/Documents/Travail/cbnsl_benchmark/scaling/../scaling/results/2026-04-11_00h40_sem_gaussian/graphs/golden__v20_a30_g11.json,/home/mathis/Documents/Travail/cbnsl_benchmark/scaling/../scaling/results/2026-04-11_00h40_sem_gaussian/graphs/DAGMA__v20_a30_g11_s5000.json,,3.2640532209989033,17.0,22.0,0.5365853658536585,0.8235294117647058,0.55,0.7
sem_gaussian,DAGMA,"{""lambda1"": 0.005, ""w_threshold_dagma"": 0.05}",20,30,200,12,/home/mathis/Documents/Travail/cbnsl_benchmark/scaling/../scaling/results/2026-04-11_00h40_sem_gaussian/graphs/golden__v20_a30_g12.json,/home/mathis/Documents/Travail/cbnsl_benchmark/scaling/../scaling/results/2026-04-11_00h40_sem_gaussian/graphs/DAGMA__v20_a30_g12_s200.json,,5.255866429994057,26.0,27.0,0.34146341463414637,0.7169811320754716,0.3888888888888889,0.6333333333333333
sem_gaussian,DAGMA,"{""lambda1"": 0.005, ""w_threshold_dagma"": 0.05}",20,30,500,12,/home/mathis/Documents/Travail/cbnsl_benchmark/scaling/../scaling/results/2026-04-11_00h40_sem_gaussian/graphs/golden__v20_a30_g12.json,/home/mathis/Documents/Travail/cbnsl_benchmark/scaling/../scaling/results/2026-04-11_00h40_sem_gaussian/graphs/DAGMA__v20_a30_g12_s500.json,,3.9947259839973412,14.0,28.0,0.6521739130434783,0.8076923076923077,0.625,0.7
sem_gaussian,DAGMA,"{""lambda1"": 0.005, ""w_threshold_dagma"": 0.05}",20,30,1000,12,/home/mathis/Documents/Travail/cbnsl_benchmark/scaling/../scaling/results/2026-04-11_00h40_sem_gaussian/graphs/golden__v20_a30_g12.json,/home/mathis/Documents/Travail/cbnsl_benchmark/scaling/../scaling/results/2026-04-11_00h40_sem_gaussian/graphs/DAGMA__v20_a30_g12_s1000.json,,6.841766458994243,15.0,29.0,0.6382978723404256,0.7924528301886793,0.625,0.7
sem_gaussian,DAGMA,"{""lambda1"": 0.005, ""w_threshold_dagma"": 0.05}",20,30,3000,12,/home/mathis/Documents/Travail/cbnsl_benchmark/scaling/../scaling/results/2026-04-11_00h40_sem_gaussian/graphs/golden__v20_a30_g12.json,/home/mathis/Documents/Travail/cbnsl_benchmark/scaling/../scaling/results/2026-04-11_00h40_sem_gaussian/graphs/DAGMA__v20_a30_g12_s3000.json,,4.929999879001116,14.0,28.0,0.6521739130434783,0.8076923076923077,0.625,0.7
sem_gaussian,DAGMA,"{""lambda1"": 0.005, ""w_threshold_dagma"": 0.05}",20,30,5000,12,/home/mathis/Documents/Travail/cbnsl_benchmark/scaling/../scaling/results/2026-04-11_00h40_sem_gaussian/graphs/golden__v20_a30_g12.json,/home/mathis/Documents/Travail/cbnsl_benchmark/scaling/../scaling/results/2026-04-11_00h40_sem_gaussian/graphs/DAGMA__v20_a30_g12_s5000.json,,7.009447912001633,16.0,27.0,0.6086956521739131,0.7924528301886793,0.6086956521739131,0.7
sem_gaussian,DAGMA,"{""lambda1"": 0.005, ""w_threshold_dagma"": 0.05}",20,30,200,13,/home/mathis/Documents/Travail/cbnsl_benchmark/scaling/../scaling/results/2026-04-11_00h40_sem_gaussian/graphs/golden__v20_a30_g13.json,/home/mathis/Documents/Travail/cbnsl_benchmark/scaling/../scaling/results/2026-04-11_00h40_sem_gaussian/graphs/DAGMA__v20_a30_g13_s200.json,,5.552343686002132,18.0,26.0,0.5833333333333334,0.8275862068965518,0.7,0.8
sem_gaussian,DAGMA,"{""lambda1"": 0.005, ""w_threshold_dagma"": 0.05}",20,30,500,13,/home/mathis/Documents/Travail/cbnsl_benchmark/scaling/../scaling/results/2026-04-11_00h40_sem_gaussian/graphs/golden__v20_a30_g13.json,/home/mathis/Documents/Travail/cbnsl_benchmark/scaling/../scaling/results/2026-04-11_00h40_sem_gaussian/graphs/DAGMA__v20_a30_g13_s500.json,,4.06213025800389,13.0,21.0,0.6923076923076923,0.8666666666666667,0.8181818181818182,0.8666666666666667
sem_gaussian,DAGMA,"{""lambda1"": 0.005, ""w_threshold_dagma"": 0.05}",20,30,1000,13,/home/mathis/Documents/Travail/cbnsl_benchmark/scaling/../scaling/results/2026-04-11_00h40_sem_gaussian/graphs/golden__v20_a30_g13.json,/home/mathis/Documents/Travail/cbnsl_benchmark/scaling/../scaling/results/2026-04-11_00h40_sem_gaussian/graphs/DAGMA__v20_a30_g13_s1000.json,,9.8139698629966,13.0,11.0,0.7200000000000001,0.896551724137931,0.8181818181818182,0.8666666666666667
sem_gaussian,DAGMA,"{""lambda1"": 0.005, ""w_threshold_dagma"": 0.05}",20,30,3000,13,/home/mathis/Documents/Travail/cbnsl_benchmark/scaling/../scaling/results/2026-04-11_00h40_sem_gaussian/graphs/golden__v20_a30_g13.json,/home/mathis/Documents/Travail/cbnsl_benchmark/scaling/../scaling/results/2026-04-11_00h40_sem_gaussian/graphs/DAGMA__v20_a30_g13_s3000.json,,5.814221954999084,20.0,21.0,0.43902439024390244,0.8363636363636363,0.5625,0.7666666666666667
sem_gaussian,DAGMA,"{""lambda1"": 0.005, ""w_threshold_dagma"": 0.05}",20,30,5000,13,/home/mathis/Documents/Travail/cbnsl_benchmark/scaling/../scaling/results/2026-04-11_00h40_sem_gaussian/graphs/golden__v20_a30_g13.json,/home/mathis/Documents/Travail/cbnsl_benchmark/scaling/../scaling/results/2026-04-11_00h40_sem_gaussian/graphs/DAGMA__v20_a30_g13_s5000.json,,5.134881979000056,14.0,19.0,0.6666666666666667,0.8571428571428571,0.7272727272727273,0.8
sem_gaussian,DAGMA,"{""lambda1"": 0.005, ""w_threshold_dagma"": 0.05}",20,30,200,14,/home/mathis/Documents/Travail/cbnsl_benchmark/scaling/../scaling/results/2026-04-11_00h40_sem_gaussian/graphs/golden__v20_a30_g14.json,/home/mathis/Documents/Travail/cbnsl_benchmark/scaling/../scaling/results/2026-04-11_00h40_sem_gaussian/graphs/DAGMA__v20_a30_g14_s200.json,,4.355505594001443,7.0,19.0,0.7391304347826088,0.8627450980392156,0.7083333333333334,0.7586206896551724
sem_gaussian,DAGMA,"{""lambda1"": 0.005, ""w_threshold_dagma"": 0.05}",20,30,500,14,/home/mathis/Documents/Travail/cbnsl_benchmark/scaling/../scaling/results/2026-04-11_00h40_sem_gaussian/graphs/golden__v20_a30_g14.json,/home/mathis/Documents/Travail/cbnsl_benchmark/scaling/../scaling/results/2026-04-11_00h40_sem_gaussian/graphs/DAGMA__v20_a30_g14_s500.json,,6.05984062099742,15.0,26.0,0.47368421052631576,0.7916666666666666,0.47368421052631576,0.6551724137931034
sem_gaussian,DAGMA,"{""lambda1"": 0.005, ""w_threshold_dagma"": 0.05}",20,30,1000,14,/home/mathis/Documents/Travail/cbnsl_benchmark/scaling/../scaling/results/2026-04-11_00h40_sem_gaussian/graphs/golden__v20_a30_g14.json,/home/mathis/Documents/Travail/cbnsl_benchmark/scaling/../scaling/results/2026-04-11_00h40_sem_gaussian/graphs/DAGMA__v20_a30_g14_s1000.json,,6.7761447879966,10.0,23.0,0.7111111111111111,0.8400000000000001,0.6666666666666666,0.7241379310344828
sem_gaussian,DAGMA,"{""lambda1"": 0.005, ""w_threshold_dagma"": 0.05}",20,30,3000,14,/home/mathis/Documents/Travail/cbnsl_benchmark/scaling/../scaling/results/2026-04-11_00h40_sem_gaussian/graphs/golden__v20_a30_g14.json,/home/mathis/Documents/Travail/cbnsl_benchmark/scaling/../scaling/results/2026-04-11_00h40_sem_gaussian/graphs/DAGMA__v20_a30_g14_s3000.json,,5.227924418999464,15.0,26.0,0.47368421052631576,0.7916666666666666,0.47368421052631576,0.6551724137931034
sem_gaussian,DAGMA,"{""lambda1"": 0.005, ""w_threshold_dagma"": 0.05}",20,30,5000,14,/home/mathis/Documents/Travail/cbnsl_benchmark/scaling/../scaling/results/2026-04-11_00h40_sem_gaussian/graphs/golden__v20_a30_g14.json,/home/mathis/Documents/Travail/cbnsl_benchmark/scaling/../scaling/results/2026-04-11_00h40_sem_gaussian/graphs/DAGMA__v20_a30_g14_s5000.json,,4.275167523002892,17.0,23.0,0.55,0.8163265306122449,0.55,0.6896551724137931
sem_gaussian,DAGMA,"{""lambda1"": 0.005, ""w_threshold_dagma"": 0.05}",20,30,200,15,/home/mathis/Documents/Travail/cbnsl_benchmark/scaling/../scaling/results/2026-04-11_00h40_sem_gaussian/graphs/golden__v20_a30_g15.json,/home/mathis/Documents/Travail/cbnsl_benchmark/scaling/../scaling/results/2026-04-11_00h40_sem_gaussian/graphs/DAGMA__v20_a30_g15_s200.json,,6.937325504994078,13.0,29.0,0.6521739130434783,0.7843137254901961,0.6,0.6666666666666666
sem_gaussian,DAGMA,"{""lambda1"": 0.005, ""w_threshold_dagma"": 0.05}",20,30,500,15,/home/mathis/Documents/Travail/cbnsl_benchmark/scaling/../scaling/results/2026-04-11_00h40_sem_gaussian/graphs/golden__v20_a30_g15.json,/home/mathis/Documents/Travail/cbnsl_benchmark/scaling/../scaling/results/2026-04-11_00h40_sem_gaussian/graphs/DAGMA__v20_a30_g15_s500.json,,3.5906091680008103,13.0,22.0,0.6666666666666667,0.7692307692307692,0.6153846153846154,0.6666666666666666
sem_gaussian,DAGMA,"{""lambda1"": 0.005, ""w_threshold_dagma"": 0.05}",20,30,1000,15,/home/mathis/Documents/Travail/cbnsl_benchmark/scaling/../scaling/results/2026-04-11_00h40_sem_gaussian/graphs/golden__v20_a30_g15.json,/home/mathis/Documents/Travail/cbnsl_benchmark/scaling/../scaling/results/2026-04-11_00h40_sem_gaussian/graphs/DAGMA__v20_a30_g15_s1000.json,,5.495350277000398,13.0,22.0,0.6666666666666667,0.7692307692307692,0.6153846153846154,0.6666666666666666
sem_gaussian,DAGMA,"{""lambda1"": 0.005, ""w_threshold_dagma"": 0.05}",20,30,3000,15,/home/mathis/Documents/Travail/cbnsl_benchmark/scaling/../scaling/results/2026-04-11_00h40_sem_gaussian/graphs/golden__v20_a30_g15.json,/home/mathis/Documents/Travail/cbnsl_benchmark/scaling/../scaling/results/2026-04-11_00h40_sem_gaussian/graphs/DAGMA__v20_a30_g15_s3000.json,,7.156360388995381,13.0,22.0,0.6666666666666667,0.7692307692307692,0.6153846153846154,0.6666666666666666
sem_gaussian,DAGMA,"{""lambda1"": 0.005, ""w_threshold_dagma"": 0.05}",20,30,5000,15,/home/mathis/Documents/Travail/cbnsl_benchmark/scaling/../scaling/results/2026-04-11_00h40_sem_gaussian/graphs/golden__v20_a30_g15.json,/home/mathis/Documents/Travail/cbnsl_benchmark/scaling/../scaling/results/2026-04-11_00h40_sem_gaussian/graphs/DAGMA__v20_a30_g15_s5000.json,,7.542905538000923,13.0,22.0,0.6666666666666667,0.7692307692307692,0.6153846153846154,0.6666666666666666
sem_gaussian,DAGMA,"{""lambda1"": 0.005, ""w_threshold_dagma"": 0.05}",20,30,200,16,/home/mathis/Documents/Travail/cbnsl_benchmark/scaling/../scaling/results/2026-04-11_00h40_sem_gaussian/graphs/golden__v20_a30_g16.json,/home/mathis/Documents/Travail/cbnsl_benchmark/scaling/../scaling/results/2026-04-11_00h40_sem_gaussian/graphs/DAGMA__v20_a30_g16_s200.json,,5.25376402099937,10.0,22.0,0.6666666666666665,0.9090909090909091,0.75,0.8333333333333334
sem_gaussian,DAGMA,"{""lambda1"": 0.005, ""w_threshold_dagma"": 0.05}",20,30,500,16,/home/mathis/Documents/Travail/cbnsl_benchmark/scaling/../scaling/results/2026-04-11_00h40_sem_gaussian/graphs/golden__v20_a30_g16.json,/home/mathis/Documents/Travail/cbnsl_benchmark/scaling/../scaling/results/2026-04-11_00h40_sem_gaussian/graphs/DAGMA__v20_a30_g16_s500.json,,3.302753689997189,17.0,17.0,0.4210526315789474,0.846153846153846,0.5,0.7333333333333333
sem_gaussian,DAGMA,"{""lambda1"": 0.005, ""w_threshold_dagma"": 0.05}",20,30,1000,16,/home/mathis/Documents/Travail/cbnsl_benchmark/scaling/../scaling/results/2026-04-11_00h40_sem_gaussian/graphs/golden__v20_a30_g16.json,/home/mathis/Documents/Travail/cbnsl_benchmark/scaling/../scaling/results/2026-04-11_00h40_sem_gaussian/graphs/DAGMA__v20_a30_g16_s1000.json,,4.802733962002094,8.0,20.0,0.723404255319149,0.888888888888889,0.7391304347826086,0.8
sem_gaussian,DAGMA,"{""lambda1"": 0.005, ""w_threshold_dagma"": 0.05}",20,30,3000,16,/home/mathis/Documents/Travail/cbnsl_benchmark/scaling/../scaling/results/2026-04-11_00h40_sem_gaussian/graphs/golden__v20_a30_g16.json,/home/mathis/Documents/Travail/cbnsl_benchmark/scaling/../scaling/results/2026-04-11_00h40_sem_gaussian/graphs/DAGMA__v20_a30_g16_s3000.json,,9.315448198001832,14.0,20.0,0.5365853658536586,0.8679245283018869,0.6111111111111112,0.7666666666666667
sem_gaussian,DAGMA,"{""lambda1"": 0.005, ""w_threshold_dagma"": 0.05}",20,30,5000,16,/home/mathis/Documents/Travail/cbnsl_benchmark/scaling/../scaling/results/2026-04-11_00h40_sem_gaussian/graphs/golden__v20_a30_g16.json,/home/mathis/Documents/Travail/cbnsl_benchmark/scaling/../scaling/results/2026-04-11_00h40_sem_gaussian/graphs/DAGMA__v20_a30_g16_s5000.json,,4.243090194002434,9.0,22.0,0.6956521739130435,0.888888888888889,0.7272727272727273,0.8
sem_gaussian,DAGMA,"{""lambda1"": 0.005, ""w_threshold_dagma"": 0.05}",20,30,200,17,/home/mathis/Documents/Travail/cbnsl_benchmark/scaling/../scaling/results/2026-04-11_00h40_sem_gaussian/graphs/golden__v20_a30_g17.json,/home/mathis/Documents/Travail/cbnsl_benchmark/scaling/../scaling/results/2026-04-11_00h40_sem_gaussian/graphs/DAGMA__v20_a30_g17_s200.json,,6.349000481000985,20.0,26.0,0.5454545454545454,0.7450980392156863,0.5217391304347826,0.6333333333333333
sem_gaussian,DAGMA,"{""lambda1"": 0.005, ""w_threshold_dagma"": 0.05}",20,30,500,17,/home/mathis/Documents/Travail/cbnsl_benchmark/scaling/../scaling/results/2026-04-11_00h40_sem_gaussian/graphs/golden__v20_a30_g17.json,/home/mathis/Documents/Travail/cbnsl_benchmark/scaling/../scaling/results/2026-04-11_00h40_sem_gaussian/graphs/DAGMA__v20_a30_g17_s500.json,,7.2458442770002875,20.0,17.0,0.4878048780487805,0.7843137254901961,0.5,0.6666666666666666
sem_gaussian,DAGMA,"{""lambda1"": 0.005, ""w_threshold_dagma"": 0.05}",20,30,1000,17,/home/mathis/Documents/Travail/cbnsl_benchmark/scaling/../scaling/results/2026-04-11_00h40_sem_gaussian/graphs/golden__v20_a30_g17.json,/home/mathis/Documents/Travail/cbnsl_benchmark/scaling/../scaling/results/2026-04-11_00h40_sem_gaussian/graphs/DAGMA__v20_a30_g17_s1000.json,,6.098648373001197,16.0,22.0,0.6222222222222222,0.7843137254901961,0.5833333333333334,0.6666666666666666
sem_gaussian,DAGMA,"{""lambda1"": 0.005, ""w_threshold_dagma"": 0.05}",20,30,3000,17,/home/mathis/Documents/Travail/cbnsl_benchmark/scaling/../scaling/results/2026-04-11_00h40_sem_gaussian/graphs/golden__v20_a30_g17.json,/home/mathis/Documents/Travail/cbnsl_benchmark/scaling/../scaling/results/2026-04-11_00h40_sem_gaussian/graphs/DAGMA__v20_a30_g17_s3000.json,,7.357859201998508,13.0,20.0,0.6956521739130435,0.846153846153846,0.6666666666666666,0.7333333333333333
sem_gaussian,DAGMA,"{""lambda1"": 0.005, ""w_threshold_dagma"": 0.05}",20,30,5000,17,/home/mathis/Documents/Travail/cbnsl_benchmark/scaling/../scaling/results/2026-04-11_00h40_sem_gaussian/graphs/golden__v20_a30_g17.json,/home/mathis/Documents/Travail/cbnsl_benchmark/scaling/../scaling/results/2026-04-11_00h40_sem_gaussian/graphs/DAGMA__v20_a30_g17_s5000.json,,8.770272986002965,13.0,20.0,0.6956521739130435,0.8235294117647058,0.64,0.7
sem_gaussian,DAGMA,"{""lambda1"": 0.005, ""w_threshold_dagma"": 0.05}",20,30,200,18,/home/mathis/Documents/Travail/cbnsl_benchmark/scaling/../scaling/results/2026-04-11_00h40_sem_gaussian/graphs/golden__v20_a30_g18.json,/home/mathis/Documents/Travail/cbnsl_benchmark/scaling/../scaling/results/2026-04-11_00h40_sem_gaussian/graphs/DAGMA__v20_a30_g18_s200.json,,5.792693158000475,29.0,31.0,0.3829787234042553,0.7333333333333333,0.5294117647058824,0.7333333333333333
sem_gaussian,DAGMA,"{""lambda1"": 0.005, ""w_threshold_dagma"": 0.05}",20,30,500,18,/home/mathis/Documents/Travail/cbnsl_benchmark/scaling/../scaling/results/2026-04-11_00h40_sem_gaussian/graphs/golden__v20_a30_g18.json,/home/mathis/Documents/Travail/cbnsl_benchmark/scaling/../scaling/results/2026-04-11_00h40_sem_gaussian/graphs/DAGMA__v20_a30_g18_s500.json,,4.158933735998289,26.0,32.0,0.35000000000000003,0.7777777777777777,0.4375,0.7
sem_gaussian,DAGMA,"{""lambda1"": 0.005, ""w_threshold_dagma"": 0.05}",20,30,1000,18,/home/mathis/Documents/Travail/cbnsl_benchmark/scaling/../scaling/results/2026-04-11_00h40_sem_gaussian/graphs/golden__v20_a30_g18.json,/home/mathis/Documents/Travail/cbnsl_benchmark/scaling/../scaling/results/2026-04-11_00h40_sem_gaussian/graphs/DAGMA__v20_a30_g18_s1000.json,,9.773653966003621,23.0,27.0,0.4888888888888889,0.7857142857142856,0.5789473684210527,0.7333333333333333
sem_gaussian,DAGMA,"{""lambda1"": 0.005, ""w_threshold_dagma"": 0.05}",20,30,3000,18,/home/mathis/Documents/Travail/cbnsl_benchmark/scaling/../scaling/results/2026-04-11_00h40_sem_gaussian/graphs/golden__v20_a30_g18.json,/home/mathis/Documents/Travail/cbnsl_benchmark/scaling/../scaling/results/2026-04-11_00h40_sem_gaussian/graphs/DAGMA__v20_a30_g18_s3000.json,,5.6735939150021295,24.0,31.0,0.4,0.8148148148148148,0.5,0.7333333333333333
sem_gaussian,DAGMA,"{""lambda1"": 0.005, ""w_threshold_dagma"": 0.05}",20,30,5000,18,/home/mathis/Documents/Travail/cbnsl_benchmark/scaling/../scaling/results/2026-04-11_00h40_sem_gaussian/graphs/golden__v20_a30_g18.json,/home/mathis/Documents/Travail/cbnsl_benchmark/scaling/../scaling/results/2026-04-11_00h40_sem_gaussian/graphs/DAGMA__v20_a30_g18_s5000.json,,4.178663489001337,24.0,31.0,0.4,0.8148148148148148,0.5,0.7333333333333333
sem_gaussian,DAGMA,"{""lambda1"": 0.005, ""w_threshold_dagma"": 0.05}",20,30,200,19,/home/mathis/Documents/Travail/cbnsl_benchmark/scaling/../scaling/results/2026-04-11_00h40_sem_gaussian/graphs/golden__v20_a30_g19.json,/home/mathis/Documents/Travail/cbnsl_benchmark/scaling/../scaling/results/2026-04-11_00h40_sem_gaussian/graphs/DAGMA__v20_a30_g19_s200.json,,4.669227997001144,21.0,27.0,0.5652173913043478,0.7307692307692307,0.5416666666666666,0.6333333333333333
sem_gaussian,DAGMA,"{""lambda1"": 0.005, ""w_threshold_dagma"": 0.05}",20,30,500,19,/home/mathis/Documents/Travail/cbnsl_benchmark/scaling/../scaling/results/2026-04-11_00h40_sem_gaussian/graphs/golden__v20_a30_g19.json,/home/mathis/Documents/Travail/cbnsl_benchmark/scaling/../scaling/results/2026-04-11_00h40_sem_gaussian/graphs/DAGMA__v20_a30_g19_s500.json,,6.559033436999016,23.0,30.0,0.3902439024390244,0.7547169811320754,0.4444444444444444,0.6666666666666666
sem_gaussian,DAGMA,"{""lambda1"": 0.005, ""w_threshold_dagma"": 0.05}",20,30,1000,19,/home/mathis/Documents/Travail/cbnsl_benchmark/scaling/../scaling/results/2026-04-11_00h40_sem_gaussian/graphs/golden__v20_a30_g19.json,/home/mathis/Documents/Travail/cbnsl_benchmark/scaling/../scaling/results/2026-04-11_00h40_sem_gaussian/graphs/DAGMA__v20_a30_g19_s1000.json,,4.002002811001148,22.0,29.0,0.39999999999999997,0.7924528301886793,0.47058823529411764,0.7
sem_gaussian,DAGMA,"{""lambda1"": 0.005, ""w_threshold_dagma"": 0.05}",20,30,3000,19,/home/mathis/Documents/Travail/cbnsl_benchmark/scaling/../scaling/results/2026-04-11_00h40_sem_gaussian/graphs/golden__v20_a30_g19.json,/home/mathis/Documents/Travail/cbnsl_benchmark/scaling/../scaling/results/2026-04-11_00h40_sem_gaussian/graphs/DAGMA__v20_a30_g19_s3000.json,,6.040774618006253,23.0,29.0,0.39999999999999997,0.7692307692307692,0.4444444444444444,0.6666666666666666
sem_gaussian,DAGMA,"{""lambda1"": 0.005, ""w_threshold_dagma"": 0.05}",20,30,5000,19,/home/mathis/Documents/Travail/cbnsl_benchmark/scaling/../scaling/results/2026-04-11_00h40_sem_gaussian/graphs/golden__v20_a30_g19.json,/home/mathis/Documents/Travail/cbnsl_benchmark/scaling/../scaling/results/2026-04-11_00h40_sem_gaussian/graphs/DAGMA__v20_a30_g19_s5000.json,,2.6989658230013447,22.0,28.0,0.41025641025641024,0.7843137254901961,0.4444444444444444,0.6666666666666666
sem_gaussian,DAGMA,"{""lambda1"": 0.005, ""w_threshold_dagma"": 0.05}",20,30,200,20,/home/mathis/Documents/Travail/cbnsl_benchmark/scaling/../scaling/results/2026-04-11_00h40_sem_gaussian/graphs/golden__v20_a30_g20.json,/home/mathis/Documents/Travail/cbnsl_benchmark/scaling/../scaling/results/2026-04-11_00h40_sem_gaussian/graphs/DAGMA__v20_a30_g20_s200.json,,5.300002565003524,30.0,18.0,0.2631578947368421,0.7058823529411764,0.29411764705882354,0.6
sem_gaussian,DAGMA,"{""lambda1"": 0.005, ""w_threshold_dagma"": 0.05}",20,30,500,20,/home/mathis/Documents/Travail/cbnsl_benchmark/scaling/../scaling/results/2026-04-11_00h40_sem_gaussian/graphs/golden__v20_a30_g20.json,/home/mathis/Documents/Travail/cbnsl_benchmark/scaling/../scaling/results/2026-04-11_00h40_sem_gaussian/graphs/DAGMA__v20_a30_g20_s500.json,,3.686297914995521,25.0,19.0,0.43902439024390244,0.7692307692307692,0.47368421052631576,0.6666666666666666
sem_gaussian,DAGMA,"{""lambda1"": 0.005, ""w_threshold_dagma"": 0.05}",20,30,1000,20,/home/mathis/Documents/Travail/cbnsl_benchmark/scaling/../scaling/results/2026-04-11_00h40_sem_gaussian/graphs/golden__v20_a30_g20.json,/home/mathis/Documents/Travail/cbnsl_benchmark/scaling/../scaling/results/2026-04-11_00h40_sem_gaussian/graphs/DAGMA__v20_a30_g20_s1000.json,,3.764090980999754,19.0,17.0,0.4878048780487805,0.7843137254901961,0.5,0.6666666666666666
sem_gaussian,DAGMA,"{""lambda1"": 0.005, ""w_threshold_dagma"": 0.05}",20,30,3000,20,/home/mathis/Documents/Travail/cbnsl_benchmark/scaling/../scaling/results/2026-04-11_00h40_sem_gaussian/graphs/golden__v20_a30_g20.json,/home/mathis/Documents/Travail/cbnsl_benchmark/scaling/../scaling/results/2026-04-11_00h40_sem_gaussian/graphs/DAGMA__v20_a30_g20_s3000.json,,10.066103149998526,20.0,27.0,0.45,0.8076923076923077,0.5,0.7
sem_gaussian,DAGMA,"{""lambda1"": 0.005, ""w_threshold_dagma"": 0.05}",20,30,5000,20,/home/mathis/Documents/Travail/cbnsl_benchmark/scaling/../scaling/results/2026-04-11_00h40_sem_gaussian/graphs/golden__v20_a30_g20.json,/home/mathis/Documents/Travail/cbnsl_benchmark/scaling/../scaling/results/2026-04-11_00h40_sem_gaussian/graphs/DAGMA__v20_a30_g20_s5000.json,,6.696951844001887,19.0,16.0,0.4878048780487805,0.8076923076923077,0.5263157894736842,0.7
sem_gaussian,DAGMA,"{""lambda1"": 0.005, ""w_threshold_dagma"": 0.05}",20,30,200,21,/home/mathis/Documents/Travail/cbnsl_benchmark/scaling/../scaling/results/2026-04-11_00h40_sem_gaussian/graphs/golden__v20_a30_g21.json,/home/mathis/Documents/Travail/cbnsl_benchmark/scaling/../scaling/results/2026-04-11_00h40_sem_gaussian/graphs/DAGMA__v20_a30_g21_s200.json,,6.79157365699939,19.0,26.0,0.42857142857142855,0.7777777777777777,0.5,0.7
sem_gaussian,DAGMA,"{""lambda1"": 0.005, ""w_threshold_dagma"": 0.05}",20,30,500,21,/home/mathis/Documents/Travail/cbnsl_benchmark/scaling/../scaling/results/2026-04-11_00h40_sem_gaussian/graphs/golden__v20_a30_g21.json,/home/mathis/Documents/Travail/cbnsl_benchmark/scaling/../scaling/results/2026-04-11_00h40_sem_gaussian/graphs/DAGMA__v20_a30_g21_s500.json,,5.686806521996914,13.0,17.0,0.6666666666666667,0.8571428571428571,0.7272727272727273,0.8
sem_gaussian,DAGMA,"{""lambda1"": 0.005, ""w_threshold_dagma"": 0.05}",20,30,1000,21,/home/mathis/Documents/Travail/cbnsl_benchmark/scaling/../scaling/results/2026-04-11_00h40_sem_gaussian/graphs/golden__v20_a30_g21.json,/home/mathis/Documents/Travail/cbnsl_benchmark/scaling/../scaling/results/2026-04-11_00h40_sem_gaussian/graphs/DAGMA__v20_a30_g21_s1000.json,,4.801618951001728,12.0,16.0,0.6808510638297872,0.8727272727272728,0.7272727272727273,0.8
sem_gaussian,DAGMA,"{""lambda1"": 0.005, ""w_threshold_dagma"": 0.05}",20,30,3000,21,/home/mathis/Documents/Travail/cbnsl_benchmark/scaling/../scaling/results/2026-04-11_00h40_sem_gaussian/graphs/golden__v20_a30_g21.json,/home/mathis/Documents/Travail/cbnsl_benchmark/scaling/../scaling/results/2026-04-11_00h40_sem_gaussian/graphs/DAGMA__v20_a30_g21_s3000.json,,3.1645620580020477,12.0,26.0,0.6808510638297872,0.8518518518518519,0.6956521739130435,0.7666666666666667
sem_gaussian,DAGMA,"{""lambda1"": 0.005, ""w_threshold_dagma"": 0.05}",20,30,5000,21,/home/mathis/Documents/Travail/cbnsl_benchmark/scaling/../scaling/results/2026-04-11_00h40_sem_gaussian/graphs/golden__v20_a30_g21.json,/home/mathis/Documents/Travail/cbnsl_benchmark/scaling/../scaling/results/2026-04-11_00h40_sem_gaussian/graphs/DAGMA__v20_a30_g21_s5000.json,,6.529289167003299,12.0,26.0,0.6808510638297872,0.8518518518518519,0.6956521739130435,0.7666666666666667
sem_gaussian,DAGMA,"{""lambda1"": 0.005, ""w_threshold_dagma"": 0.05}",20,30,200,22,/home/mathis/Documents/Travail/cbnsl_benchmark/scaling/../scaling/results/2026-04-11_00h40_sem_gaussian/graphs/golden__v20_a30_g22.json,/home/mathis/Documents/Travail/cbnsl_benchmark/scaling/../scaling/results/2026-04-11_00h40_sem_gaussian/graphs/DAGMA__v20_a30_g22_s200.json,,5.211521190001804,16.0,15.0,0.5128205128205129,0.7659574468085107,0.47619047619047616,0.6206896551724138
sem_gaussian,DAGMA,"{""lambda1"": 0.005, ""w_threshold_dagma"": 0.05}",20,30,500,22,/home/mathis/Documents/Travail/cbnsl_benchmark/scaling/../scaling/results/2026-04-11_00h40_sem_gaussian/graphs/golden__v20_a30_g22.json,/home/mathis/Documents/Travail/cbnsl_benchmark/scaling/../scaling/results/2026-04-11_00h40_sem_gaussian/graphs/DAGMA__v20_a30_g22_s500.json,,7.051873625998269,15.0,16.0,0.5365853658536585,0.7999999999999999,0.55,0.6896551724137931
sem_gaussian,DAGMA,"{""lambda1"": 0.005, ""w_threshold_dagma"": 0.05}",20,30,1000,22,/home/mathis/Documents/Travail/cbnsl_benchmark/scaling/../scaling/results/2026-04-11_00h40_sem_gaussian/graphs/golden__v20_a30_g22.json,/home/mathis/Documents/Travail/cbnsl_benchmark/scaling/../scaling/results/2026-04-11_00h40_sem_gaussian/graphs/DAGMA__v20_a30_g22_s1000.json,,6.374284196004737,16.0,18.0,0.43243243243243246,0.7916666666666666,0.4444444444444444,0.6551724137931034
sem_gaussian,DAGMA,"{""lambda1"": 0.005, ""w_threshold_dagma"": 0.05}",20,30,3000,22,/home/mathis/Documents/Travail/cbnsl_benchmark/scaling/../scaling/results/2026-04-11_00h40_sem_gaussian/graphs/golden__v20_a30_g22.json,/home/mathis/Documents/Travail/cbnsl_benchmark/scaling/../scaling/results/2026-04-11_00h40_sem_gaussian/graphs/DAGMA__v20_a30_g22_s3000.json,,5.040320218002307,17.0,16.0,0.4324324324324324,0.8163265306122449,0.47058823529411764,0.6896551724137931
sem_gaussian,DAGMA,"{""lambda1"": 0.005, ""w_threshold_dagma"": 0.05}",20,30,5000,22,/home/mathis/Documents/Travail/cbnsl_benchmark/scaling/../scaling/results/2026-04-11_00h40_sem_gaussian/graphs/golden__v20_a30_g22.json,/home/mathis/Documents/Travail/cbnsl_benchmark/scaling/../scaling/results/2026-04-11_00h40_sem_gaussian/graphs/DAGMA__v20_a30_g22_s5000.json,,6.099412698000378,11.0,20.0,0.6190476190476191,0.8400000000000001,0.6190476190476191,0.7241379310344828
sem_gaussian,DAGMA,"{""lambda1"": 0.005, ""w_threshold_dagma"": 0.05}",20,30,200,23,/home/mathis/Documents/Travail/cbnsl_benchmark/scaling/../scaling/results/2026-04-11_00h40_sem_gaussian/graphs/golden__v20_a30_g23.json,/home/mathis/Documents/Travail/cbnsl_benchmark/scaling/../scaling/results/2026-04-11_00h40_sem_gaussian/graphs/DAGMA__v20_a30_g23_s200.json,,3.7994214430000284,12.0,27.0,0.72,0.8363636363636363,0.72,0.7666666666666667
sem_gaussian,DAGMA,"{""lambda1"": 0.005, ""w_threshold_dagma"": 0.05}",20,30,500,23,/home/mathis/Documents/Travail/cbnsl_benchmark/scaling/../scaling/results/2026-04-11_00h40_sem_gaussian/graphs/golden__v20_a30_g23.json,/home/mathis/Documents/Travail/cbnsl_benchmark/scaling/../scaling/results/2026-04-11_00h40_sem_gaussian/graphs/DAGMA__v20_a30_g23_s500.json,,6.761647198996798,14.0,21.0,0.68,0.8214285714285715,0.7083333333333334,0.7666666666666667
sem_gaussian,DAGMA,"{""lambda1"": 0.005, ""w_threshold_dagma"": 0.05}",20,30,1000,23,/home/mathis/Documents/Travail/cbnsl_benchmark/scaling/../scaling/results/2026-04-11_00h40_sem_gaussian/graphs/golden__v20_a30_g23.json,/home/mathis/Documents/Travail/cbnsl_benchmark/scaling/../scaling/results/2026-04-11_00h40_sem_gaussian/graphs/DAGMA__v20_a30_g23_s1000.json,,3.114914529003727,16.0,19.0,0.6530612244897959,0.8421052631578948,0.7272727272727273,0.8
sem_gaussian,DAGMA,"{""lambda1"": 0.005, ""w_threshold_dagma"": 0.05}",20,30,3000,23,/home/mathis/Documents/Travail/cbnsl_benchmark/scaling/../scaling/results/2026-04-11_00h40_sem_gaussian/graphs/golden__v20_a30_g23.json,/home/mathis/Documents/Travail/cbnsl_benchmark/scaling/../scaling/results/2026-04-11_00h40_sem_gaussian/graphs/DAGMA__v20_a30_g23_s3000.json,,6.975057602998277,19.0,17.0,0.5116279069767442,0.8571428571428571,0.6470588235294118,0.8
sem_gaussian,DAGMA,"{""lambda1"": 0.005, ""w_threshold_dagma"": 0.05}",20,30,5000,23,/home/mathis/Documents/Travail/cbnsl_benchmark/scaling/../scaling/results/2026-04-11_00h40_sem_gaussian/graphs/golden__v20_a30_g23.json,/home/mathis/Documents/Travail/cbnsl_benchmark/scaling/../scaling/results/2026-04-11_00h40_sem_gaussian/graphs/DAGMA__v20_a30_g23_s5000.json,,8.529186266001489,18.0,19.0,0.5238095238095238,0.8727272727272728,0.6470588235294118,0.8
sem_gaussian,DAGMA,"{""lambda1"": 0.005, ""w_threshold_dagma"": 0.05}",20,30,200,24,/home/mathis/Documents/Travail/cbnsl_benchmark/scaling/../scaling/results/2026-04-11_00h40_sem_gaussian/graphs/golden__v20_a30_g24.json,/home/mathis/Documents/Travail/cbnsl_benchmark/scaling/../scaling/results/2026-04-11_00h40_sem_gaussian/graphs/DAGMA__v20_a30_g24_s200.json,,9.069264677003957,12.0,18.0,0.6976744186046512,0.7555555555555554,0.5769230769230769,0.6071428571428571
sem_gaussian,DAGMA,"{""lambda1"": 0.005, ""w_threshold_dagma"": 0.05}",20,30,500,24,/home/mathis/Documents/Travail/cbnsl_benchmark/scaling/../scaling/results/2026-04-11_00h40_sem_gaussian/graphs/golden__v20_a30_g24.json,/home/mathis/Documents/Travail/cbnsl_benchmark/scaling/../scaling/results/2026-04-11_00h40_sem_gaussian/graphs/DAGMA__v20_a30_g24_s500.json,,6.382359757000813,12.0,18.0,0.6976744186046512,0.782608695652174,0.6,0.6428571428571429
sem_gaussian,DAGMA,"{""lambda1"": 0.005, ""w_threshold_dagma"": 0.05}",20,30,1000,24,/home/mathis/Documents/Travail/cbnsl_benchmark/scaling/../scaling/results/2026-04-11_00h40_sem_gaussian/graphs/golden__v20_a30_g24.json,/home/mathis/Documents/Travail/cbnsl_benchmark/scaling/../scaling/results/2026-04-11_00h40_sem_gaussian/graphs/DAGMA__v20_a30_g24_s1000.json,,4.711764649997349,10.0,18.0,0.7555555555555556,0.782608695652174,0.6296296296296297,0.6428571428571429
sem_gaussian,DAGMA,"{""lambda1"": 0.005, ""w_threshold_dagma"": 0.05}",20,30,3000,24,/home/mathis/Documents/Travail/cbnsl_benchmark/scaling/../scaling/results/2026-04-11_00h40_sem_gaussian/graphs/golden__v20_a30_g24.json,/home/mathis/Documents/Travail/cbnsl_benchmark/scaling/../scaling/results/2026-04-11_00h40_sem_gaussian/graphs/DAGMA__v20_a30_g24_s3000.json,,8.079698406996613,9.0,18.0,0.782608695652174,0.8085106382978724,0.6666666666666666,0.6785714285714286
sem_gaussian,DAGMA,"{""lambda1"": 0.005, ""w_threshold_dagma"": 0.05}",20,30,5000,24,/home/mathis/Documents/Travail/cbnsl_benchmark/scaling/../scaling/results/2026-04-11_00h40_sem_gaussian/graphs/golden__v20_a30_g24.json,/home/mathis/Documents/Travail/cbnsl_benchmark/scaling/../scaling/results/2026-04-11_00h40_sem_gaussian/graphs/DAGMA__v20_a30_g24_s5000.json,,6.078291434998391,9.0,18.0,0.782608695652174,0.8085106382978724,0.6666666666666666,0.6785714285714286
sem_gaussian,DAGMA,"{""lambda1"": 0.005, ""w_threshold_dagma"": 0.05}",20,30,200,25,/home/mathis/Documents/Travail/cbnsl_benchmark/scaling/../scaling/results/2026-04-11_00h40_sem_gaussian/graphs/golden__v20_a30_g25.json,/home/mathis/Documents/Travail/cbnsl_benchmark/scaling/../scaling/results/2026-04-11_00h40_sem_gaussian/graphs/DAGMA__v20_a30_g25_s200.json,,8.473134430001664,19.0,23.0,0.64,0.8666666666666667,0.8,0.8666666666666667
sem_gaussian,DAGMA,"{""lambda1"": 0.005, ""w_threshold_dagma"": 0.05}",20,30,500,25,/home/mathis/Documents/Travail/cbnsl_benchmark/scaling/../scaling/results/2026-04-11_00h40_sem_gaussian/graphs/golden__v20_a30_g25.json,/home/mathis/Documents/Travail/cbnsl_benchmark/scaling/../scaling/results/2026-04-11_00h40_sem_gaussian/graphs/DAGMA__v20_a30_g25_s500.json,,4.947978828000487,18.0,26.0,0.625,0.9,0.8333333333333334,0.9
sem_gaussian,DAGMA,"{""lambda1"": 0.005, ""w_threshold_dagma"": 0.05}",20,30,1000,25,/home/mathis/Documents/Travail/cbnsl_benchmark/scaling/../scaling/results/2026-04-11_00h40_sem_gaussian/graphs/golden__v20_a30_g25.json,/home/mathis/Documents/Travail/cbnsl_benchmark/scaling/../scaling/results/2026-04-11_00h40_sem_gaussian/graphs/DAGMA__v20_a30_g25_s1000.json,,5.996558532999188,17.0,18.0,0.6530612244897959,0.8813559322033899,0.8,0.8666666666666667
sem_gaussian,DAGMA,"{""lambda1"": 0.005, ""w_threshold_dagma"": 0.05}",20,30,3000,25,/home/mathis/Documents/Travail/cbnsl_benchmark/scaling/../scaling/results/2026-04-11_00h40_sem_gaussian/graphs/golden__v20_a30_g25.json,/home/mathis/Documents/Travail/cbnsl_benchmark/scaling/../scaling/results/2026-04-11_00h40_sem_gaussian/graphs/DAGMA__v20_a30_g25_s3000.json,,6.541721221001353,16.0,20.0,0.6666666666666666,0.896551724137931,0.8,0.8666666666666667
sem_gaussian,DAGMA,"{""lambda1"": 0.005, ""w_threshold_dagma"": 0.05}",20,30,5000,25,/home/mathis/Documents/Travail/cbnsl_benchmark/scaling/../scaling/results/2026-04-11_00h40_sem_gaussian/graphs/golden__v20_a30_g25.json,/home/mathis/Documents/Travail/cbnsl_benchmark/scaling/../scaling/results/2026-04-11_00h40_sem_gaussian/graphs/DAGMA__v20_a30_g25_s5000.json,,6.677392245997908,16.0,24.0,0.6530612244897959,0.8620689655172413,0.7619047619047619,0.8333333333333334
sem_gaussian,DAGMA,"{""lambda1"": 0.005, ""w_threshold_dagma"": 0.05}",20,30,200,26,/home/mathis/Documents/Travail/cbnsl_benchmark/scaling/../scaling/results/2026-04-11_00h40_sem_gaussian/graphs/golden__v20_a30_g26.json,/home/mathis/Documents/Travail/cbnsl_benchmark/scaling/../scaling/results/2026-04-11_00h40_sem_gaussian/graphs/DAGMA__v20_a30_g26_s200.json,,3.1647671069949865,18.0,24.0,0.5957446808510638,0.7777777777777777,0.6086956521739131,0.7
sem_gaussian,DAGMA,"{""lambda1"": 0.005, ""w_threshold_dagma"": 0.05}",20,30,500,26,/home/mathis/Documents/Travail/cbnsl_benchmark/scaling/../scaling/results/2026-04-11_00h40_sem_gaussian/graphs/golden__v20_a30_g26.json,/home/mathis/Documents/Travail/cbnsl_benchmark/scaling/../scaling/results/2026-04-11_00h40_sem_gaussian/graphs/DAGMA__v20_a30_g26_s500.json,,8.963111595003284,21.0,21.0,0.4,0.8363636363636363,0.5333333333333333,0.7666666666666667
sem_gaussian,DAGMA,"{""lambda1"": 0.005, ""w_threshold_dagma"": 0.05}",20,30,1000,26,/home/mathis/Documents/Travail/cbnsl_benchmark/scaling/../scaling/results/2026-04-11_00h40_sem_gaussian/graphs/golden__v20_a30_g26.json,/home/mathis/Documents/Travail/cbnsl_benchmark/scaling/../scaling/results/2026-04-11_00h40_sem_gaussian/graphs/DAGMA__v20_a30_g26_s1000.json,,6.683138289001363,14.0,26.0,0.5909090909090908,0.8518518518518519,0.65,0.7666666666666667
sem_gaussian,DAGMA,"{""lambda1"": 0.005, ""w_threshold_dagma"": 0.05}",20,30,3000,26,/home/mathis/Documents/Travail/cbnsl_benchmark/scaling/../scaling/results/2026-04-11_00h40_sem_gaussian/graphs/golden__v20_a30_g26.json,/home/mathis/Documents/Travail/cbnsl_benchmark/scaling/../scaling/results/2026-04-11_00h40_sem_gaussian/graphs/DAGMA__v20_a30_g26_s3000.json,,6.4813570080004865,17.0,27.0,0.6086956521739131,0.8148148148148148,0.6363636363636364,0.7333333333333333
sem_gaussian,DAGMA,"{""lambda1"": 0.005, ""w_threshold_dagma"": 0.05}",20,30,5000,26,/home/mathis/Documents/Travail/cbnsl_benchmark/scaling/../scaling/results/2026-04-11_00h40_sem_gaussian/graphs/golden__v20_a30_g26.json,/home/mathis/Documents/Travail/cbnsl_benchmark/scaling/../scaling/results/2026-04-11_00h40_sem_gaussian/graphs/DAGMA__v20_a30_g26_s5000.json,,4.918441393994726,17.0,27.0,0.6086956521739131,0.8148148148148148,0.6363636363636364,0.7333333333333333
sem_gaussian,DAGMA,"{""lambda1"": 0.005, ""w_threshold_dagma"": 0.05}",20,30,200,27,/home/mathis/Documents/Travail/cbnsl_benchmark/scaling/../scaling/results/2026-04-11_00h40_sem_gaussian/graphs/golden__v20_a30_g27.json,/home/mathis/Documents/Travail/cbnsl_benchmark/scaling/../scaling/results/2026-04-11_00h40_sem_gaussian/graphs/DAGMA__v20_a30_g27_s200.json,,9.377275040998938,22.0,29.0,0.43902439024390244,0.7692307692307692,0.47368421052631576,0.6666666666666666
sem_gaussian,DAGMA,"{""lambda1"": 0.005, ""w_threshold_dagma"": 0.05}",20,30,500,27,/home/mathis/Documents/Travail/cbnsl_benchmark/scaling/../scaling/results/2026-04-11_00h40_sem_gaussian/graphs/golden__v20_a30_g27.json,/home/mathis/Documents/Travail/cbnsl_benchmark/scaling/../scaling/results/2026-04-11_00h40_sem_gaussian/graphs/DAGMA__v20_a30_g27_s500.json,,5.114774269997724,20.0,27.0,0.5116279069767442,0.7924528301886793,0.55,0.7
sem_gaussian,DAGMA,"{""lambda1"": 0.005, ""w_threshold_dagma"": 0.05}",20,30,1000,27,/home/mathis/Documents/Travail/cbnsl_benchmark/scaling/../scaling/results/2026-04-11_00h40_sem_gaussian/graphs/golden__v20_a30_g27.json,/home/mathis/Documents/Travail/cbnsl_benchmark/scaling/../scaling/results/2026-04-11_00h40_sem_gaussian/graphs/DAGMA__v20_a30_g27_s1000.json,,7.06599190900306,20.0,27.0,0.5116279069767442,0.7692307692307692,0.5238095238095238,0.6666666666666666
sem_gaussian,DAGMA,"{""lambda1"": 0.005, ""w_threshold_dagma"": 0.05}",20,30,3000,27,/home/mathis/Documents/Travail/cbnsl_benchmark/scaling/../scaling/results/2026-04-11_00h40_sem_gaussian/graphs/golden__v20_a30_g27.json,/home/mathis/Documents/Travail/cbnsl_benchmark/scaling/../scaling/results/2026-04-11_00h40_sem_gaussian/graphs/DAGMA__v20_a30_g27_s3000.json,,11.006835143998615,21.0,29.0,0.47619047619047616,0.7692307692307692,0.5,0.6666666666666666
sem_gaussian,DAGMA,"{""lambda1"": 0.005, ""w_threshold_dagma"": 0.05}",20,30,5000,27,/home/mathis/Documents/Travail/cbnsl_benchmark/scaling/../scaling/results/2026-04-11_00h40_sem_gaussian/graphs/golden__v20_a30_g27.json,/home/mathis/Documents/Travail/cbnsl_benchmark/scaling/../scaling/results/2026-04-11_00h40_sem_gaussian/graphs/DAGMA__v20_a30_g27_s5000.json,,3.810722916001396,21.0,29.0,0.47619047619047616,0.7692307692307692,0.5,0.6666666666666666
sem_gaussian,DAGMA,"{""lambda1"": 0.005, ""w_threshold_dagma"": 0.05}",20,30,200,28,/home/mathis/Documents/Travail/cbnsl_benchmark/scaling/../scaling/results/2026-04-11_00h40_sem_gaussian/graphs/golden__v20_a30_g28.json,/home/mathis/Documents/Travail/cbnsl_benchmark/scaling/../scaling/results/2026-04-11_00h40_sem_gaussian/graphs/DAGMA__v20_a30_g28_s200.json,,4.977146231998631,12.0,22.0,0.723404255319149,0.8679245283018869,0.7083333333333334,0.7666666666666667
sem_gaussian,DAGMA,"{""lambda1"": 0.005, ""w_threshold_dagma"": 0.05}",20,30,500,28,/home/mathis/Documents/Travail/cbnsl_benchmark/scaling/../scaling/results/2026-04-11_00h40_sem_gaussian/graphs/golden__v20_a30_g28.json,/home/mathis/Documents/Travail/cbnsl_benchmark/scaling/../scaling/results/2026-04-11_00h40_sem_gaussian/graphs/DAGMA__v20_a30_g28_s500.json,,4.688159963996441,9.0,19.0,0.7755102040816326,0.888888888888889,0.76,0.8
sem_gaussian,DAGMA,"{""lambda1"": 0.005, ""w_threshold_dagma"": 0.05}",20,30,1000,28,/home/mathis/Documents/Travail/cbnsl_benchmark/scaling/../scaling/results/2026-04-11_00h40_sem_gaussian/graphs/golden__v20_a30_g28.json,/home/mathis/Documents/Travail/cbnsl_benchmark/scaling/../scaling/results/2026-04-11_00h40_sem_gaussian/graphs/DAGMA__v20_a30_g28_s1000.json,,3.950819085999683,18.0,25.0,0.5581395348837209,0.8301886792452831,0.6,0.7333333333333333
sem_gaussian,DAGMA,"{""lambda1"": 0.005, ""w_threshold_dagma"": 0.05}",20,30,3000,28,/home/mathis/Documents/Travail/cbnsl_benchmark/scaling/../scaling/results/2026-04-11_00h40_sem_gaussian/graphs/golden__v20_a30_g28.json,/home/mathis/Documents/Travail/cbnsl_benchmark/scaling/../scaling/results/2026-04-11_00h40_sem_gaussian/graphs/DAGMA__v20_a30_g28_s3000.json,,4.434459128002345,15.0,19.0,0.6363636363636365,0.8679245283018869,0.6666666666666666,0.7666666666666667
sem_gaussian,DAGMA,"{""lambda1"": 0.005, ""w_threshold_dagma"": 0.05}",20,30,5000,28,/home/mathis/Documents/Travail/cbnsl_benchmark/scaling/../scaling/results/2026-04-11_00h40_sem_gaussian/graphs/golden__v20_a30_g28.json,/home/mathis/Documents/Travail/cbnsl_benchmark/scaling/../scaling/results/2026-04-11_00h40_sem_gaussian/graphs/DAGMA__v20_a30_g28_s5000.json,,4.344288129999768,15.0,19.0,0.6363636363636365,0.8679245283018869,0.6666666666666666,0.7666666666666667
sem_gaussian,DAGMA,"{""lambda1"": 0.005, ""w_threshold_dagma"": 0.05}",20,30,200,29,/home/mathis/Documents/Travail/cbnsl_benchmark/scaling/../scaling/results/2026-04-11_00h40_sem_gaussian/graphs/golden__v20_a30_g29.json,/home/mathis/Documents/Travail/cbnsl_benchmark/scaling/../scaling/results/2026-04-11_00h40_sem_gaussian/graphs/DAGMA__v20_a30_g29_s200.json,,5.32168997899862,17.0,20.0,0.5909090909090909,0.8727272727272728,0.6842105263157895,0.8
sem_gaussian,DAGMA,"{""lambda1"": 0.005, ""w_threshold_dagma"": 0.05}",20,30,500,29,/home/mathis/Documents/Travail/cbnsl_benchmark/scaling/../scaling/results/2026-04-11_00h40_sem_gaussian/graphs/golden__v20_a30_g29.json,/home/mathis/Documents/Travail/cbnsl_benchmark/scaling/../scaling/results/2026-04-11_00h40_sem_gaussian/graphs/DAGMA__v20_a30_g29_s500.json,,4.0560488420014735,18.0,29.0,0.5116279069767442,0.8363636363636363,0.6111111111111112,0.7666666666666667
sem_gaussian,DAGMA,"{""lambda1"": 0.005, ""w_threshold_dagma"": 0.05}",20,30,1000,29,/home/mathis/Documents/Travail/cbnsl_benchmark/scaling/../scaling/results/2026-04-11_00h40_sem_gaussian/graphs/golden__v20_a30_g29.json,/home/mathis/Documents/Travail/cbnsl_benchmark/scaling/../scaling/results/2026-04-11_00h40_sem_gaussian/graphs/DAGMA__v20_a30_g29_s1000.json,,7.617840175997117,17.0,21.0,0.5909090909090908,0.8928571428571429,0.7222222222222222,0.8333333333333334
sem_gaussian,DAGMA,"{""lambda1"": 0.005, ""w_threshold_dagma"": 0.05}",20,30,3000,29,/home/mathis/Documents/Travail/cbnsl_benchmark/scaling/../scaling/results/2026-04-11_00h40_sem_gaussian/graphs/golden__v20_a30_g29.json,/home/mathis/Documents/Travail/cbnsl_benchmark/scaling/../scaling/results/2026-04-11_00h40_sem_gaussian/graphs/DAGMA__v20_a30_g29_s3000.json,,4.985118004995456,16.0,28.0,0.5238095238095238,0.8727272727272728,0.6470588235294118,0.8
sem_gaussian,DAGMA,"{""lambda1"": 0.005, ""w_threshold_dagma"": 0.05}",20,30,5000,29,/home/mathis/Documents/Travail/cbnsl_benchmark/scaling/../scaling/results/2026-04-11_00h40_sem_gaussian/graphs/golden__v20_a30_g29.json,/home/mathis/Documents/Travail/cbnsl_benchmark/scaling/../scaling/results/2026-04-11_00h40_sem_gaussian/graphs/DAGMA__v20_a30_g29_s5000.json,,5.788924273998418,16.0,28.0,0.5238095238095238,0.8727272727272728,0.6470588235294118,0.8
