generator_name,algo,algo_params,n_vars,n_arcs,n_samples,graph_idx,golden_path,learned_path,error_msg,time_s,SHD,SHD_skeleton,F1-Score,F1-Score_skeleton,TPR,TPR_skeleton
SEM_gaussian,CPC,"{""alpha"": 0.05, ""max_conditioning_set_size"": 2}",5,8,200,0,/home/mathis/Documents/Travail/cbnsl_benchmark/scaling/../scaling/results/2026-03-19_12h20_SEM_gaussian/graphs/golden__v5_a8_g0.json,/home/mathis/Documents/Travail/cbnsl_benchmark/scaling/../scaling/results/2026-03-19_12h20_SEM_gaussian/graphs/CPC__v5_a8_g0_s200.json,,0.02990145100011432,7.0,7.0,0.0,0.2222222222222222,0.0,0.125
SEM_gaussian,CMIIC,"{""alpha"": 0.01}",5,8,200,0,/home/mathis/Documents/Travail/cbnsl_benchmark/scaling/../scaling/results/2026-03-19_12h20_SEM_gaussian/graphs/golden__v5_a8_g0.json,/home/mathis/Documents/Travail/cbnsl_benchmark/scaling/../scaling/results/2026-03-19_12h20_SEM_gaussian/graphs/CMIIC__v5_a8_g0_s200.json,,0.05181727000126557,6.0,1.0,0.5454545454545454,0.9333333333333333,0.75,0.875
SEM_gaussian,MIIC,"{""n_bins"": 2, ""discretization_method"": ""quantile""}",5,8,200,0,/home/mathis/Documents/Travail/cbnsl_benchmark/scaling/../scaling/results/2026-03-19_12h20_SEM_gaussian/graphs/golden__v5_a8_g0.json,/home/mathis/Documents/Travail/cbnsl_benchmark/scaling/../scaling/results/2026-03-19_12h20_SEM_gaussian/graphs/MIIC__v5_a8_g0_s200.json,,0.034636839000086184,6.0,4.0,0.0,0.6666666666666666,0.0,0.5
SEM_gaussian,GHC+BDeu,"{""n_bins"": 2, ""discretization_method"": ""quantile""}",5,8,200,0,/home/mathis/Documents/Travail/cbnsl_benchmark/scaling/../scaling/results/2026-03-19_12h20_SEM_gaussian/graphs/golden__v5_a8_g0.json,/home/mathis/Documents/Travail/cbnsl_benchmark/scaling/../scaling/results/2026-03-19_12h20_SEM_gaussian/graphs/GHC+BDeu__v5_a8_g0_s200.json,,0.03196847500112199,6.0,4.0,0.0,0.6666666666666666,0.0,0.5
SEM_gaussian,NOTEARS,"{""lambda1"": 0.0, ""w_threshold_notears"": 0.1}",5,8,200,0,/home/mathis/Documents/Travail/cbnsl_benchmark/scaling/../scaling/results/2026-03-19_12h20_SEM_gaussian/graphs/golden__v5_a8_g0.json,/home/mathis/Documents/Travail/cbnsl_benchmark/scaling/../scaling/results/2026-03-19_12h20_SEM_gaussian/graphs/NOTEARS__v5_a8_g0_s200.json,,0.9772570999994059,0.0,0.0,0.8571428571428571,1.0,1.0,1.0
SEM_gaussian,NOTEARS Disc.,"{""lambda1"": 0.5, ""w_threshold_notears"": 0.1, ""n_bins"": 6, ""initial_bins"": 20, ""discretization_method"": ""hartemink""}",5,8,200,0,/home/mathis/Documents/Travail/cbnsl_benchmark/scaling/../scaling/results/2026-03-19_12h20_SEM_gaussian/graphs/golden__v5_a8_g0.json,/home/mathis/Documents/Travail/cbnsl_benchmark/scaling/../scaling/results/2026-03-19_12h20_SEM_gaussian/graphs/NOTEARS Disc.__v5_a8_g0_s200.json,,3.861608031000287,8.0,5.0,0.0,0.5454545454545454,0.0,0.375
SEM_gaussian,LiNGAM,"{""threshold_lingam"": 0.01}",5,8,200,0,/home/mathis/Documents/Travail/cbnsl_benchmark/scaling/../scaling/results/2026-03-19_12h20_SEM_gaussian/graphs/golden__v5_a8_g0.json,/home/mathis/Documents/Travail/cbnsl_benchmark/scaling/../scaling/results/2026-03-19_12h20_SEM_gaussian/graphs/LiNGAM__v5_a8_g0_s200.json,,0.0900825070002611,8.0,1.0,0.19999999999999998,0.9411764705882353,1.0,1.0
SEM_gaussian,CPC,"{""alpha"": 0.05, ""max_conditioning_set_size"": 2}",5,8,500,0,/home/mathis/Documents/Travail/cbnsl_benchmark/scaling/../scaling/results/2026-03-19_12h20_SEM_gaussian/graphs/golden__v5_a8_g0.json,/home/mathis/Documents/Travail/cbnsl_benchmark/scaling/../scaling/results/2026-03-19_12h20_SEM_gaussian/graphs/CPC__v5_a8_g0_s500.json,,0.10427383000023838,7.0,6.0,0.0,0.4,0.0,0.25
SEM_gaussian,CMIIC,"{""alpha"": 0.01}",5,8,500,0,/home/mathis/Documents/Travail/cbnsl_benchmark/scaling/../scaling/results/2026-03-19_12h20_SEM_gaussian/graphs/golden__v5_a8_g0.json,/home/mathis/Documents/Travail/cbnsl_benchmark/scaling/../scaling/results/2026-03-19_12h20_SEM_gaussian/graphs/CMIIC__v5_a8_g0_s500.json,,0.09237694699913845,6.0,1.0,0.4,0.9333333333333333,0.6666666666666666,0.875
SEM_gaussian,MIIC,"{""n_bins"": 2, ""discretization_method"": ""quantile""}",5,8,500,0,/home/mathis/Documents/Travail/cbnsl_benchmark/scaling/../scaling/results/2026-03-19_12h20_SEM_gaussian/graphs/golden__v5_a8_g0.json,/home/mathis/Documents/Travail/cbnsl_benchmark/scaling/../scaling/results/2026-03-19_12h20_SEM_gaussian/graphs/MIIC__v5_a8_g0_s500.json,,0.026241640998705407,8.0,6.0,0.2222222222222222,0.8571428571428571,0.3333333333333333,0.75
SEM_gaussian,GHC+BDeu,"{""n_bins"": 2, ""discretization_method"": ""quantile""}",5,8,500,0,/home/mathis/Documents/Travail/cbnsl_benchmark/scaling/../scaling/results/2026-03-19_12h20_SEM_gaussian/graphs/golden__v5_a8_g0.json,/home/mathis/Documents/Travail/cbnsl_benchmark/scaling/../scaling/results/2026-03-19_12h20_SEM_gaussian/graphs/GHC+BDeu__v5_a8_g0_s500.json,,0.03143619500042405,6.0,4.0,0.0,0.6666666666666666,0.0,0.5
SEM_gaussian,NOTEARS,"{""lambda1"": 0.0, ""w_threshold_notears"": 0.1}",5,8,500,0,/home/mathis/Documents/Travail/cbnsl_benchmark/scaling/../scaling/results/2026-03-19_12h20_SEM_gaussian/graphs/golden__v5_a8_g0.json,/home/mathis/Documents/Travail/cbnsl_benchmark/scaling/../scaling/results/2026-03-19_12h20_SEM_gaussian/graphs/NOTEARS__v5_a8_g0_s500.json,,0.9494328079999832,0.0,0.0,0.8571428571428571,1.0,1.0,1.0
SEM_gaussian,NOTEARS Disc.,"{""lambda1"": 0.5, ""w_threshold_notears"": 0.1, ""n_bins"": 6, ""initial_bins"": 20, ""discretization_method"": ""hartemink""}",5,8,500,0,/home/mathis/Documents/Travail/cbnsl_benchmark/scaling/../scaling/results/2026-03-19_12h20_SEM_gaussian/graphs/golden__v5_a8_g0.json,/home/mathis/Documents/Travail/cbnsl_benchmark/scaling/../scaling/results/2026-03-19_12h20_SEM_gaussian/graphs/NOTEARS Disc.__v5_a8_g0_s500.json,,2.4437861779988452,6.0,5.0,0.0,0.5454545454545454,0.0,0.375
SEM_gaussian,LiNGAM,"{""threshold_lingam"": 0.01}",5,8,500,0,/home/mathis/Documents/Travail/cbnsl_benchmark/scaling/../scaling/results/2026-03-19_12h20_SEM_gaussian/graphs/golden__v5_a8_g0.json,/home/mathis/Documents/Travail/cbnsl_benchmark/scaling/../scaling/results/2026-03-19_12h20_SEM_gaussian/graphs/LiNGAM__v5_a8_g0_s500.json,,0.06141806500090752,2.0,1.0,0.7142857142857143,0.9411764705882353,1.0,1.0
SEM_gaussian,CPC,"{""alpha"": 0.05, ""max_conditioning_set_size"": 2}",5,8,1000,0,/home/mathis/Documents/Travail/cbnsl_benchmark/scaling/../scaling/results/2026-03-19_12h20_SEM_gaussian/graphs/golden__v5_a8_g0.json,/home/mathis/Documents/Travail/cbnsl_benchmark/scaling/../scaling/results/2026-03-19_12h20_SEM_gaussian/graphs/CPC__v5_a8_g0_s1000.json,,0.19034078399999999,6.0,5.0,0.0,0.5454545454545454,0.0,0.375
SEM_gaussian,CMIIC,"{""alpha"": 0.01}",5,8,1000,0,/home/mathis/Documents/Travail/cbnsl_benchmark/scaling/../scaling/results/2026-03-19_12h20_SEM_gaussian/graphs/golden__v5_a8_g0.json,/home/mathis/Documents/Travail/cbnsl_benchmark/scaling/../scaling/results/2026-03-19_12h20_SEM_gaussian/graphs/CMIIC__v5_a8_g0_s1000.json,,0.2250111499997729,8.0,5.0,0.2222222222222222,0.8571428571428571,0.3333333333333333,0.75
SEM_gaussian,MIIC,"{""n_bins"": 2, ""discretization_method"": ""quantile""}",5,8,1000,0,/home/mathis/Documents/Travail/cbnsl_benchmark/scaling/../scaling/results/2026-03-19_12h20_SEM_gaussian/graphs/golden__v5_a8_g0.json,/home/mathis/Documents/Travail/cbnsl_benchmark/scaling/../scaling/results/2026-03-19_12h20_SEM_gaussian/graphs/MIIC__v5_a8_g0_s1000.json,,0.02523436999945261,8.0,6.0,0.2222222222222222,0.8571428571428571,0.3333333333333333,0.75
SEM_gaussian,GHC+BDeu,"{""n_bins"": 2, ""discretization_method"": ""quantile""}",5,8,1000,0,/home/mathis/Documents/Travail/cbnsl_benchmark/scaling/../scaling/results/2026-03-19_12h20_SEM_gaussian/graphs/golden__v5_a8_g0.json,/home/mathis/Documents/Travail/cbnsl_benchmark/scaling/../scaling/results/2026-03-19_12h20_SEM_gaussian/graphs/GHC+BDeu__v5_a8_g0_s1000.json,,0.025175601000228198,7.0,6.0,0.5454545454545454,0.8571428571428571,0.6,0.75
SEM_gaussian,NOTEARS,"{""lambda1"": 0.0, ""w_threshold_notears"": 0.1}",5,8,1000,0,/home/mathis/Documents/Travail/cbnsl_benchmark/scaling/../scaling/results/2026-03-19_12h20_SEM_gaussian/graphs/golden__v5_a8_g0.json,/home/mathis/Documents/Travail/cbnsl_benchmark/scaling/../scaling/results/2026-03-19_12h20_SEM_gaussian/graphs/NOTEARS__v5_a8_g0_s1000.json,,0.36622099799933494,0.0,0.0,0.8571428571428571,1.0,1.0,1.0
SEM_gaussian,NOTEARS Disc.,"{""lambda1"": 0.5, ""w_threshold_notears"": 0.1, ""n_bins"": 6, ""initial_bins"": 20, ""discretization_method"": ""hartemink""}",5,8,1000,0,/home/mathis/Documents/Travail/cbnsl_benchmark/scaling/../scaling/results/2026-03-19_12h20_SEM_gaussian/graphs/golden__v5_a8_g0.json,/home/mathis/Documents/Travail/cbnsl_benchmark/scaling/../scaling/results/2026-03-19_12h20_SEM_gaussian/graphs/NOTEARS Disc.__v5_a8_g0_s1000.json,,5.093624607001402,6.0,5.0,0.0,0.5454545454545454,0.0,0.375
SEM_gaussian,LiNGAM,"{""threshold_lingam"": 0.01}",5,8,1000,0,/home/mathis/Documents/Travail/cbnsl_benchmark/scaling/../scaling/results/2026-03-19_12h20_SEM_gaussian/graphs/golden__v5_a8_g0.json,/home/mathis/Documents/Travail/cbnsl_benchmark/scaling/../scaling/results/2026-03-19_12h20_SEM_gaussian/graphs/LiNGAM__v5_a8_g0_s1000.json,,0.15754664099949878,8.0,2.0,0.0,0.888888888888889,0.0,1.0
SEM_gaussian,CPC,"{""alpha"": 0.05, ""max_conditioning_set_size"": 2}",5,8,2000,0,/home/mathis/Documents/Travail/cbnsl_benchmark/scaling/../scaling/results/2026-03-19_12h20_SEM_gaussian/graphs/golden__v5_a8_g0.json,/home/mathis/Documents/Travail/cbnsl_benchmark/scaling/../scaling/results/2026-03-19_12h20_SEM_gaussian/graphs/CPC__v5_a8_g0_s2000.json,,0.9456826610003191,6.0,5.0,0.0,0.5454545454545454,0.0,0.375
SEM_gaussian,CMIIC,"{""alpha"": 0.01}",5,8,2000,0,/home/mathis/Documents/Travail/cbnsl_benchmark/scaling/../scaling/results/2026-03-19_12h20_SEM_gaussian/graphs/golden__v5_a8_g0.json,/home/mathis/Documents/Travail/cbnsl_benchmark/scaling/../scaling/results/2026-03-19_12h20_SEM_gaussian/graphs/CMIIC__v5_a8_g0_s2000.json,,1.567408572000204,8.0,5.0,0.2222222222222222,0.8571428571428571,0.3333333333333333,0.75
SEM_gaussian,MIIC,"{""n_bins"": 2, ""discretization_method"": ""quantile""}",5,8,2000,0,/home/mathis/Documents/Travail/cbnsl_benchmark/scaling/../scaling/results/2026-03-19_12h20_SEM_gaussian/graphs/golden__v5_a8_g0.json,/home/mathis/Documents/Travail/cbnsl_benchmark/scaling/../scaling/results/2026-03-19_12h20_SEM_gaussian/graphs/MIIC__v5_a8_g0_s2000.json,,0.06375060100072005,8.0,3.0,0.22222222222222224,0.7692307692307693,0.25,0.625
SEM_gaussian,GHC+BDeu,"{""n_bins"": 2, ""discretization_method"": ""quantile""}",5,8,2000,0,/home/mathis/Documents/Travail/cbnsl_benchmark/scaling/../scaling/results/2026-03-19_12h20_SEM_gaussian/graphs/golden__v5_a8_g0.json,/home/mathis/Documents/Travail/cbnsl_benchmark/scaling/../scaling/results/2026-03-19_12h20_SEM_gaussian/graphs/GHC+BDeu__v5_a8_g0_s2000.json,,0.060682031999022,1.0,1.0,0.7692307692307692,0.9333333333333333,0.8333333333333334,0.875
SEM_gaussian,NOTEARS,"{""lambda1"": 0.0, ""w_threshold_notears"": 0.1}",5,8,2000,0,/home/mathis/Documents/Travail/cbnsl_benchmark/scaling/../scaling/results/2026-03-19_12h20_SEM_gaussian/graphs/golden__v5_a8_g0.json,/home/mathis/Documents/Travail/cbnsl_benchmark/scaling/../scaling/results/2026-03-19_12h20_SEM_gaussian/graphs/NOTEARS__v5_a8_g0_s2000.json,,0.6300746439992508,0.0,0.0,0.8571428571428571,1.0,1.0,1.0
SEM_gaussian,NOTEARS Disc.,"{""lambda1"": 0.5, ""w_threshold_notears"": 0.1, ""n_bins"": 6, ""initial_bins"": 20, ""discretization_method"": ""hartemink""}",5,8,2000,0,/home/mathis/Documents/Travail/cbnsl_benchmark/scaling/../scaling/results/2026-03-19_12h20_SEM_gaussian/graphs/golden__v5_a8_g0.json,/home/mathis/Documents/Travail/cbnsl_benchmark/scaling/../scaling/results/2026-03-19_12h20_SEM_gaussian/graphs/NOTEARS Disc.__v5_a8_g0_s2000.json,,7.4697700690012425,6.0,5.0,0.0,0.5454545454545454,0.0,0.375
SEM_gaussian,LiNGAM,"{""threshold_lingam"": 0.01}",5,8,2000,0,/home/mathis/Documents/Travail/cbnsl_benchmark/scaling/../scaling/results/2026-03-19_12h20_SEM_gaussian/graphs/golden__v5_a8_g0.json,/home/mathis/Documents/Travail/cbnsl_benchmark/scaling/../scaling/results/2026-03-19_12h20_SEM_gaussian/graphs/LiNGAM__v5_a8_g0_s2000.json,,0.10742312100046547,8.0,2.0,0.0,0.888888888888889,0.0,1.0
SEM_gaussian,CPC,"{""alpha"": 0.05, ""max_conditioning_set_size"": 2}",5,8,3500,0,/home/mathis/Documents/Travail/cbnsl_benchmark/scaling/../scaling/results/2026-03-19_12h20_SEM_gaussian/graphs/golden__v5_a8_g0.json,/home/mathis/Documents/Travail/cbnsl_benchmark/scaling/../scaling/results/2026-03-19_12h20_SEM_gaussian/graphs/CPC__v5_a8_g0_s3500.json,,2.179612656000245,6.0,5.0,0.0,0.5454545454545454,0.0,0.375
SEM_gaussian,CMIIC,"{""alpha"": 0.01}",5,8,3500,0,/home/mathis/Documents/Travail/cbnsl_benchmark/scaling/../scaling/results/2026-03-19_12h20_SEM_gaussian/graphs/golden__v5_a8_g0.json,/home/mathis/Documents/Travail/cbnsl_benchmark/scaling/../scaling/results/2026-03-19_12h20_SEM_gaussian/graphs/CMIIC__v5_a8_g0_s3500.json,,3.552632643000834,8.0,5.0,0.2222222222222222,0.8571428571428571,0.3333333333333333,0.75
SEM_gaussian,MIIC,"{""n_bins"": 2, ""discretization_method"": ""quantile""}",5,8,3500,0,/home/mathis/Documents/Travail/cbnsl_benchmark/scaling/../scaling/results/2026-03-19_12h20_SEM_gaussian/graphs/golden__v5_a8_g0.json,/home/mathis/Documents/Travail/cbnsl_benchmark/scaling/../scaling/results/2026-03-19_12h20_SEM_gaussian/graphs/MIIC__v5_a8_g0_s3500.json,,0.1082957480011828,8.0,1.0,0.22222222222222224,0.9333333333333333,0.5,0.875
SEM_gaussian,GHC+BDeu,"{""n_bins"": 2, ""discretization_method"": ""quantile""}",5,8,3500,0,/home/mathis/Documents/Travail/cbnsl_benchmark/scaling/../scaling/results/2026-03-19_12h20_SEM_gaussian/graphs/golden__v5_a8_g0.json,/home/mathis/Documents/Travail/cbnsl_benchmark/scaling/../scaling/results/2026-03-19_12h20_SEM_gaussian/graphs/GHC+BDeu__v5_a8_g0_s3500.json,,0.09718225500000699,7.0,1.0,0.0,0.9411764705882353,0.0,1.0
SEM_gaussian,NOTEARS,"{""lambda1"": 0.0, ""w_threshold_notears"": 0.1}",5,8,3500,0,/home/mathis/Documents/Travail/cbnsl_benchmark/scaling/../scaling/results/2026-03-19_12h20_SEM_gaussian/graphs/golden__v5_a8_g0.json,/home/mathis/Documents/Travail/cbnsl_benchmark/scaling/../scaling/results/2026-03-19_12h20_SEM_gaussian/graphs/NOTEARS__v5_a8_g0_s3500.json,,1.1210754539988557,0.0,0.0,0.8571428571428571,1.0,1.0,1.0
SEM_gaussian,NOTEARS Disc.,"{""lambda1"": 0.5, ""w_threshold_notears"": 0.1, ""n_bins"": 6, ""initial_bins"": 20, ""discretization_method"": ""hartemink""}",5,8,3500,0,/home/mathis/Documents/Travail/cbnsl_benchmark/scaling/../scaling/results/2026-03-19_12h20_SEM_gaussian/graphs/golden__v5_a8_g0.json,/home/mathis/Documents/Travail/cbnsl_benchmark/scaling/../scaling/results/2026-03-19_12h20_SEM_gaussian/graphs/NOTEARS Disc.__v5_a8_g0_s3500.json,,10.920870648000346,6.0,5.0,0.0,0.5454545454545454,0.0,0.375
SEM_gaussian,LiNGAM,"{""threshold_lingam"": 0.01}",5,8,3500,0,/home/mathis/Documents/Travail/cbnsl_benchmark/scaling/../scaling/results/2026-03-19_12h20_SEM_gaussian/graphs/golden__v5_a8_g0.json,/home/mathis/Documents/Travail/cbnsl_benchmark/scaling/../scaling/results/2026-03-19_12h20_SEM_gaussian/graphs/LiNGAM__v5_a8_g0_s3500.json,,0.13982438499988348,8.0,1.0,0.0,0.9411764705882353,0.0,1.0
SEM_gaussian,CPC,"{""alpha"": 0.05, ""max_conditioning_set_size"": 2}",5,8,5000,0,/home/mathis/Documents/Travail/cbnsl_benchmark/scaling/../scaling/results/2026-03-19_12h20_SEM_gaussian/graphs/golden__v5_a8_g0.json,/home/mathis/Documents/Travail/cbnsl_benchmark/scaling/../scaling/results/2026-03-19_12h20_SEM_gaussian/graphs/CPC__v5_a8_g0_s5000.json,,5.4035701640004845,8.0,4.0,0.22222222222222224,0.6666666666666666,0.2,0.5
SEM_gaussian,CMIIC,"{""alpha"": 0.01}",5,8,5000,0,/home/mathis/Documents/Travail/cbnsl_benchmark/scaling/../scaling/results/2026-03-19_12h20_SEM_gaussian/graphs/golden__v5_a8_g0.json,/home/mathis/Documents/Travail/cbnsl_benchmark/scaling/../scaling/results/2026-03-19_12h20_SEM_gaussian/graphs/CMIIC__v5_a8_g0_s5000.json,,5.829816857998594,8.0,3.0,0.22222222222222224,0.7692307692307693,0.25,0.625
SEM_gaussian,MIIC,"{""n_bins"": 2, ""discretization_method"": ""quantile""}",5,8,5000,0,/home/mathis/Documents/Travail/cbnsl_benchmark/scaling/../scaling/results/2026-03-19_12h20_SEM_gaussian/graphs/golden__v5_a8_g0.json,/home/mathis/Documents/Travail/cbnsl_benchmark/scaling/../scaling/results/2026-03-19_12h20_SEM_gaussian/graphs/MIIC__v5_a8_g0_s5000.json,,0.1243659680003475,9.0,3.0,0.2,0.7999999999999999,0.3333333333333333,0.75
SEM_gaussian,GHC+BDeu,"{""n_bins"": 2, ""discretization_method"": ""quantile""}",5,8,5000,0,/home/mathis/Documents/Travail/cbnsl_benchmark/scaling/../scaling/results/2026-03-19_12h20_SEM_gaussian/graphs/golden__v5_a8_g0.json,/home/mathis/Documents/Travail/cbnsl_benchmark/scaling/../scaling/results/2026-03-19_12h20_SEM_gaussian/graphs/GHC+BDeu__v5_a8_g0_s5000.json,,0.11286978099997214,4.0,4.0,0.5,0.875,0.75,0.875
SEM_gaussian,NOTEARS,"{""lambda1"": 0.0, ""w_threshold_notears"": 0.1}",5,8,5000,0,/home/mathis/Documents/Travail/cbnsl_benchmark/scaling/../scaling/results/2026-03-19_12h20_SEM_gaussian/graphs/golden__v5_a8_g0.json,/home/mathis/Documents/Travail/cbnsl_benchmark/scaling/../scaling/results/2026-03-19_12h20_SEM_gaussian/graphs/NOTEARS__v5_a8_g0_s5000.json,,1.6990140159996372,0.0,0.0,0.8571428571428571,1.0,1.0,1.0
SEM_gaussian,NOTEARS Disc.,"{""lambda1"": 0.5, ""w_threshold_notears"": 0.1, ""n_bins"": 6, ""initial_bins"": 20, ""discretization_method"": ""hartemink""}",5,8,5000,0,/home/mathis/Documents/Travail/cbnsl_benchmark/scaling/../scaling/results/2026-03-19_12h20_SEM_gaussian/graphs/golden__v5_a8_g0.json,/home/mathis/Documents/Travail/cbnsl_benchmark/scaling/../scaling/results/2026-03-19_12h20_SEM_gaussian/graphs/NOTEARS Disc.__v5_a8_g0_s5000.json,,16.27726992099997,6.0,5.0,0.0,0.5454545454545454,0.0,0.375
SEM_gaussian,LiNGAM,"{""threshold_lingam"": 0.01}",5,8,5000,0,/home/mathis/Documents/Travail/cbnsl_benchmark/scaling/../scaling/results/2026-03-19_12h20_SEM_gaussian/graphs/golden__v5_a8_g0.json,/home/mathis/Documents/Travail/cbnsl_benchmark/scaling/../scaling/results/2026-03-19_12h20_SEM_gaussian/graphs/LiNGAM__v5_a8_g0_s5000.json,,0.2555479840011685,7.0,1.0,0.19999999999999998,0.9411764705882353,1.0,1.0
SEM_gaussian,CPC,"{""alpha"": 0.05, ""max_conditioning_set_size"": 2}",5,8,200,1,/home/mathis/Documents/Travail/cbnsl_benchmark/scaling/../scaling/results/2026-03-19_12h20_SEM_gaussian/graphs/golden__v5_a8_g1.json,/home/mathis/Documents/Travail/cbnsl_benchmark/scaling/../scaling/results/2026-03-19_12h20_SEM_gaussian/graphs/CPC__v5_a8_g1_s200.json,,0.010922700999799417,8.0,7.0,0.0,0.2222222222222222,0.0,0.125
SEM_gaussian,CMIIC,"{""alpha"": 0.01}",5,8,200,1,/home/mathis/Documents/Travail/cbnsl_benchmark/scaling/../scaling/results/2026-03-19_12h20_SEM_gaussian/graphs/golden__v5_a8_g1.json,/home/mathis/Documents/Travail/cbnsl_benchmark/scaling/../scaling/results/2026-03-19_12h20_SEM_gaussian/graphs/CMIIC__v5_a8_g1_s200.json,,0.02249591399959172,4.0,2.0,0.7999999999999999,0.875,0.8571428571428571,0.875
SEM_gaussian,MIIC,"{""n_bins"": 2, ""discretization_method"": ""quantile""}",5,8,200,1,/home/mathis/Documents/Travail/cbnsl_benchmark/scaling/../scaling/results/2026-03-19_12h20_SEM_gaussian/graphs/golden__v5_a8_g1.json,/home/mathis/Documents/Travail/cbnsl_benchmark/scaling/../scaling/results/2026-03-19_12h20_SEM_gaussian/graphs/MIIC__v5_a8_g1_s200.json,,0.01463873500142654,5.0,4.0,0.5454545454545454,0.6666666666666666,0.42857142857142855,0.5
SEM_gaussian,GHC+BDeu,"{""n_bins"": 2, ""discretization_method"": ""quantile""}",5,8,200,1,/home/mathis/Documents/Travail/cbnsl_benchmark/scaling/../scaling/results/2026-03-19_12h20_SEM_gaussian/graphs/golden__v5_a8_g1.json,/home/mathis/Documents/Travail/cbnsl_benchmark/scaling/../scaling/results/2026-03-19_12h20_SEM_gaussian/graphs/GHC+BDeu__v5_a8_g1_s200.json,,0.017170181001347373,7.0,4.0,0.0,0.6666666666666666,0.0,0.5
SEM_gaussian,NOTEARS,"{""lambda1"": 0.0, ""w_threshold_notears"": 0.1}",5,8,200,1,/home/mathis/Documents/Travail/cbnsl_benchmark/scaling/../scaling/results/2026-03-19_12h20_SEM_gaussian/graphs/golden__v5_a8_g1.json,/home/mathis/Documents/Travail/cbnsl_benchmark/scaling/../scaling/results/2026-03-19_12h20_SEM_gaussian/graphs/NOTEARS__v5_a8_g1_s200.json,,0.8586490519992367,0.0,0.0,0.9333333333333333,1.0,1.0,1.0
SEM_gaussian,NOTEARS Disc.,"{""lambda1"": 0.5, ""w_threshold_notears"": 0.1, ""n_bins"": 6, ""initial_bins"": 20, ""discretization_method"": ""hartemink""}",5,8,200,1,/home/mathis/Documents/Travail/cbnsl_benchmark/scaling/../scaling/results/2026-03-19_12h20_SEM_gaussian/graphs/golden__v5_a8_g1.json,/home/mathis/Documents/Travail/cbnsl_benchmark/scaling/../scaling/results/2026-03-19_12h20_SEM_gaussian/graphs/NOTEARS Disc.__v5_a8_g1_s200.json,,2.083420788001604,7.0,3.0,0.0,0.7692307692307693,0.0,0.625
SEM_gaussian,LiNGAM,"{""threshold_lingam"": 0.01}",5,8,200,1,/home/mathis/Documents/Travail/cbnsl_benchmark/scaling/../scaling/results/2026-03-19_12h20_SEM_gaussian/graphs/golden__v5_a8_g1.json,/home/mathis/Documents/Travail/cbnsl_benchmark/scaling/../scaling/results/2026-03-19_12h20_SEM_gaussian/graphs/LiNGAM__v5_a8_g1_s200.json,,0.0723174230006407,5.0,3.0,0.5,0.7999999999999999,0.6,0.75
SEM_gaussian,CPC,"{""alpha"": 0.05, ""max_conditioning_set_size"": 2}",5,8,500,1,/home/mathis/Documents/Travail/cbnsl_benchmark/scaling/../scaling/results/2026-03-19_12h20_SEM_gaussian/graphs/golden__v5_a8_g1.json,/home/mathis/Documents/Travail/cbnsl_benchmark/scaling/../scaling/results/2026-03-19_12h20_SEM_gaussian/graphs/CPC__v5_a8_g1_s500.json,,0.10626491699986218,8.0,8.0,0.0,0.0,0.0,0.0
SEM_gaussian,CMIIC,"{""alpha"": 0.01}",5,8,500,1,/home/mathis/Documents/Travail/cbnsl_benchmark/scaling/../scaling/results/2026-03-19_12h20_SEM_gaussian/graphs/golden__v5_a8_g1.json,/home/mathis/Documents/Travail/cbnsl_benchmark/scaling/../scaling/results/2026-03-19_12h20_SEM_gaussian/graphs/CMIIC__v5_a8_g1_s500.json,,0.12176824800008035,6.0,3.0,0.5,0.7999999999999999,0.6,0.75
SEM_gaussian,MIIC,"{""n_bins"": 2, ""discretization_method"": ""quantile""}",5,8,500,1,/home/mathis/Documents/Travail/cbnsl_benchmark/scaling/../scaling/results/2026-03-19_12h20_SEM_gaussian/graphs/golden__v5_a8_g1.json,/home/mathis/Documents/Travail/cbnsl_benchmark/scaling/../scaling/results/2026-03-19_12h20_SEM_gaussian/graphs/MIIC__v5_a8_g1_s500.json,,0.02103191800051718,7.0,4.0,0.3636363636363636,0.7142857142857143,0.4,0.625
SEM_gaussian,GHC+BDeu,"{""n_bins"": 2, ""discretization_method"": ""quantile""}",5,8,500,1,/home/mathis/Documents/Travail/cbnsl_benchmark/scaling/../scaling/results/2026-03-19_12h20_SEM_gaussian/graphs/golden__v5_a8_g1.json,/home/mathis/Documents/Travail/cbnsl_benchmark/scaling/../scaling/results/2026-03-19_12h20_SEM_gaussian/graphs/GHC+BDeu__v5_a8_g1_s500.json,,0.029727072998866788,9.0,5.0,0.0,0.6666666666666666,0.0,0.625
SEM_gaussian,NOTEARS,"{""lambda1"": 0.0, ""w_threshold_notears"": 0.1}",5,8,500,1,/home/mathis/Documents/Travail/cbnsl_benchmark/scaling/../scaling/results/2026-03-19_12h20_SEM_gaussian/graphs/golden__v5_a8_g1.json,/home/mathis/Documents/Travail/cbnsl_benchmark/scaling/../scaling/results/2026-03-19_12h20_SEM_gaussian/graphs/NOTEARS__v5_a8_g1_s500.json,,0.5139062260004721,0.0,0.0,0.9333333333333333,1.0,1.0,1.0
SEM_gaussian,NOTEARS Disc.,"{""lambda1"": 0.5, ""w_threshold_notears"": 0.1, ""n_bins"": 6, ""initial_bins"": 20, ""discretization_method"": ""hartemink""}",5,8,500,1,/home/mathis/Documents/Travail/cbnsl_benchmark/scaling/../scaling/results/2026-03-19_12h20_SEM_gaussian/graphs/golden__v5_a8_g1.json,/home/mathis/Documents/Travail/cbnsl_benchmark/scaling/../scaling/results/2026-03-19_12h20_SEM_gaussian/graphs/NOTEARS Disc.__v5_a8_g1_s500.json,,3.902879170000233,8.0,4.0,0.0,0.7142857142857143,0.0,0.625
SEM_gaussian,LiNGAM,"{""threshold_lingam"": 0.01}",5,8,500,1,/home/mathis/Documents/Travail/cbnsl_benchmark/scaling/../scaling/results/2026-03-19_12h20_SEM_gaussian/graphs/golden__v5_a8_g1.json,/home/mathis/Documents/Travail/cbnsl_benchmark/scaling/../scaling/results/2026-03-19_12h20_SEM_gaussian/graphs/LiNGAM__v5_a8_g1_s500.json,,0.07685393000065233,5.0,5.0,0.5,0.875,0.75,0.875
SEM_gaussian,CPC,"{""alpha"": 0.05, ""max_conditioning_set_size"": 2}",5,8,1000,1,/home/mathis/Documents/Travail/cbnsl_benchmark/scaling/../scaling/results/2026-03-19_12h20_SEM_gaussian/graphs/golden__v5_a8_g1.json,/home/mathis/Documents/Travail/cbnsl_benchmark/scaling/../scaling/results/2026-03-19_12h20_SEM_gaussian/graphs/CPC__v5_a8_g1_s1000.json,,0.38073499200072547,7.0,6.0,0.0,0.4,0.0,0.25
SEM_gaussian,CMIIC,"{""alpha"": 0.01}",5,8,1000,1,/home/mathis/Documents/Travail/cbnsl_benchmark/scaling/../scaling/results/2026-03-19_12h20_SEM_gaussian/graphs/golden__v5_a8_g1.json,/home/mathis/Documents/Travail/cbnsl_benchmark/scaling/../scaling/results/2026-03-19_12h20_SEM_gaussian/graphs/CMIIC__v5_a8_g1_s1000.json,,0.43639554000037606,6.0,3.0,0.5,0.7999999999999999,0.6,0.75
SEM_gaussian,MIIC,"{""n_bins"": 2, ""discretization_method"": ""quantile""}",5,8,1000,1,/home/mathis/Documents/Travail/cbnsl_benchmark/scaling/../scaling/results/2026-03-19_12h20_SEM_gaussian/graphs/golden__v5_a8_g1.json,/home/mathis/Documents/Travail/cbnsl_benchmark/scaling/../scaling/results/2026-03-19_12h20_SEM_gaussian/graphs/MIIC__v5_a8_g1_s1000.json,,0.03759747199910635,8.0,4.0,0.0,0.7142857142857143,0.0,0.625
SEM_gaussian,GHC+BDeu,"{""n_bins"": 2, ""discretization_method"": ""quantile""}",5,8,1000,1,/home/mathis/Documents/Travail/cbnsl_benchmark/scaling/../scaling/results/2026-03-19_12h20_SEM_gaussian/graphs/golden__v5_a8_g1.json,/home/mathis/Documents/Travail/cbnsl_benchmark/scaling/../scaling/results/2026-03-19_12h20_SEM_gaussian/graphs/GHC+BDeu__v5_a8_g1_s1000.json,,0.034305376999327564,9.0,8.0,0.0,0.6666666666666666,0.0,0.625
SEM_gaussian,NOTEARS,"{""lambda1"": 0.0, ""w_threshold_notears"": 0.1}",5,8,1000,1,/home/mathis/Documents/Travail/cbnsl_benchmark/scaling/../scaling/results/2026-03-19_12h20_SEM_gaussian/graphs/golden__v5_a8_g1.json,/home/mathis/Documents/Travail/cbnsl_benchmark/scaling/../scaling/results/2026-03-19_12h20_SEM_gaussian/graphs/NOTEARS__v5_a8_g1_s1000.json,,0.6177781579990551,0.0,0.0,0.9333333333333333,1.0,1.0,1.0
SEM_gaussian,NOTEARS Disc.,"{""lambda1"": 0.5, ""w_threshold_notears"": 0.1, ""n_bins"": 6, ""initial_bins"": 20, ""discretization_method"": ""hartemink""}",5,8,1000,1,/home/mathis/Documents/Travail/cbnsl_benchmark/scaling/../scaling/results/2026-03-19_12h20_SEM_gaussian/graphs/golden__v5_a8_g1.json,/home/mathis/Documents/Travail/cbnsl_benchmark/scaling/../scaling/results/2026-03-19_12h20_SEM_gaussian/graphs/NOTEARS Disc.__v5_a8_g1_s1000.json,,7.000181568999324,8.0,5.0,0.0,0.6153846153846154,0.0,0.5
SEM_gaussian,LiNGAM,"{""threshold_lingam"": 0.01}",5,8,1000,1,/home/mathis/Documents/Travail/cbnsl_benchmark/scaling/../scaling/results/2026-03-19_12h20_SEM_gaussian/graphs/golden__v5_a8_g1.json,/home/mathis/Documents/Travail/cbnsl_benchmark/scaling/../scaling/results/2026-03-19_12h20_SEM_gaussian/graphs/LiNGAM__v5_a8_g1_s1000.json,,0.11711755000033008,7.0,1.0,0.3636363636363636,0.9411764705882353,1.0,1.0
SEM_gaussian,CPC,"{""alpha"": 0.05, ""max_conditioning_set_size"": 2}",5,8,2000,1,/home/mathis/Documents/Travail/cbnsl_benchmark/scaling/../scaling/results/2026-03-19_12h20_SEM_gaussian/graphs/golden__v5_a8_g1.json,/home/mathis/Documents/Travail/cbnsl_benchmark/scaling/../scaling/results/2026-03-19_12h20_SEM_gaussian/graphs/CPC__v5_a8_g1_s2000.json,,1.2967074309999589,7.0,4.0,0.22222222222222224,0.6666666666666666,0.2,0.5
SEM_gaussian,CMIIC,"{""alpha"": 0.01}",5,8,2000,1,/home/mathis/Documents/Travail/cbnsl_benchmark/scaling/../scaling/results/2026-03-19_12h20_SEM_gaussian/graphs/golden__v5_a8_g1.json,/home/mathis/Documents/Travail/cbnsl_benchmark/scaling/../scaling/results/2026-03-19_12h20_SEM_gaussian/graphs/CMIIC__v5_a8_g1_s2000.json,,1.3038319280003634,7.0,4.0,0.3636363636363636,0.7142857142857143,0.4,0.625
SEM_gaussian,MIIC,"{""n_bins"": 2, ""discretization_method"": ""quantile""}",5,8,2000,1,/home/mathis/Documents/Travail/cbnsl_benchmark/scaling/../scaling/results/2026-03-19_12h20_SEM_gaussian/graphs/golden__v5_a8_g1.json,/home/mathis/Documents/Travail/cbnsl_benchmark/scaling/../scaling/results/2026-03-19_12h20_SEM_gaussian/graphs/MIIC__v5_a8_g1_s2000.json,,0.0743384329998662,6.0,3.0,0.5,0.7999999999999999,0.6,0.75
SEM_gaussian,GHC+BDeu,"{""n_bins"": 2, ""discretization_method"": ""quantile""}",5,8,2000,1,/home/mathis/Documents/Travail/cbnsl_benchmark/scaling/../scaling/results/2026-03-19_12h20_SEM_gaussian/graphs/golden__v5_a8_g1.json,/home/mathis/Documents/Travail/cbnsl_benchmark/scaling/../scaling/results/2026-03-19_12h20_SEM_gaussian/graphs/GHC+BDeu__v5_a8_g1_s2000.json,,0.06236184100089304,9.0,7.0,0.0,0.75,0.0,0.75
SEM_gaussian,NOTEARS,"{""lambda1"": 0.0, ""w_threshold_notears"": 0.1}",5,8,2000,1,/home/mathis/Documents/Travail/cbnsl_benchmark/scaling/../scaling/results/2026-03-19_12h20_SEM_gaussian/graphs/golden__v5_a8_g1.json,/home/mathis/Documents/Travail/cbnsl_benchmark/scaling/../scaling/results/2026-03-19_12h20_SEM_gaussian/graphs/NOTEARS__v5_a8_g1_s2000.json,,1.1020367620003526,0.0,0.0,0.9333333333333333,1.0,1.0,1.0
SEM_gaussian,NOTEARS Disc.,"{""lambda1"": 0.5, ""w_threshold_notears"": 0.1, ""n_bins"": 6, ""initial_bins"": 20, ""discretization_method"": ""hartemink""}",5,8,2000,1,/home/mathis/Documents/Travail/cbnsl_benchmark/scaling/../scaling/results/2026-03-19_12h20_SEM_gaussian/graphs/golden__v5_a8_g1.json,/home/mathis/Documents/Travail/cbnsl_benchmark/scaling/../scaling/results/2026-03-19_12h20_SEM_gaussian/graphs/NOTEARS Disc.__v5_a8_g1_s2000.json,,10.262231093000082,8.0,4.0,0.0,0.7142857142857143,0.0,0.625
SEM_gaussian,LiNGAM,"{""threshold_lingam"": 0.01}",5,8,2000,1,/home/mathis/Documents/Travail/cbnsl_benchmark/scaling/../scaling/results/2026-03-19_12h20_SEM_gaussian/graphs/golden__v5_a8_g1.json,/home/mathis/Documents/Travail/cbnsl_benchmark/scaling/../scaling/results/2026-03-19_12h20_SEM_gaussian/graphs/LiNGAM__v5_a8_g1_s2000.json,,0.10938011799953529,8.0,3.0,0.46153846153846156,0.823529411764706,0.75,0.875
SEM_gaussian,CPC,"{""alpha"": 0.05, ""max_conditioning_set_size"": 2}",5,8,3500,1,/home/mathis/Documents/Travail/cbnsl_benchmark/scaling/../scaling/results/2026-03-19_12h20_SEM_gaussian/graphs/golden__v5_a8_g1.json,/home/mathis/Documents/Travail/cbnsl_benchmark/scaling/../scaling/results/2026-03-19_12h20_SEM_gaussian/graphs/CPC__v5_a8_g1_s3500.json,,3.557492382999044,8.0,5.0,0.20000000000000004,0.6153846153846154,0.2,0.5
SEM_gaussian,CMIIC,"{""alpha"": 0.01}",5,8,3500,1,/home/mathis/Documents/Travail/cbnsl_benchmark/scaling/../scaling/results/2026-03-19_12h20_SEM_gaussian/graphs/golden__v5_a8_g1.json,/home/mathis/Documents/Travail/cbnsl_benchmark/scaling/../scaling/results/2026-03-19_12h20_SEM_gaussian/graphs/CMIIC__v5_a8_g1_s3500.json,,4.189295684000172,7.0,4.0,0.3636363636363636,0.7142857142857143,0.4,0.625
SEM_gaussian,MIIC,"{""n_bins"": 2, ""discretization_method"": ""quantile""}",5,8,3500,1,/home/mathis/Documents/Travail/cbnsl_benchmark/scaling/../scaling/results/2026-03-19_12h20_SEM_gaussian/graphs/golden__v5_a8_g1.json,/home/mathis/Documents/Travail/cbnsl_benchmark/scaling/../scaling/results/2026-03-19_12h20_SEM_gaussian/graphs/MIIC__v5_a8_g1_s3500.json,,0.10363742799927422,6.0,3.0,0.5,0.7999999999999999,0.6,0.75
SEM_gaussian,GHC+BDeu,"{""n_bins"": 2, ""discretization_method"": ""quantile""}",5,8,3500,1,/home/mathis/Documents/Travail/cbnsl_benchmark/scaling/../scaling/results/2026-03-19_12h20_SEM_gaussian/graphs/golden__v5_a8_g1.json,/home/mathis/Documents/Travail/cbnsl_benchmark/scaling/../scaling/results/2026-03-19_12h20_SEM_gaussian/graphs/GHC+BDeu__v5_a8_g1_s3500.json,,0.10357092500089493,9.0,7.0,0.0,0.75,0.0,0.75
SEM_gaussian,NOTEARS,"{""lambda1"": 0.0, ""w_threshold_notears"": 0.1}",5,8,3500,1,/home/mathis/Documents/Travail/cbnsl_benchmark/scaling/../scaling/results/2026-03-19_12h20_SEM_gaussian/graphs/golden__v5_a8_g1.json,/home/mathis/Documents/Travail/cbnsl_benchmark/scaling/../scaling/results/2026-03-19_12h20_SEM_gaussian/graphs/NOTEARS__v5_a8_g1_s3500.json,,0.9428793089991814,0.0,0.0,0.9333333333333333,1.0,1.0,1.0
SEM_gaussian,NOTEARS Disc.,"{""lambda1"": 0.5, ""w_threshold_notears"": 0.1, ""n_bins"": 6, ""initial_bins"": 20, ""discretization_method"": ""hartemink""}",5,8,3500,1,/home/mathis/Documents/Travail/cbnsl_benchmark/scaling/../scaling/results/2026-03-19_12h20_SEM_gaussian/graphs/golden__v5_a8_g1.json,/home/mathis/Documents/Travail/cbnsl_benchmark/scaling/../scaling/results/2026-03-19_12h20_SEM_gaussian/graphs/NOTEARS Disc.__v5_a8_g1_s3500.json,,11.879575945000397,8.0,6.0,0.0,0.5,0.0,0.375
SEM_gaussian,LiNGAM,"{""threshold_lingam"": 0.01}",5,8,3500,1,/home/mathis/Documents/Travail/cbnsl_benchmark/scaling/../scaling/results/2026-03-19_12h20_SEM_gaussian/graphs/golden__v5_a8_g1.json,/home/mathis/Documents/Travail/cbnsl_benchmark/scaling/../scaling/results/2026-03-19_12h20_SEM_gaussian/graphs/LiNGAM__v5_a8_g1_s3500.json,,0.13763470300000336,2.0,0.0,0.8571428571428571,1.0,1.0,1.0
SEM_gaussian,CPC,"{""alpha"": 0.05, ""max_conditioning_set_size"": 2}",5,8,5000,1,/home/mathis/Documents/Travail/cbnsl_benchmark/scaling/../scaling/results/2026-03-19_12h20_SEM_gaussian/graphs/golden__v5_a8_g1.json,/home/mathis/Documents/Travail/cbnsl_benchmark/scaling/../scaling/results/2026-03-19_12h20_SEM_gaussian/graphs/CPC__v5_a8_g1_s5000.json,,7.4844561030004115,7.0,4.0,0.5,0.7142857142857143,0.5,0.625
SEM_gaussian,CMIIC,"{""alpha"": 0.01}",5,8,5000,1,/home/mathis/Documents/Travail/cbnsl_benchmark/scaling/../scaling/results/2026-03-19_12h20_SEM_gaussian/graphs/golden__v5_a8_g1.json,/home/mathis/Documents/Travail/cbnsl_benchmark/scaling/../scaling/results/2026-03-19_12h20_SEM_gaussian/graphs/CMIIC__v5_a8_g1_s5000.json,,8.26972742900034,7.0,4.0,0.3636363636363636,0.7142857142857143,0.4,0.625
SEM_gaussian,MIIC,"{""n_bins"": 2, ""discretization_method"": ""quantile""}",5,8,5000,1,/home/mathis/Documents/Travail/cbnsl_benchmark/scaling/../scaling/results/2026-03-19_12h20_SEM_gaussian/graphs/golden__v5_a8_g1.json,/home/mathis/Documents/Travail/cbnsl_benchmark/scaling/../scaling/results/2026-03-19_12h20_SEM_gaussian/graphs/MIIC__v5_a8_g1_s5000.json,,0.13552930200057745,4.0,2.0,0.7999999999999999,0.875,0.8571428571428571,0.875
SEM_gaussian,GHC+BDeu,"{""n_bins"": 2, ""discretization_method"": ""quantile""}",5,8,5000,1,/home/mathis/Documents/Travail/cbnsl_benchmark/scaling/../scaling/results/2026-03-19_12h20_SEM_gaussian/graphs/golden__v5_a8_g1.json,/home/mathis/Documents/Travail/cbnsl_benchmark/scaling/../scaling/results/2026-03-19_12h20_SEM_gaussian/graphs/GHC+BDeu__v5_a8_g1_s5000.json,,0.12297527400005492,9.0,3.0,0.0,0.823529411764706,0.0,0.875
SEM_gaussian,NOTEARS,"{""lambda1"": 0.0, ""w_threshold_notears"": 0.1}",5,8,5000,1,/home/mathis/Documents/Travail/cbnsl_benchmark/scaling/../scaling/results/2026-03-19_12h20_SEM_gaussian/graphs/golden__v5_a8_g1.json,/home/mathis/Documents/Travail/cbnsl_benchmark/scaling/../scaling/results/2026-03-19_12h20_SEM_gaussian/graphs/NOTEARS__v5_a8_g1_s5000.json,,0.9777909819986235,0.0,0.0,0.9333333333333333,1.0,1.0,1.0
SEM_gaussian,NOTEARS Disc.,"{""lambda1"": 0.5, ""w_threshold_notears"": 0.1, ""n_bins"": 6, ""initial_bins"": 20, ""discretization_method"": ""hartemink""}",5,8,5000,1,/home/mathis/Documents/Travail/cbnsl_benchmark/scaling/../scaling/results/2026-03-19_12h20_SEM_gaussian/graphs/golden__v5_a8_g1.json,/home/mathis/Documents/Travail/cbnsl_benchmark/scaling/../scaling/results/2026-03-19_12h20_SEM_gaussian/graphs/NOTEARS Disc.__v5_a8_g1_s5000.json,,14.759888034999676,7.0,4.0,0.0,0.6666666666666666,0.0,0.5
SEM_gaussian,LiNGAM,"{""threshold_lingam"": 0.01}",5,8,5000,1,/home/mathis/Documents/Travail/cbnsl_benchmark/scaling/../scaling/results/2026-03-19_12h20_SEM_gaussian/graphs/golden__v5_a8_g1.json,/home/mathis/Documents/Travail/cbnsl_benchmark/scaling/../scaling/results/2026-03-19_12h20_SEM_gaussian/graphs/LiNGAM__v5_a8_g1_s5000.json,,0.1733092550002766,8.0,1.0,0.0,0.9411764705882353,0.0,1.0
SEM_gaussian,CPC,"{""alpha"": 0.05, ""max_conditioning_set_size"": 2}",5,8,200,2,/home/mathis/Documents/Travail/cbnsl_benchmark/scaling/../scaling/results/2026-03-19_12h20_SEM_gaussian/graphs/golden__v5_a8_g2.json,/home/mathis/Documents/Travail/cbnsl_benchmark/scaling/../scaling/results/2026-03-19_12h20_SEM_gaussian/graphs/CPC__v5_a8_g2_s200.json,,0.012000966000414337,6.0,6.0,0.0,0.0,0.0,0.0
SEM_gaussian,CMIIC,"{""alpha"": 0.01}",5,8,200,2,/home/mathis/Documents/Travail/cbnsl_benchmark/scaling/../scaling/results/2026-03-19_12h20_SEM_gaussian/graphs/golden__v5_a8_g2.json,/home/mathis/Documents/Travail/cbnsl_benchmark/scaling/../scaling/results/2026-03-19_12h20_SEM_gaussian/graphs/CMIIC__v5_a8_g2_s200.json,,0.03388601699953142,7.0,4.0,0.0,0.7142857142857143,0.0,0.8333333333333334
SEM_gaussian,MIIC,"{""n_bins"": 2, ""discretization_method"": ""quantile""}",5,8,200,2,/home/mathis/Documents/Travail/cbnsl_benchmark/scaling/../scaling/results/2026-03-19_12h20_SEM_gaussian/graphs/golden__v5_a8_g2.json,/home/mathis/Documents/Travail/cbnsl_benchmark/scaling/../scaling/results/2026-03-19_12h20_SEM_gaussian/graphs/MIIC__v5_a8_g2_s200.json,,0.015105454998774803,4.0,2.0,0.0,0.8,0.0,0.6666666666666666
SEM_gaussian,GHC+BDeu,"{""n_bins"": 2, ""discretization_method"": ""quantile""}",5,8,200,2,/home/mathis/Documents/Travail/cbnsl_benchmark/scaling/../scaling/results/2026-03-19_12h20_SEM_gaussian/graphs/golden__v5_a8_g2.json,/home/mathis/Documents/Travail/cbnsl_benchmark/scaling/../scaling/results/2026-03-19_12h20_SEM_gaussian/graphs/GHC+BDeu__v5_a8_g2_s200.json,,0.018488177000108408,4.0,2.0,0.0,0.8,0.0,0.6666666666666666
SEM_gaussian,NOTEARS,"{""lambda1"": 0.0, ""w_threshold_notears"": 0.1}",5,8,200,2,/home/mathis/Documents/Travail/cbnsl_benchmark/scaling/../scaling/results/2026-03-19_12h20_SEM_gaussian/graphs/golden__v5_a8_g2.json,/home/mathis/Documents/Travail/cbnsl_benchmark/scaling/../scaling/results/2026-03-19_12h20_SEM_gaussian/graphs/NOTEARS__v5_a8_g2_s200.json,,0.4363241350001772,5.0,2.0,0.0,0.8571428571428571,0.0,1.0
SEM_gaussian,NOTEARS Disc.,"{""lambda1"": 0.5, ""w_threshold_notears"": 0.1, ""n_bins"": 6, ""initial_bins"": 20, ""discretization_method"": ""hartemink""}",5,8,200,2,/home/mathis/Documents/Travail/cbnsl_benchmark/scaling/../scaling/results/2026-03-19_12h20_SEM_gaussian/graphs/golden__v5_a8_g2.json,/home/mathis/Documents/Travail/cbnsl_benchmark/scaling/../scaling/results/2026-03-19_12h20_SEM_gaussian/graphs/NOTEARS Disc.__v5_a8_g2_s200.json,,2.3079087659989455,4.0,1.0,0.0,0.9090909090909091,0.0,0.8333333333333334
SEM_gaussian,LiNGAM,"{""threshold_lingam"": 0.01}",5,8,200,2,/home/mathis/Documents/Travail/cbnsl_benchmark/scaling/../scaling/results/2026-03-19_12h20_SEM_gaussian/graphs/golden__v5_a8_g2.json,/home/mathis/Documents/Travail/cbnsl_benchmark/scaling/../scaling/results/2026-03-19_12h20_SEM_gaussian/graphs/LiNGAM__v5_a8_g2_s200.json,,0.06554831100038427,8.0,3.0,0.0,0.7692307692307692,0.0,0.8333333333333334
SEM_gaussian,CPC,"{""alpha"": 0.05, ""max_conditioning_set_size"": 2}",5,8,500,2,/home/mathis/Documents/Travail/cbnsl_benchmark/scaling/../scaling/results/2026-03-19_12h20_SEM_gaussian/graphs/golden__v5_a8_g2.json,/home/mathis/Documents/Travail/cbnsl_benchmark/scaling/../scaling/results/2026-03-19_12h20_SEM_gaussian/graphs/CPC__v5_a8_g2_s500.json,,0.1374146500002098,5.0,3.0,0.0,0.6666666666666666,0.0,0.5
SEM_gaussian,CMIIC,"{""alpha"": 0.01}",5,8,500,2,/home/mathis/Documents/Travail/cbnsl_benchmark/scaling/../scaling/results/2026-03-19_12h20_SEM_gaussian/graphs/golden__v5_a8_g2.json,/home/mathis/Documents/Travail/cbnsl_benchmark/scaling/../scaling/results/2026-03-19_12h20_SEM_gaussian/graphs/CMIIC__v5_a8_g2_s500.json,,0.08842933899904892,4.0,1.0,0.0,0.9090909090909091,0.0,0.8333333333333334
SEM_gaussian,MIIC,"{""n_bins"": 2, ""discretization_method"": ""quantile""}",5,8,500,2,/home/mathis/Documents/Travail/cbnsl_benchmark/scaling/../scaling/results/2026-03-19_12h20_SEM_gaussian/graphs/golden__v5_a8_g2.json,/home/mathis/Documents/Travail/cbnsl_benchmark/scaling/../scaling/results/2026-03-19_12h20_SEM_gaussian/graphs/MIIC__v5_a8_g2_s500.json,,0.020912804999170476,4.0,1.0,0.0,0.9090909090909091,0.0,0.8333333333333334
SEM_gaussian,GHC+BDeu,"{""n_bins"": 2, ""discretization_method"": ""quantile""}",5,8,500,2,/home/mathis/Documents/Travail/cbnsl_benchmark/scaling/../scaling/results/2026-03-19_12h20_SEM_gaussian/graphs/golden__v5_a8_g2.json,/home/mathis/Documents/Travail/cbnsl_benchmark/scaling/../scaling/results/2026-03-19_12h20_SEM_gaussian/graphs/GHC+BDeu__v5_a8_g2_s500.json,,0.019305711999550113,4.0,1.0,0.0,0.9090909090909091,0.0,0.8333333333333334
SEM_gaussian,NOTEARS,"{""lambda1"": 0.0, ""w_threshold_notears"": 0.1}",5,8,500,2,/home/mathis/Documents/Travail/cbnsl_benchmark/scaling/../scaling/results/2026-03-19_12h20_SEM_gaussian/graphs/golden__v5_a8_g2.json,/home/mathis/Documents/Travail/cbnsl_benchmark/scaling/../scaling/results/2026-03-19_12h20_SEM_gaussian/graphs/NOTEARS__v5_a8_g2_s500.json,,0.5520309889998316,6.0,3.0,0.0,0.8,0.0,1.0
SEM_gaussian,NOTEARS Disc.,"{""lambda1"": 0.5, ""w_threshold_notears"": 0.1, ""n_bins"": 6, ""initial_bins"": 20, ""discretization_method"": ""hartemink""}",5,8,500,2,/home/mathis/Documents/Travail/cbnsl_benchmark/scaling/../scaling/results/2026-03-19_12h20_SEM_gaussian/graphs/golden__v5_a8_g2.json,/home/mathis/Documents/Travail/cbnsl_benchmark/scaling/../scaling/results/2026-03-19_12h20_SEM_gaussian/graphs/NOTEARS Disc.__v5_a8_g2_s500.json,,3.0557124909992126,4.0,1.0,0.0,0.9090909090909091,0.0,0.8333333333333334
SEM_gaussian,LiNGAM,"{""threshold_lingam"": 0.01}",5,8,500,2,/home/mathis/Documents/Travail/cbnsl_benchmark/scaling/../scaling/results/2026-03-19_12h20_SEM_gaussian/graphs/golden__v5_a8_g2.json,/home/mathis/Documents/Travail/cbnsl_benchmark/scaling/../scaling/results/2026-03-19_12h20_SEM_gaussian/graphs/LiNGAM__v5_a8_g2_s500.json,,0.078463540001394,7.0,2.0,0.0,0.8333333333333334,0.0,0.8333333333333334
SEM_gaussian,CPC,"{""alpha"": 0.05, ""max_conditioning_set_size"": 2}",5,8,1000,2,/home/mathis/Documents/Travail/cbnsl_benchmark/scaling/../scaling/results/2026-03-19_12h20_SEM_gaussian/graphs/golden__v5_a8_g2.json,/home/mathis/Documents/Travail/cbnsl_benchmark/scaling/../scaling/results/2026-03-19_12h20_SEM_gaussian/graphs/CPC__v5_a8_g2_s1000.json,,0.372602375000497,5.0,3.0,0.0,0.6666666666666666,0.0,0.5
SEM_gaussian,CMIIC,"{""alpha"": 0.01}",5,8,1000,2,/home/mathis/Documents/Travail/cbnsl_benchmark/scaling/../scaling/results/2026-03-19_12h20_SEM_gaussian/graphs/golden__v5_a8_g2.json,/home/mathis/Documents/Travail/cbnsl_benchmark/scaling/../scaling/results/2026-03-19_12h20_SEM_gaussian/graphs/CMIIC__v5_a8_g2_s1000.json,,0.3709537979993911,4.0,1.0,0.0,0.9090909090909091,0.0,0.8333333333333334
SEM_gaussian,MIIC,"{""n_bins"": 2, ""discretization_method"": ""quantile""}",5,8,1000,2,/home/mathis/Documents/Travail/cbnsl_benchmark/scaling/../scaling/results/2026-03-19_12h20_SEM_gaussian/graphs/golden__v5_a8_g2.json,/home/mathis/Documents/Travail/cbnsl_benchmark/scaling/../scaling/results/2026-03-19_12h20_SEM_gaussian/graphs/MIIC__v5_a8_g2_s1000.json,,0.031864296999629005,3.0,0.0,0.0,1.0,0.0,1.0
SEM_gaussian,GHC+BDeu,"{""n_bins"": 2, ""discretization_method"": ""quantile""}",5,8,1000,2,/home/mathis/Documents/Travail/cbnsl_benchmark/scaling/../scaling/results/2026-03-19_12h20_SEM_gaussian/graphs/golden__v5_a8_g2.json,/home/mathis/Documents/Travail/cbnsl_benchmark/scaling/../scaling/results/2026-03-19_12h20_SEM_gaussian/graphs/GHC+BDeu__v5_a8_g2_s1000.json,,0.03212228000120376,5.0,0.0,0.0,1.0,0.0,1.0
SEM_gaussian,NOTEARS,"{""lambda1"": 0.0, ""w_threshold_notears"": 0.1}",5,8,1000,2,/home/mathis/Documents/Travail/cbnsl_benchmark/scaling/../scaling/results/2026-03-19_12h20_SEM_gaussian/graphs/golden__v5_a8_g2.json,/home/mathis/Documents/Travail/cbnsl_benchmark/scaling/../scaling/results/2026-03-19_12h20_SEM_gaussian/graphs/NOTEARS__v5_a8_g2_s1000.json,,0.5425402789987857,4.0,1.0,0.0,0.923076923076923,0.0,1.0
SEM_gaussian,NOTEARS Disc.,"{""lambda1"": 0.5, ""w_threshold_notears"": 0.1, ""n_bins"": 6, ""initial_bins"": 20, ""discretization_method"": ""hartemink""}",5,8,1000,2,/home/mathis/Documents/Travail/cbnsl_benchmark/scaling/../scaling/results/2026-03-19_12h20_SEM_gaussian/graphs/golden__v5_a8_g2.json,/home/mathis/Documents/Travail/cbnsl_benchmark/scaling/../scaling/results/2026-03-19_12h20_SEM_gaussian/graphs/NOTEARS Disc.__v5_a8_g2_s1000.json,,4.905654496000352,4.0,1.0,0.0,0.9090909090909091,0.0,0.8333333333333334
SEM_gaussian,LiNGAM,"{""threshold_lingam"": 0.01}",5,8,1000,2,/home/mathis/Documents/Travail/cbnsl_benchmark/scaling/../scaling/results/2026-03-19_12h20_SEM_gaussian/graphs/golden__v5_a8_g2.json,/home/mathis/Documents/Travail/cbnsl_benchmark/scaling/../scaling/results/2026-03-19_12h20_SEM_gaussian/graphs/LiNGAM__v5_a8_g2_s1000.json,,0.09315967600014119,5.0,2.0,0.0,0.8333333333333334,0.0,0.8333333333333334
SEM_gaussian,CPC,"{""alpha"": 0.05, ""max_conditioning_set_size"": 2}",5,8,2000,2,/home/mathis/Documents/Travail/cbnsl_benchmark/scaling/../scaling/results/2026-03-19_12h20_SEM_gaussian/graphs/golden__v5_a8_g2.json,/home/mathis/Documents/Travail/cbnsl_benchmark/scaling/../scaling/results/2026-03-19_12h20_SEM_gaussian/graphs/CPC__v5_a8_g2_s2000.json,,1.317104832998666,6.0,1.0,0.28571428571428575,0.9090909090909091,0.5,0.8333333333333334
SEM_gaussian,CMIIC,"{""alpha"": 0.01}",5,8,2000,2,/home/mathis/Documents/Travail/cbnsl_benchmark/scaling/../scaling/results/2026-03-19_12h20_SEM_gaussian/graphs/golden__v5_a8_g2.json,/home/mathis/Documents/Travail/cbnsl_benchmark/scaling/../scaling/results/2026-03-19_12h20_SEM_gaussian/graphs/CMIIC__v5_a8_g2_s2000.json,,1.1983415790000436,3.0,1.0,0.5,0.9090909090909091,0.6666666666666666,0.8333333333333334
SEM_gaussian,MIIC,"{""n_bins"": 2, ""discretization_method"": ""quantile""}",5,8,2000,2,/home/mathis/Documents/Travail/cbnsl_benchmark/scaling/../scaling/results/2026-03-19_12h20_SEM_gaussian/graphs/golden__v5_a8_g2.json,/home/mathis/Documents/Travail/cbnsl_benchmark/scaling/../scaling/results/2026-03-19_12h20_SEM_gaussian/graphs/MIIC__v5_a8_g2_s2000.json,,0.055431806000342476,4.0,1.0,0.0,0.923076923076923,0.0,1.0
SEM_gaussian,GHC+BDeu,"{""n_bins"": 2, ""discretization_method"": ""quantile""}",5,8,2000,2,/home/mathis/Documents/Travail/cbnsl_benchmark/scaling/../scaling/results/2026-03-19_12h20_SEM_gaussian/graphs/golden__v5_a8_g2.json,/home/mathis/Documents/Travail/cbnsl_benchmark/scaling/../scaling/results/2026-03-19_12h20_SEM_gaussian/graphs/GHC+BDeu__v5_a8_g2_s2000.json,,0.06023946900131705,4.0,1.0,0.0,0.923076923076923,0.0,1.0
SEM_gaussian,NOTEARS,"{""lambda1"": 0.0, ""w_threshold_notears"": 0.1}",5,8,2000,2,/home/mathis/Documents/Travail/cbnsl_benchmark/scaling/../scaling/results/2026-03-19_12h20_SEM_gaussian/graphs/golden__v5_a8_g2.json,/home/mathis/Documents/Travail/cbnsl_benchmark/scaling/../scaling/results/2026-03-19_12h20_SEM_gaussian/graphs/NOTEARS__v5_a8_g2_s2000.json,,0.6879156470004091,4.0,1.0,0.0,0.923076923076923,0.0,1.0
SEM_gaussian,NOTEARS Disc.,"{""lambda1"": 0.5, ""w_threshold_notears"": 0.1, ""n_bins"": 6, ""initial_bins"": 20, ""discretization_method"": ""hartemink""}",5,8,2000,2,/home/mathis/Documents/Travail/cbnsl_benchmark/scaling/../scaling/results/2026-03-19_12h20_SEM_gaussian/graphs/golden__v5_a8_g2.json,/home/mathis/Documents/Travail/cbnsl_benchmark/scaling/../scaling/results/2026-03-19_12h20_SEM_gaussian/graphs/NOTEARS Disc.__v5_a8_g2_s2000.json,,7.2014675729988085,4.0,1.0,0.0,0.9090909090909091,0.0,0.8333333333333334
SEM_gaussian,LiNGAM,"{""threshold_lingam"": 0.01}",5,8,2000,2,/home/mathis/Documents/Travail/cbnsl_benchmark/scaling/../scaling/results/2026-03-19_12h20_SEM_gaussian/graphs/golden__v5_a8_g2.json,/home/mathis/Documents/Travail/cbnsl_benchmark/scaling/../scaling/results/2026-03-19_12h20_SEM_gaussian/graphs/LiNGAM__v5_a8_g2_s2000.json,,0.1031900920006592,1.0,1.0,0.6,0.923076923076923,1.0,1.0
SEM_gaussian,CPC,"{""alpha"": 0.05, ""max_conditioning_set_size"": 2}",5,8,3500,2,/home/mathis/Documents/Travail/cbnsl_benchmark/scaling/../scaling/results/2026-03-19_12h20_SEM_gaussian/graphs/golden__v5_a8_g2.json,/home/mathis/Documents/Travail/cbnsl_benchmark/scaling/../scaling/results/2026-03-19_12h20_SEM_gaussian/graphs/CPC__v5_a8_g2_s3500.json,,3.89705742499973,6.0,1.0,0.28571428571428575,0.9090909090909091,0.5,0.8333333333333334
SEM_gaussian,CMIIC,"{""alpha"": 0.01}",5,8,3500,2,/home/mathis/Documents/Travail/cbnsl_benchmark/scaling/../scaling/results/2026-03-19_12h20_SEM_gaussian/graphs/golden__v5_a8_g2.json,/home/mathis/Documents/Travail/cbnsl_benchmark/scaling/../scaling/results/2026-03-19_12h20_SEM_gaussian/graphs/CMIIC__v5_a8_g2_s3500.json,,4.138031264001256,3.0,1.0,0.5,0.9090909090909091,0.6666666666666666,0.8333333333333334
SEM_gaussian,MIIC,"{""n_bins"": 2, ""discretization_method"": ""quantile""}",5,8,3500,2,/home/mathis/Documents/Travail/cbnsl_benchmark/scaling/../scaling/results/2026-03-19_12h20_SEM_gaussian/graphs/golden__v5_a8_g2.json,/home/mathis/Documents/Travail/cbnsl_benchmark/scaling/../scaling/results/2026-03-19_12h20_SEM_gaussian/graphs/MIIC__v5_a8_g2_s3500.json,,0.10425438300080714,4.0,1.0,0.0,0.923076923076923,0.0,1.0
SEM_gaussian,GHC+BDeu,"{""n_bins"": 2, ""discretization_method"": ""quantile""}",5,8,3500,2,/home/mathis/Documents/Travail/cbnsl_benchmark/scaling/../scaling/results/2026-03-19_12h20_SEM_gaussian/graphs/golden__v5_a8_g2.json,/home/mathis/Documents/Travail/cbnsl_benchmark/scaling/../scaling/results/2026-03-19_12h20_SEM_gaussian/graphs/GHC+BDeu__v5_a8_g2_s3500.json,,0.08494129300015629,4.0,1.0,0.0,0.923076923076923,0.0,1.0
SEM_gaussian,NOTEARS,"{""lambda1"": 0.0, ""w_threshold_notears"": 0.1}",5,8,3500,2,/home/mathis/Documents/Travail/cbnsl_benchmark/scaling/../scaling/results/2026-03-19_12h20_SEM_gaussian/graphs/golden__v5_a8_g2.json,/home/mathis/Documents/Travail/cbnsl_benchmark/scaling/../scaling/results/2026-03-19_12h20_SEM_gaussian/graphs/NOTEARS__v5_a8_g2_s3500.json,,1.085469383999225,4.0,1.0,0.0,0.923076923076923,0.0,1.0
SEM_gaussian,NOTEARS Disc.,"{""lambda1"": 0.5, ""w_threshold_notears"": 0.1, ""n_bins"": 6, ""initial_bins"": 20, ""discretization_method"": ""hartemink""}",5,8,3500,2,/home/mathis/Documents/Travail/cbnsl_benchmark/scaling/../scaling/results/2026-03-19_12h20_SEM_gaussian/graphs/golden__v5_a8_g2.json,/home/mathis/Documents/Travail/cbnsl_benchmark/scaling/../scaling/results/2026-03-19_12h20_SEM_gaussian/graphs/NOTEARS Disc.__v5_a8_g2_s3500.json,,11.45039445600014,4.0,1.0,0.0,0.9090909090909091,0.0,0.8333333333333334
SEM_gaussian,LiNGAM,"{""threshold_lingam"": 0.01}",5,8,3500,2,/home/mathis/Documents/Travail/cbnsl_benchmark/scaling/../scaling/results/2026-03-19_12h20_SEM_gaussian/graphs/golden__v5_a8_g2.json,/home/mathis/Documents/Travail/cbnsl_benchmark/scaling/../scaling/results/2026-03-19_12h20_SEM_gaussian/graphs/LiNGAM__v5_a8_g2_s3500.json,,0.18788034499993955,0.0,0.0,0.6666666666666666,1.0,1.0,1.0
SEM_gaussian,CPC,"{""alpha"": 0.05, ""max_conditioning_set_size"": 2}",5,8,5000,2,/home/mathis/Documents/Travail/cbnsl_benchmark/scaling/../scaling/results/2026-03-19_12h20_SEM_gaussian/graphs/golden__v5_a8_g2.json,/home/mathis/Documents/Travail/cbnsl_benchmark/scaling/../scaling/results/2026-03-19_12h20_SEM_gaussian/graphs/CPC__v5_a8_g2_s5000.json,,8.130475793999722,4.0,1.0,0.6666666666666665,0.9090909090909091,0.75,0.8333333333333334
SEM_gaussian,CMIIC,"{""alpha"": 0.01}",5,8,5000,2,/home/mathis/Documents/Travail/cbnsl_benchmark/scaling/../scaling/results/2026-03-19_12h20_SEM_gaussian/graphs/golden__v5_a8_g2.json,/home/mathis/Documents/Travail/cbnsl_benchmark/scaling/../scaling/results/2026-03-19_12h20_SEM_gaussian/graphs/CMIIC__v5_a8_g2_s5000.json,,7.196796129999711,3.0,1.0,0.5,0.9090909090909091,0.6666666666666666,0.8333333333333334
SEM_gaussian,MIIC,"{""n_bins"": 2, ""discretization_method"": ""quantile""}",5,8,5000,2,/home/mathis/Documents/Travail/cbnsl_benchmark/scaling/../scaling/results/2026-03-19_12h20_SEM_gaussian/graphs/golden__v5_a8_g2.json,/home/mathis/Documents/Travail/cbnsl_benchmark/scaling/../scaling/results/2026-03-19_12h20_SEM_gaussian/graphs/MIIC__v5_a8_g2_s5000.json,,0.136462897000456,6.0,1.0,0.0,0.923076923076923,0.0,1.0
SEM_gaussian,GHC+BDeu,"{""n_bins"": 2, ""discretization_method"": ""quantile""}",5,8,5000,2,/home/mathis/Documents/Travail/cbnsl_benchmark/scaling/../scaling/results/2026-03-19_12h20_SEM_gaussian/graphs/golden__v5_a8_g2.json,/home/mathis/Documents/Travail/cbnsl_benchmark/scaling/../scaling/results/2026-03-19_12h20_SEM_gaussian/graphs/GHC+BDeu__v5_a8_g2_s5000.json,,0.12425507399893831,4.0,1.0,0.0,0.923076923076923,0.0,1.0
SEM_gaussian,NOTEARS,"{""lambda1"": 0.0, ""w_threshold_notears"": 0.1}",5,8,5000,2,/home/mathis/Documents/Travail/cbnsl_benchmark/scaling/../scaling/results/2026-03-19_12h20_SEM_gaussian/graphs/golden__v5_a8_g2.json,/home/mathis/Documents/Travail/cbnsl_benchmark/scaling/../scaling/results/2026-03-19_12h20_SEM_gaussian/graphs/NOTEARS__v5_a8_g2_s5000.json,,1.3545321710007556,4.0,1.0,0.0,0.923076923076923,0.0,1.0
SEM_gaussian,NOTEARS Disc.,"{""lambda1"": 0.5, ""w_threshold_notears"": 0.1, ""n_bins"": 6, ""initial_bins"": 20, ""discretization_method"": ""hartemink""}",5,8,5000,2,/home/mathis/Documents/Travail/cbnsl_benchmark/scaling/../scaling/results/2026-03-19_12h20_SEM_gaussian/graphs/golden__v5_a8_g2.json,/home/mathis/Documents/Travail/cbnsl_benchmark/scaling/../scaling/results/2026-03-19_12h20_SEM_gaussian/graphs/NOTEARS Disc.__v5_a8_g2_s5000.json,,15.585680672000308,4.0,1.0,0.0,0.9090909090909091,0.0,0.8333333333333334
SEM_gaussian,LiNGAM,"{""threshold_lingam"": 0.01}",5,8,5000,2,/home/mathis/Documents/Travail/cbnsl_benchmark/scaling/../scaling/results/2026-03-19_12h20_SEM_gaussian/graphs/golden__v5_a8_g2.json,/home/mathis/Documents/Travail/cbnsl_benchmark/scaling/../scaling/results/2026-03-19_12h20_SEM_gaussian/graphs/LiNGAM__v5_a8_g2_s5000.json,,0.1547482370006037,0.0,0.0,0.6666666666666666,1.0,1.0,1.0
SEM_gaussian,CPC,"{""alpha"": 0.05, ""max_conditioning_set_size"": 2}",10,15,200,0,/home/mathis/Documents/Travail/cbnsl_benchmark/scaling/../scaling/results/2026-03-19_12h20_SEM_gaussian/graphs/golden__v10_a15_g0.json,/home/mathis/Documents/Travail/cbnsl_benchmark/scaling/../scaling/results/2026-03-19_12h20_SEM_gaussian/graphs/CPC__v10_a15_g0_s200.json,,0.03866714499963564,15.0,14.0,0.0,0.33333333333333337,0.0,0.2
SEM_gaussian,CMIIC,"{""alpha"": 0.01}",10,15,200,0,/home/mathis/Documents/Travail/cbnsl_benchmark/scaling/../scaling/results/2026-03-19_12h20_SEM_gaussian/graphs/golden__v10_a15_g0.json,/home/mathis/Documents/Travail/cbnsl_benchmark/scaling/../scaling/results/2026-03-19_12h20_SEM_gaussian/graphs/CMIIC__v10_a15_g0_s200.json,,0.4272795400011091,17.0,18.0,0.47058823529411764,0.6666666666666667,0.8,0.8666666666666667
SEM_gaussian,MIIC,"{""n_bins"": 2, ""discretization_method"": ""quantile""}",10,15,200,0,/home/mathis/Documents/Travail/cbnsl_benchmark/scaling/../scaling/results/2026-03-19_12h20_SEM_gaussian/graphs/golden__v10_a15_g0.json,/home/mathis/Documents/Travail/cbnsl_benchmark/scaling/../scaling/results/2026-03-19_12h20_SEM_gaussian/graphs/MIIC__v10_a15_g0_s200.json,,0.03762412300056894,16.0,10.0,0.0,0.6923076923076923,0.0,0.6
SEM_gaussian,GHC+BDeu,"{""n_bins"": 2, ""discretization_method"": ""quantile""}",10,15,200,0,/home/mathis/Documents/Travail/cbnsl_benchmark/scaling/../scaling/results/2026-03-19_12h20_SEM_gaussian/graphs/golden__v10_a15_g0.json,/home/mathis/Documents/Travail/cbnsl_benchmark/scaling/../scaling/results/2026-03-19_12h20_SEM_gaussian/graphs/GHC+BDeu__v10_a15_g0_s200.json,,0.045116871000573155,12.0,10.0,0.380952380952381,0.6923076923076923,0.4,0.6
SEM_gaussian,NOTEARS,"{""lambda1"": 0.0, ""w_threshold_notears"": 0.1}",10,15,200,0,/home/mathis/Documents/Travail/cbnsl_benchmark/scaling/../scaling/results/2026-03-19_12h20_SEM_gaussian/graphs/golden__v10_a15_g0.json,/home/mathis/Documents/Travail/cbnsl_benchmark/scaling/../scaling/results/2026-03-19_12h20_SEM_gaussian/graphs/NOTEARS__v10_a15_g0_s200.json,,1.9398342970016529,11.0,19.0,0.6857142857142856,0.7894736842105263,1.0,1.0
SEM_gaussian,NOTEARS Disc.,"{""lambda1"": 0.5, ""w_threshold_notears"": 0.1, ""n_bins"": 6, ""initial_bins"": 20, ""discretization_method"": ""hartemink""}",10,15,200,0,/home/mathis/Documents/Travail/cbnsl_benchmark/scaling/../scaling/results/2026-03-19_12h20_SEM_gaussian/graphs/golden__v10_a15_g0.json,/home/mathis/Documents/Travail/cbnsl_benchmark/scaling/../scaling/results/2026-03-19_12h20_SEM_gaussian/graphs/NOTEARS Disc.__v10_a15_g0_s200.json,,7.9962036029992305,16.0,10.0,0.1111111111111111,0.6923076923076923,0.14285714285714285,0.6
SEM_gaussian,LiNGAM,"{""threshold_lingam"": 0.01}",10,15,200,0,/home/mathis/Documents/Travail/cbnsl_benchmark/scaling/../scaling/results/2026-03-19_12h20_SEM_gaussian/graphs/golden__v10_a15_g0.json,/home/mathis/Documents/Travail/cbnsl_benchmark/scaling/../scaling/results/2026-03-19_12h20_SEM_gaussian/graphs/LiNGAM__v10_a15_g0_s200.json,,0.32382380200033367,17.0,21.0,0.43750000000000006,0.6842105263157895,0.7777777777777778,0.8666666666666667
SEM_gaussian,CPC,"{""alpha"": 0.05, ""max_conditioning_set_size"": 2}",10,15,500,0,/home/mathis/Documents/Travail/cbnsl_benchmark/scaling/../scaling/results/2026-03-19_12h20_SEM_gaussian/graphs/golden__v10_a15_g0.json,/home/mathis/Documents/Travail/cbnsl_benchmark/scaling/../scaling/results/2026-03-19_12h20_SEM_gaussian/graphs/CPC__v10_a15_g0_s500.json,,0.2261013589995855,14.0,14.0,0.0,0.5,0.0,0.3333333333333333
SEM_gaussian,CMIIC,"{""alpha"": 0.01}",10,15,500,0,/home/mathis/Documents/Travail/cbnsl_benchmark/scaling/../scaling/results/2026-03-19_12h20_SEM_gaussian/graphs/golden__v10_a15_g0.json,/home/mathis/Documents/Travail/cbnsl_benchmark/scaling/../scaling/results/2026-03-19_12h20_SEM_gaussian/graphs/CMIIC__v10_a15_g0_s500.json,,1.9830242389998602,18.0,15.0,0.3703703703703704,0.6666666666666666,0.5555555555555556,0.7333333333333333
SEM_gaussian,MIIC,"{""n_bins"": 2, ""discretization_method"": ""quantile""}",10,15,500,0,/home/mathis/Documents/Travail/cbnsl_benchmark/scaling/../scaling/results/2026-03-19_12h20_SEM_gaussian/graphs/golden__v10_a15_g0.json,/home/mathis/Documents/Travail/cbnsl_benchmark/scaling/../scaling/results/2026-03-19_12h20_SEM_gaussian/graphs/MIIC__v10_a15_g0_s500.json,,0.06140874199991231,9.0,9.0,0.6923076923076924,0.7407407407407408,0.6428571428571429,0.6666666666666666
SEM_gaussian,GHC+BDeu,"{""n_bins"": 2, ""discretization_method"": ""quantile""}",10,15,500,0,/home/mathis/Documents/Travail/cbnsl_benchmark/scaling/../scaling/results/2026-03-19_12h20_SEM_gaussian/graphs/golden__v10_a15_g0.json,/home/mathis/Documents/Travail/cbnsl_benchmark/scaling/../scaling/results/2026-03-19_12h20_SEM_gaussian/graphs/GHC+BDeu__v10_a15_g0_s500.json,,0.0498214140006894,14.0,14.0,0.34782608695652173,0.689655172413793,0.4444444444444444,0.6666666666666666
SEM_gaussian,NOTEARS,"{""lambda1"": 0.0, ""w_threshold_notears"": 0.1}",10,15,500,0,/home/mathis/Documents/Travail/cbnsl_benchmark/scaling/../scaling/results/2026-03-19_12h20_SEM_gaussian/graphs/golden__v10_a15_g0.json,/home/mathis/Documents/Travail/cbnsl_benchmark/scaling/../scaling/results/2026-03-19_12h20_SEM_gaussian/graphs/NOTEARS__v10_a15_g0_s500.json,,2.5052855070007354,0.0,0.0,0.9655172413793104,1.0,1.0,1.0
SEM_gaussian,NOTEARS Disc.,"{""lambda1"": 0.5, ""w_threshold_notears"": 0.1, ""n_bins"": 6, ""initial_bins"": 20, ""discretization_method"": ""hartemink""}",10,15,500,0,/home/mathis/Documents/Travail/cbnsl_benchmark/scaling/../scaling/results/2026-03-19_12h20_SEM_gaussian/graphs/golden__v10_a15_g0.json,/home/mathis/Documents/Travail/cbnsl_benchmark/scaling/../scaling/results/2026-03-19_12h20_SEM_gaussian/graphs/NOTEARS Disc.__v10_a15_g0_s500.json,,15.807437294999545,17.0,10.0,0.0,0.7407407407407408,0.0,0.6666666666666666
SEM_gaussian,LiNGAM,"{""threshold_lingam"": 0.01}",10,15,500,0,/home/mathis/Documents/Travail/cbnsl_benchmark/scaling/../scaling/results/2026-03-19_12h20_SEM_gaussian/graphs/golden__v10_a15_g0.json,/home/mathis/Documents/Travail/cbnsl_benchmark/scaling/../scaling/results/2026-03-19_12h20_SEM_gaussian/graphs/LiNGAM__v10_a15_g0_s500.json,,0.33606467400022666,26.0,21.0,0.07142857142857144,0.6829268292682926,0.5,0.9333333333333333
SEM_gaussian,CPC,"{""alpha"": 0.05, ""max_conditioning_set_size"": 2}",10,15,1000,0,/home/mathis/Documents/Travail/cbnsl_benchmark/scaling/../scaling/results/2026-03-19_12h20_SEM_gaussian/graphs/golden__v10_a15_g0.json,/home/mathis/Documents/Travail/cbnsl_benchmark/scaling/../scaling/results/2026-03-19_12h20_SEM_gaussian/graphs/CPC__v10_a15_g0_s1000.json,,1.1069109290001506,14.0,14.0,0.23529411764705882,0.6363636363636364,0.2,0.4666666666666667
SEM_gaussian,CMIIC,"{""alpha"": 0.01}",10,15,1000,0,/home/mathis/Documents/Travail/cbnsl_benchmark/scaling/../scaling/results/2026-03-19_12h20_SEM_gaussian/graphs/golden__v10_a15_g0.json,/home/mathis/Documents/Travail/cbnsl_benchmark/scaling/../scaling/results/2026-03-19_12h20_SEM_gaussian/graphs/CMIIC__v10_a15_g0_s1000.json,,4.034044742000333,10.0,7.0,0.5217391304347826,0.8275862068965518,0.6666666666666666,0.8
SEM_gaussian,MIIC,"{""n_bins"": 2, ""discretization_method"": ""quantile""}",10,15,1000,0,/home/mathis/Documents/Travail/cbnsl_benchmark/scaling/../scaling/results/2026-03-19_12h20_SEM_gaussian/graphs/golden__v10_a15_g0.json,/home/mathis/Documents/Travail/cbnsl_benchmark/scaling/../scaling/results/2026-03-19_12h20_SEM_gaussian/graphs/MIIC__v10_a15_g0_s1000.json,,0.09203685700049391,11.0,9.0,0.45454545454545453,0.7407407407407408,0.5,0.6666666666666666
SEM_gaussian,GHC+BDeu,"{""n_bins"": 2, ""discretization_method"": ""quantile""}",10,15,1000,0,/home/mathis/Documents/Travail/cbnsl_benchmark/scaling/../scaling/results/2026-03-19_12h20_SEM_gaussian/graphs/golden__v10_a15_g0.json,/home/mathis/Documents/Travail/cbnsl_benchmark/scaling/../scaling/results/2026-03-19_12h20_SEM_gaussian/graphs/GHC+BDeu__v10_a15_g0_s1000.json,,0.06900441800098633,18.0,15.0,0.0,0.7741935483870969,0.0,0.8
SEM_gaussian,NOTEARS,"{""lambda1"": 0.0, ""w_threshold_notears"": 0.1}",10,15,1000,0,/home/mathis/Documents/Travail/cbnsl_benchmark/scaling/../scaling/results/2026-03-19_12h20_SEM_gaussian/graphs/golden__v10_a15_g0.json,/home/mathis/Documents/Travail/cbnsl_benchmark/scaling/../scaling/results/2026-03-19_12h20_SEM_gaussian/graphs/NOTEARS__v10_a15_g0_s1000.json,,2.756957670000702,0.0,0.0,0.9655172413793104,1.0,1.0,1.0
SEM_gaussian,NOTEARS Disc.,"{""lambda1"": 0.5, ""w_threshold_notears"": 0.1, ""n_bins"": 6, ""initial_bins"": 20, ""discretization_method"": ""hartemink""}",10,15,1000,0,/home/mathis/Documents/Travail/cbnsl_benchmark/scaling/../scaling/results/2026-03-19_12h20_SEM_gaussian/graphs/golden__v10_a15_g0.json,/home/mathis/Documents/Travail/cbnsl_benchmark/scaling/../scaling/results/2026-03-19_12h20_SEM_gaussian/graphs/NOTEARS Disc.__v10_a15_g0_s1000.json,,19.140681629000028,17.0,9.0,0.0,0.7407407407407408,0.0,0.6666666666666666
SEM_gaussian,LiNGAM,"{""threshold_lingam"": 0.01}",10,15,1000,0,/home/mathis/Documents/Travail/cbnsl_benchmark/scaling/../scaling/results/2026-03-19_12h20_SEM_gaussian/graphs/golden__v10_a15_g0.json,/home/mathis/Documents/Travail/cbnsl_benchmark/scaling/../scaling/results/2026-03-19_12h20_SEM_gaussian/graphs/LiNGAM__v10_a15_g0_s1000.json,,0.39423859199996514,23.0,27.0,0.34285714285714286,0.6511627906976745,0.8571428571428571,0.9333333333333333
SEM_gaussian,CPC,"{""alpha"": 0.05, ""max_conditioning_set_size"": 2}",10,15,2000,0,/home/mathis/Documents/Travail/cbnsl_benchmark/scaling/../scaling/results/2026-03-19_12h20_SEM_gaussian/graphs/golden__v10_a15_g0.json,/home/mathis/Documents/Travail/cbnsl_benchmark/scaling/../scaling/results/2026-03-19_12h20_SEM_gaussian/graphs/CPC__v10_a15_g0_s2000.json,,4.7221314210000855,9.0,13.0,0.6153846153846153,0.8000000000000002,0.7272727272727273,0.8
SEM_gaussian,CMIIC,"{""alpha"": 0.01}",10,15,2000,0,/home/mathis/Documents/Travail/cbnsl_benchmark/scaling/../scaling/results/2026-03-19_12h20_SEM_gaussian/graphs/golden__v10_a15_g0.json,/home/mathis/Documents/Travail/cbnsl_benchmark/scaling/../scaling/results/2026-03-19_12h20_SEM_gaussian/graphs/CMIIC__v10_a15_g0_s2000.json,,12.335174728999846,7.0,12.0,0.6666666666666667,0.8571428571428571,0.7272727272727273,0.8
SEM_gaussian,MIIC,"{""n_bins"": 2, ""discretization_method"": ""quantile""}",10,15,2000,0,/home/mathis/Documents/Travail/cbnsl_benchmark/scaling/../scaling/results/2026-03-19_12h20_SEM_gaussian/graphs/golden__v10_a15_g0.json,/home/mathis/Documents/Travail/cbnsl_benchmark/scaling/../scaling/results/2026-03-19_12h20_SEM_gaussian/graphs/MIIC__v10_a15_g0_s2000.json,,0.196150020999994,13.0,14.0,0.48,0.7333333333333333,0.6,0.7333333333333333
SEM_gaussian,GHC+BDeu,"{""n_bins"": 2, ""discretization_method"": ""quantile""}",10,15,2000,0,/home/mathis/Documents/Travail/cbnsl_benchmark/scaling/../scaling/results/2026-03-19_12h20_SEM_gaussian/graphs/golden__v10_a15_g0.json,/home/mathis/Documents/Travail/cbnsl_benchmark/scaling/../scaling/results/2026-03-19_12h20_SEM_gaussian/graphs/GHC+BDeu__v10_a15_g0_s2000.json,,0.12221701999988,20.0,20.0,0.16666666666666666,0.6666666666666666,0.3333333333333333,0.7333333333333333
SEM_gaussian,NOTEARS,"{""lambda1"": 0.0, ""w_threshold_notears"": 0.1}",10,15,2000,0,/home/mathis/Documents/Travail/cbnsl_benchmark/scaling/../scaling/results/2026-03-19_12h20_SEM_gaussian/graphs/golden__v10_a15_g0.json,/home/mathis/Documents/Travail/cbnsl_benchmark/scaling/../scaling/results/2026-03-19_12h20_SEM_gaussian/graphs/NOTEARS__v10_a15_g0_s2000.json,,3.245663377998426,0.0,0.0,0.9655172413793104,1.0,1.0,1.0
SEM_gaussian,NOTEARS Disc.,"{""lambda1"": 0.5, ""w_threshold_notears"": 0.1, ""n_bins"": 6, ""initial_bins"": 20, ""discretization_method"": ""hartemink""}",10,15,2000,0,/home/mathis/Documents/Travail/cbnsl_benchmark/scaling/../scaling/results/2026-03-19_12h20_SEM_gaussian/graphs/golden__v10_a15_g0.json,/home/mathis/Documents/Travail/cbnsl_benchmark/scaling/../scaling/results/2026-03-19_12h20_SEM_gaussian/graphs/NOTEARS Disc.__v10_a15_g0_s2000.json,,31.104912707998665,16.0,8.0,0.0,0.7692307692307692,0.0,0.6666666666666666
SEM_gaussian,LiNGAM,"{""threshold_lingam"": 0.01}",10,15,2000,0,/home/mathis/Documents/Travail/cbnsl_benchmark/scaling/../scaling/results/2026-03-19_12h20_SEM_gaussian/graphs/golden__v10_a15_g0.json,/home/mathis/Documents/Travail/cbnsl_benchmark/scaling/../scaling/results/2026-03-19_12h20_SEM_gaussian/graphs/LiNGAM__v10_a15_g0_s2000.json,,0.46223451100013335,18.0,18.0,0.42424242424242425,0.7317073170731707,1.0,1.0
SEM_gaussian,CPC,"{""alpha"": 0.05, ""max_conditioning_set_size"": 2}",10,15,3500,0,/home/mathis/Documents/Travail/cbnsl_benchmark/scaling/../scaling/results/2026-03-19_12h20_SEM_gaussian/graphs/golden__v10_a15_g0.json,/home/mathis/Documents/Travail/cbnsl_benchmark/scaling/../scaling/results/2026-03-19_12h20_SEM_gaussian/graphs/CPC__v10_a15_g0_s3500.json,,14.601895346000674,14.0,13.0,0.43478260869565216,0.8000000000000002,0.625,0.8
SEM_gaussian,CMIIC,"{""alpha"": 0.01}",10,15,3500,0,/home/mathis/Documents/Travail/cbnsl_benchmark/scaling/../scaling/results/2026-03-19_12h20_SEM_gaussian/graphs/golden__v10_a15_g0.json,/home/mathis/Documents/Travail/cbnsl_benchmark/scaling/../scaling/results/2026-03-19_12h20_SEM_gaussian/graphs/CMIIC__v10_a15_g0_s3500.json,,36.861378343999604,7.0,12.0,0.6666666666666667,0.8571428571428571,0.7272727272727273,0.8
SEM_gaussian,MIIC,"{""n_bins"": 2, ""discretization_method"": ""quantile""}",10,15,3500,0,/home/mathis/Documents/Travail/cbnsl_benchmark/scaling/../scaling/results/2026-03-19_12h20_SEM_gaussian/graphs/golden__v10_a15_g0.json,/home/mathis/Documents/Travail/cbnsl_benchmark/scaling/../scaling/results/2026-03-19_12h20_SEM_gaussian/graphs/MIIC__v10_a15_g0_s3500.json,,0.36641914900064876,10.0,12.0,0.6206896551724139,0.7500000000000001,0.75,0.8
SEM_gaussian,GHC+BDeu,"{""n_bins"": 2, ""discretization_method"": ""quantile""}",10,15,3500,0,/home/mathis/Documents/Travail/cbnsl_benchmark/scaling/../scaling/results/2026-03-19_12h20_SEM_gaussian/graphs/golden__v10_a15_g0.json,/home/mathis/Documents/Travail/cbnsl_benchmark/scaling/../scaling/results/2026-03-19_12h20_SEM_gaussian/graphs/GHC+BDeu__v10_a15_g0_s3500.json,,0.2242134280004393,13.0,14.0,0.3636363636363636,0.8749999999999999,0.8,0.9333333333333333
SEM_gaussian,NOTEARS,"{""lambda1"": 0.0, ""w_threshold_notears"": 0.1}",10,15,3500,0,/home/mathis/Documents/Travail/cbnsl_benchmark/scaling/../scaling/results/2026-03-19_12h20_SEM_gaussian/graphs/golden__v10_a15_g0.json,/home/mathis/Documents/Travail/cbnsl_benchmark/scaling/../scaling/results/2026-03-19_12h20_SEM_gaussian/graphs/NOTEARS__v10_a15_g0_s3500.json,,6.311263253001016,0.0,0.0,0.9655172413793104,1.0,1.0,1.0
SEM_gaussian,NOTEARS Disc.,"{""lambda1"": 0.5, ""w_threshold_notears"": 0.1, ""n_bins"": 6, ""initial_bins"": 20, ""discretization_method"": ""hartemink""}",10,15,3500,0,/home/mathis/Documents/Travail/cbnsl_benchmark/scaling/../scaling/results/2026-03-19_12h20_SEM_gaussian/graphs/golden__v10_a15_g0.json,/home/mathis/Documents/Travail/cbnsl_benchmark/scaling/../scaling/results/2026-03-19_12h20_SEM_gaussian/graphs/NOTEARS Disc.__v10_a15_g0_s3500.json,,51.37691832499877,16.0,9.0,0.0,0.7692307692307692,0.0,0.6666666666666666
SEM_gaussian,LiNGAM,"{""threshold_lingam"": 0.01}",10,15,3500,0,/home/mathis/Documents/Travail/cbnsl_benchmark/scaling/../scaling/results/2026-03-19_12h20_SEM_gaussian/graphs/golden__v10_a15_g0.json,/home/mathis/Documents/Travail/cbnsl_benchmark/scaling/../scaling/results/2026-03-19_12h20_SEM_gaussian/graphs/LiNGAM__v10_a15_g0_s3500.json,[pyAgrum] Partially directed cycle detected: Add a partial directed cycle in a PDAG : between 1 and 0,,,,,,,
SEM_gaussian,CPC,"{""alpha"": 0.05, ""max_conditioning_set_size"": 2}",10,15,5000,0,/home/mathis/Documents/Travail/cbnsl_benchmark/scaling/../scaling/results/2026-03-19_12h20_SEM_gaussian/graphs/golden__v10_a15_g0.json,/home/mathis/Documents/Travail/cbnsl_benchmark/scaling/../scaling/results/2026-03-19_12h20_SEM_gaussian/graphs/CPC__v10_a15_g0_s5000.json,,33.7334942260004,18.0,12.0,0.2608695652173913,0.7500000000000001,0.5,0.8
SEM_gaussian,CMIIC,"{""alpha"": 0.01}",10,15,5000,0,/home/mathis/Documents/Travail/cbnsl_benchmark/scaling/../scaling/results/2026-03-19_12h20_SEM_gaussian/graphs/golden__v10_a15_g0.json,/home/mathis/Documents/Travail/cbnsl_benchmark/scaling/../scaling/results/2026-03-19_12h20_SEM_gaussian/graphs/CMIIC__v10_a15_g0_s5000.json,,74.58548781900026,9.0,12.0,0.5454545454545455,0.8571428571428571,0.6666666666666666,0.8
SEM_gaussian,MIIC,"{""n_bins"": 2, ""discretization_method"": ""quantile""}",10,15,5000,0,/home/mathis/Documents/Travail/cbnsl_benchmark/scaling/../scaling/results/2026-03-19_12h20_SEM_gaussian/graphs/golden__v10_a15_g0.json,/home/mathis/Documents/Travail/cbnsl_benchmark/scaling/../scaling/results/2026-03-19_12h20_SEM_gaussian/graphs/MIIC__v10_a15_g0_s5000.json,,0.4239116329990793,10.0,15.0,0.6206896551724139,0.7500000000000001,0.75,0.8
SEM_gaussian,GHC+BDeu,"{""n_bins"": 2, ""discretization_method"": ""quantile""}",10,15,5000,0,/home/mathis/Documents/Travail/cbnsl_benchmark/scaling/../scaling/results/2026-03-19_12h20_SEM_gaussian/graphs/golden__v10_a15_g0.json,/home/mathis/Documents/Travail/cbnsl_benchmark/scaling/../scaling/results/2026-03-19_12h20_SEM_gaussian/graphs/GHC+BDeu__v10_a15_g0_s5000.json,,0.2939217959992675,20.0,22.0,0.16,0.7567567567567568,0.6666666666666666,0.9333333333333333
SEM_gaussian,NOTEARS,"{""lambda1"": 0.0, ""w_threshold_notears"": 0.1}",10,15,5000,0,/home/mathis/Documents/Travail/cbnsl_benchmark/scaling/../scaling/results/2026-03-19_12h20_SEM_gaussian/graphs/golden__v10_a15_g0.json,/home/mathis/Documents/Travail/cbnsl_benchmark/scaling/../scaling/results/2026-03-19_12h20_SEM_gaussian/graphs/NOTEARS__v10_a15_g0_s5000.json,,5.127191301000494,0.0,0.0,0.9655172413793104,1.0,1.0,1.0
SEM_gaussian,NOTEARS Disc.,"{""lambda1"": 0.5, ""w_threshold_notears"": 0.1, ""n_bins"": 6, ""initial_bins"": 20, ""discretization_method"": ""hartemink""}",10,15,5000,0,/home/mathis/Documents/Travail/cbnsl_benchmark/scaling/../scaling/results/2026-03-19_12h20_SEM_gaussian/graphs/golden__v10_a15_g0.json,/home/mathis/Documents/Travail/cbnsl_benchmark/scaling/../scaling/results/2026-03-19_12h20_SEM_gaussian/graphs/NOTEARS Disc.__v10_a15_g0_s5000.json,,68.9986024080008,16.0,10.0,0.1111111111111111,0.6923076923076923,0.14285714285714285,0.6
SEM_gaussian,LiNGAM,"{""threshold_lingam"": 0.01}",10,15,5000,0,/home/mathis/Documents/Travail/cbnsl_benchmark/scaling/../scaling/results/2026-03-19_12h20_SEM_gaussian/graphs/golden__v10_a15_g0.json,/home/mathis/Documents/Travail/cbnsl_benchmark/scaling/../scaling/results/2026-03-19_12h20_SEM_gaussian/graphs/LiNGAM__v10_a15_g0_s5000.json,,0.7146451240005263,29.0,28.0,0.2631578947368421,0.625,1.0,1.0
SEM_gaussian,CPC,"{""alpha"": 0.05, ""max_conditioning_set_size"": 2}",10,15,200,1,/home/mathis/Documents/Travail/cbnsl_benchmark/scaling/../scaling/results/2026-03-19_12h20_SEM_gaussian/graphs/golden__v10_a15_g1.json,/home/mathis/Documents/Travail/cbnsl_benchmark/scaling/../scaling/results/2026-03-19_12h20_SEM_gaussian/graphs/CPC__v10_a15_g1_s200.json,,0.0191973599994526,12.0,10.0,0.25,0.782608695652174,0.2857142857142857,0.6428571428571429
SEM_gaussian,CMIIC,"{""alpha"": 0.01}",10,15,200,1,/home/mathis/Documents/Travail/cbnsl_benchmark/scaling/../scaling/results/2026-03-19_12h20_SEM_gaussian/graphs/golden__v10_a15_g1.json,/home/mathis/Documents/Travail/cbnsl_benchmark/scaling/../scaling/results/2026-03-19_12h20_SEM_gaussian/graphs/CMIIC__v10_a15_g1_s200.json,,0.2997774790001131,19.0,23.0,0.375,0.6666666666666666,0.8571428571428571,0.9285714285714286
SEM_gaussian,MIIC,"{""n_bins"": 2, ""discretization_method"": ""quantile""}",10,15,200,1,/home/mathis/Documents/Travail/cbnsl_benchmark/scaling/../scaling/results/2026-03-19_12h20_SEM_gaussian/graphs/golden__v10_a15_g1.json,/home/mathis/Documents/Travail/cbnsl_benchmark/scaling/../scaling/results/2026-03-19_12h20_SEM_gaussian/graphs/MIIC__v10_a15_g1_s200.json,,0.02486035299989453,6.0,7.0,0.6666666666666666,0.8333333333333333,0.6363636363636364,0.7142857142857143
SEM_gaussian,GHC+BDeu,"{""n_bins"": 2, ""discretization_method"": ""quantile""}",10,15,200,1,/home/mathis/Documents/Travail/cbnsl_benchmark/scaling/../scaling/results/2026-03-19_12h20_SEM_gaussian/graphs/golden__v10_a15_g1.json,/home/mathis/Documents/Travail/cbnsl_benchmark/scaling/../scaling/results/2026-03-19_12h20_SEM_gaussian/graphs/GHC+BDeu__v10_a15_g1_s200.json,,0.022427128000344965,15.0,12.0,0.0,0.7200000000000001,0.0,0.6428571428571429
SEM_gaussian,NOTEARS,"{""lambda1"": 0.0, ""w_threshold_notears"": 0.1}",10,15,200,1,/home/mathis/Documents/Travail/cbnsl_benchmark/scaling/../scaling/results/2026-03-19_12h20_SEM_gaussian/graphs/golden__v10_a15_g1.json,/home/mathis/Documents/Travail/cbnsl_benchmark/scaling/../scaling/results/2026-03-19_12h20_SEM_gaussian/graphs/NOTEARS__v10_a15_g1_s200.json,,1.8935411760012357,8.0,20.0,0.8,0.8,1.0,1.0
SEM_gaussian,NOTEARS Disc.,"{""lambda1"": 0.5, ""w_threshold_notears"": 0.1, ""n_bins"": 6, ""initial_bins"": 20, ""discretization_method"": ""hartemink""}",10,15,200,1,/home/mathis/Documents/Travail/cbnsl_benchmark/scaling/../scaling/results/2026-03-19_12h20_SEM_gaussian/graphs/golden__v10_a15_g1.json,/home/mathis/Documents/Travail/cbnsl_benchmark/scaling/../scaling/results/2026-03-19_12h20_SEM_gaussian/graphs/NOTEARS Disc.__v10_a15_g1_s200.json,,8.577614351001102,9.0,7.0,0.4444444444444445,0.8333333333333333,0.5,0.7142857142857143
SEM_gaussian,LiNGAM,"{""threshold_lingam"": 0.01}",10,15,200,1,/home/mathis/Documents/Travail/cbnsl_benchmark/scaling/../scaling/results/2026-03-19_12h20_SEM_gaussian/graphs/golden__v10_a15_g1.json,/home/mathis/Documents/Travail/cbnsl_benchmark/scaling/../scaling/results/2026-03-19_12h20_SEM_gaussian/graphs/LiNGAM__v10_a15_g1_s200.json,,0.2928667569995014,18.0,24.0,0.3448275862068966,0.7027027027027025,0.8333333333333334,0.9285714285714286
SEM_gaussian,CPC,"{""alpha"": 0.05, ""max_conditioning_set_size"": 2}",10,15,500,1,/home/mathis/Documents/Travail/cbnsl_benchmark/scaling/../scaling/results/2026-03-19_12h20_SEM_gaussian/graphs/golden__v10_a15_g1.json,/home/mathis/Documents/Travail/cbnsl_benchmark/scaling/../scaling/results/2026-03-19_12h20_SEM_gaussian/graphs/CPC__v10_a15_g1_s500.json,,0.2628951959995902,11.0,10.0,0.25,0.6,0.2,0.42857142857142855
SEM_gaussian,CMIIC,"{""alpha"": 0.01}",10,15,500,1,/home/mathis/Documents/Travail/cbnsl_benchmark/scaling/../scaling/results/2026-03-19_12h20_SEM_gaussian/graphs/golden__v10_a15_g1.json,/home/mathis/Documents/Travail/cbnsl_benchmark/scaling/../scaling/results/2026-03-19_12h20_SEM_gaussian/graphs/CMIIC__v10_a15_g1_s500.json,,2.0239235110002483,12.0,17.0,0.5185185185185185,0.75,0.7777777777777778,0.8571428571428571
SEM_gaussian,MIIC,"{""n_bins"": 2, ""discretization_method"": ""quantile""}",10,15,500,1,/home/mathis/Documents/Travail/cbnsl_benchmark/scaling/../scaling/results/2026-03-19_12h20_SEM_gaussian/graphs/golden__v10_a15_g1.json,/home/mathis/Documents/Travail/cbnsl_benchmark/scaling/../scaling/results/2026-03-19_12h20_SEM_gaussian/graphs/MIIC__v10_a15_g1_s500.json,,0.06917522199910309,7.0,8.0,0.7272727272727273,0.88,0.7272727272727273,0.7857142857142857
SEM_gaussian,GHC+BDeu,"{""n_bins"": 2, ""discretization_method"": ""quantile""}",10,15,500,1,/home/mathis/Documents/Travail/cbnsl_benchmark/scaling/../scaling/results/2026-03-19_12h20_SEM_gaussian/graphs/golden__v10_a15_g1.json,/home/mathis/Documents/Travail/cbnsl_benchmark/scaling/../scaling/results/2026-03-19_12h20_SEM_gaussian/graphs/GHC+BDeu__v10_a15_g1_s500.json,,0.057651847000670386,12.0,9.0,0.23529411764705882,0.8461538461538461,0.4,0.7857142857142857
SEM_gaussian,NOTEARS,"{""lambda1"": 0.0, ""w_threshold_notears"": 0.1}",10,15,500,1,/home/mathis/Documents/Travail/cbnsl_benchmark/scaling/../scaling/results/2026-03-19_12h20_SEM_gaussian/graphs/golden__v10_a15_g1.json,/home/mathis/Documents/Travail/cbnsl_benchmark/scaling/../scaling/results/2026-03-19_12h20_SEM_gaussian/graphs/NOTEARS__v10_a15_g1_s500.json,,3.813094060000367,2.0,7.0,0.896551724137931,0.9333333333333333,1.0,1.0
SEM_gaussian,NOTEARS Disc.,"{""lambda1"": 0.5, ""w_threshold_notears"": 0.1, ""n_bins"": 6, ""initial_bins"": 20, ""discretization_method"": ""hartemink""}",10,15,500,1,/home/mathis/Documents/Travail/cbnsl_benchmark/scaling/../scaling/results/2026-03-19_12h20_SEM_gaussian/graphs/golden__v10_a15_g1.json,/home/mathis/Documents/Travail/cbnsl_benchmark/scaling/../scaling/results/2026-03-19_12h20_SEM_gaussian/graphs/NOTEARS Disc.__v10_a15_g1_s500.json,,13.014635134000855,9.0,7.0,0.4444444444444445,0.8333333333333333,0.5,0.7142857142857143
SEM_gaussian,LiNGAM,"{""threshold_lingam"": 0.01}",10,15,500,1,/home/mathis/Documents/Travail/cbnsl_benchmark/scaling/../scaling/results/2026-03-19_12h20_SEM_gaussian/graphs/golden__v10_a15_g1.json,/home/mathis/Documents/Travail/cbnsl_benchmark/scaling/../scaling/results/2026-03-19_12h20_SEM_gaussian/graphs/LiNGAM__v10_a15_g1_s500.json,,0.4094515720007621,16.0,18.0,0.32,0.8,1.0,1.0
SEM_gaussian,CPC,"{""alpha"": 0.05, ""max_conditioning_set_size"": 2}",10,15,1000,1,/home/mathis/Documents/Travail/cbnsl_benchmark/scaling/../scaling/results/2026-03-19_12h20_SEM_gaussian/graphs/golden__v10_a15_g1.json,/home/mathis/Documents/Travail/cbnsl_benchmark/scaling/../scaling/results/2026-03-19_12h20_SEM_gaussian/graphs/CPC__v10_a15_g1_s1000.json,,0.9802565700010746,12.0,10.0,0.13333333333333333,0.7272727272727273,0.14285714285714285,0.5714285714285714
SEM_gaussian,CMIIC,"{""alpha"": 0.01}",10,15,1000,1,/home/mathis/Documents/Travail/cbnsl_benchmark/scaling/../scaling/results/2026-03-19_12h20_SEM_gaussian/graphs/golden__v10_a15_g1.json,/home/mathis/Documents/Travail/cbnsl_benchmark/scaling/../scaling/results/2026-03-19_12h20_SEM_gaussian/graphs/CMIIC__v10_a15_g1_s1000.json,,6.5502743249999185,9.0,15.0,0.6153846153846154,0.7999999999999999,0.8,0.8571428571428571
SEM_gaussian,MIIC,"{""n_bins"": 2, ""discretization_method"": ""quantile""}",10,15,1000,1,/home/mathis/Documents/Travail/cbnsl_benchmark/scaling/../scaling/results/2026-03-19_12h20_SEM_gaussian/graphs/golden__v10_a15_g1.json,/home/mathis/Documents/Travail/cbnsl_benchmark/scaling/../scaling/results/2026-03-19_12h20_SEM_gaussian/graphs/MIIC__v10_a15_g1_s1000.json,,0.090707121999003,7.0,7.0,0.6,0.88,0.6666666666666666,0.7857142857142857
SEM_gaussian,GHC+BDeu,"{""n_bins"": 2, ""discretization_method"": ""quantile""}",10,15,1000,1,/home/mathis/Documents/Travail/cbnsl_benchmark/scaling/../scaling/results/2026-03-19_12h20_SEM_gaussian/graphs/golden__v10_a15_g1.json,/home/mathis/Documents/Travail/cbnsl_benchmark/scaling/../scaling/results/2026-03-19_12h20_SEM_gaussian/graphs/GHC+BDeu__v10_a15_g1_s1000.json,,0.07359057600115193,12.0,9.0,0.23529411764705882,0.8461538461538461,0.4,0.7857142857142857
SEM_gaussian,NOTEARS,"{""lambda1"": 0.0, ""w_threshold_notears"": 0.1}",10,15,1000,1,/home/mathis/Documents/Travail/cbnsl_benchmark/scaling/../scaling/results/2026-03-19_12h20_SEM_gaussian/graphs/golden__v10_a15_g1.json,/home/mathis/Documents/Travail/cbnsl_benchmark/scaling/../scaling/results/2026-03-19_12h20_SEM_gaussian/graphs/NOTEARS__v10_a15_g1_s1000.json,,6.203271470998516,0.0,0.0,0.962962962962963,1.0,1.0,1.0
SEM_gaussian,NOTEARS Disc.,"{""lambda1"": 0.5, ""w_threshold_notears"": 0.1, ""n_bins"": 6, ""initial_bins"": 20, ""discretization_method"": ""hartemink""}",10,15,1000,1,/home/mathis/Documents/Travail/cbnsl_benchmark/scaling/../scaling/results/2026-03-19_12h20_SEM_gaussian/graphs/golden__v10_a15_g1.json,/home/mathis/Documents/Travail/cbnsl_benchmark/scaling/../scaling/results/2026-03-19_12h20_SEM_gaussian/graphs/NOTEARS Disc.__v10_a15_g1_s1000.json,,21.67397784900095,8.0,10.0,0.5263157894736842,0.782608695652174,0.5,0.6428571428571429
SEM_gaussian,LiNGAM,"{""threshold_lingam"": 0.01}",10,15,1000,1,/home/mathis/Documents/Travail/cbnsl_benchmark/scaling/../scaling/results/2026-03-19_12h20_SEM_gaussian/graphs/golden__v10_a15_g1.json,/home/mathis/Documents/Travail/cbnsl_benchmark/scaling/../scaling/results/2026-03-19_12h20_SEM_gaussian/graphs/LiNGAM__v10_a15_g1_s1000.json,,0.4154050700017251,19.0,19.0,0.23076923076923078,0.7567567567567568,1.0,1.0
SEM_gaussian,CPC,"{""alpha"": 0.05, ""max_conditioning_set_size"": 2}",10,15,2000,1,/home/mathis/Documents/Travail/cbnsl_benchmark/scaling/../scaling/results/2026-03-19_12h20_SEM_gaussian/graphs/golden__v10_a15_g1.json,/home/mathis/Documents/Travail/cbnsl_benchmark/scaling/../scaling/results/2026-03-19_12h20_SEM_gaussian/graphs/CPC__v10_a15_g1_s2000.json,,3.8648848610009736,8.0,7.0,0.5263157894736842,0.88,0.625,0.7857142857142857
SEM_gaussian,CMIIC,"{""alpha"": 0.01}",10,15,2000,1,/home/mathis/Documents/Travail/cbnsl_benchmark/scaling/../scaling/results/2026-03-19_12h20_SEM_gaussian/graphs/golden__v10_a15_g1.json,/home/mathis/Documents/Travail/cbnsl_benchmark/scaling/../scaling/results/2026-03-19_12h20_SEM_gaussian/graphs/CMIIC__v10_a15_g1_s2000.json,,11.463786827998774,6.0,11.0,0.8,0.888888888888889,0.8333333333333334,0.8571428571428571
SEM_gaussian,MIIC,"{""n_bins"": 2, ""discretization_method"": ""quantile""}",10,15,2000,1,/home/mathis/Documents/Travail/cbnsl_benchmark/scaling/../scaling/results/2026-03-19_12h20_SEM_gaussian/graphs/golden__v10_a15_g1.json,/home/mathis/Documents/Travail/cbnsl_benchmark/scaling/../scaling/results/2026-03-19_12h20_SEM_gaussian/graphs/MIIC__v10_a15_g1_s2000.json,,0.14700638799877197,7.0,7.0,0.6,0.88,0.6666666666666666,0.7857142857142857
SEM_gaussian,GHC+BDeu,"{""n_bins"": 2, ""discretization_method"": ""quantile""}",10,15,2000,1,/home/mathis/Documents/Travail/cbnsl_benchmark/scaling/../scaling/results/2026-03-19_12h20_SEM_gaussian/graphs/golden__v10_a15_g1.json,/home/mathis/Documents/Travail/cbnsl_benchmark/scaling/../scaling/results/2026-03-19_12h20_SEM_gaussian/graphs/GHC+BDeu__v10_a15_g1_s2000.json,,0.10945394299960753,13.0,14.0,0.3,0.7857142857142857,0.5,0.7857142857142857
SEM_gaussian,NOTEARS,"{""lambda1"": 0.0, ""w_threshold_notears"": 0.1}",10,15,2000,1,/home/mathis/Documents/Travail/cbnsl_benchmark/scaling/../scaling/results/2026-03-19_12h20_SEM_gaussian/graphs/golden__v10_a15_g1.json,/home/mathis/Documents/Travail/cbnsl_benchmark/scaling/../scaling/results/2026-03-19_12h20_SEM_gaussian/graphs/NOTEARS__v10_a15_g1_s2000.json,,4.898044753999784,0.0,0.0,0.962962962962963,1.0,1.0,1.0
SEM_gaussian,NOTEARS Disc.,"{""lambda1"": 0.5, ""w_threshold_notears"": 0.1, ""n_bins"": 6, ""initial_bins"": 20, ""discretization_method"": ""hartemink""}",10,15,2000,1,/home/mathis/Documents/Travail/cbnsl_benchmark/scaling/../scaling/results/2026-03-19_12h20_SEM_gaussian/graphs/golden__v10_a15_g1.json,/home/mathis/Documents/Travail/cbnsl_benchmark/scaling/../scaling/results/2026-03-19_12h20_SEM_gaussian/graphs/NOTEARS Disc.__v10_a15_g1_s2000.json,,31.658555764000994,13.0,11.0,0.0,0.7272727272727273,0.0,0.5714285714285714
SEM_gaussian,LiNGAM,"{""threshold_lingam"": 0.01}",10,15,2000,1,/home/mathis/Documents/Travail/cbnsl_benchmark/scaling/../scaling/results/2026-03-19_12h20_SEM_gaussian/graphs/golden__v10_a15_g1.json,/home/mathis/Documents/Travail/cbnsl_benchmark/scaling/../scaling/results/2026-03-19_12h20_SEM_gaussian/graphs/LiNGAM__v10_a15_g1_s2000.json,,0.5063899159995344,19.0,16.0,0.4,0.7368421052631579,1.0,1.0
SEM_gaussian,CPC,"{""alpha"": 0.05, ""max_conditioning_set_size"": 2}",10,15,3500,1,/home/mathis/Documents/Travail/cbnsl_benchmark/scaling/../scaling/results/2026-03-19_12h20_SEM_gaussian/graphs/golden__v10_a15_g1.json,/home/mathis/Documents/Travail/cbnsl_benchmark/scaling/../scaling/results/2026-03-19_12h20_SEM_gaussian/graphs/CPC__v10_a15_g1_s3500.json,,12.05139500400037,12.0,11.0,0.3529411764705882,0.88,0.5,0.7857142857142857
SEM_gaussian,CMIIC,"{""alpha"": 0.01}",10,15,3500,1,/home/mathis/Documents/Travail/cbnsl_benchmark/scaling/../scaling/results/2026-03-19_12h20_SEM_gaussian/graphs/golden__v10_a15_g1.json,/home/mathis/Documents/Travail/cbnsl_benchmark/scaling/../scaling/results/2026-03-19_12h20_SEM_gaussian/graphs/CMIIC__v10_a15_g1_s3500.json,,23.010977259000356,4.0,10.0,0.7826086956521738,0.923076923076923,0.8181818181818182,0.8571428571428571
SEM_gaussian,MIIC,"{""n_bins"": 2, ""discretization_method"": ""quantile""}",10,15,3500,1,/home/mathis/Documents/Travail/cbnsl_benchmark/scaling/../scaling/results/2026-03-19_12h20_SEM_gaussian/graphs/golden__v10_a15_g1.json,/home/mathis/Documents/Travail/cbnsl_benchmark/scaling/../scaling/results/2026-03-19_12h20_SEM_gaussian/graphs/MIIC__v10_a15_g1_s3500.json,,0.33526821400118934,7.0,14.0,0.6923076923076923,0.8275862068965518,0.8181818181818182,0.8571428571428571
SEM_gaussian,GHC+BDeu,"{""n_bins"": 2, ""discretization_method"": ""quantile""}",10,15,3500,1,/home/mathis/Documents/Travail/cbnsl_benchmark/scaling/../scaling/results/2026-03-19_12h20_SEM_gaussian/graphs/golden__v10_a15_g1.json,/home/mathis/Documents/Travail/cbnsl_benchmark/scaling/../scaling/results/2026-03-19_12h20_SEM_gaussian/graphs/GHC+BDeu__v10_a15_g1_s3500.json,,0.21208836600089853,15.0,16.0,0.2727272727272727,0.7333333333333334,0.5,0.7857142857142857
SEM_gaussian,NOTEARS,"{""lambda1"": 0.0, ""w_threshold_notears"": 0.1}",10,15,3500,1,/home/mathis/Documents/Travail/cbnsl_benchmark/scaling/../scaling/results/2026-03-19_12h20_SEM_gaussian/graphs/golden__v10_a15_g1.json,/home/mathis/Documents/Travail/cbnsl_benchmark/scaling/../scaling/results/2026-03-19_12h20_SEM_gaussian/graphs/NOTEARS__v10_a15_g1_s3500.json,,5.3003280239991,0.0,0.0,0.962962962962963,1.0,1.0,1.0
SEM_gaussian,NOTEARS Disc.,"{""lambda1"": 0.5, ""w_threshold_notears"": 0.1, ""n_bins"": 6, ""initial_bins"": 20, ""discretization_method"": ""hartemink""}",10,15,3500,1,/home/mathis/Documents/Travail/cbnsl_benchmark/scaling/../scaling/results/2026-03-19_12h20_SEM_gaussian/graphs/golden__v10_a15_g1.json,/home/mathis/Documents/Travail/cbnsl_benchmark/scaling/../scaling/results/2026-03-19_12h20_SEM_gaussian/graphs/NOTEARS Disc.__v10_a15_g1_s3500.json,,47.074617611000576,13.0,10.0,0.0,0.8333333333333333,0.0,0.7142857142857143
SEM_gaussian,LiNGAM,"{""threshold_lingam"": 0.01}",10,15,3500,1,/home/mathis/Documents/Travail/cbnsl_benchmark/scaling/../scaling/results/2026-03-19_12h20_SEM_gaussian/graphs/golden__v10_a15_g1.json,/home/mathis/Documents/Travail/cbnsl_benchmark/scaling/../scaling/results/2026-03-19_12h20_SEM_gaussian/graphs/LiNGAM__v10_a15_g1_s3500.json,[pyAgrum] Partially directed cycle detected: Add a partial directed cycle in a PDAG : between 7 and 2,,,,,,,
SEM_gaussian,CPC,"{""alpha"": 0.05, ""max_conditioning_set_size"": 2}",10,15,5000,1,/home/mathis/Documents/Travail/cbnsl_benchmark/scaling/../scaling/results/2026-03-19_12h20_SEM_gaussian/graphs/golden__v10_a15_g1.json,/home/mathis/Documents/Travail/cbnsl_benchmark/scaling/../scaling/results/2026-03-19_12h20_SEM_gaussian/graphs/CPC__v10_a15_g1_s5000.json,,24.871595247001096,12.0,11.0,0.3529411764705882,0.88,0.5,0.7857142857142857
SEM_gaussian,CMIIC,"{""alpha"": 0.01}",10,15,5000,1,/home/mathis/Documents/Travail/cbnsl_benchmark/scaling/../scaling/results/2026-03-19_12h20_SEM_gaussian/graphs/golden__v10_a15_g1.json,/home/mathis/Documents/Travail/cbnsl_benchmark/scaling/../scaling/results/2026-03-19_12h20_SEM_gaussian/graphs/CMIIC__v10_a15_g1_s5000.json,,47.22314432100029,7.0,10.0,0.6,0.923076923076923,0.75,0.8571428571428571
SEM_gaussian,MIIC,"{""n_bins"": 2, ""discretization_method"": ""quantile""}",10,15,5000,1,/home/mathis/Documents/Travail/cbnsl_benchmark/scaling/../scaling/results/2026-03-19_12h20_SEM_gaussian/graphs/golden__v10_a15_g1.json,/home/mathis/Documents/Travail/cbnsl_benchmark/scaling/../scaling/results/2026-03-19_12h20_SEM_gaussian/graphs/MIIC__v10_a15_g1_s5000.json,,0.5573729560001084,7.0,14.0,0.6923076923076923,0.8275862068965518,0.8181818181818182,0.8571428571428571
SEM_gaussian,GHC+BDeu,"{""n_bins"": 2, ""discretization_method"": ""quantile""}",10,15,5000,1,/home/mathis/Documents/Travail/cbnsl_benchmark/scaling/../scaling/results/2026-03-19_12h20_SEM_gaussian/graphs/golden__v10_a15_g1.json,/home/mathis/Documents/Travail/cbnsl_benchmark/scaling/../scaling/results/2026-03-19_12h20_SEM_gaussian/graphs/GHC+BDeu__v10_a15_g1_s5000.json,,0.32111416999941866,16.0,16.0,0.2608695652173913,0.75,0.6,0.8571428571428571
SEM_gaussian,NOTEARS,"{""lambda1"": 0.0, ""w_threshold_notears"": 0.1}",10,15,5000,1,/home/mathis/Documents/Travail/cbnsl_benchmark/scaling/../scaling/results/2026-03-19_12h20_SEM_gaussian/graphs/golden__v10_a15_g1.json,/home/mathis/Documents/Travail/cbnsl_benchmark/scaling/../scaling/results/2026-03-19_12h20_SEM_gaussian/graphs/NOTEARS__v10_a15_g1_s5000.json,,7.385643084999174,0.0,0.0,0.962962962962963,1.0,1.0,1.0
SEM_gaussian,NOTEARS Disc.,"{""lambda1"": 0.5, ""w_threshold_notears"": 0.1, ""n_bins"": 6, ""initial_bins"": 20, ""discretization_method"": ""hartemink""}",10,15,5000,1,/home/mathis/Documents/Travail/cbnsl_benchmark/scaling/../scaling/results/2026-03-19_12h20_SEM_gaussian/graphs/golden__v10_a15_g1.json,/home/mathis/Documents/Travail/cbnsl_benchmark/scaling/../scaling/results/2026-03-19_12h20_SEM_gaussian/graphs/NOTEARS Disc.__v10_a15_g1_s5000.json,,62.35080530199957,8.0,10.0,0.5263157894736842,0.782608695652174,0.5,0.6428571428571429
SEM_gaussian,LiNGAM,"{""threshold_lingam"": 0.01}",10,15,5000,1,/home/mathis/Documents/Travail/cbnsl_benchmark/scaling/../scaling/results/2026-03-19_12h20_SEM_gaussian/graphs/golden__v10_a15_g1.json,/home/mathis/Documents/Travail/cbnsl_benchmark/scaling/../scaling/results/2026-03-19_12h20_SEM_gaussian/graphs/LiNGAM__v10_a15_g1_s5000.json,[pyAgrum] Partially directed cycle detected: Add a partial directed cycle in a PDAG : between 6 and 3,,,,,,,
SEM_gaussian,CPC,"{""alpha"": 0.05, ""max_conditioning_set_size"": 2}",10,15,200,2,/home/mathis/Documents/Travail/cbnsl_benchmark/scaling/../scaling/results/2026-03-19_12h20_SEM_gaussian/graphs/golden__v10_a15_g2.json,/home/mathis/Documents/Travail/cbnsl_benchmark/scaling/../scaling/results/2026-03-19_12h20_SEM_gaussian/graphs/CPC__v10_a15_g2_s200.json,,0.0253056480014493,13.0,13.0,0.23529411764705882,0.5,0.16666666666666666,0.3333333333333333
SEM_gaussian,CMIIC,"{""alpha"": 0.01}",10,15,200,2,/home/mathis/Documents/Travail/cbnsl_benchmark/scaling/../scaling/results/2026-03-19_12h20_SEM_gaussian/graphs/golden__v10_a15_g2.json,/home/mathis/Documents/Travail/cbnsl_benchmark/scaling/../scaling/results/2026-03-19_12h20_SEM_gaussian/graphs/CMIIC__v10_a15_g2_s200.json,,0.43445652999980666,24.0,18.0,0.07692307692307693,0.6486486486486486,0.25,0.8
SEM_gaussian,MIIC,"{""n_bins"": 2, ""discretization_method"": ""quantile""}",10,15,200,2,/home/mathis/Documents/Travail/cbnsl_benchmark/scaling/../scaling/results/2026-03-19_12h20_SEM_gaussian/graphs/golden__v10_a15_g2.json,/home/mathis/Documents/Travail/cbnsl_benchmark/scaling/../scaling/results/2026-03-19_12h20_SEM_gaussian/graphs/MIIC__v10_a15_g2_s200.json,,0.04696976599916525,14.0,15.0,0.5,0.8000000000000002,0.6666666666666666,0.8
SEM_gaussian,GHC+BDeu,"{""n_bins"": 2, ""discretization_method"": ""quantile""}",10,15,200,2,/home/mathis/Documents/Travail/cbnsl_benchmark/scaling/../scaling/results/2026-03-19_12h20_SEM_gaussian/graphs/golden__v10_a15_g2.json,/home/mathis/Documents/Travail/cbnsl_benchmark/scaling/../scaling/results/2026-03-19_12h20_SEM_gaussian/graphs/GHC+BDeu__v10_a15_g2_s200.json,,0.04351206199862645,15.0,16.0,0.21052631578947367,0.7857142857142856,0.3333333333333333,0.7333333333333333
SEM_gaussian,NOTEARS,"{""lambda1"": 0.0, ""w_threshold_notears"": 0.1}",10,15,200,2,/home/mathis/Documents/Travail/cbnsl_benchmark/scaling/../scaling/results/2026-03-19_12h20_SEM_gaussian/graphs/golden__v10_a15_g2.json,/home/mathis/Documents/Travail/cbnsl_benchmark/scaling/../scaling/results/2026-03-19_12h20_SEM_gaussian/graphs/NOTEARS__v10_a15_g2_s200.json,,2.5971559529989463,16.0,18.0,0.5,0.7692307692307693,1.0,1.0
SEM_gaussian,NOTEARS Disc.,"{""lambda1"": 0.5, ""w_threshold_notears"": 0.1, ""n_bins"": 6, ""initial_bins"": 20, ""discretization_method"": ""hartemink""}",10,15,200,2,/home/mathis/Documents/Travail/cbnsl_benchmark/scaling/../scaling/results/2026-03-19_12h20_SEM_gaussian/graphs/golden__v10_a15_g2.json,/home/mathis/Documents/Travail/cbnsl_benchmark/scaling/../scaling/results/2026-03-19_12h20_SEM_gaussian/graphs/NOTEARS Disc.__v10_a15_g2_s200.json,,9.72818996299975,15.0,13.0,0.0,0.8,0.0,0.6666666666666666
SEM_gaussian,LiNGAM,"{""threshold_lingam"": 0.01}",10,15,200,2,/home/mathis/Documents/Travail/cbnsl_benchmark/scaling/../scaling/results/2026-03-19_12h20_SEM_gaussian/graphs/golden__v10_a15_g2.json,/home/mathis/Documents/Travail/cbnsl_benchmark/scaling/../scaling/results/2026-03-19_12h20_SEM_gaussian/graphs/LiNGAM__v10_a15_g2_s200.json,,0.3138893889990868,16.0,22.0,0.5,0.7368421052631579,0.8888888888888888,0.9333333333333333
SEM_gaussian,CPC,"{""alpha"": 0.05, ""max_conditioning_set_size"": 2}",10,15,500,2,/home/mathis/Documents/Travail/cbnsl_benchmark/scaling/../scaling/results/2026-03-19_12h20_SEM_gaussian/graphs/golden__v10_a15_g2.json,/home/mathis/Documents/Travail/cbnsl_benchmark/scaling/../scaling/results/2026-03-19_12h20_SEM_gaussian/graphs/CPC__v10_a15_g2_s500.json,,0.24422287900051742,15.0,15.0,0.0,0.33333333333333337,0.0,0.2
SEM_gaussian,CMIIC,"{""alpha"": 0.01}",10,15,500,2,/home/mathis/Documents/Travail/cbnsl_benchmark/scaling/../scaling/results/2026-03-19_12h20_SEM_gaussian/graphs/golden__v10_a15_g2.json,/home/mathis/Documents/Travail/cbnsl_benchmark/scaling/../scaling/results/2026-03-19_12h20_SEM_gaussian/graphs/CMIIC__v10_a15_g2_s500.json,,1.47963795600117,15.0,17.0,0.4,0.7500000000000001,0.625,0.8
SEM_gaussian,MIIC,"{""n_bins"": 2, ""discretization_method"": ""quantile""}",10,15,500,2,/home/mathis/Documents/Travail/cbnsl_benchmark/scaling/../scaling/results/2026-03-19_12h20_SEM_gaussian/graphs/golden__v10_a15_g2.json,/home/mathis/Documents/Travail/cbnsl_benchmark/scaling/../scaling/results/2026-03-19_12h20_SEM_gaussian/graphs/MIIC__v10_a15_g2_s500.json,,0.05415492700012692,14.0,11.0,0.5454545454545454,0.8148148148148148,0.6,0.7333333333333333
SEM_gaussian,GHC+BDeu,"{""n_bins"": 2, ""discretization_method"": ""quantile""}",10,15,500,2,/home/mathis/Documents/Travail/cbnsl_benchmark/scaling/../scaling/results/2026-03-19_12h20_SEM_gaussian/graphs/golden__v10_a15_g2.json,/home/mathis/Documents/Travail/cbnsl_benchmark/scaling/../scaling/results/2026-03-19_12h20_SEM_gaussian/graphs/GHC+BDeu__v10_a15_g2_s500.json,,0.04780869500064,13.0,7.0,0.3157894736842105,0.8571428571428571,0.5,0.8
SEM_gaussian,NOTEARS,"{""lambda1"": 0.0, ""w_threshold_notears"": 0.1}",10,15,500,2,/home/mathis/Documents/Travail/cbnsl_benchmark/scaling/../scaling/results/2026-03-19_12h20_SEM_gaussian/graphs/golden__v10_a15_g2.json,/home/mathis/Documents/Travail/cbnsl_benchmark/scaling/../scaling/results/2026-03-19_12h20_SEM_gaussian/graphs/NOTEARS__v10_a15_g2_s500.json,,2.105827510000381,14.0,22.0,0.6111111111111112,0.7499999999999999,1.0,1.0
SEM_gaussian,NOTEARS Disc.,"{""lambda1"": 0.5, ""w_threshold_notears"": 0.1, ""n_bins"": 6, ""initial_bins"": 20, ""discretization_method"": ""hartemink""}",10,15,500,2,/home/mathis/Documents/Travail/cbnsl_benchmark/scaling/../scaling/results/2026-03-19_12h20_SEM_gaussian/graphs/golden__v10_a15_g2.json,/home/mathis/Documents/Travail/cbnsl_benchmark/scaling/../scaling/results/2026-03-19_12h20_SEM_gaussian/graphs/NOTEARS Disc.__v10_a15_g2_s500.json,,12.785798031000013,9.0,13.0,0.5714285714285713,0.846153846153846,0.6,0.7333333333333333
SEM_gaussian,LiNGAM,"{""threshold_lingam"": 0.01}",10,15,500,2,/home/mathis/Documents/Travail/cbnsl_benchmark/scaling/../scaling/results/2026-03-19_12h20_SEM_gaussian/graphs/golden__v10_a15_g2.json,/home/mathis/Documents/Travail/cbnsl_benchmark/scaling/../scaling/results/2026-03-19_12h20_SEM_gaussian/graphs/LiNGAM__v10_a15_g2_s500.json,,0.3459453450013825,21.0,21.0,0.36363636363636365,0.65,0.75,0.8666666666666667
SEM_gaussian,CPC,"{""alpha"": 0.05, ""max_conditioning_set_size"": 2}",10,15,1000,2,/home/mathis/Documents/Travail/cbnsl_benchmark/scaling/../scaling/results/2026-03-19_12h20_SEM_gaussian/graphs/golden__v10_a15_g2.json,/home/mathis/Documents/Travail/cbnsl_benchmark/scaling/../scaling/results/2026-03-19_12h20_SEM_gaussian/graphs/CPC__v10_a15_g2_s1000.json,,1.29349368000112,9.0,8.0,0.5714285714285713,0.8,0.5454545454545454,0.6666666666666666
SEM_gaussian,CMIIC,"{""alpha"": 0.01}",10,15,1000,2,/home/mathis/Documents/Travail/cbnsl_benchmark/scaling/../scaling/results/2026-03-19_12h20_SEM_gaussian/graphs/golden__v10_a15_g2.json,/home/mathis/Documents/Travail/cbnsl_benchmark/scaling/../scaling/results/2026-03-19_12h20_SEM_gaussian/graphs/CMIIC__v10_a15_g2_s1000.json,,4.639567697999155,9.0,17.0,0.6896551724137931,0.7741935483870969,0.7692307692307693,0.8
SEM_gaussian,MIIC,"{""n_bins"": 2, ""discretization_method"": ""quantile""}",10,15,1000,2,/home/mathis/Documents/Travail/cbnsl_benchmark/scaling/../scaling/results/2026-03-19_12h20_SEM_gaussian/graphs/golden__v10_a15_g2.json,/home/mathis/Documents/Travail/cbnsl_benchmark/scaling/../scaling/results/2026-03-19_12h20_SEM_gaussian/graphs/MIIC__v10_a15_g2_s1000.json,,0.08808575500006555,7.0,10.0,0.6956521739130435,0.888888888888889,0.7272727272727273,0.8
SEM_gaussian,GHC+BDeu,"{""n_bins"": 2, ""discretization_method"": ""quantile""}",10,15,1000,2,/home/mathis/Documents/Travail/cbnsl_benchmark/scaling/../scaling/results/2026-03-19_12h20_SEM_gaussian/graphs/golden__v10_a15_g2.json,/home/mathis/Documents/Travail/cbnsl_benchmark/scaling/../scaling/results/2026-03-19_12h20_SEM_gaussian/graphs/GHC+BDeu__v10_a15_g2_s1000.json,,0.06238428100004967,8.0,9.0,0.21052631578947367,0.9032258064516129,0.6666666666666666,0.9333333333333333
SEM_gaussian,NOTEARS,"{""lambda1"": 0.0, ""w_threshold_notears"": 0.1}",10,15,1000,2,/home/mathis/Documents/Travail/cbnsl_benchmark/scaling/../scaling/results/2026-03-19_12h20_SEM_gaussian/graphs/golden__v10_a15_g2.json,/home/mathis/Documents/Travail/cbnsl_benchmark/scaling/../scaling/results/2026-03-19_12h20_SEM_gaussian/graphs/NOTEARS__v10_a15_g2_s1000.json,,3.43398789999992,17.0,19.0,0.4516129032258065,0.7368421052631579,0.875,0.9333333333333333
SEM_gaussian,NOTEARS Disc.,"{""lambda1"": 0.5, ""w_threshold_notears"": 0.1, ""n_bins"": 6, ""initial_bins"": 20, ""discretization_method"": ""hartemink""}",10,15,1000,2,/home/mathis/Documents/Travail/cbnsl_benchmark/scaling/../scaling/results/2026-03-19_12h20_SEM_gaussian/graphs/golden__v10_a15_g2.json,/home/mathis/Documents/Travail/cbnsl_benchmark/scaling/../scaling/results/2026-03-19_12h20_SEM_gaussian/graphs/NOTEARS Disc.__v10_a15_g2_s1000.json,,20.81330836199959,10.0,6.0,0.5,0.846153846153846,0.5555555555555556,0.7333333333333333
SEM_gaussian,LiNGAM,"{""threshold_lingam"": 0.01}",10,15,1000,2,/home/mathis/Documents/Travail/cbnsl_benchmark/scaling/../scaling/results/2026-03-19_12h20_SEM_gaussian/graphs/golden__v10_a15_g2.json,/home/mathis/Documents/Travail/cbnsl_benchmark/scaling/../scaling/results/2026-03-19_12h20_SEM_gaussian/graphs/LiNGAM__v10_a15_g2_s1000.json,,0.3702818220008339,18.0,19.0,0.3571428571428571,0.7894736842105263,1.0,1.0
SEM_gaussian,CPC,"{""alpha"": 0.05, ""max_conditioning_set_size"": 2}",10,15,2000,2,/home/mathis/Documents/Travail/cbnsl_benchmark/scaling/../scaling/results/2026-03-19_12h20_SEM_gaussian/graphs/golden__v10_a15_g2.json,/home/mathis/Documents/Travail/cbnsl_benchmark/scaling/../scaling/results/2026-03-19_12h20_SEM_gaussian/graphs/CPC__v10_a15_g2_s2000.json,,5.399260939000669,10.0,10.0,0.5454545454545454,0.8148148148148148,0.6,0.7333333333333333
SEM_gaussian,CMIIC,"{""alpha"": 0.01}",10,15,2000,2,/home/mathis/Documents/Travail/cbnsl_benchmark/scaling/../scaling/results/2026-03-19_12h20_SEM_gaussian/graphs/golden__v10_a15_g2.json,/home/mathis/Documents/Travail/cbnsl_benchmark/scaling/../scaling/results/2026-03-19_12h20_SEM_gaussian/graphs/CMIIC__v10_a15_g2_s2000.json,,10.743044136001117,7.0,15.0,0.7199999999999999,0.8571428571428571,0.75,0.8
SEM_gaussian,MIIC,"{""n_bins"": 2, ""discretization_method"": ""quantile""}",10,15,2000,2,/home/mathis/Documents/Travail/cbnsl_benchmark/scaling/../scaling/results/2026-03-19_12h20_SEM_gaussian/graphs/golden__v10_a15_g2.json,/home/mathis/Documents/Travail/cbnsl_benchmark/scaling/../scaling/results/2026-03-19_12h20_SEM_gaussian/graphs/MIIC__v10_a15_g2_s2000.json,,0.17124511300062295,14.0,8.0,0.38095238095238093,0.8275862068965518,0.5714285714285714,0.8
SEM_gaussian,GHC+BDeu,"{""n_bins"": 2, ""discretization_method"": ""quantile""}",10,15,2000,2,/home/mathis/Documents/Travail/cbnsl_benchmark/scaling/../scaling/results/2026-03-19_12h20_SEM_gaussian/graphs/golden__v10_a15_g2.json,/home/mathis/Documents/Travail/cbnsl_benchmark/scaling/../scaling/results/2026-03-19_12h20_SEM_gaussian/graphs/GHC+BDeu__v10_a15_g2_s2000.json,,0.12591519099987636,14.0,12.0,0.3636363636363636,0.8749999999999999,0.8,0.9333333333333333
SEM_gaussian,NOTEARS,"{""lambda1"": 0.0, ""w_threshold_notears"": 0.1}",10,15,2000,2,/home/mathis/Documents/Travail/cbnsl_benchmark/scaling/../scaling/results/2026-03-19_12h20_SEM_gaussian/graphs/golden__v10_a15_g2.json,/home/mathis/Documents/Travail/cbnsl_benchmark/scaling/../scaling/results/2026-03-19_12h20_SEM_gaussian/graphs/NOTEARS__v10_a15_g2_s2000.json,,4.938156549000269,12.0,17.0,0.6249999999999999,0.7777777777777778,0.9090909090909091,0.9333333333333333
SEM_gaussian,NOTEARS Disc.,"{""lambda1"": 0.5, ""w_threshold_notears"": 0.1, ""n_bins"": 6, ""initial_bins"": 20, ""discretization_method"": ""hartemink""}",10,15,2000,2,/home/mathis/Documents/Travail/cbnsl_benchmark/scaling/../scaling/results/2026-03-19_12h20_SEM_gaussian/graphs/golden__v10_a15_g2.json,/home/mathis/Documents/Travail/cbnsl_benchmark/scaling/../scaling/results/2026-03-19_12h20_SEM_gaussian/graphs/NOTEARS Disc.__v10_a15_g2_s2000.json,,33.09094727000047,15.0,13.0,0.11764705882352942,0.7692307692307692,0.16666666666666666,0.6666666666666666
SEM_gaussian,LiNGAM,"{""threshold_lingam"": 0.01}",10,15,2000,2,/home/mathis/Documents/Travail/cbnsl_benchmark/scaling/../scaling/results/2026-03-19_12h20_SEM_gaussian/graphs/golden__v10_a15_g2.json,/home/mathis/Documents/Travail/cbnsl_benchmark/scaling/../scaling/results/2026-03-19_12h20_SEM_gaussian/graphs/LiNGAM__v10_a15_g2_s2000.json,,0.5329867270011164,21.0,21.0,0.0,0.7692307692307693,0.0,1.0
SEM_gaussian,CPC,"{""alpha"": 0.05, ""max_conditioning_set_size"": 2}",10,15,3500,2,/home/mathis/Documents/Travail/cbnsl_benchmark/scaling/../scaling/results/2026-03-19_12h20_SEM_gaussian/graphs/golden__v10_a15_g2.json,/home/mathis/Documents/Travail/cbnsl_benchmark/scaling/../scaling/results/2026-03-19_12h20_SEM_gaussian/graphs/CPC__v10_a15_g2_s3500.json,,17.29787694300103,8.0,13.0,0.6923076923076924,0.8275862068965518,0.75,0.8
SEM_gaussian,CMIIC,"{""alpha"": 0.01}",10,15,3500,2,/home/mathis/Documents/Travail/cbnsl_benchmark/scaling/../scaling/results/2026-03-19_12h20_SEM_gaussian/graphs/golden__v10_a15_g2.json,/home/mathis/Documents/Travail/cbnsl_benchmark/scaling/../scaling/results/2026-03-19_12h20_SEM_gaussian/graphs/CMIIC__v10_a15_g2_s3500.json,,31.591065331998834,9.0,11.0,0.608695652173913,0.8571428571428571,0.7,0.8
SEM_gaussian,MIIC,"{""n_bins"": 2, ""discretization_method"": ""quantile""}",10,15,3500,2,/home/mathis/Documents/Travail/cbnsl_benchmark/scaling/../scaling/results/2026-03-19_12h20_SEM_gaussian/graphs/golden__v10_a15_g2.json,/home/mathis/Documents/Travail/cbnsl_benchmark/scaling/../scaling/results/2026-03-19_12h20_SEM_gaussian/graphs/MIIC__v10_a15_g2_s3500.json,,0.3145250040015526,15.0,14.0,0.36363636363636365,0.8000000000000002,0.5714285714285714,0.8
SEM_gaussian,GHC+BDeu,"{""n_bins"": 2, ""discretization_method"": ""quantile""}",10,15,3500,2,/home/mathis/Documents/Travail/cbnsl_benchmark/scaling/../scaling/results/2026-03-19_12h20_SEM_gaussian/graphs/golden__v10_a15_g2.json,/home/mathis/Documents/Travail/cbnsl_benchmark/scaling/../scaling/results/2026-03-19_12h20_SEM_gaussian/graphs/GHC+BDeu__v10_a15_g2_s3500.json,,0.20296122100080538,15.0,15.0,0.1904761904761905,0.8484848484848485,0.6666666666666666,0.9333333333333333
SEM_gaussian,NOTEARS,"{""lambda1"": 0.0, ""w_threshold_notears"": 0.1}",10,15,3500,2,/home/mathis/Documents/Travail/cbnsl_benchmark/scaling/../scaling/results/2026-03-19_12h20_SEM_gaussian/graphs/golden__v10_a15_g2.json,/home/mathis/Documents/Travail/cbnsl_benchmark/scaling/../scaling/results/2026-03-19_12h20_SEM_gaussian/graphs/NOTEARS__v10_a15_g2_s3500.json,,8.408407090000765,13.0,22.0,0.6060606060606061,0.7567567567567568,0.9090909090909091,0.9333333333333333
SEM_gaussian,NOTEARS Disc.,"{""lambda1"": 0.5, ""w_threshold_notears"": 0.1, ""n_bins"": 6, ""initial_bins"": 20, ""discretization_method"": ""hartemink""}",10,15,3500,2,/home/mathis/Documents/Travail/cbnsl_benchmark/scaling/../scaling/results/2026-03-19_12h20_SEM_gaussian/graphs/golden__v10_a15_g2.json,/home/mathis/Documents/Travail/cbnsl_benchmark/scaling/../scaling/results/2026-03-19_12h20_SEM_gaussian/graphs/NOTEARS Disc.__v10_a15_g2_s3500.json,,77.47525712400056,15.0,12.0,0.0,0.8,0.0,0.6666666666666666
SEM_gaussian,LiNGAM,"{""threshold_lingam"": 0.01}",10,15,3500,2,/home/mathis/Documents/Travail/cbnsl_benchmark/scaling/../scaling/results/2026-03-19_12h20_SEM_gaussian/graphs/golden__v10_a15_g2.json,/home/mathis/Documents/Travail/cbnsl_benchmark/scaling/../scaling/results/2026-03-19_12h20_SEM_gaussian/graphs/LiNGAM__v10_a15_g2_s3500.json,,1.2801480560010532,21.0,22.0,0.32258064516129037,0.7317073170731707,1.0,1.0
SEM_gaussian,CPC,"{""alpha"": 0.05, ""max_conditioning_set_size"": 2}",10,15,5000,2,/home/mathis/Documents/Travail/cbnsl_benchmark/scaling/../scaling/results/2026-03-19_12h20_SEM_gaussian/graphs/golden__v10_a15_g2.json,/home/mathis/Documents/Travail/cbnsl_benchmark/scaling/../scaling/results/2026-03-19_12h20_SEM_gaussian/graphs/CPC__v10_a15_g2_s5000.json,,44.69101326999953,9.0,14.0,0.6666666666666665,0.8000000000000002,0.75,0.8
SEM_gaussian,CMIIC,"{""alpha"": 0.01}",10,15,5000,2,/home/mathis/Documents/Travail/cbnsl_benchmark/scaling/../scaling/results/2026-03-19_12h20_SEM_gaussian/graphs/golden__v10_a15_g2.json,/home/mathis/Documents/Travail/cbnsl_benchmark/scaling/../scaling/results/2026-03-19_12h20_SEM_gaussian/graphs/CMIIC__v10_a15_g2_s5000.json,,64.1818529860011,8.0,9.0,0.6666666666666666,0.8148148148148148,0.6666666666666666,0.7333333333333333
SEM_gaussian,MIIC,"{""n_bins"": 2, ""discretization_method"": ""quantile""}",10,15,5000,2,/home/mathis/Documents/Travail/cbnsl_benchmark/scaling/../scaling/results/2026-03-19_12h20_SEM_gaussian/graphs/golden__v10_a15_g2.json,/home/mathis/Documents/Travail/cbnsl_benchmark/scaling/../scaling/results/2026-03-19_12h20_SEM_gaussian/graphs/MIIC__v10_a15_g2_s5000.json,,0.6427123519988527,14.0,16.0,0.36363636363636365,0.8000000000000002,0.5714285714285714,0.8
SEM_gaussian,GHC+BDeu,"{""n_bins"": 2, ""discretization_method"": ""quantile""}",10,15,5000,2,/home/mathis/Documents/Travail/cbnsl_benchmark/scaling/../scaling/results/2026-03-19_12h20_SEM_gaussian/graphs/golden__v10_a15_g2.json,/home/mathis/Documents/Travail/cbnsl_benchmark/scaling/../scaling/results/2026-03-19_12h20_SEM_gaussian/graphs/GHC+BDeu__v10_a15_g2_s5000.json,,0.3038673030005157,19.0,20.0,0.09523809523809525,0.7878787878787877,0.3333333333333333,0.8666666666666667
SEM_gaussian,NOTEARS,"{""lambda1"": 0.0, ""w_threshold_notears"": 0.1}",10,15,5000,2,/home/mathis/Documents/Travail/cbnsl_benchmark/scaling/../scaling/results/2026-03-19_12h20_SEM_gaussian/graphs/golden__v10_a15_g2.json,/home/mathis/Documents/Travail/cbnsl_benchmark/scaling/../scaling/results/2026-03-19_12h20_SEM_gaussian/graphs/NOTEARS__v10_a15_g2_s5000.json,,26.929174240000066,13.0,22.0,0.6060606060606061,0.7567567567567568,0.9090909090909091,0.9333333333333333
SEM_gaussian,NOTEARS Disc.,"{""lambda1"": 0.5, ""w_threshold_notears"": 0.1, ""n_bins"": 6, ""initial_bins"": 20, ""discretization_method"": ""hartemink""}",10,15,5000,2,/home/mathis/Documents/Travail/cbnsl_benchmark/scaling/../scaling/results/2026-03-19_12h20_SEM_gaussian/graphs/golden__v10_a15_g2.json,/home/mathis/Documents/Travail/cbnsl_benchmark/scaling/../scaling/results/2026-03-19_12h20_SEM_gaussian/graphs/NOTEARS Disc.__v10_a15_g2_s5000.json,,77.87748239800021,15.0,9.0,0.0,0.846153846153846,0.0,0.7333333333333333
SEM_gaussian,LiNGAM,"{""threshold_lingam"": 0.01}",10,15,5000,2,/home/mathis/Documents/Travail/cbnsl_benchmark/scaling/../scaling/results/2026-03-19_12h20_SEM_gaussian/graphs/golden__v10_a15_g2.json,/home/mathis/Documents/Travail/cbnsl_benchmark/scaling/../scaling/results/2026-03-19_12h20_SEM_gaussian/graphs/LiNGAM__v10_a15_g2_s5000.json,,0.8447615889999724,14.0,21.0,0.2857142857142857,0.7692307692307693,1.0,1.0
