generator_name,algo,algo_params,n_vars,n_arcs,n_samples,graph_idx,golden_path,learned_path,error_msg,time_s,SHD,SHD_skeleton,F1-Score,F1-Score_skeleton,TPR,TPR_skeleton
sem_gaussian,CPC,"{""alpha"": 0.05, ""max_conditioning_set_size"": 3}",10,15,200,0,/home/mathis/Documents/Travail/cbnsl_benchmark/experiments/scaling/agrum3/../../../experiments/scaling/agrum3/2026-07-30_14h34_sem_gaussian/graphs/golden__v10_a15_g0.json,/home/mathis/Documents/Travail/cbnsl_benchmark/experiments/scaling/agrum3/../../../experiments/scaling/agrum3/2026-07-30_14h34_sem_gaussian/graphs/CPC__v10_a15_g0_s200.json,,0.027479658001539065,15.0,12.0,0.0,0.33333333333333337,0.0,0.2
sem_gaussian,CMIIC,"{""alpha"": 0.05}",10,15,200,0,/home/mathis/Documents/Travail/cbnsl_benchmark/experiments/scaling/agrum3/../../../experiments/scaling/agrum3/2026-07-30_14h34_sem_gaussian/graphs/golden__v10_a15_g0.json,/home/mathis/Documents/Travail/cbnsl_benchmark/experiments/scaling/agrum3/../../../experiments/scaling/agrum3/2026-07-30_14h34_sem_gaussian/graphs/CMIIC__v10_a15_g0_s200.json,,0.06658695099758916,16.0,9.0,0.11111111111111112,0.64,0.125,0.5333333333333333
sem_gaussian,CPC,"{""alpha"": 0.05, ""max_conditioning_set_size"": 3}",10,15,500,0,/home/mathis/Documents/Travail/cbnsl_benchmark/experiments/scaling/agrum3/../../../experiments/scaling/agrum3/2026-07-30_14h34_sem_gaussian/graphs/golden__v10_a15_g0.json,/home/mathis/Documents/Travail/cbnsl_benchmark/experiments/scaling/agrum3/../../../experiments/scaling/agrum3/2026-07-30_14h34_sem_gaussian/graphs/CPC__v10_a15_g0_s500.json,,0.16356160299983458,14.0,10.0,0.12500000000000003,0.5,0.09090909090909091,0.3333333333333333
sem_gaussian,CMIIC,"{""alpha"": 0.05}",10,15,500,0,/home/mathis/Documents/Travail/cbnsl_benchmark/experiments/scaling/agrum3/../../../experiments/scaling/agrum3/2026-07-30_14h34_sem_gaussian/graphs/golden__v10_a15_g0.json,/home/mathis/Documents/Travail/cbnsl_benchmark/experiments/scaling/agrum3/../../../experiments/scaling/agrum3/2026-07-30_14h34_sem_gaussian/graphs/CMIIC__v10_a15_g0_s500.json,,0.2519599820006988,15.0,7.0,0.11764705882352941,0.7200000000000001,0.14285714285714285,0.6
sem_gaussian,CPC,"{""alpha"": 0.05, ""max_conditioning_set_size"": 3}",10,15,1000,0,/home/mathis/Documents/Travail/cbnsl_benchmark/experiments/scaling/agrum3/../../../experiments/scaling/agrum3/2026-07-30_14h34_sem_gaussian/graphs/golden__v10_a15_g0.json,/home/mathis/Documents/Travail/cbnsl_benchmark/experiments/scaling/agrum3/../../../experiments/scaling/agrum3/2026-07-30_14h34_sem_gaussian/graphs/CPC__v10_a15_g0_s1000.json,,0.7640065390005475,14.0,8.0,0.125,0.6363636363636364,0.1111111111111111,0.4666666666666667
sem_gaussian,CMIIC,"{""alpha"": 0.05}",10,15,1000,0,/home/mathis/Documents/Travail/cbnsl_benchmark/experiments/scaling/agrum3/../../../experiments/scaling/agrum3/2026-07-30_14h34_sem_gaussian/graphs/golden__v10_a15_g0.json,/home/mathis/Documents/Travail/cbnsl_benchmark/experiments/scaling/agrum3/../../../experiments/scaling/agrum3/2026-07-30_14h34_sem_gaussian/graphs/CMIIC__v10_a15_g0_s1000.json,,1.2661560209999152,15.0,6.0,0.11764705882352942,0.7692307692307692,0.16666666666666666,0.6666666666666666
sem_gaussian,CPC,"{""alpha"": 0.05, ""max_conditioning_set_size"": 3}",10,15,3000,0,/home/mathis/Documents/Travail/cbnsl_benchmark/experiments/scaling/agrum3/../../../experiments/scaling/agrum3/2026-07-30_14h34_sem_gaussian/graphs/golden__v10_a15_g0.json,/home/mathis/Documents/Travail/cbnsl_benchmark/experiments/scaling/agrum3/../../../experiments/scaling/agrum3/2026-07-30_14h34_sem_gaussian/graphs/CPC__v10_a15_g0_s3000.json,,7.839502933999029,10.0,7.0,0.5454545454545454,0.7200000000000001,0.5,0.6
sem_gaussian,CMIIC,"{""alpha"": 0.05}",10,15,3000,0,/home/mathis/Documents/Travail/cbnsl_benchmark/experiments/scaling/agrum3/../../../experiments/scaling/agrum3/2026-07-30_14h34_sem_gaussian/graphs/golden__v10_a15_g0.json,/home/mathis/Documents/Travail/cbnsl_benchmark/experiments/scaling/agrum3/../../../experiments/scaling/agrum3/2026-07-30_14h34_sem_gaussian/graphs/CMIIC__v10_a15_g0_s3000.json,,8.50387185100044,9.0,6.0,0.6086956521739131,0.7692307692307692,0.5833333333333334,0.6666666666666666
sem_gaussian,CPC,"{""alpha"": 0.05, ""max_conditioning_set_size"": 3}",10,15,5000,0,/home/mathis/Documents/Travail/cbnsl_benchmark/experiments/scaling/agrum3/../../../experiments/scaling/agrum3/2026-07-30_14h34_sem_gaussian/graphs/golden__v10_a15_g0.json,/home/mathis/Documents/Travail/cbnsl_benchmark/experiments/scaling/agrum3/../../../experiments/scaling/agrum3/2026-07-30_14h34_sem_gaussian/graphs/CPC__v10_a15_g0_s5000.json,,33.77902028599783,14.0,7.0,0.3,0.7407407407407408,0.375,0.6666666666666666
sem_gaussian,CMIIC,"{""alpha"": 0.05}",10,15,5000,0,/home/mathis/Documents/Travail/cbnsl_benchmark/experiments/scaling/agrum3/../../../experiments/scaling/agrum3/2026-07-30_14h34_sem_gaussian/graphs/golden__v10_a15_g0.json,/home/mathis/Documents/Travail/cbnsl_benchmark/experiments/scaling/agrum3/../../../experiments/scaling/agrum3/2026-07-30_14h34_sem_gaussian/graphs/CMIIC__v10_a15_g0_s5000.json,,26.277834613996674,11.0,6.0,0.47619047619047616,0.7692307692307692,0.5,0.6666666666666666
sem_gaussian,CPC,"{""alpha"": 0.05, ""max_conditioning_set_size"": 3}",10,15,200,1,/home/mathis/Documents/Travail/cbnsl_benchmark/experiments/scaling/agrum3/../../../experiments/scaling/agrum3/2026-07-30_14h34_sem_gaussian/graphs/golden__v10_a15_g1.json,/home/mathis/Documents/Travail/cbnsl_benchmark/experiments/scaling/agrum3/../../../experiments/scaling/agrum3/2026-07-30_14h34_sem_gaussian/graphs/CPC__v10_a15_g1_s200.json,,0.01785106699753669,12.0,5.0,0.25,0.782608695652174,0.2857142857142857,0.6428571428571429
sem_gaussian,CMIIC,"{""alpha"": 0.05}",10,15,200,1,/home/mathis/Documents/Travail/cbnsl_benchmark/experiments/scaling/agrum3/../../../experiments/scaling/agrum3/2026-07-30_14h34_sem_gaussian/graphs/golden__v10_a15_g1.json,/home/mathis/Documents/Travail/cbnsl_benchmark/experiments/scaling/agrum3/../../../experiments/scaling/agrum3/2026-07-30_14h34_sem_gaussian/graphs/CMIIC__v10_a15_g1_s200.json,,0.06336216699855868,13.0,4.0,0.13333333333333333,0.8333333333333333,0.2,0.7142857142857143
sem_gaussian,CPC,"{""alpha"": 0.05, ""max_conditioning_set_size"": 3}",10,15,500,1,/home/mathis/Documents/Travail/cbnsl_benchmark/experiments/scaling/agrum3/../../../experiments/scaling/agrum3/2026-07-30_14h34_sem_gaussian/graphs/golden__v10_a15_g1.json,/home/mathis/Documents/Travail/cbnsl_benchmark/experiments/scaling/agrum3/../../../experiments/scaling/agrum3/2026-07-30_14h34_sem_gaussian/graphs/CPC__v10_a15_g1_s500.json,,0.11107762200117577,11.0,8.0,0.3529411764705882,0.6,0.2727272727272727,0.42857142857142855
sem_gaussian,CMIIC,"{""alpha"": 0.05}",10,15,500,1,/home/mathis/Documents/Travail/cbnsl_benchmark/experiments/scaling/agrum3/../../../experiments/scaling/agrum3/2026-07-30_14h34_sem_gaussian/graphs/golden__v10_a15_g1.json,/home/mathis/Documents/Travail/cbnsl_benchmark/experiments/scaling/agrum3/../../../experiments/scaling/agrum3/2026-07-30_14h34_sem_gaussian/graphs/CMIIC__v10_a15_g1_s500.json,,0.26845330400101375,13.0,3.0,0.13333333333333333,0.88,0.25,0.7857142857142857
sem_gaussian,CPC,"{""alpha"": 0.05, ""max_conditioning_set_size"": 3}",10,15,1000,1,/home/mathis/Documents/Travail/cbnsl_benchmark/experiments/scaling/agrum3/../../../experiments/scaling/agrum3/2026-07-30_14h34_sem_gaussian/graphs/golden__v10_a15_g1.json,/home/mathis/Documents/Travail/cbnsl_benchmark/experiments/scaling/agrum3/../../../experiments/scaling/agrum3/2026-07-30_14h34_sem_gaussian/graphs/CPC__v10_a15_g1_s1000.json,,0.6119140420014446,12.0,6.0,0.25,0.7272727272727273,0.25,0.5714285714285714
sem_gaussian,CMIIC,"{""alpha"": 0.05}",10,15,1000,1,/home/mathis/Documents/Travail/cbnsl_benchmark/experiments/scaling/agrum3/../../../experiments/scaling/agrum3/2026-07-30_14h34_sem_gaussian/graphs/golden__v10_a15_g1.json,/home/mathis/Documents/Travail/cbnsl_benchmark/experiments/scaling/agrum3/../../../experiments/scaling/agrum3/2026-07-30_14h34_sem_gaussian/graphs/CMIIC__v10_a15_g1_s1000.json,,0.8662417260020447,13.0,4.0,0.13333333333333333,0.8333333333333333,0.2,0.7142857142857143
sem_gaussian,CPC,"{""alpha"": 0.05, ""max_conditioning_set_size"": 3}",10,15,3000,1,/home/mathis/Documents/Travail/cbnsl_benchmark/experiments/scaling/agrum3/../../../experiments/scaling/agrum3/2026-07-30_14h34_sem_gaussian/graphs/golden__v10_a15_g1.json,/home/mathis/Documents/Travail/cbnsl_benchmark/experiments/scaling/agrum3/../../../experiments/scaling/agrum3/2026-07-30_14h34_sem_gaussian/graphs/CPC__v10_a15_g1_s3000.json,,5.836199278001004,8.0,3.0,0.6,0.88,0.6666666666666666,0.7857142857142857
sem_gaussian,CMIIC,"{""alpha"": 0.05}",10,15,3000,1,/home/mathis/Documents/Travail/cbnsl_benchmark/experiments/scaling/agrum3/../../../experiments/scaling/agrum3/2026-07-30_14h34_sem_gaussian/graphs/golden__v10_a15_g1.json,/home/mathis/Documents/Travail/cbnsl_benchmark/experiments/scaling/agrum3/../../../experiments/scaling/agrum3/2026-07-30_14h34_sem_gaussian/graphs/CMIIC__v10_a15_g1_s3000.json,,6.99233029899915,13.0,4.0,0.13333333333333333,0.8333333333333333,0.2,0.7142857142857143
sem_gaussian,CPC,"{""alpha"": 0.05, ""max_conditioning_set_size"": 3}",10,15,5000,1,/home/mathis/Documents/Travail/cbnsl_benchmark/experiments/scaling/agrum3/../../../experiments/scaling/agrum3/2026-07-30_14h34_sem_gaussian/graphs/golden__v10_a15_g1.json,/home/mathis/Documents/Travail/cbnsl_benchmark/experiments/scaling/agrum3/../../../experiments/scaling/agrum3/2026-07-30_14h34_sem_gaussian/graphs/CPC__v10_a15_g1_s5000.json,,16.528818055998272,12.0,3.0,0.25000000000000006,0.88,0.4,0.7857142857142857
sem_gaussian,CMIIC,"{""alpha"": 0.05}",10,15,5000,1,/home/mathis/Documents/Travail/cbnsl_benchmark/experiments/scaling/agrum3/../../../experiments/scaling/agrum3/2026-07-30_14h34_sem_gaussian/graphs/golden__v10_a15_g1.json,/home/mathis/Documents/Travail/cbnsl_benchmark/experiments/scaling/agrum3/../../../experiments/scaling/agrum3/2026-07-30_14h34_sem_gaussian/graphs/CMIIC__v10_a15_g1_s5000.json,,29.843405773000995,13.0,4.0,0.13333333333333333,0.8333333333333333,0.2,0.7142857142857143
sem_gaussian,CPC,"{""alpha"": 0.05, ""max_conditioning_set_size"": 3}",10,15,200,2,/home/mathis/Documents/Travail/cbnsl_benchmark/experiments/scaling/agrum3/../../../experiments/scaling/agrum3/2026-07-30_14h34_sem_gaussian/graphs/golden__v10_a15_g2.json,/home/mathis/Documents/Travail/cbnsl_benchmark/experiments/scaling/agrum3/../../../experiments/scaling/agrum3/2026-07-30_14h34_sem_gaussian/graphs/CPC__v10_a15_g2_s200.json,,0.0642995569978666,13.0,10.0,0.23529411764705882,0.5,0.16666666666666666,0.3333333333333333
sem_gaussian,CMIIC,"{""alpha"": 0.05}",10,15,200,2,/home/mathis/Documents/Travail/cbnsl_benchmark/experiments/scaling/agrum3/../../../experiments/scaling/agrum3/2026-07-30_14h34_sem_gaussian/graphs/golden__v10_a15_g2.json,/home/mathis/Documents/Travail/cbnsl_benchmark/experiments/scaling/agrum3/../../../experiments/scaling/agrum3/2026-07-30_14h34_sem_gaussian/graphs/CMIIC__v10_a15_g2_s200.json,,0.2624912430001132,15.0,5.0,0.0,0.8,0.0,0.6666666666666666
sem_gaussian,CPC,"{""alpha"": 0.05, ""max_conditioning_set_size"": 3}",10,15,500,2,/home/mathis/Documents/Travail/cbnsl_benchmark/experiments/scaling/agrum3/../../../experiments/scaling/agrum3/2026-07-30_14h34_sem_gaussian/graphs/golden__v10_a15_g2.json,/home/mathis/Documents/Travail/cbnsl_benchmark/experiments/scaling/agrum3/../../../experiments/scaling/agrum3/2026-07-30_14h34_sem_gaussian/graphs/CPC__v10_a15_g2_s500.json,,0.4216551259996777,15.0,12.0,0.0,0.33333333333333337,0.0,0.2
sem_gaussian,CMIIC,"{""alpha"": 0.05}",10,15,500,2,/home/mathis/Documents/Travail/cbnsl_benchmark/experiments/scaling/agrum3/../../../experiments/scaling/agrum3/2026-07-30_14h34_sem_gaussian/graphs/golden__v10_a15_g2.json,/home/mathis/Documents/Travail/cbnsl_benchmark/experiments/scaling/agrum3/../../../experiments/scaling/agrum3/2026-07-30_14h34_sem_gaussian/graphs/CMIIC__v10_a15_g2_s500.json,,0.7186780510019162,15.0,5.0,0.0,0.8,0.0,0.6666666666666666
sem_gaussian,CPC,"{""alpha"": 0.05, ""max_conditioning_set_size"": 3}",10,15,1000,2,/home/mathis/Documents/Travail/cbnsl_benchmark/experiments/scaling/agrum3/../../../experiments/scaling/agrum3/2026-07-30_14h34_sem_gaussian/graphs/golden__v10_a15_g2.json,/home/mathis/Documents/Travail/cbnsl_benchmark/experiments/scaling/agrum3/../../../experiments/scaling/agrum3/2026-07-30_14h34_sem_gaussian/graphs/CPC__v10_a15_g2_s1000.json,,2.085481878999417,9.0,5.0,0.5714285714285713,0.8,0.5454545454545454,0.6666666666666666
sem_gaussian,CMIIC,"{""alpha"": 0.05}",10,15,1000,2,/home/mathis/Documents/Travail/cbnsl_benchmark/experiments/scaling/agrum3/../../../experiments/scaling/agrum3/2026-07-30_14h34_sem_gaussian/graphs/golden__v10_a15_g2.json,/home/mathis/Documents/Travail/cbnsl_benchmark/experiments/scaling/agrum3/../../../experiments/scaling/agrum3/2026-07-30_14h34_sem_gaussian/graphs/CMIIC__v10_a15_g2_s1000.json,,2.113607523999235,15.0,5.0,0.0,0.8,0.0,0.6666666666666666
sem_gaussian,CPC,"{""alpha"": 0.05, ""max_conditioning_set_size"": 3}",10,15,3000,2,/home/mathis/Documents/Travail/cbnsl_benchmark/experiments/scaling/agrum3/../../../experiments/scaling/agrum3/2026-07-30_14h34_sem_gaussian/graphs/golden__v10_a15_g2.json,/home/mathis/Documents/Travail/cbnsl_benchmark/experiments/scaling/agrum3/../../../experiments/scaling/agrum3/2026-07-30_14h34_sem_gaussian/graphs/CPC__v10_a15_g2_s3000.json,,11.75996802899681,6.0,5.0,0.75,0.8,0.6428571428571429,0.6666666666666666
sem_gaussian,CMIIC,"{""alpha"": 0.05}",10,15,3000,2,/home/mathis/Documents/Travail/cbnsl_benchmark/experiments/scaling/agrum3/../../../experiments/scaling/agrum3/2026-07-30_14h34_sem_gaussian/graphs/golden__v10_a15_g2.json,/home/mathis/Documents/Travail/cbnsl_benchmark/experiments/scaling/agrum3/../../../experiments/scaling/agrum3/2026-07-30_14h34_sem_gaussian/graphs/CMIIC__v10_a15_g2_s3000.json,,8.823689478998858,15.0,5.0,0.0,0.8,0.0,0.6666666666666666
sem_gaussian,CPC,"{""alpha"": 0.05, ""max_conditioning_set_size"": 3}",10,15,5000,2,/home/mathis/Documents/Travail/cbnsl_benchmark/experiments/scaling/agrum3/../../../experiments/scaling/agrum3/2026-07-30_14h34_sem_gaussian/graphs/golden__v10_a15_g2.json,/home/mathis/Documents/Travail/cbnsl_benchmark/experiments/scaling/agrum3/../../../experiments/scaling/agrum3/2026-07-30_14h34_sem_gaussian/graphs/CPC__v10_a15_g2_s5000.json,,29.696713293000357,6.0,5.0,0.75,0.8,0.6428571428571429,0.6666666666666666
sem_gaussian,CMIIC,"{""alpha"": 0.05}",10,15,5000,2,/home/mathis/Documents/Travail/cbnsl_benchmark/experiments/scaling/agrum3/../../../experiments/scaling/agrum3/2026-07-30_14h34_sem_gaussian/graphs/golden__v10_a15_g2.json,/home/mathis/Documents/Travail/cbnsl_benchmark/experiments/scaling/agrum3/../../../experiments/scaling/agrum3/2026-07-30_14h34_sem_gaussian/graphs/CMIIC__v10_a15_g2_s5000.json,,24.3362362379994,15.0,5.0,0.0,0.8,0.0,0.6666666666666666
sem_gaussian,CPC,"{""alpha"": 0.05, ""max_conditioning_set_size"": 3}",10,15,200,3,/home/mathis/Documents/Travail/cbnsl_benchmark/experiments/scaling/agrum3/../../../experiments/scaling/agrum3/2026-07-30_14h34_sem_gaussian/graphs/golden__v10_a15_g3.json,/home/mathis/Documents/Travail/cbnsl_benchmark/experiments/scaling/agrum3/../../../experiments/scaling/agrum3/2026-07-30_14h34_sem_gaussian/graphs/CPC__v10_a15_g3_s200.json,,0.023533482002676465,14.0,13.0,0.125,0.23529411764705882,0.07142857142857142,0.13333333333333333
sem_gaussian,CMIIC,"{""alpha"": 0.05}",10,15,200,3,/home/mathis/Documents/Travail/cbnsl_benchmark/experiments/scaling/agrum3/../../../experiments/scaling/agrum3/2026-07-30_14h34_sem_gaussian/graphs/golden__v10_a15_g3.json,/home/mathis/Documents/Travail/cbnsl_benchmark/experiments/scaling/agrum3/../../../experiments/scaling/agrum3/2026-07-30_14h34_sem_gaussian/graphs/CMIIC__v10_a15_g3_s200.json,,0.09979767699769582,11.0,3.0,0.4210526315789474,0.888888888888889,0.5714285714285714,0.8
sem_gaussian,CPC,"{""alpha"": 0.05, ""max_conditioning_set_size"": 3}",10,15,500,3,/home/mathis/Documents/Travail/cbnsl_benchmark/experiments/scaling/agrum3/../../../experiments/scaling/agrum3/2026-07-30_14h34_sem_gaussian/graphs/golden__v10_a15_g3.json,/home/mathis/Documents/Travail/cbnsl_benchmark/experiments/scaling/agrum3/../../../experiments/scaling/agrum3/2026-07-30_14h34_sem_gaussian/graphs/CPC__v10_a15_g3_s500.json,,0.1823313259992574,14.0,13.0,0.125,0.23529411764705882,0.07142857142857142,0.13333333333333333
sem_gaussian,CMIIC,"{""alpha"": 0.05}",10,15,500,3,/home/mathis/Documents/Travail/cbnsl_benchmark/experiments/scaling/agrum3/../../../experiments/scaling/agrum3/2026-07-30_14h34_sem_gaussian/graphs/golden__v10_a15_g3.json,/home/mathis/Documents/Travail/cbnsl_benchmark/experiments/scaling/agrum3/../../../experiments/scaling/agrum3/2026-07-30_14h34_sem_gaussian/graphs/CMIIC__v10_a15_g3_s500.json,,0.4604028370013111,12.0,6.0,0.39999999999999997,0.7692307692307692,0.4444444444444444,0.6666666666666666
sem_gaussian,CPC,"{""alpha"": 0.05, ""max_conditioning_set_size"": 3}",10,15,1000,3,/home/mathis/Documents/Travail/cbnsl_benchmark/experiments/scaling/agrum3/../../../experiments/scaling/agrum3/2026-07-30_14h34_sem_gaussian/graphs/golden__v10_a15_g3.json,/home/mathis/Documents/Travail/cbnsl_benchmark/experiments/scaling/agrum3/../../../experiments/scaling/agrum3/2026-07-30_14h34_sem_gaussian/graphs/CPC__v10_a15_g3_s1000.json,,1.0276212400021905,12.0,8.0,0.33333333333333326,0.6363636363636364,0.2727272727272727,0.4666666666666667
sem_gaussian,CMIIC,"{""alpha"": 0.05}",10,15,1000,3,/home/mathis/Documents/Travail/cbnsl_benchmark/experiments/scaling/agrum3/../../../experiments/scaling/agrum3/2026-07-30_14h34_sem_gaussian/graphs/golden__v10_a15_g3.json,/home/mathis/Documents/Travail/cbnsl_benchmark/experiments/scaling/agrum3/../../../experiments/scaling/agrum3/2026-07-30_14h34_sem_gaussian/graphs/CMIIC__v10_a15_g3_s1000.json,,1.4713148250011727,11.0,4.0,0.4210526315789474,0.846153846153846,0.5,0.7333333333333333
sem_gaussian,CPC,"{""alpha"": 0.05, ""max_conditioning_set_size"": 3}",10,15,3000,3,/home/mathis/Documents/Travail/cbnsl_benchmark/experiments/scaling/agrum3/../../../experiments/scaling/agrum3/2026-07-30_14h34_sem_gaussian/graphs/golden__v10_a15_g3.json,/home/mathis/Documents/Travail/cbnsl_benchmark/experiments/scaling/agrum3/../../../experiments/scaling/agrum3/2026-07-30_14h34_sem_gaussian/graphs/CPC__v10_a15_g3_s3000.json,,11.934911751999607,11.0,3.0,0.4210526315789474,0.888888888888889,0.5714285714285714,0.8
sem_gaussian,CMIIC,"{""alpha"": 0.05}",10,15,3000,3,/home/mathis/Documents/Travail/cbnsl_benchmark/experiments/scaling/agrum3/../../../experiments/scaling/agrum3/2026-07-30_14h34_sem_gaussian/graphs/golden__v10_a15_g3.json,/home/mathis/Documents/Travail/cbnsl_benchmark/experiments/scaling/agrum3/../../../experiments/scaling/agrum3/2026-07-30_14h34_sem_gaussian/graphs/CMIIC__v10_a15_g3_s3000.json,,10.107612879000953,12.0,4.0,0.33333333333333326,0.846153846153846,0.42857142857142855,0.7333333333333333
sem_gaussian,CPC,"{""alpha"": 0.05, ""max_conditioning_set_size"": 3}",10,15,5000,3,/home/mathis/Documents/Travail/cbnsl_benchmark/experiments/scaling/agrum3/../../../experiments/scaling/agrum3/2026-07-30_14h34_sem_gaussian/graphs/golden__v10_a15_g3.json,/home/mathis/Documents/Travail/cbnsl_benchmark/experiments/scaling/agrum3/../../../experiments/scaling/agrum3/2026-07-30_14h34_sem_gaussian/graphs/CPC__v10_a15_g3_s5000.json,,28.680802674996812,12.0,3.0,0.4,0.896551724137931,0.6666666666666666,0.8666666666666667
sem_gaussian,CMIIC,"{""alpha"": 0.05}",10,15,5000,3,/home/mathis/Documents/Travail/cbnsl_benchmark/experiments/scaling/agrum3/../../../experiments/scaling/agrum3/2026-07-30_14h34_sem_gaussian/graphs/golden__v10_a15_g3.json,/home/mathis/Documents/Travail/cbnsl_benchmark/experiments/scaling/agrum3/../../../experiments/scaling/agrum3/2026-07-30_14h34_sem_gaussian/graphs/CMIIC__v10_a15_g3_s5000.json,,29.27584598500107,12.0,4.0,0.33333333333333326,0.846153846153846,0.42857142857142855,0.7333333333333333
sem_gaussian,CPC,"{""alpha"": 0.05, ""max_conditioning_set_size"": 3}",10,15,200,4,/home/mathis/Documents/Travail/cbnsl_benchmark/experiments/scaling/agrum3/../../../experiments/scaling/agrum3/2026-07-30_14h34_sem_gaussian/graphs/golden__v10_a15_g4.json,/home/mathis/Documents/Travail/cbnsl_benchmark/experiments/scaling/agrum3/../../../experiments/scaling/agrum3/2026-07-30_14h34_sem_gaussian/graphs/CPC__v10_a15_g4_s200.json,,0.03484250399924349,15.0,12.0,0.0,0.33333333333333337,0.0,0.2
sem_gaussian,CMIIC,"{""alpha"": 0.05}",10,15,200,4,/home/mathis/Documents/Travail/cbnsl_benchmark/experiments/scaling/agrum3/../../../experiments/scaling/agrum3/2026-07-30_14h34_sem_gaussian/graphs/golden__v10_a15_g4.json,/home/mathis/Documents/Travail/cbnsl_benchmark/experiments/scaling/agrum3/../../../experiments/scaling/agrum3/2026-07-30_14h34_sem_gaussian/graphs/CMIIC__v10_a15_g4_s200.json,,0.15281150099690421,14.0,6.0,0.125,0.7499999999999999,0.14285714285714285,0.6
sem_gaussian,CPC,"{""alpha"": 0.05, ""max_conditioning_set_size"": 3}",10,15,500,4,/home/mathis/Documents/Travail/cbnsl_benchmark/experiments/scaling/agrum3/../../../experiments/scaling/agrum3/2026-07-30_14h34_sem_gaussian/graphs/golden__v10_a15_g4.json,/home/mathis/Documents/Travail/cbnsl_benchmark/experiments/scaling/agrum3/../../../experiments/scaling/agrum3/2026-07-30_14h34_sem_gaussian/graphs/CPC__v10_a15_g4_s500.json,,0.20204506299705827,15.0,15.0,0.0,0.0,0.0,0.0
sem_gaussian,CMIIC,"{""alpha"": 0.05}",10,15,500,4,/home/mathis/Documents/Travail/cbnsl_benchmark/experiments/scaling/agrum3/../../../experiments/scaling/agrum3/2026-07-30_14h34_sem_gaussian/graphs/golden__v10_a15_g4.json,/home/mathis/Documents/Travail/cbnsl_benchmark/experiments/scaling/agrum3/../../../experiments/scaling/agrum3/2026-07-30_14h34_sem_gaussian/graphs/CMIIC__v10_a15_g4_s500.json,,0.5294117199991888,14.0,6.0,0.125,0.7499999999999999,0.14285714285714285,0.6
sem_gaussian,CPC,"{""alpha"": 0.05, ""max_conditioning_set_size"": 3}",10,15,1000,4,/home/mathis/Documents/Travail/cbnsl_benchmark/experiments/scaling/agrum3/../../../experiments/scaling/agrum3/2026-07-30_14h34_sem_gaussian/graphs/golden__v10_a15_g4.json,/home/mathis/Documents/Travail/cbnsl_benchmark/experiments/scaling/agrum3/../../../experiments/scaling/agrum3/2026-07-30_14h34_sem_gaussian/graphs/CPC__v10_a15_g4_s1000.json,,0.7474359730003926,12.0,10.0,0.33333333333333337,0.5,0.23076923076923078,0.3333333333333333
sem_gaussian,CMIIC,"{""alpha"": 0.05}",10,15,1000,4,/home/mathis/Documents/Travail/cbnsl_benchmark/experiments/scaling/agrum3/../../../experiments/scaling/agrum3/2026-07-30_14h34_sem_gaussian/graphs/golden__v10_a15_g4.json,/home/mathis/Documents/Travail/cbnsl_benchmark/experiments/scaling/agrum3/../../../experiments/scaling/agrum3/2026-07-30_14h34_sem_gaussian/graphs/CMIIC__v10_a15_g4_s1000.json,,1.2337810230019386,14.0,6.0,0.125,0.7499999999999999,0.14285714285714285,0.6
sem_gaussian,CPC,"{""alpha"": 0.05, ""max_conditioning_set_size"": 3}",10,15,3000,4,/home/mathis/Documents/Travail/cbnsl_benchmark/experiments/scaling/agrum3/../../../experiments/scaling/agrum3/2026-07-30_14h34_sem_gaussian/graphs/golden__v10_a15_g4.json,/home/mathis/Documents/Travail/cbnsl_benchmark/experiments/scaling/agrum3/../../../experiments/scaling/agrum3/2026-07-30_14h34_sem_gaussian/graphs/CPC__v10_a15_g4_s3000.json,,7.52031886199984,10.0,4.0,0.5454545454545455,0.8571428571428571,0.6666666666666666,0.8
sem_gaussian,CMIIC,"{""alpha"": 0.05}",10,15,3000,4,/home/mathis/Documents/Travail/cbnsl_benchmark/experiments/scaling/agrum3/../../../experiments/scaling/agrum3/2026-07-30_14h34_sem_gaussian/graphs/golden__v10_a15_g4.json,/home/mathis/Documents/Travail/cbnsl_benchmark/experiments/scaling/agrum3/../../../experiments/scaling/agrum3/2026-07-30_14h34_sem_gaussian/graphs/CMIIC__v10_a15_g4_s3000.json,,9.075896411999565,14.0,6.0,0.125,0.7499999999999999,0.14285714285714285,0.6
sem_gaussian,CPC,"{""alpha"": 0.05, ""max_conditioning_set_size"": 3}",10,15,5000,4,/home/mathis/Documents/Travail/cbnsl_benchmark/experiments/scaling/agrum3/../../../experiments/scaling/agrum3/2026-07-30_14h34_sem_gaussian/graphs/golden__v10_a15_g4.json,/home/mathis/Documents/Travail/cbnsl_benchmark/experiments/scaling/agrum3/../../../experiments/scaling/agrum3/2026-07-30_14h34_sem_gaussian/graphs/CPC__v10_a15_g4_s5000.json,,23.50272142599715,10.0,4.0,0.5,0.846153846153846,0.5555555555555556,0.7333333333333333
sem_gaussian,CMIIC,"{""alpha"": 0.05}",10,15,5000,4,/home/mathis/Documents/Travail/cbnsl_benchmark/experiments/scaling/agrum3/../../../experiments/scaling/agrum3/2026-07-30_14h34_sem_gaussian/graphs/golden__v10_a15_g4.json,/home/mathis/Documents/Travail/cbnsl_benchmark/experiments/scaling/agrum3/../../../experiments/scaling/agrum3/2026-07-30_14h34_sem_gaussian/graphs/CMIIC__v10_a15_g4_s5000.json,,24.17967332599801,14.0,6.0,0.125,0.7499999999999999,0.14285714285714285,0.6
sem_gaussian,CPC,"{""alpha"": 0.05, ""max_conditioning_set_size"": 3}",10,15,200,5,/home/mathis/Documents/Travail/cbnsl_benchmark/experiments/scaling/agrum3/../../../experiments/scaling/agrum3/2026-07-30_14h34_sem_gaussian/graphs/golden__v10_a15_g5.json,/home/mathis/Documents/Travail/cbnsl_benchmark/experiments/scaling/agrum3/../../../experiments/scaling/agrum3/2026-07-30_14h34_sem_gaussian/graphs/CPC__v10_a15_g5_s200.json,,0.01787916100147413,12.0,9.0,0.14285714285714288,0.47058823529411764,0.1,0.3076923076923077
sem_gaussian,CMIIC,"{""alpha"": 0.05}",10,15,200,5,/home/mathis/Documents/Travail/cbnsl_benchmark/experiments/scaling/agrum3/../../../experiments/scaling/agrum3/2026-07-30_14h34_sem_gaussian/graphs/golden__v10_a15_g5.json,/home/mathis/Documents/Travail/cbnsl_benchmark/experiments/scaling/agrum3/../../../experiments/scaling/agrum3/2026-07-30_14h34_sem_gaussian/graphs/CMIIC__v10_a15_g5_s200.json,,0.06142646700027399,8.0,4.0,0.5555555555555556,0.8181818181818181,0.5555555555555556,0.6923076923076923
sem_gaussian,CPC,"{""alpha"": 0.05, ""max_conditioning_set_size"": 3}",10,15,500,5,/home/mathis/Documents/Travail/cbnsl_benchmark/experiments/scaling/agrum3/../../../experiments/scaling/agrum3/2026-07-30_14h34_sem_gaussian/graphs/golden__v10_a15_g5.json,/home/mathis/Documents/Travail/cbnsl_benchmark/experiments/scaling/agrum3/../../../experiments/scaling/agrum3/2026-07-30_14h34_sem_gaussian/graphs/CPC__v10_a15_g5_s500.json,,0.13169363400083967,11.0,6.0,0.26666666666666666,0.7000000000000001,0.25,0.5384615384615384
sem_gaussian,CMIIC,"{""alpha"": 0.05}",10,15,500,5,/home/mathis/Documents/Travail/cbnsl_benchmark/experiments/scaling/agrum3/../../../experiments/scaling/agrum3/2026-07-30_14h34_sem_gaussian/graphs/golden__v10_a15_g5.json,/home/mathis/Documents/Travail/cbnsl_benchmark/experiments/scaling/agrum3/../../../experiments/scaling/agrum3/2026-07-30_14h34_sem_gaussian/graphs/CMIIC__v10_a15_g5_s500.json,,0.24784388199987006,8.0,2.0,0.5555555555555556,0.9166666666666666,0.7142857142857143,0.8461538461538461
sem_gaussian,CPC,"{""alpha"": 0.05, ""max_conditioning_set_size"": 3}",10,15,1000,5,/home/mathis/Documents/Travail/cbnsl_benchmark/experiments/scaling/agrum3/../../../experiments/scaling/agrum3/2026-07-30_14h34_sem_gaussian/graphs/golden__v10_a15_g5.json,/home/mathis/Documents/Travail/cbnsl_benchmark/experiments/scaling/agrum3/../../../experiments/scaling/agrum3/2026-07-30_14h34_sem_gaussian/graphs/CPC__v10_a15_g5_s1000.json,,0.7009507319999102,11.0,6.0,0.26666666666666666,0.7000000000000001,0.25,0.5384615384615384
sem_gaussian,CMIIC,"{""alpha"": 0.05}",10,15,1000,5,/home/mathis/Documents/Travail/cbnsl_benchmark/experiments/scaling/agrum3/../../../experiments/scaling/agrum3/2026-07-30_14h34_sem_gaussian/graphs/golden__v10_a15_g5.json,/home/mathis/Documents/Travail/cbnsl_benchmark/experiments/scaling/agrum3/../../../experiments/scaling/agrum3/2026-07-30_14h34_sem_gaussian/graphs/CMIIC__v10_a15_g5_s1000.json,,0.9056198190010036,8.0,3.0,0.5555555555555556,0.8695652173913044,0.625,0.7692307692307693
sem_gaussian,CPC,"{""alpha"": 0.05, ""max_conditioning_set_size"": 3}",10,15,3000,5,/home/mathis/Documents/Travail/cbnsl_benchmark/experiments/scaling/agrum3/../../../experiments/scaling/agrum3/2026-07-30_14h34_sem_gaussian/graphs/golden__v10_a15_g5.json,/home/mathis/Documents/Travail/cbnsl_benchmark/experiments/scaling/agrum3/../../../experiments/scaling/agrum3/2026-07-30_14h34_sem_gaussian/graphs/CPC__v10_a15_g5_s3000.json,,9.214533454000048,3.0,0.0,0.8695652173913044,1.0,1.0,1.0
sem_gaussian,CMIIC,"{""alpha"": 0.05}",10,15,3000,5,/home/mathis/Documents/Travail/cbnsl_benchmark/experiments/scaling/agrum3/../../../experiments/scaling/agrum3/2026-07-30_14h34_sem_gaussian/graphs/golden__v10_a15_g5.json,/home/mathis/Documents/Travail/cbnsl_benchmark/experiments/scaling/agrum3/../../../experiments/scaling/agrum3/2026-07-30_14h34_sem_gaussian/graphs/CMIIC__v10_a15_g5_s3000.json,,7.297428595000383,8.0,2.0,0.5555555555555556,0.9166666666666666,0.7142857142857143,0.8461538461538461
sem_gaussian,CPC,"{""alpha"": 0.05, ""max_conditioning_set_size"": 3}",10,15,5000,5,/home/mathis/Documents/Travail/cbnsl_benchmark/experiments/scaling/agrum3/../../../experiments/scaling/agrum3/2026-07-30_14h34_sem_gaussian/graphs/golden__v10_a15_g5.json,/home/mathis/Documents/Travail/cbnsl_benchmark/experiments/scaling/agrum3/../../../experiments/scaling/agrum3/2026-07-30_14h34_sem_gaussian/graphs/CPC__v10_a15_g5_s5000.json,,27.213263906000066,8.0,1.0,0.6,0.962962962962963,1.0,1.0
sem_gaussian,CMIIC,"{""alpha"": 0.05}",10,15,5000,5,/home/mathis/Documents/Travail/cbnsl_benchmark/experiments/scaling/agrum3/../../../experiments/scaling/agrum3/2026-07-30_14h34_sem_gaussian/graphs/golden__v10_a15_g5.json,/home/mathis/Documents/Travail/cbnsl_benchmark/experiments/scaling/agrum3/../../../experiments/scaling/agrum3/2026-07-30_14h34_sem_gaussian/graphs/CMIIC__v10_a15_g5_s5000.json,,19.61307836999913,8.0,2.0,0.5555555555555556,0.9166666666666666,0.7142857142857143,0.8461538461538461
sem_gaussian,CPC,"{""alpha"": 0.05, ""max_conditioning_set_size"": 3}",10,15,200,6,/home/mathis/Documents/Travail/cbnsl_benchmark/experiments/scaling/agrum3/../../../experiments/scaling/agrum3/2026-07-30_14h34_sem_gaussian/graphs/golden__v10_a15_g6.json,/home/mathis/Documents/Travail/cbnsl_benchmark/experiments/scaling/agrum3/../../../experiments/scaling/agrum3/2026-07-30_14h34_sem_gaussian/graphs/CPC__v10_a15_g6_s200.json,,0.028946668997377856,15.0,12.0,0.0,0.33333333333333337,0.0,0.2
sem_gaussian,CMIIC,"{""alpha"": 0.05}",10,15,200,6,/home/mathis/Documents/Travail/cbnsl_benchmark/experiments/scaling/agrum3/../../../experiments/scaling/agrum3/2026-07-30_14h34_sem_gaussian/graphs/golden__v10_a15_g6.json,/home/mathis/Documents/Travail/cbnsl_benchmark/experiments/scaling/agrum3/../../../experiments/scaling/agrum3/2026-07-30_14h34_sem_gaussian/graphs/CMIIC__v10_a15_g6_s200.json,,0.10404160200050683,10.0,3.0,0.5,0.888888888888889,0.625,0.8
sem_gaussian,CPC,"{""alpha"": 0.05, ""max_conditioning_set_size"": 3}",10,15,500,6,/home/mathis/Documents/Travail/cbnsl_benchmark/experiments/scaling/agrum3/../../../experiments/scaling/agrum3/2026-07-30_14h34_sem_gaussian/graphs/golden__v10_a15_g6.json,/home/mathis/Documents/Travail/cbnsl_benchmark/experiments/scaling/agrum3/../../../experiments/scaling/agrum3/2026-07-30_14h34_sem_gaussian/graphs/CPC__v10_a15_g6_s500.json,,0.11554777299897978,15.0,10.0,0.0,0.5,0.0,0.3333333333333333
sem_gaussian,CMIIC,"{""alpha"": 0.05}",10,15,500,6,/home/mathis/Documents/Travail/cbnsl_benchmark/experiments/scaling/agrum3/../../../experiments/scaling/agrum3/2026-07-30_14h34_sem_gaussian/graphs/golden__v10_a15_g6.json,/home/mathis/Documents/Travail/cbnsl_benchmark/experiments/scaling/agrum3/../../../experiments/scaling/agrum3/2026-07-30_14h34_sem_gaussian/graphs/CMIIC__v10_a15_g6_s500.json,,0.3281644159978896,10.0,3.0,0.5,0.888888888888889,0.625,0.8
sem_gaussian,CPC,"{""alpha"": 0.05, ""max_conditioning_set_size"": 3}",10,15,1000,6,/home/mathis/Documents/Travail/cbnsl_benchmark/experiments/scaling/agrum3/../../../experiments/scaling/agrum3/2026-07-30_14h34_sem_gaussian/graphs/golden__v10_a15_g6.json,/home/mathis/Documents/Travail/cbnsl_benchmark/experiments/scaling/agrum3/../../../experiments/scaling/agrum3/2026-07-30_14h34_sem_gaussian/graphs/CPC__v10_a15_g6_s1000.json,,0.6502117329982866,12.0,6.0,0.3333333333333333,0.7499999999999999,0.3333333333333333,0.6
sem_gaussian,CMIIC,"{""alpha"": 0.05}",10,15,1000,6,/home/mathis/Documents/Travail/cbnsl_benchmark/experiments/scaling/agrum3/../../../experiments/scaling/agrum3/2026-07-30_14h34_sem_gaussian/graphs/golden__v10_a15_g6.json,/home/mathis/Documents/Travail/cbnsl_benchmark/experiments/scaling/agrum3/../../../experiments/scaling/agrum3/2026-07-30_14h34_sem_gaussian/graphs/CMIIC__v10_a15_g6_s1000.json,,1.0449401050027518,10.0,3.0,0.5,0.888888888888889,0.625,0.8
sem_gaussian,CPC,"{""alpha"": 0.05, ""max_conditioning_set_size"": 3}",10,15,3000,6,/home/mathis/Documents/Travail/cbnsl_benchmark/experiments/scaling/agrum3/../../../experiments/scaling/agrum3/2026-07-30_14h34_sem_gaussian/graphs/golden__v10_a15_g6.json,/home/mathis/Documents/Travail/cbnsl_benchmark/experiments/scaling/agrum3/../../../experiments/scaling/agrum3/2026-07-30_14h34_sem_gaussian/graphs/CPC__v10_a15_g6_s3000.json,,6.817243128996779,11.0,3.0,0.4210526315789474,0.888888888888889,0.5714285714285714,0.8
sem_gaussian,CMIIC,"{""alpha"": 0.05}",10,15,3000,6,/home/mathis/Documents/Travail/cbnsl_benchmark/experiments/scaling/agrum3/../../../experiments/scaling/agrum3/2026-07-30_14h34_sem_gaussian/graphs/golden__v10_a15_g6.json,/home/mathis/Documents/Travail/cbnsl_benchmark/experiments/scaling/agrum3/../../../experiments/scaling/agrum3/2026-07-30_14h34_sem_gaussian/graphs/CMIIC__v10_a15_g6_s3000.json,,8.158592383999348,13.0,3.0,0.23529411764705882,0.888888888888889,0.4,0.8
sem_gaussian,CPC,"{""alpha"": 0.05, ""max_conditioning_set_size"": 3}",10,15,5000,6,/home/mathis/Documents/Travail/cbnsl_benchmark/experiments/scaling/agrum3/../../../experiments/scaling/agrum3/2026-07-30_14h34_sem_gaussian/graphs/golden__v10_a15_g6.json,/home/mathis/Documents/Travail/cbnsl_benchmark/experiments/scaling/agrum3/../../../experiments/scaling/agrum3/2026-07-30_14h34_sem_gaussian/graphs/CPC__v10_a15_g6_s5000.json,,20.02568336100012,8.0,3.0,0.6363636363636365,0.888888888888889,0.7,0.8
sem_gaussian,CMIIC,"{""alpha"": 0.05}",10,15,5000,6,/home/mathis/Documents/Travail/cbnsl_benchmark/experiments/scaling/agrum3/../../../experiments/scaling/agrum3/2026-07-30_14h34_sem_gaussian/graphs/golden__v10_a15_g6.json,/home/mathis/Documents/Travail/cbnsl_benchmark/experiments/scaling/agrum3/../../../experiments/scaling/agrum3/2026-07-30_14h34_sem_gaussian/graphs/CMIIC__v10_a15_g6_s5000.json,,21.679879134997464,10.0,3.0,0.5,0.888888888888889,0.625,0.8
sem_gaussian,CPC,"{""alpha"": 0.05, ""max_conditioning_set_size"": 3}",10,15,200,7,/home/mathis/Documents/Travail/cbnsl_benchmark/experiments/scaling/agrum3/../../../experiments/scaling/agrum3/2026-07-30_14h34_sem_gaussian/graphs/golden__v10_a15_g7.json,/home/mathis/Documents/Travail/cbnsl_benchmark/experiments/scaling/agrum3/../../../experiments/scaling/agrum3/2026-07-30_14h34_sem_gaussian/graphs/CPC__v10_a15_g7_s200.json,,0.017307780999544775,14.0,8.0,0.125,0.6363636363636364,0.1111111111111111,0.4666666666666667
sem_gaussian,CMIIC,"{""alpha"": 0.05}",10,15,200,7,/home/mathis/Documents/Travail/cbnsl_benchmark/experiments/scaling/agrum3/../../../experiments/scaling/agrum3/2026-07-30_14h34_sem_gaussian/graphs/golden__v10_a15_g7.json,/home/mathis/Documents/Travail/cbnsl_benchmark/experiments/scaling/agrum3/../../../experiments/scaling/agrum3/2026-07-30_14h34_sem_gaussian/graphs/CMIIC__v10_a15_g7_s200.json,,0.06113267700129654,14.0,3.0,0.125,0.888888888888889,0.25,0.8
sem_gaussian,CPC,"{""alpha"": 0.05, ""max_conditioning_set_size"": 3}",10,15,500,7,/home/mathis/Documents/Travail/cbnsl_benchmark/experiments/scaling/agrum3/../../../experiments/scaling/agrum3/2026-07-30_14h34_sem_gaussian/graphs/golden__v10_a15_g7.json,/home/mathis/Documents/Travail/cbnsl_benchmark/experiments/scaling/agrum3/../../../experiments/scaling/agrum3/2026-07-30_14h34_sem_gaussian/graphs/CPC__v10_a15_g7_s500.json,,0.07565819199953694,12.0,6.0,0.3333333333333333,0.7499999999999999,0.3333333333333333,0.6
sem_gaussian,CMIIC,"{""alpha"": 0.05}",10,15,500,7,/home/mathis/Documents/Travail/cbnsl_benchmark/experiments/scaling/agrum3/../../../experiments/scaling/agrum3/2026-07-30_14h34_sem_gaussian/graphs/golden__v10_a15_g7.json,/home/mathis/Documents/Travail/cbnsl_benchmark/experiments/scaling/agrum3/../../../experiments/scaling/agrum3/2026-07-30_14h34_sem_gaussian/graphs/CMIIC__v10_a15_g7_s500.json,,0.22766055899774074,12.0,3.0,0.3333333333333333,0.888888888888889,0.5,0.8
sem_gaussian,CPC,"{""alpha"": 0.05, ""max_conditioning_set_size"": 3}",10,15,1000,7,/home/mathis/Documents/Travail/cbnsl_benchmark/experiments/scaling/agrum3/../../../experiments/scaling/agrum3/2026-07-30_14h34_sem_gaussian/graphs/golden__v10_a15_g7.json,/home/mathis/Documents/Travail/cbnsl_benchmark/experiments/scaling/agrum3/../../../experiments/scaling/agrum3/2026-07-30_14h34_sem_gaussian/graphs/CPC__v10_a15_g7_s1000.json,,0.6275551060025464,9.0,4.0,0.5714285714285713,0.846153846153846,0.6,0.7333333333333333
sem_gaussian,CMIIC,"{""alpha"": 0.05}",10,15,1000,7,/home/mathis/Documents/Travail/cbnsl_benchmark/experiments/scaling/agrum3/../../../experiments/scaling/agrum3/2026-07-30_14h34_sem_gaussian/graphs/golden__v10_a15_g7.json,/home/mathis/Documents/Travail/cbnsl_benchmark/experiments/scaling/agrum3/../../../experiments/scaling/agrum3/2026-07-30_14h34_sem_gaussian/graphs/CMIIC__v10_a15_g7_s1000.json,,0.8271560480025073,9.0,3.0,0.5714285714285715,0.888888888888889,0.6666666666666666,0.8
sem_gaussian,CPC,"{""alpha"": 0.05, ""max_conditioning_set_size"": 3}",10,15,3000,7,/home/mathis/Documents/Travail/cbnsl_benchmark/experiments/scaling/agrum3/../../../experiments/scaling/agrum3/2026-07-30_14h34_sem_gaussian/graphs/golden__v10_a15_g7.json,/home/mathis/Documents/Travail/cbnsl_benchmark/experiments/scaling/agrum3/../../../experiments/scaling/agrum3/2026-07-30_14h34_sem_gaussian/graphs/CPC__v10_a15_g7_s3000.json,,6.40242462400056,10.0,4.0,0.5454545454545455,0.8571428571428571,0.6666666666666666,0.8
sem_gaussian,CMIIC,"{""alpha"": 0.05}",10,15,3000,7,/home/mathis/Documents/Travail/cbnsl_benchmark/experiments/scaling/agrum3/../../../experiments/scaling/agrum3/2026-07-30_14h34_sem_gaussian/graphs/golden__v10_a15_g7.json,/home/mathis/Documents/Travail/cbnsl_benchmark/experiments/scaling/agrum3/../../../experiments/scaling/agrum3/2026-07-30_14h34_sem_gaussian/graphs/CMIIC__v10_a15_g7_s3000.json,,6.651666081001167,10.0,3.0,0.5,0.888888888888889,0.625,0.8
sem_gaussian,CPC,"{""alpha"": 0.05, ""max_conditioning_set_size"": 3}",10,15,5000,7,/home/mathis/Documents/Travail/cbnsl_benchmark/experiments/scaling/agrum3/../../../experiments/scaling/agrum3/2026-07-30_14h34_sem_gaussian/graphs/golden__v10_a15_g7.json,/home/mathis/Documents/Travail/cbnsl_benchmark/experiments/scaling/agrum3/../../../experiments/scaling/agrum3/2026-07-30_14h34_sem_gaussian/graphs/CPC__v10_a15_g7_s5000.json,,18.910795569001493,9.0,4.0,0.608695652173913,0.8571428571428571,0.7,0.8
sem_gaussian,CMIIC,"{""alpha"": 0.05}",10,15,5000,7,/home/mathis/Documents/Travail/cbnsl_benchmark/experiments/scaling/agrum3/../../../experiments/scaling/agrum3/2026-07-30_14h34_sem_gaussian/graphs/golden__v10_a15_g7.json,/home/mathis/Documents/Travail/cbnsl_benchmark/experiments/scaling/agrum3/../../../experiments/scaling/agrum3/2026-07-30_14h34_sem_gaussian/graphs/CMIIC__v10_a15_g7_s5000.json,,17.588672425001278,9.0,3.0,0.5714285714285715,0.888888888888889,0.6666666666666666,0.8
sem_gaussian,CPC,"{""alpha"": 0.05, ""max_conditioning_set_size"": 3}",10,15,200,8,/home/mathis/Documents/Travail/cbnsl_benchmark/experiments/scaling/agrum3/../../../experiments/scaling/agrum3/2026-07-30_14h34_sem_gaussian/graphs/golden__v10_a15_g8.json,/home/mathis/Documents/Travail/cbnsl_benchmark/experiments/scaling/agrum3/../../../experiments/scaling/agrum3/2026-07-30_14h34_sem_gaussian/graphs/CPC__v10_a15_g8_s200.json,,0.02052338800058351,13.0,11.0,0.23529411764705882,0.4210526315789473,0.16666666666666666,0.2857142857142857
sem_gaussian,CMIIC,"{""alpha"": 0.05}",10,15,200,8,/home/mathis/Documents/Travail/cbnsl_benchmark/experiments/scaling/agrum3/../../../experiments/scaling/agrum3/2026-07-30_14h34_sem_gaussian/graphs/golden__v10_a15_g8.json,/home/mathis/Documents/Travail/cbnsl_benchmark/experiments/scaling/agrum3/../../../experiments/scaling/agrum3/2026-07-30_14h34_sem_gaussian/graphs/CMIIC__v10_a15_g8_s200.json,,0.09086646500145434,10.0,5.0,0.5,0.8,0.5555555555555556,0.7142857142857143
sem_gaussian,CPC,"{""alpha"": 0.05, ""max_conditioning_set_size"": 3}",10,15,500,8,/home/mathis/Documents/Travail/cbnsl_benchmark/experiments/scaling/agrum3/../../../experiments/scaling/agrum3/2026-07-30_14h34_sem_gaussian/graphs/golden__v10_a15_g8.json,/home/mathis/Documents/Travail/cbnsl_benchmark/experiments/scaling/agrum3/../../../experiments/scaling/agrum3/2026-07-30_14h34_sem_gaussian/graphs/CPC__v10_a15_g8_s500.json,,0.15116991200193297,12.0,11.0,0.25,0.35294117647058826,0.15384615384615385,0.21428571428571427
sem_gaussian,CMIIC,"{""alpha"": 0.05}",10,15,500,8,/home/mathis/Documents/Travail/cbnsl_benchmark/experiments/scaling/agrum3/../../../experiments/scaling/agrum3/2026-07-30_14h34_sem_gaussian/graphs/golden__v10_a15_g8.json,/home/mathis/Documents/Travail/cbnsl_benchmark/experiments/scaling/agrum3/../../../experiments/scaling/agrum3/2026-07-30_14h34_sem_gaussian/graphs/CMIIC__v10_a15_g8_s500.json,,0.32544065000183764,10.0,5.0,0.5,0.8,0.5555555555555556,0.7142857142857143
sem_gaussian,CPC,"{""alpha"": 0.05, ""max_conditioning_set_size"": 3}",10,15,1000,8,/home/mathis/Documents/Travail/cbnsl_benchmark/experiments/scaling/agrum3/../../../experiments/scaling/agrum3/2026-07-30_14h34_sem_gaussian/graphs/golden__v10_a15_g8.json,/home/mathis/Documents/Travail/cbnsl_benchmark/experiments/scaling/agrum3/../../../experiments/scaling/agrum3/2026-07-30_14h34_sem_gaussian/graphs/CPC__v10_a15_g8_s1000.json,,0.9989955780001765,10.0,6.0,0.4444444444444445,0.7272727272727273,0.4,0.5714285714285714
sem_gaussian,CMIIC,"{""alpha"": 0.05}",10,15,1000,8,/home/mathis/Documents/Travail/cbnsl_benchmark/experiments/scaling/agrum3/../../../experiments/scaling/agrum3/2026-07-30_14h34_sem_gaussian/graphs/golden__v10_a15_g8.json,/home/mathis/Documents/Travail/cbnsl_benchmark/experiments/scaling/agrum3/../../../experiments/scaling/agrum3/2026-07-30_14h34_sem_gaussian/graphs/CMIIC__v10_a15_g8_s1000.json,,1.073460266001348,9.0,4.0,0.5263157894736842,0.8333333333333333,0.5555555555555556,0.7142857142857143
sem_gaussian,CPC,"{""alpha"": 0.05, ""max_conditioning_set_size"": 3}",10,15,3000,8,/home/mathis/Documents/Travail/cbnsl_benchmark/experiments/scaling/agrum3/../../../experiments/scaling/agrum3/2026-07-30_14h34_sem_gaussian/graphs/golden__v10_a15_g8.json,/home/mathis/Documents/Travail/cbnsl_benchmark/experiments/scaling/agrum3/../../../experiments/scaling/agrum3/2026-07-30_14h34_sem_gaussian/graphs/CPC__v10_a15_g8_s3000.json,,7.996286521000002,8.0,3.0,0.6,0.88,0.6666666666666666,0.7857142857142857
sem_gaussian,CMIIC,"{""alpha"": 0.05}",10,15,3000,8,/home/mathis/Documents/Travail/cbnsl_benchmark/experiments/scaling/agrum3/../../../experiments/scaling/agrum3/2026-07-30_14h34_sem_gaussian/graphs/golden__v10_a15_g8.json,/home/mathis/Documents/Travail/cbnsl_benchmark/experiments/scaling/agrum3/../../../experiments/scaling/agrum3/2026-07-30_14h34_sem_gaussian/graphs/CMIIC__v10_a15_g8_s3000.json,,7.270848068001214,8.0,4.0,0.6,0.8333333333333333,0.6,0.7142857142857143
sem_gaussian,CPC,"{""alpha"": 0.05, ""max_conditioning_set_size"": 3}",10,15,5000,8,/home/mathis/Documents/Travail/cbnsl_benchmark/experiments/scaling/agrum3/../../../experiments/scaling/agrum3/2026-07-30_14h34_sem_gaussian/graphs/golden__v10_a15_g8.json,/home/mathis/Documents/Travail/cbnsl_benchmark/experiments/scaling/agrum3/../../../experiments/scaling/agrum3/2026-07-30_14h34_sem_gaussian/graphs/CPC__v10_a15_g8_s5000.json,,28.220767376998992,10.0,4.0,0.5,0.8461538461538461,0.625,0.7857142857142857
sem_gaussian,CMIIC,"{""alpha"": 0.05}",10,15,5000,8,/home/mathis/Documents/Travail/cbnsl_benchmark/experiments/scaling/agrum3/../../../experiments/scaling/agrum3/2026-07-30_14h34_sem_gaussian/graphs/golden__v10_a15_g8.json,/home/mathis/Documents/Travail/cbnsl_benchmark/experiments/scaling/agrum3/../../../experiments/scaling/agrum3/2026-07-30_14h34_sem_gaussian/graphs/CMIIC__v10_a15_g8_s5000.json,,20.141068713001005,8.0,4.0,0.6,0.8333333333333333,0.6,0.7142857142857143
sem_gaussian,CPC,"{""alpha"": 0.05, ""max_conditioning_set_size"": 3}",10,15,200,9,/home/mathis/Documents/Travail/cbnsl_benchmark/experiments/scaling/agrum3/../../../experiments/scaling/agrum3/2026-07-30_14h34_sem_gaussian/graphs/golden__v10_a15_g9.json,/home/mathis/Documents/Travail/cbnsl_benchmark/experiments/scaling/agrum3/../../../experiments/scaling/agrum3/2026-07-30_14h34_sem_gaussian/graphs/CPC__v10_a15_g9_s200.json,,0.020507334000285482,12.0,12.0,0.14285714285714288,0.14285714285714288,0.07692307692307693,0.07692307692307693
sem_gaussian,CMIIC,"{""alpha"": 0.05}",10,15,200,9,/home/mathis/Documents/Travail/cbnsl_benchmark/experiments/scaling/agrum3/../../../experiments/scaling/agrum3/2026-07-30_14h34_sem_gaussian/graphs/golden__v10_a15_g9.json,/home/mathis/Documents/Travail/cbnsl_benchmark/experiments/scaling/agrum3/../../../experiments/scaling/agrum3/2026-07-30_14h34_sem_gaussian/graphs/CMIIC__v10_a15_g9_s200.json,,0.06333840399747714,10.0,4.0,0.375,0.8181818181818181,0.42857142857142855,0.6923076923076923
sem_gaussian,CPC,"{""alpha"": 0.05, ""max_conditioning_set_size"": 3}",10,15,500,9,/home/mathis/Documents/Travail/cbnsl_benchmark/experiments/scaling/agrum3/../../../experiments/scaling/agrum3/2026-07-30_14h34_sem_gaussian/graphs/golden__v10_a15_g9.json,/home/mathis/Documents/Travail/cbnsl_benchmark/experiments/scaling/agrum3/../../../experiments/scaling/agrum3/2026-07-30_14h34_sem_gaussian/graphs/CPC__v10_a15_g9_s500.json,,0.11976566099838237,10.0,7.0,0.37499999999999994,0.631578947368421,0.3,0.46153846153846156
sem_gaussian,CMIIC,"{""alpha"": 0.05}",10,15,500,9,/home/mathis/Documents/Travail/cbnsl_benchmark/experiments/scaling/agrum3/../../../experiments/scaling/agrum3/2026-07-30_14h34_sem_gaussian/graphs/golden__v10_a15_g9.json,/home/mathis/Documents/Travail/cbnsl_benchmark/experiments/scaling/agrum3/../../../experiments/scaling/agrum3/2026-07-30_14h34_sem_gaussian/graphs/CMIIC__v10_a15_g9_s500.json,,0.23973422100243624,10.0,4.0,0.375,0.8181818181818181,0.42857142857142855,0.6923076923076923
sem_gaussian,CPC,"{""alpha"": 0.05, ""max_conditioning_set_size"": 3}",10,15,1000,9,/home/mathis/Documents/Travail/cbnsl_benchmark/experiments/scaling/agrum3/../../../experiments/scaling/agrum3/2026-07-30_14h34_sem_gaussian/graphs/golden__v10_a15_g9.json,/home/mathis/Documents/Travail/cbnsl_benchmark/experiments/scaling/agrum3/../../../experiments/scaling/agrum3/2026-07-30_14h34_sem_gaussian/graphs/CPC__v10_a15_g9_s1000.json,,0.7427377770000021,10.0,4.0,0.375,0.8181818181818181,0.42857142857142855,0.6923076923076923
sem_gaussian,CMIIC,"{""alpha"": 0.05}",10,15,1000,9,/home/mathis/Documents/Travail/cbnsl_benchmark/experiments/scaling/agrum3/../../../experiments/scaling/agrum3/2026-07-30_14h34_sem_gaussian/graphs/golden__v10_a15_g9.json,/home/mathis/Documents/Travail/cbnsl_benchmark/experiments/scaling/agrum3/../../../experiments/scaling/agrum3/2026-07-30_14h34_sem_gaussian/graphs/CMIIC__v10_a15_g9_s1000.json,,0.8993178220007394,10.0,4.0,0.375,0.8181818181818181,0.42857142857142855,0.6923076923076923
sem_gaussian,CPC,"{""alpha"": 0.05, ""max_conditioning_set_size"": 3}",10,15,3000,9,/home/mathis/Documents/Travail/cbnsl_benchmark/experiments/scaling/agrum3/../../../experiments/scaling/agrum3/2026-07-30_14h34_sem_gaussian/graphs/golden__v10_a15_g9.json,/home/mathis/Documents/Travail/cbnsl_benchmark/experiments/scaling/agrum3/../../../experiments/scaling/agrum3/2026-07-30_14h34_sem_gaussian/graphs/CPC__v10_a15_g9_s3000.json,,8.8053176229987,12.0,3.0,0.25,0.8799999999999999,0.5,0.8461538461538461
sem_gaussian,CMIIC,"{""alpha"": 0.05}",10,15,3000,9,/home/mathis/Documents/Travail/cbnsl_benchmark/experiments/scaling/agrum3/../../../experiments/scaling/agrum3/2026-07-30_14h34_sem_gaussian/graphs/golden__v10_a15_g9.json,/home/mathis/Documents/Travail/cbnsl_benchmark/experiments/scaling/agrum3/../../../experiments/scaling/agrum3/2026-07-30_14h34_sem_gaussian/graphs/CMIIC__v10_a15_g9_s3000.json,,7.373376097999426,10.0,3.0,0.37499999999999994,0.8695652173913044,0.5,0.7692307692307693
sem_gaussian,CPC,"{""alpha"": 0.05, ""max_conditioning_set_size"": 3}",10,15,5000,9,/home/mathis/Documents/Travail/cbnsl_benchmark/experiments/scaling/agrum3/../../../experiments/scaling/agrum3/2026-07-30_14h34_sem_gaussian/graphs/golden__v10_a15_g9.json,/home/mathis/Documents/Travail/cbnsl_benchmark/experiments/scaling/agrum3/../../../experiments/scaling/agrum3/2026-07-30_14h34_sem_gaussian/graphs/CPC__v10_a15_g9_s5000.json,,27.01711005800098,12.0,3.0,0.25,0.8799999999999999,0.5,0.8461538461538461
sem_gaussian,CMIIC,"{""alpha"": 0.05}",10,15,5000,9,/home/mathis/Documents/Travail/cbnsl_benchmark/experiments/scaling/agrum3/../../../experiments/scaling/agrum3/2026-07-30_14h34_sem_gaussian/graphs/golden__v10_a15_g9.json,/home/mathis/Documents/Travail/cbnsl_benchmark/experiments/scaling/agrum3/../../../experiments/scaling/agrum3/2026-07-30_14h34_sem_gaussian/graphs/CMIIC__v10_a15_g9_s5000.json,,19.544965294000576,10.0,3.0,0.37499999999999994,0.8695652173913044,0.5,0.7692307692307693
sem_gaussian,CPC,"{""alpha"": 0.05, ""max_conditioning_set_size"": 3}",10,15,200,10,/home/mathis/Documents/Travail/cbnsl_benchmark/experiments/scaling/agrum3/../../../experiments/scaling/agrum3/2026-07-30_14h34_sem_gaussian/graphs/golden__v10_a15_g10.json,/home/mathis/Documents/Travail/cbnsl_benchmark/experiments/scaling/agrum3/../../../experiments/scaling/agrum3/2026-07-30_14h34_sem_gaussian/graphs/CPC__v10_a15_g10_s200.json,,0.022752983997634146,14.0,12.0,0.0,0.25,0.0,0.14285714285714285
sem_gaussian,CMIIC,"{""alpha"": 0.05}",10,15,200,10,/home/mathis/Documents/Travail/cbnsl_benchmark/experiments/scaling/agrum3/../../../experiments/scaling/agrum3/2026-07-30_14h34_sem_gaussian/graphs/golden__v10_a15_g10.json,/home/mathis/Documents/Travail/cbnsl_benchmark/experiments/scaling/agrum3/../../../experiments/scaling/agrum3/2026-07-30_14h34_sem_gaussian/graphs/CMIIC__v10_a15_g10_s200.json,,0.06464196099841502,11.0,4.0,0.3529411764705882,0.8333333333333333,0.42857142857142855,0.7142857142857143
sem_gaussian,CPC,"{""alpha"": 0.05, ""max_conditioning_set_size"": 3}",10,15,500,10,/home/mathis/Documents/Travail/cbnsl_benchmark/experiments/scaling/agrum3/../../../experiments/scaling/agrum3/2026-07-30_14h34_sem_gaussian/graphs/golden__v10_a15_g10.json,/home/mathis/Documents/Travail/cbnsl_benchmark/experiments/scaling/agrum3/../../../experiments/scaling/agrum3/2026-07-30_14h34_sem_gaussian/graphs/CPC__v10_a15_g10_s500.json,,0.13292912000179058,13.0,10.0,0.13333333333333333,0.4444444444444445,0.09090909090909091,0.2857142857142857
sem_gaussian,CMIIC,"{""alpha"": 0.05}",10,15,500,10,/home/mathis/Documents/Travail/cbnsl_benchmark/experiments/scaling/agrum3/../../../experiments/scaling/agrum3/2026-07-30_14h34_sem_gaussian/graphs/golden__v10_a15_g10.json,/home/mathis/Documents/Travail/cbnsl_benchmark/experiments/scaling/agrum3/../../../experiments/scaling/agrum3/2026-07-30_14h34_sem_gaussian/graphs/CMIIC__v10_a15_g10_s500.json,,0.3325947070006805,11.0,4.0,0.3529411764705882,0.8333333333333333,0.42857142857142855,0.7142857142857143
sem_gaussian,CPC,"{""alpha"": 0.05, ""max_conditioning_set_size"": 3}",10,15,1000,10,/home/mathis/Documents/Travail/cbnsl_benchmark/experiments/scaling/agrum3/../../../experiments/scaling/agrum3/2026-07-30_14h34_sem_gaussian/graphs/golden__v10_a15_g10.json,/home/mathis/Documents/Travail/cbnsl_benchmark/experiments/scaling/agrum3/../../../experiments/scaling/agrum3/2026-07-30_14h34_sem_gaussian/graphs/CPC__v10_a15_g10_s1000.json,,0.7869413379994512,12.0,7.0,0.3333333333333333,0.6956521739130435,0.3333333333333333,0.5714285714285714
sem_gaussian,CMIIC,"{""alpha"": 0.05}",10,15,1000,10,/home/mathis/Documents/Travail/cbnsl_benchmark/experiments/scaling/agrum3/../../../experiments/scaling/agrum3/2026-07-30_14h34_sem_gaussian/graphs/golden__v10_a15_g10.json,/home/mathis/Documents/Travail/cbnsl_benchmark/experiments/scaling/agrum3/../../../experiments/scaling/agrum3/2026-07-30_14h34_sem_gaussian/graphs/CMIIC__v10_a15_g10_s1000.json,,1.1139664750007796,11.0,4.0,0.3529411764705882,0.8333333333333333,0.42857142857142855,0.7142857142857143
sem_gaussian,CPC,"{""alpha"": 0.05, ""max_conditioning_set_size"": 3}",10,15,3000,10,/home/mathis/Documents/Travail/cbnsl_benchmark/experiments/scaling/agrum3/../../../experiments/scaling/agrum3/2026-07-30_14h34_sem_gaussian/graphs/golden__v10_a15_g10.json,/home/mathis/Documents/Travail/cbnsl_benchmark/experiments/scaling/agrum3/../../../experiments/scaling/agrum3/2026-07-30_14h34_sem_gaussian/graphs/CPC__v10_a15_g10_s3000.json,,7.264015543001733,8.0,2.0,0.6,0.923076923076923,0.75,0.8571428571428571
sem_gaussian,CMIIC,"{""alpha"": 0.05}",10,15,3000,10,/home/mathis/Documents/Travail/cbnsl_benchmark/experiments/scaling/agrum3/../../../experiments/scaling/agrum3/2026-07-30_14h34_sem_gaussian/graphs/golden__v10_a15_g10.json,/home/mathis/Documents/Travail/cbnsl_benchmark/experiments/scaling/agrum3/../../../experiments/scaling/agrum3/2026-07-30_14h34_sem_gaussian/graphs/CMIIC__v10_a15_g10_s3000.json,,8.704282157999842,10.0,3.0,0.4444444444444444,0.88,0.5714285714285714,0.7857142857142857
sem_gaussian,CPC,"{""alpha"": 0.05, ""max_conditioning_set_size"": 3}",10,15,5000,10,/home/mathis/Documents/Travail/cbnsl_benchmark/experiments/scaling/agrum3/../../../experiments/scaling/agrum3/2026-07-30_14h34_sem_gaussian/graphs/golden__v10_a15_g10.json,/home/mathis/Documents/Travail/cbnsl_benchmark/experiments/scaling/agrum3/../../../experiments/scaling/agrum3/2026-07-30_14h34_sem_gaussian/graphs/CPC__v10_a15_g10_s5000.json,,20.824908285001584,10.0,2.0,0.4444444444444444,0.923076923076923,0.6666666666666666,0.8571428571428571
sem_gaussian,CMIIC,"{""alpha"": 0.05}",10,15,5000,10,/home/mathis/Documents/Travail/cbnsl_benchmark/experiments/scaling/agrum3/../../../experiments/scaling/agrum3/2026-07-30_14h34_sem_gaussian/graphs/golden__v10_a15_g10.json,/home/mathis/Documents/Travail/cbnsl_benchmark/experiments/scaling/agrum3/../../../experiments/scaling/agrum3/2026-07-30_14h34_sem_gaussian/graphs/CMIIC__v10_a15_g10_s5000.json,,24.130138552998687,10.0,3.0,0.4444444444444444,0.88,0.5714285714285714,0.7857142857142857
sem_gaussian,CPC,"{""alpha"": 0.05, ""max_conditioning_set_size"": 3}",10,15,200,11,/home/mathis/Documents/Travail/cbnsl_benchmark/experiments/scaling/agrum3/../../../experiments/scaling/agrum3/2026-07-30_14h34_sem_gaussian/graphs/golden__v10_a15_g11.json,/home/mathis/Documents/Travail/cbnsl_benchmark/experiments/scaling/agrum3/../../../experiments/scaling/agrum3/2026-07-30_14h34_sem_gaussian/graphs/CPC__v10_a15_g11_s200.json,,0.017277103001106298,10.0,7.0,0.37499999999999994,0.631578947368421,0.3,0.46153846153846156
sem_gaussian,CMIIC,"{""alpha"": 0.05}",10,15,200,11,/home/mathis/Documents/Travail/cbnsl_benchmark/experiments/scaling/agrum3/../../../experiments/scaling/agrum3/2026-07-30_14h34_sem_gaussian/graphs/golden__v10_a15_g11.json,/home/mathis/Documents/Travail/cbnsl_benchmark/experiments/scaling/agrum3/../../../experiments/scaling/agrum3/2026-07-30_14h34_sem_gaussian/graphs/CMIIC__v10_a15_g11_s200.json,,0.06902573000115808,13.0,3.0,0.0,0.8695652173913044,0.0,0.7692307692307693
sem_gaussian,CPC,"{""alpha"": 0.05, ""max_conditioning_set_size"": 3}",10,15,500,11,/home/mathis/Documents/Travail/cbnsl_benchmark/experiments/scaling/agrum3/../../../experiments/scaling/agrum3/2026-07-30_14h34_sem_gaussian/graphs/golden__v10_a15_g11.json,/home/mathis/Documents/Travail/cbnsl_benchmark/experiments/scaling/agrum3/../../../experiments/scaling/agrum3/2026-07-30_14h34_sem_gaussian/graphs/CPC__v10_a15_g11_s500.json,,0.12348039899734431,13.0,10.0,0.0,0.375,0.0,0.23076923076923078
sem_gaussian,CMIIC,"{""alpha"": 0.05}",10,15,500,11,/home/mathis/Documents/Travail/cbnsl_benchmark/experiments/scaling/agrum3/../../../experiments/scaling/agrum3/2026-07-30_14h34_sem_gaussian/graphs/golden__v10_a15_g11.json,/home/mathis/Documents/Travail/cbnsl_benchmark/experiments/scaling/agrum3/../../../experiments/scaling/agrum3/2026-07-30_14h34_sem_gaussian/graphs/CMIIC__v10_a15_g11_s500.json,,0.25467146100345417,7.0,2.0,0.631578947368421,0.9166666666666666,0.75,0.8461538461538461
sem_gaussian,CPC,"{""alpha"": 0.05, ""max_conditioning_set_size"": 3}",10,15,1000,11,/home/mathis/Documents/Travail/cbnsl_benchmark/experiments/scaling/agrum3/../../../experiments/scaling/agrum3/2026-07-30_14h34_sem_gaussian/graphs/golden__v10_a15_g11.json,/home/mathis/Documents/Travail/cbnsl_benchmark/experiments/scaling/agrum3/../../../experiments/scaling/agrum3/2026-07-30_14h34_sem_gaussian/graphs/CPC__v10_a15_g11_s1000.json,,0.6934474949994183,11.0,5.0,0.26666666666666666,0.761904761904762,0.2857142857142857,0.6153846153846154
sem_gaussian,CMIIC,"{""alpha"": 0.05}",10,15,1000,11,/home/mathis/Documents/Travail/cbnsl_benchmark/experiments/scaling/agrum3/../../../experiments/scaling/agrum3/2026-07-30_14h34_sem_gaussian/graphs/golden__v10_a15_g11.json,/home/mathis/Documents/Travail/cbnsl_benchmark/experiments/scaling/agrum3/../../../experiments/scaling/agrum3/2026-07-30_14h34_sem_gaussian/graphs/CMIIC__v10_a15_g11_s1000.json,,0.9089342039987969,7.0,2.0,0.631578947368421,0.9166666666666666,0.75,0.8461538461538461
sem_gaussian,CPC,"{""alpha"": 0.05, ""max_conditioning_set_size"": 3}",10,15,3000,11,/home/mathis/Documents/Travail/cbnsl_benchmark/experiments/scaling/agrum3/../../../experiments/scaling/agrum3/2026-07-30_14h34_sem_gaussian/graphs/golden__v10_a15_g11.json,/home/mathis/Documents/Travail/cbnsl_benchmark/experiments/scaling/agrum3/../../../experiments/scaling/agrum3/2026-07-30_14h34_sem_gaussian/graphs/CPC__v10_a15_g11_s3000.json,,7.071289635001449,10.0,2.0,0.37499999999999994,0.9166666666666666,0.6,0.8461538461538461
sem_gaussian,CMIIC,"{""alpha"": 0.05}",10,15,3000,11,/home/mathis/Documents/Travail/cbnsl_benchmark/experiments/scaling/agrum3/../../../experiments/scaling/agrum3/2026-07-30_14h34_sem_gaussian/graphs/golden__v10_a15_g11.json,/home/mathis/Documents/Travail/cbnsl_benchmark/experiments/scaling/agrum3/../../../experiments/scaling/agrum3/2026-07-30_14h34_sem_gaussian/graphs/CMIIC__v10_a15_g11_s3000.json,,6.770485720000579,7.0,2.0,0.631578947368421,0.9166666666666666,0.75,0.8461538461538461
sem_gaussian,CPC,"{""alpha"": 0.05, ""max_conditioning_set_size"": 3}",10,15,5000,11,/home/mathis/Documents/Travail/cbnsl_benchmark/experiments/scaling/agrum3/../../../experiments/scaling/agrum3/2026-07-30_14h34_sem_gaussian/graphs/golden__v10_a15_g11.json,/home/mathis/Documents/Travail/cbnsl_benchmark/experiments/scaling/agrum3/../../../experiments/scaling/agrum3/2026-07-30_14h34_sem_gaussian/graphs/CPC__v10_a15_g11_s5000.json,,20.322385257997666,9.0,2.0,0.4705882352941177,0.9166666666666666,0.6666666666666666,0.8461538461538461
sem_gaussian,CMIIC,"{""alpha"": 0.05}",10,15,5000,11,/home/mathis/Documents/Travail/cbnsl_benchmark/experiments/scaling/agrum3/../../../experiments/scaling/agrum3/2026-07-30_14h34_sem_gaussian/graphs/golden__v10_a15_g11.json,/home/mathis/Documents/Travail/cbnsl_benchmark/experiments/scaling/agrum3/../../../experiments/scaling/agrum3/2026-07-30_14h34_sem_gaussian/graphs/CMIIC__v10_a15_g11_s5000.json,,18.418758242001786,7.0,2.0,0.631578947368421,0.9166666666666666,0.75,0.8461538461538461
sem_gaussian,CPC,"{""alpha"": 0.05, ""max_conditioning_set_size"": 3}",10,15,200,12,/home/mathis/Documents/Travail/cbnsl_benchmark/experiments/scaling/agrum3/../../../experiments/scaling/agrum3/2026-07-30_14h34_sem_gaussian/graphs/golden__v10_a15_g12.json,/home/mathis/Documents/Travail/cbnsl_benchmark/experiments/scaling/agrum3/../../../experiments/scaling/agrum3/2026-07-30_14h34_sem_gaussian/graphs/CPC__v10_a15_g12_s200.json,,0.024577276002673898,12.0,11.0,0.25,0.35294117647058826,0.15384615384615385,0.21428571428571427
sem_gaussian,CMIIC,"{""alpha"": 0.05}",10,15,200,12,/home/mathis/Documents/Travail/cbnsl_benchmark/experiments/scaling/agrum3/../../../experiments/scaling/agrum3/2026-07-30_14h34_sem_gaussian/graphs/golden__v10_a15_g12.json,/home/mathis/Documents/Travail/cbnsl_benchmark/experiments/scaling/agrum3/../../../experiments/scaling/agrum3/2026-07-30_14h34_sem_gaussian/graphs/CMIIC__v10_a15_g12_s200.json,,0.06980503499653423,14.0,5.0,0.0,0.782608695652174,0.0,0.6428571428571429
sem_gaussian,CPC,"{""alpha"": 0.05, ""max_conditioning_set_size"": 3}",10,15,500,12,/home/mathis/Documents/Travail/cbnsl_benchmark/experiments/scaling/agrum3/../../../experiments/scaling/agrum3/2026-07-30_14h34_sem_gaussian/graphs/golden__v10_a15_g12.json,/home/mathis/Documents/Travail/cbnsl_benchmark/experiments/scaling/agrum3/../../../experiments/scaling/agrum3/2026-07-30_14h34_sem_gaussian/graphs/CPC__v10_a15_g12_s500.json,,0.11530944900005125,12.0,10.0,0.25,0.4444444444444445,0.16666666666666666,0.2857142857142857
sem_gaussian,CMIIC,"{""alpha"": 0.05}",10,15,500,12,/home/mathis/Documents/Travail/cbnsl_benchmark/experiments/scaling/agrum3/../../../experiments/scaling/agrum3/2026-07-30_14h34_sem_gaussian/graphs/golden__v10_a15_g12.json,/home/mathis/Documents/Travail/cbnsl_benchmark/experiments/scaling/agrum3/../../../experiments/scaling/agrum3/2026-07-30_14h34_sem_gaussian/graphs/CMIIC__v10_a15_g12_s500.json,,0.2560186659975443,14.0,4.0,0.0,0.8333333333333333,0.0,0.7142857142857143
sem_gaussian,CPC,"{""alpha"": 0.05, ""max_conditioning_set_size"": 3}",10,15,1000,12,/home/mathis/Documents/Travail/cbnsl_benchmark/experiments/scaling/agrum3/../../../experiments/scaling/agrum3/2026-07-30_14h34_sem_gaussian/graphs/golden__v10_a15_g12.json,/home/mathis/Documents/Travail/cbnsl_benchmark/experiments/scaling/agrum3/../../../experiments/scaling/agrum3/2026-07-30_14h34_sem_gaussian/graphs/CPC__v10_a15_g12_s1000.json,,0.5642905540007632,12.0,4.0,0.25,0.8333333333333333,0.3333333333333333,0.7142857142857143
sem_gaussian,CMIIC,"{""alpha"": 0.05}",10,15,1000,12,/home/mathis/Documents/Travail/cbnsl_benchmark/experiments/scaling/agrum3/../../../experiments/scaling/agrum3/2026-07-30_14h34_sem_gaussian/graphs/golden__v10_a15_g12.json,/home/mathis/Documents/Travail/cbnsl_benchmark/experiments/scaling/agrum3/../../../experiments/scaling/agrum3/2026-07-30_14h34_sem_gaussian/graphs/CMIIC__v10_a15_g12_s1000.json,,0.970046739999816,9.0,4.0,0.5263157894736842,0.8333333333333333,0.5555555555555556,0.7142857142857143
sem_gaussian,CPC,"{""alpha"": 0.05, ""max_conditioning_set_size"": 3}",10,15,3000,12,/home/mathis/Documents/Travail/cbnsl_benchmark/experiments/scaling/agrum3/../../../experiments/scaling/agrum3/2026-07-30_14h34_sem_gaussian/graphs/golden__v10_a15_g12.json,/home/mathis/Documents/Travail/cbnsl_benchmark/experiments/scaling/agrum3/../../../experiments/scaling/agrum3/2026-07-30_14h34_sem_gaussian/graphs/CPC__v10_a15_g12_s3000.json,,5.309222338000836,13.0,6.0,0.3157894736842105,0.7692307692307692,0.42857142857142855,0.7142857142857143
sem_gaussian,CMIIC,"{""alpha"": 0.05}",10,15,3000,12,/home/mathis/Documents/Travail/cbnsl_benchmark/experiments/scaling/agrum3/../../../experiments/scaling/agrum3/2026-07-30_14h34_sem_gaussian/graphs/golden__v10_a15_g12.json,/home/mathis/Documents/Travail/cbnsl_benchmark/experiments/scaling/agrum3/../../../experiments/scaling/agrum3/2026-07-30_14h34_sem_gaussian/graphs/CMIIC__v10_a15_g12_s3000.json,,8.387859263999417,8.0,4.0,0.6,0.8333333333333333,0.6,0.7142857142857143
sem_gaussian,CPC,"{""alpha"": 0.05, ""max_conditioning_set_size"": 3}",10,15,5000,12,/home/mathis/Documents/Travail/cbnsl_benchmark/experiments/scaling/agrum3/../../../experiments/scaling/agrum3/2026-07-30_14h34_sem_gaussian/graphs/golden__v10_a15_g12.json,/home/mathis/Documents/Travail/cbnsl_benchmark/experiments/scaling/agrum3/../../../experiments/scaling/agrum3/2026-07-30_14h34_sem_gaussian/graphs/CPC__v10_a15_g12_s5000.json,,20.635244224002236,12.0,5.0,0.33333333333333326,0.8,0.42857142857142855,0.7142857142857143
sem_gaussian,CMIIC,"{""alpha"": 0.05}",10,15,5000,12,/home/mathis/Documents/Travail/cbnsl_benchmark/experiments/scaling/agrum3/../../../experiments/scaling/agrum3/2026-07-30_14h34_sem_gaussian/graphs/golden__v10_a15_g12.json,/home/mathis/Documents/Travail/cbnsl_benchmark/experiments/scaling/agrum3/../../../experiments/scaling/agrum3/2026-07-30_14h34_sem_gaussian/graphs/CMIIC__v10_a15_g12_s5000.json,,23.1570049059992,8.0,3.0,0.6,0.88,0.6666666666666666,0.7857142857142857
sem_gaussian,CPC,"{""alpha"": 0.05, ""max_conditioning_set_size"": 3}",10,15,200,13,/home/mathis/Documents/Travail/cbnsl_benchmark/experiments/scaling/agrum3/../../../experiments/scaling/agrum3/2026-07-30_14h34_sem_gaussian/graphs/golden__v10_a15_g13.json,/home/mathis/Documents/Travail/cbnsl_benchmark/experiments/scaling/agrum3/../../../experiments/scaling/agrum3/2026-07-30_14h34_sem_gaussian/graphs/CPC__v10_a15_g13_s200.json,,0.026092601001437288,14.0,14.0,0.125,0.125,0.06666666666666667,0.06666666666666667
sem_gaussian,CMIIC,"{""alpha"": 0.05}",10,15,200,13,/home/mathis/Documents/Travail/cbnsl_benchmark/experiments/scaling/agrum3/../../../experiments/scaling/agrum3/2026-07-30_14h34_sem_gaussian/graphs/golden__v10_a15_g13.json,/home/mathis/Documents/Travail/cbnsl_benchmark/experiments/scaling/agrum3/../../../experiments/scaling/agrum3/2026-07-30_14h34_sem_gaussian/graphs/CMIIC__v10_a15_g13_s200.json,,0.09828451200155541,11.0,6.0,0.47619047619047616,0.7692307692307692,0.5,0.6666666666666666
sem_gaussian,CPC,"{""alpha"": 0.05, ""max_conditioning_set_size"": 3}",10,15,500,13,/home/mathis/Documents/Travail/cbnsl_benchmark/experiments/scaling/agrum3/../../../experiments/scaling/agrum3/2026-07-30_14h34_sem_gaussian/graphs/golden__v10_a15_g13.json,/home/mathis/Documents/Travail/cbnsl_benchmark/experiments/scaling/agrum3/../../../experiments/scaling/agrum3/2026-07-30_14h34_sem_gaussian/graphs/CPC__v10_a15_g13_s500.json,,0.16497884699856513,15.0,13.0,0.0,0.23529411764705882,0.0,0.13333333333333333
sem_gaussian,CMIIC,"{""alpha"": 0.05}",10,15,500,13,/home/mathis/Documents/Travail/cbnsl_benchmark/experiments/scaling/agrum3/../../../experiments/scaling/agrum3/2026-07-30_14h34_sem_gaussian/graphs/golden__v10_a15_g13.json,/home/mathis/Documents/Travail/cbnsl_benchmark/experiments/scaling/agrum3/../../../experiments/scaling/agrum3/2026-07-30_14h34_sem_gaussian/graphs/CMIIC__v10_a15_g13_s500.json,,0.3295928810002806,12.0,7.0,0.4000000000000001,0.7200000000000001,0.4,0.6
sem_gaussian,CPC,"{""alpha"": 0.05, ""max_conditioning_set_size"": 3}",10,15,1000,13,/home/mathis/Documents/Travail/cbnsl_benchmark/experiments/scaling/agrum3/../../../experiments/scaling/agrum3/2026-07-30_14h34_sem_gaussian/graphs/golden__v10_a15_g13.json,/home/mathis/Documents/Travail/cbnsl_benchmark/experiments/scaling/agrum3/../../../experiments/scaling/agrum3/2026-07-30_14h34_sem_gaussian/graphs/CPC__v10_a15_g13_s1000.json,,0.6906330489982793,15.0,9.0,0.0,0.5714285714285715,0.0,0.4
sem_gaussian,CMIIC,"{""alpha"": 0.05}",10,15,1000,13,/home/mathis/Documents/Travail/cbnsl_benchmark/experiments/scaling/agrum3/../../../experiments/scaling/agrum3/2026-07-30_14h34_sem_gaussian/graphs/golden__v10_a15_g13.json,/home/mathis/Documents/Travail/cbnsl_benchmark/experiments/scaling/agrum3/../../../experiments/scaling/agrum3/2026-07-30_14h34_sem_gaussian/graphs/CMIIC__v10_a15_g13_s1000.json,,1.1270273629997973,12.0,6.0,0.39999999999999997,0.7692307692307692,0.4444444444444444,0.6666666666666666
sem_gaussian,CPC,"{""alpha"": 0.05, ""max_conditioning_set_size"": 3}",10,15,3000,13,/home/mathis/Documents/Travail/cbnsl_benchmark/experiments/scaling/agrum3/../../../experiments/scaling/agrum3/2026-07-30_14h34_sem_gaussian/graphs/golden__v10_a15_g13.json,/home/mathis/Documents/Travail/cbnsl_benchmark/experiments/scaling/agrum3/../../../experiments/scaling/agrum3/2026-07-30_14h34_sem_gaussian/graphs/CPC__v10_a15_g13_s3000.json,,7.43988229200113,6.0,4.0,0.7692307692307693,0.8571428571428571,0.7692307692307693,0.8
sem_gaussian,CMIIC,"{""alpha"": 0.05}",10,15,3000,13,/home/mathis/Documents/Travail/cbnsl_benchmark/experiments/scaling/agrum3/../../../experiments/scaling/agrum3/2026-07-30_14h34_sem_gaussian/graphs/golden__v10_a15_g13.json,/home/mathis/Documents/Travail/cbnsl_benchmark/experiments/scaling/agrum3/../../../experiments/scaling/agrum3/2026-07-30_14h34_sem_gaussian/graphs/CMIIC__v10_a15_g13_s3000.json,,8.968231353999727,11.0,4.0,0.4210526315789474,0.846153846153846,0.5,0.7333333333333333
sem_gaussian,CPC,"{""alpha"": 0.05, ""max_conditioning_set_size"": 3}",10,15,5000,13,/home/mathis/Documents/Travail/cbnsl_benchmark/experiments/scaling/agrum3/../../../experiments/scaling/agrum3/2026-07-30_14h34_sem_gaussian/graphs/golden__v10_a15_g13.json,/home/mathis/Documents/Travail/cbnsl_benchmark/experiments/scaling/agrum3/../../../experiments/scaling/agrum3/2026-07-30_14h34_sem_gaussian/graphs/CPC__v10_a15_g13_s5000.json,,22.668196336999245,5.0,3.0,0.8148148148148148,0.896551724137931,0.8461538461538461,0.8666666666666667
sem_gaussian,CMIIC,"{""alpha"": 0.05}",10,15,5000,13,/home/mathis/Documents/Travail/cbnsl_benchmark/experiments/scaling/agrum3/../../../experiments/scaling/agrum3/2026-07-30_14h34_sem_gaussian/graphs/golden__v10_a15_g13.json,/home/mathis/Documents/Travail/cbnsl_benchmark/experiments/scaling/agrum3/../../../experiments/scaling/agrum3/2026-07-30_14h34_sem_gaussian/graphs/CMIIC__v10_a15_g13_s5000.json,,23.693720590999874,12.0,6.0,0.39999999999999997,0.7692307692307692,0.4444444444444444,0.6666666666666666
sem_gaussian,CPC,"{""alpha"": 0.05, ""max_conditioning_set_size"": 3}",10,15,200,14,/home/mathis/Documents/Travail/cbnsl_benchmark/experiments/scaling/agrum3/../../../experiments/scaling/agrum3/2026-07-30_14h34_sem_gaussian/graphs/golden__v10_a15_g14.json,/home/mathis/Documents/Travail/cbnsl_benchmark/experiments/scaling/agrum3/../../../experiments/scaling/agrum3/2026-07-30_14h34_sem_gaussian/graphs/CPC__v10_a15_g14_s200.json,,0.022821423997811507,12.0,10.0,0.25,0.4444444444444445,0.16666666666666666,0.2857142857142857
sem_gaussian,CMIIC,"{""alpha"": 0.05}",10,15,200,14,/home/mathis/Documents/Travail/cbnsl_benchmark/experiments/scaling/agrum3/../../../experiments/scaling/agrum3/2026-07-30_14h34_sem_gaussian/graphs/golden__v10_a15_g14.json,/home/mathis/Documents/Travail/cbnsl_benchmark/experiments/scaling/agrum3/../../../experiments/scaling/agrum3/2026-07-30_14h34_sem_gaussian/graphs/CMIIC__v10_a15_g14_s200.json,,0.0669872110011056,11.0,5.0,0.35294117647058826,0.782608695652174,0.375,0.6428571428571429
sem_gaussian,CPC,"{""alpha"": 0.05, ""max_conditioning_set_size"": 3}",10,15,500,14,/home/mathis/Documents/Travail/cbnsl_benchmark/experiments/scaling/agrum3/../../../experiments/scaling/agrum3/2026-07-30_14h34_sem_gaussian/graphs/golden__v10_a15_g14.json,/home/mathis/Documents/Travail/cbnsl_benchmark/experiments/scaling/agrum3/../../../experiments/scaling/agrum3/2026-07-30_14h34_sem_gaussian/graphs/CPC__v10_a15_g14_s500.json,,0.15924012400137144,12.0,9.0,0.25000000000000006,0.5263157894736842,0.18181818181818182,0.35714285714285715
sem_gaussian,CMIIC,"{""alpha"": 0.05}",10,15,500,14,/home/mathis/Documents/Travail/cbnsl_benchmark/experiments/scaling/agrum3/../../../experiments/scaling/agrum3/2026-07-30_14h34_sem_gaussian/graphs/golden__v10_a15_g14.json,/home/mathis/Documents/Travail/cbnsl_benchmark/experiments/scaling/agrum3/../../../experiments/scaling/agrum3/2026-07-30_14h34_sem_gaussian/graphs/CMIIC__v10_a15_g14_s500.json,,0.2834697500002221,11.0,5.0,0.35294117647058826,0.782608695652174,0.375,0.6428571428571429
sem_gaussian,CPC,"{""alpha"": 0.05, ""max_conditioning_set_size"": 3}",10,15,1000,14,/home/mathis/Documents/Travail/cbnsl_benchmark/experiments/scaling/agrum3/../../../experiments/scaling/agrum3/2026-07-30_14h34_sem_gaussian/graphs/golden__v10_a15_g14.json,/home/mathis/Documents/Travail/cbnsl_benchmark/experiments/scaling/agrum3/../../../experiments/scaling/agrum3/2026-07-30_14h34_sem_gaussian/graphs/CPC__v10_a15_g14_s1000.json,,0.7202918399998453,13.0,8.0,0.13333333333333333,0.6,0.1111111111111111,0.42857142857142855
sem_gaussian,CMIIC,"{""alpha"": 0.05}",10,15,1000,14,/home/mathis/Documents/Travail/cbnsl_benchmark/experiments/scaling/agrum3/../../../experiments/scaling/agrum3/2026-07-30_14h34_sem_gaussian/graphs/golden__v10_a15_g14.json,/home/mathis/Documents/Travail/cbnsl_benchmark/experiments/scaling/agrum3/../../../experiments/scaling/agrum3/2026-07-30_14h34_sem_gaussian/graphs/CMIIC__v10_a15_g14_s1000.json,,0.9325935260021652,11.0,4.0,0.3529411764705882,0.8333333333333333,0.42857142857142855,0.7142857142857143
sem_gaussian,CPC,"{""alpha"": 0.05, ""max_conditioning_set_size"": 3}",10,15,3000,14,/home/mathis/Documents/Travail/cbnsl_benchmark/experiments/scaling/agrum3/../../../experiments/scaling/agrum3/2026-07-30_14h34_sem_gaussian/graphs/golden__v10_a15_g14.json,/home/mathis/Documents/Travail/cbnsl_benchmark/experiments/scaling/agrum3/../../../experiments/scaling/agrum3/2026-07-30_14h34_sem_gaussian/graphs/CPC__v10_a15_g14_s3000.json,,7.123908713001583,12.0,3.0,0.25000000000000006,0.88,0.4,0.7857142857142857
sem_gaussian,CMIIC,"{""alpha"": 0.05}",10,15,3000,14,/home/mathis/Documents/Travail/cbnsl_benchmark/experiments/scaling/agrum3/../../../experiments/scaling/agrum3/2026-07-30_14h34_sem_gaussian/graphs/golden__v10_a15_g14.json,/home/mathis/Documents/Travail/cbnsl_benchmark/experiments/scaling/agrum3/../../../experiments/scaling/agrum3/2026-07-30_14h34_sem_gaussian/graphs/CMIIC__v10_a15_g14_s3000.json,,7.758917756000301,5.0,4.0,0.7826086956521738,0.8333333333333333,0.6923076923076923,0.7142857142857143
sem_gaussian,CPC,"{""alpha"": 0.05, ""max_conditioning_set_size"": 3}",10,15,5000,14,/home/mathis/Documents/Travail/cbnsl_benchmark/experiments/scaling/agrum3/../../../experiments/scaling/agrum3/2026-07-30_14h34_sem_gaussian/graphs/golden__v10_a15_g14.json,/home/mathis/Documents/Travail/cbnsl_benchmark/experiments/scaling/agrum3/../../../experiments/scaling/agrum3/2026-07-30_14h34_sem_gaussian/graphs/CPC__v10_a15_g14_s5000.json,,22.63889224399827,13.0,3.0,0.23529411764705882,0.888888888888889,0.5,0.8571428571428571
sem_gaussian,CMIIC,"{""alpha"": 0.05}",10,15,5000,14,/home/mathis/Documents/Travail/cbnsl_benchmark/experiments/scaling/agrum3/../../../experiments/scaling/agrum3/2026-07-30_14h34_sem_gaussian/graphs/golden__v10_a15_g14.json,/home/mathis/Documents/Travail/cbnsl_benchmark/experiments/scaling/agrum3/../../../experiments/scaling/agrum3/2026-07-30_14h34_sem_gaussian/graphs/CMIIC__v10_a15_g14_s5000.json,,24.158278967002843,4.0,3.0,0.8333333333333333,0.88,0.7692307692307693,0.7857142857142857
sem_gaussian,CPC,"{""alpha"": 0.05, ""max_conditioning_set_size"": 3}",10,15,200,15,/home/mathis/Documents/Travail/cbnsl_benchmark/experiments/scaling/agrum3/../../../experiments/scaling/agrum3/2026-07-30_14h34_sem_gaussian/graphs/golden__v10_a15_g15.json,/home/mathis/Documents/Travail/cbnsl_benchmark/experiments/scaling/agrum3/../../../experiments/scaling/agrum3/2026-07-30_14h34_sem_gaussian/graphs/CPC__v10_a15_g15_s200.json,,0.020256718999007717,12.0,10.0,0.0,0.2857142857142857,0.0,0.16666666666666666
sem_gaussian,CMIIC,"{""alpha"": 0.05}",10,15,200,15,/home/mathis/Documents/Travail/cbnsl_benchmark/experiments/scaling/agrum3/../../../experiments/scaling/agrum3/2026-07-30_14h34_sem_gaussian/graphs/golden__v10_a15_g15.json,/home/mathis/Documents/Travail/cbnsl_benchmark/experiments/scaling/agrum3/../../../experiments/scaling/agrum3/2026-07-30_14h34_sem_gaussian/graphs/CMIIC__v10_a15_g15_s200.json,,0.06865627500155824,12.0,2.0,0.0,0.9090909090909091,0.0,0.8333333333333334
sem_gaussian,CPC,"{""alpha"": 0.05, ""max_conditioning_set_size"": 3}",10,15,500,15,/home/mathis/Documents/Travail/cbnsl_benchmark/experiments/scaling/agrum3/../../../experiments/scaling/agrum3/2026-07-30_14h34_sem_gaussian/graphs/golden__v10_a15_g15.json,/home/mathis/Documents/Travail/cbnsl_benchmark/experiments/scaling/agrum3/../../../experiments/scaling/agrum3/2026-07-30_14h34_sem_gaussian/graphs/CPC__v10_a15_g15_s500.json,,0.12020189900067635,12.0,9.0,0.0,0.4,0.0,0.25
sem_gaussian,CMIIC,"{""alpha"": 0.05}",10,15,500,15,/home/mathis/Documents/Travail/cbnsl_benchmark/experiments/scaling/agrum3/../../../experiments/scaling/agrum3/2026-07-30_14h34_sem_gaussian/graphs/golden__v10_a15_g15.json,/home/mathis/Documents/Travail/cbnsl_benchmark/experiments/scaling/agrum3/../../../experiments/scaling/agrum3/2026-07-30_14h34_sem_gaussian/graphs/CMIIC__v10_a15_g15_s500.json,,0.23492007099775947,12.0,4.0,0.0,0.8,0.0,0.6666666666666666
sem_gaussian,CPC,"{""alpha"": 0.05, ""max_conditioning_set_size"": 3}",10,15,1000,15,/home/mathis/Documents/Travail/cbnsl_benchmark/experiments/scaling/agrum3/../../../experiments/scaling/agrum3/2026-07-30_14h34_sem_gaussian/graphs/golden__v10_a15_g15.json,/home/mathis/Documents/Travail/cbnsl_benchmark/experiments/scaling/agrum3/../../../experiments/scaling/agrum3/2026-07-30_14h34_sem_gaussian/graphs/CPC__v10_a15_g15_s1000.json,,0.6188635590006015,9.0,5.0,0.39999999999999997,0.7368421052631579,0.375,0.5833333333333334
sem_gaussian,CMIIC,"{""alpha"": 0.05}",10,15,1000,15,/home/mathis/Documents/Travail/cbnsl_benchmark/experiments/scaling/agrum3/../../../experiments/scaling/agrum3/2026-07-30_14h34_sem_gaussian/graphs/golden__v10_a15_g15.json,/home/mathis/Documents/Travail/cbnsl_benchmark/experiments/scaling/agrum3/../../../experiments/scaling/agrum3/2026-07-30_14h34_sem_gaussian/graphs/CMIIC__v10_a15_g15_s1000.json,,0.8348242489992117,12.0,4.0,0.0,0.8,0.0,0.6666666666666666
sem_gaussian,CPC,"{""alpha"": 0.05, ""max_conditioning_set_size"": 3}",10,15,3000,15,/home/mathis/Documents/Travail/cbnsl_benchmark/experiments/scaling/agrum3/../../../experiments/scaling/agrum3/2026-07-30_14h34_sem_gaussian/graphs/golden__v10_a15_g15.json,/home/mathis/Documents/Travail/cbnsl_benchmark/experiments/scaling/agrum3/../../../experiments/scaling/agrum3/2026-07-30_14h34_sem_gaussian/graphs/CPC__v10_a15_g15_s3000.json,,6.619175245999941,6.0,1.0,0.6666666666666665,0.9565217391304348,0.8571428571428571,0.9166666666666666
sem_gaussian,CMIIC,"{""alpha"": 0.05}",10,15,3000,15,/home/mathis/Documents/Travail/cbnsl_benchmark/experiments/scaling/agrum3/../../../experiments/scaling/agrum3/2026-07-30_14h34_sem_gaussian/graphs/golden__v10_a15_g15.json,/home/mathis/Documents/Travail/cbnsl_benchmark/experiments/scaling/agrum3/../../../experiments/scaling/agrum3/2026-07-30_14h34_sem_gaussian/graphs/CMIIC__v10_a15_g15_s3000.json,,6.44741070800228,12.0,4.0,0.0,0.8,0.0,0.6666666666666666
sem_gaussian,CPC,"{""alpha"": 0.05, ""max_conditioning_set_size"": 3}",10,15,5000,15,/home/mathis/Documents/Travail/cbnsl_benchmark/experiments/scaling/agrum3/../../../experiments/scaling/agrum3/2026-07-30_14h34_sem_gaussian/graphs/golden__v10_a15_g15.json,/home/mathis/Documents/Travail/cbnsl_benchmark/experiments/scaling/agrum3/../../../experiments/scaling/agrum3/2026-07-30_14h34_sem_gaussian/graphs/CPC__v10_a15_g15_s5000.json,,19.03395681300026,5.0,2.0,0.761904761904762,0.9166666666666666,0.8888888888888888,0.9166666666666666
sem_gaussian,CMIIC,"{""alpha"": 0.05}",10,15,5000,15,/home/mathis/Documents/Travail/cbnsl_benchmark/experiments/scaling/agrum3/../../../experiments/scaling/agrum3/2026-07-30_14h34_sem_gaussian/graphs/golden__v10_a15_g15.json,/home/mathis/Documents/Travail/cbnsl_benchmark/experiments/scaling/agrum3/../../../experiments/scaling/agrum3/2026-07-30_14h34_sem_gaussian/graphs/CMIIC__v10_a15_g15_s5000.json,,17.708773322003253,12.0,4.0,0.0,0.8,0.0,0.6666666666666666
sem_gaussian,CPC,"{""alpha"": 0.05, ""max_conditioning_set_size"": 3}",10,15,200,16,/home/mathis/Documents/Travail/cbnsl_benchmark/experiments/scaling/agrum3/../../../experiments/scaling/agrum3/2026-07-30_14h34_sem_gaussian/graphs/golden__v10_a15_g16.json,/home/mathis/Documents/Travail/cbnsl_benchmark/experiments/scaling/agrum3/../../../experiments/scaling/agrum3/2026-07-30_14h34_sem_gaussian/graphs/CPC__v10_a15_g16_s200.json,,0.03298792499845149,15.0,14.0,0.0,0.125,0.0,0.06666666666666667
sem_gaussian,CMIIC,"{""alpha"": 0.05}",10,15,200,16,/home/mathis/Documents/Travail/cbnsl_benchmark/experiments/scaling/agrum3/../../../experiments/scaling/agrum3/2026-07-30_14h34_sem_gaussian/graphs/golden__v10_a15_g16.json,/home/mathis/Documents/Travail/cbnsl_benchmark/experiments/scaling/agrum3/../../../experiments/scaling/agrum3/2026-07-30_14h34_sem_gaussian/graphs/CMIIC__v10_a15_g16_s200.json,,0.08932664500025567,15.0,6.0,0.0,0.7499999999999999,0.0,0.6
sem_gaussian,CPC,"{""alpha"": 0.05, ""max_conditioning_set_size"": 3}",10,15,500,16,/home/mathis/Documents/Travail/cbnsl_benchmark/experiments/scaling/agrum3/../../../experiments/scaling/agrum3/2026-07-30_14h34_sem_gaussian/graphs/golden__v10_a15_g16.json,/home/mathis/Documents/Travail/cbnsl_benchmark/experiments/scaling/agrum3/../../../experiments/scaling/agrum3/2026-07-30_14h34_sem_gaussian/graphs/CPC__v10_a15_g16_s500.json,,0.13020828599837841,15.0,13.0,0.0,0.23529411764705882,0.0,0.13333333333333333
sem_gaussian,CMIIC,"{""alpha"": 0.05}",10,15,500,16,/home/mathis/Documents/Travail/cbnsl_benchmark/experiments/scaling/agrum3/../../../experiments/scaling/agrum3/2026-07-30_14h34_sem_gaussian/graphs/golden__v10_a15_g16.json,/home/mathis/Documents/Travail/cbnsl_benchmark/experiments/scaling/agrum3/../../../experiments/scaling/agrum3/2026-07-30_14h34_sem_gaussian/graphs/CMIIC__v10_a15_g16_s500.json,,0.3162971050005581,15.0,7.0,0.0,0.6956521739130436,0.0,0.5333333333333333
sem_gaussian,CPC,"{""alpha"": 0.05, ""max_conditioning_set_size"": 3}",10,15,1000,16,/home/mathis/Documents/Travail/cbnsl_benchmark/experiments/scaling/agrum3/../../../experiments/scaling/agrum3/2026-07-30_14h34_sem_gaussian/graphs/golden__v10_a15_g16.json,/home/mathis/Documents/Travail/cbnsl_benchmark/experiments/scaling/agrum3/../../../experiments/scaling/agrum3/2026-07-30_14h34_sem_gaussian/graphs/CPC__v10_a15_g16_s1000.json,,0.676707049999095,11.0,8.0,0.4210526315789474,0.6363636363636364,0.3333333333333333,0.4666666666666667
sem_gaussian,CMIIC,"{""alpha"": 0.05}",10,15,1000,16,/home/mathis/Documents/Travail/cbnsl_benchmark/experiments/scaling/agrum3/../../../experiments/scaling/agrum3/2026-07-30_14h34_sem_gaussian/graphs/golden__v10_a15_g16.json,/home/mathis/Documents/Travail/cbnsl_benchmark/experiments/scaling/agrum3/../../../experiments/scaling/agrum3/2026-07-30_14h34_sem_gaussian/graphs/CMIIC__v10_a15_g16_s1000.json,,1.1449947849978344,15.0,7.0,0.0,0.6956521739130436,0.0,0.5333333333333333
sem_gaussian,CPC,"{""alpha"": 0.05, ""max_conditioning_set_size"": 3}",10,15,3000,16,/home/mathis/Documents/Travail/cbnsl_benchmark/experiments/scaling/agrum3/../../../experiments/scaling/agrum3/2026-07-30_14h34_sem_gaussian/graphs/golden__v10_a15_g16.json,/home/mathis/Documents/Travail/cbnsl_benchmark/experiments/scaling/agrum3/../../../experiments/scaling/agrum3/2026-07-30_14h34_sem_gaussian/graphs/CPC__v10_a15_g16_s3000.json,,7.052925749001588,14.0,7.0,0.3,0.7407407407407408,0.375,0.6666666666666666
sem_gaussian,CMIIC,"{""alpha"": 0.05}",10,15,3000,16,/home/mathis/Documents/Travail/cbnsl_benchmark/experiments/scaling/agrum3/../../../experiments/scaling/agrum3/2026-07-30_14h34_sem_gaussian/graphs/golden__v10_a15_g16.json,/home/mathis/Documents/Travail/cbnsl_benchmark/experiments/scaling/agrum3/../../../experiments/scaling/agrum3/2026-07-30_14h34_sem_gaussian/graphs/CMIIC__v10_a15_g16_s3000.json,,7.950668949000828,15.0,7.0,0.0,0.6956521739130436,0.0,0.5333333333333333
sem_gaussian,CPC,"{""alpha"": 0.05, ""max_conditioning_set_size"": 3}",10,15,5000,16,/home/mathis/Documents/Travail/cbnsl_benchmark/experiments/scaling/agrum3/../../../experiments/scaling/agrum3/2026-07-30_14h34_sem_gaussian/graphs/golden__v10_a15_g16.json,/home/mathis/Documents/Travail/cbnsl_benchmark/experiments/scaling/agrum3/../../../experiments/scaling/agrum3/2026-07-30_14h34_sem_gaussian/graphs/CPC__v10_a15_g16_s5000.json,,22.560572949001653,12.0,5.0,0.4,0.8148148148148148,0.5,0.7333333333333333
sem_gaussian,CMIIC,"{""alpha"": 0.05}",10,15,5000,16,/home/mathis/Documents/Travail/cbnsl_benchmark/experiments/scaling/agrum3/../../../experiments/scaling/agrum3/2026-07-30_14h34_sem_gaussian/graphs/golden__v10_a15_g16.json,/home/mathis/Documents/Travail/cbnsl_benchmark/experiments/scaling/agrum3/../../../experiments/scaling/agrum3/2026-07-30_14h34_sem_gaussian/graphs/CMIIC__v10_a15_g16_s5000.json,,22.740462764999393,15.0,7.0,0.0,0.6956521739130436,0.0,0.5333333333333333
sem_gaussian,CPC,"{""alpha"": 0.05, ""max_conditioning_set_size"": 3}",10,15,200,17,/home/mathis/Documents/Travail/cbnsl_benchmark/experiments/scaling/agrum3/../../../experiments/scaling/agrum3/2026-07-30_14h34_sem_gaussian/graphs/golden__v10_a15_g17.json,/home/mathis/Documents/Travail/cbnsl_benchmark/experiments/scaling/agrum3/../../../experiments/scaling/agrum3/2026-07-30_14h34_sem_gaussian/graphs/CPC__v10_a15_g17_s200.json,,0.027287125998554984,15.0,14.0,0.0,0.125,0.0,0.06666666666666667
sem_gaussian,CMIIC,"{""alpha"": 0.05}",10,15,200,17,/home/mathis/Documents/Travail/cbnsl_benchmark/experiments/scaling/agrum3/../../../experiments/scaling/agrum3/2026-07-30_14h34_sem_gaussian/graphs/golden__v10_a15_g17.json,/home/mathis/Documents/Travail/cbnsl_benchmark/experiments/scaling/agrum3/../../../experiments/scaling/agrum3/2026-07-30_14h34_sem_gaussian/graphs/CMIIC__v10_a15_g17_s200.json,,0.07600602399907075,11.0,5.0,0.4761904761904762,0.8148148148148148,0.5555555555555556,0.7333333333333333
sem_gaussian,CPC,"{""alpha"": 0.05, ""max_conditioning_set_size"": 3}",10,15,500,17,/home/mathis/Documents/Travail/cbnsl_benchmark/experiments/scaling/agrum3/../../../experiments/scaling/agrum3/2026-07-30_14h34_sem_gaussian/graphs/golden__v10_a15_g17.json,/home/mathis/Documents/Travail/cbnsl_benchmark/experiments/scaling/agrum3/../../../experiments/scaling/agrum3/2026-07-30_14h34_sem_gaussian/graphs/CPC__v10_a15_g17_s500.json,,0.16696547199899214,13.0,10.0,0.23529411764705882,0.5,0.16666666666666666,0.3333333333333333
sem_gaussian,CMIIC,"{""alpha"": 0.05}",10,15,500,17,/home/mathis/Documents/Travail/cbnsl_benchmark/experiments/scaling/agrum3/../../../experiments/scaling/agrum3/2026-07-30_14h34_sem_gaussian/graphs/golden__v10_a15_g17.json,/home/mathis/Documents/Travail/cbnsl_benchmark/experiments/scaling/agrum3/../../../experiments/scaling/agrum3/2026-07-30_14h34_sem_gaussian/graphs/CMIIC__v10_a15_g17_s500.json,,0.29319340599977295,11.0,5.0,0.4761904761904762,0.8148148148148148,0.5555555555555556,0.7333333333333333
sem_gaussian,CPC,"{""alpha"": 0.05, ""max_conditioning_set_size"": 3}",10,15,1000,17,/home/mathis/Documents/Travail/cbnsl_benchmark/experiments/scaling/agrum3/../../../experiments/scaling/agrum3/2026-07-30_14h34_sem_gaussian/graphs/golden__v10_a15_g17.json,/home/mathis/Documents/Travail/cbnsl_benchmark/experiments/scaling/agrum3/../../../experiments/scaling/agrum3/2026-07-30_14h34_sem_gaussian/graphs/CPC__v10_a15_g17_s1000.json,,0.9243737820033857,12.0,4.0,0.33333333333333326,0.846153846153846,0.42857142857142855,0.7333333333333333
sem_gaussian,CMIIC,"{""alpha"": 0.05}",10,15,1000,17,/home/mathis/Documents/Travail/cbnsl_benchmark/experiments/scaling/agrum3/../../../experiments/scaling/agrum3/2026-07-30_14h34_sem_gaussian/graphs/golden__v10_a15_g17.json,/home/mathis/Documents/Travail/cbnsl_benchmark/experiments/scaling/agrum3/../../../experiments/scaling/agrum3/2026-07-30_14h34_sem_gaussian/graphs/CMIIC__v10_a15_g17_s1000.json,,1.0183457160019316,9.0,5.0,0.6086956521739131,0.8148148148148148,0.6363636363636364,0.7333333333333333
sem_gaussian,CPC,"{""alpha"": 0.05, ""max_conditioning_set_size"": 3}",10,15,3000,17,/home/mathis/Documents/Travail/cbnsl_benchmark/experiments/scaling/agrum3/../../../experiments/scaling/agrum3/2026-07-30_14h34_sem_gaussian/graphs/golden__v10_a15_g17.json,/home/mathis/Documents/Travail/cbnsl_benchmark/experiments/scaling/agrum3/../../../experiments/scaling/agrum3/2026-07-30_14h34_sem_gaussian/graphs/CPC__v10_a15_g17_s3000.json,,8.80806722899797,9.0,6.0,0.64,0.7857142857142856,0.6666666666666666,0.7333333333333333
sem_gaussian,CMIIC,"{""alpha"": 0.05}",10,15,3000,17,/home/mathis/Documents/Travail/cbnsl_benchmark/experiments/scaling/agrum3/../../../experiments/scaling/agrum3/2026-07-30_14h34_sem_gaussian/graphs/golden__v10_a15_g17.json,/home/mathis/Documents/Travail/cbnsl_benchmark/experiments/scaling/agrum3/../../../experiments/scaling/agrum3/2026-07-30_14h34_sem_gaussian/graphs/CMIIC__v10_a15_g17_s3000.json,,8.039815140000428,13.0,5.0,0.3157894736842105,0.8148148148148148,0.42857142857142855,0.7333333333333333
sem_gaussian,CPC,"{""alpha"": 0.05, ""max_conditioning_set_size"": 3}",10,15,5000,17,/home/mathis/Documents/Travail/cbnsl_benchmark/experiments/scaling/agrum3/../../../experiments/scaling/agrum3/2026-07-30_14h34_sem_gaussian/graphs/golden__v10_a15_g17.json,/home/mathis/Documents/Travail/cbnsl_benchmark/experiments/scaling/agrum3/../../../experiments/scaling/agrum3/2026-07-30_14h34_sem_gaussian/graphs/CPC__v10_a15_g17_s5000.json,,27.457831700001407,10.0,6.0,0.5833333333333334,0.7857142857142856,0.6363636363636364,0.7333333333333333
sem_gaussian,CMIIC,"{""alpha"": 0.05}",10,15,5000,17,/home/mathis/Documents/Travail/cbnsl_benchmark/experiments/scaling/agrum3/../../../experiments/scaling/agrum3/2026-07-30_14h34_sem_gaussian/graphs/golden__v10_a15_g17.json,/home/mathis/Documents/Travail/cbnsl_benchmark/experiments/scaling/agrum3/../../../experiments/scaling/agrum3/2026-07-30_14h34_sem_gaussian/graphs/CMIIC__v10_a15_g17_s5000.json,,20.924950369000726,13.0,5.0,0.3157894736842105,0.8148148148148148,0.42857142857142855,0.7333333333333333
sem_gaussian,CPC,"{""alpha"": 0.05, ""max_conditioning_set_size"": 3}",10,15,200,18,/home/mathis/Documents/Travail/cbnsl_benchmark/experiments/scaling/agrum3/../../../experiments/scaling/agrum3/2026-07-30_14h34_sem_gaussian/graphs/golden__v10_a15_g18.json,/home/mathis/Documents/Travail/cbnsl_benchmark/experiments/scaling/agrum3/../../../experiments/scaling/agrum3/2026-07-30_14h34_sem_gaussian/graphs/CPC__v10_a15_g18_s200.json,,0.01431941599730635,14.0,11.0,0.2222222222222222,0.47619047619047616,0.16666666666666666,0.3333333333333333
sem_gaussian,CMIIC,"{""alpha"": 0.05}",10,15,200,18,/home/mathis/Documents/Travail/cbnsl_benchmark/experiments/scaling/agrum3/../../../experiments/scaling/agrum3/2026-07-30_14h34_sem_gaussian/graphs/golden__v10_a15_g18.json,/home/mathis/Documents/Travail/cbnsl_benchmark/experiments/scaling/agrum3/../../../experiments/scaling/agrum3/2026-07-30_14h34_sem_gaussian/graphs/CMIIC__v10_a15_g18_s200.json,,0.05545555500066257,13.0,8.0,0.3157894736842105,0.6666666666666667,0.3,0.5333333333333333
sem_gaussian,CPC,"{""alpha"": 0.05, ""max_conditioning_set_size"": 3}",10,15,500,18,/home/mathis/Documents/Travail/cbnsl_benchmark/experiments/scaling/agrum3/../../../experiments/scaling/agrum3/2026-07-30_14h34_sem_gaussian/graphs/golden__v10_a15_g18.json,/home/mathis/Documents/Travail/cbnsl_benchmark/experiments/scaling/agrum3/../../../experiments/scaling/agrum3/2026-07-30_14h34_sem_gaussian/graphs/CPC__v10_a15_g18_s500.json,,0.08483095500196214,12.0,8.0,0.33333333333333326,0.6363636363636364,0.2727272727272727,0.4666666666666667
sem_gaussian,CMIIC,"{""alpha"": 0.05}",10,15,500,18,/home/mathis/Documents/Travail/cbnsl_benchmark/experiments/scaling/agrum3/../../../experiments/scaling/agrum3/2026-07-30_14h34_sem_gaussian/graphs/golden__v10_a15_g18.json,/home/mathis/Documents/Travail/cbnsl_benchmark/experiments/scaling/agrum3/../../../experiments/scaling/agrum3/2026-07-30_14h34_sem_gaussian/graphs/CMIIC__v10_a15_g18_s500.json,,0.2125225980016694,14.0,9.0,0.22222222222222224,0.608695652173913,0.2,0.4666666666666667
sem_gaussian,CPC,"{""alpha"": 0.05, ""max_conditioning_set_size"": 3}",10,15,1000,18,/home/mathis/Documents/Travail/cbnsl_benchmark/experiments/scaling/agrum3/../../../experiments/scaling/agrum3/2026-07-30_14h34_sem_gaussian/graphs/golden__v10_a15_g18.json,/home/mathis/Documents/Travail/cbnsl_benchmark/experiments/scaling/agrum3/../../../experiments/scaling/agrum3/2026-07-30_14h34_sem_gaussian/graphs/CPC__v10_a15_g18_s1000.json,,0.515274314002454,14.0,7.0,0.125,0.6956521739130436,0.125,0.5333333333333333
sem_gaussian,CMIIC,"{""alpha"": 0.05}",10,15,1000,18,/home/mathis/Documents/Travail/cbnsl_benchmark/experiments/scaling/agrum3/../../../experiments/scaling/agrum3/2026-07-30_14h34_sem_gaussian/graphs/golden__v10_a15_g18.json,/home/mathis/Documents/Travail/cbnsl_benchmark/experiments/scaling/agrum3/../../../experiments/scaling/agrum3/2026-07-30_14h34_sem_gaussian/graphs/CMIIC__v10_a15_g18_s1000.json,,0.7474957129998074,14.0,9.0,0.22222222222222224,0.608695652173913,0.2,0.4666666666666667
sem_gaussian,CPC,"{""alpha"": 0.05, ""max_conditioning_set_size"": 3}",10,15,3000,18,/home/mathis/Documents/Travail/cbnsl_benchmark/experiments/scaling/agrum3/../../../experiments/scaling/agrum3/2026-07-30_14h34_sem_gaussian/graphs/golden__v10_a15_g18.json,/home/mathis/Documents/Travail/cbnsl_benchmark/experiments/scaling/agrum3/../../../experiments/scaling/agrum3/2026-07-30_14h34_sem_gaussian/graphs/CPC__v10_a15_g18_s3000.json,,5.898689847999776,13.0,7.0,0.380952380952381,0.7407407407407408,0.4444444444444444,0.6666666666666666
sem_gaussian,CMIIC,"{""alpha"": 0.05}",10,15,3000,18,/home/mathis/Documents/Travail/cbnsl_benchmark/experiments/scaling/agrum3/../../../experiments/scaling/agrum3/2026-07-30_14h34_sem_gaussian/graphs/golden__v10_a15_g18.json,/home/mathis/Documents/Travail/cbnsl_benchmark/experiments/scaling/agrum3/../../../experiments/scaling/agrum3/2026-07-30_14h34_sem_gaussian/graphs/CMIIC__v10_a15_g18_s3000.json,,6.298961191001581,14.0,10.0,0.2222222222222222,0.5454545454545455,0.18181818181818182,0.4
sem_gaussian,CPC,"{""alpha"": 0.05, ""max_conditioning_set_size"": 3}",10,15,5000,18,/home/mathis/Documents/Travail/cbnsl_benchmark/experiments/scaling/agrum3/../../../experiments/scaling/agrum3/2026-07-30_14h34_sem_gaussian/graphs/golden__v10_a15_g18.json,/home/mathis/Documents/Travail/cbnsl_benchmark/experiments/scaling/agrum3/../../../experiments/scaling/agrum3/2026-07-30_14h34_sem_gaussian/graphs/CPC__v10_a15_g18_s5000.json,,23.928838275998714,14.0,7.0,0.3,0.7407407407407408,0.375,0.6666666666666666
sem_gaussian,CMIIC,"{""alpha"": 0.05}",10,15,5000,18,/home/mathis/Documents/Travail/cbnsl_benchmark/experiments/scaling/agrum3/../../../experiments/scaling/agrum3/2026-07-30_14h34_sem_gaussian/graphs/golden__v10_a15_g18.json,/home/mathis/Documents/Travail/cbnsl_benchmark/experiments/scaling/agrum3/../../../experiments/scaling/agrum3/2026-07-30_14h34_sem_gaussian/graphs/CMIIC__v10_a15_g18_s5000.json,,20.450723564001237,14.0,8.0,0.125,0.6363636363636364,0.1111111111111111,0.4666666666666667
sem_gaussian,CPC,"{""alpha"": 0.05, ""max_conditioning_set_size"": 3}",10,15,200,19,/home/mathis/Documents/Travail/cbnsl_benchmark/experiments/scaling/agrum3/../../../experiments/scaling/agrum3/2026-07-30_14h34_sem_gaussian/graphs/golden__v10_a15_g19.json,/home/mathis/Documents/Travail/cbnsl_benchmark/experiments/scaling/agrum3/../../../experiments/scaling/agrum3/2026-07-30_14h34_sem_gaussian/graphs/CPC__v10_a15_g19_s200.json,,0.014786514002480544,12.0,8.0,0.33333333333333326,0.6363636363636364,0.2727272727272727,0.4666666666666667
sem_gaussian,CMIIC,"{""alpha"": 0.05}",10,15,200,19,/home/mathis/Documents/Travail/cbnsl_benchmark/experiments/scaling/agrum3/../../../experiments/scaling/agrum3/2026-07-30_14h34_sem_gaussian/graphs/golden__v10_a15_g19.json,/home/mathis/Documents/Travail/cbnsl_benchmark/experiments/scaling/agrum3/../../../experiments/scaling/agrum3/2026-07-30_14h34_sem_gaussian/graphs/CMIIC__v10_a15_g19_s200.json,,0.08353287299905787,10.0,5.0,0.5,0.8,0.5,0.6666666666666666
sem_gaussian,CPC,"{""alpha"": 0.05, ""max_conditioning_set_size"": 3}",10,15,500,19,/home/mathis/Documents/Travail/cbnsl_benchmark/experiments/scaling/agrum3/../../../experiments/scaling/agrum3/2026-07-30_14h34_sem_gaussian/graphs/golden__v10_a15_g19.json,/home/mathis/Documents/Travail/cbnsl_benchmark/experiments/scaling/agrum3/../../../experiments/scaling/agrum3/2026-07-30_14h34_sem_gaussian/graphs/CPC__v10_a15_g19_s500.json,,0.20135220399970422,14.0,10.0,0.12500000000000003,0.5,0.09090909090909091,0.3333333333333333
sem_gaussian,CMIIC,"{""alpha"": 0.05}",10,15,500,19,/home/mathis/Documents/Travail/cbnsl_benchmark/experiments/scaling/agrum3/../../../experiments/scaling/agrum3/2026-07-30_14h34_sem_gaussian/graphs/golden__v10_a15_g19.json,/home/mathis/Documents/Travail/cbnsl_benchmark/experiments/scaling/agrum3/../../../experiments/scaling/agrum3/2026-07-30_14h34_sem_gaussian/graphs/CMIIC__v10_a15_g19_s500.json,,0.4487641270025051,10.0,5.0,0.5,0.8,0.5,0.6666666666666666
sem_gaussian,CPC,"{""alpha"": 0.05, ""max_conditioning_set_size"": 3}",10,15,1000,19,/home/mathis/Documents/Travail/cbnsl_benchmark/experiments/scaling/agrum3/../../../experiments/scaling/agrum3/2026-07-30_14h34_sem_gaussian/graphs/golden__v10_a15_g19.json,/home/mathis/Documents/Travail/cbnsl_benchmark/experiments/scaling/agrum3/../../../experiments/scaling/agrum3/2026-07-30_14h34_sem_gaussian/graphs/CPC__v10_a15_g19_s1000.json,,0.9457732150003721,15.0,6.0,0.0,0.7499999999999999,0.0,0.6
sem_gaussian,CMIIC,"{""alpha"": 0.05}",10,15,1000,19,/home/mathis/Documents/Travail/cbnsl_benchmark/experiments/scaling/agrum3/../../../experiments/scaling/agrum3/2026-07-30_14h34_sem_gaussian/graphs/golden__v10_a15_g19.json,/home/mathis/Documents/Travail/cbnsl_benchmark/experiments/scaling/agrum3/../../../experiments/scaling/agrum3/2026-07-30_14h34_sem_gaussian/graphs/CMIIC__v10_a15_g19_s1000.json,,1.0326556939980946,10.0,5.0,0.5,0.8,0.5,0.6666666666666666
sem_gaussian,CPC,"{""alpha"": 0.05, ""max_conditioning_set_size"": 3}",10,15,3000,19,/home/mathis/Documents/Travail/cbnsl_benchmark/experiments/scaling/agrum3/../../../experiments/scaling/agrum3/2026-07-30_14h34_sem_gaussian/graphs/golden__v10_a15_g19.json,/home/mathis/Documents/Travail/cbnsl_benchmark/experiments/scaling/agrum3/../../../experiments/scaling/agrum3/2026-07-30_14h34_sem_gaussian/graphs/CPC__v10_a15_g19_s3000.json,,12.16199097199933,11.0,5.0,0.4210526315789474,0.8,0.4444444444444444,0.6666666666666666
sem_gaussian,CMIIC,"{""alpha"": 0.05}",10,15,3000,19,/home/mathis/Documents/Travail/cbnsl_benchmark/experiments/scaling/agrum3/../../../experiments/scaling/agrum3/2026-07-30_14h34_sem_gaussian/graphs/golden__v10_a15_g19.json,/home/mathis/Documents/Travail/cbnsl_benchmark/experiments/scaling/agrum3/../../../experiments/scaling/agrum3/2026-07-30_14h34_sem_gaussian/graphs/CMIIC__v10_a15_g19_s3000.json,,7.731764645999647,10.0,5.0,0.5,0.8,0.5,0.6666666666666666
sem_gaussian,CPC,"{""alpha"": 0.05, ""max_conditioning_set_size"": 3}",10,15,5000,19,/home/mathis/Documents/Travail/cbnsl_benchmark/experiments/scaling/agrum3/../../../experiments/scaling/agrum3/2026-07-30_14h34_sem_gaussian/graphs/golden__v10_a15_g19.json,/home/mathis/Documents/Travail/cbnsl_benchmark/experiments/scaling/agrum3/../../../experiments/scaling/agrum3/2026-07-30_14h34_sem_gaussian/graphs/CPC__v10_a15_g19_s5000.json,,25.467560602999583,10.0,5.0,0.5,0.8,0.5,0.6666666666666666
sem_gaussian,CMIIC,"{""alpha"": 0.05}",10,15,5000,19,/home/mathis/Documents/Travail/cbnsl_benchmark/experiments/scaling/agrum3/../../../experiments/scaling/agrum3/2026-07-30_14h34_sem_gaussian/graphs/golden__v10_a15_g19.json,/home/mathis/Documents/Travail/cbnsl_benchmark/experiments/scaling/agrum3/../../../experiments/scaling/agrum3/2026-07-30_14h34_sem_gaussian/graphs/CMIIC__v10_a15_g19_s5000.json,,20.14659661299811,10.0,5.0,0.5,0.8,0.5,0.6666666666666666
sem_gaussian,CPC,"{""alpha"": 0.05, ""max_conditioning_set_size"": 3}",10,15,200,20,/home/mathis/Documents/Travail/cbnsl_benchmark/experiments/scaling/agrum3/../../../experiments/scaling/agrum3/2026-07-30_14h34_sem_gaussian/graphs/golden__v10_a15_g20.json,/home/mathis/Documents/Travail/cbnsl_benchmark/experiments/scaling/agrum3/../../../experiments/scaling/agrum3/2026-07-30_14h34_sem_gaussian/graphs/CPC__v10_a15_g20_s200.json,,0.01641533600195544,5.0,4.0,0.7058823529411764,0.7777777777777778,0.6,0.6363636363636364
sem_gaussian,CMIIC,"{""alpha"": 0.05}",10,15,200,20,/home/mathis/Documents/Travail/cbnsl_benchmark/experiments/scaling/agrum3/../../../experiments/scaling/agrum3/2026-07-30_14h34_sem_gaussian/graphs/golden__v10_a15_g20.json,/home/mathis/Documents/Travail/cbnsl_benchmark/experiments/scaling/agrum3/../../../experiments/scaling/agrum3/2026-07-30_14h34_sem_gaussian/graphs/CMIIC__v10_a15_g20_s200.json,,0.05628663599782158,8.0,1.0,0.4285714285714285,0.9523809523809523,0.75,0.9090909090909091
sem_gaussian,CPC,"{""alpha"": 0.05, ""max_conditioning_set_size"": 3}",10,15,500,20,/home/mathis/Documents/Travail/cbnsl_benchmark/experiments/scaling/agrum3/../../../experiments/scaling/agrum3/2026-07-30_14h34_sem_gaussian/graphs/golden__v10_a15_g20.json,/home/mathis/Documents/Travail/cbnsl_benchmark/experiments/scaling/agrum3/../../../experiments/scaling/agrum3/2026-07-30_14h34_sem_gaussian/graphs/CPC__v10_a15_g20_s500.json,,0.09181190399976913,9.0,5.0,0.30769230769230765,0.7058823529411764,0.2857142857142857,0.5454545454545454
sem_gaussian,CMIIC,"{""alpha"": 0.05}",10,15,500,20,/home/mathis/Documents/Travail/cbnsl_benchmark/experiments/scaling/agrum3/../../../experiments/scaling/agrum3/2026-07-30_14h34_sem_gaussian/graphs/golden__v10_a15_g20.json,/home/mathis/Documents/Travail/cbnsl_benchmark/experiments/scaling/agrum3/../../../experiments/scaling/agrum3/2026-07-30_14h34_sem_gaussian/graphs/CMIIC__v10_a15_g20_s500.json,,0.24228816200047731,8.0,1.0,0.4285714285714285,0.9523809523809523,0.75,0.9090909090909091
sem_gaussian,CPC,"{""alpha"": 0.05, ""max_conditioning_set_size"": 3}",10,15,1000,20,/home/mathis/Documents/Travail/cbnsl_benchmark/experiments/scaling/agrum3/../../../experiments/scaling/agrum3/2026-07-30_14h34_sem_gaussian/graphs/golden__v10_a15_g20.json,/home/mathis/Documents/Travail/cbnsl_benchmark/experiments/scaling/agrum3/../../../experiments/scaling/agrum3/2026-07-30_14h34_sem_gaussian/graphs/CPC__v10_a15_g20_s1000.json,,0.5512663070003327,8.0,5.0,0.42857142857142855,0.7058823529411764,0.375,0.5454545454545454
sem_gaussian,CMIIC,"{""alpha"": 0.05}",10,15,1000,20,/home/mathis/Documents/Travail/cbnsl_benchmark/experiments/scaling/agrum3/../../../experiments/scaling/agrum3/2026-07-30_14h34_sem_gaussian/graphs/golden__v10_a15_g20.json,/home/mathis/Documents/Travail/cbnsl_benchmark/experiments/scaling/agrum3/../../../experiments/scaling/agrum3/2026-07-30_14h34_sem_gaussian/graphs/CMIIC__v10_a15_g20_s1000.json,,0.7905661849981698,8.0,1.0,0.4285714285714285,0.9523809523809523,0.75,0.9090909090909091
sem_gaussian,CPC,"{""alpha"": 0.05, ""max_conditioning_set_size"": 3}",10,15,3000,20,/home/mathis/Documents/Travail/cbnsl_benchmark/experiments/scaling/agrum3/../../../experiments/scaling/agrum3/2026-07-30_14h34_sem_gaussian/graphs/golden__v10_a15_g20.json,/home/mathis/Documents/Travail/cbnsl_benchmark/experiments/scaling/agrum3/../../../experiments/scaling/agrum3/2026-07-30_14h34_sem_gaussian/graphs/CPC__v10_a15_g20_s3000.json,,4.987007316001836,8.0,0.0,0.42857142857142855,1.0,1.0,1.0
sem_gaussian,CMIIC,"{""alpha"": 0.05}",10,15,3000,20,/home/mathis/Documents/Travail/cbnsl_benchmark/experiments/scaling/agrum3/../../../experiments/scaling/agrum3/2026-07-30_14h34_sem_gaussian/graphs/golden__v10_a15_g20.json,/home/mathis/Documents/Travail/cbnsl_benchmark/experiments/scaling/agrum3/../../../experiments/scaling/agrum3/2026-07-30_14h34_sem_gaussian/graphs/CMIIC__v10_a15_g20_s3000.json,,6.411931442999048,8.0,0.0,0.42857142857142855,1.0,1.0,1.0
sem_gaussian,CPC,"{""alpha"": 0.05, ""max_conditioning_set_size"": 3}",10,15,5000,20,/home/mathis/Documents/Travail/cbnsl_benchmark/experiments/scaling/agrum3/../../../experiments/scaling/agrum3/2026-07-30_14h34_sem_gaussian/graphs/golden__v10_a15_g20.json,/home/mathis/Documents/Travail/cbnsl_benchmark/experiments/scaling/agrum3/../../../experiments/scaling/agrum3/2026-07-30_14h34_sem_gaussian/graphs/CPC__v10_a15_g20_s5000.json,,15.00951767999868,6.0,1.0,0.6666666666666666,0.9565217391304348,1.0,1.0
sem_gaussian,CMIIC,"{""alpha"": 0.05}",10,15,5000,20,/home/mathis/Documents/Travail/cbnsl_benchmark/experiments/scaling/agrum3/../../../experiments/scaling/agrum3/2026-07-30_14h34_sem_gaussian/graphs/golden__v10_a15_g20.json,/home/mathis/Documents/Travail/cbnsl_benchmark/experiments/scaling/agrum3/../../../experiments/scaling/agrum3/2026-07-30_14h34_sem_gaussian/graphs/CMIIC__v10_a15_g20_s5000.json,,17.463756631997967,3.0,0.0,0.8421052631578948,1.0,1.0,1.0
sem_gaussian,CPC,"{""alpha"": 0.05, ""max_conditioning_set_size"": 3}",10,15,200,21,/home/mathis/Documents/Travail/cbnsl_benchmark/experiments/scaling/agrum3/../../../experiments/scaling/agrum3/2026-07-30_14h34_sem_gaussian/graphs/golden__v10_a15_g21.json,/home/mathis/Documents/Travail/cbnsl_benchmark/experiments/scaling/agrum3/../../../experiments/scaling/agrum3/2026-07-30_14h34_sem_gaussian/graphs/CPC__v10_a15_g21_s200.json,,0.027717087999917567,15.0,14.0,0.0,0.125,0.0,0.06666666666666667
sem_gaussian,CMIIC,"{""alpha"": 0.05}",10,15,200,21,/home/mathis/Documents/Travail/cbnsl_benchmark/experiments/scaling/agrum3/../../../experiments/scaling/agrum3/2026-07-30_14h34_sem_gaussian/graphs/golden__v10_a15_g21.json,/home/mathis/Documents/Travail/cbnsl_benchmark/experiments/scaling/agrum3/../../../experiments/scaling/agrum3/2026-07-30_14h34_sem_gaussian/graphs/CMIIC__v10_a15_g21_s200.json,,0.06981225200070185,15.0,7.0,0.11764705882352941,0.7200000000000001,0.14285714285714285,0.6
sem_gaussian,CPC,"{""alpha"": 0.05, ""max_conditioning_set_size"": 3}",10,15,500,21,/home/mathis/Documents/Travail/cbnsl_benchmark/experiments/scaling/agrum3/../../../experiments/scaling/agrum3/2026-07-30_14h34_sem_gaussian/graphs/golden__v10_a15_g21.json,/home/mathis/Documents/Travail/cbnsl_benchmark/experiments/scaling/agrum3/../../../experiments/scaling/agrum3/2026-07-30_14h34_sem_gaussian/graphs/CPC__v10_a15_g21_s500.json,,0.17521101300008013,14.0,13.0,0.125,0.23529411764705882,0.07142857142857142,0.13333333333333333
sem_gaussian,CMIIC,"{""alpha"": 0.05}",10,15,500,21,/home/mathis/Documents/Travail/cbnsl_benchmark/experiments/scaling/agrum3/../../../experiments/scaling/agrum3/2026-07-30_14h34_sem_gaussian/graphs/golden__v10_a15_g21.json,/home/mathis/Documents/Travail/cbnsl_benchmark/experiments/scaling/agrum3/../../../experiments/scaling/agrum3/2026-07-30_14h34_sem_gaussian/graphs/CMIIC__v10_a15_g21_s500.json,,0.3733637240002281,15.0,6.0,0.11764705882352942,0.7692307692307692,0.16666666666666666,0.6666666666666666
sem_gaussian,CPC,"{""alpha"": 0.05, ""max_conditioning_set_size"": 3}",10,15,1000,21,/home/mathis/Documents/Travail/cbnsl_benchmark/experiments/scaling/agrum3/../../../experiments/scaling/agrum3/2026-07-30_14h34_sem_gaussian/graphs/golden__v10_a15_g21.json,/home/mathis/Documents/Travail/cbnsl_benchmark/experiments/scaling/agrum3/../../../experiments/scaling/agrum3/2026-07-30_14h34_sem_gaussian/graphs/CPC__v10_a15_g21_s1000.json,,0.8074876259997836,13.0,10.0,0.23529411764705882,0.5,0.16666666666666666,0.3333333333333333
sem_gaussian,CMIIC,"{""alpha"": 0.05}",10,15,1000,21,/home/mathis/Documents/Travail/cbnsl_benchmark/experiments/scaling/agrum3/../../../experiments/scaling/agrum3/2026-07-30_14h34_sem_gaussian/graphs/golden__v10_a15_g21.json,/home/mathis/Documents/Travail/cbnsl_benchmark/experiments/scaling/agrum3/../../../experiments/scaling/agrum3/2026-07-30_14h34_sem_gaussian/graphs/CMIIC__v10_a15_g21_s1000.json,,1.2672819269973843,14.0,4.0,0.12500000000000003,0.846153846153846,0.2,0.7333333333333333
sem_gaussian,CPC,"{""alpha"": 0.05, ""max_conditioning_set_size"": 3}",10,15,3000,21,/home/mathis/Documents/Travail/cbnsl_benchmark/experiments/scaling/agrum3/../../../experiments/scaling/agrum3/2026-07-30_14h34_sem_gaussian/graphs/golden__v10_a15_g21.json,/home/mathis/Documents/Travail/cbnsl_benchmark/experiments/scaling/agrum3/../../../experiments/scaling/agrum3/2026-07-30_14h34_sem_gaussian/graphs/CPC__v10_a15_g21_s3000.json,,10.795116432000214,13.0,4.0,0.23529411764705885,0.846153846153846,0.3333333333333333,0.7333333333333333
sem_gaussian,CMIIC,"{""alpha"": 0.05}",10,15,3000,21,/home/mathis/Documents/Travail/cbnsl_benchmark/experiments/scaling/agrum3/../../../experiments/scaling/agrum3/2026-07-30_14h34_sem_gaussian/graphs/golden__v10_a15_g21.json,/home/mathis/Documents/Travail/cbnsl_benchmark/experiments/scaling/agrum3/../../../experiments/scaling/agrum3/2026-07-30_14h34_sem_gaussian/graphs/CMIIC__v10_a15_g21_s3000.json,,9.879662291001296,14.0,4.0,0.12500000000000003,0.846153846153846,0.2,0.7333333333333333
sem_gaussian,CPC,"{""alpha"": 0.05, ""max_conditioning_set_size"": 3}",10,15,5000,21,/home/mathis/Documents/Travail/cbnsl_benchmark/experiments/scaling/agrum3/../../../experiments/scaling/agrum3/2026-07-30_14h34_sem_gaussian/graphs/golden__v10_a15_g21.json,/home/mathis/Documents/Travail/cbnsl_benchmark/experiments/scaling/agrum3/../../../experiments/scaling/agrum3/2026-07-30_14h34_sem_gaussian/graphs/CPC__v10_a15_g21_s5000.json,,35.30344341000091,8.0,4.0,0.6363636363636364,0.846153846153846,0.6363636363636364,0.7333333333333333
sem_gaussian,CMIIC,"{""alpha"": 0.05}",10,15,5000,21,/home/mathis/Documents/Travail/cbnsl_benchmark/experiments/scaling/agrum3/../../../experiments/scaling/agrum3/2026-07-30_14h34_sem_gaussian/graphs/golden__v10_a15_g21.json,/home/mathis/Documents/Travail/cbnsl_benchmark/experiments/scaling/agrum3/../../../experiments/scaling/agrum3/2026-07-30_14h34_sem_gaussian/graphs/CMIIC__v10_a15_g21_s5000.json,,27.0670134030006,14.0,4.0,0.12500000000000003,0.846153846153846,0.2,0.7333333333333333
sem_gaussian,CPC,"{""alpha"": 0.05, ""max_conditioning_set_size"": 3}",10,15,200,22,/home/mathis/Documents/Travail/cbnsl_benchmark/experiments/scaling/agrum3/../../../experiments/scaling/agrum3/2026-07-30_14h34_sem_gaussian/graphs/golden__v10_a15_g22.json,/home/mathis/Documents/Travail/cbnsl_benchmark/experiments/scaling/agrum3/../../../experiments/scaling/agrum3/2026-07-30_14h34_sem_gaussian/graphs/CPC__v10_a15_g22_s200.json,,0.03585513399957563,14.0,14.0,0.125,0.125,0.06666666666666667,0.06666666666666667
sem_gaussian,CMIIC,"{""alpha"": 0.05}",10,15,200,22,/home/mathis/Documents/Travail/cbnsl_benchmark/experiments/scaling/agrum3/../../../experiments/scaling/agrum3/2026-07-30_14h34_sem_gaussian/graphs/golden__v10_a15_g22.json,/home/mathis/Documents/Travail/cbnsl_benchmark/experiments/scaling/agrum3/../../../experiments/scaling/agrum3/2026-07-30_14h34_sem_gaussian/graphs/CMIIC__v10_a15_g22_s200.json,,0.1388595050011645,8.0,3.0,0.6363636363636365,0.888888888888889,0.7,0.8
sem_gaussian,CPC,"{""alpha"": 0.05, ""max_conditioning_set_size"": 3}",10,15,500,22,/home/mathis/Documents/Travail/cbnsl_benchmark/experiments/scaling/agrum3/../../../experiments/scaling/agrum3/2026-07-30_14h34_sem_gaussian/graphs/golden__v10_a15_g22.json,/home/mathis/Documents/Travail/cbnsl_benchmark/experiments/scaling/agrum3/../../../experiments/scaling/agrum3/2026-07-30_14h34_sem_gaussian/graphs/CPC__v10_a15_g22_s500.json,,0.19276538499980234,13.0,13.0,0.23529411764705882,0.23529411764705882,0.13333333333333333,0.13333333333333333
sem_gaussian,CMIIC,"{""alpha"": 0.05}",10,15,500,22,/home/mathis/Documents/Travail/cbnsl_benchmark/experiments/scaling/agrum3/../../../experiments/scaling/agrum3/2026-07-30_14h34_sem_gaussian/graphs/golden__v10_a15_g22.json,/home/mathis/Documents/Travail/cbnsl_benchmark/experiments/scaling/agrum3/../../../experiments/scaling/agrum3/2026-07-30_14h34_sem_gaussian/graphs/CMIIC__v10_a15_g22_s500.json,,0.4243475240000407,8.0,3.0,0.6363636363636365,0.888888888888889,0.7,0.8
sem_gaussian,CPC,"{""alpha"": 0.05, ""max_conditioning_set_size"": 3}",10,15,1000,22,/home/mathis/Documents/Travail/cbnsl_benchmark/experiments/scaling/agrum3/../../../experiments/scaling/agrum3/2026-07-30_14h34_sem_gaussian/graphs/golden__v10_a15_g22.json,/home/mathis/Documents/Travail/cbnsl_benchmark/experiments/scaling/agrum3/../../../experiments/scaling/agrum3/2026-07-30_14h34_sem_gaussian/graphs/CPC__v10_a15_g22_s1000.json,,1.2775654940014647,13.0,4.0,0.23529411764705885,0.846153846153846,0.3333333333333333,0.7333333333333333
sem_gaussian,CMIIC,"{""alpha"": 0.05}",10,15,1000,22,/home/mathis/Documents/Travail/cbnsl_benchmark/experiments/scaling/agrum3/../../../experiments/scaling/agrum3/2026-07-30_14h34_sem_gaussian/graphs/golden__v10_a15_g22.json,/home/mathis/Documents/Travail/cbnsl_benchmark/experiments/scaling/agrum3/../../../experiments/scaling/agrum3/2026-07-30_14h34_sem_gaussian/graphs/CMIIC__v10_a15_g22_s1000.json,,1.4344059949980874,8.0,4.0,0.6363636363636364,0.846153846153846,0.6363636363636364,0.7333333333333333
sem_gaussian,CPC,"{""alpha"": 0.05, ""max_conditioning_set_size"": 3}",10,15,3000,22,/home/mathis/Documents/Travail/cbnsl_benchmark/experiments/scaling/agrum3/../../../experiments/scaling/agrum3/2026-07-30_14h34_sem_gaussian/graphs/golden__v10_a15_g22.json,/home/mathis/Documents/Travail/cbnsl_benchmark/experiments/scaling/agrum3/../../../experiments/scaling/agrum3/2026-07-30_14h34_sem_gaussian/graphs/CPC__v10_a15_g22_s3000.json,,12.896169802999793,11.0,4.0,0.4210526315789474,0.846153846153846,0.5,0.7333333333333333
sem_gaussian,CMIIC,"{""alpha"": 0.05}",10,15,3000,22,/home/mathis/Documents/Travail/cbnsl_benchmark/experiments/scaling/agrum3/../../../experiments/scaling/agrum3/2026-07-30_14h34_sem_gaussian/graphs/golden__v10_a15_g22.json,/home/mathis/Documents/Travail/cbnsl_benchmark/experiments/scaling/agrum3/../../../experiments/scaling/agrum3/2026-07-30_14h34_sem_gaussian/graphs/CMIIC__v10_a15_g22_s3000.json,,10.373666757001047,8.0,4.0,0.6363636363636364,0.846153846153846,0.6363636363636364,0.7333333333333333
sem_gaussian,CPC,"{""alpha"": 0.05, ""max_conditioning_set_size"": 3}",10,15,5000,22,/home/mathis/Documents/Travail/cbnsl_benchmark/experiments/scaling/agrum3/../../../experiments/scaling/agrum3/2026-07-30_14h34_sem_gaussian/graphs/golden__v10_a15_g22.json,/home/mathis/Documents/Travail/cbnsl_benchmark/experiments/scaling/agrum3/../../../experiments/scaling/agrum3/2026-07-30_14h34_sem_gaussian/graphs/CPC__v10_a15_g22_s5000.json,,41.76527752400216,9.0,4.0,0.5714285714285713,0.846153846153846,0.6,0.7333333333333333
sem_gaussian,CMIIC,"{""alpha"": 0.05}",10,15,5000,22,/home/mathis/Documents/Travail/cbnsl_benchmark/experiments/scaling/agrum3/../../../experiments/scaling/agrum3/2026-07-30_14h34_sem_gaussian/graphs/golden__v10_a15_g22.json,/home/mathis/Documents/Travail/cbnsl_benchmark/experiments/scaling/agrum3/../../../experiments/scaling/agrum3/2026-07-30_14h34_sem_gaussian/graphs/CMIIC__v10_a15_g22_s5000.json,,28.392828730000474,8.0,4.0,0.6363636363636364,0.846153846153846,0.6363636363636364,0.7333333333333333
sem_gaussian,CPC,"{""alpha"": 0.05, ""max_conditioning_set_size"": 3}",10,15,200,23,/home/mathis/Documents/Travail/cbnsl_benchmark/experiments/scaling/agrum3/../../../experiments/scaling/agrum3/2026-07-30_14h34_sem_gaussian/graphs/golden__v10_a15_g23.json,/home/mathis/Documents/Travail/cbnsl_benchmark/experiments/scaling/agrum3/../../../experiments/scaling/agrum3/2026-07-30_14h34_sem_gaussian/graphs/CPC__v10_a15_g23_s200.json,,0.020484221997321583,15.0,11.0,0.0,0.4210526315789474,0.0,0.26666666666666666
sem_gaussian,CMIIC,"{""alpha"": 0.05}",10,15,200,23,/home/mathis/Documents/Travail/cbnsl_benchmark/experiments/scaling/agrum3/../../../experiments/scaling/agrum3/2026-07-30_14h34_sem_gaussian/graphs/golden__v10_a15_g23.json,/home/mathis/Documents/Travail/cbnsl_benchmark/experiments/scaling/agrum3/../../../experiments/scaling/agrum3/2026-07-30_14h34_sem_gaussian/graphs/CMIIC__v10_a15_g23_s200.json,,0.07184302699897671,12.0,8.0,0.39999999999999997,0.6666666666666667,0.36363636363636365,0.5333333333333333
sem_gaussian,CPC,"{""alpha"": 0.05, ""max_conditioning_set_size"": 3}",10,15,500,23,/home/mathis/Documents/Travail/cbnsl_benchmark/experiments/scaling/agrum3/../../../experiments/scaling/agrum3/2026-07-30_14h34_sem_gaussian/graphs/golden__v10_a15_g23.json,/home/mathis/Documents/Travail/cbnsl_benchmark/experiments/scaling/agrum3/../../../experiments/scaling/agrum3/2026-07-30_14h34_sem_gaussian/graphs/CPC__v10_a15_g23_s500.json,,0.14472840700182132,12.0,12.0,0.33333333333333337,0.33333333333333337,0.2,0.2
sem_gaussian,CMIIC,"{""alpha"": 0.05}",10,15,500,23,/home/mathis/Documents/Travail/cbnsl_benchmark/experiments/scaling/agrum3/../../../experiments/scaling/agrum3/2026-07-30_14h34_sem_gaussian/graphs/golden__v10_a15_g23.json,/home/mathis/Documents/Travail/cbnsl_benchmark/experiments/scaling/agrum3/../../../experiments/scaling/agrum3/2026-07-30_14h34_sem_gaussian/graphs/CMIIC__v10_a15_g23_s500.json,,0.2993691010015027,11.0,7.0,0.47619047619047616,0.7200000000000001,0.45454545454545453,0.6
sem_gaussian,CPC,"{""alpha"": 0.05, ""max_conditioning_set_size"": 3}",10,15,1000,23,/home/mathis/Documents/Travail/cbnsl_benchmark/experiments/scaling/agrum3/../../../experiments/scaling/agrum3/2026-07-30_14h34_sem_gaussian/graphs/golden__v10_a15_g23.json,/home/mathis/Documents/Travail/cbnsl_benchmark/experiments/scaling/agrum3/../../../experiments/scaling/agrum3/2026-07-30_14h34_sem_gaussian/graphs/CPC__v10_a15_g23_s1000.json,,0.7272592909976083,12.0,9.0,0.3333333333333333,0.5714285714285715,0.25,0.4
sem_gaussian,CMIIC,"{""alpha"": 0.05}",10,15,1000,23,/home/mathis/Documents/Travail/cbnsl_benchmark/experiments/scaling/agrum3/../../../experiments/scaling/agrum3/2026-07-30_14h34_sem_gaussian/graphs/golden__v10_a15_g23.json,/home/mathis/Documents/Travail/cbnsl_benchmark/experiments/scaling/agrum3/../../../experiments/scaling/agrum3/2026-07-30_14h34_sem_gaussian/graphs/CMIIC__v10_a15_g23_s1000.json,,1.1629480350020458,11.0,6.0,0.47619047619047616,0.7692307692307692,0.5,0.6666666666666666
sem_gaussian,CPC,"{""alpha"": 0.05, ""max_conditioning_set_size"": 3}",10,15,3000,23,/home/mathis/Documents/Travail/cbnsl_benchmark/experiments/scaling/agrum3/../../../experiments/scaling/agrum3/2026-07-30_14h34_sem_gaussian/graphs/golden__v10_a15_g23.json,/home/mathis/Documents/Travail/cbnsl_benchmark/experiments/scaling/agrum3/../../../experiments/scaling/agrum3/2026-07-30_14h34_sem_gaussian/graphs/CPC__v10_a15_g23_s3000.json,,7.261872533999849,13.0,5.0,0.3157894736842105,0.8148148148148148,0.42857142857142855,0.7333333333333333
sem_gaussian,CMIIC,"{""alpha"": 0.05}",10,15,3000,23,/home/mathis/Documents/Travail/cbnsl_benchmark/experiments/scaling/agrum3/../../../experiments/scaling/agrum3/2026-07-30_14h34_sem_gaussian/graphs/golden__v10_a15_g23.json,/home/mathis/Documents/Travail/cbnsl_benchmark/experiments/scaling/agrum3/../../../experiments/scaling/agrum3/2026-07-30_14h34_sem_gaussian/graphs/CMIIC__v10_a15_g23_s3000.json,,8.984429439999076,11.0,6.0,0.47619047619047616,0.7692307692307692,0.5,0.6666666666666666
sem_gaussian,CPC,"{""alpha"": 0.05, ""max_conditioning_set_size"": 3}",10,15,5000,23,/home/mathis/Documents/Travail/cbnsl_benchmark/experiments/scaling/agrum3/../../../experiments/scaling/agrum3/2026-07-30_14h34_sem_gaussian/graphs/golden__v10_a15_g23.json,/home/mathis/Documents/Travail/cbnsl_benchmark/experiments/scaling/agrum3/../../../experiments/scaling/agrum3/2026-07-30_14h34_sem_gaussian/graphs/CPC__v10_a15_g23_s5000.json,,27.16095412499999,13.0,3.0,0.3157894736842105,0.896551724137931,0.6,0.8666666666666667
sem_gaussian,CMIIC,"{""alpha"": 0.05}",10,15,5000,23,/home/mathis/Documents/Travail/cbnsl_benchmark/experiments/scaling/agrum3/../../../experiments/scaling/agrum3/2026-07-30_14h34_sem_gaussian/graphs/golden__v10_a15_g23.json,/home/mathis/Documents/Travail/cbnsl_benchmark/experiments/scaling/agrum3/../../../experiments/scaling/agrum3/2026-07-30_14h34_sem_gaussian/graphs/CMIIC__v10_a15_g23_s5000.json,,31.540030027998,12.0,7.0,0.4000000000000001,0.7200000000000001,0.4,0.6
sem_gaussian,CPC,"{""alpha"": 0.05, ""max_conditioning_set_size"": 3}",10,15,200,24,/home/mathis/Documents/Travail/cbnsl_benchmark/experiments/scaling/agrum3/../../../experiments/scaling/agrum3/2026-07-30_14h34_sem_gaussian/graphs/golden__v10_a15_g24.json,/home/mathis/Documents/Travail/cbnsl_benchmark/experiments/scaling/agrum3/../../../experiments/scaling/agrum3/2026-07-30_14h34_sem_gaussian/graphs/CPC__v10_a15_g24_s200.json,,0.053137932998652104,11.0,11.0,0.0,0.0,0.0,0.0
sem_gaussian,CMIIC,"{""alpha"": 0.05}",10,15,200,24,/home/mathis/Documents/Travail/cbnsl_benchmark/experiments/scaling/agrum3/../../../experiments/scaling/agrum3/2026-07-30_14h34_sem_gaussian/graphs/golden__v10_a15_g24.json,/home/mathis/Documents/Travail/cbnsl_benchmark/experiments/scaling/agrum3/../../../experiments/scaling/agrum3/2026-07-30_14h34_sem_gaussian/graphs/CMIIC__v10_a15_g24_s200.json,,0.223053739999159,6.0,1.0,0.625,0.9523809523809523,0.8333333333333334,0.9090909090909091
sem_gaussian,CPC,"{""alpha"": 0.05, ""max_conditioning_set_size"": 3}",10,15,500,24,/home/mathis/Documents/Travail/cbnsl_benchmark/experiments/scaling/agrum3/../../../experiments/scaling/agrum3/2026-07-30_14h34_sem_gaussian/graphs/golden__v10_a15_g24.json,/home/mathis/Documents/Travail/cbnsl_benchmark/experiments/scaling/agrum3/../../../experiments/scaling/agrum3/2026-07-30_14h34_sem_gaussian/graphs/CPC__v10_a15_g24_s500.json,,0.26208801299799234,8.0,5.0,0.42857142857142855,0.7058823529411764,0.375,0.5454545454545454
sem_gaussian,CMIIC,"{""alpha"": 0.05}",10,15,500,24,/home/mathis/Documents/Travail/cbnsl_benchmark/experiments/scaling/agrum3/../../../experiments/scaling/agrum3/2026-07-30_14h34_sem_gaussian/graphs/golden__v10_a15_g24.json,/home/mathis/Documents/Travail/cbnsl_benchmark/experiments/scaling/agrum3/../../../experiments/scaling/agrum3/2026-07-30_14h34_sem_gaussian/graphs/CMIIC__v10_a15_g24_s500.json,,0.7343269689990848,3.0,0.0,0.8421052631578948,1.0,1.0,1.0
sem_gaussian,CPC,"{""alpha"": 0.05, ""max_conditioning_set_size"": 3}",10,15,1000,24,/home/mathis/Documents/Travail/cbnsl_benchmark/experiments/scaling/agrum3/../../../experiments/scaling/agrum3/2026-07-30_14h34_sem_gaussian/graphs/golden__v10_a15_g24.json,/home/mathis/Documents/Travail/cbnsl_benchmark/experiments/scaling/agrum3/../../../experiments/scaling/agrum3/2026-07-30_14h34_sem_gaussian/graphs/CPC__v10_a15_g24_s1000.json,,1.3012882740003988,8.0,1.0,0.4285714285714285,0.9523809523809523,0.75,0.9090909090909091
sem_gaussian,CMIIC,"{""alpha"": 0.05}",10,15,1000,24,/home/mathis/Documents/Travail/cbnsl_benchmark/experiments/scaling/agrum3/../../../experiments/scaling/agrum3/2026-07-30_14h34_sem_gaussian/graphs/golden__v10_a15_g24.json,/home/mathis/Documents/Travail/cbnsl_benchmark/experiments/scaling/agrum3/../../../experiments/scaling/agrum3/2026-07-30_14h34_sem_gaussian/graphs/CMIIC__v10_a15_g24_s1000.json,,2.159277339000255,3.0,0.0,0.8421052631578948,1.0,1.0,1.0
sem_gaussian,CPC,"{""alpha"": 0.05, ""max_conditioning_set_size"": 3}",10,15,3000,24,/home/mathis/Documents/Travail/cbnsl_benchmark/experiments/scaling/agrum3/../../../experiments/scaling/agrum3/2026-07-30_14h34_sem_gaussian/graphs/golden__v10_a15_g24.json,/home/mathis/Documents/Travail/cbnsl_benchmark/experiments/scaling/agrum3/../../../experiments/scaling/agrum3/2026-07-30_14h34_sem_gaussian/graphs/CPC__v10_a15_g24_s3000.json,,13.66201115000149,5.0,0.0,0.7058823529411764,1.0,1.0,1.0
sem_gaussian,CMIIC,"{""alpha"": 0.05}",10,15,3000,24,/home/mathis/Documents/Travail/cbnsl_benchmark/experiments/scaling/agrum3/../../../experiments/scaling/agrum3/2026-07-30_14h34_sem_gaussian/graphs/golden__v10_a15_g24.json,/home/mathis/Documents/Travail/cbnsl_benchmark/experiments/scaling/agrum3/../../../experiments/scaling/agrum3/2026-07-30_14h34_sem_gaussian/graphs/CMIIC__v10_a15_g24_s3000.json,,9.264541391999956,3.0,0.0,0.8421052631578948,1.0,1.0,1.0
sem_gaussian,CPC,"{""alpha"": 0.05, ""max_conditioning_set_size"": 3}",10,15,5000,24,/home/mathis/Documents/Travail/cbnsl_benchmark/experiments/scaling/agrum3/../../../experiments/scaling/agrum3/2026-07-30_14h34_sem_gaussian/graphs/golden__v10_a15_g24.json,/home/mathis/Documents/Travail/cbnsl_benchmark/experiments/scaling/agrum3/../../../experiments/scaling/agrum3/2026-07-30_14h34_sem_gaussian/graphs/CPC__v10_a15_g24_s5000.json,,27.97635423199972,7.0,0.0,0.5333333333333333,1.0,1.0,1.0
sem_gaussian,CMIIC,"{""alpha"": 0.05}",10,15,5000,24,/home/mathis/Documents/Travail/cbnsl_benchmark/experiments/scaling/agrum3/../../../experiments/scaling/agrum3/2026-07-30_14h34_sem_gaussian/graphs/golden__v10_a15_g24.json,/home/mathis/Documents/Travail/cbnsl_benchmark/experiments/scaling/agrum3/../../../experiments/scaling/agrum3/2026-07-30_14h34_sem_gaussian/graphs/CMIIC__v10_a15_g24_s5000.json,,22.639652907997515,3.0,0.0,0.8421052631578948,1.0,1.0,1.0
sem_gaussian,CPC,"{""alpha"": 0.05, ""max_conditioning_set_size"": 3}",10,15,200,25,/home/mathis/Documents/Travail/cbnsl_benchmark/experiments/scaling/agrum3/../../../experiments/scaling/agrum3/2026-07-30_14h34_sem_gaussian/graphs/golden__v10_a15_g25.json,/home/mathis/Documents/Travail/cbnsl_benchmark/experiments/scaling/agrum3/../../../experiments/scaling/agrum3/2026-07-30_14h34_sem_gaussian/graphs/CPC__v10_a15_g25_s200.json,,0.026522468000621302,12.0,11.0,0.3333333333333333,0.4210526315789474,0.21428571428571427,0.26666666666666666
sem_gaussian,CMIIC,"{""alpha"": 0.05}",10,15,200,25,/home/mathis/Documents/Travail/cbnsl_benchmark/experiments/scaling/agrum3/../../../experiments/scaling/agrum3/2026-07-30_14h34_sem_gaussian/graphs/golden__v10_a15_g25.json,/home/mathis/Documents/Travail/cbnsl_benchmark/experiments/scaling/agrum3/../../../experiments/scaling/agrum3/2026-07-30_14h34_sem_gaussian/graphs/CMIIC__v10_a15_g25_s200.json,,0.0787079959991388,9.0,5.0,0.5714285714285713,0.8,0.5454545454545454,0.6666666666666666
sem_gaussian,CPC,"{""alpha"": 0.05, ""max_conditioning_set_size"": 3}",10,15,500,25,/home/mathis/Documents/Travail/cbnsl_benchmark/experiments/scaling/agrum3/../../../experiments/scaling/agrum3/2026-07-30_14h34_sem_gaussian/graphs/golden__v10_a15_g25.json,/home/mathis/Documents/Travail/cbnsl_benchmark/experiments/scaling/agrum3/../../../experiments/scaling/agrum3/2026-07-30_14h34_sem_gaussian/graphs/CPC__v10_a15_g25_s500.json,,0.12901575599971693,13.0,10.0,0.23529411764705882,0.5,0.16666666666666666,0.3333333333333333
sem_gaussian,CMIIC,"{""alpha"": 0.05}",10,15,500,25,/home/mathis/Documents/Travail/cbnsl_benchmark/experiments/scaling/agrum3/../../../experiments/scaling/agrum3/2026-07-30_14h34_sem_gaussian/graphs/golden__v10_a15_g25.json,/home/mathis/Documents/Travail/cbnsl_benchmark/experiments/scaling/agrum3/../../../experiments/scaling/agrum3/2026-07-30_14h34_sem_gaussian/graphs/CMIIC__v10_a15_g25_s500.json,,0.3234419100008381,9.0,6.0,0.5714285714285715,0.7499999999999999,0.5,0.6
sem_gaussian,CPC,"{""alpha"": 0.05, ""max_conditioning_set_size"": 3}",10,15,1000,25,/home/mathis/Documents/Travail/cbnsl_benchmark/experiments/scaling/agrum3/../../../experiments/scaling/agrum3/2026-07-30_14h34_sem_gaussian/graphs/golden__v10_a15_g25.json,/home/mathis/Documents/Travail/cbnsl_benchmark/experiments/scaling/agrum3/../../../experiments/scaling/agrum3/2026-07-30_14h34_sem_gaussian/graphs/CPC__v10_a15_g25_s1000.json,,0.714863097997295,15.0,6.0,0.0,0.7499999999999999,0.0,0.6
sem_gaussian,CMIIC,"{""alpha"": 0.05}",10,15,1000,25,/home/mathis/Documents/Travail/cbnsl_benchmark/experiments/scaling/agrum3/../../../experiments/scaling/agrum3/2026-07-30_14h34_sem_gaussian/graphs/golden__v10_a15_g25.json,/home/mathis/Documents/Travail/cbnsl_benchmark/experiments/scaling/agrum3/../../../experiments/scaling/agrum3/2026-07-30_14h34_sem_gaussian/graphs/CMIIC__v10_a15_g25_s1000.json,,1.1330807300000743,9.0,6.0,0.5714285714285715,0.7499999999999999,0.5,0.6
sem_gaussian,CPC,"{""alpha"": 0.05, ""max_conditioning_set_size"": 3}",10,15,3000,25,/home/mathis/Documents/Travail/cbnsl_benchmark/experiments/scaling/agrum3/../../../experiments/scaling/agrum3/2026-07-30_14h34_sem_gaussian/graphs/golden__v10_a15_g25.json,/home/mathis/Documents/Travail/cbnsl_benchmark/experiments/scaling/agrum3/../../../experiments/scaling/agrum3/2026-07-30_14h34_sem_gaussian/graphs/CPC__v10_a15_g25_s3000.json,,11.247055892999924,10.0,4.0,0.5,0.846153846153846,0.5555555555555556,0.7333333333333333
sem_gaussian,CMIIC,"{""alpha"": 0.05}",10,15,3000,25,/home/mathis/Documents/Travail/cbnsl_benchmark/experiments/scaling/agrum3/../../../experiments/scaling/agrum3/2026-07-30_14h34_sem_gaussian/graphs/golden__v10_a15_g25.json,/home/mathis/Documents/Travail/cbnsl_benchmark/experiments/scaling/agrum3/../../../experiments/scaling/agrum3/2026-07-30_14h34_sem_gaussian/graphs/CMIIC__v10_a15_g25_s3000.json,,14.810934750999877,9.0,5.0,0.5714285714285713,0.8,0.5454545454545454,0.6666666666666666
sem_gaussian,CPC,"{""alpha"": 0.05, ""max_conditioning_set_size"": 3}",10,15,5000,25,/home/mathis/Documents/Travail/cbnsl_benchmark/experiments/scaling/agrum3/../../../experiments/scaling/agrum3/2026-07-30_14h34_sem_gaussian/graphs/golden__v10_a15_g25.json,/home/mathis/Documents/Travail/cbnsl_benchmark/experiments/scaling/agrum3/../../../experiments/scaling/agrum3/2026-07-30_14h34_sem_gaussian/graphs/CPC__v10_a15_g25_s5000.json,,35.791796852001426,10.0,4.0,0.5,0.846153846153846,0.5555555555555556,0.7333333333333333
sem_gaussian,CMIIC,"{""alpha"": 0.05}",10,15,5000,25,/home/mathis/Documents/Travail/cbnsl_benchmark/experiments/scaling/agrum3/../../../experiments/scaling/agrum3/2026-07-30_14h34_sem_gaussian/graphs/golden__v10_a15_g25.json,/home/mathis/Documents/Travail/cbnsl_benchmark/experiments/scaling/agrum3/../../../experiments/scaling/agrum3/2026-07-30_14h34_sem_gaussian/graphs/CMIIC__v10_a15_g25_s5000.json,,34.016057496999565,8.0,6.0,0.6363636363636364,0.7499999999999999,0.5384615384615384,0.6
sem_gaussian,CPC,"{""alpha"": 0.05, ""max_conditioning_set_size"": 3}",10,15,200,26,/home/mathis/Documents/Travail/cbnsl_benchmark/experiments/scaling/agrum3/../../../experiments/scaling/agrum3/2026-07-30_14h34_sem_gaussian/graphs/golden__v10_a15_g26.json,/home/mathis/Documents/Travail/cbnsl_benchmark/experiments/scaling/agrum3/../../../experiments/scaling/agrum3/2026-07-30_14h34_sem_gaussian/graphs/CPC__v10_a15_g26_s200.json,,0.025951974999770755,14.0,13.0,0.125,0.23529411764705882,0.07142857142857142,0.13333333333333333
sem_gaussian,CMIIC,"{""alpha"": 0.05}",10,15,200,26,/home/mathis/Documents/Travail/cbnsl_benchmark/experiments/scaling/agrum3/../../../experiments/scaling/agrum3/2026-07-30_14h34_sem_gaussian/graphs/golden__v10_a15_g26.json,/home/mathis/Documents/Travail/cbnsl_benchmark/experiments/scaling/agrum3/../../../experiments/scaling/agrum3/2026-07-30_14h34_sem_gaussian/graphs/CMIIC__v10_a15_g26_s200.json,,0.09286966299987398,13.0,6.0,0.23529411764705882,0.7499999999999999,0.25,0.6
sem_gaussian,CPC,"{""alpha"": 0.05, ""max_conditioning_set_size"": 3}",10,15,500,26,/home/mathis/Documents/Travail/cbnsl_benchmark/experiments/scaling/agrum3/../../../experiments/scaling/agrum3/2026-07-30_14h34_sem_gaussian/graphs/golden__v10_a15_g26.json,/home/mathis/Documents/Travail/cbnsl_benchmark/experiments/scaling/agrum3/../../../experiments/scaling/agrum3/2026-07-30_14h34_sem_gaussian/graphs/CPC__v10_a15_g26_s500.json,,0.17915466300109983,14.0,12.0,0.125,0.33333333333333337,0.07692307692307693,0.2
sem_gaussian,CMIIC,"{""alpha"": 0.05}",10,15,500,26,/home/mathis/Documents/Travail/cbnsl_benchmark/experiments/scaling/agrum3/../../../experiments/scaling/agrum3/2026-07-30_14h34_sem_gaussian/graphs/golden__v10_a15_g26.json,/home/mathis/Documents/Travail/cbnsl_benchmark/experiments/scaling/agrum3/../../../experiments/scaling/agrum3/2026-07-30_14h34_sem_gaussian/graphs/CMIIC__v10_a15_g26_s500.json,,0.32039617899863515,13.0,6.0,0.23529411764705882,0.7499999999999999,0.25,0.6
sem_gaussian,CPC,"{""alpha"": 0.05, ""max_conditioning_set_size"": 3}",10,15,1000,26,/home/mathis/Documents/Travail/cbnsl_benchmark/experiments/scaling/agrum3/../../../experiments/scaling/agrum3/2026-07-30_14h34_sem_gaussian/graphs/golden__v10_a15_g26.json,/home/mathis/Documents/Travail/cbnsl_benchmark/experiments/scaling/agrum3/../../../experiments/scaling/agrum3/2026-07-30_14h34_sem_gaussian/graphs/CPC__v10_a15_g26_s1000.json,,0.8101345039976877,14.0,8.0,0.125,0.6363636363636364,0.1111111111111111,0.4666666666666667
sem_gaussian,CMIIC,"{""alpha"": 0.05}",10,15,1000,26,/home/mathis/Documents/Travail/cbnsl_benchmark/experiments/scaling/agrum3/../../../experiments/scaling/agrum3/2026-07-30_14h34_sem_gaussian/graphs/golden__v10_a15_g26.json,/home/mathis/Documents/Travail/cbnsl_benchmark/experiments/scaling/agrum3/../../../experiments/scaling/agrum3/2026-07-30_14h34_sem_gaussian/graphs/CMIIC__v10_a15_g26_s1000.json,,1.111908790000598,13.0,5.0,0.23529411764705882,0.8,0.2857142857142857,0.6666666666666666
sem_gaussian,CPC,"{""alpha"": 0.05, ""max_conditioning_set_size"": 3}",10,15,3000,26,/home/mathis/Documents/Travail/cbnsl_benchmark/experiments/scaling/agrum3/../../../experiments/scaling/agrum3/2026-07-30_14h34_sem_gaussian/graphs/golden__v10_a15_g26.json,/home/mathis/Documents/Travail/cbnsl_benchmark/experiments/scaling/agrum3/../../../experiments/scaling/agrum3/2026-07-30_14h34_sem_gaussian/graphs/CPC__v10_a15_g26_s3000.json,,8.034406498998578,14.0,6.0,0.2222222222222222,0.7692307692307692,0.2857142857142857,0.6666666666666666
sem_gaussian,CMIIC,"{""alpha"": 0.05}",10,15,3000,26,/home/mathis/Documents/Travail/cbnsl_benchmark/experiments/scaling/agrum3/../../../experiments/scaling/agrum3/2026-07-30_14h34_sem_gaussian/graphs/golden__v10_a15_g26.json,/home/mathis/Documents/Travail/cbnsl_benchmark/experiments/scaling/agrum3/../../../experiments/scaling/agrum3/2026-07-30_14h34_sem_gaussian/graphs/CMIIC__v10_a15_g26_s3000.json,,8.477236697999615,13.0,5.0,0.23529411764705882,0.8,0.2857142857142857,0.6666666666666666
sem_gaussian,CPC,"{""alpha"": 0.05, ""max_conditioning_set_size"": 3}",10,15,5000,26,/home/mathis/Documents/Travail/cbnsl_benchmark/experiments/scaling/agrum3/../../../experiments/scaling/agrum3/2026-07-30_14h34_sem_gaussian/graphs/golden__v10_a15_g26.json,/home/mathis/Documents/Travail/cbnsl_benchmark/experiments/scaling/agrum3/../../../experiments/scaling/agrum3/2026-07-30_14h34_sem_gaussian/graphs/CPC__v10_a15_g26_s5000.json,,21.862185621001117,11.0,6.0,0.47619047619047616,0.7692307692307692,0.5,0.6666666666666666
sem_gaussian,CMIIC,"{""alpha"": 0.05}",10,15,5000,26,/home/mathis/Documents/Travail/cbnsl_benchmark/experiments/scaling/agrum3/../../../experiments/scaling/agrum3/2026-07-30_14h34_sem_gaussian/graphs/golden__v10_a15_g26.json,/home/mathis/Documents/Travail/cbnsl_benchmark/experiments/scaling/agrum3/../../../experiments/scaling/agrum3/2026-07-30_14h34_sem_gaussian/graphs/CMIIC__v10_a15_g26_s5000.json,,21.623049434001587,10.0,5.0,0.5,0.8,0.5,0.6666666666666666
sem_gaussian,CPC,"{""alpha"": 0.05, ""max_conditioning_set_size"": 3}",10,15,200,27,/home/mathis/Documents/Travail/cbnsl_benchmark/experiments/scaling/agrum3/../../../experiments/scaling/agrum3/2026-07-30_14h34_sem_gaussian/graphs/golden__v10_a15_g27.json,/home/mathis/Documents/Travail/cbnsl_benchmark/experiments/scaling/agrum3/../../../experiments/scaling/agrum3/2026-07-30_14h34_sem_gaussian/graphs/CPC__v10_a15_g27_s200.json,,0.017835954000474885,14.0,9.0,0.125,0.5714285714285715,0.1,0.4
sem_gaussian,CMIIC,"{""alpha"": 0.05}",10,15,200,27,/home/mathis/Documents/Travail/cbnsl_benchmark/experiments/scaling/agrum3/../../../experiments/scaling/agrum3/2026-07-30_14h34_sem_gaussian/graphs/golden__v10_a15_g27.json,/home/mathis/Documents/Travail/cbnsl_benchmark/experiments/scaling/agrum3/../../../experiments/scaling/agrum3/2026-07-30_14h34_sem_gaussian/graphs/CMIIC__v10_a15_g27_s200.json,,0.07418495800084202,13.0,7.0,0.23529411764705882,0.6956521739130436,0.2222222222222222,0.5333333333333333
sem_gaussian,CPC,"{""alpha"": 0.05, ""max_conditioning_set_size"": 3}",10,15,500,27,/home/mathis/Documents/Travail/cbnsl_benchmark/experiments/scaling/agrum3/../../../experiments/scaling/agrum3/2026-07-30_14h34_sem_gaussian/graphs/golden__v10_a15_g27.json,/home/mathis/Documents/Travail/cbnsl_benchmark/experiments/scaling/agrum3/../../../experiments/scaling/agrum3/2026-07-30_14h34_sem_gaussian/graphs/CPC__v10_a15_g27_s500.json,,0.14325744199959445,12.0,8.0,0.33333333333333326,0.6363636363636364,0.2727272727272727,0.4666666666666667
sem_gaussian,CMIIC,"{""alpha"": 0.05}",10,15,500,27,/home/mathis/Documents/Travail/cbnsl_benchmark/experiments/scaling/agrum3/../../../experiments/scaling/agrum3/2026-07-30_14h34_sem_gaussian/graphs/golden__v10_a15_g27.json,/home/mathis/Documents/Travail/cbnsl_benchmark/experiments/scaling/agrum3/../../../experiments/scaling/agrum3/2026-07-30_14h34_sem_gaussian/graphs/CMIIC__v10_a15_g27_s500.json,,0.39654624400282046,13.0,5.0,0.23529411764705882,0.8,0.2857142857142857,0.6666666666666666
sem_gaussian,CPC,"{""alpha"": 0.05, ""max_conditioning_set_size"": 3}",10,15,1000,27,/home/mathis/Documents/Travail/cbnsl_benchmark/experiments/scaling/agrum3/../../../experiments/scaling/agrum3/2026-07-30_14h34_sem_gaussian/graphs/golden__v10_a15_g27.json,/home/mathis/Documents/Travail/cbnsl_benchmark/experiments/scaling/agrum3/../../../experiments/scaling/agrum3/2026-07-30_14h34_sem_gaussian/graphs/CPC__v10_a15_g27_s1000.json,,0.8079412820006837,11.0,6.0,0.4210526315789474,0.7499999999999999,0.4,0.6
sem_gaussian,CMIIC,"{""alpha"": 0.05}",10,15,1000,27,/home/mathis/Documents/Travail/cbnsl_benchmark/experiments/scaling/agrum3/../../../experiments/scaling/agrum3/2026-07-30_14h34_sem_gaussian/graphs/golden__v10_a15_g27.json,/home/mathis/Documents/Travail/cbnsl_benchmark/experiments/scaling/agrum3/../../../experiments/scaling/agrum3/2026-07-30_14h34_sem_gaussian/graphs/CMIIC__v10_a15_g27_s1000.json,,1.0552575969995814,11.0,6.0,0.4210526315789474,0.7499999999999999,0.4,0.6
sem_gaussian,CPC,"{""alpha"": 0.05, ""max_conditioning_set_size"": 3}",10,15,3000,27,/home/mathis/Documents/Travail/cbnsl_benchmark/experiments/scaling/agrum3/../../../experiments/scaling/agrum3/2026-07-30_14h34_sem_gaussian/graphs/golden__v10_a15_g27.json,/home/mathis/Documents/Travail/cbnsl_benchmark/experiments/scaling/agrum3/../../../experiments/scaling/agrum3/2026-07-30_14h34_sem_gaussian/graphs/CPC__v10_a15_g27_s3000.json,,7.274964219002868,9.0,5.0,0.5714285714285713,0.8,0.5454545454545454,0.6666666666666666
sem_gaussian,CMIIC,"{""alpha"": 0.05}",10,15,3000,27,/home/mathis/Documents/Travail/cbnsl_benchmark/experiments/scaling/agrum3/../../../experiments/scaling/agrum3/2026-07-30_14h34_sem_gaussian/graphs/golden__v10_a15_g27.json,/home/mathis/Documents/Travail/cbnsl_benchmark/experiments/scaling/agrum3/../../../experiments/scaling/agrum3/2026-07-30_14h34_sem_gaussian/graphs/CMIIC__v10_a15_g27_s3000.json,,8.411100788998738,10.0,5.0,0.5,0.8,0.5,0.6666666666666666
sem_gaussian,CPC,"{""alpha"": 0.05, ""max_conditioning_set_size"": 3}",10,15,5000,27,/home/mathis/Documents/Travail/cbnsl_benchmark/experiments/scaling/agrum3/../../../experiments/scaling/agrum3/2026-07-30_14h34_sem_gaussian/graphs/golden__v10_a15_g27.json,/home/mathis/Documents/Travail/cbnsl_benchmark/experiments/scaling/agrum3/../../../experiments/scaling/agrum3/2026-07-30_14h34_sem_gaussian/graphs/CPC__v10_a15_g27_s5000.json,,30.31038096499833,10.0,3.0,0.5,0.888888888888889,0.625,0.8
sem_gaussian,CMIIC,"{""alpha"": 0.05}",10,15,5000,27,/home/mathis/Documents/Travail/cbnsl_benchmark/experiments/scaling/agrum3/../../../experiments/scaling/agrum3/2026-07-30_14h34_sem_gaussian/graphs/golden__v10_a15_g27.json,/home/mathis/Documents/Travail/cbnsl_benchmark/experiments/scaling/agrum3/../../../experiments/scaling/agrum3/2026-07-30_14h34_sem_gaussian/graphs/CMIIC__v10_a15_g27_s5000.json,,24.70173698600047,10.0,5.0,0.5,0.8,0.5,0.6666666666666666
sem_gaussian,CPC,"{""alpha"": 0.05, ""max_conditioning_set_size"": 3}",10,15,200,28,/home/mathis/Documents/Travail/cbnsl_benchmark/experiments/scaling/agrum3/../../../experiments/scaling/agrum3/2026-07-30_14h34_sem_gaussian/graphs/golden__v10_a15_g28.json,/home/mathis/Documents/Travail/cbnsl_benchmark/experiments/scaling/agrum3/../../../experiments/scaling/agrum3/2026-07-30_14h34_sem_gaussian/graphs/CPC__v10_a15_g28_s200.json,,0.022406963998946594,9.0,7.0,0.4,0.5882352941176471,0.3,0.4166666666666667
sem_gaussian,CMIIC,"{""alpha"": 0.05}",10,15,200,28,/home/mathis/Documents/Travail/cbnsl_benchmark/experiments/scaling/agrum3/../../../experiments/scaling/agrum3/2026-07-30_14h34_sem_gaussian/graphs/golden__v10_a15_g28.json,/home/mathis/Documents/Travail/cbnsl_benchmark/experiments/scaling/agrum3/../../../experiments/scaling/agrum3/2026-07-30_14h34_sem_gaussian/graphs/CMIIC__v10_a15_g28_s200.json,,0.0631489129991678,11.0,3.0,0.15384615384615383,0.8571428571428571,0.25,0.75
sem_gaussian,CPC,"{""alpha"": 0.05, ""max_conditioning_set_size"": 3}",10,15,500,28,/home/mathis/Documents/Travail/cbnsl_benchmark/experiments/scaling/agrum3/../../../experiments/scaling/agrum3/2026-07-30_14h34_sem_gaussian/graphs/golden__v10_a15_g28.json,/home/mathis/Documents/Travail/cbnsl_benchmark/experiments/scaling/agrum3/../../../experiments/scaling/agrum3/2026-07-30_14h34_sem_gaussian/graphs/CPC__v10_a15_g28_s500.json,,0.07074738099981914,7.0,4.0,0.5882352941176471,0.8,0.5555555555555556,0.6666666666666666
sem_gaussian,CMIIC,"{""alpha"": 0.05}",10,15,500,28,/home/mathis/Documents/Travail/cbnsl_benchmark/experiments/scaling/agrum3/../../../experiments/scaling/agrum3/2026-07-30_14h34_sem_gaussian/graphs/golden__v10_a15_g28.json,/home/mathis/Documents/Travail/cbnsl_benchmark/experiments/scaling/agrum3/../../../experiments/scaling/agrum3/2026-07-30_14h34_sem_gaussian/graphs/CMIIC__v10_a15_g28_s500.json,,0.23343590300282813,11.0,3.0,0.15384615384615383,0.8571428571428571,0.25,0.75
sem_gaussian,CPC,"{""alpha"": 0.05, ""max_conditioning_set_size"": 3}",10,15,1000,28,/home/mathis/Documents/Travail/cbnsl_benchmark/experiments/scaling/agrum3/../../../experiments/scaling/agrum3/2026-07-30_14h34_sem_gaussian/graphs/golden__v10_a15_g28.json,/home/mathis/Documents/Travail/cbnsl_benchmark/experiments/scaling/agrum3/../../../experiments/scaling/agrum3/2026-07-30_14h34_sem_gaussian/graphs/CPC__v10_a15_g28_s1000.json,,0.42984950600293814,10.0,5.0,0.2857142857142857,0.7368421052631579,0.2857142857142857,0.5833333333333334
sem_gaussian,CMIIC,"{""alpha"": 0.05}",10,15,1000,28,/home/mathis/Documents/Travail/cbnsl_benchmark/experiments/scaling/agrum3/../../../experiments/scaling/agrum3/2026-07-30_14h34_sem_gaussian/graphs/golden__v10_a15_g28.json,/home/mathis/Documents/Travail/cbnsl_benchmark/experiments/scaling/agrum3/../../../experiments/scaling/agrum3/2026-07-30_14h34_sem_gaussian/graphs/CMIIC__v10_a15_g28_s1000.json,,1.0041223049993278,11.0,3.0,0.15384615384615383,0.8571428571428571,0.25,0.75
sem_gaussian,CPC,"{""alpha"": 0.05, ""max_conditioning_set_size"": 3}",10,15,3000,28,/home/mathis/Documents/Travail/cbnsl_benchmark/experiments/scaling/agrum3/../../../experiments/scaling/agrum3/2026-07-30_14h34_sem_gaussian/graphs/golden__v10_a15_g28.json,/home/mathis/Documents/Travail/cbnsl_benchmark/experiments/scaling/agrum3/../../../experiments/scaling/agrum3/2026-07-30_14h34_sem_gaussian/graphs/CPC__v10_a15_g28_s3000.json,,4.276534921998973,8.0,3.0,0.5,0.8571428571428571,0.5714285714285714,0.75
sem_gaussian,CMIIC,"{""alpha"": 0.05}",10,15,3000,28,/home/mathis/Documents/Travail/cbnsl_benchmark/experiments/scaling/agrum3/../../../experiments/scaling/agrum3/2026-07-30_14h34_sem_gaussian/graphs/golden__v10_a15_g28.json,/home/mathis/Documents/Travail/cbnsl_benchmark/experiments/scaling/agrum3/../../../experiments/scaling/agrum3/2026-07-30_14h34_sem_gaussian/graphs/CMIIC__v10_a15_g28_s3000.json,,7.568094383001153,11.0,3.0,0.15384615384615383,0.8571428571428571,0.25,0.75
sem_gaussian,CPC,"{""alpha"": 0.05, ""max_conditioning_set_size"": 3}",10,15,5000,28,/home/mathis/Documents/Travail/cbnsl_benchmark/experiments/scaling/agrum3/../../../experiments/scaling/agrum3/2026-07-30_14h34_sem_gaussian/graphs/golden__v10_a15_g28.json,/home/mathis/Documents/Travail/cbnsl_benchmark/experiments/scaling/agrum3/../../../experiments/scaling/agrum3/2026-07-30_14h34_sem_gaussian/graphs/CPC__v10_a15_g28_s5000.json,,16.18045096300193,4.0,2.0,0.8000000000000002,0.9090909090909091,0.8,0.8333333333333334
sem_gaussian,CMIIC,"{""alpha"": 0.05}",10,15,5000,28,/home/mathis/Documents/Travail/cbnsl_benchmark/experiments/scaling/agrum3/../../../experiments/scaling/agrum3/2026-07-30_14h34_sem_gaussian/graphs/golden__v10_a15_g28.json,/home/mathis/Documents/Travail/cbnsl_benchmark/experiments/scaling/agrum3/../../../experiments/scaling/agrum3/2026-07-30_14h34_sem_gaussian/graphs/CMIIC__v10_a15_g28_s5000.json,,22.837090109998826,11.0,3.0,0.15384615384615383,0.8571428571428571,0.25,0.75
sem_gaussian,CPC,"{""alpha"": 0.05, ""max_conditioning_set_size"": 3}",10,15,200,29,/home/mathis/Documents/Travail/cbnsl_benchmark/experiments/scaling/agrum3/../../../experiments/scaling/agrum3/2026-07-30_14h34_sem_gaussian/graphs/golden__v10_a15_g29.json,/home/mathis/Documents/Travail/cbnsl_benchmark/experiments/scaling/agrum3/../../../experiments/scaling/agrum3/2026-07-30_14h34_sem_gaussian/graphs/CPC__v10_a15_g29_s200.json,,0.03397214399956283,15.0,14.0,0.0,0.125,0.0,0.06666666666666667
sem_gaussian,CMIIC,"{""alpha"": 0.05}",10,15,200,29,/home/mathis/Documents/Travail/cbnsl_benchmark/experiments/scaling/agrum3/../../../experiments/scaling/agrum3/2026-07-30_14h34_sem_gaussian/graphs/golden__v10_a15_g29.json,/home/mathis/Documents/Travail/cbnsl_benchmark/experiments/scaling/agrum3/../../../experiments/scaling/agrum3/2026-07-30_14h34_sem_gaussian/graphs/CMIIC__v10_a15_g29_s200.json,,0.07289097000102629,12.0,7.0,0.4000000000000001,0.7200000000000001,0.4,0.6
sem_gaussian,CPC,"{""alpha"": 0.05, ""max_conditioning_set_size"": 3}",10,15,500,29,/home/mathis/Documents/Travail/cbnsl_benchmark/experiments/scaling/agrum3/../../../experiments/scaling/agrum3/2026-07-30_14h34_sem_gaussian/graphs/golden__v10_a15_g29.json,/home/mathis/Documents/Travail/cbnsl_benchmark/experiments/scaling/agrum3/../../../experiments/scaling/agrum3/2026-07-30_14h34_sem_gaussian/graphs/CPC__v10_a15_g29_s500.json,,0.16189069599931827,13.0,10.0,0.23529411764705882,0.5,0.16666666666666666,0.3333333333333333
sem_gaussian,CMIIC,"{""alpha"": 0.05}",10,15,500,29,/home/mathis/Documents/Travail/cbnsl_benchmark/experiments/scaling/agrum3/../../../experiments/scaling/agrum3/2026-07-30_14h34_sem_gaussian/graphs/golden__v10_a15_g29.json,/home/mathis/Documents/Travail/cbnsl_benchmark/experiments/scaling/agrum3/../../../experiments/scaling/agrum3/2026-07-30_14h34_sem_gaussian/graphs/CMIIC__v10_a15_g29_s500.json,,0.3501355330008664,12.0,6.0,0.39999999999999997,0.7692307692307692,0.4444444444444444,0.6666666666666666
sem_gaussian,CPC,"{""alpha"": 0.05, ""max_conditioning_set_size"": 3}",10,15,1000,29,/home/mathis/Documents/Travail/cbnsl_benchmark/experiments/scaling/agrum3/../../../experiments/scaling/agrum3/2026-07-30_14h34_sem_gaussian/graphs/golden__v10_a15_g29.json,/home/mathis/Documents/Travail/cbnsl_benchmark/experiments/scaling/agrum3/../../../experiments/scaling/agrum3/2026-07-30_14h34_sem_gaussian/graphs/CPC__v10_a15_g29_s1000.json,,0.8520477409983869,13.0,9.0,0.3157894736842105,0.608695652173913,0.2727272727272727,0.4666666666666667
sem_gaussian,CMIIC,"{""alpha"": 0.05}",10,15,1000,29,/home/mathis/Documents/Travail/cbnsl_benchmark/experiments/scaling/agrum3/../../../experiments/scaling/agrum3/2026-07-30_14h34_sem_gaussian/graphs/golden__v10_a15_g29.json,/home/mathis/Documents/Travail/cbnsl_benchmark/experiments/scaling/agrum3/../../../experiments/scaling/agrum3/2026-07-30_14h34_sem_gaussian/graphs/CMIIC__v10_a15_g29_s1000.json,,0.9938915130005626,12.0,8.0,0.39999999999999997,0.6666666666666667,0.36363636363636365,0.5333333333333333
sem_gaussian,CPC,"{""alpha"": 0.05, ""max_conditioning_set_size"": 3}",10,15,3000,29,/home/mathis/Documents/Travail/cbnsl_benchmark/experiments/scaling/agrum3/../../../experiments/scaling/agrum3/2026-07-30_14h34_sem_gaussian/graphs/golden__v10_a15_g29.json,/home/mathis/Documents/Travail/cbnsl_benchmark/experiments/scaling/agrum3/../../../experiments/scaling/agrum3/2026-07-30_14h34_sem_gaussian/graphs/CPC__v10_a15_g29_s3000.json,,9.125325748998875,6.0,2.0,0.7500000000000001,0.9285714285714286,0.8181818181818182,0.8666666666666667
sem_gaussian,CMIIC,"{""alpha"": 0.05}",10,15,3000,29,/home/mathis/Documents/Travail/cbnsl_benchmark/experiments/scaling/agrum3/../../../experiments/scaling/agrum3/2026-07-30_14h34_sem_gaussian/graphs/golden__v10_a15_g29.json,/home/mathis/Documents/Travail/cbnsl_benchmark/experiments/scaling/agrum3/../../../experiments/scaling/agrum3/2026-07-30_14h34_sem_gaussian/graphs/CMIIC__v10_a15_g29_s3000.json,,8.311916505997942,13.0,7.0,0.3157894736842105,0.7200000000000001,0.3333333333333333,0.6
sem_gaussian,CPC,"{""alpha"": 0.05, ""max_conditioning_set_size"": 3}",10,15,5000,29,/home/mathis/Documents/Travail/cbnsl_benchmark/experiments/scaling/agrum3/../../../experiments/scaling/agrum3/2026-07-30_14h34_sem_gaussian/graphs/golden__v10_a15_g29.json,/home/mathis/Documents/Travail/cbnsl_benchmark/experiments/scaling/agrum3/../../../experiments/scaling/agrum3/2026-07-30_14h34_sem_gaussian/graphs/CPC__v10_a15_g29_s5000.json,,26.57130230400071,9.0,2.0,0.608695652173913,0.9333333333333333,0.875,0.9333333333333333
sem_gaussian,CMIIC,"{""alpha"": 0.05}",10,15,5000,29,/home/mathis/Documents/Travail/cbnsl_benchmark/experiments/scaling/agrum3/../../../experiments/scaling/agrum3/2026-07-30_14h34_sem_gaussian/graphs/golden__v10_a15_g29.json,/home/mathis/Documents/Travail/cbnsl_benchmark/experiments/scaling/agrum3/../../../experiments/scaling/agrum3/2026-07-30_14h34_sem_gaussian/graphs/CMIIC__v10_a15_g29_s5000.json,,24.348252279000008,13.0,7.0,0.3157894736842105,0.7200000000000001,0.3333333333333333,0.6
sem_gaussian,CPC,"{""alpha"": 0.05, ""max_conditioning_set_size"": 3}",20,30,200,0,/home/mathis/Documents/Travail/cbnsl_benchmark/experiments/scaling/agrum3/../../../experiments/scaling/agrum3/2026-07-30_14h34_sem_gaussian/graphs/golden__v20_a30_g0.json,/home/mathis/Documents/Travail/cbnsl_benchmark/experiments/scaling/agrum3/../../../experiments/scaling/agrum3/2026-07-30_14h34_sem_gaussian/graphs/CPC__v20_a30_g0_s200.json,,0.06555926500004716,25.0,20.0,0.28571428571428575,0.5,0.2,0.3333333333333333
sem_gaussian,CMIIC,"{""alpha"": 0.05}",20,30,200,0,/home/mathis/Documents/Travail/cbnsl_benchmark/experiments/scaling/agrum3/../../../experiments/scaling/agrum3/2026-07-30_14h34_sem_gaussian/graphs/golden__v20_a30_g0.json,/home/mathis/Documents/Travail/cbnsl_benchmark/experiments/scaling/agrum3/../../../experiments/scaling/agrum3/2026-07-30_14h34_sem_gaussian/graphs/CMIIC__v20_a30_g0_s200.json,,0.4188102270018135,19.0,6.0,0.5365853658536585,0.888888888888889,0.6470588235294118,0.8
sem_gaussian,CPC,"{""alpha"": 0.05, ""max_conditioning_set_size"": 3}",20,30,500,0,/home/mathis/Documents/Travail/cbnsl_benchmark/experiments/scaling/agrum3/../../../experiments/scaling/agrum3/2026-07-30_14h34_sem_gaussian/graphs/golden__v20_a30_g0.json,/home/mathis/Documents/Travail/cbnsl_benchmark/experiments/scaling/agrum3/../../../experiments/scaling/agrum3/2026-07-30_14h34_sem_gaussian/graphs/CPC__v20_a30_g0_s500.json,,0.4934649739989254,30.0,16.0,0.0,0.6363636363636364,0.0,0.4666666666666667
sem_gaussian,CMIIC,"{""alpha"": 0.05}",20,30,500,0,/home/mathis/Documents/Travail/cbnsl_benchmark/experiments/scaling/agrum3/../../../experiments/scaling/agrum3/2026-07-30_14h34_sem_gaussian/graphs/golden__v20_a30_g0.json,/home/mathis/Documents/Travail/cbnsl_benchmark/experiments/scaling/agrum3/../../../experiments/scaling/agrum3/2026-07-30_14h34_sem_gaussian/graphs/CMIIC__v20_a30_g0_s500.json,,1.5509751549980137,29.0,9.0,0.12121212121212122,0.8301886792452831,0.2,0.7333333333333333
sem_gaussian,CPC,"{""alpha"": 0.05, ""max_conditioning_set_size"": 3}",20,30,1000,0,/home/mathis/Documents/Travail/cbnsl_benchmark/experiments/scaling/agrum3/../../../experiments/scaling/agrum3/2026-07-30_14h34_sem_gaussian/graphs/golden__v20_a30_g0.json,/home/mathis/Documents/Travail/cbnsl_benchmark/experiments/scaling/agrum3/../../../experiments/scaling/agrum3/2026-07-30_14h34_sem_gaussian/graphs/CPC__v20_a30_g0_s1000.json,,1.9806937480025226,23.0,11.0,0.37837837837837834,0.7755102040816326,0.3888888888888889,0.6333333333333333
sem_gaussian,CMIIC,"{""alpha"": 0.05}",20,30,1000,0,/home/mathis/Documents/Travail/cbnsl_benchmark/experiments/scaling/agrum3/../../../experiments/scaling/agrum3/2026-07-30_14h34_sem_gaussian/graphs/golden__v20_a30_g0.json,/home/mathis/Documents/Travail/cbnsl_benchmark/experiments/scaling/agrum3/../../../experiments/scaling/agrum3/2026-07-30_14h34_sem_gaussian/graphs/CMIIC__v20_a30_g0_s1000.json,,5.7872499090008205,19.0,7.0,0.5365853658536586,0.8679245283018869,0.6111111111111112,0.7666666666666667
sem_gaussian,CPC,"{""alpha"": 0.05, ""max_conditioning_set_size"": 3}",20,30,3000,0,/home/mathis/Documents/Travail/cbnsl_benchmark/experiments/scaling/agrum3/../../../experiments/scaling/agrum3/2026-07-30_14h34_sem_gaussian/graphs/golden__v20_a30_g0.json,/home/mathis/Documents/Travail/cbnsl_benchmark/experiments/scaling/agrum3/../../../experiments/scaling/agrum3/2026-07-30_14h34_sem_gaussian/graphs/CPC__v20_a30_g0_s3000.json,,20.340898219001247,19.0,4.0,0.5365853658536585,0.9285714285714286,0.7333333333333333,0.8666666666666667
sem_gaussian,CMIIC,"{""alpha"": 0.05}",20,30,3000,0,/home/mathis/Documents/Travail/cbnsl_benchmark/experiments/scaling/agrum3/../../../experiments/scaling/agrum3/2026-07-30_14h34_sem_gaussian/graphs/golden__v20_a30_g0.json,/home/mathis/Documents/Travail/cbnsl_benchmark/experiments/scaling/agrum3/../../../experiments/scaling/agrum3/2026-07-30_14h34_sem_gaussian/graphs/CMIIC__v20_a30_g0_s3000.json,,42.27883338600077,20.0,7.0,0.5,0.8679245283018869,0.5882352941176471,0.7666666666666667
sem_gaussian,CPC,"{""alpha"": 0.05, ""max_conditioning_set_size"": 3}",20,30,5000,0,/home/mathis/Documents/Travail/cbnsl_benchmark/experiments/scaling/agrum3/../../../experiments/scaling/agrum3/2026-07-30_14h34_sem_gaussian/graphs/golden__v20_a30_g0.json,/home/mathis/Documents/Travail/cbnsl_benchmark/experiments/scaling/agrum3/../../../experiments/scaling/agrum3/2026-07-30_14h34_sem_gaussian/graphs/CPC__v20_a30_g0_s5000.json,,63.380903519999265,20.0,4.0,0.5,0.9285714285714286,0.7142857142857143,0.8666666666666667
sem_gaussian,CMIIC,"{""alpha"": 0.05}",20,30,5000,0,/home/mathis/Documents/Travail/cbnsl_benchmark/experiments/scaling/agrum3/../../../experiments/scaling/agrum3/2026-07-30_14h34_sem_gaussian/graphs/golden__v20_a30_g0.json,/home/mathis/Documents/Travail/cbnsl_benchmark/experiments/scaling/agrum3/../../../experiments/scaling/agrum3/2026-07-30_14h34_sem_gaussian/graphs/CMIIC__v20_a30_g0_s5000.json,,113.46392328899674,19.0,7.0,0.5365853658536586,0.8679245283018869,0.6111111111111112,0.7666666666666667
sem_gaussian,CPC,"{""alpha"": 0.05, ""max_conditioning_set_size"": 3}",20,30,200,1,/home/mathis/Documents/Travail/cbnsl_benchmark/experiments/scaling/agrum3/../../../experiments/scaling/agrum3/2026-07-30_14h34_sem_gaussian/graphs/golden__v20_a30_g1.json,/home/mathis/Documents/Travail/cbnsl_benchmark/experiments/scaling/agrum3/../../../experiments/scaling/agrum3/2026-07-30_14h34_sem_gaussian/graphs/CPC__v20_a30_g1_s200.json,,0.08865066900034435,29.0,25.0,0.06451612903225806,0.2857142857142857,0.038461538461538464,0.16666666666666666
sem_gaussian,CMIIC,"{""alpha"": 0.05}",20,30,200,1,/home/mathis/Documents/Travail/cbnsl_benchmark/experiments/scaling/agrum3/../../../experiments/scaling/agrum3/2026-07-30_14h34_sem_gaussian/graphs/golden__v20_a30_g1.json,/home/mathis/Documents/Travail/cbnsl_benchmark/experiments/scaling/agrum3/../../../experiments/scaling/agrum3/2026-07-30_14h34_sem_gaussian/graphs/CMIIC__v20_a30_g1_s200.json,,0.6684958590012684,28.0,5.0,0.125,0.9090909090909091,0.2857142857142857,0.8333333333333334
sem_gaussian,CPC,"{""alpha"": 0.05, ""max_conditioning_set_size"": 3}",20,30,500,1,/home/mathis/Documents/Travail/cbnsl_benchmark/experiments/scaling/agrum3/../../../experiments/scaling/agrum3/2026-07-30_14h34_sem_gaussian/graphs/golden__v20_a30_g1.json,/home/mathis/Documents/Travail/cbnsl_benchmark/experiments/scaling/agrum3/../../../experiments/scaling/agrum3/2026-07-30_14h34_sem_gaussian/graphs/CPC__v20_a30_g1_s500.json,,0.6486066659999778,28.0,19.0,0.125,0.5365853658536585,0.09523809523809523,0.36666666666666664
sem_gaussian,CMIIC,"{""alpha"": 0.05}",20,30,500,1,/home/mathis/Documents/Travail/cbnsl_benchmark/experiments/scaling/agrum3/../../../experiments/scaling/agrum3/2026-07-30_14h34_sem_gaussian/graphs/golden__v20_a30_g1.json,/home/mathis/Documents/Travail/cbnsl_benchmark/experiments/scaling/agrum3/../../../experiments/scaling/agrum3/2026-07-30_14h34_sem_gaussian/graphs/CMIIC__v20_a30_g1_s500.json,,2.067225744998723,28.0,5.0,0.125,0.9090909090909091,0.2857142857142857,0.8333333333333334
sem_gaussian,CPC,"{""alpha"": 0.05, ""max_conditioning_set_size"": 3}",20,30,1000,1,/home/mathis/Documents/Travail/cbnsl_benchmark/experiments/scaling/agrum3/../../../experiments/scaling/agrum3/2026-07-30_14h34_sem_gaussian/graphs/golden__v20_a30_g1.json,/home/mathis/Documents/Travail/cbnsl_benchmark/experiments/scaling/agrum3/../../../experiments/scaling/agrum3/2026-07-30_14h34_sem_gaussian/graphs/CPC__v20_a30_g1_s1000.json,,3.6700682530026825,25.0,10.0,0.28571428571428575,0.8,0.3333333333333333,0.6666666666666666
sem_gaussian,CMIIC,"{""alpha"": 0.05}",20,30,1000,1,/home/mathis/Documents/Travail/cbnsl_benchmark/experiments/scaling/agrum3/../../../experiments/scaling/agrum3/2026-07-30_14h34_sem_gaussian/graphs/golden__v20_a30_g1.json,/home/mathis/Documents/Travail/cbnsl_benchmark/experiments/scaling/agrum3/../../../experiments/scaling/agrum3/2026-07-30_14h34_sem_gaussian/graphs/CMIIC__v20_a30_g1_s1000.json,,10.582621655001276,28.0,5.0,0.125,0.9090909090909091,0.2857142857142857,0.8333333333333334
sem_gaussian,CPC,"{""alpha"": 0.05, ""max_conditioning_set_size"": 3}",20,30,3000,1,/home/mathis/Documents/Travail/cbnsl_benchmark/experiments/scaling/agrum3/../../../experiments/scaling/agrum3/2026-07-30_14h34_sem_gaussian/graphs/golden__v20_a30_g1.json,/home/mathis/Documents/Travail/cbnsl_benchmark/experiments/scaling/agrum3/../../../experiments/scaling/agrum3/2026-07-30_14h34_sem_gaussian/graphs/CPC__v20_a30_g1_s3000.json,,48.3914869179971,20.0,4.0,0.5454545454545455,0.9333333333333333,0.8571428571428571,0.9333333333333333
sem_gaussian,CMIIC,"{""alpha"": 0.05}",20,30,3000,1,/home/mathis/Documents/Travail/cbnsl_benchmark/experiments/scaling/agrum3/../../../experiments/scaling/agrum3/2026-07-30_14h34_sem_gaussian/graphs/golden__v20_a30_g1.json,/home/mathis/Documents/Travail/cbnsl_benchmark/experiments/scaling/agrum3/../../../experiments/scaling/agrum3/2026-07-30_14h34_sem_gaussian/graphs/CMIIC__v20_a30_g1_s3000.json,,54.742637398001534,28.0,4.0,0.125,0.9285714285714286,0.3333333333333333,0.8666666666666667
sem_gaussian,CPC,"{""alpha"": 0.05, ""max_conditioning_set_size"": 3}",20,30,5000,1,/home/mathis/Documents/Travail/cbnsl_benchmark/experiments/scaling/agrum3/../../../experiments/scaling/agrum3/2026-07-30_14h34_sem_gaussian/graphs/golden__v20_a30_g1.json,/home/mathis/Documents/Travail/cbnsl_benchmark/experiments/scaling/agrum3/../../../experiments/scaling/agrum3/2026-07-30_14h34_sem_gaussian/graphs/CPC__v20_a30_g1_s5000.json,,100.41291872999864,21.0,4.0,0.5116279069767441,0.9333333333333333,0.8461538461538461,0.9333333333333333
sem_gaussian,CMIIC,"{""alpha"": 0.05}",20,30,5000,1,/home/mathis/Documents/Travail/cbnsl_benchmark/experiments/scaling/agrum3/../../../experiments/scaling/agrum3/2026-07-30_14h34_sem_gaussian/graphs/golden__v20_a30_g1.json,/home/mathis/Documents/Travail/cbnsl_benchmark/experiments/scaling/agrum3/../../../experiments/scaling/agrum3/2026-07-30_14h34_sem_gaussian/graphs/CMIIC__v20_a30_g1_s5000.json,,137.4610893930003,28.0,4.0,0.125,0.9285714285714286,0.3333333333333333,0.8666666666666667
sem_gaussian,CPC,"{""alpha"": 0.05, ""max_conditioning_set_size"": 3}",20,30,200,2,/home/mathis/Documents/Travail/cbnsl_benchmark/experiments/scaling/agrum3/../../../experiments/scaling/agrum3/2026-07-30_14h34_sem_gaussian/graphs/golden__v20_a30_g2.json,/home/mathis/Documents/Travail/cbnsl_benchmark/experiments/scaling/agrum3/../../../experiments/scaling/agrum3/2026-07-30_14h34_sem_gaussian/graphs/CPC__v20_a30_g2_s200.json,,0.05089809499986586,25.0,17.0,0.2857142857142857,0.6046511627906976,0.22727272727272727,0.43333333333333335
sem_gaussian,CMIIC,"{""alpha"": 0.05}",20,30,200,2,/home/mathis/Documents/Travail/cbnsl_benchmark/experiments/scaling/agrum3/../../../experiments/scaling/agrum3/2026-07-30_14h34_sem_gaussian/graphs/golden__v20_a30_g2.json,/home/mathis/Documents/Travail/cbnsl_benchmark/experiments/scaling/agrum3/../../../experiments/scaling/agrum3/2026-07-30_14h34_sem_gaussian/graphs/CMIIC__v20_a30_g2_s200.json,,0.35917202400014503,27.0,8.0,0.2285714285714286,0.8518518518518519,0.36363636363636365,0.7666666666666667
sem_gaussian,CPC,"{""alpha"": 0.05, ""max_conditioning_set_size"": 3}",20,30,500,2,/home/mathis/Documents/Travail/cbnsl_benchmark/experiments/scaling/agrum3/../../../experiments/scaling/agrum3/2026-07-30_14h34_sem_gaussian/graphs/golden__v20_a30_g2.json,/home/mathis/Documents/Travail/cbnsl_benchmark/experiments/scaling/agrum3/../../../experiments/scaling/agrum3/2026-07-30_14h34_sem_gaussian/graphs/CPC__v20_a30_g2_s500.json,,0.5250971559980826,27.0,21.0,0.18181818181818182,0.4615384615384615,0.125,0.3
sem_gaussian,CMIIC,"{""alpha"": 0.05}",20,30,500,2,/home/mathis/Documents/Travail/cbnsl_benchmark/experiments/scaling/agrum3/../../../experiments/scaling/agrum3/2026-07-30_14h34_sem_gaussian/graphs/golden__v20_a30_g2.json,/home/mathis/Documents/Travail/cbnsl_benchmark/experiments/scaling/agrum3/../../../experiments/scaling/agrum3/2026-07-30_14h34_sem_gaussian/graphs/CMIIC__v20_a30_g2_s500.json,,1.5579263500003435,26.0,6.0,0.23529411764705882,0.888888888888889,0.4,0.8
sem_gaussian,CPC,"{""alpha"": 0.05, ""max_conditioning_set_size"": 3}",20,30,1000,2,/home/mathis/Documents/Travail/cbnsl_benchmark/experiments/scaling/agrum3/../../../experiments/scaling/agrum3/2026-07-30_14h34_sem_gaussian/graphs/golden__v20_a30_g2.json,/home/mathis/Documents/Travail/cbnsl_benchmark/experiments/scaling/agrum3/../../../experiments/scaling/agrum3/2026-07-30_14h34_sem_gaussian/graphs/CPC__v20_a30_g2_s1000.json,,1.9492977089976193,20.0,14.0,0.5,0.6956521739130436,0.4166666666666667,0.5333333333333333
sem_gaussian,CMIIC,"{""alpha"": 0.05}",20,30,1000,2,/home/mathis/Documents/Travail/cbnsl_benchmark/experiments/scaling/agrum3/../../../experiments/scaling/agrum3/2026-07-30_14h34_sem_gaussian/graphs/golden__v20_a30_g2.json,/home/mathis/Documents/Travail/cbnsl_benchmark/experiments/scaling/agrum3/../../../experiments/scaling/agrum3/2026-07-30_14h34_sem_gaussian/graphs/CMIIC__v20_a30_g2_s1000.json,,4.841772078001668,17.0,6.0,0.6046511627906976,0.888888888888889,0.6842105263157895,0.8
sem_gaussian,CPC,"{""alpha"": 0.05, ""max_conditioning_set_size"": 3}",20,30,3000,2,/home/mathis/Documents/Travail/cbnsl_benchmark/experiments/scaling/agrum3/../../../experiments/scaling/agrum3/2026-07-30_14h34_sem_gaussian/graphs/golden__v20_a30_g2.json,/home/mathis/Documents/Travail/cbnsl_benchmark/experiments/scaling/agrum3/../../../experiments/scaling/agrum3/2026-07-30_14h34_sem_gaussian/graphs/CPC__v20_a30_g2_s3000.json,,25.008384921999095,17.0,4.0,0.6222222222222222,0.9310344827586207,0.8235294117647058,0.9
sem_gaussian,CMIIC,"{""alpha"": 0.05}",20,30,3000,2,/home/mathis/Documents/Travail/cbnsl_benchmark/experiments/scaling/agrum3/../../../experiments/scaling/agrum3/2026-07-30_14h34_sem_gaussian/graphs/golden__v20_a30_g2.json,/home/mathis/Documents/Travail/cbnsl_benchmark/experiments/scaling/agrum3/../../../experiments/scaling/agrum3/2026-07-30_14h34_sem_gaussian/graphs/CMIIC__v20_a30_g2_s3000.json,,37.14411910299896,19.0,5.0,0.5365853658536586,0.9090909090909091,0.6875,0.8333333333333334
sem_gaussian,CPC,"{""alpha"": 0.05, ""max_conditioning_set_size"": 3}",20,30,5000,2,/home/mathis/Documents/Travail/cbnsl_benchmark/experiments/scaling/agrum3/../../../experiments/scaling/agrum3/2026-07-30_14h34_sem_gaussian/graphs/golden__v20_a30_g2.json,/home/mathis/Documents/Travail/cbnsl_benchmark/experiments/scaling/agrum3/../../../experiments/scaling/agrum3/2026-07-30_14h34_sem_gaussian/graphs/CPC__v20_a30_g2_s5000.json,,78.72719125000003,14.0,7.0,0.7407407407407407,0.8852459016393444,0.8695652173913043,0.9
sem_gaussian,CMIIC,"{""alpha"": 0.05}",20,30,5000,2,/home/mathis/Documents/Travail/cbnsl_benchmark/experiments/scaling/agrum3/../../../experiments/scaling/agrum3/2026-07-30_14h34_sem_gaussian/graphs/golden__v20_a30_g2.json,/home/mathis/Documents/Travail/cbnsl_benchmark/experiments/scaling/agrum3/../../../experiments/scaling/agrum3/2026-07-30_14h34_sem_gaussian/graphs/CMIIC__v20_a30_g2_s5000.json,,100.13769079299891,19.0,5.0,0.5365853658536586,0.9090909090909091,0.6875,0.8333333333333334
sem_gaussian,CPC,"{""alpha"": 0.05, ""max_conditioning_set_size"": 3}",20,30,200,3,/home/mathis/Documents/Travail/cbnsl_benchmark/experiments/scaling/agrum3/../../../experiments/scaling/agrum3/2026-07-30_14h34_sem_gaussian/graphs/golden__v20_a30_g3.json,/home/mathis/Documents/Travail/cbnsl_benchmark/experiments/scaling/agrum3/../../../experiments/scaling/agrum3/2026-07-30_14h34_sem_gaussian/graphs/CPC__v20_a30_g3_s200.json,,0.0575311540014809,27.0,15.0,0.1818181818181818,0.6666666666666666,0.16666666666666666,0.5
sem_gaussian,CMIIC,"{""alpha"": 0.05}",20,30,200,3,/home/mathis/Documents/Travail/cbnsl_benchmark/experiments/scaling/agrum3/../../../experiments/scaling/agrum3/2026-07-30_14h34_sem_gaussian/graphs/golden__v20_a30_g3.json,/home/mathis/Documents/Travail/cbnsl_benchmark/experiments/scaling/agrum3/../../../experiments/scaling/agrum3/2026-07-30_14h34_sem_gaussian/graphs/CMIIC__v20_a30_g3_s200.json,,0.3270365429998492,21.0,8.0,0.48780487804878053,0.8518518518518519,0.5882352941176471,0.7666666666666667
sem_gaussian,CPC,"{""alpha"": 0.05, ""max_conditioning_set_size"": 3}",20,30,500,3,/home/mathis/Documents/Travail/cbnsl_benchmark/experiments/scaling/agrum3/../../../experiments/scaling/agrum3/2026-07-30_14h34_sem_gaussian/graphs/golden__v20_a30_g3.json,/home/mathis/Documents/Travail/cbnsl_benchmark/experiments/scaling/agrum3/../../../experiments/scaling/agrum3/2026-07-30_14h34_sem_gaussian/graphs/CPC__v20_a30_g3_s500.json,,0.4113655220025976,30.0,14.0,0.0,0.6956521739130436,0.0,0.5333333333333333
sem_gaussian,CMIIC,"{""alpha"": 0.05}",20,30,500,3,/home/mathis/Documents/Travail/cbnsl_benchmark/experiments/scaling/agrum3/../../../experiments/scaling/agrum3/2026-07-30_14h34_sem_gaussian/graphs/golden__v20_a30_g3.json,/home/mathis/Documents/Travail/cbnsl_benchmark/experiments/scaling/agrum3/../../../experiments/scaling/agrum3/2026-07-30_14h34_sem_gaussian/graphs/CMIIC__v20_a30_g3_s500.json,,1.4062322480021976,19.0,5.0,0.5365853658536586,0.9090909090909091,0.6875,0.8333333333333334
sem_gaussian,CPC,"{""alpha"": 0.05, ""max_conditioning_set_size"": 3}",20,30,1000,3,/home/mathis/Documents/Travail/cbnsl_benchmark/experiments/scaling/agrum3/../../../experiments/scaling/agrum3/2026-07-30_14h34_sem_gaussian/graphs/golden__v20_a30_g3.json,/home/mathis/Documents/Travail/cbnsl_benchmark/experiments/scaling/agrum3/../../../experiments/scaling/agrum3/2026-07-30_14h34_sem_gaussian/graphs/CPC__v20_a30_g3_s1000.json,,1.7665539379995607,28.0,9.0,0.125,0.8235294117647058,0.18181818181818182,0.7
sem_gaussian,CMIIC,"{""alpha"": 0.05}",20,30,1000,3,/home/mathis/Documents/Travail/cbnsl_benchmark/experiments/scaling/agrum3/../../../experiments/scaling/agrum3/2026-07-30_14h34_sem_gaussian/graphs/golden__v20_a30_g3.json,/home/mathis/Documents/Travail/cbnsl_benchmark/experiments/scaling/agrum3/../../../experiments/scaling/agrum3/2026-07-30_14h34_sem_gaussian/graphs/CMIIC__v20_a30_g3_s1000.json,,4.846446650000871,25.0,7.0,0.32432432432432434,0.8727272727272728,0.5,0.8
sem_gaussian,CPC,"{""alpha"": 0.05, ""max_conditioning_set_size"": 3}",20,30,3000,3,/home/mathis/Documents/Travail/cbnsl_benchmark/experiments/scaling/agrum3/../../../experiments/scaling/agrum3/2026-07-30_14h34_sem_gaussian/graphs/golden__v20_a30_g3.json,/home/mathis/Documents/Travail/cbnsl_benchmark/experiments/scaling/agrum3/../../../experiments/scaling/agrum3/2026-07-30_14h34_sem_gaussian/graphs/CPC__v20_a30_g3_s3000.json,,21.052282139000454,21.0,5.0,0.4878048780487805,0.912280701754386,0.7142857142857143,0.8666666666666667
sem_gaussian,CMIIC,"{""alpha"": 0.05}",20,30,3000,3,/home/mathis/Documents/Travail/cbnsl_benchmark/experiments/scaling/agrum3/../../../experiments/scaling/agrum3/2026-07-30_14h34_sem_gaussian/graphs/golden__v20_a30_g3.json,/home/mathis/Documents/Travail/cbnsl_benchmark/experiments/scaling/agrum3/../../../experiments/scaling/agrum3/2026-07-30_14h34_sem_gaussian/graphs/CMIIC__v20_a30_g3_s3000.json,,36.437306108000485,20.0,5.0,0.5,0.9090909090909091,0.6666666666666666,0.8333333333333334
sem_gaussian,CPC,"{""alpha"": 0.05, ""max_conditioning_set_size"": 3}",20,30,5000,3,/home/mathis/Documents/Travail/cbnsl_benchmark/experiments/scaling/agrum3/../../../experiments/scaling/agrum3/2026-07-30_14h34_sem_gaussian/graphs/golden__v20_a30_g3.json,/home/mathis/Documents/Travail/cbnsl_benchmark/experiments/scaling/agrum3/../../../experiments/scaling/agrum3/2026-07-30_14h34_sem_gaussian/graphs/CPC__v20_a30_g3_s5000.json,,67.09578917800172,26.0,4.0,0.31578947368421056,0.9333333333333333,0.75,0.9333333333333333
sem_gaussian,CMIIC,"{""alpha"": 0.05}",20,30,5000,3,/home/mathis/Documents/Travail/cbnsl_benchmark/experiments/scaling/agrum3/../../../experiments/scaling/agrum3/2026-07-30_14h34_sem_gaussian/graphs/golden__v20_a30_g3.json,/home/mathis/Documents/Travail/cbnsl_benchmark/experiments/scaling/agrum3/../../../experiments/scaling/agrum3/2026-07-30_14h34_sem_gaussian/graphs/CMIIC__v20_a30_g3_s5000.json,,106.87402589500198,20.0,5.0,0.5,0.9090909090909091,0.6666666666666666,0.8333333333333334
sem_gaussian,CPC,"{""alpha"": 0.05, ""max_conditioning_set_size"": 3}",20,30,200,4,/home/mathis/Documents/Travail/cbnsl_benchmark/experiments/scaling/agrum3/../../../experiments/scaling/agrum3/2026-07-30_14h34_sem_gaussian/graphs/golden__v20_a30_g4.json,/home/mathis/Documents/Travail/cbnsl_benchmark/experiments/scaling/agrum3/../../../experiments/scaling/agrum3/2026-07-30_14h34_sem_gaussian/graphs/CPC__v20_a30_g4_s200.json,,0.055277764000493335,27.0,18.0,0.18181818181818182,0.5714285714285715,0.14285714285714285,0.4
sem_gaussian,CMIIC,"{""alpha"": 0.05}",20,30,200,4,/home/mathis/Documents/Travail/cbnsl_benchmark/experiments/scaling/agrum3/../../../experiments/scaling/agrum3/2026-07-30_14h34_sem_gaussian/graphs/golden__v20_a30_g4.json,/home/mathis/Documents/Travail/cbnsl_benchmark/experiments/scaling/agrum3/../../../experiments/scaling/agrum3/2026-07-30_14h34_sem_gaussian/graphs/CMIIC__v20_a30_g4_s200.json,,0.38418075499794213,20.0,7.0,0.5238095238095238,0.8727272727272728,0.6470588235294118,0.8
sem_gaussian,CPC,"{""alpha"": 0.05, ""max_conditioning_set_size"": 3}",20,30,500,4,/home/mathis/Documents/Travail/cbnsl_benchmark/experiments/scaling/agrum3/../../../experiments/scaling/agrum3/2026-07-30_14h34_sem_gaussian/graphs/golden__v20_a30_g4.json,/home/mathis/Documents/Travail/cbnsl_benchmark/experiments/scaling/agrum3/../../../experiments/scaling/agrum3/2026-07-30_14h34_sem_gaussian/graphs/CPC__v20_a30_g4_s500.json,,0.5048539390008955,27.0,17.0,0.18181818181818185,0.6046511627906976,0.15,0.43333333333333335
sem_gaussian,CMIIC,"{""alpha"": 0.05}",20,30,500,4,/home/mathis/Documents/Travail/cbnsl_benchmark/experiments/scaling/agrum3/../../../experiments/scaling/agrum3/2026-07-30_14h34_sem_gaussian/graphs/golden__v20_a30_g4.json,/home/mathis/Documents/Travail/cbnsl_benchmark/experiments/scaling/agrum3/../../../experiments/scaling/agrum3/2026-07-30_14h34_sem_gaussian/graphs/CMIIC__v20_a30_g4_s500.json,,1.4750324209999235,19.0,4.0,0.5365853658536585,0.9285714285714286,0.7333333333333333,0.8666666666666667
sem_gaussian,CPC,"{""alpha"": 0.05, ""max_conditioning_set_size"": 3}",20,30,1000,4,/home/mathis/Documents/Travail/cbnsl_benchmark/experiments/scaling/agrum3/../../../experiments/scaling/agrum3/2026-07-30_14h34_sem_gaussian/graphs/golden__v20_a30_g4.json,/home/mathis/Documents/Travail/cbnsl_benchmark/experiments/scaling/agrum3/../../../experiments/scaling/agrum3/2026-07-30_14h34_sem_gaussian/graphs/CPC__v20_a30_g4_s1000.json,,2.157363743001042,25.0,11.0,0.2857142857142857,0.7755102040816326,0.3125,0.6333333333333333
sem_gaussian,CMIIC,"{""alpha"": 0.05}",20,30,1000,4,/home/mathis/Documents/Travail/cbnsl_benchmark/experiments/scaling/agrum3/../../../experiments/scaling/agrum3/2026-07-30_14h34_sem_gaussian/graphs/golden__v20_a30_g4.json,/home/mathis/Documents/Travail/cbnsl_benchmark/experiments/scaling/agrum3/../../../experiments/scaling/agrum3/2026-07-30_14h34_sem_gaussian/graphs/CMIIC__v20_a30_g4_s1000.json,,4.799134575998323,16.0,5.0,0.6363636363636364,0.9090909090909091,0.7368421052631579,0.8333333333333334
sem_gaussian,CPC,"{""alpha"": 0.05, ""max_conditioning_set_size"": 3}",20,30,3000,4,/home/mathis/Documents/Travail/cbnsl_benchmark/experiments/scaling/agrum3/../../../experiments/scaling/agrum3/2026-07-30_14h34_sem_gaussian/graphs/golden__v20_a30_g4.json,/home/mathis/Documents/Travail/cbnsl_benchmark/experiments/scaling/agrum3/../../../experiments/scaling/agrum3/2026-07-30_14h34_sem_gaussian/graphs/CPC__v20_a30_g4_s3000.json,,25.671668164002767,18.0,4.0,0.5714285714285714,0.9285714285714286,0.75,0.8666666666666667
sem_gaussian,CMIIC,"{""alpha"": 0.05}",20,30,3000,4,/home/mathis/Documents/Travail/cbnsl_benchmark/experiments/scaling/agrum3/../../../experiments/scaling/agrum3/2026-07-30_14h34_sem_gaussian/graphs/golden__v20_a30_g4.json,/home/mathis/Documents/Travail/cbnsl_benchmark/experiments/scaling/agrum3/../../../experiments/scaling/agrum3/2026-07-30_14h34_sem_gaussian/graphs/CMIIC__v20_a30_g4_s3000.json,,48.00184731399713,17.0,6.0,0.6222222222222222,0.8928571428571429,0.7368421052631579,0.8333333333333334
sem_gaussian,CPC,"{""alpha"": 0.05, ""max_conditioning_set_size"": 3}",20,30,5000,4,/home/mathis/Documents/Travail/cbnsl_benchmark/experiments/scaling/agrum3/../../../experiments/scaling/agrum3/2026-07-30_14h34_sem_gaussian/graphs/golden__v20_a30_g4.json,/home/mathis/Documents/Travail/cbnsl_benchmark/experiments/scaling/agrum3/../../../experiments/scaling/agrum3/2026-07-30_14h34_sem_gaussian/graphs/CPC__v20_a30_g4_s5000.json,,81.30255818799924,21.0,4.0,0.48780487804878053,0.9310344827586207,0.7692307692307693,0.9
sem_gaussian,CMIIC,"{""alpha"": 0.05}",20,30,5000,4,/home/mathis/Documents/Travail/cbnsl_benchmark/experiments/scaling/agrum3/../../../experiments/scaling/agrum3/2026-07-30_14h34_sem_gaussian/graphs/golden__v20_a30_g4.json,/home/mathis/Documents/Travail/cbnsl_benchmark/experiments/scaling/agrum3/../../../experiments/scaling/agrum3/2026-07-30_14h34_sem_gaussian/graphs/CMIIC__v20_a30_g4_s5000.json,,113.10552642699986,17.0,4.0,0.6046511627906976,0.9285714285714286,0.7647058823529411,0.8666666666666667
sem_gaussian,CPC,"{""alpha"": 0.05, ""max_conditioning_set_size"": 3}",20,30,200,5,/home/mathis/Documents/Travail/cbnsl_benchmark/experiments/scaling/agrum3/../../../experiments/scaling/agrum3/2026-07-30_14h34_sem_gaussian/graphs/golden__v20_a30_g5.json,/home/mathis/Documents/Travail/cbnsl_benchmark/experiments/scaling/agrum3/../../../experiments/scaling/agrum3/2026-07-30_14h34_sem_gaussian/graphs/CPC__v20_a30_g5_s200.json,,0.06293001000085496,28.0,21.0,0.06666666666666667,0.4324324324324324,0.045454545454545456,0.27586206896551724
sem_gaussian,CMIIC,"{""alpha"": 0.05}",20,30,200,5,/home/mathis/Documents/Travail/cbnsl_benchmark/experiments/scaling/agrum3/../../../experiments/scaling/agrum3/2026-07-30_14h34_sem_gaussian/graphs/golden__v20_a30_g5.json,/home/mathis/Documents/Travail/cbnsl_benchmark/experiments/scaling/agrum3/../../../experiments/scaling/agrum3/2026-07-30_14h34_sem_gaussian/graphs/CMIIC__v20_a30_g5_s200.json,,0.4079796250007348,24.0,6.0,0.29411764705882354,0.8846153846153846,0.45454545454545453,0.7931034482758621
sem_gaussian,CPC,"{""alpha"": 0.05, ""max_conditioning_set_size"": 3}",20,30,500,5,/home/mathis/Documents/Travail/cbnsl_benchmark/experiments/scaling/agrum3/../../../experiments/scaling/agrum3/2026-07-30_14h34_sem_gaussian/graphs/golden__v20_a30_g5.json,/home/mathis/Documents/Travail/cbnsl_benchmark/experiments/scaling/agrum3/../../../experiments/scaling/agrum3/2026-07-30_14h34_sem_gaussian/graphs/CPC__v20_a30_g5_s500.json,,0.5334628689997771,23.0,18.0,0.34285714285714286,0.5499999999999999,0.25,0.3793103448275862
sem_gaussian,CMIIC,"{""alpha"": 0.05}",20,30,500,5,/home/mathis/Documents/Travail/cbnsl_benchmark/experiments/scaling/agrum3/../../../experiments/scaling/agrum3/2026-07-30_14h34_sem_gaussian/graphs/golden__v20_a30_g5.json,/home/mathis/Documents/Travail/cbnsl_benchmark/experiments/scaling/agrum3/../../../experiments/scaling/agrum3/2026-07-30_14h34_sem_gaussian/graphs/CMIIC__v20_a30_g5_s500.json,,1.7924184629991942,24.0,7.0,0.29411764705882354,0.8627450980392156,0.4166666666666667,0.7586206896551724
sem_gaussian,CPC,"{""alpha"": 0.05, ""max_conditioning_set_size"": 3}",20,30,1000,5,/home/mathis/Documents/Travail/cbnsl_benchmark/experiments/scaling/agrum3/../../../experiments/scaling/agrum3/2026-07-30_14h34_sem_gaussian/graphs/golden__v20_a30_g5.json,/home/mathis/Documents/Travail/cbnsl_benchmark/experiments/scaling/agrum3/../../../experiments/scaling/agrum3/2026-07-30_14h34_sem_gaussian/graphs/CPC__v20_a30_g5_s1000.json,,2.564314650997403,22.0,9.0,0.38888888888888884,0.8163265306122449,0.4375,0.6896551724137931
sem_gaussian,CMIIC,"{""alpha"": 0.05}",20,30,1000,5,/home/mathis/Documents/Travail/cbnsl_benchmark/experiments/scaling/agrum3/../../../experiments/scaling/agrum3/2026-07-30_14h34_sem_gaussian/graphs/golden__v20_a30_g5.json,/home/mathis/Documents/Travail/cbnsl_benchmark/experiments/scaling/agrum3/../../../experiments/scaling/agrum3/2026-07-30_14h34_sem_gaussian/graphs/CMIIC__v20_a30_g5_s1000.json,,5.480602546998853,24.0,5.0,0.29411764705882354,0.9056603773584906,0.5,0.8275862068965517
sem_gaussian,CPC,"{""alpha"": 0.05, ""max_conditioning_set_size"": 3}",20,30,3000,5,/home/mathis/Documents/Travail/cbnsl_benchmark/experiments/scaling/agrum3/../../../experiments/scaling/agrum3/2026-07-30_14h34_sem_gaussian/graphs/golden__v20_a30_g5.json,/home/mathis/Documents/Travail/cbnsl_benchmark/experiments/scaling/agrum3/../../../experiments/scaling/agrum3/2026-07-30_14h34_sem_gaussian/graphs/CPC__v20_a30_g5_s3000.json,,31.95142111500172,19.0,4.0,0.5128205128205129,0.9259259259259259,0.7142857142857143,0.8620689655172413
sem_gaussian,CMIIC,"{""alpha"": 0.05}",20,30,3000,5,/home/mathis/Documents/Travail/cbnsl_benchmark/experiments/scaling/agrum3/../../../experiments/scaling/agrum3/2026-07-30_14h34_sem_gaussian/graphs/golden__v20_a30_g5.json,/home/mathis/Documents/Travail/cbnsl_benchmark/experiments/scaling/agrum3/../../../experiments/scaling/agrum3/2026-07-30_14h34_sem_gaussian/graphs/CMIIC__v20_a30_g5_s3000.json,,43.67999406799936,17.0,5.0,0.5853658536585366,0.9056603773584906,0.7058823529411765,0.8275862068965517
sem_gaussian,CPC,"{""alpha"": 0.05, ""max_conditioning_set_size"": 3}",20,30,5000,5,/home/mathis/Documents/Travail/cbnsl_benchmark/experiments/scaling/agrum3/../../../experiments/scaling/agrum3/2026-07-30_14h34_sem_gaussian/graphs/golden__v20_a30_g5.json,/home/mathis/Documents/Travail/cbnsl_benchmark/experiments/scaling/agrum3/../../../experiments/scaling/agrum3/2026-07-30_14h34_sem_gaussian/graphs/CPC__v20_a30_g5_s5000.json,,103.62827502399887,17.0,3.0,0.5853658536585367,0.9454545454545454,0.8,0.896551724137931
sem_gaussian,CMIIC,"{""alpha"": 0.05}",20,30,5000,5,/home/mathis/Documents/Travail/cbnsl_benchmark/experiments/scaling/agrum3/../../../experiments/scaling/agrum3/2026-07-30_14h34_sem_gaussian/graphs/golden__v20_a30_g5.json,/home/mathis/Documents/Travail/cbnsl_benchmark/experiments/scaling/agrum3/../../../experiments/scaling/agrum3/2026-07-30_14h34_sem_gaussian/graphs/CMIIC__v20_a30_g5_s5000.json,,118.92820739700255,17.0,6.0,0.5853658536585366,0.8846153846153846,0.6666666666666666,0.7931034482758621
sem_gaussian,CPC,"{""alpha"": 0.05, ""max_conditioning_set_size"": 3}",20,30,200,6,/home/mathis/Documents/Travail/cbnsl_benchmark/experiments/scaling/agrum3/../../../experiments/scaling/agrum3/2026-07-30_14h34_sem_gaussian/graphs/golden__v20_a30_g6.json,/home/mathis/Documents/Travail/cbnsl_benchmark/experiments/scaling/agrum3/../../../experiments/scaling/agrum3/2026-07-30_14h34_sem_gaussian/graphs/CPC__v20_a30_g6_s200.json,,0.0557213390020479,27.0,19.0,0.1818181818181818,0.5365853658536585,0.13636363636363635,0.36666666666666664
sem_gaussian,CMIIC,"{""alpha"": 0.05}",20,30,200,6,/home/mathis/Documents/Travail/cbnsl_benchmark/experiments/scaling/agrum3/../../../experiments/scaling/agrum3/2026-07-30_14h34_sem_gaussian/graphs/golden__v20_a30_g6.json,/home/mathis/Documents/Travail/cbnsl_benchmark/experiments/scaling/agrum3/../../../experiments/scaling/agrum3/2026-07-30_14h34_sem_gaussian/graphs/CMIIC__v20_a30_g6_s200.json,,0.34290071799841826,20.0,11.0,0.5454545454545454,0.7924528301886793,0.5714285714285714,0.7
sem_gaussian,CPC,"{""alpha"": 0.05, ""max_conditioning_set_size"": 3}",20,30,500,6,/home/mathis/Documents/Travail/cbnsl_benchmark/experiments/scaling/agrum3/../../../experiments/scaling/agrum3/2026-07-30_14h34_sem_gaussian/graphs/golden__v20_a30_g6.json,/home/mathis/Documents/Travail/cbnsl_benchmark/experiments/scaling/agrum3/../../../experiments/scaling/agrum3/2026-07-30_14h34_sem_gaussian/graphs/CPC__v20_a30_g6_s500.json,,0.49819367500094813,27.0,21.0,0.18181818181818182,0.4615384615384615,0.125,0.3
sem_gaussian,CMIIC,"{""alpha"": 0.05}",20,30,500,6,/home/mathis/Documents/Travail/cbnsl_benchmark/experiments/scaling/agrum3/../../../experiments/scaling/agrum3/2026-07-30_14h34_sem_gaussian/graphs/golden__v20_a30_g6.json,/home/mathis/Documents/Travail/cbnsl_benchmark/experiments/scaling/agrum3/../../../experiments/scaling/agrum3/2026-07-30_14h34_sem_gaussian/graphs/CMIIC__v20_a30_g6_s500.json,,1.6119895570009248,22.0,7.0,0.45,0.8727272727272728,0.6,0.8
sem_gaussian,CPC,"{""alpha"": 0.05, ""max_conditioning_set_size"": 3}",20,30,1000,6,/home/mathis/Documents/Travail/cbnsl_benchmark/experiments/scaling/agrum3/../../../experiments/scaling/agrum3/2026-07-30_14h34_sem_gaussian/graphs/golden__v20_a30_g6.json,/home/mathis/Documents/Travail/cbnsl_benchmark/experiments/scaling/agrum3/../../../experiments/scaling/agrum3/2026-07-30_14h34_sem_gaussian/graphs/CPC__v20_a30_g6_s1000.json,,2.005404191000707,26.0,13.0,0.23529411764705882,0.7234042553191489,0.23529411764705882,0.5666666666666667
sem_gaussian,CMIIC,"{""alpha"": 0.05}",20,30,1000,6,/home/mathis/Documents/Travail/cbnsl_benchmark/experiments/scaling/agrum3/../../../experiments/scaling/agrum3/2026-07-30_14h34_sem_gaussian/graphs/golden__v20_a30_g6.json,/home/mathis/Documents/Travail/cbnsl_benchmark/experiments/scaling/agrum3/../../../experiments/scaling/agrum3/2026-07-30_14h34_sem_gaussian/graphs/CMIIC__v20_a30_g6_s1000.json,,4.985512283998105,16.0,5.0,0.6363636363636364,0.9090909090909091,0.7368421052631579,0.8333333333333334
sem_gaussian,CPC,"{""alpha"": 0.05, ""max_conditioning_set_size"": 3}",20,30,3000,6,/home/mathis/Documents/Travail/cbnsl_benchmark/experiments/scaling/agrum3/../../../experiments/scaling/agrum3/2026-07-30_14h34_sem_gaussian/graphs/golden__v20_a30_g6.json,/home/mathis/Documents/Travail/cbnsl_benchmark/experiments/scaling/agrum3/../../../experiments/scaling/agrum3/2026-07-30_14h34_sem_gaussian/graphs/CPC__v20_a30_g6_s3000.json,,26.64871022800071,22.0,6.0,0.4761904761904762,0.896551724137931,0.7142857142857143,0.8666666666666667
sem_gaussian,CMIIC,"{""alpha"": 0.05}",20,30,3000,6,/home/mathis/Documents/Travail/cbnsl_benchmark/experiments/scaling/agrum3/../../../experiments/scaling/agrum3/2026-07-30_14h34_sem_gaussian/graphs/golden__v20_a30_g6.json,/home/mathis/Documents/Travail/cbnsl_benchmark/experiments/scaling/agrum3/../../../experiments/scaling/agrum3/2026-07-30_14h34_sem_gaussian/graphs/CMIIC__v20_a30_g6_s3000.json,,41.75702435800122,14.0,5.0,0.6956521739130435,0.9090909090909091,0.7619047619047619,0.8333333333333334
sem_gaussian,CPC,"{""alpha"": 0.05, ""max_conditioning_set_size"": 3}",20,30,5000,6,/home/mathis/Documents/Travail/cbnsl_benchmark/experiments/scaling/agrum3/../../../experiments/scaling/agrum3/2026-07-30_14h34_sem_gaussian/graphs/golden__v20_a30_g6.json,/home/mathis/Documents/Travail/cbnsl_benchmark/experiments/scaling/agrum3/../../../experiments/scaling/agrum3/2026-07-30_14h34_sem_gaussian/graphs/CPC__v20_a30_g6_s5000.json,,96.46458013499796,23.0,7.0,0.43902439024390244,0.8771929824561403,0.6428571428571429,0.8333333333333334
sem_gaussian,CMIIC,"{""alpha"": 0.05}",20,30,5000,6,/home/mathis/Documents/Travail/cbnsl_benchmark/experiments/scaling/agrum3/../../../experiments/scaling/agrum3/2026-07-30_14h34_sem_gaussian/graphs/golden__v20_a30_g6.json,/home/mathis/Documents/Travail/cbnsl_benchmark/experiments/scaling/agrum3/../../../experiments/scaling/agrum3/2026-07-30_14h34_sem_gaussian/graphs/CMIIC__v20_a30_g6_s5000.json,,137.19491625500086,14.0,5.0,0.6956521739130435,0.9090909090909091,0.7619047619047619,0.8333333333333334
sem_gaussian,CPC,"{""alpha"": 0.05, ""max_conditioning_set_size"": 3}",20,30,200,7,/home/mathis/Documents/Travail/cbnsl_benchmark/experiments/scaling/agrum3/../../../experiments/scaling/agrum3/2026-07-30_14h34_sem_gaussian/graphs/golden__v20_a30_g7.json,/home/mathis/Documents/Travail/cbnsl_benchmark/experiments/scaling/agrum3/../../../experiments/scaling/agrum3/2026-07-30_14h34_sem_gaussian/graphs/CPC__v20_a30_g7_s200.json,,0.055394716997398064,27.0,19.0,0.1818181818181818,0.5365853658536585,0.13636363636363635,0.36666666666666664
sem_gaussian,CMIIC,"{""alpha"": 0.05}",20,30,200,7,/home/mathis/Documents/Travail/cbnsl_benchmark/experiments/scaling/agrum3/../../../experiments/scaling/agrum3/2026-07-30_14h34_sem_gaussian/graphs/golden__v20_a30_g7.json,/home/mathis/Documents/Travail/cbnsl_benchmark/experiments/scaling/agrum3/../../../experiments/scaling/agrum3/2026-07-30_14h34_sem_gaussian/graphs/CMIIC__v20_a30_g7_s200.json,,0.37052107300041826,23.0,8.0,0.4102564102564102,0.8518518518518519,0.5333333333333333,0.7666666666666667
sem_gaussian,CPC,"{""alpha"": 0.05, ""max_conditioning_set_size"": 3}",20,30,500,7,/home/mathis/Documents/Travail/cbnsl_benchmark/experiments/scaling/agrum3/../../../experiments/scaling/agrum3/2026-07-30_14h34_sem_gaussian/graphs/golden__v20_a30_g7.json,/home/mathis/Documents/Travail/cbnsl_benchmark/experiments/scaling/agrum3/../../../experiments/scaling/agrum3/2026-07-30_14h34_sem_gaussian/graphs/CPC__v20_a30_g7_s500.json,,0.5025691080008983,25.0,21.0,0.28571428571428575,0.4615384615384615,0.19230769230769232,0.3
sem_gaussian,CMIIC,"{""alpha"": 0.05}",20,30,500,7,/home/mathis/Documents/Travail/cbnsl_benchmark/experiments/scaling/agrum3/../../../experiments/scaling/agrum3/2026-07-30_14h34_sem_gaussian/graphs/golden__v20_a30_g7.json,/home/mathis/Documents/Travail/cbnsl_benchmark/experiments/scaling/agrum3/../../../experiments/scaling/agrum3/2026-07-30_14h34_sem_gaussian/graphs/CMIIC__v20_a30_g7_s500.json,,1.5555887139998958,17.0,8.0,0.6046511627906977,0.846153846153846,0.6190476190476191,0.7333333333333333
sem_gaussian,CPC,"{""alpha"": 0.05, ""max_conditioning_set_size"": 3}",20,30,1000,7,/home/mathis/Documents/Travail/cbnsl_benchmark/experiments/scaling/agrum3/../../../experiments/scaling/agrum3/2026-07-30_14h34_sem_gaussian/graphs/golden__v20_a30_g7.json,/home/mathis/Documents/Travail/cbnsl_benchmark/experiments/scaling/agrum3/../../../experiments/scaling/agrum3/2026-07-30_14h34_sem_gaussian/graphs/CPC__v20_a30_g7_s1000.json,,2.2701492609994602,23.0,13.0,0.37837837837837834,0.7234042553191489,0.35,0.5666666666666667
sem_gaussian,CMIIC,"{""alpha"": 0.05}",20,30,1000,7,/home/mathis/Documents/Travail/cbnsl_benchmark/experiments/scaling/agrum3/../../../experiments/scaling/agrum3/2026-07-30_14h34_sem_gaussian/graphs/golden__v20_a30_g7.json,/home/mathis/Documents/Travail/cbnsl_benchmark/experiments/scaling/agrum3/../../../experiments/scaling/agrum3/2026-07-30_14h34_sem_gaussian/graphs/CMIIC__v20_a30_g7_s1000.json,,5.411581713000487,14.0,7.0,0.6956521739130435,0.8679245283018869,0.6956521739130435,0.7666666666666667
sem_gaussian,CPC,"{""alpha"": 0.05, ""max_conditioning_set_size"": 3}",20,30,3000,7,/home/mathis/Documents/Travail/cbnsl_benchmark/experiments/scaling/agrum3/../../../experiments/scaling/agrum3/2026-07-30_14h34_sem_gaussian/graphs/golden__v20_a30_g7.json,/home/mathis/Documents/Travail/cbnsl_benchmark/experiments/scaling/agrum3/../../../experiments/scaling/agrum3/2026-07-30_14h34_sem_gaussian/graphs/CPC__v20_a30_g7_s3000.json,,25.846995936000894,15.0,6.0,0.6666666666666666,0.888888888888889,0.7142857142857143,0.8
sem_gaussian,CMIIC,"{""alpha"": 0.05}",20,30,3000,7,/home/mathis/Documents/Travail/cbnsl_benchmark/experiments/scaling/agrum3/../../../experiments/scaling/agrum3/2026-07-30_14h34_sem_gaussian/graphs/golden__v20_a30_g7.json,/home/mathis/Documents/Travail/cbnsl_benchmark/experiments/scaling/agrum3/../../../experiments/scaling/agrum3/2026-07-30_14h34_sem_gaussian/graphs/CMIIC__v20_a30_g7_s3000.json,,46.35979814199891,15.0,8.0,0.6666666666666666,0.846153846153846,0.6521739130434783,0.7333333333333333
sem_gaussian,CPC,"{""alpha"": 0.05, ""max_conditioning_set_size"": 3}",20,30,5000,7,/home/mathis/Documents/Travail/cbnsl_benchmark/experiments/scaling/agrum3/../../../experiments/scaling/agrum3/2026-07-30_14h34_sem_gaussian/graphs/golden__v20_a30_g7.json,/home/mathis/Documents/Travail/cbnsl_benchmark/experiments/scaling/agrum3/../../../experiments/scaling/agrum3/2026-07-30_14h34_sem_gaussian/graphs/CPC__v20_a30_g7_s5000.json,,88.40048737799953,22.0,5.0,0.4210526315789474,0.9090909090909091,0.6153846153846154,0.8333333333333334
sem_gaussian,CMIIC,"{""alpha"": 0.05}",20,30,5000,7,/home/mathis/Documents/Travail/cbnsl_benchmark/experiments/scaling/agrum3/../../../experiments/scaling/agrum3/2026-07-30_14h34_sem_gaussian/graphs/golden__v20_a30_g7.json,/home/mathis/Documents/Travail/cbnsl_benchmark/experiments/scaling/agrum3/../../../experiments/scaling/agrum3/2026-07-30_14h34_sem_gaussian/graphs/CMIIC__v20_a30_g7_s5000.json,,154.65415259899964,15.0,8.0,0.6666666666666666,0.846153846153846,0.6521739130434783,0.7333333333333333
sem_gaussian,CPC,"{""alpha"": 0.05, ""max_conditioning_set_size"": 3}",20,30,200,8,/home/mathis/Documents/Travail/cbnsl_benchmark/experiments/scaling/agrum3/../../../experiments/scaling/agrum3/2026-07-30_14h34_sem_gaussian/graphs/golden__v20_a30_g8.json,/home/mathis/Documents/Travail/cbnsl_benchmark/experiments/scaling/agrum3/../../../experiments/scaling/agrum3/2026-07-30_14h34_sem_gaussian/graphs/CPC__v20_a30_g8_s200.json,,0.07273416499810992,29.0,22.0,0.12121212121212122,0.45000000000000007,0.08695652173913043,0.3
sem_gaussian,CMIIC,"{""alpha"": 0.05}",20,30,200,8,/home/mathis/Documents/Travail/cbnsl_benchmark/experiments/scaling/agrum3/../../../experiments/scaling/agrum3/2026-07-30_14h34_sem_gaussian/graphs/golden__v20_a30_g8.json,/home/mathis/Documents/Travail/cbnsl_benchmark/experiments/scaling/agrum3/../../../experiments/scaling/agrum3/2026-07-30_14h34_sem_gaussian/graphs/CMIIC__v20_a30_g8_s200.json,,0.401893389000179,28.0,10.0,0.2222222222222222,0.8148148148148148,0.3333333333333333,0.7333333333333333
sem_gaussian,CPC,"{""alpha"": 0.05, ""max_conditioning_set_size"": 3}",20,30,500,8,/home/mathis/Documents/Travail/cbnsl_benchmark/experiments/scaling/agrum3/../../../experiments/scaling/agrum3/2026-07-30_14h34_sem_gaussian/graphs/golden__v20_a30_g8.json,/home/mathis/Documents/Travail/cbnsl_benchmark/experiments/scaling/agrum3/../../../experiments/scaling/agrum3/2026-07-30_14h34_sem_gaussian/graphs/CPC__v20_a30_g8_s500.json,,0.5519236629988882,29.0,22.0,0.06451612903225806,0.4210526315789474,0.043478260869565216,0.26666666666666666
sem_gaussian,CMIIC,"{""alpha"": 0.05}",20,30,500,8,/home/mathis/Documents/Travail/cbnsl_benchmark/experiments/scaling/agrum3/../../../experiments/scaling/agrum3/2026-07-30_14h34_sem_gaussian/graphs/golden__v20_a30_g8.json,/home/mathis/Documents/Travail/cbnsl_benchmark/experiments/scaling/agrum3/../../../experiments/scaling/agrum3/2026-07-30_14h34_sem_gaussian/graphs/CMIIC__v20_a30_g8_s500.json,,1.6753241259975766,19.0,7.0,0.5581395348837209,0.8727272727272728,0.6666666666666666,0.8
sem_gaussian,CPC,"{""alpha"": 0.05, ""max_conditioning_set_size"": 3}",20,30,1000,8,/home/mathis/Documents/Travail/cbnsl_benchmark/experiments/scaling/agrum3/../../../experiments/scaling/agrum3/2026-07-30_14h34_sem_gaussian/graphs/golden__v20_a30_g8.json,/home/mathis/Documents/Travail/cbnsl_benchmark/experiments/scaling/agrum3/../../../experiments/scaling/agrum3/2026-07-30_14h34_sem_gaussian/graphs/CPC__v20_a30_g8_s1000.json,,2.4493428299974767,24.0,13.0,0.33333333333333337,0.7234042553191489,0.3157894736842105,0.5666666666666667
sem_gaussian,CMIIC,"{""alpha"": 0.05}",20,30,1000,8,/home/mathis/Documents/Travail/cbnsl_benchmark/experiments/scaling/agrum3/../../../experiments/scaling/agrum3/2026-07-30_14h34_sem_gaussian/graphs/golden__v20_a30_g8.json,/home/mathis/Documents/Travail/cbnsl_benchmark/experiments/scaling/agrum3/../../../experiments/scaling/agrum3/2026-07-30_14h34_sem_gaussian/graphs/CMIIC__v20_a30_g8_s1000.json,,5.816254391997063,18.0,8.0,0.5909090909090908,0.8518518518518519,0.65,0.7666666666666667
sem_gaussian,CPC,"{""alpha"": 0.05, ""max_conditioning_set_size"": 3}",20,30,3000,8,/home/mathis/Documents/Travail/cbnsl_benchmark/experiments/scaling/agrum3/../../../experiments/scaling/agrum3/2026-07-30_14h34_sem_gaussian/graphs/golden__v20_a30_g8.json,/home/mathis/Documents/Travail/cbnsl_benchmark/experiments/scaling/agrum3/../../../experiments/scaling/agrum3/2026-07-30_14h34_sem_gaussian/graphs/CPC__v20_a30_g8_s3000.json,,34.38883268000063,20.0,6.0,0.5454545454545454,0.896551724137931,0.75,0.8666666666666667
sem_gaussian,CMIIC,"{""alpha"": 0.05}",20,30,3000,8,/home/mathis/Documents/Travail/cbnsl_benchmark/experiments/scaling/agrum3/../../../experiments/scaling/agrum3/2026-07-30_14h34_sem_gaussian/graphs/golden__v20_a30_g8.json,/home/mathis/Documents/Travail/cbnsl_benchmark/experiments/scaling/agrum3/../../../experiments/scaling/agrum3/2026-07-30_14h34_sem_gaussian/graphs/CMIIC__v20_a30_g8_s3000.json,,45.27565134199904,13.0,8.0,0.7346938775510204,0.8518518518518519,0.72,0.7666666666666667
sem_gaussian,CPC,"{""alpha"": 0.05, ""max_conditioning_set_size"": 3}",20,30,5000,8,/home/mathis/Documents/Travail/cbnsl_benchmark/experiments/scaling/agrum3/../../../experiments/scaling/agrum3/2026-07-30_14h34_sem_gaussian/graphs/golden__v20_a30_g8.json,/home/mathis/Documents/Travail/cbnsl_benchmark/experiments/scaling/agrum3/../../../experiments/scaling/agrum3/2026-07-30_14h34_sem_gaussian/graphs/CPC__v20_a30_g8_s5000.json,,92.09442751799725,18.0,7.0,0.625,0.8813559322033899,0.7894736842105263,0.8666666666666667
sem_gaussian,CMIIC,"{""alpha"": 0.05}",20,30,5000,8,/home/mathis/Documents/Travail/cbnsl_benchmark/experiments/scaling/agrum3/../../../experiments/scaling/agrum3/2026-07-30_14h34_sem_gaussian/graphs/golden__v20_a30_g8.json,/home/mathis/Documents/Travail/cbnsl_benchmark/experiments/scaling/agrum3/../../../experiments/scaling/agrum3/2026-07-30_14h34_sem_gaussian/graphs/CMIIC__v20_a30_g8_s5000.json,,130.96744402699915,12.0,7.0,0.76,0.8727272727272728,0.76,0.8
sem_gaussian,CPC,"{""alpha"": 0.05, ""max_conditioning_set_size"": 3}",20,30,200,9,/home/mathis/Documents/Travail/cbnsl_benchmark/experiments/scaling/agrum3/../../../experiments/scaling/agrum3/2026-07-30_14h34_sem_gaussian/graphs/golden__v20_a30_g9.json,/home/mathis/Documents/Travail/cbnsl_benchmark/experiments/scaling/agrum3/../../../experiments/scaling/agrum3/2026-07-30_14h34_sem_gaussian/graphs/CPC__v20_a30_g9_s200.json,,0.06749071499871206,27.0,21.0,0.12903225806451613,0.4324324324324324,0.08695652173913043,0.27586206896551724
sem_gaussian,CMIIC,"{""alpha"": 0.05}",20,30,200,9,/home/mathis/Documents/Travail/cbnsl_benchmark/experiments/scaling/agrum3/../../../experiments/scaling/agrum3/2026-07-30_14h34_sem_gaussian/graphs/golden__v20_a30_g9.json,/home/mathis/Documents/Travail/cbnsl_benchmark/experiments/scaling/agrum3/../../../experiments/scaling/agrum3/2026-07-30_14h34_sem_gaussian/graphs/CMIIC__v20_a30_g9_s200.json,,0.45757329200205277,25.0,7.0,0.24242424242424246,0.8627450980392156,0.36363636363636365,0.7586206896551724
sem_gaussian,CPC,"{""alpha"": 0.05, ""max_conditioning_set_size"": 3}",20,30,500,9,/home/mathis/Documents/Travail/cbnsl_benchmark/experiments/scaling/agrum3/../../../experiments/scaling/agrum3/2026-07-30_14h34_sem_gaussian/graphs/golden__v20_a30_g9.json,/home/mathis/Documents/Travail/cbnsl_benchmark/experiments/scaling/agrum3/../../../experiments/scaling/agrum3/2026-07-30_14h34_sem_gaussian/graphs/CPC__v20_a30_g9_s500.json,,0.5360012570017716,27.0,23.0,0.12903225806451613,0.34285714285714286,0.08,0.20689655172413793
sem_gaussian,CMIIC,"{""alpha"": 0.05}",20,30,500,9,/home/mathis/Documents/Travail/cbnsl_benchmark/experiments/scaling/agrum3/../../../experiments/scaling/agrum3/2026-07-30_14h34_sem_gaussian/graphs/golden__v20_a30_g9.json,/home/mathis/Documents/Travail/cbnsl_benchmark/experiments/scaling/agrum3/../../../experiments/scaling/agrum3/2026-07-30_14h34_sem_gaussian/graphs/CMIIC__v20_a30_g9_s500.json,,1.9246693509994657,27.0,10.0,0.22857142857142854,0.8076923076923076,0.3333333333333333,0.7241379310344828
sem_gaussian,CPC,"{""alpha"": 0.05, ""max_conditioning_set_size"": 3}",20,30,1000,9,/home/mathis/Documents/Travail/cbnsl_benchmark/experiments/scaling/agrum3/../../../experiments/scaling/agrum3/2026-07-30_14h34_sem_gaussian/graphs/golden__v20_a30_g9.json,/home/mathis/Documents/Travail/cbnsl_benchmark/experiments/scaling/agrum3/../../../experiments/scaling/agrum3/2026-07-30_14h34_sem_gaussian/graphs/CPC__v20_a30_g9_s1000.json,,2.643944751001982,19.0,13.0,0.5128205128205128,0.7111111111111111,0.43478260869565216,0.5517241379310345
sem_gaussian,CMIIC,"{""alpha"": 0.05}",20,30,1000,9,/home/mathis/Documents/Travail/cbnsl_benchmark/experiments/scaling/agrum3/../../../experiments/scaling/agrum3/2026-07-30_14h34_sem_gaussian/graphs/golden__v20_a30_g9.json,/home/mathis/Documents/Travail/cbnsl_benchmark/experiments/scaling/agrum3/../../../experiments/scaling/agrum3/2026-07-30_14h34_sem_gaussian/graphs/CMIIC__v20_a30_g9_s1000.json,,6.413793002997409,24.0,6.0,0.29411764705882354,0.8846153846153846,0.45454545454545453,0.7931034482758621
sem_gaussian,CPC,"{""alpha"": 0.05, ""max_conditioning_set_size"": 3}",20,30,3000,9,/home/mathis/Documents/Travail/cbnsl_benchmark/experiments/scaling/agrum3/../../../experiments/scaling/agrum3/2026-07-30_14h34_sem_gaussian/graphs/golden__v20_a30_g9.json,/home/mathis/Documents/Travail/cbnsl_benchmark/experiments/scaling/agrum3/../../../experiments/scaling/agrum3/2026-07-30_14h34_sem_gaussian/graphs/CPC__v20_a30_g9_s3000.json,,39.20301146899874,24.0,9.0,0.3684210526315789,0.830188679245283,0.5,0.7586206896551724
sem_gaussian,CMIIC,"{""alpha"": 0.05}",20,30,3000,9,/home/mathis/Documents/Travail/cbnsl_benchmark/experiments/scaling/agrum3/../../../experiments/scaling/agrum3/2026-07-30_14h34_sem_gaussian/graphs/golden__v20_a30_g9.json,/home/mathis/Documents/Travail/cbnsl_benchmark/experiments/scaling/agrum3/../../../experiments/scaling/agrum3/2026-07-30_14h34_sem_gaussian/graphs/CMIIC__v20_a30_g9_s3000.json,,51.93493711799965,25.0,6.0,0.24242424242424243,0.8846153846153846,0.4,0.7931034482758621
sem_gaussian,CPC,"{""alpha"": 0.05, ""max_conditioning_set_size"": 3}",20,30,5000,9,/home/mathis/Documents/Travail/cbnsl_benchmark/experiments/scaling/agrum3/../../../experiments/scaling/agrum3/2026-07-30_14h34_sem_gaussian/graphs/golden__v20_a30_g9.json,/home/mathis/Documents/Travail/cbnsl_benchmark/experiments/scaling/agrum3/../../../experiments/scaling/agrum3/2026-07-30_14h34_sem_gaussian/graphs/CPC__v20_a30_g9_s5000.json,,93.06614259699927,24.0,7.0,0.4,0.8771929824561403,0.6666666666666666,0.8620689655172413
sem_gaussian,CMIIC,"{""alpha"": 0.05}",20,30,5000,9,/home/mathis/Documents/Travail/cbnsl_benchmark/experiments/scaling/agrum3/../../../experiments/scaling/agrum3/2026-07-30_14h34_sem_gaussian/graphs/golden__v20_a30_g9.json,/home/mathis/Documents/Travail/cbnsl_benchmark/experiments/scaling/agrum3/../../../experiments/scaling/agrum3/2026-07-30_14h34_sem_gaussian/graphs/CMIIC__v20_a30_g9_s5000.json,,148.58888765499796,24.0,8.0,0.33333333333333337,0.8461538461538461,0.46153846153846156,0.7586206896551724
sem_gaussian,CPC,"{""alpha"": 0.05, ""max_conditioning_set_size"": 3}",20,30,200,10,/home/mathis/Documents/Travail/cbnsl_benchmark/experiments/scaling/agrum3/../../../experiments/scaling/agrum3/2026-07-30_14h34_sem_gaussian/graphs/golden__v20_a30_g10.json,/home/mathis/Documents/Travail/cbnsl_benchmark/experiments/scaling/agrum3/../../../experiments/scaling/agrum3/2026-07-30_14h34_sem_gaussian/graphs/CPC__v20_a30_g10_s200.json,,0.059472566998010734,28.0,25.0,0.17647058823529413,0.32432432432432434,0.1111111111111111,0.2
sem_gaussian,CMIIC,"{""alpha"": 0.05}",20,30,200,10,/home/mathis/Documents/Travail/cbnsl_benchmark/experiments/scaling/agrum3/../../../experiments/scaling/agrum3/2026-07-30_14h34_sem_gaussian/graphs/golden__v20_a30_g10.json,/home/mathis/Documents/Travail/cbnsl_benchmark/experiments/scaling/agrum3/../../../experiments/scaling/agrum3/2026-07-30_14h34_sem_gaussian/graphs/CMIIC__v20_a30_g10_s200.json,,0.3880790379989776,29.0,10.0,0.12121212121212123,0.8076923076923077,0.18181818181818182,0.7
sem_gaussian,CPC,"{""alpha"": 0.05, ""max_conditioning_set_size"": 3}",20,30,500,10,/home/mathis/Documents/Travail/cbnsl_benchmark/experiments/scaling/agrum3/../../../experiments/scaling/agrum3/2026-07-30_14h34_sem_gaussian/graphs/golden__v20_a30_g10.json,/home/mathis/Documents/Travail/cbnsl_benchmark/experiments/scaling/agrum3/../../../experiments/scaling/agrum3/2026-07-30_14h34_sem_gaussian/graphs/CPC__v20_a30_g10_s500.json,,0.5134196050021274,26.0,24.0,0.2777777777777778,0.3684210526315789,0.17857142857142858,0.23333333333333334
sem_gaussian,CMIIC,"{""alpha"": 0.05}",20,30,500,10,/home/mathis/Documents/Travail/cbnsl_benchmark/experiments/scaling/agrum3/../../../experiments/scaling/agrum3/2026-07-30_14h34_sem_gaussian/graphs/golden__v20_a30_g10.json,/home/mathis/Documents/Travail/cbnsl_benchmark/experiments/scaling/agrum3/../../../experiments/scaling/agrum3/2026-07-30_14h34_sem_gaussian/graphs/CMIIC__v20_a30_g10_s500.json,,1.6167700219994003,22.0,10.0,0.4761904761904762,0.8148148148148148,0.5555555555555556,0.7333333333333333
sem_gaussian,CPC,"{""alpha"": 0.05, ""max_conditioning_set_size"": 3}",20,30,1000,10,/home/mathis/Documents/Travail/cbnsl_benchmark/experiments/scaling/agrum3/../../../experiments/scaling/agrum3/2026-07-30_14h34_sem_gaussian/graphs/golden__v20_a30_g10.json,/home/mathis/Documents/Travail/cbnsl_benchmark/experiments/scaling/agrum3/../../../experiments/scaling/agrum3/2026-07-30_14h34_sem_gaussian/graphs/CPC__v20_a30_g10_s1000.json,,2.220690899001056,27.0,17.0,0.18181818181818185,0.6046511627906976,0.15,0.43333333333333335
sem_gaussian,CMIIC,"{""alpha"": 0.05}",20,30,1000,10,/home/mathis/Documents/Travail/cbnsl_benchmark/experiments/scaling/agrum3/../../../experiments/scaling/agrum3/2026-07-30_14h34_sem_gaussian/graphs/golden__v20_a30_g10.json,/home/mathis/Documents/Travail/cbnsl_benchmark/experiments/scaling/agrum3/../../../experiments/scaling/agrum3/2026-07-30_14h34_sem_gaussian/graphs/CMIIC__v20_a30_g10_s1000.json,,5.821975061000558,22.0,9.0,0.4761904761904762,0.8363636363636363,0.5882352941176471,0.7666666666666667
sem_gaussian,CPC,"{""alpha"": 0.05, ""max_conditioning_set_size"": 3}",20,30,3000,10,/home/mathis/Documents/Travail/cbnsl_benchmark/experiments/scaling/agrum3/../../../experiments/scaling/agrum3/2026-07-30_14h34_sem_gaussian/graphs/golden__v20_a30_g10.json,/home/mathis/Documents/Travail/cbnsl_benchmark/experiments/scaling/agrum3/../../../experiments/scaling/agrum3/2026-07-30_14h34_sem_gaussian/graphs/CPC__v20_a30_g10_s3000.json,,26.492689013997733,22.0,11.0,0.47619047619047616,0.7924528301886793,0.5263157894736842,0.7
sem_gaussian,CMIIC,"{""alpha"": 0.05}",20,30,3000,10,/home/mathis/Documents/Travail/cbnsl_benchmark/experiments/scaling/agrum3/../../../experiments/scaling/agrum3/2026-07-30_14h34_sem_gaussian/graphs/golden__v20_a30_g10.json,/home/mathis/Documents/Travail/cbnsl_benchmark/experiments/scaling/agrum3/../../../experiments/scaling/agrum3/2026-07-30_14h34_sem_gaussian/graphs/CMIIC__v20_a30_g10_s3000.json,,43.902235658999416,18.0,9.0,0.5909090909090909,0.8301886792452831,0.6190476190476191,0.7333333333333333
sem_gaussian,CPC,"{""alpha"": 0.05, ""max_conditioning_set_size"": 3}",20,30,5000,10,/home/mathis/Documents/Travail/cbnsl_benchmark/experiments/scaling/agrum3/../../../experiments/scaling/agrum3/2026-07-30_14h34_sem_gaussian/graphs/golden__v20_a30_g10.json,/home/mathis/Documents/Travail/cbnsl_benchmark/experiments/scaling/agrum3/../../../experiments/scaling/agrum3/2026-07-30_14h34_sem_gaussian/graphs/CPC__v20_a30_g10_s5000.json,,98.61330963499859,17.0,8.0,0.6382978723404256,0.8571428571428571,0.7142857142857143,0.8
sem_gaussian,CMIIC,"{""alpha"": 0.05}",20,30,5000,10,/home/mathis/Documents/Travail/cbnsl_benchmark/experiments/scaling/agrum3/../../../experiments/scaling/agrum3/2026-07-30_14h34_sem_gaussian/graphs/golden__v20_a30_g10.json,/home/mathis/Documents/Travail/cbnsl_benchmark/experiments/scaling/agrum3/../../../experiments/scaling/agrum3/2026-07-30_14h34_sem_gaussian/graphs/CMIIC__v20_a30_g10_s5000.json,,126.55259776299863,19.0,8.0,0.5365853658536586,0.846153846153846,0.5789473684210527,0.7333333333333333
sem_gaussian,CPC,"{""alpha"": 0.05, ""max_conditioning_set_size"": 3}",20,30,200,11,/home/mathis/Documents/Travail/cbnsl_benchmark/experiments/scaling/agrum3/../../../experiments/scaling/agrum3/2026-07-30_14h34_sem_gaussian/graphs/golden__v20_a30_g11.json,/home/mathis/Documents/Travail/cbnsl_benchmark/experiments/scaling/agrum3/../../../experiments/scaling/agrum3/2026-07-30_14h34_sem_gaussian/graphs/CPC__v20_a30_g11_s200.json,,0.06984497400117107,27.0,23.0,0.18181818181818182,0.37837837837837834,0.11538461538461539,0.23333333333333334
sem_gaussian,CMIIC,"{""alpha"": 0.05}",20,30,200,11,/home/mathis/Documents/Travail/cbnsl_benchmark/experiments/scaling/agrum3/../../../experiments/scaling/agrum3/2026-07-30_14h34_sem_gaussian/graphs/golden__v20_a30_g11.json,/home/mathis/Documents/Travail/cbnsl_benchmark/experiments/scaling/agrum3/../../../experiments/scaling/agrum3/2026-07-30_14h34_sem_gaussian/graphs/CMIIC__v20_a30_g11_s200.json,,0.44820356700074626,28.0,10.0,0.125,0.8,0.16666666666666666,0.6666666666666666
sem_gaussian,CPC,"{""alpha"": 0.05, ""max_conditioning_set_size"": 3}",20,30,500,11,/home/mathis/Documents/Travail/cbnsl_benchmark/experiments/scaling/agrum3/../../../experiments/scaling/agrum3/2026-07-30_14h34_sem_gaussian/graphs/golden__v20_a30_g11.json,/home/mathis/Documents/Travail/cbnsl_benchmark/experiments/scaling/agrum3/../../../experiments/scaling/agrum3/2026-07-30_14h34_sem_gaussian/graphs/CPC__v20_a30_g11_s500.json,,0.624638491000951,29.0,25.0,0.06451612903225806,0.2857142857142857,0.038461538461538464,0.16666666666666666
sem_gaussian,CMIIC,"{""alpha"": 0.05}",20,30,500,11,/home/mathis/Documents/Travail/cbnsl_benchmark/experiments/scaling/agrum3/../../../experiments/scaling/agrum3/2026-07-30_14h34_sem_gaussian/graphs/golden__v20_a30_g11.json,/home/mathis/Documents/Travail/cbnsl_benchmark/experiments/scaling/agrum3/../../../experiments/scaling/agrum3/2026-07-30_14h34_sem_gaussian/graphs/CMIIC__v20_a30_g11_s500.json,,1.8088176870005555,28.0,10.0,0.125,0.8,0.16666666666666666,0.6666666666666666
sem_gaussian,CPC,"{""alpha"": 0.05, ""max_conditioning_set_size"": 3}",20,30,1000,11,/home/mathis/Documents/Travail/cbnsl_benchmark/experiments/scaling/agrum3/../../../experiments/scaling/agrum3/2026-07-30_14h34_sem_gaussian/graphs/golden__v20_a30_g11.json,/home/mathis/Documents/Travail/cbnsl_benchmark/experiments/scaling/agrum3/../../../experiments/scaling/agrum3/2026-07-30_14h34_sem_gaussian/graphs/CPC__v20_a30_g11_s1000.json,,3.161222042999725,21.0,13.0,0.46153846153846156,0.7234042553191489,0.4090909090909091,0.5666666666666667
sem_gaussian,CMIIC,"{""alpha"": 0.05}",20,30,1000,11,/home/mathis/Documents/Travail/cbnsl_benchmark/experiments/scaling/agrum3/../../../experiments/scaling/agrum3/2026-07-30_14h34_sem_gaussian/graphs/golden__v20_a30_g11.json,/home/mathis/Documents/Travail/cbnsl_benchmark/experiments/scaling/agrum3/../../../experiments/scaling/agrum3/2026-07-30_14h34_sem_gaussian/graphs/CMIIC__v20_a30_g11_s1000.json,,6.0081551910006965,28.0,10.0,0.125,0.8,0.16666666666666666,0.6666666666666666
sem_gaussian,CPC,"{""alpha"": 0.05, ""max_conditioning_set_size"": 3}",20,30,3000,11,/home/mathis/Documents/Travail/cbnsl_benchmark/experiments/scaling/agrum3/../../../experiments/scaling/agrum3/2026-07-30_14h34_sem_gaussian/graphs/golden__v20_a30_g11.json,/home/mathis/Documents/Travail/cbnsl_benchmark/experiments/scaling/agrum3/../../../experiments/scaling/agrum3/2026-07-30_14h34_sem_gaussian/graphs/CPC__v20_a30_g11_s3000.json,,44.26265104199774,22.0,8.0,0.45,0.8518518518518519,0.5625,0.7666666666666667
sem_gaussian,CMIIC,"{""alpha"": 0.05}",20,30,3000,11,/home/mathis/Documents/Travail/cbnsl_benchmark/experiments/scaling/agrum3/../../../experiments/scaling/agrum3/2026-07-30_14h34_sem_gaussian/graphs/golden__v20_a30_g11.json,/home/mathis/Documents/Travail/cbnsl_benchmark/experiments/scaling/agrum3/../../../experiments/scaling/agrum3/2026-07-30_14h34_sem_gaussian/graphs/CMIIC__v20_a30_g11_s3000.json,,60.28219700699992,22.0,9.0,0.42105263157894735,0.8235294117647058,0.47058823529411764,0.7
sem_gaussian,CPC,"{""alpha"": 0.05, ""max_conditioning_set_size"": 3}",20,30,5000,11,/home/mathis/Documents/Travail/cbnsl_benchmark/experiments/scaling/agrum3/../../../experiments/scaling/agrum3/2026-07-30_14h34_sem_gaussian/graphs/golden__v20_a30_g11.json,/home/mathis/Documents/Travail/cbnsl_benchmark/experiments/scaling/agrum3/../../../experiments/scaling/agrum3/2026-07-30_14h34_sem_gaussian/graphs/CPC__v20_a30_g11_s5000.json,,122.97147114100153,17.0,9.0,0.6530612244897959,0.8421052631578948,0.7272727272727273,0.8
sem_gaussian,CMIIC,"{""alpha"": 0.05}",20,30,5000,11,/home/mathis/Documents/Travail/cbnsl_benchmark/experiments/scaling/agrum3/../../../experiments/scaling/agrum3/2026-07-30_14h34_sem_gaussian/graphs/golden__v20_a30_g11.json,/home/mathis/Documents/Travail/cbnsl_benchmark/experiments/scaling/agrum3/../../../experiments/scaling/agrum3/2026-07-30_14h34_sem_gaussian/graphs/CMIIC__v20_a30_g11_s5000.json,,140.36098835499797,28.0,10.0,0.125,0.8,0.16666666666666666,0.6666666666666666
sem_gaussian,CPC,"{""alpha"": 0.05, ""max_conditioning_set_size"": 3}",20,30,200,12,/home/mathis/Documents/Travail/cbnsl_benchmark/experiments/scaling/agrum3/../../../experiments/scaling/agrum3/2026-07-30_14h34_sem_gaussian/graphs/golden__v20_a30_g12.json,/home/mathis/Documents/Travail/cbnsl_benchmark/experiments/scaling/agrum3/../../../experiments/scaling/agrum3/2026-07-30_14h34_sem_gaussian/graphs/CPC__v20_a30_g12_s200.json,,0.08217145900198375,28.0,21.0,0.125,0.4615384615384615,0.08695652173913043,0.3
sem_gaussian,CMIIC,"{""alpha"": 0.05}",20,30,200,12,/home/mathis/Documents/Travail/cbnsl_benchmark/experiments/scaling/agrum3/../../../experiments/scaling/agrum3/2026-07-30_14h34_sem_gaussian/graphs/golden__v20_a30_g12.json,/home/mathis/Documents/Travail/cbnsl_benchmark/experiments/scaling/agrum3/../../../experiments/scaling/agrum3/2026-07-30_14h34_sem_gaussian/graphs/CMIIC__v20_a30_g12_s200.json,,0.6229805929979193,28.0,9.0,0.1764705882352941,0.8301886792452831,0.2727272727272727,0.7333333333333333
sem_gaussian,CPC,"{""alpha"": 0.05, ""max_conditioning_set_size"": 3}",20,30,500,12,/home/mathis/Documents/Travail/cbnsl_benchmark/experiments/scaling/agrum3/../../../experiments/scaling/agrum3/2026-07-30_14h34_sem_gaussian/graphs/golden__v20_a30_g12.json,/home/mathis/Documents/Travail/cbnsl_benchmark/experiments/scaling/agrum3/../../../experiments/scaling/agrum3/2026-07-30_14h34_sem_gaussian/graphs/CPC__v20_a30_g12_s500.json,,0.7327499179991719,27.0,18.0,0.18181818181818182,0.5714285714285715,0.14285714285714285,0.4
sem_gaussian,CMIIC,"{""alpha"": 0.05}",20,30,500,12,/home/mathis/Documents/Travail/cbnsl_benchmark/experiments/scaling/agrum3/../../../experiments/scaling/agrum3/2026-07-30_14h34_sem_gaussian/graphs/golden__v20_a30_g12.json,/home/mathis/Documents/Travail/cbnsl_benchmark/experiments/scaling/agrum3/../../../experiments/scaling/agrum3/2026-07-30_14h34_sem_gaussian/graphs/CMIIC__v20_a30_g12_s500.json,,2.0259352030006994,26.0,7.0,0.2352941176470588,0.8679245283018869,0.36363636363636365,0.7666666666666667
sem_gaussian,CPC,"{""alpha"": 0.05, ""max_conditioning_set_size"": 3}",20,30,1000,12,/home/mathis/Documents/Travail/cbnsl_benchmark/experiments/scaling/agrum3/../../../experiments/scaling/agrum3/2026-07-30_14h34_sem_gaussian/graphs/golden__v20_a30_g12.json,/home/mathis/Documents/Travail/cbnsl_benchmark/experiments/scaling/agrum3/../../../experiments/scaling/agrum3/2026-07-30_14h34_sem_gaussian/graphs/CPC__v20_a30_g12_s1000.json,,2.264931992001948,26.0,14.0,0.23529411764705882,0.6956521739130436,0.2222222222222222,0.5333333333333333
sem_gaussian,CMIIC,"{""alpha"": 0.05}",20,30,1000,12,/home/mathis/Documents/Travail/cbnsl_benchmark/experiments/scaling/agrum3/../../../experiments/scaling/agrum3/2026-07-30_14h34_sem_gaussian/graphs/golden__v20_a30_g12.json,/home/mathis/Documents/Travail/cbnsl_benchmark/experiments/scaling/agrum3/../../../experiments/scaling/agrum3/2026-07-30_14h34_sem_gaussian/graphs/CMIIC__v20_a30_g12_s1000.json,,5.319127273000049,26.0,8.0,0.23529411764705885,0.846153846153846,0.3333333333333333,0.7333333333333333
sem_gaussian,CPC,"{""alpha"": 0.05, ""max_conditioning_set_size"": 3}",20,30,3000,12,/home/mathis/Documents/Travail/cbnsl_benchmark/experiments/scaling/agrum3/../../../experiments/scaling/agrum3/2026-07-30_14h34_sem_gaussian/graphs/golden__v20_a30_g12.json,/home/mathis/Documents/Travail/cbnsl_benchmark/experiments/scaling/agrum3/../../../experiments/scaling/agrum3/2026-07-30_14h34_sem_gaussian/graphs/CPC__v20_a30_g12_s3000.json,,31.54086363999886,20.0,7.0,0.5,0.8679245283018869,0.5882352941176471,0.7666666666666667
sem_gaussian,CMIIC,"{""alpha"": 0.05}",20,30,3000,12,/home/mathis/Documents/Travail/cbnsl_benchmark/experiments/scaling/agrum3/../../../experiments/scaling/agrum3/2026-07-30_14h34_sem_gaussian/graphs/golden__v20_a30_g12.json,/home/mathis/Documents/Travail/cbnsl_benchmark/experiments/scaling/agrum3/../../../experiments/scaling/agrum3/2026-07-30_14h34_sem_gaussian/graphs/CMIIC__v20_a30_g12_s3000.json,,46.974079885996616,26.0,8.0,0.23529411764705885,0.846153846153846,0.3333333333333333,0.7333333333333333
sem_gaussian,CPC,"{""alpha"": 0.05, ""max_conditioning_set_size"": 3}",20,30,5000,12,/home/mathis/Documents/Travail/cbnsl_benchmark/experiments/scaling/agrum3/../../../experiments/scaling/agrum3/2026-07-30_14h34_sem_gaussian/graphs/golden__v20_a30_g12.json,/home/mathis/Documents/Travail/cbnsl_benchmark/experiments/scaling/agrum3/../../../experiments/scaling/agrum3/2026-07-30_14h34_sem_gaussian/graphs/CPC__v20_a30_g12_s5000.json,,107.06718396600263,19.0,8.0,0.5777777777777778,0.8571428571428571,0.6842105263157895,0.8
sem_gaussian,CMIIC,"{""alpha"": 0.05}",20,30,5000,12,/home/mathis/Documents/Travail/cbnsl_benchmark/experiments/scaling/agrum3/../../../experiments/scaling/agrum3/2026-07-30_14h34_sem_gaussian/graphs/golden__v20_a30_g12.json,/home/mathis/Documents/Travail/cbnsl_benchmark/experiments/scaling/agrum3/../../../experiments/scaling/agrum3/2026-07-30_14h34_sem_gaussian/graphs/CMIIC__v20_a30_g12_s5000.json,,118.98338618799971,26.0,8.0,0.23529411764705885,0.846153846153846,0.3333333333333333,0.7333333333333333
sem_gaussian,CPC,"{""alpha"": 0.05, ""max_conditioning_set_size"": 3}",20,30,200,13,/home/mathis/Documents/Travail/cbnsl_benchmark/experiments/scaling/agrum3/../../../experiments/scaling/agrum3/2026-07-30_14h34_sem_gaussian/graphs/golden__v20_a30_g13.json,/home/mathis/Documents/Travail/cbnsl_benchmark/experiments/scaling/agrum3/../../../experiments/scaling/agrum3/2026-07-30_14h34_sem_gaussian/graphs/CPC__v20_a30_g13_s200.json,,0.07488512900090427,26.0,19.0,0.2352941176470588,0.5365853658536585,0.17391304347826086,0.36666666666666664
sem_gaussian,CMIIC,"{""alpha"": 0.05}",20,30,200,13,/home/mathis/Documents/Travail/cbnsl_benchmark/experiments/scaling/agrum3/../../../experiments/scaling/agrum3/2026-07-30_14h34_sem_gaussian/graphs/golden__v20_a30_g13.json,/home/mathis/Documents/Travail/cbnsl_benchmark/experiments/scaling/agrum3/../../../experiments/scaling/agrum3/2026-07-30_14h34_sem_gaussian/graphs/CMIIC__v20_a30_g13_s200.json,,0.6076371170020138,28.0,7.0,0.1764705882352941,0.8727272727272728,0.3333333333333333,0.8
sem_gaussian,CPC,"{""alpha"": 0.05, ""max_conditioning_set_size"": 3}",20,30,500,13,/home/mathis/Documents/Travail/cbnsl_benchmark/experiments/scaling/agrum3/../../../experiments/scaling/agrum3/2026-07-30_14h34_sem_gaussian/graphs/golden__v20_a30_g13.json,/home/mathis/Documents/Travail/cbnsl_benchmark/experiments/scaling/agrum3/../../../experiments/scaling/agrum3/2026-07-30_14h34_sem_gaussian/graphs/CPC__v20_a30_g13_s500.json,,0.4827047409999068,24.0,14.0,0.33333333333333326,0.6956521739130436,0.3,0.5333333333333333
sem_gaussian,CMIIC,"{""alpha"": 0.05}",20,30,500,13,/home/mathis/Documents/Travail/cbnsl_benchmark/experiments/scaling/agrum3/../../../experiments/scaling/agrum3/2026-07-30_14h34_sem_gaussian/graphs/golden__v20_a30_g13.json,/home/mathis/Documents/Travail/cbnsl_benchmark/experiments/scaling/agrum3/../../../experiments/scaling/agrum3/2026-07-30_14h34_sem_gaussian/graphs/CMIIC__v20_a30_g13_s500.json,,1.7964942809994682,25.0,5.0,0.28571428571428575,0.9090909090909091,0.5,0.8333333333333334
sem_gaussian,CPC,"{""alpha"": 0.05, ""max_conditioning_set_size"": 3}",20,30,1000,13,/home/mathis/Documents/Travail/cbnsl_benchmark/experiments/scaling/agrum3/../../../experiments/scaling/agrum3/2026-07-30_14h34_sem_gaussian/graphs/golden__v20_a30_g13.json,/home/mathis/Documents/Travail/cbnsl_benchmark/experiments/scaling/agrum3/../../../experiments/scaling/agrum3/2026-07-30_14h34_sem_gaussian/graphs/CPC__v20_a30_g13_s1000.json,,2.7133225809993746,22.0,11.0,0.45,0.7843137254901961,0.47368421052631576,0.6666666666666666
sem_gaussian,CMIIC,"{""alpha"": 0.05}",20,30,1000,13,/home/mathis/Documents/Travail/cbnsl_benchmark/experiments/scaling/agrum3/../../../experiments/scaling/agrum3/2026-07-30_14h34_sem_gaussian/graphs/golden__v20_a30_g13.json,/home/mathis/Documents/Travail/cbnsl_benchmark/experiments/scaling/agrum3/../../../experiments/scaling/agrum3/2026-07-30_14h34_sem_gaussian/graphs/CMIIC__v20_a30_g13_s1000.json,,6.199309491003078,17.0,6.0,0.6046511627906976,0.888888888888889,0.6842105263157895,0.8
sem_gaussian,CPC,"{""alpha"": 0.05, ""max_conditioning_set_size"": 3}",20,30,3000,13,/home/mathis/Documents/Travail/cbnsl_benchmark/experiments/scaling/agrum3/../../../experiments/scaling/agrum3/2026-07-30_14h34_sem_gaussian/graphs/golden__v20_a30_g13.json,/home/mathis/Documents/Travail/cbnsl_benchmark/experiments/scaling/agrum3/../../../experiments/scaling/agrum3/2026-07-30_14h34_sem_gaussian/graphs/CPC__v20_a30_g13_s3000.json,,30.284581023999635,24.0,5.0,0.3333333333333333,0.9090909090909091,0.5454545454545454,0.8333333333333334
sem_gaussian,CMIIC,"{""alpha"": 0.05}",20,30,3000,13,/home/mathis/Documents/Travail/cbnsl_benchmark/experiments/scaling/agrum3/../../../experiments/scaling/agrum3/2026-07-30_14h34_sem_gaussian/graphs/golden__v20_a30_g13.json,/home/mathis/Documents/Travail/cbnsl_benchmark/experiments/scaling/agrum3/../../../experiments/scaling/agrum3/2026-07-30_14h34_sem_gaussian/graphs/CMIIC__v20_a30_g13_s3000.json,,40.80612104700049,14.0,8.0,0.7083333333333334,0.8518518518518519,0.7083333333333334,0.7666666666666667
sem_gaussian,CPC,"{""alpha"": 0.05, ""max_conditioning_set_size"": 3}",20,30,5000,13,/home/mathis/Documents/Travail/cbnsl_benchmark/experiments/scaling/agrum3/../../../experiments/scaling/agrum3/2026-07-30_14h34_sem_gaussian/graphs/golden__v20_a30_g13.json,/home/mathis/Documents/Travail/cbnsl_benchmark/experiments/scaling/agrum3/../../../experiments/scaling/agrum3/2026-07-30_14h34_sem_gaussian/graphs/CPC__v20_a30_g13_s5000.json,,95.814180166999,15.0,5.0,0.6666666666666665,0.9090909090909091,0.75,0.8333333333333334
sem_gaussian,CMIIC,"{""alpha"": 0.05}",20,30,5000,13,/home/mathis/Documents/Travail/cbnsl_benchmark/experiments/scaling/agrum3/../../../experiments/scaling/agrum3/2026-07-30_14h34_sem_gaussian/graphs/golden__v20_a30_g13.json,/home/mathis/Documents/Travail/cbnsl_benchmark/experiments/scaling/agrum3/../../../experiments/scaling/agrum3/2026-07-30_14h34_sem_gaussian/graphs/CMIIC__v20_a30_g13_s5000.json,,117.95538768400002,14.0,9.0,0.7083333333333334,0.8301886792452831,0.68,0.7333333333333333
sem_gaussian,CPC,"{""alpha"": 0.05, ""max_conditioning_set_size"": 3}",20,30,200,14,/home/mathis/Documents/Travail/cbnsl_benchmark/experiments/scaling/agrum3/../../../experiments/scaling/agrum3/2026-07-30_14h34_sem_gaussian/graphs/golden__v20_a30_g14.json,/home/mathis/Documents/Travail/cbnsl_benchmark/experiments/scaling/agrum3/../../../experiments/scaling/agrum3/2026-07-30_14h34_sem_gaussian/graphs/CPC__v20_a30_g14_s200.json,,0.05324081299841055,23.0,14.0,0.34285714285714286,0.6818181818181819,0.3,0.5172413793103449
sem_gaussian,CMIIC,"{""alpha"": 0.05}",20,30,200,14,/home/mathis/Documents/Travail/cbnsl_benchmark/experiments/scaling/agrum3/../../../experiments/scaling/agrum3/2026-07-30_14h34_sem_gaussian/graphs/golden__v20_a30_g14.json,/home/mathis/Documents/Travail/cbnsl_benchmark/experiments/scaling/agrum3/../../../experiments/scaling/agrum3/2026-07-30_14h34_sem_gaussian/graphs/CMIIC__v20_a30_g14_s200.json,,0.37912524200146436,20.0,6.0,0.47368421052631576,0.8846153846153846,0.6,0.7931034482758621
sem_gaussian,CPC,"{""alpha"": 0.05, ""max_conditioning_set_size"": 3}",20,30,500,14,/home/mathis/Documents/Travail/cbnsl_benchmark/experiments/scaling/agrum3/../../../experiments/scaling/agrum3/2026-07-30_14h34_sem_gaussian/graphs/golden__v20_a30_g14.json,/home/mathis/Documents/Travail/cbnsl_benchmark/experiments/scaling/agrum3/../../../experiments/scaling/agrum3/2026-07-30_14h34_sem_gaussian/graphs/CPC__v20_a30_g14_s500.json,,0.4892478450019553,27.0,16.0,0.12903225806451615,0.6190476190476191,0.1111111111111111,0.4482758620689655
sem_gaussian,CMIIC,"{""alpha"": 0.05}",20,30,500,14,/home/mathis/Documents/Travail/cbnsl_benchmark/experiments/scaling/agrum3/../../../experiments/scaling/agrum3/2026-07-30_14h34_sem_gaussian/graphs/golden__v20_a30_g14.json,/home/mathis/Documents/Travail/cbnsl_benchmark/experiments/scaling/agrum3/../../../experiments/scaling/agrum3/2026-07-30_14h34_sem_gaussian/graphs/CMIIC__v20_a30_g14_s500.json,,1.4747295830020448,20.0,8.0,0.5,0.8461538461538461,0.5882352941176471,0.7586206896551724
sem_gaussian,CPC,"{""alpha"": 0.05, ""max_conditioning_set_size"": 3}",20,30,1000,14,/home/mathis/Documents/Travail/cbnsl_benchmark/experiments/scaling/agrum3/../../../experiments/scaling/agrum3/2026-07-30_14h34_sem_gaussian/graphs/golden__v20_a30_g14.json,/home/mathis/Documents/Travail/cbnsl_benchmark/experiments/scaling/agrum3/../../../experiments/scaling/agrum3/2026-07-30_14h34_sem_gaussian/graphs/CPC__v20_a30_g14_s1000.json,,2.029900188997999,25.0,12.0,0.24242424242424243,0.7391304347826086,0.25,0.5862068965517241
sem_gaussian,CMIIC,"{""alpha"": 0.05}",20,30,1000,14,/home/mathis/Documents/Travail/cbnsl_benchmark/experiments/scaling/agrum3/../../../experiments/scaling/agrum3/2026-07-30_14h34_sem_gaussian/graphs/golden__v20_a30_g14.json,/home/mathis/Documents/Travail/cbnsl_benchmark/experiments/scaling/agrum3/../../../experiments/scaling/agrum3/2026-07-30_14h34_sem_gaussian/graphs/CMIIC__v20_a30_g14_s1000.json,,5.52939944299942,22.0,8.0,0.4210526315789474,0.8461538461538461,0.5333333333333333,0.7586206896551724
sem_gaussian,CPC,"{""alpha"": 0.05, ""max_conditioning_set_size"": 3}",20,30,3000,14,/home/mathis/Documents/Travail/cbnsl_benchmark/experiments/scaling/agrum3/../../../experiments/scaling/agrum3/2026-07-30_14h34_sem_gaussian/graphs/golden__v20_a30_g14.json,/home/mathis/Documents/Travail/cbnsl_benchmark/experiments/scaling/agrum3/../../../experiments/scaling/agrum3/2026-07-30_14h34_sem_gaussian/graphs/CPC__v20_a30_g14_s3000.json,,25.50148878300024,21.0,8.0,0.48780487804878053,0.851851851851852,0.625,0.7931034482758621
sem_gaussian,CMIIC,"{""alpha"": 0.05}",20,30,3000,14,/home/mathis/Documents/Travail/cbnsl_benchmark/experiments/scaling/agrum3/../../../experiments/scaling/agrum3/2026-07-30_14h34_sem_gaussian/graphs/golden__v20_a30_g14.json,/home/mathis/Documents/Travail/cbnsl_benchmark/experiments/scaling/agrum3/../../../experiments/scaling/agrum3/2026-07-30_14h34_sem_gaussian/graphs/CMIIC__v20_a30_g14_s3000.json,,40.34535790100199,22.0,10.0,0.42105263157894735,0.7999999999999999,0.47058823529411764,0.6896551724137931
sem_gaussian,CPC,"{""alpha"": 0.05, ""max_conditioning_set_size"": 3}",20,30,5000,14,/home/mathis/Documents/Travail/cbnsl_benchmark/experiments/scaling/agrum3/../../../experiments/scaling/agrum3/2026-07-30_14h34_sem_gaussian/graphs/golden__v20_a30_g14.json,/home/mathis/Documents/Travail/cbnsl_benchmark/experiments/scaling/agrum3/../../../experiments/scaling/agrum3/2026-07-30_14h34_sem_gaussian/graphs/CPC__v20_a30_g14_s5000.json,,75.93923295700006,22.0,8.0,0.45,0.851851851851852,0.6,0.7931034482758621
sem_gaussian,CMIIC,"{""alpha"": 0.05}",20,30,5000,14,/home/mathis/Documents/Travail/cbnsl_benchmark/experiments/scaling/agrum3/../../../experiments/scaling/agrum3/2026-07-30_14h34_sem_gaussian/graphs/golden__v20_a30_g14.json,/home/mathis/Documents/Travail/cbnsl_benchmark/experiments/scaling/agrum3/../../../experiments/scaling/agrum3/2026-07-30_14h34_sem_gaussian/graphs/CMIIC__v20_a30_g14_s5000.json,,109.98053532500126,19.0,10.0,0.5365853658536585,0.7999999999999999,0.55,0.6896551724137931
sem_gaussian,CPC,"{""alpha"": 0.05, ""max_conditioning_set_size"": 3}",20,30,200,15,/home/mathis/Documents/Travail/cbnsl_benchmark/experiments/scaling/agrum3/../../../experiments/scaling/agrum3/2026-07-30_14h34_sem_gaussian/graphs/golden__v20_a30_g15.json,/home/mathis/Documents/Travail/cbnsl_benchmark/experiments/scaling/agrum3/../../../experiments/scaling/agrum3/2026-07-30_14h34_sem_gaussian/graphs/CPC__v20_a30_g15_s200.json,,0.06201264899937087,29.0,23.0,0.12121212121212122,0.41025641025641024,0.08333333333333333,0.26666666666666666
sem_gaussian,CMIIC,"{""alpha"": 0.05}",20,30,200,15,/home/mathis/Documents/Travail/cbnsl_benchmark/experiments/scaling/agrum3/../../../experiments/scaling/agrum3/2026-07-30_14h34_sem_gaussian/graphs/golden__v20_a30_g15.json,/home/mathis/Documents/Travail/cbnsl_benchmark/experiments/scaling/agrum3/../../../experiments/scaling/agrum3/2026-07-30_14h34_sem_gaussian/graphs/CMIIC__v20_a30_g15_s200.json,,0.5612686940003186,24.0,11.0,0.39999999999999997,0.7924528301886793,0.47058823529411764,0.7
sem_gaussian,CPC,"{""alpha"": 0.05, ""max_conditioning_set_size"": 3}",20,30,500,15,/home/mathis/Documents/Travail/cbnsl_benchmark/experiments/scaling/agrum3/../../../experiments/scaling/agrum3/2026-07-30_14h34_sem_gaussian/graphs/golden__v20_a30_g15.json,/home/mathis/Documents/Travail/cbnsl_benchmark/experiments/scaling/agrum3/../../../experiments/scaling/agrum3/2026-07-30_14h34_sem_gaussian/graphs/CPC__v20_a30_g15_s500.json,,0.5654315060019144,29.0,20.0,0.06451612903225806,0.5,0.047619047619047616,0.3333333333333333
sem_gaussian,CMIIC,"{""alpha"": 0.05}",20,30,500,15,/home/mathis/Documents/Travail/cbnsl_benchmark/experiments/scaling/agrum3/../../../experiments/scaling/agrum3/2026-07-30_14h34_sem_gaussian/graphs/golden__v20_a30_g15.json,/home/mathis/Documents/Travail/cbnsl_benchmark/experiments/scaling/agrum3/../../../experiments/scaling/agrum3/2026-07-30_14h34_sem_gaussian/graphs/CMIIC__v20_a30_g15_s500.json,,1.6210570920011378,22.0,13.0,0.47619047619047616,0.7450980392156863,0.47619047619047616,0.6333333333333333
sem_gaussian,CPC,"{""alpha"": 0.05, ""max_conditioning_set_size"": 3}",20,30,1000,15,/home/mathis/Documents/Travail/cbnsl_benchmark/experiments/scaling/agrum3/../../../experiments/scaling/agrum3/2026-07-30_14h34_sem_gaussian/graphs/golden__v20_a30_g15.json,/home/mathis/Documents/Travail/cbnsl_benchmark/experiments/scaling/agrum3/../../../experiments/scaling/agrum3/2026-07-30_14h34_sem_gaussian/graphs/CPC__v20_a30_g15_s1000.json,,2.2976102639986493,26.0,14.0,0.23529411764705882,0.6956521739130436,0.2222222222222222,0.5333333333333333
sem_gaussian,CMIIC,"{""alpha"": 0.05}",20,30,1000,15,/home/mathis/Documents/Travail/cbnsl_benchmark/experiments/scaling/agrum3/../../../experiments/scaling/agrum3/2026-07-30_14h34_sem_gaussian/graphs/golden__v20_a30_g15.json,/home/mathis/Documents/Travail/cbnsl_benchmark/experiments/scaling/agrum3/../../../experiments/scaling/agrum3/2026-07-30_14h34_sem_gaussian/graphs/CMIIC__v20_a30_g15_s1000.json,,5.296086513000773,22.0,12.0,0.45,0.7599999999999999,0.45,0.6333333333333333
sem_gaussian,CPC,"{""alpha"": 0.05, ""max_conditioning_set_size"": 3}",20,30,3000,15,/home/mathis/Documents/Travail/cbnsl_benchmark/experiments/scaling/agrum3/../../../experiments/scaling/agrum3/2026-07-30_14h34_sem_gaussian/graphs/golden__v20_a30_g15.json,/home/mathis/Documents/Travail/cbnsl_benchmark/experiments/scaling/agrum3/../../../experiments/scaling/agrum3/2026-07-30_14h34_sem_gaussian/graphs/CPC__v20_a30_g15_s3000.json,,28.13665829999809,22.0,7.0,0.45,0.8727272727272728,0.6,0.8
sem_gaussian,CMIIC,"{""alpha"": 0.05}",20,30,3000,15,/home/mathis/Documents/Travail/cbnsl_benchmark/experiments/scaling/agrum3/../../../experiments/scaling/agrum3/2026-07-30_14h34_sem_gaussian/graphs/golden__v20_a30_g15.json,/home/mathis/Documents/Travail/cbnsl_benchmark/experiments/scaling/agrum3/../../../experiments/scaling/agrum3/2026-07-30_14h34_sem_gaussian/graphs/CMIIC__v20_a30_g15_s3000.json,,44.80301508000048,22.0,12.0,0.45,0.7599999999999999,0.45,0.6333333333333333
sem_gaussian,CPC,"{""alpha"": 0.05, ""max_conditioning_set_size"": 3}",20,30,5000,15,/home/mathis/Documents/Travail/cbnsl_benchmark/experiments/scaling/agrum3/../../../experiments/scaling/agrum3/2026-07-30_14h34_sem_gaussian/graphs/golden__v20_a30_g15.json,/home/mathis/Documents/Travail/cbnsl_benchmark/experiments/scaling/agrum3/../../../experiments/scaling/agrum3/2026-07-30_14h34_sem_gaussian/graphs/CPC__v20_a30_g15_s5000.json,,81.11056145700059,16.0,5.0,0.6666666666666666,0.9152542372881356,0.8421052631578947,0.9
sem_gaussian,CMIIC,"{""alpha"": 0.05}",20,30,5000,15,/home/mathis/Documents/Travail/cbnsl_benchmark/experiments/scaling/agrum3/../../../experiments/scaling/agrum3/2026-07-30_14h34_sem_gaussian/graphs/golden__v20_a30_g15.json,/home/mathis/Documents/Travail/cbnsl_benchmark/experiments/scaling/agrum3/../../../experiments/scaling/agrum3/2026-07-30_14h34_sem_gaussian/graphs/CMIIC__v20_a30_g15_s5000.json,,124.08454102200267,22.0,11.0,0.45,0.7843137254901961,0.47368421052631576,0.6666666666666666
sem_gaussian,CPC,"{""alpha"": 0.05, ""max_conditioning_set_size"": 3}",20,30,200,16,/home/mathis/Documents/Travail/cbnsl_benchmark/experiments/scaling/agrum3/../../../experiments/scaling/agrum3/2026-07-30_14h34_sem_gaussian/graphs/golden__v20_a30_g16.json,/home/mathis/Documents/Travail/cbnsl_benchmark/experiments/scaling/agrum3/../../../experiments/scaling/agrum3/2026-07-30_14h34_sem_gaussian/graphs/CPC__v20_a30_g16_s200.json,,0.14260987699890393,28.0,19.0,0.125,0.5365853658536585,0.09523809523809523,0.36666666666666664
sem_gaussian,CMIIC,"{""alpha"": 0.05}",20,30,200,16,/home/mathis/Documents/Travail/cbnsl_benchmark/experiments/scaling/agrum3/../../../experiments/scaling/agrum3/2026-07-30_14h34_sem_gaussian/graphs/golden__v20_a30_g16.json,/home/mathis/Documents/Travail/cbnsl_benchmark/experiments/scaling/agrum3/../../../experiments/scaling/agrum3/2026-07-30_14h34_sem_gaussian/graphs/CMIIC__v20_a30_g16_s200.json,,0.6674132670013933,18.0,8.0,0.5909090909090908,0.8518518518518519,0.65,0.7666666666666667
sem_gaussian,CPC,"{""alpha"": 0.05, ""max_conditioning_set_size"": 3}",20,30,500,16,/home/mathis/Documents/Travail/cbnsl_benchmark/experiments/scaling/agrum3/../../../experiments/scaling/agrum3/2026-07-30_14h34_sem_gaussian/graphs/golden__v20_a30_g16.json,/home/mathis/Documents/Travail/cbnsl_benchmark/experiments/scaling/agrum3/../../../experiments/scaling/agrum3/2026-07-30_14h34_sem_gaussian/graphs/CPC__v20_a30_g16_s500.json,,0.7431507089968363,29.0,19.0,0.06451612903225806,0.5365853658536585,0.05,0.36666666666666664
sem_gaussian,CMIIC,"{""alpha"": 0.05}",20,30,500,16,/home/mathis/Documents/Travail/cbnsl_benchmark/experiments/scaling/agrum3/../../../experiments/scaling/agrum3/2026-07-30_14h34_sem_gaussian/graphs/golden__v20_a30_g16.json,/home/mathis/Documents/Travail/cbnsl_benchmark/experiments/scaling/agrum3/../../../experiments/scaling/agrum3/2026-07-30_14h34_sem_gaussian/graphs/CMIIC__v20_a30_g16_s500.json,,2.719644848999451,15.0,7.0,0.6666666666666666,0.8679245283018869,0.6818181818181818,0.7666666666666667
sem_gaussian,CPC,"{""alpha"": 0.05, ""max_conditioning_set_size"": 3}",20,30,1000,16,/home/mathis/Documents/Travail/cbnsl_benchmark/experiments/scaling/agrum3/../../../experiments/scaling/agrum3/2026-07-30_14h34_sem_gaussian/graphs/golden__v20_a30_g16.json,/home/mathis/Documents/Travail/cbnsl_benchmark/experiments/scaling/agrum3/../../../experiments/scaling/agrum3/2026-07-30_14h34_sem_gaussian/graphs/CPC__v20_a30_g16_s1000.json,,2.8278121699986514,22.0,11.0,0.42105263157894735,0.7755102040816326,0.42105263157894735,0.6333333333333333
sem_gaussian,CMIIC,"{""alpha"": 0.05}",20,30,1000,16,/home/mathis/Documents/Travail/cbnsl_benchmark/experiments/scaling/agrum3/../../../experiments/scaling/agrum3/2026-07-30_14h34_sem_gaussian/graphs/golden__v20_a30_g16.json,/home/mathis/Documents/Travail/cbnsl_benchmark/experiments/scaling/agrum3/../../../experiments/scaling/agrum3/2026-07-30_14h34_sem_gaussian/graphs/CMIIC__v20_a30_g16_s1000.json,,6.945133233999513,15.0,7.0,0.6666666666666666,0.8679245283018869,0.6818181818181818,0.7666666666666667
sem_gaussian,CPC,"{""alpha"": 0.05, ""max_conditioning_set_size"": 3}",20,30,3000,16,/home/mathis/Documents/Travail/cbnsl_benchmark/experiments/scaling/agrum3/../../../experiments/scaling/agrum3/2026-07-30_14h34_sem_gaussian/graphs/golden__v20_a30_g16.json,/home/mathis/Documents/Travail/cbnsl_benchmark/experiments/scaling/agrum3/../../../experiments/scaling/agrum3/2026-07-30_14h34_sem_gaussian/graphs/CPC__v20_a30_g16_s3000.json,,32.92925165199995,24.0,5.0,0.3333333333333333,0.9090909090909091,0.5454545454545454,0.8333333333333334
sem_gaussian,CMIIC,"{""alpha"": 0.05}",20,30,3000,16,/home/mathis/Documents/Travail/cbnsl_benchmark/experiments/scaling/agrum3/../../../experiments/scaling/agrum3/2026-07-30_14h34_sem_gaussian/graphs/golden__v20_a30_g16.json,/home/mathis/Documents/Travail/cbnsl_benchmark/experiments/scaling/agrum3/../../../experiments/scaling/agrum3/2026-07-30_14h34_sem_gaussian/graphs/CMIIC__v20_a30_g16_s3000.json,,46.75271783900098,15.0,6.0,0.6666666666666666,0.888888888888889,0.7142857142857143,0.8
sem_gaussian,CPC,"{""alpha"": 0.05, ""max_conditioning_set_size"": 3}",20,30,5000,16,/home/mathis/Documents/Travail/cbnsl_benchmark/experiments/scaling/agrum3/../../../experiments/scaling/agrum3/2026-07-30_14h34_sem_gaussian/graphs/golden__v20_a30_g16.json,/home/mathis/Documents/Travail/cbnsl_benchmark/experiments/scaling/agrum3/../../../experiments/scaling/agrum3/2026-07-30_14h34_sem_gaussian/graphs/CPC__v20_a30_g16_s5000.json,,121.78855200800172,19.0,3.0,0.5365853658536585,0.9473684210526316,0.7857142857142857,0.9
sem_gaussian,CMIIC,"{""alpha"": 0.05}",20,30,5000,16,/home/mathis/Documents/Travail/cbnsl_benchmark/experiments/scaling/agrum3/../../../experiments/scaling/agrum3/2026-07-30_14h34_sem_gaussian/graphs/golden__v20_a30_g16.json,/home/mathis/Documents/Travail/cbnsl_benchmark/experiments/scaling/agrum3/../../../experiments/scaling/agrum3/2026-07-30_14h34_sem_gaussian/graphs/CMIIC__v20_a30_g16_s5000.json,,178.26962311100215,15.0,6.0,0.6666666666666666,0.888888888888889,0.7142857142857143,0.8
sem_gaussian,CPC,"{""alpha"": 0.05, ""max_conditioning_set_size"": 3}",20,30,200,17,/home/mathis/Documents/Travail/cbnsl_benchmark/experiments/scaling/agrum3/../../../experiments/scaling/agrum3/2026-07-30_14h34_sem_gaussian/graphs/golden__v20_a30_g17.json,/home/mathis/Documents/Travail/cbnsl_benchmark/experiments/scaling/agrum3/../../../experiments/scaling/agrum3/2026-07-30_14h34_sem_gaussian/graphs/CPC__v20_a30_g17_s200.json,,0.0630945269986114,30.0,23.0,0.0,0.37837837837837834,0.0,0.23333333333333334
sem_gaussian,CMIIC,"{""alpha"": 0.05}",20,30,200,17,/home/mathis/Documents/Travail/cbnsl_benchmark/experiments/scaling/agrum3/../../../experiments/scaling/agrum3/2026-07-30_14h34_sem_gaussian/graphs/golden__v20_a30_g17.json,/home/mathis/Documents/Travail/cbnsl_benchmark/experiments/scaling/agrum3/../../../experiments/scaling/agrum3/2026-07-30_14h34_sem_gaussian/graphs/CMIIC__v20_a30_g17_s200.json,,0.39786364099927596,27.0,11.0,0.22857142857142854,0.7843137254901961,0.2857142857142857,0.6666666666666666
sem_gaussian,CPC,"{""alpha"": 0.05, ""max_conditioning_set_size"": 3}",20,30,500,17,/home/mathis/Documents/Travail/cbnsl_benchmark/experiments/scaling/agrum3/../../../experiments/scaling/agrum3/2026-07-30_14h34_sem_gaussian/graphs/golden__v20_a30_g17.json,/home/mathis/Documents/Travail/cbnsl_benchmark/experiments/scaling/agrum3/../../../experiments/scaling/agrum3/2026-07-30_14h34_sem_gaussian/graphs/CPC__v20_a30_g17_s500.json,,0.4974645030015381,24.0,20.0,0.33333333333333337,0.5,0.23076923076923078,0.3333333333333333
sem_gaussian,CMIIC,"{""alpha"": 0.05}",20,30,500,17,/home/mathis/Documents/Travail/cbnsl_benchmark/experiments/scaling/agrum3/../../../experiments/scaling/agrum3/2026-07-30_14h34_sem_gaussian/graphs/golden__v20_a30_g17.json,/home/mathis/Documents/Travail/cbnsl_benchmark/experiments/scaling/agrum3/../../../experiments/scaling/agrum3/2026-07-30_14h34_sem_gaussian/graphs/CMIIC__v20_a30_g17_s500.json,,1.6816171790014778,25.0,9.0,0.2857142857142857,0.8235294117647058,0.35714285714285715,0.7
sem_gaussian,CPC,"{""alpha"": 0.05, ""max_conditioning_set_size"": 3}",20,30,1000,17,/home/mathis/Documents/Travail/cbnsl_benchmark/experiments/scaling/agrum3/../../../experiments/scaling/agrum3/2026-07-30_14h34_sem_gaussian/graphs/golden__v20_a30_g17.json,/home/mathis/Documents/Travail/cbnsl_benchmark/experiments/scaling/agrum3/../../../experiments/scaling/agrum3/2026-07-30_14h34_sem_gaussian/graphs/CPC__v20_a30_g17_s1000.json,,1.8352363239973783,24.0,11.0,0.33333333333333337,0.7755102040816326,0.35294117647058826,0.6333333333333333
sem_gaussian,CMIIC,"{""alpha"": 0.05}",20,30,1000,17,/home/mathis/Documents/Travail/cbnsl_benchmark/experiments/scaling/agrum3/../../../experiments/scaling/agrum3/2026-07-30_14h34_sem_gaussian/graphs/golden__v20_a30_g17.json,/home/mathis/Documents/Travail/cbnsl_benchmark/experiments/scaling/agrum3/../../../experiments/scaling/agrum3/2026-07-30_14h34_sem_gaussian/graphs/CMIIC__v20_a30_g17_s1000.json,,6.093892968001455,24.0,9.0,0.3333333333333333,0.8235294117647058,0.4,0.7
sem_gaussian,CPC,"{""alpha"": 0.05, ""max_conditioning_set_size"": 3}",20,30,3000,17,/home/mathis/Documents/Travail/cbnsl_benchmark/experiments/scaling/agrum3/../../../experiments/scaling/agrum3/2026-07-30_14h34_sem_gaussian/graphs/golden__v20_a30_g17.json,/home/mathis/Documents/Travail/cbnsl_benchmark/experiments/scaling/agrum3/../../../experiments/scaling/agrum3/2026-07-30_14h34_sem_gaussian/graphs/CPC__v20_a30_g17_s3000.json,,28.499043884003186,22.0,8.0,0.4210526315789474,0.846153846153846,0.5,0.7333333333333333
sem_gaussian,CMIIC,"{""alpha"": 0.05}",20,30,3000,17,/home/mathis/Documents/Travail/cbnsl_benchmark/experiments/scaling/agrum3/../../../experiments/scaling/agrum3/2026-07-30_14h34_sem_gaussian/graphs/golden__v20_a30_g17.json,/home/mathis/Documents/Travail/cbnsl_benchmark/experiments/scaling/agrum3/../../../experiments/scaling/agrum3/2026-07-30_14h34_sem_gaussian/graphs/CMIIC__v20_a30_g17_s3000.json,,42.080813530999876,24.0,7.0,0.33333333333333337,0.8679245283018869,0.46153846153846156,0.7666666666666667
sem_gaussian,CPC,"{""alpha"": 0.05, ""max_conditioning_set_size"": 3}",20,30,5000,17,/home/mathis/Documents/Travail/cbnsl_benchmark/experiments/scaling/agrum3/../../../experiments/scaling/agrum3/2026-07-30_14h34_sem_gaussian/graphs/golden__v20_a30_g17.json,/home/mathis/Documents/Travail/cbnsl_benchmark/experiments/scaling/agrum3/../../../experiments/scaling/agrum3/2026-07-30_14h34_sem_gaussian/graphs/CPC__v20_a30_g17_s5000.json,,80.6158149690018,21.0,7.0,0.5116279069767441,0.8771929824561403,0.6875,0.8333333333333334
sem_gaussian,CMIIC,"{""alpha"": 0.05}",20,30,5000,17,/home/mathis/Documents/Travail/cbnsl_benchmark/experiments/scaling/agrum3/../../../experiments/scaling/agrum3/2026-07-30_14h34_sem_gaussian/graphs/golden__v20_a30_g17.json,/home/mathis/Documents/Travail/cbnsl_benchmark/experiments/scaling/agrum3/../../../experiments/scaling/agrum3/2026-07-30_14h34_sem_gaussian/graphs/CMIIC__v20_a30_g17_s5000.json,,112.63241568199737,17.0,7.0,0.6046511627906976,0.8679245283018869,0.65,0.7666666666666667
sem_gaussian,CPC,"{""alpha"": 0.05, ""max_conditioning_set_size"": 3}",20,30,200,18,/home/mathis/Documents/Travail/cbnsl_benchmark/experiments/scaling/agrum3/../../../experiments/scaling/agrum3/2026-07-30_14h34_sem_gaussian/graphs/golden__v20_a30_g18.json,/home/mathis/Documents/Travail/cbnsl_benchmark/experiments/scaling/agrum3/../../../experiments/scaling/agrum3/2026-07-30_14h34_sem_gaussian/graphs/CPC__v20_a30_g18_s200.json,,0.07805996400202275,30.0,29.0,0.0,0.06451612903225806,0.0,0.03333333333333333
sem_gaussian,CMIIC,"{""alpha"": 0.05}",20,30,200,18,/home/mathis/Documents/Travail/cbnsl_benchmark/experiments/scaling/agrum3/../../../experiments/scaling/agrum3/2026-07-30_14h34_sem_gaussian/graphs/golden__v20_a30_g18.json,/home/mathis/Documents/Travail/cbnsl_benchmark/experiments/scaling/agrum3/../../../experiments/scaling/agrum3/2026-07-30_14h34_sem_gaussian/graphs/CMIIC__v20_a30_g18_s200.json,,0.5567208120010037,30.0,8.0,0.0,0.846153846153846,0.0,0.7333333333333333
sem_gaussian,CPC,"{""alpha"": 0.05, ""max_conditioning_set_size"": 3}",20,30,500,18,/home/mathis/Documents/Travail/cbnsl_benchmark/experiments/scaling/agrum3/../../../experiments/scaling/agrum3/2026-07-30_14h34_sem_gaussian/graphs/golden__v20_a30_g18.json,/home/mathis/Documents/Travail/cbnsl_benchmark/experiments/scaling/agrum3/../../../experiments/scaling/agrum3/2026-07-30_14h34_sem_gaussian/graphs/CPC__v20_a30_g18_s500.json,,0.6716149739986577,27.0,19.0,0.1818181818181818,0.5365853658536585,0.13636363636363635,0.36666666666666664
sem_gaussian,CMIIC,"{""alpha"": 0.05}",20,30,500,18,/home/mathis/Documents/Travail/cbnsl_benchmark/experiments/scaling/agrum3/../../../experiments/scaling/agrum3/2026-07-30_14h34_sem_gaussian/graphs/golden__v20_a30_g18.json,/home/mathis/Documents/Travail/cbnsl_benchmark/experiments/scaling/agrum3/../../../experiments/scaling/agrum3/2026-07-30_14h34_sem_gaussian/graphs/CMIIC__v20_a30_g18_s500.json,,2.048918598997261,31.0,11.0,0.0,0.7843137254901961,0.0,0.6666666666666666
sem_gaussian,CPC,"{""alpha"": 0.05, ""max_conditioning_set_size"": 3}",20,30,1000,18,/home/mathis/Documents/Travail/cbnsl_benchmark/experiments/scaling/agrum3/../../../experiments/scaling/agrum3/2026-07-30_14h34_sem_gaussian/graphs/golden__v20_a30_g18.json,/home/mathis/Documents/Travail/cbnsl_benchmark/experiments/scaling/agrum3/../../../experiments/scaling/agrum3/2026-07-30_14h34_sem_gaussian/graphs/CPC__v20_a30_g18_s1000.json,,3.337208319000638,27.0,16.0,0.18181818181818182,0.6363636363636364,0.15789473684210525,0.4666666666666667
sem_gaussian,CMIIC,"{""alpha"": 0.05}",20,30,1000,18,/home/mathis/Documents/Travail/cbnsl_benchmark/experiments/scaling/agrum3/../../../experiments/scaling/agrum3/2026-07-30_14h34_sem_gaussian/graphs/golden__v20_a30_g18.json,/home/mathis/Documents/Travail/cbnsl_benchmark/experiments/scaling/agrum3/../../../experiments/scaling/agrum3/2026-07-30_14h34_sem_gaussian/graphs/CMIIC__v20_a30_g18_s1000.json,,6.710794184000406,21.0,11.0,0.4878048780487805,0.7843137254901961,0.5,0.6666666666666666
sem_gaussian,CPC,"{""alpha"": 0.05, ""max_conditioning_set_size"": 3}",20,30,3000,18,/home/mathis/Documents/Travail/cbnsl_benchmark/experiments/scaling/agrum3/../../../experiments/scaling/agrum3/2026-07-30_14h34_sem_gaussian/graphs/golden__v20_a30_g18.json,/home/mathis/Documents/Travail/cbnsl_benchmark/experiments/scaling/agrum3/../../../experiments/scaling/agrum3/2026-07-30_14h34_sem_gaussian/graphs/CPC__v20_a30_g18_s3000.json,,49.423891973001446,21.0,7.0,0.48780487804878053,0.8727272727272728,0.625,0.8
sem_gaussian,CMIIC,"{""alpha"": 0.05}",20,30,3000,18,/home/mathis/Documents/Travail/cbnsl_benchmark/experiments/scaling/agrum3/../../../experiments/scaling/agrum3/2026-07-30_14h34_sem_gaussian/graphs/golden__v20_a30_g18.json,/home/mathis/Documents/Travail/cbnsl_benchmark/experiments/scaling/agrum3/../../../experiments/scaling/agrum3/2026-07-30_14h34_sem_gaussian/graphs/CMIIC__v20_a30_g18_s3000.json,,55.919375853998645,30.0,10.0,0.0,0.8,0.0,0.6666666666666666
sem_gaussian,CPC,"{""alpha"": 0.05, ""max_conditioning_set_size"": 3}",20,30,5000,18,/home/mathis/Documents/Travail/cbnsl_benchmark/experiments/scaling/agrum3/../../../experiments/scaling/agrum3/2026-07-30_14h34_sem_gaussian/graphs/golden__v20_a30_g18.json,/home/mathis/Documents/Travail/cbnsl_benchmark/experiments/scaling/agrum3/../../../experiments/scaling/agrum3/2026-07-30_14h34_sem_gaussian/graphs/CPC__v20_a30_g18_s5000.json,,199.7742227239978,23.0,7.0,0.41025641025641024,0.8727272727272728,0.5714285714285714,0.8
sem_gaussian,CMIIC,"{""alpha"": 0.05}",20,30,5000,18,/home/mathis/Documents/Travail/cbnsl_benchmark/experiments/scaling/agrum3/../../../experiments/scaling/agrum3/2026-07-30_14h34_sem_gaussian/graphs/golden__v20_a30_g18.json,/home/mathis/Documents/Travail/cbnsl_benchmark/experiments/scaling/agrum3/../../../experiments/scaling/agrum3/2026-07-30_14h34_sem_gaussian/graphs/CMIIC__v20_a30_g18_s5000.json,,180.25598330600042,30.0,10.0,0.0,0.8,0.0,0.6666666666666666
sem_gaussian,CPC,"{""alpha"": 0.05, ""max_conditioning_set_size"": 3}",20,30,200,19,/home/mathis/Documents/Travail/cbnsl_benchmark/experiments/scaling/agrum3/../../../experiments/scaling/agrum3/2026-07-30_14h34_sem_gaussian/graphs/golden__v20_a30_g19.json,/home/mathis/Documents/Travail/cbnsl_benchmark/experiments/scaling/agrum3/../../../experiments/scaling/agrum3/2026-07-30_14h34_sem_gaussian/graphs/CPC__v20_a30_g19_s200.json,,0.05510919699736405,26.0,18.0,0.23529411764705885,0.5714285714285715,0.18181818181818182,0.4
sem_gaussian,CMIIC,"{""alpha"": 0.05}",20,30,200,19,/home/mathis/Documents/Travail/cbnsl_benchmark/experiments/scaling/agrum3/../../../experiments/scaling/agrum3/2026-07-30_14h34_sem_gaussian/graphs/golden__v20_a30_g19.json,/home/mathis/Documents/Travail/cbnsl_benchmark/experiments/scaling/agrum3/../../../experiments/scaling/agrum3/2026-07-30_14h34_sem_gaussian/graphs/CMIIC__v20_a30_g19_s200.json,,0.3078770430001896,25.0,10.0,0.3243243243243243,0.8076923076923077,0.4,0.7
sem_gaussian,CPC,"{""alpha"": 0.05, ""max_conditioning_set_size"": 3}",20,30,500,19,/home/mathis/Documents/Travail/cbnsl_benchmark/experiments/scaling/agrum3/../../../experiments/scaling/agrum3/2026-07-30_14h34_sem_gaussian/graphs/golden__v20_a30_g19.json,/home/mathis/Documents/Travail/cbnsl_benchmark/experiments/scaling/agrum3/../../../experiments/scaling/agrum3/2026-07-30_14h34_sem_gaussian/graphs/CPC__v20_a30_g19_s500.json,,0.3827820409969718,24.0,14.0,0.33333333333333326,0.6956521739130436,0.3,0.5333333333333333
sem_gaussian,CMIIC,"{""alpha"": 0.05}",20,30,500,19,/home/mathis/Documents/Travail/cbnsl_benchmark/experiments/scaling/agrum3/../../../experiments/scaling/agrum3/2026-07-30_14h34_sem_gaussian/graphs/golden__v20_a30_g19.json,/home/mathis/Documents/Travail/cbnsl_benchmark/experiments/scaling/agrum3/../../../experiments/scaling/agrum3/2026-07-30_14h34_sem_gaussian/graphs/CMIIC__v20_a30_g19_s500.json,,1.3198030069979723,24.0,8.0,0.33333333333333326,0.846153846153846,0.42857142857142855,0.7333333333333333
sem_gaussian,CPC,"{""alpha"": 0.05, ""max_conditioning_set_size"": 3}",20,30,1000,19,/home/mathis/Documents/Travail/cbnsl_benchmark/experiments/scaling/agrum3/../../../experiments/scaling/agrum3/2026-07-30_14h34_sem_gaussian/graphs/golden__v20_a30_g19.json,/home/mathis/Documents/Travail/cbnsl_benchmark/experiments/scaling/agrum3/../../../experiments/scaling/agrum3/2026-07-30_14h34_sem_gaussian/graphs/CPC__v20_a30_g19_s1000.json,,1.9073947340002633,23.0,11.0,0.37837837837837834,0.7755102040816326,0.3888888888888889,0.6333333333333333
sem_gaussian,CMIIC,"{""alpha"": 0.05}",20,30,1000,19,/home/mathis/Documents/Travail/cbnsl_benchmark/experiments/scaling/agrum3/../../../experiments/scaling/agrum3/2026-07-30_14h34_sem_gaussian/graphs/golden__v20_a30_g19.json,/home/mathis/Documents/Travail/cbnsl_benchmark/experiments/scaling/agrum3/../../../experiments/scaling/agrum3/2026-07-30_14h34_sem_gaussian/graphs/CMIIC__v20_a30_g19_s1000.json,,4.0053538309985015,18.0,10.0,0.5714285714285713,0.8,0.5454545454545454,0.6666666666666666
sem_gaussian,CPC,"{""alpha"": 0.05, ""max_conditioning_set_size"": 3}",20,30,3000,19,/home/mathis/Documents/Travail/cbnsl_benchmark/experiments/scaling/agrum3/../../../experiments/scaling/agrum3/2026-07-30_14h34_sem_gaussian/graphs/golden__v20_a30_g19.json,/home/mathis/Documents/Travail/cbnsl_benchmark/experiments/scaling/agrum3/../../../experiments/scaling/agrum3/2026-07-30_14h34_sem_gaussian/graphs/CPC__v20_a30_g19_s3000.json,,19.921881169997505,23.0,5.0,0.3783783783783784,0.9090909090909091,0.5833333333333334,0.8333333333333334
sem_gaussian,CMIIC,"{""alpha"": 0.05}",20,30,3000,19,/home/mathis/Documents/Travail/cbnsl_benchmark/experiments/scaling/agrum3/../../../experiments/scaling/agrum3/2026-07-30_14h34_sem_gaussian/graphs/golden__v20_a30_g19.json,/home/mathis/Documents/Travail/cbnsl_benchmark/experiments/scaling/agrum3/../../../experiments/scaling/agrum3/2026-07-30_14h34_sem_gaussian/graphs/CMIIC__v20_a30_g19_s3000.json,,33.996094956997695,18.0,8.0,0.5714285714285713,0.846153846153846,0.6,0.7333333333333333
sem_gaussian,CPC,"{""alpha"": 0.05, ""max_conditioning_set_size"": 3}",20,30,5000,19,/home/mathis/Documents/Travail/cbnsl_benchmark/experiments/scaling/agrum3/../../../experiments/scaling/agrum3/2026-07-30_14h34_sem_gaussian/graphs/golden__v20_a30_g19.json,/home/mathis/Documents/Travail/cbnsl_benchmark/experiments/scaling/agrum3/../../../experiments/scaling/agrum3/2026-07-30_14h34_sem_gaussian/graphs/CPC__v20_a30_g19_s5000.json,,78.9380451069992,17.0,4.0,0.6046511627906976,0.9285714285714286,0.7647058823529411,0.8666666666666667
sem_gaussian,CMIIC,"{""alpha"": 0.05}",20,30,5000,19,/home/mathis/Documents/Travail/cbnsl_benchmark/experiments/scaling/agrum3/../../../experiments/scaling/agrum3/2026-07-30_14h34_sem_gaussian/graphs/golden__v20_a30_g19.json,/home/mathis/Documents/Travail/cbnsl_benchmark/experiments/scaling/agrum3/../../../experiments/scaling/agrum3/2026-07-30_14h34_sem_gaussian/graphs/CMIIC__v20_a30_g19_s5000.json,,109.91007203499976,15.0,9.0,0.6666666666666666,0.8235294117647058,0.625,0.7
sem_gaussian,CPC,"{""alpha"": 0.05, ""max_conditioning_set_size"": 3}",20,30,200,20,/home/mathis/Documents/Travail/cbnsl_benchmark/experiments/scaling/agrum3/../../../experiments/scaling/agrum3/2026-07-30_14h34_sem_gaussian/graphs/golden__v20_a30_g20.json,/home/mathis/Documents/Travail/cbnsl_benchmark/experiments/scaling/agrum3/../../../experiments/scaling/agrum3/2026-07-30_14h34_sem_gaussian/graphs/CPC__v20_a30_g20_s200.json,,0.10438997600067523,29.0,24.0,0.06451612903225806,0.33333333333333337,0.04,0.2
sem_gaussian,CMIIC,"{""alpha"": 0.05}",20,30,200,20,/home/mathis/Documents/Travail/cbnsl_benchmark/experiments/scaling/agrum3/../../../experiments/scaling/agrum3/2026-07-30_14h34_sem_gaussian/graphs/golden__v20_a30_g20.json,/home/mathis/Documents/Travail/cbnsl_benchmark/experiments/scaling/agrum3/../../../experiments/scaling/agrum3/2026-07-30_14h34_sem_gaussian/graphs/CMIIC__v20_a30_g20_s200.json,,0.5358560460008448,28.0,6.0,0.125,0.888888888888889,0.25,0.8
sem_gaussian,CPC,"{""alpha"": 0.05, ""max_conditioning_set_size"": 3}",20,30,500,20,/home/mathis/Documents/Travail/cbnsl_benchmark/experiments/scaling/agrum3/../../../experiments/scaling/agrum3/2026-07-30_14h34_sem_gaussian/graphs/golden__v20_a30_g20.json,/home/mathis/Documents/Travail/cbnsl_benchmark/experiments/scaling/agrum3/../../../experiments/scaling/agrum3/2026-07-30_14h34_sem_gaussian/graphs/CPC__v20_a30_g20_s500.json,,0.4831121789975441,27.0,18.0,0.18181818181818182,0.5714285714285715,0.14285714285714285,0.4
sem_gaussian,CMIIC,"{""alpha"": 0.05}",20,30,500,20,/home/mathis/Documents/Travail/cbnsl_benchmark/experiments/scaling/agrum3/../../../experiments/scaling/agrum3/2026-07-30_14h34_sem_gaussian/graphs/golden__v20_a30_g20.json,/home/mathis/Documents/Travail/cbnsl_benchmark/experiments/scaling/agrum3/../../../experiments/scaling/agrum3/2026-07-30_14h34_sem_gaussian/graphs/CMIIC__v20_a30_g20_s500.json,,2.0365346250000584,29.0,9.0,0.12121212121212122,0.8301886792452831,0.2,0.7333333333333333
sem_gaussian,CPC,"{""alpha"": 0.05, ""max_conditioning_set_size"": 3}",20,30,1000,20,/home/mathis/Documents/Travail/cbnsl_benchmark/experiments/scaling/agrum3/../../../experiments/scaling/agrum3/2026-07-30_14h34_sem_gaussian/graphs/golden__v20_a30_g20.json,/home/mathis/Documents/Travail/cbnsl_benchmark/experiments/scaling/agrum3/../../../experiments/scaling/agrum3/2026-07-30_14h34_sem_gaussian/graphs/CPC__v20_a30_g20_s1000.json,,2.602040052999655,27.0,15.0,0.1818181818181818,0.6666666666666666,0.16666666666666666,0.5
sem_gaussian,CMIIC,"{""alpha"": 0.05}",20,30,1000,20,/home/mathis/Documents/Travail/cbnsl_benchmark/experiments/scaling/agrum3/../../../experiments/scaling/agrum3/2026-07-30_14h34_sem_gaussian/graphs/golden__v20_a30_g20.json,/home/mathis/Documents/Travail/cbnsl_benchmark/experiments/scaling/agrum3/../../../experiments/scaling/agrum3/2026-07-30_14h34_sem_gaussian/graphs/CMIIC__v20_a30_g20_s1000.json,,5.917555838001135,19.0,7.0,0.5365853658536586,0.8679245283018869,0.6111111111111112,0.7666666666666667
sem_gaussian,CPC,"{""alpha"": 0.05, ""max_conditioning_set_size"": 3}",20,30,3000,20,/home/mathis/Documents/Travail/cbnsl_benchmark/experiments/scaling/agrum3/../../../experiments/scaling/agrum3/2026-07-30_14h34_sem_gaussian/graphs/golden__v20_a30_g20.json,/home/mathis/Documents/Travail/cbnsl_benchmark/experiments/scaling/agrum3/../../../experiments/scaling/agrum3/2026-07-30_14h34_sem_gaussian/graphs/CPC__v20_a30_g20_s3000.json,,37.20325422700262,20.0,7.0,0.5454545454545455,0.8771929824561403,0.7058823529411765,0.8333333333333334
sem_gaussian,CMIIC,"{""alpha"": 0.05}",20,30,3000,20,/home/mathis/Documents/Travail/cbnsl_benchmark/experiments/scaling/agrum3/../../../experiments/scaling/agrum3/2026-07-30_14h34_sem_gaussian/graphs/golden__v20_a30_g20.json,/home/mathis/Documents/Travail/cbnsl_benchmark/experiments/scaling/agrum3/../../../experiments/scaling/agrum3/2026-07-30_14h34_sem_gaussian/graphs/CMIIC__v20_a30_g20_s3000.json,,50.88840673199957,18.0,8.0,0.5714285714285713,0.846153846153846,0.6,0.7333333333333333
sem_gaussian,CPC,"{""alpha"": 0.05, ""max_conditioning_set_size"": 3}",20,30,5000,20,/home/mathis/Documents/Travail/cbnsl_benchmark/experiments/scaling/agrum3/../../../experiments/scaling/agrum3/2026-07-30_14h34_sem_gaussian/graphs/golden__v20_a30_g20.json,/home/mathis/Documents/Travail/cbnsl_benchmark/experiments/scaling/agrum3/../../../experiments/scaling/agrum3/2026-07-30_14h34_sem_gaussian/graphs/CPC__v20_a30_g20_s5000.json,,121.97269176500049,22.0,7.0,0.47619047619047616,0.8771929824561403,0.6666666666666666,0.8333333333333334
sem_gaussian,CMIIC,"{""alpha"": 0.05}",20,30,5000,20,/home/mathis/Documents/Travail/cbnsl_benchmark/experiments/scaling/agrum3/../../../experiments/scaling/agrum3/2026-07-30_14h34_sem_gaussian/graphs/golden__v20_a30_g20.json,/home/mathis/Documents/Travail/cbnsl_benchmark/experiments/scaling/agrum3/../../../experiments/scaling/agrum3/2026-07-30_14h34_sem_gaussian/graphs/CMIIC__v20_a30_g20_s5000.json,,127.90236635600013,19.0,8.0,0.5365853658536586,0.846153846153846,0.5789473684210527,0.7333333333333333
sem_gaussian,CPC,"{""alpha"": 0.05, ""max_conditioning_set_size"": 3}",20,30,200,21,/home/mathis/Documents/Travail/cbnsl_benchmark/experiments/scaling/agrum3/../../../experiments/scaling/agrum3/2026-07-30_14h34_sem_gaussian/graphs/golden__v20_a30_g21.json,/home/mathis/Documents/Travail/cbnsl_benchmark/experiments/scaling/agrum3/../../../experiments/scaling/agrum3/2026-07-30_14h34_sem_gaussian/graphs/CPC__v20_a30_g21_s200.json,,0.23231477200170048,30.0,24.0,0.0,0.33333333333333337,0.0,0.2
sem_gaussian,CMIIC,"{""alpha"": 0.05}",20,30,200,21,/home/mathis/Documents/Travail/cbnsl_benchmark/experiments/scaling/agrum3/../../../experiments/scaling/agrum3/2026-07-30_14h34_sem_gaussian/graphs/golden__v20_a30_g21.json,/home/mathis/Documents/Travail/cbnsl_benchmark/experiments/scaling/agrum3/../../../experiments/scaling/agrum3/2026-07-30_14h34_sem_gaussian/graphs/CMIIC__v20_a30_g21_s200.json,,1.295902310997917,26.0,14.0,0.35000000000000003,0.7307692307692307,0.3888888888888889,0.6333333333333333
sem_gaussian,CPC,"{""alpha"": 0.05, ""max_conditioning_set_size"": 3}",20,30,500,21,/home/mathis/Documents/Travail/cbnsl_benchmark/experiments/scaling/agrum3/../../../experiments/scaling/agrum3/2026-07-30_14h34_sem_gaussian/graphs/golden__v20_a30_g21.json,/home/mathis/Documents/Travail/cbnsl_benchmark/experiments/scaling/agrum3/../../../experiments/scaling/agrum3/2026-07-30_14h34_sem_gaussian/graphs/CPC__v20_a30_g21_s500.json,,1.1224377620019368,30.0,22.0,0.0,0.4210526315789474,0.0,0.26666666666666666
sem_gaussian,CMIIC,"{""alpha"": 0.05}",20,30,500,21,/home/mathis/Documents/Travail/cbnsl_benchmark/experiments/scaling/agrum3/../../../experiments/scaling/agrum3/2026-07-30_14h34_sem_gaussian/graphs/golden__v20_a30_g21.json,/home/mathis/Documents/Travail/cbnsl_benchmark/experiments/scaling/agrum3/../../../experiments/scaling/agrum3/2026-07-30_14h34_sem_gaussian/graphs/CMIIC__v20_a30_g21_s500.json,,4.532775946998299,26.0,10.0,0.2777777777777778,0.8076923076923077,0.35714285714285715,0.7
sem_gaussian,CPC,"{""alpha"": 0.05, ""max_conditioning_set_size"": 3}",20,30,1000,21,/home/mathis/Documents/Travail/cbnsl_benchmark/experiments/scaling/agrum3/../../../experiments/scaling/agrum3/2026-07-30_14h34_sem_gaussian/graphs/golden__v20_a30_g21.json,/home/mathis/Documents/Travail/cbnsl_benchmark/experiments/scaling/agrum3/../../../experiments/scaling/agrum3/2026-07-30_14h34_sem_gaussian/graphs/CPC__v20_a30_g21_s1000.json,,4.076345708999725,27.0,14.0,0.27027027027027023,0.7200000000000001,0.29411764705882354,0.6
sem_gaussian,CMIIC,"{""alpha"": 0.05}",20,30,1000,21,/home/mathis/Documents/Travail/cbnsl_benchmark/experiments/scaling/agrum3/../../../experiments/scaling/agrum3/2026-07-30_14h34_sem_gaussian/graphs/golden__v20_a30_g21.json,/home/mathis/Documents/Travail/cbnsl_benchmark/experiments/scaling/agrum3/../../../experiments/scaling/agrum3/2026-07-30_14h34_sem_gaussian/graphs/CMIIC__v20_a30_g21_s1000.json,,7.598021967998648,26.0,11.0,0.2777777777777778,0.7843137254901961,0.3333333333333333,0.6666666666666666
sem_gaussian,CPC,"{""alpha"": 0.05, ""max_conditioning_set_size"": 3}",20,30,3000,21,/home/mathis/Documents/Travail/cbnsl_benchmark/experiments/scaling/agrum3/../../../experiments/scaling/agrum3/2026-07-30_14h34_sem_gaussian/graphs/golden__v20_a30_g21.json,/home/mathis/Documents/Travail/cbnsl_benchmark/experiments/scaling/agrum3/../../../experiments/scaling/agrum3/2026-07-30_14h34_sem_gaussian/graphs/CPC__v20_a30_g21_s3000.json,,36.61135865399774,12.0,4.0,0.7500000000000001,0.9285714285714286,0.8181818181818182,0.8666666666666667
sem_gaussian,CMIIC,"{""alpha"": 0.05}",20,30,3000,21,/home/mathis/Documents/Travail/cbnsl_benchmark/experiments/scaling/agrum3/../../../experiments/scaling/agrum3/2026-07-30_14h34_sem_gaussian/graphs/golden__v20_a30_g21.json,/home/mathis/Documents/Travail/cbnsl_benchmark/experiments/scaling/agrum3/../../../experiments/scaling/agrum3/2026-07-30_14h34_sem_gaussian/graphs/CMIIC__v20_a30_g21_s3000.json,,77.55688310999903,23.0,11.0,0.41025641025641024,0.7843137254901961,0.4444444444444444,0.6666666666666666
sem_gaussian,CPC,"{""alpha"": 0.05, ""max_conditioning_set_size"": 3}",20,30,5000,21,/home/mathis/Documents/Travail/cbnsl_benchmark/experiments/scaling/agrum3/../../../experiments/scaling/agrum3/2026-07-30_14h34_sem_gaussian/graphs/golden__v20_a30_g21.json,/home/mathis/Documents/Travail/cbnsl_benchmark/experiments/scaling/agrum3/../../../experiments/scaling/agrum3/2026-07-30_14h34_sem_gaussian/graphs/CPC__v20_a30_g21_s5000.json,,110.56450894999944,21.0,7.0,0.5116279069767441,0.8771929824561403,0.6875,0.8333333333333334
sem_gaussian,CMIIC,"{""alpha"": 0.05}",20,30,5000,21,/home/mathis/Documents/Travail/cbnsl_benchmark/experiments/scaling/agrum3/../../../experiments/scaling/agrum3/2026-07-30_14h34_sem_gaussian/graphs/golden__v20_a30_g21.json,/home/mathis/Documents/Travail/cbnsl_benchmark/experiments/scaling/agrum3/../../../experiments/scaling/agrum3/2026-07-30_14h34_sem_gaussian/graphs/CMIIC__v20_a30_g21_s5000.json,,135.54372040700036,23.0,11.0,0.41025641025641024,0.7843137254901961,0.4444444444444444,0.6666666666666666
sem_gaussian,CPC,"{""alpha"": 0.05, ""max_conditioning_set_size"": 3}",20,30,200,22,/home/mathis/Documents/Travail/cbnsl_benchmark/experiments/scaling/agrum3/../../../experiments/scaling/agrum3/2026-07-30_14h34_sem_gaussian/graphs/golden__v20_a30_g22.json,/home/mathis/Documents/Travail/cbnsl_benchmark/experiments/scaling/agrum3/../../../experiments/scaling/agrum3/2026-07-30_14h34_sem_gaussian/graphs/CPC__v20_a30_g22_s200.json,,0.10596513499694993,28.0,19.0,0.06666666666666667,0.5128205128205129,0.05,0.3448275862068966
sem_gaussian,CMIIC,"{""alpha"": 0.05}",20,30,200,22,/home/mathis/Documents/Travail/cbnsl_benchmark/experiments/scaling/agrum3/../../../experiments/scaling/agrum3/2026-07-30_14h34_sem_gaussian/graphs/golden__v20_a30_g22.json,/home/mathis/Documents/Travail/cbnsl_benchmark/experiments/scaling/agrum3/../../../experiments/scaling/agrum3/2026-07-30_14h34_sem_gaussian/graphs/CMIIC__v20_a30_g22_s200.json,,0.4221525749999273,24.0,9.0,0.2941176470588235,0.8163265306122449,0.35714285714285715,0.6896551724137931
sem_gaussian,CPC,"{""alpha"": 0.05, ""max_conditioning_set_size"": 3}",20,30,500,22,/home/mathis/Documents/Travail/cbnsl_benchmark/experiments/scaling/agrum3/../../../experiments/scaling/agrum3/2026-07-30_14h34_sem_gaussian/graphs/golden__v20_a30_g22.json,/home/mathis/Documents/Travail/cbnsl_benchmark/experiments/scaling/agrum3/../../../experiments/scaling/agrum3/2026-07-30_14h34_sem_gaussian/graphs/CPC__v20_a30_g22_s500.json,,0.5321580290001293,25.0,18.0,0.24242424242424246,0.5499999999999999,0.18181818181818182,0.3793103448275862
sem_gaussian,CMIIC,"{""alpha"": 0.05}",20,30,500,22,/home/mathis/Documents/Travail/cbnsl_benchmark/experiments/scaling/agrum3/../../../experiments/scaling/agrum3/2026-07-30_14h34_sem_gaussian/graphs/golden__v20_a30_g22.json,/home/mathis/Documents/Travail/cbnsl_benchmark/experiments/scaling/agrum3/../../../experiments/scaling/agrum3/2026-07-30_14h34_sem_gaussian/graphs/CMIIC__v20_a30_g22_s500.json,,1.7230756620010652,24.0,8.0,0.2941176470588235,0.8400000000000001,0.38461538461538464,0.7241379310344828
sem_gaussian,CPC,"{""alpha"": 0.05, ""max_conditioning_set_size"": 3}",20,30,1000,22,/home/mathis/Documents/Travail/cbnsl_benchmark/experiments/scaling/agrum3/../../../experiments/scaling/agrum3/2026-07-30_14h34_sem_gaussian/graphs/golden__v20_a30_g22.json,/home/mathis/Documents/Travail/cbnsl_benchmark/experiments/scaling/agrum3/../../../experiments/scaling/agrum3/2026-07-30_14h34_sem_gaussian/graphs/CPC__v20_a30_g22_s1000.json,,2.211803404999955,24.0,13.0,0.29411764705882354,0.7111111111111111,0.2777777777777778,0.5517241379310345
sem_gaussian,CMIIC,"{""alpha"": 0.05}",20,30,1000,22,/home/mathis/Documents/Travail/cbnsl_benchmark/experiments/scaling/agrum3/../../../experiments/scaling/agrum3/2026-07-30_14h34_sem_gaussian/graphs/golden__v20_a30_g22.json,/home/mathis/Documents/Travail/cbnsl_benchmark/experiments/scaling/agrum3/../../../experiments/scaling/agrum3/2026-07-30_14h34_sem_gaussian/graphs/CMIIC__v20_a30_g22_s1000.json,,6.779823364999174,19.0,8.0,0.5128205128205129,0.8400000000000001,0.5555555555555556,0.7241379310344828
sem_gaussian,CPC,"{""alpha"": 0.05, ""max_conditioning_set_size"": 3}",20,30,3000,22,/home/mathis/Documents/Travail/cbnsl_benchmark/experiments/scaling/agrum3/../../../experiments/scaling/agrum3/2026-07-30_14h34_sem_gaussian/graphs/golden__v20_a30_g22.json,/home/mathis/Documents/Travail/cbnsl_benchmark/experiments/scaling/agrum3/../../../experiments/scaling/agrum3/2026-07-30_14h34_sem_gaussian/graphs/CPC__v20_a30_g22_s3000.json,,34.78476486600266,17.0,7.0,0.6046511627906976,0.8679245283018867,0.6842105263157895,0.7931034482758621
sem_gaussian,CMIIC,"{""alpha"": 0.05}",20,30,3000,22,/home/mathis/Documents/Travail/cbnsl_benchmark/experiments/scaling/agrum3/../../../experiments/scaling/agrum3/2026-07-30_14h34_sem_gaussian/graphs/golden__v20_a30_g22.json,/home/mathis/Documents/Travail/cbnsl_benchmark/experiments/scaling/agrum3/../../../experiments/scaling/agrum3/2026-07-30_14h34_sem_gaussian/graphs/CMIIC__v20_a30_g22_s3000.json,,45.78054595700087,18.0,7.0,0.55,0.8627450980392156,0.6111111111111112,0.7586206896551724
sem_gaussian,CPC,"{""alpha"": 0.05, ""max_conditioning_set_size"": 3}",20,30,5000,22,/home/mathis/Documents/Travail/cbnsl_benchmark/experiments/scaling/agrum3/../../../experiments/scaling/agrum3/2026-07-30_14h34_sem_gaussian/graphs/golden__v20_a30_g22.json,/home/mathis/Documents/Travail/cbnsl_benchmark/experiments/scaling/agrum3/../../../experiments/scaling/agrum3/2026-07-30_14h34_sem_gaussian/graphs/CPC__v20_a30_g22_s5000.json,,82.73160380599802,20.0,5.0,0.4736842105263159,0.9056603773584906,0.6428571428571429,0.8275862068965517
sem_gaussian,CMIIC,"{""alpha"": 0.05}",20,30,5000,22,/home/mathis/Documents/Travail/cbnsl_benchmark/experiments/scaling/agrum3/../../../experiments/scaling/agrum3/2026-07-30_14h34_sem_gaussian/graphs/golden__v20_a30_g22.json,/home/mathis/Documents/Travail/cbnsl_benchmark/experiments/scaling/agrum3/../../../experiments/scaling/agrum3/2026-07-30_14h34_sem_gaussian/graphs/CMIIC__v20_a30_g22_s5000.json,,116.75747728499846,19.0,7.0,0.5128205128205129,0.8627450980392156,0.5882352941176471,0.7586206896551724
sem_gaussian,CPC,"{""alpha"": 0.05, ""max_conditioning_set_size"": 3}",20,30,200,23,/home/mathis/Documents/Travail/cbnsl_benchmark/experiments/scaling/agrum3/../../../experiments/scaling/agrum3/2026-07-30_14h34_sem_gaussian/graphs/golden__v20_a30_g23.json,/home/mathis/Documents/Travail/cbnsl_benchmark/experiments/scaling/agrum3/../../../experiments/scaling/agrum3/2026-07-30_14h34_sem_gaussian/graphs/CPC__v20_a30_g23_s200.json,,0.08458294800220756,29.0,25.0,0.06451612903225806,0.2857142857142857,0.038461538461538464,0.16666666666666666
sem_gaussian,CMIIC,"{""alpha"": 0.05}",20,30,200,23,/home/mathis/Documents/Travail/cbnsl_benchmark/experiments/scaling/agrum3/../../../experiments/scaling/agrum3/2026-07-30_14h34_sem_gaussian/graphs/golden__v20_a30_g23.json,/home/mathis/Documents/Travail/cbnsl_benchmark/experiments/scaling/agrum3/../../../experiments/scaling/agrum3/2026-07-30_14h34_sem_gaussian/graphs/CMIIC__v20_a30_g23_s200.json,,0.5654521649994422,16.0,7.0,0.6521739130434783,0.8727272727272728,0.7142857142857143,0.8
sem_gaussian,CPC,"{""alpha"": 0.05, ""max_conditioning_set_size"": 3}",20,30,500,23,/home/mathis/Documents/Travail/cbnsl_benchmark/experiments/scaling/agrum3/../../../experiments/scaling/agrum3/2026-07-30_14h34_sem_gaussian/graphs/golden__v20_a30_g23.json,/home/mathis/Documents/Travail/cbnsl_benchmark/experiments/scaling/agrum3/../../../experiments/scaling/agrum3/2026-07-30_14h34_sem_gaussian/graphs/CPC__v20_a30_g23_s500.json,,0.6438047920019017,29.0,22.0,0.06451612903225806,0.4210526315789474,0.043478260869565216,0.26666666666666666
sem_gaussian,CMIIC,"{""alpha"": 0.05}",20,30,500,23,/home/mathis/Documents/Travail/cbnsl_benchmark/experiments/scaling/agrum3/../../../experiments/scaling/agrum3/2026-07-30_14h34_sem_gaussian/graphs/golden__v20_a30_g23.json,/home/mathis/Documents/Travail/cbnsl_benchmark/experiments/scaling/agrum3/../../../experiments/scaling/agrum3/2026-07-30_14h34_sem_gaussian/graphs/CMIIC__v20_a30_g23_s500.json,,1.8934769120023702,27.0,10.0,0.18181818181818185,0.8,0.23076923076923078,0.6666666666666666
sem_gaussian,CPC,"{""alpha"": 0.05, ""max_conditioning_set_size"": 3}",20,30,1000,23,/home/mathis/Documents/Travail/cbnsl_benchmark/experiments/scaling/agrum3/../../../experiments/scaling/agrum3/2026-07-30_14h34_sem_gaussian/graphs/golden__v20_a30_g23.json,/home/mathis/Documents/Travail/cbnsl_benchmark/experiments/scaling/agrum3/../../../experiments/scaling/agrum3/2026-07-30_14h34_sem_gaussian/graphs/CPC__v20_a30_g23_s1000.json,,3.2756058720005967,27.0,12.0,0.1818181818181818,0.7499999999999999,0.2,0.6
sem_gaussian,CMIIC,"{""alpha"": 0.05}",20,30,1000,23,/home/mathis/Documents/Travail/cbnsl_benchmark/experiments/scaling/agrum3/../../../experiments/scaling/agrum3/2026-07-30_14h34_sem_gaussian/graphs/golden__v20_a30_g23.json,/home/mathis/Documents/Travail/cbnsl_benchmark/experiments/scaling/agrum3/../../../experiments/scaling/agrum3/2026-07-30_14h34_sem_gaussian/graphs/CMIIC__v20_a30_g23_s1000.json,,6.405512470999383,23.0,8.0,0.3783783783783784,0.846153846153846,0.4666666666666667,0.7333333333333333
sem_gaussian,CPC,"{""alpha"": 0.05, ""max_conditioning_set_size"": 3}",20,30,3000,23,/home/mathis/Documents/Travail/cbnsl_benchmark/experiments/scaling/agrum3/../../../experiments/scaling/agrum3/2026-07-30_14h34_sem_gaussian/graphs/golden__v20_a30_g23.json,/home/mathis/Documents/Travail/cbnsl_benchmark/experiments/scaling/agrum3/../../../experiments/scaling/agrum3/2026-07-30_14h34_sem_gaussian/graphs/CPC__v20_a30_g23_s3000.json,,39.54248193700187,20.0,4.0,0.5238095238095237,0.9310344827586207,0.7857142857142857,0.9
sem_gaussian,CMIIC,"{""alpha"": 0.05}",20,30,3000,23,/home/mathis/Documents/Travail/cbnsl_benchmark/experiments/scaling/agrum3/../../../experiments/scaling/agrum3/2026-07-30_14h34_sem_gaussian/graphs/golden__v20_a30_g23.json,/home/mathis/Documents/Travail/cbnsl_benchmark/experiments/scaling/agrum3/../../../experiments/scaling/agrum3/2026-07-30_14h34_sem_gaussian/graphs/CMIIC__v20_a30_g23_s3000.json,,47.97313959999883,17.0,7.0,0.6046511627906976,0.8679245283018869,0.65,0.7666666666666667
sem_gaussian,CPC,"{""alpha"": 0.05, ""max_conditioning_set_size"": 3}",20,30,5000,23,/home/mathis/Documents/Travail/cbnsl_benchmark/experiments/scaling/agrum3/../../../experiments/scaling/agrum3/2026-07-30_14h34_sem_gaussian/graphs/golden__v20_a30_g23.json,/home/mathis/Documents/Travail/cbnsl_benchmark/experiments/scaling/agrum3/../../../experiments/scaling/agrum3/2026-07-30_14h34_sem_gaussian/graphs/CPC__v20_a30_g23_s5000.json,,118.23749534300077,17.0,6.0,0.6382978723404255,0.896551724137931,0.7894736842105263,0.8666666666666667
sem_gaussian,CMIIC,"{""alpha"": 0.05}",20,30,5000,23,/home/mathis/Documents/Travail/cbnsl_benchmark/experiments/scaling/agrum3/../../../experiments/scaling/agrum3/2026-07-30_14h34_sem_gaussian/graphs/golden__v20_a30_g23.json,/home/mathis/Documents/Travail/cbnsl_benchmark/experiments/scaling/agrum3/../../../experiments/scaling/agrum3/2026-07-30_14h34_sem_gaussian/graphs/CMIIC__v20_a30_g23_s5000.json,,132.26246740699935,18.0,8.0,0.5714285714285713,0.846153846153846,0.6,0.7333333333333333
sem_gaussian,CPC,"{""alpha"": 0.05, ""max_conditioning_set_size"": 3}",20,30,200,24,/home/mathis/Documents/Travail/cbnsl_benchmark/experiments/scaling/agrum3/../../../experiments/scaling/agrum3/2026-07-30_14h34_sem_gaussian/graphs/golden__v20_a30_g24.json,/home/mathis/Documents/Travail/cbnsl_benchmark/experiments/scaling/agrum3/../../../experiments/scaling/agrum3/2026-07-30_14h34_sem_gaussian/graphs/CPC__v20_a30_g24_s200.json,,0.06174100499993074,23.0,15.0,0.30303030303030304,0.6341463414634146,0.25,0.4642857142857143
sem_gaussian,CMIIC,"{""alpha"": 0.05}",20,30,200,24,/home/mathis/Documents/Travail/cbnsl_benchmark/experiments/scaling/agrum3/../../../experiments/scaling/agrum3/2026-07-30_14h34_sem_gaussian/graphs/golden__v20_a30_g24.json,/home/mathis/Documents/Travail/cbnsl_benchmark/experiments/scaling/agrum3/../../../experiments/scaling/agrum3/2026-07-30_14h34_sem_gaussian/graphs/CMIIC__v20_a30_g24_s200.json,,0.34217850400091265,22.0,5.0,0.3529411764705882,0.9019607843137255,0.5454545454545454,0.8214285714285714
sem_gaussian,CPC,"{""alpha"": 0.05, ""max_conditioning_set_size"": 3}",20,30,500,24,/home/mathis/Documents/Travail/cbnsl_benchmark/experiments/scaling/agrum3/../../../experiments/scaling/agrum3/2026-07-30_14h34_sem_gaussian/graphs/golden__v20_a30_g24.json,/home/mathis/Documents/Travail/cbnsl_benchmark/experiments/scaling/agrum3/../../../experiments/scaling/agrum3/2026-07-30_14h34_sem_gaussian/graphs/CPC__v20_a30_g24_s500.json,,0.4614166999999725,19.0,11.0,0.48648648648648646,0.7555555555555554,0.45,0.6071428571428571
sem_gaussian,CMIIC,"{""alpha"": 0.05}",20,30,500,24,/home/mathis/Documents/Travail/cbnsl_benchmark/experiments/scaling/agrum3/../../../experiments/scaling/agrum3/2026-07-30_14h34_sem_gaussian/graphs/golden__v20_a30_g24.json,/home/mathis/Documents/Travail/cbnsl_benchmark/experiments/scaling/agrum3/../../../experiments/scaling/agrum3/2026-07-30_14h34_sem_gaussian/graphs/CMIIC__v20_a30_g24_s500.json,,1.5019332539995958,21.0,4.0,0.4,0.923076923076923,0.6363636363636364,0.8571428571428571
sem_gaussian,CPC,"{""alpha"": 0.05, ""max_conditioning_set_size"": 3}",20,30,1000,24,/home/mathis/Documents/Travail/cbnsl_benchmark/experiments/scaling/agrum3/../../../experiments/scaling/agrum3/2026-07-30_14h34_sem_gaussian/graphs/golden__v20_a30_g24.json,/home/mathis/Documents/Travail/cbnsl_benchmark/experiments/scaling/agrum3/../../../experiments/scaling/agrum3/2026-07-30_14h34_sem_gaussian/graphs/CPC__v20_a30_g24_s1000.json,,1.8184979459983879,21.0,7.0,0.4,0.8571428571428571,0.5,0.75
sem_gaussian,CMIIC,"{""alpha"": 0.05}",20,30,1000,24,/home/mathis/Documents/Travail/cbnsl_benchmark/experiments/scaling/agrum3/../../../experiments/scaling/agrum3/2026-07-30_14h34_sem_gaussian/graphs/golden__v20_a30_g24.json,/home/mathis/Documents/Travail/cbnsl_benchmark/experiments/scaling/agrum3/../../../experiments/scaling/agrum3/2026-07-30_14h34_sem_gaussian/graphs/CMIIC__v20_a30_g24_s1000.json,,4.793215523000981,14.0,5.0,0.6666666666666666,0.9019607843137255,0.7368421052631579,0.8214285714285714
sem_gaussian,CPC,"{""alpha"": 0.05, ""max_conditioning_set_size"": 3}",20,30,3000,24,/home/mathis/Documents/Travail/cbnsl_benchmark/experiments/scaling/agrum3/../../../experiments/scaling/agrum3/2026-07-30_14h34_sem_gaussian/graphs/golden__v20_a30_g24.json,/home/mathis/Documents/Travail/cbnsl_benchmark/experiments/scaling/agrum3/../../../experiments/scaling/agrum3/2026-07-30_14h34_sem_gaussian/graphs/CPC__v20_a30_g24_s3000.json,,20.761633783000434,19.0,4.0,0.5128205128205128,0.9259259259259259,0.7692307692307693,0.8928571428571429
sem_gaussian,CMIIC,"{""alpha"": 0.05}",20,30,3000,24,/home/mathis/Documents/Travail/cbnsl_benchmark/experiments/scaling/agrum3/../../../experiments/scaling/agrum3/2026-07-30_14h34_sem_gaussian/graphs/golden__v20_a30_g24.json,/home/mathis/Documents/Travail/cbnsl_benchmark/experiments/scaling/agrum3/../../../experiments/scaling/agrum3/2026-07-30_14h34_sem_gaussian/graphs/CMIIC__v20_a30_g24_s3000.json,,38.89467843699822,13.0,4.0,0.6976744186046512,0.923076923076923,0.7894736842105263,0.8571428571428571
sem_gaussian,CPC,"{""alpha"": 0.05, ""max_conditioning_set_size"": 3}",20,30,5000,24,/home/mathis/Documents/Travail/cbnsl_benchmark/experiments/scaling/agrum3/../../../experiments/scaling/agrum3/2026-07-30_14h34_sem_gaussian/graphs/golden__v20_a30_g24.json,/home/mathis/Documents/Travail/cbnsl_benchmark/experiments/scaling/agrum3/../../../experiments/scaling/agrum3/2026-07-30_14h34_sem_gaussian/graphs/CPC__v20_a30_g24_s5000.json,,63.54398291000325,19.0,2.0,0.4864864864864865,0.962962962962963,0.8181818181818182,0.9285714285714286
sem_gaussian,CMIIC,"{""alpha"": 0.05}",20,30,5000,24,/home/mathis/Documents/Travail/cbnsl_benchmark/experiments/scaling/agrum3/../../../experiments/scaling/agrum3/2026-07-30_14h34_sem_gaussian/graphs/golden__v20_a30_g24.json,/home/mathis/Documents/Travail/cbnsl_benchmark/experiments/scaling/agrum3/../../../experiments/scaling/agrum3/2026-07-30_14h34_sem_gaussian/graphs/CMIIC__v20_a30_g24_s5000.json,,108.1130109959995,18.0,4.0,0.5263157894736842,0.923076923076923,0.7142857142857143,0.8571428571428571
sem_gaussian,CPC,"{""alpha"": 0.05, ""max_conditioning_set_size"": 3}",20,30,200,25,/home/mathis/Documents/Travail/cbnsl_benchmark/experiments/scaling/agrum3/../../../experiments/scaling/agrum3/2026-07-30_14h34_sem_gaussian/graphs/golden__v20_a30_g25.json,/home/mathis/Documents/Travail/cbnsl_benchmark/experiments/scaling/agrum3/../../../experiments/scaling/agrum3/2026-07-30_14h34_sem_gaussian/graphs/CPC__v20_a30_g25_s200.json,,0.08412908399986918,30.0,26.0,0.0,0.23529411764705882,0.0,0.13333333333333333
sem_gaussian,CMIIC,"{""alpha"": 0.05}",20,30,200,25,/home/mathis/Documents/Travail/cbnsl_benchmark/experiments/scaling/agrum3/../../../experiments/scaling/agrum3/2026-07-30_14h34_sem_gaussian/graphs/golden__v20_a30_g25.json,/home/mathis/Documents/Travail/cbnsl_benchmark/experiments/scaling/agrum3/../../../experiments/scaling/agrum3/2026-07-30_14h34_sem_gaussian/graphs/CMIIC__v20_a30_g25_s200.json,,0.835603044997697,30.0,7.0,0.0625,0.8727272727272728,0.14285714285714285,0.8
sem_gaussian,CPC,"{""alpha"": 0.05, ""max_conditioning_set_size"": 3}",20,30,500,25,/home/mathis/Documents/Travail/cbnsl_benchmark/experiments/scaling/agrum3/../../../experiments/scaling/agrum3/2026-07-30_14h34_sem_gaussian/graphs/golden__v20_a30_g25.json,/home/mathis/Documents/Travail/cbnsl_benchmark/experiments/scaling/agrum3/../../../experiments/scaling/agrum3/2026-07-30_14h34_sem_gaussian/graphs/CPC__v20_a30_g25_s500.json,,0.8416243339997891,27.0,24.0,0.1818181818181818,0.33333333333333337,0.1111111111111111,0.2
sem_gaussian,CMIIC,"{""alpha"": 0.05}",20,30,500,25,/home/mathis/Documents/Travail/cbnsl_benchmark/experiments/scaling/agrum3/../../../experiments/scaling/agrum3/2026-07-30_14h34_sem_gaussian/graphs/golden__v20_a30_g25.json,/home/mathis/Documents/Travail/cbnsl_benchmark/experiments/scaling/agrum3/../../../experiments/scaling/agrum3/2026-07-30_14h34_sem_gaussian/graphs/CMIIC__v20_a30_g25_s500.json,,2.7934213469998213,29.0,5.0,0.06451612903225806,0.9090909090909091,0.16666666666666666,0.8333333333333334
sem_gaussian,CPC,"{""alpha"": 0.05, ""max_conditioning_set_size"": 3}",20,30,1000,25,/home/mathis/Documents/Travail/cbnsl_benchmark/experiments/scaling/agrum3/../../../experiments/scaling/agrum3/2026-07-30_14h34_sem_gaussian/graphs/golden__v20_a30_g25.json,/home/mathis/Documents/Travail/cbnsl_benchmark/experiments/scaling/agrum3/../../../experiments/scaling/agrum3/2026-07-30_14h34_sem_gaussian/graphs/CPC__v20_a30_g25_s1000.json,,4.647739578002074,23.0,13.0,0.41025641025641024,0.7346938775510204,0.4,0.6
sem_gaussian,CMIIC,"{""alpha"": 0.05}",20,30,1000,25,/home/mathis/Documents/Travail/cbnsl_benchmark/experiments/scaling/agrum3/../../../experiments/scaling/agrum3/2026-07-30_14h34_sem_gaussian/graphs/golden__v20_a30_g25.json,/home/mathis/Documents/Travail/cbnsl_benchmark/experiments/scaling/agrum3/../../../experiments/scaling/agrum3/2026-07-30_14h34_sem_gaussian/graphs/CMIIC__v20_a30_g25_s1000.json,,8.336032379000244,29.0,6.0,0.06451612903225806,0.888888888888889,0.14285714285714285,0.8
sem_gaussian,CPC,"{""alpha"": 0.05, ""max_conditioning_set_size"": 3}",20,30,3000,25,/home/mathis/Documents/Travail/cbnsl_benchmark/experiments/scaling/agrum3/../../../experiments/scaling/agrum3/2026-07-30_14h34_sem_gaussian/graphs/golden__v20_a30_g25.json,/home/mathis/Documents/Travail/cbnsl_benchmark/experiments/scaling/agrum3/../../../experiments/scaling/agrum3/2026-07-30_14h34_sem_gaussian/graphs/CPC__v20_a30_g25_s3000.json,,58.01044110300063,21.0,6.0,0.4878048780487804,0.8928571428571429,0.6666666666666666,0.8333333333333334
sem_gaussian,CMIIC,"{""alpha"": 0.05}",20,30,3000,25,/home/mathis/Documents/Travail/cbnsl_benchmark/experiments/scaling/agrum3/../../../experiments/scaling/agrum3/2026-07-30_14h34_sem_gaussian/graphs/golden__v20_a30_g25.json,/home/mathis/Documents/Travail/cbnsl_benchmark/experiments/scaling/agrum3/../../../experiments/scaling/agrum3/2026-07-30_14h34_sem_gaussian/graphs/CMIIC__v20_a30_g25_s3000.json,,68.05392655300238,29.0,5.0,0.06451612903225806,0.9090909090909091,0.16666666666666666,0.8333333333333334
sem_gaussian,CPC,"{""alpha"": 0.05, ""max_conditioning_set_size"": 3}",20,30,5000,25,/home/mathis/Documents/Travail/cbnsl_benchmark/experiments/scaling/agrum3/../../../experiments/scaling/agrum3/2026-07-30_14h34_sem_gaussian/graphs/golden__v20_a30_g25.json,/home/mathis/Documents/Travail/cbnsl_benchmark/experiments/scaling/agrum3/../../../experiments/scaling/agrum3/2026-07-30_14h34_sem_gaussian/graphs/CPC__v20_a30_g25_s5000.json,,193.88681639999777,22.0,4.0,0.42105263157894735,0.9285714285714286,0.6666666666666666,0.8666666666666667
sem_gaussian,CMIIC,"{""alpha"": 0.05}",20,30,5000,25,/home/mathis/Documents/Travail/cbnsl_benchmark/experiments/scaling/agrum3/../../../experiments/scaling/agrum3/2026-07-30_14h34_sem_gaussian/graphs/golden__v20_a30_g25.json,/home/mathis/Documents/Travail/cbnsl_benchmark/experiments/scaling/agrum3/../../../experiments/scaling/agrum3/2026-07-30_14h34_sem_gaussian/graphs/CMIIC__v20_a30_g25_s5000.json,,194.7698280299992,29.0,5.0,0.06451612903225806,0.9090909090909091,0.16666666666666666,0.8333333333333334
sem_gaussian,CPC,"{""alpha"": 0.05, ""max_conditioning_set_size"": 3}",20,30,200,26,/home/mathis/Documents/Travail/cbnsl_benchmark/experiments/scaling/agrum3/../../../experiments/scaling/agrum3/2026-07-30_14h34_sem_gaussian/graphs/golden__v20_a30_g26.json,/home/mathis/Documents/Travail/cbnsl_benchmark/experiments/scaling/agrum3/../../../experiments/scaling/agrum3/2026-07-30_14h34_sem_gaussian/graphs/CPC__v20_a30_g26_s200.json,,0.07368601599955582,27.0,21.0,0.18181818181818182,0.4615384615384615,0.125,0.3
sem_gaussian,CMIIC,"{""alpha"": 0.05}",20,30,200,26,/home/mathis/Documents/Travail/cbnsl_benchmark/experiments/scaling/agrum3/../../../experiments/scaling/agrum3/2026-07-30_14h34_sem_gaussian/graphs/golden__v20_a30_g26.json,/home/mathis/Documents/Travail/cbnsl_benchmark/experiments/scaling/agrum3/../../../experiments/scaling/agrum3/2026-07-30_14h34_sem_gaussian/graphs/CMIIC__v20_a30_g26_s200.json,,0.5460658359988884,26.0,8.0,0.2777777777777778,0.8518518518518519,0.4166666666666667,0.7666666666666667
sem_gaussian,CPC,"{""alpha"": 0.05, ""max_conditioning_set_size"": 3}",20,30,500,26,/home/mathis/Documents/Travail/cbnsl_benchmark/experiments/scaling/agrum3/../../../experiments/scaling/agrum3/2026-07-30_14h34_sem_gaussian/graphs/golden__v20_a30_g26.json,/home/mathis/Documents/Travail/cbnsl_benchmark/experiments/scaling/agrum3/../../../experiments/scaling/agrum3/2026-07-30_14h34_sem_gaussian/graphs/CPC__v20_a30_g26_s500.json,,0.6132674640030018,25.0,21.0,0.28571428571428575,0.4615384615384615,0.19230769230769232,0.3
sem_gaussian,CMIIC,"{""alpha"": 0.05}",20,30,500,26,/home/mathis/Documents/Travail/cbnsl_benchmark/experiments/scaling/agrum3/../../../experiments/scaling/agrum3/2026-07-30_14h34_sem_gaussian/graphs/golden__v20_a30_g26.json,/home/mathis/Documents/Travail/cbnsl_benchmark/experiments/scaling/agrum3/../../../experiments/scaling/agrum3/2026-07-30_14h34_sem_gaussian/graphs/CMIIC__v20_a30_g26_s500.json,,2.1043373059983423,20.0,7.0,0.5,0.8679245283018869,0.5882352941176471,0.7666666666666667
sem_gaussian,CPC,"{""alpha"": 0.05, ""max_conditioning_set_size"": 3}",20,30,1000,26,/home/mathis/Documents/Travail/cbnsl_benchmark/experiments/scaling/agrum3/../../../experiments/scaling/agrum3/2026-07-30_14h34_sem_gaussian/graphs/golden__v20_a30_g26.json,/home/mathis/Documents/Travail/cbnsl_benchmark/experiments/scaling/agrum3/../../../experiments/scaling/agrum3/2026-07-30_14h34_sem_gaussian/graphs/CPC__v20_a30_g26_s1000.json,,3.053415682999912,24.0,9.0,0.3333333333333333,0.8235294117647058,0.4,0.7
sem_gaussian,CMIIC,"{""alpha"": 0.05}",20,30,1000,26,/home/mathis/Documents/Travail/cbnsl_benchmark/experiments/scaling/agrum3/../../../experiments/scaling/agrum3/2026-07-30_14h34_sem_gaussian/graphs/golden__v20_a30_g26.json,/home/mathis/Documents/Travail/cbnsl_benchmark/experiments/scaling/agrum3/../../../experiments/scaling/agrum3/2026-07-30_14h34_sem_gaussian/graphs/CMIIC__v20_a30_g26_s1000.json,,7.117099137001787,20.0,7.0,0.5,0.8679245283018869,0.5882352941176471,0.7666666666666667
sem_gaussian,CPC,"{""alpha"": 0.05, ""max_conditioning_set_size"": 3}",20,30,3000,26,/home/mathis/Documents/Travail/cbnsl_benchmark/experiments/scaling/agrum3/../../../experiments/scaling/agrum3/2026-07-30_14h34_sem_gaussian/graphs/golden__v20_a30_g26.json,/home/mathis/Documents/Travail/cbnsl_benchmark/experiments/scaling/agrum3/../../../experiments/scaling/agrum3/2026-07-30_14h34_sem_gaussian/graphs/CPC__v20_a30_g26_s3000.json,,36.970167486997525,16.0,5.0,0.6363636363636364,0.9090909090909091,0.7368421052631579,0.8333333333333334
sem_gaussian,CMIIC,"{""alpha"": 0.05}",20,30,3000,26,/home/mathis/Documents/Travail/cbnsl_benchmark/experiments/scaling/agrum3/../../../experiments/scaling/agrum3/2026-07-30_14h34_sem_gaussian/graphs/golden__v20_a30_g26.json,/home/mathis/Documents/Travail/cbnsl_benchmark/experiments/scaling/agrum3/../../../experiments/scaling/agrum3/2026-07-30_14h34_sem_gaussian/graphs/CMIIC__v20_a30_g26_s3000.json,,59.58686622000096,24.0,7.0,0.33333333333333337,0.8679245283018869,0.46153846153846156,0.7666666666666667
sem_gaussian,CPC,"{""alpha"": 0.05, ""max_conditioning_set_size"": 3}",20,30,5000,26,/home/mathis/Documents/Travail/cbnsl_benchmark/experiments/scaling/agrum3/../../../experiments/scaling/agrum3/2026-07-30_14h34_sem_gaussian/graphs/golden__v20_a30_g26.json,/home/mathis/Documents/Travail/cbnsl_benchmark/experiments/scaling/agrum3/../../../experiments/scaling/agrum3/2026-07-30_14h34_sem_gaussian/graphs/CPC__v20_a30_g26_s5000.json,,125.80011491000187,24.0,9.0,0.4545454545454545,0.847457627118644,0.6666666666666666,0.8333333333333334
sem_gaussian,CMIIC,"{""alpha"": 0.05}",20,30,5000,26,/home/mathis/Documents/Travail/cbnsl_benchmark/experiments/scaling/agrum3/../../../experiments/scaling/agrum3/2026-07-30_14h34_sem_gaussian/graphs/golden__v20_a30_g26.json,/home/mathis/Documents/Travail/cbnsl_benchmark/experiments/scaling/agrum3/../../../experiments/scaling/agrum3/2026-07-30_14h34_sem_gaussian/graphs/CMIIC__v20_a30_g26_s5000.json,,148.40464379300101,24.0,8.0,0.33333333333333326,0.846153846153846,0.42857142857142855,0.7333333333333333
sem_gaussian,CPC,"{""alpha"": 0.05, ""max_conditioning_set_size"": 3}",20,30,200,27,/home/mathis/Documents/Travail/cbnsl_benchmark/experiments/scaling/agrum3/../../../experiments/scaling/agrum3/2026-07-30_14h34_sem_gaussian/graphs/golden__v20_a30_g27.json,/home/mathis/Documents/Travail/cbnsl_benchmark/experiments/scaling/agrum3/../../../experiments/scaling/agrum3/2026-07-30_14h34_sem_gaussian/graphs/CPC__v20_a30_g27_s200.json,,0.06050184500054456,26.0,23.0,0.23529411764705882,0.37837837837837834,0.14814814814814814,0.23333333333333334
sem_gaussian,CMIIC,"{""alpha"": 0.05}",20,30,200,27,/home/mathis/Documents/Travail/cbnsl_benchmark/experiments/scaling/agrum3/../../../experiments/scaling/agrum3/2026-07-30_14h34_sem_gaussian/graphs/golden__v20_a30_g27.json,/home/mathis/Documents/Travail/cbnsl_benchmark/experiments/scaling/agrum3/../../../experiments/scaling/agrum3/2026-07-30_14h34_sem_gaussian/graphs/CMIIC__v20_a30_g27_s200.json,,0.39924165699994774,29.0,9.0,0.12121212121212122,0.8301886792452831,0.2,0.7333333333333333
sem_gaussian,CPC,"{""alpha"": 0.05, ""max_conditioning_set_size"": 3}",20,30,500,27,/home/mathis/Documents/Travail/cbnsl_benchmark/experiments/scaling/agrum3/../../../experiments/scaling/agrum3/2026-07-30_14h34_sem_gaussian/graphs/golden__v20_a30_g27.json,/home/mathis/Documents/Travail/cbnsl_benchmark/experiments/scaling/agrum3/../../../experiments/scaling/agrum3/2026-07-30_14h34_sem_gaussian/graphs/CPC__v20_a30_g27_s500.json,,0.538202050000109,24.0,16.0,0.33333333333333326,0.6363636363636364,0.2727272727272727,0.4666666666666667
sem_gaussian,CMIIC,"{""alpha"": 0.05}",20,30,500,27,/home/mathis/Documents/Travail/cbnsl_benchmark/experiments/scaling/agrum3/../../../experiments/scaling/agrum3/2026-07-30_14h34_sem_gaussian/graphs/golden__v20_a30_g27.json,/home/mathis/Documents/Travail/cbnsl_benchmark/experiments/scaling/agrum3/../../../experiments/scaling/agrum3/2026-07-30_14h34_sem_gaussian/graphs/CMIIC__v20_a30_g27_s500.json,,1.5235770389990648,28.0,7.0,0.125,0.8679245283018869,0.2222222222222222,0.7666666666666667
sem_gaussian,CPC,"{""alpha"": 0.05, ""max_conditioning_set_size"": 3}",20,30,1000,27,/home/mathis/Documents/Travail/cbnsl_benchmark/experiments/scaling/agrum3/../../../experiments/scaling/agrum3/2026-07-30_14h34_sem_gaussian/graphs/golden__v20_a30_g27.json,/home/mathis/Documents/Travail/cbnsl_benchmark/experiments/scaling/agrum3/../../../experiments/scaling/agrum3/2026-07-30_14h34_sem_gaussian/graphs/CPC__v20_a30_g27_s1000.json,,2.12084832400069,18.0,8.0,0.5714285714285713,0.846153846153846,0.6,0.7333333333333333
sem_gaussian,CMIIC,"{""alpha"": 0.05}",20,30,1000,27,/home/mathis/Documents/Travail/cbnsl_benchmark/experiments/scaling/agrum3/../../../experiments/scaling/agrum3/2026-07-30_14h34_sem_gaussian/graphs/golden__v20_a30_g27.json,/home/mathis/Documents/Travail/cbnsl_benchmark/experiments/scaling/agrum3/../../../experiments/scaling/agrum3/2026-07-30_14h34_sem_gaussian/graphs/CMIIC__v20_a30_g27_s1000.json,,4.90512610299993,17.0,8.0,0.6046511627906977,0.846153846153846,0.6190476190476191,0.7333333333333333
sem_gaussian,CPC,"{""alpha"": 0.05, ""max_conditioning_set_size"": 3}",20,30,3000,27,/home/mathis/Documents/Travail/cbnsl_benchmark/experiments/scaling/agrum3/../../../experiments/scaling/agrum3/2026-07-30_14h34_sem_gaussian/graphs/golden__v20_a30_g27.json,/home/mathis/Documents/Travail/cbnsl_benchmark/experiments/scaling/agrum3/../../../experiments/scaling/agrum3/2026-07-30_14h34_sem_gaussian/graphs/CPC__v20_a30_g27_s3000.json,,25.73889168000096,17.0,6.0,0.6046511627906976,0.888888888888889,0.6842105263157895,0.8
sem_gaussian,CMIIC,"{""alpha"": 0.05}",20,30,3000,27,/home/mathis/Documents/Travail/cbnsl_benchmark/experiments/scaling/agrum3/../../../experiments/scaling/agrum3/2026-07-30_14h34_sem_gaussian/graphs/golden__v20_a30_g27.json,/home/mathis/Documents/Travail/cbnsl_benchmark/experiments/scaling/agrum3/../../../experiments/scaling/agrum3/2026-07-30_14h34_sem_gaussian/graphs/CMIIC__v20_a30_g27_s3000.json,,38.57510033699873,17.0,8.0,0.6046511627906977,0.846153846153846,0.6190476190476191,0.7333333333333333
sem_gaussian,CPC,"{""alpha"": 0.05, ""max_conditioning_set_size"": 3}",20,30,5000,27,/home/mathis/Documents/Travail/cbnsl_benchmark/experiments/scaling/agrum3/../../../experiments/scaling/agrum3/2026-07-30_14h34_sem_gaussian/graphs/golden__v20_a30_g27.json,/home/mathis/Documents/Travail/cbnsl_benchmark/experiments/scaling/agrum3/../../../experiments/scaling/agrum3/2026-07-30_14h34_sem_gaussian/graphs/CPC__v20_a30_g27_s5000.json,,74.17939266199755,19.0,4.0,0.5365853658536585,0.9285714285714286,0.7333333333333333,0.8666666666666667
sem_gaussian,CMIIC,"{""alpha"": 0.05}",20,30,5000,27,/home/mathis/Documents/Travail/cbnsl_benchmark/experiments/scaling/agrum3/../../../experiments/scaling/agrum3/2026-07-30_14h34_sem_gaussian/graphs/golden__v20_a30_g27.json,/home/mathis/Documents/Travail/cbnsl_benchmark/experiments/scaling/agrum3/../../../experiments/scaling/agrum3/2026-07-30_14h34_sem_gaussian/graphs/CMIIC__v20_a30_g27_s5000.json,,103.57243352099977,17.0,8.0,0.6046511627906977,0.846153846153846,0.6190476190476191,0.7333333333333333
sem_gaussian,CPC,"{""alpha"": 0.05, ""max_conditioning_set_size"": 3}",20,30,200,28,/home/mathis/Documents/Travail/cbnsl_benchmark/experiments/scaling/agrum3/../../../experiments/scaling/agrum3/2026-07-30_14h34_sem_gaussian/graphs/golden__v20_a30_g28.json,/home/mathis/Documents/Travail/cbnsl_benchmark/experiments/scaling/agrum3/../../../experiments/scaling/agrum3/2026-07-30_14h34_sem_gaussian/graphs/CPC__v20_a30_g28_s200.json,,0.05063357800099766,20.0,11.0,0.5,0.7755102040816326,0.47619047619047616,0.6333333333333333
sem_gaussian,CMIIC,"{""alpha"": 0.05}",20,30,200,28,/home/mathis/Documents/Travail/cbnsl_benchmark/experiments/scaling/agrum3/../../../experiments/scaling/agrum3/2026-07-30_14h34_sem_gaussian/graphs/golden__v20_a30_g28.json,/home/mathis/Documents/Travail/cbnsl_benchmark/experiments/scaling/agrum3/../../../experiments/scaling/agrum3/2026-07-30_14h34_sem_gaussian/graphs/CMIIC__v20_a30_g28_s200.json,,0.35118317599699367,16.0,6.0,0.6521739130434783,0.8928571428571429,0.75,0.8333333333333334
sem_gaussian,CPC,"{""alpha"": 0.05, ""max_conditioning_set_size"": 3}",20,30,500,28,/home/mathis/Documents/Travail/cbnsl_benchmark/experiments/scaling/agrum3/../../../experiments/scaling/agrum3/2026-07-30_14h34_sem_gaussian/graphs/golden__v20_a30_g28.json,/home/mathis/Documents/Travail/cbnsl_benchmark/experiments/scaling/agrum3/../../../experiments/scaling/agrum3/2026-07-30_14h34_sem_gaussian/graphs/CPC__v20_a30_g28_s500.json,,0.43354338399876724,25.0,14.0,0.2857142857142857,0.6956521739130436,0.2631578947368421,0.5333333333333333
sem_gaussian,CMIIC,"{""alpha"": 0.05}",20,30,500,28,/home/mathis/Documents/Travail/cbnsl_benchmark/experiments/scaling/agrum3/../../../experiments/scaling/agrum3/2026-07-30_14h34_sem_gaussian/graphs/golden__v20_a30_g28.json,/home/mathis/Documents/Travail/cbnsl_benchmark/experiments/scaling/agrum3/../../../experiments/scaling/agrum3/2026-07-30_14h34_sem_gaussian/graphs/CMIIC__v20_a30_g28_s500.json,,1.6107541840028716,15.0,4.0,0.6808510638297872,0.9310344827586207,0.8421052631578947,0.9
sem_gaussian,CPC,"{""alpha"": 0.05, ""max_conditioning_set_size"": 3}",20,30,1000,28,/home/mathis/Documents/Travail/cbnsl_benchmark/experiments/scaling/agrum3/../../../experiments/scaling/agrum3/2026-07-30_14h34_sem_gaussian/graphs/golden__v20_a30_g28.json,/home/mathis/Documents/Travail/cbnsl_benchmark/experiments/scaling/agrum3/../../../experiments/scaling/agrum3/2026-07-30_14h34_sem_gaussian/graphs/CPC__v20_a30_g28_s1000.json,,2.03014937899934,26.0,11.0,0.23529411764705882,0.7755102040816326,0.26666666666666666,0.6333333333333333
sem_gaussian,CMIIC,"{""alpha"": 0.05}",20,30,1000,28,/home/mathis/Documents/Travail/cbnsl_benchmark/experiments/scaling/agrum3/../../../experiments/scaling/agrum3/2026-07-30_14h34_sem_gaussian/graphs/golden__v20_a30_g28.json,/home/mathis/Documents/Travail/cbnsl_benchmark/experiments/scaling/agrum3/../../../experiments/scaling/agrum3/2026-07-30_14h34_sem_gaussian/graphs/CMIIC__v20_a30_g28_s1000.json,,4.843851781999547,15.0,4.0,0.6666666666666666,0.9285714285714286,0.7894736842105263,0.8666666666666667
sem_gaussian,CPC,"{""alpha"": 0.05, ""max_conditioning_set_size"": 3}",20,30,3000,28,/home/mathis/Documents/Travail/cbnsl_benchmark/experiments/scaling/agrum3/../../../experiments/scaling/agrum3/2026-07-30_14h34_sem_gaussian/graphs/golden__v20_a30_g28.json,/home/mathis/Documents/Travail/cbnsl_benchmark/experiments/scaling/agrum3/../../../experiments/scaling/agrum3/2026-07-30_14h34_sem_gaussian/graphs/CPC__v20_a30_g28_s3000.json,,24.096915887999785,20.0,2.0,0.5,0.9655172413793104,0.8333333333333334,0.9333333333333333
sem_gaussian,CMIIC,"{""alpha"": 0.05}",20,30,3000,28,/home/mathis/Documents/Travail/cbnsl_benchmark/experiments/scaling/agrum3/../../../experiments/scaling/agrum3/2026-07-30_14h34_sem_gaussian/graphs/golden__v20_a30_g28.json,/home/mathis/Documents/Travail/cbnsl_benchmark/experiments/scaling/agrum3/../../../experiments/scaling/agrum3/2026-07-30_14h34_sem_gaussian/graphs/CMIIC__v20_a30_g28_s3000.json,,37.422868934998405,14.0,4.0,0.6956521739130435,0.9285714285714286,0.8,0.8666666666666667
sem_gaussian,CPC,"{""alpha"": 0.05, ""max_conditioning_set_size"": 3}",20,30,5000,28,/home/mathis/Documents/Travail/cbnsl_benchmark/experiments/scaling/agrum3/../../../experiments/scaling/agrum3/2026-07-30_14h34_sem_gaussian/graphs/golden__v20_a30_g28.json,/home/mathis/Documents/Travail/cbnsl_benchmark/experiments/scaling/agrum3/../../../experiments/scaling/agrum3/2026-07-30_14h34_sem_gaussian/graphs/CPC__v20_a30_g28_s5000.json,,72.97033402599845,14.0,2.0,0.6956521739130435,0.9655172413793104,0.8888888888888888,0.9333333333333333
sem_gaussian,CMIIC,"{""alpha"": 0.05}",20,30,5000,28,/home/mathis/Documents/Travail/cbnsl_benchmark/experiments/scaling/agrum3/../../../experiments/scaling/agrum3/2026-07-30_14h34_sem_gaussian/graphs/golden__v20_a30_g28.json,/home/mathis/Documents/Travail/cbnsl_benchmark/experiments/scaling/agrum3/../../../experiments/scaling/agrum3/2026-07-30_14h34_sem_gaussian/graphs/CMIIC__v20_a30_g28_s5000.json,,97.94291462099864,14.0,4.0,0.6956521739130435,0.9285714285714286,0.8,0.8666666666666667
sem_gaussian,CPC,"{""alpha"": 0.05, ""max_conditioning_set_size"": 3}",20,30,200,29,/home/mathis/Documents/Travail/cbnsl_benchmark/experiments/scaling/agrum3/../../../experiments/scaling/agrum3/2026-07-30_14h34_sem_gaussian/graphs/golden__v20_a30_g29.json,/home/mathis/Documents/Travail/cbnsl_benchmark/experiments/scaling/agrum3/../../../experiments/scaling/agrum3/2026-07-30_14h34_sem_gaussian/graphs/CPC__v20_a30_g29_s200.json,,0.06875987300009001,29.0,22.0,0.06451612903225806,0.4210526315789474,0.043478260869565216,0.26666666666666666
sem_gaussian,CMIIC,"{""alpha"": 0.05}",20,30,200,29,/home/mathis/Documents/Travail/cbnsl_benchmark/experiments/scaling/agrum3/../../../experiments/scaling/agrum3/2026-07-30_14h34_sem_gaussian/graphs/golden__v20_a30_g29.json,/home/mathis/Documents/Travail/cbnsl_benchmark/experiments/scaling/agrum3/../../../experiments/scaling/agrum3/2026-07-30_14h34_sem_gaussian/graphs/CMIIC__v20_a30_g29_s200.json,,0.4573949400000856,17.0,4.0,0.6046511627906976,0.9285714285714286,0.7647058823529411,0.8666666666666667
sem_gaussian,CPC,"{""alpha"": 0.05, ""max_conditioning_set_size"": 3}",20,30,500,29,/home/mathis/Documents/Travail/cbnsl_benchmark/experiments/scaling/agrum3/../../../experiments/scaling/agrum3/2026-07-30_14h34_sem_gaussian/graphs/golden__v20_a30_g29.json,/home/mathis/Documents/Travail/cbnsl_benchmark/experiments/scaling/agrum3/../../../experiments/scaling/agrum3/2026-07-30_14h34_sem_gaussian/graphs/CPC__v20_a30_g29_s500.json,,0.5407831319971592,27.0,25.0,0.18181818181818182,0.2857142857142857,0.10714285714285714,0.16666666666666666
sem_gaussian,CMIIC,"{""alpha"": 0.05}",20,30,500,29,/home/mathis/Documents/Travail/cbnsl_benchmark/experiments/scaling/agrum3/../../../experiments/scaling/agrum3/2026-07-30_14h34_sem_gaussian/graphs/golden__v20_a30_g29.json,/home/mathis/Documents/Travail/cbnsl_benchmark/experiments/scaling/agrum3/../../../experiments/scaling/agrum3/2026-07-30_14h34_sem_gaussian/graphs/CMIIC__v20_a30_g29_s500.json,,1.7469482269989385,19.0,6.0,0.5365853658536585,0.888888888888889,0.6470588235294118,0.8
sem_gaussian,CPC,"{""alpha"": 0.05, ""max_conditioning_set_size"": 3}",20,30,1000,29,/home/mathis/Documents/Travail/cbnsl_benchmark/experiments/scaling/agrum3/../../../experiments/scaling/agrum3/2026-07-30_14h34_sem_gaussian/graphs/golden__v20_a30_g29.json,/home/mathis/Documents/Travail/cbnsl_benchmark/experiments/scaling/agrum3/../../../experiments/scaling/agrum3/2026-07-30_14h34_sem_gaussian/graphs/CPC__v20_a30_g29_s1000.json,,2.9817793570000504,26.0,8.0,0.23529411764705885,0.846153846153846,0.3333333333333333,0.7333333333333333
sem_gaussian,CMIIC,"{""alpha"": 0.05}",20,30,1000,29,/home/mathis/Documents/Travail/cbnsl_benchmark/experiments/scaling/agrum3/../../../experiments/scaling/agrum3/2026-07-30_14h34_sem_gaussian/graphs/golden__v20_a30_g29.json,/home/mathis/Documents/Travail/cbnsl_benchmark/experiments/scaling/agrum3/../../../experiments/scaling/agrum3/2026-07-30_14h34_sem_gaussian/graphs/CMIIC__v20_a30_g29_s1000.json,,5.691772091002349,14.0,6.0,0.6956521739130435,0.888888888888889,0.7272727272727273,0.8
sem_gaussian,CPC,"{""alpha"": 0.05, ""max_conditioning_set_size"": 3}",20,30,3000,29,/home/mathis/Documents/Travail/cbnsl_benchmark/experiments/scaling/agrum3/../../../experiments/scaling/agrum3/2026-07-30_14h34_sem_gaussian/graphs/golden__v20_a30_g29.json,/home/mathis/Documents/Travail/cbnsl_benchmark/experiments/scaling/agrum3/../../../experiments/scaling/agrum3/2026-07-30_14h34_sem_gaussian/graphs/CPC__v20_a30_g29_s3000.json,,40.298288526999386,21.0,4.0,0.48780487804878053,0.9310344827586207,0.7692307692307693,0.9
sem_gaussian,CMIIC,"{""alpha"": 0.05}",20,30,3000,29,/home/mathis/Documents/Travail/cbnsl_benchmark/experiments/scaling/agrum3/../../../experiments/scaling/agrum3/2026-07-30_14h34_sem_gaussian/graphs/golden__v20_a30_g29.json,/home/mathis/Documents/Travail/cbnsl_benchmark/experiments/scaling/agrum3/../../../experiments/scaling/agrum3/2026-07-30_14h34_sem_gaussian/graphs/CMIIC__v20_a30_g29_s3000.json,,45.87994195200008,15.0,5.0,0.6666666666666665,0.9090909090909091,0.75,0.8333333333333334
sem_gaussian,CPC,"{""alpha"": 0.05, ""max_conditioning_set_size"": 3}",20,30,5000,29,/home/mathis/Documents/Travail/cbnsl_benchmark/experiments/scaling/agrum3/../../../experiments/scaling/agrum3/2026-07-30_14h34_sem_gaussian/graphs/golden__v20_a30_g29.json,/home/mathis/Documents/Travail/cbnsl_benchmark/experiments/scaling/agrum3/../../../experiments/scaling/agrum3/2026-07-30_14h34_sem_gaussian/graphs/CPC__v20_a30_g29_s5000.json,,131.3722991700015,24.0,7.0,0.45454545454545453,0.8852459016393444,0.7692307692307693,0.9
sem_gaussian,CMIIC,"{""alpha"": 0.05}",20,30,5000,29,/home/mathis/Documents/Travail/cbnsl_benchmark/experiments/scaling/agrum3/../../../experiments/scaling/agrum3/2026-07-30_14h34_sem_gaussian/graphs/golden__v20_a30_g29.json,/home/mathis/Documents/Travail/cbnsl_benchmark/experiments/scaling/agrum3/../../../experiments/scaling/agrum3/2026-07-30_14h34_sem_gaussian/graphs/CMIIC__v20_a30_g29_s5000.json,,123.0507965609977,16.0,6.0,0.6521739130434783,0.8928571428571429,0.75,0.8333333333333334
