generator_name,algo,algo_params,n_vars,n_arcs,n_samples,graph_idx,golden_path,learned_path,error_msg,time_s,SHD,SHD_skeleton,F1-Score,F1-Score_skeleton,TPR,TPR_skeleton
cbn_unif_gauss,CPC,"{""alpha"": 0.05, ""max_conditioning_set_size"": 3}",10,15,200,0,2026-07-31_23h23_cbn_unif_gauss/graphs/golden__v10_a15_g0.json,2026-07-31_23h23_cbn_unif_gauss/graphs/CPC__v10_a15_g0_s200.json,metrics: module 'pyagrum' has no attribute 'StructuralMetrics',0.02847878799366299,,,,,,
cbn_unif_gauss,CMIIC,"{""alpha"": 0.05}",10,15,200,0,2026-07-31_23h23_cbn_unif_gauss/graphs/golden__v10_a15_g0.json,2026-07-31_23h23_cbn_unif_gauss/graphs/CMIIC__v10_a15_g0_s200.json,metrics: module 'pyagrum' has no attribute 'StructuralMetrics',0.08867930600536056,,,,,,
cbn_unif_gauss,CPC,"{""alpha"": 0.05, ""max_conditioning_set_size"": 3}",10,15,500,0,2026-07-31_23h23_cbn_unif_gauss/graphs/golden__v10_a15_g0.json,2026-07-31_23h23_cbn_unif_gauss/graphs/CPC__v10_a15_g0_s500.json,metrics: module 'pyagrum' has no attribute 'StructuralMetrics',0.16420158500841353,,,,,,
cbn_unif_gauss,CMIIC,"{""alpha"": 0.05}",10,15,500,0,2026-07-31_23h23_cbn_unif_gauss/graphs/golden__v10_a15_g0.json,2026-07-31_23h23_cbn_unif_gauss/graphs/CMIIC__v10_a15_g0_s500.json,metrics: module 'pyagrum' has no attribute 'StructuralMetrics',0.4693172980041709,,,,,,
cbn_unif_gauss,CPC,"{""alpha"": 0.05, ""max_conditioning_set_size"": 3}",10,15,1000,0,2026-07-31_23h23_cbn_unif_gauss/graphs/golden__v10_a15_g0.json,2026-07-31_23h23_cbn_unif_gauss/graphs/CPC__v10_a15_g0_s1000.json,metrics: module 'pyagrum' has no attribute 'StructuralMetrics',0.6981184920005035,,,,,,
cbn_unif_gauss,CMIIC,"{""alpha"": 0.05}",10,15,1000,0,2026-07-31_23h23_cbn_unif_gauss/graphs/golden__v10_a15_g0.json,2026-07-31_23h23_cbn_unif_gauss/graphs/CMIIC__v10_a15_g0_s1000.json,metrics: module 'pyagrum' has no attribute 'StructuralMetrics',1.343109851994086,,,,,,
cbn_unif_gauss,CPC,"{""alpha"": 0.05, ""max_conditioning_set_size"": 3}",10,15,3000,0,2026-07-31_23h23_cbn_unif_gauss/graphs/golden__v10_a15_g0.json,2026-07-31_23h23_cbn_unif_gauss/graphs/CPC__v10_a15_g0_s3000.json,metrics: module 'pyagrum' has no attribute 'StructuralMetrics',9.150150700006634,,,,,,
cbn_unif_gauss,CMIIC,"{""alpha"": 0.05}",10,15,3000,0,2026-07-31_23h23_cbn_unif_gauss/graphs/golden__v10_a15_g0.json,2026-07-31_23h23_cbn_unif_gauss/graphs/CMIIC__v10_a15_g0_s3000.json,metrics: module 'pyagrum' has no attribute 'StructuralMetrics',10.389147449008306,,,,,,
cbn_unif_gauss,CPC,"{""alpha"": 0.05, ""max_conditioning_set_size"": 3}",10,15,5000,0,2026-07-31_23h23_cbn_unif_gauss/graphs/golden__v10_a15_g0.json,2026-07-31_23h23_cbn_unif_gauss/graphs/CPC__v10_a15_g0_s5000.json,metrics: module 'pyagrum' has no attribute 'StructuralMetrics',27.895734760997584,,,,,,
cbn_unif_gauss,CMIIC,"{""alpha"": 0.05}",10,15,5000,0,2026-07-31_23h23_cbn_unif_gauss/graphs/golden__v10_a15_g0.json,2026-07-31_23h23_cbn_unif_gauss/graphs/CMIIC__v10_a15_g0_s5000.json,metrics: module 'pyagrum' has no attribute 'StructuralMetrics',30.221377595997183,,,,,,
cbn_unif_gauss,CPC,"{""alpha"": 0.05, ""max_conditioning_set_size"": 3}",10,15,200,1,2026-07-31_23h23_cbn_unif_gauss/graphs/golden__v10_a15_g1.json,2026-07-31_23h23_cbn_unif_gauss/graphs/CPC__v10_a15_g1_s200.json,metrics: module 'pyagrum' has no attribute 'StructuralMetrics',0.028465106996009126,,,,,,
cbn_unif_gauss,CMIIC,"{""alpha"": 0.05}",10,15,200,1,2026-07-31_23h23_cbn_unif_gauss/graphs/golden__v10_a15_g1.json,2026-07-31_23h23_cbn_unif_gauss/graphs/CMIIC__v10_a15_g1_s200.json,metrics: module 'pyagrum' has no attribute 'StructuralMetrics',0.07549392999499105,,,,,,
cbn_unif_gauss,CPC,"{""alpha"": 0.05, ""max_conditioning_set_size"": 3}",10,15,500,1,2026-07-31_23h23_cbn_unif_gauss/graphs/golden__v10_a15_g1.json,2026-07-31_23h23_cbn_unif_gauss/graphs/CPC__v10_a15_g1_s500.json,metrics: module 'pyagrum' has no attribute 'StructuralMetrics',0.1609975509927608,,,,,,
cbn_unif_gauss,CMIIC,"{""alpha"": 0.05}",10,15,500,1,2026-07-31_23h23_cbn_unif_gauss/graphs/golden__v10_a15_g1.json,2026-07-31_23h23_cbn_unif_gauss/graphs/CMIIC__v10_a15_g1_s500.json,metrics: module 'pyagrum' has no attribute 'StructuralMetrics',0.393646821990842,,,,,,
cbn_unif_gauss,CPC,"{""alpha"": 0.05, ""max_conditioning_set_size"": 3}",10,15,1000,1,2026-07-31_23h23_cbn_unif_gauss/graphs/golden__v10_a15_g1.json,2026-07-31_23h23_cbn_unif_gauss/graphs/CPC__v10_a15_g1_s1000.json,metrics: module 'pyagrum' has no attribute 'StructuralMetrics',0.813771552988328,,,,,,
cbn_unif_gauss,CMIIC,"{""alpha"": 0.05}",10,15,1000,1,2026-07-31_23h23_cbn_unif_gauss/graphs/golden__v10_a15_g1.json,2026-07-31_23h23_cbn_unif_gauss/graphs/CMIIC__v10_a15_g1_s1000.json,metrics: module 'pyagrum' has no attribute 'StructuralMetrics',1.3732182110106805,,,,,,
cbn_unif_gauss,CPC,"{""alpha"": 0.05, ""max_conditioning_set_size"": 3}",10,15,3000,1,2026-07-31_23h23_cbn_unif_gauss/graphs/golden__v10_a15_g1.json,2026-07-31_23h23_cbn_unif_gauss/graphs/CPC__v10_a15_g1_s3000.json,metrics: module 'pyagrum' has no attribute 'StructuralMetrics',9.14893861899327,,,,,,
cbn_unif_gauss,CMIIC,"{""alpha"": 0.05}",10,15,3000,1,2026-07-31_23h23_cbn_unif_gauss/graphs/golden__v10_a15_g1.json,2026-07-31_23h23_cbn_unif_gauss/graphs/CMIIC__v10_a15_g1_s3000.json,metrics: module 'pyagrum' has no attribute 'StructuralMetrics',10.431742325003142,,,,,,
cbn_unif_gauss,CPC,"{""alpha"": 0.05, ""max_conditioning_set_size"": 3}",10,15,5000,1,2026-07-31_23h23_cbn_unif_gauss/graphs/golden__v10_a15_g1.json,2026-07-31_23h23_cbn_unif_gauss/graphs/CPC__v10_a15_g1_s5000.json,metrics: module 'pyagrum' has no attribute 'StructuralMetrics',31.40421101699758,,,,,,
cbn_unif_gauss,CMIIC,"{""alpha"": 0.05}",10,15,5000,1,2026-07-31_23h23_cbn_unif_gauss/graphs/golden__v10_a15_g1.json,2026-07-31_23h23_cbn_unif_gauss/graphs/CMIIC__v10_a15_g1_s5000.json,metrics: module 'pyagrum' has no attribute 'StructuralMetrics',28.5114165119885,,,,,,
cbn_unif_gauss,CPC,"{""alpha"": 0.05, ""max_conditioning_set_size"": 3}",10,15,200,2,2026-07-31_23h23_cbn_unif_gauss/graphs/golden__v10_a15_g2.json,2026-07-31_23h23_cbn_unif_gauss/graphs/CPC__v10_a15_g2_s200.json,metrics: module 'pyagrum' has no attribute 'StructuralMetrics',0.034575826008222066,,,,,,
cbn_unif_gauss,CMIIC,"{""alpha"": 0.05}",10,15,200,2,2026-07-31_23h23_cbn_unif_gauss/graphs/golden__v10_a15_g2.json,2026-07-31_23h23_cbn_unif_gauss/graphs/CMIIC__v10_a15_g2_s200.json,metrics: module 'pyagrum' has no attribute 'StructuralMetrics',0.11288340100145433,,,,,,
cbn_unif_gauss,CPC,"{""alpha"": 0.05, ""max_conditioning_set_size"": 3}",10,15,500,2,2026-07-31_23h23_cbn_unif_gauss/graphs/golden__v10_a15_g2.json,2026-07-31_23h23_cbn_unif_gauss/graphs/CPC__v10_a15_g2_s500.json,metrics: module 'pyagrum' has no attribute 'StructuralMetrics',0.19155157898785546,,,,,,
cbn_unif_gauss,CMIIC,"{""alpha"": 0.05}",10,15,500,2,2026-07-31_23h23_cbn_unif_gauss/graphs/golden__v10_a15_g2.json,2026-07-31_23h23_cbn_unif_gauss/graphs/CMIIC__v10_a15_g2_s500.json,metrics: module 'pyagrum' has no attribute 'StructuralMetrics',0.5156468670029426,,,,,,
cbn_unif_gauss,CPC,"{""alpha"": 0.05, ""max_conditioning_set_size"": 3}",10,15,1000,2,2026-07-31_23h23_cbn_unif_gauss/graphs/golden__v10_a15_g2.json,2026-07-31_23h23_cbn_unif_gauss/graphs/CPC__v10_a15_g2_s1000.json,metrics: module 'pyagrum' has no attribute 'StructuralMetrics',1.3534061210084474,,,,,,
cbn_unif_gauss,CMIIC,"{""alpha"": 0.05}",10,15,1000,2,2026-07-31_23h23_cbn_unif_gauss/graphs/golden__v10_a15_g2.json,2026-07-31_23h23_cbn_unif_gauss/graphs/CMIIC__v10_a15_g2_s1000.json,metrics: module 'pyagrum' has no attribute 'StructuralMetrics',1.8499566460086498,,,,,,
cbn_unif_gauss,CPC,"{""alpha"": 0.05, ""max_conditioning_set_size"": 3}",10,15,3000,2,2026-07-31_23h23_cbn_unif_gauss/graphs/golden__v10_a15_g2.json,2026-07-31_23h23_cbn_unif_gauss/graphs/CPC__v10_a15_g2_s3000.json,metrics: module 'pyagrum' has no attribute 'StructuralMetrics',20.31619405699894,,,,,,
cbn_unif_gauss,CMIIC,"{""alpha"": 0.05}",10,15,3000,2,2026-07-31_23h23_cbn_unif_gauss/graphs/golden__v10_a15_g2.json,2026-07-31_23h23_cbn_unif_gauss/graphs/CMIIC__v10_a15_g2_s3000.json,metrics: module 'pyagrum' has no attribute 'StructuralMetrics',14.946705035996274,,,,,,
cbn_unif_gauss,CPC,"{""alpha"": 0.05, ""max_conditioning_set_size"": 3}",10,15,5000,2,2026-07-31_23h23_cbn_unif_gauss/graphs/golden__v10_a15_g2.json,,[pyAgrum] Partially directed cycle detected: Add a partial directed cycle in a PDAG : between 6 and 0,,,,,,,
cbn_unif_gauss,CMIIC,"{""alpha"": 0.05}",10,15,5000,2,2026-07-31_23h23_cbn_unif_gauss/graphs/golden__v10_a15_g2.json,2026-07-31_23h23_cbn_unif_gauss/graphs/CMIIC__v10_a15_g2_s5000.json,metrics: module 'pyagrum' has no attribute 'StructuralMetrics',39.535054003994446,,,,,,
cbn_unif_gauss,CPC,"{""alpha"": 0.05, ""max_conditioning_set_size"": 3}",10,15,200,3,2026-07-31_23h23_cbn_unif_gauss/graphs/golden__v10_a15_g3.json,2026-07-31_23h23_cbn_unif_gauss/graphs/CPC__v10_a15_g3_s200.json,metrics: module 'pyagrum' has no attribute 'StructuralMetrics',0.03903510299278423,,,,,,
cbn_unif_gauss,CMIIC,"{""alpha"": 0.05}",10,15,200,3,2026-07-31_23h23_cbn_unif_gauss/graphs/golden__v10_a15_g3.json,2026-07-31_23h23_cbn_unif_gauss/graphs/CMIIC__v10_a15_g3_s200.json,metrics: module 'pyagrum' has no attribute 'StructuralMetrics',0.12561886598996352,,,,,,
cbn_unif_gauss,CPC,"{""alpha"": 0.05, ""max_conditioning_set_size"": 3}",10,15,500,3,2026-07-31_23h23_cbn_unif_gauss/graphs/golden__v10_a15_g3.json,2026-07-31_23h23_cbn_unif_gauss/graphs/CPC__v10_a15_g3_s500.json,metrics: module 'pyagrum' has no attribute 'StructuralMetrics',0.20938609400764108,,,,,,
cbn_unif_gauss,CMIIC,"{""alpha"": 0.05}",10,15,500,3,2026-07-31_23h23_cbn_unif_gauss/graphs/golden__v10_a15_g3.json,2026-07-31_23h23_cbn_unif_gauss/graphs/CMIIC__v10_a15_g3_s500.json,metrics: module 'pyagrum' has no attribute 'StructuralMetrics',0.642454347005696,,,,,,
cbn_unif_gauss,CPC,"{""alpha"": 0.05, ""max_conditioning_set_size"": 3}",10,15,1000,3,2026-07-31_23h23_cbn_unif_gauss/graphs/golden__v10_a15_g3.json,2026-07-31_23h23_cbn_unif_gauss/graphs/CPC__v10_a15_g3_s1000.json,metrics: module 'pyagrum' has no attribute 'StructuralMetrics',1.4914103089977289,,,,,,
cbn_unif_gauss,CMIIC,"{""alpha"": 0.05}",10,15,1000,3,2026-07-31_23h23_cbn_unif_gauss/graphs/golden__v10_a15_g3.json,2026-07-31_23h23_cbn_unif_gauss/graphs/CMIIC__v10_a15_g3_s1000.json,metrics: module 'pyagrum' has no attribute 'StructuralMetrics',2.2201951010065386,,,,,,
cbn_unif_gauss,CPC,"{""alpha"": 0.05, ""max_conditioning_set_size"": 3}",10,15,3000,3,2026-07-31_23h23_cbn_unif_gauss/graphs/golden__v10_a15_g3.json,2026-07-31_23h23_cbn_unif_gauss/graphs/CPC__v10_a15_g3_s3000.json,metrics: module 'pyagrum' has no attribute 'StructuralMetrics',19.389008664002176,,,,,,
cbn_unif_gauss,CMIIC,"{""alpha"": 0.05}",10,15,3000,3,2026-07-31_23h23_cbn_unif_gauss/graphs/golden__v10_a15_g3.json,2026-07-31_23h23_cbn_unif_gauss/graphs/CMIIC__v10_a15_g3_s3000.json,metrics: module 'pyagrum' has no attribute 'StructuralMetrics',18.051532097000745,,,,,,
cbn_unif_gauss,CPC,"{""alpha"": 0.05, ""max_conditioning_set_size"": 3}",10,15,5000,3,2026-07-31_23h23_cbn_unif_gauss/graphs/golden__v10_a15_g3.json,2026-07-31_23h23_cbn_unif_gauss/graphs/CPC__v10_a15_g3_s5000.json,metrics: module 'pyagrum' has no attribute 'StructuralMetrics',69.62356610299321,,,,,,
cbn_unif_gauss,CMIIC,"{""alpha"": 0.05}",10,15,5000,3,2026-07-31_23h23_cbn_unif_gauss/graphs/golden__v10_a15_g3.json,2026-07-31_23h23_cbn_unif_gauss/graphs/CMIIC__v10_a15_g3_s5000.json,metrics: module 'pyagrum' has no attribute 'StructuralMetrics',52.18896538800618,,,,,,
cbn_unif_gauss,CPC,"{""alpha"": 0.05, ""max_conditioning_set_size"": 3}",10,15,200,4,2026-07-31_23h23_cbn_unif_gauss/graphs/golden__v10_a15_g4.json,2026-07-31_23h23_cbn_unif_gauss/graphs/CPC__v10_a15_g4_s200.json,metrics: module 'pyagrum' has no attribute 'StructuralMetrics',0.036017964011989534,,,,,,
cbn_unif_gauss,CMIIC,"{""alpha"": 0.05}",10,15,200,4,2026-07-31_23h23_cbn_unif_gauss/graphs/golden__v10_a15_g4.json,2026-07-31_23h23_cbn_unif_gauss/graphs/CMIIC__v10_a15_g4_s200.json,metrics: module 'pyagrum' has no attribute 'StructuralMetrics',0.11615087400423363,,,,,,
cbn_unif_gauss,CPC,"{""alpha"": 0.05, ""max_conditioning_set_size"": 3}",10,15,500,4,2026-07-31_23h23_cbn_unif_gauss/graphs/golden__v10_a15_g4.json,2026-07-31_23h23_cbn_unif_gauss/graphs/CPC__v10_a15_g4_s500.json,metrics: module 'pyagrum' has no attribute 'StructuralMetrics',0.17146766700898297,,,,,,
cbn_unif_gauss,CMIIC,"{""alpha"": 0.05}",10,15,500,4,2026-07-31_23h23_cbn_unif_gauss/graphs/golden__v10_a15_g4.json,2026-07-31_23h23_cbn_unif_gauss/graphs/CMIIC__v10_a15_g4_s500.json,metrics: module 'pyagrum' has no attribute 'StructuralMetrics',0.5208936080016429,,,,,,
cbn_unif_gauss,CPC,"{""alpha"": 0.05, ""max_conditioning_set_size"": 3}",10,15,1000,4,2026-07-31_23h23_cbn_unif_gauss/graphs/golden__v10_a15_g4.json,2026-07-31_23h23_cbn_unif_gauss/graphs/CPC__v10_a15_g4_s1000.json,metrics: module 'pyagrum' has no attribute 'StructuralMetrics',1.0517981459997827,,,,,,
cbn_unif_gauss,CMIIC,"{""alpha"": 0.05}",10,15,1000,4,2026-07-31_23h23_cbn_unif_gauss/graphs/golden__v10_a15_g4.json,2026-07-31_23h23_cbn_unif_gauss/graphs/CMIIC__v10_a15_g4_s1000.json,metrics: module 'pyagrum' has no attribute 'StructuralMetrics',1.5509668159938883,,,,,,
cbn_unif_gauss,CPC,"{""alpha"": 0.05, ""max_conditioning_set_size"": 3}",10,15,3000,4,2026-07-31_23h23_cbn_unif_gauss/graphs/golden__v10_a15_g4.json,2026-07-31_23h23_cbn_unif_gauss/graphs/CPC__v10_a15_g4_s3000.json,metrics: module 'pyagrum' has no attribute 'StructuralMetrics',11.508948463000706,,,,,,
cbn_unif_gauss,CMIIC,"{""alpha"": 0.05}",10,15,3000,4,2026-07-31_23h23_cbn_unif_gauss/graphs/golden__v10_a15_g4.json,2026-07-31_23h23_cbn_unif_gauss/graphs/CMIIC__v10_a15_g4_s3000.json,metrics: module 'pyagrum' has no attribute 'StructuralMetrics',12.421474759001285,,,,,,
cbn_unif_gauss,CPC,"{""alpha"": 0.05, ""max_conditioning_set_size"": 3}",10,15,5000,4,2026-07-31_23h23_cbn_unif_gauss/graphs/golden__v10_a15_g4.json,2026-07-31_23h23_cbn_unif_gauss/graphs/CPC__v10_a15_g4_s5000.json,metrics: module 'pyagrum' has no attribute 'StructuralMetrics',32.509202507004375,,,,,,
cbn_unif_gauss,CMIIC,"{""alpha"": 0.05}",10,15,5000,4,2026-07-31_23h23_cbn_unif_gauss/graphs/golden__v10_a15_g4.json,2026-07-31_23h23_cbn_unif_gauss/graphs/CMIIC__v10_a15_g4_s5000.json,metrics: module 'pyagrum' has no attribute 'StructuralMetrics',34.84317435299454,,,,,,
cbn_unif_gauss,CPC,"{""alpha"": 0.05, ""max_conditioning_set_size"": 3}",10,15,200,5,2026-07-31_23h23_cbn_unif_gauss/graphs/golden__v10_a15_g5.json,2026-07-31_23h23_cbn_unif_gauss/graphs/CPC__v10_a15_g5_s200.json,metrics: module 'pyagrum' has no attribute 'StructuralMetrics',0.041345799996634014,,,,,,
cbn_unif_gauss,CMIIC,"{""alpha"": 0.05}",10,15,200,5,2026-07-31_23h23_cbn_unif_gauss/graphs/golden__v10_a15_g5.json,2026-07-31_23h23_cbn_unif_gauss/graphs/CMIIC__v10_a15_g5_s200.json,metrics: module 'pyagrum' has no attribute 'StructuralMetrics',0.1035973750113044,,,,,,
cbn_unif_gauss,CPC,"{""alpha"": 0.05, ""max_conditioning_set_size"": 3}",10,15,500,5,2026-07-31_23h23_cbn_unif_gauss/graphs/golden__v10_a15_g5.json,2026-07-31_23h23_cbn_unif_gauss/graphs/CPC__v10_a15_g5_s500.json,metrics: module 'pyagrum' has no attribute 'StructuralMetrics',0.27381546099786647,,,,,,
cbn_unif_gauss,CMIIC,"{""alpha"": 0.05}",10,15,500,5,2026-07-31_23h23_cbn_unif_gauss/graphs/golden__v10_a15_g5.json,2026-07-31_23h23_cbn_unif_gauss/graphs/CMIIC__v10_a15_g5_s500.json,metrics: module 'pyagrum' has no attribute 'StructuralMetrics',0.46160446100111585,,,,,,
cbn_unif_gauss,CPC,"{""alpha"": 0.05, ""max_conditioning_set_size"": 3}",10,15,1000,5,2026-07-31_23h23_cbn_unif_gauss/graphs/golden__v10_a15_g5.json,2026-07-31_23h23_cbn_unif_gauss/graphs/CPC__v10_a15_g5_s1000.json,metrics: module 'pyagrum' has no attribute 'StructuralMetrics',1.2726807459985139,,,,,,
cbn_unif_gauss,CMIIC,"{""alpha"": 0.05}",10,15,1000,5,2026-07-31_23h23_cbn_unif_gauss/graphs/golden__v10_a15_g5.json,2026-07-31_23h23_cbn_unif_gauss/graphs/CMIIC__v10_a15_g5_s1000.json,metrics: module 'pyagrum' has no attribute 'StructuralMetrics',1.46668230999785,,,,,,
cbn_unif_gauss,CPC,"{""alpha"": 0.05, ""max_conditioning_set_size"": 3}",10,15,3000,5,2026-07-31_23h23_cbn_unif_gauss/graphs/golden__v10_a15_g5.json,2026-07-31_23h23_cbn_unif_gauss/graphs/CPC__v10_a15_g5_s3000.json,metrics: module 'pyagrum' has no attribute 'StructuralMetrics',14.573093997998512,,,,,,
cbn_unif_gauss,CMIIC,"{""alpha"": 0.05}",10,15,3000,5,2026-07-31_23h23_cbn_unif_gauss/graphs/golden__v10_a15_g5.json,2026-07-31_23h23_cbn_unif_gauss/graphs/CMIIC__v10_a15_g5_s3000.json,metrics: module 'pyagrum' has no attribute 'StructuralMetrics',9.51597344900074,,,,,,
cbn_unif_gauss,CPC,"{""alpha"": 0.05, ""max_conditioning_set_size"": 3}",10,15,5000,5,2026-07-31_23h23_cbn_unif_gauss/graphs/golden__v10_a15_g5.json,2026-07-31_23h23_cbn_unif_gauss/graphs/CPC__v10_a15_g5_s5000.json,metrics: module 'pyagrum' has no attribute 'StructuralMetrics',41.631685362997814,,,,,,
cbn_unif_gauss,CMIIC,"{""alpha"": 0.05}",10,15,5000,5,2026-07-31_23h23_cbn_unif_gauss/graphs/golden__v10_a15_g5.json,2026-07-31_23h23_cbn_unif_gauss/graphs/CMIIC__v10_a15_g5_s5000.json,metrics: module 'pyagrum' has no attribute 'StructuralMetrics',26.124613604988554,,,,,,
cbn_unif_gauss,CPC,"{""alpha"": 0.05, ""max_conditioning_set_size"": 3}",10,15,200,6,2026-07-31_23h23_cbn_unif_gauss/graphs/golden__v10_a15_g6.json,2026-07-31_23h23_cbn_unif_gauss/graphs/CPC__v10_a15_g6_s200.json,metrics: module 'pyagrum' has no attribute 'StructuralMetrics',0.033706875998177566,,,,,,
cbn_unif_gauss,CMIIC,"{""alpha"": 0.05}",10,15,200,6,2026-07-31_23h23_cbn_unif_gauss/graphs/golden__v10_a15_g6.json,2026-07-31_23h23_cbn_unif_gauss/graphs/CMIIC__v10_a15_g6_s200.json,metrics: module 'pyagrum' has no attribute 'StructuralMetrics',0.1026453840022441,,,,,,
cbn_unif_gauss,CPC,"{""alpha"": 0.05, ""max_conditioning_set_size"": 3}",10,15,500,6,2026-07-31_23h23_cbn_unif_gauss/graphs/golden__v10_a15_g6.json,2026-07-31_23h23_cbn_unif_gauss/graphs/CPC__v10_a15_g6_s500.json,metrics: module 'pyagrum' has no attribute 'StructuralMetrics',0.20600565199856646,,,,,,
cbn_unif_gauss,CMIIC,"{""alpha"": 0.05}",10,15,500,6,2026-07-31_23h23_cbn_unif_gauss/graphs/golden__v10_a15_g6.json,2026-07-31_23h23_cbn_unif_gauss/graphs/CMIIC__v10_a15_g6_s500.json,metrics: module 'pyagrum' has no attribute 'StructuralMetrics',0.41581963999487925,,,,,,
cbn_unif_gauss,CPC,"{""alpha"": 0.05, ""max_conditioning_set_size"": 3}",10,15,1000,6,2026-07-31_23h23_cbn_unif_gauss/graphs/golden__v10_a15_g6.json,2026-07-31_23h23_cbn_unif_gauss/graphs/CPC__v10_a15_g6_s1000.json,metrics: module 'pyagrum' has no attribute 'StructuralMetrics',1.0204972569918027,,,,,,
cbn_unif_gauss,CMIIC,"{""alpha"": 0.05}",10,15,1000,6,2026-07-31_23h23_cbn_unif_gauss/graphs/golden__v10_a15_g6.json,2026-07-31_23h23_cbn_unif_gauss/graphs/CMIIC__v10_a15_g6_s1000.json,metrics: module 'pyagrum' has no attribute 'StructuralMetrics',1.5448906519886805,,,,,,
cbn_unif_gauss,CPC,"{""alpha"": 0.05, ""max_conditioning_set_size"": 3}",10,15,3000,6,2026-07-31_23h23_cbn_unif_gauss/graphs/golden__v10_a15_g6.json,2026-07-31_23h23_cbn_unif_gauss/graphs/CPC__v10_a15_g6_s3000.json,metrics: module 'pyagrum' has no attribute 'StructuralMetrics',11.22283879898896,,,,,,
cbn_unif_gauss,CMIIC,"{""alpha"": 0.05}",10,15,3000,6,2026-07-31_23h23_cbn_unif_gauss/graphs/golden__v10_a15_g6.json,2026-07-31_23h23_cbn_unif_gauss/graphs/CMIIC__v10_a15_g6_s3000.json,metrics: module 'pyagrum' has no attribute 'StructuralMetrics',11.690392499003792,,,,,,
cbn_unif_gauss,CPC,"{""alpha"": 0.05, ""max_conditioning_set_size"": 3}",10,15,5000,6,2026-07-31_23h23_cbn_unif_gauss/graphs/golden__v10_a15_g6.json,2026-07-31_23h23_cbn_unif_gauss/graphs/CPC__v10_a15_g6_s5000.json,metrics: module 'pyagrum' has no attribute 'StructuralMetrics',32.244795692007756,,,,,,
cbn_unif_gauss,CMIIC,"{""alpha"": 0.05}",10,15,5000,6,2026-07-31_23h23_cbn_unif_gauss/graphs/golden__v10_a15_g6.json,2026-07-31_23h23_cbn_unif_gauss/graphs/CMIIC__v10_a15_g6_s5000.json,metrics: module 'pyagrum' has no attribute 'StructuralMetrics',30.469701139998506,,,,,,
cbn_unif_gauss,CPC,"{""alpha"": 0.05, ""max_conditioning_set_size"": 3}",10,15,200,7,2026-07-31_23h23_cbn_unif_gauss/graphs/golden__v10_a15_g7.json,2026-07-31_23h23_cbn_unif_gauss/graphs/CPC__v10_a15_g7_s200.json,metrics: module 'pyagrum' has no attribute 'StructuralMetrics',0.02562883599603083,,,,,,
cbn_unif_gauss,CMIIC,"{""alpha"": 0.05}",10,15,200,7,2026-07-31_23h23_cbn_unif_gauss/graphs/golden__v10_a15_g7.json,2026-07-31_23h23_cbn_unif_gauss/graphs/CMIIC__v10_a15_g7_s200.json,metrics: module 'pyagrum' has no attribute 'StructuralMetrics',0.10139545598940458,,,,,,
cbn_unif_gauss,CPC,"{""alpha"": 0.05, ""max_conditioning_set_size"": 3}",10,15,500,7,2026-07-31_23h23_cbn_unif_gauss/graphs/golden__v10_a15_g7.json,2026-07-31_23h23_cbn_unif_gauss/graphs/CPC__v10_a15_g7_s500.json,metrics: module 'pyagrum' has no attribute 'StructuralMetrics',0.22152318400912918,,,,,,
cbn_unif_gauss,CMIIC,"{""alpha"": 0.05}",10,15,500,7,2026-07-31_23h23_cbn_unif_gauss/graphs/golden__v10_a15_g7.json,2026-07-31_23h23_cbn_unif_gauss/graphs/CMIIC__v10_a15_g7_s500.json,metrics: module 'pyagrum' has no attribute 'StructuralMetrics',0.40884777400060557,,,,,,
cbn_unif_gauss,CPC,"{""alpha"": 0.05, ""max_conditioning_set_size"": 3}",10,15,1000,7,2026-07-31_23h23_cbn_unif_gauss/graphs/golden__v10_a15_g7.json,2026-07-31_23h23_cbn_unif_gauss/graphs/CPC__v10_a15_g7_s1000.json,metrics: module 'pyagrum' has no attribute 'StructuralMetrics',1.0530212250014301,,,,,,
cbn_unif_gauss,CMIIC,"{""alpha"": 0.05}",10,15,1000,7,2026-07-31_23h23_cbn_unif_gauss/graphs/golden__v10_a15_g7.json,2026-07-31_23h23_cbn_unif_gauss/graphs/CMIIC__v10_a15_g7_s1000.json,metrics: module 'pyagrum' has no attribute 'StructuralMetrics',1.565921356988838,,,,,,
cbn_unif_gauss,CPC,"{""alpha"": 0.05, ""max_conditioning_set_size"": 3}",10,15,3000,7,2026-07-31_23h23_cbn_unif_gauss/graphs/golden__v10_a15_g7.json,2026-07-31_23h23_cbn_unif_gauss/graphs/CPC__v10_a15_g7_s3000.json,metrics: module 'pyagrum' has no attribute 'StructuralMetrics',12.428714007008239,,,,,,
cbn_unif_gauss,CMIIC,"{""alpha"": 0.05}",10,15,3000,7,2026-07-31_23h23_cbn_unif_gauss/graphs/golden__v10_a15_g7.json,2026-07-31_23h23_cbn_unif_gauss/graphs/CMIIC__v10_a15_g7_s3000.json,metrics: module 'pyagrum' has no attribute 'StructuralMetrics',11.397620607007411,,,,,,
cbn_unif_gauss,CPC,"{""alpha"": 0.05, ""max_conditioning_set_size"": 3}",10,15,5000,7,2026-07-31_23h23_cbn_unif_gauss/graphs/golden__v10_a15_g7.json,2026-07-31_23h23_cbn_unif_gauss/graphs/CPC__v10_a15_g7_s5000.json,metrics: module 'pyagrum' has no attribute 'StructuralMetrics',36.234719498999766,,,,,,
cbn_unif_gauss,CMIIC,"{""alpha"": 0.05}",10,15,5000,7,2026-07-31_23h23_cbn_unif_gauss/graphs/golden__v10_a15_g7.json,2026-07-31_23h23_cbn_unif_gauss/graphs/CMIIC__v10_a15_g7_s5000.json,metrics: module 'pyagrum' has no attribute 'StructuralMetrics',32.12993685499532,,,,,,
cbn_unif_gauss,CPC,"{""alpha"": 0.05, ""max_conditioning_set_size"": 3}",10,15,200,8,2026-07-31_23h23_cbn_unif_gauss/graphs/golden__v10_a15_g8.json,2026-07-31_23h23_cbn_unif_gauss/graphs/CPC__v10_a15_g8_s200.json,metrics: module 'pyagrum' has no attribute 'StructuralMetrics',0.03631124699313659,,,,,,
cbn_unif_gauss,CMIIC,"{""alpha"": 0.05}",10,15,200,8,2026-07-31_23h23_cbn_unif_gauss/graphs/golden__v10_a15_g8.json,2026-07-31_23h23_cbn_unif_gauss/graphs/CMIIC__v10_a15_g8_s200.json,metrics: module 'pyagrum' has no attribute 'StructuralMetrics',0.11811992900038604,,,,,,
cbn_unif_gauss,CPC,"{""alpha"": 0.05, ""max_conditioning_set_size"": 3}",10,15,500,8,2026-07-31_23h23_cbn_unif_gauss/graphs/golden__v10_a15_g8.json,2026-07-31_23h23_cbn_unif_gauss/graphs/CPC__v10_a15_g8_s500.json,metrics: module 'pyagrum' has no attribute 'StructuralMetrics',0.23227910700370558,,,,,,
cbn_unif_gauss,CMIIC,"{""alpha"": 0.05}",10,15,500,8,2026-07-31_23h23_cbn_unif_gauss/graphs/golden__v10_a15_g8.json,2026-07-31_23h23_cbn_unif_gauss/graphs/CMIIC__v10_a15_g8_s500.json,metrics: module 'pyagrum' has no attribute 'StructuralMetrics',0.5704588619992137,,,,,,
cbn_unif_gauss,CPC,"{""alpha"": 0.05, ""max_conditioning_set_size"": 3}",10,15,1000,8,2026-07-31_23h23_cbn_unif_gauss/graphs/golden__v10_a15_g8.json,2026-07-31_23h23_cbn_unif_gauss/graphs/CPC__v10_a15_g8_s1000.json,metrics: module 'pyagrum' has no attribute 'StructuralMetrics',1.5541401590016903,,,,,,
cbn_unif_gauss,CMIIC,"{""alpha"": 0.05}",10,15,1000,8,2026-07-31_23h23_cbn_unif_gauss/graphs/golden__v10_a15_g8.json,2026-07-31_23h23_cbn_unif_gauss/graphs/CMIIC__v10_a15_g8_s1000.json,metrics: module 'pyagrum' has no attribute 'StructuralMetrics',1.8753613360022428,,,,,,
cbn_unif_gauss,CPC,"{""alpha"": 0.05, ""max_conditioning_set_size"": 3}",10,15,3000,8,2026-07-31_23h23_cbn_unif_gauss/graphs/golden__v10_a15_g8.json,2026-07-31_23h23_cbn_unif_gauss/graphs/CPC__v10_a15_g8_s3000.json,metrics: module 'pyagrum' has no attribute 'StructuralMetrics',19.010877466993406,,,,,,
cbn_unif_gauss,CMIIC,"{""alpha"": 0.05}",10,15,3000,8,2026-07-31_23h23_cbn_unif_gauss/graphs/golden__v10_a15_g8.json,2026-07-31_23h23_cbn_unif_gauss/graphs/CMIIC__v10_a15_g8_s3000.json,metrics: module 'pyagrum' has no attribute 'StructuralMetrics',15.387621893998585,,,,,,
cbn_unif_gauss,CPC,"{""alpha"": 0.05, ""max_conditioning_set_size"": 3}",10,15,5000,8,2026-07-31_23h23_cbn_unif_gauss/graphs/golden__v10_a15_g8.json,2026-07-31_23h23_cbn_unif_gauss/graphs/CPC__v10_a15_g8_s5000.json,metrics: module 'pyagrum' has no attribute 'StructuralMetrics',55.32802154000092,,,,,,
cbn_unif_gauss,CMIIC,"{""alpha"": 0.05}",10,15,5000,8,2026-07-31_23h23_cbn_unif_gauss/graphs/golden__v10_a15_g8.json,2026-07-31_23h23_cbn_unif_gauss/graphs/CMIIC__v10_a15_g8_s5000.json,metrics: module 'pyagrum' has no attribute 'StructuralMetrics',41.97645145500428,,,,,,
cbn_unif_gauss,CPC,"{""alpha"": 0.05, ""max_conditioning_set_size"": 3}",10,15,200,9,2026-07-31_23h23_cbn_unif_gauss/graphs/golden__v10_a15_g9.json,2026-07-31_23h23_cbn_unif_gauss/graphs/CPC__v10_a15_g9_s200.json,metrics: module 'pyagrum' has no attribute 'StructuralMetrics',0.039991126002860256,,,,,,
cbn_unif_gauss,CMIIC,"{""alpha"": 0.05}",10,15,200,9,2026-07-31_23h23_cbn_unif_gauss/graphs/golden__v10_a15_g9.json,2026-07-31_23h23_cbn_unif_gauss/graphs/CMIIC__v10_a15_g9_s200.json,metrics: module 'pyagrum' has no attribute 'StructuralMetrics',0.11884283600375056,,,,,,
cbn_unif_gauss,CPC,"{""alpha"": 0.05, ""max_conditioning_set_size"": 3}",10,15,500,9,2026-07-31_23h23_cbn_unif_gauss/graphs/golden__v10_a15_g9.json,2026-07-31_23h23_cbn_unif_gauss/graphs/CPC__v10_a15_g9_s500.json,metrics: module 'pyagrum' has no attribute 'StructuralMetrics',0.2611250900081359,,,,,,
cbn_unif_gauss,CMIIC,"{""alpha"": 0.05}",10,15,500,9,2026-07-31_23h23_cbn_unif_gauss/graphs/golden__v10_a15_g9.json,2026-07-31_23h23_cbn_unif_gauss/graphs/CMIIC__v10_a15_g9_s500.json,metrics: module 'pyagrum' has no attribute 'StructuralMetrics',0.49113436200423166,,,,,,
cbn_unif_gauss,CPC,"{""alpha"": 0.05, ""max_conditioning_set_size"": 3}",10,15,1000,9,2026-07-31_23h23_cbn_unif_gauss/graphs/golden__v10_a15_g9.json,2026-07-31_23h23_cbn_unif_gauss/graphs/CPC__v10_a15_g9_s1000.json,metrics: module 'pyagrum' has no attribute 'StructuralMetrics',1.4635708840069128,,,,,,
cbn_unif_gauss,CMIIC,"{""alpha"": 0.05}",10,15,1000,9,2026-07-31_23h23_cbn_unif_gauss/graphs/golden__v10_a15_g9.json,2026-07-31_23h23_cbn_unif_gauss/graphs/CMIIC__v10_a15_g9_s1000.json,metrics: module 'pyagrum' has no attribute 'StructuralMetrics',1.8502636299963342,,,,,,
cbn_unif_gauss,CPC,"{""alpha"": 0.05, ""max_conditioning_set_size"": 3}",10,15,3000,9,2026-07-31_23h23_cbn_unif_gauss/graphs/golden__v10_a15_g9.json,2026-07-31_23h23_cbn_unif_gauss/graphs/CPC__v10_a15_g9_s3000.json,metrics: module 'pyagrum' has no attribute 'StructuralMetrics',18.243561575989588,,,,,,
cbn_unif_gauss,CMIIC,"{""alpha"": 0.05}",10,15,3000,9,2026-07-31_23h23_cbn_unif_gauss/graphs/golden__v10_a15_g9.json,2026-07-31_23h23_cbn_unif_gauss/graphs/CMIIC__v10_a15_g9_s3000.json,metrics: module 'pyagrum' has no attribute 'StructuralMetrics',14.334496274008416,,,,,,
cbn_unif_gauss,CPC,"{""alpha"": 0.05, ""max_conditioning_set_size"": 3}",10,15,5000,9,2026-07-31_23h23_cbn_unif_gauss/graphs/golden__v10_a15_g9.json,2026-07-31_23h23_cbn_unif_gauss/graphs/CPC__v10_a15_g9_s5000.json,metrics: module 'pyagrum' has no attribute 'StructuralMetrics',56.4889333829924,,,,,,
cbn_unif_gauss,CMIIC,"{""alpha"": 0.05}",10,15,5000,9,2026-07-31_23h23_cbn_unif_gauss/graphs/golden__v10_a15_g9.json,2026-07-31_23h23_cbn_unif_gauss/graphs/CMIIC__v10_a15_g9_s5000.json,metrics: module 'pyagrum' has no attribute 'StructuralMetrics',39.20809710799949,,,,,,
cbn_unif_gauss,CPC,"{""alpha"": 0.05, ""max_conditioning_set_size"": 3}",10,15,200,10,2026-07-31_23h23_cbn_unif_gauss/graphs/golden__v10_a15_g10.json,2026-07-31_23h23_cbn_unif_gauss/graphs/CPC__v10_a15_g10_s200.json,metrics: module 'pyagrum' has no attribute 'StructuralMetrics',0.02930923098756466,,,,,,
cbn_unif_gauss,CMIIC,"{""alpha"": 0.05}",10,15,200,10,2026-07-31_23h23_cbn_unif_gauss/graphs/golden__v10_a15_g10.json,2026-07-31_23h23_cbn_unif_gauss/graphs/CMIIC__v10_a15_g10_s200.json,metrics: module 'pyagrum' has no attribute 'StructuralMetrics',0.10771188599755988,,,,,,
cbn_unif_gauss,CPC,"{""alpha"": 0.05, ""max_conditioning_set_size"": 3}",10,15,500,10,2026-07-31_23h23_cbn_unif_gauss/graphs/golden__v10_a15_g10.json,2026-07-31_23h23_cbn_unif_gauss/graphs/CPC__v10_a15_g10_s500.json,metrics: module 'pyagrum' has no attribute 'StructuralMetrics',0.21515932198963128,,,,,,
cbn_unif_gauss,CMIIC,"{""alpha"": 0.05}",10,15,500,10,2026-07-31_23h23_cbn_unif_gauss/graphs/golden__v10_a15_g10.json,2026-07-31_23h23_cbn_unif_gauss/graphs/CMIIC__v10_a15_g10_s500.json,metrics: module 'pyagrum' has no attribute 'StructuralMetrics',0.5216551190096652,,,,,,
cbn_unif_gauss,CPC,"{""alpha"": 0.05, ""max_conditioning_set_size"": 3}",10,15,1000,10,2026-07-31_23h23_cbn_unif_gauss/graphs/golden__v10_a15_g10.json,2026-07-31_23h23_cbn_unif_gauss/graphs/CPC__v10_a15_g10_s1000.json,metrics: module 'pyagrum' has no attribute 'StructuralMetrics',1.188129187998129,,,,,,
cbn_unif_gauss,CMIIC,"{""alpha"": 0.05}",10,15,1000,10,2026-07-31_23h23_cbn_unif_gauss/graphs/golden__v10_a15_g10.json,2026-07-31_23h23_cbn_unif_gauss/graphs/CMIIC__v10_a15_g10_s1000.json,metrics: module 'pyagrum' has no attribute 'StructuralMetrics',1.9916738080064533,,,,,,
cbn_unif_gauss,CPC,"{""alpha"": 0.05, ""max_conditioning_set_size"": 3}",10,15,3000,10,2026-07-31_23h23_cbn_unif_gauss/graphs/golden__v10_a15_g10.json,2026-07-31_23h23_cbn_unif_gauss/graphs/CPC__v10_a15_g10_s3000.json,metrics: module 'pyagrum' has no attribute 'StructuralMetrics',12.927988434996223,,,,,,
cbn_unif_gauss,CMIIC,"{""alpha"": 0.05}",10,15,3000,10,2026-07-31_23h23_cbn_unif_gauss/graphs/golden__v10_a15_g10.json,2026-07-31_23h23_cbn_unif_gauss/graphs/CMIIC__v10_a15_g10_s3000.json,metrics: module 'pyagrum' has no attribute 'StructuralMetrics',14.158376610997948,,,,,,
cbn_unif_gauss,CPC,"{""alpha"": 0.05, ""max_conditioning_set_size"": 3}",10,15,5000,10,2026-07-31_23h23_cbn_unif_gauss/graphs/golden__v10_a15_g10.json,2026-07-31_23h23_cbn_unif_gauss/graphs/CPC__v10_a15_g10_s5000.json,metrics: module 'pyagrum' has no attribute 'StructuralMetrics',40.85421220900025,,,,,,
cbn_unif_gauss,CMIIC,"{""alpha"": 0.05}",10,15,5000,10,2026-07-31_23h23_cbn_unif_gauss/graphs/golden__v10_a15_g10.json,2026-07-31_23h23_cbn_unif_gauss/graphs/CMIIC__v10_a15_g10_s5000.json,metrics: module 'pyagrum' has no attribute 'StructuralMetrics',39.47509435500251,,,,,,
cbn_unif_gauss,CPC,"{""alpha"": 0.05, ""max_conditioning_set_size"": 3}",10,15,200,11,2026-07-31_23h23_cbn_unif_gauss/graphs/golden__v10_a15_g11.json,2026-07-31_23h23_cbn_unif_gauss/graphs/CPC__v10_a15_g11_s200.json,metrics: module 'pyagrum' has no attribute 'StructuralMetrics',0.027365986999939196,,,,,,
cbn_unif_gauss,CMIIC,"{""alpha"": 0.05}",10,15,200,11,2026-07-31_23h23_cbn_unif_gauss/graphs/golden__v10_a15_g11.json,2026-07-31_23h23_cbn_unif_gauss/graphs/CMIIC__v10_a15_g11_s200.json,metrics: module 'pyagrum' has no attribute 'StructuralMetrics',0.08141972099838313,,,,,,
cbn_unif_gauss,CPC,"{""alpha"": 0.05, ""max_conditioning_set_size"": 3}",10,15,500,11,2026-07-31_23h23_cbn_unif_gauss/graphs/golden__v10_a15_g11.json,2026-07-31_23h23_cbn_unif_gauss/graphs/CPC__v10_a15_g11_s500.json,metrics: module 'pyagrum' has no attribute 'StructuralMetrics',0.20382921799318865,,,,,,
cbn_unif_gauss,CMIIC,"{""alpha"": 0.05}",10,15,500,11,2026-07-31_23h23_cbn_unif_gauss/graphs/golden__v10_a15_g11.json,2026-07-31_23h23_cbn_unif_gauss/graphs/CMIIC__v10_a15_g11_s500.json,metrics: module 'pyagrum' has no attribute 'StructuralMetrics',0.3922054530121386,,,,,,
cbn_unif_gauss,CPC,"{""alpha"": 0.05, ""max_conditioning_set_size"": 3}",10,15,1000,11,2026-07-31_23h23_cbn_unif_gauss/graphs/golden__v10_a15_g11.json,2026-07-31_23h23_cbn_unif_gauss/graphs/CPC__v10_a15_g11_s1000.json,metrics: module 'pyagrum' has no attribute 'StructuralMetrics',1.0937307370040799,,,,,,
cbn_unif_gauss,CMIIC,"{""alpha"": 0.05}",10,15,1000,11,2026-07-31_23h23_cbn_unif_gauss/graphs/golden__v10_a15_g11.json,2026-07-31_23h23_cbn_unif_gauss/graphs/CMIIC__v10_a15_g11_s1000.json,metrics: module 'pyagrum' has no attribute 'StructuralMetrics',1.1415004660084378,,,,,,
cbn_unif_gauss,CPC,"{""alpha"": 0.05, ""max_conditioning_set_size"": 3}",10,15,3000,11,2026-07-31_23h23_cbn_unif_gauss/graphs/golden__v10_a15_g11.json,2026-07-31_23h23_cbn_unif_gauss/graphs/CPC__v10_a15_g11_s3000.json,metrics: module 'pyagrum' has no attribute 'StructuralMetrics',11.279504927995731,,,,,,
cbn_unif_gauss,CMIIC,"{""alpha"": 0.05}",10,15,3000,11,2026-07-31_23h23_cbn_unif_gauss/graphs/golden__v10_a15_g11.json,2026-07-31_23h23_cbn_unif_gauss/graphs/CMIIC__v10_a15_g11_s3000.json,metrics: module 'pyagrum' has no attribute 'StructuralMetrics',9.077123509006924,,,,,,
cbn_unif_gauss,CPC,"{""alpha"": 0.05, ""max_conditioning_set_size"": 3}",10,15,5000,11,2026-07-31_23h23_cbn_unif_gauss/graphs/golden__v10_a15_g11.json,2026-07-31_23h23_cbn_unif_gauss/graphs/CPC__v10_a15_g11_s5000.json,metrics: module 'pyagrum' has no attribute 'StructuralMetrics',37.814642885001376,,,,,,
cbn_unif_gauss,CMIIC,"{""alpha"": 0.05}",10,15,5000,11,2026-07-31_23h23_cbn_unif_gauss/graphs/golden__v10_a15_g11.json,2026-07-31_23h23_cbn_unif_gauss/graphs/CMIIC__v10_a15_g11_s5000.json,metrics: module 'pyagrum' has no attribute 'StructuralMetrics',24.19594447799318,,,,,,
cbn_unif_gauss,CPC,"{""alpha"": 0.05, ""max_conditioning_set_size"": 3}",10,15,200,12,2026-07-31_23h23_cbn_unif_gauss/graphs/golden__v10_a15_g12.json,2026-07-31_23h23_cbn_unif_gauss/graphs/CPC__v10_a15_g12_s200.json,metrics: module 'pyagrum' has no attribute 'StructuralMetrics',0.027132300994708203,,,,,,
cbn_unif_gauss,CMIIC,"{""alpha"": 0.05}",10,15,200,12,2026-07-31_23h23_cbn_unif_gauss/graphs/golden__v10_a15_g12.json,2026-07-31_23h23_cbn_unif_gauss/graphs/CMIIC__v10_a15_g12_s200.json,metrics: module 'pyagrum' has no attribute 'StructuralMetrics',0.11152370800846256,,,,,,
cbn_unif_gauss,CPC,"{""alpha"": 0.05, ""max_conditioning_set_size"": 3}",10,15,500,12,2026-07-31_23h23_cbn_unif_gauss/graphs/golden__v10_a15_g12.json,2026-07-31_23h23_cbn_unif_gauss/graphs/CPC__v10_a15_g12_s500.json,metrics: module 'pyagrum' has no attribute 'StructuralMetrics',0.15139888699923176,,,,,,
cbn_unif_gauss,CMIIC,"{""alpha"": 0.05}",10,15,500,12,2026-07-31_23h23_cbn_unif_gauss/graphs/golden__v10_a15_g12.json,2026-07-31_23h23_cbn_unif_gauss/graphs/CMIIC__v10_a15_g12_s500.json,metrics: module 'pyagrum' has no attribute 'StructuralMetrics',0.36657888899208046,,,,,,
cbn_unif_gauss,CPC,"{""alpha"": 0.05, ""max_conditioning_set_size"": 3}",10,15,1000,12,2026-07-31_23h23_cbn_unif_gauss/graphs/golden__v10_a15_g12.json,2026-07-31_23h23_cbn_unif_gauss/graphs/CPC__v10_a15_g12_s1000.json,metrics: module 'pyagrum' has no attribute 'StructuralMetrics',0.71133709300193,,,,,,
cbn_unif_gauss,CMIIC,"{""alpha"": 0.05}",10,15,1000,12,2026-07-31_23h23_cbn_unif_gauss/graphs/golden__v10_a15_g12.json,2026-07-31_23h23_cbn_unif_gauss/graphs/CMIIC__v10_a15_g12_s1000.json,metrics: module 'pyagrum' has no attribute 'StructuralMetrics',1.2128450390009675,,,,,,
cbn_unif_gauss,CPC,"{""alpha"": 0.05, ""max_conditioning_set_size"": 3}",10,15,3000,12,2026-07-31_23h23_cbn_unif_gauss/graphs/golden__v10_a15_g12.json,2026-07-31_23h23_cbn_unif_gauss/graphs/CPC__v10_a15_g12_s3000.json,metrics: module 'pyagrum' has no attribute 'StructuralMetrics',7.014361599998665,,,,,,
cbn_unif_gauss,CMIIC,"{""alpha"": 0.05}",10,15,3000,12,2026-07-31_23h23_cbn_unif_gauss/graphs/golden__v10_a15_g12.json,2026-07-31_23h23_cbn_unif_gauss/graphs/CMIIC__v10_a15_g12_s3000.json,metrics: module 'pyagrum' has no attribute 'StructuralMetrics',9.78787255899806,,,,,,
cbn_unif_gauss,CPC,"{""alpha"": 0.05, ""max_conditioning_set_size"": 3}",10,15,5000,12,2026-07-31_23h23_cbn_unif_gauss/graphs/golden__v10_a15_g12.json,2026-07-31_23h23_cbn_unif_gauss/graphs/CPC__v10_a15_g12_s5000.json,metrics: module 'pyagrum' has no attribute 'StructuralMetrics',22.470531216007657,,,,,,
cbn_unif_gauss,CMIIC,"{""alpha"": 0.05}",10,15,5000,12,2026-07-31_23h23_cbn_unif_gauss/graphs/golden__v10_a15_g12.json,2026-07-31_23h23_cbn_unif_gauss/graphs/CMIIC__v10_a15_g12_s5000.json,metrics: module 'pyagrum' has no attribute 'StructuralMetrics',26.463648709992412,,,,,,
cbn_unif_gauss,CPC,"{""alpha"": 0.05, ""max_conditioning_set_size"": 3}",10,15,200,13,2026-07-31_23h23_cbn_unif_gauss/graphs/golden__v10_a15_g13.json,2026-07-31_23h23_cbn_unif_gauss/graphs/CPC__v10_a15_g13_s200.json,metrics: module 'pyagrum' has no attribute 'StructuralMetrics',0.03368471200519707,,,,,,
cbn_unif_gauss,CMIIC,"{""alpha"": 0.05}",10,15,200,13,2026-07-31_23h23_cbn_unif_gauss/graphs/golden__v10_a15_g13.json,2026-07-31_23h23_cbn_unif_gauss/graphs/CMIIC__v10_a15_g13_s200.json,metrics: module 'pyagrum' has no attribute 'StructuralMetrics',0.13503532799950335,,,,,,
cbn_unif_gauss,CPC,"{""alpha"": 0.05, ""max_conditioning_set_size"": 3}",10,15,500,13,2026-07-31_23h23_cbn_unif_gauss/graphs/golden__v10_a15_g13.json,2026-07-31_23h23_cbn_unif_gauss/graphs/CPC__v10_a15_g13_s500.json,metrics: module 'pyagrum' has no attribute 'StructuralMetrics',0.1928131280001253,,,,,,
cbn_unif_gauss,CMIIC,"{""alpha"": 0.05}",10,15,500,13,2026-07-31_23h23_cbn_unif_gauss/graphs/golden__v10_a15_g13.json,2026-07-31_23h23_cbn_unif_gauss/graphs/CMIIC__v10_a15_g13_s500.json,metrics: module 'pyagrum' has no attribute 'StructuralMetrics',0.6074938910023775,,,,,,
cbn_unif_gauss,CPC,"{""alpha"": 0.05, ""max_conditioning_set_size"": 3}",10,15,1000,13,2026-07-31_23h23_cbn_unif_gauss/graphs/golden__v10_a15_g13.json,2026-07-31_23h23_cbn_unif_gauss/graphs/CPC__v10_a15_g13_s1000.json,metrics: module 'pyagrum' has no attribute 'StructuralMetrics',1.100973246007925,,,,,,
cbn_unif_gauss,CMIIC,"{""alpha"": 0.05}",10,15,1000,13,2026-07-31_23h23_cbn_unif_gauss/graphs/golden__v10_a15_g13.json,2026-07-31_23h23_cbn_unif_gauss/graphs/CMIIC__v10_a15_g13_s1000.json,metrics: module 'pyagrum' has no attribute 'StructuralMetrics',1.9796644989983179,,,,,,
cbn_unif_gauss,CPC,"{""alpha"": 0.05, ""max_conditioning_set_size"": 3}",10,15,3000,13,2026-07-31_23h23_cbn_unif_gauss/graphs/golden__v10_a15_g13.json,2026-07-31_23h23_cbn_unif_gauss/graphs/CPC__v10_a15_g13_s3000.json,metrics: module 'pyagrum' has no attribute 'StructuralMetrics',18.01932330901036,,,,,,
cbn_unif_gauss,CMIIC,"{""alpha"": 0.05}",10,15,3000,13,2026-07-31_23h23_cbn_unif_gauss/graphs/golden__v10_a15_g13.json,2026-07-31_23h23_cbn_unif_gauss/graphs/CMIIC__v10_a15_g13_s3000.json,metrics: module 'pyagrum' has no attribute 'StructuralMetrics',16.971051726999576,,,,,,
cbn_unif_gauss,CPC,"{""alpha"": 0.05, ""max_conditioning_set_size"": 3}",10,15,5000,13,2026-07-31_23h23_cbn_unif_gauss/graphs/golden__v10_a15_g13.json,2026-07-31_23h23_cbn_unif_gauss/graphs/CPC__v10_a15_g13_s5000.json,metrics: module 'pyagrum' has no attribute 'StructuralMetrics',67.58608783200907,,,,,,
cbn_unif_gauss,CMIIC,"{""alpha"": 0.05}",10,15,5000,13,2026-07-31_23h23_cbn_unif_gauss/graphs/golden__v10_a15_g13.json,2026-07-31_23h23_cbn_unif_gauss/graphs/CMIIC__v10_a15_g13_s5000.json,metrics: module 'pyagrum' has no attribute 'StructuralMetrics',46.79839808799443,,,,,,
cbn_unif_gauss,CPC,"{""alpha"": 0.05, ""max_conditioning_set_size"": 3}",10,15,200,14,2026-07-31_23h23_cbn_unif_gauss/graphs/golden__v10_a15_g14.json,2026-07-31_23h23_cbn_unif_gauss/graphs/CPC__v10_a15_g14_s200.json,metrics: module 'pyagrum' has no attribute 'StructuralMetrics',0.031001527997432277,,,,,,
cbn_unif_gauss,CMIIC,"{""alpha"": 0.05}",10,15,200,14,2026-07-31_23h23_cbn_unif_gauss/graphs/golden__v10_a15_g14.json,2026-07-31_23h23_cbn_unif_gauss/graphs/CMIIC__v10_a15_g14_s200.json,metrics: module 'pyagrum' has no attribute 'StructuralMetrics',0.116170316003263,,,,,,
cbn_unif_gauss,CPC,"{""alpha"": 0.05, ""max_conditioning_set_size"": 3}",10,15,500,14,2026-07-31_23h23_cbn_unif_gauss/graphs/golden__v10_a15_g14.json,2026-07-31_23h23_cbn_unif_gauss/graphs/CPC__v10_a15_g14_s500.json,metrics: module 'pyagrum' has no attribute 'StructuralMetrics',0.23144918800971936,,,,,,
cbn_unif_gauss,CMIIC,"{""alpha"": 0.05}",10,15,500,14,2026-07-31_23h23_cbn_unif_gauss/graphs/golden__v10_a15_g14.json,2026-07-31_23h23_cbn_unif_gauss/graphs/CMIIC__v10_a15_g14_s500.json,metrics: module 'pyagrum' has no attribute 'StructuralMetrics',0.4928320740000345,,,,,,
cbn_unif_gauss,CPC,"{""alpha"": 0.05, ""max_conditioning_set_size"": 3}",10,15,1000,14,2026-07-31_23h23_cbn_unif_gauss/graphs/golden__v10_a15_g14.json,2026-07-31_23h23_cbn_unif_gauss/graphs/CPC__v10_a15_g14_s1000.json,metrics: module 'pyagrum' has no attribute 'StructuralMetrics',1.2073863659898052,,,,,,
cbn_unif_gauss,CMIIC,"{""alpha"": 0.05}",10,15,1000,14,2026-07-31_23h23_cbn_unif_gauss/graphs/golden__v10_a15_g14.json,2026-07-31_23h23_cbn_unif_gauss/graphs/CMIIC__v10_a15_g14_s1000.json,metrics: module 'pyagrum' has no attribute 'StructuralMetrics',1.7995569430058822,,,,,,
cbn_unif_gauss,CPC,"{""alpha"": 0.05, ""max_conditioning_set_size"": 3}",10,15,3000,14,2026-07-31_23h23_cbn_unif_gauss/graphs/golden__v10_a15_g14.json,2026-07-31_23h23_cbn_unif_gauss/graphs/CPC__v10_a15_g14_s3000.json,metrics: module 'pyagrum' has no attribute 'StructuralMetrics',14.521270079989335,,,,,,
cbn_unif_gauss,CMIIC,"{""alpha"": 0.05}",10,15,3000,14,2026-07-31_23h23_cbn_unif_gauss/graphs/golden__v10_a15_g14.json,2026-07-31_23h23_cbn_unif_gauss/graphs/CMIIC__v10_a15_g14_s3000.json,metrics: module 'pyagrum' has no attribute 'StructuralMetrics',14.4263991649932,,,,,,
cbn_unif_gauss,CPC,"{""alpha"": 0.05, ""max_conditioning_set_size"": 3}",10,15,5000,14,2026-07-31_23h23_cbn_unif_gauss/graphs/golden__v10_a15_g14.json,2026-07-31_23h23_cbn_unif_gauss/graphs/CPC__v10_a15_g14_s5000.json,metrics: module 'pyagrum' has no attribute 'StructuralMetrics',46.02376046200516,,,,,,
cbn_unif_gauss,CMIIC,"{""alpha"": 0.05}",10,15,5000,14,2026-07-31_23h23_cbn_unif_gauss/graphs/golden__v10_a15_g14.json,2026-07-31_23h23_cbn_unif_gauss/graphs/CMIIC__v10_a15_g14_s5000.json,metrics: module 'pyagrum' has no attribute 'StructuralMetrics',38.47294587499346,,,,,,
cbn_unif_gauss,CPC,"{""alpha"": 0.05, ""max_conditioning_set_size"": 3}",10,15,200,15,2026-07-31_23h23_cbn_unif_gauss/graphs/golden__v10_a15_g15.json,2026-07-31_23h23_cbn_unif_gauss/graphs/CPC__v10_a15_g15_s200.json,metrics: module 'pyagrum' has no attribute 'StructuralMetrics',0.02759699200396426,,,,,,
cbn_unif_gauss,CMIIC,"{""alpha"": 0.05}",10,15,200,15,2026-07-31_23h23_cbn_unif_gauss/graphs/golden__v10_a15_g15.json,2026-07-31_23h23_cbn_unif_gauss/graphs/CMIIC__v10_a15_g15_s200.json,metrics: module 'pyagrum' has no attribute 'StructuralMetrics',0.07139232099871151,,,,,,
cbn_unif_gauss,CPC,"{""alpha"": 0.05, ""max_conditioning_set_size"": 3}",10,15,500,15,2026-07-31_23h23_cbn_unif_gauss/graphs/golden__v10_a15_g15.json,2026-07-31_23h23_cbn_unif_gauss/graphs/CPC__v10_a15_g15_s500.json,metrics: module 'pyagrum' has no attribute 'StructuralMetrics',0.1262956540012965,,,,,,
cbn_unif_gauss,CMIIC,"{""alpha"": 0.05}",10,15,500,15,2026-07-31_23h23_cbn_unif_gauss/graphs/golden__v10_a15_g15.json,2026-07-31_23h23_cbn_unif_gauss/graphs/CMIIC__v10_a15_g15_s500.json,metrics: module 'pyagrum' has no attribute 'StructuralMetrics',0.27695993200177327,,,,,,
cbn_unif_gauss,CPC,"{""alpha"": 0.05, ""max_conditioning_set_size"": 3}",10,15,1000,15,2026-07-31_23h23_cbn_unif_gauss/graphs/golden__v10_a15_g15.json,2026-07-31_23h23_cbn_unif_gauss/graphs/CPC__v10_a15_g15_s1000.json,metrics: module 'pyagrum' has no attribute 'StructuralMetrics',0.6415242189978017,,,,,,
cbn_unif_gauss,CMIIC,"{""alpha"": 0.05}",10,15,1000,15,2026-07-31_23h23_cbn_unif_gauss/graphs/golden__v10_a15_g15.json,2026-07-31_23h23_cbn_unif_gauss/graphs/CMIIC__v10_a15_g15_s1000.json,metrics: module 'pyagrum' has no attribute 'StructuralMetrics',1.3130647159996442,,,,,,
cbn_unif_gauss,CPC,"{""alpha"": 0.05, ""max_conditioning_set_size"": 3}",10,15,3000,15,2026-07-31_23h23_cbn_unif_gauss/graphs/golden__v10_a15_g15.json,2026-07-31_23h23_cbn_unif_gauss/graphs/CPC__v10_a15_g15_s3000.json,metrics: module 'pyagrum' has no attribute 'StructuralMetrics',6.766184317995794,,,,,,
cbn_unif_gauss,CMIIC,"{""alpha"": 0.05}",10,15,3000,15,2026-07-31_23h23_cbn_unif_gauss/graphs/golden__v10_a15_g15.json,2026-07-31_23h23_cbn_unif_gauss/graphs/CMIIC__v10_a15_g15_s3000.json,metrics: module 'pyagrum' has no attribute 'StructuralMetrics',10.092933450010605,,,,,,
cbn_unif_gauss,CPC,"{""alpha"": 0.05, ""max_conditioning_set_size"": 3}",10,15,5000,15,2026-07-31_23h23_cbn_unif_gauss/graphs/golden__v10_a15_g15.json,2026-07-31_23h23_cbn_unif_gauss/graphs/CPC__v10_a15_g15_s5000.json,metrics: module 'pyagrum' has no attribute 'StructuralMetrics',20.75332809300744,,,,,,
cbn_unif_gauss,CMIIC,"{""alpha"": 0.05}",10,15,5000,15,2026-07-31_23h23_cbn_unif_gauss/graphs/golden__v10_a15_g15.json,2026-07-31_23h23_cbn_unif_gauss/graphs/CMIIC__v10_a15_g15_s5000.json,metrics: module 'pyagrum' has no attribute 'StructuralMetrics',27.742703868992976,,,,,,
cbn_unif_gauss,CPC,"{""alpha"": 0.05, ""max_conditioning_set_size"": 3}",10,15,200,16,2026-07-31_23h23_cbn_unif_gauss/graphs/golden__v10_a15_g16.json,2026-07-31_23h23_cbn_unif_gauss/graphs/CPC__v10_a15_g16_s200.json,metrics: module 'pyagrum' has no attribute 'StructuralMetrics',0.02522512299765367,,,,,,
cbn_unif_gauss,CMIIC,"{""alpha"": 0.05}",10,15,200,16,2026-07-31_23h23_cbn_unif_gauss/graphs/golden__v10_a15_g16.json,2026-07-31_23h23_cbn_unif_gauss/graphs/CMIIC__v10_a15_g16_s200.json,metrics: module 'pyagrum' has no attribute 'StructuralMetrics',0.09450189300696366,,,,,,
cbn_unif_gauss,CPC,"{""alpha"": 0.05, ""max_conditioning_set_size"": 3}",10,15,500,16,2026-07-31_23h23_cbn_unif_gauss/graphs/golden__v10_a15_g16.json,2026-07-31_23h23_cbn_unif_gauss/graphs/CPC__v10_a15_g16_s500.json,metrics: module 'pyagrum' has no attribute 'StructuralMetrics',0.18150506699748803,,,,,,
cbn_unif_gauss,CMIIC,"{""alpha"": 0.05}",10,15,500,16,2026-07-31_23h23_cbn_unif_gauss/graphs/golden__v10_a15_g16.json,2026-07-31_23h23_cbn_unif_gauss/graphs/CMIIC__v10_a15_g16_s500.json,metrics: module 'pyagrum' has no attribute 'StructuralMetrics',0.4093924119952135,,,,,,
cbn_unif_gauss,CPC,"{""alpha"": 0.05, ""max_conditioning_set_size"": 3}",10,15,1000,16,2026-07-31_23h23_cbn_unif_gauss/graphs/golden__v10_a15_g16.json,2026-07-31_23h23_cbn_unif_gauss/graphs/CPC__v10_a15_g16_s1000.json,metrics: module 'pyagrum' has no attribute 'StructuralMetrics',0.8475228850002168,,,,,,
cbn_unif_gauss,CMIIC,"{""alpha"": 0.05}",10,15,1000,16,2026-07-31_23h23_cbn_unif_gauss/graphs/golden__v10_a15_g16.json,2026-07-31_23h23_cbn_unif_gauss/graphs/CMIIC__v10_a15_g16_s1000.json,metrics: module 'pyagrum' has no attribute 'StructuralMetrics',1.4223640130076092,,,,,,
cbn_unif_gauss,CPC,"{""alpha"": 0.05, ""max_conditioning_set_size"": 3}",10,15,3000,16,2026-07-31_23h23_cbn_unif_gauss/graphs/golden__v10_a15_g16.json,2026-07-31_23h23_cbn_unif_gauss/graphs/CPC__v10_a15_g16_s3000.json,metrics: module 'pyagrum' has no attribute 'StructuralMetrics',10.76815779300523,,,,,,
cbn_unif_gauss,CMIIC,"{""alpha"": 0.05}",10,15,3000,16,2026-07-31_23h23_cbn_unif_gauss/graphs/golden__v10_a15_g16.json,2026-07-31_23h23_cbn_unif_gauss/graphs/CMIIC__v10_a15_g16_s3000.json,metrics: module 'pyagrum' has no attribute 'StructuralMetrics',9.818578662001528,,,,,,
cbn_unif_gauss,CPC,"{""alpha"": 0.05, ""max_conditioning_set_size"": 3}",10,15,5000,16,2026-07-31_23h23_cbn_unif_gauss/graphs/golden__v10_a15_g16.json,2026-07-31_23h23_cbn_unif_gauss/graphs/CPC__v10_a15_g16_s5000.json,metrics: module 'pyagrum' has no attribute 'StructuralMetrics',31.277149255998665,,,,,,
cbn_unif_gauss,CMIIC,"{""alpha"": 0.05}",10,15,5000,16,2026-07-31_23h23_cbn_unif_gauss/graphs/golden__v10_a15_g16.json,2026-07-31_23h23_cbn_unif_gauss/graphs/CMIIC__v10_a15_g16_s5000.json,metrics: module 'pyagrum' has no attribute 'StructuralMetrics',30.196607074001804,,,,,,
cbn_unif_gauss,CPC,"{""alpha"": 0.05, ""max_conditioning_set_size"": 3}",10,15,200,17,2026-07-31_23h23_cbn_unif_gauss/graphs/golden__v10_a15_g17.json,2026-07-31_23h23_cbn_unif_gauss/graphs/CPC__v10_a15_g17_s200.json,metrics: module 'pyagrum' has no attribute 'StructuralMetrics',0.04704647700418718,,,,,,
cbn_unif_gauss,CMIIC,"{""alpha"": 0.05}",10,15,200,17,2026-07-31_23h23_cbn_unif_gauss/graphs/golden__v10_a15_g17.json,2026-07-31_23h23_cbn_unif_gauss/graphs/CMIIC__v10_a15_g17_s200.json,metrics: module 'pyagrum' has no attribute 'StructuralMetrics',0.14853058800508734,,,,,,
cbn_unif_gauss,CPC,"{""alpha"": 0.05, ""max_conditioning_set_size"": 3}",10,15,500,17,2026-07-31_23h23_cbn_unif_gauss/graphs/golden__v10_a15_g17.json,2026-07-31_23h23_cbn_unif_gauss/graphs/CPC__v10_a15_g17_s500.json,metrics: module 'pyagrum' has no attribute 'StructuralMetrics',0.2901180789922364,,,,,,
cbn_unif_gauss,CMIIC,"{""alpha"": 0.05}",10,15,500,17,2026-07-31_23h23_cbn_unif_gauss/graphs/golden__v10_a15_g17.json,2026-07-31_23h23_cbn_unif_gauss/graphs/CMIIC__v10_a15_g17_s500.json,metrics: module 'pyagrum' has no attribute 'StructuralMetrics',0.5505894390080357,,,,,,
cbn_unif_gauss,CPC,"{""alpha"": 0.05, ""max_conditioning_set_size"": 3}",10,15,1000,17,2026-07-31_23h23_cbn_unif_gauss/graphs/golden__v10_a15_g17.json,2026-07-31_23h23_cbn_unif_gauss/graphs/CPC__v10_a15_g17_s1000.json,metrics: module 'pyagrum' has no attribute 'StructuralMetrics',1.7105857290007407,,,,,,
cbn_unif_gauss,CMIIC,"{""alpha"": 0.05}",10,15,1000,17,2026-07-31_23h23_cbn_unif_gauss/graphs/golden__v10_a15_g17.json,2026-07-31_23h23_cbn_unif_gauss/graphs/CMIIC__v10_a15_g17_s1000.json,metrics: module 'pyagrum' has no attribute 'StructuralMetrics',2.0315944769972702,,,,,,
cbn_unif_gauss,CPC,"{""alpha"": 0.05, ""max_conditioning_set_size"": 3}",10,15,3000,17,2026-07-31_23h23_cbn_unif_gauss/graphs/golden__v10_a15_g17.json,2026-07-31_23h23_cbn_unif_gauss/graphs/CPC__v10_a15_g17_s3000.json,metrics: module 'pyagrum' has no attribute 'StructuralMetrics',23.388723951997235,,,,,,
cbn_unif_gauss,CMIIC,"{""alpha"": 0.05}",10,15,3000,17,2026-07-31_23h23_cbn_unif_gauss/graphs/golden__v10_a15_g17.json,2026-07-31_23h23_cbn_unif_gauss/graphs/CMIIC__v10_a15_g17_s3000.json,metrics: module 'pyagrum' has no attribute 'StructuralMetrics',19.205613829995855,,,,,,
cbn_unif_gauss,CPC,"{""alpha"": 0.05, ""max_conditioning_set_size"": 3}",10,15,5000,17,2026-07-31_23h23_cbn_unif_gauss/graphs/golden__v10_a15_g17.json,2026-07-31_23h23_cbn_unif_gauss/graphs/CPC__v10_a15_g17_s5000.json,metrics: module 'pyagrum' has no attribute 'StructuralMetrics',79.02148358100385,,,,,,
cbn_unif_gauss,CMIIC,"{""alpha"": 0.05}",10,15,5000,17,2026-07-31_23h23_cbn_unif_gauss/graphs/golden__v10_a15_g17.json,2026-07-31_23h23_cbn_unif_gauss/graphs/CMIIC__v10_a15_g17_s5000.json,metrics: module 'pyagrum' has no attribute 'StructuralMetrics',52.906947465991834,,,,,,
cbn_unif_gauss,CPC,"{""alpha"": 0.05, ""max_conditioning_set_size"": 3}",10,15,200,18,2026-07-31_23h23_cbn_unif_gauss/graphs/golden__v10_a15_g18.json,2026-07-31_23h23_cbn_unif_gauss/graphs/CPC__v10_a15_g18_s200.json,metrics: module 'pyagrum' has no attribute 'StructuralMetrics',0.02838838199386373,,,,,,
cbn_unif_gauss,CMIIC,"{""alpha"": 0.05}",10,15,200,18,2026-07-31_23h23_cbn_unif_gauss/graphs/golden__v10_a15_g18.json,2026-07-31_23h23_cbn_unif_gauss/graphs/CMIIC__v10_a15_g18_s200.json,metrics: module 'pyagrum' has no attribute 'StructuralMetrics',0.10355174199503381,,,,,,
cbn_unif_gauss,CPC,"{""alpha"": 0.05, ""max_conditioning_set_size"": 3}",10,15,500,18,2026-07-31_23h23_cbn_unif_gauss/graphs/golden__v10_a15_g18.json,2026-07-31_23h23_cbn_unif_gauss/graphs/CPC__v10_a15_g18_s500.json,metrics: module 'pyagrum' has no attribute 'StructuralMetrics',0.14750656399701256,,,,,,
cbn_unif_gauss,CMIIC,"{""alpha"": 0.05}",10,15,500,18,2026-07-31_23h23_cbn_unif_gauss/graphs/golden__v10_a15_g18.json,2026-07-31_23h23_cbn_unif_gauss/graphs/CMIIC__v10_a15_g18_s500.json,metrics: module 'pyagrum' has no attribute 'StructuralMetrics',0.410203008010285,,,,,,
cbn_unif_gauss,CPC,"{""alpha"": 0.05, ""max_conditioning_set_size"": 3}",10,15,1000,18,2026-07-31_23h23_cbn_unif_gauss/graphs/golden__v10_a15_g18.json,2026-07-31_23h23_cbn_unif_gauss/graphs/CPC__v10_a15_g18_s1000.json,metrics: module 'pyagrum' has no attribute 'StructuralMetrics',0.904562508003437,,,,,,
cbn_unif_gauss,CMIIC,"{""alpha"": 0.05}",10,15,1000,18,2026-07-31_23h23_cbn_unif_gauss/graphs/golden__v10_a15_g18.json,2026-07-31_23h23_cbn_unif_gauss/graphs/CMIIC__v10_a15_g18_s1000.json,metrics: module 'pyagrum' has no attribute 'StructuralMetrics',1.5258324439928401,,,,,,
cbn_unif_gauss,CPC,"{""alpha"": 0.05, ""max_conditioning_set_size"": 3}",10,15,3000,18,2026-07-31_23h23_cbn_unif_gauss/graphs/golden__v10_a15_g18.json,2026-07-31_23h23_cbn_unif_gauss/graphs/CPC__v10_a15_g18_s3000.json,metrics: module 'pyagrum' has no attribute 'StructuralMetrics',9.912840713994228,,,,,,
cbn_unif_gauss,CMIIC,"{""alpha"": 0.05}",10,15,3000,18,2026-07-31_23h23_cbn_unif_gauss/graphs/golden__v10_a15_g18.json,2026-07-31_23h23_cbn_unif_gauss/graphs/CMIIC__v10_a15_g18_s3000.json,metrics: module 'pyagrum' has no attribute 'StructuralMetrics',11.623150033992715,,,,,,
cbn_unif_gauss,CPC,"{""alpha"": 0.05, ""max_conditioning_set_size"": 3}",10,15,5000,18,2026-07-31_23h23_cbn_unif_gauss/graphs/golden__v10_a15_g18.json,2026-07-31_23h23_cbn_unif_gauss/graphs/CPC__v10_a15_g18_s5000.json,metrics: module 'pyagrum' has no attribute 'StructuralMetrics',31.2065088100062,,,,,,
cbn_unif_gauss,CMIIC,"{""alpha"": 0.05}",10,15,5000,18,2026-07-31_23h23_cbn_unif_gauss/graphs/golden__v10_a15_g18.json,2026-07-31_23h23_cbn_unif_gauss/graphs/CMIIC__v10_a15_g18_s5000.json,metrics: module 'pyagrum' has no attribute 'StructuralMetrics',28.964318598998943,,,,,,
cbn_unif_gauss,CPC,"{""alpha"": 0.05, ""max_conditioning_set_size"": 3}",10,15,200,19,2026-07-31_23h23_cbn_unif_gauss/graphs/golden__v10_a15_g19.json,2026-07-31_23h23_cbn_unif_gauss/graphs/CPC__v10_a15_g19_s200.json,metrics: module 'pyagrum' has no attribute 'StructuralMetrics',0.03701803900185041,,,,,,
cbn_unif_gauss,CMIIC,"{""alpha"": 0.05}",10,15,200,19,2026-07-31_23h23_cbn_unif_gauss/graphs/golden__v10_a15_g19.json,2026-07-31_23h23_cbn_unif_gauss/graphs/CMIIC__v10_a15_g19_s200.json,metrics: module 'pyagrum' has no attribute 'StructuralMetrics',0.1385494109999854,,,,,,
cbn_unif_gauss,CPC,"{""alpha"": 0.05, ""max_conditioning_set_size"": 3}",10,15,500,19,2026-07-31_23h23_cbn_unif_gauss/graphs/golden__v10_a15_g19.json,2026-07-31_23h23_cbn_unif_gauss/graphs/CPC__v10_a15_g19_s500.json,metrics: module 'pyagrum' has no attribute 'StructuralMetrics',0.27388820399937686,,,,,,
cbn_unif_gauss,CMIIC,"{""alpha"": 0.05}",10,15,500,19,2026-07-31_23h23_cbn_unif_gauss/graphs/golden__v10_a15_g19.json,2026-07-31_23h23_cbn_unif_gauss/graphs/CMIIC__v10_a15_g19_s500.json,metrics: module 'pyagrum' has no attribute 'StructuralMetrics',0.5849482820049161,,,,,,
cbn_unif_gauss,CPC,"{""alpha"": 0.05, ""max_conditioning_set_size"": 3}",10,15,1000,19,2026-07-31_23h23_cbn_unif_gauss/graphs/golden__v10_a15_g19.json,2026-07-31_23h23_cbn_unif_gauss/graphs/CPC__v10_a15_g19_s1000.json,metrics: module 'pyagrum' has no attribute 'StructuralMetrics',1.4691679259994999,,,,,,
cbn_unif_gauss,CMIIC,"{""alpha"": 0.05}",10,15,1000,19,2026-07-31_23h23_cbn_unif_gauss/graphs/golden__v10_a15_g19.json,2026-07-31_23h23_cbn_unif_gauss/graphs/CMIIC__v10_a15_g19_s1000.json,metrics: module 'pyagrum' has no attribute 'StructuralMetrics',2.1303500840003835,,,,,,
cbn_unif_gauss,CPC,"{""alpha"": 0.05, ""max_conditioning_set_size"": 3}",10,15,3000,19,2026-07-31_23h23_cbn_unif_gauss/graphs/golden__v10_a15_g19.json,2026-07-31_23h23_cbn_unif_gauss/graphs/CPC__v10_a15_g19_s3000.json,metrics: module 'pyagrum' has no attribute 'StructuralMetrics',19.663226894001127,,,,,,
cbn_unif_gauss,CMIIC,"{""alpha"": 0.05}",10,15,3000,19,2026-07-31_23h23_cbn_unif_gauss/graphs/golden__v10_a15_g19.json,2026-07-31_23h23_cbn_unif_gauss/graphs/CMIIC__v10_a15_g19_s3000.json,metrics: module 'pyagrum' has no attribute 'StructuralMetrics',17.47190702400985,,,,,,
cbn_unif_gauss,CPC,"{""alpha"": 0.05, ""max_conditioning_set_size"": 3}",10,15,5000,19,2026-07-31_23h23_cbn_unif_gauss/graphs/golden__v10_a15_g19.json,2026-07-31_23h23_cbn_unif_gauss/graphs/CPC__v10_a15_g19_s5000.json,metrics: module 'pyagrum' has no attribute 'StructuralMetrics',60.3210367540014,,,,,,
cbn_unif_gauss,CMIIC,"{""alpha"": 0.05}",10,15,5000,19,2026-07-31_23h23_cbn_unif_gauss/graphs/golden__v10_a15_g19.json,2026-07-31_23h23_cbn_unif_gauss/graphs/CMIIC__v10_a15_g19_s5000.json,metrics: module 'pyagrum' has no attribute 'StructuralMetrics',44.71133072901284,,,,,,
cbn_unif_gauss,CPC,"{""alpha"": 0.05, ""max_conditioning_set_size"": 3}",10,15,200,20,2026-07-31_23h23_cbn_unif_gauss/graphs/golden__v10_a15_g20.json,2026-07-31_23h23_cbn_unif_gauss/graphs/CPC__v10_a15_g20_s200.json,metrics: module 'pyagrum' has no attribute 'StructuralMetrics',0.029237519993330352,,,,,,
cbn_unif_gauss,CMIIC,"{""alpha"": 0.05}",10,15,200,20,2026-07-31_23h23_cbn_unif_gauss/graphs/golden__v10_a15_g20.json,2026-07-31_23h23_cbn_unif_gauss/graphs/CMIIC__v10_a15_g20_s200.json,metrics: module 'pyagrum' has no attribute 'StructuralMetrics',0.07726138200087007,,,,,,
cbn_unif_gauss,CPC,"{""alpha"": 0.05, ""max_conditioning_set_size"": 3}",10,15,500,20,2026-07-31_23h23_cbn_unif_gauss/graphs/golden__v10_a15_g20.json,2026-07-31_23h23_cbn_unif_gauss/graphs/CPC__v10_a15_g20_s500.json,metrics: module 'pyagrum' has no attribute 'StructuralMetrics',0.18351266600075178,,,,,,
cbn_unif_gauss,CMIIC,"{""alpha"": 0.05}",10,15,500,20,2026-07-31_23h23_cbn_unif_gauss/graphs/golden__v10_a15_g20.json,2026-07-31_23h23_cbn_unif_gauss/graphs/CMIIC__v10_a15_g20_s500.json,metrics: module 'pyagrum' has no attribute 'StructuralMetrics',0.39801447199715767,,,,,,
cbn_unif_gauss,CPC,"{""alpha"": 0.05, ""max_conditioning_set_size"": 3}",10,15,1000,20,2026-07-31_23h23_cbn_unif_gauss/graphs/golden__v10_a15_g20.json,2026-07-31_23h23_cbn_unif_gauss/graphs/CPC__v10_a15_g20_s1000.json,metrics: module 'pyagrum' has no attribute 'StructuralMetrics',0.856635465999716,,,,,,
cbn_unif_gauss,CMIIC,"{""alpha"": 0.05}",10,15,1000,20,2026-07-31_23h23_cbn_unif_gauss/graphs/golden__v10_a15_g20.json,2026-07-31_23h23_cbn_unif_gauss/graphs/CMIIC__v10_a15_g20_s1000.json,metrics: module 'pyagrum' has no attribute 'StructuralMetrics',1.3211190639995039,,,,,,
cbn_unif_gauss,CPC,"{""alpha"": 0.05, ""max_conditioning_set_size"": 3}",10,15,3000,20,2026-07-31_23h23_cbn_unif_gauss/graphs/golden__v10_a15_g20.json,2026-07-31_23h23_cbn_unif_gauss/graphs/CPC__v10_a15_g20_s3000.json,metrics: module 'pyagrum' has no attribute 'StructuralMetrics',8.509187711999402,,,,,,
cbn_unif_gauss,CMIIC,"{""alpha"": 0.05}",10,15,3000,20,2026-07-31_23h23_cbn_unif_gauss/graphs/golden__v10_a15_g20.json,2026-07-31_23h23_cbn_unif_gauss/graphs/CMIIC__v10_a15_g20_s3000.json,metrics: module 'pyagrum' has no attribute 'StructuralMetrics',10.413773706008215,,,,,,
cbn_unif_gauss,CPC,"{""alpha"": 0.05, ""max_conditioning_set_size"": 3}",10,15,5000,20,2026-07-31_23h23_cbn_unif_gauss/graphs/golden__v10_a15_g20.json,2026-07-31_23h23_cbn_unif_gauss/graphs/CPC__v10_a15_g20_s5000.json,metrics: module 'pyagrum' has no attribute 'StructuralMetrics',24.484715687998687,,,,,,
cbn_unif_gauss,CMIIC,"{""alpha"": 0.05}",10,15,5000,20,2026-07-31_23h23_cbn_unif_gauss/graphs/golden__v10_a15_g20.json,2026-07-31_23h23_cbn_unif_gauss/graphs/CMIIC__v10_a15_g20_s5000.json,metrics: module 'pyagrum' has no attribute 'StructuralMetrics',28.145991526995203,,,,,,
cbn_unif_gauss,CPC,"{""alpha"": 0.05, ""max_conditioning_set_size"": 3}",10,15,200,21,2026-07-31_23h23_cbn_unif_gauss/graphs/golden__v10_a15_g21.json,2026-07-31_23h23_cbn_unif_gauss/graphs/CPC__v10_a15_g21_s200.json,metrics: module 'pyagrum' has no attribute 'StructuralMetrics',0.031260524003300816,,,,,,
cbn_unif_gauss,CMIIC,"{""alpha"": 0.05}",10,15,200,21,2026-07-31_23h23_cbn_unif_gauss/graphs/golden__v10_a15_g21.json,2026-07-31_23h23_cbn_unif_gauss/graphs/CMIIC__v10_a15_g21_s200.json,metrics: module 'pyagrum' has no attribute 'StructuralMetrics',0.08945861599931959,,,,,,
cbn_unif_gauss,CPC,"{""alpha"": 0.05, ""max_conditioning_set_size"": 3}",10,15,500,21,2026-07-31_23h23_cbn_unif_gauss/graphs/golden__v10_a15_g21.json,2026-07-31_23h23_cbn_unif_gauss/graphs/CPC__v10_a15_g21_s500.json,metrics: module 'pyagrum' has no attribute 'StructuralMetrics',0.23979753500316292,,,,,,
cbn_unif_gauss,CMIIC,"{""alpha"": 0.05}",10,15,500,21,2026-07-31_23h23_cbn_unif_gauss/graphs/golden__v10_a15_g21.json,2026-07-31_23h23_cbn_unif_gauss/graphs/CMIIC__v10_a15_g21_s500.json,metrics: module 'pyagrum' has no attribute 'StructuralMetrics',0.4431715889950283,,,,,,
cbn_unif_gauss,CPC,"{""alpha"": 0.05, ""max_conditioning_set_size"": 3}",10,15,1000,21,2026-07-31_23h23_cbn_unif_gauss/graphs/golden__v10_a15_g21.json,2026-07-31_23h23_cbn_unif_gauss/graphs/CPC__v10_a15_g21_s1000.json,metrics: module 'pyagrum' has no attribute 'StructuralMetrics',1.3669717220036546,,,,,,
cbn_unif_gauss,CMIIC,"{""alpha"": 0.05}",10,15,1000,21,2026-07-31_23h23_cbn_unif_gauss/graphs/golden__v10_a15_g21.json,2026-07-31_23h23_cbn_unif_gauss/graphs/CMIIC__v10_a15_g21_s1000.json,metrics: module 'pyagrum' has no attribute 'StructuralMetrics',1.5314246799971443,,,,,,
cbn_unif_gauss,CPC,"{""alpha"": 0.05, ""max_conditioning_set_size"": 3}",10,15,3000,21,2026-07-31_23h23_cbn_unif_gauss/graphs/golden__v10_a15_g21.json,2026-07-31_23h23_cbn_unif_gauss/graphs/CPC__v10_a15_g21_s3000.json,metrics: module 'pyagrum' has no attribute 'StructuralMetrics',18.10203850400285,,,,,,
cbn_unif_gauss,CMIIC,"{""alpha"": 0.05}",10,15,3000,21,2026-07-31_23h23_cbn_unif_gauss/graphs/golden__v10_a15_g21.json,2026-07-31_23h23_cbn_unif_gauss/graphs/CMIIC__v10_a15_g21_s3000.json,metrics: module 'pyagrum' has no attribute 'StructuralMetrics',10.780126750003546,,,,,,
cbn_unif_gauss,CPC,"{""alpha"": 0.05, ""max_conditioning_set_size"": 3}",10,15,5000,21,2026-07-31_23h23_cbn_unif_gauss/graphs/golden__v10_a15_g21.json,2026-07-31_23h23_cbn_unif_gauss/graphs/CPC__v10_a15_g21_s5000.json,metrics: module 'pyagrum' has no attribute 'StructuralMetrics',51.780884292005794,,,,,,
cbn_unif_gauss,CMIIC,"{""alpha"": 0.05}",10,15,5000,21,2026-07-31_23h23_cbn_unif_gauss/graphs/golden__v10_a15_g21.json,2026-07-31_23h23_cbn_unif_gauss/graphs/CMIIC__v10_a15_g21_s5000.json,metrics: module 'pyagrum' has no attribute 'StructuralMetrics',29.535945157011156,,,,,,
cbn_unif_gauss,CPC,"{""alpha"": 0.05, ""max_conditioning_set_size"": 3}",10,15,200,22,2026-07-31_23h23_cbn_unif_gauss/graphs/golden__v10_a15_g22.json,2026-07-31_23h23_cbn_unif_gauss/graphs/CPC__v10_a15_g22_s200.json,metrics: module 'pyagrum' has no attribute 'StructuralMetrics',0.03282473699073307,,,,,,
cbn_unif_gauss,CMIIC,"{""alpha"": 0.05}",10,15,200,22,2026-07-31_23h23_cbn_unif_gauss/graphs/golden__v10_a15_g22.json,2026-07-31_23h23_cbn_unif_gauss/graphs/CMIIC__v10_a15_g22_s200.json,metrics: module 'pyagrum' has no attribute 'StructuralMetrics',0.1398000099870842,,,,,,
cbn_unif_gauss,CPC,"{""alpha"": 0.05, ""max_conditioning_set_size"": 3}",10,15,500,22,2026-07-31_23h23_cbn_unif_gauss/graphs/golden__v10_a15_g22.json,2026-07-31_23h23_cbn_unif_gauss/graphs/CPC__v10_a15_g22_s500.json,metrics: module 'pyagrum' has no attribute 'StructuralMetrics',0.2686988830100745,,,,,,
cbn_unif_gauss,CMIIC,"{""alpha"": 0.05}",10,15,500,22,2026-07-31_23h23_cbn_unif_gauss/graphs/golden__v10_a15_g22.json,2026-07-31_23h23_cbn_unif_gauss/graphs/CMIIC__v10_a15_g22_s500.json,metrics: module 'pyagrum' has no attribute 'StructuralMetrics',0.5553938850061968,,,,,,
cbn_unif_gauss,CPC,"{""alpha"": 0.05, ""max_conditioning_set_size"": 3}",10,15,1000,22,2026-07-31_23h23_cbn_unif_gauss/graphs/golden__v10_a15_g22.json,2026-07-31_23h23_cbn_unif_gauss/graphs/CPC__v10_a15_g22_s1000.json,metrics: module 'pyagrum' has no attribute 'StructuralMetrics',1.51130807599111,,,,,,
cbn_unif_gauss,CMIIC,"{""alpha"": 0.05}",10,15,1000,22,2026-07-31_23h23_cbn_unif_gauss/graphs/golden__v10_a15_g22.json,2026-07-31_23h23_cbn_unif_gauss/graphs/CMIIC__v10_a15_g22_s1000.json,metrics: module 'pyagrum' has no attribute 'StructuralMetrics',2.0665256590000354,,,,,,
cbn_unif_gauss,CPC,"{""alpha"": 0.05, ""max_conditioning_set_size"": 3}",10,15,3000,22,2026-07-31_23h23_cbn_unif_gauss/graphs/golden__v10_a15_g22.json,2026-07-31_23h23_cbn_unif_gauss/graphs/CPC__v10_a15_g22_s3000.json,metrics: module 'pyagrum' has no attribute 'StructuralMetrics',19.378232873990783,,,,,,
cbn_unif_gauss,CMIIC,"{""alpha"": 0.05}",10,15,3000,22,2026-07-31_23h23_cbn_unif_gauss/graphs/golden__v10_a15_g22.json,2026-07-31_23h23_cbn_unif_gauss/graphs/CMIIC__v10_a15_g22_s3000.json,metrics: module 'pyagrum' has no attribute 'StructuralMetrics',15.599934885001858,,,,,,
cbn_unif_gauss,CPC,"{""alpha"": 0.05, ""max_conditioning_set_size"": 3}",10,15,5000,22,2026-07-31_23h23_cbn_unif_gauss/graphs/golden__v10_a15_g22.json,2026-07-31_23h23_cbn_unif_gauss/graphs/CPC__v10_a15_g22_s5000.json,metrics: module 'pyagrum' has no attribute 'StructuralMetrics',54.42836560199794,,,,,,
cbn_unif_gauss,CMIIC,"{""alpha"": 0.05}",10,15,5000,22,2026-07-31_23h23_cbn_unif_gauss/graphs/golden__v10_a15_g22.json,2026-07-31_23h23_cbn_unif_gauss/graphs/CMIIC__v10_a15_g22_s5000.json,metrics: module 'pyagrum' has no attribute 'StructuralMetrics',42.02553698299744,,,,,,
cbn_unif_gauss,CPC,"{""alpha"": 0.05, ""max_conditioning_set_size"": 3}",10,15,200,23,2026-07-31_23h23_cbn_unif_gauss/graphs/golden__v10_a15_g23.json,2026-07-31_23h23_cbn_unif_gauss/graphs/CPC__v10_a15_g23_s200.json,metrics: module 'pyagrum' has no attribute 'StructuralMetrics',0.03928652100148611,,,,,,
cbn_unif_gauss,CMIIC,"{""alpha"": 0.05}",10,15,200,23,2026-07-31_23h23_cbn_unif_gauss/graphs/golden__v10_a15_g23.json,2026-07-31_23h23_cbn_unif_gauss/graphs/CMIIC__v10_a15_g23_s200.json,metrics: module 'pyagrum' has no attribute 'StructuralMetrics',0.1493896419997327,,,,,,
cbn_unif_gauss,CPC,"{""alpha"": 0.05, ""max_conditioning_set_size"": 3}",10,15,500,23,2026-07-31_23h23_cbn_unif_gauss/graphs/golden__v10_a15_g23.json,2026-07-31_23h23_cbn_unif_gauss/graphs/CPC__v10_a15_g23_s500.json,metrics: module 'pyagrum' has no attribute 'StructuralMetrics',0.24812312101130374,,,,,,
cbn_unif_gauss,CMIIC,"{""alpha"": 0.05}",10,15,500,23,2026-07-31_23h23_cbn_unif_gauss/graphs/golden__v10_a15_g23.json,2026-07-31_23h23_cbn_unif_gauss/graphs/CMIIC__v10_a15_g23_s500.json,metrics: module 'pyagrum' has no attribute 'StructuralMetrics',0.6247681240056409,,,,,,
cbn_unif_gauss,CPC,"{""alpha"": 0.05, ""max_conditioning_set_size"": 3}",10,15,1000,23,2026-07-31_23h23_cbn_unif_gauss/graphs/golden__v10_a15_g23.json,2026-07-31_23h23_cbn_unif_gauss/graphs/CPC__v10_a15_g23_s1000.json,metrics: module 'pyagrum' has no attribute 'StructuralMetrics',1.2942588620062452,,,,,,
cbn_unif_gauss,CMIIC,"{""alpha"": 0.05}",10,15,1000,23,2026-07-31_23h23_cbn_unif_gauss/graphs/golden__v10_a15_g23.json,2026-07-31_23h23_cbn_unif_gauss/graphs/CMIIC__v10_a15_g23_s1000.json,metrics: module 'pyagrum' has no attribute 'StructuralMetrics',2.2626499970065197,,,,,,
cbn_unif_gauss,CPC,"{""alpha"": 0.05, ""max_conditioning_set_size"": 3}",10,15,3000,23,2026-07-31_23h23_cbn_unif_gauss/graphs/golden__v10_a15_g23.json,2026-07-31_23h23_cbn_unif_gauss/graphs/CPC__v10_a15_g23_s3000.json,metrics: module 'pyagrum' has no attribute 'StructuralMetrics',21.686247726000147,,,,,,
cbn_unif_gauss,CMIIC,"{""alpha"": 0.05}",10,15,3000,23,2026-07-31_23h23_cbn_unif_gauss/graphs/golden__v10_a15_g23.json,2026-07-31_23h23_cbn_unif_gauss/graphs/CMIIC__v10_a15_g23_s3000.json,metrics: module 'pyagrum' has no attribute 'StructuralMetrics',19.36486295799841,,,,,,
cbn_unif_gauss,CPC,"{""alpha"": 0.05, ""max_conditioning_set_size"": 3}",10,15,5000,23,2026-07-31_23h23_cbn_unif_gauss/graphs/golden__v10_a15_g23.json,2026-07-31_23h23_cbn_unif_gauss/graphs/CPC__v10_a15_g23_s5000.json,metrics: module 'pyagrum' has no attribute 'StructuralMetrics',72.79348676399968,,,,,,
cbn_unif_gauss,CMIIC,"{""alpha"": 0.05}",10,15,5000,23,2026-07-31_23h23_cbn_unif_gauss/graphs/golden__v10_a15_g23.json,2026-07-31_23h23_cbn_unif_gauss/graphs/CMIIC__v10_a15_g23_s5000.json,metrics: module 'pyagrum' has no attribute 'StructuralMetrics',53.997282312993775,,,,,,
cbn_unif_gauss,CPC,"{""alpha"": 0.05, ""max_conditioning_set_size"": 3}",10,15,200,24,2026-07-31_23h23_cbn_unif_gauss/graphs/golden__v10_a15_g24.json,2026-07-31_23h23_cbn_unif_gauss/graphs/CPC__v10_a15_g24_s200.json,metrics: module 'pyagrum' has no attribute 'StructuralMetrics',0.03336994399433024,,,,,,
cbn_unif_gauss,CMIIC,"{""alpha"": 0.05}",10,15,200,24,2026-07-31_23h23_cbn_unif_gauss/graphs/golden__v10_a15_g24.json,2026-07-31_23h23_cbn_unif_gauss/graphs/CMIIC__v10_a15_g24_s200.json,metrics: module 'pyagrum' has no attribute 'StructuralMetrics',0.08088603100623004,,,,,,
cbn_unif_gauss,CPC,"{""alpha"": 0.05, ""max_conditioning_set_size"": 3}",10,15,500,24,2026-07-31_23h23_cbn_unif_gauss/graphs/golden__v10_a15_g24.json,2026-07-31_23h23_cbn_unif_gauss/graphs/CPC__v10_a15_g24_s500.json,metrics: module 'pyagrum' has no attribute 'StructuralMetrics',0.29328393399191555,,,,,,
cbn_unif_gauss,CMIIC,"{""alpha"": 0.05}",10,15,500,24,2026-07-31_23h23_cbn_unif_gauss/graphs/golden__v10_a15_g24.json,2026-07-31_23h23_cbn_unif_gauss/graphs/CMIIC__v10_a15_g24_s500.json,metrics: module 'pyagrum' has no attribute 'StructuralMetrics',0.41874883499986026,,,,,,
cbn_unif_gauss,CPC,"{""alpha"": 0.05, ""max_conditioning_set_size"": 3}",10,15,1000,24,2026-07-31_23h23_cbn_unif_gauss/graphs/golden__v10_a15_g24.json,2026-07-31_23h23_cbn_unif_gauss/graphs/CPC__v10_a15_g24_s1000.json,metrics: module 'pyagrum' has no attribute 'StructuralMetrics',1.4944533300003968,,,,,,
cbn_unif_gauss,CMIIC,"{""alpha"": 0.05}",10,15,1000,24,2026-07-31_23h23_cbn_unif_gauss/graphs/golden__v10_a15_g24.json,2026-07-31_23h23_cbn_unif_gauss/graphs/CMIIC__v10_a15_g24_s1000.json,metrics: module 'pyagrum' has no attribute 'StructuralMetrics',1.5306286819977686,,,,,,
cbn_unif_gauss,CPC,"{""alpha"": 0.05, ""max_conditioning_set_size"": 3}",10,15,3000,24,2026-07-31_23h23_cbn_unif_gauss/graphs/golden__v10_a15_g24.json,2026-07-31_23h23_cbn_unif_gauss/graphs/CPC__v10_a15_g24_s3000.json,metrics: module 'pyagrum' has no attribute 'StructuralMetrics',14.903489062999142,,,,,,
cbn_unif_gauss,CMIIC,"{""alpha"": 0.05}",10,15,3000,24,2026-07-31_23h23_cbn_unif_gauss/graphs/golden__v10_a15_g24.json,2026-07-31_23h23_cbn_unif_gauss/graphs/CMIIC__v10_a15_g24_s3000.json,metrics: module 'pyagrum' has no attribute 'StructuralMetrics',11.349268764999579,,,,,,
cbn_unif_gauss,CPC,"{""alpha"": 0.05, ""max_conditioning_set_size"": 3}",10,15,5000,24,2026-07-31_23h23_cbn_unif_gauss/graphs/golden__v10_a15_g24.json,2026-07-31_23h23_cbn_unif_gauss/graphs/CPC__v10_a15_g24_s5000.json,metrics: module 'pyagrum' has no attribute 'StructuralMetrics',41.10403494800266,,,,,,
cbn_unif_gauss,CMIIC,"{""alpha"": 0.05}",10,15,5000,24,2026-07-31_23h23_cbn_unif_gauss/graphs/golden__v10_a15_g24.json,2026-07-31_23h23_cbn_unif_gauss/graphs/CMIIC__v10_a15_g24_s5000.json,metrics: module 'pyagrum' has no attribute 'StructuralMetrics',30.98565151200455,,,,,,
cbn_unif_gauss,CPC,"{""alpha"": 0.05, ""max_conditioning_set_size"": 3}",10,15,200,25,2026-07-31_23h23_cbn_unif_gauss/graphs/golden__v10_a15_g25.json,2026-07-31_23h23_cbn_unif_gauss/graphs/CPC__v10_a15_g25_s200.json,metrics: module 'pyagrum' has no attribute 'StructuralMetrics',0.03575878799892962,,,,,,
cbn_unif_gauss,CMIIC,"{""alpha"": 0.05}",10,15,200,25,2026-07-31_23h23_cbn_unif_gauss/graphs/golden__v10_a15_g25.json,2026-07-31_23h23_cbn_unif_gauss/graphs/CMIIC__v10_a15_g25_s200.json,metrics: module 'pyagrum' has no attribute 'StructuralMetrics',0.12230444099986926,,,,,,
cbn_unif_gauss,CPC,"{""alpha"": 0.05, ""max_conditioning_set_size"": 3}",10,15,500,25,2026-07-31_23h23_cbn_unif_gauss/graphs/golden__v10_a15_g25.json,2026-07-31_23h23_cbn_unif_gauss/graphs/CPC__v10_a15_g25_s500.json,metrics: module 'pyagrum' has no attribute 'StructuralMetrics',0.1872813549998682,,,,,,
cbn_unif_gauss,CMIIC,"{""alpha"": 0.05}",10,15,500,25,2026-07-31_23h23_cbn_unif_gauss/graphs/golden__v10_a15_g25.json,2026-07-31_23h23_cbn_unif_gauss/graphs/CMIIC__v10_a15_g25_s500.json,metrics: module 'pyagrum' has no attribute 'StructuralMetrics',0.5304996359918732,,,,,,
cbn_unif_gauss,CPC,"{""alpha"": 0.05, ""max_conditioning_set_size"": 3}",10,15,1000,25,2026-07-31_23h23_cbn_unif_gauss/graphs/golden__v10_a15_g25.json,2026-07-31_23h23_cbn_unif_gauss/graphs/CPC__v10_a15_g25_s1000.json,metrics: module 'pyagrum' has no attribute 'StructuralMetrics',1.1335655340080848,,,,,,
cbn_unif_gauss,CMIIC,"{""alpha"": 0.05}",10,15,1000,25,2026-07-31_23h23_cbn_unif_gauss/graphs/golden__v10_a15_g25.json,2026-07-31_23h23_cbn_unif_gauss/graphs/CMIIC__v10_a15_g25_s1000.json,metrics: module 'pyagrum' has no attribute 'StructuralMetrics',1.8697710440028459,,,,,,
cbn_unif_gauss,CPC,"{""alpha"": 0.05, ""max_conditioning_set_size"": 3}",10,15,3000,25,2026-07-31_23h23_cbn_unif_gauss/graphs/golden__v10_a15_g25.json,2026-07-31_23h23_cbn_unif_gauss/graphs/CPC__v10_a15_g25_s3000.json,metrics: module 'pyagrum' has no attribute 'StructuralMetrics',13.405962905002525,,,,,,
cbn_unif_gauss,CMIIC,"{""alpha"": 0.05}",10,15,3000,25,2026-07-31_23h23_cbn_unif_gauss/graphs/golden__v10_a15_g25.json,2026-07-31_23h23_cbn_unif_gauss/graphs/CMIIC__v10_a15_g25_s3000.json,metrics: module 'pyagrum' has no attribute 'StructuralMetrics',15.164665646007052,,,,,,
cbn_unif_gauss,CPC,"{""alpha"": 0.05, ""max_conditioning_set_size"": 3}",10,15,5000,25,2026-07-31_23h23_cbn_unif_gauss/graphs/golden__v10_a15_g25.json,2026-07-31_23h23_cbn_unif_gauss/graphs/CPC__v10_a15_g25_s5000.json,metrics: module 'pyagrum' has no attribute 'StructuralMetrics',37.956590959991445,,,,,,
cbn_unif_gauss,CMIIC,"{""alpha"": 0.05}",10,15,5000,25,2026-07-31_23h23_cbn_unif_gauss/graphs/golden__v10_a15_g25.json,2026-07-31_23h23_cbn_unif_gauss/graphs/CMIIC__v10_a15_g25_s5000.json,metrics: module 'pyagrum' has no attribute 'StructuralMetrics',40.97223385999678,,,,,,
cbn_unif_gauss,CPC,"{""alpha"": 0.05, ""max_conditioning_set_size"": 3}",10,15,200,26,2026-07-31_23h23_cbn_unif_gauss/graphs/golden__v10_a15_g26.json,2026-07-31_23h23_cbn_unif_gauss/graphs/CPC__v10_a15_g26_s200.json,metrics: module 'pyagrum' has no attribute 'StructuralMetrics',0.021400797995738685,,,,,,
cbn_unif_gauss,CMIIC,"{""alpha"": 0.05}",10,15,200,26,2026-07-31_23h23_cbn_unif_gauss/graphs/golden__v10_a15_g26.json,2026-07-31_23h23_cbn_unif_gauss/graphs/CMIIC__v10_a15_g26_s200.json,metrics: module 'pyagrum' has no attribute 'StructuralMetrics',0.08709676099533681,,,,,,
cbn_unif_gauss,CPC,"{""alpha"": 0.05, ""max_conditioning_set_size"": 3}",10,15,500,26,2026-07-31_23h23_cbn_unif_gauss/graphs/golden__v10_a15_g26.json,2026-07-31_23h23_cbn_unif_gauss/graphs/CPC__v10_a15_g26_s500.json,metrics: module 'pyagrum' has no attribute 'StructuralMetrics',0.16839601899846457,,,,,,
cbn_unif_gauss,CMIIC,"{""alpha"": 0.05}",10,15,500,26,2026-07-31_23h23_cbn_unif_gauss/graphs/golden__v10_a15_g26.json,2026-07-31_23h23_cbn_unif_gauss/graphs/CMIIC__v10_a15_g26_s500.json,metrics: module 'pyagrum' has no attribute 'StructuralMetrics',0.3147621509997407,,,,,,
cbn_unif_gauss,CPC,"{""alpha"": 0.05, ""max_conditioning_set_size"": 3}",10,15,1000,26,2026-07-31_23h23_cbn_unif_gauss/graphs/golden__v10_a15_g26.json,2026-07-31_23h23_cbn_unif_gauss/graphs/CPC__v10_a15_g26_s1000.json,metrics: module 'pyagrum' has no attribute 'StructuralMetrics',0.8384600819990737,,,,,,
cbn_unif_gauss,CMIIC,"{""alpha"": 0.05}",10,15,1000,26,2026-07-31_23h23_cbn_unif_gauss/graphs/golden__v10_a15_g26.json,2026-07-31_23h23_cbn_unif_gauss/graphs/CMIIC__v10_a15_g26_s1000.json,metrics: module 'pyagrum' has no attribute 'StructuralMetrics',1.1907946300052572,,,,,,
cbn_unif_gauss,CPC,"{""alpha"": 0.05, ""max_conditioning_set_size"": 3}",10,15,3000,26,2026-07-31_23h23_cbn_unif_gauss/graphs/golden__v10_a15_g26.json,2026-07-31_23h23_cbn_unif_gauss/graphs/CPC__v10_a15_g26_s3000.json,metrics: module 'pyagrum' has no attribute 'StructuralMetrics',8.207580572998268,,,,,,
cbn_unif_gauss,CMIIC,"{""alpha"": 0.05}",10,15,3000,26,2026-07-31_23h23_cbn_unif_gauss/graphs/golden__v10_a15_g26.json,2026-07-31_23h23_cbn_unif_gauss/graphs/CMIIC__v10_a15_g26_s3000.json,metrics: module 'pyagrum' has no attribute 'StructuralMetrics',9.503193235999788,,,,,,
cbn_unif_gauss,CPC,"{""alpha"": 0.05, ""max_conditioning_set_size"": 3}",10,15,5000,26,2026-07-31_23h23_cbn_unif_gauss/graphs/golden__v10_a15_g26.json,2026-07-31_23h23_cbn_unif_gauss/graphs/CPC__v10_a15_g26_s5000.json,metrics: module 'pyagrum' has no attribute 'StructuralMetrics',25.892328326997813,,,,,,
cbn_unif_gauss,CMIIC,"{""alpha"": 0.05}",10,15,5000,26,2026-07-31_23h23_cbn_unif_gauss/graphs/golden__v10_a15_g26.json,2026-07-31_23h23_cbn_unif_gauss/graphs/CMIIC__v10_a15_g26_s5000.json,metrics: module 'pyagrum' has no attribute 'StructuralMetrics',25.276173538994044,,,,,,
cbn_unif_gauss,CPC,"{""alpha"": 0.05, ""max_conditioning_set_size"": 3}",10,15,200,27,2026-07-31_23h23_cbn_unif_gauss/graphs/golden__v10_a15_g27.json,2026-07-31_23h23_cbn_unif_gauss/graphs/CPC__v10_a15_g27_s200.json,metrics: module 'pyagrum' has no attribute 'StructuralMetrics',0.03123545199923683,,,,,,
cbn_unif_gauss,CMIIC,"{""alpha"": 0.05}",10,15,200,27,2026-07-31_23h23_cbn_unif_gauss/graphs/golden__v10_a15_g27.json,2026-07-31_23h23_cbn_unif_gauss/graphs/CMIIC__v10_a15_g27_s200.json,metrics: module 'pyagrum' has no attribute 'StructuralMetrics',0.1040975560026709,,,,,,
cbn_unif_gauss,CPC,"{""alpha"": 0.05, ""max_conditioning_set_size"": 3}",10,15,500,27,2026-07-31_23h23_cbn_unif_gauss/graphs/golden__v10_a15_g27.json,2026-07-31_23h23_cbn_unif_gauss/graphs/CPC__v10_a15_g27_s500.json,metrics: module 'pyagrum' has no attribute 'StructuralMetrics',0.18349044100614265,,,,,,
cbn_unif_gauss,CMIIC,"{""alpha"": 0.05}",10,15,500,27,2026-07-31_23h23_cbn_unif_gauss/graphs/golden__v10_a15_g27.json,2026-07-31_23h23_cbn_unif_gauss/graphs/CMIIC__v10_a15_g27_s500.json,metrics: module 'pyagrum' has no attribute 'StructuralMetrics',0.5121250749944011,,,,,,
cbn_unif_gauss,CPC,"{""alpha"": 0.05, ""max_conditioning_set_size"": 3}",10,15,1000,27,2026-07-31_23h23_cbn_unif_gauss/graphs/golden__v10_a15_g27.json,2026-07-31_23h23_cbn_unif_gauss/graphs/CPC__v10_a15_g27_s1000.json,metrics: module 'pyagrum' has no attribute 'StructuralMetrics',0.9581207869923674,,,,,,
cbn_unif_gauss,CMIIC,"{""alpha"": 0.05}",10,15,1000,27,2026-07-31_23h23_cbn_unif_gauss/graphs/golden__v10_a15_g27.json,2026-07-31_23h23_cbn_unif_gauss/graphs/CMIIC__v10_a15_g27_s1000.json,metrics: module 'pyagrum' has no attribute 'StructuralMetrics',1.8475482780049788,,,,,,
cbn_unif_gauss,CPC,"{""alpha"": 0.05, ""max_conditioning_set_size"": 3}",10,15,3000,27,2026-07-31_23h23_cbn_unif_gauss/graphs/golden__v10_a15_g27.json,2026-07-31_23h23_cbn_unif_gauss/graphs/CPC__v10_a15_g27_s3000.json,metrics: module 'pyagrum' has no attribute 'StructuralMetrics',11.015815696999198,,,,,,
cbn_unif_gauss,CMIIC,"{""alpha"": 0.05}",10,15,3000,27,2026-07-31_23h23_cbn_unif_gauss/graphs/golden__v10_a15_g27.json,2026-07-31_23h23_cbn_unif_gauss/graphs/CMIIC__v10_a15_g27_s3000.json,metrics: module 'pyagrum' has no attribute 'StructuralMetrics',14.470360250008525,,,,,,
cbn_unif_gauss,CPC,"{""alpha"": 0.05, ""max_conditioning_set_size"": 3}",10,15,5000,27,2026-07-31_23h23_cbn_unif_gauss/graphs/golden__v10_a15_g27.json,2026-07-31_23h23_cbn_unif_gauss/graphs/CPC__v10_a15_g27_s5000.json,metrics: module 'pyagrum' has no attribute 'StructuralMetrics',32.003700860004756,,,,,,
cbn_unif_gauss,CMIIC,"{""alpha"": 0.05}",10,15,5000,27,2026-07-31_23h23_cbn_unif_gauss/graphs/golden__v10_a15_g27.json,2026-07-31_23h23_cbn_unif_gauss/graphs/CMIIC__v10_a15_g27_s5000.json,metrics: module 'pyagrum' has no attribute 'StructuralMetrics',36.729091949004214,,,,,,
cbn_unif_gauss,CPC,"{""alpha"": 0.05, ""max_conditioning_set_size"": 3}",10,15,200,28,2026-07-31_23h23_cbn_unif_gauss/graphs/golden__v10_a15_g28.json,2026-07-31_23h23_cbn_unif_gauss/graphs/CPC__v10_a15_g28_s200.json,metrics: module 'pyagrum' has no attribute 'StructuralMetrics',0.01602640000055544,,,,,,
cbn_unif_gauss,CMIIC,"{""alpha"": 0.05}",10,15,200,28,2026-07-31_23h23_cbn_unif_gauss/graphs/golden__v10_a15_g28.json,2026-07-31_23h23_cbn_unif_gauss/graphs/CMIIC__v10_a15_g28_s200.json,metrics: module 'pyagrum' has no attribute 'StructuralMetrics',0.07636942999670282,,,,,,
cbn_unif_gauss,CPC,"{""alpha"": 0.05, ""max_conditioning_set_size"": 3}",10,15,500,28,2026-07-31_23h23_cbn_unif_gauss/graphs/golden__v10_a15_g28.json,2026-07-31_23h23_cbn_unif_gauss/graphs/CPC__v10_a15_g28_s500.json,metrics: module 'pyagrum' has no attribute 'StructuralMetrics',0.09543418399698567,,,,,,
cbn_unif_gauss,CMIIC,"{""alpha"": 0.05}",10,15,500,28,2026-07-31_23h23_cbn_unif_gauss/graphs/golden__v10_a15_g28.json,2026-07-31_23h23_cbn_unif_gauss/graphs/CMIIC__v10_a15_g28_s500.json,metrics: module 'pyagrum' has no attribute 'StructuralMetrics',0.23794437099422794,,,,,,
cbn_unif_gauss,CPC,"{""alpha"": 0.05, ""max_conditioning_set_size"": 3}",10,15,1000,28,2026-07-31_23h23_cbn_unif_gauss/graphs/golden__v10_a15_g28.json,2026-07-31_23h23_cbn_unif_gauss/graphs/CPC__v10_a15_g28_s1000.json,metrics: module 'pyagrum' has no attribute 'StructuralMetrics',0.516110276003019,,,,,,
cbn_unif_gauss,CMIIC,"{""alpha"": 0.05}",10,15,1000,28,2026-07-31_23h23_cbn_unif_gauss/graphs/golden__v10_a15_g28.json,2026-07-31_23h23_cbn_unif_gauss/graphs/CMIIC__v10_a15_g28_s1000.json,metrics: module 'pyagrum' has no attribute 'StructuralMetrics',0.8922730039921589,,,,,,
cbn_unif_gauss,CPC,"{""alpha"": 0.05, ""max_conditioning_set_size"": 3}",10,15,3000,28,2026-07-31_23h23_cbn_unif_gauss/graphs/golden__v10_a15_g28.json,2026-07-31_23h23_cbn_unif_gauss/graphs/CPC__v10_a15_g28_s3000.json,metrics: module 'pyagrum' has no attribute 'StructuralMetrics',5.475722481001867,,,,,,
cbn_unif_gauss,CMIIC,"{""alpha"": 0.05}",10,15,3000,28,2026-07-31_23h23_cbn_unif_gauss/graphs/golden__v10_a15_g28.json,2026-07-31_23h23_cbn_unif_gauss/graphs/CMIIC__v10_a15_g28_s3000.json,metrics: module 'pyagrum' has no attribute 'StructuralMetrics',6.945069623005111,,,,,,
cbn_unif_gauss,CPC,"{""alpha"": 0.05, ""max_conditioning_set_size"": 3}",10,15,5000,28,2026-07-31_23h23_cbn_unif_gauss/graphs/golden__v10_a15_g28.json,2026-07-31_23h23_cbn_unif_gauss/graphs/CPC__v10_a15_g28_s5000.json,metrics: module 'pyagrum' has no attribute 'StructuralMetrics',15.112813587998971,,,,,,
cbn_unif_gauss,CMIIC,"{""alpha"": 0.05}",10,15,5000,28,2026-07-31_23h23_cbn_unif_gauss/graphs/golden__v10_a15_g28.json,2026-07-31_23h23_cbn_unif_gauss/graphs/CMIIC__v10_a15_g28_s5000.json,metrics: module 'pyagrum' has no attribute 'StructuralMetrics',18.95948393800063,,,,,,
cbn_unif_gauss,CPC,"{""alpha"": 0.05, ""max_conditioning_set_size"": 3}",10,15,200,29,2026-07-31_23h23_cbn_unif_gauss/graphs/golden__v10_a15_g29.json,2026-07-31_23h23_cbn_unif_gauss/graphs/CPC__v10_a15_g29_s200.json,metrics: module 'pyagrum' has no attribute 'StructuralMetrics',0.03765680000651628,,,,,,
cbn_unif_gauss,CMIIC,"{""alpha"": 0.05}",10,15,200,29,2026-07-31_23h23_cbn_unif_gauss/graphs/golden__v10_a15_g29.json,2026-07-31_23h23_cbn_unif_gauss/graphs/CMIIC__v10_a15_g29_s200.json,metrics: module 'pyagrum' has no attribute 'StructuralMetrics',0.11225540499435738,,,,,,
cbn_unif_gauss,CPC,"{""alpha"": 0.05, ""max_conditioning_set_size"": 3}",10,15,500,29,2026-07-31_23h23_cbn_unif_gauss/graphs/golden__v10_a15_g29.json,2026-07-31_23h23_cbn_unif_gauss/graphs/CPC__v10_a15_g29_s500.json,metrics: module 'pyagrum' has no attribute 'StructuralMetrics',0.18923307499790099,,,,,,
cbn_unif_gauss,CMIIC,"{""alpha"": 0.05}",10,15,500,29,2026-07-31_23h23_cbn_unif_gauss/graphs/golden__v10_a15_g29.json,2026-07-31_23h23_cbn_unif_gauss/graphs/CMIIC__v10_a15_g29_s500.json,metrics: module 'pyagrum' has no attribute 'StructuralMetrics',0.44826694299990777,,,,,,
cbn_unif_gauss,CPC,"{""alpha"": 0.05, ""max_conditioning_set_size"": 3}",10,15,1000,29,2026-07-31_23h23_cbn_unif_gauss/graphs/golden__v10_a15_g29.json,2026-07-31_23h23_cbn_unif_gauss/graphs/CPC__v10_a15_g29_s1000.json,metrics: module 'pyagrum' has no attribute 'StructuralMetrics',1.1187571810005466,,,,,,
cbn_unif_gauss,CMIIC,"{""alpha"": 0.05}",10,15,1000,29,2026-07-31_23h23_cbn_unif_gauss/graphs/golden__v10_a15_g29.json,2026-07-31_23h23_cbn_unif_gauss/graphs/CMIIC__v10_a15_g29_s1000.json,metrics: module 'pyagrum' has no attribute 'StructuralMetrics',1.6638637190044392,,,,,,
cbn_unif_gauss,CPC,"{""alpha"": 0.05, ""max_conditioning_set_size"": 3}",10,15,3000,29,2026-07-31_23h23_cbn_unif_gauss/graphs/golden__v10_a15_g29.json,2026-07-31_23h23_cbn_unif_gauss/graphs/CPC__v10_a15_g29_s3000.json,metrics: module 'pyagrum' has no attribute 'StructuralMetrics',14.830120447993977,,,,,,
cbn_unif_gauss,CMIIC,"{""alpha"": 0.05}",10,15,3000,29,2026-07-31_23h23_cbn_unif_gauss/graphs/golden__v10_a15_g29.json,2026-07-31_23h23_cbn_unif_gauss/graphs/CMIIC__v10_a15_g29_s3000.json,metrics: module 'pyagrum' has no attribute 'StructuralMetrics',16.44997108700045,,,,,,
cbn_unif_gauss,CPC,"{""alpha"": 0.05, ""max_conditioning_set_size"": 3}",10,15,5000,29,2026-07-31_23h23_cbn_unif_gauss/graphs/golden__v10_a15_g29.json,2026-07-31_23h23_cbn_unif_gauss/graphs/CPC__v10_a15_g29_s5000.json,metrics: module 'pyagrum' has no attribute 'StructuralMetrics',44.93722211099521,,,,,,
cbn_unif_gauss,CMIIC,"{""alpha"": 0.05}",10,15,5000,29,2026-07-31_23h23_cbn_unif_gauss/graphs/golden__v10_a15_g29.json,2026-07-31_23h23_cbn_unif_gauss/graphs/CMIIC__v10_a15_g29_s5000.json,metrics: module 'pyagrum' has no attribute 'StructuralMetrics',50.14102316799108,,,,,,
cbn_unif_gauss,CPC,"{""alpha"": 0.05, ""max_conditioning_set_size"": 3}",20,30,200,0,2026-07-31_23h23_cbn_unif_gauss/graphs/golden__v20_a30_g0.json,2026-07-31_23h23_cbn_unif_gauss/graphs/CPC__v20_a30_g0_s200.json,metrics: module 'pyagrum' has no attribute 'StructuralMetrics',0.05909687399980612,,,,,,
cbn_unif_gauss,CMIIC,"{""alpha"": 0.05}",20,30,200,0,2026-07-31_23h23_cbn_unif_gauss/graphs/golden__v20_a30_g0.json,2026-07-31_23h23_cbn_unif_gauss/graphs/CMIIC__v20_a30_g0_s200.json,metrics: module 'pyagrum' has no attribute 'StructuralMetrics',0.40821527600928675,,,,,,
cbn_unif_gauss,CPC,"{""alpha"": 0.05, ""max_conditioning_set_size"": 3}",20,30,500,0,2026-07-31_23h23_cbn_unif_gauss/graphs/golden__v20_a30_g0.json,2026-07-31_23h23_cbn_unif_gauss/graphs/CPC__v20_a30_g0_s500.json,metrics: module 'pyagrum' has no attribute 'StructuralMetrics',0.5139647089963546,,,,,,
cbn_unif_gauss,CMIIC,"{""alpha"": 0.05}",20,30,500,0,2026-07-31_23h23_cbn_unif_gauss/graphs/golden__v20_a30_g0.json,2026-07-31_23h23_cbn_unif_gauss/graphs/CMIIC__v20_a30_g0_s500.json,metrics: module 'pyagrum' has no attribute 'StructuralMetrics',1.8823927150078816,,,,,,
cbn_unif_gauss,CPC,"{""alpha"": 0.05, ""max_conditioning_set_size"": 3}",20,30,1000,0,2026-07-31_23h23_cbn_unif_gauss/graphs/golden__v20_a30_g0.json,2026-07-31_23h23_cbn_unif_gauss/graphs/CPC__v20_a30_g0_s1000.json,metrics: module 'pyagrum' has no attribute 'StructuralMetrics',2.131340749998344,,,,,,
cbn_unif_gauss,CMIIC,"{""alpha"": 0.05}",20,30,1000,0,2026-07-31_23h23_cbn_unif_gauss/graphs/golden__v20_a30_g0.json,2026-07-31_23h23_cbn_unif_gauss/graphs/CMIIC__v20_a30_g0_s1000.json,metrics: module 'pyagrum' has no attribute 'StructuralMetrics',5.803828236996196,,,,,,
cbn_unif_gauss,CPC,"{""alpha"": 0.05, ""max_conditioning_set_size"": 3}",20,30,3000,0,2026-07-31_23h23_cbn_unif_gauss/graphs/golden__v20_a30_g0.json,2026-07-31_23h23_cbn_unif_gauss/graphs/CPC__v20_a30_g0_s3000.json,metrics: module 'pyagrum' has no attribute 'StructuralMetrics',29.284422917000484,,,,,,
cbn_unif_gauss,CMIIC,"{""alpha"": 0.05}",20,30,3000,0,2026-07-31_23h23_cbn_unif_gauss/graphs/golden__v20_a30_g0.json,2026-07-31_23h23_cbn_unif_gauss/graphs/CMIIC__v20_a30_g0_s3000.json,metrics: module 'pyagrum' has no attribute 'StructuralMetrics',47.84407345899672,,,,,,
cbn_unif_gauss,CPC,"{""alpha"": 0.05, ""max_conditioning_set_size"": 3}",20,30,5000,0,2026-07-31_23h23_cbn_unif_gauss/graphs/golden__v20_a30_g0.json,2026-07-31_23h23_cbn_unif_gauss/graphs/CPC__v20_a30_g0_s5000.json,metrics: module 'pyagrum' has no attribute 'StructuralMetrics',85.47108688599837,,,,,,
cbn_unif_gauss,CMIIC,"{""alpha"": 0.05}",20,30,5000,0,2026-07-31_23h23_cbn_unif_gauss/graphs/golden__v20_a30_g0.json,2026-07-31_23h23_cbn_unif_gauss/graphs/CMIIC__v20_a30_g0_s5000.json,metrics: module 'pyagrum' has no attribute 'StructuralMetrics',130.36280121598975,,,,,,
cbn_unif_gauss,CPC,"{""alpha"": 0.05, ""max_conditioning_set_size"": 3}",20,30,200,1,2026-07-31_23h23_cbn_unif_gauss/graphs/golden__v20_a30_g1.json,2026-07-31_23h23_cbn_unif_gauss/graphs/CPC__v20_a30_g1_s200.json,metrics: module 'pyagrum' has no attribute 'StructuralMetrics',0.07932826099568047,,,,,,
cbn_unif_gauss,CMIIC,"{""alpha"": 0.05}",20,30,200,1,2026-07-31_23h23_cbn_unif_gauss/graphs/golden__v20_a30_g1.json,2026-07-31_23h23_cbn_unif_gauss/graphs/CMIIC__v20_a30_g1_s200.json,metrics: module 'pyagrum' has no attribute 'StructuralMetrics',0.6128341709991219,,,,,,
cbn_unif_gauss,CPC,"{""alpha"": 0.05, ""max_conditioning_set_size"": 3}",20,30,500,1,2026-07-31_23h23_cbn_unif_gauss/graphs/golden__v20_a30_g1.json,2026-07-31_23h23_cbn_unif_gauss/graphs/CPC__v20_a30_g1_s500.json,metrics: module 'pyagrum' has no attribute 'StructuralMetrics',0.92392640800972,,,,,,
cbn_unif_gauss,CMIIC,"{""alpha"": 0.05}",20,30,500,1,2026-07-31_23h23_cbn_unif_gauss/graphs/golden__v20_a30_g1.json,2026-07-31_23h23_cbn_unif_gauss/graphs/CMIIC__v20_a30_g1_s500.json,metrics: module 'pyagrum' has no attribute 'StructuralMetrics',2.7278659690055065,,,,,,
cbn_unif_gauss,CPC,"{""alpha"": 0.05, ""max_conditioning_set_size"": 3}",20,30,1000,1,2026-07-31_23h23_cbn_unif_gauss/graphs/golden__v20_a30_g1.json,2026-07-31_23h23_cbn_unif_gauss/graphs/CPC__v20_a30_g1_s1000.json,metrics: module 'pyagrum' has no attribute 'StructuralMetrics',4.682932890995289,,,,,,
cbn_unif_gauss,CMIIC,"{""alpha"": 0.05}",20,30,1000,1,2026-07-31_23h23_cbn_unif_gauss/graphs/golden__v20_a30_g1.json,2026-07-31_23h23_cbn_unif_gauss/graphs/CMIIC__v20_a30_g1_s1000.json,metrics: module 'pyagrum' has no attribute 'StructuralMetrics',9.339779949004878,,,,,,
cbn_unif_gauss,CPC,"{""alpha"": 0.05, ""max_conditioning_set_size"": 3}",20,30,3000,1,2026-07-31_23h23_cbn_unif_gauss/graphs/golden__v20_a30_g1.json,2026-07-31_23h23_cbn_unif_gauss/graphs/CPC__v20_a30_g1_s3000.json,metrics: module 'pyagrum' has no attribute 'StructuralMetrics',70.04288465100399,,,,,,
cbn_unif_gauss,CMIIC,"{""alpha"": 0.05}",20,30,3000,1,2026-07-31_23h23_cbn_unif_gauss/graphs/golden__v20_a30_g1.json,2026-07-31_23h23_cbn_unif_gauss/graphs/CMIIC__v20_a30_g1_s3000.json,metrics: module 'pyagrum' has no attribute 'StructuralMetrics',76.5657255910046,,,,,,
cbn_unif_gauss,CPC,"{""alpha"": 0.05, ""max_conditioning_set_size"": 3}",20,30,5000,1,2026-07-31_23h23_cbn_unif_gauss/graphs/golden__v20_a30_g1.json,2026-07-31_23h23_cbn_unif_gauss/graphs/CPC__v20_a30_g1_s5000.json,metrics: module 'pyagrum' has no attribute 'StructuralMetrics',221.31510519099538,,,,,,
cbn_unif_gauss,CMIIC,"{""alpha"": 0.05}",20,30,5000,1,2026-07-31_23h23_cbn_unif_gauss/graphs/golden__v20_a30_g1.json,2026-07-31_23h23_cbn_unif_gauss/graphs/CMIIC__v20_a30_g1_s5000.json,metrics: module 'pyagrum' has no attribute 'StructuralMetrics',211.36890996299917,,,,,,
cbn_unif_gauss,CPC,"{""alpha"": 0.05, ""max_conditioning_set_size"": 3}",20,30,200,2,2026-07-31_23h23_cbn_unif_gauss/graphs/golden__v20_a30_g2.json,2026-07-31_23h23_cbn_unif_gauss/graphs/CPC__v20_a30_g2_s200.json,metrics: module 'pyagrum' has no attribute 'StructuralMetrics',0.06463044400152285,,,,,,
cbn_unif_gauss,CMIIC,"{""alpha"": 0.05}",20,30,200,2,2026-07-31_23h23_cbn_unif_gauss/graphs/golden__v20_a30_g2.json,2026-07-31_23h23_cbn_unif_gauss/graphs/CMIIC__v20_a30_g2_s200.json,metrics: module 'pyagrum' has no attribute 'StructuralMetrics',0.45744285100954585,,,,,,
cbn_unif_gauss,CPC,"{""alpha"": 0.05, ""max_conditioning_set_size"": 3}",20,30,500,2,2026-07-31_23h23_cbn_unif_gauss/graphs/golden__v20_a30_g2.json,2026-07-31_23h23_cbn_unif_gauss/graphs/CPC__v20_a30_g2_s500.json,metrics: module 'pyagrum' has no attribute 'StructuralMetrics',0.6888762900052825,,,,,,
cbn_unif_gauss,CMIIC,"{""alpha"": 0.05}",20,30,500,2,2026-07-31_23h23_cbn_unif_gauss/graphs/golden__v20_a30_g2.json,2026-07-31_23h23_cbn_unif_gauss/graphs/CMIIC__v20_a30_g2_s500.json,metrics: module 'pyagrum' has no attribute 'StructuralMetrics',2.1367189980082912,,,,,,
cbn_unif_gauss,CPC,"{""alpha"": 0.05, ""max_conditioning_set_size"": 3}",20,30,1000,2,2026-07-31_23h23_cbn_unif_gauss/graphs/golden__v20_a30_g2.json,2026-07-31_23h23_cbn_unif_gauss/graphs/CPC__v20_a30_g2_s1000.json,metrics: module 'pyagrum' has no attribute 'StructuralMetrics',3.2960880780010484,,,,,,
cbn_unif_gauss,CMIIC,"{""alpha"": 0.05}",20,30,1000,2,2026-07-31_23h23_cbn_unif_gauss/graphs/golden__v20_a30_g2.json,2026-07-31_23h23_cbn_unif_gauss/graphs/CMIIC__v20_a30_g2_s1000.json,metrics: module 'pyagrum' has no attribute 'StructuralMetrics',6.713541901001008,,,,,,
cbn_unif_gauss,CPC,"{""alpha"": 0.05, ""max_conditioning_set_size"": 3}",20,30,3000,2,2026-07-31_23h23_cbn_unif_gauss/graphs/golden__v20_a30_g2.json,2026-07-31_23h23_cbn_unif_gauss/graphs/CPC__v20_a30_g2_s3000.json,metrics: module 'pyagrum' has no attribute 'StructuralMetrics',44.82975696999347,,,,,,
cbn_unif_gauss,CMIIC,"{""alpha"": 0.05}",20,30,3000,2,2026-07-31_23h23_cbn_unif_gauss/graphs/golden__v20_a30_g2.json,2026-07-31_23h23_cbn_unif_gauss/graphs/CMIIC__v20_a30_g2_s3000.json,metrics: module 'pyagrum' has no attribute 'StructuralMetrics',55.88229181000497,,,,,,
cbn_unif_gauss,CPC,"{""alpha"": 0.05, ""max_conditioning_set_size"": 3}",20,30,5000,2,2026-07-31_23h23_cbn_unif_gauss/graphs/golden__v20_a30_g2.json,,[pyAgrum] Partially directed cycle detected: Add a partial directed cycle in a PDAG : between 8 and 13,,,,,,,
cbn_unif_gauss,CMIIC,"{""alpha"": 0.05}",20,30,5000,2,2026-07-31_23h23_cbn_unif_gauss/graphs/golden__v20_a30_g2.json,2026-07-31_23h23_cbn_unif_gauss/graphs/CMIIC__v20_a30_g2_s5000.json,metrics: module 'pyagrum' has no attribute 'StructuralMetrics',150.02471951699408,,,,,,
cbn_unif_gauss,CPC,"{""alpha"": 0.05, ""max_conditioning_set_size"": 3}",20,30,200,3,2026-07-31_23h23_cbn_unif_gauss/graphs/golden__v20_a30_g3.json,2026-07-31_23h23_cbn_unif_gauss/graphs/CPC__v20_a30_g3_s200.json,metrics: module 'pyagrum' has no attribute 'StructuralMetrics',0.09040924700093456,,,,,,
cbn_unif_gauss,CMIIC,"{""alpha"": 0.05}",20,30,200,3,2026-07-31_23h23_cbn_unif_gauss/graphs/golden__v20_a30_g3.json,2026-07-31_23h23_cbn_unif_gauss/graphs/CMIIC__v20_a30_g3_s200.json,metrics: module 'pyagrum' has no attribute 'StructuralMetrics',0.7108817510015797,,,,,,
cbn_unif_gauss,CPC,"{""alpha"": 0.05, ""max_conditioning_set_size"": 3}",20,30,500,3,2026-07-31_23h23_cbn_unif_gauss/graphs/golden__v20_a30_g3.json,2026-07-31_23h23_cbn_unif_gauss/graphs/CPC__v20_a30_g3_s500.json,metrics: module 'pyagrum' has no attribute 'StructuralMetrics',0.9863320269942051,,,,,,
cbn_unif_gauss,CMIIC,"{""alpha"": 0.05}",20,30,500,3,2026-07-31_23h23_cbn_unif_gauss/graphs/golden__v20_a30_g3.json,2026-07-31_23h23_cbn_unif_gauss/graphs/CMIIC__v20_a30_g3_s500.json,metrics: module 'pyagrum' has no attribute 'StructuralMetrics',3.3075676929875044,,,,,,
cbn_unif_gauss,CPC,"{""alpha"": 0.05, ""max_conditioning_set_size"": 3}",20,30,1000,3,2026-07-31_23h23_cbn_unif_gauss/graphs/golden__v20_a30_g3.json,2026-07-31_23h23_cbn_unif_gauss/graphs/CPC__v20_a30_g3_s1000.json,metrics: module 'pyagrum' has no attribute 'StructuralMetrics',5.307577478990424,,,,,,
cbn_unif_gauss,CMIIC,"{""alpha"": 0.05}",20,30,1000,3,2026-07-31_23h23_cbn_unif_gauss/graphs/golden__v20_a30_g3.json,2026-07-31_23h23_cbn_unif_gauss/graphs/CMIIC__v20_a30_g3_s1000.json,metrics: module 'pyagrum' has no attribute 'StructuralMetrics',11.075195696001174,,,,,,
cbn_unif_gauss,CPC,"{""alpha"": 0.05, ""max_conditioning_set_size"": 3}",20,30,3000,3,2026-07-31_23h23_cbn_unif_gauss/graphs/golden__v20_a30_g3.json,2026-07-31_23h23_cbn_unif_gauss/graphs/CPC__v20_a30_g3_s3000.json,metrics: module 'pyagrum' has no attribute 'StructuralMetrics',70.61963751800067,,,,,,
cbn_unif_gauss,CMIIC,"{""alpha"": 0.05}",20,30,3000,3,2026-07-31_23h23_cbn_unif_gauss/graphs/golden__v20_a30_g3.json,2026-07-31_23h23_cbn_unif_gauss/graphs/CMIIC__v20_a30_g3_s3000.json,metrics: module 'pyagrum' has no attribute 'StructuralMetrics',94.9478163409949,,,,,,
cbn_unif_gauss,CPC,"{""alpha"": 0.05, ""max_conditioning_set_size"": 3}",20,30,5000,3,2026-07-31_23h23_cbn_unif_gauss/graphs/golden__v20_a30_g3.json,2026-07-31_23h23_cbn_unif_gauss/graphs/CPC__v20_a30_g3_s5000.json,metrics: module 'pyagrum' has no attribute 'StructuralMetrics',210.01360029399802,,,,,,
cbn_unif_gauss,CMIIC,"{""alpha"": 0.05}",20,30,5000,3,2026-07-31_23h23_cbn_unif_gauss/graphs/golden__v20_a30_g3.json,2026-07-31_23h23_cbn_unif_gauss/graphs/CMIIC__v20_a30_g3_s5000.json,metrics: module 'pyagrum' has no attribute 'StructuralMetrics',268.82417788500607,,,,,,
cbn_unif_gauss,CPC,"{""alpha"": 0.05, ""max_conditioning_set_size"": 3}",20,30,200,4,2026-07-31_23h23_cbn_unif_gauss/graphs/golden__v20_a30_g4.json,2026-07-31_23h23_cbn_unif_gauss/graphs/CPC__v20_a30_g4_s200.json,metrics: module 'pyagrum' has no attribute 'StructuralMetrics',0.06641324899101164,,,,,,
cbn_unif_gauss,CMIIC,"{""alpha"": 0.05}",20,30,200,4,2026-07-31_23h23_cbn_unif_gauss/graphs/golden__v20_a30_g4.json,2026-07-31_23h23_cbn_unif_gauss/graphs/CMIIC__v20_a30_g4_s200.json,metrics: module 'pyagrum' has no attribute 'StructuralMetrics',0.5434788040001877,,,,,,
cbn_unif_gauss,CPC,"{""alpha"": 0.05, ""max_conditioning_set_size"": 3}",20,30,500,4,2026-07-31_23h23_cbn_unif_gauss/graphs/golden__v20_a30_g4.json,2026-07-31_23h23_cbn_unif_gauss/graphs/CPC__v20_a30_g4_s500.json,metrics: module 'pyagrum' has no attribute 'StructuralMetrics',0.6180747159960447,,,,,,
cbn_unif_gauss,CMIIC,"{""alpha"": 0.05}",20,30,500,4,2026-07-31_23h23_cbn_unif_gauss/graphs/golden__v20_a30_g4.json,2026-07-31_23h23_cbn_unif_gauss/graphs/CMIIC__v20_a30_g4_s500.json,metrics: module 'pyagrum' has no attribute 'StructuralMetrics',2.1661545090028085,,,,,,
cbn_unif_gauss,CPC,"{""alpha"": 0.05, ""max_conditioning_set_size"": 3}",20,30,1000,4,2026-07-31_23h23_cbn_unif_gauss/graphs/golden__v20_a30_g4.json,2026-07-31_23h23_cbn_unif_gauss/graphs/CPC__v20_a30_g4_s1000.json,metrics: module 'pyagrum' has no attribute 'StructuralMetrics',2.870094044992584,,,,,,
cbn_unif_gauss,CMIIC,"{""alpha"": 0.05}",20,30,1000,4,2026-07-31_23h23_cbn_unif_gauss/graphs/golden__v20_a30_g4.json,2026-07-31_23h23_cbn_unif_gauss/graphs/CMIIC__v20_a30_g4_s1000.json,metrics: module 'pyagrum' has no attribute 'StructuralMetrics',7.476763963000849,,,,,,
cbn_unif_gauss,CPC,"{""alpha"": 0.05, ""max_conditioning_set_size"": 3}",20,30,3000,4,2026-07-31_23h23_cbn_unif_gauss/graphs/golden__v20_a30_g4.json,2026-07-31_23h23_cbn_unif_gauss/graphs/CPC__v20_a30_g4_s3000.json,metrics: module 'pyagrum' has no attribute 'StructuralMetrics',33.9195384880004,,,,,,
cbn_unif_gauss,CMIIC,"{""alpha"": 0.05}",20,30,3000,4,2026-07-31_23h23_cbn_unif_gauss/graphs/golden__v20_a30_g4.json,2026-07-31_23h23_cbn_unif_gauss/graphs/CMIIC__v20_a30_g4_s3000.json,metrics: module 'pyagrum' has no attribute 'StructuralMetrics',58.9153645089973,,,,,,
cbn_unif_gauss,CPC,"{""alpha"": 0.05, ""max_conditioning_set_size"": 3}",20,30,5000,4,2026-07-31_23h23_cbn_unif_gauss/graphs/golden__v20_a30_g4.json,2026-07-31_23h23_cbn_unif_gauss/graphs/CPC__v20_a30_g4_s5000.json,metrics: module 'pyagrum' has no attribute 'StructuralMetrics',104.7574309019983,,,,,,
cbn_unif_gauss,CMIIC,"{""alpha"": 0.05}",20,30,5000,4,2026-07-31_23h23_cbn_unif_gauss/graphs/golden__v20_a30_g4.json,2026-07-31_23h23_cbn_unif_gauss/graphs/CMIIC__v20_a30_g4_s5000.json,metrics: module 'pyagrum' has no attribute 'StructuralMetrics',155.80373295499885,,,,,,
cbn_unif_gauss,CPC,"{""alpha"": 0.05, ""max_conditioning_set_size"": 3}",20,30,200,5,2026-07-31_23h23_cbn_unif_gauss/graphs/golden__v20_a30_g5.json,2026-07-31_23h23_cbn_unif_gauss/graphs/CPC__v20_a30_g5_s200.json,metrics: module 'pyagrum' has no attribute 'StructuralMetrics',0.06810114500694908,,,,,,
cbn_unif_gauss,CMIIC,"{""alpha"": 0.05}",20,30,200,5,2026-07-31_23h23_cbn_unif_gauss/graphs/golden__v20_a30_g5.json,2026-07-31_23h23_cbn_unif_gauss/graphs/CMIIC__v20_a30_g5_s200.json,metrics: module 'pyagrum' has no attribute 'StructuralMetrics',0.5836908070050413,,,,,,
cbn_unif_gauss,CPC,"{""alpha"": 0.05, ""max_conditioning_set_size"": 3}",20,30,500,5,2026-07-31_23h23_cbn_unif_gauss/graphs/golden__v20_a30_g5.json,2026-07-31_23h23_cbn_unif_gauss/graphs/CPC__v20_a30_g5_s500.json,metrics: module 'pyagrum' has no attribute 'StructuralMetrics',0.8288975910109002,,,,,,
cbn_unif_gauss,CMIIC,"{""alpha"": 0.05}",20,30,500,5,2026-07-31_23h23_cbn_unif_gauss/graphs/golden__v20_a30_g5.json,2026-07-31_23h23_cbn_unif_gauss/graphs/CMIIC__v20_a30_g5_s500.json,metrics: module 'pyagrum' has no attribute 'StructuralMetrics',2.7996178950124886,,,,,,
cbn_unif_gauss,CPC,"{""alpha"": 0.05, ""max_conditioning_set_size"": 3}",20,30,1000,5,2026-07-31_23h23_cbn_unif_gauss/graphs/golden__v20_a30_g5.json,2026-07-31_23h23_cbn_unif_gauss/graphs/CPC__v20_a30_g5_s1000.json,metrics: module 'pyagrum' has no attribute 'StructuralMetrics',4.377293778990861,,,,,,
cbn_unif_gauss,CMIIC,"{""alpha"": 0.05}",20,30,1000,5,2026-07-31_23h23_cbn_unif_gauss/graphs/golden__v20_a30_g5.json,2026-07-31_23h23_cbn_unif_gauss/graphs/CMIIC__v20_a30_g5_s1000.json,metrics: module 'pyagrum' has no attribute 'StructuralMetrics',9.628173271004925,,,,,,
cbn_unif_gauss,CPC,"{""alpha"": 0.05, ""max_conditioning_set_size"": 3}",20,30,3000,5,2026-07-31_23h23_cbn_unif_gauss/graphs/golden__v20_a30_g5.json,2026-07-31_23h23_cbn_unif_gauss/graphs/CPC__v20_a30_g5_s3000.json,metrics: module 'pyagrum' has no attribute 'StructuralMetrics',59.1576379770122,,,,,,
cbn_unif_gauss,CMIIC,"{""alpha"": 0.05}",20,30,3000,5,2026-07-31_23h23_cbn_unif_gauss/graphs/golden__v20_a30_g5.json,2026-07-31_23h23_cbn_unif_gauss/graphs/CMIIC__v20_a30_g5_s3000.json,metrics: module 'pyagrum' has no attribute 'StructuralMetrics',76.0870083859918,,,,,,
cbn_unif_gauss,CPC,"{""alpha"": 0.05, ""max_conditioning_set_size"": 3}",20,30,5000,5,2026-07-31_23h23_cbn_unif_gauss/graphs/golden__v20_a30_g5.json,2026-07-31_23h23_cbn_unif_gauss/graphs/CPC__v20_a30_g5_s5000.json,metrics: module 'pyagrum' has no attribute 'StructuralMetrics',184.66549591699732,,,,,,
cbn_unif_gauss,CMIIC,"{""alpha"": 0.05}",20,30,5000,5,2026-07-31_23h23_cbn_unif_gauss/graphs/golden__v20_a30_g5.json,2026-07-31_23h23_cbn_unif_gauss/graphs/CMIIC__v20_a30_g5_s5000.json,metrics: module 'pyagrum' has no attribute 'StructuralMetrics',216.48022005001258,,,,,,
cbn_unif_gauss,CPC,"{""alpha"": 0.05, ""max_conditioning_set_size"": 3}",20,30,200,6,2026-07-31_23h23_cbn_unif_gauss/graphs/golden__v20_a30_g6.json,2026-07-31_23h23_cbn_unif_gauss/graphs/CPC__v20_a30_g6_s200.json,metrics: module 'pyagrum' has no attribute 'StructuralMetrics',0.09335005399771035,,,,,,
cbn_unif_gauss,CMIIC,"{""alpha"": 0.05}",20,30,200,6,2026-07-31_23h23_cbn_unif_gauss/graphs/golden__v20_a30_g6.json,2026-07-31_23h23_cbn_unif_gauss/graphs/CMIIC__v20_a30_g6_s200.json,metrics: module 'pyagrum' has no attribute 'StructuralMetrics',0.7414647609984968,,,,,,
cbn_unif_gauss,CPC,"{""alpha"": 0.05, ""max_conditioning_set_size"": 3}",20,30,500,6,2026-07-31_23h23_cbn_unif_gauss/graphs/golden__v20_a30_g6.json,2026-07-31_23h23_cbn_unif_gauss/graphs/CPC__v20_a30_g6_s500.json,metrics: module 'pyagrum' has no attribute 'StructuralMetrics',1.1816127700003562,,,,,,
cbn_unif_gauss,CMIIC,"{""alpha"": 0.05}",20,30,500,6,2026-07-31_23h23_cbn_unif_gauss/graphs/golden__v20_a30_g6.json,2026-07-31_23h23_cbn_unif_gauss/graphs/CMIIC__v20_a30_g6_s500.json,metrics: module 'pyagrum' has no attribute 'StructuralMetrics',2.9875246769952355,,,,,,
cbn_unif_gauss,CPC,"{""alpha"": 0.05, ""max_conditioning_set_size"": 3}",20,30,1000,6,2026-07-31_23h23_cbn_unif_gauss/graphs/golden__v20_a30_g6.json,2026-07-31_23h23_cbn_unif_gauss/graphs/CPC__v20_a30_g6_s1000.json,metrics: module 'pyagrum' has no attribute 'StructuralMetrics',6.355293337997864,,,,,,
cbn_unif_gauss,CMIIC,"{""alpha"": 0.05}",20,30,1000,6,2026-07-31_23h23_cbn_unif_gauss/graphs/golden__v20_a30_g6.json,2026-07-31_23h23_cbn_unif_gauss/graphs/CMIIC__v20_a30_g6_s1000.json,metrics: module 'pyagrum' has no attribute 'StructuralMetrics',9.80202110800019,,,,,,
cbn_unif_gauss,CPC,"{""alpha"": 0.05, ""max_conditioning_set_size"": 3}",20,30,3000,6,2026-07-31_23h23_cbn_unif_gauss/graphs/golden__v20_a30_g6.json,2026-07-31_23h23_cbn_unif_gauss/graphs/CPC__v20_a30_g6_s3000.json,metrics: module 'pyagrum' has no attribute 'StructuralMetrics',88.29417245399964,,,,,,
cbn_unif_gauss,CMIIC,"{""alpha"": 0.05}",20,30,3000,6,2026-07-31_23h23_cbn_unif_gauss/graphs/golden__v20_a30_g6.json,2026-07-31_23h23_cbn_unif_gauss/graphs/CMIIC__v20_a30_g6_s3000.json,metrics: module 'pyagrum' has no attribute 'StructuralMetrics',87.183435095998,,,,,,
cbn_unif_gauss,CPC,"{""alpha"": 0.05, ""max_conditioning_set_size"": 3}",20,30,5000,6,2026-07-31_23h23_cbn_unif_gauss/graphs/golden__v20_a30_g6.json,2026-07-31_23h23_cbn_unif_gauss/graphs/CPC__v20_a30_g6_s5000.json,metrics: module 'pyagrum' has no attribute 'StructuralMetrics',296.4122718479921,,,,,,
cbn_unif_gauss,CMIIC,"{""alpha"": 0.05}",20,30,5000,6,2026-07-31_23h23_cbn_unif_gauss/graphs/golden__v20_a30_g6.json,2026-07-31_23h23_cbn_unif_gauss/graphs/CMIIC__v20_a30_g6_s5000.json,metrics: module 'pyagrum' has no attribute 'StructuralMetrics',244.96417747999658,,,,,,
cbn_unif_gauss,CPC,"{""alpha"": 0.05, ""max_conditioning_set_size"": 3}",20,30,200,7,2026-07-31_23h23_cbn_unif_gauss/graphs/golden__v20_a30_g7.json,2026-07-31_23h23_cbn_unif_gauss/graphs/CPC__v20_a30_g7_s200.json,metrics: module 'pyagrum' has no attribute 'StructuralMetrics',0.0654206569888629,,,,,,
cbn_unif_gauss,CMIIC,"{""alpha"": 0.05}",20,30,200,7,2026-07-31_23h23_cbn_unif_gauss/graphs/golden__v20_a30_g7.json,2026-07-31_23h23_cbn_unif_gauss/graphs/CMIIC__v20_a30_g7_s200.json,metrics: module 'pyagrum' has no attribute 'StructuralMetrics',0.47035934300220106,,,,,,
cbn_unif_gauss,CPC,"{""alpha"": 0.05, ""max_conditioning_set_size"": 3}",20,30,500,7,2026-07-31_23h23_cbn_unif_gauss/graphs/golden__v20_a30_g7.json,2026-07-31_23h23_cbn_unif_gauss/graphs/CPC__v20_a30_g7_s500.json,metrics: module 'pyagrum' has no attribute 'StructuralMetrics',0.6345934319979278,,,,,,
cbn_unif_gauss,CMIIC,"{""alpha"": 0.05}",20,30,500,7,2026-07-31_23h23_cbn_unif_gauss/graphs/golden__v20_a30_g7.json,2026-07-31_23h23_cbn_unif_gauss/graphs/CMIIC__v20_a30_g7_s500.json,metrics: module 'pyagrum' has no attribute 'StructuralMetrics',2.141161573003046,,,,,,
cbn_unif_gauss,CPC,"{""alpha"": 0.05, ""max_conditioning_set_size"": 3}",20,30,1000,7,2026-07-31_23h23_cbn_unif_gauss/graphs/golden__v20_a30_g7.json,2026-07-31_23h23_cbn_unif_gauss/graphs/CPC__v20_a30_g7_s1000.json,metrics: module 'pyagrum' has no attribute 'StructuralMetrics',3.0793064769968623,,,,,,
cbn_unif_gauss,CMIIC,"{""alpha"": 0.05}",20,30,1000,7,2026-07-31_23h23_cbn_unif_gauss/graphs/golden__v20_a30_g7.json,2026-07-31_23h23_cbn_unif_gauss/graphs/CMIIC__v20_a30_g7_s1000.json,metrics: module 'pyagrum' has no attribute 'StructuralMetrics',6.94959431400639,,,,,,
cbn_unif_gauss,CPC,"{""alpha"": 0.05, ""max_conditioning_set_size"": 3}",20,30,3000,7,2026-07-31_23h23_cbn_unif_gauss/graphs/golden__v20_a30_g7.json,2026-07-31_23h23_cbn_unif_gauss/graphs/CPC__v20_a30_g7_s3000.json,metrics: module 'pyagrum' has no attribute 'StructuralMetrics',36.49829341498844,,,,,,
cbn_unif_gauss,CMIIC,"{""alpha"": 0.05}",20,30,3000,7,2026-07-31_23h23_cbn_unif_gauss/graphs/golden__v20_a30_g7.json,2026-07-31_23h23_cbn_unif_gauss/graphs/CMIIC__v20_a30_g7_s3000.json,metrics: module 'pyagrum' has no attribute 'StructuralMetrics',60.36171680499683,,,,,,
cbn_unif_gauss,CPC,"{""alpha"": 0.05, ""max_conditioning_set_size"": 3}",20,30,5000,7,2026-07-31_23h23_cbn_unif_gauss/graphs/golden__v20_a30_g7.json,2026-07-31_23h23_cbn_unif_gauss/graphs/CPC__v20_a30_g7_s5000.json,metrics: module 'pyagrum' has no attribute 'StructuralMetrics',105.18927891401108,,,,,,
cbn_unif_gauss,CMIIC,"{""alpha"": 0.05}",20,30,5000,7,2026-07-31_23h23_cbn_unif_gauss/graphs/golden__v20_a30_g7.json,2026-07-31_23h23_cbn_unif_gauss/graphs/CMIIC__v20_a30_g7_s5000.json,metrics: module 'pyagrum' has no attribute 'StructuralMetrics',171.25937619199976,,,,,,
cbn_unif_gauss,CPC,"{""alpha"": 0.05, ""max_conditioning_set_size"": 3}",20,30,200,8,2026-07-31_23h23_cbn_unif_gauss/graphs/golden__v20_a30_g8.json,2026-07-31_23h23_cbn_unif_gauss/graphs/CPC__v20_a30_g8_s200.json,metrics: module 'pyagrum' has no attribute 'StructuralMetrics',0.06653506901056971,,,,,,
cbn_unif_gauss,CMIIC,"{""alpha"": 0.05}",20,30,200,8,2026-07-31_23h23_cbn_unif_gauss/graphs/golden__v20_a30_g8.json,2026-07-31_23h23_cbn_unif_gauss/graphs/CMIIC__v20_a30_g8_s200.json,metrics: module 'pyagrum' has no attribute 'StructuralMetrics',0.510846503006178,,,,,,
cbn_unif_gauss,CPC,"{""alpha"": 0.05, ""max_conditioning_set_size"": 3}",20,30,500,8,2026-07-31_23h23_cbn_unif_gauss/graphs/golden__v20_a30_g8.json,2026-07-31_23h23_cbn_unif_gauss/graphs/CPC__v20_a30_g8_s500.json,metrics: module 'pyagrum' has no attribute 'StructuralMetrics',0.6879558410000755,,,,,,
cbn_unif_gauss,CMIIC,"{""alpha"": 0.05}",20,30,500,8,2026-07-31_23h23_cbn_unif_gauss/graphs/golden__v20_a30_g8.json,2026-07-31_23h23_cbn_unif_gauss/graphs/CMIIC__v20_a30_g8_s500.json,metrics: module 'pyagrum' has no attribute 'StructuralMetrics',2.4194740490056574,,,,,,
cbn_unif_gauss,CPC,"{""alpha"": 0.05, ""max_conditioning_set_size"": 3}",20,30,1000,8,2026-07-31_23h23_cbn_unif_gauss/graphs/golden__v20_a30_g8.json,2026-07-31_23h23_cbn_unif_gauss/graphs/CPC__v20_a30_g8_s1000.json,metrics: module 'pyagrum' has no attribute 'StructuralMetrics',3.309406111991848,,,,,,
cbn_unif_gauss,CMIIC,"{""alpha"": 0.05}",20,30,1000,8,2026-07-31_23h23_cbn_unif_gauss/graphs/golden__v20_a30_g8.json,2026-07-31_23h23_cbn_unif_gauss/graphs/CMIIC__v20_a30_g8_s1000.json,metrics: module 'pyagrum' has no attribute 'StructuralMetrics',7.945974105998175,,,,,,
cbn_unif_gauss,CPC,"{""alpha"": 0.05, ""max_conditioning_set_size"": 3}",20,30,3000,8,2026-07-31_23h23_cbn_unif_gauss/graphs/golden__v20_a30_g8.json,2026-07-31_23h23_cbn_unif_gauss/graphs/CPC__v20_a30_g8_s3000.json,metrics: module 'pyagrum' has no attribute 'StructuralMetrics',44.71736813199823,,,,,,
cbn_unif_gauss,CMIIC,"{""alpha"": 0.05}",20,30,3000,8,2026-07-31_23h23_cbn_unif_gauss/graphs/golden__v20_a30_g8.json,2026-07-31_23h23_cbn_unif_gauss/graphs/CMIIC__v20_a30_g8_s3000.json,metrics: module 'pyagrum' has no attribute 'StructuralMetrics',64.02245934199891,,,,,,
cbn_unif_gauss,CPC,"{""alpha"": 0.05, ""max_conditioning_set_size"": 3}",20,30,5000,8,2026-07-31_23h23_cbn_unif_gauss/graphs/golden__v20_a30_g8.json,,[pyAgrum] Partially directed cycle detected: Add a partial directed cycle in a PDAG : between 12 and 19,,,,,,,
cbn_unif_gauss,CMIIC,"{""alpha"": 0.05}",20,30,5000,8,2026-07-31_23h23_cbn_unif_gauss/graphs/golden__v20_a30_g8.json,2026-07-31_23h23_cbn_unif_gauss/graphs/CMIIC__v20_a30_g8_s5000.json,metrics: module 'pyagrum' has no attribute 'StructuralMetrics',174.79881359700812,,,,,,
cbn_unif_gauss,CPC,"{""alpha"": 0.05, ""max_conditioning_set_size"": 3}",20,30,200,9,2026-07-31_23h23_cbn_unif_gauss/graphs/golden__v20_a30_g9.json,2026-07-31_23h23_cbn_unif_gauss/graphs/CPC__v20_a30_g9_s200.json,metrics: module 'pyagrum' has no attribute 'StructuralMetrics',0.07570856400707271,,,,,,
cbn_unif_gauss,CMIIC,"{""alpha"": 0.05}",20,30,200,9,2026-07-31_23h23_cbn_unif_gauss/graphs/golden__v20_a30_g9.json,2026-07-31_23h23_cbn_unif_gauss/graphs/CMIIC__v20_a30_g9_s200.json,metrics: module 'pyagrum' has no attribute 'StructuralMetrics',0.5826410509907873,,,,,,
cbn_unif_gauss,CPC,"{""alpha"": 0.05, ""max_conditioning_set_size"": 3}",20,30,500,9,2026-07-31_23h23_cbn_unif_gauss/graphs/golden__v20_a30_g9.json,2026-07-31_23h23_cbn_unif_gauss/graphs/CPC__v20_a30_g9_s500.json,metrics: module 'pyagrum' has no attribute 'StructuralMetrics',0.7111672899918631,,,,,,
cbn_unif_gauss,CMIIC,"{""alpha"": 0.05}",20,30,500,9,2026-07-31_23h23_cbn_unif_gauss/graphs/golden__v20_a30_g9.json,2026-07-31_23h23_cbn_unif_gauss/graphs/CMIIC__v20_a30_g9_s500.json,metrics: module 'pyagrum' has no attribute 'StructuralMetrics',2.3431006489990978,,,,,,
cbn_unif_gauss,CPC,"{""alpha"": 0.05, ""max_conditioning_set_size"": 3}",20,30,1000,9,2026-07-31_23h23_cbn_unif_gauss/graphs/golden__v20_a30_g9.json,2026-07-31_23h23_cbn_unif_gauss/graphs/CPC__v20_a30_g9_s1000.json,metrics: module 'pyagrum' has no attribute 'StructuralMetrics',3.3085414199886145,,,,,,
cbn_unif_gauss,CMIIC,"{""alpha"": 0.05}",20,30,1000,9,2026-07-31_23h23_cbn_unif_gauss/graphs/golden__v20_a30_g9.json,2026-07-31_23h23_cbn_unif_gauss/graphs/CMIIC__v20_a30_g9_s1000.json,metrics: module 'pyagrum' has no attribute 'StructuralMetrics',6.997393177996855,,,,,,
cbn_unif_gauss,CPC,"{""alpha"": 0.05, ""max_conditioning_set_size"": 3}",20,30,3000,9,2026-07-31_23h23_cbn_unif_gauss/graphs/golden__v20_a30_g9.json,2026-07-31_23h23_cbn_unif_gauss/graphs/CPC__v20_a30_g9_s3000.json,metrics: module 'pyagrum' has no attribute 'StructuralMetrics',42.728971819000435,,,,,,
cbn_unif_gauss,CMIIC,"{""alpha"": 0.05}",20,30,3000,9,2026-07-31_23h23_cbn_unif_gauss/graphs/golden__v20_a30_g9.json,2026-07-31_23h23_cbn_unif_gauss/graphs/CMIIC__v20_a30_g9_s3000.json,metrics: module 'pyagrum' has no attribute 'StructuralMetrics',65.01088611299929,,,,,,
cbn_unif_gauss,CPC,"{""alpha"": 0.05, ""max_conditioning_set_size"": 3}",20,30,5000,9,2026-07-31_23h23_cbn_unif_gauss/graphs/golden__v20_a30_g9.json,2026-07-31_23h23_cbn_unif_gauss/graphs/CPC__v20_a30_g9_s5000.json,metrics: module 'pyagrum' has no attribute 'StructuralMetrics',132.01764879999973,,,,,,
cbn_unif_gauss,CMIIC,"{""alpha"": 0.05}",20,30,5000,9,2026-07-31_23h23_cbn_unif_gauss/graphs/golden__v20_a30_g9.json,2026-07-31_23h23_cbn_unif_gauss/graphs/CMIIC__v20_a30_g9_s5000.json,metrics: module 'pyagrum' has no attribute 'StructuralMetrics',186.06090153800324,,,,,,
cbn_unif_gauss,CPC,"{""alpha"": 0.05, ""max_conditioning_set_size"": 3}",20,30,200,10,2026-07-31_23h23_cbn_unif_gauss/graphs/golden__v20_a30_g10.json,2026-07-31_23h23_cbn_unif_gauss/graphs/CPC__v20_a30_g10_s200.json,metrics: module 'pyagrum' has no attribute 'StructuralMetrics',0.06954841499100439,,,,,,
cbn_unif_gauss,CMIIC,"{""alpha"": 0.05}",20,30,200,10,2026-07-31_23h23_cbn_unif_gauss/graphs/golden__v20_a30_g10.json,2026-07-31_23h23_cbn_unif_gauss/graphs/CMIIC__v20_a30_g10_s200.json,metrics: module 'pyagrum' has no attribute 'StructuralMetrics',0.5667104249878321,,,,,,
cbn_unif_gauss,CPC,"{""alpha"": 0.05, ""max_conditioning_set_size"": 3}",20,30,500,10,2026-07-31_23h23_cbn_unif_gauss/graphs/golden__v20_a30_g10.json,2026-07-31_23h23_cbn_unif_gauss/graphs/CPC__v20_a30_g10_s500.json,metrics: module 'pyagrum' has no attribute 'StructuralMetrics',0.700023990997579,,,,,,
cbn_unif_gauss,CMIIC,"{""alpha"": 0.05}",20,30,500,10,2026-07-31_23h23_cbn_unif_gauss/graphs/golden__v20_a30_g10.json,2026-07-31_23h23_cbn_unif_gauss/graphs/CMIIC__v20_a30_g10_s500.json,metrics: module 'pyagrum' has no attribute 'StructuralMetrics',2.3587692239962053,,,,,,
cbn_unif_gauss,CPC,"{""alpha"": 0.05, ""max_conditioning_set_size"": 3}",20,30,1000,10,2026-07-31_23h23_cbn_unif_gauss/graphs/golden__v20_a30_g10.json,2026-07-31_23h23_cbn_unif_gauss/graphs/CPC__v20_a30_g10_s1000.json,metrics: module 'pyagrum' has no attribute 'StructuralMetrics',3.734215320000658,,,,,,
cbn_unif_gauss,CMIIC,"{""alpha"": 0.05}",20,30,1000,10,2026-07-31_23h23_cbn_unif_gauss/graphs/golden__v20_a30_g10.json,2026-07-31_23h23_cbn_unif_gauss/graphs/CMIIC__v20_a30_g10_s1000.json,metrics: module 'pyagrum' has no attribute 'StructuralMetrics',8.267174082007841,,,,,,
cbn_unif_gauss,CPC,"{""alpha"": 0.05, ""max_conditioning_set_size"": 3}",20,30,3000,10,2026-07-31_23h23_cbn_unif_gauss/graphs/golden__v20_a30_g10.json,2026-07-31_23h23_cbn_unif_gauss/graphs/CPC__v20_a30_g10_s3000.json,metrics: module 'pyagrum' has no attribute 'StructuralMetrics',54.816576987999724,,,,,,
cbn_unif_gauss,CMIIC,"{""alpha"": 0.05}",20,30,3000,10,2026-07-31_23h23_cbn_unif_gauss/graphs/golden__v20_a30_g10.json,2026-07-31_23h23_cbn_unif_gauss/graphs/CMIIC__v20_a30_g10_s3000.json,metrics: module 'pyagrum' has no attribute 'StructuralMetrics',64.79824586199538,,,,,,
cbn_unif_gauss,CPC,"{""alpha"": 0.05, ""max_conditioning_set_size"": 3}",20,30,5000,10,2026-07-31_23h23_cbn_unif_gauss/graphs/golden__v20_a30_g10.json,2026-07-31_23h23_cbn_unif_gauss/graphs/CPC__v20_a30_g10_s5000.json,metrics: module 'pyagrum' has no attribute 'StructuralMetrics',169.79009699099697,,,,,,
cbn_unif_gauss,CMIIC,"{""alpha"": 0.05}",20,30,5000,10,2026-07-31_23h23_cbn_unif_gauss/graphs/golden__v20_a30_g10.json,2026-07-31_23h23_cbn_unif_gauss/graphs/CMIIC__v20_a30_g10_s5000.json,metrics: module 'pyagrum' has no attribute 'StructuralMetrics',175.15022132800368,,,,,,
cbn_unif_gauss,CPC,"{""alpha"": 0.05, ""max_conditioning_set_size"": 3}",20,30,200,11,2026-07-31_23h23_cbn_unif_gauss/graphs/golden__v20_a30_g11.json,2026-07-31_23h23_cbn_unif_gauss/graphs/CPC__v20_a30_g11_s200.json,metrics: module 'pyagrum' has no attribute 'StructuralMetrics',0.07056011700478848,,,,,,
cbn_unif_gauss,CMIIC,"{""alpha"": 0.05}",20,30,200,11,2026-07-31_23h23_cbn_unif_gauss/graphs/golden__v20_a30_g11.json,2026-07-31_23h23_cbn_unif_gauss/graphs/CMIIC__v20_a30_g11_s200.json,metrics: module 'pyagrum' has no attribute 'StructuralMetrics',0.6910117670049658,,,,,,
cbn_unif_gauss,CPC,"{""alpha"": 0.05, ""max_conditioning_set_size"": 3}",20,30,500,11,2026-07-31_23h23_cbn_unif_gauss/graphs/golden__v20_a30_g11.json,2026-07-31_23h23_cbn_unif_gauss/graphs/CPC__v20_a30_g11_s500.json,metrics: module 'pyagrum' has no attribute 'StructuralMetrics',0.8369016719952924,,,,,,
cbn_unif_gauss,CMIIC,"{""alpha"": 0.05}",20,30,500,11,2026-07-31_23h23_cbn_unif_gauss/graphs/golden__v20_a30_g11.json,2026-07-31_23h23_cbn_unif_gauss/graphs/CMIIC__v20_a30_g11_s500.json,metrics: module 'pyagrum' has no attribute 'StructuralMetrics',2.523515393011621,,,,,,
cbn_unif_gauss,CPC,"{""alpha"": 0.05, ""max_conditioning_set_size"": 3}",20,30,1000,11,2026-07-31_23h23_cbn_unif_gauss/graphs/golden__v20_a30_g11.json,2026-07-31_23h23_cbn_unif_gauss/graphs/CPC__v20_a30_g11_s1000.json,metrics: module 'pyagrum' has no attribute 'StructuralMetrics',5.143349621008383,,,,,,
cbn_unif_gauss,CMIIC,"{""alpha"": 0.05}",20,30,1000,11,2026-07-31_23h23_cbn_unif_gauss/graphs/golden__v20_a30_g11.json,2026-07-31_23h23_cbn_unif_gauss/graphs/CMIIC__v20_a30_g11_s1000.json,metrics: module 'pyagrum' has no attribute 'StructuralMetrics',8.908923916998901,,,,,,
cbn_unif_gauss,CPC,"{""alpha"": 0.05, ""max_conditioning_set_size"": 3}",20,30,3000,11,2026-07-31_23h23_cbn_unif_gauss/graphs/golden__v20_a30_g11.json,2026-07-31_23h23_cbn_unif_gauss/graphs/CPC__v20_a30_g11_s3000.json,metrics: module 'pyagrum' has no attribute 'StructuralMetrics',70.88613445799274,,,,,,
cbn_unif_gauss,CMIIC,"{""alpha"": 0.05}",20,30,3000,11,2026-07-31_23h23_cbn_unif_gauss/graphs/golden__v20_a30_g11.json,2026-07-31_23h23_cbn_unif_gauss/graphs/CMIIC__v20_a30_g11_s3000.json,metrics: module 'pyagrum' has no attribute 'StructuralMetrics',73.4766226530046,,,,,,
cbn_unif_gauss,CPC,"{""alpha"": 0.05, ""max_conditioning_set_size"": 3}",20,30,5000,11,2026-07-31_23h23_cbn_unif_gauss/graphs/golden__v20_a30_g11.json,2026-07-31_23h23_cbn_unif_gauss/graphs/CPC__v20_a30_g11_s5000.json,metrics: module 'pyagrum' has no attribute 'StructuralMetrics',219.5205972840049,,,,,,
cbn_unif_gauss,CMIIC,"{""alpha"": 0.05}",20,30,5000,11,2026-07-31_23h23_cbn_unif_gauss/graphs/golden__v20_a30_g11.json,2026-07-31_23h23_cbn_unif_gauss/graphs/CMIIC__v20_a30_g11_s5000.json,metrics: module 'pyagrum' has no attribute 'StructuralMetrics',185.38363262500206,,,,,,
cbn_unif_gauss,CPC,"{""alpha"": 0.05, ""max_conditioning_set_size"": 3}",20,30,200,12,2026-07-31_23h23_cbn_unif_gauss/graphs/golden__v20_a30_g12.json,2026-07-31_23h23_cbn_unif_gauss/graphs/CPC__v20_a30_g12_s200.json,metrics: module 'pyagrum' has no attribute 'StructuralMetrics',0.07509770200704224,,,,,,
cbn_unif_gauss,CMIIC,"{""alpha"": 0.05}",20,30,200,12,2026-07-31_23h23_cbn_unif_gauss/graphs/golden__v20_a30_g12.json,2026-07-31_23h23_cbn_unif_gauss/graphs/CMIIC__v20_a30_g12_s200.json,metrics: module 'pyagrum' has no attribute 'StructuralMetrics',0.6203911710035754,,,,,,
cbn_unif_gauss,CPC,"{""alpha"": 0.05, ""max_conditioning_set_size"": 3}",20,30,500,12,2026-07-31_23h23_cbn_unif_gauss/graphs/golden__v20_a30_g12.json,2026-07-31_23h23_cbn_unif_gauss/graphs/CPC__v20_a30_g12_s500.json,metrics: module 'pyagrum' has no attribute 'StructuralMetrics',0.823585947000538,,,,,,
cbn_unif_gauss,CMIIC,"{""alpha"": 0.05}",20,30,500,12,2026-07-31_23h23_cbn_unif_gauss/graphs/golden__v20_a30_g12.json,2026-07-31_23h23_cbn_unif_gauss/graphs/CMIIC__v20_a30_g12_s500.json,metrics: module 'pyagrum' has no attribute 'StructuralMetrics',2.6979649660061114,,,,,,
cbn_unif_gauss,CPC,"{""alpha"": 0.05, ""max_conditioning_set_size"": 3}",20,30,1000,12,2026-07-31_23h23_cbn_unif_gauss/graphs/golden__v20_a30_g12.json,2026-07-31_23h23_cbn_unif_gauss/graphs/CPC__v20_a30_g12_s1000.json,metrics: module 'pyagrum' has no attribute 'StructuralMetrics',4.026415404994623,,,,,,
cbn_unif_gauss,CMIIC,"{""alpha"": 0.05}",20,30,1000,12,2026-07-31_23h23_cbn_unif_gauss/graphs/golden__v20_a30_g12.json,2026-07-31_23h23_cbn_unif_gauss/graphs/CMIIC__v20_a30_g12_s1000.json,metrics: module 'pyagrum' has no attribute 'StructuralMetrics',9.130767397000454,,,,,,
cbn_unif_gauss,CPC,"{""alpha"": 0.05, ""max_conditioning_set_size"": 3}",20,30,3000,12,2026-07-31_23h23_cbn_unif_gauss/graphs/golden__v20_a30_g12.json,2026-07-31_23h23_cbn_unif_gauss/graphs/CPC__v20_a30_g12_s3000.json,metrics: module 'pyagrum' has no attribute 'StructuralMetrics',56.03546043900133,,,,,,
cbn_unif_gauss,CMIIC,"{""alpha"": 0.05}",20,30,3000,12,2026-07-31_23h23_cbn_unif_gauss/graphs/golden__v20_a30_g12.json,2026-07-31_23h23_cbn_unif_gauss/graphs/CMIIC__v20_a30_g12_s3000.json,metrics: module 'pyagrum' has no attribute 'StructuralMetrics',75.50094672200794,,,,,,
cbn_unif_gauss,CPC,"{""alpha"": 0.05, ""max_conditioning_set_size"": 3}",20,30,5000,12,2026-07-31_23h23_cbn_unif_gauss/graphs/golden__v20_a30_g12.json,,[pyAgrum] Partially directed cycle detected: Add a partial directed cycle in a PDAG : between 15 and 16,,,,,,,
cbn_unif_gauss,CMIIC,"{""alpha"": 0.05}",20,30,5000,12,2026-07-31_23h23_cbn_unif_gauss/graphs/golden__v20_a30_g12.json,2026-07-31_23h23_cbn_unif_gauss/graphs/CMIIC__v20_a30_g12_s5000.json,metrics: module 'pyagrum' has no attribute 'StructuralMetrics',223.42999813798815,,,,,,
cbn_unif_gauss,CPC,"{""alpha"": 0.05, ""max_conditioning_set_size"": 3}",20,30,200,13,2026-07-31_23h23_cbn_unif_gauss/graphs/golden__v20_a30_g13.json,2026-07-31_23h23_cbn_unif_gauss/graphs/CPC__v20_a30_g13_s200.json,metrics: module 'pyagrum' has no attribute 'StructuralMetrics',0.08483955900010187,,,,,,
cbn_unif_gauss,CMIIC,"{""alpha"": 0.05}",20,30,200,13,2026-07-31_23h23_cbn_unif_gauss/graphs/golden__v20_a30_g13.json,2026-07-31_23h23_cbn_unif_gauss/graphs/CMIIC__v20_a30_g13_s200.json,metrics: module 'pyagrum' has no attribute 'StructuralMetrics',0.6184490559971891,,,,,,
cbn_unif_gauss,CPC,"{""alpha"": 0.05, ""max_conditioning_set_size"": 3}",20,30,500,13,2026-07-31_23h23_cbn_unif_gauss/graphs/golden__v20_a30_g13.json,2026-07-31_23h23_cbn_unif_gauss/graphs/CPC__v20_a30_g13_s500.json,metrics: module 'pyagrum' has no attribute 'StructuralMetrics',0.8317256299924338,,,,,,
cbn_unif_gauss,CMIIC,"{""alpha"": 0.05}",20,30,500,13,2026-07-31_23h23_cbn_unif_gauss/graphs/golden__v20_a30_g13.json,2026-07-31_23h23_cbn_unif_gauss/graphs/CMIIC__v20_a30_g13_s500.json,metrics: module 'pyagrum' has no attribute 'StructuralMetrics',2.8410933900013333,,,,,,
cbn_unif_gauss,CPC,"{""alpha"": 0.05, ""max_conditioning_set_size"": 3}",20,30,1000,13,2026-07-31_23h23_cbn_unif_gauss/graphs/golden__v20_a30_g13.json,2026-07-31_23h23_cbn_unif_gauss/graphs/CPC__v20_a30_g13_s1000.json,metrics: module 'pyagrum' has no attribute 'StructuralMetrics',5.06497138699342,,,,,,
cbn_unif_gauss,CMIIC,"{""alpha"": 0.05}",20,30,1000,13,2026-07-31_23h23_cbn_unif_gauss/graphs/golden__v20_a30_g13.json,2026-07-31_23h23_cbn_unif_gauss/graphs/CMIIC__v20_a30_g13_s1000.json,metrics: module 'pyagrum' has no attribute 'StructuralMetrics',9.0753289389977,,,,,,
cbn_unif_gauss,CPC,"{""alpha"": 0.05, ""max_conditioning_set_size"": 3}",20,30,3000,13,2026-07-31_23h23_cbn_unif_gauss/graphs/golden__v20_a30_g13.json,2026-07-31_23h23_cbn_unif_gauss/graphs/CPC__v20_a30_g13_s3000.json,metrics: module 'pyagrum' has no attribute 'StructuralMetrics',65.29632880199642,,,,,,
cbn_unif_gauss,CMIIC,"{""alpha"": 0.05}",20,30,3000,13,2026-07-31_23h23_cbn_unif_gauss/graphs/golden__v20_a30_g13.json,2026-07-31_23h23_cbn_unif_gauss/graphs/CMIIC__v20_a30_g13_s3000.json,metrics: module 'pyagrum' has no attribute 'StructuralMetrics',72.02954872899863,,,,,,
cbn_unif_gauss,CPC,"{""alpha"": 0.05, ""max_conditioning_set_size"": 3}",20,30,5000,13,2026-07-31_23h23_cbn_unif_gauss/graphs/golden__v20_a30_g13.json,2026-07-31_23h23_cbn_unif_gauss/graphs/CPC__v20_a30_g13_s5000.json,metrics: module 'pyagrum' has no attribute 'StructuralMetrics',206.84094169401214,,,,,,
cbn_unif_gauss,CMIIC,"{""alpha"": 0.05}",20,30,5000,13,2026-07-31_23h23_cbn_unif_gauss/graphs/golden__v20_a30_g13.json,2026-07-31_23h23_cbn_unif_gauss/graphs/CMIIC__v20_a30_g13_s5000.json,metrics: module 'pyagrum' has no attribute 'StructuralMetrics',191.6813327359996,,,,,,
cbn_unif_gauss,CPC,"{""alpha"": 0.05, ""max_conditioning_set_size"": 3}",20,30,200,14,2026-07-31_23h23_cbn_unif_gauss/graphs/golden__v20_a30_g14.json,2026-07-31_23h23_cbn_unif_gauss/graphs/CPC__v20_a30_g14_s200.json,metrics: module 'pyagrum' has no attribute 'StructuralMetrics',0.06969607999781147,,,,,,
cbn_unif_gauss,CMIIC,"{""alpha"": 0.05}",20,30,200,14,2026-07-31_23h23_cbn_unif_gauss/graphs/golden__v20_a30_g14.json,2026-07-31_23h23_cbn_unif_gauss/graphs/CMIIC__v20_a30_g14_s200.json,metrics: module 'pyagrum' has no attribute 'StructuralMetrics',0.5176133320055669,,,,,,
cbn_unif_gauss,CPC,"{""alpha"": 0.05, ""max_conditioning_set_size"": 3}",20,30,500,14,2026-07-31_23h23_cbn_unif_gauss/graphs/golden__v20_a30_g14.json,2026-07-31_23h23_cbn_unif_gauss/graphs/CPC__v20_a30_g14_s500.json,metrics: module 'pyagrum' has no attribute 'StructuralMetrics',0.6971514589968137,,,,,,
cbn_unif_gauss,CMIIC,"{""alpha"": 0.05}",20,30,500,14,2026-07-31_23h23_cbn_unif_gauss/graphs/golden__v20_a30_g14.json,2026-07-31_23h23_cbn_unif_gauss/graphs/CMIIC__v20_a30_g14_s500.json,metrics: module 'pyagrum' has no attribute 'StructuralMetrics',2.352602515005856,,,,,,
cbn_unif_gauss,CPC,"{""alpha"": 0.05, ""max_conditioning_set_size"": 3}",20,30,1000,14,2026-07-31_23h23_cbn_unif_gauss/graphs/golden__v20_a30_g14.json,2026-07-31_23h23_cbn_unif_gauss/graphs/CPC__v20_a30_g14_s1000.json,metrics: module 'pyagrum' has no attribute 'StructuralMetrics',2.937458839995088,,,,,,
cbn_unif_gauss,CMIIC,"{""alpha"": 0.05}",20,30,1000,14,2026-07-31_23h23_cbn_unif_gauss/graphs/golden__v20_a30_g14.json,2026-07-31_23h23_cbn_unif_gauss/graphs/CMIIC__v20_a30_g14_s1000.json,metrics: module 'pyagrum' has no attribute 'StructuralMetrics',7.64240342201083,,,,,,
cbn_unif_gauss,CPC,"{""alpha"": 0.05, ""max_conditioning_set_size"": 3}",20,30,3000,14,2026-07-31_23h23_cbn_unif_gauss/graphs/golden__v20_a30_g14.json,2026-07-31_23h23_cbn_unif_gauss/graphs/CPC__v20_a30_g14_s3000.json,metrics: module 'pyagrum' has no attribute 'StructuralMetrics',38.38648241700139,,,,,,
cbn_unif_gauss,CMIIC,"{""alpha"": 0.05}",20,30,3000,14,2026-07-31_23h23_cbn_unif_gauss/graphs/golden__v20_a30_g14.json,2026-07-31_23h23_cbn_unif_gauss/graphs/CMIIC__v20_a30_g14_s3000.json,metrics: module 'pyagrum' has no attribute 'StructuralMetrics',65.46636994900473,,,,,,
cbn_unif_gauss,CPC,"{""alpha"": 0.05, ""max_conditioning_set_size"": 3}",20,30,5000,14,2026-07-31_23h23_cbn_unif_gauss/graphs/golden__v20_a30_g14.json,2026-07-31_23h23_cbn_unif_gauss/graphs/CPC__v20_a30_g14_s5000.json,metrics: module 'pyagrum' has no attribute 'StructuralMetrics',119.10881956700177,,,,,,
cbn_unif_gauss,CMIIC,"{""alpha"": 0.05}",20,30,5000,14,2026-07-31_23h23_cbn_unif_gauss/graphs/golden__v20_a30_g14.json,2026-07-31_23h23_cbn_unif_gauss/graphs/CMIIC__v20_a30_g14_s5000.json,metrics: module 'pyagrum' has no attribute 'StructuralMetrics',179.7920194150065,,,,,,
cbn_unif_gauss,CPC,"{""alpha"": 0.05, ""max_conditioning_set_size"": 3}",20,30,200,15,2026-07-31_23h23_cbn_unif_gauss/graphs/golden__v20_a30_g15.json,2026-07-31_23h23_cbn_unif_gauss/graphs/CPC__v20_a30_g15_s200.json,metrics: module 'pyagrum' has no attribute 'StructuralMetrics',0.07111672101018485,,,,,,
cbn_unif_gauss,CMIIC,"{""alpha"": 0.05}",20,30,200,15,2026-07-31_23h23_cbn_unif_gauss/graphs/golden__v20_a30_g15.json,2026-07-31_23h23_cbn_unif_gauss/graphs/CMIIC__v20_a30_g15_s200.json,metrics: module 'pyagrum' has no attribute 'StructuralMetrics',0.5773726180050289,,,,,,
cbn_unif_gauss,CPC,"{""alpha"": 0.05, ""max_conditioning_set_size"": 3}",20,30,500,15,2026-07-31_23h23_cbn_unif_gauss/graphs/golden__v20_a30_g15.json,2026-07-31_23h23_cbn_unif_gauss/graphs/CPC__v20_a30_g15_s500.json,metrics: module 'pyagrum' has no attribute 'StructuralMetrics',0.6949418970034458,,,,,,
cbn_unif_gauss,CMIIC,"{""alpha"": 0.05}",20,30,500,15,2026-07-31_23h23_cbn_unif_gauss/graphs/golden__v20_a30_g15.json,2026-07-31_23h23_cbn_unif_gauss/graphs/CMIIC__v20_a30_g15_s500.json,metrics: module 'pyagrum' has no attribute 'StructuralMetrics',2.230246215010993,,,,,,
cbn_unif_gauss,CPC,"{""alpha"": 0.05, ""max_conditioning_set_size"": 3}",20,30,1000,15,2026-07-31_23h23_cbn_unif_gauss/graphs/golden__v20_a30_g15.json,2026-07-31_23h23_cbn_unif_gauss/graphs/CPC__v20_a30_g15_s1000.json,metrics: module 'pyagrum' has no attribute 'StructuralMetrics',3.041771545991651,,,,,,
cbn_unif_gauss,CMIIC,"{""alpha"": 0.05}",20,30,1000,15,2026-07-31_23h23_cbn_unif_gauss/graphs/golden__v20_a30_g15.json,2026-07-31_23h23_cbn_unif_gauss/graphs/CMIIC__v20_a30_g15_s1000.json,metrics: module 'pyagrum' has no attribute 'StructuralMetrics',7.583673275003093,,,,,,
cbn_unif_gauss,CPC,"{""alpha"": 0.05, ""max_conditioning_set_size"": 3}",20,30,3000,15,2026-07-31_23h23_cbn_unif_gauss/graphs/golden__v20_a30_g15.json,2026-07-31_23h23_cbn_unif_gauss/graphs/CPC__v20_a30_g15_s3000.json,metrics: module 'pyagrum' has no attribute 'StructuralMetrics',48.69903799799795,,,,,,
cbn_unif_gauss,CMIIC,"{""alpha"": 0.05}",20,30,3000,15,2026-07-31_23h23_cbn_unif_gauss/graphs/golden__v20_a30_g15.json,2026-07-31_23h23_cbn_unif_gauss/graphs/CMIIC__v20_a30_g15_s3000.json,metrics: module 'pyagrum' has no attribute 'StructuralMetrics',63.99691994499881,,,,,,
cbn_unif_gauss,CPC,"{""alpha"": 0.05, ""max_conditioning_set_size"": 3}",20,30,5000,15,2026-07-31_23h23_cbn_unif_gauss/graphs/golden__v20_a30_g15.json,2026-07-31_23h23_cbn_unif_gauss/graphs/CPC__v20_a30_g15_s5000.json,metrics: module 'pyagrum' has no attribute 'StructuralMetrics',149.05917373400007,,,,,,
cbn_unif_gauss,CMIIC,"{""alpha"": 0.05}",20,30,5000,15,2026-07-31_23h23_cbn_unif_gauss/graphs/golden__v20_a30_g15.json,2026-07-31_23h23_cbn_unif_gauss/graphs/CMIIC__v20_a30_g15_s5000.json,metrics: module 'pyagrum' has no attribute 'StructuralMetrics',175.48924728900602,,,,,,
cbn_unif_gauss,CPC,"{""alpha"": 0.05, ""max_conditioning_set_size"": 3}",20,30,200,16,2026-07-31_23h23_cbn_unif_gauss/graphs/golden__v20_a30_g16.json,2026-07-31_23h23_cbn_unif_gauss/graphs/CPC__v20_a30_g16_s200.json,metrics: module 'pyagrum' has no attribute 'StructuralMetrics',0.09097884201037232,,,,,,
cbn_unif_gauss,CMIIC,"{""alpha"": 0.05}",20,30,200,16,2026-07-31_23h23_cbn_unif_gauss/graphs/golden__v20_a30_g16.json,2026-07-31_23h23_cbn_unif_gauss/graphs/CMIIC__v20_a30_g16_s200.json,metrics: module 'pyagrum' has no attribute 'StructuralMetrics',0.721542679995764,,,,,,
cbn_unif_gauss,CPC,"{""alpha"": 0.05, ""max_conditioning_set_size"": 3}",20,30,500,16,2026-07-31_23h23_cbn_unif_gauss/graphs/golden__v20_a30_g16.json,2026-07-31_23h23_cbn_unif_gauss/graphs/CPC__v20_a30_g16_s500.json,metrics: module 'pyagrum' has no attribute 'StructuralMetrics',1.0055639580095885,,,,,,
cbn_unif_gauss,CMIIC,"{""alpha"": 0.05}",20,30,500,16,2026-07-31_23h23_cbn_unif_gauss/graphs/golden__v20_a30_g16.json,2026-07-31_23h23_cbn_unif_gauss/graphs/CMIIC__v20_a30_g16_s500.json,metrics: module 'pyagrum' has no attribute 'StructuralMetrics',3.1374088779994054,,,,,,
cbn_unif_gauss,CPC,"{""alpha"": 0.05, ""max_conditioning_set_size"": 3}",20,30,1000,16,2026-07-31_23h23_cbn_unif_gauss/graphs/golden__v20_a30_g16.json,2026-07-31_23h23_cbn_unif_gauss/graphs/CPC__v20_a30_g16_s1000.json,metrics: module 'pyagrum' has no attribute 'StructuralMetrics',5.711829794992809,,,,,,
cbn_unif_gauss,CMIIC,"{""alpha"": 0.05}",20,30,1000,16,2026-07-31_23h23_cbn_unif_gauss/graphs/golden__v20_a30_g16.json,2026-07-31_23h23_cbn_unif_gauss/graphs/CMIIC__v20_a30_g16_s1000.json,metrics: module 'pyagrum' has no attribute 'StructuralMetrics',10.33601465600077,,,,,,
cbn_unif_gauss,CPC,"{""alpha"": 0.05, ""max_conditioning_set_size"": 3}",20,30,3000,16,2026-07-31_23h23_cbn_unif_gauss/graphs/golden__v20_a30_g16.json,2026-07-31_23h23_cbn_unif_gauss/graphs/CPC__v20_a30_g16_s3000.json,metrics: module 'pyagrum' has no attribute 'StructuralMetrics',69.05913434900867,,,,,,
cbn_unif_gauss,CMIIC,"{""alpha"": 0.05}",20,30,3000,16,2026-07-31_23h23_cbn_unif_gauss/graphs/golden__v20_a30_g16.json,2026-07-31_23h23_cbn_unif_gauss/graphs/CMIIC__v20_a30_g16_s3000.json,metrics: module 'pyagrum' has no attribute 'StructuralMetrics',87.7731433440058,,,,,,
cbn_unif_gauss,CPC,"{""alpha"": 0.05, ""max_conditioning_set_size"": 3}",20,30,5000,16,2026-07-31_23h23_cbn_unif_gauss/graphs/golden__v20_a30_g16.json,2026-07-31_23h23_cbn_unif_gauss/graphs/CPC__v20_a30_g16_s5000.json,metrics: module 'pyagrum' has no attribute 'StructuralMetrics',230.06669303099625,,,,,,
cbn_unif_gauss,CMIIC,"{""alpha"": 0.05}",20,30,5000,16,2026-07-31_23h23_cbn_unif_gauss/graphs/golden__v20_a30_g16.json,2026-07-31_23h23_cbn_unif_gauss/graphs/CMIIC__v20_a30_g16_s5000.json,metrics: module 'pyagrum' has no attribute 'StructuralMetrics',243.7918565860018,,,,,,
cbn_unif_gauss,CPC,"{""alpha"": 0.05, ""max_conditioning_set_size"": 3}",20,30,200,17,2026-07-31_23h23_cbn_unif_gauss/graphs/golden__v20_a30_g17.json,2026-07-31_23h23_cbn_unif_gauss/graphs/CPC__v20_a30_g17_s200.json,metrics: module 'pyagrum' has no attribute 'StructuralMetrics',0.05648699001176283,,,,,,
cbn_unif_gauss,CMIIC,"{""alpha"": 0.05}",20,30,200,17,2026-07-31_23h23_cbn_unif_gauss/graphs/golden__v20_a30_g17.json,2026-07-31_23h23_cbn_unif_gauss/graphs/CMIIC__v20_a30_g17_s200.json,metrics: module 'pyagrum' has no attribute 'StructuralMetrics',0.3352581300132442,,,,,,
cbn_unif_gauss,CPC,"{""alpha"": 0.05, ""max_conditioning_set_size"": 3}",20,30,500,17,2026-07-31_23h23_cbn_unif_gauss/graphs/golden__v20_a30_g17.json,2026-07-31_23h23_cbn_unif_gauss/graphs/CPC__v20_a30_g17_s500.json,metrics: module 'pyagrum' has no attribute 'StructuralMetrics',0.6479206049989443,,,,,,
cbn_unif_gauss,CMIIC,"{""alpha"": 0.05}",20,30,500,17,2026-07-31_23h23_cbn_unif_gauss/graphs/golden__v20_a30_g17.json,2026-07-31_23h23_cbn_unif_gauss/graphs/CMIIC__v20_a30_g17_s500.json,metrics: module 'pyagrum' has no attribute 'StructuralMetrics',1.9163562769972486,,,,,,
cbn_unif_gauss,CPC,"{""alpha"": 0.05, ""max_conditioning_set_size"": 3}",20,30,1000,17,2026-07-31_23h23_cbn_unif_gauss/graphs/golden__v20_a30_g17.json,2026-07-31_23h23_cbn_unif_gauss/graphs/CPC__v20_a30_g17_s1000.json,metrics: module 'pyagrum' has no attribute 'StructuralMetrics',2.4200891539949225,,,,,,
cbn_unif_gauss,CMIIC,"{""alpha"": 0.05}",20,30,1000,17,2026-07-31_23h23_cbn_unif_gauss/graphs/golden__v20_a30_g17.json,2026-07-31_23h23_cbn_unif_gauss/graphs/CMIIC__v20_a30_g17_s1000.json,metrics: module 'pyagrum' has no attribute 'StructuralMetrics',6.301224604001618,,,,,,
cbn_unif_gauss,CPC,"{""alpha"": 0.05, ""max_conditioning_set_size"": 3}",20,30,3000,17,2026-07-31_23h23_cbn_unif_gauss/graphs/golden__v20_a30_g17.json,2026-07-31_23h23_cbn_unif_gauss/graphs/CPC__v20_a30_g17_s3000.json,metrics: module 'pyagrum' has no attribute 'StructuralMetrics',28.609189428010723,,,,,,
cbn_unif_gauss,CMIIC,"{""alpha"": 0.05}",20,30,3000,17,2026-07-31_23h23_cbn_unif_gauss/graphs/golden__v20_a30_g17.json,2026-07-31_23h23_cbn_unif_gauss/graphs/CMIIC__v20_a30_g17_s3000.json,metrics: module 'pyagrum' has no attribute 'StructuralMetrics',51.33088032399246,,,,,,
cbn_unif_gauss,CPC,"{""alpha"": 0.05, ""max_conditioning_set_size"": 3}",20,30,5000,17,2026-07-31_23h23_cbn_unif_gauss/graphs/golden__v20_a30_g17.json,2026-07-31_23h23_cbn_unif_gauss/graphs/CPC__v20_a30_g17_s5000.json,metrics: module 'pyagrum' has no attribute 'StructuralMetrics',87.63758904099814,,,,,,
cbn_unif_gauss,CMIIC,"{""alpha"": 0.05}",20,30,5000,17,2026-07-31_23h23_cbn_unif_gauss/graphs/golden__v20_a30_g17.json,2026-07-31_23h23_cbn_unif_gauss/graphs/CMIIC__v20_a30_g17_s5000.json,metrics: module 'pyagrum' has no attribute 'StructuralMetrics',140.69617232600285,,,,,,
cbn_unif_gauss,CPC,"{""alpha"": 0.05, ""max_conditioning_set_size"": 3}",20,30,200,18,2026-07-31_23h23_cbn_unif_gauss/graphs/golden__v20_a30_g18.json,2026-07-31_23h23_cbn_unif_gauss/graphs/CPC__v20_a30_g18_s200.json,metrics: module 'pyagrum' has no attribute 'StructuralMetrics',0.08607481399667449,,,,,,
cbn_unif_gauss,CMIIC,"{""alpha"": 0.05}",20,30,200,18,2026-07-31_23h23_cbn_unif_gauss/graphs/golden__v20_a30_g18.json,2026-07-31_23h23_cbn_unif_gauss/graphs/CMIIC__v20_a30_g18_s200.json,metrics: module 'pyagrum' has no attribute 'StructuralMetrics',0.7514131460047793,,,,,,
cbn_unif_gauss,CPC,"{""alpha"": 0.05, ""max_conditioning_set_size"": 3}",20,30,500,18,2026-07-31_23h23_cbn_unif_gauss/graphs/golden__v20_a30_g18.json,2026-07-31_23h23_cbn_unif_gauss/graphs/CPC__v20_a30_g18_s500.json,metrics: module 'pyagrum' has no attribute 'StructuralMetrics',0.8304395360028138,,,,,,
cbn_unif_gauss,CMIIC,"{""alpha"": 0.05}",20,30,500,18,2026-07-31_23h23_cbn_unif_gauss/graphs/golden__v20_a30_g18.json,2026-07-31_23h23_cbn_unif_gauss/graphs/CMIIC__v20_a30_g18_s500.json,metrics: module 'pyagrum' has no attribute 'StructuralMetrics',3.363905884005362,,,,,,
cbn_unif_gauss,CPC,"{""alpha"": 0.05, ""max_conditioning_set_size"": 3}",20,30,1000,18,2026-07-31_23h23_cbn_unif_gauss/graphs/golden__v20_a30_g18.json,2026-07-31_23h23_cbn_unif_gauss/graphs/CPC__v20_a30_g18_s1000.json,metrics: module 'pyagrum' has no attribute 'StructuralMetrics',6.008443700004136,,,,,,
cbn_unif_gauss,CMIIC,"{""alpha"": 0.05}",20,30,1000,18,2026-07-31_23h23_cbn_unif_gauss/graphs/golden__v20_a30_g18.json,2026-07-31_23h23_cbn_unif_gauss/graphs/CMIIC__v20_a30_g18_s1000.json,metrics: module 'pyagrum' has no attribute 'StructuralMetrics',10.787936563006951,,,,,,
cbn_unif_gauss,CPC,"{""alpha"": 0.05, ""max_conditioning_set_size"": 3}",20,30,3000,18,2026-07-31_23h23_cbn_unif_gauss/graphs/golden__v20_a30_g18.json,2026-07-31_23h23_cbn_unif_gauss/graphs/CPC__v20_a30_g18_s3000.json,metrics: module 'pyagrum' has no attribute 'StructuralMetrics',83.77771132299677,,,,,,
cbn_unif_gauss,CMIIC,"{""alpha"": 0.05}",20,30,3000,18,2026-07-31_23h23_cbn_unif_gauss/graphs/golden__v20_a30_g18.json,2026-07-31_23h23_cbn_unif_gauss/graphs/CMIIC__v20_a30_g18_s3000.json,metrics: module 'pyagrum' has no attribute 'StructuralMetrics',92.12582637699961,,,,,,
cbn_unif_gauss,CPC,"{""alpha"": 0.05, ""max_conditioning_set_size"": 3}",20,30,5000,18,2026-07-31_23h23_cbn_unif_gauss/graphs/golden__v20_a30_g18.json,2026-07-31_23h23_cbn_unif_gauss/graphs/CPC__v20_a30_g18_s5000.json,metrics: module 'pyagrum' has no attribute 'StructuralMetrics',271.60200777799764,,,,,,
cbn_unif_gauss,CMIIC,"{""alpha"": 0.05}",20,30,5000,18,2026-07-31_23h23_cbn_unif_gauss/graphs/golden__v20_a30_g18.json,2026-07-31_23h23_cbn_unif_gauss/graphs/CMIIC__v20_a30_g18_s5000.json,metrics: module 'pyagrum' has no attribute 'StructuralMetrics',258.1230744600034,,,,,,
cbn_unif_gauss,CPC,"{""alpha"": 0.05, ""max_conditioning_set_size"": 3}",20,30,200,19,2026-07-31_23h23_cbn_unif_gauss/graphs/golden__v20_a30_g19.json,2026-07-31_23h23_cbn_unif_gauss/graphs/CPC__v20_a30_g19_s200.json,metrics: module 'pyagrum' has no attribute 'StructuralMetrics',0.08250923400919419,,,,,,
cbn_unif_gauss,CMIIC,"{""alpha"": 0.05}",20,30,200,19,2026-07-31_23h23_cbn_unif_gauss/graphs/golden__v20_a30_g19.json,2026-07-31_23h23_cbn_unif_gauss/graphs/CMIIC__v20_a30_g19_s200.json,metrics: module 'pyagrum' has no attribute 'StructuralMetrics',0.6843816930049798,,,,,,
cbn_unif_gauss,CPC,"{""alpha"": 0.05, ""max_conditioning_set_size"": 3}",20,30,500,19,2026-07-31_23h23_cbn_unif_gauss/graphs/golden__v20_a30_g19.json,2026-07-31_23h23_cbn_unif_gauss/graphs/CPC__v20_a30_g19_s500.json,metrics: module 'pyagrum' has no attribute 'StructuralMetrics',0.6900510260020383,,,,,,
cbn_unif_gauss,CMIIC,"{""alpha"": 0.05}",20,30,500,19,2026-07-31_23h23_cbn_unif_gauss/graphs/golden__v20_a30_g19.json,2026-07-31_23h23_cbn_unif_gauss/graphs/CMIIC__v20_a30_g19_s500.json,metrics: module 'pyagrum' has no attribute 'StructuralMetrics',2.8801740189956035,,,,,,
cbn_unif_gauss,CPC,"{""alpha"": 0.05, ""max_conditioning_set_size"": 3}",20,30,1000,19,2026-07-31_23h23_cbn_unif_gauss/graphs/golden__v20_a30_g19.json,2026-07-31_23h23_cbn_unif_gauss/graphs/CPC__v20_a30_g19_s1000.json,metrics: module 'pyagrum' has no attribute 'StructuralMetrics',3.9541482670028927,,,,,,
cbn_unif_gauss,CMIIC,"{""alpha"": 0.05}",20,30,1000,19,2026-07-31_23h23_cbn_unif_gauss/graphs/golden__v20_a30_g19.json,2026-07-31_23h23_cbn_unif_gauss/graphs/CMIIC__v20_a30_g19_s1000.json,metrics: module 'pyagrum' has no attribute 'StructuralMetrics',9.805529216013383,,,,,,
cbn_unif_gauss,CPC,"{""alpha"": 0.05, ""max_conditioning_set_size"": 3}",20,30,3000,19,2026-07-31_23h23_cbn_unif_gauss/graphs/golden__v20_a30_g19.json,2026-07-31_23h23_cbn_unif_gauss/graphs/CPC__v20_a30_g19_s3000.json,metrics: module 'pyagrum' has no attribute 'StructuralMetrics',58.88092633000633,,,,,,
cbn_unif_gauss,CMIIC,"{""alpha"": 0.05}",20,30,3000,19,2026-07-31_23h23_cbn_unif_gauss/graphs/golden__v20_a30_g19.json,2026-07-31_23h23_cbn_unif_gauss/graphs/CMIIC__v20_a30_g19_s3000.json,metrics: module 'pyagrum' has no attribute 'StructuralMetrics',83.42747655599669,,,,,,
cbn_unif_gauss,CPC,"{""alpha"": 0.05, ""max_conditioning_set_size"": 3}",20,30,5000,19,2026-07-31_23h23_cbn_unif_gauss/graphs/golden__v20_a30_g19.json,2026-07-31_23h23_cbn_unif_gauss/graphs/CPC__v20_a30_g19_s5000.json,metrics: module 'pyagrum' has no attribute 'StructuralMetrics',192.35705843199685,,,,,,
cbn_unif_gauss,CMIIC,"{""alpha"": 0.05}",20,30,5000,19,2026-07-31_23h23_cbn_unif_gauss/graphs/golden__v20_a30_g19.json,2026-07-31_23h23_cbn_unif_gauss/graphs/CMIIC__v20_a30_g19_s5000.json,metrics: module 'pyagrum' has no attribute 'StructuralMetrics',236.0202825479937,,,,,,
cbn_unif_gauss,CPC,"{""alpha"": 0.05, ""max_conditioning_set_size"": 3}",20,30,200,20,2026-07-31_23h23_cbn_unif_gauss/graphs/golden__v20_a30_g20.json,2026-07-31_23h23_cbn_unif_gauss/graphs/CPC__v20_a30_g20_s200.json,metrics: module 'pyagrum' has no attribute 'StructuralMetrics',0.07592250600282568,,,,,,
cbn_unif_gauss,CMIIC,"{""alpha"": 0.05}",20,30,200,20,2026-07-31_23h23_cbn_unif_gauss/graphs/golden__v20_a30_g20.json,2026-07-31_23h23_cbn_unif_gauss/graphs/CMIIC__v20_a30_g20_s200.json,metrics: module 'pyagrum' has no attribute 'StructuralMetrics',0.6638987670012284,,,,,,
cbn_unif_gauss,CPC,"{""alpha"": 0.05, ""max_conditioning_set_size"": 3}",20,30,500,20,2026-07-31_23h23_cbn_unif_gauss/graphs/golden__v20_a30_g20.json,2026-07-31_23h23_cbn_unif_gauss/graphs/CPC__v20_a30_g20_s500.json,metrics: module 'pyagrum' has no attribute 'StructuralMetrics',0.7532381829951191,,,,,,
cbn_unif_gauss,CMIIC,"{""alpha"": 0.05}",20,30,500,20,2026-07-31_23h23_cbn_unif_gauss/graphs/golden__v20_a30_g20.json,2026-07-31_23h23_cbn_unif_gauss/graphs/CMIIC__v20_a30_g20_s500.json,metrics: module 'pyagrum' has no attribute 'StructuralMetrics',2.3214477080036886,,,,,,
cbn_unif_gauss,CPC,"{""alpha"": 0.05, ""max_conditioning_set_size"": 3}",20,30,1000,20,2026-07-31_23h23_cbn_unif_gauss/graphs/golden__v20_a30_g20.json,2026-07-31_23h23_cbn_unif_gauss/graphs/CPC__v20_a30_g20_s1000.json,metrics: module 'pyagrum' has no attribute 'StructuralMetrics',4.302338213994517,,,,,,
cbn_unif_gauss,CMIIC,"{""alpha"": 0.05}",20,30,1000,20,2026-07-31_23h23_cbn_unif_gauss/graphs/golden__v20_a30_g20.json,2026-07-31_23h23_cbn_unif_gauss/graphs/CMIIC__v20_a30_g20_s1000.json,metrics: module 'pyagrum' has no attribute 'StructuralMetrics',7.893633728992427,,,,,,
cbn_unif_gauss,CPC,"{""alpha"": 0.05, ""max_conditioning_set_size"": 3}",20,30,3000,20,2026-07-31_23h23_cbn_unif_gauss/graphs/golden__v20_a30_g20.json,2026-07-31_23h23_cbn_unif_gauss/graphs/CPC__v20_a30_g20_s3000.json,metrics: module 'pyagrum' has no attribute 'StructuralMetrics',56.80855578399496,,,,,,
cbn_unif_gauss,CMIIC,"{""alpha"": 0.05}",20,30,3000,20,2026-07-31_23h23_cbn_unif_gauss/graphs/golden__v20_a30_g20.json,2026-07-31_23h23_cbn_unif_gauss/graphs/CMIIC__v20_a30_g20_s3000.json,metrics: module 'pyagrum' has no attribute 'StructuralMetrics',69.92633404300432,,,,,,
cbn_unif_gauss,CPC,"{""alpha"": 0.05, ""max_conditioning_set_size"": 3}",20,30,5000,20,2026-07-31_23h23_cbn_unif_gauss/graphs/golden__v20_a30_g20.json,2026-07-31_23h23_cbn_unif_gauss/graphs/CPC__v20_a30_g20_s5000.json,metrics: module 'pyagrum' has no attribute 'StructuralMetrics',192.68375979500706,,,,,,
cbn_unif_gauss,CMIIC,"{""alpha"": 0.05}",20,30,5000,20,2026-07-31_23h23_cbn_unif_gauss/graphs/golden__v20_a30_g20.json,2026-07-31_23h23_cbn_unif_gauss/graphs/CMIIC__v20_a30_g20_s5000.json,metrics: module 'pyagrum' has no attribute 'StructuralMetrics',207.17442015599227,,,,,,
cbn_unif_gauss,CPC,"{""alpha"": 0.05, ""max_conditioning_set_size"": 3}",20,30,200,21,2026-07-31_23h23_cbn_unif_gauss/graphs/golden__v20_a30_g21.json,2026-07-31_23h23_cbn_unif_gauss/graphs/CPC__v20_a30_g21_s200.json,metrics: module 'pyagrum' has no attribute 'StructuralMetrics',0.08866087198839523,,,,,,
cbn_unif_gauss,CMIIC,"{""alpha"": 0.05}",20,30,200,21,2026-07-31_23h23_cbn_unif_gauss/graphs/golden__v20_a30_g21.json,2026-07-31_23h23_cbn_unif_gauss/graphs/CMIIC__v20_a30_g21_s200.json,metrics: module 'pyagrum' has no attribute 'StructuralMetrics',0.6846703749906737,,,,,,
cbn_unif_gauss,CPC,"{""alpha"": 0.05, ""max_conditioning_set_size"": 3}",20,30,500,21,2026-07-31_23h23_cbn_unif_gauss/graphs/golden__v20_a30_g21.json,2026-07-31_23h23_cbn_unif_gauss/graphs/CPC__v20_a30_g21_s500.json,metrics: module 'pyagrum' has no attribute 'StructuralMetrics',0.7012547089980217,,,,,,
cbn_unif_gauss,CMIIC,"{""alpha"": 0.05}",20,30,500,21,2026-07-31_23h23_cbn_unif_gauss/graphs/golden__v20_a30_g21.json,2026-07-31_23h23_cbn_unif_gauss/graphs/CMIIC__v20_a30_g21_s500.json,metrics: module 'pyagrum' has no attribute 'StructuralMetrics',2.5506939869956113,,,,,,
cbn_unif_gauss,CPC,"{""alpha"": 0.05, ""max_conditioning_set_size"": 3}",20,30,1000,21,2026-07-31_23h23_cbn_unif_gauss/graphs/golden__v20_a30_g21.json,2026-07-31_23h23_cbn_unif_gauss/graphs/CPC__v20_a30_g21_s1000.json,metrics: module 'pyagrum' has no attribute 'StructuralMetrics',3.452599778000149,,,,,,
cbn_unif_gauss,CMIIC,"{""alpha"": 0.05}",20,30,1000,21,2026-07-31_23h23_cbn_unif_gauss/graphs/golden__v20_a30_g21.json,2026-07-31_23h23_cbn_unif_gauss/graphs/CMIIC__v20_a30_g21_s1000.json,metrics: module 'pyagrum' has no attribute 'StructuralMetrics',8.412384045994258,,,,,,
cbn_unif_gauss,CPC,"{""alpha"": 0.05, ""max_conditioning_set_size"": 3}",20,30,3000,21,2026-07-31_23h23_cbn_unif_gauss/graphs/golden__v20_a30_g21.json,2026-07-31_23h23_cbn_unif_gauss/graphs/CPC__v20_a30_g21_s3000.json,metrics: module 'pyagrum' has no attribute 'StructuralMetrics',46.88360781499068,,,,,,
cbn_unif_gauss,CMIIC,"{""alpha"": 0.05}",20,30,3000,21,2026-07-31_23h23_cbn_unif_gauss/graphs/golden__v20_a30_g21.json,2026-07-31_23h23_cbn_unif_gauss/graphs/CMIIC__v20_a30_g21_s3000.json,metrics: module 'pyagrum' has no attribute 'StructuralMetrics',66.81479400901299,,,,,,
cbn_unif_gauss,CPC,"{""alpha"": 0.05, ""max_conditioning_set_size"": 3}",20,30,5000,21,2026-07-31_23h23_cbn_unif_gauss/graphs/golden__v20_a30_g21.json,2026-07-31_23h23_cbn_unif_gauss/graphs/CPC__v20_a30_g21_s5000.json,metrics: module 'pyagrum' has no attribute 'StructuralMetrics',148.31537407600263,,,,,,
cbn_unif_gauss,CMIIC,"{""alpha"": 0.05}",20,30,5000,21,2026-07-31_23h23_cbn_unif_gauss/graphs/golden__v20_a30_g21.json,2026-07-31_23h23_cbn_unif_gauss/graphs/CMIIC__v20_a30_g21_s5000.json,metrics: module 'pyagrum' has no attribute 'StructuralMetrics',181.4401403410011,,,,,,
cbn_unif_gauss,CPC,"{""alpha"": 0.05, ""max_conditioning_set_size"": 3}",20,30,200,22,2026-07-31_23h23_cbn_unif_gauss/graphs/golden__v20_a30_g22.json,2026-07-31_23h23_cbn_unif_gauss/graphs/CPC__v20_a30_g22_s200.json,metrics: module 'pyagrum' has no attribute 'StructuralMetrics',0.07395509499474429,,,,,,
cbn_unif_gauss,CMIIC,"{""alpha"": 0.05}",20,30,200,22,2026-07-31_23h23_cbn_unif_gauss/graphs/golden__v20_a30_g22.json,2026-07-31_23h23_cbn_unif_gauss/graphs/CMIIC__v20_a30_g22_s200.json,metrics: module 'pyagrum' has no attribute 'StructuralMetrics',0.63779413899465,,,,,,
cbn_unif_gauss,CPC,"{""alpha"": 0.05, ""max_conditioning_set_size"": 3}",20,30,500,22,2026-07-31_23h23_cbn_unif_gauss/graphs/golden__v20_a30_g22.json,2026-07-31_23h23_cbn_unif_gauss/graphs/CPC__v20_a30_g22_s500.json,metrics: module 'pyagrum' has no attribute 'StructuralMetrics',0.7787078659894178,,,,,,
cbn_unif_gauss,CMIIC,"{""alpha"": 0.05}",20,30,500,22,2026-07-31_23h23_cbn_unif_gauss/graphs/golden__v20_a30_g22.json,2026-07-31_23h23_cbn_unif_gauss/graphs/CMIIC__v20_a30_g22_s500.json,metrics: module 'pyagrum' has no attribute 'StructuralMetrics',2.4632363990094746,,,,,,
cbn_unif_gauss,CPC,"{""alpha"": 0.05, ""max_conditioning_set_size"": 3}",20,30,1000,22,2026-07-31_23h23_cbn_unif_gauss/graphs/golden__v20_a30_g22.json,2026-07-31_23h23_cbn_unif_gauss/graphs/CPC__v20_a30_g22_s1000.json,metrics: module 'pyagrum' has no attribute 'StructuralMetrics',3.9996653140115086,,,,,,
cbn_unif_gauss,CMIIC,"{""alpha"": 0.05}",20,30,1000,22,2026-07-31_23h23_cbn_unif_gauss/graphs/golden__v20_a30_g22.json,2026-07-31_23h23_cbn_unif_gauss/graphs/CMIIC__v20_a30_g22_s1000.json,metrics: module 'pyagrum' has no attribute 'StructuralMetrics',8.554473500000313,,,,,,
cbn_unif_gauss,CPC,"{""alpha"": 0.05, ""max_conditioning_set_size"": 3}",20,30,3000,22,2026-07-31_23h23_cbn_unif_gauss/graphs/golden__v20_a30_g22.json,2026-07-31_23h23_cbn_unif_gauss/graphs/CPC__v20_a30_g22_s3000.json,metrics: module 'pyagrum' has no attribute 'StructuralMetrics',55.032272678014124,,,,,,
cbn_unif_gauss,CMIIC,"{""alpha"": 0.05}",20,30,3000,22,2026-07-31_23h23_cbn_unif_gauss/graphs/golden__v20_a30_g22.json,2026-07-31_23h23_cbn_unif_gauss/graphs/CMIIC__v20_a30_g22_s3000.json,metrics: module 'pyagrum' has no attribute 'StructuralMetrics',67.09448644799704,,,,,,
cbn_unif_gauss,CPC,"{""alpha"": 0.05, ""max_conditioning_set_size"": 3}",20,30,5000,22,2026-07-31_23h23_cbn_unif_gauss/graphs/golden__v20_a30_g22.json,2026-07-31_23h23_cbn_unif_gauss/graphs/CPC__v20_a30_g22_s5000.json,metrics: module 'pyagrum' has no attribute 'StructuralMetrics',168.95326133599156,,,,,,
cbn_unif_gauss,CMIIC,"{""alpha"": 0.05}",20,30,5000,22,2026-07-31_23h23_cbn_unif_gauss/graphs/golden__v20_a30_g22.json,2026-07-31_23h23_cbn_unif_gauss/graphs/CMIIC__v20_a30_g22_s5000.json,metrics: module 'pyagrum' has no attribute 'StructuralMetrics',180.93236034399888,,,,,,
cbn_unif_gauss,CPC,"{""alpha"": 0.05, ""max_conditioning_set_size"": 3}",20,30,200,23,2026-07-31_23h23_cbn_unif_gauss/graphs/golden__v20_a30_g23.json,2026-07-31_23h23_cbn_unif_gauss/graphs/CPC__v20_a30_g23_s200.json,metrics: module 'pyagrum' has no attribute 'StructuralMetrics',0.07732394398772158,,,,,,
cbn_unif_gauss,CMIIC,"{""alpha"": 0.05}",20,30,200,23,2026-07-31_23h23_cbn_unif_gauss/graphs/golden__v20_a30_g23.json,2026-07-31_23h23_cbn_unif_gauss/graphs/CMIIC__v20_a30_g23_s200.json,metrics: module 'pyagrum' has no attribute 'StructuralMetrics',0.6542087830021046,,,,,,
cbn_unif_gauss,CPC,"{""alpha"": 0.05, ""max_conditioning_set_size"": 3}",20,30,500,23,2026-07-31_23h23_cbn_unif_gauss/graphs/golden__v20_a30_g23.json,2026-07-31_23h23_cbn_unif_gauss/graphs/CPC__v20_a30_g23_s500.json,metrics: module 'pyagrum' has no attribute 'StructuralMetrics',0.9009201419976307,,,,,,
cbn_unif_gauss,CMIIC,"{""alpha"": 0.05}",20,30,500,23,2026-07-31_23h23_cbn_unif_gauss/graphs/golden__v20_a30_g23.json,2026-07-31_23h23_cbn_unif_gauss/graphs/CMIIC__v20_a30_g23_s500.json,metrics: module 'pyagrum' has no attribute 'StructuralMetrics',2.4579925629950594,,,,,,
cbn_unif_gauss,CPC,"{""alpha"": 0.05, ""max_conditioning_set_size"": 3}",20,30,1000,23,2026-07-31_23h23_cbn_unif_gauss/graphs/golden__v20_a30_g23.json,2026-07-31_23h23_cbn_unif_gauss/graphs/CPC__v20_a30_g23_s1000.json,metrics: module 'pyagrum' has no attribute 'StructuralMetrics',4.225582920000306,,,,,,
cbn_unif_gauss,CMIIC,"{""alpha"": 0.05}",20,30,1000,23,2026-07-31_23h23_cbn_unif_gauss/graphs/golden__v20_a30_g23.json,2026-07-31_23h23_cbn_unif_gauss/graphs/CMIIC__v20_a30_g23_s1000.json,metrics: module 'pyagrum' has no attribute 'StructuralMetrics',8.393748436996248,,,,,,
cbn_unif_gauss,CPC,"{""alpha"": 0.05, ""max_conditioning_set_size"": 3}",20,30,3000,23,2026-07-31_23h23_cbn_unif_gauss/graphs/golden__v20_a30_g23.json,2026-07-31_23h23_cbn_unif_gauss/graphs/CPC__v20_a30_g23_s3000.json,metrics: module 'pyagrum' has no attribute 'StructuralMetrics',59.338674958999036,,,,,,
cbn_unif_gauss,CMIIC,"{""alpha"": 0.05}",20,30,3000,23,2026-07-31_23h23_cbn_unif_gauss/graphs/golden__v20_a30_g23.json,2026-07-31_23h23_cbn_unif_gauss/graphs/CMIIC__v20_a30_g23_s3000.json,metrics: module 'pyagrum' has no attribute 'StructuralMetrics',72.1860838880093,,,,,,
cbn_unif_gauss,CPC,"{""alpha"": 0.05, ""max_conditioning_set_size"": 3}",20,30,5000,23,2026-07-31_23h23_cbn_unif_gauss/graphs/golden__v20_a30_g23.json,2026-07-31_23h23_cbn_unif_gauss/graphs/CPC__v20_a30_g23_s5000.json,metrics: module 'pyagrum' has no attribute 'StructuralMetrics',189.22900521098927,,,,,,
cbn_unif_gauss,CMIIC,"{""alpha"": 0.05}",20,30,5000,23,2026-07-31_23h23_cbn_unif_gauss/graphs/golden__v20_a30_g23.json,2026-07-31_23h23_cbn_unif_gauss/graphs/CMIIC__v20_a30_g23_s5000.json,metrics: module 'pyagrum' has no attribute 'StructuralMetrics',204.39374899600807,,,,,,
cbn_unif_gauss,CPC,"{""alpha"": 0.05, ""max_conditioning_set_size"": 3}",20,30,200,24,2026-07-31_23h23_cbn_unif_gauss/graphs/golden__v20_a30_g24.json,2026-07-31_23h23_cbn_unif_gauss/graphs/CPC__v20_a30_g24_s200.json,metrics: module 'pyagrum' has no attribute 'StructuralMetrics',0.07087192199833225,,,,,,
cbn_unif_gauss,CMIIC,"{""alpha"": 0.05}",20,30,200,24,2026-07-31_23h23_cbn_unif_gauss/graphs/golden__v20_a30_g24.json,2026-07-31_23h23_cbn_unif_gauss/graphs/CMIIC__v20_a30_g24_s200.json,metrics: module 'pyagrum' has no attribute 'StructuralMetrics',0.5837443450000137,,,,,,
cbn_unif_gauss,CPC,"{""alpha"": 0.05, ""max_conditioning_set_size"": 3}",20,30,500,24,2026-07-31_23h23_cbn_unif_gauss/graphs/golden__v20_a30_g24.json,2026-07-31_23h23_cbn_unif_gauss/graphs/CPC__v20_a30_g24_s500.json,metrics: module 'pyagrum' has no attribute 'StructuralMetrics',0.6530613810027717,,,,,,
cbn_unif_gauss,CMIIC,"{""alpha"": 0.05}",20,30,500,24,2026-07-31_23h23_cbn_unif_gauss/graphs/golden__v20_a30_g24.json,2026-07-31_23h23_cbn_unif_gauss/graphs/CMIIC__v20_a30_g24_s500.json,metrics: module 'pyagrum' has no attribute 'StructuralMetrics',2.4320976699964376,,,,,,
cbn_unif_gauss,CPC,"{""alpha"": 0.05, ""max_conditioning_set_size"": 3}",20,30,1000,24,2026-07-31_23h23_cbn_unif_gauss/graphs/golden__v20_a30_g24.json,2026-07-31_23h23_cbn_unif_gauss/graphs/CPC__v20_a30_g24_s1000.json,metrics: module 'pyagrum' has no attribute 'StructuralMetrics',3.42048296899884,,,,,,
cbn_unif_gauss,CMIIC,"{""alpha"": 0.05}",20,30,1000,24,2026-07-31_23h23_cbn_unif_gauss/graphs/golden__v20_a30_g24.json,2026-07-31_23h23_cbn_unif_gauss/graphs/CMIIC__v20_a30_g24_s1000.json,metrics: module 'pyagrum' has no attribute 'StructuralMetrics',8.330397880999953,,,,,,
cbn_unif_gauss,CPC,"{""alpha"": 0.05, ""max_conditioning_set_size"": 3}",20,30,3000,24,2026-07-31_23h23_cbn_unif_gauss/graphs/golden__v20_a30_g24.json,2026-07-31_23h23_cbn_unif_gauss/graphs/CPC__v20_a30_g24_s3000.json,metrics: module 'pyagrum' has no attribute 'StructuralMetrics',41.11909516299784,,,,,,
cbn_unif_gauss,CMIIC,"{""alpha"": 0.05}",20,30,3000,24,2026-07-31_23h23_cbn_unif_gauss/graphs/golden__v20_a30_g24.json,2026-07-31_23h23_cbn_unif_gauss/graphs/CMIIC__v20_a30_g24_s3000.json,metrics: module 'pyagrum' has no attribute 'StructuralMetrics',67.43855200801045,,,,,,
cbn_unif_gauss,CPC,"{""alpha"": 0.05, ""max_conditioning_set_size"": 3}",20,30,5000,24,2026-07-31_23h23_cbn_unif_gauss/graphs/golden__v20_a30_g24.json,2026-07-31_23h23_cbn_unif_gauss/graphs/CPC__v20_a30_g24_s5000.json,metrics: module 'pyagrum' has no attribute 'StructuralMetrics',124.64656273998844,,,,,,
cbn_unif_gauss,CMIIC,"{""alpha"": 0.05}",20,30,5000,24,2026-07-31_23h23_cbn_unif_gauss/graphs/golden__v20_a30_g24.json,2026-07-31_23h23_cbn_unif_gauss/graphs/CMIIC__v20_a30_g24_s5000.json,metrics: module 'pyagrum' has no attribute 'StructuralMetrics',191.57794941899192,,,,,,
cbn_unif_gauss,CPC,"{""alpha"": 0.05, ""max_conditioning_set_size"": 3}",20,30,200,25,2026-07-31_23h23_cbn_unif_gauss/graphs/golden__v20_a30_g25.json,2026-07-31_23h23_cbn_unif_gauss/graphs/CPC__v20_a30_g25_s200.json,metrics: module 'pyagrum' has no attribute 'StructuralMetrics',0.07884684100281447,,,,,,
cbn_unif_gauss,CMIIC,"{""alpha"": 0.05}",20,30,200,25,2026-07-31_23h23_cbn_unif_gauss/graphs/golden__v20_a30_g25.json,2026-07-31_23h23_cbn_unif_gauss/graphs/CMIIC__v20_a30_g25_s200.json,metrics: module 'pyagrum' has no attribute 'StructuralMetrics',0.6750576780032134,,,,,,
cbn_unif_gauss,CPC,"{""alpha"": 0.05, ""max_conditioning_set_size"": 3}",20,30,500,25,2026-07-31_23h23_cbn_unif_gauss/graphs/golden__v20_a30_g25.json,2026-07-31_23h23_cbn_unif_gauss/graphs/CPC__v20_a30_g25_s500.json,metrics: module 'pyagrum' has no attribute 'StructuralMetrics',0.8342819520039484,,,,,,
cbn_unif_gauss,CMIIC,"{""alpha"": 0.05}",20,30,500,25,2026-07-31_23h23_cbn_unif_gauss/graphs/golden__v20_a30_g25.json,2026-07-31_23h23_cbn_unif_gauss/graphs/CMIIC__v20_a30_g25_s500.json,metrics: module 'pyagrum' has no attribute 'StructuralMetrics',2.557586550989072,,,,,,
cbn_unif_gauss,CPC,"{""alpha"": 0.05, ""max_conditioning_set_size"": 3}",20,30,1000,25,2026-07-31_23h23_cbn_unif_gauss/graphs/golden__v20_a30_g25.json,2026-07-31_23h23_cbn_unif_gauss/graphs/CPC__v20_a30_g25_s1000.json,metrics: module 'pyagrum' has no attribute 'StructuralMetrics',4.606466243989416,,,,,,
cbn_unif_gauss,CMIIC,"{""alpha"": 0.05}",20,30,1000,25,2026-07-31_23h23_cbn_unif_gauss/graphs/golden__v20_a30_g25.json,2026-07-31_23h23_cbn_unif_gauss/graphs/CMIIC__v20_a30_g25_s1000.json,metrics: module 'pyagrum' has no attribute 'StructuralMetrics',9.100087037004414,,,,,,
cbn_unif_gauss,CPC,"{""alpha"": 0.05, ""max_conditioning_set_size"": 3}",20,30,3000,25,2026-07-31_23h23_cbn_unif_gauss/graphs/golden__v20_a30_g25.json,2026-07-31_23h23_cbn_unif_gauss/graphs/CPC__v20_a30_g25_s3000.json,metrics: module 'pyagrum' has no attribute 'StructuralMetrics',63.30174354399787,,,,,,
cbn_unif_gauss,CMIIC,"{""alpha"": 0.05}",20,30,3000,25,2026-07-31_23h23_cbn_unif_gauss/graphs/golden__v20_a30_g25.json,2026-07-31_23h23_cbn_unif_gauss/graphs/CMIIC__v20_a30_g25_s3000.json,metrics: module 'pyagrum' has no attribute 'StructuralMetrics',78.21782438301307,,,,,,
cbn_unif_gauss,CPC,"{""alpha"": 0.05, ""max_conditioning_set_size"": 3}",20,30,5000,25,2026-07-31_23h23_cbn_unif_gauss/graphs/golden__v20_a30_g25.json,2026-07-31_23h23_cbn_unif_gauss/graphs/CPC__v20_a30_g25_s5000.json,metrics: module 'pyagrum' has no attribute 'StructuralMetrics',194.09041010800865,,,,,,
cbn_unif_gauss,CMIIC,"{""alpha"": 0.05}",20,30,5000,25,2026-07-31_23h23_cbn_unif_gauss/graphs/golden__v20_a30_g25.json,2026-07-31_23h23_cbn_unif_gauss/graphs/CMIIC__v20_a30_g25_s5000.json,metrics: module 'pyagrum' has no attribute 'StructuralMetrics',216.71625392900023,,,,,,
cbn_unif_gauss,CPC,"{""alpha"": 0.05, ""max_conditioning_set_size"": 3}",20,30,200,26,2026-07-31_23h23_cbn_unif_gauss/graphs/golden__v20_a30_g26.json,2026-07-31_23h23_cbn_unif_gauss/graphs/CPC__v20_a30_g26_s200.json,metrics: module 'pyagrum' has no attribute 'StructuralMetrics',0.08499319400289096,,,,,,
cbn_unif_gauss,CMIIC,"{""alpha"": 0.05}",20,30,200,26,2026-07-31_23h23_cbn_unif_gauss/graphs/golden__v20_a30_g26.json,2026-07-31_23h23_cbn_unif_gauss/graphs/CMIIC__v20_a30_g26_s200.json,metrics: module 'pyagrum' has no attribute 'StructuralMetrics',0.7813755249953829,,,,,,
cbn_unif_gauss,CPC,"{""alpha"": 0.05, ""max_conditioning_set_size"": 3}",20,30,500,26,2026-07-31_23h23_cbn_unif_gauss/graphs/golden__v20_a30_g26.json,2026-07-31_23h23_cbn_unif_gauss/graphs/CPC__v20_a30_g26_s500.json,metrics: module 'pyagrum' has no attribute 'StructuralMetrics',0.8560311210021609,,,,,,
cbn_unif_gauss,CMIIC,"{""alpha"": 0.05}",20,30,500,26,2026-07-31_23h23_cbn_unif_gauss/graphs/golden__v20_a30_g26.json,2026-07-31_23h23_cbn_unif_gauss/graphs/CMIIC__v20_a30_g26_s500.json,metrics: module 'pyagrum' has no attribute 'StructuralMetrics',2.997825947997626,,,,,,
cbn_unif_gauss,CPC,"{""alpha"": 0.05, ""max_conditioning_set_size"": 3}",20,30,1000,26,2026-07-31_23h23_cbn_unif_gauss/graphs/golden__v20_a30_g26.json,2026-07-31_23h23_cbn_unif_gauss/graphs/CPC__v20_a30_g26_s1000.json,metrics: module 'pyagrum' has no attribute 'StructuralMetrics',4.520522177001112,,,,,,
cbn_unif_gauss,CMIIC,"{""alpha"": 0.05}",20,30,1000,26,2026-07-31_23h23_cbn_unif_gauss/graphs/golden__v20_a30_g26.json,2026-07-31_23h23_cbn_unif_gauss/graphs/CMIIC__v20_a30_g26_s1000.json,metrics: module 'pyagrum' has no attribute 'StructuralMetrics',10.714819738001097,,,,,,
cbn_unif_gauss,CPC,"{""alpha"": 0.05, ""max_conditioning_set_size"": 3}",20,30,3000,26,2026-07-31_23h23_cbn_unif_gauss/graphs/golden__v20_a30_g26.json,2026-07-31_23h23_cbn_unif_gauss/graphs/CPC__v20_a30_g26_s3000.json,metrics: module 'pyagrum' has no attribute 'StructuralMetrics',59.96825679700123,,,,,,
cbn_unif_gauss,CMIIC,"{""alpha"": 0.05}",20,30,3000,26,2026-07-31_23h23_cbn_unif_gauss/graphs/golden__v20_a30_g26.json,2026-07-31_23h23_cbn_unif_gauss/graphs/CMIIC__v20_a30_g26_s3000.json,metrics: module 'pyagrum' has no attribute 'StructuralMetrics',89.78631199299707,,,,,,
cbn_unif_gauss,CPC,"{""alpha"": 0.05, ""max_conditioning_set_size"": 3}",20,30,5000,26,2026-07-31_23h23_cbn_unif_gauss/graphs/golden__v20_a30_g26.json,2026-07-31_23h23_cbn_unif_gauss/graphs/CPC__v20_a30_g26_s5000.json,metrics: module 'pyagrum' has no attribute 'StructuralMetrics',185.1199783750053,,,,,,
cbn_unif_gauss,CMIIC,"{""alpha"": 0.05}",20,30,5000,26,2026-07-31_23h23_cbn_unif_gauss/graphs/golden__v20_a30_g26.json,2026-07-31_23h23_cbn_unif_gauss/graphs/CMIIC__v20_a30_g26_s5000.json,metrics: module 'pyagrum' has no attribute 'StructuralMetrics',248.69030018500052,,,,,,
cbn_unif_gauss,CPC,"{""alpha"": 0.05, ""max_conditioning_set_size"": 3}",20,30,200,27,2026-07-31_23h23_cbn_unif_gauss/graphs/golden__v20_a30_g27.json,2026-07-31_23h23_cbn_unif_gauss/graphs/CPC__v20_a30_g27_s200.json,metrics: module 'pyagrum' has no attribute 'StructuralMetrics',0.07208883699786384,,,,,,
cbn_unif_gauss,CMIIC,"{""alpha"": 0.05}",20,30,200,27,2026-07-31_23h23_cbn_unif_gauss/graphs/golden__v20_a30_g27.json,2026-07-31_23h23_cbn_unif_gauss/graphs/CMIIC__v20_a30_g27_s200.json,metrics: module 'pyagrum' has no attribute 'StructuralMetrics',0.6087251849967288,,,,,,
cbn_unif_gauss,CPC,"{""alpha"": 0.05, ""max_conditioning_set_size"": 3}",20,30,500,27,2026-07-31_23h23_cbn_unif_gauss/graphs/golden__v20_a30_g27.json,2026-07-31_23h23_cbn_unif_gauss/graphs/CPC__v20_a30_g27_s500.json,metrics: module 'pyagrum' has no attribute 'StructuralMetrics',0.8616472680005245,,,,,,
cbn_unif_gauss,CMIIC,"{""alpha"": 0.05}",20,30,500,27,2026-07-31_23h23_cbn_unif_gauss/graphs/golden__v20_a30_g27.json,2026-07-31_23h23_cbn_unif_gauss/graphs/CMIIC__v20_a30_g27_s500.json,metrics: module 'pyagrum' has no attribute 'StructuralMetrics',2.805645303989877,,,,,,
cbn_unif_gauss,CPC,"{""alpha"": 0.05, ""max_conditioning_set_size"": 3}",20,30,1000,27,2026-07-31_23h23_cbn_unif_gauss/graphs/golden__v20_a30_g27.json,2026-07-31_23h23_cbn_unif_gauss/graphs/CPC__v20_a30_g27_s1000.json,metrics: module 'pyagrum' has no attribute 'StructuralMetrics',3.88085308499285,,,,,,
cbn_unif_gauss,CMIIC,"{""alpha"": 0.05}",20,30,1000,27,2026-07-31_23h23_cbn_unif_gauss/graphs/golden__v20_a30_g27.json,2026-07-31_23h23_cbn_unif_gauss/graphs/CMIIC__v20_a30_g27_s1000.json,metrics: module 'pyagrum' has no attribute 'StructuralMetrics',9.294876988991746,,,,,,
cbn_unif_gauss,CPC,"{""alpha"": 0.05, ""max_conditioning_set_size"": 3}",20,30,3000,27,2026-07-31_23h23_cbn_unif_gauss/graphs/golden__v20_a30_g27.json,2026-07-31_23h23_cbn_unif_gauss/graphs/CPC__v20_a30_g27_s3000.json,metrics: module 'pyagrum' has no attribute 'StructuralMetrics',54.28573703501024,,,,,,
cbn_unif_gauss,CMIIC,"{""alpha"": 0.05}",20,30,3000,27,2026-07-31_23h23_cbn_unif_gauss/graphs/golden__v20_a30_g27.json,2026-07-31_23h23_cbn_unif_gauss/graphs/CMIIC__v20_a30_g27_s3000.json,metrics: module 'pyagrum' has no attribute 'StructuralMetrics',77.36894994099566,,,,,,
cbn_unif_gauss,CPC,"{""alpha"": 0.05, ""max_conditioning_set_size"": 3}",20,30,5000,27,2026-07-31_23h23_cbn_unif_gauss/graphs/golden__v20_a30_g27.json,2026-07-31_23h23_cbn_unif_gauss/graphs/CPC__v20_a30_g27_s5000.json,metrics: module 'pyagrum' has no attribute 'StructuralMetrics',171.20807302599133,,,,,,
cbn_unif_gauss,CMIIC,"{""alpha"": 0.05}",20,30,5000,27,2026-07-31_23h23_cbn_unif_gauss/graphs/golden__v20_a30_g27.json,2026-07-31_23h23_cbn_unif_gauss/graphs/CMIIC__v20_a30_g27_s5000.json,metrics: module 'pyagrum' has no attribute 'StructuralMetrics',213.8508072429977,,,,,,
cbn_unif_gauss,CPC,"{""alpha"": 0.05, ""max_conditioning_set_size"": 3}",20,30,200,28,2026-07-31_23h23_cbn_unif_gauss/graphs/golden__v20_a30_g28.json,2026-07-31_23h23_cbn_unif_gauss/graphs/CPC__v20_a30_g28_s200.json,metrics: module 'pyagrum' has no attribute 'StructuralMetrics',0.06814522300555836,,,,,,
cbn_unif_gauss,CMIIC,"{""alpha"": 0.05}",20,30,200,28,2026-07-31_23h23_cbn_unif_gauss/graphs/golden__v20_a30_g28.json,2026-07-31_23h23_cbn_unif_gauss/graphs/CMIIC__v20_a30_g28_s200.json,metrics: module 'pyagrum' has no attribute 'StructuralMetrics',0.5716960970021319,,,,,,
cbn_unif_gauss,CPC,"{""alpha"": 0.05, ""max_conditioning_set_size"": 3}",20,30,500,28,2026-07-31_23h23_cbn_unif_gauss/graphs/golden__v20_a30_g28.json,2026-07-31_23h23_cbn_unif_gauss/graphs/CPC__v20_a30_g28_s500.json,metrics: module 'pyagrum' has no attribute 'StructuralMetrics',0.6709618070017314,,,,,,
cbn_unif_gauss,CMIIC,"{""alpha"": 0.05}",20,30,500,28,2026-07-31_23h23_cbn_unif_gauss/graphs/golden__v20_a30_g28.json,2026-07-31_23h23_cbn_unif_gauss/graphs/CMIIC__v20_a30_g28_s500.json,metrics: module 'pyagrum' has no attribute 'StructuralMetrics',2.5958555879915366,,,,,,
cbn_unif_gauss,CPC,"{""alpha"": 0.05, ""max_conditioning_set_size"": 3}",20,30,1000,28,2026-07-31_23h23_cbn_unif_gauss/graphs/golden__v20_a30_g28.json,2026-07-31_23h23_cbn_unif_gauss/graphs/CPC__v20_a30_g28_s1000.json,metrics: module 'pyagrum' has no attribute 'StructuralMetrics',3.892998417999479,,,,,,
cbn_unif_gauss,CMIIC,"{""alpha"": 0.05}",20,30,1000,28,2026-07-31_23h23_cbn_unif_gauss/graphs/golden__v20_a30_g28.json,2026-07-31_23h23_cbn_unif_gauss/graphs/CMIIC__v20_a30_g28_s1000.json,metrics: module 'pyagrum' has no attribute 'StructuralMetrics',8.237238742003683,,,,,,
cbn_unif_gauss,CPC,"{""alpha"": 0.05, ""max_conditioning_set_size"": 3}",20,30,3000,28,2026-07-31_23h23_cbn_unif_gauss/graphs/golden__v20_a30_g28.json,2026-07-31_23h23_cbn_unif_gauss/graphs/CPC__v20_a30_g28_s3000.json,metrics: module 'pyagrum' has no attribute 'StructuralMetrics',47.07552987000963,,,,,,
cbn_unif_gauss,CMIIC,"{""alpha"": 0.05}",20,30,3000,28,2026-07-31_23h23_cbn_unif_gauss/graphs/golden__v20_a30_g28.json,2026-07-31_23h23_cbn_unif_gauss/graphs/CMIIC__v20_a30_g28_s3000.json,metrics: module 'pyagrum' has no attribute 'StructuralMetrics',67.60274838900659,,,,,,
cbn_unif_gauss,CPC,"{""alpha"": 0.05, ""max_conditioning_set_size"": 3}",20,30,5000,28,2026-07-31_23h23_cbn_unif_gauss/graphs/golden__v20_a30_g28.json,2026-07-31_23h23_cbn_unif_gauss/graphs/CPC__v20_a30_g28_s5000.json,metrics: module 'pyagrum' has no attribute 'StructuralMetrics',149.15241326999967,,,,,,
cbn_unif_gauss,CMIIC,"{""alpha"": 0.05}",20,30,5000,28,2026-07-31_23h23_cbn_unif_gauss/graphs/golden__v20_a30_g28.json,2026-07-31_23h23_cbn_unif_gauss/graphs/CMIIC__v20_a30_g28_s5000.json,metrics: module 'pyagrum' has no attribute 'StructuralMetrics',190.89364623400616,,,,,,
cbn_unif_gauss,CPC,"{""alpha"": 0.05, ""max_conditioning_set_size"": 3}",20,30,200,29,2026-07-31_23h23_cbn_unif_gauss/graphs/golden__v20_a30_g29.json,2026-07-31_23h23_cbn_unif_gauss/graphs/CPC__v20_a30_g29_s200.json,metrics: module 'pyagrum' has no attribute 'StructuralMetrics',0.11521633199299686,,,,,,
cbn_unif_gauss,CMIIC,"{""alpha"": 0.05}",20,30,200,29,2026-07-31_23h23_cbn_unif_gauss/graphs/golden__v20_a30_g29.json,2026-07-31_23h23_cbn_unif_gauss/graphs/CMIIC__v20_a30_g29_s200.json,metrics: module 'pyagrum' has no attribute 'StructuralMetrics',0.8182670959940879,,,,,,
cbn_unif_gauss,CPC,"{""alpha"": 0.05, ""max_conditioning_set_size"": 3}",20,30,500,29,2026-07-31_23h23_cbn_unif_gauss/graphs/golden__v20_a30_g29.json,2026-07-31_23h23_cbn_unif_gauss/graphs/CPC__v20_a30_g29_s500.json,metrics: module 'pyagrum' has no attribute 'StructuralMetrics',1.1950080250098836,,,,,,
cbn_unif_gauss,CMIIC,"{""alpha"": 0.05}",20,30,500,29,2026-07-31_23h23_cbn_unif_gauss/graphs/golden__v20_a30_g29.json,2026-07-31_23h23_cbn_unif_gauss/graphs/CMIIC__v20_a30_g29_s500.json,metrics: module 'pyagrum' has no attribute 'StructuralMetrics',3.138562426000135,,,,,,
cbn_unif_gauss,CPC,"{""alpha"": 0.05, ""max_conditioning_set_size"": 3}",20,30,1000,29,2026-07-31_23h23_cbn_unif_gauss/graphs/golden__v20_a30_g29.json,2026-07-31_23h23_cbn_unif_gauss/graphs/CPC__v20_a30_g29_s1000.json,metrics: module 'pyagrum' has no attribute 'StructuralMetrics',6.945893798998441,,,,,,
cbn_unif_gauss,CMIIC,"{""alpha"": 0.05}",20,30,1000,29,2026-07-31_23h23_cbn_unif_gauss/graphs/golden__v20_a30_g29.json,2026-07-31_23h23_cbn_unif_gauss/graphs/CMIIC__v20_a30_g29_s1000.json,metrics: module 'pyagrum' has no attribute 'StructuralMetrics',10.918872590991668,,,,,,
cbn_unif_gauss,CPC,"{""alpha"": 0.05, ""max_conditioning_set_size"": 3}",20,30,3000,29,2026-07-31_23h23_cbn_unif_gauss/graphs/golden__v20_a30_g29.json,2026-07-31_23h23_cbn_unif_gauss/graphs/CPC__v20_a30_g29_s3000.json,metrics: module 'pyagrum' has no attribute 'StructuralMetrics',103.24985989900597,,,,,,
cbn_unif_gauss,CMIIC,"{""alpha"": 0.05}",20,30,3000,29,2026-07-31_23h23_cbn_unif_gauss/graphs/golden__v20_a30_g29.json,2026-07-31_23h23_cbn_unif_gauss/graphs/CMIIC__v20_a30_g29_s3000.json,metrics: module 'pyagrum' has no attribute 'StructuralMetrics',108.68061030899116,,,,,,
cbn_unif_gauss,CPC,"{""alpha"": 0.05, ""max_conditioning_set_size"": 3}",20,30,5000,29,2026-07-31_23h23_cbn_unif_gauss/graphs/golden__v20_a30_g29.json,2026-07-31_23h23_cbn_unif_gauss/graphs/CPC__v20_a30_g29_s5000.json,metrics: module 'pyagrum' has no attribute 'StructuralMetrics',339.0919509890082,,,,,,
cbn_unif_gauss,CMIIC,"{""alpha"": 0.05}",20,30,5000,29,2026-07-31_23h23_cbn_unif_gauss/graphs/golden__v20_a30_g29.json,2026-07-31_23h23_cbn_unif_gauss/graphs/CMIIC__v20_a30_g29_s5000.json,metrics: module 'pyagrum' has no attribute 'StructuralMetrics',260.9162882410019,,,,,,
