generator_name,algo,algo_params,n_vars,n_arcs,n_samples,graph_idx,golden_path,learned_path,error_msg,time_s,SHD,SHD_skeleton,F1-Score,F1-Score_skeleton,TPR,TPR_skeleton
sem_laplace,CPC,"{""alpha"": 0.05, ""max_conditioning_set_size"": 3}",10,15,200,0,2026-07-31_19h53_sem_laplace/graphs/golden__v10_a15_g0.json,2026-07-31_19h53_sem_laplace/graphs/CPC__v10_a15_g0_s200.json,metrics: module 'pyagrum' has no attribute 'StructuralMetrics',0.03236277599353343,,,,,,
sem_laplace,CMIIC,"{""alpha"": 0.05}",10,15,200,0,2026-07-31_19h53_sem_laplace/graphs/golden__v10_a15_g0.json,2026-07-31_19h53_sem_laplace/graphs/CMIIC__v10_a15_g0_s200.json,metrics: module 'pyagrum' has no attribute 'StructuralMetrics',0.08791224499873351,,,,,,
sem_laplace,CPC,"{""alpha"": 0.05, ""max_conditioning_set_size"": 3}",10,15,500,0,2026-07-31_19h53_sem_laplace/graphs/golden__v10_a15_g0.json,2026-07-31_19h53_sem_laplace/graphs/CPC__v10_a15_g0_s500.json,metrics: module 'pyagrum' has no attribute 'StructuralMetrics',0.20557469299819786,,,,,,
sem_laplace,CMIIC,"{""alpha"": 0.05}",10,15,500,0,2026-07-31_19h53_sem_laplace/graphs/golden__v10_a15_g0.json,2026-07-31_19h53_sem_laplace/graphs/CMIIC__v10_a15_g0_s500.json,metrics: module 'pyagrum' has no attribute 'StructuralMetrics',0.40636983199510723,,,,,,
sem_laplace,CPC,"{""alpha"": 0.05, ""max_conditioning_set_size"": 3}",10,15,1000,0,2026-07-31_19h53_sem_laplace/graphs/golden__v10_a15_g0.json,2026-07-31_19h53_sem_laplace/graphs/CPC__v10_a15_g0_s1000.json,metrics: module 'pyagrum' has no attribute 'StructuralMetrics',0.8613474519952433,,,,,,
sem_laplace,CMIIC,"{""alpha"": 0.05}",10,15,1000,0,2026-07-31_19h53_sem_laplace/graphs/golden__v10_a15_g0.json,2026-07-31_19h53_sem_laplace/graphs/CMIIC__v10_a15_g0_s1000.json,metrics: module 'pyagrum' has no attribute 'StructuralMetrics',1.4499609079939546,,,,,,
sem_laplace,CPC,"{""alpha"": 0.05, ""max_conditioning_set_size"": 3}",10,15,3000,0,2026-07-31_19h53_sem_laplace/graphs/golden__v10_a15_g0.json,2026-07-31_19h53_sem_laplace/graphs/CPC__v10_a15_g0_s3000.json,metrics: module 'pyagrum' has no attribute 'StructuralMetrics',9.411035953991814,,,,,,
sem_laplace,CMIIC,"{""alpha"": 0.05}",10,15,3000,0,2026-07-31_19h53_sem_laplace/graphs/golden__v10_a15_g0.json,2026-07-31_19h53_sem_laplace/graphs/CMIIC__v10_a15_g0_s3000.json,metrics: module 'pyagrum' has no attribute 'StructuralMetrics',11.237052921002032,,,,,,
sem_laplace,CPC,"{""alpha"": 0.05, ""max_conditioning_set_size"": 3}",10,15,5000,0,2026-07-31_19h53_sem_laplace/graphs/golden__v10_a15_g0.json,2026-07-31_19h53_sem_laplace/graphs/CPC__v10_a15_g0_s5000.json,metrics: module 'pyagrum' has no attribute 'StructuralMetrics',29.68794830600382,,,,,,
sem_laplace,CMIIC,"{""alpha"": 0.05}",10,15,5000,0,2026-07-31_19h53_sem_laplace/graphs/golden__v10_a15_g0.json,2026-07-31_19h53_sem_laplace/graphs/CMIIC__v10_a15_g0_s5000.json,metrics: module 'pyagrum' has no attribute 'StructuralMetrics',31.265368056003354,,,,,,
sem_laplace,CPC,"{""alpha"": 0.05, ""max_conditioning_set_size"": 3}",10,15,200,1,2026-07-31_19h53_sem_laplace/graphs/golden__v10_a15_g1.json,2026-07-31_19h53_sem_laplace/graphs/CPC__v10_a15_g1_s200.json,metrics: module 'pyagrum' has no attribute 'StructuralMetrics',0.03707553799904417,,,,,,
sem_laplace,CMIIC,"{""alpha"": 0.05}",10,15,200,1,2026-07-31_19h53_sem_laplace/graphs/golden__v10_a15_g1.json,2026-07-31_19h53_sem_laplace/graphs/CMIIC__v10_a15_g1_s200.json,metrics: module 'pyagrum' has no attribute 'StructuralMetrics',0.07099139899946749,,,,,,
sem_laplace,CPC,"{""alpha"": 0.05, ""max_conditioning_set_size"": 3}",10,15,500,1,2026-07-31_19h53_sem_laplace/graphs/golden__v10_a15_g1.json,2026-07-31_19h53_sem_laplace/graphs/CPC__v10_a15_g1_s500.json,metrics: module 'pyagrum' has no attribute 'StructuralMetrics',0.13868673499382567,,,,,,
sem_laplace,CMIIC,"{""alpha"": 0.05}",10,15,500,1,2026-07-31_19h53_sem_laplace/graphs/golden__v10_a15_g1.json,2026-07-31_19h53_sem_laplace/graphs/CMIIC__v10_a15_g1_s500.json,metrics: module 'pyagrum' has no attribute 'StructuralMetrics',0.28196965099778026,,,,,,
sem_laplace,CPC,"{""alpha"": 0.05, ""max_conditioning_set_size"": 3}",10,15,1000,1,2026-07-31_19h53_sem_laplace/graphs/golden__v10_a15_g1.json,2026-07-31_19h53_sem_laplace/graphs/CPC__v10_a15_g1_s1000.json,metrics: module 'pyagrum' has no attribute 'StructuralMetrics',0.6462009829992894,,,,,,
sem_laplace,CMIIC,"{""alpha"": 0.05}",10,15,1000,1,2026-07-31_19h53_sem_laplace/graphs/golden__v10_a15_g1.json,2026-07-31_19h53_sem_laplace/graphs/CMIIC__v10_a15_g1_s1000.json,metrics: module 'pyagrum' has no attribute 'StructuralMetrics',1.0612121079902863,,,,,,
sem_laplace,CPC,"{""alpha"": 0.05, ""max_conditioning_set_size"": 3}",10,15,3000,1,2026-07-31_19h53_sem_laplace/graphs/golden__v10_a15_g1.json,2026-07-31_19h53_sem_laplace/graphs/CPC__v10_a15_g1_s3000.json,metrics: module 'pyagrum' has no attribute 'StructuralMetrics',6.626848902000347,,,,,,
sem_laplace,CMIIC,"{""alpha"": 0.05}",10,15,3000,1,2026-07-31_19h53_sem_laplace/graphs/golden__v10_a15_g1.json,2026-07-31_19h53_sem_laplace/graphs/CMIIC__v10_a15_g1_s3000.json,metrics: module 'pyagrum' has no attribute 'StructuralMetrics',8.185871959998622,,,,,,
sem_laplace,CPC,"{""alpha"": 0.05, ""max_conditioning_set_size"": 3}",10,15,5000,1,2026-07-31_19h53_sem_laplace/graphs/golden__v10_a15_g1.json,2026-07-31_19h53_sem_laplace/graphs/CPC__v10_a15_g1_s5000.json,metrics: module 'pyagrum' has no attribute 'StructuralMetrics',20.16937302800943,,,,,,
sem_laplace,CMIIC,"{""alpha"": 0.05}",10,15,5000,1,2026-07-31_19h53_sem_laplace/graphs/golden__v10_a15_g1.json,2026-07-31_19h53_sem_laplace/graphs/CMIIC__v10_a15_g1_s5000.json,metrics: module 'pyagrum' has no attribute 'StructuralMetrics',22.4607129740034,,,,,,
sem_laplace,CPC,"{""alpha"": 0.05, ""max_conditioning_set_size"": 3}",10,15,200,2,2026-07-31_19h53_sem_laplace/graphs/golden__v10_a15_g2.json,2026-07-31_19h53_sem_laplace/graphs/CPC__v10_a15_g2_s200.json,metrics: module 'pyagrum' has no attribute 'StructuralMetrics',0.02823285300110001,,,,,,
sem_laplace,CMIIC,"{""alpha"": 0.05}",10,15,200,2,2026-07-31_19h53_sem_laplace/graphs/golden__v10_a15_g2.json,2026-07-31_19h53_sem_laplace/graphs/CMIIC__v10_a15_g2_s200.json,metrics: module 'pyagrum' has no attribute 'StructuralMetrics',0.06653517601080239,,,,,,
sem_laplace,CPC,"{""alpha"": 0.05, ""max_conditioning_set_size"": 3}",10,15,500,2,2026-07-31_19h53_sem_laplace/graphs/golden__v10_a15_g2.json,2026-07-31_19h53_sem_laplace/graphs/CPC__v10_a15_g2_s500.json,metrics: module 'pyagrum' has no attribute 'StructuralMetrics',0.19713180699909572,,,,,,
sem_laplace,CMIIC,"{""alpha"": 0.05}",10,15,500,2,2026-07-31_19h53_sem_laplace/graphs/golden__v10_a15_g2.json,2026-07-31_19h53_sem_laplace/graphs/CMIIC__v10_a15_g2_s500.json,metrics: module 'pyagrum' has no attribute 'StructuralMetrics',0.3964721689990256,,,,,,
sem_laplace,CPC,"{""alpha"": 0.05, ""max_conditioning_set_size"": 3}",10,15,1000,2,2026-07-31_19h53_sem_laplace/graphs/golden__v10_a15_g2.json,2026-07-31_19h53_sem_laplace/graphs/CPC__v10_a15_g2_s1000.json,metrics: module 'pyagrum' has no attribute 'StructuralMetrics',1.044175085000461,,,,,,
sem_laplace,CMIIC,"{""alpha"": 0.05}",10,15,1000,2,2026-07-31_19h53_sem_laplace/graphs/golden__v10_a15_g2.json,2026-07-31_19h53_sem_laplace/graphs/CMIIC__v10_a15_g2_s1000.json,metrics: module 'pyagrum' has no attribute 'StructuralMetrics',1.4830176329996902,,,,,,
sem_laplace,CPC,"{""alpha"": 0.05, ""max_conditioning_set_size"": 3}",10,15,3000,2,2026-07-31_19h53_sem_laplace/graphs/golden__v10_a15_g2.json,2026-07-31_19h53_sem_laplace/graphs/CPC__v10_a15_g2_s3000.json,metrics: module 'pyagrum' has no attribute 'StructuralMetrics',11.102931868008454,,,,,,
sem_laplace,CMIIC,"{""alpha"": 0.05}",10,15,3000,2,2026-07-31_19h53_sem_laplace/graphs/golden__v10_a15_g2.json,2026-07-31_19h53_sem_laplace/graphs/CMIIC__v10_a15_g2_s3000.json,metrics: module 'pyagrum' has no attribute 'StructuralMetrics',9.343661820006673,,,,,,
sem_laplace,CPC,"{""alpha"": 0.05, ""max_conditioning_set_size"": 3}",10,15,5000,2,2026-07-31_19h53_sem_laplace/graphs/golden__v10_a15_g2.json,2026-07-31_19h53_sem_laplace/graphs/CPC__v10_a15_g2_s5000.json,metrics: module 'pyagrum' has no attribute 'StructuralMetrics',36.88203745998908,,,,,,
sem_laplace,CMIIC,"{""alpha"": 0.05}",10,15,5000,2,2026-07-31_19h53_sem_laplace/graphs/golden__v10_a15_g2.json,2026-07-31_19h53_sem_laplace/graphs/CMIIC__v10_a15_g2_s5000.json,metrics: module 'pyagrum' has no attribute 'StructuralMetrics',28.336699798994232,,,,,,
sem_laplace,CPC,"{""alpha"": 0.05, ""max_conditioning_set_size"": 3}",10,15,200,3,2026-07-31_19h53_sem_laplace/graphs/golden__v10_a15_g3.json,2026-07-31_19h53_sem_laplace/graphs/CPC__v10_a15_g3_s200.json,metrics: module 'pyagrum' has no attribute 'StructuralMetrics',0.030479385997750796,,,,,,
sem_laplace,CMIIC,"{""alpha"": 0.05}",10,15,200,3,2026-07-31_19h53_sem_laplace/graphs/golden__v10_a15_g3.json,2026-07-31_19h53_sem_laplace/graphs/CMIIC__v10_a15_g3_s200.json,metrics: module 'pyagrum' has no attribute 'StructuralMetrics',0.1003688630007673,,,,,,
sem_laplace,CPC,"{""alpha"": 0.05, ""max_conditioning_set_size"": 3}",10,15,500,3,2026-07-31_19h53_sem_laplace/graphs/golden__v10_a15_g3.json,2026-07-31_19h53_sem_laplace/graphs/CPC__v10_a15_g3_s500.json,metrics: module 'pyagrum' has no attribute 'StructuralMetrics',0.2115194070065627,,,,,,
sem_laplace,CMIIC,"{""alpha"": 0.05}",10,15,500,3,2026-07-31_19h53_sem_laplace/graphs/golden__v10_a15_g3.json,2026-07-31_19h53_sem_laplace/graphs/CMIIC__v10_a15_g3_s500.json,metrics: module 'pyagrum' has no attribute 'StructuralMetrics',0.38876056399021763,,,,,,
sem_laplace,CPC,"{""alpha"": 0.05, ""max_conditioning_set_size"": 3}",10,15,1000,3,2026-07-31_19h53_sem_laplace/graphs/golden__v10_a15_g3.json,2026-07-31_19h53_sem_laplace/graphs/CPC__v10_a15_g3_s1000.json,metrics: module 'pyagrum' has no attribute 'StructuralMetrics',1.2211184649931965,,,,,,
sem_laplace,CMIIC,"{""alpha"": 0.05}",10,15,1000,3,2026-07-31_19h53_sem_laplace/graphs/golden__v10_a15_g3.json,2026-07-31_19h53_sem_laplace/graphs/CMIIC__v10_a15_g3_s1000.json,metrics: module 'pyagrum' has no attribute 'StructuralMetrics',1.3279177119984524,,,,,,
sem_laplace,CPC,"{""alpha"": 0.05, ""max_conditioning_set_size"": 3}",10,15,3000,3,2026-07-31_19h53_sem_laplace/graphs/golden__v10_a15_g3.json,2026-07-31_19h53_sem_laplace/graphs/CPC__v10_a15_g3_s3000.json,metrics: module 'pyagrum' has no attribute 'StructuralMetrics',12.04441845099791,,,,,,
sem_laplace,CMIIC,"{""alpha"": 0.05}",10,15,3000,3,2026-07-31_19h53_sem_laplace/graphs/golden__v10_a15_g3.json,2026-07-31_19h53_sem_laplace/graphs/CMIIC__v10_a15_g3_s3000.json,metrics: module 'pyagrum' has no attribute 'StructuralMetrics',10.58024436600681,,,,,,
sem_laplace,CPC,"{""alpha"": 0.05, ""max_conditioning_set_size"": 3}",10,15,5000,3,2026-07-31_19h53_sem_laplace/graphs/golden__v10_a15_g3.json,2026-07-31_19h53_sem_laplace/graphs/CPC__v10_a15_g3_s5000.json,metrics: module 'pyagrum' has no attribute 'StructuralMetrics',38.41959505999694,,,,,,
sem_laplace,CMIIC,"{""alpha"": 0.05}",10,15,5000,3,2026-07-31_19h53_sem_laplace/graphs/golden__v10_a15_g3.json,2026-07-31_19h53_sem_laplace/graphs/CMIIC__v10_a15_g3_s5000.json,metrics: module 'pyagrum' has no attribute 'StructuralMetrics',37.44562689399754,,,,,,
sem_laplace,CPC,"{""alpha"": 0.05, ""max_conditioning_set_size"": 3}",10,15,200,4,2026-07-31_19h53_sem_laplace/graphs/golden__v10_a15_g4.json,2026-07-31_19h53_sem_laplace/graphs/CPC__v10_a15_g4_s200.json,metrics: module 'pyagrum' has no attribute 'StructuralMetrics',0.0686578879976878,,,,,,
sem_laplace,CMIIC,"{""alpha"": 0.05}",10,15,200,4,2026-07-31_19h53_sem_laplace/graphs/golden__v10_a15_g4.json,2026-07-31_19h53_sem_laplace/graphs/CMIIC__v10_a15_g4_s200.json,metrics: module 'pyagrum' has no attribute 'StructuralMetrics',0.17654839999158867,,,,,,
sem_laplace,CPC,"{""alpha"": 0.05, ""max_conditioning_set_size"": 3}",10,15,500,4,2026-07-31_19h53_sem_laplace/graphs/golden__v10_a15_g4.json,2026-07-31_19h53_sem_laplace/graphs/CPC__v10_a15_g4_s500.json,metrics: module 'pyagrum' has no attribute 'StructuralMetrics',0.23662782499741297,,,,,,
sem_laplace,CMIIC,"{""alpha"": 0.05}",10,15,500,4,2026-07-31_19h53_sem_laplace/graphs/golden__v10_a15_g4.json,2026-07-31_19h53_sem_laplace/graphs/CMIIC__v10_a15_g4_s500.json,metrics: module 'pyagrum' has no attribute 'StructuralMetrics',0.6889005870034453,,,,,,
sem_laplace,CPC,"{""alpha"": 0.05, ""max_conditioning_set_size"": 3}",10,15,1000,4,2026-07-31_19h53_sem_laplace/graphs/golden__v10_a15_g4.json,2026-07-31_19h53_sem_laplace/graphs/CPC__v10_a15_g4_s1000.json,metrics: module 'pyagrum' has no attribute 'StructuralMetrics',1.2373854559991742,,,,,,
sem_laplace,CMIIC,"{""alpha"": 0.05}",10,15,1000,4,2026-07-31_19h53_sem_laplace/graphs/golden__v10_a15_g4.json,2026-07-31_19h53_sem_laplace/graphs/CMIIC__v10_a15_g4_s1000.json,metrics: module 'pyagrum' has no attribute 'StructuralMetrics',2.373483724994003,,,,,,
sem_laplace,CPC,"{""alpha"": 0.05, ""max_conditioning_set_size"": 3}",10,15,3000,4,2026-07-31_19h53_sem_laplace/graphs/golden__v10_a15_g4.json,2026-07-31_19h53_sem_laplace/graphs/CPC__v10_a15_g4_s3000.json,metrics: module 'pyagrum' has no attribute 'StructuralMetrics',15.356834505000734,,,,,,
sem_laplace,CMIIC,"{""alpha"": 0.05}",10,15,3000,4,2026-07-31_19h53_sem_laplace/graphs/golden__v10_a15_g4.json,2026-07-31_19h53_sem_laplace/graphs/CMIIC__v10_a15_g4_s3000.json,metrics: module 'pyagrum' has no attribute 'StructuralMetrics',16.297397447997355,,,,,,
sem_laplace,CPC,"{""alpha"": 0.05, ""max_conditioning_set_size"": 3}",10,15,5000,4,2026-07-31_19h53_sem_laplace/graphs/golden__v10_a15_g4.json,2026-07-31_19h53_sem_laplace/graphs/CPC__v10_a15_g4_s5000.json,metrics: module 'pyagrum' has no attribute 'StructuralMetrics',30.754852026992012,,,,,,
sem_laplace,CMIIC,"{""alpha"": 0.05}",10,15,5000,4,2026-07-31_19h53_sem_laplace/graphs/golden__v10_a15_g4.json,2026-07-31_19h53_sem_laplace/graphs/CMIIC__v10_a15_g4_s5000.json,metrics: module 'pyagrum' has no attribute 'StructuralMetrics',54.329134144005366,,,,,,
sem_laplace,CPC,"{""alpha"": 0.05, ""max_conditioning_set_size"": 3}",10,15,200,5,2026-07-31_19h53_sem_laplace/graphs/golden__v10_a15_g5.json,2026-07-31_19h53_sem_laplace/graphs/CPC__v10_a15_g5_s200.json,metrics: module 'pyagrum' has no attribute 'StructuralMetrics',0.03590448100294452,,,,,,
sem_laplace,CMIIC,"{""alpha"": 0.05}",10,15,200,5,2026-07-31_19h53_sem_laplace/graphs/golden__v10_a15_g5.json,2026-07-31_19h53_sem_laplace/graphs/CMIIC__v10_a15_g5_s200.json,metrics: module 'pyagrum' has no attribute 'StructuralMetrics',0.11724365600093734,,,,,,
sem_laplace,CPC,"{""alpha"": 0.05, ""max_conditioning_set_size"": 3}",10,15,500,5,2026-07-31_19h53_sem_laplace/graphs/golden__v10_a15_g5.json,2026-07-31_19h53_sem_laplace/graphs/CPC__v10_a15_g5_s500.json,metrics: module 'pyagrum' has no attribute 'StructuralMetrics',0.32497336900269147,,,,,,
sem_laplace,CMIIC,"{""alpha"": 0.05}",10,15,500,5,2026-07-31_19h53_sem_laplace/graphs/golden__v10_a15_g5.json,2026-07-31_19h53_sem_laplace/graphs/CMIIC__v10_a15_g5_s500.json,metrics: module 'pyagrum' has no attribute 'StructuralMetrics',0.5477207320072921,,,,,,
sem_laplace,CPC,"{""alpha"": 0.05, ""max_conditioning_set_size"": 3}",10,15,1000,5,2026-07-31_19h53_sem_laplace/graphs/golden__v10_a15_g5.json,2026-07-31_19h53_sem_laplace/graphs/CPC__v10_a15_g5_s1000.json,metrics: module 'pyagrum' has no attribute 'StructuralMetrics',0.9250146510021295,,,,,,
sem_laplace,CMIIC,"{""alpha"": 0.05}",10,15,1000,5,2026-07-31_19h53_sem_laplace/graphs/golden__v10_a15_g5.json,2026-07-31_19h53_sem_laplace/graphs/CMIIC__v10_a15_g5_s1000.json,metrics: module 'pyagrum' has no attribute 'StructuralMetrics',1.5698018550028792,,,,,,
sem_laplace,CPC,"{""alpha"": 0.05, ""max_conditioning_set_size"": 3}",10,15,3000,5,2026-07-31_19h53_sem_laplace/graphs/golden__v10_a15_g5.json,2026-07-31_19h53_sem_laplace/graphs/CPC__v10_a15_g5_s3000.json,metrics: module 'pyagrum' has no attribute 'StructuralMetrics',13.819333204999566,,,,,,
sem_laplace,CMIIC,"{""alpha"": 0.05}",10,15,3000,5,2026-07-31_19h53_sem_laplace/graphs/golden__v10_a15_g5.json,2026-07-31_19h53_sem_laplace/graphs/CMIIC__v10_a15_g5_s3000.json,metrics: module 'pyagrum' has no attribute 'StructuralMetrics',12.797474025996053,,,,,,
sem_laplace,CPC,"{""alpha"": 0.05, ""max_conditioning_set_size"": 3}",10,15,5000,5,2026-07-31_19h53_sem_laplace/graphs/golden__v10_a15_g5.json,2026-07-31_19h53_sem_laplace/graphs/CPC__v10_a15_g5_s5000.json,metrics: module 'pyagrum' has no attribute 'StructuralMetrics',46.690844415992615,,,,,,
sem_laplace,CMIIC,"{""alpha"": 0.05}",10,15,5000,5,2026-07-31_19h53_sem_laplace/graphs/golden__v10_a15_g5.json,2026-07-31_19h53_sem_laplace/graphs/CMIIC__v10_a15_g5_s5000.json,metrics: module 'pyagrum' has no attribute 'StructuralMetrics',32.22991782800818,,,,,,
sem_laplace,CPC,"{""alpha"": 0.05, ""max_conditioning_set_size"": 3}",10,15,200,6,2026-07-31_19h53_sem_laplace/graphs/golden__v10_a15_g6.json,2026-07-31_19h53_sem_laplace/graphs/CPC__v10_a15_g6_s200.json,metrics: module 'pyagrum' has no attribute 'StructuralMetrics',0.03296964299806859,,,,,,
sem_laplace,CMIIC,"{""alpha"": 0.05}",10,15,200,6,2026-07-31_19h53_sem_laplace/graphs/golden__v10_a15_g6.json,2026-07-31_19h53_sem_laplace/graphs/CMIIC__v10_a15_g6_s200.json,metrics: module 'pyagrum' has no attribute 'StructuralMetrics',0.12328943199827336,,,,,,
sem_laplace,CPC,"{""alpha"": 0.05, ""max_conditioning_set_size"": 3}",10,15,500,6,2026-07-31_19h53_sem_laplace/graphs/golden__v10_a15_g6.json,2026-07-31_19h53_sem_laplace/graphs/CPC__v10_a15_g6_s500.json,metrics: module 'pyagrum' has no attribute 'StructuralMetrics',0.2244077350042062,,,,,,
sem_laplace,CMIIC,"{""alpha"": 0.05}",10,15,500,6,2026-07-31_19h53_sem_laplace/graphs/golden__v10_a15_g6.json,2026-07-31_19h53_sem_laplace/graphs/CMIIC__v10_a15_g6_s500.json,metrics: module 'pyagrum' has no attribute 'StructuralMetrics',0.5888461610011291,,,,,,
sem_laplace,CPC,"{""alpha"": 0.05, ""max_conditioning_set_size"": 3}",10,15,1000,6,2026-07-31_19h53_sem_laplace/graphs/golden__v10_a15_g6.json,2026-07-31_19h53_sem_laplace/graphs/CPC__v10_a15_g6_s1000.json,metrics: module 'pyagrum' has no attribute 'StructuralMetrics',1.2404077310056891,,,,,,
sem_laplace,CMIIC,"{""alpha"": 0.05}",10,15,1000,6,2026-07-31_19h53_sem_laplace/graphs/golden__v10_a15_g6.json,2026-07-31_19h53_sem_laplace/graphs/CMIIC__v10_a15_g6_s1000.json,metrics: module 'pyagrum' has no attribute 'StructuralMetrics',2.1990980690025026,,,,,,
sem_laplace,CPC,"{""alpha"": 0.05, ""max_conditioning_set_size"": 3}",10,15,3000,6,2026-07-31_19h53_sem_laplace/graphs/golden__v10_a15_g6.json,2026-07-31_19h53_sem_laplace/graphs/CPC__v10_a15_g6_s3000.json,metrics: module 'pyagrum' has no attribute 'StructuralMetrics',13.54021757299779,,,,,,
sem_laplace,CMIIC,"{""alpha"": 0.05}",10,15,3000,6,2026-07-31_19h53_sem_laplace/graphs/golden__v10_a15_g6.json,2026-07-31_19h53_sem_laplace/graphs/CMIIC__v10_a15_g6_s3000.json,metrics: module 'pyagrum' has no attribute 'StructuralMetrics',15.08969657299167,,,,,,
sem_laplace,CPC,"{""alpha"": 0.05, ""max_conditioning_set_size"": 3}",10,15,5000,6,2026-07-31_19h53_sem_laplace/graphs/golden__v10_a15_g6.json,2026-07-31_19h53_sem_laplace/graphs/CPC__v10_a15_g6_s5000.json,metrics: module 'pyagrum' has no attribute 'StructuralMetrics',31.740967349003768,,,,,,
sem_laplace,CMIIC,"{""alpha"": 0.05}",10,15,5000,6,2026-07-31_19h53_sem_laplace/graphs/golden__v10_a15_g6.json,2026-07-31_19h53_sem_laplace/graphs/CMIIC__v10_a15_g6_s5000.json,metrics: module 'pyagrum' has no attribute 'StructuralMetrics',35.378861734992824,,,,,,
sem_laplace,CPC,"{""alpha"": 0.05, ""max_conditioning_set_size"": 3}",10,15,200,7,2026-07-31_19h53_sem_laplace/graphs/golden__v10_a15_g7.json,2026-07-31_19h53_sem_laplace/graphs/CPC__v10_a15_g7_s200.json,metrics: module 'pyagrum' has no attribute 'StructuralMetrics',0.04272604899597354,,,,,,
sem_laplace,CMIIC,"{""alpha"": 0.05}",10,15,200,7,2026-07-31_19h53_sem_laplace/graphs/golden__v10_a15_g7.json,2026-07-31_19h53_sem_laplace/graphs/CMIIC__v10_a15_g7_s200.json,metrics: module 'pyagrum' has no attribute 'StructuralMetrics',0.12943875099881552,,,,,,
sem_laplace,CPC,"{""alpha"": 0.05, ""max_conditioning_set_size"": 3}",10,15,500,7,2026-07-31_19h53_sem_laplace/graphs/golden__v10_a15_g7.json,2026-07-31_19h53_sem_laplace/graphs/CPC__v10_a15_g7_s500.json,metrics: module 'pyagrum' has no attribute 'StructuralMetrics',0.29156444399268366,,,,,,
sem_laplace,CMIIC,"{""alpha"": 0.05}",10,15,500,7,2026-07-31_19h53_sem_laplace/graphs/golden__v10_a15_g7.json,2026-07-31_19h53_sem_laplace/graphs/CMIIC__v10_a15_g7_s500.json,metrics: module 'pyagrum' has no attribute 'StructuralMetrics',0.5502678869961528,,,,,,
sem_laplace,CPC,"{""alpha"": 0.05, ""max_conditioning_set_size"": 3}",10,15,1000,7,2026-07-31_19h53_sem_laplace/graphs/golden__v10_a15_g7.json,2026-07-31_19h53_sem_laplace/graphs/CPC__v10_a15_g7_s1000.json,metrics: module 'pyagrum' has no attribute 'StructuralMetrics',0.8380509249982424,,,,,,
sem_laplace,CMIIC,"{""alpha"": 0.05}",10,15,1000,7,2026-07-31_19h53_sem_laplace/graphs/golden__v10_a15_g7.json,2026-07-31_19h53_sem_laplace/graphs/CMIIC__v10_a15_g7_s1000.json,metrics: module 'pyagrum' has no attribute 'StructuralMetrics',1.443840754989651,,,,,,
sem_laplace,CPC,"{""alpha"": 0.05, ""max_conditioning_set_size"": 3}",10,15,3000,7,2026-07-31_19h53_sem_laplace/graphs/golden__v10_a15_g7.json,2026-07-31_19h53_sem_laplace/graphs/CPC__v10_a15_g7_s3000.json,metrics: module 'pyagrum' has no attribute 'StructuralMetrics',15.37987113800773,,,,,,
sem_laplace,CMIIC,"{""alpha"": 0.05}",10,15,3000,7,2026-07-31_19h53_sem_laplace/graphs/golden__v10_a15_g7.json,2026-07-31_19h53_sem_laplace/graphs/CMIIC__v10_a15_g7_s3000.json,metrics: module 'pyagrum' has no attribute 'StructuralMetrics',15.362004635986523,,,,,,
sem_laplace,CPC,"{""alpha"": 0.05, ""max_conditioning_set_size"": 3}",10,15,5000,7,2026-07-31_19h53_sem_laplace/graphs/golden__v10_a15_g7.json,2026-07-31_19h53_sem_laplace/graphs/CPC__v10_a15_g7_s5000.json,metrics: module 'pyagrum' has no attribute 'StructuralMetrics',43.515805376009666,,,,,,
sem_laplace,CMIIC,"{""alpha"": 0.05}",10,15,5000,7,2026-07-31_19h53_sem_laplace/graphs/golden__v10_a15_g7.json,2026-07-31_19h53_sem_laplace/graphs/CMIIC__v10_a15_g7_s5000.json,metrics: module 'pyagrum' has no attribute 'StructuralMetrics',25.253508220004733,,,,,,
sem_laplace,CPC,"{""alpha"": 0.05, ""max_conditioning_set_size"": 3}",10,15,200,8,2026-07-31_19h53_sem_laplace/graphs/golden__v10_a15_g8.json,2026-07-31_19h53_sem_laplace/graphs/CPC__v10_a15_g8_s200.json,metrics: module 'pyagrum' has no attribute 'StructuralMetrics',0.03188784599478822,,,,,,
sem_laplace,CMIIC,"{""alpha"": 0.05}",10,15,200,8,2026-07-31_19h53_sem_laplace/graphs/golden__v10_a15_g8.json,2026-07-31_19h53_sem_laplace/graphs/CMIIC__v10_a15_g8_s200.json,metrics: module 'pyagrum' has no attribute 'StructuralMetrics',0.08534217999840621,,,,,,
sem_laplace,CPC,"{""alpha"": 0.05, ""max_conditioning_set_size"": 3}",10,15,500,8,2026-07-31_19h53_sem_laplace/graphs/golden__v10_a15_g8.json,2026-07-31_19h53_sem_laplace/graphs/CPC__v10_a15_g8_s500.json,metrics: module 'pyagrum' has no attribute 'StructuralMetrics',0.2315805809921585,,,,,,
sem_laplace,CMIIC,"{""alpha"": 0.05}",10,15,500,8,2026-07-31_19h53_sem_laplace/graphs/golden__v10_a15_g8.json,2026-07-31_19h53_sem_laplace/graphs/CMIIC__v10_a15_g8_s500.json,metrics: module 'pyagrum' has no attribute 'StructuralMetrics',0.4050215970055433,,,,,,
sem_laplace,CPC,"{""alpha"": 0.05, ""max_conditioning_set_size"": 3}",10,15,1000,8,2026-07-31_19h53_sem_laplace/graphs/golden__v10_a15_g8.json,2026-07-31_19h53_sem_laplace/graphs/CPC__v10_a15_g8_s1000.json,metrics: module 'pyagrum' has no attribute 'StructuralMetrics',1.1007705020019785,,,,,,
sem_laplace,CMIIC,"{""alpha"": 0.05}",10,15,1000,8,2026-07-31_19h53_sem_laplace/graphs/golden__v10_a15_g8.json,2026-07-31_19h53_sem_laplace/graphs/CMIIC__v10_a15_g8_s1000.json,metrics: module 'pyagrum' has no attribute 'StructuralMetrics',1.211384600988822,,,,,,
sem_laplace,CPC,"{""alpha"": 0.05, ""max_conditioning_set_size"": 3}",10,15,3000,8,2026-07-31_19h53_sem_laplace/graphs/golden__v10_a15_g8.json,2026-07-31_19h53_sem_laplace/graphs/CPC__v10_a15_g8_s3000.json,metrics: module 'pyagrum' has no attribute 'StructuralMetrics',12.478385105001507,,,,,,
sem_laplace,CMIIC,"{""alpha"": 0.05}",10,15,3000,8,2026-07-31_19h53_sem_laplace/graphs/golden__v10_a15_g8.json,2026-07-31_19h53_sem_laplace/graphs/CMIIC__v10_a15_g8_s3000.json,metrics: module 'pyagrum' has no attribute 'StructuralMetrics',10.721640745992772,,,,,,
sem_laplace,CPC,"{""alpha"": 0.05, ""max_conditioning_set_size"": 3}",10,15,5000,8,2026-07-31_19h53_sem_laplace/graphs/golden__v10_a15_g8.json,2026-07-31_19h53_sem_laplace/graphs/CPC__v10_a15_g8_s5000.json,metrics: module 'pyagrum' has no attribute 'StructuralMetrics',55.29736397499801,,,,,,
sem_laplace,CMIIC,"{""alpha"": 0.05}",10,15,5000,8,2026-07-31_19h53_sem_laplace/graphs/golden__v10_a15_g8.json,2026-07-31_19h53_sem_laplace/graphs/CMIIC__v10_a15_g8_s5000.json,metrics: module 'pyagrum' has no attribute 'StructuralMetrics',36.53390563899302,,,,,,
sem_laplace,CPC,"{""alpha"": 0.05, ""max_conditioning_set_size"": 3}",10,15,200,9,2026-07-31_19h53_sem_laplace/graphs/golden__v10_a15_g9.json,2026-07-31_19h53_sem_laplace/graphs/CPC__v10_a15_g9_s200.json,metrics: module 'pyagrum' has no attribute 'StructuralMetrics',0.02328933699754998,,,,,,
sem_laplace,CMIIC,"{""alpha"": 0.05}",10,15,200,9,2026-07-31_19h53_sem_laplace/graphs/golden__v10_a15_g9.json,2026-07-31_19h53_sem_laplace/graphs/CMIIC__v10_a15_g9_s200.json,metrics: module 'pyagrum' has no attribute 'StructuralMetrics',0.07870683399960399,,,,,,
sem_laplace,CPC,"{""alpha"": 0.05, ""max_conditioning_set_size"": 3}",10,15,500,9,2026-07-31_19h53_sem_laplace/graphs/golden__v10_a15_g9.json,2026-07-31_19h53_sem_laplace/graphs/CPC__v10_a15_g9_s500.json,metrics: module 'pyagrum' has no attribute 'StructuralMetrics',0.1718458190007368,,,,,,
sem_laplace,CMIIC,"{""alpha"": 0.05}",10,15,500,9,2026-07-31_19h53_sem_laplace/graphs/golden__v10_a15_g9.json,2026-07-31_19h53_sem_laplace/graphs/CMIIC__v10_a15_g9_s500.json,metrics: module 'pyagrum' has no attribute 'StructuralMetrics',0.4599420630111126,,,,,,
sem_laplace,CPC,"{""alpha"": 0.05, ""max_conditioning_set_size"": 3}",10,15,1000,9,2026-07-31_19h53_sem_laplace/graphs/golden__v10_a15_g9.json,2026-07-31_19h53_sem_laplace/graphs/CPC__v10_a15_g9_s1000.json,metrics: module 'pyagrum' has no attribute 'StructuralMetrics',1.4915512389998185,,,,,,
sem_laplace,CMIIC,"{""alpha"": 0.05}",10,15,1000,9,2026-07-31_19h53_sem_laplace/graphs/golden__v10_a15_g9.json,2026-07-31_19h53_sem_laplace/graphs/CMIIC__v10_a15_g9_s1000.json,metrics: module 'pyagrum' has no attribute 'StructuralMetrics',1.3241384400025709,,,,,,
sem_laplace,CPC,"{""alpha"": 0.05, ""max_conditioning_set_size"": 3}",10,15,3000,9,2026-07-31_19h53_sem_laplace/graphs/golden__v10_a15_g9.json,2026-07-31_19h53_sem_laplace/graphs/CPC__v10_a15_g9_s3000.json,metrics: module 'pyagrum' has no attribute 'StructuralMetrics',11.675783218001015,,,,,,
sem_laplace,CMIIC,"{""alpha"": 0.05}",10,15,3000,9,2026-07-31_19h53_sem_laplace/graphs/golden__v10_a15_g9.json,2026-07-31_19h53_sem_laplace/graphs/CMIIC__v10_a15_g9_s3000.json,metrics: module 'pyagrum' has no attribute 'StructuralMetrics',9.72643423799309,,,,,,
sem_laplace,CPC,"{""alpha"": 0.05, ""max_conditioning_set_size"": 3}",10,15,5000,9,2026-07-31_19h53_sem_laplace/graphs/golden__v10_a15_g9.json,2026-07-31_19h53_sem_laplace/graphs/CPC__v10_a15_g9_s5000.json,metrics: module 'pyagrum' has no attribute 'StructuralMetrics',37.85069625299366,,,,,,
sem_laplace,CMIIC,"{""alpha"": 0.05}",10,15,5000,9,2026-07-31_19h53_sem_laplace/graphs/golden__v10_a15_g9.json,2026-07-31_19h53_sem_laplace/graphs/CMIIC__v10_a15_g9_s5000.json,metrics: module 'pyagrum' has no attribute 'StructuralMetrics',31.977062238991493,,,,,,
sem_laplace,CPC,"{""alpha"": 0.05, ""max_conditioning_set_size"": 3}",10,15,200,10,2026-07-31_19h53_sem_laplace/graphs/golden__v10_a15_g10.json,2026-07-31_19h53_sem_laplace/graphs/CPC__v10_a15_g10_s200.json,metrics: module 'pyagrum' has no attribute 'StructuralMetrics',0.04047309899760876,,,,,,
sem_laplace,CMIIC,"{""alpha"": 0.05}",10,15,200,10,2026-07-31_19h53_sem_laplace/graphs/golden__v10_a15_g10.json,2026-07-31_19h53_sem_laplace/graphs/CMIIC__v10_a15_g10_s200.json,metrics: module 'pyagrum' has no attribute 'StructuralMetrics',0.1459104399982607,,,,,,
sem_laplace,CPC,"{""alpha"": 0.05, ""max_conditioning_set_size"": 3}",10,15,500,10,2026-07-31_19h53_sem_laplace/graphs/golden__v10_a15_g10.json,2026-07-31_19h53_sem_laplace/graphs/CPC__v10_a15_g10_s500.json,metrics: module 'pyagrum' has no attribute 'StructuralMetrics',0.24651705000724178,,,,,,
sem_laplace,CMIIC,"{""alpha"": 0.05}",10,15,500,10,2026-07-31_19h53_sem_laplace/graphs/golden__v10_a15_g10.json,2026-07-31_19h53_sem_laplace/graphs/CMIIC__v10_a15_g10_s500.json,metrics: module 'pyagrum' has no attribute 'StructuralMetrics',0.5774729940021643,,,,,,
sem_laplace,CPC,"{""alpha"": 0.05, ""max_conditioning_set_size"": 3}",10,15,1000,10,2026-07-31_19h53_sem_laplace/graphs/golden__v10_a15_g10.json,2026-07-31_19h53_sem_laplace/graphs/CPC__v10_a15_g10_s1000.json,metrics: module 'pyagrum' has no attribute 'StructuralMetrics',1.0735788820020389,,,,,,
sem_laplace,CMIIC,"{""alpha"": 0.05}",10,15,1000,10,2026-07-31_19h53_sem_laplace/graphs/golden__v10_a15_g10.json,2026-07-31_19h53_sem_laplace/graphs/CMIIC__v10_a15_g10_s1000.json,metrics: module 'pyagrum' has no attribute 'StructuralMetrics',2.0484207830013474,,,,,,
sem_laplace,CPC,"{""alpha"": 0.05, ""max_conditioning_set_size"": 3}",10,15,3000,10,2026-07-31_19h53_sem_laplace/graphs/golden__v10_a15_g10.json,2026-07-31_19h53_sem_laplace/graphs/CPC__v10_a15_g10_s3000.json,metrics: module 'pyagrum' has no attribute 'StructuralMetrics',11.95114413498959,,,,,,
sem_laplace,CMIIC,"{""alpha"": 0.05}",10,15,3000,10,2026-07-31_19h53_sem_laplace/graphs/golden__v10_a15_g10.json,2026-07-31_19h53_sem_laplace/graphs/CMIIC__v10_a15_g10_s3000.json,metrics: module 'pyagrum' has no attribute 'StructuralMetrics',12.608534116996452,,,,,,
sem_laplace,CPC,"{""alpha"": 0.05, ""max_conditioning_set_size"": 3}",10,15,5000,10,2026-07-31_19h53_sem_laplace/graphs/golden__v10_a15_g10.json,2026-07-31_19h53_sem_laplace/graphs/CPC__v10_a15_g10_s5000.json,metrics: module 'pyagrum' has no attribute 'StructuralMetrics',38.804129680996994,,,,,,
sem_laplace,CMIIC,"{""alpha"": 0.05}",10,15,5000,10,2026-07-31_19h53_sem_laplace/graphs/golden__v10_a15_g10.json,2026-07-31_19h53_sem_laplace/graphs/CMIIC__v10_a15_g10_s5000.json,metrics: module 'pyagrum' has no attribute 'StructuralMetrics',31.947774002997903,,,,,,
sem_laplace,CPC,"{""alpha"": 0.05, ""max_conditioning_set_size"": 3}",10,15,200,11,2026-07-31_19h53_sem_laplace/graphs/golden__v10_a15_g11.json,2026-07-31_19h53_sem_laplace/graphs/CPC__v10_a15_g11_s200.json,metrics: module 'pyagrum' has no attribute 'StructuralMetrics',0.033488440996734425,,,,,,
sem_laplace,CMIIC,"{""alpha"": 0.05}",10,15,200,11,2026-07-31_19h53_sem_laplace/graphs/golden__v10_a15_g11.json,2026-07-31_19h53_sem_laplace/graphs/CMIIC__v10_a15_g11_s200.json,metrics: module 'pyagrum' has no attribute 'StructuralMetrics',0.09377191500971094,,,,,,
sem_laplace,CPC,"{""alpha"": 0.05, ""max_conditioning_set_size"": 3}",10,15,500,11,2026-07-31_19h53_sem_laplace/graphs/golden__v10_a15_g11.json,2026-07-31_19h53_sem_laplace/graphs/CPC__v10_a15_g11_s500.json,metrics: module 'pyagrum' has no attribute 'StructuralMetrics',0.15527402599400375,,,,,,
sem_laplace,CMIIC,"{""alpha"": 0.05}",10,15,500,11,2026-07-31_19h53_sem_laplace/graphs/golden__v10_a15_g11.json,2026-07-31_19h53_sem_laplace/graphs/CMIIC__v10_a15_g11_s500.json,metrics: module 'pyagrum' has no attribute 'StructuralMetrics',0.3207181970064994,,,,,,
sem_laplace,CPC,"{""alpha"": 0.05, ""max_conditioning_set_size"": 3}",10,15,1000,11,2026-07-31_19h53_sem_laplace/graphs/golden__v10_a15_g11.json,2026-07-31_19h53_sem_laplace/graphs/CPC__v10_a15_g11_s1000.json,metrics: module 'pyagrum' has no attribute 'StructuralMetrics',0.8224432300048647,,,,,,
sem_laplace,CMIIC,"{""alpha"": 0.05}",10,15,1000,11,2026-07-31_19h53_sem_laplace/graphs/golden__v10_a15_g11.json,2026-07-31_19h53_sem_laplace/graphs/CMIIC__v10_a15_g11_s1000.json,metrics: module 'pyagrum' has no attribute 'StructuralMetrics',1.1751973369973712,,,,,,
sem_laplace,CPC,"{""alpha"": 0.05, ""max_conditioning_set_size"": 3}",10,15,3000,11,2026-07-31_19h53_sem_laplace/graphs/golden__v10_a15_g11.json,2026-07-31_19h53_sem_laplace/graphs/CPC__v10_a15_g11_s3000.json,metrics: module 'pyagrum' has no attribute 'StructuralMetrics',11.001661971997237,,,,,,
sem_laplace,CMIIC,"{""alpha"": 0.05}",10,15,3000,11,2026-07-31_19h53_sem_laplace/graphs/golden__v10_a15_g11.json,2026-07-31_19h53_sem_laplace/graphs/CMIIC__v10_a15_g11_s3000.json,metrics: module 'pyagrum' has no attribute 'StructuralMetrics',9.06943022798805,,,,,,
sem_laplace,CPC,"{""alpha"": 0.05, ""max_conditioning_set_size"": 3}",10,15,5000,11,2026-07-31_19h53_sem_laplace/graphs/golden__v10_a15_g11.json,2026-07-31_19h53_sem_laplace/graphs/CPC__v10_a15_g11_s5000.json,metrics: module 'pyagrum' has no attribute 'StructuralMetrics',28.125689828011673,,,,,,
sem_laplace,CMIIC,"{""alpha"": 0.05}",10,15,5000,11,2026-07-31_19h53_sem_laplace/graphs/golden__v10_a15_g11.json,2026-07-31_19h53_sem_laplace/graphs/CMIIC__v10_a15_g11_s5000.json,metrics: module 'pyagrum' has no attribute 'StructuralMetrics',26.9024551170005,,,,,,
sem_laplace,CPC,"{""alpha"": 0.05, ""max_conditioning_set_size"": 3}",10,15,200,12,2026-07-31_19h53_sem_laplace/graphs/golden__v10_a15_g12.json,2026-07-31_19h53_sem_laplace/graphs/CPC__v10_a15_g12_s200.json,metrics: module 'pyagrum' has no attribute 'StructuralMetrics',0.02965453700744547,,,,,,
sem_laplace,CMIIC,"{""alpha"": 0.05}",10,15,200,12,2026-07-31_19h53_sem_laplace/graphs/golden__v10_a15_g12.json,2026-07-31_19h53_sem_laplace/graphs/CMIIC__v10_a15_g12_s200.json,metrics: module 'pyagrum' has no attribute 'StructuralMetrics',0.09797712200088426,,,,,,
sem_laplace,CPC,"{""alpha"": 0.05, ""max_conditioning_set_size"": 3}",10,15,500,12,2026-07-31_19h53_sem_laplace/graphs/golden__v10_a15_g12.json,2026-07-31_19h53_sem_laplace/graphs/CPC__v10_a15_g12_s500.json,metrics: module 'pyagrum' has no attribute 'StructuralMetrics',0.16219303300022148,,,,,,
sem_laplace,CMIIC,"{""alpha"": 0.05}",10,15,500,12,2026-07-31_19h53_sem_laplace/graphs/golden__v10_a15_g12.json,2026-07-31_19h53_sem_laplace/graphs/CMIIC__v10_a15_g12_s500.json,metrics: module 'pyagrum' has no attribute 'StructuralMetrics',0.482048791993293,,,,,,
sem_laplace,CPC,"{""alpha"": 0.05, ""max_conditioning_set_size"": 3}",10,15,1000,12,2026-07-31_19h53_sem_laplace/graphs/golden__v10_a15_g12.json,2026-07-31_19h53_sem_laplace/graphs/CPC__v10_a15_g12_s1000.json,metrics: module 'pyagrum' has no attribute 'StructuralMetrics',0.8326537849934539,,,,,,
sem_laplace,CMIIC,"{""alpha"": 0.05}",10,15,1000,12,2026-07-31_19h53_sem_laplace/graphs/golden__v10_a15_g12.json,2026-07-31_19h53_sem_laplace/graphs/CMIIC__v10_a15_g12_s1000.json,metrics: module 'pyagrum' has no attribute 'StructuralMetrics',1.8266998099861667,,,,,,
sem_laplace,CPC,"{""alpha"": 0.05, ""max_conditioning_set_size"": 3}",10,15,3000,12,2026-07-31_19h53_sem_laplace/graphs/golden__v10_a15_g12.json,2026-07-31_19h53_sem_laplace/graphs/CPC__v10_a15_g12_s3000.json,metrics: module 'pyagrum' has no attribute 'StructuralMetrics',7.582804631994804,,,,,,
sem_laplace,CMIIC,"{""alpha"": 0.05}",10,15,3000,12,2026-07-31_19h53_sem_laplace/graphs/golden__v10_a15_g12.json,2026-07-31_19h53_sem_laplace/graphs/CMIIC__v10_a15_g12_s3000.json,metrics: module 'pyagrum' has no attribute 'StructuralMetrics',12.61699557400425,,,,,,
sem_laplace,CPC,"{""alpha"": 0.05, ""max_conditioning_set_size"": 3}",10,15,5000,12,2026-07-31_19h53_sem_laplace/graphs/golden__v10_a15_g12.json,2026-07-31_19h53_sem_laplace/graphs/CPC__v10_a15_g12_s5000.json,metrics: module 'pyagrum' has no attribute 'StructuralMetrics',30.282630975998472,,,,,,
sem_laplace,CMIIC,"{""alpha"": 0.05}",10,15,5000,12,2026-07-31_19h53_sem_laplace/graphs/golden__v10_a15_g12.json,2026-07-31_19h53_sem_laplace/graphs/CMIIC__v10_a15_g12_s5000.json,metrics: module 'pyagrum' has no attribute 'StructuralMetrics',34.23340883299534,,,,,,
sem_laplace,CPC,"{""alpha"": 0.05, ""max_conditioning_set_size"": 3}",10,15,200,13,2026-07-31_19h53_sem_laplace/graphs/golden__v10_a15_g13.json,2026-07-31_19h53_sem_laplace/graphs/CPC__v10_a15_g13_s200.json,metrics: module 'pyagrum' has no attribute 'StructuralMetrics',0.03125692100729793,,,,,,
sem_laplace,CMIIC,"{""alpha"": 0.05}",10,15,200,13,2026-07-31_19h53_sem_laplace/graphs/golden__v10_a15_g13.json,2026-07-31_19h53_sem_laplace/graphs/CMIIC__v10_a15_g13_s200.json,metrics: module 'pyagrum' has no attribute 'StructuralMetrics',0.09267707100661937,,,,,,
sem_laplace,CPC,"{""alpha"": 0.05, ""max_conditioning_set_size"": 3}",10,15,500,13,2026-07-31_19h53_sem_laplace/graphs/golden__v10_a15_g13.json,2026-07-31_19h53_sem_laplace/graphs/CPC__v10_a15_g13_s500.json,metrics: module 'pyagrum' has no attribute 'StructuralMetrics',0.17937656000140123,,,,,,
sem_laplace,CMIIC,"{""alpha"": 0.05}",10,15,500,13,2026-07-31_19h53_sem_laplace/graphs/golden__v10_a15_g13.json,2026-07-31_19h53_sem_laplace/graphs/CMIIC__v10_a15_g13_s500.json,metrics: module 'pyagrum' has no attribute 'StructuralMetrics',0.44260239200957585,,,,,,
sem_laplace,CPC,"{""alpha"": 0.05, ""max_conditioning_set_size"": 3}",10,15,1000,13,2026-07-31_19h53_sem_laplace/graphs/golden__v10_a15_g13.json,2026-07-31_19h53_sem_laplace/graphs/CPC__v10_a15_g13_s1000.json,metrics: module 'pyagrum' has no attribute 'StructuralMetrics',0.9023713399947155,,,,,,
sem_laplace,CMIIC,"{""alpha"": 0.05}",10,15,1000,13,2026-07-31_19h53_sem_laplace/graphs/golden__v10_a15_g13.json,2026-07-31_19h53_sem_laplace/graphs/CMIIC__v10_a15_g13_s1000.json,metrics: module 'pyagrum' has no attribute 'StructuralMetrics',1.4233391430025222,,,,,,
sem_laplace,CPC,"{""alpha"": 0.05, ""max_conditioning_set_size"": 3}",10,15,3000,13,2026-07-31_19h53_sem_laplace/graphs/golden__v10_a15_g13.json,2026-07-31_19h53_sem_laplace/graphs/CPC__v10_a15_g13_s3000.json,metrics: module 'pyagrum' has no attribute 'StructuralMetrics',9.682097145996522,,,,,,
sem_laplace,CMIIC,"{""alpha"": 0.05}",10,15,3000,13,2026-07-31_19h53_sem_laplace/graphs/golden__v10_a15_g13.json,2026-07-31_19h53_sem_laplace/graphs/CMIIC__v10_a15_g13_s3000.json,metrics: module 'pyagrum' has no attribute 'StructuralMetrics',10.98230419299216,,,,,,
sem_laplace,CPC,"{""alpha"": 0.05, ""max_conditioning_set_size"": 3}",10,15,5000,13,2026-07-31_19h53_sem_laplace/graphs/golden__v10_a15_g13.json,2026-07-31_19h53_sem_laplace/graphs/CPC__v10_a15_g13_s5000.json,metrics: module 'pyagrum' has no attribute 'StructuralMetrics',29.284644847997697,,,,,,
sem_laplace,CMIIC,"{""alpha"": 0.05}",10,15,5000,13,2026-07-31_19h53_sem_laplace/graphs/golden__v10_a15_g13.json,2026-07-31_19h53_sem_laplace/graphs/CMIIC__v10_a15_g13_s5000.json,metrics: module 'pyagrum' has no attribute 'StructuralMetrics',31.86059956799727,,,,,,
sem_laplace,CPC,"{""alpha"": 0.05, ""max_conditioning_set_size"": 3}",10,15,200,14,2026-07-31_19h53_sem_laplace/graphs/golden__v10_a15_g14.json,2026-07-31_19h53_sem_laplace/graphs/CPC__v10_a15_g14_s200.json,metrics: module 'pyagrum' has no attribute 'StructuralMetrics',0.030201416011550464,,,,,,
sem_laplace,CMIIC,"{""alpha"": 0.05}",10,15,200,14,2026-07-31_19h53_sem_laplace/graphs/golden__v10_a15_g14.json,2026-07-31_19h53_sem_laplace/graphs/CMIIC__v10_a15_g14_s200.json,metrics: module 'pyagrum' has no attribute 'StructuralMetrics',0.08536055899458006,,,,,,
sem_laplace,CPC,"{""alpha"": 0.05, ""max_conditioning_set_size"": 3}",10,15,500,14,2026-07-31_19h53_sem_laplace/graphs/golden__v10_a15_g14.json,2026-07-31_19h53_sem_laplace/graphs/CPC__v10_a15_g14_s500.json,metrics: module 'pyagrum' has no attribute 'StructuralMetrics',0.17470060399500653,,,,,,
sem_laplace,CMIIC,"{""alpha"": 0.05}",10,15,500,14,2026-07-31_19h53_sem_laplace/graphs/golden__v10_a15_g14.json,2026-07-31_19h53_sem_laplace/graphs/CMIIC__v10_a15_g14_s500.json,metrics: module 'pyagrum' has no attribute 'StructuralMetrics',0.44780424899363425,,,,,,
sem_laplace,CPC,"{""alpha"": 0.05, ""max_conditioning_set_size"": 3}",10,15,1000,14,2026-07-31_19h53_sem_laplace/graphs/golden__v10_a15_g14.json,2026-07-31_19h53_sem_laplace/graphs/CPC__v10_a15_g14_s1000.json,metrics: module 'pyagrum' has no attribute 'StructuralMetrics',1.02142842199828,,,,,,
sem_laplace,CMIIC,"{""alpha"": 0.05}",10,15,1000,14,2026-07-31_19h53_sem_laplace/graphs/golden__v10_a15_g14.json,2026-07-31_19h53_sem_laplace/graphs/CMIIC__v10_a15_g14_s1000.json,metrics: module 'pyagrum' has no attribute 'StructuralMetrics',1.3663541400019312,,,,,,
sem_laplace,CPC,"{""alpha"": 0.05, ""max_conditioning_set_size"": 3}",10,15,3000,14,2026-07-31_19h53_sem_laplace/graphs/golden__v10_a15_g14.json,2026-07-31_19h53_sem_laplace/graphs/CPC__v10_a15_g14_s3000.json,metrics: module 'pyagrum' has no attribute 'StructuralMetrics',11.040051621006569,,,,,,
sem_laplace,CMIIC,"{""alpha"": 0.05}",10,15,3000,14,2026-07-31_19h53_sem_laplace/graphs/golden__v10_a15_g14.json,2026-07-31_19h53_sem_laplace/graphs/CMIIC__v10_a15_g14_s3000.json,metrics: module 'pyagrum' has no attribute 'StructuralMetrics',11.107402376001119,,,,,,
sem_laplace,CPC,"{""alpha"": 0.05, ""max_conditioning_set_size"": 3}",10,15,5000,14,2026-07-31_19h53_sem_laplace/graphs/golden__v10_a15_g14.json,2026-07-31_19h53_sem_laplace/graphs/CPC__v10_a15_g14_s5000.json,metrics: module 'pyagrum' has no attribute 'StructuralMetrics',28.863644254000974,,,,,,
sem_laplace,CMIIC,"{""alpha"": 0.05}",10,15,5000,14,2026-07-31_19h53_sem_laplace/graphs/golden__v10_a15_g14.json,2026-07-31_19h53_sem_laplace/graphs/CMIIC__v10_a15_g14_s5000.json,metrics: module 'pyagrum' has no attribute 'StructuralMetrics',30.219705210998654,,,,,,
sem_laplace,CPC,"{""alpha"": 0.05, ""max_conditioning_set_size"": 3}",10,15,200,15,2026-07-31_19h53_sem_laplace/graphs/golden__v10_a15_g15.json,2026-07-31_19h53_sem_laplace/graphs/CPC__v10_a15_g15_s200.json,metrics: module 'pyagrum' has no attribute 'StructuralMetrics',0.021846042000106536,,,,,,
sem_laplace,CMIIC,"{""alpha"": 0.05}",10,15,200,15,2026-07-31_19h53_sem_laplace/graphs/golden__v10_a15_g15.json,2026-07-31_19h53_sem_laplace/graphs/CMIIC__v10_a15_g15_s200.json,metrics: module 'pyagrum' has no attribute 'StructuralMetrics',0.07892901900049765,,,,,,
sem_laplace,CPC,"{""alpha"": 0.05, ""max_conditioning_set_size"": 3}",10,15,500,15,2026-07-31_19h53_sem_laplace/graphs/golden__v10_a15_g15.json,2026-07-31_19h53_sem_laplace/graphs/CPC__v10_a15_g15_s500.json,metrics: module 'pyagrum' has no attribute 'StructuralMetrics',0.1557088020053925,,,,,,
sem_laplace,CMIIC,"{""alpha"": 0.05}",10,15,500,15,2026-07-31_19h53_sem_laplace/graphs/golden__v10_a15_g15.json,2026-07-31_19h53_sem_laplace/graphs/CMIIC__v10_a15_g15_s500.json,metrics: module 'pyagrum' has no attribute 'StructuralMetrics',0.3278831710049417,,,,,,
sem_laplace,CPC,"{""alpha"": 0.05, ""max_conditioning_set_size"": 3}",10,15,1000,15,2026-07-31_19h53_sem_laplace/graphs/golden__v10_a15_g15.json,2026-07-31_19h53_sem_laplace/graphs/CPC__v10_a15_g15_s1000.json,metrics: module 'pyagrum' has no attribute 'StructuralMetrics',0.7814795629965374,,,,,,
sem_laplace,CMIIC,"{""alpha"": 0.05}",10,15,1000,15,2026-07-31_19h53_sem_laplace/graphs/golden__v10_a15_g15.json,2026-07-31_19h53_sem_laplace/graphs/CMIIC__v10_a15_g15_s1000.json,metrics: module 'pyagrum' has no attribute 'StructuralMetrics',1.239960937993601,,,,,,
sem_laplace,CPC,"{""alpha"": 0.05, ""max_conditioning_set_size"": 3}",10,15,3000,15,2026-07-31_19h53_sem_laplace/graphs/golden__v10_a15_g15.json,2026-07-31_19h53_sem_laplace/graphs/CPC__v10_a15_g15_s3000.json,metrics: module 'pyagrum' has no attribute 'StructuralMetrics',8.425494446011726,,,,,,
sem_laplace,CMIIC,"{""alpha"": 0.05}",10,15,3000,15,2026-07-31_19h53_sem_laplace/graphs/golden__v10_a15_g15.json,2026-07-31_19h53_sem_laplace/graphs/CMIIC__v10_a15_g15_s3000.json,metrics: module 'pyagrum' has no attribute 'StructuralMetrics',9.578387842993834,,,,,,
sem_laplace,CPC,"{""alpha"": 0.05, ""max_conditioning_set_size"": 3}",10,15,5000,15,2026-07-31_19h53_sem_laplace/graphs/golden__v10_a15_g15.json,2026-07-31_19h53_sem_laplace/graphs/CPC__v10_a15_g15_s5000.json,metrics: module 'pyagrum' has no attribute 'StructuralMetrics',23.335180926995235,,,,,,
sem_laplace,CMIIC,"{""alpha"": 0.05}",10,15,5000,15,2026-07-31_19h53_sem_laplace/graphs/golden__v10_a15_g15.json,2026-07-31_19h53_sem_laplace/graphs/CMIIC__v10_a15_g15_s5000.json,metrics: module 'pyagrum' has no attribute 'StructuralMetrics',25.066440509996028,,,,,,
sem_laplace,CPC,"{""alpha"": 0.05, ""max_conditioning_set_size"": 3}",10,15,200,16,2026-07-31_19h53_sem_laplace/graphs/golden__v10_a15_g16.json,2026-07-31_19h53_sem_laplace/graphs/CPC__v10_a15_g16_s200.json,metrics: module 'pyagrum' has no attribute 'StructuralMetrics',0.02633510400482919,,,,,,
sem_laplace,CMIIC,"{""alpha"": 0.05}",10,15,200,16,2026-07-31_19h53_sem_laplace/graphs/golden__v10_a15_g16.json,2026-07-31_19h53_sem_laplace/graphs/CMIIC__v10_a15_g16_s200.json,metrics: module 'pyagrum' has no attribute 'StructuralMetrics',0.08963120100088418,,,,,,
sem_laplace,CPC,"{""alpha"": 0.05, ""max_conditioning_set_size"": 3}",10,15,500,16,2026-07-31_19h53_sem_laplace/graphs/golden__v10_a15_g16.json,2026-07-31_19h53_sem_laplace/graphs/CPC__v10_a15_g16_s500.json,metrics: module 'pyagrum' has no attribute 'StructuralMetrics',0.16659996200178284,,,,,,
sem_laplace,CMIIC,"{""alpha"": 0.05}",10,15,500,16,2026-07-31_19h53_sem_laplace/graphs/golden__v10_a15_g16.json,2026-07-31_19h53_sem_laplace/graphs/CMIIC__v10_a15_g16_s500.json,metrics: module 'pyagrum' has no attribute 'StructuralMetrics',0.3801592240051832,,,,,,
sem_laplace,CPC,"{""alpha"": 0.05, ""max_conditioning_set_size"": 3}",10,15,1000,16,2026-07-31_19h53_sem_laplace/graphs/golden__v10_a15_g16.json,2026-07-31_19h53_sem_laplace/graphs/CPC__v10_a15_g16_s1000.json,metrics: module 'pyagrum' has no attribute 'StructuralMetrics',0.8711380329914391,,,,,,
sem_laplace,CMIIC,"{""alpha"": 0.05}",10,15,1000,16,2026-07-31_19h53_sem_laplace/graphs/golden__v10_a15_g16.json,2026-07-31_19h53_sem_laplace/graphs/CMIIC__v10_a15_g16_s1000.json,metrics: module 'pyagrum' has no attribute 'StructuralMetrics',1.3727744960051496,,,,,,
sem_laplace,CPC,"{""alpha"": 0.05, ""max_conditioning_set_size"": 3}",10,15,3000,16,2026-07-31_19h53_sem_laplace/graphs/golden__v10_a15_g16.json,2026-07-31_19h53_sem_laplace/graphs/CPC__v10_a15_g16_s3000.json,metrics: module 'pyagrum' has no attribute 'StructuralMetrics',9.52340767699934,,,,,,
sem_laplace,CMIIC,"{""alpha"": 0.05}",10,15,3000,16,2026-07-31_19h53_sem_laplace/graphs/golden__v10_a15_g16.json,2026-07-31_19h53_sem_laplace/graphs/CMIIC__v10_a15_g16_s3000.json,metrics: module 'pyagrum' has no attribute 'StructuralMetrics',10.937979063004605,,,,,,
sem_laplace,CPC,"{""alpha"": 0.05, ""max_conditioning_set_size"": 3}",10,15,5000,16,2026-07-31_19h53_sem_laplace/graphs/golden__v10_a15_g16.json,2026-07-31_19h53_sem_laplace/graphs/CPC__v10_a15_g16_s5000.json,metrics: module 'pyagrum' has no attribute 'StructuralMetrics',28.904064362999634,,,,,,
sem_laplace,CMIIC,"{""alpha"": 0.05}",10,15,5000,16,2026-07-31_19h53_sem_laplace/graphs/golden__v10_a15_g16.json,2026-07-31_19h53_sem_laplace/graphs/CMIIC__v10_a15_g16_s5000.json,metrics: module 'pyagrum' has no attribute 'StructuralMetrics',30.078154664995964,,,,,,
sem_laplace,CPC,"{""alpha"": 0.05, ""max_conditioning_set_size"": 3}",10,15,200,17,2026-07-31_19h53_sem_laplace/graphs/golden__v10_a15_g17.json,2026-07-31_19h53_sem_laplace/graphs/CPC__v10_a15_g17_s200.json,metrics: module 'pyagrum' has no attribute 'StructuralMetrics',0.02944096199644264,,,,,,
sem_laplace,CMIIC,"{""alpha"": 0.05}",10,15,200,17,2026-07-31_19h53_sem_laplace/graphs/golden__v10_a15_g17.json,2026-07-31_19h53_sem_laplace/graphs/CMIIC__v10_a15_g17_s200.json,metrics: module 'pyagrum' has no attribute 'StructuralMetrics',0.0917835699947318,,,,,,
sem_laplace,CPC,"{""alpha"": 0.05, ""max_conditioning_set_size"": 3}",10,15,500,17,2026-07-31_19h53_sem_laplace/graphs/golden__v10_a15_g17.json,2026-07-31_19h53_sem_laplace/graphs/CPC__v10_a15_g17_s500.json,metrics: module 'pyagrum' has no attribute 'StructuralMetrics',0.2120146469969768,,,,,,
sem_laplace,CMIIC,"{""alpha"": 0.05}",10,15,500,17,2026-07-31_19h53_sem_laplace/graphs/golden__v10_a15_g17.json,2026-07-31_19h53_sem_laplace/graphs/CMIIC__v10_a15_g17_s500.json,metrics: module 'pyagrum' has no attribute 'StructuralMetrics',0.36947276499995496,,,,,,
sem_laplace,CPC,"{""alpha"": 0.05, ""max_conditioning_set_size"": 3}",10,15,1000,17,2026-07-31_19h53_sem_laplace/graphs/golden__v10_a15_g17.json,2026-07-31_19h53_sem_laplace/graphs/CPC__v10_a15_g17_s1000.json,metrics: module 'pyagrum' has no attribute 'StructuralMetrics',1.0451322620065184,,,,,,
sem_laplace,CMIIC,"{""alpha"": 0.05}",10,15,1000,17,2026-07-31_19h53_sem_laplace/graphs/golden__v10_a15_g17.json,2026-07-31_19h53_sem_laplace/graphs/CMIIC__v10_a15_g17_s1000.json,metrics: module 'pyagrum' has no attribute 'StructuralMetrics',1.1533763500046916,,,,,,
sem_laplace,CPC,"{""alpha"": 0.05, ""max_conditioning_set_size"": 3}",10,15,3000,17,2026-07-31_19h53_sem_laplace/graphs/golden__v10_a15_g17.json,2026-07-31_19h53_sem_laplace/graphs/CPC__v10_a15_g17_s3000.json,metrics: module 'pyagrum' has no attribute 'StructuralMetrics',11.838534698006697,,,,,,
sem_laplace,CMIIC,"{""alpha"": 0.05}",10,15,3000,17,2026-07-31_19h53_sem_laplace/graphs/golden__v10_a15_g17.json,2026-07-31_19h53_sem_laplace/graphs/CMIIC__v10_a15_g17_s3000.json,metrics: module 'pyagrum' has no attribute 'StructuralMetrics',9.777553089996218,,,,,,
sem_laplace,CPC,"{""alpha"": 0.05, ""max_conditioning_set_size"": 3}",10,15,5000,17,2026-07-31_19h53_sem_laplace/graphs/golden__v10_a15_g17.json,2026-07-31_19h53_sem_laplace/graphs/CPC__v10_a15_g17_s5000.json,metrics: module 'pyagrum' has no attribute 'StructuralMetrics',35.64297110099869,,,,,,
sem_laplace,CMIIC,"{""alpha"": 0.05}",10,15,5000,17,2026-07-31_19h53_sem_laplace/graphs/golden__v10_a15_g17.json,2026-07-31_19h53_sem_laplace/graphs/CMIIC__v10_a15_g17_s5000.json,metrics: module 'pyagrum' has no attribute 'StructuralMetrics',27.211954730009893,,,,,,
sem_laplace,CPC,"{""alpha"": 0.05, ""max_conditioning_set_size"": 3}",10,15,200,18,2026-07-31_19h53_sem_laplace/graphs/golden__v10_a15_g18.json,2026-07-31_19h53_sem_laplace/graphs/CPC__v10_a15_g18_s200.json,metrics: module 'pyagrum' has no attribute 'StructuralMetrics',0.015331412010709755,,,,,,
sem_laplace,CMIIC,"{""alpha"": 0.05}",10,15,200,18,2026-07-31_19h53_sem_laplace/graphs/golden__v10_a15_g18.json,2026-07-31_19h53_sem_laplace/graphs/CMIIC__v10_a15_g18_s200.json,metrics: module 'pyagrum' has no attribute 'StructuralMetrics',0.0631659509963356,,,,,,
sem_laplace,CPC,"{""alpha"": 0.05, ""max_conditioning_set_size"": 3}",10,15,500,18,2026-07-31_19h53_sem_laplace/graphs/golden__v10_a15_g18.json,2026-07-31_19h53_sem_laplace/graphs/CPC__v10_a15_g18_s500.json,metrics: module 'pyagrum' has no attribute 'StructuralMetrics',0.1106039750011405,,,,,,
sem_laplace,CMIIC,"{""alpha"": 0.05}",10,15,500,18,2026-07-31_19h53_sem_laplace/graphs/golden__v10_a15_g18.json,2026-07-31_19h53_sem_laplace/graphs/CMIIC__v10_a15_g18_s500.json,metrics: module 'pyagrum' has no attribute 'StructuralMetrics',0.30504366901004687,,,,,,
sem_laplace,CPC,"{""alpha"": 0.05, ""max_conditioning_set_size"": 3}",10,15,1000,18,2026-07-31_19h53_sem_laplace/graphs/golden__v10_a15_g18.json,2026-07-31_19h53_sem_laplace/graphs/CPC__v10_a15_g18_s1000.json,metrics: module 'pyagrum' has no attribute 'StructuralMetrics',0.6286955039977329,,,,,,
sem_laplace,CMIIC,"{""alpha"": 0.05}",10,15,1000,18,2026-07-31_19h53_sem_laplace/graphs/golden__v10_a15_g18.json,2026-07-31_19h53_sem_laplace/graphs/CMIIC__v10_a15_g18_s1000.json,metrics: module 'pyagrum' has no attribute 'StructuralMetrics',0.9613007270090748,,,,,,
sem_laplace,CPC,"{""alpha"": 0.05, ""max_conditioning_set_size"": 3}",10,15,3000,18,2026-07-31_19h53_sem_laplace/graphs/golden__v10_a15_g18.json,2026-07-31_19h53_sem_laplace/graphs/CPC__v10_a15_g18_s3000.json,metrics: module 'pyagrum' has no attribute 'StructuralMetrics',7.449944495005184,,,,,,
sem_laplace,CMIIC,"{""alpha"": 0.05}",10,15,3000,18,2026-07-31_19h53_sem_laplace/graphs/golden__v10_a15_g18.json,2026-07-31_19h53_sem_laplace/graphs/CMIIC__v10_a15_g18_s3000.json,metrics: module 'pyagrum' has no attribute 'StructuralMetrics',7.426564779001637,,,,,,
sem_laplace,CPC,"{""alpha"": 0.05, ""max_conditioning_set_size"": 3}",10,15,5000,18,2026-07-31_19h53_sem_laplace/graphs/golden__v10_a15_g18.json,2026-07-31_19h53_sem_laplace/graphs/CPC__v10_a15_g18_s5000.json,metrics: module 'pyagrum' has no attribute 'StructuralMetrics',21.894978408992756,,,,,,
sem_laplace,CMIIC,"{""alpha"": 0.05}",10,15,5000,18,2026-07-31_19h53_sem_laplace/graphs/golden__v10_a15_g18.json,2026-07-31_19h53_sem_laplace/graphs/CMIIC__v10_a15_g18_s5000.json,metrics: module 'pyagrum' has no attribute 'StructuralMetrics',19.274467975003063,,,,,,
sem_laplace,CPC,"{""alpha"": 0.05, ""max_conditioning_set_size"": 3}",10,15,200,19,2026-07-31_19h53_sem_laplace/graphs/golden__v10_a15_g19.json,2026-07-31_19h53_sem_laplace/graphs/CPC__v10_a15_g19_s200.json,metrics: module 'pyagrum' has no attribute 'StructuralMetrics',0.02817925398994703,,,,,,
sem_laplace,CMIIC,"{""alpha"": 0.05}",10,15,200,19,2026-07-31_19h53_sem_laplace/graphs/golden__v10_a15_g19.json,2026-07-31_19h53_sem_laplace/graphs/CMIIC__v10_a15_g19_s200.json,metrics: module 'pyagrum' has no attribute 'StructuralMetrics',0.1234986210038187,,,,,,
sem_laplace,CPC,"{""alpha"": 0.05, ""max_conditioning_set_size"": 3}",10,15,500,19,2026-07-31_19h53_sem_laplace/graphs/golden__v10_a15_g19.json,2026-07-31_19h53_sem_laplace/graphs/CPC__v10_a15_g19_s500.json,metrics: module 'pyagrum' has no attribute 'StructuralMetrics',0.1619818059989484,,,,,,
sem_laplace,CMIIC,"{""alpha"": 0.05}",10,15,500,19,2026-07-31_19h53_sem_laplace/graphs/golden__v10_a15_g19.json,2026-07-31_19h53_sem_laplace/graphs/CMIIC__v10_a15_g19_s500.json,metrics: module 'pyagrum' has no attribute 'StructuralMetrics',0.3694204680068651,,,,,,
sem_laplace,CPC,"{""alpha"": 0.05, ""max_conditioning_set_size"": 3}",10,15,1000,19,2026-07-31_19h53_sem_laplace/graphs/golden__v10_a15_g19.json,2026-07-31_19h53_sem_laplace/graphs/CPC__v10_a15_g19_s1000.json,metrics: module 'pyagrum' has no attribute 'StructuralMetrics',0.8878120669978671,,,,,,
sem_laplace,CMIIC,"{""alpha"": 0.05}",10,15,1000,19,2026-07-31_19h53_sem_laplace/graphs/golden__v10_a15_g19.json,2026-07-31_19h53_sem_laplace/graphs/CMIIC__v10_a15_g19_s1000.json,metrics: module 'pyagrum' has no attribute 'StructuralMetrics',1.4428533919999609,,,,,,
sem_laplace,CPC,"{""alpha"": 0.05, ""max_conditioning_set_size"": 3}",10,15,3000,19,2026-07-31_19h53_sem_laplace/graphs/golden__v10_a15_g19.json,2026-07-31_19h53_sem_laplace/graphs/CPC__v10_a15_g19_s3000.json,metrics: module 'pyagrum' has no attribute 'StructuralMetrics',11.142358858996886,,,,,,
sem_laplace,CMIIC,"{""alpha"": 0.05}",10,15,3000,19,2026-07-31_19h53_sem_laplace/graphs/golden__v10_a15_g19.json,2026-07-31_19h53_sem_laplace/graphs/CMIIC__v10_a15_g19_s3000.json,metrics: module 'pyagrum' has no attribute 'StructuralMetrics',9.789525540007162,,,,,,
sem_laplace,CPC,"{""alpha"": 0.05, ""max_conditioning_set_size"": 3}",10,15,5000,19,2026-07-31_19h53_sem_laplace/graphs/golden__v10_a15_g19.json,2026-07-31_19h53_sem_laplace/graphs/CPC__v10_a15_g19_s5000.json,metrics: module 'pyagrum' has no attribute 'StructuralMetrics',32.5820753940061,,,,,,
sem_laplace,CMIIC,"{""alpha"": 0.05}",10,15,5000,19,2026-07-31_19h53_sem_laplace/graphs/golden__v10_a15_g19.json,2026-07-31_19h53_sem_laplace/graphs/CMIIC__v10_a15_g19_s5000.json,metrics: module 'pyagrum' has no attribute 'StructuralMetrics',26.35933902800025,,,,,,
sem_laplace,CPC,"{""alpha"": 0.05, ""max_conditioning_set_size"": 3}",10,15,200,20,2026-07-31_19h53_sem_laplace/graphs/golden__v10_a15_g20.json,2026-07-31_19h53_sem_laplace/graphs/CPC__v10_a15_g20_s200.json,metrics: module 'pyagrum' has no attribute 'StructuralMetrics',0.019509113000822254,,,,,,
sem_laplace,CMIIC,"{""alpha"": 0.05}",10,15,200,20,2026-07-31_19h53_sem_laplace/graphs/golden__v10_a15_g20.json,2026-07-31_19h53_sem_laplace/graphs/CMIIC__v10_a15_g20_s200.json,metrics: module 'pyagrum' has no attribute 'StructuralMetrics',0.07008996800868772,,,,,,
sem_laplace,CPC,"{""alpha"": 0.05, ""max_conditioning_set_size"": 3}",10,15,500,20,2026-07-31_19h53_sem_laplace/graphs/golden__v10_a15_g20.json,2026-07-31_19h53_sem_laplace/graphs/CPC__v10_a15_g20_s500.json,metrics: module 'pyagrum' has no attribute 'StructuralMetrics',0.12659380299737677,,,,,,
sem_laplace,CMIIC,"{""alpha"": 0.05}",10,15,500,20,2026-07-31_19h53_sem_laplace/graphs/golden__v10_a15_g20.json,2026-07-31_19h53_sem_laplace/graphs/CMIIC__v10_a15_g20_s500.json,metrics: module 'pyagrum' has no attribute 'StructuralMetrics',0.2903755299921613,,,,,,
sem_laplace,CPC,"{""alpha"": 0.05, ""max_conditioning_set_size"": 3}",10,15,1000,20,2026-07-31_19h53_sem_laplace/graphs/golden__v10_a15_g20.json,2026-07-31_19h53_sem_laplace/graphs/CPC__v10_a15_g20_s1000.json,metrics: module 'pyagrum' has no attribute 'StructuralMetrics',0.7055256409948925,,,,,,
sem_laplace,CMIIC,"{""alpha"": 0.05}",10,15,1000,20,2026-07-31_19h53_sem_laplace/graphs/golden__v10_a15_g20.json,2026-07-31_19h53_sem_laplace/graphs/CMIIC__v10_a15_g20_s1000.json,metrics: module 'pyagrum' has no attribute 'StructuralMetrics',1.0071040289913071,,,,,,
sem_laplace,CPC,"{""alpha"": 0.05, ""max_conditioning_set_size"": 3}",10,15,3000,20,2026-07-31_19h53_sem_laplace/graphs/golden__v10_a15_g20.json,2026-07-31_19h53_sem_laplace/graphs/CPC__v10_a15_g20_s3000.json,metrics: module 'pyagrum' has no attribute 'StructuralMetrics',6.50278574800177,,,,,,
sem_laplace,CMIIC,"{""alpha"": 0.05}",10,15,3000,20,2026-07-31_19h53_sem_laplace/graphs/golden__v10_a15_g20.json,2026-07-31_19h53_sem_laplace/graphs/CMIIC__v10_a15_g20_s3000.json,metrics: module 'pyagrum' has no attribute 'StructuralMetrics',8.173511708009755,,,,,,
sem_laplace,CPC,"{""alpha"": 0.05, ""max_conditioning_set_size"": 3}",10,15,5000,20,2026-07-31_19h53_sem_laplace/graphs/golden__v10_a15_g20.json,2026-07-31_19h53_sem_laplace/graphs/CPC__v10_a15_g20_s5000.json,metrics: module 'pyagrum' has no attribute 'StructuralMetrics',18.27119770400168,,,,,,
sem_laplace,CMIIC,"{""alpha"": 0.05}",10,15,5000,20,2026-07-31_19h53_sem_laplace/graphs/golden__v10_a15_g20.json,2026-07-31_19h53_sem_laplace/graphs/CMIIC__v10_a15_g20_s5000.json,metrics: module 'pyagrum' has no attribute 'StructuralMetrics',21.849633814999834,,,,,,
sem_laplace,CPC,"{""alpha"": 0.05, ""max_conditioning_set_size"": 3}",10,15,200,21,2026-07-31_19h53_sem_laplace/graphs/golden__v10_a15_g21.json,2026-07-31_19h53_sem_laplace/graphs/CPC__v10_a15_g21_s200.json,metrics: module 'pyagrum' has no attribute 'StructuralMetrics',0.028204831993207335,,,,,,
sem_laplace,CMIIC,"{""alpha"": 0.05}",10,15,200,21,2026-07-31_19h53_sem_laplace/graphs/golden__v10_a15_g21.json,2026-07-31_19h53_sem_laplace/graphs/CMIIC__v10_a15_g21_s200.json,metrics: module 'pyagrum' has no attribute 'StructuralMetrics',0.12001537199830636,,,,,,
sem_laplace,CPC,"{""alpha"": 0.05, ""max_conditioning_set_size"": 3}",10,15,500,21,2026-07-31_19h53_sem_laplace/graphs/golden__v10_a15_g21.json,2026-07-31_19h53_sem_laplace/graphs/CPC__v10_a15_g21_s500.json,metrics: module 'pyagrum' has no attribute 'StructuralMetrics',0.2437566679873271,,,,,,
sem_laplace,CMIIC,"{""alpha"": 0.05}",10,15,500,21,2026-07-31_19h53_sem_laplace/graphs/golden__v10_a15_g21.json,2026-07-31_19h53_sem_laplace/graphs/CMIIC__v10_a15_g21_s500.json,metrics: module 'pyagrum' has no attribute 'StructuralMetrics',0.49750500000664033,,,,,,
sem_laplace,CPC,"{""alpha"": 0.05, ""max_conditioning_set_size"": 3}",10,15,1000,21,2026-07-31_19h53_sem_laplace/graphs/golden__v10_a15_g21.json,2026-07-31_19h53_sem_laplace/graphs/CPC__v10_a15_g21_s1000.json,metrics: module 'pyagrum' has no attribute 'StructuralMetrics',1.0396726639883127,,,,,,
sem_laplace,CMIIC,"{""alpha"": 0.05}",10,15,1000,21,2026-07-31_19h53_sem_laplace/graphs/golden__v10_a15_g21.json,2026-07-31_19h53_sem_laplace/graphs/CMIIC__v10_a15_g21_s1000.json,metrics: module 'pyagrum' has no attribute 'StructuralMetrics',1.664786791006918,,,,,,
sem_laplace,CPC,"{""alpha"": 0.05, ""max_conditioning_set_size"": 3}",10,15,3000,21,2026-07-31_19h53_sem_laplace/graphs/golden__v10_a15_g21.json,2026-07-31_19h53_sem_laplace/graphs/CPC__v10_a15_g21_s3000.json,metrics: module 'pyagrum' has no attribute 'StructuralMetrics',14.153451467005652,,,,,,
sem_laplace,CMIIC,"{""alpha"": 0.05}",10,15,3000,21,2026-07-31_19h53_sem_laplace/graphs/golden__v10_a15_g21.json,2026-07-31_19h53_sem_laplace/graphs/CMIIC__v10_a15_g21_s3000.json,metrics: module 'pyagrum' has no attribute 'StructuralMetrics',12.356248938012868,,,,,,
sem_laplace,CPC,"{""alpha"": 0.05, ""max_conditioning_set_size"": 3}",10,15,5000,21,2026-07-31_19h53_sem_laplace/graphs/golden__v10_a15_g21.json,2026-07-31_19h53_sem_laplace/graphs/CPC__v10_a15_g21_s5000.json,metrics: module 'pyagrum' has no attribute 'StructuralMetrics',40.45287270800327,,,,,,
sem_laplace,CMIIC,"{""alpha"": 0.05}",10,15,5000,21,2026-07-31_19h53_sem_laplace/graphs/golden__v10_a15_g21.json,2026-07-31_19h53_sem_laplace/graphs/CMIIC__v10_a15_g21_s5000.json,metrics: module 'pyagrum' has no attribute 'StructuralMetrics',31.722048298004665,,,,,,
sem_laplace,CPC,"{""alpha"": 0.05, ""max_conditioning_set_size"": 3}",10,15,200,22,2026-07-31_19h53_sem_laplace/graphs/golden__v10_a15_g22.json,2026-07-31_19h53_sem_laplace/graphs/CPC__v10_a15_g22_s200.json,metrics: module 'pyagrum' has no attribute 'StructuralMetrics',0.04575275800016243,,,,,,
sem_laplace,CMIIC,"{""alpha"": 0.05}",10,15,200,22,2026-07-31_19h53_sem_laplace/graphs/golden__v10_a15_g22.json,2026-07-31_19h53_sem_laplace/graphs/CMIIC__v10_a15_g22_s200.json,metrics: module 'pyagrum' has no attribute 'StructuralMetrics',0.11494776500330772,,,,,,
sem_laplace,CPC,"{""alpha"": 0.05, ""max_conditioning_set_size"": 3}",10,15,500,22,2026-07-31_19h53_sem_laplace/graphs/golden__v10_a15_g22.json,2026-07-31_19h53_sem_laplace/graphs/CPC__v10_a15_g22_s500.json,metrics: module 'pyagrum' has no attribute 'StructuralMetrics',0.24031598299916368,,,,,,
sem_laplace,CMIIC,"{""alpha"": 0.05}",10,15,500,22,2026-07-31_19h53_sem_laplace/graphs/golden__v10_a15_g22.json,2026-07-31_19h53_sem_laplace/graphs/CMIIC__v10_a15_g22_s500.json,metrics: module 'pyagrum' has no attribute 'StructuralMetrics',0.5304225780128036,,,,,,
sem_laplace,CPC,"{""alpha"": 0.05, ""max_conditioning_set_size"": 3}",10,15,1000,22,2026-07-31_19h53_sem_laplace/graphs/golden__v10_a15_g22.json,2026-07-31_19h53_sem_laplace/graphs/CPC__v10_a15_g22_s1000.json,metrics: module 'pyagrum' has no attribute 'StructuralMetrics',1.4178915219963528,,,,,,
sem_laplace,CMIIC,"{""alpha"": 0.05}",10,15,1000,22,2026-07-31_19h53_sem_laplace/graphs/golden__v10_a15_g22.json,2026-07-31_19h53_sem_laplace/graphs/CMIIC__v10_a15_g22_s1000.json,metrics: module 'pyagrum' has no attribute 'StructuralMetrics',1.7770776669931365,,,,,,
sem_laplace,CPC,"{""alpha"": 0.05, ""max_conditioning_set_size"": 3}",10,15,3000,22,2026-07-31_19h53_sem_laplace/graphs/golden__v10_a15_g22.json,2026-07-31_19h53_sem_laplace/graphs/CPC__v10_a15_g22_s3000.json,metrics: module 'pyagrum' has no attribute 'StructuralMetrics',15.008610938006314,,,,,,
sem_laplace,CMIIC,"{""alpha"": 0.05}",10,15,3000,22,2026-07-31_19h53_sem_laplace/graphs/golden__v10_a15_g22.json,2026-07-31_19h53_sem_laplace/graphs/CMIIC__v10_a15_g22_s3000.json,metrics: module 'pyagrum' has no attribute 'StructuralMetrics',13.706340296004782,,,,,,
sem_laplace,CPC,"{""alpha"": 0.05, ""max_conditioning_set_size"": 3}",10,15,5000,22,2026-07-31_19h53_sem_laplace/graphs/golden__v10_a15_g22.json,2026-07-31_19h53_sem_laplace/graphs/CPC__v10_a15_g22_s5000.json,metrics: module 'pyagrum' has no attribute 'StructuralMetrics',46.34851059100765,,,,,,
sem_laplace,CMIIC,"{""alpha"": 0.05}",10,15,5000,22,2026-07-31_19h53_sem_laplace/graphs/golden__v10_a15_g22.json,2026-07-31_19h53_sem_laplace/graphs/CMIIC__v10_a15_g22_s5000.json,metrics: module 'pyagrum' has no attribute 'StructuralMetrics',30.773435983996023,,,,,,
sem_laplace,CPC,"{""alpha"": 0.05, ""max_conditioning_set_size"": 3}",10,15,200,23,2026-07-31_19h53_sem_laplace/graphs/golden__v10_a15_g23.json,2026-07-31_19h53_sem_laplace/graphs/CPC__v10_a15_g23_s200.json,metrics: module 'pyagrum' has no attribute 'StructuralMetrics',0.020419388005393557,,,,,,
sem_laplace,CMIIC,"{""alpha"": 0.05}",10,15,200,23,2026-07-31_19h53_sem_laplace/graphs/golden__v10_a15_g23.json,2026-07-31_19h53_sem_laplace/graphs/CMIIC__v10_a15_g23_s200.json,metrics: module 'pyagrum' has no attribute 'StructuralMetrics',0.10489244399650488,,,,,,
sem_laplace,CPC,"{""alpha"": 0.05, ""max_conditioning_set_size"": 3}",10,15,500,23,2026-07-31_19h53_sem_laplace/graphs/golden__v10_a15_g23.json,2026-07-31_19h53_sem_laplace/graphs/CPC__v10_a15_g23_s500.json,metrics: module 'pyagrum' has no attribute 'StructuralMetrics',0.16662695800187066,,,,,,
sem_laplace,CMIIC,"{""alpha"": 0.05}",10,15,500,23,2026-07-31_19h53_sem_laplace/graphs/golden__v10_a15_g23.json,2026-07-31_19h53_sem_laplace/graphs/CMIIC__v10_a15_g23_s500.json,metrics: module 'pyagrum' has no attribute 'StructuralMetrics',0.4543292599992128,,,,,,
sem_laplace,CPC,"{""alpha"": 0.05, ""max_conditioning_set_size"": 3}",10,15,1000,23,2026-07-31_19h53_sem_laplace/graphs/golden__v10_a15_g23.json,2026-07-31_19h53_sem_laplace/graphs/CPC__v10_a15_g23_s1000.json,metrics: module 'pyagrum' has no attribute 'StructuralMetrics',0.8084851820021868,,,,,,
sem_laplace,CMIIC,"{""alpha"": 0.05}",10,15,1000,23,2026-07-31_19h53_sem_laplace/graphs/golden__v10_a15_g23.json,2026-07-31_19h53_sem_laplace/graphs/CMIIC__v10_a15_g23_s1000.json,metrics: module 'pyagrum' has no attribute 'StructuralMetrics',1.3143957239954034,,,,,,
sem_laplace,CPC,"{""alpha"": 0.05, ""max_conditioning_set_size"": 3}",10,15,3000,23,2026-07-31_19h53_sem_laplace/graphs/golden__v10_a15_g23.json,2026-07-31_19h53_sem_laplace/graphs/CPC__v10_a15_g23_s3000.json,metrics: module 'pyagrum' has no attribute 'StructuralMetrics',8.785772185001406,,,,,,
sem_laplace,CMIIC,"{""alpha"": 0.05}",10,15,3000,23,2026-07-31_19h53_sem_laplace/graphs/golden__v10_a15_g23.json,2026-07-31_19h53_sem_laplace/graphs/CMIIC__v10_a15_g23_s3000.json,metrics: module 'pyagrum' has no attribute 'StructuralMetrics',10.401464074006071,,,,,,
sem_laplace,CPC,"{""alpha"": 0.05, ""max_conditioning_set_size"": 3}",10,15,5000,23,2026-07-31_19h53_sem_laplace/graphs/golden__v10_a15_g23.json,2026-07-31_19h53_sem_laplace/graphs/CPC__v10_a15_g23_s5000.json,metrics: module 'pyagrum' has no attribute 'StructuralMetrics',26.333529372001067,,,,,,
sem_laplace,CMIIC,"{""alpha"": 0.05}",10,15,5000,23,2026-07-31_19h53_sem_laplace/graphs/golden__v10_a15_g23.json,2026-07-31_19h53_sem_laplace/graphs/CMIIC__v10_a15_g23_s5000.json,metrics: module 'pyagrum' has no attribute 'StructuralMetrics',28.711366700998042,,,,,,
sem_laplace,CPC,"{""alpha"": 0.05, ""max_conditioning_set_size"": 3}",10,15,200,24,2026-07-31_19h53_sem_laplace/graphs/golden__v10_a15_g24.json,2026-07-31_19h53_sem_laplace/graphs/CPC__v10_a15_g24_s200.json,metrics: module 'pyagrum' has no attribute 'StructuralMetrics',0.023828716002753936,,,,,,
sem_laplace,CMIIC,"{""alpha"": 0.05}",10,15,200,24,2026-07-31_19h53_sem_laplace/graphs/golden__v10_a15_g24.json,2026-07-31_19h53_sem_laplace/graphs/CMIIC__v10_a15_g24_s200.json,metrics: module 'pyagrum' has no attribute 'StructuralMetrics',0.07567385600123089,,,,,,
sem_laplace,CPC,"{""alpha"": 0.05, ""max_conditioning_set_size"": 3}",10,15,500,24,2026-07-31_19h53_sem_laplace/graphs/golden__v10_a15_g24.json,2026-07-31_19h53_sem_laplace/graphs/CPC__v10_a15_g24_s500.json,metrics: module 'pyagrum' has no attribute 'StructuralMetrics',0.14397308300249279,,,,,,
sem_laplace,CMIIC,"{""alpha"": 0.05}",10,15,500,24,2026-07-31_19h53_sem_laplace/graphs/golden__v10_a15_g24.json,2026-07-31_19h53_sem_laplace/graphs/CMIIC__v10_a15_g24_s500.json,metrics: module 'pyagrum' has no attribute 'StructuralMetrics',0.32441779600048903,,,,,,
sem_laplace,CPC,"{""alpha"": 0.05, ""max_conditioning_set_size"": 3}",10,15,1000,24,2026-07-31_19h53_sem_laplace/graphs/golden__v10_a15_g24.json,2026-07-31_19h53_sem_laplace/graphs/CPC__v10_a15_g24_s1000.json,metrics: module 'pyagrum' has no attribute 'StructuralMetrics',0.7975014640105655,,,,,,
sem_laplace,CMIIC,"{""alpha"": 0.05}",10,15,1000,24,2026-07-31_19h53_sem_laplace/graphs/golden__v10_a15_g24.json,2026-07-31_19h53_sem_laplace/graphs/CMIIC__v10_a15_g24_s1000.json,metrics: module 'pyagrum' has no attribute 'StructuralMetrics',1.080177943003946,,,,,,
sem_laplace,CPC,"{""alpha"": 0.05, ""max_conditioning_set_size"": 3}",10,15,3000,24,2026-07-31_19h53_sem_laplace/graphs/golden__v10_a15_g24.json,2026-07-31_19h53_sem_laplace/graphs/CPC__v10_a15_g24_s3000.json,metrics: module 'pyagrum' has no attribute 'StructuralMetrics',9.776248712005327,,,,,,
sem_laplace,CMIIC,"{""alpha"": 0.05}",10,15,3000,24,2026-07-31_19h53_sem_laplace/graphs/golden__v10_a15_g24.json,2026-07-31_19h53_sem_laplace/graphs/CMIIC__v10_a15_g24_s3000.json,metrics: module 'pyagrum' has no attribute 'StructuralMetrics',8.492914084999938,,,,,,
sem_laplace,CPC,"{""alpha"": 0.05, ""max_conditioning_set_size"": 3}",10,15,5000,24,2026-07-31_19h53_sem_laplace/graphs/golden__v10_a15_g24.json,2026-07-31_19h53_sem_laplace/graphs/CPC__v10_a15_g24_s5000.json,metrics: module 'pyagrum' has no attribute 'StructuralMetrics',28.655992200001492,,,,,,
sem_laplace,CMIIC,"{""alpha"": 0.05}",10,15,5000,24,2026-07-31_19h53_sem_laplace/graphs/golden__v10_a15_g24.json,2026-07-31_19h53_sem_laplace/graphs/CMIIC__v10_a15_g24_s5000.json,metrics: module 'pyagrum' has no attribute 'StructuralMetrics',23.55847221100703,,,,,,
sem_laplace,CPC,"{""alpha"": 0.05, ""max_conditioning_set_size"": 3}",10,15,200,25,2026-07-31_19h53_sem_laplace/graphs/golden__v10_a15_g25.json,2026-07-31_19h53_sem_laplace/graphs/CPC__v10_a15_g25_s200.json,metrics: module 'pyagrum' has no attribute 'StructuralMetrics',0.037930007005343214,,,,,,
sem_laplace,CMIIC,"{""alpha"": 0.05}",10,15,200,25,2026-07-31_19h53_sem_laplace/graphs/golden__v10_a15_g25.json,2026-07-31_19h53_sem_laplace/graphs/CMIIC__v10_a15_g25_s200.json,metrics: module 'pyagrum' has no attribute 'StructuralMetrics',0.08786307999980636,,,,,,
sem_laplace,CPC,"{""alpha"": 0.05, ""max_conditioning_set_size"": 3}",10,15,500,25,2026-07-31_19h53_sem_laplace/graphs/golden__v10_a15_g25.json,2026-07-31_19h53_sem_laplace/graphs/CPC__v10_a15_g25_s500.json,metrics: module 'pyagrum' has no attribute 'StructuralMetrics',0.1694677560008131,,,,,,
sem_laplace,CMIIC,"{""alpha"": 0.05}",10,15,500,25,2026-07-31_19h53_sem_laplace/graphs/golden__v10_a15_g25.json,2026-07-31_19h53_sem_laplace/graphs/CMIIC__v10_a15_g25_s500.json,metrics: module 'pyagrum' has no attribute 'StructuralMetrics',0.34934623700974043,,,,,,
sem_laplace,CPC,"{""alpha"": 0.05, ""max_conditioning_set_size"": 3}",10,15,1000,25,2026-07-31_19h53_sem_laplace/graphs/golden__v10_a15_g25.json,2026-07-31_19h53_sem_laplace/graphs/CPC__v10_a15_g25_s1000.json,metrics: module 'pyagrum' has no attribute 'StructuralMetrics',0.8279957339982502,,,,,,
sem_laplace,CMIIC,"{""alpha"": 0.05}",10,15,1000,25,2026-07-31_19h53_sem_laplace/graphs/golden__v10_a15_g25.json,2026-07-31_19h53_sem_laplace/graphs/CMIIC__v10_a15_g25_s1000.json,metrics: module 'pyagrum' has no attribute 'StructuralMetrics',1.214411132998066,,,,,,
sem_laplace,CPC,"{""alpha"": 0.05, ""max_conditioning_set_size"": 3}",10,15,3000,25,2026-07-31_19h53_sem_laplace/graphs/golden__v10_a15_g25.json,2026-07-31_19h53_sem_laplace/graphs/CPC__v10_a15_g25_s3000.json,metrics: module 'pyagrum' has no attribute 'StructuralMetrics',8.072274731006473,,,,,,
sem_laplace,CMIIC,"{""alpha"": 0.05}",10,15,3000,25,2026-07-31_19h53_sem_laplace/graphs/golden__v10_a15_g25.json,2026-07-31_19h53_sem_laplace/graphs/CMIIC__v10_a15_g25_s3000.json,metrics: module 'pyagrum' has no attribute 'StructuralMetrics',9.43717579600343,,,,,,
sem_laplace,CPC,"{""alpha"": 0.05, ""max_conditioning_set_size"": 3}",10,15,5000,25,2026-07-31_19h53_sem_laplace/graphs/golden__v10_a15_g25.json,2026-07-31_19h53_sem_laplace/graphs/CPC__v10_a15_g25_s5000.json,metrics: module 'pyagrum' has no attribute 'StructuralMetrics',24.517992417997448,,,,,,
sem_laplace,CMIIC,"{""alpha"": 0.05}",10,15,5000,25,2026-07-31_19h53_sem_laplace/graphs/golden__v10_a15_g25.json,2026-07-31_19h53_sem_laplace/graphs/CMIIC__v10_a15_g25_s5000.json,metrics: module 'pyagrum' has no attribute 'StructuralMetrics',25.745294471998932,,,,,,
sem_laplace,CPC,"{""alpha"": 0.05, ""max_conditioning_set_size"": 3}",10,15,200,26,2026-07-31_19h53_sem_laplace/graphs/golden__v10_a15_g26.json,2026-07-31_19h53_sem_laplace/graphs/CPC__v10_a15_g26_s200.json,metrics: module 'pyagrum' has no attribute 'StructuralMetrics',0.02115582900296431,,,,,,
sem_laplace,CMIIC,"{""alpha"": 0.05}",10,15,200,26,2026-07-31_19h53_sem_laplace/graphs/golden__v10_a15_g26.json,2026-07-31_19h53_sem_laplace/graphs/CMIIC__v10_a15_g26_s200.json,metrics: module 'pyagrum' has no attribute 'StructuralMetrics',0.08411040798819158,,,,,,
sem_laplace,CPC,"{""alpha"": 0.05, ""max_conditioning_set_size"": 3}",10,15,500,26,2026-07-31_19h53_sem_laplace/graphs/golden__v10_a15_g26.json,2026-07-31_19h53_sem_laplace/graphs/CPC__v10_a15_g26_s500.json,metrics: module 'pyagrum' has no attribute 'StructuralMetrics',0.16060406100586988,,,,,,
sem_laplace,CMIIC,"{""alpha"": 0.05}",10,15,500,26,2026-07-31_19h53_sem_laplace/graphs/golden__v10_a15_g26.json,2026-07-31_19h53_sem_laplace/graphs/CMIIC__v10_a15_g26_s500.json,metrics: module 'pyagrum' has no attribute 'StructuralMetrics',0.2956682619987987,,,,,,
sem_laplace,CPC,"{""alpha"": 0.05, ""max_conditioning_set_size"": 3}",10,15,1000,26,2026-07-31_19h53_sem_laplace/graphs/golden__v10_a15_g26.json,2026-07-31_19h53_sem_laplace/graphs/CPC__v10_a15_g26_s1000.json,metrics: module 'pyagrum' has no attribute 'StructuralMetrics',0.7862068530084798,,,,,,
sem_laplace,CMIIC,"{""alpha"": 0.05}",10,15,1000,26,2026-07-31_19h53_sem_laplace/graphs/golden__v10_a15_g26.json,2026-07-31_19h53_sem_laplace/graphs/CMIIC__v10_a15_g26_s1000.json,metrics: module 'pyagrum' has no attribute 'StructuralMetrics',1.0183799730002647,,,,,,
sem_laplace,CPC,"{""alpha"": 0.05, ""max_conditioning_set_size"": 3}",10,15,3000,26,2026-07-31_19h53_sem_laplace/graphs/golden__v10_a15_g26.json,2026-07-31_19h53_sem_laplace/graphs/CPC__v10_a15_g26_s3000.json,metrics: module 'pyagrum' has no attribute 'StructuralMetrics',7.0269448129984085,,,,,,
sem_laplace,CMIIC,"{""alpha"": 0.05}",10,15,3000,26,2026-07-31_19h53_sem_laplace/graphs/golden__v10_a15_g26.json,2026-07-31_19h53_sem_laplace/graphs/CMIIC__v10_a15_g26_s3000.json,metrics: module 'pyagrum' has no attribute 'StructuralMetrics',8.467517737997696,,,,,,
sem_laplace,CPC,"{""alpha"": 0.05, ""max_conditioning_set_size"": 3}",10,15,5000,26,2026-07-31_19h53_sem_laplace/graphs/golden__v10_a15_g26.json,2026-07-31_19h53_sem_laplace/graphs/CPC__v10_a15_g26_s5000.json,metrics: module 'pyagrum' has no attribute 'StructuralMetrics',27.300857994996477,,,,,,
sem_laplace,CMIIC,"{""alpha"": 0.05}",10,15,5000,26,2026-07-31_19h53_sem_laplace/graphs/golden__v10_a15_g26.json,2026-07-31_19h53_sem_laplace/graphs/CMIIC__v10_a15_g26_s5000.json,metrics: module 'pyagrum' has no attribute 'StructuralMetrics',23.211288494989276,,,,,,
sem_laplace,CPC,"{""alpha"": 0.05, ""max_conditioning_set_size"": 3}",10,15,200,27,2026-07-31_19h53_sem_laplace/graphs/golden__v10_a15_g27.json,2026-07-31_19h53_sem_laplace/graphs/CPC__v10_a15_g27_s200.json,metrics: module 'pyagrum' has no attribute 'StructuralMetrics',0.017845815993496217,,,,,,
sem_laplace,CMIIC,"{""alpha"": 0.05}",10,15,200,27,2026-07-31_19h53_sem_laplace/graphs/golden__v10_a15_g27.json,2026-07-31_19h53_sem_laplace/graphs/CMIIC__v10_a15_g27_s200.json,metrics: module 'pyagrum' has no attribute 'StructuralMetrics',0.07547397298912983,,,,,,
sem_laplace,CPC,"{""alpha"": 0.05, ""max_conditioning_set_size"": 3}",10,15,500,27,2026-07-31_19h53_sem_laplace/graphs/golden__v10_a15_g27.json,2026-07-31_19h53_sem_laplace/graphs/CPC__v10_a15_g27_s500.json,metrics: module 'pyagrum' has no attribute 'StructuralMetrics',0.12768080800015014,,,,,,
sem_laplace,CMIIC,"{""alpha"": 0.05}",10,15,500,27,2026-07-31_19h53_sem_laplace/graphs/golden__v10_a15_g27.json,2026-07-31_19h53_sem_laplace/graphs/CMIIC__v10_a15_g27_s500.json,metrics: module 'pyagrum' has no attribute 'StructuralMetrics',0.30927143200824503,,,,,,
sem_laplace,CPC,"{""alpha"": 0.05, ""max_conditioning_set_size"": 3}",10,15,1000,27,2026-07-31_19h53_sem_laplace/graphs/golden__v10_a15_g27.json,2026-07-31_19h53_sem_laplace/graphs/CPC__v10_a15_g27_s1000.json,metrics: module 'pyagrum' has no attribute 'StructuralMetrics',0.6466383950028103,,,,,,
sem_laplace,CMIIC,"{""alpha"": 0.05}",10,15,1000,27,2026-07-31_19h53_sem_laplace/graphs/golden__v10_a15_g27.json,2026-07-31_19h53_sem_laplace/graphs/CMIIC__v10_a15_g27_s1000.json,metrics: module 'pyagrum' has no attribute 'StructuralMetrics',1.0976092670025537,,,,,,
sem_laplace,CPC,"{""alpha"": 0.05, ""max_conditioning_set_size"": 3}",10,15,3000,27,2026-07-31_19h53_sem_laplace/graphs/golden__v10_a15_g27.json,2026-07-31_19h53_sem_laplace/graphs/CPC__v10_a15_g27_s3000.json,metrics: module 'pyagrum' has no attribute 'StructuralMetrics',7.87606882500404,,,,,,
sem_laplace,CMIIC,"{""alpha"": 0.05}",10,15,3000,27,2026-07-31_19h53_sem_laplace/graphs/golden__v10_a15_g27.json,2026-07-31_19h53_sem_laplace/graphs/CMIIC__v10_a15_g27_s3000.json,metrics: module 'pyagrum' has no attribute 'StructuralMetrics',8.785492348004482,,,,,,
sem_laplace,CPC,"{""alpha"": 0.05, ""max_conditioning_set_size"": 3}",10,15,5000,27,2026-07-31_19h53_sem_laplace/graphs/golden__v10_a15_g27.json,2026-07-31_19h53_sem_laplace/graphs/CPC__v10_a15_g27_s5000.json,metrics: module 'pyagrum' has no attribute 'StructuralMetrics',22.877651260001585,,,,,,
sem_laplace,CMIIC,"{""alpha"": 0.05}",10,15,5000,27,2026-07-31_19h53_sem_laplace/graphs/golden__v10_a15_g27.json,2026-07-31_19h53_sem_laplace/graphs/CMIIC__v10_a15_g27_s5000.json,metrics: module 'pyagrum' has no attribute 'StructuralMetrics',23.720364546999917,,,,,,
sem_laplace,CPC,"{""alpha"": 0.05, ""max_conditioning_set_size"": 3}",10,15,200,28,2026-07-31_19h53_sem_laplace/graphs/golden__v10_a15_g28.json,2026-07-31_19h53_sem_laplace/graphs/CPC__v10_a15_g28_s200.json,metrics: module 'pyagrum' has no attribute 'StructuralMetrics',0.019133909008814953,,,,,,
sem_laplace,CMIIC,"{""alpha"": 0.05}",10,15,200,28,2026-07-31_19h53_sem_laplace/graphs/golden__v10_a15_g28.json,2026-07-31_19h53_sem_laplace/graphs/CMIIC__v10_a15_g28_s200.json,metrics: module 'pyagrum' has no attribute 'StructuralMetrics',0.06432184200093616,,,,,,
sem_laplace,CPC,"{""alpha"": 0.05, ""max_conditioning_set_size"": 3}",10,15,500,28,2026-07-31_19h53_sem_laplace/graphs/golden__v10_a15_g28.json,2026-07-31_19h53_sem_laplace/graphs/CPC__v10_a15_g28_s500.json,metrics: module 'pyagrum' has no attribute 'StructuralMetrics',0.10610562498914078,,,,,,
sem_laplace,CMIIC,"{""alpha"": 0.05}",10,15,500,28,2026-07-31_19h53_sem_laplace/graphs/golden__v10_a15_g28.json,2026-07-31_19h53_sem_laplace/graphs/CMIIC__v10_a15_g28_s500.json,metrics: module 'pyagrum' has no attribute 'StructuralMetrics',0.25080295499356,,,,,,
sem_laplace,CPC,"{""alpha"": 0.05, ""max_conditioning_set_size"": 3}",10,15,1000,28,2026-07-31_19h53_sem_laplace/graphs/golden__v10_a15_g28.json,2026-07-31_19h53_sem_laplace/graphs/CPC__v10_a15_g28_s1000.json,metrics: module 'pyagrum' has no attribute 'StructuralMetrics',0.4951187639962882,,,,,,
sem_laplace,CMIIC,"{""alpha"": 0.05}",10,15,1000,28,2026-07-31_19h53_sem_laplace/graphs/golden__v10_a15_g28.json,2026-07-31_19h53_sem_laplace/graphs/CMIIC__v10_a15_g28_s1000.json,metrics: module 'pyagrum' has no attribute 'StructuralMetrics',0.9417635549907573,,,,,,
sem_laplace,CPC,"{""alpha"": 0.05, ""max_conditioning_set_size"": 3}",10,15,3000,28,2026-07-31_19h53_sem_laplace/graphs/golden__v10_a15_g28.json,2026-07-31_19h53_sem_laplace/graphs/CPC__v10_a15_g28_s3000.json,metrics: module 'pyagrum' has no attribute 'StructuralMetrics',4.015100030999747,,,,,,
sem_laplace,CMIIC,"{""alpha"": 0.05}",10,15,3000,28,2026-07-31_19h53_sem_laplace/graphs/golden__v10_a15_g28.json,2026-07-31_19h53_sem_laplace/graphs/CMIIC__v10_a15_g28_s3000.json,metrics: module 'pyagrum' has no attribute 'StructuralMetrics',7.540180167998187,,,,,,
sem_laplace,CPC,"{""alpha"": 0.05, ""max_conditioning_set_size"": 3}",10,15,5000,28,2026-07-31_19h53_sem_laplace/graphs/golden__v10_a15_g28.json,2026-07-31_19h53_sem_laplace/graphs/CPC__v10_a15_g28_s5000.json,metrics: module 'pyagrum' has no attribute 'StructuralMetrics',12.51444102798996,,,,,,
sem_laplace,CMIIC,"{""alpha"": 0.05}",10,15,5000,28,2026-07-31_19h53_sem_laplace/graphs/golden__v10_a15_g28.json,2026-07-31_19h53_sem_laplace/graphs/CMIIC__v10_a15_g28_s5000.json,metrics: module 'pyagrum' has no attribute 'StructuralMetrics',20.33876207600406,,,,,,
sem_laplace,CPC,"{""alpha"": 0.05, ""max_conditioning_set_size"": 3}",10,15,200,29,2026-07-31_19h53_sem_laplace/graphs/golden__v10_a15_g29.json,2026-07-31_19h53_sem_laplace/graphs/CPC__v10_a15_g29_s200.json,metrics: module 'pyagrum' has no attribute 'StructuralMetrics',0.029536828995333053,,,,,,
sem_laplace,CMIIC,"{""alpha"": 0.05}",10,15,200,29,2026-07-31_19h53_sem_laplace/graphs/golden__v10_a15_g29.json,2026-07-31_19h53_sem_laplace/graphs/CMIIC__v10_a15_g29_s200.json,metrics: module 'pyagrum' has no attribute 'StructuralMetrics',0.07167971700255293,,,,,,
sem_laplace,CPC,"{""alpha"": 0.05, ""max_conditioning_set_size"": 3}",10,15,500,29,2026-07-31_19h53_sem_laplace/graphs/golden__v10_a15_g29.json,2026-07-31_19h53_sem_laplace/graphs/CPC__v10_a15_g29_s500.json,metrics: module 'pyagrum' has no attribute 'StructuralMetrics',0.19048963900422677,,,,,,
sem_laplace,CMIIC,"{""alpha"": 0.05}",10,15,500,29,2026-07-31_19h53_sem_laplace/graphs/golden__v10_a15_g29.json,2026-07-31_19h53_sem_laplace/graphs/CMIIC__v10_a15_g29_s500.json,metrics: module 'pyagrum' has no attribute 'StructuralMetrics',0.38339153499691747,,,,,,
sem_laplace,CPC,"{""alpha"": 0.05, ""max_conditioning_set_size"": 3}",10,15,1000,29,2026-07-31_19h53_sem_laplace/graphs/golden__v10_a15_g29.json,2026-07-31_19h53_sem_laplace/graphs/CPC__v10_a15_g29_s1000.json,metrics: module 'pyagrum' has no attribute 'StructuralMetrics',0.8447732549975626,,,,,,
sem_laplace,CMIIC,"{""alpha"": 0.05}",10,15,1000,29,2026-07-31_19h53_sem_laplace/graphs/golden__v10_a15_g29.json,2026-07-31_19h53_sem_laplace/graphs/CMIIC__v10_a15_g29_s1000.json,metrics: module 'pyagrum' has no attribute 'StructuralMetrics',1.3034676349925576,,,,,,
sem_laplace,CPC,"{""alpha"": 0.05, ""max_conditioning_set_size"": 3}",10,15,3000,29,2026-07-31_19h53_sem_laplace/graphs/golden__v10_a15_g29.json,2026-07-31_19h53_sem_laplace/graphs/CPC__v10_a15_g29_s3000.json,metrics: module 'pyagrum' has no attribute 'StructuralMetrics',9.190946350994636,,,,,,
sem_laplace,CMIIC,"{""alpha"": 0.05}",10,15,3000,29,2026-07-31_19h53_sem_laplace/graphs/golden__v10_a15_g29.json,2026-07-31_19h53_sem_laplace/graphs/CMIIC__v10_a15_g29_s3000.json,metrics: module 'pyagrum' has no attribute 'StructuralMetrics',10.014600636990508,,,,,,
sem_laplace,CPC,"{""alpha"": 0.05, ""max_conditioning_set_size"": 3}",10,15,5000,29,2026-07-31_19h53_sem_laplace/graphs/golden__v10_a15_g29.json,2026-07-31_19h53_sem_laplace/graphs/CPC__v10_a15_g29_s5000.json,metrics: module 'pyagrum' has no attribute 'StructuralMetrics',31.743680020998,,,,,,
sem_laplace,CMIIC,"{""alpha"": 0.05}",10,15,5000,29,2026-07-31_19h53_sem_laplace/graphs/golden__v10_a15_g29.json,2026-07-31_19h53_sem_laplace/graphs/CMIIC__v10_a15_g29_s5000.json,metrics: module 'pyagrum' has no attribute 'StructuralMetrics',26.342785312008345,,,,,,
sem_laplace,CPC,"{""alpha"": 0.05, ""max_conditioning_set_size"": 3}",20,30,200,0,2026-07-31_19h53_sem_laplace/graphs/golden__v20_a30_g0.json,2026-07-31_19h53_sem_laplace/graphs/CPC__v20_a30_g0_s200.json,metrics: module 'pyagrum' has no attribute 'StructuralMetrics',0.059652313007973135,,,,,,
sem_laplace,CMIIC,"{""alpha"": 0.05}",20,30,200,0,2026-07-31_19h53_sem_laplace/graphs/golden__v20_a30_g0.json,2026-07-31_19h53_sem_laplace/graphs/CMIIC__v20_a30_g0_s200.json,metrics: module 'pyagrum' has no attribute 'StructuralMetrics',0.3188505699945381,,,,,,
sem_laplace,CPC,"{""alpha"": 0.05, ""max_conditioning_set_size"": 3}",20,30,500,0,2026-07-31_19h53_sem_laplace/graphs/golden__v20_a30_g0.json,2026-07-31_19h53_sem_laplace/graphs/CPC__v20_a30_g0_s500.json,metrics: module 'pyagrum' has no attribute 'StructuralMetrics',0.45597861299756914,,,,,,
sem_laplace,CMIIC,"{""alpha"": 0.05}",20,30,500,0,2026-07-31_19h53_sem_laplace/graphs/golden__v20_a30_g0.json,2026-07-31_19h53_sem_laplace/graphs/CMIIC__v20_a30_g0_s500.json,metrics: module 'pyagrum' has no attribute 'StructuralMetrics',1.578251041995827,,,,,,
sem_laplace,CPC,"{""alpha"": 0.05, ""max_conditioning_set_size"": 3}",20,30,1000,0,2026-07-31_19h53_sem_laplace/graphs/golden__v20_a30_g0.json,2026-07-31_19h53_sem_laplace/graphs/CPC__v20_a30_g0_s1000.json,metrics: module 'pyagrum' has no attribute 'StructuralMetrics',1.992225355003029,,,,,,
sem_laplace,CMIIC,"{""alpha"": 0.05}",20,30,1000,0,2026-07-31_19h53_sem_laplace/graphs/golden__v20_a30_g0.json,2026-07-31_19h53_sem_laplace/graphs/CMIIC__v20_a30_g0_s1000.json,metrics: module 'pyagrum' has no attribute 'StructuralMetrics',5.3678104920109035,,,,,,
sem_laplace,CPC,"{""alpha"": 0.05, ""max_conditioning_set_size"": 3}",20,30,3000,0,2026-07-31_19h53_sem_laplace/graphs/golden__v20_a30_g0.json,2026-07-31_19h53_sem_laplace/graphs/CPC__v20_a30_g0_s3000.json,metrics: module 'pyagrum' has no attribute 'StructuralMetrics',21.478845831996296,,,,,,
sem_laplace,CMIIC,"{""alpha"": 0.05}",20,30,3000,0,2026-07-31_19h53_sem_laplace/graphs/golden__v20_a30_g0.json,2026-07-31_19h53_sem_laplace/graphs/CMIIC__v20_a30_g0_s3000.json,metrics: module 'pyagrum' has no attribute 'StructuralMetrics',41.22965241900238,,,,,,
sem_laplace,CPC,"{""alpha"": 0.05, ""max_conditioning_set_size"": 3}",20,30,5000,0,2026-07-31_19h53_sem_laplace/graphs/golden__v20_a30_g0.json,2026-07-31_19h53_sem_laplace/graphs/CPC__v20_a30_g0_s5000.json,metrics: module 'pyagrum' has no attribute 'StructuralMetrics',68.97935984299693,,,,,,
sem_laplace,CMIIC,"{""alpha"": 0.05}",20,30,5000,0,2026-07-31_19h53_sem_laplace/graphs/golden__v20_a30_g0.json,2026-07-31_19h53_sem_laplace/graphs/CMIIC__v20_a30_g0_s5000.json,metrics: module 'pyagrum' has no attribute 'StructuralMetrics',111.36742039999808,,,,,,
sem_laplace,CPC,"{""alpha"": 0.05, ""max_conditioning_set_size"": 3}",20,30,200,1,2026-07-31_19h53_sem_laplace/graphs/golden__v20_a30_g1.json,2026-07-31_19h53_sem_laplace/graphs/CPC__v20_a30_g1_s200.json,metrics: module 'pyagrum' has no attribute 'StructuralMetrics',0.06421493401285261,,,,,,
sem_laplace,CMIIC,"{""alpha"": 0.05}",20,30,200,1,2026-07-31_19h53_sem_laplace/graphs/golden__v20_a30_g1.json,2026-07-31_19h53_sem_laplace/graphs/CMIIC__v20_a30_g1_s200.json,metrics: module 'pyagrum' has no attribute 'StructuralMetrics',0.4587474639993161,,,,,,
sem_laplace,CPC,"{""alpha"": 0.05, ""max_conditioning_set_size"": 3}",20,30,500,1,2026-07-31_19h53_sem_laplace/graphs/golden__v20_a30_g1.json,2026-07-31_19h53_sem_laplace/graphs/CPC__v20_a30_g1_s500.json,metrics: module 'pyagrum' has no attribute 'StructuralMetrics',0.6163296639861073,,,,,,
sem_laplace,CMIIC,"{""alpha"": 0.05}",20,30,500,1,2026-07-31_19h53_sem_laplace/graphs/golden__v20_a30_g1.json,2026-07-31_19h53_sem_laplace/graphs/CMIIC__v20_a30_g1_s500.json,metrics: module 'pyagrum' has no attribute 'StructuralMetrics',1.9330579179950291,,,,,,
sem_laplace,CPC,"{""alpha"": 0.05, ""max_conditioning_set_size"": 3}",20,30,1000,1,2026-07-31_19h53_sem_laplace/graphs/golden__v20_a30_g1.json,2026-07-31_19h53_sem_laplace/graphs/CPC__v20_a30_g1_s1000.json,metrics: module 'pyagrum' has no attribute 'StructuralMetrics',3.1098211119970074,,,,,,
sem_laplace,CMIIC,"{""alpha"": 0.05}",20,30,1000,1,2026-07-31_19h53_sem_laplace/graphs/golden__v20_a30_g1.json,2026-07-31_19h53_sem_laplace/graphs/CMIIC__v20_a30_g1_s1000.json,metrics: module 'pyagrum' has no attribute 'StructuralMetrics',6.300189280009363,,,,,,
sem_laplace,CPC,"{""alpha"": 0.05, ""max_conditioning_set_size"": 3}",20,30,3000,1,2026-07-31_19h53_sem_laplace/graphs/golden__v20_a30_g1.json,2026-07-31_19h53_sem_laplace/graphs/CPC__v20_a30_g1_s3000.json,metrics: module 'pyagrum' has no attribute 'StructuralMetrics',37.32154703499691,,,,,,
sem_laplace,CMIIC,"{""alpha"": 0.05}",20,30,3000,1,2026-07-31_19h53_sem_laplace/graphs/golden__v20_a30_g1.json,2026-07-31_19h53_sem_laplace/graphs/CMIIC__v20_a30_g1_s3000.json,metrics: module 'pyagrum' has no attribute 'StructuralMetrics',52.11148786600097,,,,,,
sem_laplace,CPC,"{""alpha"": 0.05, ""max_conditioning_set_size"": 3}",20,30,5000,1,2026-07-31_19h53_sem_laplace/graphs/golden__v20_a30_g1.json,2026-07-31_19h53_sem_laplace/graphs/CPC__v20_a30_g1_s5000.json,metrics: module 'pyagrum' has no attribute 'StructuralMetrics',112.90430933900643,,,,,,
sem_laplace,CMIIC,"{""alpha"": 0.05}",20,30,5000,1,2026-07-31_19h53_sem_laplace/graphs/golden__v20_a30_g1.json,2026-07-31_19h53_sem_laplace/graphs/CMIIC__v20_a30_g1_s5000.json,metrics: module 'pyagrum' has no attribute 'StructuralMetrics',142.8102596020035,,,,,,
sem_laplace,CPC,"{""alpha"": 0.05, ""max_conditioning_set_size"": 3}",20,30,200,2,2026-07-31_19h53_sem_laplace/graphs/golden__v20_a30_g2.json,2026-07-31_19h53_sem_laplace/graphs/CPC__v20_a30_g2_s200.json,metrics: module 'pyagrum' has no attribute 'StructuralMetrics',0.0651112240011571,,,,,,
sem_laplace,CMIIC,"{""alpha"": 0.05}",20,30,200,2,2026-07-31_19h53_sem_laplace/graphs/golden__v20_a30_g2.json,2026-07-31_19h53_sem_laplace/graphs/CMIIC__v20_a30_g2_s200.json,metrics: module 'pyagrum' has no attribute 'StructuralMetrics',0.3581219510087976,,,,,,
sem_laplace,CPC,"{""alpha"": 0.05, ""max_conditioning_set_size"": 3}",20,30,500,2,2026-07-31_19h53_sem_laplace/graphs/golden__v20_a30_g2.json,2026-07-31_19h53_sem_laplace/graphs/CPC__v20_a30_g2_s500.json,metrics: module 'pyagrum' has no attribute 'StructuralMetrics',0.4940992060001008,,,,,,
sem_laplace,CMIIC,"{""alpha"": 0.05}",20,30,500,2,2026-07-31_19h53_sem_laplace/graphs/golden__v20_a30_g2.json,2026-07-31_19h53_sem_laplace/graphs/CMIIC__v20_a30_g2_s500.json,metrics: module 'pyagrum' has no attribute 'StructuralMetrics',1.5416511679941323,,,,,,
sem_laplace,CPC,"{""alpha"": 0.05, ""max_conditioning_set_size"": 3}",20,30,1000,2,2026-07-31_19h53_sem_laplace/graphs/golden__v20_a30_g2.json,2026-07-31_19h53_sem_laplace/graphs/CPC__v20_a30_g2_s1000.json,metrics: module 'pyagrum' has no attribute 'StructuralMetrics',2.2375437969894847,,,,,,
sem_laplace,CMIIC,"{""alpha"": 0.05}",20,30,1000,2,2026-07-31_19h53_sem_laplace/graphs/golden__v20_a30_g2.json,2026-07-31_19h53_sem_laplace/graphs/CMIIC__v20_a30_g2_s1000.json,metrics: module 'pyagrum' has no attribute 'StructuralMetrics',5.390952694011503,,,,,,
sem_laplace,CPC,"{""alpha"": 0.05, ""max_conditioning_set_size"": 3}",20,30,3000,2,2026-07-31_19h53_sem_laplace/graphs/golden__v20_a30_g2.json,2026-07-31_19h53_sem_laplace/graphs/CPC__v20_a30_g2_s3000.json,metrics: module 'pyagrum' has no attribute 'StructuralMetrics',29.808763805995113,,,,,,
sem_laplace,CMIIC,"{""alpha"": 0.05}",20,30,3000,2,2026-07-31_19h53_sem_laplace/graphs/golden__v20_a30_g2.json,2026-07-31_19h53_sem_laplace/graphs/CMIIC__v20_a30_g2_s3000.json,metrics: module 'pyagrum' has no attribute 'StructuralMetrics',43.59263571999327,,,,,,
sem_laplace,CPC,"{""alpha"": 0.05, ""max_conditioning_set_size"": 3}",20,30,5000,2,2026-07-31_19h53_sem_laplace/graphs/golden__v20_a30_g2.json,2026-07-31_19h53_sem_laplace/graphs/CPC__v20_a30_g2_s5000.json,metrics: module 'pyagrum' has no attribute 'StructuralMetrics',90.31839929199487,,,,,,
sem_laplace,CMIIC,"{""alpha"": 0.05}",20,30,5000,2,2026-07-31_19h53_sem_laplace/graphs/golden__v20_a30_g2.json,2026-07-31_19h53_sem_laplace/graphs/CMIIC__v20_a30_g2_s5000.json,metrics: module 'pyagrum' has no attribute 'StructuralMetrics',117.87345505900157,,,,,,
sem_laplace,CPC,"{""alpha"": 0.05, ""max_conditioning_set_size"": 3}",20,30,200,3,2026-07-31_19h53_sem_laplace/graphs/golden__v20_a30_g3.json,2026-07-31_19h53_sem_laplace/graphs/CPC__v20_a30_g3_s200.json,metrics: module 'pyagrum' has no attribute 'StructuralMetrics',0.057836867999867536,,,,,,
sem_laplace,CMIIC,"{""alpha"": 0.05}",20,30,200,3,2026-07-31_19h53_sem_laplace/graphs/golden__v20_a30_g3.json,2026-07-31_19h53_sem_laplace/graphs/CMIIC__v20_a30_g3_s200.json,metrics: module 'pyagrum' has no attribute 'StructuralMetrics',0.32576426900050137,,,,,,
sem_laplace,CPC,"{""alpha"": 0.05, ""max_conditioning_set_size"": 3}",20,30,500,3,2026-07-31_19h53_sem_laplace/graphs/golden__v20_a30_g3.json,2026-07-31_19h53_sem_laplace/graphs/CPC__v20_a30_g3_s500.json,metrics: module 'pyagrum' has no attribute 'StructuralMetrics',0.46053835199563764,,,,,,
sem_laplace,CMIIC,"{""alpha"": 0.05}",20,30,500,3,2026-07-31_19h53_sem_laplace/graphs/golden__v20_a30_g3.json,2026-07-31_19h53_sem_laplace/graphs/CMIIC__v20_a30_g3_s500.json,metrics: module 'pyagrum' has no attribute 'StructuralMetrics',1.5460089390107896,,,,,,
sem_laplace,CPC,"{""alpha"": 0.05, ""max_conditioning_set_size"": 3}",20,30,1000,3,2026-07-31_19h53_sem_laplace/graphs/golden__v20_a30_g3.json,2026-07-31_19h53_sem_laplace/graphs/CPC__v20_a30_g3_s1000.json,metrics: module 'pyagrum' has no attribute 'StructuralMetrics',2.150665541004855,,,,,,
sem_laplace,CMIIC,"{""alpha"": 0.05}",20,30,1000,3,2026-07-31_19h53_sem_laplace/graphs/golden__v20_a30_g3.json,2026-07-31_19h53_sem_laplace/graphs/CMIIC__v20_a30_g3_s1000.json,metrics: module 'pyagrum' has no attribute 'StructuralMetrics',5.257837487995857,,,,,,
sem_laplace,CPC,"{""alpha"": 0.05, ""max_conditioning_set_size"": 3}",20,30,3000,3,2026-07-31_19h53_sem_laplace/graphs/golden__v20_a30_g3.json,2026-07-31_19h53_sem_laplace/graphs/CPC__v20_a30_g3_s3000.json,metrics: module 'pyagrum' has no attribute 'StructuralMetrics',24.807275512997876,,,,,,
sem_laplace,CMIIC,"{""alpha"": 0.05}",20,30,3000,3,2026-07-31_19h53_sem_laplace/graphs/golden__v20_a30_g3.json,2026-07-31_19h53_sem_laplace/graphs/CMIIC__v20_a30_g3_s3000.json,metrics: module 'pyagrum' has no attribute 'StructuralMetrics',42.11596970600658,,,,,,
sem_laplace,CPC,"{""alpha"": 0.05, ""max_conditioning_set_size"": 3}",20,30,5000,3,2026-07-31_19h53_sem_laplace/graphs/golden__v20_a30_g3.json,2026-07-31_19h53_sem_laplace/graphs/CPC__v20_a30_g3_s5000.json,metrics: module 'pyagrum' has no attribute 'StructuralMetrics',80.37452766799834,,,,,,
sem_laplace,CMIIC,"{""alpha"": 0.05}",20,30,5000,3,2026-07-31_19h53_sem_laplace/graphs/golden__v20_a30_g3.json,2026-07-31_19h53_sem_laplace/graphs/CMIIC__v20_a30_g3_s5000.json,metrics: module 'pyagrum' has no attribute 'StructuralMetrics',116.84129915499943,,,,,,
sem_laplace,CPC,"{""alpha"": 0.05, ""max_conditioning_set_size"": 3}",20,30,200,4,2026-07-31_19h53_sem_laplace/graphs/golden__v20_a30_g4.json,2026-07-31_19h53_sem_laplace/graphs/CPC__v20_a30_g4_s200.json,metrics: module 'pyagrum' has no attribute 'StructuralMetrics',0.054801215999759734,,,,,,
sem_laplace,CMIIC,"{""alpha"": 0.05}",20,30,200,4,2026-07-31_19h53_sem_laplace/graphs/golden__v20_a30_g4.json,2026-07-31_19h53_sem_laplace/graphs/CMIIC__v20_a30_g4_s200.json,metrics: module 'pyagrum' has no attribute 'StructuralMetrics',0.31724620900058653,,,,,,
sem_laplace,CPC,"{""alpha"": 0.05, ""max_conditioning_set_size"": 3}",20,30,500,4,2026-07-31_19h53_sem_laplace/graphs/golden__v20_a30_g4.json,2026-07-31_19h53_sem_laplace/graphs/CPC__v20_a30_g4_s500.json,metrics: module 'pyagrum' has no attribute 'StructuralMetrics',0.49793758100713603,,,,,,
sem_laplace,CMIIC,"{""alpha"": 0.05}",20,30,500,4,2026-07-31_19h53_sem_laplace/graphs/golden__v20_a30_g4.json,2026-07-31_19h53_sem_laplace/graphs/CMIIC__v20_a30_g4_s500.json,metrics: module 'pyagrum' has no attribute 'StructuralMetrics',1.702854478993686,,,,,,
sem_laplace,CPC,"{""alpha"": 0.05, ""max_conditioning_set_size"": 3}",20,30,1000,4,2026-07-31_19h53_sem_laplace/graphs/golden__v20_a30_g4.json,2026-07-31_19h53_sem_laplace/graphs/CPC__v20_a30_g4_s1000.json,metrics: module 'pyagrum' has no attribute 'StructuralMetrics',2.3225729599944316,,,,,,
sem_laplace,CMIIC,"{""alpha"": 0.05}",20,30,1000,4,2026-07-31_19h53_sem_laplace/graphs/golden__v20_a30_g4.json,2026-07-31_19h53_sem_laplace/graphs/CMIIC__v20_a30_g4_s1000.json,metrics: module 'pyagrum' has no attribute 'StructuralMetrics',5.491477766991011,,,,,,
sem_laplace,CPC,"{""alpha"": 0.05, ""max_conditioning_set_size"": 3}",20,30,3000,4,2026-07-31_19h53_sem_laplace/graphs/golden__v20_a30_g4.json,2026-07-31_19h53_sem_laplace/graphs/CPC__v20_a30_g4_s3000.json,metrics: module 'pyagrum' has no attribute 'StructuralMetrics',27.695911417991738,,,,,,
sem_laplace,CMIIC,"{""alpha"": 0.05}",20,30,3000,4,2026-07-31_19h53_sem_laplace/graphs/golden__v20_a30_g4.json,2026-07-31_19h53_sem_laplace/graphs/CMIIC__v20_a30_g4_s3000.json,metrics: module 'pyagrum' has no attribute 'StructuralMetrics',45.55679033299384,,,,,,
sem_laplace,CPC,"{""alpha"": 0.05, ""max_conditioning_set_size"": 3}",20,30,5000,4,2026-07-31_19h53_sem_laplace/graphs/golden__v20_a30_g4.json,2026-07-31_19h53_sem_laplace/graphs/CPC__v20_a30_g4_s5000.json,metrics: module 'pyagrum' has no attribute 'StructuralMetrics',91.51115922599274,,,,,,
sem_laplace,CMIIC,"{""alpha"": 0.05}",20,30,5000,4,2026-07-31_19h53_sem_laplace/graphs/golden__v20_a30_g4.json,2026-07-31_19h53_sem_laplace/graphs/CMIIC__v20_a30_g4_s5000.json,metrics: module 'pyagrum' has no attribute 'StructuralMetrics',124.93708671900094,,,,,,
sem_laplace,CPC,"{""alpha"": 0.05, ""max_conditioning_set_size"": 3}",20,30,200,5,2026-07-31_19h53_sem_laplace/graphs/golden__v20_a30_g5.json,2026-07-31_19h53_sem_laplace/graphs/CPC__v20_a30_g5_s200.json,metrics: module 'pyagrum' has no attribute 'StructuralMetrics',0.06275163899408653,,,,,,
sem_laplace,CMIIC,"{""alpha"": 0.05}",20,30,200,5,2026-07-31_19h53_sem_laplace/graphs/golden__v20_a30_g5.json,2026-07-31_19h53_sem_laplace/graphs/CMIIC__v20_a30_g5_s200.json,metrics: module 'pyagrum' has no attribute 'StructuralMetrics',0.41981555199890863,,,,,,
sem_laplace,CPC,"{""alpha"": 0.05, ""max_conditioning_set_size"": 3}",20,30,500,5,2026-07-31_19h53_sem_laplace/graphs/golden__v20_a30_g5.json,2026-07-31_19h53_sem_laplace/graphs/CPC__v20_a30_g5_s500.json,metrics: module 'pyagrum' has no attribute 'StructuralMetrics',0.5475273930060212,,,,,,
sem_laplace,CMIIC,"{""alpha"": 0.05}",20,30,500,5,2026-07-31_19h53_sem_laplace/graphs/golden__v20_a30_g5.json,2026-07-31_19h53_sem_laplace/graphs/CMIIC__v20_a30_g5_s500.json,metrics: module 'pyagrum' has no attribute 'StructuralMetrics',2.0388139849965228,,,,,,
sem_laplace,CPC,"{""alpha"": 0.05, ""max_conditioning_set_size"": 3}",20,30,1000,5,2026-07-31_19h53_sem_laplace/graphs/golden__v20_a30_g5.json,2026-07-31_19h53_sem_laplace/graphs/CPC__v20_a30_g5_s1000.json,metrics: module 'pyagrum' has no attribute 'StructuralMetrics',2.9580760179960635,,,,,,
sem_laplace,CMIIC,"{""alpha"": 0.05}",20,30,1000,5,2026-07-31_19h53_sem_laplace/graphs/golden__v20_a30_g5.json,2026-07-31_19h53_sem_laplace/graphs/CMIIC__v20_a30_g5_s1000.json,metrics: module 'pyagrum' has no attribute 'StructuralMetrics',5.914994431994273,,,,,,
sem_laplace,CPC,"{""alpha"": 0.05, ""max_conditioning_set_size"": 3}",20,30,3000,5,2026-07-31_19h53_sem_laplace/graphs/golden__v20_a30_g5.json,2026-07-31_19h53_sem_laplace/graphs/CPC__v20_a30_g5_s3000.json,metrics: module 'pyagrum' has no attribute 'StructuralMetrics',37.0430566270079,,,,,,
sem_laplace,CMIIC,"{""alpha"": 0.05}",20,30,3000,5,2026-07-31_19h53_sem_laplace/graphs/golden__v20_a30_g5.json,2026-07-31_19h53_sem_laplace/graphs/CMIIC__v20_a30_g5_s3000.json,metrics: module 'pyagrum' has no attribute 'StructuralMetrics',48.50559619300475,,,,,,
sem_laplace,CPC,"{""alpha"": 0.05, ""max_conditioning_set_size"": 3}",20,30,5000,5,2026-07-31_19h53_sem_laplace/graphs/golden__v20_a30_g5.json,2026-07-31_19h53_sem_laplace/graphs/CPC__v20_a30_g5_s5000.json,metrics: module 'pyagrum' has no attribute 'StructuralMetrics',120.47127859199827,,,,,,
sem_laplace,CMIIC,"{""alpha"": 0.05}",20,30,5000,5,2026-07-31_19h53_sem_laplace/graphs/golden__v20_a30_g5.json,2026-07-31_19h53_sem_laplace/graphs/CMIIC__v20_a30_g5_s5000.json,metrics: module 'pyagrum' has no attribute 'StructuralMetrics',128.48526016999676,,,,,,
sem_laplace,CPC,"{""alpha"": 0.05, ""max_conditioning_set_size"": 3}",20,30,200,6,2026-07-31_19h53_sem_laplace/graphs/golden__v20_a30_g6.json,2026-07-31_19h53_sem_laplace/graphs/CPC__v20_a30_g6_s200.json,metrics: module 'pyagrum' has no attribute 'StructuralMetrics',0.06152600400673691,,,,,,
sem_laplace,CMIIC,"{""alpha"": 0.05}",20,30,200,6,2026-07-31_19h53_sem_laplace/graphs/golden__v20_a30_g6.json,2026-07-31_19h53_sem_laplace/graphs/CMIIC__v20_a30_g6_s200.json,metrics: module 'pyagrum' has no attribute 'StructuralMetrics',0.36831048800377175,,,,,,
sem_laplace,CPC,"{""alpha"": 0.05, ""max_conditioning_set_size"": 3}",20,30,500,6,2026-07-31_19h53_sem_laplace/graphs/golden__v20_a30_g6.json,2026-07-31_19h53_sem_laplace/graphs/CPC__v20_a30_g6_s500.json,metrics: module 'pyagrum' has no attribute 'StructuralMetrics',0.5812961869960418,,,,,,
sem_laplace,CMIIC,"{""alpha"": 0.05}",20,30,500,6,2026-07-31_19h53_sem_laplace/graphs/golden__v20_a30_g6.json,2026-07-31_19h53_sem_laplace/graphs/CMIIC__v20_a30_g6_s500.json,metrics: module 'pyagrum' has no attribute 'StructuralMetrics',1.6897229450114537,,,,,,
sem_laplace,CPC,"{""alpha"": 0.05, ""max_conditioning_set_size"": 3}",20,30,1000,6,2026-07-31_19h53_sem_laplace/graphs/golden__v20_a30_g6.json,2026-07-31_19h53_sem_laplace/graphs/CPC__v20_a30_g6_s1000.json,metrics: module 'pyagrum' has no attribute 'StructuralMetrics',2.6374099039967405,,,,,,
sem_laplace,CMIIC,"{""alpha"": 0.05}",20,30,1000,6,2026-07-31_19h53_sem_laplace/graphs/golden__v20_a30_g6.json,2026-07-31_19h53_sem_laplace/graphs/CMIIC__v20_a30_g6_s1000.json,metrics: module 'pyagrum' has no attribute 'StructuralMetrics',6.049919316996238,,,,,,
sem_laplace,CPC,"{""alpha"": 0.05, ""max_conditioning_set_size"": 3}",20,30,3000,6,2026-07-31_19h53_sem_laplace/graphs/golden__v20_a30_g6.json,2026-07-31_19h53_sem_laplace/graphs/CPC__v20_a30_g6_s3000.json,metrics: module 'pyagrum' has no attribute 'StructuralMetrics',31.010079163999762,,,,,,
sem_laplace,CMIIC,"{""alpha"": 0.05}",20,30,3000,6,2026-07-31_19h53_sem_laplace/graphs/golden__v20_a30_g6.json,2026-07-31_19h53_sem_laplace/graphs/CMIIC__v20_a30_g6_s3000.json,metrics: module 'pyagrum' has no attribute 'StructuralMetrics',48.54689639400749,,,,,,
sem_laplace,CPC,"{""alpha"": 0.05, ""max_conditioning_set_size"": 3}",20,30,5000,6,2026-07-31_19h53_sem_laplace/graphs/golden__v20_a30_g6.json,2026-07-31_19h53_sem_laplace/graphs/CPC__v20_a30_g6_s5000.json,metrics: module 'pyagrum' has no attribute 'StructuralMetrics',101.98786658399331,,,,,,
sem_laplace,CMIIC,"{""alpha"": 0.05}",20,30,5000,6,2026-07-31_19h53_sem_laplace/graphs/golden__v20_a30_g6.json,2026-07-31_19h53_sem_laplace/graphs/CMIIC__v20_a30_g6_s5000.json,metrics: module 'pyagrum' has no attribute 'StructuralMetrics',132.35078417899786,,,,,,
sem_laplace,CPC,"{""alpha"": 0.05, ""max_conditioning_set_size"": 3}",20,30,200,7,2026-07-31_19h53_sem_laplace/graphs/golden__v20_a30_g7.json,2026-07-31_19h53_sem_laplace/graphs/CPC__v20_a30_g7_s200.json,metrics: module 'pyagrum' has no attribute 'StructuralMetrics',0.06463959800021257,,,,,,
sem_laplace,CMIIC,"{""alpha"": 0.05}",20,30,200,7,2026-07-31_19h53_sem_laplace/graphs/golden__v20_a30_g7.json,2026-07-31_19h53_sem_laplace/graphs/CMIIC__v20_a30_g7_s200.json,metrics: module 'pyagrum' has no attribute 'StructuralMetrics',0.3538091840018751,,,,,,
sem_laplace,CPC,"{""alpha"": 0.05, ""max_conditioning_set_size"": 3}",20,30,500,7,2026-07-31_19h53_sem_laplace/graphs/golden__v20_a30_g7.json,2026-07-31_19h53_sem_laplace/graphs/CPC__v20_a30_g7_s500.json,metrics: module 'pyagrum' has no attribute 'StructuralMetrics',0.5728881700051716,,,,,,
sem_laplace,CMIIC,"{""alpha"": 0.05}",20,30,500,7,2026-07-31_19h53_sem_laplace/graphs/golden__v20_a30_g7.json,2026-07-31_19h53_sem_laplace/graphs/CMIIC__v20_a30_g7_s500.json,metrics: module 'pyagrum' has no attribute 'StructuralMetrics',1.6934555100015132,,,,,,
sem_laplace,CPC,"{""alpha"": 0.05, ""max_conditioning_set_size"": 3}",20,30,1000,7,2026-07-31_19h53_sem_laplace/graphs/golden__v20_a30_g7.json,2026-07-31_19h53_sem_laplace/graphs/CPC__v20_a30_g7_s1000.json,metrics: module 'pyagrum' has no attribute 'StructuralMetrics',2.3146366309956647,,,,,,
sem_laplace,CMIIC,"{""alpha"": 0.05}",20,30,1000,7,2026-07-31_19h53_sem_laplace/graphs/golden__v20_a30_g7.json,2026-07-31_19h53_sem_laplace/graphs/CMIIC__v20_a30_g7_s1000.json,metrics: module 'pyagrum' has no attribute 'StructuralMetrics',6.094557443007943,,,,,,
sem_laplace,CPC,"{""alpha"": 0.05, ""max_conditioning_set_size"": 3}",20,30,3000,7,2026-07-31_19h53_sem_laplace/graphs/golden__v20_a30_g7.json,2026-07-31_19h53_sem_laplace/graphs/CPC__v20_a30_g7_s3000.json,metrics: module 'pyagrum' has no attribute 'StructuralMetrics',30.695040739010437,,,,,,
sem_laplace,CMIIC,"{""alpha"": 0.05}",20,30,3000,7,2026-07-31_19h53_sem_laplace/graphs/golden__v20_a30_g7.json,2026-07-31_19h53_sem_laplace/graphs/CMIIC__v20_a30_g7_s3000.json,metrics: module 'pyagrum' has no attribute 'StructuralMetrics',49.71298929100158,,,,,,
sem_laplace,CPC,"{""alpha"": 0.05, ""max_conditioning_set_size"": 3}",20,30,5000,7,2026-07-31_19h53_sem_laplace/graphs/golden__v20_a30_g7.json,2026-07-31_19h53_sem_laplace/graphs/CPC__v20_a30_g7_s5000.json,metrics: module 'pyagrum' has no attribute 'StructuralMetrics',92.31386696299887,,,,,,
sem_laplace,CMIIC,"{""alpha"": 0.05}",20,30,5000,7,2026-07-31_19h53_sem_laplace/graphs/golden__v20_a30_g7.json,2026-07-31_19h53_sem_laplace/graphs/CMIIC__v20_a30_g7_s5000.json,metrics: module 'pyagrum' has no attribute 'StructuralMetrics',136.9167518690083,,,,,,
sem_laplace,CPC,"{""alpha"": 0.05, ""max_conditioning_set_size"": 3}",20,30,200,8,2026-07-31_19h53_sem_laplace/graphs/golden__v20_a30_g8.json,2026-07-31_19h53_sem_laplace/graphs/CPC__v20_a30_g8_s200.json,metrics: module 'pyagrum' has no attribute 'StructuralMetrics',0.07756180501019116,,,,,,
sem_laplace,CMIIC,"{""alpha"": 0.05}",20,30,200,8,2026-07-31_19h53_sem_laplace/graphs/golden__v20_a30_g8.json,2026-07-31_19h53_sem_laplace/graphs/CMIIC__v20_a30_g8_s200.json,metrics: module 'pyagrum' has no attribute 'StructuralMetrics',0.3617690050014062,,,,,,
sem_laplace,CPC,"{""alpha"": 0.05, ""max_conditioning_set_size"": 3}",20,30,500,8,2026-07-31_19h53_sem_laplace/graphs/golden__v20_a30_g8.json,2026-07-31_19h53_sem_laplace/graphs/CPC__v20_a30_g8_s500.json,metrics: module 'pyagrum' has no attribute 'StructuralMetrics',0.5691678680013865,,,,,,
sem_laplace,CMIIC,"{""alpha"": 0.05}",20,30,500,8,2026-07-31_19h53_sem_laplace/graphs/golden__v20_a30_g8.json,2026-07-31_19h53_sem_laplace/graphs/CMIIC__v20_a30_g8_s500.json,metrics: module 'pyagrum' has no attribute 'StructuralMetrics',1.6843551060010213,,,,,,
sem_laplace,CPC,"{""alpha"": 0.05, ""max_conditioning_set_size"": 3}",20,30,1000,8,2026-07-31_19h53_sem_laplace/graphs/golden__v20_a30_g8.json,2026-07-31_19h53_sem_laplace/graphs/CPC__v20_a30_g8_s1000.json,metrics: module 'pyagrum' has no attribute 'StructuralMetrics',2.525905848990078,,,,,,
sem_laplace,CMIIC,"{""alpha"": 0.05}",20,30,1000,8,2026-07-31_19h53_sem_laplace/graphs/golden__v20_a30_g8.json,2026-07-31_19h53_sem_laplace/graphs/CMIIC__v20_a30_g8_s1000.json,metrics: module 'pyagrum' has no attribute 'StructuralMetrics',5.63594942499185,,,,,,
sem_laplace,CPC,"{""alpha"": 0.05, ""max_conditioning_set_size"": 3}",20,30,3000,8,2026-07-31_19h53_sem_laplace/graphs/golden__v20_a30_g8.json,2026-07-31_19h53_sem_laplace/graphs/CPC__v20_a30_g8_s3000.json,metrics: module 'pyagrum' has no attribute 'StructuralMetrics',34.78145471600874,,,,,,
sem_laplace,CMIIC,"{""alpha"": 0.05}",20,30,3000,8,2026-07-31_19h53_sem_laplace/graphs/golden__v20_a30_g8.json,2026-07-31_19h53_sem_laplace/graphs/CMIIC__v20_a30_g8_s3000.json,metrics: module 'pyagrum' has no attribute 'StructuralMetrics',46.896683289000066,,,,,,
sem_laplace,CPC,"{""alpha"": 0.05, ""max_conditioning_set_size"": 3}",20,30,5000,8,2026-07-31_19h53_sem_laplace/graphs/golden__v20_a30_g8.json,2026-07-31_19h53_sem_laplace/graphs/CPC__v20_a30_g8_s5000.json,metrics: module 'pyagrum' has no attribute 'StructuralMetrics',107.67030683300982,,,,,,
sem_laplace,CMIIC,"{""alpha"": 0.05}",20,30,5000,8,2026-07-31_19h53_sem_laplace/graphs/golden__v20_a30_g8.json,2026-07-31_19h53_sem_laplace/graphs/CMIIC__v20_a30_g8_s5000.json,metrics: module 'pyagrum' has no attribute 'StructuralMetrics',125.5346186740062,,,,,,
sem_laplace,CPC,"{""alpha"": 0.05, ""max_conditioning_set_size"": 3}",20,30,200,9,2026-07-31_19h53_sem_laplace/graphs/golden__v20_a30_g9.json,2026-07-31_19h53_sem_laplace/graphs/CPC__v20_a30_g9_s200.json,metrics: module 'pyagrum' has no attribute 'StructuralMetrics',0.07046418100071605,,,,,,
sem_laplace,CMIIC,"{""alpha"": 0.05}",20,30,200,9,2026-07-31_19h53_sem_laplace/graphs/golden__v20_a30_g9.json,2026-07-31_19h53_sem_laplace/graphs/CMIIC__v20_a30_g9_s200.json,metrics: module 'pyagrum' has no attribute 'StructuralMetrics',0.4287452300050063,,,,,,
sem_laplace,CPC,"{""alpha"": 0.05, ""max_conditioning_set_size"": 3}",20,30,500,9,2026-07-31_19h53_sem_laplace/graphs/golden__v20_a30_g9.json,2026-07-31_19h53_sem_laplace/graphs/CPC__v20_a30_g9_s500.json,metrics: module 'pyagrum' has no attribute 'StructuralMetrics',0.687928015991929,,,,,,
sem_laplace,CMIIC,"{""alpha"": 0.05}",20,30,500,9,2026-07-31_19h53_sem_laplace/graphs/golden__v20_a30_g9.json,2026-07-31_19h53_sem_laplace/graphs/CMIIC__v20_a30_g9_s500.json,metrics: module 'pyagrum' has no attribute 'StructuralMetrics',1.9286367739987327,,,,,,
sem_laplace,CPC,"{""alpha"": 0.05, ""max_conditioning_set_size"": 3}",20,30,1000,9,2026-07-31_19h53_sem_laplace/graphs/golden__v20_a30_g9.json,2026-07-31_19h53_sem_laplace/graphs/CPC__v20_a30_g9_s1000.json,metrics: module 'pyagrum' has no attribute 'StructuralMetrics',2.7607170620030956,,,,,,
sem_laplace,CMIIC,"{""alpha"": 0.05}",20,30,1000,9,2026-07-31_19h53_sem_laplace/graphs/golden__v20_a30_g9.json,2026-07-31_19h53_sem_laplace/graphs/CMIIC__v20_a30_g9_s1000.json,metrics: module 'pyagrum' has no attribute 'StructuralMetrics',6.243317986998591,,,,,,
sem_laplace,CPC,"{""alpha"": 0.05, ""max_conditioning_set_size"": 3}",20,30,3000,9,2026-07-31_19h53_sem_laplace/graphs/golden__v20_a30_g9.json,2026-07-31_19h53_sem_laplace/graphs/CPC__v20_a30_g9_s3000.json,metrics: module 'pyagrum' has no attribute 'StructuralMetrics',37.9099843849981,,,,,,
sem_laplace,CMIIC,"{""alpha"": 0.05}",20,30,3000,9,2026-07-31_19h53_sem_laplace/graphs/golden__v20_a30_g9.json,2026-07-31_19h53_sem_laplace/graphs/CMIIC__v20_a30_g9_s3000.json,metrics: module 'pyagrum' has no attribute 'StructuralMetrics',55.98493750700436,,,,,,
sem_laplace,CPC,"{""alpha"": 0.05, ""max_conditioning_set_size"": 3}",20,30,5000,9,2026-07-31_19h53_sem_laplace/graphs/golden__v20_a30_g9.json,2026-07-31_19h53_sem_laplace/graphs/CPC__v20_a30_g9_s5000.json,metrics: module 'pyagrum' has no attribute 'StructuralMetrics',119.83891967700038,,,,,,
sem_laplace,CMIIC,"{""alpha"": 0.05}",20,30,5000,9,2026-07-31_19h53_sem_laplace/graphs/golden__v20_a30_g9.json,2026-07-31_19h53_sem_laplace/graphs/CMIIC__v20_a30_g9_s5000.json,metrics: module 'pyagrum' has no attribute 'StructuralMetrics',153.05915745699895,,,,,,
sem_laplace,CPC,"{""alpha"": 0.05, ""max_conditioning_set_size"": 3}",20,30,200,10,2026-07-31_19h53_sem_laplace/graphs/golden__v20_a30_g10.json,2026-07-31_19h53_sem_laplace/graphs/CPC__v20_a30_g10_s200.json,metrics: module 'pyagrum' has no attribute 'StructuralMetrics',0.06325710800592788,,,,,,
sem_laplace,CMIIC,"{""alpha"": 0.05}",20,30,200,10,2026-07-31_19h53_sem_laplace/graphs/golden__v20_a30_g10.json,2026-07-31_19h53_sem_laplace/graphs/CMIIC__v20_a30_g10_s200.json,metrics: module 'pyagrum' has no attribute 'StructuralMetrics',0.44449944600637536,,,,,,
sem_laplace,CPC,"{""alpha"": 0.05, ""max_conditioning_set_size"": 3}",20,30,500,10,2026-07-31_19h53_sem_laplace/graphs/golden__v20_a30_g10.json,2026-07-31_19h53_sem_laplace/graphs/CPC__v20_a30_g10_s500.json,metrics: module 'pyagrum' has no attribute 'StructuralMetrics',0.5446833849855466,,,,,,
sem_laplace,CMIIC,"{""alpha"": 0.05}",20,30,500,10,2026-07-31_19h53_sem_laplace/graphs/golden__v20_a30_g10.json,2026-07-31_19h53_sem_laplace/graphs/CMIIC__v20_a30_g10_s500.json,metrics: module 'pyagrum' has no attribute 'StructuralMetrics',1.9594686580094276,,,,,,
sem_laplace,CPC,"{""alpha"": 0.05, ""max_conditioning_set_size"": 3}",20,30,1000,10,2026-07-31_19h53_sem_laplace/graphs/golden__v20_a30_g10.json,2026-07-31_19h53_sem_laplace/graphs/CPC__v20_a30_g10_s1000.json,metrics: module 'pyagrum' has no attribute 'StructuralMetrics',2.478528348990949,,,,,,
sem_laplace,CMIIC,"{""alpha"": 0.05}",20,30,1000,10,2026-07-31_19h53_sem_laplace/graphs/golden__v20_a30_g10.json,2026-07-31_19h53_sem_laplace/graphs/CMIIC__v20_a30_g10_s1000.json,metrics: module 'pyagrum' has no attribute 'StructuralMetrics',6.154106199988746,,,,,,
sem_laplace,CPC,"{""alpha"": 0.05, ""max_conditioning_set_size"": 3}",20,30,3000,10,2026-07-31_19h53_sem_laplace/graphs/golden__v20_a30_g10.json,2026-07-31_19h53_sem_laplace/graphs/CPC__v20_a30_g10_s3000.json,metrics: module 'pyagrum' has no attribute 'StructuralMetrics',29.8009594650066,,,,,,
sem_laplace,CMIIC,"{""alpha"": 0.05}",20,30,3000,10,2026-07-31_19h53_sem_laplace/graphs/golden__v20_a30_g10.json,2026-07-31_19h53_sem_laplace/graphs/CMIIC__v20_a30_g10_s3000.json,metrics: module 'pyagrum' has no attribute 'StructuralMetrics',50.64144240600581,,,,,,
sem_laplace,CPC,"{""alpha"": 0.05, ""max_conditioning_set_size"": 3}",20,30,5000,10,2026-07-31_19h53_sem_laplace/graphs/golden__v20_a30_g10.json,2026-07-31_19h53_sem_laplace/graphs/CPC__v20_a30_g10_s5000.json,metrics: module 'pyagrum' has no attribute 'StructuralMetrics',94.06827776299906,,,,,,
sem_laplace,CMIIC,"{""alpha"": 0.05}",20,30,5000,10,2026-07-31_19h53_sem_laplace/graphs/golden__v20_a30_g10.json,2026-07-31_19h53_sem_laplace/graphs/CMIIC__v20_a30_g10_s5000.json,metrics: module 'pyagrum' has no attribute 'StructuralMetrics',140.0527519999887,,,,,,
sem_laplace,CPC,"{""alpha"": 0.05, ""max_conditioning_set_size"": 3}",20,30,200,11,2026-07-31_19h53_sem_laplace/graphs/golden__v20_a30_g11.json,2026-07-31_19h53_sem_laplace/graphs/CPC__v20_a30_g11_s200.json,metrics: module 'pyagrum' has no attribute 'StructuralMetrics',0.0685229509981582,,,,,,
sem_laplace,CMIIC,"{""alpha"": 0.05}",20,30,200,11,2026-07-31_19h53_sem_laplace/graphs/golden__v20_a30_g11.json,2026-07-31_19h53_sem_laplace/graphs/CMIIC__v20_a30_g11_s200.json,metrics: module 'pyagrum' has no attribute 'StructuralMetrics',0.47678975100279786,,,,,,
sem_laplace,CPC,"{""alpha"": 0.05, ""max_conditioning_set_size"": 3}",20,30,500,11,2026-07-31_19h53_sem_laplace/graphs/golden__v20_a30_g11.json,2026-07-31_19h53_sem_laplace/graphs/CPC__v20_a30_g11_s500.json,metrics: module 'pyagrum' has no attribute 'StructuralMetrics',0.6955920350010274,,,,,,
sem_laplace,CMIIC,"{""alpha"": 0.05}",20,30,500,11,2026-07-31_19h53_sem_laplace/graphs/golden__v20_a30_g11.json,2026-07-31_19h53_sem_laplace/graphs/CMIIC__v20_a30_g11_s500.json,metrics: module 'pyagrum' has no attribute 'StructuralMetrics',1.8514921869937098,,,,,,
sem_laplace,CPC,"{""alpha"": 0.05, ""max_conditioning_set_size"": 3}",20,30,1000,11,2026-07-31_19h53_sem_laplace/graphs/golden__v20_a30_g11.json,2026-07-31_19h53_sem_laplace/graphs/CPC__v20_a30_g11_s1000.json,metrics: module 'pyagrum' has no attribute 'StructuralMetrics',3.2178615349985193,,,,,,
sem_laplace,CMIIC,"{""alpha"": 0.05}",20,30,1000,11,2026-07-31_19h53_sem_laplace/graphs/golden__v20_a30_g11.json,2026-07-31_19h53_sem_laplace/graphs/CMIIC__v20_a30_g11_s1000.json,metrics: module 'pyagrum' has no attribute 'StructuralMetrics',6.329923835000955,,,,,,
sem_laplace,CPC,"{""alpha"": 0.05, ""max_conditioning_set_size"": 3}",20,30,3000,11,2026-07-31_19h53_sem_laplace/graphs/golden__v20_a30_g11.json,2026-07-31_19h53_sem_laplace/graphs/CPC__v20_a30_g11_s3000.json,metrics: module 'pyagrum' has no attribute 'StructuralMetrics',44.429041234994656,,,,,,
sem_laplace,CMIIC,"{""alpha"": 0.05}",20,30,3000,11,2026-07-31_19h53_sem_laplace/graphs/golden__v20_a30_g11.json,2026-07-31_19h53_sem_laplace/graphs/CMIIC__v20_a30_g11_s3000.json,metrics: module 'pyagrum' has no attribute 'StructuralMetrics',53.20818586098903,,,,,,
sem_laplace,CPC,"{""alpha"": 0.05, ""max_conditioning_set_size"": 3}",20,30,5000,11,2026-07-31_19h53_sem_laplace/graphs/golden__v20_a30_g11.json,,[pyAgrum] Partially directed cycle detected: Add a partial directed cycle in a PDAG : between 1 and 13,,,,,,,
sem_laplace,CMIIC,"{""alpha"": 0.05}",20,30,5000,11,2026-07-31_19h53_sem_laplace/graphs/golden__v20_a30_g11.json,2026-07-31_19h53_sem_laplace/graphs/CMIIC__v20_a30_g11_s5000.json,metrics: module 'pyagrum' has no attribute 'StructuralMetrics',145.0408366220072,,,,,,
sem_laplace,CPC,"{""alpha"": 0.05, ""max_conditioning_set_size"": 3}",20,30,200,12,2026-07-31_19h53_sem_laplace/graphs/golden__v20_a30_g12.json,2026-07-31_19h53_sem_laplace/graphs/CPC__v20_a30_g12_s200.json,metrics: module 'pyagrum' has no attribute 'StructuralMetrics',0.062936920003267,,,,,,
sem_laplace,CMIIC,"{""alpha"": 0.05}",20,30,200,12,2026-07-31_19h53_sem_laplace/graphs/golden__v20_a30_g12.json,2026-07-31_19h53_sem_laplace/graphs/CMIIC__v20_a30_g12_s200.json,metrics: module 'pyagrum' has no attribute 'StructuralMetrics',0.4675688200077275,,,,,,
sem_laplace,CPC,"{""alpha"": 0.05, ""max_conditioning_set_size"": 3}",20,30,500,12,2026-07-31_19h53_sem_laplace/graphs/golden__v20_a30_g12.json,2026-07-31_19h53_sem_laplace/graphs/CPC__v20_a30_g12_s500.json,metrics: module 'pyagrum' has no attribute 'StructuralMetrics',0.6168299139972078,,,,,,
sem_laplace,CMIIC,"{""alpha"": 0.05}",20,30,500,12,2026-07-31_19h53_sem_laplace/graphs/golden__v20_a30_g12.json,2026-07-31_19h53_sem_laplace/graphs/CMIIC__v20_a30_g12_s500.json,metrics: module 'pyagrum' has no attribute 'StructuralMetrics',1.867789071999141,,,,,,
sem_laplace,CPC,"{""alpha"": 0.05, ""max_conditioning_set_size"": 3}",20,30,1000,12,2026-07-31_19h53_sem_laplace/graphs/golden__v20_a30_g12.json,2026-07-31_19h53_sem_laplace/graphs/CPC__v20_a30_g12_s1000.json,metrics: module 'pyagrum' has no attribute 'StructuralMetrics',2.819032293991768,,,,,,
sem_laplace,CMIIC,"{""alpha"": 0.05}",20,30,1000,12,2026-07-31_19h53_sem_laplace/graphs/golden__v20_a30_g12.json,2026-07-31_19h53_sem_laplace/graphs/CMIIC__v20_a30_g12_s1000.json,metrics: module 'pyagrum' has no attribute 'StructuralMetrics',6.106762288007303,,,,,,
sem_laplace,CPC,"{""alpha"": 0.05, ""max_conditioning_set_size"": 3}",20,30,3000,12,2026-07-31_19h53_sem_laplace/graphs/golden__v20_a30_g12.json,2026-07-31_19h53_sem_laplace/graphs/CPC__v20_a30_g12_s3000.json,metrics: module 'pyagrum' has no attribute 'StructuralMetrics',35.67653495600098,,,,,,
sem_laplace,CMIIC,"{""alpha"": 0.05}",20,30,3000,12,2026-07-31_19h53_sem_laplace/graphs/golden__v20_a30_g12.json,2026-07-31_19h53_sem_laplace/graphs/CMIIC__v20_a30_g12_s3000.json,metrics: module 'pyagrum' has no attribute 'StructuralMetrics',47.05675750000228,,,,,,
sem_laplace,CPC,"{""alpha"": 0.05, ""max_conditioning_set_size"": 3}",20,30,5000,12,2026-07-31_19h53_sem_laplace/graphs/golden__v20_a30_g12.json,2026-07-31_19h53_sem_laplace/graphs/CPC__v20_a30_g12_s5000.json,metrics: module 'pyagrum' has no attribute 'StructuralMetrics',114.8867705790035,,,,,,
sem_laplace,CMIIC,"{""alpha"": 0.05}",20,30,5000,12,2026-07-31_19h53_sem_laplace/graphs/golden__v20_a30_g12.json,2026-07-31_19h53_sem_laplace/graphs/CMIIC__v20_a30_g12_s5000.json,metrics: module 'pyagrum' has no attribute 'StructuralMetrics',127.87580327100295,,,,,,
sem_laplace,CPC,"{""alpha"": 0.05, ""max_conditioning_set_size"": 3}",20,30,200,13,2026-07-31_19h53_sem_laplace/graphs/golden__v20_a30_g13.json,2026-07-31_19h53_sem_laplace/graphs/CPC__v20_a30_g13_s200.json,metrics: module 'pyagrum' has no attribute 'StructuralMetrics',0.07618656299018767,,,,,,
sem_laplace,CMIIC,"{""alpha"": 0.05}",20,30,200,13,2026-07-31_19h53_sem_laplace/graphs/golden__v20_a30_g13.json,2026-07-31_19h53_sem_laplace/graphs/CMIIC__v20_a30_g13_s200.json,metrics: module 'pyagrum' has no attribute 'StructuralMetrics',0.3966473640030017,,,,,,
sem_laplace,CPC,"{""alpha"": 0.05, ""max_conditioning_set_size"": 3}",20,30,500,13,2026-07-31_19h53_sem_laplace/graphs/golden__v20_a30_g13.json,2026-07-31_19h53_sem_laplace/graphs/CPC__v20_a30_g13_s500.json,metrics: module 'pyagrum' has no attribute 'StructuralMetrics',0.612361283012433,,,,,,
sem_laplace,CMIIC,"{""alpha"": 0.05}",20,30,500,13,2026-07-31_19h53_sem_laplace/graphs/golden__v20_a30_g13.json,2026-07-31_19h53_sem_laplace/graphs/CMIIC__v20_a30_g13_s500.json,metrics: module 'pyagrum' has no attribute 'StructuralMetrics',1.6980894000007538,,,,,,
sem_laplace,CPC,"{""alpha"": 0.05, ""max_conditioning_set_size"": 3}",20,30,1000,13,2026-07-31_19h53_sem_laplace/graphs/golden__v20_a30_g13.json,2026-07-31_19h53_sem_laplace/graphs/CPC__v20_a30_g13_s1000.json,metrics: module 'pyagrum' has no attribute 'StructuralMetrics',2.7311180519900518,,,,,,
sem_laplace,CMIIC,"{""alpha"": 0.05}",20,30,1000,13,2026-07-31_19h53_sem_laplace/graphs/golden__v20_a30_g13.json,2026-07-31_19h53_sem_laplace/graphs/CMIIC__v20_a30_g13_s1000.json,metrics: module 'pyagrum' has no attribute 'StructuralMetrics',5.575672263003071,,,,,,
sem_laplace,CPC,"{""alpha"": 0.05, ""max_conditioning_set_size"": 3}",20,30,3000,13,2026-07-31_19h53_sem_laplace/graphs/golden__v20_a30_g13.json,2026-07-31_19h53_sem_laplace/graphs/CPC__v20_a30_g13_s3000.json,metrics: module 'pyagrum' has no attribute 'StructuralMetrics',36.75540371800889,,,,,,
sem_laplace,CMIIC,"{""alpha"": 0.05}",20,30,3000,13,2026-07-31_19h53_sem_laplace/graphs/golden__v20_a30_g13.json,2026-07-31_19h53_sem_laplace/graphs/CMIIC__v20_a30_g13_s3000.json,metrics: module 'pyagrum' has no attribute 'StructuralMetrics',48.031025143995066,,,,,,
sem_laplace,CPC,"{""alpha"": 0.05, ""max_conditioning_set_size"": 3}",20,30,5000,13,2026-07-31_19h53_sem_laplace/graphs/golden__v20_a30_g13.json,2026-07-31_19h53_sem_laplace/graphs/CPC__v20_a30_g13_s5000.json,metrics: module 'pyagrum' has no attribute 'StructuralMetrics',116.3700909390027,,,,,,
sem_laplace,CMIIC,"{""alpha"": 0.05}",20,30,5000,13,2026-07-31_19h53_sem_laplace/graphs/golden__v20_a30_g13.json,2026-07-31_19h53_sem_laplace/graphs/CMIIC__v20_a30_g13_s5000.json,metrics: module 'pyagrum' has no attribute 'StructuralMetrics',131.49760799499927,,,,,,
sem_laplace,CPC,"{""alpha"": 0.05, ""max_conditioning_set_size"": 3}",20,30,200,14,2026-07-31_19h53_sem_laplace/graphs/golden__v20_a30_g14.json,2026-07-31_19h53_sem_laplace/graphs/CPC__v20_a30_g14_s200.json,metrics: module 'pyagrum' has no attribute 'StructuralMetrics',0.06225976599671412,,,,,,
sem_laplace,CMIIC,"{""alpha"": 0.05}",20,30,200,14,2026-07-31_19h53_sem_laplace/graphs/golden__v20_a30_g14.json,2026-07-31_19h53_sem_laplace/graphs/CMIIC__v20_a30_g14_s200.json,metrics: module 'pyagrum' has no attribute 'StructuralMetrics',0.34292536799330264,,,,,,
sem_laplace,CPC,"{""alpha"": 0.05, ""max_conditioning_set_size"": 3}",20,30,500,14,2026-07-31_19h53_sem_laplace/graphs/golden__v20_a30_g14.json,2026-07-31_19h53_sem_laplace/graphs/CPC__v20_a30_g14_s500.json,metrics: module 'pyagrum' has no attribute 'StructuralMetrics',0.5077006609935779,,,,,,
sem_laplace,CMIIC,"{""alpha"": 0.05}",20,30,500,14,2026-07-31_19h53_sem_laplace/graphs/golden__v20_a30_g14.json,2026-07-31_19h53_sem_laplace/graphs/CMIIC__v20_a30_g14_s500.json,metrics: module 'pyagrum' has no attribute 'StructuralMetrics',1.503314235000289,,,,,,
sem_laplace,CPC,"{""alpha"": 0.05, ""max_conditioning_set_size"": 3}",20,30,1000,14,2026-07-31_19h53_sem_laplace/graphs/golden__v20_a30_g14.json,2026-07-31_19h53_sem_laplace/graphs/CPC__v20_a30_g14_s1000.json,metrics: module 'pyagrum' has no attribute 'StructuralMetrics',2.2581868359993678,,,,,,
sem_laplace,CMIIC,"{""alpha"": 0.05}",20,30,1000,14,2026-07-31_19h53_sem_laplace/graphs/golden__v20_a30_g14.json,2026-07-31_19h53_sem_laplace/graphs/CMIIC__v20_a30_g14_s1000.json,metrics: module 'pyagrum' has no attribute 'StructuralMetrics',5.347947675007163,,,,,,
sem_laplace,CPC,"{""alpha"": 0.05, ""max_conditioning_set_size"": 3}",20,30,3000,14,2026-07-31_19h53_sem_laplace/graphs/golden__v20_a30_g14.json,2026-07-31_19h53_sem_laplace/graphs/CPC__v20_a30_g14_s3000.json,metrics: module 'pyagrum' has no attribute 'StructuralMetrics',26.27037384000141,,,,,,
sem_laplace,CMIIC,"{""alpha"": 0.05}",20,30,3000,14,2026-07-31_19h53_sem_laplace/graphs/golden__v20_a30_g14.json,2026-07-31_19h53_sem_laplace/graphs/CMIIC__v20_a30_g14_s3000.json,metrics: module 'pyagrum' has no attribute 'StructuralMetrics',41.47696168300172,,,,,,
sem_laplace,CPC,"{""alpha"": 0.05, ""max_conditioning_set_size"": 3}",20,30,5000,14,2026-07-31_19h53_sem_laplace/graphs/golden__v20_a30_g14.json,2026-07-31_19h53_sem_laplace/graphs/CPC__v20_a30_g14_s5000.json,metrics: module 'pyagrum' has no attribute 'StructuralMetrics',85.62216879100015,,,,,,
sem_laplace,CMIIC,"{""alpha"": 0.05}",20,30,5000,14,2026-07-31_19h53_sem_laplace/graphs/golden__v20_a30_g14.json,2026-07-31_19h53_sem_laplace/graphs/CMIIC__v20_a30_g14_s5000.json,metrics: module 'pyagrum' has no attribute 'StructuralMetrics',118.48127470600593,,,,,,
sem_laplace,CPC,"{""alpha"": 0.05, ""max_conditioning_set_size"": 3}",20,30,200,15,2026-07-31_19h53_sem_laplace/graphs/golden__v20_a30_g15.json,2026-07-31_19h53_sem_laplace/graphs/CPC__v20_a30_g15_s200.json,metrics: module 'pyagrum' has no attribute 'StructuralMetrics',0.06221210000512656,,,,,,
sem_laplace,CMIIC,"{""alpha"": 0.05}",20,30,200,15,2026-07-31_19h53_sem_laplace/graphs/golden__v20_a30_g15.json,2026-07-31_19h53_sem_laplace/graphs/CMIIC__v20_a30_g15_s200.json,metrics: module 'pyagrum' has no attribute 'StructuralMetrics',0.4217821170022944,,,,,,
sem_laplace,CPC,"{""alpha"": 0.05, ""max_conditioning_set_size"": 3}",20,30,500,15,2026-07-31_19h53_sem_laplace/graphs/golden__v20_a30_g15.json,2026-07-31_19h53_sem_laplace/graphs/CPC__v20_a30_g15_s500.json,metrics: module 'pyagrum' has no attribute 'StructuralMetrics',0.5145695779938251,,,,,,
sem_laplace,CMIIC,"{""alpha"": 0.05}",20,30,500,15,2026-07-31_19h53_sem_laplace/graphs/golden__v20_a30_g15.json,2026-07-31_19h53_sem_laplace/graphs/CMIIC__v20_a30_g15_s500.json,metrics: module 'pyagrum' has no attribute 'StructuralMetrics',1.75979224400362,,,,,,
sem_laplace,CPC,"{""alpha"": 0.05, ""max_conditioning_set_size"": 3}",20,30,1000,15,2026-07-31_19h53_sem_laplace/graphs/golden__v20_a30_g15.json,2026-07-31_19h53_sem_laplace/graphs/CPC__v20_a30_g15_s1000.json,metrics: module 'pyagrum' has no attribute 'StructuralMetrics',2.1056480210099835,,,,,,
sem_laplace,CMIIC,"{""alpha"": 0.05}",20,30,1000,15,2026-07-31_19h53_sem_laplace/graphs/golden__v20_a30_g15.json,2026-07-31_19h53_sem_laplace/graphs/CMIIC__v20_a30_g15_s1000.json,metrics: module 'pyagrum' has no attribute 'StructuralMetrics',6.061395377997542,,,,,,
sem_laplace,CPC,"{""alpha"": 0.05, ""max_conditioning_set_size"": 3}",20,30,3000,15,2026-07-31_19h53_sem_laplace/graphs/golden__v20_a30_g15.json,2026-07-31_19h53_sem_laplace/graphs/CPC__v20_a30_g15_s3000.json,metrics: module 'pyagrum' has no attribute 'StructuralMetrics',27.55382289100089,,,,,,
sem_laplace,CMIIC,"{""alpha"": 0.05}",20,30,3000,15,2026-07-31_19h53_sem_laplace/graphs/golden__v20_a30_g15.json,2026-07-31_19h53_sem_laplace/graphs/CMIIC__v20_a30_g15_s3000.json,metrics: module 'pyagrum' has no attribute 'StructuralMetrics',46.99459916399792,,,,,,
sem_laplace,CPC,"{""alpha"": 0.05, ""max_conditioning_set_size"": 3}",20,30,5000,15,2026-07-31_19h53_sem_laplace/graphs/golden__v20_a30_g15.json,2026-07-31_19h53_sem_laplace/graphs/CPC__v20_a30_g15_s5000.json,metrics: module 'pyagrum' has no attribute 'StructuralMetrics',85.81140951700218,,,,,,
sem_laplace,CMIIC,"{""alpha"": 0.05}",20,30,5000,15,2026-07-31_19h53_sem_laplace/graphs/golden__v20_a30_g15.json,2026-07-31_19h53_sem_laplace/graphs/CMIIC__v20_a30_g15_s5000.json,metrics: module 'pyagrum' has no attribute 'StructuralMetrics',127.2822331829957,,,,,,
sem_laplace,CPC,"{""alpha"": 0.05, ""max_conditioning_set_size"": 3}",20,30,200,16,2026-07-31_19h53_sem_laplace/graphs/golden__v20_a30_g16.json,2026-07-31_19h53_sem_laplace/graphs/CPC__v20_a30_g16_s200.json,metrics: module 'pyagrum' has no attribute 'StructuralMetrics',0.061023219997878186,,,,,,
sem_laplace,CMIIC,"{""alpha"": 0.05}",20,30,200,16,2026-07-31_19h53_sem_laplace/graphs/golden__v20_a30_g16.json,2026-07-31_19h53_sem_laplace/graphs/CMIIC__v20_a30_g16_s200.json,metrics: module 'pyagrum' has no attribute 'StructuralMetrics',0.3809851440018974,,,,,,
sem_laplace,CPC,"{""alpha"": 0.05, ""max_conditioning_set_size"": 3}",20,30,500,16,2026-07-31_19h53_sem_laplace/graphs/golden__v20_a30_g16.json,2026-07-31_19h53_sem_laplace/graphs/CPC__v20_a30_g16_s500.json,metrics: module 'pyagrum' has no attribute 'StructuralMetrics',0.5865893139998661,,,,,,
sem_laplace,CMIIC,"{""alpha"": 0.05}",20,30,500,16,2026-07-31_19h53_sem_laplace/graphs/golden__v20_a30_g16.json,2026-07-31_19h53_sem_laplace/graphs/CMIIC__v20_a30_g16_s500.json,metrics: module 'pyagrum' has no attribute 'StructuralMetrics',1.7368441380094737,,,,,,
sem_laplace,CPC,"{""alpha"": 0.05, ""max_conditioning_set_size"": 3}",20,30,1000,16,2026-07-31_19h53_sem_laplace/graphs/golden__v20_a30_g16.json,2026-07-31_19h53_sem_laplace/graphs/CPC__v20_a30_g16_s1000.json,metrics: module 'pyagrum' has no attribute 'StructuralMetrics',2.4015337790042395,,,,,,
sem_laplace,CMIIC,"{""alpha"": 0.05}",20,30,1000,16,2026-07-31_19h53_sem_laplace/graphs/golden__v20_a30_g16.json,2026-07-31_19h53_sem_laplace/graphs/CMIIC__v20_a30_g16_s1000.json,metrics: module 'pyagrum' has no attribute 'StructuralMetrics',5.924767307995353,,,,,,
sem_laplace,CPC,"{""alpha"": 0.05, ""max_conditioning_set_size"": 3}",20,30,3000,16,2026-07-31_19h53_sem_laplace/graphs/golden__v20_a30_g16.json,2026-07-31_19h53_sem_laplace/graphs/CPC__v20_a30_g16_s3000.json,metrics: module 'pyagrum' has no attribute 'StructuralMetrics',30.366279135007062,,,,,,
sem_laplace,CMIIC,"{""alpha"": 0.05}",20,30,3000,16,2026-07-31_19h53_sem_laplace/graphs/golden__v20_a30_g16.json,2026-07-31_19h53_sem_laplace/graphs/CMIIC__v20_a30_g16_s3000.json,metrics: module 'pyagrum' has no attribute 'StructuralMetrics',48.50258596299682,,,,,,
sem_laplace,CPC,"{""alpha"": 0.05, ""max_conditioning_set_size"": 3}",20,30,5000,16,2026-07-31_19h53_sem_laplace/graphs/golden__v20_a30_g16.json,2026-07-31_19h53_sem_laplace/graphs/CPC__v20_a30_g16_s5000.json,metrics: module 'pyagrum' has no attribute 'StructuralMetrics',93.76496374700218,,,,,,
sem_laplace,CMIIC,"{""alpha"": 0.05}",20,30,5000,16,2026-07-31_19h53_sem_laplace/graphs/golden__v20_a30_g16.json,2026-07-31_19h53_sem_laplace/graphs/CMIIC__v20_a30_g16_s5000.json,metrics: module 'pyagrum' has no attribute 'StructuralMetrics',135.0286750630039,,,,,,
sem_laplace,CPC,"{""alpha"": 0.05, ""max_conditioning_set_size"": 3}",20,30,200,17,2026-07-31_19h53_sem_laplace/graphs/golden__v20_a30_g17.json,2026-07-31_19h53_sem_laplace/graphs/CPC__v20_a30_g17_s200.json,metrics: module 'pyagrum' has no attribute 'StructuralMetrics',0.058295256007113494,,,,,,
sem_laplace,CMIIC,"{""alpha"": 0.05}",20,30,200,17,2026-07-31_19h53_sem_laplace/graphs/golden__v20_a30_g17.json,2026-07-31_19h53_sem_laplace/graphs/CMIIC__v20_a30_g17_s200.json,metrics: module 'pyagrum' has no attribute 'StructuralMetrics',0.44818991600186564,,,,,,
sem_laplace,CPC,"{""alpha"": 0.05, ""max_conditioning_set_size"": 3}",20,30,500,17,2026-07-31_19h53_sem_laplace/graphs/golden__v20_a30_g17.json,2026-07-31_19h53_sem_laplace/graphs/CPC__v20_a30_g17_s500.json,metrics: module 'pyagrum' has no attribute 'StructuralMetrics',0.439995167995221,,,,,,
sem_laplace,CMIIC,"{""alpha"": 0.05}",20,30,500,17,2026-07-31_19h53_sem_laplace/graphs/golden__v20_a30_g17.json,2026-07-31_19h53_sem_laplace/graphs/CMIIC__v20_a30_g17_s500.json,metrics: module 'pyagrum' has no attribute 'StructuralMetrics',1.5385837509966223,,,,,,
sem_laplace,CPC,"{""alpha"": 0.05, ""max_conditioning_set_size"": 3}",20,30,1000,17,2026-07-31_19h53_sem_laplace/graphs/golden__v20_a30_g17.json,2026-07-31_19h53_sem_laplace/graphs/CPC__v20_a30_g17_s1000.json,metrics: module 'pyagrum' has no attribute 'StructuralMetrics',1.903667687001871,,,,,,
sem_laplace,CMIIC,"{""alpha"": 0.05}",20,30,1000,17,2026-07-31_19h53_sem_laplace/graphs/golden__v20_a30_g17.json,2026-07-31_19h53_sem_laplace/graphs/CMIIC__v20_a30_g17_s1000.json,metrics: module 'pyagrum' has no attribute 'StructuralMetrics',5.449468139995588,,,,,,
sem_laplace,CPC,"{""alpha"": 0.05, ""max_conditioning_set_size"": 3}",20,30,3000,17,2026-07-31_19h53_sem_laplace/graphs/golden__v20_a30_g17.json,2026-07-31_19h53_sem_laplace/graphs/CPC__v20_a30_g17_s3000.json,metrics: module 'pyagrum' has no attribute 'StructuralMetrics',27.525833560008323,,,,,,
sem_laplace,CMIIC,"{""alpha"": 0.05}",20,30,3000,17,2026-07-31_19h53_sem_laplace/graphs/golden__v20_a30_g17.json,2026-07-31_19h53_sem_laplace/graphs/CMIIC__v20_a30_g17_s3000.json,metrics: module 'pyagrum' has no attribute 'StructuralMetrics',44.826549648991204,,,,,,
sem_laplace,CPC,"{""alpha"": 0.05, ""max_conditioning_set_size"": 3}",20,30,5000,17,2026-07-31_19h53_sem_laplace/graphs/golden__v20_a30_g17.json,2026-07-31_19h53_sem_laplace/graphs/CPC__v20_a30_g17_s5000.json,metrics: module 'pyagrum' has no attribute 'StructuralMetrics',87.6984268459928,,,,,,
sem_laplace,CMIIC,"{""alpha"": 0.05}",20,30,5000,17,2026-07-31_19h53_sem_laplace/graphs/golden__v20_a30_g17.json,2026-07-31_19h53_sem_laplace/graphs/CMIIC__v20_a30_g17_s5000.json,metrics: module 'pyagrum' has no attribute 'StructuralMetrics',123.20842594100395,,,,,,
sem_laplace,CPC,"{""alpha"": 0.05, ""max_conditioning_set_size"": 3}",20,30,200,18,2026-07-31_19h53_sem_laplace/graphs/golden__v20_a30_g18.json,2026-07-31_19h53_sem_laplace/graphs/CPC__v20_a30_g18_s200.json,metrics: module 'pyagrum' has no attribute 'StructuralMetrics',0.07368207299441565,,,,,,
sem_laplace,CMIIC,"{""alpha"": 0.05}",20,30,200,18,2026-07-31_19h53_sem_laplace/graphs/golden__v20_a30_g18.json,2026-07-31_19h53_sem_laplace/graphs/CMIIC__v20_a30_g18_s200.json,metrics: module 'pyagrum' has no attribute 'StructuralMetrics',0.5952300040080445,,,,,,
sem_laplace,CPC,"{""alpha"": 0.05, ""max_conditioning_set_size"": 3}",20,30,500,18,2026-07-31_19h53_sem_laplace/graphs/golden__v20_a30_g18.json,2026-07-31_19h53_sem_laplace/graphs/CPC__v20_a30_g18_s500.json,metrics: module 'pyagrum' has no attribute 'StructuralMetrics',0.8200638470007107,,,,,,
sem_laplace,CMIIC,"{""alpha"": 0.05}",20,30,500,18,2026-07-31_19h53_sem_laplace/graphs/golden__v20_a30_g18.json,2026-07-31_19h53_sem_laplace/graphs/CMIIC__v20_a30_g18_s500.json,metrics: module 'pyagrum' has no attribute 'StructuralMetrics',2.523045715992339,,,,,,
sem_laplace,CPC,"{""alpha"": 0.05, ""max_conditioning_set_size"": 3}",20,30,1000,18,2026-07-31_19h53_sem_laplace/graphs/golden__v20_a30_g18.json,2026-07-31_19h53_sem_laplace/graphs/CPC__v20_a30_g18_s1000.json,metrics: module 'pyagrum' has no attribute 'StructuralMetrics',4.271102888000314,,,,,,
sem_laplace,CMIIC,"{""alpha"": 0.05}",20,30,1000,18,2026-07-31_19h53_sem_laplace/graphs/golden__v20_a30_g18.json,2026-07-31_19h53_sem_laplace/graphs/CMIIC__v20_a30_g18_s1000.json,metrics: module 'pyagrum' has no attribute 'StructuralMetrics',8.68220503401244,,,,,,
sem_laplace,CPC,"{""alpha"": 0.05, ""max_conditioning_set_size"": 3}",20,30,3000,18,2026-07-31_19h53_sem_laplace/graphs/golden__v20_a30_g18.json,2026-07-31_19h53_sem_laplace/graphs/CPC__v20_a30_g18_s3000.json,metrics: module 'pyagrum' has no attribute 'StructuralMetrics',52.355912801009254,,,,,,
sem_laplace,CMIIC,"{""alpha"": 0.05}",20,30,3000,18,2026-07-31_19h53_sem_laplace/graphs/golden__v20_a30_g18.json,2026-07-31_19h53_sem_laplace/graphs/CMIIC__v20_a30_g18_s3000.json,metrics: module 'pyagrum' has no attribute 'StructuralMetrics',63.91909163800301,,,,,,
sem_laplace,CPC,"{""alpha"": 0.05, ""max_conditioning_set_size"": 3}",20,30,5000,18,2026-07-31_19h53_sem_laplace/graphs/golden__v20_a30_g18.json,2026-07-31_19h53_sem_laplace/graphs/CPC__v20_a30_g18_s5000.json,metrics: module 'pyagrum' has no attribute 'StructuralMetrics',166.55335351500253,,,,,,
sem_laplace,CMIIC,"{""alpha"": 0.05}",20,30,5000,18,2026-07-31_19h53_sem_laplace/graphs/golden__v20_a30_g18.json,2026-07-31_19h53_sem_laplace/graphs/CMIIC__v20_a30_g18_s5000.json,metrics: module 'pyagrum' has no attribute 'StructuralMetrics',166.12572697400174,,,,,,
sem_laplace,CPC,"{""alpha"": 0.05, ""max_conditioning_set_size"": 3}",20,30,200,19,2026-07-31_19h53_sem_laplace/graphs/golden__v20_a30_g19.json,2026-07-31_19h53_sem_laplace/graphs/CPC__v20_a30_g19_s200.json,metrics: module 'pyagrum' has no attribute 'StructuralMetrics',0.05425959700369276,,,,,,
sem_laplace,CMIIC,"{""alpha"": 0.05}",20,30,200,19,2026-07-31_19h53_sem_laplace/graphs/golden__v20_a30_g19.json,2026-07-31_19h53_sem_laplace/graphs/CMIIC__v20_a30_g19_s200.json,metrics: module 'pyagrum' has no attribute 'StructuralMetrics',0.31987676200515125,,,,,,
sem_laplace,CPC,"{""alpha"": 0.05, ""max_conditioning_set_size"": 3}",20,30,500,19,2026-07-31_19h53_sem_laplace/graphs/golden__v20_a30_g19.json,2026-07-31_19h53_sem_laplace/graphs/CPC__v20_a30_g19_s500.json,metrics: module 'pyagrum' has no attribute 'StructuralMetrics',0.45409538499370683,,,,,,
sem_laplace,CMIIC,"{""alpha"": 0.05}",20,30,500,19,2026-07-31_19h53_sem_laplace/graphs/golden__v20_a30_g19.json,2026-07-31_19h53_sem_laplace/graphs/CMIIC__v20_a30_g19_s500.json,metrics: module 'pyagrum' has no attribute 'StructuralMetrics',1.43400205099897,,,,,,
sem_laplace,CPC,"{""alpha"": 0.05, ""max_conditioning_set_size"": 3}",20,30,1000,19,2026-07-31_19h53_sem_laplace/graphs/golden__v20_a30_g19.json,2026-07-31_19h53_sem_laplace/graphs/CPC__v20_a30_g19_s1000.json,metrics: module 'pyagrum' has no attribute 'StructuralMetrics',1.991332486999454,,,,,,
sem_laplace,CMIIC,"{""alpha"": 0.05}",20,30,1000,19,2026-07-31_19h53_sem_laplace/graphs/golden__v20_a30_g19.json,2026-07-31_19h53_sem_laplace/graphs/CMIIC__v20_a30_g19_s1000.json,metrics: module 'pyagrum' has no attribute 'StructuralMetrics',4.85121172099025,,,,,,
sem_laplace,CPC,"{""alpha"": 0.05, ""max_conditioning_set_size"": 3}",20,30,3000,19,2026-07-31_19h53_sem_laplace/graphs/golden__v20_a30_g19.json,2026-07-31_19h53_sem_laplace/graphs/CPC__v20_a30_g19_s3000.json,metrics: module 'pyagrum' has no attribute 'StructuralMetrics',24.221550154994475,,,,,,
sem_laplace,CMIIC,"{""alpha"": 0.05}",20,30,3000,19,2026-07-31_19h53_sem_laplace/graphs/golden__v20_a30_g19.json,2026-07-31_19h53_sem_laplace/graphs/CMIIC__v20_a30_g19_s3000.json,metrics: module 'pyagrum' has no attribute 'StructuralMetrics',39.65011649299413,,,,,,
sem_laplace,CPC,"{""alpha"": 0.05, ""max_conditioning_set_size"": 3}",20,30,5000,19,2026-07-31_19h53_sem_laplace/graphs/golden__v20_a30_g19.json,2026-07-31_19h53_sem_laplace/graphs/CPC__v20_a30_g19_s5000.json,metrics: module 'pyagrum' has no attribute 'StructuralMetrics',81.57695569000498,,,,,,
sem_laplace,CMIIC,"{""alpha"": 0.05}",20,30,5000,19,2026-07-31_19h53_sem_laplace/graphs/golden__v20_a30_g19.json,2026-07-31_19h53_sem_laplace/graphs/CMIIC__v20_a30_g19_s5000.json,metrics: module 'pyagrum' has no attribute 'StructuralMetrics',110.01145816300414,,,,,,
sem_laplace,CPC,"{""alpha"": 0.05, ""max_conditioning_set_size"": 3}",20,30,200,20,2026-07-31_19h53_sem_laplace/graphs/golden__v20_a30_g20.json,2026-07-31_19h53_sem_laplace/graphs/CPC__v20_a30_g20_s200.json,metrics: module 'pyagrum' has no attribute 'StructuralMetrics',0.07017878000624478,,,,,,
sem_laplace,CMIIC,"{""alpha"": 0.05}",20,30,200,20,2026-07-31_19h53_sem_laplace/graphs/golden__v20_a30_g20.json,2026-07-31_19h53_sem_laplace/graphs/CMIIC__v20_a30_g20_s200.json,metrics: module 'pyagrum' has no attribute 'StructuralMetrics',0.39257015800103545,,,,,,
sem_laplace,CPC,"{""alpha"": 0.05, ""max_conditioning_set_size"": 3}",20,30,500,20,2026-07-31_19h53_sem_laplace/graphs/golden__v20_a30_g20.json,2026-07-31_19h53_sem_laplace/graphs/CPC__v20_a30_g20_s500.json,metrics: module 'pyagrum' has no attribute 'StructuralMetrics',0.522908066996024,,,,,,
sem_laplace,CMIIC,"{""alpha"": 0.05}",20,30,500,20,2026-07-31_19h53_sem_laplace/graphs/golden__v20_a30_g20.json,2026-07-31_19h53_sem_laplace/graphs/CMIIC__v20_a30_g20_s500.json,metrics: module 'pyagrum' has no attribute 'StructuralMetrics',1.7243091159907635,,,,,,
sem_laplace,CPC,"{""alpha"": 0.05, ""max_conditioning_set_size"": 3}",20,30,1000,20,2026-07-31_19h53_sem_laplace/graphs/golden__v20_a30_g20.json,2026-07-31_19h53_sem_laplace/graphs/CPC__v20_a30_g20_s1000.json,metrics: module 'pyagrum' has no attribute 'StructuralMetrics',3.0758269329962786,,,,,,
sem_laplace,CMIIC,"{""alpha"": 0.05}",20,30,1000,20,2026-07-31_19h53_sem_laplace/graphs/golden__v20_a30_g20.json,2026-07-31_19h53_sem_laplace/graphs/CMIIC__v20_a30_g20_s1000.json,metrics: module 'pyagrum' has no attribute 'StructuralMetrics',5.8563731080066646,,,,,,
sem_laplace,CPC,"{""alpha"": 0.05, ""max_conditioning_set_size"": 3}",20,30,3000,20,2026-07-31_19h53_sem_laplace/graphs/golden__v20_a30_g20.json,2026-07-31_19h53_sem_laplace/graphs/CPC__v20_a30_g20_s3000.json,metrics: module 'pyagrum' has no attribute 'StructuralMetrics',38.825203783999314,,,,,,
sem_laplace,CMIIC,"{""alpha"": 0.05}",20,30,3000,20,2026-07-31_19h53_sem_laplace/graphs/golden__v20_a30_g20.json,2026-07-31_19h53_sem_laplace/graphs/CMIIC__v20_a30_g20_s3000.json,metrics: module 'pyagrum' has no attribute 'StructuralMetrics',49.60086244500417,,,,,,
sem_laplace,CPC,"{""alpha"": 0.05, ""max_conditioning_set_size"": 3}",20,30,5000,20,2026-07-31_19h53_sem_laplace/graphs/golden__v20_a30_g20.json,2026-07-31_19h53_sem_laplace/graphs/CPC__v20_a30_g20_s5000.json,metrics: module 'pyagrum' has no attribute 'StructuralMetrics',124.4771359639999,,,,,,
sem_laplace,CMIIC,"{""alpha"": 0.05}",20,30,5000,20,2026-07-31_19h53_sem_laplace/graphs/golden__v20_a30_g20.json,2026-07-31_19h53_sem_laplace/graphs/CMIIC__v20_a30_g20_s5000.json,metrics: module 'pyagrum' has no attribute 'StructuralMetrics',133.03723427098885,,,,,,
sem_laplace,CPC,"{""alpha"": 0.05, ""max_conditioning_set_size"": 3}",20,30,200,21,2026-07-31_19h53_sem_laplace/graphs/golden__v20_a30_g21.json,2026-07-31_19h53_sem_laplace/graphs/CPC__v20_a30_g21_s200.json,metrics: module 'pyagrum' has no attribute 'StructuralMetrics',0.07058054298977368,,,,,,
sem_laplace,CMIIC,"{""alpha"": 0.05}",20,30,200,21,2026-07-31_19h53_sem_laplace/graphs/golden__v20_a30_g21.json,2026-07-31_19h53_sem_laplace/graphs/CMIIC__v20_a30_g21_s200.json,metrics: module 'pyagrum' has no attribute 'StructuralMetrics',0.49914322000404354,,,,,,
sem_laplace,CPC,"{""alpha"": 0.05, ""max_conditioning_set_size"": 3}",20,30,500,21,2026-07-31_19h53_sem_laplace/graphs/golden__v20_a30_g21.json,2026-07-31_19h53_sem_laplace/graphs/CPC__v20_a30_g21_s500.json,metrics: module 'pyagrum' has no attribute 'StructuralMetrics',0.6272205809946172,,,,,,
sem_laplace,CMIIC,"{""alpha"": 0.05}",20,30,500,21,2026-07-31_19h53_sem_laplace/graphs/golden__v20_a30_g21.json,2026-07-31_19h53_sem_laplace/graphs/CMIIC__v20_a30_g21_s500.json,metrics: module 'pyagrum' has no attribute 'StructuralMetrics',1.9420492810022552,,,,,,
sem_laplace,CPC,"{""alpha"": 0.05, ""max_conditioning_set_size"": 3}",20,30,1000,21,2026-07-31_19h53_sem_laplace/graphs/golden__v20_a30_g21.json,2026-07-31_19h53_sem_laplace/graphs/CPC__v20_a30_g21_s1000.json,metrics: module 'pyagrum' has no attribute 'StructuralMetrics',3.01482171099633,,,,,,
sem_laplace,CMIIC,"{""alpha"": 0.05}",20,30,1000,21,2026-07-31_19h53_sem_laplace/graphs/golden__v20_a30_g21.json,2026-07-31_19h53_sem_laplace/graphs/CMIIC__v20_a30_g21_s1000.json,metrics: module 'pyagrum' has no attribute 'StructuralMetrics',6.297740340989549,,,,,,
sem_laplace,CPC,"{""alpha"": 0.05, ""max_conditioning_set_size"": 3}",20,30,3000,21,2026-07-31_19h53_sem_laplace/graphs/golden__v20_a30_g21.json,2026-07-31_19h53_sem_laplace/graphs/CPC__v20_a30_g21_s3000.json,metrics: module 'pyagrum' has no attribute 'StructuralMetrics',34.121187530006864,,,,,,
sem_laplace,CMIIC,"{""alpha"": 0.05}",20,30,3000,21,2026-07-31_19h53_sem_laplace/graphs/golden__v20_a30_g21.json,2026-07-31_19h53_sem_laplace/graphs/CMIIC__v20_a30_g21_s3000.json,metrics: module 'pyagrum' has no attribute 'StructuralMetrics',51.365099403003114,,,,,,
sem_laplace,CPC,"{""alpha"": 0.05, ""max_conditioning_set_size"": 3}",20,30,5000,21,2026-07-31_19h53_sem_laplace/graphs/golden__v20_a30_g21.json,2026-07-31_19h53_sem_laplace/graphs/CPC__v20_a30_g21_s5000.json,metrics: module 'pyagrum' has no attribute 'StructuralMetrics',115.18220729799941,,,,,,
sem_laplace,CMIIC,"{""alpha"": 0.05}",20,30,5000,21,2026-07-31_19h53_sem_laplace/graphs/golden__v20_a30_g21.json,2026-07-31_19h53_sem_laplace/graphs/CMIIC__v20_a30_g21_s5000.json,metrics: module 'pyagrum' has no attribute 'StructuralMetrics',147.23408288200153,,,,,,
sem_laplace,CPC,"{""alpha"": 0.05, ""max_conditioning_set_size"": 3}",20,30,200,22,2026-07-31_19h53_sem_laplace/graphs/golden__v20_a30_g22.json,2026-07-31_19h53_sem_laplace/graphs/CPC__v20_a30_g22_s200.json,metrics: module 'pyagrum' has no attribute 'StructuralMetrics',0.0700681950111175,,,,,,
sem_laplace,CMIIC,"{""alpha"": 0.05}",20,30,200,22,2026-07-31_19h53_sem_laplace/graphs/golden__v20_a30_g22.json,2026-07-31_19h53_sem_laplace/graphs/CMIIC__v20_a30_g22_s200.json,metrics: module 'pyagrum' has no attribute 'StructuralMetrics',0.4213272579945624,,,,,,
sem_laplace,CPC,"{""alpha"": 0.05, ""max_conditioning_set_size"": 3}",20,30,500,22,2026-07-31_19h53_sem_laplace/graphs/golden__v20_a30_g22.json,2026-07-31_19h53_sem_laplace/graphs/CPC__v20_a30_g22_s500.json,metrics: module 'pyagrum' has no attribute 'StructuralMetrics',0.5926800000015646,,,,,,
sem_laplace,CMIIC,"{""alpha"": 0.05}",20,30,500,22,2026-07-31_19h53_sem_laplace/graphs/golden__v20_a30_g22.json,2026-07-31_19h53_sem_laplace/graphs/CMIIC__v20_a30_g22_s500.json,metrics: module 'pyagrum' has no attribute 'StructuralMetrics',1.8704735479986994,,,,,,
sem_laplace,CPC,"{""alpha"": 0.05, ""max_conditioning_set_size"": 3}",20,30,1000,22,2026-07-31_19h53_sem_laplace/graphs/golden__v20_a30_g22.json,2026-07-31_19h53_sem_laplace/graphs/CPC__v20_a30_g22_s1000.json,metrics: module 'pyagrum' has no attribute 'StructuralMetrics',2.754006193994428,,,,,,
sem_laplace,CMIIC,"{""alpha"": 0.05}",20,30,1000,22,2026-07-31_19h53_sem_laplace/graphs/golden__v20_a30_g22.json,2026-07-31_19h53_sem_laplace/graphs/CMIIC__v20_a30_g22_s1000.json,metrics: module 'pyagrum' has no attribute 'StructuralMetrics',6.306575775000965,,,,,,
sem_laplace,CPC,"{""alpha"": 0.05, ""max_conditioning_set_size"": 3}",20,30,3000,22,2026-07-31_19h53_sem_laplace/graphs/golden__v20_a30_g22.json,,[pyAgrum] Partially directed cycle detected: Add a partial directed cycle in a PDAG : between 12 and 18,,,,,,,
sem_laplace,CMIIC,"{""alpha"": 0.05}",20,30,3000,22,2026-07-31_19h53_sem_laplace/graphs/golden__v20_a30_g22.json,2026-07-31_19h53_sem_laplace/graphs/CMIIC__v20_a30_g22_s3000.json,metrics: module 'pyagrum' has no attribute 'StructuralMetrics',51.48577171898796,,,,,,
sem_laplace,CPC,"{""alpha"": 0.05, ""max_conditioning_set_size"": 3}",20,30,5000,22,2026-07-31_19h53_sem_laplace/graphs/golden__v20_a30_g22.json,2026-07-31_19h53_sem_laplace/graphs/CPC__v20_a30_g22_s5000.json,metrics: module 'pyagrum' has no attribute 'StructuralMetrics',106.25055250199512,,,,,,
sem_laplace,CMIIC,"{""alpha"": 0.05}",20,30,5000,22,2026-07-31_19h53_sem_laplace/graphs/golden__v20_a30_g22.json,2026-07-31_19h53_sem_laplace/graphs/CMIIC__v20_a30_g22_s5000.json,metrics: module 'pyagrum' has no attribute 'StructuralMetrics',142.34308048100502,,,,,,
sem_laplace,CPC,"{""alpha"": 0.05, ""max_conditioning_set_size"": 3}",20,30,200,23,2026-07-31_19h53_sem_laplace/graphs/golden__v20_a30_g23.json,2026-07-31_19h53_sem_laplace/graphs/CPC__v20_a30_g23_s200.json,metrics: module 'pyagrum' has no attribute 'StructuralMetrics',0.0693213630001992,,,,,,
sem_laplace,CMIIC,"{""alpha"": 0.05}",20,30,200,23,2026-07-31_19h53_sem_laplace/graphs/golden__v20_a30_g23.json,2026-07-31_19h53_sem_laplace/graphs/CMIIC__v20_a30_g23_s200.json,metrics: module 'pyagrum' has no attribute 'StructuralMetrics',0.43805299600353464,,,,,,
sem_laplace,CPC,"{""alpha"": 0.05, ""max_conditioning_set_size"": 3}",20,30,500,23,2026-07-31_19h53_sem_laplace/graphs/golden__v20_a30_g23.json,2026-07-31_19h53_sem_laplace/graphs/CPC__v20_a30_g23_s500.json,metrics: module 'pyagrum' has no attribute 'StructuralMetrics',0.6863304229918867,,,,,,
sem_laplace,CMIIC,"{""alpha"": 0.05}",20,30,500,23,2026-07-31_19h53_sem_laplace/graphs/golden__v20_a30_g23.json,2026-07-31_19h53_sem_laplace/graphs/CMIIC__v20_a30_g23_s500.json,metrics: module 'pyagrum' has no attribute 'StructuralMetrics',1.9474902340007247,,,,,,
sem_laplace,CPC,"{""alpha"": 0.05, ""max_conditioning_set_size"": 3}",20,30,1000,23,2026-07-31_19h53_sem_laplace/graphs/golden__v20_a30_g23.json,2026-07-31_19h53_sem_laplace/graphs/CPC__v20_a30_g23_s1000.json,metrics: module 'pyagrum' has no attribute 'StructuralMetrics',3.231999297000584,,,,,,
sem_laplace,CMIIC,"{""alpha"": 0.05}",20,30,1000,23,2026-07-31_19h53_sem_laplace/graphs/golden__v20_a30_g23.json,2026-07-31_19h53_sem_laplace/graphs/CMIIC__v20_a30_g23_s1000.json,metrics: module 'pyagrum' has no attribute 'StructuralMetrics',6.713158320999355,,,,,,
sem_laplace,CPC,"{""alpha"": 0.05, ""max_conditioning_set_size"": 3}",20,30,3000,23,2026-07-31_19h53_sem_laplace/graphs/golden__v20_a30_g23.json,2026-07-31_19h53_sem_laplace/graphs/CPC__v20_a30_g23_s3000.json,metrics: module 'pyagrum' has no attribute 'StructuralMetrics',43.52018957599648,,,,,,
sem_laplace,CMIIC,"{""alpha"": 0.05}",20,30,3000,23,2026-07-31_19h53_sem_laplace/graphs/golden__v20_a30_g23.json,2026-07-31_19h53_sem_laplace/graphs/CMIIC__v20_a30_g23_s3000.json,metrics: module 'pyagrum' has no attribute 'StructuralMetrics',51.30794607799908,,,,,,
sem_laplace,CPC,"{""alpha"": 0.05, ""max_conditioning_set_size"": 3}",20,30,5000,23,2026-07-31_19h53_sem_laplace/graphs/golden__v20_a30_g23.json,2026-07-31_19h53_sem_laplace/graphs/CPC__v20_a30_g23_s5000.json,metrics: module 'pyagrum' has no attribute 'StructuralMetrics',131.75793105299817,,,,,,
sem_laplace,CMIIC,"{""alpha"": 0.05}",20,30,5000,23,2026-07-31_19h53_sem_laplace/graphs/golden__v20_a30_g23.json,2026-07-31_19h53_sem_laplace/graphs/CMIIC__v20_a30_g23_s5000.json,metrics: module 'pyagrum' has no attribute 'StructuralMetrics',148.19101805800165,,,,,,
sem_laplace,CPC,"{""alpha"": 0.05, ""max_conditioning_set_size"": 3}",20,30,200,24,2026-07-31_19h53_sem_laplace/graphs/golden__v20_a30_g24.json,2026-07-31_19h53_sem_laplace/graphs/CPC__v20_a30_g24_s200.json,metrics: module 'pyagrum' has no attribute 'StructuralMetrics',0.057224771997425705,,,,,,
sem_laplace,CMIIC,"{""alpha"": 0.05}",20,30,200,24,2026-07-31_19h53_sem_laplace/graphs/golden__v20_a30_g24.json,2026-07-31_19h53_sem_laplace/graphs/CMIIC__v20_a30_g24_s200.json,metrics: module 'pyagrum' has no attribute 'StructuralMetrics',0.32109305800986476,,,,,,
sem_laplace,CPC,"{""alpha"": 0.05, ""max_conditioning_set_size"": 3}",20,30,500,24,2026-07-31_19h53_sem_laplace/graphs/golden__v20_a30_g24.json,2026-07-31_19h53_sem_laplace/graphs/CPC__v20_a30_g24_s500.json,metrics: module 'pyagrum' has no attribute 'StructuralMetrics',0.4307687539985636,,,,,,
sem_laplace,CMIIC,"{""alpha"": 0.05}",20,30,500,24,2026-07-31_19h53_sem_laplace/graphs/golden__v20_a30_g24.json,2026-07-31_19h53_sem_laplace/graphs/CMIIC__v20_a30_g24_s500.json,metrics: module 'pyagrum' has no attribute 'StructuralMetrics',1.465539640004863,,,,,,
sem_laplace,CPC,"{""alpha"": 0.05, ""max_conditioning_set_size"": 3}",20,30,1000,24,2026-07-31_19h53_sem_laplace/graphs/golden__v20_a30_g24.json,2026-07-31_19h53_sem_laplace/graphs/CPC__v20_a30_g24_s1000.json,metrics: module 'pyagrum' has no attribute 'StructuralMetrics',1.791876297997078,,,,,,
sem_laplace,CMIIC,"{""alpha"": 0.05}",20,30,1000,24,2026-07-31_19h53_sem_laplace/graphs/golden__v20_a30_g24.json,2026-07-31_19h53_sem_laplace/graphs/CMIIC__v20_a30_g24_s1000.json,metrics: module 'pyagrum' has no attribute 'StructuralMetrics',4.8019918280042475,,,,,,
sem_laplace,CPC,"{""alpha"": 0.05, ""max_conditioning_set_size"": 3}",20,30,3000,24,2026-07-31_19h53_sem_laplace/graphs/golden__v20_a30_g24.json,2026-07-31_19h53_sem_laplace/graphs/CPC__v20_a30_g24_s3000.json,metrics: module 'pyagrum' has no attribute 'StructuralMetrics',21.387587162011187,,,,,,
sem_laplace,CMIIC,"{""alpha"": 0.05}",20,30,3000,24,2026-07-31_19h53_sem_laplace/graphs/golden__v20_a30_g24.json,2026-07-31_19h53_sem_laplace/graphs/CMIIC__v20_a30_g24_s3000.json,metrics: module 'pyagrum' has no attribute 'StructuralMetrics',40.18246220299625,,,,,,
sem_laplace,CPC,"{""alpha"": 0.05, ""max_conditioning_set_size"": 3}",20,30,5000,24,2026-07-31_19h53_sem_laplace/graphs/golden__v20_a30_g24.json,2026-07-31_19h53_sem_laplace/graphs/CPC__v20_a30_g24_s5000.json,metrics: module 'pyagrum' has no attribute 'StructuralMetrics',62.951719497999875,,,,,,
sem_laplace,CMIIC,"{""alpha"": 0.05}",20,30,5000,24,2026-07-31_19h53_sem_laplace/graphs/golden__v20_a30_g24.json,2026-07-31_19h53_sem_laplace/graphs/CMIIC__v20_a30_g24_s5000.json,metrics: module 'pyagrum' has no attribute 'StructuralMetrics',110.05104791600024,,,,,,
sem_laplace,CPC,"{""alpha"": 0.05, ""max_conditioning_set_size"": 3}",20,30,200,25,2026-07-31_19h53_sem_laplace/graphs/golden__v20_a30_g25.json,2026-07-31_19h53_sem_laplace/graphs/CPC__v20_a30_g25_s200.json,metrics: module 'pyagrum' has no attribute 'StructuralMetrics',0.09926885399909224,,,,,,
sem_laplace,CMIIC,"{""alpha"": 0.05}",20,30,200,25,2026-07-31_19h53_sem_laplace/graphs/golden__v20_a30_g25.json,2026-07-31_19h53_sem_laplace/graphs/CMIIC__v20_a30_g25_s200.json,metrics: module 'pyagrum' has no attribute 'StructuralMetrics',0.5638608849985758,,,,,,
sem_laplace,CPC,"{""alpha"": 0.05, ""max_conditioning_set_size"": 3}",20,30,500,25,2026-07-31_19h53_sem_laplace/graphs/golden__v20_a30_g25.json,2026-07-31_19h53_sem_laplace/graphs/CPC__v20_a30_g25_s500.json,metrics: module 'pyagrum' has no attribute 'StructuralMetrics',0.8840783759951591,,,,,,
sem_laplace,CMIIC,"{""alpha"": 0.05}",20,30,500,25,2026-07-31_19h53_sem_laplace/graphs/golden__v20_a30_g25.json,2026-07-31_19h53_sem_laplace/graphs/CMIIC__v20_a30_g25_s500.json,metrics: module 'pyagrum' has no attribute 'StructuralMetrics',2.2555265050032176,,,,,,
sem_laplace,CPC,"{""alpha"": 0.05, ""max_conditioning_set_size"": 3}",20,30,1000,25,2026-07-31_19h53_sem_laplace/graphs/golden__v20_a30_g25.json,2026-07-31_19h53_sem_laplace/graphs/CPC__v20_a30_g25_s1000.json,metrics: module 'pyagrum' has no attribute 'StructuralMetrics',4.756695096002659,,,,,,
sem_laplace,CMIIC,"{""alpha"": 0.05}",20,30,1000,25,2026-07-31_19h53_sem_laplace/graphs/golden__v20_a30_g25.json,2026-07-31_19h53_sem_laplace/graphs/CMIIC__v20_a30_g25_s1000.json,metrics: module 'pyagrum' has no attribute 'StructuralMetrics',8.76604530599434,,,,,,
sem_laplace,CPC,"{""alpha"": 0.05, ""max_conditioning_set_size"": 3}",20,30,3000,25,2026-07-31_19h53_sem_laplace/graphs/golden__v20_a30_g25.json,2026-07-31_19h53_sem_laplace/graphs/CPC__v20_a30_g25_s3000.json,metrics: module 'pyagrum' has no attribute 'StructuralMetrics',61.887917767991894,,,,,,
sem_laplace,CMIIC,"{""alpha"": 0.05}",20,30,3000,25,2026-07-31_19h53_sem_laplace/graphs/golden__v20_a30_g25.json,2026-07-31_19h53_sem_laplace/graphs/CMIIC__v20_a30_g25_s3000.json,metrics: module 'pyagrum' has no attribute 'StructuralMetrics',66.60668989700207,,,,,,
sem_laplace,CPC,"{""alpha"": 0.05, ""max_conditioning_set_size"": 3}",20,30,5000,25,2026-07-31_19h53_sem_laplace/graphs/golden__v20_a30_g25.json,2026-07-31_19h53_sem_laplace/graphs/CPC__v20_a30_g25_s5000.json,metrics: module 'pyagrum' has no attribute 'StructuralMetrics',188.96429552599147,,,,,,
sem_laplace,CMIIC,"{""alpha"": 0.05}",20,30,5000,25,2026-07-31_19h53_sem_laplace/graphs/golden__v20_a30_g25.json,2026-07-31_19h53_sem_laplace/graphs/CMIIC__v20_a30_g25_s5000.json,metrics: module 'pyagrum' has no attribute 'StructuralMetrics',176.1801357830118,,,,,,
sem_laplace,CPC,"{""alpha"": 0.05, ""max_conditioning_set_size"": 3}",20,30,200,26,2026-07-31_19h53_sem_laplace/graphs/golden__v20_a30_g26.json,2026-07-31_19h53_sem_laplace/graphs/CPC__v20_a30_g26_s200.json,metrics: module 'pyagrum' has no attribute 'StructuralMetrics',0.06696751099661924,,,,,,
sem_laplace,CMIIC,"{""alpha"": 0.05}",20,30,200,26,2026-07-31_19h53_sem_laplace/graphs/golden__v20_a30_g26.json,2026-07-31_19h53_sem_laplace/graphs/CMIIC__v20_a30_g26_s200.json,metrics: module 'pyagrum' has no attribute 'StructuralMetrics',0.43519394801114686,,,,,,
sem_laplace,CPC,"{""alpha"": 0.05, ""max_conditioning_set_size"": 3}",20,30,500,26,2026-07-31_19h53_sem_laplace/graphs/golden__v20_a30_g26.json,2026-07-31_19h53_sem_laplace/graphs/CPC__v20_a30_g26_s500.json,metrics: module 'pyagrum' has no attribute 'StructuralMetrics',0.6104212689970154,,,,,,
sem_laplace,CMIIC,"{""alpha"": 0.05}",20,30,500,26,2026-07-31_19h53_sem_laplace/graphs/golden__v20_a30_g26.json,2026-07-31_19h53_sem_laplace/graphs/CMIIC__v20_a30_g26_s500.json,metrics: module 'pyagrum' has no attribute 'StructuralMetrics',1.886056221992476,,,,,,
sem_laplace,CPC,"{""alpha"": 0.05, ""max_conditioning_set_size"": 3}",20,30,1000,26,2026-07-31_19h53_sem_laplace/graphs/golden__v20_a30_g26.json,2026-07-31_19h53_sem_laplace/graphs/CPC__v20_a30_g26_s1000.json,metrics: module 'pyagrum' has no attribute 'StructuralMetrics',2.736374821004574,,,,,,
sem_laplace,CMIIC,"{""alpha"": 0.05}",20,30,1000,26,2026-07-31_19h53_sem_laplace/graphs/golden__v20_a30_g26.json,2026-07-31_19h53_sem_laplace/graphs/CMIIC__v20_a30_g26_s1000.json,metrics: module 'pyagrum' has no attribute 'StructuralMetrics',6.608439285002532,,,,,,
sem_laplace,CPC,"{""alpha"": 0.05, ""max_conditioning_set_size"": 3}",20,30,3000,26,2026-07-31_19h53_sem_laplace/graphs/golden__v20_a30_g26.json,,[pyAgrum] Partially directed cycle detected: Add a partial directed cycle in a PDAG : between 7 and 17,,,,,,,
sem_laplace,CMIIC,"{""alpha"": 0.05}",20,30,3000,26,2026-07-31_19h53_sem_laplace/graphs/golden__v20_a30_g26.json,2026-07-31_19h53_sem_laplace/graphs/CMIIC__v20_a30_g26_s3000.json,metrics: module 'pyagrum' has no attribute 'StructuralMetrics',51.229615875010495,,,,,,
sem_laplace,CPC,"{""alpha"": 0.05, ""max_conditioning_set_size"": 3}",20,30,5000,26,2026-07-31_19h53_sem_laplace/graphs/golden__v20_a30_g26.json,2026-07-31_19h53_sem_laplace/graphs/CPC__v20_a30_g26_s5000.json,metrics: module 'pyagrum' has no attribute 'StructuralMetrics',114.1571540649893,,,,,,
sem_laplace,CMIIC,"{""alpha"": 0.05}",20,30,5000,26,2026-07-31_19h53_sem_laplace/graphs/golden__v20_a30_g26.json,2026-07-31_19h53_sem_laplace/graphs/CMIIC__v20_a30_g26_s5000.json,metrics: module 'pyagrum' has no attribute 'StructuralMetrics',141.46117058000527,,,,,,
sem_laplace,CPC,"{""alpha"": 0.05, ""max_conditioning_set_size"": 3}",20,30,200,27,2026-07-31_19h53_sem_laplace/graphs/golden__v20_a30_g27.json,2026-07-31_19h53_sem_laplace/graphs/CPC__v20_a30_g27_s200.json,metrics: module 'pyagrum' has no attribute 'StructuralMetrics',0.07523232299718075,,,,,,
sem_laplace,CMIIC,"{""alpha"": 0.05}",20,30,200,27,2026-07-31_19h53_sem_laplace/graphs/golden__v20_a30_g27.json,2026-07-31_19h53_sem_laplace/graphs/CMIIC__v20_a30_g27_s200.json,metrics: module 'pyagrum' has no attribute 'StructuralMetrics',0.36757500999374315,,,,,,
sem_laplace,CPC,"{""alpha"": 0.05, ""max_conditioning_set_size"": 3}",20,30,500,27,2026-07-31_19h53_sem_laplace/graphs/golden__v20_a30_g27.json,2026-07-31_19h53_sem_laplace/graphs/CPC__v20_a30_g27_s500.json,metrics: module 'pyagrum' has no attribute 'StructuralMetrics',0.5675177310040453,,,,,,
sem_laplace,CMIIC,"{""alpha"": 0.05}",20,30,500,27,2026-07-31_19h53_sem_laplace/graphs/golden__v20_a30_g27.json,2026-07-31_19h53_sem_laplace/graphs/CMIIC__v20_a30_g27_s500.json,metrics: module 'pyagrum' has no attribute 'StructuralMetrics',1.9371604699990712,,,,,,
sem_laplace,CPC,"{""alpha"": 0.05, ""max_conditioning_set_size"": 3}",20,30,1000,27,2026-07-31_19h53_sem_laplace/graphs/golden__v20_a30_g27.json,2026-07-31_19h53_sem_laplace/graphs/CPC__v20_a30_g27_s1000.json,metrics: module 'pyagrum' has no attribute 'StructuralMetrics',2.8322622300038347,,,,,,
sem_laplace,CMIIC,"{""alpha"": 0.05}",20,30,1000,27,2026-07-31_19h53_sem_laplace/graphs/golden__v20_a30_g27.json,2026-07-31_19h53_sem_laplace/graphs/CMIIC__v20_a30_g27_s1000.json,metrics: module 'pyagrum' has no attribute 'StructuralMetrics',6.3191676499991445,,,,,,
sem_laplace,CPC,"{""alpha"": 0.05, ""max_conditioning_set_size"": 3}",20,30,3000,27,2026-07-31_19h53_sem_laplace/graphs/golden__v20_a30_g27.json,2026-07-31_19h53_sem_laplace/graphs/CPC__v20_a30_g27_s3000.json,metrics: module 'pyagrum' has no attribute 'StructuralMetrics',30.187486394002917,,,,,,
sem_laplace,CMIIC,"{""alpha"": 0.05}",20,30,3000,27,2026-07-31_19h53_sem_laplace/graphs/golden__v20_a30_g27.json,2026-07-31_19h53_sem_laplace/graphs/CMIIC__v20_a30_g27_s3000.json,metrics: module 'pyagrum' has no attribute 'StructuralMetrics',45.41986334399553,,,,,,
sem_laplace,CPC,"{""alpha"": 0.05, ""max_conditioning_set_size"": 3}",20,30,5000,27,2026-07-31_19h53_sem_laplace/graphs/golden__v20_a30_g27.json,2026-07-31_19h53_sem_laplace/graphs/CPC__v20_a30_g27_s5000.json,metrics: module 'pyagrum' has no attribute 'StructuralMetrics',93.08391159700113,,,,,,
sem_laplace,CMIIC,"{""alpha"": 0.05}",20,30,5000,27,2026-07-31_19h53_sem_laplace/graphs/golden__v20_a30_g27.json,2026-07-31_19h53_sem_laplace/graphs/CMIIC__v20_a30_g27_s5000.json,metrics: module 'pyagrum' has no attribute 'StructuralMetrics',118.86293092000415,,,,,,
sem_laplace,CPC,"{""alpha"": 0.05, ""max_conditioning_set_size"": 3}",20,30,200,28,2026-07-31_19h53_sem_laplace/graphs/golden__v20_a30_g28.json,2026-07-31_19h53_sem_laplace/graphs/CPC__v20_a30_g28_s200.json,metrics: module 'pyagrum' has no attribute 'StructuralMetrics',0.05828397000732366,,,,,,
sem_laplace,CMIIC,"{""alpha"": 0.05}",20,30,200,28,2026-07-31_19h53_sem_laplace/graphs/golden__v20_a30_g28.json,2026-07-31_19h53_sem_laplace/graphs/CMIIC__v20_a30_g28_s200.json,metrics: module 'pyagrum' has no attribute 'StructuralMetrics',0.36862040900450666,,,,,,
sem_laplace,CPC,"{""alpha"": 0.05, ""max_conditioning_set_size"": 3}",20,30,500,28,2026-07-31_19h53_sem_laplace/graphs/golden__v20_a30_g28.json,2026-07-31_19h53_sem_laplace/graphs/CPC__v20_a30_g28_s500.json,metrics: module 'pyagrum' has no attribute 'StructuralMetrics',0.4985810250072973,,,,,,
sem_laplace,CMIIC,"{""alpha"": 0.05}",20,30,500,28,2026-07-31_19h53_sem_laplace/graphs/golden__v20_a30_g28.json,2026-07-31_19h53_sem_laplace/graphs/CMIIC__v20_a30_g28_s500.json,metrics: module 'pyagrum' has no attribute 'StructuralMetrics',1.6383135939977365,,,,,,
sem_laplace,CPC,"{""alpha"": 0.05, ""max_conditioning_set_size"": 3}",20,30,1000,28,2026-07-31_19h53_sem_laplace/graphs/golden__v20_a30_g28.json,2026-07-31_19h53_sem_laplace/graphs/CPC__v20_a30_g28_s1000.json,metrics: module 'pyagrum' has no attribute 'StructuralMetrics',2.26105325500248,,,,,,
sem_laplace,CMIIC,"{""alpha"": 0.05}",20,30,1000,28,2026-07-31_19h53_sem_laplace/graphs/golden__v20_a30_g28.json,2026-07-31_19h53_sem_laplace/graphs/CMIIC__v20_a30_g28_s1000.json,metrics: module 'pyagrum' has no attribute 'StructuralMetrics',5.384848012006842,,,,,,
sem_laplace,CPC,"{""alpha"": 0.05, ""max_conditioning_set_size"": 3}",20,30,3000,28,2026-07-31_19h53_sem_laplace/graphs/golden__v20_a30_g28.json,2026-07-31_19h53_sem_laplace/graphs/CPC__v20_a30_g28_s3000.json,metrics: module 'pyagrum' has no attribute 'StructuralMetrics',28.898354452991043,,,,,,
sem_laplace,CMIIC,"{""alpha"": 0.05}",20,30,3000,28,2026-07-31_19h53_sem_laplace/graphs/golden__v20_a30_g28.json,2026-07-31_19h53_sem_laplace/graphs/CMIIC__v20_a30_g28_s3000.json,metrics: module 'pyagrum' has no attribute 'StructuralMetrics',43.47846875799587,,,,,,
sem_laplace,CPC,"{""alpha"": 0.05, ""max_conditioning_set_size"": 3}",20,30,5000,28,2026-07-31_19h53_sem_laplace/graphs/golden__v20_a30_g28.json,2026-07-31_19h53_sem_laplace/graphs/CPC__v20_a30_g28_s5000.json,metrics: module 'pyagrum' has no attribute 'StructuralMetrics',92.43163236499822,,,,,,
sem_laplace,CMIIC,"{""alpha"": 0.05}",20,30,5000,28,2026-07-31_19h53_sem_laplace/graphs/golden__v20_a30_g28.json,2026-07-31_19h53_sem_laplace/graphs/CMIIC__v20_a30_g28_s5000.json,metrics: module 'pyagrum' has no attribute 'StructuralMetrics',118.86565120900923,,,,,,
sem_laplace,CPC,"{""alpha"": 0.05, ""max_conditioning_set_size"": 3}",20,30,200,29,2026-07-31_19h53_sem_laplace/graphs/golden__v20_a30_g29.json,2026-07-31_19h53_sem_laplace/graphs/CPC__v20_a30_g29_s200.json,metrics: module 'pyagrum' has no attribute 'StructuralMetrics',0.06949764999444596,,,,,,
sem_laplace,CMIIC,"{""alpha"": 0.05}",20,30,200,29,2026-07-31_19h53_sem_laplace/graphs/golden__v20_a30_g29.json,2026-07-31_19h53_sem_laplace/graphs/CMIIC__v20_a30_g29_s200.json,metrics: module 'pyagrum' has no attribute 'StructuralMetrics',0.48012018999725115,,,,,,
sem_laplace,CPC,"{""alpha"": 0.05, ""max_conditioning_set_size"": 3}",20,30,500,29,2026-07-31_19h53_sem_laplace/graphs/golden__v20_a30_g29.json,2026-07-31_19h53_sem_laplace/graphs/CPC__v20_a30_g29_s500.json,metrics: module 'pyagrum' has no attribute 'StructuralMetrics',0.7729324220126728,,,,,,
sem_laplace,CMIIC,"{""alpha"": 0.05}",20,30,500,29,2026-07-31_19h53_sem_laplace/graphs/golden__v20_a30_g29.json,2026-07-31_19h53_sem_laplace/graphs/CMIIC__v20_a30_g29_s500.json,metrics: module 'pyagrum' has no attribute 'StructuralMetrics',1.975743852002779,,,,,,
sem_laplace,CPC,"{""alpha"": 0.05, ""max_conditioning_set_size"": 3}",20,30,1000,29,2026-07-31_19h53_sem_laplace/graphs/golden__v20_a30_g29.json,2026-07-31_19h53_sem_laplace/graphs/CPC__v20_a30_g29_s1000.json,metrics: module 'pyagrum' has no attribute 'StructuralMetrics',3.702739518994349,,,,,,
sem_laplace,CMIIC,"{""alpha"": 0.05}",20,30,1000,29,2026-07-31_19h53_sem_laplace/graphs/golden__v20_a30_g29.json,2026-07-31_19h53_sem_laplace/graphs/CMIIC__v20_a30_g29_s1000.json,metrics: module 'pyagrum' has no attribute 'StructuralMetrics',6.8386474959988846,,,,,,
sem_laplace,CPC,"{""alpha"": 0.05, ""max_conditioning_set_size"": 3}",20,30,3000,29,2026-07-31_19h53_sem_laplace/graphs/golden__v20_a30_g29.json,2026-07-31_19h53_sem_laplace/graphs/CPC__v20_a30_g29_s3000.json,metrics: module 'pyagrum' has no attribute 'StructuralMetrics',49.09928977400705,,,,,,
sem_laplace,CMIIC,"{""alpha"": 0.05}",20,30,3000,29,2026-07-31_19h53_sem_laplace/graphs/golden__v20_a30_g29.json,2026-07-31_19h53_sem_laplace/graphs/CMIIC__v20_a30_g29_s3000.json,metrics: module 'pyagrum' has no attribute 'StructuralMetrics',54.39111205399968,,,,,,
sem_laplace,CPC,"{""alpha"": 0.05, ""max_conditioning_set_size"": 3}",20,30,5000,29,2026-07-31_19h53_sem_laplace/graphs/golden__v20_a30_g29.json,2026-07-31_19h53_sem_laplace/graphs/CPC__v20_a30_g29_s5000.json,metrics: module 'pyagrum' has no attribute 'StructuralMetrics',162.10706030699657,,,,,,
sem_laplace,CMIIC,"{""alpha"": 0.05}",20,30,5000,29,2026-07-31_19h53_sem_laplace/graphs/golden__v20_a30_g29.json,2026-07-31_19h53_sem_laplace/graphs/CMIIC__v20_a30_g29_s5000.json,metrics: module 'pyagrum' has no attribute 'StructuralMetrics',149.58479099400574,,,,,,
