generator_name,algo,algo_params,n_vars,n_arcs,n_samples,graph_idx,golden_path,learned_path,error_msg,time_s,SHD,SHD_skeleton,F1-Score,F1-Score_skeleton,TPR,TPR_skeleton
sem_gaussian,CPC,"{""alpha"": 0.05, ""max_conditioning_set_size"": 3}",10,15,200,0,/home/mathis/Documents/Travail/cbnsl_benchmark/scaling/../scaling/results/2026-04-02_10h34_sem_gaussian/graphs/golden__v10_a15_g0.json,/home/mathis/Documents/Travail/cbnsl_benchmark/scaling/../scaling/results/2026-04-02_10h34_sem_gaussian/graphs/CPC__v10_a15_g0_s200.json,,0.02866817597532645,15.0,14.0,0.0,0.33333333333333337,0.0,0.2
sem_gaussian,CMIIC,"{""alpha"": 0.05}",10,15,200,0,/home/mathis/Documents/Travail/cbnsl_benchmark/scaling/../scaling/results/2026-04-02_10h34_sem_gaussian/graphs/golden__v10_a15_g0.json,/home/mathis/Documents/Travail/cbnsl_benchmark/scaling/../scaling/results/2026-04-02_10h34_sem_gaussian/graphs/CMIIC__v10_a15_g0_s200.json,,0.07995704500353895,13.0,12.0,0.3,0.64,0.3,0.5333333333333333
sem_gaussian,MIIC,"{""n_bins"": 4, ""discretization_method"": ""quantile""}",10,15,200,0,/home/mathis/Documents/Travail/cbnsl_benchmark/scaling/../scaling/results/2026-04-02_10h34_sem_gaussian/graphs/golden__v10_a15_g0.json,/home/mathis/Documents/Travail/cbnsl_benchmark/scaling/../scaling/results/2026-04-02_10h34_sem_gaussian/graphs/MIIC__v10_a15_g0_s200.json,,0.019183633994543925,14.0,12.0,0.0,0.6956521739130436,0.0,0.5333333333333333
sem_gaussian,GHC+BDeu,"{""n_bins"": 4, ""discretization_method"": ""quantile""}",10,15,200,0,/home/mathis/Documents/Travail/cbnsl_benchmark/scaling/../scaling/results/2026-04-02_10h34_sem_gaussian/graphs/golden__v10_a15_g0.json,/home/mathis/Documents/Travail/cbnsl_benchmark/scaling/../scaling/results/2026-04-02_10h34_sem_gaussian/graphs/GHC+BDeu__v10_a15_g0_s200.json,,0.017930479982169345,15.0,14.0,0.0,0.5,0.0,0.3333333333333333
sem_gaussian,NOTEARS,"{""lambda1"": 0.0, ""w_threshold_notears"": 0.3}",10,15,200,0,/home/mathis/Documents/Travail/cbnsl_benchmark/scaling/../scaling/results/2026-04-02_10h34_sem_gaussian/graphs/golden__v10_a15_g0.json,/home/mathis/Documents/Travail/cbnsl_benchmark/scaling/../scaling/results/2026-04-02_10h34_sem_gaussian/graphs/NOTEARS__v10_a15_g0_s200.json,,1.2088887990103103,1.0,11.0,0.9285714285714286,0.9655172413793104,0.9285714285714286,0.9333333333333333
sem_gaussian,NOTEARS Disc.,"{""lambda1"": 0.1, ""w_threshold_notears"": 0.1, ""n_bins"": 4, ""discretization_method"": ""quantile""}",10,15,200,0,/home/mathis/Documents/Travail/cbnsl_benchmark/scaling/../scaling/results/2026-04-02_10h34_sem_gaussian/graphs/golden__v10_a15_g0.json,/home/mathis/Documents/Travail/cbnsl_benchmark/scaling/../scaling/results/2026-04-02_10h34_sem_gaussian/graphs/NOTEARS Disc.__v10_a15_g0_s200.json,,1.0705681810213719,16.0,13.0,0.2,0.8387096774193549,0.5,0.8666666666666667
sem_gaussian,LiNGAM,"{""threshold_lingam"": 0.1}",10,15,200,0,/home/mathis/Documents/Travail/cbnsl_benchmark/scaling/../scaling/results/2026-04-02_10h34_sem_gaussian/graphs/golden__v10_a15_g0.json,/home/mathis/Documents/Travail/cbnsl_benchmark/scaling/../scaling/results/2026-04-02_10h34_sem_gaussian/graphs/LiNGAM__v10_a15_g0_s200.json,,0.2064793820027262,17.0,21.0,0.43750000000000006,0.6842105263157895,0.7777777777777778,0.8666666666666667
sem_gaussian,CPC,"{""alpha"": 0.05, ""max_conditioning_set_size"": 3}",10,15,500,0,/home/mathis/Documents/Travail/cbnsl_benchmark/scaling/../scaling/results/2026-04-02_10h34_sem_gaussian/graphs/golden__v10_a15_g0.json,/home/mathis/Documents/Travail/cbnsl_benchmark/scaling/../scaling/results/2026-04-02_10h34_sem_gaussian/graphs/CPC__v10_a15_g0_s500.json,,0.16175980400294065,14.0,14.0,0.0,0.5,0.0,0.3333333333333333
sem_gaussian,CMIIC,"{""alpha"": 0.05}",10,15,500,0,/home/mathis/Documents/Travail/cbnsl_benchmark/scaling/../scaling/results/2026-04-02_10h34_sem_gaussian/graphs/golden__v10_a15_g0.json,/home/mathis/Documents/Travail/cbnsl_benchmark/scaling/../scaling/results/2026-04-02_10h34_sem_gaussian/graphs/CMIIC__v10_a15_g0_s500.json,,0.34662488600588404,16.0,10.0,0.0,0.7200000000000001,0.0,0.6
sem_gaussian,MIIC,"{""n_bins"": 4, ""discretization_method"": ""quantile""}",10,15,500,0,/home/mathis/Documents/Travail/cbnsl_benchmark/scaling/../scaling/results/2026-04-02_10h34_sem_gaussian/graphs/golden__v10_a15_g0.json,/home/mathis/Documents/Travail/cbnsl_benchmark/scaling/../scaling/results/2026-04-02_10h34_sem_gaussian/graphs/MIIC__v10_a15_g0_s500.json,,0.03234272700501606,12.0,13.0,0.0,0.7499999999999999,0.0,0.6
sem_gaussian,GHC+BDeu,"{""n_bins"": 4, ""discretization_method"": ""quantile""}",10,15,500,0,/home/mathis/Documents/Travail/cbnsl_benchmark/scaling/../scaling/results/2026-04-02_10h34_sem_gaussian/graphs/golden__v10_a15_g0.json,/home/mathis/Documents/Travail/cbnsl_benchmark/scaling/../scaling/results/2026-04-02_10h34_sem_gaussian/graphs/GHC+BDeu__v10_a15_g0_s500.json,,0.03142840298824012,14.0,12.0,0.0,0.6956521739130436,0.0,0.5333333333333333
sem_gaussian,NOTEARS,"{""lambda1"": 0.0, ""w_threshold_notears"": 0.3}",10,15,500,0,/home/mathis/Documents/Travail/cbnsl_benchmark/scaling/../scaling/results/2026-04-02_10h34_sem_gaussian/graphs/golden__v10_a15_g0.json,/home/mathis/Documents/Travail/cbnsl_benchmark/scaling/../scaling/results/2026-04-02_10h34_sem_gaussian/graphs/NOTEARS__v10_a15_g0_s500.json,,1.1105967339826748,1.0,11.0,0.9285714285714286,0.9655172413793104,0.9285714285714286,0.9333333333333333
sem_gaussian,NOTEARS Disc.,"{""lambda1"": 0.1, ""w_threshold_notears"": 0.1, ""n_bins"": 4, ""discretization_method"": ""quantile""}",10,15,500,0,/home/mathis/Documents/Travail/cbnsl_benchmark/scaling/../scaling/results/2026-04-02_10h34_sem_gaussian/graphs/golden__v10_a15_g0.json,/home/mathis/Documents/Travail/cbnsl_benchmark/scaling/../scaling/results/2026-04-02_10h34_sem_gaussian/graphs/NOTEARS Disc.__v10_a15_g0_s500.json,,1.2218489459773991,15.0,11.0,0.2105263157894737,0.8666666666666667,0.5,0.8666666666666667
sem_gaussian,LiNGAM,"{""threshold_lingam"": 0.1}",10,15,500,0,/home/mathis/Documents/Travail/cbnsl_benchmark/scaling/../scaling/results/2026-04-02_10h34_sem_gaussian/graphs/golden__v10_a15_g0.json,/home/mathis/Documents/Travail/cbnsl_benchmark/scaling/../scaling/results/2026-04-02_10h34_sem_gaussian/graphs/LiNGAM__v10_a15_g0_s500.json,,0.25496367999585345,25.0,21.0,0.07407407407407407,0.7000000000000001,0.5,0.9333333333333333
sem_gaussian,CPC,"{""alpha"": 0.05, ""max_conditioning_set_size"": 3}",10,15,1000,0,/home/mathis/Documents/Travail/cbnsl_benchmark/scaling/../scaling/results/2026-04-02_10h34_sem_gaussian/graphs/golden__v10_a15_g0.json,/home/mathis/Documents/Travail/cbnsl_benchmark/scaling/../scaling/results/2026-04-02_10h34_sem_gaussian/graphs/CPC__v10_a15_g0_s1000.json,,0.9635806230071466,14.0,14.0,0.23529411764705882,0.6363636363636364,0.2,0.4666666666666667
sem_gaussian,CMIIC,"{""alpha"": 0.05}",10,15,1000,0,/home/mathis/Documents/Travail/cbnsl_benchmark/scaling/../scaling/results/2026-04-02_10h34_sem_gaussian/graphs/golden__v10_a15_g0.json,/home/mathis/Documents/Travail/cbnsl_benchmark/scaling/../scaling/results/2026-04-02_10h34_sem_gaussian/graphs/CMIIC__v10_a15_g0_s1000.json,,1.4174648910120595,15.0,8.0,0.11764705882352942,0.7692307692307692,0.16666666666666666,0.6666666666666666
sem_gaussian,MIIC,"{""n_bins"": 4, ""discretization_method"": ""quantile""}",10,15,1000,0,/home/mathis/Documents/Travail/cbnsl_benchmark/scaling/../scaling/results/2026-04-02_10h34_sem_gaussian/graphs/golden__v10_a15_g0.json,/home/mathis/Documents/Travail/cbnsl_benchmark/scaling/../scaling/results/2026-04-02_10h34_sem_gaussian/graphs/MIIC__v10_a15_g0_s1000.json,,0.04866324499016628,16.0,10.0,0.0,0.7200000000000001,0.0,0.6
sem_gaussian,GHC+BDeu,"{""n_bins"": 4, ""discretization_method"": ""quantile""}",10,15,1000,0,/home/mathis/Documents/Travail/cbnsl_benchmark/scaling/../scaling/results/2026-04-02_10h34_sem_gaussian/graphs/golden__v10_a15_g0.json,/home/mathis/Documents/Travail/cbnsl_benchmark/scaling/../scaling/results/2026-04-02_10h34_sem_gaussian/graphs/GHC+BDeu__v10_a15_g0_s1000.json,,0.05540699898847379,13.0,15.0,0.2222222222222222,0.6666666666666667,0.2222222222222222,0.5333333333333333
sem_gaussian,NOTEARS,"{""lambda1"": 0.0, ""w_threshold_notears"": 0.3}",10,15,1000,0,/home/mathis/Documents/Travail/cbnsl_benchmark/scaling/../scaling/results/2026-04-02_10h34_sem_gaussian/graphs/golden__v10_a15_g0.json,/home/mathis/Documents/Travail/cbnsl_benchmark/scaling/../scaling/results/2026-04-02_10h34_sem_gaussian/graphs/NOTEARS__v10_a15_g0_s1000.json,,1.9472012209880631,0.0,0.0,0.9655172413793104,1.0,1.0,1.0
sem_gaussian,NOTEARS Disc.,"{""lambda1"": 0.1, ""w_threshold_notears"": 0.1, ""n_bins"": 4, ""discretization_method"": ""quantile""}",10,15,1000,0,/home/mathis/Documents/Travail/cbnsl_benchmark/scaling/../scaling/results/2026-04-02_10h34_sem_gaussian/graphs/golden__v10_a15_g0.json,/home/mathis/Documents/Travail/cbnsl_benchmark/scaling/../scaling/results/2026-04-02_10h34_sem_gaussian/graphs/NOTEARS Disc.__v10_a15_g0_s1000.json,,4.8874593599757645,15.0,13.0,0.21052631578947364,0.8275862068965518,0.4,0.8
sem_gaussian,LiNGAM,"{""threshold_lingam"": 0.1}",10,15,1000,0,/home/mathis/Documents/Travail/cbnsl_benchmark/scaling/../scaling/results/2026-04-02_10h34_sem_gaussian/graphs/golden__v10_a15_g0.json,/home/mathis/Documents/Travail/cbnsl_benchmark/scaling/../scaling/results/2026-04-02_10h34_sem_gaussian/graphs/LiNGAM__v10_a15_g0_s1000.json,,0.2906645809998736,22.0,27.0,0.35294117647058826,0.6666666666666667,0.8571428571428571,0.9333333333333333
sem_gaussian,CPC,"{""alpha"": 0.05, ""max_conditioning_set_size"": 3}",10,15,3000,0,/home/mathis/Documents/Travail/cbnsl_benchmark/scaling/../scaling/results/2026-04-02_10h34_sem_gaussian/graphs/golden__v10_a15_g0.json,/home/mathis/Documents/Travail/cbnsl_benchmark/scaling/../scaling/results/2026-04-02_10h34_sem_gaussian/graphs/CPC__v10_a15_g0_s3000.json,,10.475682858988876,10.0,11.0,0.47619047619047616,0.7200000000000001,0.45454545454545453,0.6
sem_gaussian,CMIIC,"{""alpha"": 0.05}",10,15,3000,0,/home/mathis/Documents/Travail/cbnsl_benchmark/scaling/../scaling/results/2026-04-02_10h34_sem_gaussian/graphs/golden__v10_a15_g0.json,/home/mathis/Documents/Travail/cbnsl_benchmark/scaling/../scaling/results/2026-04-02_10h34_sem_gaussian/graphs/CMIIC__v10_a15_g0_s3000.json,,12.87966774002416,9.0,8.0,0.6666666666666667,0.7692307692307692,0.6153846153846154,0.6666666666666666
sem_gaussian,MIIC,"{""n_bins"": 4, ""discretization_method"": ""quantile""}",10,15,3000,0,/home/mathis/Documents/Travail/cbnsl_benchmark/scaling/../scaling/results/2026-04-02_10h34_sem_gaussian/graphs/golden__v10_a15_g0.json,/home/mathis/Documents/Travail/cbnsl_benchmark/scaling/../scaling/results/2026-04-02_10h34_sem_gaussian/graphs/MIIC__v10_a15_g0_s3000.json,,0.19453730201348662,13.0,6.0,0.6363636363636364,0.846153846153846,0.6363636363636364,0.7333333333333333
sem_gaussian,GHC+BDeu,"{""n_bins"": 4, ""discretization_method"": ""quantile""}",10,15,3000,0,/home/mathis/Documents/Travail/cbnsl_benchmark/scaling/../scaling/results/2026-04-02_10h34_sem_gaussian/graphs/golden__v10_a15_g0.json,/home/mathis/Documents/Travail/cbnsl_benchmark/scaling/../scaling/results/2026-04-02_10h34_sem_gaussian/graphs/GHC+BDeu__v10_a15_g0_s3000.json,,0.1829267230059486,15.0,13.0,0.21052631578947367,0.7857142857142856,0.3333333333333333,0.7333333333333333
sem_gaussian,NOTEARS,"{""lambda1"": 0.0, ""w_threshold_notears"": 0.3}",10,15,3000,0,/home/mathis/Documents/Travail/cbnsl_benchmark/scaling/../scaling/results/2026-04-02_10h34_sem_gaussian/graphs/golden__v10_a15_g0.json,/home/mathis/Documents/Travail/cbnsl_benchmark/scaling/../scaling/results/2026-04-02_10h34_sem_gaussian/graphs/NOTEARS__v10_a15_g0_s3000.json,,2.75918179700966,1.0,11.0,0.9285714285714286,0.9655172413793104,0.9285714285714286,0.9333333333333333
sem_gaussian,NOTEARS Disc.,"{""lambda1"": 0.1, ""w_threshold_notears"": 0.1, ""n_bins"": 4, ""discretization_method"": ""quantile""}",10,15,3000,0,/home/mathis/Documents/Travail/cbnsl_benchmark/scaling/../scaling/results/2026-04-02_10h34_sem_gaussian/graphs/golden__v10_a15_g0.json,/home/mathis/Documents/Travail/cbnsl_benchmark/scaling/../scaling/results/2026-04-02_10h34_sem_gaussian/graphs/NOTEARS Disc.__v10_a15_g0_s3000.json,,13.835930169996573,11.0,10.0,0.22222222222222224,0.896551724137931,0.5,0.8666666666666667
sem_gaussian,LiNGAM,"{""threshold_lingam"": 0.1}",10,15,3000,0,/home/mathis/Documents/Travail/cbnsl_benchmark/scaling/../scaling/results/2026-04-02_10h34_sem_gaussian/graphs/golden__v10_a15_g0.json,,[pyAgrum] Partially directed cycle detected: Add a partial directed cycle in a PDAG : between 8 and 3,,,,,,,
sem_gaussian,CPC,"{""alpha"": 0.05, ""max_conditioning_set_size"": 3}",10,15,5000,0,/home/mathis/Documents/Travail/cbnsl_benchmark/scaling/../scaling/results/2026-04-02_10h34_sem_gaussian/graphs/golden__v10_a15_g0.json,/home/mathis/Documents/Travail/cbnsl_benchmark/scaling/../scaling/results/2026-04-02_10h34_sem_gaussian/graphs/CPC__v10_a15_g0_s5000.json,,38.22540417901473,14.0,12.0,0.2105263157894737,0.7407407407407408,0.2857142857142857,0.6666666666666666
sem_gaussian,CMIIC,"{""alpha"": 0.05}",10,15,5000,0,/home/mathis/Documents/Travail/cbnsl_benchmark/scaling/../scaling/results/2026-04-02_10h34_sem_gaussian/graphs/golden__v10_a15_g0.json,/home/mathis/Documents/Travail/cbnsl_benchmark/scaling/../scaling/results/2026-04-02_10h34_sem_gaussian/graphs/CMIIC__v10_a15_g0_s5000.json,,31.762327431992162,15.0,8.0,0.2222222222222222,0.7692307692307692,0.2857142857142857,0.6666666666666666
sem_gaussian,MIIC,"{""n_bins"": 4, ""discretization_method"": ""quantile""}",10,15,5000,0,/home/mathis/Documents/Travail/cbnsl_benchmark/scaling/../scaling/results/2026-04-02_10h34_sem_gaussian/graphs/golden__v10_a15_g0.json,/home/mathis/Documents/Travail/cbnsl_benchmark/scaling/../scaling/results/2026-04-02_10h34_sem_gaussian/graphs/MIIC__v10_a15_g0_s5000.json,,0.4072412299865391,9.0,7.0,0.5454545454545454,0.8148148148148148,0.6,0.7333333333333333
sem_gaussian,GHC+BDeu,"{""n_bins"": 4, ""discretization_method"": ""quantile""}",10,15,5000,0,/home/mathis/Documents/Travail/cbnsl_benchmark/scaling/../scaling/results/2026-04-02_10h34_sem_gaussian/graphs/golden__v10_a15_g0.json,/home/mathis/Documents/Travail/cbnsl_benchmark/scaling/../scaling/results/2026-04-02_10h34_sem_gaussian/graphs/GHC+BDeu__v10_a15_g0_s5000.json,,0.23243748201639391,14.0,10.0,0.21052631578947364,0.8275862068965518,0.4,0.8
sem_gaussian,NOTEARS,"{""lambda1"": 0.0, ""w_threshold_notears"": 0.3}",10,15,5000,0,/home/mathis/Documents/Travail/cbnsl_benchmark/scaling/../scaling/results/2026-04-02_10h34_sem_gaussian/graphs/golden__v10_a15_g0.json,/home/mathis/Documents/Travail/cbnsl_benchmark/scaling/../scaling/results/2026-04-02_10h34_sem_gaussian/graphs/NOTEARS__v10_a15_g0_s5000.json,,7.086430421011755,1.0,11.0,0.9285714285714286,0.9655172413793104,0.9285714285714286,0.9333333333333333
sem_gaussian,NOTEARS Disc.,"{""lambda1"": 0.1, ""w_threshold_notears"": 0.1, ""n_bins"": 4, ""discretization_method"": ""quantile""}",10,15,5000,0,/home/mathis/Documents/Travail/cbnsl_benchmark/scaling/../scaling/results/2026-04-02_10h34_sem_gaussian/graphs/golden__v10_a15_g0.json,/home/mathis/Documents/Travail/cbnsl_benchmark/scaling/../scaling/results/2026-04-02_10h34_sem_gaussian/graphs/NOTEARS Disc.__v10_a15_g0_s5000.json,,17.387426224013325,11.0,9.0,0.2222222222222222,0.9333333333333333,0.6666666666666666,0.9333333333333333
sem_gaussian,LiNGAM,"{""threshold_lingam"": 0.1}",10,15,5000,0,/home/mathis/Documents/Travail/cbnsl_benchmark/scaling/../scaling/results/2026-04-02_10h34_sem_gaussian/graphs/golden__v10_a15_g0.json,/home/mathis/Documents/Travail/cbnsl_benchmark/scaling/../scaling/results/2026-04-02_10h34_sem_gaussian/graphs/LiNGAM__v10_a15_g0_s5000.json,,0.554811993992189,25.0,27.0,0.2857142857142857,0.6046511627906976,0.7142857142857143,0.8666666666666667
sem_gaussian,CPC,"{""alpha"": 0.05, ""max_conditioning_set_size"": 3}",10,15,200,1,/home/mathis/Documents/Travail/cbnsl_benchmark/scaling/../scaling/results/2026-04-02_10h34_sem_gaussian/graphs/golden__v10_a15_g1.json,/home/mathis/Documents/Travail/cbnsl_benchmark/scaling/../scaling/results/2026-04-02_10h34_sem_gaussian/graphs/CPC__v10_a15_g1_s200.json,,0.01887249998981133,12.0,10.0,0.25,0.782608695652174,0.2857142857142857,0.6428571428571429
sem_gaussian,CMIIC,"{""alpha"": 0.05}",10,15,200,1,/home/mathis/Documents/Travail/cbnsl_benchmark/scaling/../scaling/results/2026-04-02_10h34_sem_gaussian/graphs/golden__v10_a15_g1.json,/home/mathis/Documents/Travail/cbnsl_benchmark/scaling/../scaling/results/2026-04-02_10h34_sem_gaussian/graphs/CMIIC__v10_a15_g1_s200.json,,0.10514999300357886,12.0,10.0,0.13333333333333333,0.8333333333333333,0.2,0.7142857142857143
sem_gaussian,MIIC,"{""n_bins"": 4, ""discretization_method"": ""quantile""}",10,15,200,1,/home/mathis/Documents/Travail/cbnsl_benchmark/scaling/../scaling/results/2026-04-02_10h34_sem_gaussian/graphs/golden__v10_a15_g1.json,/home/mathis/Documents/Travail/cbnsl_benchmark/scaling/../scaling/results/2026-04-02_10h34_sem_gaussian/graphs/MIIC__v10_a15_g1_s200.json,,0.02191077099996619,13.0,10.0,0.0,0.7272727272727273,0.0,0.5714285714285714
sem_gaussian,GHC+BDeu,"{""n_bins"": 4, ""discretization_method"": ""quantile""}",10,15,200,1,/home/mathis/Documents/Travail/cbnsl_benchmark/scaling/../scaling/results/2026-04-02_10h34_sem_gaussian/graphs/golden__v10_a15_g1.json,/home/mathis/Documents/Travail/cbnsl_benchmark/scaling/../scaling/results/2026-04-02_10h34_sem_gaussian/graphs/GHC+BDeu__v10_a15_g1_s200.json,,0.020490416995016858,13.0,12.0,0.0,0.5263157894736842,0.0,0.35714285714285715
sem_gaussian,NOTEARS,"{""lambda1"": 0.0, ""w_threshold_notears"": 0.3}",10,15,200,1,/home/mathis/Documents/Travail/cbnsl_benchmark/scaling/../scaling/results/2026-04-02_10h34_sem_gaussian/graphs/golden__v10_a15_g1.json,/home/mathis/Documents/Travail/cbnsl_benchmark/scaling/../scaling/results/2026-04-02_10h34_sem_gaussian/graphs/NOTEARS__v10_a15_g1_s200.json,,1.1688992020208389,1.0,9.0,0.9230769230769231,0.962962962962963,0.9230769230769231,0.9285714285714286
sem_gaussian,NOTEARS Disc.,"{""lambda1"": 0.1, ""w_threshold_notears"": 0.1, ""n_bins"": 4, ""discretization_method"": ""quantile""}",10,15,200,1,/home/mathis/Documents/Travail/cbnsl_benchmark/scaling/../scaling/results/2026-04-02_10h34_sem_gaussian/graphs/golden__v10_a15_g1.json,/home/mathis/Documents/Travail/cbnsl_benchmark/scaling/../scaling/results/2026-04-02_10h34_sem_gaussian/graphs/NOTEARS Disc.__v10_a15_g1_s200.json,,1.0444181359780487,15.0,10.0,0.0,0.7692307692307692,0.0,0.7142857142857143
sem_gaussian,LiNGAM,"{""threshold_lingam"": 0.1}",10,15,200,1,/home/mathis/Documents/Travail/cbnsl_benchmark/scaling/../scaling/results/2026-04-02_10h34_sem_gaussian/graphs/golden__v10_a15_g1.json,/home/mathis/Documents/Travail/cbnsl_benchmark/scaling/../scaling/results/2026-04-02_10h34_sem_gaussian/graphs/LiNGAM__v10_a15_g1_s200.json,,0.2652490559848957,18.0,24.0,0.3448275862068966,0.7027027027027025,0.8333333333333334,0.9285714285714286
sem_gaussian,CPC,"{""alpha"": 0.05, ""max_conditioning_set_size"": 3}",10,15,500,1,/home/mathis/Documents/Travail/cbnsl_benchmark/scaling/../scaling/results/2026-04-02_10h34_sem_gaussian/graphs/golden__v10_a15_g1.json,/home/mathis/Documents/Travail/cbnsl_benchmark/scaling/../scaling/results/2026-04-02_10h34_sem_gaussian/graphs/CPC__v10_a15_g1_s500.json,,0.13625711898203008,11.0,10.0,0.25,0.6,0.2,0.42857142857142855
sem_gaussian,CMIIC,"{""alpha"": 0.05}",10,15,500,1,/home/mathis/Documents/Travail/cbnsl_benchmark/scaling/../scaling/results/2026-04-02_10h34_sem_gaussian/graphs/golden__v10_a15_g1.json,/home/mathis/Documents/Travail/cbnsl_benchmark/scaling/../scaling/results/2026-04-02_10h34_sem_gaussian/graphs/CMIIC__v10_a15_g1_s500.json,,0.3471694629988633,10.0,11.0,0.3529411764705882,0.88,0.5,0.7857142857142857
sem_gaussian,MIIC,"{""n_bins"": 4, ""discretization_method"": ""quantile""}",10,15,500,1,/home/mathis/Documents/Travail/cbnsl_benchmark/scaling/../scaling/results/2026-04-02_10h34_sem_gaussian/graphs/golden__v10_a15_g1.json,/home/mathis/Documents/Travail/cbnsl_benchmark/scaling/../scaling/results/2026-04-02_10h34_sem_gaussian/graphs/MIIC__v10_a15_g1_s500.json,,0.03265227100928314,12.0,10.0,0.0,0.8333333333333333,0.0,0.7142857142857143
sem_gaussian,GHC+BDeu,"{""n_bins"": 4, ""discretization_method"": ""quantile""}",10,15,500,1,/home/mathis/Documents/Travail/cbnsl_benchmark/scaling/../scaling/results/2026-04-02_10h34_sem_gaussian/graphs/golden__v10_a15_g1.json,/home/mathis/Documents/Travail/cbnsl_benchmark/scaling/../scaling/results/2026-04-02_10h34_sem_gaussian/graphs/GHC+BDeu__v10_a15_g1_s500.json,,0.03225218699662946,13.0,10.0,0.0,0.782608695652174,0.0,0.6428571428571429
sem_gaussian,NOTEARS,"{""lambda1"": 0.0, ""w_threshold_notears"": 0.3}",10,15,500,1,/home/mathis/Documents/Travail/cbnsl_benchmark/scaling/../scaling/results/2026-04-02_10h34_sem_gaussian/graphs/golden__v10_a15_g1.json,/home/mathis/Documents/Travail/cbnsl_benchmark/scaling/../scaling/results/2026-04-02_10h34_sem_gaussian/graphs/NOTEARS__v10_a15_g1_s500.json,,1.3966848260024562,0.0,0.0,0.962962962962963,1.0,1.0,1.0
sem_gaussian,NOTEARS Disc.,"{""lambda1"": 0.1, ""w_threshold_notears"": 0.1, ""n_bins"": 4, ""discretization_method"": ""quantile""}",10,15,500,1,/home/mathis/Documents/Travail/cbnsl_benchmark/scaling/../scaling/results/2026-04-02_10h34_sem_gaussian/graphs/golden__v10_a15_g1.json,/home/mathis/Documents/Travail/cbnsl_benchmark/scaling/../scaling/results/2026-04-02_10h34_sem_gaussian/graphs/NOTEARS Disc.__v10_a15_g1_s500.json,,1.2096281909907702,7.0,7.0,0.6,0.88,0.6666666666666666,0.7857142857142857
sem_gaussian,LiNGAM,"{""threshold_lingam"": 0.1}",10,15,500,1,/home/mathis/Documents/Travail/cbnsl_benchmark/scaling/../scaling/results/2026-04-02_10h34_sem_gaussian/graphs/golden__v10_a15_g1.json,/home/mathis/Documents/Travail/cbnsl_benchmark/scaling/../scaling/results/2026-04-02_10h34_sem_gaussian/graphs/LiNGAM__v10_a15_g1_s500.json,,0.25905162500566803,16.0,12.0,0.32000000000000006,0.7647058823529412,0.8,0.9285714285714286
sem_gaussian,CPC,"{""alpha"": 0.05, ""max_conditioning_set_size"": 3}",10,15,1000,1,/home/mathis/Documents/Travail/cbnsl_benchmark/scaling/../scaling/results/2026-04-02_10h34_sem_gaussian/graphs/golden__v10_a15_g1.json,/home/mathis/Documents/Travail/cbnsl_benchmark/scaling/../scaling/results/2026-04-02_10h34_sem_gaussian/graphs/CPC__v10_a15_g1_s1000.json,,0.7104110039945226,12.0,10.0,0.13333333333333333,0.7272727272727273,0.14285714285714285,0.5714285714285714
sem_gaussian,CMIIC,"{""alpha"": 0.05}",10,15,1000,1,/home/mathis/Documents/Travail/cbnsl_benchmark/scaling/../scaling/results/2026-04-02_10h34_sem_gaussian/graphs/golden__v10_a15_g1.json,/home/mathis/Documents/Travail/cbnsl_benchmark/scaling/../scaling/results/2026-04-02_10h34_sem_gaussian/graphs/CMIIC__v10_a15_g1_s1000.json,,1.0730657970125321,12.0,10.0,0.13333333333333333,0.8333333333333333,0.2,0.7142857142857143
sem_gaussian,MIIC,"{""n_bins"": 4, ""discretization_method"": ""quantile""}",10,15,1000,1,/home/mathis/Documents/Travail/cbnsl_benchmark/scaling/../scaling/results/2026-04-02_10h34_sem_gaussian/graphs/golden__v10_a15_g1.json,/home/mathis/Documents/Travail/cbnsl_benchmark/scaling/../scaling/results/2026-04-02_10h34_sem_gaussian/graphs/MIIC__v10_a15_g1_s1000.json,,0.0588525389903225,12.0,10.0,0.0,0.8333333333333333,0.0,0.7142857142857143
sem_gaussian,GHC+BDeu,"{""n_bins"": 4, ""discretization_method"": ""quantile""}",10,15,1000,1,/home/mathis/Documents/Travail/cbnsl_benchmark/scaling/../scaling/results/2026-04-02_10h34_sem_gaussian/graphs/golden__v10_a15_g1.json,/home/mathis/Documents/Travail/cbnsl_benchmark/scaling/../scaling/results/2026-04-02_10h34_sem_gaussian/graphs/GHC+BDeu__v10_a15_g1_s1000.json,,0.055674366012681276,14.0,11.0,0.0,0.6363636363636364,0.0,0.5
sem_gaussian,NOTEARS,"{""lambda1"": 0.0, ""w_threshold_notears"": 0.3}",10,15,1000,1,/home/mathis/Documents/Travail/cbnsl_benchmark/scaling/../scaling/results/2026-04-02_10h34_sem_gaussian/graphs/golden__v10_a15_g1.json,/home/mathis/Documents/Travail/cbnsl_benchmark/scaling/../scaling/results/2026-04-02_10h34_sem_gaussian/graphs/NOTEARS__v10_a15_g1_s1000.json,,1.760352883982705,0.0,0.0,0.962962962962963,1.0,1.0,1.0
sem_gaussian,NOTEARS Disc.,"{""lambda1"": 0.1, ""w_threshold_notears"": 0.1, ""n_bins"": 4, ""discretization_method"": ""quantile""}",10,15,1000,1,/home/mathis/Documents/Travail/cbnsl_benchmark/scaling/../scaling/results/2026-04-02_10h34_sem_gaussian/graphs/golden__v10_a15_g1.json,/home/mathis/Documents/Travail/cbnsl_benchmark/scaling/../scaling/results/2026-04-02_10h34_sem_gaussian/graphs/NOTEARS Disc.__v10_a15_g1_s1000.json,,1.4732824770035222,7.0,10.0,0.6,0.923076923076923,0.75,0.8571428571428571
sem_gaussian,LiNGAM,"{""threshold_lingam"": 0.1}",10,15,1000,1,/home/mathis/Documents/Travail/cbnsl_benchmark/scaling/../scaling/results/2026-04-02_10h34_sem_gaussian/graphs/golden__v10_a15_g1.json,/home/mathis/Documents/Travail/cbnsl_benchmark/scaling/../scaling/results/2026-04-02_10h34_sem_gaussian/graphs/LiNGAM__v10_a15_g1_s1000.json,,0.30004155400092714,16.0,20.0,0.2608695652173913,0.8235294117647058,1.0,1.0
sem_gaussian,CPC,"{""alpha"": 0.05, ""max_conditioning_set_size"": 3}",10,15,3000,1,/home/mathis/Documents/Travail/cbnsl_benchmark/scaling/../scaling/results/2026-04-02_10h34_sem_gaussian/graphs/golden__v10_a15_g1.json,/home/mathis/Documents/Travail/cbnsl_benchmark/scaling/../scaling/results/2026-04-02_10h34_sem_gaussian/graphs/CPC__v10_a15_g1_s3000.json,,7.165836909000063,8.0,7.0,0.5263157894736842,0.88,0.625,0.7857142857142857
sem_gaussian,CMIIC,"{""alpha"": 0.05}",10,15,3000,1,/home/mathis/Documents/Travail/cbnsl_benchmark/scaling/../scaling/results/2026-04-02_10h34_sem_gaussian/graphs/golden__v10_a15_g1.json,/home/mathis/Documents/Travail/cbnsl_benchmark/scaling/../scaling/results/2026-04-02_10h34_sem_gaussian/graphs/CMIIC__v10_a15_g1_s3000.json,,8.850889786990592,12.0,10.0,0.13333333333333333,0.8333333333333333,0.2,0.7142857142857143
sem_gaussian,MIIC,"{""n_bins"": 4, ""discretization_method"": ""quantile""}",10,15,3000,1,/home/mathis/Documents/Travail/cbnsl_benchmark/scaling/../scaling/results/2026-04-02_10h34_sem_gaussian/graphs/golden__v10_a15_g1.json,/home/mathis/Documents/Travail/cbnsl_benchmark/scaling/../scaling/results/2026-04-02_10h34_sem_gaussian/graphs/MIIC__v10_a15_g1_s3000.json,,0.16488969401689246,11.0,9.0,0.25,0.8333333333333333,0.3333333333333333,0.7142857142857143
sem_gaussian,GHC+BDeu,"{""n_bins"": 4, ""discretization_method"": ""quantile""}",10,15,3000,1,/home/mathis/Documents/Travail/cbnsl_benchmark/scaling/../scaling/results/2026-04-02_10h34_sem_gaussian/graphs/golden__v10_a15_g1.json,/home/mathis/Documents/Travail/cbnsl_benchmark/scaling/../scaling/results/2026-04-02_10h34_sem_gaussian/graphs/GHC+BDeu__v10_a15_g1_s3000.json,,0.13345489799394272,14.0,8.0,0.0,0.8,0.0,0.7142857142857143
sem_gaussian,NOTEARS,"{""lambda1"": 0.0, ""w_threshold_notears"": 0.3}",10,15,3000,1,/home/mathis/Documents/Travail/cbnsl_benchmark/scaling/../scaling/results/2026-04-02_10h34_sem_gaussian/graphs/golden__v10_a15_g1.json,/home/mathis/Documents/Travail/cbnsl_benchmark/scaling/../scaling/results/2026-04-02_10h34_sem_gaussian/graphs/NOTEARS__v10_a15_g1_s3000.json,,3.4377510370104574,0.0,0.0,0.962962962962963,1.0,1.0,1.0
sem_gaussian,NOTEARS Disc.,"{""lambda1"": 0.1, ""w_threshold_notears"": 0.1, ""n_bins"": 4, ""discretization_method"": ""quantile""}",10,15,3000,1,/home/mathis/Documents/Travail/cbnsl_benchmark/scaling/../scaling/results/2026-04-02_10h34_sem_gaussian/graphs/golden__v10_a15_g1.json,/home/mathis/Documents/Travail/cbnsl_benchmark/scaling/../scaling/results/2026-04-02_10h34_sem_gaussian/graphs/NOTEARS Disc.__v10_a15_g1_s3000.json,,14.970755696005654,12.0,13.0,0.35294117647058826,0.923076923076923,0.6,0.8571428571428571
sem_gaussian,LiNGAM,"{""threshold_lingam"": 0.1}",10,15,3000,1,/home/mathis/Documents/Travail/cbnsl_benchmark/scaling/../scaling/results/2026-04-02_10h34_sem_gaussian/graphs/golden__v10_a15_g1.json,/home/mathis/Documents/Travail/cbnsl_benchmark/scaling/../scaling/results/2026-04-02_10h34_sem_gaussian/graphs/LiNGAM__v10_a15_g1_s3000.json,,1.001773760013748,16.0,22.0,0.4516129032258065,0.7027027027027025,0.875,0.9285714285714286
sem_gaussian,CPC,"{""alpha"": 0.05, ""max_conditioning_set_size"": 3}",10,15,5000,1,/home/mathis/Documents/Travail/cbnsl_benchmark/scaling/../scaling/results/2026-04-02_10h34_sem_gaussian/graphs/golden__v10_a15_g1.json,/home/mathis/Documents/Travail/cbnsl_benchmark/scaling/../scaling/results/2026-04-02_10h34_sem_gaussian/graphs/CPC__v10_a15_g1_s5000.json,,33.56326024897862,12.0,11.0,0.3529411764705882,0.88,0.5,0.7857142857142857
sem_gaussian,CMIIC,"{""alpha"": 0.05}",10,15,5000,1,/home/mathis/Documents/Travail/cbnsl_benchmark/scaling/../scaling/results/2026-04-02_10h34_sem_gaussian/graphs/golden__v10_a15_g1.json,/home/mathis/Documents/Travail/cbnsl_benchmark/scaling/../scaling/results/2026-04-02_10h34_sem_gaussian/graphs/CMIIC__v10_a15_g1_s5000.json,,25.829754537000554,12.0,10.0,0.13333333333333333,0.8333333333333333,0.2,0.7142857142857143
sem_gaussian,MIIC,"{""n_bins"": 4, ""discretization_method"": ""quantile""}",10,15,5000,1,/home/mathis/Documents/Travail/cbnsl_benchmark/scaling/../scaling/results/2026-04-02_10h34_sem_gaussian/graphs/golden__v10_a15_g1.json,/home/mathis/Documents/Travail/cbnsl_benchmark/scaling/../scaling/results/2026-04-02_10h34_sem_gaussian/graphs/MIIC__v10_a15_g1_s5000.json,,0.2790532860090025,8.0,7.0,0.5263157894736842,0.8333333333333333,0.5555555555555556,0.7142857142857143
sem_gaussian,GHC+BDeu,"{""n_bins"": 4, ""discretization_method"": ""quantile""}",10,15,5000,1,/home/mathis/Documents/Travail/cbnsl_benchmark/scaling/../scaling/results/2026-04-02_10h34_sem_gaussian/graphs/golden__v10_a15_g1.json,/home/mathis/Documents/Travail/cbnsl_benchmark/scaling/../scaling/results/2026-04-02_10h34_sem_gaussian/graphs/GHC+BDeu__v10_a15_g1_s5000.json,,0.22686908999457955,12.0,10.0,0.23529411764705885,0.8,0.3333333333333333,0.7142857142857143
sem_gaussian,NOTEARS,"{""lambda1"": 0.0, ""w_threshold_notears"": 0.3}",10,15,5000,1,/home/mathis/Documents/Travail/cbnsl_benchmark/scaling/../scaling/results/2026-04-02_10h34_sem_gaussian/graphs/golden__v10_a15_g1.json,/home/mathis/Documents/Travail/cbnsl_benchmark/scaling/../scaling/results/2026-04-02_10h34_sem_gaussian/graphs/NOTEARS__v10_a15_g1_s5000.json,,6.718236643995624,0.0,0.0,0.962962962962963,1.0,1.0,1.0
sem_gaussian,NOTEARS Disc.,"{""lambda1"": 0.1, ""w_threshold_notears"": 0.1, ""n_bins"": 4, ""discretization_method"": ""quantile""}",10,15,5000,1,/home/mathis/Documents/Travail/cbnsl_benchmark/scaling/../scaling/results/2026-04-02_10h34_sem_gaussian/graphs/golden__v10_a15_g1.json,/home/mathis/Documents/Travail/cbnsl_benchmark/scaling/../scaling/results/2026-04-02_10h34_sem_gaussian/graphs/NOTEARS Disc.__v10_a15_g1_s5000.json,,5.508678908983711,12.0,13.0,0.35294117647058826,0.923076923076923,0.6,0.8571428571428571
sem_gaussian,LiNGAM,"{""threshold_lingam"": 0.1}",10,15,5000,1,/home/mathis/Documents/Travail/cbnsl_benchmark/scaling/../scaling/results/2026-04-02_10h34_sem_gaussian/graphs/golden__v10_a15_g1.json,/home/mathis/Documents/Travail/cbnsl_benchmark/scaling/../scaling/results/2026-04-02_10h34_sem_gaussian/graphs/LiNGAM__v10_a15_g1_s5000.json,,0.736155347985914,17.0,17.0,0.4,0.7368421052631579,1.0,1.0
sem_gaussian,CPC,"{""alpha"": 0.05, ""max_conditioning_set_size"": 3}",10,15,200,2,/home/mathis/Documents/Travail/cbnsl_benchmark/scaling/../scaling/results/2026-04-02_10h34_sem_gaussian/graphs/golden__v10_a15_g2.json,/home/mathis/Documents/Travail/cbnsl_benchmark/scaling/../scaling/results/2026-04-02_10h34_sem_gaussian/graphs/CPC__v10_a15_g2_s200.json,,0.027493742993101478,13.0,13.0,0.23529411764705882,0.5,0.16666666666666666,0.3333333333333333
sem_gaussian,CMIIC,"{""alpha"": 0.05}",10,15,200,2,/home/mathis/Documents/Travail/cbnsl_benchmark/scaling/../scaling/results/2026-04-02_10h34_sem_gaussian/graphs/golden__v10_a15_g2.json,/home/mathis/Documents/Travail/cbnsl_benchmark/scaling/../scaling/results/2026-04-02_10h34_sem_gaussian/graphs/CMIIC__v10_a15_g2_s200.json,,0.08204079198185354,13.0,11.0,0.23529411764705882,0.8,0.2857142857142857,0.6666666666666666
sem_gaussian,MIIC,"{""n_bins"": 4, ""discretization_method"": ""quantile""}",10,15,200,2,/home/mathis/Documents/Travail/cbnsl_benchmark/scaling/../scaling/results/2026-04-02_10h34_sem_gaussian/graphs/golden__v10_a15_g2.json,/home/mathis/Documents/Travail/cbnsl_benchmark/scaling/../scaling/results/2026-04-02_10h34_sem_gaussian/graphs/MIIC__v10_a15_g2_s200.json,,0.025167179002892226,13.0,13.0,0.0,0.6956521739130436,0.0,0.5333333333333333
sem_gaussian,GHC+BDeu,"{""n_bins"": 4, ""discretization_method"": ""quantile""}",10,15,200,2,/home/mathis/Documents/Travail/cbnsl_benchmark/scaling/../scaling/results/2026-04-02_10h34_sem_gaussian/graphs/golden__v10_a15_g2.json,/home/mathis/Documents/Travail/cbnsl_benchmark/scaling/../scaling/results/2026-04-02_10h34_sem_gaussian/graphs/GHC+BDeu__v10_a15_g2_s200.json,,0.025455353985307738,15.0,15.0,0.0,0.5,0.0,0.3333333333333333
sem_gaussian,NOTEARS,"{""lambda1"": 0.0, ""w_threshold_notears"": 0.3}",10,15,200,2,/home/mathis/Documents/Travail/cbnsl_benchmark/scaling/../scaling/results/2026-04-02_10h34_sem_gaussian/graphs/golden__v10_a15_g2.json,/home/mathis/Documents/Travail/cbnsl_benchmark/scaling/../scaling/results/2026-04-02_10h34_sem_gaussian/graphs/NOTEARS__v10_a15_g2_s200.json,,1.5669065859983675,10.0,12.0,0.5833333333333334,0.7857142857142856,0.6363636363636364,0.7333333333333333
sem_gaussian,NOTEARS Disc.,"{""lambda1"": 0.1, ""w_threshold_notears"": 0.1, ""n_bins"": 4, ""discretization_method"": ""quantile""}",10,15,200,2,/home/mathis/Documents/Travail/cbnsl_benchmark/scaling/../scaling/results/2026-04-02_10h34_sem_gaussian/graphs/golden__v10_a15_g2.json,/home/mathis/Documents/Travail/cbnsl_benchmark/scaling/../scaling/results/2026-04-02_10h34_sem_gaussian/graphs/NOTEARS Disc.__v10_a15_g2_s200.json,,1.358296018006513,12.0,15.0,0.5,0.8387096774193549,0.75,0.8666666666666667
sem_gaussian,LiNGAM,"{""threshold_lingam"": 0.1}",10,15,200,2,/home/mathis/Documents/Travail/cbnsl_benchmark/scaling/../scaling/results/2026-04-02_10h34_sem_gaussian/graphs/golden__v10_a15_g2.json,/home/mathis/Documents/Travail/cbnsl_benchmark/scaling/../scaling/results/2026-04-02_10h34_sem_gaussian/graphs/LiNGAM__v10_a15_g2_s200.json,,0.2542841369868256,16.0,22.0,0.5,0.7368421052631579,0.8888888888888888,0.9333333333333333
sem_gaussian,CPC,"{""alpha"": 0.05, ""max_conditioning_set_size"": 3}",10,15,500,2,/home/mathis/Documents/Travail/cbnsl_benchmark/scaling/../scaling/results/2026-04-02_10h34_sem_gaussian/graphs/golden__v10_a15_g2.json,/home/mathis/Documents/Travail/cbnsl_benchmark/scaling/../scaling/results/2026-04-02_10h34_sem_gaussian/graphs/CPC__v10_a15_g2_s500.json,,0.16607248698710464,15.0,15.0,0.0,0.33333333333333337,0.0,0.2
sem_gaussian,CMIIC,"{""alpha"": 0.05}",10,15,500,2,/home/mathis/Documents/Travail/cbnsl_benchmark/scaling/../scaling/results/2026-04-02_10h34_sem_gaussian/graphs/golden__v10_a15_g2.json,/home/mathis/Documents/Travail/cbnsl_benchmark/scaling/../scaling/results/2026-04-02_10h34_sem_gaussian/graphs/CMIIC__v10_a15_g2_s500.json,,0.37664479299564846,13.0,11.0,0.23529411764705882,0.8,0.2857142857142857,0.6666666666666666
sem_gaussian,MIIC,"{""n_bins"": 4, ""discretization_method"": ""quantile""}",10,15,500,2,/home/mathis/Documents/Travail/cbnsl_benchmark/scaling/../scaling/results/2026-04-02_10h34_sem_gaussian/graphs/golden__v10_a15_g2.json,/home/mathis/Documents/Travail/cbnsl_benchmark/scaling/../scaling/results/2026-04-02_10h34_sem_gaussian/graphs/MIIC__v10_a15_g2_s500.json,,0.03760200401302427,13.0,12.0,0.0,0.8,0.0,0.6666666666666666
sem_gaussian,GHC+BDeu,"{""n_bins"": 4, ""discretization_method"": ""quantile""}",10,15,500,2,/home/mathis/Documents/Travail/cbnsl_benchmark/scaling/../scaling/results/2026-04-02_10h34_sem_gaussian/graphs/golden__v10_a15_g2.json,/home/mathis/Documents/Travail/cbnsl_benchmark/scaling/../scaling/results/2026-04-02_10h34_sem_gaussian/graphs/GHC+BDeu__v10_a15_g2_s500.json,,0.03462901301099919,15.0,13.0,0.0,0.7499999999999999,0.0,0.6
sem_gaussian,NOTEARS,"{""lambda1"": 0.0, ""w_threshold_notears"": 0.3}",10,15,500,2,/home/mathis/Documents/Travail/cbnsl_benchmark/scaling/../scaling/results/2026-04-02_10h34_sem_gaussian/graphs/golden__v10_a15_g2.json,/home/mathis/Documents/Travail/cbnsl_benchmark/scaling/../scaling/results/2026-04-02_10h34_sem_gaussian/graphs/NOTEARS__v10_a15_g2_s500.json,,1.4226387400121894,8.0,16.0,0.7333333333333334,0.8484848484848485,0.9166666666666666,0.9333333333333333
sem_gaussian,NOTEARS Disc.,"{""lambda1"": 0.1, ""w_threshold_notears"": 0.1, ""n_bins"": 4, ""discretization_method"": ""quantile""}",10,15,500,2,/home/mathis/Documents/Travail/cbnsl_benchmark/scaling/../scaling/results/2026-04-02_10h34_sem_gaussian/graphs/golden__v10_a15_g2.json,/home/mathis/Documents/Travail/cbnsl_benchmark/scaling/../scaling/results/2026-04-02_10h34_sem_gaussian/graphs/NOTEARS Disc.__v10_a15_g2_s500.json,,3.8455995340191294,10.0,4.0,0.5454545454545454,0.896551724137931,0.75,0.8666666666666667
sem_gaussian,LiNGAM,"{""threshold_lingam"": 0.1}",10,15,500,2,/home/mathis/Documents/Travail/cbnsl_benchmark/scaling/../scaling/results/2026-04-02_10h34_sem_gaussian/graphs/golden__v10_a15_g2.json,/home/mathis/Documents/Travail/cbnsl_benchmark/scaling/../scaling/results/2026-04-02_10h34_sem_gaussian/graphs/LiNGAM__v10_a15_g2_s500.json,,0.26344705099472776,21.0,21.0,0.36363636363636365,0.65,0.75,0.8666666666666667
sem_gaussian,CPC,"{""alpha"": 0.05, ""max_conditioning_set_size"": 3}",10,15,1000,2,/home/mathis/Documents/Travail/cbnsl_benchmark/scaling/../scaling/results/2026-04-02_10h34_sem_gaussian/graphs/golden__v10_a15_g2.json,/home/mathis/Documents/Travail/cbnsl_benchmark/scaling/../scaling/results/2026-04-02_10h34_sem_gaussian/graphs/CPC__v10_a15_g2_s1000.json,,1.165280254004756,9.0,8.0,0.5714285714285713,0.8,0.5454545454545454,0.6666666666666666
sem_gaussian,CMIIC,"{""alpha"": 0.05}",10,15,1000,2,/home/mathis/Documents/Travail/cbnsl_benchmark/scaling/../scaling/results/2026-04-02_10h34_sem_gaussian/graphs/golden__v10_a15_g2.json,/home/mathis/Documents/Travail/cbnsl_benchmark/scaling/../scaling/results/2026-04-02_10h34_sem_gaussian/graphs/CMIIC__v10_a15_g2_s1000.json,,1.873423079989152,13.0,11.0,0.23529411764705882,0.8,0.2857142857142857,0.6666666666666666
sem_gaussian,MIIC,"{""n_bins"": 4, ""discretization_method"": ""quantile""}",10,15,1000,2,/home/mathis/Documents/Travail/cbnsl_benchmark/scaling/../scaling/results/2026-04-02_10h34_sem_gaussian/graphs/golden__v10_a15_g2.json,/home/mathis/Documents/Travail/cbnsl_benchmark/scaling/../scaling/results/2026-04-02_10h34_sem_gaussian/graphs/MIIC__v10_a15_g2_s1000.json,,0.049905202991794795,13.0,12.0,0.0,0.8,0.0,0.6666666666666666
sem_gaussian,GHC+BDeu,"{""n_bins"": 4, ""discretization_method"": ""quantile""}",10,15,1000,2,/home/mathis/Documents/Travail/cbnsl_benchmark/scaling/../scaling/results/2026-04-02_10h34_sem_gaussian/graphs/golden__v10_a15_g2.json,/home/mathis/Documents/Travail/cbnsl_benchmark/scaling/../scaling/results/2026-04-02_10h34_sem_gaussian/graphs/GHC+BDeu__v10_a15_g2_s1000.json,,0.09619416200439446,15.0,13.0,0.0,0.7499999999999999,0.0,0.6
sem_gaussian,NOTEARS,"{""lambda1"": 0.0, ""w_threshold_notears"": 0.3}",10,15,1000,2,/home/mathis/Documents/Travail/cbnsl_benchmark/scaling/../scaling/results/2026-04-02_10h34_sem_gaussian/graphs/golden__v10_a15_g2.json,/home/mathis/Documents/Travail/cbnsl_benchmark/scaling/../scaling/results/2026-04-02_10h34_sem_gaussian/graphs/NOTEARS__v10_a15_g2_s1000.json,,2.5307824540068395,9.0,14.0,0.6666666666666666,0.8387096774193549,0.8181818181818182,0.8666666666666667
sem_gaussian,NOTEARS Disc.,"{""lambda1"": 0.1, ""w_threshold_notears"": 0.1, ""n_bins"": 4, ""discretization_method"": ""quantile""}",10,15,1000,2,/home/mathis/Documents/Travail/cbnsl_benchmark/scaling/../scaling/results/2026-04-02_10h34_sem_gaussian/graphs/golden__v10_a15_g2.json,/home/mathis/Documents/Travail/cbnsl_benchmark/scaling/../scaling/results/2026-04-02_10h34_sem_gaussian/graphs/NOTEARS Disc.__v10_a15_g2_s1000.json,,21.11279777501477,14.0,14.0,0.3,0.8275862068965518,0.5,0.8
sem_gaussian,LiNGAM,"{""threshold_lingam"": 0.1}",10,15,1000,2,/home/mathis/Documents/Travail/cbnsl_benchmark/scaling/../scaling/results/2026-04-02_10h34_sem_gaussian/graphs/golden__v10_a15_g2.json,/home/mathis/Documents/Travail/cbnsl_benchmark/scaling/../scaling/results/2026-04-02_10h34_sem_gaussian/graphs/LiNGAM__v10_a15_g2_s1000.json,,0.5938708230096381,20.0,16.0,0.23076923076923075,0.6857142857142857,0.5,0.8
sem_gaussian,CPC,"{""alpha"": 0.05, ""max_conditioning_set_size"": 3}",10,15,3000,2,/home/mathis/Documents/Travail/cbnsl_benchmark/scaling/../scaling/results/2026-04-02_10h34_sem_gaussian/graphs/golden__v10_a15_g2.json,/home/mathis/Documents/Travail/cbnsl_benchmark/scaling/../scaling/results/2026-04-02_10h34_sem_gaussian/graphs/CPC__v10_a15_g2_s3000.json,,20.10009141100454,6.0,9.0,0.75,0.8,0.6428571428571429,0.6666666666666666
sem_gaussian,CMIIC,"{""alpha"": 0.05}",10,15,3000,2,/home/mathis/Documents/Travail/cbnsl_benchmark/scaling/../scaling/results/2026-04-02_10h34_sem_gaussian/graphs/golden__v10_a15_g2.json,/home/mathis/Documents/Travail/cbnsl_benchmark/scaling/../scaling/results/2026-04-02_10h34_sem_gaussian/graphs/CMIIC__v10_a15_g2_s3000.json,,11.505332361004548,13.0,11.0,0.23529411764705882,0.8,0.2857142857142857,0.6666666666666666
sem_gaussian,MIIC,"{""n_bins"": 4, ""discretization_method"": ""quantile""}",10,15,3000,2,/home/mathis/Documents/Travail/cbnsl_benchmark/scaling/../scaling/results/2026-04-02_10h34_sem_gaussian/graphs/golden__v10_a15_g2.json,/home/mathis/Documents/Travail/cbnsl_benchmark/scaling/../scaling/results/2026-04-02_10h34_sem_gaussian/graphs/MIIC__v10_a15_g2_s3000.json,,0.21410142301465385,12.0,13.0,0.0,0.846153846153846,0.0,0.7333333333333333
sem_gaussian,GHC+BDeu,"{""n_bins"": 4, ""discretization_method"": ""quantile""}",10,15,3000,2,/home/mathis/Documents/Travail/cbnsl_benchmark/scaling/../scaling/results/2026-04-02_10h34_sem_gaussian/graphs/golden__v10_a15_g2.json,/home/mathis/Documents/Travail/cbnsl_benchmark/scaling/../scaling/results/2026-04-02_10h34_sem_gaussian/graphs/GHC+BDeu__v10_a15_g2_s3000.json,,0.13978282499010675,11.0,14.0,0.42105263157894735,0.9285714285714286,0.6666666666666666,0.8666666666666667
sem_gaussian,NOTEARS,"{""lambda1"": 0.0, ""w_threshold_notears"": 0.3}",10,15,3000,2,/home/mathis/Documents/Travail/cbnsl_benchmark/scaling/../scaling/results/2026-04-02_10h34_sem_gaussian/graphs/golden__v10_a15_g2.json,/home/mathis/Documents/Travail/cbnsl_benchmark/scaling/../scaling/results/2026-04-02_10h34_sem_gaussian/graphs/NOTEARS__v10_a15_g2_s3000.json,,4.468742489989381,6.0,16.0,0.7857142857142856,0.8666666666666667,0.8461538461538461,0.8666666666666667
sem_gaussian,NOTEARS Disc.,"{""lambda1"": 0.1, ""w_threshold_notears"": 0.1, ""n_bins"": 4, ""discretization_method"": ""quantile""}",10,15,3000,2,/home/mathis/Documents/Travail/cbnsl_benchmark/scaling/../scaling/results/2026-04-02_10h34_sem_gaussian/graphs/golden__v10_a15_g2.json,/home/mathis/Documents/Travail/cbnsl_benchmark/scaling/../scaling/results/2026-04-02_10h34_sem_gaussian/graphs/NOTEARS Disc.__v10_a15_g2_s3000.json,,3.9424550789990462,14.0,14.0,0.3,0.8275862068965518,0.5,0.8
sem_gaussian,LiNGAM,"{""threshold_lingam"": 0.1}",10,15,3000,2,/home/mathis/Documents/Travail/cbnsl_benchmark/scaling/../scaling/results/2026-04-02_10h34_sem_gaussian/graphs/golden__v10_a15_g2.json,/home/mathis/Documents/Travail/cbnsl_benchmark/scaling/../scaling/results/2026-04-02_10h34_sem_gaussian/graphs/LiNGAM__v10_a15_g2_s3000.json,,0.39927385200280696,21.0,17.0,0.27586206896551724,0.6486486486486486,0.5714285714285714,0.8
sem_gaussian,CPC,"{""alpha"": 0.05, ""max_conditioning_set_size"": 3}",10,15,5000,2,/home/mathis/Documents/Travail/cbnsl_benchmark/scaling/../scaling/results/2026-04-02_10h34_sem_gaussian/graphs/golden__v10_a15_g2.json,/home/mathis/Documents/Travail/cbnsl_benchmark/scaling/../scaling/results/2026-04-02_10h34_sem_gaussian/graphs/CPC__v10_a15_g2_s5000.json,,38.48696706199553,6.0,9.0,0.75,0.8,0.6428571428571429,0.6666666666666666
sem_gaussian,CMIIC,"{""alpha"": 0.05}",10,15,5000,2,/home/mathis/Documents/Travail/cbnsl_benchmark/scaling/../scaling/results/2026-04-02_10h34_sem_gaussian/graphs/golden__v10_a15_g2.json,/home/mathis/Documents/Travail/cbnsl_benchmark/scaling/../scaling/results/2026-04-02_10h34_sem_gaussian/graphs/CMIIC__v10_a15_g2_s5000.json,,31.545424873998854,13.0,11.0,0.23529411764705882,0.8,0.2857142857142857,0.6666666666666666
sem_gaussian,MIIC,"{""n_bins"": 4, ""discretization_method"": ""quantile""}",10,15,5000,2,/home/mathis/Documents/Travail/cbnsl_benchmark/scaling/../scaling/results/2026-04-02_10h34_sem_gaussian/graphs/golden__v10_a15_g2.json,/home/mathis/Documents/Travail/cbnsl_benchmark/scaling/../scaling/results/2026-04-02_10h34_sem_gaussian/graphs/MIIC__v10_a15_g2_s5000.json,,0.3162336150126066,6.0,8.0,0.7500000000000001,0.846153846153846,0.6923076923076923,0.7333333333333333
sem_gaussian,GHC+BDeu,"{""n_bins"": 4, ""discretization_method"": ""quantile""}",10,15,5000,2,/home/mathis/Documents/Travail/cbnsl_benchmark/scaling/../scaling/results/2026-04-02_10h34_sem_gaussian/graphs/golden__v10_a15_g2.json,/home/mathis/Documents/Travail/cbnsl_benchmark/scaling/../scaling/results/2026-04-02_10h34_sem_gaussian/graphs/GHC+BDeu__v10_a15_g2_s5000.json,,0.20270396300475113,11.0,10.0,0.4210526315789474,0.888888888888889,0.5714285714285714,0.8
sem_gaussian,NOTEARS,"{""lambda1"": 0.0, ""w_threshold_notears"": 0.3}",10,15,5000,2,/home/mathis/Documents/Travail/cbnsl_benchmark/scaling/../scaling/results/2026-04-02_10h34_sem_gaussian/graphs/golden__v10_a15_g2.json,/home/mathis/Documents/Travail/cbnsl_benchmark/scaling/../scaling/results/2026-04-02_10h34_sem_gaussian/graphs/NOTEARS__v10_a15_g2_s5000.json,,5.317278433009051,7.0,17.0,0.7586206896551724,0.8387096774193549,0.8461538461538461,0.8666666666666667
sem_gaussian,NOTEARS Disc.,"{""lambda1"": 0.1, ""w_threshold_notears"": 0.1, ""n_bins"": 4, ""discretization_method"": ""quantile""}",10,15,5000,2,/home/mathis/Documents/Travail/cbnsl_benchmark/scaling/../scaling/results/2026-04-02_10h34_sem_gaussian/graphs/golden__v10_a15_g2.json,/home/mathis/Documents/Travail/cbnsl_benchmark/scaling/../scaling/results/2026-04-02_10h34_sem_gaussian/graphs/NOTEARS Disc.__v10_a15_g2_s5000.json,,13.317693382006837,14.0,14.0,0.3,0.8275862068965518,0.5,0.8
sem_gaussian,LiNGAM,"{""threshold_lingam"": 0.1}",10,15,5000,2,/home/mathis/Documents/Travail/cbnsl_benchmark/scaling/../scaling/results/2026-04-02_10h34_sem_gaussian/graphs/golden__v10_a15_g2.json,/home/mathis/Documents/Travail/cbnsl_benchmark/scaling/../scaling/results/2026-04-02_10h34_sem_gaussian/graphs/LiNGAM__v10_a15_g2_s5000.json,,0.7345692480157595,17.0,16.0,0.41379310344827586,0.7567567567567568,0.8571428571428571,0.9333333333333333
sem_gaussian,CPC,"{""alpha"": 0.05, ""max_conditioning_set_size"": 3}",10,15,200,3,/home/mathis/Documents/Travail/cbnsl_benchmark/scaling/../scaling/results/2026-04-02_10h34_sem_gaussian/graphs/golden__v10_a15_g3.json,/home/mathis/Documents/Travail/cbnsl_benchmark/scaling/../scaling/results/2026-04-02_10h34_sem_gaussian/graphs/CPC__v10_a15_g3_s200.json,,0.0377738370152656,14.0,15.0,0.0,0.23529411764705882,0.0,0.13333333333333333
sem_gaussian,CMIIC,"{""alpha"": 0.05}",10,15,200,3,/home/mathis/Documents/Travail/cbnsl_benchmark/scaling/../scaling/results/2026-04-02_10h34_sem_gaussian/graphs/golden__v10_a15_g3.json,/home/mathis/Documents/Travail/cbnsl_benchmark/scaling/../scaling/results/2026-04-02_10h34_sem_gaussian/graphs/CMIIC__v10_a15_g3_s200.json,,0.1901150010235142,14.0,14.0,0.125,0.888888888888889,0.25,0.8
sem_gaussian,MIIC,"{""n_bins"": 4, ""discretization_method"": ""quantile""}",10,15,200,3,/home/mathis/Documents/Travail/cbnsl_benchmark/scaling/../scaling/results/2026-04-02_10h34_sem_gaussian/graphs/golden__v10_a15_g3.json,/home/mathis/Documents/Travail/cbnsl_benchmark/scaling/../scaling/results/2026-04-02_10h34_sem_gaussian/graphs/MIIC__v10_a15_g3_s200.json,,0.03116126000531949,13.0,14.0,0.0,0.608695652173913,0.0,0.4666666666666667
sem_gaussian,GHC+BDeu,"{""n_bins"": 4, ""discretization_method"": ""quantile""}",10,15,200,3,/home/mathis/Documents/Travail/cbnsl_benchmark/scaling/../scaling/results/2026-04-02_10h34_sem_gaussian/graphs/golden__v10_a15_g3.json,/home/mathis/Documents/Travail/cbnsl_benchmark/scaling/../scaling/results/2026-04-02_10h34_sem_gaussian/graphs/GHC+BDeu__v10_a15_g3_s200.json,,0.023169484018580988,14.0,14.0,0.0,0.47619047619047616,0.0,0.3333333333333333
sem_gaussian,NOTEARS,"{""lambda1"": 0.0, ""w_threshold_notears"": 0.3}",10,15,200,3,/home/mathis/Documents/Travail/cbnsl_benchmark/scaling/../scaling/results/2026-04-02_10h34_sem_gaussian/graphs/golden__v10_a15_g3.json,/home/mathis/Documents/Travail/cbnsl_benchmark/scaling/../scaling/results/2026-04-02_10h34_sem_gaussian/graphs/NOTEARS__v10_a15_g3_s200.json,,2.1686619849933777,6.0,13.0,0.5833333333333334,0.9032258064516129,0.875,0.9333333333333333
sem_gaussian,NOTEARS Disc.,"{""lambda1"": 0.1, ""w_threshold_notears"": 0.1, ""n_bins"": 4, ""discretization_method"": ""quantile""}",10,15,200,3,/home/mathis/Documents/Travail/cbnsl_benchmark/scaling/../scaling/results/2026-04-02_10h34_sem_gaussian/graphs/golden__v10_a15_g3.json,/home/mathis/Documents/Travail/cbnsl_benchmark/scaling/../scaling/results/2026-04-02_10h34_sem_gaussian/graphs/NOTEARS Disc.__v10_a15_g3_s200.json,,1.7841571130265947,13.0,14.0,0.56,0.8387096774193549,0.7777777777777778,0.8666666666666667
sem_gaussian,LiNGAM,"{""threshold_lingam"": 0.1}",10,15,200,3,/home/mathis/Documents/Travail/cbnsl_benchmark/scaling/../scaling/results/2026-04-02_10h34_sem_gaussian/graphs/golden__v10_a15_g3.json,/home/mathis/Documents/Travail/cbnsl_benchmark/scaling/../scaling/results/2026-04-02_10h34_sem_gaussian/graphs/LiNGAM__v10_a15_g3_s200.json,,0.22741982599836774,20.0,21.0,0.3448275862068966,0.7692307692307693,1.0,1.0
sem_gaussian,CPC,"{""alpha"": 0.05, ""max_conditioning_set_size"": 3}",10,15,500,3,/home/mathis/Documents/Travail/cbnsl_benchmark/scaling/../scaling/results/2026-04-02_10h34_sem_gaussian/graphs/golden__v10_a15_g3.json,/home/mathis/Documents/Travail/cbnsl_benchmark/scaling/../scaling/results/2026-04-02_10h34_sem_gaussian/graphs/CPC__v10_a15_g3_s500.json,,0.20971967198420316,14.0,14.0,0.0,0.23529411764705882,0.0,0.13333333333333333
sem_gaussian,CMIIC,"{""alpha"": 0.05}",10,15,500,3,/home/mathis/Documents/Travail/cbnsl_benchmark/scaling/../scaling/results/2026-04-02_10h34_sem_gaussian/graphs/golden__v10_a15_g3.json,/home/mathis/Documents/Travail/cbnsl_benchmark/scaling/../scaling/results/2026-04-02_10h34_sem_gaussian/graphs/CMIIC__v10_a15_g3_s500.json,,0.5005339639901649,14.0,14.0,0.11764705882352942,0.7692307692307692,0.16666666666666666,0.6666666666666666
sem_gaussian,MIIC,"{""n_bins"": 4, ""discretization_method"": ""quantile""}",10,15,500,3,/home/mathis/Documents/Travail/cbnsl_benchmark/scaling/../scaling/results/2026-04-02_10h34_sem_gaussian/graphs/golden__v10_a15_g3.json,/home/mathis/Documents/Travail/cbnsl_benchmark/scaling/../scaling/results/2026-04-02_10h34_sem_gaussian/graphs/MIIC__v10_a15_g3_s500.json,,0.031452739000087604,12.0,12.0,0.0,0.7499999999999999,0.0,0.6
sem_gaussian,GHC+BDeu,"{""n_bins"": 4, ""discretization_method"": ""quantile""}",10,15,500,3,/home/mathis/Documents/Travail/cbnsl_benchmark/scaling/../scaling/results/2026-04-02_10h34_sem_gaussian/graphs/golden__v10_a15_g3.json,/home/mathis/Documents/Travail/cbnsl_benchmark/scaling/../scaling/results/2026-04-02_10h34_sem_gaussian/graphs/GHC+BDeu__v10_a15_g3_s500.json,,0.029366173985181376,13.0,13.0,0.2222222222222222,0.6666666666666667,0.2222222222222222,0.5333333333333333
sem_gaussian,NOTEARS,"{""lambda1"": 0.0, ""w_threshold_notears"": 0.3}",10,15,500,3,/home/mathis/Documents/Travail/cbnsl_benchmark/scaling/../scaling/results/2026-04-02_10h34_sem_gaussian/graphs/golden__v10_a15_g3.json,/home/mathis/Documents/Travail/cbnsl_benchmark/scaling/../scaling/results/2026-04-02_10h34_sem_gaussian/graphs/NOTEARS__v10_a15_g3_s500.json,,1.2182371320086531,10.0,13.0,0.6153846153846153,0.8749999999999999,0.8888888888888888,0.9333333333333333
sem_gaussian,NOTEARS Disc.,"{""lambda1"": 0.1, ""w_threshold_notears"": 0.1, ""n_bins"": 4, ""discretization_method"": ""quantile""}",10,15,500,3,/home/mathis/Documents/Travail/cbnsl_benchmark/scaling/../scaling/results/2026-04-02_10h34_sem_gaussian/graphs/golden__v10_a15_g3.json,/home/mathis/Documents/Travail/cbnsl_benchmark/scaling/../scaling/results/2026-04-02_10h34_sem_gaussian/graphs/NOTEARS Disc.__v10_a15_g3_s500.json,,1.949402458005352,11.0,4.0,0.6399999999999999,0.9375,1.0,1.0
sem_gaussian,LiNGAM,"{""threshold_lingam"": 0.1}",10,15,500,3,/home/mathis/Documents/Travail/cbnsl_benchmark/scaling/../scaling/results/2026-04-02_10h34_sem_gaussian/graphs/golden__v10_a15_g3.json,/home/mathis/Documents/Travail/cbnsl_benchmark/scaling/../scaling/results/2026-04-02_10h34_sem_gaussian/graphs/LiNGAM__v10_a15_g3_s500.json,,0.26246291800634935,27.0,26.0,0.29411764705882354,0.6818181818181819,1.0,1.0
sem_gaussian,CPC,"{""alpha"": 0.05, ""max_conditioning_set_size"": 3}",10,15,1000,3,/home/mathis/Documents/Travail/cbnsl_benchmark/scaling/../scaling/results/2026-04-02_10h34_sem_gaussian/graphs/golden__v10_a15_g3.json,/home/mathis/Documents/Travail/cbnsl_benchmark/scaling/../scaling/results/2026-04-02_10h34_sem_gaussian/graphs/CPC__v10_a15_g3_s1000.json,,1.2160912200051825,12.0,13.0,0.33333333333333326,0.6363636363636364,0.2727272727272727,0.4666666666666667
sem_gaussian,CMIIC,"{""alpha"": 0.05}",10,15,1000,3,/home/mathis/Documents/Travail/cbnsl_benchmark/scaling/../scaling/results/2026-04-02_10h34_sem_gaussian/graphs/golden__v10_a15_g3.json,/home/mathis/Documents/Travail/cbnsl_benchmark/scaling/../scaling/results/2026-04-02_10h34_sem_gaussian/graphs/CMIIC__v10_a15_g3_s1000.json,,1.4333254609955475,13.0,12.0,0.12500000000000003,0.846153846153846,0.2,0.7333333333333333
sem_gaussian,MIIC,"{""n_bins"": 4, ""discretization_method"": ""quantile""}",10,15,1000,3,/home/mathis/Documents/Travail/cbnsl_benchmark/scaling/../scaling/results/2026-04-02_10h34_sem_gaussian/graphs/golden__v10_a15_g3.json,/home/mathis/Documents/Travail/cbnsl_benchmark/scaling/../scaling/results/2026-04-02_10h34_sem_gaussian/graphs/MIIC__v10_a15_g3_s1000.json,,0.04983721300959587,10.0,12.0,0.0,0.8,0.0,0.6666666666666666
sem_gaussian,GHC+BDeu,"{""n_bins"": 4, ""discretization_method"": ""quantile""}",10,15,1000,3,/home/mathis/Documents/Travail/cbnsl_benchmark/scaling/../scaling/results/2026-04-02_10h34_sem_gaussian/graphs/golden__v10_a15_g3.json,/home/mathis/Documents/Travail/cbnsl_benchmark/scaling/../scaling/results/2026-04-02_10h34_sem_gaussian/graphs/GHC+BDeu__v10_a15_g3_s1000.json,,0.050355337996734306,11.0,14.0,0.22222222222222224,0.7200000000000001,0.25,0.6
sem_gaussian,NOTEARS,"{""lambda1"": 0.0, ""w_threshold_notears"": 0.3}",10,15,1000,3,/home/mathis/Documents/Travail/cbnsl_benchmark/scaling/../scaling/results/2026-04-02_10h34_sem_gaussian/graphs/golden__v10_a15_g3.json,/home/mathis/Documents/Travail/cbnsl_benchmark/scaling/../scaling/results/2026-04-02_10h34_sem_gaussian/graphs/NOTEARS__v10_a15_g3_s1000.json,,3.164001981000183,2.0,12.0,0.75,0.9655172413793104,0.9,0.9333333333333333
sem_gaussian,NOTEARS Disc.,"{""lambda1"": 0.1, ""w_threshold_notears"": 0.1, ""n_bins"": 4, ""discretization_method"": ""quantile""}",10,15,1000,3,/home/mathis/Documents/Travail/cbnsl_benchmark/scaling/../scaling/results/2026-04-02_10h34_sem_gaussian/graphs/golden__v10_a15_g3.json,/home/mathis/Documents/Travail/cbnsl_benchmark/scaling/../scaling/results/2026-04-02_10h34_sem_gaussian/graphs/NOTEARS Disc.__v10_a15_g3_s1000.json,,2.960437486995943,10.0,9.0,0.45454545454545453,0.9375,1.0,1.0
sem_gaussian,LiNGAM,"{""threshold_lingam"": 0.1}",10,15,1000,3,/home/mathis/Documents/Travail/cbnsl_benchmark/scaling/../scaling/results/2026-04-02_10h34_sem_gaussian/graphs/golden__v10_a15_g3.json,/home/mathis/Documents/Travail/cbnsl_benchmark/scaling/../scaling/results/2026-04-02_10h34_sem_gaussian/graphs/LiNGAM__v10_a15_g3_s1000.json,,0.2871338799886871,27.0,25.0,0.25,0.6976744186046512,1.0,1.0
sem_gaussian,CPC,"{""alpha"": 0.05, ""max_conditioning_set_size"": 3}",10,15,3000,3,/home/mathis/Documents/Travail/cbnsl_benchmark/scaling/../scaling/results/2026-04-02_10h34_sem_gaussian/graphs/golden__v10_a15_g3.json,/home/mathis/Documents/Travail/cbnsl_benchmark/scaling/../scaling/results/2026-04-02_10h34_sem_gaussian/graphs/CPC__v10_a15_g3_s3000.json,,13.334373510006117,11.0,13.0,0.4210526315789474,0.888888888888889,0.5714285714285714,0.8
sem_gaussian,CMIIC,"{""alpha"": 0.05}",10,15,3000,3,/home/mathis/Documents/Travail/cbnsl_benchmark/scaling/../scaling/results/2026-04-02_10h34_sem_gaussian/graphs/golden__v10_a15_g3.json,/home/mathis/Documents/Travail/cbnsl_benchmark/scaling/../scaling/results/2026-04-02_10h34_sem_gaussian/graphs/CMIIC__v10_a15_g3_s3000.json,,19.75608591697528,12.0,9.0,0.5,0.846153846153846,0.5555555555555556,0.7333333333333333
sem_gaussian,MIIC,"{""n_bins"": 4, ""discretization_method"": ""quantile""}",10,15,3000,3,/home/mathis/Documents/Travail/cbnsl_benchmark/scaling/../scaling/results/2026-04-02_10h34_sem_gaussian/graphs/golden__v10_a15_g3.json,/home/mathis/Documents/Travail/cbnsl_benchmark/scaling/../scaling/results/2026-04-02_10h34_sem_gaussian/graphs/MIIC__v10_a15_g3_s3000.json,,0.823919037997257,12.0,5.0,0.42105263157894735,0.9285714285714286,0.6666666666666666,0.8666666666666667
sem_gaussian,GHC+BDeu,"{""n_bins"": 4, ""discretization_method"": ""quantile""}",10,15,3000,3,/home/mathis/Documents/Travail/cbnsl_benchmark/scaling/../scaling/results/2026-04-02_10h34_sem_gaussian/graphs/golden__v10_a15_g3.json,/home/mathis/Documents/Travail/cbnsl_benchmark/scaling/../scaling/results/2026-04-02_10h34_sem_gaussian/graphs/GHC+BDeu__v10_a15_g3_s3000.json,,0.19578810399980284,4.0,10.0,0.6666666666666666,0.896551724137931,0.8,0.8666666666666667
sem_gaussian,NOTEARS,"{""lambda1"": 0.0, ""w_threshold_notears"": 0.3}",10,15,3000,3,/home/mathis/Documents/Travail/cbnsl_benchmark/scaling/../scaling/results/2026-04-02_10h34_sem_gaussian/graphs/golden__v10_a15_g3.json,/home/mathis/Documents/Travail/cbnsl_benchmark/scaling/../scaling/results/2026-04-02_10h34_sem_gaussian/graphs/NOTEARS__v10_a15_g3_s3000.json,,12.560827684006654,2.0,12.0,0.75,0.9655172413793104,0.9,0.9333333333333333
sem_gaussian,NOTEARS Disc.,"{""lambda1"": 0.1, ""w_threshold_notears"": 0.1, ""n_bins"": 4, ""discretization_method"": ""quantile""}",10,15,3000,3,/home/mathis/Documents/Travail/cbnsl_benchmark/scaling/../scaling/results/2026-04-02_10h34_sem_gaussian/graphs/golden__v10_a15_g3.json,/home/mathis/Documents/Travail/cbnsl_benchmark/scaling/../scaling/results/2026-04-02_10h34_sem_gaussian/graphs/NOTEARS Disc.__v10_a15_g3_s3000.json,,5.423838426999282,7.0,10.0,0.56,0.9090909090909091,1.0,1.0
sem_gaussian,LiNGAM,"{""threshold_lingam"": 0.1}",10,15,3000,3,/home/mathis/Documents/Travail/cbnsl_benchmark/scaling/../scaling/results/2026-04-02_10h34_sem_gaussian/graphs/golden__v10_a15_g3.json,/home/mathis/Documents/Travail/cbnsl_benchmark/scaling/../scaling/results/2026-04-02_10h34_sem_gaussian/graphs/LiNGAM__v10_a15_g3_s3000.json,,0.3983558120089583,24.0,19.0,0.19999999999999998,0.7142857142857143,1.0,1.0
sem_gaussian,CPC,"{""alpha"": 0.05, ""max_conditioning_set_size"": 3}",10,15,5000,3,/home/mathis/Documents/Travail/cbnsl_benchmark/scaling/../scaling/results/2026-04-02_10h34_sem_gaussian/graphs/golden__v10_a15_g3.json,/home/mathis/Documents/Travail/cbnsl_benchmark/scaling/../scaling/results/2026-04-02_10h34_sem_gaussian/graphs/CPC__v10_a15_g3_s5000.json,,36.80116523298784,12.0,8.0,0.4,0.896551724137931,0.6666666666666666,0.8666666666666667
sem_gaussian,CMIIC,"{""alpha"": 0.05}",10,15,5000,3,/home/mathis/Documents/Travail/cbnsl_benchmark/scaling/../scaling/results/2026-04-02_10h34_sem_gaussian/graphs/golden__v10_a15_g3.json,/home/mathis/Documents/Travail/cbnsl_benchmark/scaling/../scaling/results/2026-04-02_10h34_sem_gaussian/graphs/CMIIC__v10_a15_g3_s5000.json,,31.27753489400493,12.0,9.0,0.5,0.846153846153846,0.5555555555555556,0.7333333333333333
sem_gaussian,MIIC,"{""n_bins"": 4, ""discretization_method"": ""quantile""}",10,15,5000,3,/home/mathis/Documents/Travail/cbnsl_benchmark/scaling/../scaling/results/2026-04-02_10h34_sem_gaussian/graphs/golden__v10_a15_g3.json,/home/mathis/Documents/Travail/cbnsl_benchmark/scaling/../scaling/results/2026-04-02_10h34_sem_gaussian/graphs/MIIC__v10_a15_g3_s5000.json,,0.3688192769768648,12.0,5.0,0.42105263157894735,0.9285714285714286,0.6666666666666666,0.8666666666666667
sem_gaussian,GHC+BDeu,"{""n_bins"": 4, ""discretization_method"": ""quantile""}",10,15,5000,3,/home/mathis/Documents/Travail/cbnsl_benchmark/scaling/../scaling/results/2026-04-02_10h34_sem_gaussian/graphs/golden__v10_a15_g3.json,/home/mathis/Documents/Travail/cbnsl_benchmark/scaling/../scaling/results/2026-04-02_10h34_sem_gaussian/graphs/GHC+BDeu__v10_a15_g3_s5000.json,,0.24543947601341642,4.0,9.0,0.6666666666666667,0.9333333333333333,0.8888888888888888,0.9333333333333333
sem_gaussian,NOTEARS,"{""lambda1"": 0.0, ""w_threshold_notears"": 0.3}",10,15,5000,3,/home/mathis/Documents/Travail/cbnsl_benchmark/scaling/../scaling/results/2026-04-02_10h34_sem_gaussian/graphs/golden__v10_a15_g3.json,/home/mathis/Documents/Travail/cbnsl_benchmark/scaling/../scaling/results/2026-04-02_10h34_sem_gaussian/graphs/NOTEARS__v10_a15_g3_s5000.json,,6.936181048979051,0.0,7.0,0.846153846153846,1.0,1.0,1.0
sem_gaussian,NOTEARS Disc.,"{""lambda1"": 0.1, ""w_threshold_notears"": 0.1, ""n_bins"": 4, ""discretization_method"": ""quantile""}",10,15,5000,3,/home/mathis/Documents/Travail/cbnsl_benchmark/scaling/../scaling/results/2026-04-02_10h34_sem_gaussian/graphs/golden__v10_a15_g3.json,/home/mathis/Documents/Travail/cbnsl_benchmark/scaling/../scaling/results/2026-04-02_10h34_sem_gaussian/graphs/NOTEARS Disc.__v10_a15_g3_s5000.json,,8.345860778994393,8.0,12.0,0.45454545454545453,0.9032258064516129,0.8333333333333334,0.9333333333333333
sem_gaussian,LiNGAM,"{""threshold_lingam"": 0.1}",10,15,5000,3,/home/mathis/Documents/Travail/cbnsl_benchmark/scaling/../scaling/results/2026-04-02_10h34_sem_gaussian/graphs/golden__v10_a15_g3.json,/home/mathis/Documents/Travail/cbnsl_benchmark/scaling/../scaling/results/2026-04-02_10h34_sem_gaussian/graphs/LiNGAM__v10_a15_g3_s5000.json,,0.5218658029916696,17.0,24.0,0.5,0.7692307692307693,1.0,1.0
sem_gaussian,CPC,"{""alpha"": 0.05, ""max_conditioning_set_size"": 3}",10,15,200,4,/home/mathis/Documents/Travail/cbnsl_benchmark/scaling/../scaling/results/2026-04-02_10h34_sem_gaussian/graphs/golden__v10_a15_g4.json,/home/mathis/Documents/Travail/cbnsl_benchmark/scaling/../scaling/results/2026-04-02_10h34_sem_gaussian/graphs/CPC__v10_a15_g4_s200.json,,0.0283088099968154,15.0,13.0,0.0,0.33333333333333337,0.0,0.2
sem_gaussian,CMIIC,"{""alpha"": 0.05}",10,15,200,4,/home/mathis/Documents/Travail/cbnsl_benchmark/scaling/../scaling/results/2026-04-02_10h34_sem_gaussian/graphs/golden__v10_a15_g4.json,/home/mathis/Documents/Travail/cbnsl_benchmark/scaling/../scaling/results/2026-04-02_10h34_sem_gaussian/graphs/CMIIC__v10_a15_g4_s200.json,,0.13189377801609226,14.0,7.0,0.0,0.7499999999999999,0.0,0.6
sem_gaussian,MIIC,"{""n_bins"": 4, ""discretization_method"": ""quantile""}",10,15,200,4,/home/mathis/Documents/Travail/cbnsl_benchmark/scaling/../scaling/results/2026-04-02_10h34_sem_gaussian/graphs/golden__v10_a15_g4.json,/home/mathis/Documents/Travail/cbnsl_benchmark/scaling/../scaling/results/2026-04-02_10h34_sem_gaussian/graphs/MIIC__v10_a15_g4_s200.json,,0.021190081984968856,14.0,8.0,0.0,0.6956521739130436,0.0,0.5333333333333333
sem_gaussian,GHC+BDeu,"{""n_bins"": 4, ""discretization_method"": ""quantile""}",10,15,200,4,/home/mathis/Documents/Travail/cbnsl_benchmark/scaling/../scaling/results/2026-04-02_10h34_sem_gaussian/graphs/golden__v10_a15_g4.json,/home/mathis/Documents/Travail/cbnsl_benchmark/scaling/../scaling/results/2026-04-02_10h34_sem_gaussian/graphs/GHC+BDeu__v10_a15_g4_s200.json,,0.020449957984965295,14.0,9.0,0.0,0.6363636363636364,0.0,0.4666666666666667
sem_gaussian,NOTEARS,"{""lambda1"": 0.0, ""w_threshold_notears"": 0.3}",10,15,200,4,/home/mathis/Documents/Travail/cbnsl_benchmark/scaling/../scaling/results/2026-04-02_10h34_sem_gaussian/graphs/golden__v10_a15_g4.json,/home/mathis/Documents/Travail/cbnsl_benchmark/scaling/../scaling/results/2026-04-02_10h34_sem_gaussian/graphs/NOTEARS__v10_a15_g4_s200.json,,1.075744363013655,5.0,13.0,0.7199999999999999,0.8571428571428571,0.75,0.8
sem_gaussian,NOTEARS Disc.,"{""lambda1"": 0.1, ""w_threshold_notears"": 0.1, ""n_bins"": 4, ""discretization_method"": ""quantile""}",10,15,200,4,/home/mathis/Documents/Travail/cbnsl_benchmark/scaling/../scaling/results/2026-04-02_10h34_sem_gaussian/graphs/golden__v10_a15_g4.json,/home/mathis/Documents/Travail/cbnsl_benchmark/scaling/../scaling/results/2026-04-02_10h34_sem_gaussian/graphs/NOTEARS Disc.__v10_a15_g4_s200.json,,1.7690961239859462,14.0,11.0,0.3,0.8275862068965518,0.5,0.8
sem_gaussian,LiNGAM,"{""threshold_lingam"": 0.1}",10,15,200,4,/home/mathis/Documents/Travail/cbnsl_benchmark/scaling/../scaling/results/2026-04-02_10h34_sem_gaussian/graphs/golden__v10_a15_g4.json,/home/mathis/Documents/Travail/cbnsl_benchmark/scaling/../scaling/results/2026-04-02_10h34_sem_gaussian/graphs/LiNGAM__v10_a15_g4_s200.json,,0.23104646100546233,16.0,22.0,0.37037037037037035,0.7777777777777778,0.8333333333333334,0.9333333333333333
sem_gaussian,CPC,"{""alpha"": 0.05, ""max_conditioning_set_size"": 3}",10,15,500,4,/home/mathis/Documents/Travail/cbnsl_benchmark/scaling/../scaling/results/2026-04-02_10h34_sem_gaussian/graphs/golden__v10_a15_g4.json,/home/mathis/Documents/Travail/cbnsl_benchmark/scaling/../scaling/results/2026-04-02_10h34_sem_gaussian/graphs/CPC__v10_a15_g4_s500.json,,0.15250155399553478,15.0,15.0,0.0,0.0,0.0,0.0
sem_gaussian,CMIIC,"{""alpha"": 0.05}",10,15,500,4,/home/mathis/Documents/Travail/cbnsl_benchmark/scaling/../scaling/results/2026-04-02_10h34_sem_gaussian/graphs/golden__v10_a15_g4.json,/home/mathis/Documents/Travail/cbnsl_benchmark/scaling/../scaling/results/2026-04-02_10h34_sem_gaussian/graphs/CMIIC__v10_a15_g4_s500.json,,0.41139828800805844,14.0,7.0,0.0,0.7499999999999999,0.0,0.6
sem_gaussian,MIIC,"{""n_bins"": 4, ""discretization_method"": ""quantile""}",10,15,500,4,/home/mathis/Documents/Travail/cbnsl_benchmark/scaling/../scaling/results/2026-04-02_10h34_sem_gaussian/graphs/golden__v10_a15_g4.json,/home/mathis/Documents/Travail/cbnsl_benchmark/scaling/../scaling/results/2026-04-02_10h34_sem_gaussian/graphs/MIIC__v10_a15_g4_s500.json,,0.033865395991597325,14.0,8.0,0.0,0.6956521739130436,0.0,0.5333333333333333
sem_gaussian,GHC+BDeu,"{""n_bins"": 4, ""discretization_method"": ""quantile""}",10,15,500,4,/home/mathis/Documents/Travail/cbnsl_benchmark/scaling/../scaling/results/2026-04-02_10h34_sem_gaussian/graphs/golden__v10_a15_g4.json,/home/mathis/Documents/Travail/cbnsl_benchmark/scaling/../scaling/results/2026-04-02_10h34_sem_gaussian/graphs/GHC+BDeu__v10_a15_g4_s500.json,,0.033066920994315296,14.0,8.0,0.0,0.6956521739130436,0.0,0.5333333333333333
sem_gaussian,NOTEARS,"{""lambda1"": 0.0, ""w_threshold_notears"": 0.3}",10,15,500,4,/home/mathis/Documents/Travail/cbnsl_benchmark/scaling/../scaling/results/2026-04-02_10h34_sem_gaussian/graphs/golden__v10_a15_g4.json,/home/mathis/Documents/Travail/cbnsl_benchmark/scaling/../scaling/results/2026-04-02_10h34_sem_gaussian/graphs/NOTEARS__v10_a15_g4_s500.json,,1.4873541109845974,6.0,13.0,0.6666666666666666,0.8148148148148148,0.6666666666666666,0.7333333333333333
sem_gaussian,NOTEARS Disc.,"{""lambda1"": 0.1, ""w_threshold_notears"": 0.1, ""n_bins"": 4, ""discretization_method"": ""quantile""}",10,15,500,4,/home/mathis/Documents/Travail/cbnsl_benchmark/scaling/../scaling/results/2026-04-02_10h34_sem_gaussian/graphs/golden__v10_a15_g4.json,/home/mathis/Documents/Travail/cbnsl_benchmark/scaling/../scaling/results/2026-04-02_10h34_sem_gaussian/graphs/NOTEARS Disc.__v10_a15_g4_s500.json,,1.7170556880009826,11.0,12.0,0.23529411764705882,0.888888888888889,0.4,0.8
sem_gaussian,LiNGAM,"{""threshold_lingam"": 0.1}",10,15,500,4,/home/mathis/Documents/Travail/cbnsl_benchmark/scaling/../scaling/results/2026-04-02_10h34_sem_gaussian/graphs/golden__v10_a15_g4.json,/home/mathis/Documents/Travail/cbnsl_benchmark/scaling/../scaling/results/2026-04-02_10h34_sem_gaussian/graphs/LiNGAM__v10_a15_g4_s500.json,[pyAgrum] Partially directed cycle detected: Add a partial directed cycle in a PDAG : between 1 and 0,,,,,,,
sem_gaussian,CPC,"{""alpha"": 0.05, ""max_conditioning_set_size"": 3}",10,15,1000,4,/home/mathis/Documents/Travail/cbnsl_benchmark/scaling/../scaling/results/2026-04-02_10h34_sem_gaussian/graphs/golden__v10_a15_g4.json,/home/mathis/Documents/Travail/cbnsl_benchmark/scaling/../scaling/results/2026-04-02_10h34_sem_gaussian/graphs/CPC__v10_a15_g4_s1000.json,,0.8406902739952784,12.0,10.0,0.23529411764705882,0.5,0.16666666666666666,0.3333333333333333
sem_gaussian,CMIIC,"{""alpha"": 0.05}",10,15,1000,4,/home/mathis/Documents/Travail/cbnsl_benchmark/scaling/../scaling/results/2026-04-02_10h34_sem_gaussian/graphs/golden__v10_a15_g4.json,/home/mathis/Documents/Travail/cbnsl_benchmark/scaling/../scaling/results/2026-04-02_10h34_sem_gaussian/graphs/CMIIC__v10_a15_g4_s1000.json,,1.4121073750138748,14.0,7.0,0.0,0.7499999999999999,0.0,0.6
sem_gaussian,MIIC,"{""n_bins"": 4, ""discretization_method"": ""quantile""}",10,15,1000,4,/home/mathis/Documents/Travail/cbnsl_benchmark/scaling/../scaling/results/2026-04-02_10h34_sem_gaussian/graphs/golden__v10_a15_g4.json,/home/mathis/Documents/Travail/cbnsl_benchmark/scaling/../scaling/results/2026-04-02_10h34_sem_gaussian/graphs/MIIC__v10_a15_g4_s1000.json,,0.06033690899494104,14.0,8.0,0.0,0.6956521739130436,0.0,0.5333333333333333
sem_gaussian,GHC+BDeu,"{""n_bins"": 4, ""discretization_method"": ""quantile""}",10,15,1000,4,/home/mathis/Documents/Travail/cbnsl_benchmark/scaling/../scaling/results/2026-04-02_10h34_sem_gaussian/graphs/golden__v10_a15_g4.json,/home/mathis/Documents/Travail/cbnsl_benchmark/scaling/../scaling/results/2026-04-02_10h34_sem_gaussian/graphs/GHC+BDeu__v10_a15_g4_s1000.json,,0.054321526986313984,14.0,8.0,0.0,0.6956521739130436,0.0,0.5333333333333333
sem_gaussian,NOTEARS,"{""lambda1"": 0.0, ""w_threshold_notears"": 0.3}",10,15,1000,4,/home/mathis/Documents/Travail/cbnsl_benchmark/scaling/../scaling/results/2026-04-02_10h34_sem_gaussian/graphs/golden__v10_a15_g4.json,/home/mathis/Documents/Travail/cbnsl_benchmark/scaling/../scaling/results/2026-04-02_10h34_sem_gaussian/graphs/NOTEARS__v10_a15_g4_s1000.json,,2.021392446011305,4.0,12.0,0.75,0.888888888888889,0.75,0.8
sem_gaussian,NOTEARS Disc.,"{""lambda1"": 0.1, ""w_threshold_notears"": 0.1, ""n_bins"": 4, ""discretization_method"": ""quantile""}",10,15,1000,4,/home/mathis/Documents/Travail/cbnsl_benchmark/scaling/../scaling/results/2026-04-02_10h34_sem_gaussian/graphs/golden__v10_a15_g4.json,/home/mathis/Documents/Travail/cbnsl_benchmark/scaling/../scaling/results/2026-04-02_10h34_sem_gaussian/graphs/NOTEARS Disc.__v10_a15_g4_s1000.json,,2.8208448069926817,13.0,6.0,0.3157894736842105,0.8571428571428571,0.5,0.8
sem_gaussian,LiNGAM,"{""threshold_lingam"": 0.1}",10,15,1000,4,/home/mathis/Documents/Travail/cbnsl_benchmark/scaling/../scaling/results/2026-04-02_10h34_sem_gaussian/graphs/golden__v10_a15_g4.json,/home/mathis/Documents/Travail/cbnsl_benchmark/scaling/../scaling/results/2026-04-02_10h34_sem_gaussian/graphs/LiNGAM__v10_a15_g4_s1000.json,[pyAgrum] Partially directed cycle detected: Add a partial directed cycle in a PDAG : between 3 and 0,,,,,,,
sem_gaussian,CPC,"{""alpha"": 0.05, ""max_conditioning_set_size"": 3}",10,15,3000,4,/home/mathis/Documents/Travail/cbnsl_benchmark/scaling/../scaling/results/2026-04-02_10h34_sem_gaussian/graphs/golden__v10_a15_g4.json,/home/mathis/Documents/Travail/cbnsl_benchmark/scaling/../scaling/results/2026-04-02_10h34_sem_gaussian/graphs/CPC__v10_a15_g4_s3000.json,,9.78141668299213,10.0,5.0,0.4761904761904762,0.8571428571428571,0.625,0.8
sem_gaussian,CMIIC,"{""alpha"": 0.05}",10,15,3000,4,/home/mathis/Documents/Travail/cbnsl_benchmark/scaling/../scaling/results/2026-04-02_10h34_sem_gaussian/graphs/golden__v10_a15_g4.json,/home/mathis/Documents/Travail/cbnsl_benchmark/scaling/../scaling/results/2026-04-02_10h34_sem_gaussian/graphs/CMIIC__v10_a15_g4_s3000.json,,11.096767198003363,14.0,7.0,0.0,0.7499999999999999,0.0,0.6
sem_gaussian,MIIC,"{""n_bins"": 4, ""discretization_method"": ""quantile""}",10,15,3000,4,/home/mathis/Documents/Travail/cbnsl_benchmark/scaling/../scaling/results/2026-04-02_10h34_sem_gaussian/graphs/golden__v10_a15_g4.json,/home/mathis/Documents/Travail/cbnsl_benchmark/scaling/../scaling/results/2026-04-02_10h34_sem_gaussian/graphs/MIIC__v10_a15_g4_s3000.json,,0.18150162600795738,14.0,7.0,0.0,0.7499999999999999,0.0,0.6
sem_gaussian,GHC+BDeu,"{""n_bins"": 4, ""discretization_method"": ""quantile""}",10,15,3000,4,/home/mathis/Documents/Travail/cbnsl_benchmark/scaling/../scaling/results/2026-04-02_10h34_sem_gaussian/graphs/golden__v10_a15_g4.json,/home/mathis/Documents/Travail/cbnsl_benchmark/scaling/../scaling/results/2026-04-02_10h34_sem_gaussian/graphs/GHC+BDeu__v10_a15_g4_s3000.json,,0.1229140590003226,12.0,11.0,0.23529411764705882,0.8,0.2857142857142857,0.6666666666666666
sem_gaussian,NOTEARS,"{""lambda1"": 0.0, ""w_threshold_notears"": 0.3}",10,15,3000,4,/home/mathis/Documents/Travail/cbnsl_benchmark/scaling/../scaling/results/2026-04-02_10h34_sem_gaussian/graphs/golden__v10_a15_g4.json,/home/mathis/Documents/Travail/cbnsl_benchmark/scaling/../scaling/results/2026-04-02_10h34_sem_gaussian/graphs/NOTEARS__v10_a15_g4_s3000.json,,4.253054361994145,4.0,9.0,0.7692307692307692,0.896551724137931,0.8333333333333334,0.8666666666666667
sem_gaussian,NOTEARS Disc.,"{""lambda1"": 0.1, ""w_threshold_notears"": 0.1, ""n_bins"": 4, ""discretization_method"": ""quantile""}",10,15,3000,4,/home/mathis/Documents/Travail/cbnsl_benchmark/scaling/../scaling/results/2026-04-02_10h34_sem_gaussian/graphs/golden__v10_a15_g4.json,/home/mathis/Documents/Travail/cbnsl_benchmark/scaling/../scaling/results/2026-04-02_10h34_sem_gaussian/graphs/NOTEARS Disc.__v10_a15_g4_s3000.json,,5.50122221201309,10.0,2.0,0.33333333333333337,0.9285714285714286,0.6,0.8666666666666667
sem_gaussian,LiNGAM,"{""threshold_lingam"": 0.1}",10,15,3000,4,/home/mathis/Documents/Travail/cbnsl_benchmark/scaling/../scaling/results/2026-04-02_10h34_sem_gaussian/graphs/golden__v10_a15_g4.json,/home/mathis/Documents/Travail/cbnsl_benchmark/scaling/../scaling/results/2026-04-02_10h34_sem_gaussian/graphs/LiNGAM__v10_a15_g4_s3000.json,,0.4382223210122902,22.0,25.0,0.4,0.6976744186046512,1.0,1.0
sem_gaussian,CPC,"{""alpha"": 0.05, ""max_conditioning_set_size"": 3}",10,15,5000,4,/home/mathis/Documents/Travail/cbnsl_benchmark/scaling/../scaling/results/2026-04-02_10h34_sem_gaussian/graphs/golden__v10_a15_g4.json,/home/mathis/Documents/Travail/cbnsl_benchmark/scaling/../scaling/results/2026-04-02_10h34_sem_gaussian/graphs/CPC__v10_a15_g4_s5000.json,,30.77390087398817,10.0,9.0,0.4210526315789474,0.846153846153846,0.5,0.7333333333333333
sem_gaussian,CMIIC,"{""alpha"": 0.05}",10,15,5000,4,/home/mathis/Documents/Travail/cbnsl_benchmark/scaling/../scaling/results/2026-04-02_10h34_sem_gaussian/graphs/golden__v10_a15_g4.json,/home/mathis/Documents/Travail/cbnsl_benchmark/scaling/../scaling/results/2026-04-02_10h34_sem_gaussian/graphs/CMIIC__v10_a15_g4_s5000.json,,30.08384527900489,14.0,7.0,0.0,0.7499999999999999,0.0,0.6
sem_gaussian,MIIC,"{""n_bins"": 4, ""discretization_method"": ""quantile""}",10,15,5000,4,/home/mathis/Documents/Travail/cbnsl_benchmark/scaling/../scaling/results/2026-04-02_10h34_sem_gaussian/graphs/golden__v10_a15_g4.json,/home/mathis/Documents/Travail/cbnsl_benchmark/scaling/../scaling/results/2026-04-02_10h34_sem_gaussian/graphs/MIIC__v10_a15_g4_s5000.json,,0.32441934701637365,14.0,6.0,0.0,0.8,0.0,0.6666666666666666
sem_gaussian,GHC+BDeu,"{""n_bins"": 4, ""discretization_method"": ""quantile""}",10,15,5000,4,/home/mathis/Documents/Travail/cbnsl_benchmark/scaling/../scaling/results/2026-04-02_10h34_sem_gaussian/graphs/golden__v10_a15_g4.json,/home/mathis/Documents/Travail/cbnsl_benchmark/scaling/../scaling/results/2026-04-02_10h34_sem_gaussian/graphs/GHC+BDeu__v10_a15_g4_s5000.json,,0.22792287400807254,16.0,14.0,0.11764705882352941,0.8148148148148148,0.2,0.7333333333333333
sem_gaussian,NOTEARS,"{""lambda1"": 0.0, ""w_threshold_notears"": 0.3}",10,15,5000,4,/home/mathis/Documents/Travail/cbnsl_benchmark/scaling/../scaling/results/2026-04-02_10h34_sem_gaussian/graphs/golden__v10_a15_g4.json,/home/mathis/Documents/Travail/cbnsl_benchmark/scaling/../scaling/results/2026-04-02_10h34_sem_gaussian/graphs/NOTEARS__v10_a15_g4_s5000.json,,7.0732652400038205,0.0,0.0,0.9285714285714286,1.0,1.0,1.0
sem_gaussian,NOTEARS Disc.,"{""lambda1"": 0.1, ""w_threshold_notears"": 0.1, ""n_bins"": 4, ""discretization_method"": ""quantile""}",10,15,5000,4,/home/mathis/Documents/Travail/cbnsl_benchmark/scaling/../scaling/results/2026-04-02_10h34_sem_gaussian/graphs/golden__v10_a15_g4.json,/home/mathis/Documents/Travail/cbnsl_benchmark/scaling/../scaling/results/2026-04-02_10h34_sem_gaussian/graphs/NOTEARS Disc.__v10_a15_g4_s5000.json,,6.485154591995524,10.0,2.0,0.33333333333333337,0.9285714285714286,0.6,0.8666666666666667
sem_gaussian,LiNGAM,"{""threshold_lingam"": 0.1}",10,15,5000,4,/home/mathis/Documents/Travail/cbnsl_benchmark/scaling/../scaling/results/2026-04-02_10h34_sem_gaussian/graphs/golden__v10_a15_g4.json,/home/mathis/Documents/Travail/cbnsl_benchmark/scaling/../scaling/results/2026-04-02_10h34_sem_gaussian/graphs/LiNGAM__v10_a15_g4_s5000.json,[pyAgrum] Partially directed cycle detected: Add a partial directed cycle in a PDAG : between 3 and 2,,,,,,,
sem_gaussian,CPC,"{""alpha"": 0.05, ""max_conditioning_set_size"": 3}",10,15,200,5,/home/mathis/Documents/Travail/cbnsl_benchmark/scaling/../scaling/results/2026-04-02_10h34_sem_gaussian/graphs/golden__v10_a15_g5.json,/home/mathis/Documents/Travail/cbnsl_benchmark/scaling/../scaling/results/2026-04-02_10h34_sem_gaussian/graphs/CPC__v10_a15_g5_s200.json,,0.02163130699773319,12.0,12.0,0.0,0.47058823529411764,0.0,0.3076923076923077
sem_gaussian,CMIIC,"{""alpha"": 0.05}",10,15,200,5,/home/mathis/Documents/Travail/cbnsl_benchmark/scaling/../scaling/results/2026-04-02_10h34_sem_gaussian/graphs/golden__v10_a15_g5.json,/home/mathis/Documents/Travail/cbnsl_benchmark/scaling/../scaling/results/2026-04-02_10h34_sem_gaussian/graphs/CMIIC__v10_a15_g5_s200.json,,0.07482109699049033,8.0,11.0,0.0,0.8181818181818181,0.0,0.6923076923076923
sem_gaussian,MIIC,"{""n_bins"": 4, ""discretization_method"": ""quantile""}",10,15,200,5,/home/mathis/Documents/Travail/cbnsl_benchmark/scaling/../scaling/results/2026-04-02_10h34_sem_gaussian/graphs/golden__v10_a15_g5.json,/home/mathis/Documents/Travail/cbnsl_benchmark/scaling/../scaling/results/2026-04-02_10h34_sem_gaussian/graphs/MIIC__v10_a15_g5_s200.json,,0.02076502301497385,8.0,12.0,0.0,0.631578947368421,0.0,0.46153846153846156
sem_gaussian,GHC+BDeu,"{""n_bins"": 4, ""discretization_method"": ""quantile""}",10,15,200,5,/home/mathis/Documents/Travail/cbnsl_benchmark/scaling/../scaling/results/2026-04-02_10h34_sem_gaussian/graphs/golden__v10_a15_g5.json,/home/mathis/Documents/Travail/cbnsl_benchmark/scaling/../scaling/results/2026-04-02_10h34_sem_gaussian/graphs/GHC+BDeu__v10_a15_g5_s200.json,,0.022922778996871784,8.0,12.0,0.0,0.5555555555555556,0.0,0.38461538461538464
sem_gaussian,NOTEARS,"{""lambda1"": 0.0, ""w_threshold_notears"": 0.3}",10,15,200,5,/home/mathis/Documents/Travail/cbnsl_benchmark/scaling/../scaling/results/2026-04-02_10h34_sem_gaussian/graphs/golden__v10_a15_g5.json,/home/mathis/Documents/Travail/cbnsl_benchmark/scaling/../scaling/results/2026-04-02_10h34_sem_gaussian/graphs/NOTEARS__v10_a15_g5_s200.json,,1.5716998489806429,0.0,11.0,0.761904761904762,1.0,1.0,1.0
sem_gaussian,NOTEARS Disc.,"{""lambda1"": 0.1, ""w_threshold_notears"": 0.1, ""n_bins"": 4, ""discretization_method"": ""quantile""}",10,15,200,5,/home/mathis/Documents/Travail/cbnsl_benchmark/scaling/../scaling/results/2026-04-02_10h34_sem_gaussian/graphs/golden__v10_a15_g5.json,/home/mathis/Documents/Travail/cbnsl_benchmark/scaling/../scaling/results/2026-04-02_10h34_sem_gaussian/graphs/NOTEARS Disc.__v10_a15_g5_s200.json,,1.0384287800115999,5.0,10.0,0.5,0.888888888888889,0.8333333333333334,0.9230769230769231
sem_gaussian,LiNGAM,"{""threshold_lingam"": 0.1}",10,15,200,5,/home/mathis/Documents/Travail/cbnsl_benchmark/scaling/../scaling/results/2026-04-02_10h34_sem_gaussian/graphs/golden__v10_a15_g5.json,/home/mathis/Documents/Travail/cbnsl_benchmark/scaling/../scaling/results/2026-04-02_10h34_sem_gaussian/graphs/LiNGAM__v10_a15_g5_s200.json,,0.2156313569867052,10.0,12.0,0.5,0.9285714285714286,1.0,1.0
sem_gaussian,CPC,"{""alpha"": 0.05, ""max_conditioning_set_size"": 3}",10,15,500,5,/home/mathis/Documents/Travail/cbnsl_benchmark/scaling/../scaling/results/2026-04-02_10h34_sem_gaussian/graphs/golden__v10_a15_g5.json,/home/mathis/Documents/Travail/cbnsl_benchmark/scaling/../scaling/results/2026-04-02_10h34_sem_gaussian/graphs/CPC__v10_a15_g5_s500.json,,0.18202115999883972,11.0,12.0,0.14285714285714285,0.7000000000000001,0.14285714285714285,0.5384615384615384
sem_gaussian,CMIIC,"{""alpha"": 0.05}",10,15,500,5,/home/mathis/Documents/Travail/cbnsl_benchmark/scaling/../scaling/results/2026-04-02_10h34_sem_gaussian/graphs/golden__v10_a15_g5.json,/home/mathis/Documents/Travail/cbnsl_benchmark/scaling/../scaling/results/2026-04-02_10h34_sem_gaussian/graphs/CMIIC__v10_a15_g5_s500.json,,0.30979983901488595,12.0,12.0,0.26666666666666666,0.9166666666666666,0.5,0.8461538461538461
sem_gaussian,MIIC,"{""n_bins"": 4, ""discretization_method"": ""quantile""}",10,15,500,5,/home/mathis/Documents/Travail/cbnsl_benchmark/scaling/../scaling/results/2026-04-02_10h34_sem_gaussian/graphs/golden__v10_a15_g5.json,/home/mathis/Documents/Travail/cbnsl_benchmark/scaling/../scaling/results/2026-04-02_10h34_sem_gaussian/graphs/MIIC__v10_a15_g5_s500.json,,0.03492946800542995,8.0,11.0,0.0,0.8181818181818181,0.0,0.6923076923076923
sem_gaussian,GHC+BDeu,"{""n_bins"": 4, ""discretization_method"": ""quantile""}",10,15,500,5,/home/mathis/Documents/Travail/cbnsl_benchmark/scaling/../scaling/results/2026-04-02_10h34_sem_gaussian/graphs/golden__v10_a15_g5.json,/home/mathis/Documents/Travail/cbnsl_benchmark/scaling/../scaling/results/2026-04-02_10h34_sem_gaussian/graphs/GHC+BDeu__v10_a15_g5_s500.json,,0.05524171001161449,10.0,13.0,0.0,0.5263157894736842,0.0,0.38461538461538464
sem_gaussian,NOTEARS,"{""lambda1"": 0.0, ""w_threshold_notears"": 0.3}",10,15,500,5,/home/mathis/Documents/Travail/cbnsl_benchmark/scaling/../scaling/results/2026-04-02_10h34_sem_gaussian/graphs/golden__v10_a15_g5.json,/home/mathis/Documents/Travail/cbnsl_benchmark/scaling/../scaling/results/2026-04-02_10h34_sem_gaussian/graphs/NOTEARS__v10_a15_g5_s500.json,,1.737485227000434,1.0,10.0,0.7000000000000001,0.9600000000000001,0.875,0.9230769230769231
sem_gaussian,NOTEARS Disc.,"{""lambda1"": 0.1, ""w_threshold_notears"": 0.1, ""n_bins"": 4, ""discretization_method"": ""quantile""}",10,15,500,5,/home/mathis/Documents/Travail/cbnsl_benchmark/scaling/../scaling/results/2026-04-02_10h34_sem_gaussian/graphs/golden__v10_a15_g5.json,/home/mathis/Documents/Travail/cbnsl_benchmark/scaling/../scaling/results/2026-04-02_10h34_sem_gaussian/graphs/NOTEARS Disc.__v10_a15_g5_s500.json,,1.4274082689953502,4.0,8.0,0.5263157894736842,0.962962962962963,1.0,1.0
sem_gaussian,LiNGAM,"{""threshold_lingam"": 0.1}",10,15,500,5,/home/mathis/Documents/Travail/cbnsl_benchmark/scaling/../scaling/results/2026-04-02_10h34_sem_gaussian/graphs/golden__v10_a15_g5.json,/home/mathis/Documents/Travail/cbnsl_benchmark/scaling/../scaling/results/2026-04-02_10h34_sem_gaussian/graphs/LiNGAM__v10_a15_g5_s500.json,,0.2546352359931916,30.0,25.0,0.125,0.6046511627906976,1.0,1.0
sem_gaussian,CPC,"{""alpha"": 0.05, ""max_conditioning_set_size"": 3}",10,15,1000,5,/home/mathis/Documents/Travail/cbnsl_benchmark/scaling/../scaling/results/2026-04-02_10h34_sem_gaussian/graphs/golden__v10_a15_g5.json,/home/mathis/Documents/Travail/cbnsl_benchmark/scaling/../scaling/results/2026-04-02_10h34_sem_gaussian/graphs/CPC__v10_a15_g5_s1000.json,,1.087405389000196,11.0,12.0,0.14285714285714285,0.7000000000000001,0.14285714285714285,0.5384615384615384
sem_gaussian,CMIIC,"{""alpha"": 0.05}",10,15,1000,5,/home/mathis/Documents/Travail/cbnsl_benchmark/scaling/../scaling/results/2026-04-02_10h34_sem_gaussian/graphs/golden__v10_a15_g5.json,/home/mathis/Documents/Travail/cbnsl_benchmark/scaling/../scaling/results/2026-04-02_10h34_sem_gaussian/graphs/CMIIC__v10_a15_g5_s1000.json,,1.0951015690225177,12.0,10.0,0.26666666666666666,0.8695652173913044,0.4,0.7692307692307693
sem_gaussian,MIIC,"{""n_bins"": 4, ""discretization_method"": ""quantile""}",10,15,1000,5,/home/mathis/Documents/Travail/cbnsl_benchmark/scaling/../scaling/results/2026-04-02_10h34_sem_gaussian/graphs/golden__v10_a15_g5.json,/home/mathis/Documents/Travail/cbnsl_benchmark/scaling/../scaling/results/2026-04-02_10h34_sem_gaussian/graphs/MIIC__v10_a15_g5_s1000.json,,0.06189215698395856,13.0,10.0,0.0,0.8695652173913044,0.0,0.7692307692307693
sem_gaussian,GHC+BDeu,"{""n_bins"": 4, ""discretization_method"": ""quantile""}",10,15,1000,5,/home/mathis/Documents/Travail/cbnsl_benchmark/scaling/../scaling/results/2026-04-02_10h34_sem_gaussian/graphs/golden__v10_a15_g5.json,/home/mathis/Documents/Travail/cbnsl_benchmark/scaling/../scaling/results/2026-04-02_10h34_sem_gaussian/graphs/GHC+BDeu__v10_a15_g5_s1000.json,,0.05873969299136661,10.0,12.0,0.0,0.7272727272727274,0.0,0.6153846153846154
sem_gaussian,NOTEARS,"{""lambda1"": 0.0, ""w_threshold_notears"": 0.3}",10,15,1000,5,/home/mathis/Documents/Travail/cbnsl_benchmark/scaling/../scaling/results/2026-04-02_10h34_sem_gaussian/graphs/golden__v10_a15_g5.json,/home/mathis/Documents/Travail/cbnsl_benchmark/scaling/../scaling/results/2026-04-02_10h34_sem_gaussian/graphs/NOTEARS__v10_a15_g5_s1000.json,,1.6726484609826002,0.0,11.0,0.761904761904762,1.0,1.0,1.0
sem_gaussian,NOTEARS Disc.,"{""lambda1"": 0.1, ""w_threshold_notears"": 0.1, ""n_bins"": 4, ""discretization_method"": ""quantile""}",10,15,1000,5,/home/mathis/Documents/Travail/cbnsl_benchmark/scaling/../scaling/results/2026-04-02_10h34_sem_gaussian/graphs/golden__v10_a15_g5.json,/home/mathis/Documents/Travail/cbnsl_benchmark/scaling/../scaling/results/2026-04-02_10h34_sem_gaussian/graphs/NOTEARS Disc.__v10_a15_g5_s1000.json,,1.4448525740008336,3.0,11.0,0.5555555555555556,1.0,1.0,1.0
sem_gaussian,LiNGAM,"{""threshold_lingam"": 0.1}",10,15,1000,5,/home/mathis/Documents/Travail/cbnsl_benchmark/scaling/../scaling/results/2026-04-02_10h34_sem_gaussian/graphs/golden__v10_a15_g5.json,/home/mathis/Documents/Travail/cbnsl_benchmark/scaling/../scaling/results/2026-04-02_10h34_sem_gaussian/graphs/LiNGAM__v10_a15_g5_s1000.json,,0.3124937590037007,10.0,12.0,0.34782608695652173,0.8125000000000001,1.0,1.0
sem_gaussian,CPC,"{""alpha"": 0.05, ""max_conditioning_set_size"": 3}",10,15,3000,5,/home/mathis/Documents/Travail/cbnsl_benchmark/scaling/../scaling/results/2026-04-02_10h34_sem_gaussian/graphs/golden__v10_a15_g5.json,/home/mathis/Documents/Travail/cbnsl_benchmark/scaling/../scaling/results/2026-04-02_10h34_sem_gaussian/graphs/CPC__v10_a15_g5_s3000.json,,12.411743089003721,3.0,13.0,0.631578947368421,1.0,1.0,1.0
sem_gaussian,CMIIC,"{""alpha"": 0.05}",10,15,3000,5,/home/mathis/Documents/Travail/cbnsl_benchmark/scaling/../scaling/results/2026-04-02_10h34_sem_gaussian/graphs/golden__v10_a15_g5.json,/home/mathis/Documents/Travail/cbnsl_benchmark/scaling/../scaling/results/2026-04-02_10h34_sem_gaussian/graphs/CMIIC__v10_a15_g5_s3000.json,,8.904884872987168,12.0,12.0,0.26666666666666666,0.9166666666666666,0.5,0.8461538461538461
sem_gaussian,MIIC,"{""n_bins"": 4, ""discretization_method"": ""quantile""}",10,15,3000,5,/home/mathis/Documents/Travail/cbnsl_benchmark/scaling/../scaling/results/2026-04-02_10h34_sem_gaussian/graphs/golden__v10_a15_g5.json,/home/mathis/Documents/Travail/cbnsl_benchmark/scaling/../scaling/results/2026-04-02_10h34_sem_gaussian/graphs/MIIC__v10_a15_g5_s3000.json,,0.17700979000073858,12.0,8.0,0.0,0.9166666666666666,0.0,0.8461538461538461
sem_gaussian,GHC+BDeu,"{""n_bins"": 4, ""discretization_method"": ""quantile""}",10,15,3000,5,/home/mathis/Documents/Travail/cbnsl_benchmark/scaling/../scaling/results/2026-04-02_10h34_sem_gaussian/graphs/golden__v10_a15_g5.json,/home/mathis/Documents/Travail/cbnsl_benchmark/scaling/../scaling/results/2026-04-02_10h34_sem_gaussian/graphs/GHC+BDeu__v10_a15_g5_s3000.json,,0.1334068690193817,6.0,3.0,0.26666666666666666,0.8695652173913044,0.4,0.7692307692307693
sem_gaussian,NOTEARS,"{""lambda1"": 0.0, ""w_threshold_notears"": 0.3}",10,15,3000,5,/home/mathis/Documents/Travail/cbnsl_benchmark/scaling/../scaling/results/2026-04-02_10h34_sem_gaussian/graphs/golden__v10_a15_g5.json,/home/mathis/Documents/Travail/cbnsl_benchmark/scaling/../scaling/results/2026-04-02_10h34_sem_gaussian/graphs/NOTEARS__v10_a15_g5_s3000.json,,2.1893028159975074,0.0,11.0,0.761904761904762,1.0,1.0,1.0
sem_gaussian,NOTEARS Disc.,"{""lambda1"": 0.1, ""w_threshold_notears"": 0.1, ""n_bins"": 4, ""discretization_method"": ""quantile""}",10,15,3000,5,/home/mathis/Documents/Travail/cbnsl_benchmark/scaling/../scaling/results/2026-04-02_10h34_sem_gaussian/graphs/golden__v10_a15_g5.json,/home/mathis/Documents/Travail/cbnsl_benchmark/scaling/../scaling/results/2026-04-02_10h34_sem_gaussian/graphs/NOTEARS Disc.__v10_a15_g5_s3000.json,,3.5665957079909276,2.0,11.0,0.631578947368421,1.0,1.0,1.0
sem_gaussian,LiNGAM,"{""threshold_lingam"": 0.1}",10,15,3000,5,/home/mathis/Documents/Travail/cbnsl_benchmark/scaling/../scaling/results/2026-04-02_10h34_sem_gaussian/graphs/golden__v10_a15_g5.json,/home/mathis/Documents/Travail/cbnsl_benchmark/scaling/../scaling/results/2026-04-02_10h34_sem_gaussian/graphs/LiNGAM__v10_a15_g5_s3000.json,,0.43790399699355476,13.0,17.0,0.3846153846153846,0.7647058823529412,1.0,1.0
sem_gaussian,CPC,"{""alpha"": 0.05, ""max_conditioning_set_size"": 3}",10,15,5000,5,/home/mathis/Documents/Travail/cbnsl_benchmark/scaling/../scaling/results/2026-04-02_10h34_sem_gaussian/graphs/golden__v10_a15_g5.json,/home/mathis/Documents/Travail/cbnsl_benchmark/scaling/../scaling/results/2026-04-02_10h34_sem_gaussian/graphs/CPC__v10_a15_g5_s5000.json,,33.639849702012725,8.0,2.0,0.6,0.962962962962963,1.0,1.0
sem_gaussian,CMIIC,"{""alpha"": 0.05}",10,15,5000,5,/home/mathis/Documents/Travail/cbnsl_benchmark/scaling/../scaling/results/2026-04-02_10h34_sem_gaussian/graphs/golden__v10_a15_g5.json,/home/mathis/Documents/Travail/cbnsl_benchmark/scaling/../scaling/results/2026-04-02_10h34_sem_gaussian/graphs/CMIIC__v10_a15_g5_s5000.json,,24.180588215007447,12.0,12.0,0.26666666666666666,0.9166666666666666,0.5,0.8461538461538461
sem_gaussian,MIIC,"{""n_bins"": 4, ""discretization_method"": ""quantile""}",10,15,5000,5,/home/mathis/Documents/Travail/cbnsl_benchmark/scaling/../scaling/results/2026-04-02_10h34_sem_gaussian/graphs/golden__v10_a15_g5.json,/home/mathis/Documents/Travail/cbnsl_benchmark/scaling/../scaling/results/2026-04-02_10h34_sem_gaussian/graphs/MIIC__v10_a15_g5_s5000.json,,0.3068642840080429,7.0,13.0,0.375,0.9600000000000001,0.75,0.9230769230769231
sem_gaussian,GHC+BDeu,"{""n_bins"": 4, ""discretization_method"": ""quantile""}",10,15,5000,5,/home/mathis/Documents/Travail/cbnsl_benchmark/scaling/../scaling/results/2026-04-02_10h34_sem_gaussian/graphs/golden__v10_a15_g5.json,/home/mathis/Documents/Travail/cbnsl_benchmark/scaling/../scaling/results/2026-04-02_10h34_sem_gaussian/graphs/GHC+BDeu__v10_a15_g5_s5000.json,,0.2183696139836684,3.0,1.0,0.5555555555555556,0.9600000000000001,0.8333333333333334,0.9230769230769231
sem_gaussian,NOTEARS,"{""lambda1"": 0.0, ""w_threshold_notears"": 0.3}",10,15,5000,5,/home/mathis/Documents/Travail/cbnsl_benchmark/scaling/../scaling/results/2026-04-02_10h34_sem_gaussian/graphs/golden__v10_a15_g5.json,/home/mathis/Documents/Travail/cbnsl_benchmark/scaling/../scaling/results/2026-04-02_10h34_sem_gaussian/graphs/NOTEARS__v10_a15_g5_s5000.json,,3.101942309003789,0.0,11.0,0.761904761904762,1.0,1.0,1.0
sem_gaussian,NOTEARS Disc.,"{""lambda1"": 0.1, ""w_threshold_notears"": 0.1, ""n_bins"": 4, ""discretization_method"": ""quantile""}",10,15,5000,5,/home/mathis/Documents/Travail/cbnsl_benchmark/scaling/../scaling/results/2026-04-02_10h34_sem_gaussian/graphs/golden__v10_a15_g5.json,/home/mathis/Documents/Travail/cbnsl_benchmark/scaling/../scaling/results/2026-04-02_10h34_sem_gaussian/graphs/NOTEARS Disc.__v10_a15_g5_s5000.json,,4.257565342995804,2.0,11.0,0.631578947368421,1.0,1.0,1.0
sem_gaussian,LiNGAM,"{""threshold_lingam"": 0.1}",10,15,5000,5,/home/mathis/Documents/Travail/cbnsl_benchmark/scaling/../scaling/results/2026-04-02_10h34_sem_gaussian/graphs/golden__v10_a15_g5.json,/home/mathis/Documents/Travail/cbnsl_benchmark/scaling/../scaling/results/2026-04-02_10h34_sem_gaussian/graphs/LiNGAM__v10_a15_g5_s5000.json,,0.5797505610098597,14.0,19.0,0.3846153846153846,0.7647058823529412,1.0,1.0
sem_gaussian,CPC,"{""alpha"": 0.05, ""max_conditioning_set_size"": 3}",10,15,200,6,/home/mathis/Documents/Travail/cbnsl_benchmark/scaling/../scaling/results/2026-04-02_10h34_sem_gaussian/graphs/golden__v10_a15_g6.json,/home/mathis/Documents/Travail/cbnsl_benchmark/scaling/../scaling/results/2026-04-02_10h34_sem_gaussian/graphs/CPC__v10_a15_g6_s200.json,,0.02367366899852641,15.0,13.0,0.0,0.33333333333333337,0.0,0.2
sem_gaussian,CMIIC,"{""alpha"": 0.05}",10,15,200,6,/home/mathis/Documents/Travail/cbnsl_benchmark/scaling/../scaling/results/2026-04-02_10h34_sem_gaussian/graphs/golden__v10_a15_g6.json,/home/mathis/Documents/Travail/cbnsl_benchmark/scaling/../scaling/results/2026-04-02_10h34_sem_gaussian/graphs/CMIIC__v10_a15_g6_s200.json,,0.09836673201061785,11.0,11.0,0.4210526315789474,0.888888888888889,0.5714285714285714,0.8
sem_gaussian,MIIC,"{""n_bins"": 4, ""discretization_method"": ""quantile""}",10,15,200,6,/home/mathis/Documents/Travail/cbnsl_benchmark/scaling/../scaling/results/2026-04-02_10h34_sem_gaussian/graphs/golden__v10_a15_g6.json,/home/mathis/Documents/Travail/cbnsl_benchmark/scaling/../scaling/results/2026-04-02_10h34_sem_gaussian/graphs/MIIC__v10_a15_g6_s200.json,,0.021257894986774772,13.0,11.0,0.0,0.7499999999999999,0.0,0.6
sem_gaussian,GHC+BDeu,"{""n_bins"": 4, ""discretization_method"": ""quantile""}",10,15,200,6,/home/mathis/Documents/Travail/cbnsl_benchmark/scaling/../scaling/results/2026-04-02_10h34_sem_gaussian/graphs/golden__v10_a15_g6.json,/home/mathis/Documents/Travail/cbnsl_benchmark/scaling/../scaling/results/2026-04-02_10h34_sem_gaussian/graphs/GHC+BDeu__v10_a15_g6_s200.json,,0.021787645004224032,12.0,15.0,0.0,0.5,0.0,0.3333333333333333
sem_gaussian,NOTEARS,"{""lambda1"": 0.0, ""w_threshold_notears"": 0.3}",10,15,200,6,/home/mathis/Documents/Travail/cbnsl_benchmark/scaling/../scaling/results/2026-04-02_10h34_sem_gaussian/graphs/golden__v10_a15_g6.json,/home/mathis/Documents/Travail/cbnsl_benchmark/scaling/../scaling/results/2026-04-02_10h34_sem_gaussian/graphs/NOTEARS__v10_a15_g6_s200.json,,0.9390981489850674,3.0,12.0,0.6363636363636364,0.9655172413793104,0.875,0.9333333333333333
sem_gaussian,NOTEARS Disc.,"{""lambda1"": 0.1, ""w_threshold_notears"": 0.1, ""n_bins"": 4, ""discretization_method"": ""quantile""}",10,15,200,6,/home/mathis/Documents/Travail/cbnsl_benchmark/scaling/../scaling/results/2026-04-02_10h34_sem_gaussian/graphs/golden__v10_a15_g6.json,/home/mathis/Documents/Travail/cbnsl_benchmark/scaling/../scaling/results/2026-04-02_10h34_sem_gaussian/graphs/NOTEARS Disc.__v10_a15_g6_s200.json,,1.0324449420149904,9.0,12.0,0.5454545454545455,0.9333333333333333,0.8571428571428571,0.9333333333333333
sem_gaussian,LiNGAM,"{""threshold_lingam"": 0.1}",10,15,200,6,/home/mathis/Documents/Travail/cbnsl_benchmark/scaling/../scaling/results/2026-04-02_10h34_sem_gaussian/graphs/golden__v10_a15_g6.json,/home/mathis/Documents/Travail/cbnsl_benchmark/scaling/../scaling/results/2026-04-02_10h34_sem_gaussian/graphs/LiNGAM__v10_a15_g6_s200.json,,0.22319879601127468,29.0,22.0,0.125,0.6363636363636364,0.6666666666666666,0.9333333333333333
sem_gaussian,CPC,"{""alpha"": 0.05, ""max_conditioning_set_size"": 3}",10,15,500,6,/home/mathis/Documents/Travail/cbnsl_benchmark/scaling/../scaling/results/2026-04-02_10h34_sem_gaussian/graphs/golden__v10_a15_g6.json,/home/mathis/Documents/Travail/cbnsl_benchmark/scaling/../scaling/results/2026-04-02_10h34_sem_gaussian/graphs/CPC__v10_a15_g6_s500.json,,0.12862630700692534,15.0,13.0,0.0,0.5,0.0,0.3333333333333333
sem_gaussian,CMIIC,"{""alpha"": 0.05}",10,15,500,6,/home/mathis/Documents/Travail/cbnsl_benchmark/scaling/../scaling/results/2026-04-02_10h34_sem_gaussian/graphs/golden__v10_a15_g6.json,/home/mathis/Documents/Travail/cbnsl_benchmark/scaling/../scaling/results/2026-04-02_10h34_sem_gaussian/graphs/CMIIC__v10_a15_g6_s500.json,,0.3241937440179754,11.0,11.0,0.4210526315789474,0.888888888888889,0.5714285714285714,0.8
sem_gaussian,MIIC,"{""n_bins"": 4, ""discretization_method"": ""quantile""}",10,15,500,6,/home/mathis/Documents/Travail/cbnsl_benchmark/scaling/../scaling/results/2026-04-02_10h34_sem_gaussian/graphs/golden__v10_a15_g6.json,/home/mathis/Documents/Travail/cbnsl_benchmark/scaling/../scaling/results/2026-04-02_10h34_sem_gaussian/graphs/MIIC__v10_a15_g6_s500.json,,0.03192177400342189,8.0,11.0,0.0,0.8,0.0,0.6666666666666666
sem_gaussian,GHC+BDeu,"{""n_bins"": 4, ""discretization_method"": ""quantile""}",10,15,500,6,/home/mathis/Documents/Travail/cbnsl_benchmark/scaling/../scaling/results/2026-04-02_10h34_sem_gaussian/graphs/golden__v10_a15_g6.json,/home/mathis/Documents/Travail/cbnsl_benchmark/scaling/../scaling/results/2026-04-02_10h34_sem_gaussian/graphs/GHC+BDeu__v10_a15_g6_s500.json,,0.03155583201441914,11.0,12.0,0.0,0.7499999999999999,0.0,0.6
sem_gaussian,NOTEARS,"{""lambda1"": 0.0, ""w_threshold_notears"": 0.3}",10,15,500,6,/home/mathis/Documents/Travail/cbnsl_benchmark/scaling/../scaling/results/2026-04-02_10h34_sem_gaussian/graphs/golden__v10_a15_g6.json,/home/mathis/Documents/Travail/cbnsl_benchmark/scaling/../scaling/results/2026-04-02_10h34_sem_gaussian/graphs/NOTEARS__v10_a15_g6_s500.json,,1.1654155509895645,5.0,12.0,0.6363636363636364,0.9655172413793104,0.875,0.9333333333333333
sem_gaussian,NOTEARS Disc.,"{""lambda1"": 0.1, ""w_threshold_notears"": 0.1, ""n_bins"": 4, ""discretization_method"": ""quantile""}",10,15,500,6,/home/mathis/Documents/Travail/cbnsl_benchmark/scaling/../scaling/results/2026-04-02_10h34_sem_gaussian/graphs/golden__v10_a15_g6.json,/home/mathis/Documents/Travail/cbnsl_benchmark/scaling/../scaling/results/2026-04-02_10h34_sem_gaussian/graphs/NOTEARS Disc.__v10_a15_g6_s500.json,,1.1733513080107514,6.0,12.0,0.6956521739130436,1.0,1.0,1.0
sem_gaussian,LiNGAM,"{""threshold_lingam"": 0.1}",10,15,500,6,/home/mathis/Documents/Travail/cbnsl_benchmark/scaling/../scaling/results/2026-04-02_10h34_sem_gaussian/graphs/golden__v10_a15_g6.json,/home/mathis/Documents/Travail/cbnsl_benchmark/scaling/../scaling/results/2026-04-02_10h34_sem_gaussian/graphs/LiNGAM__v10_a15_g6_s500.json,,0.2711774159979541,29.0,29.0,0.1875,0.6511627906976745,0.75,0.9333333333333333
sem_gaussian,CPC,"{""alpha"": 0.05, ""max_conditioning_set_size"": 3}",10,15,1000,6,/home/mathis/Documents/Travail/cbnsl_benchmark/scaling/../scaling/results/2026-04-02_10h34_sem_gaussian/graphs/golden__v10_a15_g6.json,/home/mathis/Documents/Travail/cbnsl_benchmark/scaling/../scaling/results/2026-04-02_10h34_sem_gaussian/graphs/CPC__v10_a15_g6_s1000.json,,0.7464059780177195,14.0,12.0,0.0,0.8,0.0,0.6666666666666666
sem_gaussian,CMIIC,"{""alpha"": 0.05}",10,15,1000,6,/home/mathis/Documents/Travail/cbnsl_benchmark/scaling/../scaling/results/2026-04-02_10h34_sem_gaussian/graphs/golden__v10_a15_g6.json,/home/mathis/Documents/Travail/cbnsl_benchmark/scaling/../scaling/results/2026-04-02_10h34_sem_gaussian/graphs/CMIIC__v10_a15_g6_s1000.json,,1.1789322910190094,11.0,11.0,0.4210526315789474,0.888888888888889,0.5714285714285714,0.8
sem_gaussian,MIIC,"{""n_bins"": 4, ""discretization_method"": ""quantile""}",10,15,1000,6,/home/mathis/Documents/Travail/cbnsl_benchmark/scaling/../scaling/results/2026-04-02_10h34_sem_gaussian/graphs/golden__v10_a15_g6.json,/home/mathis/Documents/Travail/cbnsl_benchmark/scaling/../scaling/results/2026-04-02_10h34_sem_gaussian/graphs/MIIC__v10_a15_g6_s1000.json,,0.05043298497912474,6.0,12.0,0.0,0.846153846153846,0.0,0.7333333333333333
sem_gaussian,GHC+BDeu,"{""n_bins"": 4, ""discretization_method"": ""quantile""}",10,15,1000,6,/home/mathis/Documents/Travail/cbnsl_benchmark/scaling/../scaling/results/2026-04-02_10h34_sem_gaussian/graphs/golden__v10_a15_g6.json,/home/mathis/Documents/Travail/cbnsl_benchmark/scaling/../scaling/results/2026-04-02_10h34_sem_gaussian/graphs/GHC+BDeu__v10_a15_g6_s1000.json,,0.051128193008480594,11.0,12.0,0.0,0.7499999999999999,0.0,0.6
sem_gaussian,NOTEARS,"{""lambda1"": 0.0, ""w_threshold_notears"": 0.3}",10,15,1000,6,/home/mathis/Documents/Travail/cbnsl_benchmark/scaling/../scaling/results/2026-04-02_10h34_sem_gaussian/graphs/golden__v10_a15_g6.json,/home/mathis/Documents/Travail/cbnsl_benchmark/scaling/../scaling/results/2026-04-02_10h34_sem_gaussian/graphs/NOTEARS__v10_a15_g6_s1000.json,,1.613406318007037,5.0,12.0,0.6363636363636364,0.9655172413793104,0.875,0.9333333333333333
sem_gaussian,NOTEARS Disc.,"{""lambda1"": 0.1, ""w_threshold_notears"": 0.1, ""n_bins"": 4, ""discretization_method"": ""quantile""}",10,15,1000,6,/home/mathis/Documents/Travail/cbnsl_benchmark/scaling/../scaling/results/2026-04-02_10h34_sem_gaussian/graphs/golden__v10_a15_g6.json,/home/mathis/Documents/Travail/cbnsl_benchmark/scaling/../scaling/results/2026-04-02_10h34_sem_gaussian/graphs/NOTEARS Disc.__v10_a15_g6_s1000.json,,1.9368853480264079,12.0,8.0,0.5454545454545455,0.9333333333333333,0.8571428571428571,0.9333333333333333
sem_gaussian,LiNGAM,"{""threshold_lingam"": 0.1}",10,15,1000,6,/home/mathis/Documents/Travail/cbnsl_benchmark/scaling/../scaling/results/2026-04-02_10h34_sem_gaussian/graphs/golden__v10_a15_g6.json,/home/mathis/Documents/Travail/cbnsl_benchmark/scaling/../scaling/results/2026-04-02_10h34_sem_gaussian/graphs/LiNGAM__v10_a15_g6_s1000.json,,0.30344754000543617,19.0,14.0,0.3571428571428571,0.7894736842105263,1.0,1.0
sem_gaussian,CPC,"{""alpha"": 0.05, ""max_conditioning_set_size"": 3}",10,15,3000,6,/home/mathis/Documents/Travail/cbnsl_benchmark/scaling/../scaling/results/2026-04-02_10h34_sem_gaussian/graphs/golden__v10_a15_g6.json,/home/mathis/Documents/Travail/cbnsl_benchmark/scaling/../scaling/results/2026-04-02_10h34_sem_gaussian/graphs/CPC__v10_a15_g6_s3000.json,,8.51892649900401,8.0,12.0,0.5,0.888888888888889,0.625,0.8
sem_gaussian,CMIIC,"{""alpha"": 0.05}",10,15,3000,6,/home/mathis/Documents/Travail/cbnsl_benchmark/scaling/../scaling/results/2026-04-02_10h34_sem_gaussian/graphs/golden__v10_a15_g6.json,/home/mathis/Documents/Travail/cbnsl_benchmark/scaling/../scaling/results/2026-04-02_10h34_sem_gaussian/graphs/CMIIC__v10_a15_g6_s3000.json,,9.768144255998777,13.0,13.0,0.5,0.846153846153846,0.5555555555555556,0.7333333333333333
sem_gaussian,MIIC,"{""n_bins"": 4, ""discretization_method"": ""quantile""}",10,15,3000,6,/home/mathis/Documents/Travail/cbnsl_benchmark/scaling/../scaling/results/2026-04-02_10h34_sem_gaussian/graphs/golden__v10_a15_g6.json,/home/mathis/Documents/Travail/cbnsl_benchmark/scaling/../scaling/results/2026-04-02_10h34_sem_gaussian/graphs/MIIC__v10_a15_g6_s3000.json,,0.19051779599976726,13.0,15.0,0.5454545454545454,0.8148148148148148,0.6,0.7333333333333333
sem_gaussian,GHC+BDeu,"{""n_bins"": 4, ""discretization_method"": ""quantile""}",10,15,3000,6,/home/mathis/Documents/Travail/cbnsl_benchmark/scaling/../scaling/results/2026-04-02_10h34_sem_gaussian/graphs/golden__v10_a15_g6.json,/home/mathis/Documents/Travail/cbnsl_benchmark/scaling/../scaling/results/2026-04-02_10h34_sem_gaussian/graphs/GHC+BDeu__v10_a15_g6_s3000.json,,0.14178062899736688,10.0,11.0,0.3157894736842105,0.8148148148148148,0.42857142857142855,0.7333333333333333
sem_gaussian,NOTEARS,"{""lambda1"": 0.0, ""w_threshold_notears"": 0.3}",10,15,3000,6,/home/mathis/Documents/Travail/cbnsl_benchmark/scaling/../scaling/results/2026-04-02_10h34_sem_gaussian/graphs/golden__v10_a15_g6.json,/home/mathis/Documents/Travail/cbnsl_benchmark/scaling/../scaling/results/2026-04-02_10h34_sem_gaussian/graphs/NOTEARS__v10_a15_g6_s3000.json,,2.6214491560240276,4.0,12.0,0.6956521739130436,1.0,1.0,1.0
sem_gaussian,NOTEARS Disc.,"{""lambda1"": 0.1, ""w_threshold_notears"": 0.1, ""n_bins"": 4, ""discretization_method"": ""quantile""}",10,15,3000,6,/home/mathis/Documents/Travail/cbnsl_benchmark/scaling/../scaling/results/2026-04-02_10h34_sem_gaussian/graphs/golden__v10_a15_g6.json,/home/mathis/Documents/Travail/cbnsl_benchmark/scaling/../scaling/results/2026-04-02_10h34_sem_gaussian/graphs/NOTEARS Disc.__v10_a15_g6_s3000.json,,4.018220063997433,10.0,10.0,0.6086956521739131,0.967741935483871,1.0,1.0
sem_gaussian,LiNGAM,"{""threshold_lingam"": 0.1}",10,15,3000,6,/home/mathis/Documents/Travail/cbnsl_benchmark/scaling/../scaling/results/2026-04-02_10h34_sem_gaussian/graphs/golden__v10_a15_g6.json,/home/mathis/Documents/Travail/cbnsl_benchmark/scaling/../scaling/results/2026-04-02_10h34_sem_gaussian/graphs/LiNGAM__v10_a15_g6_s3000.json,,0.4042028470139485,23.0,23.0,0.25806451612903225,0.6829268292682926,0.8,0.9333333333333333
sem_gaussian,CPC,"{""alpha"": 0.05, ""max_conditioning_set_size"": 3}",10,15,5000,6,/home/mathis/Documents/Travail/cbnsl_benchmark/scaling/../scaling/results/2026-04-02_10h34_sem_gaussian/graphs/golden__v10_a15_g6.json,/home/mathis/Documents/Travail/cbnsl_benchmark/scaling/../scaling/results/2026-04-02_10h34_sem_gaussian/graphs/CPC__v10_a15_g6_s5000.json,,23.379556990985293,11.0,13.0,0.3333333333333333,0.888888888888889,0.5,0.8
sem_gaussian,CMIIC,"{""alpha"": 0.05}",10,15,5000,6,/home/mathis/Documents/Travail/cbnsl_benchmark/scaling/../scaling/results/2026-04-02_10h34_sem_gaussian/graphs/golden__v10_a15_g6.json,/home/mathis/Documents/Travail/cbnsl_benchmark/scaling/../scaling/results/2026-04-02_10h34_sem_gaussian/graphs/CMIIC__v10_a15_g6_s5000.json,,26.359968301985646,8.0,14.0,0.23529411764705885,0.846153846153846,0.3333333333333333,0.7333333333333333
sem_gaussian,MIIC,"{""n_bins"": 4, ""discretization_method"": ""quantile""}",10,15,5000,6,/home/mathis/Documents/Travail/cbnsl_benchmark/scaling/../scaling/results/2026-04-02_10h34_sem_gaussian/graphs/golden__v10_a15_g6.json,/home/mathis/Documents/Travail/cbnsl_benchmark/scaling/../scaling/results/2026-04-02_10h34_sem_gaussian/graphs/MIIC__v10_a15_g6_s5000.json,,0.29484108500764705,13.0,15.0,0.5454545454545454,0.8148148148148148,0.6,0.7333333333333333
sem_gaussian,GHC+BDeu,"{""n_bins"": 4, ""discretization_method"": ""quantile""}",10,15,5000,6,/home/mathis/Documents/Travail/cbnsl_benchmark/scaling/../scaling/results/2026-04-02_10h34_sem_gaussian/graphs/golden__v10_a15_g6.json,/home/mathis/Documents/Travail/cbnsl_benchmark/scaling/../scaling/results/2026-04-02_10h34_sem_gaussian/graphs/GHC+BDeu__v10_a15_g6_s5000.json,,0.22149586799787357,11.0,10.0,0.4,0.896551724137931,0.6666666666666666,0.8666666666666667
sem_gaussian,NOTEARS,"{""lambda1"": 0.0, ""w_threshold_notears"": 0.3}",10,15,5000,6,/home/mathis/Documents/Travail/cbnsl_benchmark/scaling/../scaling/results/2026-04-02_10h34_sem_gaussian/graphs/golden__v10_a15_g6.json,/home/mathis/Documents/Travail/cbnsl_benchmark/scaling/../scaling/results/2026-04-02_10h34_sem_gaussian/graphs/NOTEARS__v10_a15_g6_s5000.json,,4.08122328601894,4.0,12.0,0.6956521739130436,1.0,1.0,1.0
sem_gaussian,NOTEARS Disc.,"{""lambda1"": 0.1, ""w_threshold_notears"": 0.1, ""n_bins"": 4, ""discretization_method"": ""quantile""}",10,15,5000,6,/home/mathis/Documents/Travail/cbnsl_benchmark/scaling/../scaling/results/2026-04-02_10h34_sem_gaussian/graphs/golden__v10_a15_g6.json,/home/mathis/Documents/Travail/cbnsl_benchmark/scaling/../scaling/results/2026-04-02_10h34_sem_gaussian/graphs/NOTEARS Disc.__v10_a15_g6_s5000.json,,6.316152708983282,11.0,5.0,0.5833333333333334,0.9375,1.0,1.0
sem_gaussian,LiNGAM,"{""threshold_lingam"": 0.1}",10,15,5000,6,/home/mathis/Documents/Travail/cbnsl_benchmark/scaling/../scaling/results/2026-04-02_10h34_sem_gaussian/graphs/golden__v10_a15_g6.json,/home/mathis/Documents/Travail/cbnsl_benchmark/scaling/../scaling/results/2026-04-02_10h34_sem_gaussian/graphs/LiNGAM__v10_a15_g6_s5000.json,,0.5384297760028858,18.0,20.0,0.48484848484848486,0.7499999999999999,1.0,1.0
sem_gaussian,CPC,"{""alpha"": 0.05, ""max_conditioning_set_size"": 3}",10,15,200,7,/home/mathis/Documents/Travail/cbnsl_benchmark/scaling/../scaling/results/2026-04-02_10h34_sem_gaussian/graphs/golden__v10_a15_g7.json,/home/mathis/Documents/Travail/cbnsl_benchmark/scaling/../scaling/results/2026-04-02_10h34_sem_gaussian/graphs/CPC__v10_a15_g7_s200.json,,0.01651320600649342,14.0,11.0,0.23529411764705882,0.6363636363636364,0.2,0.4666666666666667
sem_gaussian,CMIIC,"{""alpha"": 0.05}",10,15,200,7,/home/mathis/Documents/Travail/cbnsl_benchmark/scaling/../scaling/results/2026-04-02_10h34_sem_gaussian/graphs/golden__v10_a15_g7.json,/home/mathis/Documents/Travail/cbnsl_benchmark/scaling/../scaling/results/2026-04-02_10h34_sem_gaussian/graphs/CMIIC__v10_a15_g7_s200.json,,0.07726053197984584,14.0,12.0,0.23529411764705882,0.888888888888889,0.4,0.8
sem_gaussian,MIIC,"{""n_bins"": 4, ""discretization_method"": ""quantile""}",10,15,200,7,/home/mathis/Documents/Travail/cbnsl_benchmark/scaling/../scaling/results/2026-04-02_10h34_sem_gaussian/graphs/golden__v10_a15_g7.json,/home/mathis/Documents/Travail/cbnsl_benchmark/scaling/../scaling/results/2026-04-02_10h34_sem_gaussian/graphs/MIIC__v10_a15_g7_s200.json,,0.02627147498424165,14.0,11.0,0.0,0.6363636363636364,0.0,0.4666666666666667
sem_gaussian,GHC+BDeu,"{""n_bins"": 4, ""discretization_method"": ""quantile""}",10,15,200,7,/home/mathis/Documents/Travail/cbnsl_benchmark/scaling/../scaling/results/2026-04-02_10h34_sem_gaussian/graphs/golden__v10_a15_g7.json,/home/mathis/Documents/Travail/cbnsl_benchmark/scaling/../scaling/results/2026-04-02_10h34_sem_gaussian/graphs/GHC+BDeu__v10_a15_g7_s200.json,,0.020414647995494306,15.0,15.0,0.0,0.125,0.0,0.06666666666666667
sem_gaussian,NOTEARS,"{""lambda1"": 0.0, ""w_threshold_notears"": 0.3}",10,15,200,7,/home/mathis/Documents/Travail/cbnsl_benchmark/scaling/../scaling/results/2026-04-02_10h34_sem_gaussian/graphs/golden__v10_a15_g7.json,/home/mathis/Documents/Travail/cbnsl_benchmark/scaling/../scaling/results/2026-04-02_10h34_sem_gaussian/graphs/NOTEARS__v10_a15_g7_s200.json,,0.720643648004625,0.0,0.0,0.9655172413793104,1.0,1.0,1.0
sem_gaussian,NOTEARS Disc.,"{""lambda1"": 0.1, ""w_threshold_notears"": 0.1, ""n_bins"": 4, ""discretization_method"": ""quantile""}",10,15,200,7,/home/mathis/Documents/Travail/cbnsl_benchmark/scaling/../scaling/results/2026-04-02_10h34_sem_gaussian/graphs/golden__v10_a15_g7.json,/home/mathis/Documents/Travail/cbnsl_benchmark/scaling/../scaling/results/2026-04-02_10h34_sem_gaussian/graphs/NOTEARS Disc.__v10_a15_g7_s200.json,,0.6832507649960462,10.0,14.0,0.5217391304347825,0.9032258064516129,0.8571428571428571,0.9333333333333333
sem_gaussian,LiNGAM,"{""threshold_lingam"": 0.1}",10,15,200,7,/home/mathis/Documents/Travail/cbnsl_benchmark/scaling/../scaling/results/2026-04-02_10h34_sem_gaussian/graphs/golden__v10_a15_g7.json,/home/mathis/Documents/Travail/cbnsl_benchmark/scaling/../scaling/results/2026-04-02_10h34_sem_gaussian/graphs/LiNGAM__v10_a15_g7_s200.json,,0.23156957101309672,14.0,13.0,0.5185185185185185,0.8571428571428571,1.0,1.0
sem_gaussian,CPC,"{""alpha"": 0.05, ""max_conditioning_set_size"": 3}",10,15,500,7,/home/mathis/Documents/Travail/cbnsl_benchmark/scaling/../scaling/results/2026-04-02_10h34_sem_gaussian/graphs/golden__v10_a15_g7.json,/home/mathis/Documents/Travail/cbnsl_benchmark/scaling/../scaling/results/2026-04-02_10h34_sem_gaussian/graphs/CPC__v10_a15_g7_s500.json,,0.09017662197584286,12.0,11.0,0.4210526315789474,0.7499999999999999,0.4,0.6
sem_gaussian,CMIIC,"{""alpha"": 0.05}",10,15,500,7,/home/mathis/Documents/Travail/cbnsl_benchmark/scaling/../scaling/results/2026-04-02_10h34_sem_gaussian/graphs/golden__v10_a15_g7.json,/home/mathis/Documents/Travail/cbnsl_benchmark/scaling/../scaling/results/2026-04-02_10h34_sem_gaussian/graphs/CMIIC__v10_a15_g7_s500.json,,0.26911565198679455,13.0,3.0,0.3333333333333333,0.888888888888889,0.5,0.8
sem_gaussian,MIIC,"{""n_bins"": 4, ""discretization_method"": ""quantile""}",10,15,500,7,/home/mathis/Documents/Travail/cbnsl_benchmark/scaling/../scaling/results/2026-04-02_10h34_sem_gaussian/graphs/golden__v10_a15_g7.json,/home/mathis/Documents/Travail/cbnsl_benchmark/scaling/../scaling/results/2026-04-02_10h34_sem_gaussian/graphs/MIIC__v10_a15_g7_s500.json,,0.031009571015601978,14.0,6.0,0.0,0.846153846153846,0.0,0.7333333333333333
sem_gaussian,GHC+BDeu,"{""n_bins"": 4, ""discretization_method"": ""quantile""}",10,15,500,7,/home/mathis/Documents/Travail/cbnsl_benchmark/scaling/../scaling/results/2026-04-02_10h34_sem_gaussian/graphs/golden__v10_a15_g7.json,/home/mathis/Documents/Travail/cbnsl_benchmark/scaling/../scaling/results/2026-04-02_10h34_sem_gaussian/graphs/GHC+BDeu__v10_a15_g7_s500.json,,0.029801177006447688,14.0,11.0,0.0,0.6363636363636364,0.0,0.4666666666666667
sem_gaussian,NOTEARS,"{""lambda1"": 0.0, ""w_threshold_notears"": 0.3}",10,15,500,7,/home/mathis/Documents/Travail/cbnsl_benchmark/scaling/../scaling/results/2026-04-02_10h34_sem_gaussian/graphs/golden__v10_a15_g7.json,/home/mathis/Documents/Travail/cbnsl_benchmark/scaling/../scaling/results/2026-04-02_10h34_sem_gaussian/graphs/NOTEARS__v10_a15_g7_s500.json,,0.9701567459851503,1.0,14.0,0.9285714285714286,0.9655172413793104,0.9285714285714286,0.9333333333333333
sem_gaussian,NOTEARS Disc.,"{""lambda1"": 0.1, ""w_threshold_notears"": 0.1, ""n_bins"": 4, ""discretization_method"": ""quantile""}",10,15,500,7,/home/mathis/Documents/Travail/cbnsl_benchmark/scaling/../scaling/results/2026-04-02_10h34_sem_gaussian/graphs/golden__v10_a15_g7.json,/home/mathis/Documents/Travail/cbnsl_benchmark/scaling/../scaling/results/2026-04-02_10h34_sem_gaussian/graphs/NOTEARS Disc.__v10_a15_g7_s500.json,,0.7505632579850499,9.0,15.0,0.5454545454545455,0.9333333333333333,0.8571428571428571,0.9333333333333333
sem_gaussian,LiNGAM,"{""threshold_lingam"": 0.1}",10,15,500,7,/home/mathis/Documents/Travail/cbnsl_benchmark/scaling/../scaling/results/2026-04-02_10h34_sem_gaussian/graphs/golden__v10_a15_g7.json,/home/mathis/Documents/Travail/cbnsl_benchmark/scaling/../scaling/results/2026-04-02_10h34_sem_gaussian/graphs/LiNGAM__v10_a15_g7_s500.json,,0.2434614959929604,22.0,17.0,0.2758620689655173,0.7499999999999999,1.0,1.0
sem_gaussian,CPC,"{""alpha"": 0.05, ""max_conditioning_set_size"": 3}",10,15,1000,7,/home/mathis/Documents/Travail/cbnsl_benchmark/scaling/../scaling/results/2026-04-02_10h34_sem_gaussian/graphs/golden__v10_a15_g7.json,/home/mathis/Documents/Travail/cbnsl_benchmark/scaling/../scaling/results/2026-04-02_10h34_sem_gaussian/graphs/CPC__v10_a15_g7_s1000.json,,0.7022520280152094,9.0,10.0,0.5714285714285713,0.846153846153846,0.6,0.7333333333333333
sem_gaussian,CMIIC,"{""alpha"": 0.05}",10,15,1000,7,/home/mathis/Documents/Travail/cbnsl_benchmark/scaling/../scaling/results/2026-04-02_10h34_sem_gaussian/graphs/golden__v10_a15_g7.json,/home/mathis/Documents/Travail/cbnsl_benchmark/scaling/../scaling/results/2026-04-02_10h34_sem_gaussian/graphs/CMIIC__v10_a15_g7_s1000.json,,0.9825480550061911,9.0,7.0,0.5714285714285715,0.888888888888889,0.6666666666666666,0.8
sem_gaussian,MIIC,"{""n_bins"": 4, ""discretization_method"": ""quantile""}",10,15,1000,7,/home/mathis/Documents/Travail/cbnsl_benchmark/scaling/../scaling/results/2026-04-02_10h34_sem_gaussian/graphs/golden__v10_a15_g7.json,/home/mathis/Documents/Travail/cbnsl_benchmark/scaling/../scaling/results/2026-04-02_10h34_sem_gaussian/graphs/MIIC__v10_a15_g7_s1000.json,,0.06929017801303416,14.0,5.0,0.0,0.888888888888889,0.0,0.8
sem_gaussian,GHC+BDeu,"{""n_bins"": 4, ""discretization_method"": ""quantile""}",10,15,1000,7,/home/mathis/Documents/Travail/cbnsl_benchmark/scaling/../scaling/results/2026-04-02_10h34_sem_gaussian/graphs/golden__v10_a15_g7.json,/home/mathis/Documents/Travail/cbnsl_benchmark/scaling/../scaling/results/2026-04-02_10h34_sem_gaussian/graphs/GHC+BDeu__v10_a15_g7_s1000.json,,0.047792238008696586,15.0,8.0,0.0,0.7200000000000001,0.0,0.6
sem_gaussian,NOTEARS,"{""lambda1"": 0.0, ""w_threshold_notears"": 0.3}",10,15,1000,7,/home/mathis/Documents/Travail/cbnsl_benchmark/scaling/../scaling/results/2026-04-02_10h34_sem_gaussian/graphs/golden__v10_a15_g7.json,/home/mathis/Documents/Travail/cbnsl_benchmark/scaling/../scaling/results/2026-04-02_10h34_sem_gaussian/graphs/NOTEARS__v10_a15_g7_s1000.json,,1.4202089879836421,0.0,0.0,0.9655172413793104,1.0,1.0,1.0
sem_gaussian,NOTEARS Disc.,"{""lambda1"": 0.1, ""w_threshold_notears"": 0.1, ""n_bins"": 4, ""discretization_method"": ""quantile""}",10,15,1000,7,/home/mathis/Documents/Travail/cbnsl_benchmark/scaling/../scaling/results/2026-04-02_10h34_sem_gaussian/graphs/golden__v10_a15_g7.json,/home/mathis/Documents/Travail/cbnsl_benchmark/scaling/../scaling/results/2026-04-02_10h34_sem_gaussian/graphs/NOTEARS Disc.__v10_a15_g7_s1000.json,,1.021133253001608,8.0,11.0,0.6086956521739131,0.896551724137931,0.7777777777777778,0.8666666666666667
sem_gaussian,LiNGAM,"{""threshold_lingam"": 0.1}",10,15,1000,7,/home/mathis/Documents/Travail/cbnsl_benchmark/scaling/../scaling/results/2026-04-02_10h34_sem_gaussian/graphs/golden__v10_a15_g7.json,/home/mathis/Documents/Travail/cbnsl_benchmark/scaling/../scaling/results/2026-04-02_10h34_sem_gaussian/graphs/LiNGAM__v10_a15_g7_s1000.json,,0.2795535660116002,25.0,26.0,0.28571428571428575,0.6363636363636364,0.8333333333333334,0.9333333333333333
sem_gaussian,CPC,"{""alpha"": 0.05, ""max_conditioning_set_size"": 3}",10,15,3000,7,/home/mathis/Documents/Travail/cbnsl_benchmark/scaling/../scaling/results/2026-04-02_10h34_sem_gaussian/graphs/golden__v10_a15_g7.json,/home/mathis/Documents/Travail/cbnsl_benchmark/scaling/../scaling/results/2026-04-02_10h34_sem_gaussian/graphs/CPC__v10_a15_g7_s3000.json,,7.778605559025891,10.0,6.0,0.4761904761904762,0.8571428571428571,0.625,0.8
sem_gaussian,CMIIC,"{""alpha"": 0.05}",10,15,3000,7,/home/mathis/Documents/Travail/cbnsl_benchmark/scaling/../scaling/results/2026-04-02_10h34_sem_gaussian/graphs/golden__v10_a15_g7.json,/home/mathis/Documents/Travail/cbnsl_benchmark/scaling/../scaling/results/2026-04-02_10h34_sem_gaussian/graphs/CMIIC__v10_a15_g7_s3000.json,,8.087136339978315,13.0,3.0,0.23529411764705882,0.888888888888889,0.4,0.8
sem_gaussian,MIIC,"{""n_bins"": 4, ""discretization_method"": ""quantile""}",10,15,3000,7,/home/mathis/Documents/Travail/cbnsl_benchmark/scaling/../scaling/results/2026-04-02_10h34_sem_gaussian/graphs/golden__v10_a15_g7.json,/home/mathis/Documents/Travail/cbnsl_benchmark/scaling/../scaling/results/2026-04-02_10h34_sem_gaussian/graphs/MIIC__v10_a15_g7_s3000.json,,0.1627117790048942,11.0,5.0,0.6956521739130435,0.888888888888889,0.7272727272727273,0.8
sem_gaussian,GHC+BDeu,"{""n_bins"": 4, ""discretization_method"": ""quantile""}",10,15,3000,7,/home/mathis/Documents/Travail/cbnsl_benchmark/scaling/../scaling/results/2026-04-02_10h34_sem_gaussian/graphs/golden__v10_a15_g7.json,/home/mathis/Documents/Travail/cbnsl_benchmark/scaling/../scaling/results/2026-04-02_10h34_sem_gaussian/graphs/GHC+BDeu__v10_a15_g7_s3000.json,,0.13715331102139316,13.0,12.0,0.2222222222222222,0.8148148148148148,0.3333333333333333,0.7333333333333333
sem_gaussian,NOTEARS,"{""lambda1"": 0.0, ""w_threshold_notears"": 0.3}",10,15,3000,7,/home/mathis/Documents/Travail/cbnsl_benchmark/scaling/../scaling/results/2026-04-02_10h34_sem_gaussian/graphs/golden__v10_a15_g7.json,/home/mathis/Documents/Travail/cbnsl_benchmark/scaling/../scaling/results/2026-04-02_10h34_sem_gaussian/graphs/NOTEARS__v10_a15_g7_s3000.json,,2.9453377830213867,0.0,0.0,0.9655172413793104,1.0,1.0,1.0
sem_gaussian,NOTEARS Disc.,"{""lambda1"": 0.1, ""w_threshold_notears"": 0.1, ""n_bins"": 4, ""discretization_method"": ""quantile""}",10,15,3000,7,/home/mathis/Documents/Travail/cbnsl_benchmark/scaling/../scaling/results/2026-04-02_10h34_sem_gaussian/graphs/golden__v10_a15_g7.json,/home/mathis/Documents/Travail/cbnsl_benchmark/scaling/../scaling/results/2026-04-02_10h34_sem_gaussian/graphs/NOTEARS Disc.__v10_a15_g7_s3000.json,,2.178368698019767,8.0,5.0,0.6363636363636364,0.9285714285714286,0.7777777777777778,0.8666666666666667
sem_gaussian,LiNGAM,"{""threshold_lingam"": 0.1}",10,15,3000,7,/home/mathis/Documents/Travail/cbnsl_benchmark/scaling/../scaling/results/2026-04-02_10h34_sem_gaussian/graphs/golden__v10_a15_g7.json,/home/mathis/Documents/Travail/cbnsl_benchmark/scaling/../scaling/results/2026-04-02_10h34_sem_gaussian/graphs/LiNGAM__v10_a15_g7_s3000.json,[pyAgrum] Partially directed cycle detected: Add a partial directed cycle in a PDAG : between 6 and 1,,,,,,,
sem_gaussian,CPC,"{""alpha"": 0.05, ""max_conditioning_set_size"": 3}",10,15,5000,7,/home/mathis/Documents/Travail/cbnsl_benchmark/scaling/../scaling/results/2026-04-02_10h34_sem_gaussian/graphs/golden__v10_a15_g7.json,/home/mathis/Documents/Travail/cbnsl_benchmark/scaling/../scaling/results/2026-04-02_10h34_sem_gaussian/graphs/CPC__v10_a15_g7_s5000.json,,23.42663353998796,9.0,6.0,0.5454545454545455,0.8571428571428571,0.6666666666666666,0.8
sem_gaussian,CMIIC,"{""alpha"": 0.05}",10,15,5000,7,/home/mathis/Documents/Travail/cbnsl_benchmark/scaling/../scaling/results/2026-04-02_10h34_sem_gaussian/graphs/golden__v10_a15_g7.json,/home/mathis/Documents/Travail/cbnsl_benchmark/scaling/../scaling/results/2026-04-02_10h34_sem_gaussian/graphs/CMIIC__v10_a15_g7_s5000.json,,21.393548452993855,9.0,7.0,0.5714285714285715,0.888888888888889,0.6666666666666666,0.8
sem_gaussian,MIIC,"{""n_bins"": 4, ""discretization_method"": ""quantile""}",10,15,5000,7,/home/mathis/Documents/Travail/cbnsl_benchmark/scaling/../scaling/results/2026-04-02_10h34_sem_gaussian/graphs/golden__v10_a15_g7.json,/home/mathis/Documents/Travail/cbnsl_benchmark/scaling/../scaling/results/2026-04-02_10h34_sem_gaussian/graphs/MIIC__v10_a15_g7_s5000.json,,0.2986801499791909,7.0,5.0,0.6956521739130435,0.888888888888889,0.7272727272727273,0.8
sem_gaussian,GHC+BDeu,"{""n_bins"": 4, ""discretization_method"": ""quantile""}",10,15,5000,7,/home/mathis/Documents/Travail/cbnsl_benchmark/scaling/../scaling/results/2026-04-02_10h34_sem_gaussian/graphs/golden__v10_a15_g7.json,/home/mathis/Documents/Travail/cbnsl_benchmark/scaling/../scaling/results/2026-04-02_10h34_sem_gaussian/graphs/GHC+BDeu__v10_a15_g7_s5000.json,,0.20566919399425387,13.0,10.0,0.36363636363636365,0.8387096774193549,0.6666666666666666,0.8666666666666667
sem_gaussian,NOTEARS,"{""lambda1"": 0.0, ""w_threshold_notears"": 0.3}",10,15,5000,7,/home/mathis/Documents/Travail/cbnsl_benchmark/scaling/../scaling/results/2026-04-02_10h34_sem_gaussian/graphs/golden__v10_a15_g7.json,/home/mathis/Documents/Travail/cbnsl_benchmark/scaling/../scaling/results/2026-04-02_10h34_sem_gaussian/graphs/NOTEARS__v10_a15_g7_s5000.json,,3.9162085139832925,0.0,0.0,0.9655172413793104,1.0,1.0,1.0
sem_gaussian,NOTEARS Disc.,"{""lambda1"": 0.1, ""w_threshold_notears"": 0.1, ""n_bins"": 4, ""discretization_method"": ""quantile""}",10,15,5000,7,/home/mathis/Documents/Travail/cbnsl_benchmark/scaling/../scaling/results/2026-04-02_10h34_sem_gaussian/graphs/golden__v10_a15_g7.json,/home/mathis/Documents/Travail/cbnsl_benchmark/scaling/../scaling/results/2026-04-02_10h34_sem_gaussian/graphs/NOTEARS Disc.__v10_a15_g7_s5000.json,,3.2365197239851113,8.0,13.0,0.608695652173913,0.9333333333333333,0.875,0.9333333333333333
sem_gaussian,LiNGAM,"{""threshold_lingam"": 0.1}",10,15,5000,7,/home/mathis/Documents/Travail/cbnsl_benchmark/scaling/../scaling/results/2026-04-02_10h34_sem_gaussian/graphs/golden__v10_a15_g7.json,/home/mathis/Documents/Travail/cbnsl_benchmark/scaling/../scaling/results/2026-04-02_10h34_sem_gaussian/graphs/LiNGAM__v10_a15_g7_s5000.json,,0.5438305589777883,23.0,28.0,0.45000000000000007,0.6521739130434783,1.0,1.0
sem_gaussian,CPC,"{""alpha"": 0.05, ""max_conditioning_set_size"": 3}",10,15,200,8,/home/mathis/Documents/Travail/cbnsl_benchmark/scaling/../scaling/results/2026-04-02_10h34_sem_gaussian/graphs/golden__v10_a15_g8.json,/home/mathis/Documents/Travail/cbnsl_benchmark/scaling/../scaling/results/2026-04-02_10h34_sem_gaussian/graphs/CPC__v10_a15_g8_s200.json,,0.02855544799240306,13.0,13.0,0.23529411764705882,0.4210526315789473,0.16666666666666666,0.2857142857142857
sem_gaussian,CMIIC,"{""alpha"": 0.05}",10,15,200,8,/home/mathis/Documents/Travail/cbnsl_benchmark/scaling/../scaling/results/2026-04-02_10h34_sem_gaussian/graphs/golden__v10_a15_g8.json,/home/mathis/Documents/Travail/cbnsl_benchmark/scaling/../scaling/results/2026-04-02_10h34_sem_gaussian/graphs/CMIIC__v10_a15_g8_s200.json,,0.13055639798403718,11.0,10.0,0.0,0.8,0.0,0.7142857142857143
sem_gaussian,MIIC,"{""n_bins"": 4, ""discretization_method"": ""quantile""}",10,15,200,8,/home/mathis/Documents/Travail/cbnsl_benchmark/scaling/../scaling/results/2026-04-02_10h34_sem_gaussian/graphs/golden__v10_a15_g8.json,/home/mathis/Documents/Travail/cbnsl_benchmark/scaling/../scaling/results/2026-04-02_10h34_sem_gaussian/graphs/MIIC__v10_a15_g8_s200.json,,0.020506580010987818,9.0,8.0,0.0,0.7272727272727273,0.0,0.5714285714285714
sem_gaussian,GHC+BDeu,"{""n_bins"": 4, ""discretization_method"": ""quantile""}",10,15,200,8,/home/mathis/Documents/Travail/cbnsl_benchmark/scaling/../scaling/results/2026-04-02_10h34_sem_gaussian/graphs/golden__v10_a15_g8.json,/home/mathis/Documents/Travail/cbnsl_benchmark/scaling/../scaling/results/2026-04-02_10h34_sem_gaussian/graphs/GHC+BDeu__v10_a15_g8_s200.json,,0.020513168012257665,10.0,9.0,0.0,0.6666666666666666,0.0,0.5
sem_gaussian,NOTEARS,"{""lambda1"": 0.0, ""w_threshold_notears"": 0.3}",10,15,200,8,/home/mathis/Documents/Travail/cbnsl_benchmark/scaling/../scaling/results/2026-04-02_10h34_sem_gaussian/graphs/golden__v10_a15_g8.json,/home/mathis/Documents/Travail/cbnsl_benchmark/scaling/../scaling/results/2026-04-02_10h34_sem_gaussian/graphs/NOTEARS__v10_a15_g8_s200.json,,1.0294628010015003,3.0,7.0,0.5263157894736842,0.88,0.625,0.7857142857142857
sem_gaussian,NOTEARS Disc.,"{""lambda1"": 0.1, ""w_threshold_notears"": 0.1, ""n_bins"": 4, ""discretization_method"": ""quantile""}",10,15,200,8,/home/mathis/Documents/Travail/cbnsl_benchmark/scaling/../scaling/results/2026-04-02_10h34_sem_gaussian/graphs/golden__v10_a15_g8.json,/home/mathis/Documents/Travail/cbnsl_benchmark/scaling/../scaling/results/2026-04-02_10h34_sem_gaussian/graphs/NOTEARS Disc.__v10_a15_g8_s200.json,,1.6946115870086942,8.0,9.0,0.125,0.8461538461538461,0.25,0.7857142857142857
sem_gaussian,LiNGAM,"{""threshold_lingam"": 0.1}",10,15,200,8,/home/mathis/Documents/Travail/cbnsl_benchmark/scaling/../scaling/results/2026-04-02_10h34_sem_gaussian/graphs/golden__v10_a15_g8.json,/home/mathis/Documents/Travail/cbnsl_benchmark/scaling/../scaling/results/2026-04-02_10h34_sem_gaussian/graphs/LiNGAM__v10_a15_g8_s200.json,,0.23029496398521587,15.0,15.0,0.34782608695652173,0.8484848484848484,1.0,1.0
sem_gaussian,CPC,"{""alpha"": 0.05, ""max_conditioning_set_size"": 3}",10,15,500,8,/home/mathis/Documents/Travail/cbnsl_benchmark/scaling/../scaling/results/2026-04-02_10h34_sem_gaussian/graphs/golden__v10_a15_g8.json,/home/mathis/Documents/Travail/cbnsl_benchmark/scaling/../scaling/results/2026-04-02_10h34_sem_gaussian/graphs/CPC__v10_a15_g8_s500.json,,0.18570649798493832,12.0,12.0,0.0,0.35294117647058826,0.0,0.21428571428571427
sem_gaussian,CMIIC,"{""alpha"": 0.05}",10,15,500,8,/home/mathis/Documents/Travail/cbnsl_benchmark/scaling/../scaling/results/2026-04-02_10h34_sem_gaussian/graphs/golden__v10_a15_g8.json,/home/mathis/Documents/Travail/cbnsl_benchmark/scaling/../scaling/results/2026-04-02_10h34_sem_gaussian/graphs/CMIIC__v10_a15_g8_s500.json,,0.3979642249760218,11.0,10.0,0.0,0.8,0.0,0.7142857142857143
sem_gaussian,MIIC,"{""n_bins"": 4, ""discretization_method"": ""quantile""}",10,15,500,8,/home/mathis/Documents/Travail/cbnsl_benchmark/scaling/../scaling/results/2026-04-02_10h34_sem_gaussian/graphs/golden__v10_a15_g8.json,/home/mathis/Documents/Travail/cbnsl_benchmark/scaling/../scaling/results/2026-04-02_10h34_sem_gaussian/graphs/MIIC__v10_a15_g8_s500.json,,0.029689543007407337,8.0,12.0,0.0,0.8333333333333333,0.0,0.7142857142857143
sem_gaussian,GHC+BDeu,"{""n_bins"": 4, ""discretization_method"": ""quantile""}",10,15,500,8,/home/mathis/Documents/Travail/cbnsl_benchmark/scaling/../scaling/results/2026-04-02_10h34_sem_gaussian/graphs/golden__v10_a15_g8.json,/home/mathis/Documents/Travail/cbnsl_benchmark/scaling/../scaling/results/2026-04-02_10h34_sem_gaussian/graphs/GHC+BDeu__v10_a15_g8_s500.json,,0.028315509989624843,9.0,10.0,0.0,0.782608695652174,0.0,0.6428571428571429
sem_gaussian,NOTEARS,"{""lambda1"": 0.0, ""w_threshold_notears"": 0.3}",10,15,500,8,/home/mathis/Documents/Travail/cbnsl_benchmark/scaling/../scaling/results/2026-04-02_10h34_sem_gaussian/graphs/golden__v10_a15_g8.json,/home/mathis/Documents/Travail/cbnsl_benchmark/scaling/../scaling/results/2026-04-02_10h34_sem_gaussian/graphs/NOTEARS__v10_a15_g8_s500.json,,1.750031436997233,0.0,13.0,0.5263157894736842,1.0,1.0,1.0
sem_gaussian,NOTEARS Disc.,"{""lambda1"": 0.1, ""w_threshold_notears"": 0.1, ""n_bins"": 4, ""discretization_method"": ""quantile""}",10,15,500,8,/home/mathis/Documents/Travail/cbnsl_benchmark/scaling/../scaling/results/2026-04-02_10h34_sem_gaussian/graphs/golden__v10_a15_g8.json,/home/mathis/Documents/Travail/cbnsl_benchmark/scaling/../scaling/results/2026-04-02_10h34_sem_gaussian/graphs/NOTEARS Disc.__v10_a15_g8_s500.json,,29.38832999501028,10.0,8.0,0.42105263157894735,0.888888888888889,0.6666666666666666,0.8571428571428571
sem_gaussian,LiNGAM,"{""threshold_lingam"": 0.1}",10,15,500,8,/home/mathis/Documents/Travail/cbnsl_benchmark/scaling/../scaling/results/2026-04-02_10h34_sem_gaussian/graphs/golden__v10_a15_g8.json,/home/mathis/Documents/Travail/cbnsl_benchmark/scaling/../scaling/results/2026-04-02_10h34_sem_gaussian/graphs/LiNGAM__v10_a15_g8_s500.json,,0.2655523690045811,19.0,18.0,0.3076923076923077,0.742857142857143,0.8,0.9285714285714286
sem_gaussian,CPC,"{""alpha"": 0.05, ""max_conditioning_set_size"": 3}",10,15,1000,8,/home/mathis/Documents/Travail/cbnsl_benchmark/scaling/../scaling/results/2026-04-02_10h34_sem_gaussian/graphs/golden__v10_a15_g8.json,/home/mathis/Documents/Travail/cbnsl_benchmark/scaling/../scaling/results/2026-04-02_10h34_sem_gaussian/graphs/CPC__v10_a15_g8_s1000.json,,1.279014558007475,10.0,8.0,0.0,0.7272727272727273,0.0,0.5714285714285714
sem_gaussian,CMIIC,"{""alpha"": 0.05}",10,15,1000,8,/home/mathis/Documents/Travail/cbnsl_benchmark/scaling/../scaling/results/2026-04-02_10h34_sem_gaussian/graphs/golden__v10_a15_g8.json,/home/mathis/Documents/Travail/cbnsl_benchmark/scaling/../scaling/results/2026-04-02_10h34_sem_gaussian/graphs/CMIIC__v10_a15_g8_s1000.json,,1.6413220220129006,9.0,8.0,0.0,0.8333333333333333,0.0,0.7142857142857143
sem_gaussian,MIIC,"{""n_bins"": 4, ""discretization_method"": ""quantile""}",10,15,1000,8,/home/mathis/Documents/Travail/cbnsl_benchmark/scaling/../scaling/results/2026-04-02_10h34_sem_gaussian/graphs/golden__v10_a15_g8.json,/home/mathis/Documents/Travail/cbnsl_benchmark/scaling/../scaling/results/2026-04-02_10h34_sem_gaussian/graphs/MIIC__v10_a15_g8_s1000.json,,0.06498483201721683,9.0,6.0,0.0,0.8333333333333333,0.0,0.7142857142857143
sem_gaussian,GHC+BDeu,"{""n_bins"": 4, ""discretization_method"": ""quantile""}",10,15,1000,8,/home/mathis/Documents/Travail/cbnsl_benchmark/scaling/../scaling/results/2026-04-02_10h34_sem_gaussian/graphs/golden__v10_a15_g8.json,/home/mathis/Documents/Travail/cbnsl_benchmark/scaling/../scaling/results/2026-04-02_10h34_sem_gaussian/graphs/GHC+BDeu__v10_a15_g8_s1000.json,,0.0705547459947411,11.0,11.0,0.0,0.6086956521739131,0.0,0.5
sem_gaussian,NOTEARS,"{""lambda1"": 0.0, ""w_threshold_notears"": 0.3}",10,15,1000,8,/home/mathis/Documents/Travail/cbnsl_benchmark/scaling/../scaling/results/2026-04-02_10h34_sem_gaussian/graphs/golden__v10_a15_g8.json,/home/mathis/Documents/Travail/cbnsl_benchmark/scaling/../scaling/results/2026-04-02_10h34_sem_gaussian/graphs/NOTEARS__v10_a15_g8_s1000.json,,17.01763525401475,5.0,8.0,0.25,0.923076923076923,0.5,0.8571428571428571
sem_gaussian,NOTEARS Disc.,"{""lambda1"": 0.1, ""w_threshold_notears"": 0.1, ""n_bins"": 4, ""discretization_method"": ""quantile""}",10,15,1000,8,/home/mathis/Documents/Travail/cbnsl_benchmark/scaling/../scaling/results/2026-04-02_10h34_sem_gaussian/graphs/golden__v10_a15_g8.json,/home/mathis/Documents/Travail/cbnsl_benchmark/scaling/../scaling/results/2026-04-02_10h34_sem_gaussian/graphs/NOTEARS Disc.__v10_a15_g8_s1000.json,,12.905549051996786,9.0,10.0,0.23529411764705882,0.8461538461538461,0.4,0.7857142857142857
sem_gaussian,LiNGAM,"{""threshold_lingam"": 0.1}",10,15,1000,8,/home/mathis/Documents/Travail/cbnsl_benchmark/scaling/../scaling/results/2026-04-02_10h34_sem_gaussian/graphs/golden__v10_a15_g8.json,/home/mathis/Documents/Travail/cbnsl_benchmark/scaling/../scaling/results/2026-04-02_10h34_sem_gaussian/graphs/LiNGAM__v10_a15_g8_s1000.json,,0.3744998089969158,6.0,13.0,0.6666666666666667,0.896551724137931,0.8888888888888888,0.9285714285714286
sem_gaussian,CPC,"{""alpha"": 0.05, ""max_conditioning_set_size"": 3}",10,15,3000,8,/home/mathis/Documents/Travail/cbnsl_benchmark/scaling/../scaling/results/2026-04-02_10h34_sem_gaussian/graphs/golden__v10_a15_g8.json,/home/mathis/Documents/Travail/cbnsl_benchmark/scaling/../scaling/results/2026-04-02_10h34_sem_gaussian/graphs/CPC__v10_a15_g8_s3000.json,,13.645913132990245,8.0,10.0,0.5263157894736842,0.88,0.625,0.7857142857142857
sem_gaussian,CMIIC,"{""alpha"": 0.05}",10,15,3000,8,/home/mathis/Documents/Travail/cbnsl_benchmark/scaling/../scaling/results/2026-04-02_10h34_sem_gaussian/graphs/golden__v10_a15_g8.json,/home/mathis/Documents/Travail/cbnsl_benchmark/scaling/../scaling/results/2026-04-02_10h34_sem_gaussian/graphs/CMIIC__v10_a15_g8_s3000.json,,10.724821279989555,9.0,10.0,0.0,0.8333333333333333,0.0,0.7142857142857143
sem_gaussian,MIIC,"{""n_bins"": 4, ""discretization_method"": ""quantile""}",10,15,3000,8,/home/mathis/Documents/Travail/cbnsl_benchmark/scaling/../scaling/results/2026-04-02_10h34_sem_gaussian/graphs/golden__v10_a15_g8.json,/home/mathis/Documents/Travail/cbnsl_benchmark/scaling/../scaling/results/2026-04-02_10h34_sem_gaussian/graphs/MIIC__v10_a15_g8_s3000.json,,0.19111456500831991,9.0,6.0,0.0,0.8333333333333333,0.0,0.7142857142857143
sem_gaussian,GHC+BDeu,"{""n_bins"": 4, ""discretization_method"": ""quantile""}",10,15,3000,8,/home/mathis/Documents/Travail/cbnsl_benchmark/scaling/../scaling/results/2026-04-02_10h34_sem_gaussian/graphs/golden__v10_a15_g8.json,/home/mathis/Documents/Travail/cbnsl_benchmark/scaling/../scaling/results/2026-04-02_10h34_sem_gaussian/graphs/GHC+BDeu__v10_a15_g8_s3000.json,,0.15308632599771954,7.0,11.0,0.23529411764705885,0.8,0.3333333333333333,0.7142857142857143
sem_gaussian,NOTEARS,"{""lambda1"": 0.0, ""w_threshold_notears"": 0.3}",10,15,3000,8,/home/mathis/Documents/Travail/cbnsl_benchmark/scaling/../scaling/results/2026-04-02_10h34_sem_gaussian/graphs/golden__v10_a15_g8.json,/home/mathis/Documents/Travail/cbnsl_benchmark/scaling/../scaling/results/2026-04-02_10h34_sem_gaussian/graphs/NOTEARS__v10_a15_g8_s3000.json,,4.184011831996031,0.0,13.0,0.5263157894736842,1.0,1.0,1.0
sem_gaussian,NOTEARS Disc.,"{""lambda1"": 0.1, ""w_threshold_notears"": 0.1, ""n_bins"": 4, ""discretization_method"": ""quantile""}",10,15,3000,8,/home/mathis/Documents/Travail/cbnsl_benchmark/scaling/../scaling/results/2026-04-02_10h34_sem_gaussian/graphs/golden__v10_a15_g8.json,/home/mathis/Documents/Travail/cbnsl_benchmark/scaling/../scaling/results/2026-04-02_10h34_sem_gaussian/graphs/NOTEARS Disc.__v10_a15_g8_s3000.json,,11.842911008017836,8.0,9.0,0.23529411764705882,0.888888888888889,0.5,0.8571428571428571
sem_gaussian,LiNGAM,"{""threshold_lingam"": 0.1}",10,15,3000,8,/home/mathis/Documents/Travail/cbnsl_benchmark/scaling/../scaling/results/2026-04-02_10h34_sem_gaussian/graphs/golden__v10_a15_g8.json,/home/mathis/Documents/Travail/cbnsl_benchmark/scaling/../scaling/results/2026-04-02_10h34_sem_gaussian/graphs/LiNGAM__v10_a15_g8_s3000.json,,0.42011530298623256,16.0,16.0,0.4615384615384615,0.8235294117647058,1.0,1.0
sem_gaussian,CPC,"{""alpha"": 0.05, ""max_conditioning_set_size"": 3}",10,15,5000,8,/home/mathis/Documents/Travail/cbnsl_benchmark/scaling/../scaling/results/2026-04-02_10h34_sem_gaussian/graphs/golden__v10_a15_g8.json,/home/mathis/Documents/Travail/cbnsl_benchmark/scaling/../scaling/results/2026-04-02_10h34_sem_gaussian/graphs/CPC__v10_a15_g8_s5000.json,,38.11404361698078,10.0,11.0,0.5,0.8461538461538461,0.625,0.7857142857142857
sem_gaussian,CMIIC,"{""alpha"": 0.05}",10,15,5000,8,/home/mathis/Documents/Travail/cbnsl_benchmark/scaling/../scaling/results/2026-04-02_10h34_sem_gaussian/graphs/golden__v10_a15_g8.json,/home/mathis/Documents/Travail/cbnsl_benchmark/scaling/../scaling/results/2026-04-02_10h34_sem_gaussian/graphs/CMIIC__v10_a15_g8_s5000.json,,26.661116330011282,9.0,10.0,0.0,0.8333333333333333,0.0,0.7142857142857143
sem_gaussian,MIIC,"{""n_bins"": 4, ""discretization_method"": ""quantile""}",10,15,5000,8,/home/mathis/Documents/Travail/cbnsl_benchmark/scaling/../scaling/results/2026-04-02_10h34_sem_gaussian/graphs/golden__v10_a15_g8.json,/home/mathis/Documents/Travail/cbnsl_benchmark/scaling/../scaling/results/2026-04-02_10h34_sem_gaussian/graphs/MIIC__v10_a15_g8_s5000.json,,0.32190538398572244,9.0,6.0,0.0,0.88,0.0,0.7857142857142857
sem_gaussian,GHC+BDeu,"{""n_bins"": 4, ""discretization_method"": ""quantile""}",10,15,5000,8,/home/mathis/Documents/Travail/cbnsl_benchmark/scaling/../scaling/results/2026-04-02_10h34_sem_gaussian/graphs/golden__v10_a15_g8.json,/home/mathis/Documents/Travail/cbnsl_benchmark/scaling/../scaling/results/2026-04-02_10h34_sem_gaussian/graphs/GHC+BDeu__v10_a15_g8_s5000.json,,0.23652962100459263,14.0,8.0,0.2222222222222222,0.8148148148148148,0.4,0.7857142857142857
sem_gaussian,NOTEARS,"{""lambda1"": 0.0, ""w_threshold_notears"": 0.3}",10,15,5000,8,/home/mathis/Documents/Travail/cbnsl_benchmark/scaling/../scaling/results/2026-04-02_10h34_sem_gaussian/graphs/golden__v10_a15_g8.json,/home/mathis/Documents/Travail/cbnsl_benchmark/scaling/../scaling/results/2026-04-02_10h34_sem_gaussian/graphs/NOTEARS__v10_a15_g8_s5000.json,,7.151272297021933,0.0,13.0,0.5263157894736842,1.0,1.0,1.0
sem_gaussian,NOTEARS Disc.,"{""lambda1"": 0.1, ""w_threshold_notears"": 0.1, ""n_bins"": 4, ""discretization_method"": ""quantile""}",10,15,5000,8,/home/mathis/Documents/Travail/cbnsl_benchmark/scaling/../scaling/results/2026-04-02_10h34_sem_gaussian/graphs/golden__v10_a15_g8.json,/home/mathis/Documents/Travail/cbnsl_benchmark/scaling/../scaling/results/2026-04-02_10h34_sem_gaussian/graphs/NOTEARS Disc.__v10_a15_g8_s5000.json,,23.24911196800531,9.0,10.0,0.23529411764705882,0.8461538461538461,0.4,0.7857142857142857
sem_gaussian,LiNGAM,"{""threshold_lingam"": 0.1}",10,15,5000,8,/home/mathis/Documents/Travail/cbnsl_benchmark/scaling/../scaling/results/2026-04-02_10h34_sem_gaussian/graphs/golden__v10_a15_g8.json,/home/mathis/Documents/Travail/cbnsl_benchmark/scaling/../scaling/results/2026-04-02_10h34_sem_gaussian/graphs/LiNGAM__v10_a15_g8_s5000.json,,0.5621945320162922,10.0,11.0,0.2727272727272727,0.8484848484848484,1.0,1.0
sem_gaussian,CPC,"{""alpha"": 0.05, ""max_conditioning_set_size"": 3}",10,15,200,9,/home/mathis/Documents/Travail/cbnsl_benchmark/scaling/../scaling/results/2026-04-02_10h34_sem_gaussian/graphs/golden__v10_a15_g9.json,/home/mathis/Documents/Travail/cbnsl_benchmark/scaling/../scaling/results/2026-04-02_10h34_sem_gaussian/graphs/CPC__v10_a15_g9_s200.json,,0.029536386020481586,12.0,12.0,0.0,0.14285714285714288,0.0,0.07692307692307693
sem_gaussian,CMIIC,"{""alpha"": 0.05}",10,15,200,9,/home/mathis/Documents/Travail/cbnsl_benchmark/scaling/../scaling/results/2026-04-02_10h34_sem_gaussian/graphs/golden__v10_a15_g9.json,/home/mathis/Documents/Travail/cbnsl_benchmark/scaling/../scaling/results/2026-04-02_10h34_sem_gaussian/graphs/CMIIC__v10_a15_g9_s200.json,,0.08667530899401754,10.0,10.0,0.0,0.8181818181818181,0.0,0.6923076923076923
sem_gaussian,MIIC,"{""n_bins"": 4, ""discretization_method"": ""quantile""}",10,15,200,9,/home/mathis/Documents/Travail/cbnsl_benchmark/scaling/../scaling/results/2026-04-02_10h34_sem_gaussian/graphs/golden__v10_a15_g9.json,/home/mathis/Documents/Travail/cbnsl_benchmark/scaling/../scaling/results/2026-04-02_10h34_sem_gaussian/graphs/MIIC__v10_a15_g9_s200.json,,0.023838808003347367,10.0,12.0,0.0,0.631578947368421,0.0,0.46153846153846156
sem_gaussian,GHC+BDeu,"{""n_bins"": 4, ""discretization_method"": ""quantile""}",10,15,200,9,/home/mathis/Documents/Travail/cbnsl_benchmark/scaling/../scaling/results/2026-04-02_10h34_sem_gaussian/graphs/golden__v10_a15_g9.json,/home/mathis/Documents/Travail/cbnsl_benchmark/scaling/../scaling/results/2026-04-02_10h34_sem_gaussian/graphs/GHC+BDeu__v10_a15_g9_s200.json,,0.023168126004748046,10.0,12.0,0.0,0.631578947368421,0.0,0.46153846153846156
sem_gaussian,NOTEARS,"{""lambda1"": 0.0, ""w_threshold_notears"": 0.3}",10,15,200,9,/home/mathis/Documents/Travail/cbnsl_benchmark/scaling/../scaling/results/2026-04-02_10h34_sem_gaussian/graphs/golden__v10_a15_g9.json,/home/mathis/Documents/Travail/cbnsl_benchmark/scaling/../scaling/results/2026-04-02_10h34_sem_gaussian/graphs/NOTEARS__v10_a15_g9_s200.json,,1.1146204599936027,5.0,8.0,0.6363636363636364,0.9285714285714286,1.0,1.0
sem_gaussian,NOTEARS Disc.,"{""lambda1"": 0.1, ""w_threshold_notears"": 0.1, ""n_bins"": 4, ""discretization_method"": ""quantile""}",10,15,200,9,/home/mathis/Documents/Travail/cbnsl_benchmark/scaling/../scaling/results/2026-04-02_10h34_sem_gaussian/graphs/golden__v10_a15_g9.json,/home/mathis/Documents/Travail/cbnsl_benchmark/scaling/../scaling/results/2026-04-02_10h34_sem_gaussian/graphs/NOTEARS Disc.__v10_a15_g9_s200.json,,1.4563228609913494,6.0,7.0,0.5263157894736842,0.9230769230769231,0.8333333333333334,0.9230769230769231
sem_gaussian,LiNGAM,"{""threshold_lingam"": 0.1}",10,15,200,9,/home/mathis/Documents/Travail/cbnsl_benchmark/scaling/../scaling/results/2026-04-02_10h34_sem_gaussian/graphs/golden__v10_a15_g9.json,/home/mathis/Documents/Travail/cbnsl_benchmark/scaling/../scaling/results/2026-04-02_10h34_sem_gaussian/graphs/LiNGAM__v10_a15_g9_s200.json,,0.23006079599144869,20.0,19.0,0.3448275862068966,0.7027027027027027,1.0,1.0
sem_gaussian,CPC,"{""alpha"": 0.05, ""max_conditioning_set_size"": 3}",10,15,500,9,/home/mathis/Documents/Travail/cbnsl_benchmark/scaling/../scaling/results/2026-04-02_10h34_sem_gaussian/graphs/golden__v10_a15_g9.json,/home/mathis/Documents/Travail/cbnsl_benchmark/scaling/../scaling/results/2026-04-02_10h34_sem_gaussian/graphs/CPC__v10_a15_g9_s500.json,,0.16408178501296788,10.0,10.0,0.26666666666666666,0.631578947368421,0.2222222222222222,0.46153846153846156
sem_gaussian,CMIIC,"{""alpha"": 0.05}",10,15,500,9,/home/mathis/Documents/Travail/cbnsl_benchmark/scaling/../scaling/results/2026-04-02_10h34_sem_gaussian/graphs/golden__v10_a15_g9.json,/home/mathis/Documents/Travail/cbnsl_benchmark/scaling/../scaling/results/2026-04-02_10h34_sem_gaussian/graphs/CMIIC__v10_a15_g9_s500.json,,0.35017152401269414,10.0,10.0,0.0,0.8181818181818181,0.0,0.6923076923076923
sem_gaussian,MIIC,"{""n_bins"": 4, ""discretization_method"": ""quantile""}",10,15,500,9,/home/mathis/Documents/Travail/cbnsl_benchmark/scaling/../scaling/results/2026-04-02_10h34_sem_gaussian/graphs/golden__v10_a15_g9.json,/home/mathis/Documents/Travail/cbnsl_benchmark/scaling/../scaling/results/2026-04-02_10h34_sem_gaussian/graphs/MIIC__v10_a15_g9_s500.json,,0.04192262500873767,10.0,10.0,0.0,0.8181818181818181,0.0,0.6923076923076923
sem_gaussian,GHC+BDeu,"{""n_bins"": 4, ""discretization_method"": ""quantile""}",10,15,500,9,/home/mathis/Documents/Travail/cbnsl_benchmark/scaling/../scaling/results/2026-04-02_10h34_sem_gaussian/graphs/golden__v10_a15_g9.json,/home/mathis/Documents/Travail/cbnsl_benchmark/scaling/../scaling/results/2026-04-02_10h34_sem_gaussian/graphs/GHC+BDeu__v10_a15_g9_s500.json,,0.036289771989686415,10.0,12.0,0.0,0.7000000000000001,0.0,0.5384615384615384
sem_gaussian,NOTEARS,"{""lambda1"": 0.0, ""w_threshold_notears"": 0.3}",10,15,500,9,/home/mathis/Documents/Travail/cbnsl_benchmark/scaling/../scaling/results/2026-04-02_10h34_sem_gaussian/graphs/golden__v10_a15_g9.json,/home/mathis/Documents/Travail/cbnsl_benchmark/scaling/../scaling/results/2026-04-02_10h34_sem_gaussian/graphs/NOTEARS__v10_a15_g9_s500.json,,1.2158990699972492,6.0,3.0,0.7272727272727273,0.962962962962963,1.0,1.0
sem_gaussian,NOTEARS Disc.,"{""lambda1"": 0.1, ""w_threshold_notears"": 0.1, ""n_bins"": 4, ""discretization_method"": ""quantile""}",10,15,500,9,/home/mathis/Documents/Travail/cbnsl_benchmark/scaling/../scaling/results/2026-04-02_10h34_sem_gaussian/graphs/golden__v10_a15_g9.json,/home/mathis/Documents/Travail/cbnsl_benchmark/scaling/../scaling/results/2026-04-02_10h34_sem_gaussian/graphs/NOTEARS Disc.__v10_a15_g9_s500.json,,1.3791057839989662,0.0,5.0,0.8695652173913044,1.0,1.0,1.0
sem_gaussian,LiNGAM,"{""threshold_lingam"": 0.1}",10,15,500,9,/home/mathis/Documents/Travail/cbnsl_benchmark/scaling/../scaling/results/2026-04-02_10h34_sem_gaussian/graphs/golden__v10_a15_g9.json,/home/mathis/Documents/Travail/cbnsl_benchmark/scaling/../scaling/results/2026-04-02_10h34_sem_gaussian/graphs/LiNGAM__v10_a15_g9_s500.json,,0.25424237799597904,11.0,15.0,0.5384615384615384,0.8125000000000001,1.0,1.0
sem_gaussian,CPC,"{""alpha"": 0.05, ""max_conditioning_set_size"": 3}",10,15,1000,9,/home/mathis/Documents/Travail/cbnsl_benchmark/scaling/../scaling/results/2026-04-02_10h34_sem_gaussian/graphs/golden__v10_a15_g9.json,/home/mathis/Documents/Travail/cbnsl_benchmark/scaling/../scaling/results/2026-04-02_10h34_sem_gaussian/graphs/CPC__v10_a15_g9_s1000.json,,0.8961120589810889,10.0,10.0,0.26666666666666666,0.8181818181818181,0.3333333333333333,0.6923076923076923
sem_gaussian,CMIIC,"{""alpha"": 0.05}",10,15,1000,9,/home/mathis/Documents/Travail/cbnsl_benchmark/scaling/../scaling/results/2026-04-02_10h34_sem_gaussian/graphs/golden__v10_a15_g9.json,/home/mathis/Documents/Travail/cbnsl_benchmark/scaling/../scaling/results/2026-04-02_10h34_sem_gaussian/graphs/CMIIC__v10_a15_g9_s1000.json,,1.1739158060227055,10.0,10.0,0.0,0.8181818181818181,0.0,0.6923076923076923
sem_gaussian,MIIC,"{""n_bins"": 4, ""discretization_method"": ""quantile""}",10,15,1000,9,/home/mathis/Documents/Travail/cbnsl_benchmark/scaling/../scaling/results/2026-04-02_10h34_sem_gaussian/graphs/golden__v10_a15_g9.json,/home/mathis/Documents/Travail/cbnsl_benchmark/scaling/../scaling/results/2026-04-02_10h34_sem_gaussian/graphs/MIIC__v10_a15_g9_s1000.json,,0.05223073001252487,10.0,11.0,0.0,0.8695652173913044,0.0,0.7692307692307693
sem_gaussian,GHC+BDeu,"{""n_bins"": 4, ""discretization_method"": ""quantile""}",10,15,1000,9,/home/mathis/Documents/Travail/cbnsl_benchmark/scaling/../scaling/results/2026-04-02_10h34_sem_gaussian/graphs/golden__v10_a15_g9.json,/home/mathis/Documents/Travail/cbnsl_benchmark/scaling/../scaling/results/2026-04-02_10h34_sem_gaussian/graphs/GHC+BDeu__v10_a15_g9_s1000.json,,0.04991793099907227,7.0,11.0,0.37499999999999994,0.8695652173913044,0.5,0.7692307692307693
sem_gaussian,NOTEARS,"{""lambda1"": 0.0, ""w_threshold_notears"": 0.3}",10,15,1000,9,/home/mathis/Documents/Travail/cbnsl_benchmark/scaling/../scaling/results/2026-04-02_10h34_sem_gaussian/graphs/golden__v10_a15_g9.json,/home/mathis/Documents/Travail/cbnsl_benchmark/scaling/../scaling/results/2026-04-02_10h34_sem_gaussian/graphs/NOTEARS__v10_a15_g9_s1000.json,,1.3901424759824295,5.0,0.0,0.761904761904762,1.0,1.0,1.0
sem_gaussian,NOTEARS Disc.,"{""lambda1"": 0.1, ""w_threshold_notears"": 0.1, ""n_bins"": 4, ""discretization_method"": ""quantile""}",10,15,1000,9,/home/mathis/Documents/Travail/cbnsl_benchmark/scaling/../scaling/results/2026-04-02_10h34_sem_gaussian/graphs/golden__v10_a15_g9.json,/home/mathis/Documents/Travail/cbnsl_benchmark/scaling/../scaling/results/2026-04-02_10h34_sem_gaussian/graphs/NOTEARS Disc.__v10_a15_g9_s1000.json,,2.0334574040025473,0.0,5.0,0.8695652173913044,1.0,1.0,1.0
sem_gaussian,LiNGAM,"{""threshold_lingam"": 0.1}",10,15,1000,9,/home/mathis/Documents/Travail/cbnsl_benchmark/scaling/../scaling/results/2026-04-02_10h34_sem_gaussian/graphs/golden__v10_a15_g9.json,/home/mathis/Documents/Travail/cbnsl_benchmark/scaling/../scaling/results/2026-04-02_10h34_sem_gaussian/graphs/LiNGAM__v10_a15_g9_s1000.json,,0.2967605279991403,13.0,13.0,0.4615384615384615,0.787878787878788,1.0,1.0
sem_gaussian,CPC,"{""alpha"": 0.05, ""max_conditioning_set_size"": 3}",10,15,3000,9,/home/mathis/Documents/Travail/cbnsl_benchmark/scaling/../scaling/results/2026-04-02_10h34_sem_gaussian/graphs/golden__v10_a15_g9.json,/home/mathis/Documents/Travail/cbnsl_benchmark/scaling/../scaling/results/2026-04-02_10h34_sem_gaussian/graphs/CPC__v10_a15_g9_s3000.json,,11.688933408004232,12.0,11.0,0.35294117647058826,0.8799999999999999,0.6,0.8461538461538461
sem_gaussian,CMIIC,"{""alpha"": 0.05}",10,15,3000,9,/home/mathis/Documents/Travail/cbnsl_benchmark/scaling/../scaling/results/2026-04-02_10h34_sem_gaussian/graphs/golden__v10_a15_g9.json,/home/mathis/Documents/Travail/cbnsl_benchmark/scaling/../scaling/results/2026-04-02_10h34_sem_gaussian/graphs/CMIIC__v10_a15_g9_s3000.json,,9.528753197024344,10.0,11.0,0.26666666666666666,0.8695652173913044,0.4,0.7692307692307693
sem_gaussian,MIIC,"{""n_bins"": 4, ""discretization_method"": ""quantile""}",10,15,3000,9,/home/mathis/Documents/Travail/cbnsl_benchmark/scaling/../scaling/results/2026-04-02_10h34_sem_gaussian/graphs/golden__v10_a15_g9.json,/home/mathis/Documents/Travail/cbnsl_benchmark/scaling/../scaling/results/2026-04-02_10h34_sem_gaussian/graphs/MIIC__v10_a15_g9_s3000.json,,0.19267853497876786,9.0,4.0,0.5555555555555556,0.9600000000000001,0.8333333333333334,0.9230769230769231
sem_gaussian,GHC+BDeu,"{""n_bins"": 4, ""discretization_method"": ""quantile""}",10,15,3000,9,/home/mathis/Documents/Travail/cbnsl_benchmark/scaling/../scaling/results/2026-04-02_10h34_sem_gaussian/graphs/golden__v10_a15_g9.json,/home/mathis/Documents/Travail/cbnsl_benchmark/scaling/../scaling/results/2026-04-02_10h34_sem_gaussian/graphs/GHC+BDeu__v10_a15_g9_s3000.json,,0.15941964101511985,9.0,10.0,0.4444444444444444,0.8799999999999999,0.6666666666666666,0.8461538461538461
sem_gaussian,NOTEARS,"{""lambda1"": 0.0, ""w_threshold_notears"": 0.3}",10,15,3000,9,/home/mathis/Documents/Travail/cbnsl_benchmark/scaling/../scaling/results/2026-04-02_10h34_sem_gaussian/graphs/golden__v10_a15_g9.json,/home/mathis/Documents/Travail/cbnsl_benchmark/scaling/../scaling/results/2026-04-02_10h34_sem_gaussian/graphs/NOTEARS__v10_a15_g9_s3000.json,,2.5337150520063005,7.0,9.0,0.6666666666666666,0.962962962962963,1.0,1.0
sem_gaussian,NOTEARS Disc.,"{""lambda1"": 0.1, ""w_threshold_notears"": 0.1, ""n_bins"": 4, ""discretization_method"": ""quantile""}",10,15,3000,9,/home/mathis/Documents/Travail/cbnsl_benchmark/scaling/../scaling/results/2026-04-02_10h34_sem_gaussian/graphs/golden__v10_a15_g9.json,/home/mathis/Documents/Travail/cbnsl_benchmark/scaling/../scaling/results/2026-04-02_10h34_sem_gaussian/graphs/NOTEARS Disc.__v10_a15_g9_s3000.json,,3.458449411991751,0.0,5.0,0.8695652173913044,1.0,1.0,1.0
sem_gaussian,LiNGAM,"{""threshold_lingam"": 0.1}",10,15,3000,9,/home/mathis/Documents/Travail/cbnsl_benchmark/scaling/../scaling/results/2026-04-02_10h34_sem_gaussian/graphs/golden__v10_a15_g9.json,/home/mathis/Documents/Travail/cbnsl_benchmark/scaling/../scaling/results/2026-04-02_10h34_sem_gaussian/graphs/LiNGAM__v10_a15_g9_s3000.json,,0.46506678700097837,20.0,19.0,0.29629629629629634,0.7222222222222222,1.0,1.0
sem_gaussian,CPC,"{""alpha"": 0.05, ""max_conditioning_set_size"": 3}",10,15,5000,9,/home/mathis/Documents/Travail/cbnsl_benchmark/scaling/../scaling/results/2026-04-02_10h34_sem_gaussian/graphs/golden__v10_a15_g9.json,/home/mathis/Documents/Travail/cbnsl_benchmark/scaling/../scaling/results/2026-04-02_10h34_sem_gaussian/graphs/CPC__v10_a15_g9_s5000.json,,35.817647599003976,12.0,11.0,0.35294117647058826,0.8799999999999999,0.6,0.8461538461538461
sem_gaussian,CMIIC,"{""alpha"": 0.05}",10,15,5000,9,/home/mathis/Documents/Travail/cbnsl_benchmark/scaling/../scaling/results/2026-04-02_10h34_sem_gaussian/graphs/golden__v10_a15_g9.json,/home/mathis/Documents/Travail/cbnsl_benchmark/scaling/../scaling/results/2026-04-02_10h34_sem_gaussian/graphs/CMIIC__v10_a15_g9_s5000.json,,26.119463772978634,10.0,11.0,0.26666666666666666,0.8695652173913044,0.4,0.7692307692307693
sem_gaussian,MIIC,"{""n_bins"": 4, ""discretization_method"": ""quantile""}",10,15,5000,9,/home/mathis/Documents/Travail/cbnsl_benchmark/scaling/../scaling/results/2026-04-02_10h34_sem_gaussian/graphs/golden__v10_a15_g9.json,/home/mathis/Documents/Travail/cbnsl_benchmark/scaling/../scaling/results/2026-04-02_10h34_sem_gaussian/graphs/MIIC__v10_a15_g9_s5000.json,,0.3398613879980985,9.0,4.0,0.5555555555555556,0.9600000000000001,0.8333333333333334,0.9230769230769231
sem_gaussian,GHC+BDeu,"{""n_bins"": 4, ""discretization_method"": ""quantile""}",10,15,5000,9,/home/mathis/Documents/Travail/cbnsl_benchmark/scaling/../scaling/results/2026-04-02_10h34_sem_gaussian/graphs/golden__v10_a15_g9.json,/home/mathis/Documents/Travail/cbnsl_benchmark/scaling/../scaling/results/2026-04-02_10h34_sem_gaussian/graphs/GHC+BDeu__v10_a15_g9_s5000.json,,0.23113207597634755,8.0,7.0,0.5263157894736842,0.962962962962963,1.0,1.0
sem_gaussian,NOTEARS,"{""lambda1"": 0.0, ""w_threshold_notears"": 0.3}",10,15,5000,9,/home/mathis/Documents/Travail/cbnsl_benchmark/scaling/../scaling/results/2026-04-02_10h34_sem_gaussian/graphs/golden__v10_a15_g9.json,/home/mathis/Documents/Travail/cbnsl_benchmark/scaling/../scaling/results/2026-04-02_10h34_sem_gaussian/graphs/NOTEARS__v10_a15_g9_s5000.json,,4.09576735200244,7.0,9.0,0.6666666666666666,0.962962962962963,1.0,1.0
sem_gaussian,NOTEARS Disc.,"{""lambda1"": 0.1, ""w_threshold_notears"": 0.1, ""n_bins"": 4, ""discretization_method"": ""quantile""}",10,15,5000,9,/home/mathis/Documents/Travail/cbnsl_benchmark/scaling/../scaling/results/2026-04-02_10h34_sem_gaussian/graphs/golden__v10_a15_g9.json,/home/mathis/Documents/Travail/cbnsl_benchmark/scaling/../scaling/results/2026-04-02_10h34_sem_gaussian/graphs/NOTEARS Disc.__v10_a15_g9_s5000.json,,5.781161907973001,0.0,5.0,0.8695652173913044,1.0,1.0,1.0
sem_gaussian,LiNGAM,"{""threshold_lingam"": 0.1}",10,15,5000,9,/home/mathis/Documents/Travail/cbnsl_benchmark/scaling/../scaling/results/2026-04-02_10h34_sem_gaussian/graphs/golden__v10_a15_g9.json,/home/mathis/Documents/Travail/cbnsl_benchmark/scaling/../scaling/results/2026-04-02_10h34_sem_gaussian/graphs/LiNGAM__v10_a15_g9_s5000.json,,0.5782569829898421,21.0,20.0,0.19999999999999998,0.65,1.0,1.0
sem_gaussian,CPC,"{""alpha"": 0.05, ""max_conditioning_set_size"": 3}",10,15,200,10,/home/mathis/Documents/Travail/cbnsl_benchmark/scaling/../scaling/results/2026-04-02_10h34_sem_gaussian/graphs/golden__v10_a15_g10.json,/home/mathis/Documents/Travail/cbnsl_benchmark/scaling/../scaling/results/2026-04-02_10h34_sem_gaussian/graphs/CPC__v10_a15_g10_s200.json,,0.029506430990295485,14.0,12.0,0.0,0.25,0.0,0.14285714285714285
sem_gaussian,CMIIC,"{""alpha"": 0.05}",10,15,200,10,/home/mathis/Documents/Travail/cbnsl_benchmark/scaling/../scaling/results/2026-04-02_10h34_sem_gaussian/graphs/golden__v10_a15_g10.json,/home/mathis/Documents/Travail/cbnsl_benchmark/scaling/../scaling/results/2026-04-02_10h34_sem_gaussian/graphs/CMIIC__v10_a15_g10_s200.json,,0.09005936200264841,12.0,10.0,0.13333333333333333,0.88,0.25,0.7857142857142857
sem_gaussian,MIIC,"{""n_bins"": 4, ""discretization_method"": ""quantile""}",10,15,200,10,/home/mathis/Documents/Travail/cbnsl_benchmark/scaling/../scaling/results/2026-04-02_10h34_sem_gaussian/graphs/golden__v10_a15_g10.json,/home/mathis/Documents/Travail/cbnsl_benchmark/scaling/../scaling/results/2026-04-02_10h34_sem_gaussian/graphs/MIIC__v10_a15_g10_s200.json,,0.02416147998883389,7.0,12.0,0.0,0.6666666666666666,0.0,0.5
sem_gaussian,GHC+BDeu,"{""n_bins"": 4, ""discretization_method"": ""quantile""}",10,15,200,10,/home/mathis/Documents/Travail/cbnsl_benchmark/scaling/../scaling/results/2026-04-02_10h34_sem_gaussian/graphs/golden__v10_a15_g10.json,/home/mathis/Documents/Travail/cbnsl_benchmark/scaling/../scaling/results/2026-04-02_10h34_sem_gaussian/graphs/GHC+BDeu__v10_a15_g10_s200.json,,0.02149754497804679,12.0,11.0,0.0,0.6,0.0,0.42857142857142855
sem_gaussian,NOTEARS,"{""lambda1"": 0.0, ""w_threshold_notears"": 0.3}",10,15,200,10,/home/mathis/Documents/Travail/cbnsl_benchmark/scaling/../scaling/results/2026-04-02_10h34_sem_gaussian/graphs/golden__v10_a15_g10.json,/home/mathis/Documents/Travail/cbnsl_benchmark/scaling/../scaling/results/2026-04-02_10h34_sem_gaussian/graphs/NOTEARS__v10_a15_g10_s200.json,,2.0266013130021747,5.0,12.0,0.6086956521739131,0.8571428571428571,0.7777777777777778,0.8571428571428571
sem_gaussian,NOTEARS Disc.,"{""lambda1"": 0.1, ""w_threshold_notears"": 0.1, ""n_bins"": 4, ""discretization_method"": ""quantile""}",10,15,200,10,/home/mathis/Documents/Travail/cbnsl_benchmark/scaling/../scaling/results/2026-04-02_10h34_sem_gaussian/graphs/golden__v10_a15_g10.json,/home/mathis/Documents/Travail/cbnsl_benchmark/scaling/../scaling/results/2026-04-02_10h34_sem_gaussian/graphs/NOTEARS Disc.__v10_a15_g10_s200.json,,2.963756261015078,15.0,14.0,0.2222222222222222,0.896551724137931,0.6666666666666666,0.9285714285714286
sem_gaussian,LiNGAM,"{""threshold_lingam"": 0.1}",10,15,200,10,/home/mathis/Documents/Travail/cbnsl_benchmark/scaling/../scaling/results/2026-04-02_10h34_sem_gaussian/graphs/golden__v10_a15_g10.json,/home/mathis/Documents/Travail/cbnsl_benchmark/scaling/../scaling/results/2026-04-02_10h34_sem_gaussian/graphs/LiNGAM__v10_a15_g10_s200.json,,0.2589691960019991,18.0,13.0,0.32000000000000006,0.7647058823529412,0.8,0.9285714285714286
sem_gaussian,CPC,"{""alpha"": 0.05, ""max_conditioning_set_size"": 3}",10,15,500,10,/home/mathis/Documents/Travail/cbnsl_benchmark/scaling/../scaling/results/2026-04-02_10h34_sem_gaussian/graphs/golden__v10_a15_g10.json,/home/mathis/Documents/Travail/cbnsl_benchmark/scaling/../scaling/results/2026-04-02_10h34_sem_gaussian/graphs/CPC__v10_a15_g10_s500.json,,0.17817083801492117,14.0,11.0,0.0,0.35294117647058826,0.0,0.21428571428571427
sem_gaussian,CMIIC,"{""alpha"": 0.05}",10,15,500,10,/home/mathis/Documents/Travail/cbnsl_benchmark/scaling/../scaling/results/2026-04-02_10h34_sem_gaussian/graphs/golden__v10_a15_g10.json,/home/mathis/Documents/Travail/cbnsl_benchmark/scaling/../scaling/results/2026-04-02_10h34_sem_gaussian/graphs/CMIIC__v10_a15_g10_s500.json,,0.4126541560108308,12.0,10.0,0.13333333333333333,0.88,0.25,0.7857142857142857
sem_gaussian,MIIC,"{""n_bins"": 4, ""discretization_method"": ""quantile""}",10,15,500,10,/home/mathis/Documents/Travail/cbnsl_benchmark/scaling/../scaling/results/2026-04-02_10h34_sem_gaussian/graphs/golden__v10_a15_g10.json,/home/mathis/Documents/Travail/cbnsl_benchmark/scaling/../scaling/results/2026-04-02_10h34_sem_gaussian/graphs/MIIC__v10_a15_g10_s500.json,,0.03420711500803009,12.0,5.0,0.0,0.8333333333333333,0.0,0.7142857142857143
sem_gaussian,GHC+BDeu,"{""n_bins"": 4, ""discretization_method"": ""quantile""}",10,15,500,10,/home/mathis/Documents/Travail/cbnsl_benchmark/scaling/../scaling/results/2026-04-02_10h34_sem_gaussian/graphs/golden__v10_a15_g10.json,/home/mathis/Documents/Travail/cbnsl_benchmark/scaling/../scaling/results/2026-04-02_10h34_sem_gaussian/graphs/GHC+BDeu__v10_a15_g10_s500.json,,0.032049832021584734,13.0,11.0,0.0,0.5714285714285714,0.0,0.42857142857142855
sem_gaussian,NOTEARS,"{""lambda1"": 0.0, ""w_threshold_notears"": 0.3}",10,15,500,10,/home/mathis/Documents/Travail/cbnsl_benchmark/scaling/../scaling/results/2026-04-02_10h34_sem_gaussian/graphs/golden__v10_a15_g10.json,/home/mathis/Documents/Travail/cbnsl_benchmark/scaling/../scaling/results/2026-04-02_10h34_sem_gaussian/graphs/NOTEARS__v10_a15_g10_s500.json,,1.2086478529963642,5.0,10.0,0.5,0.9285714285714286,0.8333333333333334,0.9285714285714286
sem_gaussian,NOTEARS Disc.,"{""lambda1"": 0.1, ""w_threshold_notears"": 0.1, ""n_bins"": 4, ""discretization_method"": ""quantile""}",10,15,500,10,/home/mathis/Documents/Travail/cbnsl_benchmark/scaling/../scaling/results/2026-04-02_10h34_sem_gaussian/graphs/golden__v10_a15_g10.json,/home/mathis/Documents/Travail/cbnsl_benchmark/scaling/../scaling/results/2026-04-02_10h34_sem_gaussian/graphs/NOTEARS Disc.__v10_a15_g10_s500.json,,7.799459268018836,10.0,9.0,0.5714285714285714,0.9285714285714286,0.8571428571428571,0.9285714285714286
sem_gaussian,LiNGAM,"{""threshold_lingam"": 0.1}",10,15,500,10,/home/mathis/Documents/Travail/cbnsl_benchmark/scaling/../scaling/results/2026-04-02_10h34_sem_gaussian/graphs/golden__v10_a15_g10.json,/home/mathis/Documents/Travail/cbnsl_benchmark/scaling/../scaling/results/2026-04-02_10h34_sem_gaussian/graphs/LiNGAM__v10_a15_g10_s500.json,,0.2612504400021862,23.0,21.0,0.2666666666666667,0.7000000000000001,1.0,1.0
sem_gaussian,CPC,"{""alpha"": 0.05, ""max_conditioning_set_size"": 3}",10,15,1000,10,/home/mathis/Documents/Travail/cbnsl_benchmark/scaling/../scaling/results/2026-04-02_10h34_sem_gaussian/graphs/golden__v10_a15_g10.json,/home/mathis/Documents/Travail/cbnsl_benchmark/scaling/../scaling/results/2026-04-02_10h34_sem_gaussian/graphs/CPC__v10_a15_g10_s1000.json,,1.19787226698827,12.0,13.0,0.23529411764705882,0.6956521739130435,0.25,0.5714285714285714
sem_gaussian,CMIIC,"{""alpha"": 0.05}",10,15,1000,10,/home/mathis/Documents/Travail/cbnsl_benchmark/scaling/../scaling/results/2026-04-02_10h34_sem_gaussian/graphs/golden__v10_a15_g10.json,/home/mathis/Documents/Travail/cbnsl_benchmark/scaling/../scaling/results/2026-04-02_10h34_sem_gaussian/graphs/CMIIC__v10_a15_g10_s1000.json,,1.764697075006552,12.0,10.0,0.13333333333333333,0.88,0.25,0.7857142857142857
sem_gaussian,MIIC,"{""n_bins"": 4, ""discretization_method"": ""quantile""}",10,15,1000,10,/home/mathis/Documents/Travail/cbnsl_benchmark/scaling/../scaling/results/2026-04-02_10h34_sem_gaussian/graphs/golden__v10_a15_g10.json,/home/mathis/Documents/Travail/cbnsl_benchmark/scaling/../scaling/results/2026-04-02_10h34_sem_gaussian/graphs/MIIC__v10_a15_g10_s1000.json,,0.07005056799971499,12.0,5.0,0.0,0.8333333333333333,0.0,0.7142857142857143
sem_gaussian,GHC+BDeu,"{""n_bins"": 4, ""discretization_method"": ""quantile""}",10,15,1000,10,/home/mathis/Documents/Travail/cbnsl_benchmark/scaling/../scaling/results/2026-04-02_10h34_sem_gaussian/graphs/golden__v10_a15_g10.json,/home/mathis/Documents/Travail/cbnsl_benchmark/scaling/../scaling/results/2026-04-02_10h34_sem_gaussian/graphs/GHC+BDeu__v10_a15_g10_s1000.json,,0.05527751400950365,12.0,9.0,0.0,0.6956521739130435,0.0,0.5714285714285714
sem_gaussian,NOTEARS,"{""lambda1"": 0.0, ""w_threshold_notears"": 0.3}",10,15,1000,10,/home/mathis/Documents/Travail/cbnsl_benchmark/scaling/../scaling/results/2026-04-02_10h34_sem_gaussian/graphs/golden__v10_a15_g10.json,/home/mathis/Documents/Travail/cbnsl_benchmark/scaling/../scaling/results/2026-04-02_10h34_sem_gaussian/graphs/NOTEARS__v10_a15_g10_s1000.json,,1.862856235995423,5.0,10.0,0.5,0.9285714285714286,0.8333333333333334,0.9285714285714286
sem_gaussian,NOTEARS Disc.,"{""lambda1"": 0.1, ""w_threshold_notears"": 0.1, ""n_bins"": 4, ""discretization_method"": ""quantile""}",10,15,1000,10,/home/mathis/Documents/Travail/cbnsl_benchmark/scaling/../scaling/results/2026-04-02_10h34_sem_gaussian/graphs/golden__v10_a15_g10.json,/home/mathis/Documents/Travail/cbnsl_benchmark/scaling/../scaling/results/2026-04-02_10h34_sem_gaussian/graphs/NOTEARS Disc.__v10_a15_g10_s1000.json,,7.01990918800584,10.0,8.0,0.5714285714285714,0.888888888888889,0.75,0.8571428571428571
sem_gaussian,LiNGAM,"{""threshold_lingam"": 0.1}",10,15,1000,10,/home/mathis/Documents/Travail/cbnsl_benchmark/scaling/../scaling/results/2026-04-02_10h34_sem_gaussian/graphs/golden__v10_a15_g10.json,/home/mathis/Documents/Travail/cbnsl_benchmark/scaling/../scaling/results/2026-04-02_10h34_sem_gaussian/graphs/LiNGAM__v10_a15_g10_s1000.json,,0.3212275220139418,15.0,19.0,0.25,0.8,1.0,1.0
sem_gaussian,CPC,"{""alpha"": 0.05, ""max_conditioning_set_size"": 3}",10,15,3000,10,/home/mathis/Documents/Travail/cbnsl_benchmark/scaling/../scaling/results/2026-04-02_10h34_sem_gaussian/graphs/golden__v10_a15_g10.json,/home/mathis/Documents/Travail/cbnsl_benchmark/scaling/../scaling/results/2026-04-02_10h34_sem_gaussian/graphs/CPC__v10_a15_g10_s3000.json,,10.900885853014188,7.0,10.0,0.6666666666666666,0.923076923076923,0.7777777777777778,0.8571428571428571
sem_gaussian,CMIIC,"{""alpha"": 0.05}",10,15,3000,10,/home/mathis/Documents/Travail/cbnsl_benchmark/scaling/../scaling/results/2026-04-02_10h34_sem_gaussian/graphs/golden__v10_a15_g10.json,/home/mathis/Documents/Travail/cbnsl_benchmark/scaling/../scaling/results/2026-04-02_10h34_sem_gaussian/graphs/CMIIC__v10_a15_g10_s3000.json,,12.552634986990597,12.0,10.0,0.13333333333333333,0.88,0.25,0.7857142857142857
sem_gaussian,MIIC,"{""n_bins"": 4, ""discretization_method"": ""quantile""}",10,15,3000,10,/home/mathis/Documents/Travail/cbnsl_benchmark/scaling/../scaling/results/2026-04-02_10h34_sem_gaussian/graphs/golden__v10_a15_g10.json,/home/mathis/Documents/Travail/cbnsl_benchmark/scaling/../scaling/results/2026-04-02_10h34_sem_gaussian/graphs/MIIC__v10_a15_g10_s3000.json,,0.17862901801709086,9.0,4.0,0.6666666666666666,0.923076923076923,0.7777777777777778,0.8571428571428571
sem_gaussian,GHC+BDeu,"{""n_bins"": 4, ""discretization_method"": ""quantile""}",10,15,3000,10,/home/mathis/Documents/Travail/cbnsl_benchmark/scaling/../scaling/results/2026-04-02_10h34_sem_gaussian/graphs/golden__v10_a15_g10.json,/home/mathis/Documents/Travail/cbnsl_benchmark/scaling/../scaling/results/2026-04-02_10h34_sem_gaussian/graphs/GHC+BDeu__v10_a15_g10_s3000.json,,0.13520129799144343,14.0,8.0,0.0,0.8461538461538461,0.0,0.7857142857142857
sem_gaussian,NOTEARS,"{""lambda1"": 0.0, ""w_threshold_notears"": 0.3}",10,15,3000,10,/home/mathis/Documents/Travail/cbnsl_benchmark/scaling/../scaling/results/2026-04-02_10h34_sem_gaussian/graphs/golden__v10_a15_g10.json,/home/mathis/Documents/Travail/cbnsl_benchmark/scaling/../scaling/results/2026-04-02_10h34_sem_gaussian/graphs/NOTEARS__v10_a15_g10_s3000.json,,2.9792450529930647,5.0,10.0,0.5,0.9285714285714286,0.8333333333333334,0.9285714285714286
sem_gaussian,NOTEARS Disc.,"{""lambda1"": 0.1, ""w_threshold_notears"": 0.1, ""n_bins"": 4, ""discretization_method"": ""quantile""}",10,15,3000,10,/home/mathis/Documents/Travail/cbnsl_benchmark/scaling/../scaling/results/2026-04-02_10h34_sem_gaussian/graphs/golden__v10_a15_g10.json,/home/mathis/Documents/Travail/cbnsl_benchmark/scaling/../scaling/results/2026-04-02_10h34_sem_gaussian/graphs/NOTEARS Disc.__v10_a15_g10_s3000.json,,4.012467129010474,7.0,13.0,0.42105263157894735,0.888888888888889,0.6666666666666666,0.8571428571428571
sem_gaussian,LiNGAM,"{""threshold_lingam"": 0.1}",10,15,3000,10,/home/mathis/Documents/Travail/cbnsl_benchmark/scaling/../scaling/results/2026-04-02_10h34_sem_gaussian/graphs/golden__v10_a15_g10.json,/home/mathis/Documents/Travail/cbnsl_benchmark/scaling/../scaling/results/2026-04-02_10h34_sem_gaussian/graphs/LiNGAM__v10_a15_g10_s3000.json,,0.43896219300222583,23.0,25.0,0.35294117647058826,0.6666666666666666,1.0,1.0
sem_gaussian,CPC,"{""alpha"": 0.05, ""max_conditioning_set_size"": 3}",10,15,5000,10,/home/mathis/Documents/Travail/cbnsl_benchmark/scaling/../scaling/results/2026-04-02_10h34_sem_gaussian/graphs/golden__v10_a15_g10.json,/home/mathis/Documents/Travail/cbnsl_benchmark/scaling/../scaling/results/2026-04-02_10h34_sem_gaussian/graphs/CPC__v10_a15_g10_s5000.json,,29.086328005010728,10.0,10.0,0.6,0.923076923076923,0.75,0.8571428571428571
sem_gaussian,CMIIC,"{""alpha"": 0.05}",10,15,5000,10,/home/mathis/Documents/Travail/cbnsl_benchmark/scaling/../scaling/results/2026-04-02_10h34_sem_gaussian/graphs/golden__v10_a15_g10.json,/home/mathis/Documents/Travail/cbnsl_benchmark/scaling/../scaling/results/2026-04-02_10h34_sem_gaussian/graphs/CMIIC__v10_a15_g10_s5000.json,,37.76573318100418,12.0,10.0,0.13333333333333333,0.88,0.25,0.7857142857142857
sem_gaussian,MIIC,"{""n_bins"": 4, ""discretization_method"": ""quantile""}",10,15,5000,10,/home/mathis/Documents/Travail/cbnsl_benchmark/scaling/../scaling/results/2026-04-02_10h34_sem_gaussian/graphs/golden__v10_a15_g10.json,/home/mathis/Documents/Travail/cbnsl_benchmark/scaling/../scaling/results/2026-04-02_10h34_sem_gaussian/graphs/MIIC__v10_a15_g10_s5000.json,,0.34070365101797506,6.0,10.0,0.7272727272727272,0.923076923076923,0.8,0.8571428571428571
sem_gaussian,GHC+BDeu,"{""n_bins"": 4, ""discretization_method"": ""quantile""}",10,15,5000,10,/home/mathis/Documents/Travail/cbnsl_benchmark/scaling/../scaling/results/2026-04-02_10h34_sem_gaussian/graphs/golden__v10_a15_g10.json,/home/mathis/Documents/Travail/cbnsl_benchmark/scaling/../scaling/results/2026-04-02_10h34_sem_gaussian/graphs/GHC+BDeu__v10_a15_g10_s5000.json,,0.2653008850174956,10.0,11.0,0.6086956521739131,0.8571428571428571,0.7777777777777778,0.8571428571428571
sem_gaussian,NOTEARS,"{""lambda1"": 0.0, ""w_threshold_notears"": 0.3}",10,15,5000,10,/home/mathis/Documents/Travail/cbnsl_benchmark/scaling/../scaling/results/2026-04-02_10h34_sem_gaussian/graphs/golden__v10_a15_g10.json,/home/mathis/Documents/Travail/cbnsl_benchmark/scaling/../scaling/results/2026-04-02_10h34_sem_gaussian/graphs/NOTEARS__v10_a15_g10_s5000.json,,4.390920354984701,5.0,10.0,0.5,0.9285714285714286,0.8333333333333334,0.9285714285714286
sem_gaussian,NOTEARS Disc.,"{""lambda1"": 0.1, ""w_threshold_notears"": 0.1, ""n_bins"": 4, ""discretization_method"": ""quantile""}",10,15,5000,10,/home/mathis/Documents/Travail/cbnsl_benchmark/scaling/../scaling/results/2026-04-02_10h34_sem_gaussian/graphs/golden__v10_a15_g10.json,/home/mathis/Documents/Travail/cbnsl_benchmark/scaling/../scaling/results/2026-04-02_10h34_sem_gaussian/graphs/NOTEARS Disc.__v10_a15_g10_s5000.json,,10.928766344994074,7.0,13.0,0.42105263157894735,0.888888888888889,0.6666666666666666,0.8571428571428571
sem_gaussian,LiNGAM,"{""threshold_lingam"": 0.1}",10,15,5000,10,/home/mathis/Documents/Travail/cbnsl_benchmark/scaling/../scaling/results/2026-04-02_10h34_sem_gaussian/graphs/golden__v10_a15_g10.json,/home/mathis/Documents/Travail/cbnsl_benchmark/scaling/../scaling/results/2026-04-02_10h34_sem_gaussian/graphs/LiNGAM__v10_a15_g10_s5000.json,,0.5777417209756095,16.0,17.0,0.5161290322580645,0.7567567567567568,1.0,1.0
sem_gaussian,CPC,"{""alpha"": 0.05, ""max_conditioning_set_size"": 3}",10,15,200,11,/home/mathis/Documents/Travail/cbnsl_benchmark/scaling/../scaling/results/2026-04-02_10h34_sem_gaussian/graphs/golden__v10_a15_g11.json,/home/mathis/Documents/Travail/cbnsl_benchmark/scaling/../scaling/results/2026-04-02_10h34_sem_gaussian/graphs/CPC__v10_a15_g11_s200.json,,0.028001717990264297,10.0,10.0,0.37499999999999994,0.631578947368421,0.3,0.46153846153846156
sem_gaussian,CMIIC,"{""alpha"": 0.05}",10,15,200,11,/home/mathis/Documents/Travail/cbnsl_benchmark/scaling/../scaling/results/2026-04-02_10h34_sem_gaussian/graphs/golden__v10_a15_g11.json,/home/mathis/Documents/Travail/cbnsl_benchmark/scaling/../scaling/results/2026-04-02_10h34_sem_gaussian/graphs/CMIIC__v10_a15_g11_s200.json,,0.11893914302345365,13.0,11.0,0.0,0.8695652173913044,0.0,0.7692307692307693
sem_gaussian,MIIC,"{""n_bins"": 4, ""discretization_method"": ""quantile""}",10,15,200,11,/home/mathis/Documents/Travail/cbnsl_benchmark/scaling/../scaling/results/2026-04-02_10h34_sem_gaussian/graphs/golden__v10_a15_g11.json,/home/mathis/Documents/Travail/cbnsl_benchmark/scaling/../scaling/results/2026-04-02_10h34_sem_gaussian/graphs/MIIC__v10_a15_g11_s200.json,,0.022131638979772106,13.0,9.0,0.0,0.761904761904762,0.0,0.6153846153846154
sem_gaussian,GHC+BDeu,"{""n_bins"": 4, ""discretization_method"": ""quantile""}",10,15,200,11,/home/mathis/Documents/Travail/cbnsl_benchmark/scaling/../scaling/results/2026-04-02_10h34_sem_gaussian/graphs/golden__v10_a15_g11.json,/home/mathis/Documents/Travail/cbnsl_benchmark/scaling/../scaling/results/2026-04-02_10h34_sem_gaussian/graphs/GHC+BDeu__v10_a15_g11_s200.json,,0.021305311005562544,13.0,10.0,0.0,0.5555555555555556,0.0,0.38461538461538464
sem_gaussian,NOTEARS,"{""lambda1"": 0.0, ""w_threshold_notears"": 0.3}",10,15,200,11,/home/mathis/Documents/Travail/cbnsl_benchmark/scaling/../scaling/results/2026-04-02_10h34_sem_gaussian/graphs/golden__v10_a15_g11.json,/home/mathis/Documents/Travail/cbnsl_benchmark/scaling/../scaling/results/2026-04-02_10h34_sem_gaussian/graphs/NOTEARS__v10_a15_g11_s200.json,,1.0472635940241162,1.0,11.0,0.9600000000000001,0.9600000000000001,0.9230769230769231,0.9230769230769231
sem_gaussian,NOTEARS Disc.,"{""lambda1"": 0.1, ""w_threshold_notears"": 0.1, ""n_bins"": 4, ""discretization_method"": ""quantile""}",10,15,200,11,/home/mathis/Documents/Travail/cbnsl_benchmark/scaling/../scaling/results/2026-04-02_10h34_sem_gaussian/graphs/golden__v10_a15_g11.json,/home/mathis/Documents/Travail/cbnsl_benchmark/scaling/../scaling/results/2026-04-02_10h34_sem_gaussian/graphs/NOTEARS Disc.__v10_a15_g11_s200.json,,6.831566459004534,13.0,12.0,0.3809523809523809,0.7857142857142856,0.6666666666666666,0.8461538461538461
sem_gaussian,LiNGAM,"{""threshold_lingam"": 0.1}",10,15,200,11,/home/mathis/Documents/Travail/cbnsl_benchmark/scaling/../scaling/results/2026-04-02_10h34_sem_gaussian/graphs/golden__v10_a15_g11.json,/home/mathis/Documents/Travail/cbnsl_benchmark/scaling/../scaling/results/2026-04-02_10h34_sem_gaussian/graphs/LiNGAM__v10_a15_g11_s200.json,,0.230368782998994,13.0,11.0,0.5185185185185185,0.787878787878788,1.0,1.0
sem_gaussian,CPC,"{""alpha"": 0.05, ""max_conditioning_set_size"": 3}",10,15,500,11,/home/mathis/Documents/Travail/cbnsl_benchmark/scaling/../scaling/results/2026-04-02_10h34_sem_gaussian/graphs/golden__v10_a15_g11.json,/home/mathis/Documents/Travail/cbnsl_benchmark/scaling/../scaling/results/2026-04-02_10h34_sem_gaussian/graphs/CPC__v10_a15_g11_s500.json,,0.16470464199665003,13.0,12.0,0.0,0.375,0.0,0.23076923076923078
sem_gaussian,CMIIC,"{""alpha"": 0.05}",10,15,500,11,/home/mathis/Documents/Travail/cbnsl_benchmark/scaling/../scaling/results/2026-04-02_10h34_sem_gaussian/graphs/golden__v10_a15_g11.json,/home/mathis/Documents/Travail/cbnsl_benchmark/scaling/../scaling/results/2026-04-02_10h34_sem_gaussian/graphs/CMIIC__v10_a15_g11_s500.json,,0.3183828000037465,7.0,8.0,0.631578947368421,0.9166666666666666,0.75,0.8461538461538461
sem_gaussian,MIIC,"{""n_bins"": 4, ""discretization_method"": ""quantile""}",10,15,500,11,/home/mathis/Documents/Travail/cbnsl_benchmark/scaling/../scaling/results/2026-04-02_10h34_sem_gaussian/graphs/golden__v10_a15_g11.json,/home/mathis/Documents/Travail/cbnsl_benchmark/scaling/../scaling/results/2026-04-02_10h34_sem_gaussian/graphs/MIIC__v10_a15_g11_s500.json,,0.03586137099773623,13.0,7.0,0.0,0.8695652173913044,0.0,0.7692307692307693
sem_gaussian,GHC+BDeu,"{""n_bins"": 4, ""discretization_method"": ""quantile""}",10,15,500,11,/home/mathis/Documents/Travail/cbnsl_benchmark/scaling/../scaling/results/2026-04-02_10h34_sem_gaussian/graphs/golden__v10_a15_g11.json,/home/mathis/Documents/Travail/cbnsl_benchmark/scaling/../scaling/results/2026-04-02_10h34_sem_gaussian/graphs/GHC+BDeu__v10_a15_g11_s500.json,,0.033646355994278565,13.0,10.0,0.0,0.761904761904762,0.0,0.6153846153846154
sem_gaussian,NOTEARS,"{""lambda1"": 0.0, ""w_threshold_notears"": 0.3}",10,15,500,11,/home/mathis/Documents/Travail/cbnsl_benchmark/scaling/../scaling/results/2026-04-02_10h34_sem_gaussian/graphs/golden__v10_a15_g11.json,/home/mathis/Documents/Travail/cbnsl_benchmark/scaling/../scaling/results/2026-04-02_10h34_sem_gaussian/graphs/NOTEARS__v10_a15_g11_s500.json,,1.2588007409940474,1.0,11.0,0.9600000000000001,0.9600000000000001,0.9230769230769231,0.9230769230769231
sem_gaussian,NOTEARS Disc.,"{""lambda1"": 0.1, ""w_threshold_notears"": 0.1, ""n_bins"": 4, ""discretization_method"": ""quantile""}",10,15,500,11,/home/mathis/Documents/Travail/cbnsl_benchmark/scaling/../scaling/results/2026-04-02_10h34_sem_gaussian/graphs/golden__v10_a15_g11.json,/home/mathis/Documents/Travail/cbnsl_benchmark/scaling/../scaling/results/2026-04-02_10h34_sem_gaussian/graphs/NOTEARS Disc.__v10_a15_g11_s500.json,,2.3344264820043463,15.0,10.0,0.0,0.8461538461538461,0.0,0.8461538461538461
sem_gaussian,LiNGAM,"{""threshold_lingam"": 0.1}",10,15,500,11,/home/mathis/Documents/Travail/cbnsl_benchmark/scaling/../scaling/results/2026-04-02_10h34_sem_gaussian/graphs/golden__v10_a15_g11.json,/home/mathis/Documents/Travail/cbnsl_benchmark/scaling/../scaling/results/2026-04-02_10h34_sem_gaussian/graphs/LiNGAM__v10_a15_g11_s500.json,,0.2572565450100228,22.0,18.0,0.21428571428571427,0.6486486486486487,0.75,0.9230769230769231
sem_gaussian,CPC,"{""alpha"": 0.05, ""max_conditioning_set_size"": 3}",10,15,1000,11,/home/mathis/Documents/Travail/cbnsl_benchmark/scaling/../scaling/results/2026-04-02_10h34_sem_gaussian/graphs/golden__v10_a15_g11.json,/home/mathis/Documents/Travail/cbnsl_benchmark/scaling/../scaling/results/2026-04-02_10h34_sem_gaussian/graphs/CPC__v10_a15_g11_s1000.json,,0.8464503819996025,11.0,10.0,0.26666666666666666,0.761904761904762,0.2857142857142857,0.6153846153846154
sem_gaussian,CMIIC,"{""alpha"": 0.05}",10,15,1000,11,/home/mathis/Documents/Travail/cbnsl_benchmark/scaling/../scaling/results/2026-04-02_10h34_sem_gaussian/graphs/golden__v10_a15_g11.json,/home/mathis/Documents/Travail/cbnsl_benchmark/scaling/../scaling/results/2026-04-02_10h34_sem_gaussian/graphs/CMIIC__v10_a15_g11_s1000.json,,1.1206054050126113,7.0,8.0,0.631578947368421,0.9166666666666666,0.75,0.8461538461538461
sem_gaussian,MIIC,"{""n_bins"": 4, ""discretization_method"": ""quantile""}",10,15,1000,11,/home/mathis/Documents/Travail/cbnsl_benchmark/scaling/../scaling/results/2026-04-02_10h34_sem_gaussian/graphs/golden__v10_a15_g11.json,/home/mathis/Documents/Travail/cbnsl_benchmark/scaling/../scaling/results/2026-04-02_10h34_sem_gaussian/graphs/MIIC__v10_a15_g11_s1000.json,,0.05341771600069478,11.0,8.0,0.0,0.9166666666666666,0.0,0.8461538461538461
sem_gaussian,GHC+BDeu,"{""n_bins"": 4, ""discretization_method"": ""quantile""}",10,15,1000,11,/home/mathis/Documents/Travail/cbnsl_benchmark/scaling/../scaling/results/2026-04-02_10h34_sem_gaussian/graphs/golden__v10_a15_g11.json,/home/mathis/Documents/Travail/cbnsl_benchmark/scaling/../scaling/results/2026-04-02_10h34_sem_gaussian/graphs/GHC+BDeu__v10_a15_g11_s1000.json,,0.05610680699464865,14.0,11.0,0.0,0.7272727272727274,0.0,0.6153846153846154
sem_gaussian,NOTEARS,"{""lambda1"": 0.0, ""w_threshold_notears"": 0.3}",10,15,1000,11,/home/mathis/Documents/Travail/cbnsl_benchmark/scaling/../scaling/results/2026-04-02_10h34_sem_gaussian/graphs/golden__v10_a15_g11.json,/home/mathis/Documents/Travail/cbnsl_benchmark/scaling/../scaling/results/2026-04-02_10h34_sem_gaussian/graphs/NOTEARS__v10_a15_g11_s1000.json,,3.3381871699821204,1.0,11.0,0.9600000000000001,0.9600000000000001,0.9230769230769231,0.9230769230769231
sem_gaussian,NOTEARS Disc.,"{""lambda1"": 0.1, ""w_threshold_notears"": 0.1, ""n_bins"": 4, ""discretization_method"": ""quantile""}",10,15,1000,11,/home/mathis/Documents/Travail/cbnsl_benchmark/scaling/../scaling/results/2026-04-02_10h34_sem_gaussian/graphs/golden__v10_a15_g11.json,/home/mathis/Documents/Travail/cbnsl_benchmark/scaling/../scaling/results/2026-04-02_10h34_sem_gaussian/graphs/NOTEARS Disc.__v10_a15_g11_s1000.json,,4.299741310998797,6.0,11.0,0.7272727272727272,0.8799999999999999,0.8,0.8461538461538461
sem_gaussian,LiNGAM,"{""threshold_lingam"": 0.1}",10,15,1000,11,/home/mathis/Documents/Travail/cbnsl_benchmark/scaling/../scaling/results/2026-04-02_10h34_sem_gaussian/graphs/golden__v10_a15_g11.json,/home/mathis/Documents/Travail/cbnsl_benchmark/scaling/../scaling/results/2026-04-02_10h34_sem_gaussian/graphs/LiNGAM__v10_a15_g11_s1000.json,,0.29262482398189604,15.0,15.0,0.4444444444444444,0.7272727272727274,0.8571428571428571,0.9230769230769231
sem_gaussian,CPC,"{""alpha"": 0.05, ""max_conditioning_set_size"": 3}",10,15,3000,11,/home/mathis/Documents/Travail/cbnsl_benchmark/scaling/../scaling/results/2026-04-02_10h34_sem_gaussian/graphs/golden__v10_a15_g11.json,/home/mathis/Documents/Travail/cbnsl_benchmark/scaling/../scaling/results/2026-04-02_10h34_sem_gaussian/graphs/CPC__v10_a15_g11_s3000.json,,10.231618696008809,10.0,4.0,0.37499999999999994,0.9166666666666666,0.6,0.8461538461538461
sem_gaussian,CMIIC,"{""alpha"": 0.05}",10,15,3000,11,/home/mathis/Documents/Travail/cbnsl_benchmark/scaling/../scaling/results/2026-04-02_10h34_sem_gaussian/graphs/golden__v10_a15_g11.json,/home/mathis/Documents/Travail/cbnsl_benchmark/scaling/../scaling/results/2026-04-02_10h34_sem_gaussian/graphs/CMIIC__v10_a15_g11_s3000.json,,8.839756679983111,7.0,8.0,0.631578947368421,0.9166666666666666,0.75,0.8461538461538461
sem_gaussian,MIIC,"{""n_bins"": 4, ""discretization_method"": ""quantile""}",10,15,3000,11,/home/mathis/Documents/Travail/cbnsl_benchmark/scaling/../scaling/results/2026-04-02_10h34_sem_gaussian/graphs/golden__v10_a15_g11.json,/home/mathis/Documents/Travail/cbnsl_benchmark/scaling/../scaling/results/2026-04-02_10h34_sem_gaussian/graphs/MIIC__v10_a15_g11_s3000.json,,0.18069160101003945,7.0,6.0,0.631578947368421,0.9600000000000001,0.8571428571428571,0.9230769230769231
sem_gaussian,GHC+BDeu,"{""n_bins"": 4, ""discretization_method"": ""quantile""}",10,15,3000,11,/home/mathis/Documents/Travail/cbnsl_benchmark/scaling/../scaling/results/2026-04-02_10h34_sem_gaussian/graphs/golden__v10_a15_g11.json,/home/mathis/Documents/Travail/cbnsl_benchmark/scaling/../scaling/results/2026-04-02_10h34_sem_gaussian/graphs/GHC+BDeu__v10_a15_g11_s3000.json,,0.13209038900095038,14.0,14.0,0.0,0.8333333333333333,0.0,0.7692307692307693
sem_gaussian,NOTEARS,"{""lambda1"": 0.0, ""w_threshold_notears"": 0.3}",10,15,3000,11,/home/mathis/Documents/Travail/cbnsl_benchmark/scaling/../scaling/results/2026-04-02_10h34_sem_gaussian/graphs/golden__v10_a15_g11.json,/home/mathis/Documents/Travail/cbnsl_benchmark/scaling/../scaling/results/2026-04-02_10h34_sem_gaussian/graphs/NOTEARS__v10_a15_g11_s3000.json,,7.007162020978285,1.0,11.0,0.9600000000000001,0.9600000000000001,0.9230769230769231,0.9230769230769231
sem_gaussian,NOTEARS Disc.,"{""lambda1"": 0.1, ""w_threshold_notears"": 0.1, ""n_bins"": 4, ""discretization_method"": ""quantile""}",10,15,3000,11,/home/mathis/Documents/Travail/cbnsl_benchmark/scaling/../scaling/results/2026-04-02_10h34_sem_gaussian/graphs/golden__v10_a15_g11.json,/home/mathis/Documents/Travail/cbnsl_benchmark/scaling/../scaling/results/2026-04-02_10h34_sem_gaussian/graphs/NOTEARS Disc.__v10_a15_g11_s3000.json,,4.141336995991878,4.0,12.0,0.8181818181818182,0.9600000000000001,0.9,0.9230769230769231
sem_gaussian,LiNGAM,"{""threshold_lingam"": 0.1}",10,15,3000,11,/home/mathis/Documents/Travail/cbnsl_benchmark/scaling/../scaling/results/2026-04-02_10h34_sem_gaussian/graphs/golden__v10_a15_g11.json,/home/mathis/Documents/Travail/cbnsl_benchmark/scaling/../scaling/results/2026-04-02_10h34_sem_gaussian/graphs/LiNGAM__v10_a15_g11_s3000.json,,0.40518638299545273,14.0,17.0,0.46153846153846156,0.7499999999999999,0.8571428571428571,0.9230769230769231
sem_gaussian,CPC,"{""alpha"": 0.05, ""max_conditioning_set_size"": 3}",10,15,5000,11,/home/mathis/Documents/Travail/cbnsl_benchmark/scaling/../scaling/results/2026-04-02_10h34_sem_gaussian/graphs/golden__v10_a15_g11.json,/home/mathis/Documents/Travail/cbnsl_benchmark/scaling/../scaling/results/2026-04-02_10h34_sem_gaussian/graphs/CPC__v10_a15_g11_s5000.json,,31.833762466005282,9.0,4.0,0.4705882352941177,0.9166666666666666,0.6666666666666666,0.8461538461538461
sem_gaussian,CMIIC,"{""alpha"": 0.05}",10,15,5000,11,/home/mathis/Documents/Travail/cbnsl_benchmark/scaling/../scaling/results/2026-04-02_10h34_sem_gaussian/graphs/golden__v10_a15_g11.json,/home/mathis/Documents/Travail/cbnsl_benchmark/scaling/../scaling/results/2026-04-02_10h34_sem_gaussian/graphs/CMIIC__v10_a15_g11_s5000.json,,29.437345746991923,7.0,8.0,0.631578947368421,0.9166666666666666,0.75,0.8461538461538461
sem_gaussian,MIIC,"{""n_bins"": 4, ""discretization_method"": ""quantile""}",10,15,5000,11,/home/mathis/Documents/Travail/cbnsl_benchmark/scaling/../scaling/results/2026-04-02_10h34_sem_gaussian/graphs/golden__v10_a15_g11.json,/home/mathis/Documents/Travail/cbnsl_benchmark/scaling/../scaling/results/2026-04-02_10h34_sem_gaussian/graphs/MIIC__v10_a15_g11_s5000.json,,0.3288151710003149,7.0,6.0,0.631578947368421,0.9600000000000001,0.8571428571428571,0.9230769230769231
sem_gaussian,GHC+BDeu,"{""n_bins"": 4, ""discretization_method"": ""quantile""}",10,15,5000,11,/home/mathis/Documents/Travail/cbnsl_benchmark/scaling/../scaling/results/2026-04-02_10h34_sem_gaussian/graphs/golden__v10_a15_g11.json,/home/mathis/Documents/Travail/cbnsl_benchmark/scaling/../scaling/results/2026-04-02_10h34_sem_gaussian/graphs/GHC+BDeu__v10_a15_g11_s5000.json,,0.21643331801169552,12.0,9.0,0.25,0.8799999999999999,0.5,0.8461538461538461
sem_gaussian,NOTEARS,"{""lambda1"": 0.0, ""w_threshold_notears"": 0.3}",10,15,5000,11,/home/mathis/Documents/Travail/cbnsl_benchmark/scaling/../scaling/results/2026-04-02_10h34_sem_gaussian/graphs/golden__v10_a15_g11.json,/home/mathis/Documents/Travail/cbnsl_benchmark/scaling/../scaling/results/2026-04-02_10h34_sem_gaussian/graphs/NOTEARS__v10_a15_g11_s5000.json,,6.4744491890014615,0.0,0.0,1.0,1.0,1.0,1.0
sem_gaussian,NOTEARS Disc.,"{""lambda1"": 0.1, ""w_threshold_notears"": 0.1, ""n_bins"": 4, ""discretization_method"": ""quantile""}",10,15,5000,11,/home/mathis/Documents/Travail/cbnsl_benchmark/scaling/../scaling/results/2026-04-02_10h34_sem_gaussian/graphs/golden__v10_a15_g11.json,/home/mathis/Documents/Travail/cbnsl_benchmark/scaling/../scaling/results/2026-04-02_10h34_sem_gaussian/graphs/NOTEARS Disc.__v10_a15_g11_s5000.json,,6.108127000014065,4.0,12.0,0.8181818181818182,0.9600000000000001,0.9,0.9230769230769231
sem_gaussian,LiNGAM,"{""threshold_lingam"": 0.1}",10,15,5000,11,/home/mathis/Documents/Travail/cbnsl_benchmark/scaling/../scaling/results/2026-04-02_10h34_sem_gaussian/graphs/golden__v10_a15_g11.json,/home/mathis/Documents/Travail/cbnsl_benchmark/scaling/../scaling/results/2026-04-02_10h34_sem_gaussian/graphs/LiNGAM__v10_a15_g11_s5000.json,,0.5806469850067515,13.0,16.0,0.5185185185185185,0.787878787878788,1.0,1.0
sem_gaussian,CPC,"{""alpha"": 0.05, ""max_conditioning_set_size"": 3}",10,15,200,12,/home/mathis/Documents/Travail/cbnsl_benchmark/scaling/../scaling/results/2026-04-02_10h34_sem_gaussian/graphs/golden__v10_a15_g12.json,/home/mathis/Documents/Travail/cbnsl_benchmark/scaling/../scaling/results/2026-04-02_10h34_sem_gaussian/graphs/CPC__v10_a15_g12_s200.json,,0.023837317974539474,12.0,11.0,0.25,0.35294117647058826,0.15384615384615385,0.21428571428571427
sem_gaussian,CMIIC,"{""alpha"": 0.05}",10,15,200,12,/home/mathis/Documents/Travail/cbnsl_benchmark/scaling/../scaling/results/2026-04-02_10h34_sem_gaussian/graphs/golden__v10_a15_g12.json,/home/mathis/Documents/Travail/cbnsl_benchmark/scaling/../scaling/results/2026-04-02_10h34_sem_gaussian/graphs/CMIIC__v10_a15_g12_s200.json,,0.08339606400113553,14.0,10.0,0.0,0.782608695652174,0.0,0.6428571428571429
sem_gaussian,MIIC,"{""n_bins"": 4, ""discretization_method"": ""quantile""}",10,15,200,12,/home/mathis/Documents/Travail/cbnsl_benchmark/scaling/../scaling/results/2026-04-02_10h34_sem_gaussian/graphs/golden__v10_a15_g12.json,/home/mathis/Documents/Travail/cbnsl_benchmark/scaling/../scaling/results/2026-04-02_10h34_sem_gaussian/graphs/MIIC__v10_a15_g12_s200.json,,0.023605806985870004,14.0,11.0,0.0,0.6,0.0,0.42857142857142855
sem_gaussian,GHC+BDeu,"{""n_bins"": 4, ""discretization_method"": ""quantile""}",10,15,200,12,/home/mathis/Documents/Travail/cbnsl_benchmark/scaling/../scaling/results/2026-04-02_10h34_sem_gaussian/graphs/golden__v10_a15_g12.json,/home/mathis/Documents/Travail/cbnsl_benchmark/scaling/../scaling/results/2026-04-02_10h34_sem_gaussian/graphs/GHC+BDeu__v10_a15_g12_s200.json,,0.02431273300317116,14.0,12.0,0.0,0.5263157894736842,0.0,0.35714285714285715
sem_gaussian,NOTEARS,"{""lambda1"": 0.0, ""w_threshold_notears"": 0.3}",10,15,200,12,/home/mathis/Documents/Travail/cbnsl_benchmark/scaling/../scaling/results/2026-04-02_10h34_sem_gaussian/graphs/golden__v10_a15_g12.json,/home/mathis/Documents/Travail/cbnsl_benchmark/scaling/../scaling/results/2026-04-02_10h34_sem_gaussian/graphs/NOTEARS__v10_a15_g12_s200.json,,1.27004177600611,0.0,9.0,0.962962962962963,1.0,1.0,1.0
sem_gaussian,NOTEARS Disc.,"{""lambda1"": 0.1, ""w_threshold_notears"": 0.1, ""n_bins"": 4, ""discretization_method"": ""quantile""}",10,15,200,12,/home/mathis/Documents/Travail/cbnsl_benchmark/scaling/../scaling/results/2026-04-02_10h34_sem_gaussian/graphs/golden__v10_a15_g12.json,/home/mathis/Documents/Travail/cbnsl_benchmark/scaling/../scaling/results/2026-04-02_10h34_sem_gaussian/graphs/NOTEARS Disc.__v10_a15_g12_s200.json,,0.8734546730120201,12.0,11.0,0.23529411764705882,0.888888888888889,0.5,0.8571428571428571
sem_gaussian,LiNGAM,"{""threshold_lingam"": 0.1}",10,15,200,12,/home/mathis/Documents/Travail/cbnsl_benchmark/scaling/../scaling/results/2026-04-02_10h34_sem_gaussian/graphs/golden__v10_a15_g12.json,/home/mathis/Documents/Travail/cbnsl_benchmark/scaling/../scaling/results/2026-04-02_10h34_sem_gaussian/graphs/LiNGAM__v10_a15_g12_s200.json,,0.27869266699417494,17.0,15.0,0.24999999999999997,0.7647058823529412,0.75,0.9285714285714286
sem_gaussian,CPC,"{""alpha"": 0.05, ""max_conditioning_set_size"": 3}",10,15,500,12,/home/mathis/Documents/Travail/cbnsl_benchmark/scaling/../scaling/results/2026-04-02_10h34_sem_gaussian/graphs/golden__v10_a15_g12.json,/home/mathis/Documents/Travail/cbnsl_benchmark/scaling/../scaling/results/2026-04-02_10h34_sem_gaussian/graphs/CPC__v10_a15_g12_s500.json,,0.25753822998376563,12.0,11.0,0.25,0.4444444444444445,0.16666666666666666,0.2857142857142857
sem_gaussian,CMIIC,"{""alpha"": 0.05}",10,15,500,12,/home/mathis/Documents/Travail/cbnsl_benchmark/scaling/../scaling/results/2026-04-02_10h34_sem_gaussian/graphs/golden__v10_a15_g12.json,/home/mathis/Documents/Travail/cbnsl_benchmark/scaling/../scaling/results/2026-04-02_10h34_sem_gaussian/graphs/CMIIC__v10_a15_g12_s500.json,,0.5033564000041224,12.0,12.0,0.25,0.8333333333333333,0.3333333333333333,0.7142857142857143
sem_gaussian,MIIC,"{""n_bins"": 4, ""discretization_method"": ""quantile""}",10,15,500,12,/home/mathis/Documents/Travail/cbnsl_benchmark/scaling/../scaling/results/2026-04-02_10h34_sem_gaussian/graphs/golden__v10_a15_g12.json,/home/mathis/Documents/Travail/cbnsl_benchmark/scaling/../scaling/results/2026-04-02_10h34_sem_gaussian/graphs/MIIC__v10_a15_g12_s500.json,,0.038251060992479324,12.0,12.0,0.0,0.8333333333333333,0.0,0.7142857142857143
sem_gaussian,GHC+BDeu,"{""n_bins"": 4, ""discretization_method"": ""quantile""}",10,15,500,12,/home/mathis/Documents/Travail/cbnsl_benchmark/scaling/../scaling/results/2026-04-02_10h34_sem_gaussian/graphs/golden__v10_a15_g12.json,/home/mathis/Documents/Travail/cbnsl_benchmark/scaling/../scaling/results/2026-04-02_10h34_sem_gaussian/graphs/GHC+BDeu__v10_a15_g12_s500.json,,0.03409810399170965,14.0,10.0,0.0,0.782608695652174,0.0,0.6428571428571429
sem_gaussian,NOTEARS,"{""lambda1"": 0.0, ""w_threshold_notears"": 0.3}",10,15,500,12,/home/mathis/Documents/Travail/cbnsl_benchmark/scaling/../scaling/results/2026-04-02_10h34_sem_gaussian/graphs/golden__v10_a15_g12.json,/home/mathis/Documents/Travail/cbnsl_benchmark/scaling/../scaling/results/2026-04-02_10h34_sem_gaussian/graphs/NOTEARS__v10_a15_g12_s500.json,,2.050484770006733,4.0,10.0,0.7826086956521738,0.923076923076923,0.8181818181818182,0.8571428571428571
sem_gaussian,NOTEARS Disc.,"{""lambda1"": 0.1, ""w_threshold_notears"": 0.1, ""n_bins"": 4, ""discretization_method"": ""quantile""}",10,15,500,12,/home/mathis/Documents/Travail/cbnsl_benchmark/scaling/../scaling/results/2026-04-02_10h34_sem_gaussian/graphs/golden__v10_a15_g12.json,/home/mathis/Documents/Travail/cbnsl_benchmark/scaling/../scaling/results/2026-04-02_10h34_sem_gaussian/graphs/NOTEARS Disc.__v10_a15_g12_s500.json,,1.7750908640155103,11.0,11.0,0.5454545454545455,0.896551724137931,0.8571428571428571,0.9285714285714286
sem_gaussian,LiNGAM,"{""threshold_lingam"": 0.1}",10,15,500,12,/home/mathis/Documents/Travail/cbnsl_benchmark/scaling/../scaling/results/2026-04-02_10h34_sem_gaussian/graphs/golden__v10_a15_g12.json,/home/mathis/Documents/Travail/cbnsl_benchmark/scaling/../scaling/results/2026-04-02_10h34_sem_gaussian/graphs/LiNGAM__v10_a15_g12_s500.json,,0.263267086003907,22.0,22.0,0.2666666666666667,0.7000000000000001,1.0,1.0
sem_gaussian,CPC,"{""alpha"": 0.05, ""max_conditioning_set_size"": 3}",10,15,1000,12,/home/mathis/Documents/Travail/cbnsl_benchmark/scaling/../scaling/results/2026-04-02_10h34_sem_gaussian/graphs/golden__v10_a15_g12.json,/home/mathis/Documents/Travail/cbnsl_benchmark/scaling/../scaling/results/2026-04-02_10h34_sem_gaussian/graphs/CPC__v10_a15_g12_s1000.json,,0.7957729590125382,12.0,12.0,0.25,0.8333333333333333,0.3333333333333333,0.7142857142857143
sem_gaussian,CMIIC,"{""alpha"": 0.05}",10,15,1000,12,/home/mathis/Documents/Travail/cbnsl_benchmark/scaling/../scaling/results/2026-04-02_10h34_sem_gaussian/graphs/golden__v10_a15_g12.json,/home/mathis/Documents/Travail/cbnsl_benchmark/scaling/../scaling/results/2026-04-02_10h34_sem_gaussian/graphs/CMIIC__v10_a15_g12_s1000.json,,1.4516264509875327,9.0,10.0,0.5263157894736842,0.8333333333333333,0.5555555555555556,0.7142857142857143
sem_gaussian,MIIC,"{""n_bins"": 4, ""discretization_method"": ""quantile""}",10,15,1000,12,/home/mathis/Documents/Travail/cbnsl_benchmark/scaling/../scaling/results/2026-04-02_10h34_sem_gaussian/graphs/golden__v10_a15_g12.json,/home/mathis/Documents/Travail/cbnsl_benchmark/scaling/../scaling/results/2026-04-02_10h34_sem_gaussian/graphs/MIIC__v10_a15_g12_s1000.json,,0.09487478199298494,12.0,12.0,0.0,0.8333333333333333,0.0,0.7142857142857143
sem_gaussian,GHC+BDeu,"{""n_bins"": 4, ""discretization_method"": ""quantile""}",10,15,1000,12,/home/mathis/Documents/Travail/cbnsl_benchmark/scaling/../scaling/results/2026-04-02_10h34_sem_gaussian/graphs/golden__v10_a15_g12.json,/home/mathis/Documents/Travail/cbnsl_benchmark/scaling/../scaling/results/2026-04-02_10h34_sem_gaussian/graphs/GHC+BDeu__v10_a15_g12_s1000.json,,0.09080405600252561,14.0,10.0,0.0,0.782608695652174,0.0,0.6428571428571429
sem_gaussian,NOTEARS,"{""lambda1"": 0.0, ""w_threshold_notears"": 0.3}",10,15,1000,12,/home/mathis/Documents/Travail/cbnsl_benchmark/scaling/../scaling/results/2026-04-02_10h34_sem_gaussian/graphs/golden__v10_a15_g12.json,/home/mathis/Documents/Travail/cbnsl_benchmark/scaling/../scaling/results/2026-04-02_10h34_sem_gaussian/graphs/NOTEARS__v10_a15_g12_s1000.json,,4.404917300998932,3.0,9.0,0.8333333333333333,0.962962962962963,0.9090909090909091,0.9285714285714286
sem_gaussian,NOTEARS Disc.,"{""lambda1"": 0.1, ""w_threshold_notears"": 0.1, ""n_bins"": 4, ""discretization_method"": ""quantile""}",10,15,1000,12,/home/mathis/Documents/Travail/cbnsl_benchmark/scaling/../scaling/results/2026-04-02_10h34_sem_gaussian/graphs/golden__v10_a15_g12.json,/home/mathis/Documents/Travail/cbnsl_benchmark/scaling/../scaling/results/2026-04-02_10h34_sem_gaussian/graphs/NOTEARS Disc.__v10_a15_g12_s1000.json,,2.360778586997185,11.0,13.0,0.4,0.896551724137931,0.8,0.9285714285714286
sem_gaussian,LiNGAM,"{""threshold_lingam"": 0.1}",10,15,1000,12,/home/mathis/Documents/Travail/cbnsl_benchmark/scaling/../scaling/results/2026-04-02_10h34_sem_gaussian/graphs/golden__v10_a15_g12.json,/home/mathis/Documents/Travail/cbnsl_benchmark/scaling/../scaling/results/2026-04-02_10h34_sem_gaussian/graphs/LiNGAM__v10_a15_g12_s1000.json,,0.2965614900167566,25.0,21.0,0.19354838709677416,0.6341463414634146,0.75,0.9285714285714286
sem_gaussian,CPC,"{""alpha"": 0.05, ""max_conditioning_set_size"": 3}",10,15,3000,12,/home/mathis/Documents/Travail/cbnsl_benchmark/scaling/../scaling/results/2026-04-02_10h34_sem_gaussian/graphs/golden__v10_a15_g12.json,/home/mathis/Documents/Travail/cbnsl_benchmark/scaling/../scaling/results/2026-04-02_10h34_sem_gaussian/graphs/CPC__v10_a15_g12_s3000.json,,7.348198797000805,13.0,11.0,0.3157894736842105,0.7692307692307692,0.42857142857142855,0.7142857142857143
sem_gaussian,CMIIC,"{""alpha"": 0.05}",10,15,3000,12,/home/mathis/Documents/Travail/cbnsl_benchmark/scaling/../scaling/results/2026-04-02_10h34_sem_gaussian/graphs/golden__v10_a15_g12.json,/home/mathis/Documents/Travail/cbnsl_benchmark/scaling/../scaling/results/2026-04-02_10h34_sem_gaussian/graphs/CMIIC__v10_a15_g12_s3000.json,,13.233628491987474,8.0,10.0,0.6,0.8333333333333333,0.6,0.7142857142857143
sem_gaussian,MIIC,"{""n_bins"": 4, ""discretization_method"": ""quantile""}",10,15,3000,12,/home/mathis/Documents/Travail/cbnsl_benchmark/scaling/../scaling/results/2026-04-02_10h34_sem_gaussian/graphs/golden__v10_a15_g12.json,/home/mathis/Documents/Travail/cbnsl_benchmark/scaling/../scaling/results/2026-04-02_10h34_sem_gaussian/graphs/MIIC__v10_a15_g12_s3000.json,,0.20050882099894807,9.0,10.0,0.5714285714285713,0.8,0.6,0.7142857142857143
sem_gaussian,GHC+BDeu,"{""n_bins"": 4, ""discretization_method"": ""quantile""}",10,15,3000,12,/home/mathis/Documents/Travail/cbnsl_benchmark/scaling/../scaling/results/2026-04-02_10h34_sem_gaussian/graphs/golden__v10_a15_g12.json,/home/mathis/Documents/Travail/cbnsl_benchmark/scaling/../scaling/results/2026-04-02_10h34_sem_gaussian/graphs/GHC+BDeu__v10_a15_g12_s3000.json,,0.14257406498654746,15.0,14.0,0.2105263157894737,0.6923076923076924,0.2857142857142857,0.6428571428571429
sem_gaussian,NOTEARS,"{""lambda1"": 0.0, ""w_threshold_notears"": 0.3}",10,15,3000,12,/home/mathis/Documents/Travail/cbnsl_benchmark/scaling/../scaling/results/2026-04-02_10h34_sem_gaussian/graphs/golden__v10_a15_g12.json,/home/mathis/Documents/Travail/cbnsl_benchmark/scaling/../scaling/results/2026-04-02_10h34_sem_gaussian/graphs/NOTEARS__v10_a15_g12_s3000.json,,4.4201303430018015,3.0,9.0,0.8333333333333333,0.962962962962963,0.9090909090909091,0.9285714285714286
sem_gaussian,NOTEARS Disc.,"{""lambda1"": 0.1, ""w_threshold_notears"": 0.1, ""n_bins"": 4, ""discretization_method"": ""quantile""}",10,15,3000,12,/home/mathis/Documents/Travail/cbnsl_benchmark/scaling/../scaling/results/2026-04-02_10h34_sem_gaussian/graphs/golden__v10_a15_g12.json,/home/mathis/Documents/Travail/cbnsl_benchmark/scaling/../scaling/results/2026-04-02_10h34_sem_gaussian/graphs/NOTEARS Disc.__v10_a15_g12_s3000.json,,5.543623978999676,11.0,14.0,0.45454545454545453,0.8666666666666666,0.8333333333333334,0.9285714285714286
sem_gaussian,LiNGAM,"{""threshold_lingam"": 0.1}",10,15,3000,12,/home/mathis/Documents/Travail/cbnsl_benchmark/scaling/../scaling/results/2026-04-02_10h34_sem_gaussian/graphs/golden__v10_a15_g12.json,/home/mathis/Documents/Travail/cbnsl_benchmark/scaling/../scaling/results/2026-04-02_10h34_sem_gaussian/graphs/LiNGAM__v10_a15_g12_s3000.json,,0.6455716429918539,23.0,20.0,0.3125,0.65,0.8333333333333334,0.9285714285714286
sem_gaussian,CPC,"{""alpha"": 0.05, ""max_conditioning_set_size"": 3}",10,15,5000,12,/home/mathis/Documents/Travail/cbnsl_benchmark/scaling/../scaling/results/2026-04-02_10h34_sem_gaussian/graphs/golden__v10_a15_g12.json,/home/mathis/Documents/Travail/cbnsl_benchmark/scaling/../scaling/results/2026-04-02_10h34_sem_gaussian/graphs/CPC__v10_a15_g12_s5000.json,,35.05992312298622,12.0,12.0,0.33333333333333326,0.8,0.42857142857142855,0.7142857142857143
sem_gaussian,CMIIC,"{""alpha"": 0.05}",10,15,5000,12,/home/mathis/Documents/Travail/cbnsl_benchmark/scaling/../scaling/results/2026-04-02_10h34_sem_gaussian/graphs/golden__v10_a15_g12.json,/home/mathis/Documents/Travail/cbnsl_benchmark/scaling/../scaling/results/2026-04-02_10h34_sem_gaussian/graphs/CMIIC__v10_a15_g12_s5000.json,,39.82403645099839,8.0,10.0,0.6,0.88,0.6666666666666666,0.7857142857142857
sem_gaussian,MIIC,"{""n_bins"": 4, ""discretization_method"": ""quantile""}",10,15,5000,12,/home/mathis/Documents/Travail/cbnsl_benchmark/scaling/../scaling/results/2026-04-02_10h34_sem_gaussian/graphs/golden__v10_a15_g12.json,/home/mathis/Documents/Travail/cbnsl_benchmark/scaling/../scaling/results/2026-04-02_10h34_sem_gaussian/graphs/MIIC__v10_a15_g12_s5000.json,,0.3507941470015794,6.0,13.0,0.75,0.8461538461538461,0.75,0.7857142857142857
sem_gaussian,GHC+BDeu,"{""n_bins"": 4, ""discretization_method"": ""quantile""}",10,15,5000,12,/home/mathis/Documents/Travail/cbnsl_benchmark/scaling/../scaling/results/2026-04-02_10h34_sem_gaussian/graphs/golden__v10_a15_g12.json,/home/mathis/Documents/Travail/cbnsl_benchmark/scaling/../scaling/results/2026-04-02_10h34_sem_gaussian/graphs/GHC+BDeu__v10_a15_g12_s5000.json,,0.2637433880008757,13.0,11.0,0.380952380952381,0.7407407407407408,0.5,0.7142857142857143
sem_gaussian,NOTEARS,"{""lambda1"": 0.0, ""w_threshold_notears"": 0.3}",10,15,5000,12,/home/mathis/Documents/Travail/cbnsl_benchmark/scaling/../scaling/results/2026-04-02_10h34_sem_gaussian/graphs/golden__v10_a15_g12.json,/home/mathis/Documents/Travail/cbnsl_benchmark/scaling/../scaling/results/2026-04-02_10h34_sem_gaussian/graphs/NOTEARS__v10_a15_g12_s5000.json,,6.026111864019185,0.0,9.0,0.962962962962963,1.0,1.0,1.0
sem_gaussian,NOTEARS Disc.,"{""lambda1"": 0.1, ""w_threshold_notears"": 0.1, ""n_bins"": 4, ""discretization_method"": ""quantile""}",10,15,5000,12,/home/mathis/Documents/Travail/cbnsl_benchmark/scaling/../scaling/results/2026-04-02_10h34_sem_gaussian/graphs/golden__v10_a15_g12.json,/home/mathis/Documents/Travail/cbnsl_benchmark/scaling/../scaling/results/2026-04-02_10h34_sem_gaussian/graphs/NOTEARS Disc.__v10_a15_g12_s5000.json,,7.490218194987392,11.0,13.0,0.4,0.8571428571428571,0.6666666666666666,0.8571428571428571
sem_gaussian,LiNGAM,"{""threshold_lingam"": 0.1}",10,15,5000,12,/home/mathis/Documents/Travail/cbnsl_benchmark/scaling/../scaling/results/2026-04-02_10h34_sem_gaussian/graphs/golden__v10_a15_g12.json,/home/mathis/Documents/Travail/cbnsl_benchmark/scaling/../scaling/results/2026-04-02_10h34_sem_gaussian/graphs/LiNGAM__v10_a15_g12_s5000.json,,0.6138628049811814,16.0,19.0,0.48275862068965514,0.742857142857143,0.875,0.9285714285714286
sem_gaussian,CPC,"{""alpha"": 0.05, ""max_conditioning_set_size"": 3}",10,15,200,13,/home/mathis/Documents/Travail/cbnsl_benchmark/scaling/../scaling/results/2026-04-02_10h34_sem_gaussian/graphs/golden__v10_a15_g13.json,/home/mathis/Documents/Travail/cbnsl_benchmark/scaling/../scaling/results/2026-04-02_10h34_sem_gaussian/graphs/CPC__v10_a15_g13_s200.json,,0.03618751899921335,14.0,15.0,0.0,0.125,0.0,0.06666666666666667
sem_gaussian,CMIIC,"{""alpha"": 0.05}",10,15,200,13,/home/mathis/Documents/Travail/cbnsl_benchmark/scaling/../scaling/results/2026-04-02_10h34_sem_gaussian/graphs/golden__v10_a15_g13.json,/home/mathis/Documents/Travail/cbnsl_benchmark/scaling/../scaling/results/2026-04-02_10h34_sem_gaussian/graphs/CMIIC__v10_a15_g13_s200.json,,0.1390010819886811,8.0,9.0,0.3157894736842105,0.7692307692307692,0.375,0.6666666666666666
sem_gaussian,MIIC,"{""n_bins"": 4, ""discretization_method"": ""quantile""}",10,15,200,13,/home/mathis/Documents/Travail/cbnsl_benchmark/scaling/../scaling/results/2026-04-02_10h34_sem_gaussian/graphs/golden__v10_a15_g13.json,/home/mathis/Documents/Travail/cbnsl_benchmark/scaling/../scaling/results/2026-04-02_10h34_sem_gaussian/graphs/MIIC__v10_a15_g13_s200.json,,0.02514815900940448,13.0,13.0,0.0,0.5454545454545455,0.0,0.4
sem_gaussian,GHC+BDeu,"{""n_bins"": 4, ""discretization_method"": ""quantile""}",10,15,200,13,/home/mathis/Documents/Travail/cbnsl_benchmark/scaling/../scaling/results/2026-04-02_10h34_sem_gaussian/graphs/golden__v10_a15_g13.json,/home/mathis/Documents/Travail/cbnsl_benchmark/scaling/../scaling/results/2026-04-02_10h34_sem_gaussian/graphs/GHC+BDeu__v10_a15_g13_s200.json,,0.022180653002578765,12.0,13.0,0.0,0.5,0.0,0.3333333333333333
sem_gaussian,NOTEARS,"{""lambda1"": 0.0, ""w_threshold_notears"": 0.3}",10,15,200,13,/home/mathis/Documents/Travail/cbnsl_benchmark/scaling/../scaling/results/2026-04-02_10h34_sem_gaussian/graphs/golden__v10_a15_g13.json,/home/mathis/Documents/Travail/cbnsl_benchmark/scaling/../scaling/results/2026-04-02_10h34_sem_gaussian/graphs/NOTEARS__v10_a15_g13_s200.json,,1.693732616986381,2.0,3.0,0.6956521739130435,0.9285714285714286,0.8,0.8666666666666667
sem_gaussian,NOTEARS Disc.,"{""lambda1"": 0.1, ""w_threshold_notears"": 0.1, ""n_bins"": 4, ""discretization_method"": ""quantile""}",10,15,200,13,/home/mathis/Documents/Travail/cbnsl_benchmark/scaling/../scaling/results/2026-04-02_10h34_sem_gaussian/graphs/golden__v10_a15_g13.json,/home/mathis/Documents/Travail/cbnsl_benchmark/scaling/../scaling/results/2026-04-02_10h34_sem_gaussian/graphs/NOTEARS Disc.__v10_a15_g13_s200.json,,3.707380187988747,18.0,9.0,0.2,0.7586206896551724,0.3333333333333333,0.7333333333333333
sem_gaussian,LiNGAM,"{""threshold_lingam"": 0.1}",10,15,200,13,/home/mathis/Documents/Travail/cbnsl_benchmark/scaling/../scaling/results/2026-04-02_10h34_sem_gaussian/graphs/golden__v10_a15_g13.json,/home/mathis/Documents/Travail/cbnsl_benchmark/scaling/../scaling/results/2026-04-02_10h34_sem_gaussian/graphs/LiNGAM__v10_a15_g13_s200.json,,0.4298051399819087,25.0,26.0,0.35294117647058826,0.6666666666666667,0.8571428571428571,0.9333333333333333
sem_gaussian,CPC,"{""alpha"": 0.05, ""max_conditioning_set_size"": 3}",10,15,500,13,/home/mathis/Documents/Travail/cbnsl_benchmark/scaling/../scaling/results/2026-04-02_10h34_sem_gaussian/graphs/golden__v10_a15_g13.json,/home/mathis/Documents/Travail/cbnsl_benchmark/scaling/../scaling/results/2026-04-02_10h34_sem_gaussian/graphs/CPC__v10_a15_g13_s500.json,,0.3155777420033701,15.0,14.0,0.0,0.23529411764705882,0.0,0.13333333333333333
sem_gaussian,CMIIC,"{""alpha"": 0.05}",10,15,500,13,/home/mathis/Documents/Travail/cbnsl_benchmark/scaling/../scaling/results/2026-04-02_10h34_sem_gaussian/graphs/golden__v10_a15_g13.json,/home/mathis/Documents/Travail/cbnsl_benchmark/scaling/../scaling/results/2026-04-02_10h34_sem_gaussian/graphs/CMIIC__v10_a15_g13_s500.json,,0.6800524249847513,9.0,11.0,0.3157894736842105,0.7200000000000001,0.3333333333333333,0.6
sem_gaussian,MIIC,"{""n_bins"": 4, ""discretization_method"": ""quantile""}",10,15,500,13,/home/mathis/Documents/Travail/cbnsl_benchmark/scaling/../scaling/results/2026-04-02_10h34_sem_gaussian/graphs/golden__v10_a15_g13.json,/home/mathis/Documents/Travail/cbnsl_benchmark/scaling/../scaling/results/2026-04-02_10h34_sem_gaussian/graphs/MIIC__v10_a15_g13_s500.json,,0.04374198199366219,12.0,12.0,0.0,0.6666666666666667,0.0,0.5333333333333333
sem_gaussian,GHC+BDeu,"{""n_bins"": 4, ""discretization_method"": ""quantile""}",10,15,500,13,/home/mathis/Documents/Travail/cbnsl_benchmark/scaling/../scaling/results/2026-04-02_10h34_sem_gaussian/graphs/golden__v10_a15_g13.json,/home/mathis/Documents/Travail/cbnsl_benchmark/scaling/../scaling/results/2026-04-02_10h34_sem_gaussian/graphs/GHC+BDeu__v10_a15_g13_s500.json,,0.041413387982174754,11.0,11.0,0.0,0.7499999999999999,0.0,0.6
sem_gaussian,NOTEARS,"{""lambda1"": 0.0, ""w_threshold_notears"": 0.3}",10,15,500,13,/home/mathis/Documents/Travail/cbnsl_benchmark/scaling/../scaling/results/2026-04-02_10h34_sem_gaussian/graphs/golden__v10_a15_g13.json,/home/mathis/Documents/Travail/cbnsl_benchmark/scaling/../scaling/results/2026-04-02_10h34_sem_gaussian/graphs/NOTEARS__v10_a15_g13_s500.json,,5.436030259006657,6.0,9.0,0.6666666666666667,0.9333333333333333,0.8888888888888888,0.9333333333333333
sem_gaussian,NOTEARS Disc.,"{""lambda1"": 0.1, ""w_threshold_notears"": 0.1, ""n_bins"": 4, ""discretization_method"": ""quantile""}",10,15,500,13,/home/mathis/Documents/Travail/cbnsl_benchmark/scaling/../scaling/results/2026-04-02_10h34_sem_gaussian/graphs/golden__v10_a15_g13.json,/home/mathis/Documents/Travail/cbnsl_benchmark/scaling/../scaling/results/2026-04-02_10h34_sem_gaussian/graphs/NOTEARS Disc.__v10_a15_g13_s500.json,,8.070220616005827,18.0,9.0,0.2,0.7586206896551724,0.3333333333333333,0.7333333333333333
sem_gaussian,LiNGAM,"{""threshold_lingam"": 0.1}",10,15,500,13,/home/mathis/Documents/Travail/cbnsl_benchmark/scaling/../scaling/results/2026-04-02_10h34_sem_gaussian/graphs/golden__v10_a15_g13.json,/home/mathis/Documents/Travail/cbnsl_benchmark/scaling/../scaling/results/2026-04-02_10h34_sem_gaussian/graphs/LiNGAM__v10_a15_g13_s500.json,,0.2933475549798459,25.0,19.0,0.4444444444444444,0.6666666666666667,0.8888888888888888,0.9333333333333333
sem_gaussian,CPC,"{""alpha"": 0.05, ""max_conditioning_set_size"": 3}",10,15,1000,13,/home/mathis/Documents/Travail/cbnsl_benchmark/scaling/../scaling/results/2026-04-02_10h34_sem_gaussian/graphs/golden__v10_a15_g13.json,/home/mathis/Documents/Travail/cbnsl_benchmark/scaling/../scaling/results/2026-04-02_10h34_sem_gaussian/graphs/CPC__v10_a15_g13_s1000.json,,1.0577753340185154,15.0,12.0,0.23529411764705885,0.5714285714285715,0.18181818181818182,0.4
sem_gaussian,CMIIC,"{""alpha"": 0.05}",10,15,1000,13,/home/mathis/Documents/Travail/cbnsl_benchmark/scaling/../scaling/results/2026-04-02_10h34_sem_gaussian/graphs/golden__v10_a15_g13.json,/home/mathis/Documents/Travail/cbnsl_benchmark/scaling/../scaling/results/2026-04-02_10h34_sem_gaussian/graphs/CMIIC__v10_a15_g13_s1000.json,,1.7003206039953511,8.0,13.0,0.39999999999999997,0.7692307692307692,0.4444444444444444,0.6666666666666666
sem_gaussian,MIIC,"{""n_bins"": 4, ""discretization_method"": ""quantile""}",10,15,1000,13,/home/mathis/Documents/Travail/cbnsl_benchmark/scaling/../scaling/results/2026-04-02_10h34_sem_gaussian/graphs/golden__v10_a15_g13.json,/home/mathis/Documents/Travail/cbnsl_benchmark/scaling/../scaling/results/2026-04-02_10h34_sem_gaussian/graphs/MIIC__v10_a15_g13_s1000.json,,0.07346255501033738,10.0,13.0,0.0,0.7200000000000001,0.0,0.6
sem_gaussian,GHC+BDeu,"{""n_bins"": 4, ""discretization_method"": ""quantile""}",10,15,1000,13,/home/mathis/Documents/Travail/cbnsl_benchmark/scaling/../scaling/results/2026-04-02_10h34_sem_gaussian/graphs/golden__v10_a15_g13.json,/home/mathis/Documents/Travail/cbnsl_benchmark/scaling/../scaling/results/2026-04-02_10h34_sem_gaussian/graphs/GHC+BDeu__v10_a15_g13_s1000.json,,0.06314692899468355,12.0,12.0,0.0,0.6666666666666667,0.0,0.5333333333333333
sem_gaussian,NOTEARS,"{""lambda1"": 0.0, ""w_threshold_notears"": 0.3}",10,15,1000,13,/home/mathis/Documents/Travail/cbnsl_benchmark/scaling/../scaling/results/2026-04-02_10h34_sem_gaussian/graphs/golden__v10_a15_g13.json,/home/mathis/Documents/Travail/cbnsl_benchmark/scaling/../scaling/results/2026-04-02_10h34_sem_gaussian/graphs/NOTEARS__v10_a15_g13_s1000.json,,2.6928161079995334,5.0,2.0,0.6956521739130435,0.9285714285714286,0.8,0.8666666666666667
sem_gaussian,NOTEARS Disc.,"{""lambda1"": 0.1, ""w_threshold_notears"": 0.1, ""n_bins"": 4, ""discretization_method"": ""quantile""}",10,15,1000,13,/home/mathis/Documents/Travail/cbnsl_benchmark/scaling/../scaling/results/2026-04-02_10h34_sem_gaussian/graphs/golden__v10_a15_g13.json,/home/mathis/Documents/Travail/cbnsl_benchmark/scaling/../scaling/results/2026-04-02_10h34_sem_gaussian/graphs/NOTEARS Disc.__v10_a15_g13_s1000.json,,3.109043175005354,16.0,14.0,0.36363636363636365,0.8387096774193549,0.6666666666666666,0.8666666666666667
sem_gaussian,LiNGAM,"{""threshold_lingam"": 0.1}",10,15,1000,13,/home/mathis/Documents/Travail/cbnsl_benchmark/scaling/../scaling/results/2026-04-02_10h34_sem_gaussian/graphs/golden__v10_a15_g13.json,/home/mathis/Documents/Travail/cbnsl_benchmark/scaling/../scaling/results/2026-04-02_10h34_sem_gaussian/graphs/LiNGAM__v10_a15_g13_s1000.json,,0.3220926499925554,27.0,23.0,0.24242424242424243,0.6511627906976745,0.8,0.9333333333333333
sem_gaussian,CPC,"{""alpha"": 0.05, ""max_conditioning_set_size"": 3}",10,15,3000,13,/home/mathis/Documents/Travail/cbnsl_benchmark/scaling/../scaling/results/2026-04-02_10h34_sem_gaussian/graphs/golden__v10_a15_g13.json,/home/mathis/Documents/Travail/cbnsl_benchmark/scaling/../scaling/results/2026-04-02_10h34_sem_gaussian/graphs/CPC__v10_a15_g13_s3000.json,,12.319598025002051,6.0,14.0,0.5454545454545455,0.8571428571428571,0.6666666666666666,0.8
sem_gaussian,CMIIC,"{""alpha"": 0.05}",10,15,3000,13,/home/mathis/Documents/Travail/cbnsl_benchmark/scaling/../scaling/results/2026-04-02_10h34_sem_gaussian/graphs/golden__v10_a15_g13.json,/home/mathis/Documents/Travail/cbnsl_benchmark/scaling/../scaling/results/2026-04-02_10h34_sem_gaussian/graphs/CMIIC__v10_a15_g13_s3000.json,,13.529093145974912,7.0,10.0,0.4210526315789474,0.846153846153846,0.5,0.7333333333333333
sem_gaussian,MIIC,"{""n_bins"": 4, ""discretization_method"": ""quantile""}",10,15,3000,13,/home/mathis/Documents/Travail/cbnsl_benchmark/scaling/../scaling/results/2026-04-02_10h34_sem_gaussian/graphs/golden__v10_a15_g13.json,/home/mathis/Documents/Travail/cbnsl_benchmark/scaling/../scaling/results/2026-04-02_10h34_sem_gaussian/graphs/MIIC__v10_a15_g13_s3000.json,,0.2278941350232344,10.0,13.0,0.0,0.7200000000000001,0.0,0.6
sem_gaussian,GHC+BDeu,"{""n_bins"": 4, ""discretization_method"": ""quantile""}",10,15,3000,13,/home/mathis/Documents/Travail/cbnsl_benchmark/scaling/../scaling/results/2026-04-02_10h34_sem_gaussian/graphs/golden__v10_a15_g13.json,/home/mathis/Documents/Travail/cbnsl_benchmark/scaling/../scaling/results/2026-04-02_10h34_sem_gaussian/graphs/GHC+BDeu__v10_a15_g13_s3000.json,,0.15991783700883389,4.0,3.0,0.6363636363636365,0.888888888888889,0.7,0.8
sem_gaussian,NOTEARS,"{""lambda1"": 0.0, ""w_threshold_notears"": 0.3}",10,15,3000,13,/home/mathis/Documents/Travail/cbnsl_benchmark/scaling/../scaling/results/2026-04-02_10h34_sem_gaussian/graphs/golden__v10_a15_g13.json,/home/mathis/Documents/Travail/cbnsl_benchmark/scaling/../scaling/results/2026-04-02_10h34_sem_gaussian/graphs/NOTEARS__v10_a15_g13_s3000.json,,4.13926742298645,3.0,1.0,0.6666666666666666,0.967741935483871,1.0,1.0
sem_gaussian,NOTEARS Disc.,"{""lambda1"": 0.1, ""w_threshold_notears"": 0.1, ""n_bins"": 4, ""discretization_method"": ""quantile""}",10,15,3000,13,/home/mathis/Documents/Travail/cbnsl_benchmark/scaling/../scaling/results/2026-04-02_10h34_sem_gaussian/graphs/golden__v10_a15_g13.json,/home/mathis/Documents/Travail/cbnsl_benchmark/scaling/../scaling/results/2026-04-02_10h34_sem_gaussian/graphs/NOTEARS Disc.__v10_a15_g13_s3000.json,,7.233648588997312,16.0,17.0,0.3636363636363636,0.8749999999999999,0.8,0.9333333333333333
sem_gaussian,LiNGAM,"{""threshold_lingam"": 0.1}",10,15,3000,13,/home/mathis/Documents/Travail/cbnsl_benchmark/scaling/../scaling/results/2026-04-02_10h34_sem_gaussian/graphs/golden__v10_a15_g13.json,/home/mathis/Documents/Travail/cbnsl_benchmark/scaling/../scaling/results/2026-04-02_10h34_sem_gaussian/graphs/LiNGAM__v10_a15_g13_s3000.json,,0.4827867599960882,30.0,30.0,0.3157894736842105,0.6382978723404256,1.0,1.0
sem_gaussian,CPC,"{""alpha"": 0.05, ""max_conditioning_set_size"": 3}",10,15,5000,13,/home/mathis/Documents/Travail/cbnsl_benchmark/scaling/../scaling/results/2026-04-02_10h34_sem_gaussian/graphs/golden__v10_a15_g13.json,/home/mathis/Documents/Travail/cbnsl_benchmark/scaling/../scaling/results/2026-04-02_10h34_sem_gaussian/graphs/CPC__v10_a15_g13_s5000.json,,36.49159649500507,5.0,14.0,0.5454545454545454,0.896551724137931,0.75,0.8666666666666667
sem_gaussian,CMIIC,"{""alpha"": 0.05}",10,15,5000,13,/home/mathis/Documents/Travail/cbnsl_benchmark/scaling/../scaling/results/2026-04-02_10h34_sem_gaussian/graphs/golden__v10_a15_g13.json,/home/mathis/Documents/Travail/cbnsl_benchmark/scaling/../scaling/results/2026-04-02_10h34_sem_gaussian/graphs/CMIIC__v10_a15_g13_s5000.json,,37.85296601802111,8.0,13.0,0.39999999999999997,0.7692307692307692,0.4444444444444444,0.6666666666666666
sem_gaussian,MIIC,"{""n_bins"": 4, ""discretization_method"": ""quantile""}",10,15,5000,13,/home/mathis/Documents/Travail/cbnsl_benchmark/scaling/../scaling/results/2026-04-02_10h34_sem_gaussian/graphs/golden__v10_a15_g13.json,/home/mathis/Documents/Travail/cbnsl_benchmark/scaling/../scaling/results/2026-04-02_10h34_sem_gaussian/graphs/MIIC__v10_a15_g13_s5000.json,,0.32310180997592397,8.0,13.0,0.0,0.7692307692307692,0.0,0.6666666666666666
sem_gaussian,GHC+BDeu,"{""n_bins"": 4, ""discretization_method"": ""quantile""}",10,15,5000,13,/home/mathis/Documents/Travail/cbnsl_benchmark/scaling/../scaling/results/2026-04-02_10h34_sem_gaussian/graphs/golden__v10_a15_g13.json,/home/mathis/Documents/Travail/cbnsl_benchmark/scaling/../scaling/results/2026-04-02_10h34_sem_gaussian/graphs/GHC+BDeu__v10_a15_g13_s5000.json,,0.24872611497994512,7.0,14.0,0.5714285714285715,0.888888888888889,0.6666666666666666,0.8
sem_gaussian,NOTEARS,"{""lambda1"": 0.0, ""w_threshold_notears"": 0.3}",10,15,5000,13,/home/mathis/Documents/Travail/cbnsl_benchmark/scaling/../scaling/results/2026-04-02_10h34_sem_gaussian/graphs/golden__v10_a15_g13.json,/home/mathis/Documents/Travail/cbnsl_benchmark/scaling/../scaling/results/2026-04-02_10h34_sem_gaussian/graphs/NOTEARS__v10_a15_g13_s5000.json,,5.572400973003823,3.0,9.0,0.6923076923076924,0.9375,1.0,1.0
sem_gaussian,NOTEARS Disc.,"{""lambda1"": 0.1, ""w_threshold_notears"": 0.1, ""n_bins"": 4, ""discretization_method"": ""quantile""}",10,15,5000,13,/home/mathis/Documents/Travail/cbnsl_benchmark/scaling/../scaling/results/2026-04-02_10h34_sem_gaussian/graphs/golden__v10_a15_g13.json,/home/mathis/Documents/Travail/cbnsl_benchmark/scaling/../scaling/results/2026-04-02_10h34_sem_gaussian/graphs/NOTEARS Disc.__v10_a15_g13_s5000.json,,28.95215507701505,20.0,16.0,0.1818181818181818,0.7878787878787877,0.5,0.8666666666666667
sem_gaussian,LiNGAM,"{""threshold_lingam"": 0.1}",10,15,5000,13,/home/mathis/Documents/Travail/cbnsl_benchmark/scaling/../scaling/results/2026-04-02_10h34_sem_gaussian/graphs/golden__v10_a15_g13.json,/home/mathis/Documents/Travail/cbnsl_benchmark/scaling/../scaling/results/2026-04-02_10h34_sem_gaussian/graphs/LiNGAM__v10_a15_g13_s5000.json,,0.657319024001481,28.0,27.0,0.3157894736842105,0.608695652173913,0.8571428571428571,0.9333333333333333
sem_gaussian,CPC,"{""alpha"": 0.05, ""max_conditioning_set_size"": 3}",10,15,200,14,/home/mathis/Documents/Travail/cbnsl_benchmark/scaling/../scaling/results/2026-04-02_10h34_sem_gaussian/graphs/golden__v10_a15_g14.json,/home/mathis/Documents/Travail/cbnsl_benchmark/scaling/../scaling/results/2026-04-02_10h34_sem_gaussian/graphs/CPC__v10_a15_g14_s200.json,,0.03198398699169047,12.0,14.0,0.25,0.4444444444444445,0.16666666666666666,0.2857142857142857
sem_gaussian,CMIIC,"{""alpha"": 0.05}",10,15,200,14,/home/mathis/Documents/Travail/cbnsl_benchmark/scaling/../scaling/results/2026-04-02_10h34_sem_gaussian/graphs/golden__v10_a15_g14.json,/home/mathis/Documents/Travail/cbnsl_benchmark/scaling/../scaling/results/2026-04-02_10h34_sem_gaussian/graphs/CMIIC__v10_a15_g14_s200.json,,0.09360313400975429,11.0,11.0,0.0,0.782608695652174,0.0,0.6428571428571429
sem_gaussian,MIIC,"{""n_bins"": 4, ""discretization_method"": ""quantile""}",10,15,200,14,/home/mathis/Documents/Travail/cbnsl_benchmark/scaling/../scaling/results/2026-04-02_10h34_sem_gaussian/graphs/golden__v10_a15_g14.json,/home/mathis/Documents/Travail/cbnsl_benchmark/scaling/../scaling/results/2026-04-02_10h34_sem_gaussian/graphs/MIIC__v10_a15_g14_s200.json,,0.023979233985301107,11.0,11.0,0.0,0.6666666666666666,0.0,0.5
sem_gaussian,GHC+BDeu,"{""n_bins"": 4, ""discretization_method"": ""quantile""}",10,15,200,14,/home/mathis/Documents/Travail/cbnsl_benchmark/scaling/../scaling/results/2026-04-02_10h34_sem_gaussian/graphs/golden__v10_a15_g14.json,/home/mathis/Documents/Travail/cbnsl_benchmark/scaling/../scaling/results/2026-04-02_10h34_sem_gaussian/graphs/GHC+BDeu__v10_a15_g14_s200.json,,0.02405325198196806,12.0,12.0,0.0,0.5714285714285714,0.0,0.42857142857142855
sem_gaussian,NOTEARS,"{""lambda1"": 0.0, ""w_threshold_notears"": 0.3}",10,15,200,14,/home/mathis/Documents/Travail/cbnsl_benchmark/scaling/../scaling/results/2026-04-02_10h34_sem_gaussian/graphs/golden__v10_a15_g14.json,/home/mathis/Documents/Travail/cbnsl_benchmark/scaling/../scaling/results/2026-04-02_10h34_sem_gaussian/graphs/NOTEARS__v10_a15_g14_s200.json,,1.8458565489854664,0.0,10.0,0.8333333333333333,1.0,1.0,1.0
sem_gaussian,NOTEARS Disc.,"{""lambda1"": 0.1, ""w_threshold_notears"": 0.1, ""n_bins"": 4, ""discretization_method"": ""quantile""}",10,15,200,14,/home/mathis/Documents/Travail/cbnsl_benchmark/scaling/../scaling/results/2026-04-02_10h34_sem_gaussian/graphs/golden__v10_a15_g14.json,/home/mathis/Documents/Travail/cbnsl_benchmark/scaling/../scaling/results/2026-04-02_10h34_sem_gaussian/graphs/NOTEARS Disc.__v10_a15_g14_s200.json,,1.9563723140163347,8.0,12.0,0.5714285714285714,0.9285714285714286,0.8571428571428571,0.9285714285714286
sem_gaussian,LiNGAM,"{""threshold_lingam"": 0.1}",10,15,200,14,/home/mathis/Documents/Travail/cbnsl_benchmark/scaling/../scaling/results/2026-04-02_10h34_sem_gaussian/graphs/golden__v10_a15_g14.json,/home/mathis/Documents/Travail/cbnsl_benchmark/scaling/../scaling/results/2026-04-02_10h34_sem_gaussian/graphs/LiNGAM__v10_a15_g14_s200.json,,0.3793128420074936,20.0,21.0,0.2857142857142857,0.7027027027027025,0.8,0.9285714285714286
sem_gaussian,CPC,"{""alpha"": 0.05, ""max_conditioning_set_size"": 3}",10,15,500,14,/home/mathis/Documents/Travail/cbnsl_benchmark/scaling/../scaling/results/2026-04-02_10h34_sem_gaussian/graphs/golden__v10_a15_g14.json,/home/mathis/Documents/Travail/cbnsl_benchmark/scaling/../scaling/results/2026-04-02_10h34_sem_gaussian/graphs/CPC__v10_a15_g14_s500.json,,0.24888905600528233,12.0,13.0,0.0,0.5263157894736842,0.0,0.35714285714285715
sem_gaussian,CMIIC,"{""alpha"": 0.05}",10,15,500,14,/home/mathis/Documents/Travail/cbnsl_benchmark/scaling/../scaling/results/2026-04-02_10h34_sem_gaussian/graphs/golden__v10_a15_g14.json,/home/mathis/Documents/Travail/cbnsl_benchmark/scaling/../scaling/results/2026-04-02_10h34_sem_gaussian/graphs/CMIIC__v10_a15_g14_s500.json,,0.41141665499890223,11.0,11.0,0.0,0.782608695652174,0.0,0.6428571428571429
sem_gaussian,MIIC,"{""n_bins"": 4, ""discretization_method"": ""quantile""}",10,15,500,14,/home/mathis/Documents/Travail/cbnsl_benchmark/scaling/../scaling/results/2026-04-02_10h34_sem_gaussian/graphs/golden__v10_a15_g14.json,/home/mathis/Documents/Travail/cbnsl_benchmark/scaling/../scaling/results/2026-04-02_10h34_sem_gaussian/graphs/MIIC__v10_a15_g14_s500.json,,0.039289403008297086,11.0,11.0,0.0,0.782608695652174,0.0,0.6428571428571429
sem_gaussian,GHC+BDeu,"{""n_bins"": 4, ""discretization_method"": ""quantile""}",10,15,500,14,/home/mathis/Documents/Travail/cbnsl_benchmark/scaling/../scaling/results/2026-04-02_10h34_sem_gaussian/graphs/golden__v10_a15_g14.json,/home/mathis/Documents/Travail/cbnsl_benchmark/scaling/../scaling/results/2026-04-02_10h34_sem_gaussian/graphs/GHC+BDeu__v10_a15_g14_s500.json,,0.04378680800436996,11.0,11.0,0.0,0.7272727272727273,0.0,0.5714285714285714
sem_gaussian,NOTEARS,"{""lambda1"": 0.0, ""w_threshold_notears"": 0.3}",10,15,500,14,/home/mathis/Documents/Travail/cbnsl_benchmark/scaling/../scaling/results/2026-04-02_10h34_sem_gaussian/graphs/golden__v10_a15_g14.json,/home/mathis/Documents/Travail/cbnsl_benchmark/scaling/../scaling/results/2026-04-02_10h34_sem_gaussian/graphs/NOTEARS__v10_a15_g14_s500.json,,2.5108323209860828,0.0,10.0,0.8333333333333333,1.0,1.0,1.0
sem_gaussian,NOTEARS Disc.,"{""lambda1"": 0.1, ""w_threshold_notears"": 0.1, ""n_bins"": 4, ""discretization_method"": ""quantile""}",10,15,500,14,/home/mathis/Documents/Travail/cbnsl_benchmark/scaling/../scaling/results/2026-04-02_10h34_sem_gaussian/graphs/golden__v10_a15_g14.json,/home/mathis/Documents/Travail/cbnsl_benchmark/scaling/../scaling/results/2026-04-02_10h34_sem_gaussian/graphs/NOTEARS Disc.__v10_a15_g14_s500.json,,2.2318882329855114,10.0,13.0,0.47619047619047616,0.896551724137931,0.8333333333333334,0.9285714285714286
sem_gaussian,LiNGAM,"{""threshold_lingam"": 0.1}",10,15,500,14,/home/mathis/Documents/Travail/cbnsl_benchmark/scaling/../scaling/results/2026-04-02_10h34_sem_gaussian/graphs/golden__v10_a15_g14.json,/home/mathis/Documents/Travail/cbnsl_benchmark/scaling/../scaling/results/2026-04-02_10h34_sem_gaussian/graphs/LiNGAM__v10_a15_g14_s500.json,,0.2779881860187743,14.0,17.0,0.5333333333333333,0.742857142857143,0.8888888888888888,0.9285714285714286
sem_gaussian,CPC,"{""alpha"": 0.05, ""max_conditioning_set_size"": 3}",10,15,1000,14,/home/mathis/Documents/Travail/cbnsl_benchmark/scaling/../scaling/results/2026-04-02_10h34_sem_gaussian/graphs/golden__v10_a15_g14.json,/home/mathis/Documents/Travail/cbnsl_benchmark/scaling/../scaling/results/2026-04-02_10h34_sem_gaussian/graphs/CPC__v10_a15_g14_s1000.json,,1.011430715007009,13.0,12.0,0.25,0.6,0.2,0.42857142857142855
sem_gaussian,CMIIC,"{""alpha"": 0.05}",10,15,1000,14,/home/mathis/Documents/Travail/cbnsl_benchmark/scaling/../scaling/results/2026-04-02_10h34_sem_gaussian/graphs/golden__v10_a15_g14.json,/home/mathis/Documents/Travail/cbnsl_benchmark/scaling/../scaling/results/2026-04-02_10h34_sem_gaussian/graphs/CMIIC__v10_a15_g14_s1000.json,,1.272034066991182,10.0,13.0,0.3529411764705882,0.8333333333333333,0.42857142857142855,0.7142857142857143
sem_gaussian,MIIC,"{""n_bins"": 4, ""discretization_method"": ""quantile""}",10,15,1000,14,/home/mathis/Documents/Travail/cbnsl_benchmark/scaling/../scaling/results/2026-04-02_10h34_sem_gaussian/graphs/golden__v10_a15_g14.json,/home/mathis/Documents/Travail/cbnsl_benchmark/scaling/../scaling/results/2026-04-02_10h34_sem_gaussian/graphs/MIIC__v10_a15_g14_s1000.json,,0.06031414799508639,10.0,8.0,0.0,0.8333333333333333,0.0,0.7142857142857143
sem_gaussian,GHC+BDeu,"{""n_bins"": 4, ""discretization_method"": ""quantile""}",10,15,1000,14,/home/mathis/Documents/Travail/cbnsl_benchmark/scaling/../scaling/results/2026-04-02_10h34_sem_gaussian/graphs/golden__v10_a15_g14.json,/home/mathis/Documents/Travail/cbnsl_benchmark/scaling/../scaling/results/2026-04-02_10h34_sem_gaussian/graphs/GHC+BDeu__v10_a15_g14_s1000.json,,0.055889210983878,11.0,11.0,0.22222222222222224,0.6666666666666666,0.25,0.5714285714285714
sem_gaussian,NOTEARS,"{""lambda1"": 0.0, ""w_threshold_notears"": 0.3}",10,15,1000,14,/home/mathis/Documents/Travail/cbnsl_benchmark/scaling/../scaling/results/2026-04-02_10h34_sem_gaussian/graphs/golden__v10_a15_g14.json,/home/mathis/Documents/Travail/cbnsl_benchmark/scaling/../scaling/results/2026-04-02_10h34_sem_gaussian/graphs/NOTEARS__v10_a15_g14_s1000.json,,1.9130204659886658,0.0,10.0,0.8333333333333333,1.0,1.0,1.0
sem_gaussian,NOTEARS Disc.,"{""lambda1"": 0.1, ""w_threshold_notears"": 0.1, ""n_bins"": 4, ""discretization_method"": ""quantile""}",10,15,1000,14,/home/mathis/Documents/Travail/cbnsl_benchmark/scaling/../scaling/results/2026-04-02_10h34_sem_gaussian/graphs/golden__v10_a15_g14.json,/home/mathis/Documents/Travail/cbnsl_benchmark/scaling/../scaling/results/2026-04-02_10h34_sem_gaussian/graphs/NOTEARS Disc.__v10_a15_g14_s1000.json,,2.9639233079797123,9.0,13.0,0.5217391304347826,0.9032258064516129,1.0,1.0
sem_gaussian,LiNGAM,"{""threshold_lingam"": 0.1}",10,15,1000,14,/home/mathis/Documents/Travail/cbnsl_benchmark/scaling/../scaling/results/2026-04-02_10h34_sem_gaussian/graphs/golden__v10_a15_g14.json,/home/mathis/Documents/Travail/cbnsl_benchmark/scaling/../scaling/results/2026-04-02_10h34_sem_gaussian/graphs/LiNGAM__v10_a15_g14_s1000.json,[pyAgrum] Partially directed cycle detected: Add a partial directed cycle in a PDAG : between 9 and 2,,,,,,,
sem_gaussian,CPC,"{""alpha"": 0.05, ""max_conditioning_set_size"": 3}",10,15,3000,14,/home/mathis/Documents/Travail/cbnsl_benchmark/scaling/../scaling/results/2026-04-02_10h34_sem_gaussian/graphs/golden__v10_a15_g14.json,/home/mathis/Documents/Travail/cbnsl_benchmark/scaling/../scaling/results/2026-04-02_10h34_sem_gaussian/graphs/CPC__v10_a15_g14_s3000.json,,9.893226713000331,12.0,8.0,0.4444444444444444,0.88,0.5714285714285714,0.7857142857142857
sem_gaussian,CMIIC,"{""alpha"": 0.05}",10,15,3000,14,/home/mathis/Documents/Travail/cbnsl_benchmark/scaling/../scaling/results/2026-04-02_10h34_sem_gaussian/graphs/golden__v10_a15_g14.json,/home/mathis/Documents/Travail/cbnsl_benchmark/scaling/../scaling/results/2026-04-02_10h34_sem_gaussian/graphs/CMIIC__v10_a15_g14_s3000.json,,11.10545328000444,5.0,8.0,0.6,0.8333333333333333,0.6,0.7142857142857143
sem_gaussian,MIIC,"{""n_bins"": 4, ""discretization_method"": ""quantile""}",10,15,3000,14,/home/mathis/Documents/Travail/cbnsl_benchmark/scaling/../scaling/results/2026-04-02_10h34_sem_gaussian/graphs/golden__v10_a15_g14.json,/home/mathis/Documents/Travail/cbnsl_benchmark/scaling/../scaling/results/2026-04-02_10h34_sem_gaussian/graphs/MIIC__v10_a15_g14_s3000.json,,0.20983023598091677,5.0,8.0,0.6,0.8333333333333333,0.6,0.7142857142857143
sem_gaussian,GHC+BDeu,"{""n_bins"": 4, ""discretization_method"": ""quantile""}",10,15,3000,14,/home/mathis/Documents/Travail/cbnsl_benchmark/scaling/../scaling/results/2026-04-02_10h34_sem_gaussian/graphs/golden__v10_a15_g14.json,/home/mathis/Documents/Travail/cbnsl_benchmark/scaling/../scaling/results/2026-04-02_10h34_sem_gaussian/graphs/GHC+BDeu__v10_a15_g14_s3000.json,,0.15836605799268,9.0,8.0,0.25,0.8333333333333333,0.3333333333333333,0.7142857142857143
sem_gaussian,NOTEARS,"{""lambda1"": 0.0, ""w_threshold_notears"": 0.3}",10,15,3000,14,/home/mathis/Documents/Travail/cbnsl_benchmark/scaling/../scaling/results/2026-04-02_10h34_sem_gaussian/graphs/golden__v10_a15_g14.json,/home/mathis/Documents/Travail/cbnsl_benchmark/scaling/../scaling/results/2026-04-02_10h34_sem_gaussian/graphs/NOTEARS__v10_a15_g14_s3000.json,,4.636680196999805,1.0,10.0,0.782608695652174,1.0,1.0,1.0
sem_gaussian,NOTEARS Disc.,"{""lambda1"": 0.1, ""w_threshold_notears"": 0.1, ""n_bins"": 4, ""discretization_method"": ""quantile""}",10,15,3000,14,/home/mathis/Documents/Travail/cbnsl_benchmark/scaling/../scaling/results/2026-04-02_10h34_sem_gaussian/graphs/golden__v10_a15_g14.json,/home/mathis/Documents/Travail/cbnsl_benchmark/scaling/../scaling/results/2026-04-02_10h34_sem_gaussian/graphs/NOTEARS Disc.__v10_a15_g14_s3000.json,,13.797527520975564,8.0,12.0,0.4,0.9333333333333333,1.0,1.0
sem_gaussian,LiNGAM,"{""threshold_lingam"": 0.1}",10,15,3000,14,/home/mathis/Documents/Travail/cbnsl_benchmark/scaling/../scaling/results/2026-04-02_10h34_sem_gaussian/graphs/golden__v10_a15_g14.json,/home/mathis/Documents/Travail/cbnsl_benchmark/scaling/../scaling/results/2026-04-02_10h34_sem_gaussian/graphs/LiNGAM__v10_a15_g14_s3000.json,,0.5358219179906882,18.0,18.0,0.22222222222222218,0.7027027027027025,0.75,0.9285714285714286
sem_gaussian,CPC,"{""alpha"": 0.05, ""max_conditioning_set_size"": 3}",10,15,5000,14,/home/mathis/Documents/Travail/cbnsl_benchmark/scaling/../scaling/results/2026-04-02_10h34_sem_gaussian/graphs/golden__v10_a15_g14.json,/home/mathis/Documents/Travail/cbnsl_benchmark/scaling/../scaling/results/2026-04-02_10h34_sem_gaussian/graphs/CPC__v10_a15_g14_s5000.json,,37.5363880310033,13.0,11.0,0.23529411764705882,0.888888888888889,0.5,0.8571428571428571
sem_gaussian,CMIIC,"{""alpha"": 0.05}",10,15,5000,14,/home/mathis/Documents/Travail/cbnsl_benchmark/scaling/../scaling/results/2026-04-02_10h34_sem_gaussian/graphs/golden__v10_a15_g14.json,/home/mathis/Documents/Travail/cbnsl_benchmark/scaling/../scaling/results/2026-04-02_10h34_sem_gaussian/graphs/CMIIC__v10_a15_g14_s5000.json,,42.83868154199445,4.0,5.0,0.6666666666666666,0.88,0.7,0.7857142857142857
sem_gaussian,MIIC,"{""n_bins"": 4, ""discretization_method"": ""quantile""}",10,15,5000,14,/home/mathis/Documents/Travail/cbnsl_benchmark/scaling/../scaling/results/2026-04-02_10h34_sem_gaussian/graphs/golden__v10_a15_g14.json,/home/mathis/Documents/Travail/cbnsl_benchmark/scaling/../scaling/results/2026-04-02_10h34_sem_gaussian/graphs/MIIC__v10_a15_g14_s5000.json,,0.41500274298596196,4.0,5.0,0.6666666666666666,0.88,0.7,0.7857142857142857
sem_gaussian,GHC+BDeu,"{""n_bins"": 4, ""discretization_method"": ""quantile""}",10,15,5000,14,/home/mathis/Documents/Travail/cbnsl_benchmark/scaling/../scaling/results/2026-04-02_10h34_sem_gaussian/graphs/golden__v10_a15_g14.json,/home/mathis/Documents/Travail/cbnsl_benchmark/scaling/../scaling/results/2026-04-02_10h34_sem_gaussian/graphs/GHC+BDeu__v10_a15_g14_s5000.json,,0.3133366560214199,10.0,9.0,0.3809523809523809,0.8275862068965518,0.6666666666666666,0.8571428571428571
sem_gaussian,NOTEARS,"{""lambda1"": 0.0, ""w_threshold_notears"": 0.3}",10,15,5000,14,/home/mathis/Documents/Travail/cbnsl_benchmark/scaling/../scaling/results/2026-04-02_10h34_sem_gaussian/graphs/golden__v10_a15_g14.json,/home/mathis/Documents/Travail/cbnsl_benchmark/scaling/../scaling/results/2026-04-02_10h34_sem_gaussian/graphs/NOTEARS__v10_a15_g14_s5000.json,,11.37866035400657,1.0,10.0,0.782608695652174,1.0,1.0,1.0
sem_gaussian,NOTEARS Disc.,"{""lambda1"": 0.1, ""w_threshold_notears"": 0.1, ""n_bins"": 4, ""discretization_method"": ""quantile""}",10,15,5000,14,/home/mathis/Documents/Travail/cbnsl_benchmark/scaling/../scaling/results/2026-04-02_10h34_sem_gaussian/graphs/golden__v10_a15_g14.json,/home/mathis/Documents/Travail/cbnsl_benchmark/scaling/../scaling/results/2026-04-02_10h34_sem_gaussian/graphs/NOTEARS Disc.__v10_a15_g14_s5000.json,,24.656155086995568,3.0,10.0,0.7272727272727274,0.962962962962963,0.8888888888888888,0.9285714285714286
sem_gaussian,LiNGAM,"{""threshold_lingam"": 0.1}",10,15,5000,14,/home/mathis/Documents/Travail/cbnsl_benchmark/scaling/../scaling/results/2026-04-02_10h34_sem_gaussian/graphs/golden__v10_a15_g14.json,/home/mathis/Documents/Travail/cbnsl_benchmark/scaling/../scaling/results/2026-04-02_10h34_sem_gaussian/graphs/LiNGAM__v10_a15_g14_s5000.json,,0.756123471976025,17.0,19.0,0.37037037037037035,0.7777777777777778,1.0,1.0
sem_gaussian,CPC,"{""alpha"": 0.05, ""max_conditioning_set_size"": 3}",10,15,200,15,/home/mathis/Documents/Travail/cbnsl_benchmark/scaling/../scaling/results/2026-04-02_10h34_sem_gaussian/graphs/golden__v10_a15_g15.json,/home/mathis/Documents/Travail/cbnsl_benchmark/scaling/../scaling/results/2026-04-02_10h34_sem_gaussian/graphs/CPC__v10_a15_g15_s200.json,,0.024438630003714934,12.0,11.0,0.0,0.2857142857142857,0.0,0.16666666666666666
sem_gaussian,CMIIC,"{""alpha"": 0.05}",10,15,200,15,/home/mathis/Documents/Travail/cbnsl_benchmark/scaling/../scaling/results/2026-04-02_10h34_sem_gaussian/graphs/golden__v10_a15_g15.json,/home/mathis/Documents/Travail/cbnsl_benchmark/scaling/../scaling/results/2026-04-02_10h34_sem_gaussian/graphs/CMIIC__v10_a15_g15_s200.json,,0.10703949999879114,12.0,7.0,0.0,0.9090909090909091,0.0,0.8333333333333334
sem_gaussian,MIIC,"{""n_bins"": 4, ""discretization_method"": ""quantile""}",10,15,200,15,/home/mathis/Documents/Travail/cbnsl_benchmark/scaling/../scaling/results/2026-04-02_10h34_sem_gaussian/graphs/golden__v10_a15_g15.json,/home/mathis/Documents/Travail/cbnsl_benchmark/scaling/../scaling/results/2026-04-02_10h34_sem_gaussian/graphs/MIIC__v10_a15_g15_s200.json,,0.027777125011198223,12.0,11.0,0.0,0.5,0.0,0.3333333333333333
sem_gaussian,GHC+BDeu,"{""n_bins"": 4, ""discretization_method"": ""quantile""}",10,15,200,15,/home/mathis/Documents/Travail/cbnsl_benchmark/scaling/../scaling/results/2026-04-02_10h34_sem_gaussian/graphs/golden__v10_a15_g15.json,/home/mathis/Documents/Travail/cbnsl_benchmark/scaling/../scaling/results/2026-04-02_10h34_sem_gaussian/graphs/GHC+BDeu__v10_a15_g15_s200.json,,0.023085717984940857,12.0,11.0,0.0,0.4,0.0,0.25
sem_gaussian,NOTEARS,"{""lambda1"": 0.0, ""w_threshold_notears"": 0.3}",10,15,200,15,/home/mathis/Documents/Travail/cbnsl_benchmark/scaling/../scaling/results/2026-04-02_10h34_sem_gaussian/graphs/golden__v10_a15_g15.json,/home/mathis/Documents/Travail/cbnsl_benchmark/scaling/../scaling/results/2026-04-02_10h34_sem_gaussian/graphs/NOTEARS__v10_a15_g15_s200.json,,3.5534987860010006,1.0,1.0,0.9565217391304348,0.9565217391304348,0.9166666666666666,0.9166666666666666
sem_gaussian,NOTEARS Disc.,"{""lambda1"": 0.1, ""w_threshold_notears"": 0.1, ""n_bins"": 4, ""discretization_method"": ""quantile""}",10,15,200,15,/home/mathis/Documents/Travail/cbnsl_benchmark/scaling/../scaling/results/2026-04-02_10h34_sem_gaussian/graphs/golden__v10_a15_g15.json,/home/mathis/Documents/Travail/cbnsl_benchmark/scaling/../scaling/results/2026-04-02_10h34_sem_gaussian/graphs/NOTEARS Disc.__v10_a15_g15_s200.json,,9.257071127009112,11.0,14.0,0.4210526315789473,0.8461538461538461,0.8,0.9166666666666666
sem_gaussian,LiNGAM,"{""threshold_lingam"": 0.1}",10,15,200,15,/home/mathis/Documents/Travail/cbnsl_benchmark/scaling/../scaling/results/2026-04-02_10h34_sem_gaussian/graphs/golden__v10_a15_g15.json,/home/mathis/Documents/Travail/cbnsl_benchmark/scaling/../scaling/results/2026-04-02_10h34_sem_gaussian/graphs/LiNGAM__v10_a15_g15_s200.json,,0.35244826998678036,21.0,24.0,0.3225806451612903,0.5945945945945945,0.8333333333333334,0.9166666666666666
sem_gaussian,CPC,"{""alpha"": 0.05, ""max_conditioning_set_size"": 3}",10,15,500,15,/home/mathis/Documents/Travail/cbnsl_benchmark/scaling/../scaling/results/2026-04-02_10h34_sem_gaussian/graphs/golden__v10_a15_g15.json,/home/mathis/Documents/Travail/cbnsl_benchmark/scaling/../scaling/results/2026-04-02_10h34_sem_gaussian/graphs/CPC__v10_a15_g15_s500.json,,0.2611321959993802,12.0,10.0,0.0,0.4,0.0,0.25
sem_gaussian,CMIIC,"{""alpha"": 0.05}",10,15,500,15,/home/mathis/Documents/Travail/cbnsl_benchmark/scaling/../scaling/results/2026-04-02_10h34_sem_gaussian/graphs/golden__v10_a15_g15.json,/home/mathis/Documents/Travail/cbnsl_benchmark/scaling/../scaling/results/2026-04-02_10h34_sem_gaussian/graphs/CMIIC__v10_a15_g15_s500.json,,0.4798272390034981,12.0,8.0,0.0,0.8,0.0,0.6666666666666666
sem_gaussian,MIIC,"{""n_bins"": 4, ""discretization_method"": ""quantile""}",10,15,500,15,/home/mathis/Documents/Travail/cbnsl_benchmark/scaling/../scaling/results/2026-04-02_10h34_sem_gaussian/graphs/golden__v10_a15_g15.json,/home/mathis/Documents/Travail/cbnsl_benchmark/scaling/../scaling/results/2026-04-02_10h34_sem_gaussian/graphs/MIIC__v10_a15_g15_s500.json,,0.03756690098089166,12.0,8.0,0.0,0.8,0.0,0.6666666666666666
sem_gaussian,GHC+BDeu,"{""n_bins"": 4, ""discretization_method"": ""quantile""}",10,15,500,15,/home/mathis/Documents/Travail/cbnsl_benchmark/scaling/../scaling/results/2026-04-02_10h34_sem_gaussian/graphs/golden__v10_a15_g15.json,/home/mathis/Documents/Travail/cbnsl_benchmark/scaling/../scaling/results/2026-04-02_10h34_sem_gaussian/graphs/GHC+BDeu__v10_a15_g15_s500.json,,0.04247006098739803,12.0,8.0,0.0,0.8,0.0,0.6666666666666666
sem_gaussian,NOTEARS,"{""lambda1"": 0.0, ""w_threshold_notears"": 0.3}",10,15,500,15,/home/mathis/Documents/Travail/cbnsl_benchmark/scaling/../scaling/results/2026-04-02_10h34_sem_gaussian/graphs/golden__v10_a15_g15.json,/home/mathis/Documents/Travail/cbnsl_benchmark/scaling/../scaling/results/2026-04-02_10h34_sem_gaussian/graphs/NOTEARS__v10_a15_g15_s500.json,,2.8304418490151875,0.0,0.0,1.0,1.0,1.0,1.0
sem_gaussian,NOTEARS Disc.,"{""lambda1"": 0.1, ""w_threshold_notears"": 0.1, ""n_bins"": 4, ""discretization_method"": ""quantile""}",10,15,500,15,/home/mathis/Documents/Travail/cbnsl_benchmark/scaling/../scaling/results/2026-04-02_10h34_sem_gaussian/graphs/golden__v10_a15_g15.json,/home/mathis/Documents/Travail/cbnsl_benchmark/scaling/../scaling/results/2026-04-02_10h34_sem_gaussian/graphs/NOTEARS Disc.__v10_a15_g15_s500.json,,1.7771726320206653,12.0,7.0,0.25,0.8799999999999999,0.6666666666666666,0.9166666666666666
sem_gaussian,LiNGAM,"{""threshold_lingam"": 0.1}",10,15,500,15,/home/mathis/Documents/Travail/cbnsl_benchmark/scaling/../scaling/results/2026-04-02_10h34_sem_gaussian/graphs/golden__v10_a15_g15.json,/home/mathis/Documents/Travail/cbnsl_benchmark/scaling/../scaling/results/2026-04-02_10h34_sem_gaussian/graphs/LiNGAM__v10_a15_g15_s500.json,,0.4245364829839673,21.0,18.0,0.16,0.6857142857142856,1.0,1.0
sem_gaussian,CPC,"{""alpha"": 0.05, ""max_conditioning_set_size"": 3}",10,15,1000,15,/home/mathis/Documents/Travail/cbnsl_benchmark/scaling/../scaling/results/2026-04-02_10h34_sem_gaussian/graphs/golden__v10_a15_g15.json,/home/mathis/Documents/Travail/cbnsl_benchmark/scaling/../scaling/results/2026-04-02_10h34_sem_gaussian/graphs/CPC__v10_a15_g15_s1000.json,,0.9959024639974814,9.0,8.0,0.39999999999999997,0.7368421052631579,0.375,0.5833333333333334
sem_gaussian,CMIIC,"{""alpha"": 0.05}",10,15,1000,15,/home/mathis/Documents/Travail/cbnsl_benchmark/scaling/../scaling/results/2026-04-02_10h34_sem_gaussian/graphs/golden__v10_a15_g15.json,/home/mathis/Documents/Travail/cbnsl_benchmark/scaling/../scaling/results/2026-04-02_10h34_sem_gaussian/graphs/CMIIC__v10_a15_g15_s1000.json,,1.322139840980526,12.0,8.0,0.0,0.8,0.0,0.6666666666666666
sem_gaussian,MIIC,"{""n_bins"": 4, ""discretization_method"": ""quantile""}",10,15,1000,15,/home/mathis/Documents/Travail/cbnsl_benchmark/scaling/../scaling/results/2026-04-02_10h34_sem_gaussian/graphs/golden__v10_a15_g15.json,/home/mathis/Documents/Travail/cbnsl_benchmark/scaling/../scaling/results/2026-04-02_10h34_sem_gaussian/graphs/MIIC__v10_a15_g15_s1000.json,,0.07432355399942026,12.0,7.0,0.0,0.8571428571428571,0.0,0.75
sem_gaussian,GHC+BDeu,"{""n_bins"": 4, ""discretization_method"": ""quantile""}",10,15,1000,15,/home/mathis/Documents/Travail/cbnsl_benchmark/scaling/../scaling/results/2026-04-02_10h34_sem_gaussian/graphs/golden__v10_a15_g15.json,/home/mathis/Documents/Travail/cbnsl_benchmark/scaling/../scaling/results/2026-04-02_10h34_sem_gaussian/graphs/GHC+BDeu__v10_a15_g15_s1000.json,,0.06782324600499123,12.0,7.0,0.0,0.8571428571428571,0.0,0.75
sem_gaussian,NOTEARS,"{""lambda1"": 0.0, ""w_threshold_notears"": 0.3}",10,15,1000,15,/home/mathis/Documents/Travail/cbnsl_benchmark/scaling/../scaling/results/2026-04-02_10h34_sem_gaussian/graphs/golden__v10_a15_g15.json,/home/mathis/Documents/Travail/cbnsl_benchmark/scaling/../scaling/results/2026-04-02_10h34_sem_gaussian/graphs/NOTEARS__v10_a15_g15_s1000.json,,4.236895122012356,0.0,0.0,1.0,1.0,1.0,1.0
sem_gaussian,NOTEARS Disc.,"{""lambda1"": 0.1, ""w_threshold_notears"": 0.1, ""n_bins"": 4, ""discretization_method"": ""quantile""}",10,15,1000,15,/home/mathis/Documents/Travail/cbnsl_benchmark/scaling/../scaling/results/2026-04-02_10h34_sem_gaussian/graphs/golden__v10_a15_g15.json,/home/mathis/Documents/Travail/cbnsl_benchmark/scaling/../scaling/results/2026-04-02_10h34_sem_gaussian/graphs/NOTEARS Disc.__v10_a15_g15_s1000.json,,3.6828762099903543,11.0,7.0,0.35294117647058826,0.923076923076923,1.0,1.0
sem_gaussian,LiNGAM,"{""threshold_lingam"": 0.1}",10,15,1000,15,/home/mathis/Documents/Travail/cbnsl_benchmark/scaling/../scaling/results/2026-04-02_10h34_sem_gaussian/graphs/golden__v10_a15_g15.json,/home/mathis/Documents/Travail/cbnsl_benchmark/scaling/../scaling/results/2026-04-02_10h34_sem_gaussian/graphs/LiNGAM__v10_a15_g15_s1000.json,[pyAgrum] Partially directed cycle detected: Add a partial directed cycle in a PDAG : between 5 and 3,,,,,,,
sem_gaussian,CPC,"{""alpha"": 0.05, ""max_conditioning_set_size"": 3}",10,15,3000,15,/home/mathis/Documents/Travail/cbnsl_benchmark/scaling/../scaling/results/2026-04-02_10h34_sem_gaussian/graphs/golden__v10_a15_g15.json,/home/mathis/Documents/Travail/cbnsl_benchmark/scaling/../scaling/results/2026-04-02_10h34_sem_gaussian/graphs/CPC__v10_a15_g15_s3000.json,,12.135718414996518,6.0,6.0,0.6666666666666665,0.9565217391304348,0.8571428571428571,0.9166666666666666
sem_gaussian,CMIIC,"{""alpha"": 0.05}",10,15,3000,15,/home/mathis/Documents/Travail/cbnsl_benchmark/scaling/../scaling/results/2026-04-02_10h34_sem_gaussian/graphs/golden__v10_a15_g15.json,/home/mathis/Documents/Travail/cbnsl_benchmark/scaling/../scaling/results/2026-04-02_10h34_sem_gaussian/graphs/CMIIC__v10_a15_g15_s3000.json,,8.516945818002569,12.0,8.0,0.0,0.8,0.0,0.6666666666666666
sem_gaussian,MIIC,"{""n_bins"": 4, ""discretization_method"": ""quantile""}",10,15,3000,15,/home/mathis/Documents/Travail/cbnsl_benchmark/scaling/../scaling/results/2026-04-02_10h34_sem_gaussian/graphs/golden__v10_a15_g15.json,/home/mathis/Documents/Travail/cbnsl_benchmark/scaling/../scaling/results/2026-04-02_10h34_sem_gaussian/graphs/MIIC__v10_a15_g15_s3000.json,,0.1603189139859751,10.0,7.0,0.28571428571428575,0.9090909090909091,0.5,0.8333333333333334
sem_gaussian,GHC+BDeu,"{""n_bins"": 4, ""discretization_method"": ""quantile""}",10,15,3000,15,/home/mathis/Documents/Travail/cbnsl_benchmark/scaling/../scaling/results/2026-04-02_10h34_sem_gaussian/graphs/golden__v10_a15_g15.json,/home/mathis/Documents/Travail/cbnsl_benchmark/scaling/../scaling/results/2026-04-02_10h34_sem_gaussian/graphs/GHC+BDeu__v10_a15_g15_s3000.json,,0.13793227699352428,11.0,12.0,0.26666666666666666,0.8695652173913043,0.5,0.8333333333333334
sem_gaussian,NOTEARS,"{""lambda1"": 0.0, ""w_threshold_notears"": 0.3}",10,15,3000,15,/home/mathis/Documents/Travail/cbnsl_benchmark/scaling/../scaling/results/2026-04-02_10h34_sem_gaussian/graphs/golden__v10_a15_g15.json,/home/mathis/Documents/Travail/cbnsl_benchmark/scaling/../scaling/results/2026-04-02_10h34_sem_gaussian/graphs/NOTEARS__v10_a15_g15_s3000.json,,3.293639287992846,0.0,0.0,1.0,1.0,1.0,1.0
sem_gaussian,NOTEARS Disc.,"{""lambda1"": 0.1, ""w_threshold_notears"": 0.1, ""n_bins"": 4, ""discretization_method"": ""quantile""}",10,15,3000,15,/home/mathis/Documents/Travail/cbnsl_benchmark/scaling/../scaling/results/2026-04-02_10h34_sem_gaussian/graphs/golden__v10_a15_g15.json,/home/mathis/Documents/Travail/cbnsl_benchmark/scaling/../scaling/results/2026-04-02_10h34_sem_gaussian/graphs/NOTEARS Disc.__v10_a15_g15_s3000.json,,4.27138926499174,11.0,10.0,0.26666666666666666,0.9166666666666666,0.6666666666666666,0.9166666666666666
sem_gaussian,LiNGAM,"{""threshold_lingam"": 0.1}",10,15,3000,15,/home/mathis/Documents/Travail/cbnsl_benchmark/scaling/../scaling/results/2026-04-02_10h34_sem_gaussian/graphs/golden__v10_a15_g15.json,/home/mathis/Documents/Travail/cbnsl_benchmark/scaling/../scaling/results/2026-04-02_10h34_sem_gaussian/graphs/LiNGAM__v10_a15_g15_s3000.json,,0.4979547449911479,18.0,23.0,0.4,0.6666666666666666,1.0,1.0
sem_gaussian,CPC,"{""alpha"": 0.05, ""max_conditioning_set_size"": 3}",10,15,5000,15,/home/mathis/Documents/Travail/cbnsl_benchmark/scaling/../scaling/results/2026-04-02_10h34_sem_gaussian/graphs/golden__v10_a15_g15.json,/home/mathis/Documents/Travail/cbnsl_benchmark/scaling/../scaling/results/2026-04-02_10h34_sem_gaussian/graphs/CPC__v10_a15_g15_s5000.json,,25.821531609020894,5.0,9.0,0.761904761904762,0.9166666666666666,0.8888888888888888,0.9166666666666666
sem_gaussian,CMIIC,"{""alpha"": 0.05}",10,15,5000,15,/home/mathis/Documents/Travail/cbnsl_benchmark/scaling/../scaling/results/2026-04-02_10h34_sem_gaussian/graphs/golden__v10_a15_g15.json,/home/mathis/Documents/Travail/cbnsl_benchmark/scaling/../scaling/results/2026-04-02_10h34_sem_gaussian/graphs/CMIIC__v10_a15_g15_s5000.json,,23.842191122996155,12.0,8.0,0.0,0.8,0.0,0.6666666666666666
sem_gaussian,MIIC,"{""n_bins"": 4, ""discretization_method"": ""quantile""}",10,15,5000,15,/home/mathis/Documents/Travail/cbnsl_benchmark/scaling/../scaling/results/2026-04-02_10h34_sem_gaussian/graphs/golden__v10_a15_g15.json,/home/mathis/Documents/Travail/cbnsl_benchmark/scaling/../scaling/results/2026-04-02_10h34_sem_gaussian/graphs/MIIC__v10_a15_g15_s5000.json,,0.3306942390045151,5.0,6.0,0.7368421052631579,0.9565217391304348,0.875,0.9166666666666666
sem_gaussian,GHC+BDeu,"{""n_bins"": 4, ""discretization_method"": ""quantile""}",10,15,5000,15,/home/mathis/Documents/Travail/cbnsl_benchmark/scaling/../scaling/results/2026-04-02_10h34_sem_gaussian/graphs/golden__v10_a15_g15.json,/home/mathis/Documents/Travail/cbnsl_benchmark/scaling/../scaling/results/2026-04-02_10h34_sem_gaussian/graphs/GHC+BDeu__v10_a15_g15_s5000.json,,0.23330017499392852,11.0,12.0,0.26666666666666666,0.9166666666666666,0.6666666666666666,0.9166666666666666
sem_gaussian,NOTEARS,"{""lambda1"": 0.0, ""w_threshold_notears"": 0.3}",10,15,5000,15,/home/mathis/Documents/Travail/cbnsl_benchmark/scaling/../scaling/results/2026-04-02_10h34_sem_gaussian/graphs/golden__v10_a15_g15.json,/home/mathis/Documents/Travail/cbnsl_benchmark/scaling/../scaling/results/2026-04-02_10h34_sem_gaussian/graphs/NOTEARS__v10_a15_g15_s5000.json,,6.104577132005943,0.0,0.0,1.0,1.0,1.0,1.0
sem_gaussian,NOTEARS Disc.,"{""lambda1"": 0.1, ""w_threshold_notears"": 0.1, ""n_bins"": 4, ""discretization_method"": ""quantile""}",10,15,5000,15,/home/mathis/Documents/Travail/cbnsl_benchmark/scaling/../scaling/results/2026-04-02_10h34_sem_gaussian/graphs/golden__v10_a15_g15.json,/home/mathis/Documents/Travail/cbnsl_benchmark/scaling/../scaling/results/2026-04-02_10h34_sem_gaussian/graphs/NOTEARS Disc.__v10_a15_g15_s5000.json,,5.208842852007365,9.0,12.0,0.47058823529411764,0.9166666666666666,0.8,0.9166666666666666
sem_gaussian,LiNGAM,"{""threshold_lingam"": 0.1}",10,15,5000,15,/home/mathis/Documents/Travail/cbnsl_benchmark/scaling/../scaling/results/2026-04-02_10h34_sem_gaussian/graphs/golden__v10_a15_g15.json,/home/mathis/Documents/Travail/cbnsl_benchmark/scaling/../scaling/results/2026-04-02_10h34_sem_gaussian/graphs/LiNGAM__v10_a15_g15_s5000.json,,0.5377701609977521,17.0,19.0,0.4516129032258065,0.6285714285714286,0.875,0.9166666666666666
sem_gaussian,CPC,"{""alpha"": 0.05, ""max_conditioning_set_size"": 3}",10,15,200,16,/home/mathis/Documents/Travail/cbnsl_benchmark/scaling/../scaling/results/2026-04-02_10h34_sem_gaussian/graphs/golden__v10_a15_g16.json,/home/mathis/Documents/Travail/cbnsl_benchmark/scaling/../scaling/results/2026-04-02_10h34_sem_gaussian/graphs/CPC__v10_a15_g16_s200.json,,0.03345401000115089,15.0,14.0,0.0,0.125,0.0,0.06666666666666667
sem_gaussian,CMIIC,"{""alpha"": 0.05}",10,15,200,16,/home/mathis/Documents/Travail/cbnsl_benchmark/scaling/../scaling/results/2026-04-02_10h34_sem_gaussian/graphs/golden__v10_a15_g16.json,/home/mathis/Documents/Travail/cbnsl_benchmark/scaling/../scaling/results/2026-04-02_10h34_sem_gaussian/graphs/CMIIC__v10_a15_g16_s200.json,,0.12391897701309063,15.0,12.0,0.0,0.7499999999999999,0.0,0.6
sem_gaussian,MIIC,"{""n_bins"": 4, ""discretization_method"": ""quantile""}",10,15,200,16,/home/mathis/Documents/Travail/cbnsl_benchmark/scaling/../scaling/results/2026-04-02_10h34_sem_gaussian/graphs/golden__v10_a15_g16.json,/home/mathis/Documents/Travail/cbnsl_benchmark/scaling/../scaling/results/2026-04-02_10h34_sem_gaussian/graphs/MIIC__v10_a15_g16_s200.json,,0.019193655985873193,15.0,13.0,0.0,0.5,0.0,0.3333333333333333
sem_gaussian,GHC+BDeu,"{""n_bins"": 4, ""discretization_method"": ""quantile""}",10,15,200,16,/home/mathis/Documents/Travail/cbnsl_benchmark/scaling/../scaling/results/2026-04-02_10h34_sem_gaussian/graphs/golden__v10_a15_g16.json,/home/mathis/Documents/Travail/cbnsl_benchmark/scaling/../scaling/results/2026-04-02_10h34_sem_gaussian/graphs/GHC+BDeu__v10_a15_g16_s200.json,,0.019397195981582627,16.0,15.0,0.0,0.4,0.0,0.26666666666666666
sem_gaussian,NOTEARS,"{""lambda1"": 0.0, ""w_threshold_notears"": 0.3}",10,15,200,16,/home/mathis/Documents/Travail/cbnsl_benchmark/scaling/../scaling/results/2026-04-02_10h34_sem_gaussian/graphs/golden__v10_a15_g16.json,/home/mathis/Documents/Travail/cbnsl_benchmark/scaling/../scaling/results/2026-04-02_10h34_sem_gaussian/graphs/NOTEARS__v10_a15_g16_s200.json,,1.031818621995626,2.0,0.0,0.9285714285714286,1.0,1.0,1.0
sem_gaussian,NOTEARS Disc.,"{""lambda1"": 0.1, ""w_threshold_notears"": 0.1, ""n_bins"": 4, ""discretization_method"": ""quantile""}",10,15,200,16,/home/mathis/Documents/Travail/cbnsl_benchmark/scaling/../scaling/results/2026-04-02_10h34_sem_gaussian/graphs/golden__v10_a15_g16.json,/home/mathis/Documents/Travail/cbnsl_benchmark/scaling/../scaling/results/2026-04-02_10h34_sem_gaussian/graphs/NOTEARS Disc.__v10_a15_g16_s200.json,,1.9620506789942738,15.0,3.0,0.11764705882352941,0.896551724137931,0.3333333333333333,0.8666666666666667
sem_gaussian,LiNGAM,"{""threshold_lingam"": 0.1}",10,15,200,16,/home/mathis/Documents/Travail/cbnsl_benchmark/scaling/../scaling/results/2026-04-02_10h34_sem_gaussian/graphs/golden__v10_a15_g16.json,/home/mathis/Documents/Travail/cbnsl_benchmark/scaling/../scaling/results/2026-04-02_10h34_sem_gaussian/graphs/LiNGAM__v10_a15_g16_s200.json,,0.23931090100086294,13.0,14.0,0.5185185185185185,0.8571428571428571,1.0,1.0
sem_gaussian,CPC,"{""alpha"": 0.05, ""max_conditioning_set_size"": 3}",10,15,500,16,/home/mathis/Documents/Travail/cbnsl_benchmark/scaling/../scaling/results/2026-04-02_10h34_sem_gaussian/graphs/golden__v10_a15_g16.json,/home/mathis/Documents/Travail/cbnsl_benchmark/scaling/../scaling/results/2026-04-02_10h34_sem_gaussian/graphs/CPC__v10_a15_g16_s500.json,,0.26537681100307964,15.0,14.0,0.0,0.23529411764705882,0.0,0.13333333333333333
sem_gaussian,CMIIC,"{""alpha"": 0.05}",10,15,500,16,/home/mathis/Documents/Travail/cbnsl_benchmark/scaling/../scaling/results/2026-04-02_10h34_sem_gaussian/graphs/golden__v10_a15_g16.json,/home/mathis/Documents/Travail/cbnsl_benchmark/scaling/../scaling/results/2026-04-02_10h34_sem_gaussian/graphs/CMIIC__v10_a15_g16_s500.json,,0.729279082006542,15.0,12.0,0.0,0.6956521739130436,0.0,0.5333333333333333
sem_gaussian,MIIC,"{""n_bins"": 4, ""discretization_method"": ""quantile""}",10,15,500,16,/home/mathis/Documents/Travail/cbnsl_benchmark/scaling/../scaling/results/2026-04-02_10h34_sem_gaussian/graphs/golden__v10_a15_g16.json,/home/mathis/Documents/Travail/cbnsl_benchmark/scaling/../scaling/results/2026-04-02_10h34_sem_gaussian/graphs/MIIC__v10_a15_g16_s500.json,,0.04249689698917791,15.0,12.0,0.0,0.6956521739130436,0.0,0.5333333333333333
sem_gaussian,GHC+BDeu,"{""n_bins"": 4, ""discretization_method"": ""quantile""}",10,15,500,16,/home/mathis/Documents/Travail/cbnsl_benchmark/scaling/../scaling/results/2026-04-02_10h34_sem_gaussian/graphs/golden__v10_a15_g16.json,/home/mathis/Documents/Travail/cbnsl_benchmark/scaling/../scaling/results/2026-04-02_10h34_sem_gaussian/graphs/GHC+BDeu__v10_a15_g16_s500.json,,0.03908163699088618,15.0,12.0,0.0,0.6956521739130436,0.0,0.5333333333333333
sem_gaussian,NOTEARS,"{""lambda1"": 0.0, ""w_threshold_notears"": 0.3}",10,15,500,16,/home/mathis/Documents/Travail/cbnsl_benchmark/scaling/../scaling/results/2026-04-02_10h34_sem_gaussian/graphs/golden__v10_a15_g16.json,/home/mathis/Documents/Travail/cbnsl_benchmark/scaling/../scaling/results/2026-04-02_10h34_sem_gaussian/graphs/NOTEARS__v10_a15_g16_s500.json,,2.03628213898628,0.0,0.0,1.0,1.0,1.0,1.0
sem_gaussian,NOTEARS Disc.,"{""lambda1"": 0.1, ""w_threshold_notears"": 0.1, ""n_bins"": 4, ""discretization_method"": ""quantile""}",10,15,500,16,/home/mathis/Documents/Travail/cbnsl_benchmark/scaling/../scaling/results/2026-04-02_10h34_sem_gaussian/graphs/golden__v10_a15_g16.json,/home/mathis/Documents/Travail/cbnsl_benchmark/scaling/../scaling/results/2026-04-02_10h34_sem_gaussian/graphs/NOTEARS Disc.__v10_a15_g16_s500.json,,4.77141450002091,15.0,13.0,0.11764705882352941,0.8571428571428571,0.25,0.8
sem_gaussian,LiNGAM,"{""threshold_lingam"": 0.1}",10,15,500,16,/home/mathis/Documents/Travail/cbnsl_benchmark/scaling/../scaling/results/2026-04-02_10h34_sem_gaussian/graphs/golden__v10_a15_g16.json,/home/mathis/Documents/Travail/cbnsl_benchmark/scaling/../scaling/results/2026-04-02_10h34_sem_gaussian/graphs/LiNGAM__v10_a15_g16_s500.json,,0.24678504999610595,15.0,22.0,0.5454545454545454,0.7692307692307693,1.0,1.0
sem_gaussian,CPC,"{""alpha"": 0.05, ""max_conditioning_set_size"": 3}",10,15,1000,16,/home/mathis/Documents/Travail/cbnsl_benchmark/scaling/../scaling/results/2026-04-02_10h34_sem_gaussian/graphs/golden__v10_a15_g16.json,/home/mathis/Documents/Travail/cbnsl_benchmark/scaling/../scaling/results/2026-04-02_10h34_sem_gaussian/graphs/CPC__v10_a15_g16_s1000.json,,1.2278268649824895,11.0,13.0,0.4210526315789474,0.6363636363636364,0.3333333333333333,0.4666666666666667
sem_gaussian,CMIIC,"{""alpha"": 0.05}",10,15,1000,16,/home/mathis/Documents/Travail/cbnsl_benchmark/scaling/../scaling/results/2026-04-02_10h34_sem_gaussian/graphs/golden__v10_a15_g16.json,/home/mathis/Documents/Travail/cbnsl_benchmark/scaling/../scaling/results/2026-04-02_10h34_sem_gaussian/graphs/CMIIC__v10_a15_g16_s1000.json,,2.490081398980692,15.0,12.0,0.0,0.6956521739130436,0.0,0.5333333333333333
sem_gaussian,MIIC,"{""n_bins"": 4, ""discretization_method"": ""quantile""}",10,15,1000,16,/home/mathis/Documents/Travail/cbnsl_benchmark/scaling/../scaling/results/2026-04-02_10h34_sem_gaussian/graphs/golden__v10_a15_g16.json,/home/mathis/Documents/Travail/cbnsl_benchmark/scaling/../scaling/results/2026-04-02_10h34_sem_gaussian/graphs/MIIC__v10_a15_g16_s1000.json,,0.09044786900631152,15.0,12.0,0.0,0.6956521739130436,0.0,0.5333333333333333
sem_gaussian,GHC+BDeu,"{""n_bins"": 4, ""discretization_method"": ""quantile""}",10,15,1000,16,/home/mathis/Documents/Travail/cbnsl_benchmark/scaling/../scaling/results/2026-04-02_10h34_sem_gaussian/graphs/golden__v10_a15_g16.json,/home/mathis/Documents/Travail/cbnsl_benchmark/scaling/../scaling/results/2026-04-02_10h34_sem_gaussian/graphs/GHC+BDeu__v10_a15_g16_s1000.json,,0.1115505280031357,15.0,12.0,0.0,0.6956521739130436,0.0,0.5333333333333333
sem_gaussian,NOTEARS,"{""lambda1"": 0.0, ""w_threshold_notears"": 0.3}",10,15,1000,16,/home/mathis/Documents/Travail/cbnsl_benchmark/scaling/../scaling/results/2026-04-02_10h34_sem_gaussian/graphs/golden__v10_a15_g16.json,/home/mathis/Documents/Travail/cbnsl_benchmark/scaling/../scaling/results/2026-04-02_10h34_sem_gaussian/graphs/NOTEARS__v10_a15_g16_s1000.json,,8.657524567999644,0.0,0.0,1.0,1.0,1.0,1.0
sem_gaussian,NOTEARS Disc.,"{""lambda1"": 0.1, ""w_threshold_notears"": 0.1, ""n_bins"": 4, ""discretization_method"": ""quantile""}",10,15,1000,16,/home/mathis/Documents/Travail/cbnsl_benchmark/scaling/../scaling/results/2026-04-02_10h34_sem_gaussian/graphs/golden__v10_a15_g16.json,/home/mathis/Documents/Travail/cbnsl_benchmark/scaling/../scaling/results/2026-04-02_10h34_sem_gaussian/graphs/NOTEARS Disc.__v10_a15_g16_s1000.json,,3.5580362470063847,15.0,14.0,0.21052631578947367,0.7857142857142856,0.3333333333333333,0.7333333333333333
sem_gaussian,LiNGAM,"{""threshold_lingam"": 0.1}",10,15,1000,16,/home/mathis/Documents/Travail/cbnsl_benchmark/scaling/../scaling/results/2026-04-02_10h34_sem_gaussian/graphs/golden__v10_a15_g16.json,/home/mathis/Documents/Travail/cbnsl_benchmark/scaling/../scaling/results/2026-04-02_10h34_sem_gaussian/graphs/LiNGAM__v10_a15_g16_s1000.json,,0.4059736980125308,18.0,18.0,0.5,0.7142857142857143,1.0,1.0
sem_gaussian,CPC,"{""alpha"": 0.05, ""max_conditioning_set_size"": 3}",10,15,3000,16,/home/mathis/Documents/Travail/cbnsl_benchmark/scaling/../scaling/results/2026-04-02_10h34_sem_gaussian/graphs/golden__v10_a15_g16.json,/home/mathis/Documents/Travail/cbnsl_benchmark/scaling/../scaling/results/2026-04-02_10h34_sem_gaussian/graphs/CPC__v10_a15_g16_s3000.json,,10.324898159014992,14.0,15.0,0.3,0.7407407407407408,0.375,0.6666666666666666
sem_gaussian,CMIIC,"{""alpha"": 0.05}",10,15,3000,16,/home/mathis/Documents/Travail/cbnsl_benchmark/scaling/../scaling/results/2026-04-02_10h34_sem_gaussian/graphs/golden__v10_a15_g16.json,/home/mathis/Documents/Travail/cbnsl_benchmark/scaling/../scaling/results/2026-04-02_10h34_sem_gaussian/graphs/CMIIC__v10_a15_g16_s3000.json,,12.55297381800483,15.0,12.0,0.0,0.6956521739130436,0.0,0.5333333333333333
sem_gaussian,MIIC,"{""n_bins"": 4, ""discretization_method"": ""quantile""}",10,15,3000,16,/home/mathis/Documents/Travail/cbnsl_benchmark/scaling/../scaling/results/2026-04-02_10h34_sem_gaussian/graphs/golden__v10_a15_g16.json,/home/mathis/Documents/Travail/cbnsl_benchmark/scaling/../scaling/results/2026-04-02_10h34_sem_gaussian/graphs/MIIC__v10_a15_g16_s3000.json,,0.27303240000037476,14.0,12.0,0.125,0.6956521739130436,0.125,0.5333333333333333
sem_gaussian,GHC+BDeu,"{""n_bins"": 4, ""discretization_method"": ""quantile""}",10,15,3000,16,/home/mathis/Documents/Travail/cbnsl_benchmark/scaling/../scaling/results/2026-04-02_10h34_sem_gaussian/graphs/golden__v10_a15_g16.json,/home/mathis/Documents/Travail/cbnsl_benchmark/scaling/../scaling/results/2026-04-02_10h34_sem_gaussian/graphs/GHC+BDeu__v10_a15_g16_s3000.json,,0.21788038100930862,14.0,12.0,0.125,0.8,0.16666666666666666,0.6666666666666666
sem_gaussian,NOTEARS,"{""lambda1"": 0.0, ""w_threshold_notears"": 0.3}",10,15,3000,16,/home/mathis/Documents/Travail/cbnsl_benchmark/scaling/../scaling/results/2026-04-02_10h34_sem_gaussian/graphs/golden__v10_a15_g16.json,/home/mathis/Documents/Travail/cbnsl_benchmark/scaling/../scaling/results/2026-04-02_10h34_sem_gaussian/graphs/NOTEARS__v10_a15_g16_s3000.json,,5.529233920009574,0.0,0.0,1.0,1.0,1.0,1.0
sem_gaussian,NOTEARS Disc.,"{""lambda1"": 0.1, ""w_threshold_notears"": 0.1, ""n_bins"": 4, ""discretization_method"": ""quantile""}",10,15,3000,16,/home/mathis/Documents/Travail/cbnsl_benchmark/scaling/../scaling/results/2026-04-02_10h34_sem_gaussian/graphs/golden__v10_a15_g16.json,/home/mathis/Documents/Travail/cbnsl_benchmark/scaling/../scaling/results/2026-04-02_10h34_sem_gaussian/graphs/NOTEARS Disc.__v10_a15_g16_s3000.json,,9.235687129985308,16.0,15.0,0.27272727272727276,0.7333333333333333,0.42857142857142855,0.7333333333333333
sem_gaussian,LiNGAM,"{""threshold_lingam"": 0.1}",10,15,3000,16,/home/mathis/Documents/Travail/cbnsl_benchmark/scaling/../scaling/results/2026-04-02_10h34_sem_gaussian/graphs/golden__v10_a15_g16.json,/home/mathis/Documents/Travail/cbnsl_benchmark/scaling/../scaling/results/2026-04-02_10h34_sem_gaussian/graphs/LiNGAM__v10_a15_g16_s3000.json,,0.45218141499208286,24.0,18.0,0.3333333333333333,0.6046511627906976,0.75,0.8666666666666667
sem_gaussian,CPC,"{""alpha"": 0.05, ""max_conditioning_set_size"": 3}",10,15,5000,16,/home/mathis/Documents/Travail/cbnsl_benchmark/scaling/../scaling/results/2026-04-02_10h34_sem_gaussian/graphs/golden__v10_a15_g16.json,/home/mathis/Documents/Travail/cbnsl_benchmark/scaling/../scaling/results/2026-04-02_10h34_sem_gaussian/graphs/CPC__v10_a15_g16_s5000.json,,29.994598696008325,12.0,10.0,0.4,0.8148148148148148,0.5,0.7333333333333333
sem_gaussian,CMIIC,"{""alpha"": 0.05}",10,15,5000,16,/home/mathis/Documents/Travail/cbnsl_benchmark/scaling/../scaling/results/2026-04-02_10h34_sem_gaussian/graphs/golden__v10_a15_g16.json,/home/mathis/Documents/Travail/cbnsl_benchmark/scaling/../scaling/results/2026-04-02_10h34_sem_gaussian/graphs/CMIIC__v10_a15_g16_s5000.json,,33.54777238500537,15.0,12.0,0.0,0.6956521739130436,0.0,0.5333333333333333
sem_gaussian,MIIC,"{""n_bins"": 4, ""discretization_method"": ""quantile""}",10,15,5000,16,/home/mathis/Documents/Travail/cbnsl_benchmark/scaling/../scaling/results/2026-04-02_10h34_sem_gaussian/graphs/golden__v10_a15_g16.json,/home/mathis/Documents/Travail/cbnsl_benchmark/scaling/../scaling/results/2026-04-02_10h34_sem_gaussian/graphs/MIIC__v10_a15_g16_s5000.json,,0.29468484001699835,16.0,12.0,0.1111111111111111,0.6923076923076923,0.14285714285714285,0.6
sem_gaussian,GHC+BDeu,"{""n_bins"": 4, ""discretization_method"": ""quantile""}",10,15,5000,16,/home/mathis/Documents/Travail/cbnsl_benchmark/scaling/../scaling/results/2026-04-02_10h34_sem_gaussian/graphs/golden__v10_a15_g16.json,/home/mathis/Documents/Travail/cbnsl_benchmark/scaling/../scaling/results/2026-04-02_10h34_sem_gaussian/graphs/GHC+BDeu__v10_a15_g16_s5000.json,,0.24123718298505992,16.0,9.0,0.0,0.8148148148148148,0.0,0.7333333333333333
sem_gaussian,NOTEARS,"{""lambda1"": 0.0, ""w_threshold_notears"": 0.3}",10,15,5000,16,/home/mathis/Documents/Travail/cbnsl_benchmark/scaling/../scaling/results/2026-04-02_10h34_sem_gaussian/graphs/golden__v10_a15_g16.json,/home/mathis/Documents/Travail/cbnsl_benchmark/scaling/../scaling/results/2026-04-02_10h34_sem_gaussian/graphs/NOTEARS__v10_a15_g16_s5000.json,,7.408686931012198,2.0,0.0,0.9285714285714286,1.0,1.0,1.0
sem_gaussian,NOTEARS Disc.,"{""lambda1"": 0.1, ""w_threshold_notears"": 0.1, ""n_bins"": 4, ""discretization_method"": ""quantile""}",10,15,5000,16,/home/mathis/Documents/Travail/cbnsl_benchmark/scaling/../scaling/results/2026-04-02_10h34_sem_gaussian/graphs/golden__v10_a15_g16.json,/home/mathis/Documents/Travail/cbnsl_benchmark/scaling/../scaling/results/2026-04-02_10h34_sem_gaussian/graphs/NOTEARS Disc.__v10_a15_g16_s5000.json,,8.97821124602342,15.0,11.0,0.28571428571428575,0.8000000000000002,0.5,0.8
sem_gaussian,LiNGAM,"{""threshold_lingam"": 0.1}",10,15,5000,16,/home/mathis/Documents/Travail/cbnsl_benchmark/scaling/../scaling/results/2026-04-02_10h34_sem_gaussian/graphs/golden__v10_a15_g16.json,/home/mathis/Documents/Travail/cbnsl_benchmark/scaling/../scaling/results/2026-04-02_10h34_sem_gaussian/graphs/LiNGAM__v10_a15_g16_s5000.json,,0.5833956960123032,21.0,20.0,0.39999999999999997,0.6666666666666667,0.875,0.9333333333333333
sem_gaussian,CPC,"{""alpha"": 0.05, ""max_conditioning_set_size"": 3}",10,15,200,17,/home/mathis/Documents/Travail/cbnsl_benchmark/scaling/../scaling/results/2026-04-02_10h34_sem_gaussian/graphs/golden__v10_a15_g17.json,/home/mathis/Documents/Travail/cbnsl_benchmark/scaling/../scaling/results/2026-04-02_10h34_sem_gaussian/graphs/CPC__v10_a15_g17_s200.json,,0.041156799998134375,15.0,15.0,0.0,0.125,0.0,0.06666666666666667
sem_gaussian,CMIIC,"{""alpha"": 0.05}",10,15,200,17,/home/mathis/Documents/Travail/cbnsl_benchmark/scaling/../scaling/results/2026-04-02_10h34_sem_gaussian/graphs/golden__v10_a15_g17.json,/home/mathis/Documents/Travail/cbnsl_benchmark/scaling/../scaling/results/2026-04-02_10h34_sem_gaussian/graphs/CMIIC__v10_a15_g17_s200.json,,0.11512214501271956,16.0,9.0,0.2222222222222222,0.8148148148148148,0.3333333333333333,0.7333333333333333
sem_gaussian,MIIC,"{""n_bins"": 4, ""discretization_method"": ""quantile""}",10,15,200,17,/home/mathis/Documents/Travail/cbnsl_benchmark/scaling/../scaling/results/2026-04-02_10h34_sem_gaussian/graphs/golden__v10_a15_g17.json,/home/mathis/Documents/Travail/cbnsl_benchmark/scaling/../scaling/results/2026-04-02_10h34_sem_gaussian/graphs/MIIC__v10_a15_g17_s200.json,,0.02407168099307455,11.0,13.0,0.0,0.8,0.0,0.6666666666666666
sem_gaussian,GHC+BDeu,"{""n_bins"": 4, ""discretization_method"": ""quantile""}",10,15,200,17,/home/mathis/Documents/Travail/cbnsl_benchmark/scaling/../scaling/results/2026-04-02_10h34_sem_gaussian/graphs/golden__v10_a15_g17.json,/home/mathis/Documents/Travail/cbnsl_benchmark/scaling/../scaling/results/2026-04-02_10h34_sem_gaussian/graphs/GHC+BDeu__v10_a15_g17_s200.json,,0.024058643000898883,13.0,13.0,0.0,0.5714285714285715,0.0,0.4
sem_gaussian,NOTEARS,"{""lambda1"": 0.0, ""w_threshold_notears"": 0.3}",10,15,200,17,/home/mathis/Documents/Travail/cbnsl_benchmark/scaling/../scaling/results/2026-04-02_10h34_sem_gaussian/graphs/golden__v10_a15_g17.json,/home/mathis/Documents/Travail/cbnsl_benchmark/scaling/../scaling/results/2026-04-02_10h34_sem_gaussian/graphs/NOTEARS__v10_a15_g17_s200.json,,1.0424465139803942,4.0,5.0,0.75,0.9655172413793104,0.9,0.9333333333333333
sem_gaussian,NOTEARS Disc.,"{""lambda1"": 0.1, ""w_threshold_notears"": 0.1, ""n_bins"": 4, ""discretization_method"": ""quantile""}",10,15,200,17,/home/mathis/Documents/Travail/cbnsl_benchmark/scaling/../scaling/results/2026-04-02_10h34_sem_gaussian/graphs/golden__v10_a15_g17.json,/home/mathis/Documents/Travail/cbnsl_benchmark/scaling/../scaling/results/2026-04-02_10h34_sem_gaussian/graphs/NOTEARS Disc.__v10_a15_g17_s200.json,,3.3702908419945743,11.0,16.0,0.4545454545454545,0.8666666666666667,0.7142857142857143,0.8666666666666667
sem_gaussian,LiNGAM,"{""threshold_lingam"": 0.1}",10,15,200,17,/home/mathis/Documents/Travail/cbnsl_benchmark/scaling/../scaling/results/2026-04-02_10h34_sem_gaussian/graphs/golden__v10_a15_g17.json,/home/mathis/Documents/Travail/cbnsl_benchmark/scaling/../scaling/results/2026-04-02_10h34_sem_gaussian/graphs/LiNGAM__v10_a15_g17_s200.json,,0.27553839501342736,20.0,20.0,0.375,0.7000000000000001,0.8571428571428571,0.9333333333333333
sem_gaussian,CPC,"{""alpha"": 0.05, ""max_conditioning_set_size"": 3}",10,15,500,17,/home/mathis/Documents/Travail/cbnsl_benchmark/scaling/../scaling/results/2026-04-02_10h34_sem_gaussian/graphs/golden__v10_a15_g17.json,/home/mathis/Documents/Travail/cbnsl_benchmark/scaling/../scaling/results/2026-04-02_10h34_sem_gaussian/graphs/CPC__v10_a15_g17_s500.json,,0.23642449598992243,13.0,12.0,0.0,0.5,0.0,0.3333333333333333
sem_gaussian,CMIIC,"{""alpha"": 0.05}",10,15,500,17,/home/mathis/Documents/Travail/cbnsl_benchmark/scaling/../scaling/results/2026-04-02_10h34_sem_gaussian/graphs/golden__v10_a15_g17.json,/home/mathis/Documents/Travail/cbnsl_benchmark/scaling/../scaling/results/2026-04-02_10h34_sem_gaussian/graphs/CMIIC__v10_a15_g17_s500.json,,0.3810664959892165,16.0,9.0,0.2222222222222222,0.8148148148148148,0.3333333333333333,0.7333333333333333
sem_gaussian,MIIC,"{""n_bins"": 4, ""discretization_method"": ""quantile""}",10,15,500,17,/home/mathis/Documents/Travail/cbnsl_benchmark/scaling/../scaling/results/2026-04-02_10h34_sem_gaussian/graphs/golden__v10_a15_g17.json,/home/mathis/Documents/Travail/cbnsl_benchmark/scaling/../scaling/results/2026-04-02_10h34_sem_gaussian/graphs/MIIC__v10_a15_g17_s500.json,,0.03718138299882412,13.0,11.0,0.0,0.846153846153846,0.0,0.7333333333333333
sem_gaussian,GHC+BDeu,"{""n_bins"": 4, ""discretization_method"": ""quantile""}",10,15,500,17,/home/mathis/Documents/Travail/cbnsl_benchmark/scaling/../scaling/results/2026-04-02_10h34_sem_gaussian/graphs/golden__v10_a15_g17.json,/home/mathis/Documents/Travail/cbnsl_benchmark/scaling/../scaling/results/2026-04-02_10h34_sem_gaussian/graphs/GHC+BDeu__v10_a15_g17_s500.json,,0.035859682015143335,12.0,11.0,0.0,0.6956521739130436,0.0,0.5333333333333333
sem_gaussian,NOTEARS,"{""lambda1"": 0.0, ""w_threshold_notears"": 0.3}",10,15,500,17,/home/mathis/Documents/Travail/cbnsl_benchmark/scaling/../scaling/results/2026-04-02_10h34_sem_gaussian/graphs/golden__v10_a15_g17.json,/home/mathis/Documents/Travail/cbnsl_benchmark/scaling/../scaling/results/2026-04-02_10h34_sem_gaussian/graphs/NOTEARS__v10_a15_g17_s500.json,,1.9056348129815888,3.0,0.0,0.8,1.0,1.0,1.0
sem_gaussian,NOTEARS Disc.,"{""lambda1"": 0.1, ""w_threshold_notears"": 0.1, ""n_bins"": 4, ""discretization_method"": ""quantile""}",10,15,500,17,/home/mathis/Documents/Travail/cbnsl_benchmark/scaling/../scaling/results/2026-04-02_10h34_sem_gaussian/graphs/golden__v10_a15_g17.json,,[pyAgrum] Directed cycle detected: Add a directed cycle in a dag !,,,,,,,
sem_gaussian,LiNGAM,"{""threshold_lingam"": 0.1}",10,15,500,17,/home/mathis/Documents/Travail/cbnsl_benchmark/scaling/../scaling/results/2026-04-02_10h34_sem_gaussian/graphs/golden__v10_a15_g17.json,/home/mathis/Documents/Travail/cbnsl_benchmark/scaling/../scaling/results/2026-04-02_10h34_sem_gaussian/graphs/LiNGAM__v10_a15_g17_s500.json,[pyAgrum] Partially directed cycle detected: Add a partial directed cycle in a PDAG : between 5 and 4,,,,,,,
sem_gaussian,CPC,"{""alpha"": 0.05, ""max_conditioning_set_size"": 3}",10,15,1000,17,/home/mathis/Documents/Travail/cbnsl_benchmark/scaling/../scaling/results/2026-04-02_10h34_sem_gaussian/graphs/golden__v10_a15_g17.json,/home/mathis/Documents/Travail/cbnsl_benchmark/scaling/../scaling/results/2026-04-02_10h34_sem_gaussian/graphs/CPC__v10_a15_g17_s1000.json,,1.1011872380040586,12.0,11.0,0.5714285714285713,0.846153846153846,0.6,0.7333333333333333
sem_gaussian,CMIIC,"{""alpha"": 0.05}",10,15,1000,17,/home/mathis/Documents/Travail/cbnsl_benchmark/scaling/../scaling/results/2026-04-02_10h34_sem_gaussian/graphs/golden__v10_a15_g17.json,/home/mathis/Documents/Travail/cbnsl_benchmark/scaling/../scaling/results/2026-04-02_10h34_sem_gaussian/graphs/CMIIC__v10_a15_g17_s1000.json,,1.3456138969922904,9.0,8.0,0.7199999999999999,0.8148148148148148,0.6923076923076923,0.7333333333333333
sem_gaussian,MIIC,"{""n_bins"": 4, ""discretization_method"": ""quantile""}",10,15,1000,17,/home/mathis/Documents/Travail/cbnsl_benchmark/scaling/../scaling/results/2026-04-02_10h34_sem_gaussian/graphs/golden__v10_a15_g17.json,/home/mathis/Documents/Travail/cbnsl_benchmark/scaling/../scaling/results/2026-04-02_10h34_sem_gaussian/graphs/MIIC__v10_a15_g17_s1000.json,,0.07113531400682405,16.0,9.0,0.0,0.8148148148148148,0.0,0.7333333333333333
sem_gaussian,GHC+BDeu,"{""n_bins"": 4, ""discretization_method"": ""quantile""}",10,15,1000,17,/home/mathis/Documents/Travail/cbnsl_benchmark/scaling/../scaling/results/2026-04-02_10h34_sem_gaussian/graphs/golden__v10_a15_g17.json,/home/mathis/Documents/Travail/cbnsl_benchmark/scaling/../scaling/results/2026-04-02_10h34_sem_gaussian/graphs/GHC+BDeu__v10_a15_g17_s1000.json,,0.058218079997459427,14.0,9.0,0.23529411764705882,0.8,0.2857142857142857,0.6666666666666666
sem_gaussian,NOTEARS,"{""lambda1"": 0.0, ""w_threshold_notears"": 0.3}",10,15,1000,17,/home/mathis/Documents/Travail/cbnsl_benchmark/scaling/../scaling/results/2026-04-02_10h34_sem_gaussian/graphs/golden__v10_a15_g17.json,/home/mathis/Documents/Travail/cbnsl_benchmark/scaling/../scaling/results/2026-04-02_10h34_sem_gaussian/graphs/NOTEARS__v10_a15_g17_s1000.json,,2.046172750007827,3.0,0.0,0.8,1.0,1.0,1.0
sem_gaussian,NOTEARS Disc.,"{""lambda1"": 0.1, ""w_threshold_notears"": 0.1, ""n_bins"": 4, ""discretization_method"": ""quantile""}",10,15,1000,17,/home/mathis/Documents/Travail/cbnsl_benchmark/scaling/../scaling/results/2026-04-02_10h34_sem_gaussian/graphs/golden__v10_a15_g17.json,/home/mathis/Documents/Travail/cbnsl_benchmark/scaling/../scaling/results/2026-04-02_10h34_sem_gaussian/graphs/NOTEARS Disc.__v10_a15_g17_s1000.json,,2.4787379280023742,1.0,13.0,0.6956521739130435,0.9655172413793104,0.8888888888888888,0.9333333333333333
sem_gaussian,LiNGAM,"{""threshold_lingam"": 0.1}",10,15,1000,17,/home/mathis/Documents/Travail/cbnsl_benchmark/scaling/../scaling/results/2026-04-02_10h34_sem_gaussian/graphs/golden__v10_a15_g17.json,/home/mathis/Documents/Travail/cbnsl_benchmark/scaling/../scaling/results/2026-04-02_10h34_sem_gaussian/graphs/LiNGAM__v10_a15_g17_s1000.json,,0.2983100290002767,22.0,24.0,0.42424242424242425,0.7317073170731707,1.0,1.0
sem_gaussian,CPC,"{""alpha"": 0.05, ""max_conditioning_set_size"": 3}",10,15,3000,17,/home/mathis/Documents/Travail/cbnsl_benchmark/scaling/../scaling/results/2026-04-02_10h34_sem_gaussian/graphs/golden__v10_a15_g17.json,/home/mathis/Documents/Travail/cbnsl_benchmark/scaling/../scaling/results/2026-04-02_10h34_sem_gaussian/graphs/CPC__v10_a15_g17_s3000.json,,11.829011755005922,9.0,9.0,0.5833333333333334,0.7857142857142856,0.6363636363636364,0.7333333333333333
sem_gaussian,CMIIC,"{""alpha"": 0.05}",10,15,3000,17,/home/mathis/Documents/Travail/cbnsl_benchmark/scaling/../scaling/results/2026-04-02_10h34_sem_gaussian/graphs/golden__v10_a15_g17.json,/home/mathis/Documents/Travail/cbnsl_benchmark/scaling/../scaling/results/2026-04-02_10h34_sem_gaussian/graphs/CMIIC__v10_a15_g17_s3000.json,,11.2616142439947,13.0,8.0,0.4,0.8148148148148148,0.5,0.7333333333333333
sem_gaussian,MIIC,"{""n_bins"": 4, ""discretization_method"": ""quantile""}",10,15,3000,17,/home/mathis/Documents/Travail/cbnsl_benchmark/scaling/../scaling/results/2026-04-02_10h34_sem_gaussian/graphs/golden__v10_a15_g17.json,/home/mathis/Documents/Travail/cbnsl_benchmark/scaling/../scaling/results/2026-04-02_10h34_sem_gaussian/graphs/MIIC__v10_a15_g17_s3000.json,,0.27701865500421263,9.0,8.0,0.5454545454545454,0.8148148148148148,0.6,0.7333333333333333
sem_gaussian,GHC+BDeu,"{""n_bins"": 4, ""discretization_method"": ""quantile""}",10,15,3000,17,/home/mathis/Documents/Travail/cbnsl_benchmark/scaling/../scaling/results/2026-04-02_10h34_sem_gaussian/graphs/golden__v10_a15_g17.json,/home/mathis/Documents/Travail/cbnsl_benchmark/scaling/../scaling/results/2026-04-02_10h34_sem_gaussian/graphs/GHC+BDeu__v10_a15_g17_s3000.json,,0.22225877901655622,18.0,8.0,0.2,0.7586206896551724,0.3333333333333333,0.7333333333333333
sem_gaussian,NOTEARS,"{""lambda1"": 0.0, ""w_threshold_notears"": 0.3}",10,15,3000,17,/home/mathis/Documents/Travail/cbnsl_benchmark/scaling/../scaling/results/2026-04-02_10h34_sem_gaussian/graphs/golden__v10_a15_g17.json,/home/mathis/Documents/Travail/cbnsl_benchmark/scaling/../scaling/results/2026-04-02_10h34_sem_gaussian/graphs/NOTEARS__v10_a15_g17_s3000.json,,6.633987817011075,3.0,0.0,0.8,1.0,1.0,1.0
sem_gaussian,NOTEARS Disc.,"{""lambda1"": 0.1, ""w_threshold_notears"": 0.1, ""n_bins"": 4, ""discretization_method"": ""quantile""}",10,15,3000,17,/home/mathis/Documents/Travail/cbnsl_benchmark/scaling/../scaling/results/2026-04-02_10h34_sem_gaussian/graphs/golden__v10_a15_g17.json,/home/mathis/Documents/Travail/cbnsl_benchmark/scaling/../scaling/results/2026-04-02_10h34_sem_gaussian/graphs/NOTEARS Disc.__v10_a15_g17_s3000.json,,7.608090843015816,6.0,9.0,0.6956521739130435,0.9655172413793104,0.8888888888888888,0.9333333333333333
sem_gaussian,LiNGAM,"{""threshold_lingam"": 0.1}",10,15,3000,17,/home/mathis/Documents/Travail/cbnsl_benchmark/scaling/../scaling/results/2026-04-02_10h34_sem_gaussian/graphs/golden__v10_a15_g17.json,/home/mathis/Documents/Travail/cbnsl_benchmark/scaling/../scaling/results/2026-04-02_10h34_sem_gaussian/graphs/LiNGAM__v10_a15_g17_s3000.json,[pyAgrum] Partially directed cycle detected: Add a partial directed cycle in a PDAG : between 3 and 0,,,,,,,
sem_gaussian,CPC,"{""alpha"": 0.05, ""max_conditioning_set_size"": 3}",10,15,5000,17,/home/mathis/Documents/Travail/cbnsl_benchmark/scaling/../scaling/results/2026-04-02_10h34_sem_gaussian/graphs/golden__v10_a15_g17.json,/home/mathis/Documents/Travail/cbnsl_benchmark/scaling/../scaling/results/2026-04-02_10h34_sem_gaussian/graphs/CPC__v10_a15_g17_s5000.json,,35.52297294497839,10.0,9.0,0.5217391304347826,0.7857142857142856,0.6,0.7333333333333333
sem_gaussian,CMIIC,"{""alpha"": 0.05}",10,15,5000,17,/home/mathis/Documents/Travail/cbnsl_benchmark/scaling/../scaling/results/2026-04-02_10h34_sem_gaussian/graphs/golden__v10_a15_g17.json,/home/mathis/Documents/Travail/cbnsl_benchmark/scaling/../scaling/results/2026-04-02_10h34_sem_gaussian/graphs/CMIIC__v10_a15_g17_s5000.json,,27.163137372001074,13.0,8.0,0.4,0.8148148148148148,0.5,0.7333333333333333
sem_gaussian,MIIC,"{""n_bins"": 4, ""discretization_method"": ""quantile""}",10,15,5000,17,/home/mathis/Documents/Travail/cbnsl_benchmark/scaling/../scaling/results/2026-04-02_10h34_sem_gaussian/graphs/golden__v10_a15_g17.json,/home/mathis/Documents/Travail/cbnsl_benchmark/scaling/../scaling/results/2026-04-02_10h34_sem_gaussian/graphs/MIIC__v10_a15_g17_s5000.json,,0.33953401999315247,9.0,8.0,0.5454545454545454,0.8148148148148148,0.6,0.7333333333333333
sem_gaussian,GHC+BDeu,"{""n_bins"": 4, ""discretization_method"": ""quantile""}",10,15,5000,17,/home/mathis/Documents/Travail/cbnsl_benchmark/scaling/../scaling/results/2026-04-02_10h34_sem_gaussian/graphs/golden__v10_a15_g17.json,/home/mathis/Documents/Travail/cbnsl_benchmark/scaling/../scaling/results/2026-04-02_10h34_sem_gaussian/graphs/GHC+BDeu__v10_a15_g17_s5000.json,,0.23775562399532646,11.0,11.0,0.4,0.896551724137931,0.6666666666666666,0.8666666666666667
sem_gaussian,NOTEARS,"{""lambda1"": 0.0, ""w_threshold_notears"": 0.3}",10,15,5000,17,/home/mathis/Documents/Travail/cbnsl_benchmark/scaling/../scaling/results/2026-04-02_10h34_sem_gaussian/graphs/golden__v10_a15_g17.json,/home/mathis/Documents/Travail/cbnsl_benchmark/scaling/../scaling/results/2026-04-02_10h34_sem_gaussian/graphs/NOTEARS__v10_a15_g17_s5000.json,,5.560002571990481,3.0,0.0,0.8,1.0,1.0,1.0
sem_gaussian,NOTEARS Disc.,"{""lambda1"": 0.1, ""w_threshold_notears"": 0.1, ""n_bins"": 4, ""discretization_method"": ""quantile""}",10,15,5000,17,/home/mathis/Documents/Travail/cbnsl_benchmark/scaling/../scaling/results/2026-04-02_10h34_sem_gaussian/graphs/golden__v10_a15_g17.json,/home/mathis/Documents/Travail/cbnsl_benchmark/scaling/../scaling/results/2026-04-02_10h34_sem_gaussian/graphs/NOTEARS Disc.__v10_a15_g17_s5000.json,,7.067978097999003,6.0,9.0,0.6956521739130435,0.9655172413793104,0.8888888888888888,0.9333333333333333
sem_gaussian,LiNGAM,"{""threshold_lingam"": 0.1}",10,15,5000,17,/home/mathis/Documents/Travail/cbnsl_benchmark/scaling/../scaling/results/2026-04-02_10h34_sem_gaussian/graphs/golden__v10_a15_g17.json,/home/mathis/Documents/Travail/cbnsl_benchmark/scaling/../scaling/results/2026-04-02_10h34_sem_gaussian/graphs/LiNGAM__v10_a15_g17_s5000.json,,0.5852344239829108,22.0,21.0,0.3870967741935484,0.7499999999999999,1.0,1.0
sem_gaussian,CPC,"{""alpha"": 0.05, ""max_conditioning_set_size"": 3}",10,15,200,18,/home/mathis/Documents/Travail/cbnsl_benchmark/scaling/../scaling/results/2026-04-02_10h34_sem_gaussian/graphs/golden__v10_a15_g18.json,/home/mathis/Documents/Travail/cbnsl_benchmark/scaling/../scaling/results/2026-04-02_10h34_sem_gaussian/graphs/CPC__v10_a15_g18_s200.json,,0.018186127010267228,14.0,12.0,0.2222222222222222,0.47619047619047616,0.16666666666666666,0.3333333333333333
sem_gaussian,CMIIC,"{""alpha"": 0.05}",10,15,200,18,/home/mathis/Documents/Travail/cbnsl_benchmark/scaling/../scaling/results/2026-04-02_10h34_sem_gaussian/graphs/golden__v10_a15_g18.json,/home/mathis/Documents/Travail/cbnsl_benchmark/scaling/../scaling/results/2026-04-02_10h34_sem_gaussian/graphs/CMIIC__v10_a15_g18_s200.json,,0.06919869198463857,13.0,9.0,0.3157894736842105,0.6666666666666667,0.3,0.5333333333333333
sem_gaussian,MIIC,"{""n_bins"": 4, ""discretization_method"": ""quantile""}",10,15,200,18,/home/mathis/Documents/Travail/cbnsl_benchmark/scaling/../scaling/results/2026-04-02_10h34_sem_gaussian/graphs/golden__v10_a15_g18.json,/home/mathis/Documents/Travail/cbnsl_benchmark/scaling/../scaling/results/2026-04-02_10h34_sem_gaussian/graphs/MIIC__v10_a15_g18_s200.json,,0.02136539699858986,13.0,11.0,0.0,0.5,0.0,0.3333333333333333
sem_gaussian,GHC+BDeu,"{""n_bins"": 4, ""discretization_method"": ""quantile""}",10,15,200,18,/home/mathis/Documents/Travail/cbnsl_benchmark/scaling/../scaling/results/2026-04-02_10h34_sem_gaussian/graphs/golden__v10_a15_g18.json,/home/mathis/Documents/Travail/cbnsl_benchmark/scaling/../scaling/results/2026-04-02_10h34_sem_gaussian/graphs/GHC+BDeu__v10_a15_g18_s200.json,,0.021989682980347425,13.0,11.0,0.0,0.4210526315789474,0.0,0.26666666666666666
sem_gaussian,NOTEARS,"{""lambda1"": 0.0, ""w_threshold_notears"": 0.3}",10,15,200,18,/home/mathis/Documents/Travail/cbnsl_benchmark/scaling/../scaling/results/2026-04-02_10h34_sem_gaussian/graphs/golden__v10_a15_g18.json,/home/mathis/Documents/Travail/cbnsl_benchmark/scaling/../scaling/results/2026-04-02_10h34_sem_gaussian/graphs/NOTEARS__v10_a15_g18_s200.json,,1.1255753520235885,2.0,3.0,0.7500000000000001,0.9285714285714286,0.8181818181818182,0.8666666666666667
sem_gaussian,NOTEARS Disc.,"{""lambda1"": 0.1, ""w_threshold_notears"": 0.1, ""n_bins"": 4, ""discretization_method"": ""quantile""}",10,15,200,18,/home/mathis/Documents/Travail/cbnsl_benchmark/scaling/../scaling/results/2026-04-02_10h34_sem_gaussian/graphs/golden__v10_a15_g18.json,/home/mathis/Documents/Travail/cbnsl_benchmark/scaling/../scaling/results/2026-04-02_10h34_sem_gaussian/graphs/NOTEARS Disc.__v10_a15_g18_s200.json,,1.062886775995139,11.0,10.0,0.5217391304347826,0.7407407407407408,0.5454545454545454,0.6666666666666666
sem_gaussian,LiNGAM,"{""threshold_lingam"": 0.1}",10,15,200,18,/home/mathis/Documents/Travail/cbnsl_benchmark/scaling/../scaling/results/2026-04-02_10h34_sem_gaussian/graphs/golden__v10_a15_g18.json,/home/mathis/Documents/Travail/cbnsl_benchmark/scaling/../scaling/results/2026-04-02_10h34_sem_gaussian/graphs/LiNGAM__v10_a15_g18_s200.json,,0.22986230699461885,13.0,16.0,0.5384615384615385,0.8484848484848485,0.875,0.9333333333333333
sem_gaussian,CPC,"{""alpha"": 0.05, ""max_conditioning_set_size"": 3}",10,15,500,18,/home/mathis/Documents/Travail/cbnsl_benchmark/scaling/../scaling/results/2026-04-02_10h34_sem_gaussian/graphs/golden__v10_a15_g18.json,/home/mathis/Documents/Travail/cbnsl_benchmark/scaling/../scaling/results/2026-04-02_10h34_sem_gaussian/graphs/CPC__v10_a15_g18_s500.json,,0.1133246359822806,12.0,9.0,0.4210526315789474,0.6363636363636364,0.3333333333333333,0.4666666666666667
sem_gaussian,CMIIC,"{""alpha"": 0.05}",10,15,500,18,/home/mathis/Documents/Travail/cbnsl_benchmark/scaling/../scaling/results/2026-04-02_10h34_sem_gaussian/graphs/golden__v10_a15_g18.json,/home/mathis/Documents/Travail/cbnsl_benchmark/scaling/../scaling/results/2026-04-02_10h34_sem_gaussian/graphs/CMIIC__v10_a15_g18_s500.json,,0.2527804409910459,14.0,10.0,0.0,0.608695652173913,0.0,0.4666666666666667
sem_gaussian,MIIC,"{""n_bins"": 4, ""discretization_method"": ""quantile""}",10,15,500,18,/home/mathis/Documents/Travail/cbnsl_benchmark/scaling/../scaling/results/2026-04-02_10h34_sem_gaussian/graphs/golden__v10_a15_g18.json,/home/mathis/Documents/Travail/cbnsl_benchmark/scaling/../scaling/results/2026-04-02_10h34_sem_gaussian/graphs/MIIC__v10_a15_g18_s500.json,,0.032705130986869335,14.0,10.0,0.0,0.608695652173913,0.0,0.4666666666666667
sem_gaussian,GHC+BDeu,"{""n_bins"": 4, ""discretization_method"": ""quantile""}",10,15,500,18,/home/mathis/Documents/Travail/cbnsl_benchmark/scaling/../scaling/results/2026-04-02_10h34_sem_gaussian/graphs/golden__v10_a15_g18.json,/home/mathis/Documents/Travail/cbnsl_benchmark/scaling/../scaling/results/2026-04-02_10h34_sem_gaussian/graphs/GHC+BDeu__v10_a15_g18_s500.json,,0.031980284984456375,13.0,11.0,0.0,0.5,0.0,0.3333333333333333
sem_gaussian,NOTEARS,"{""lambda1"": 0.0, ""w_threshold_notears"": 0.3}",10,15,500,18,/home/mathis/Documents/Travail/cbnsl_benchmark/scaling/../scaling/results/2026-04-02_10h34_sem_gaussian/graphs/golden__v10_a15_g18.json,/home/mathis/Documents/Travail/cbnsl_benchmark/scaling/../scaling/results/2026-04-02_10h34_sem_gaussian/graphs/NOTEARS__v10_a15_g18_s500.json,,1.1742192579840776,8.0,18.0,0.5714285714285715,0.8571428571428571,1.0,1.0
sem_gaussian,NOTEARS Disc.,"{""lambda1"": 0.1, ""w_threshold_notears"": 0.1, ""n_bins"": 4, ""discretization_method"": ""quantile""}",10,15,500,18,/home/mathis/Documents/Travail/cbnsl_benchmark/scaling/../scaling/results/2026-04-02_10h34_sem_gaussian/graphs/golden__v10_a15_g18.json,/home/mathis/Documents/Travail/cbnsl_benchmark/scaling/../scaling/results/2026-04-02_10h34_sem_gaussian/graphs/NOTEARS Disc.__v10_a15_g18_s500.json,,1.00365557600162,8.0,11.0,0.6363636363636364,0.9285714285714286,0.7777777777777778,0.8666666666666667
sem_gaussian,LiNGAM,"{""threshold_lingam"": 0.1}",10,15,500,18,/home/mathis/Documents/Travail/cbnsl_benchmark/scaling/../scaling/results/2026-04-02_10h34_sem_gaussian/graphs/golden__v10_a15_g18.json,/home/mathis/Documents/Travail/cbnsl_benchmark/scaling/../scaling/results/2026-04-02_10h34_sem_gaussian/graphs/LiNGAM__v10_a15_g18_s500.json,,0.27373416398768313,21.0,20.0,0.24000000000000002,0.8108108108108109,1.0,1.0
sem_gaussian,CPC,"{""alpha"": 0.05, ""max_conditioning_set_size"": 3}",10,15,1000,18,/home/mathis/Documents/Travail/cbnsl_benchmark/scaling/../scaling/results/2026-04-02_10h34_sem_gaussian/graphs/golden__v10_a15_g18.json,/home/mathis/Documents/Travail/cbnsl_benchmark/scaling/../scaling/results/2026-04-02_10h34_sem_gaussian/graphs/CPC__v10_a15_g18_s1000.json,,0.627851858997019,14.0,8.0,0.125,0.6956521739130436,0.125,0.5333333333333333
sem_gaussian,CMIIC,"{""alpha"": 0.05}",10,15,1000,18,/home/mathis/Documents/Travail/cbnsl_benchmark/scaling/../scaling/results/2026-04-02_10h34_sem_gaussian/graphs/golden__v10_a15_g18.json,/home/mathis/Documents/Travail/cbnsl_benchmark/scaling/../scaling/results/2026-04-02_10h34_sem_gaussian/graphs/CMIIC__v10_a15_g18_s1000.json,,0.8570019759936258,14.0,10.0,0.0,0.608695652173913,0.0,0.4666666666666667
sem_gaussian,MIIC,"{""n_bins"": 4, ""discretization_method"": ""quantile""}",10,15,1000,18,/home/mathis/Documents/Travail/cbnsl_benchmark/scaling/../scaling/results/2026-04-02_10h34_sem_gaussian/graphs/golden__v10_a15_g18.json,/home/mathis/Documents/Travail/cbnsl_benchmark/scaling/../scaling/results/2026-04-02_10h34_sem_gaussian/graphs/MIIC__v10_a15_g18_s1000.json,,0.05341890000272542,12.0,7.0,0.0,0.7499999999999999,0.0,0.6
sem_gaussian,GHC+BDeu,"{""n_bins"": 4, ""discretization_method"": ""quantile""}",10,15,1000,18,/home/mathis/Documents/Travail/cbnsl_benchmark/scaling/../scaling/results/2026-04-02_10h34_sem_gaussian/graphs/golden__v10_a15_g18.json,/home/mathis/Documents/Travail/cbnsl_benchmark/scaling/../scaling/results/2026-04-02_10h34_sem_gaussian/graphs/GHC+BDeu__v10_a15_g18_s1000.json,,0.05011507400195114,12.0,8.0,0.0,0.6956521739130436,0.0,0.5333333333333333
sem_gaussian,NOTEARS,"{""lambda1"": 0.0, ""w_threshold_notears"": 0.3}",10,15,1000,18,/home/mathis/Documents/Travail/cbnsl_benchmark/scaling/../scaling/results/2026-04-02_10h34_sem_gaussian/graphs/golden__v10_a15_g18.json,/home/mathis/Documents/Travail/cbnsl_benchmark/scaling/../scaling/results/2026-04-02_10h34_sem_gaussian/graphs/NOTEARS__v10_a15_g18_s1000.json,,1.6234652199782431,7.0,10.0,0.5925925925925926,0.8823529411764706,1.0,1.0
sem_gaussian,NOTEARS Disc.,"{""lambda1"": 0.1, ""w_threshold_notears"": 0.1, ""n_bins"": 4, ""discretization_method"": ""quantile""}",10,15,1000,18,/home/mathis/Documents/Travail/cbnsl_benchmark/scaling/../scaling/results/2026-04-02_10h34_sem_gaussian/graphs/golden__v10_a15_g18.json,/home/mathis/Documents/Travail/cbnsl_benchmark/scaling/../scaling/results/2026-04-02_10h34_sem_gaussian/graphs/NOTEARS Disc.__v10_a15_g18_s1000.json,,2.392322505998891,4.0,9.0,0.7500000000000001,0.9285714285714286,0.8181818181818182,0.8666666666666667
sem_gaussian,LiNGAM,"{""threshold_lingam"": 0.1}",10,15,1000,18,/home/mathis/Documents/Travail/cbnsl_benchmark/scaling/../scaling/results/2026-04-02_10h34_sem_gaussian/graphs/golden__v10_a15_g18.json,/home/mathis/Documents/Travail/cbnsl_benchmark/scaling/../scaling/results/2026-04-02_10h34_sem_gaussian/graphs/LiNGAM__v10_a15_g18_s1000.json,,0.302001004019985,19.0,23.0,0.48484848484848486,0.7499999999999999,1.0,1.0
sem_gaussian,CPC,"{""alpha"": 0.05, ""max_conditioning_set_size"": 3}",10,15,3000,18,/home/mathis/Documents/Travail/cbnsl_benchmark/scaling/../scaling/results/2026-04-02_10h34_sem_gaussian/graphs/golden__v10_a15_g18.json,/home/mathis/Documents/Travail/cbnsl_benchmark/scaling/../scaling/results/2026-04-02_10h34_sem_gaussian/graphs/CPC__v10_a15_g18_s3000.json,,7.3007254200056195,13.0,12.0,0.45454545454545453,0.7407407407407408,0.5,0.6666666666666666
sem_gaussian,CMIIC,"{""alpha"": 0.05}",10,15,3000,18,/home/mathis/Documents/Travail/cbnsl_benchmark/scaling/../scaling/results/2026-04-02_10h34_sem_gaussian/graphs/golden__v10_a15_g18.json,/home/mathis/Documents/Travail/cbnsl_benchmark/scaling/../scaling/results/2026-04-02_10h34_sem_gaussian/graphs/CMIIC__v10_a15_g18_s3000.json,,7.0969094750180375,14.0,11.0,0.0,0.5454545454545455,0.0,0.4
sem_gaussian,MIIC,"{""n_bins"": 4, ""discretization_method"": ""quantile""}",10,15,3000,18,/home/mathis/Documents/Travail/cbnsl_benchmark/scaling/../scaling/results/2026-04-02_10h34_sem_gaussian/graphs/golden__v10_a15_g18.json,/home/mathis/Documents/Travail/cbnsl_benchmark/scaling/../scaling/results/2026-04-02_10h34_sem_gaussian/graphs/MIIC__v10_a15_g18_s3000.json,,0.18442675701226108,11.0,9.0,0.4000000000000001,0.7200000000000001,0.4,0.6
sem_gaussian,GHC+BDeu,"{""n_bins"": 4, ""discretization_method"": ""quantile""}",10,15,3000,18,/home/mathis/Documents/Travail/cbnsl_benchmark/scaling/../scaling/results/2026-04-02_10h34_sem_gaussian/graphs/golden__v10_a15_g18.json,/home/mathis/Documents/Travail/cbnsl_benchmark/scaling/../scaling/results/2026-04-02_10h34_sem_gaussian/graphs/GHC+BDeu__v10_a15_g18_s3000.json,,0.12842351099243388,10.0,12.0,0.2222222222222222,0.7692307692307692,0.2857142857142857,0.6666666666666666
sem_gaussian,NOTEARS,"{""lambda1"": 0.0, ""w_threshold_notears"": 0.3}",10,15,3000,18,/home/mathis/Documents/Travail/cbnsl_benchmark/scaling/../scaling/results/2026-04-02_10h34_sem_gaussian/graphs/golden__v10_a15_g18.json,/home/mathis/Documents/Travail/cbnsl_benchmark/scaling/../scaling/results/2026-04-02_10h34_sem_gaussian/graphs/NOTEARS__v10_a15_g18_s3000.json,,2.5922702199895866,0.0,9.0,0.846153846153846,1.0,1.0,1.0
sem_gaussian,NOTEARS Disc.,"{""lambda1"": 0.1, ""w_threshold_notears"": 0.1, ""n_bins"": 4, ""discretization_method"": ""quantile""}",10,15,3000,18,/home/mathis/Documents/Travail/cbnsl_benchmark/scaling/../scaling/results/2026-04-02_10h34_sem_gaussian/graphs/golden__v10_a15_g18.json,/home/mathis/Documents/Travail/cbnsl_benchmark/scaling/../scaling/results/2026-04-02_10h34_sem_gaussian/graphs/NOTEARS Disc.__v10_a15_g18_s3000.json,,3.440350965014659,12.0,9.0,0.5217391304347826,0.7857142857142856,0.6,0.7333333333333333
sem_gaussian,LiNGAM,"{""threshold_lingam"": 0.1}",10,15,3000,18,/home/mathis/Documents/Travail/cbnsl_benchmark/scaling/../scaling/results/2026-04-02_10h34_sem_gaussian/graphs/golden__v10_a15_g18.json,/home/mathis/Documents/Travail/cbnsl_benchmark/scaling/../scaling/results/2026-04-02_10h34_sem_gaussian/graphs/LiNGAM__v10_a15_g18_s3000.json,,0.4197273019817658,18.0,18.0,0.3846153846153846,0.8333333333333333,1.0,1.0
sem_gaussian,CPC,"{""alpha"": 0.05, ""max_conditioning_set_size"": 3}",10,15,5000,18,/home/mathis/Documents/Travail/cbnsl_benchmark/scaling/../scaling/results/2026-04-02_10h34_sem_gaussian/graphs/golden__v10_a15_g18.json,/home/mathis/Documents/Travail/cbnsl_benchmark/scaling/../scaling/results/2026-04-02_10h34_sem_gaussian/graphs/CPC__v10_a15_g18_s5000.json,,22.05900662697968,14.0,12.0,0.3,0.7407407407407408,0.375,0.6666666666666666
sem_gaussian,CMIIC,"{""alpha"": 0.05}",10,15,5000,18,/home/mathis/Documents/Travail/cbnsl_benchmark/scaling/../scaling/results/2026-04-02_10h34_sem_gaussian/graphs/golden__v10_a15_g18.json,/home/mathis/Documents/Travail/cbnsl_benchmark/scaling/../scaling/results/2026-04-02_10h34_sem_gaussian/graphs/CMIIC__v10_a15_g18_s5000.json,,20.914654521999182,14.0,9.0,0.125,0.6363636363636364,0.1111111111111111,0.4666666666666667
sem_gaussian,MIIC,"{""n_bins"": 4, ""discretization_method"": ""quantile""}",10,15,5000,18,/home/mathis/Documents/Travail/cbnsl_benchmark/scaling/../scaling/results/2026-04-02_10h34_sem_gaussian/graphs/golden__v10_a15_g18.json,/home/mathis/Documents/Travail/cbnsl_benchmark/scaling/../scaling/results/2026-04-02_10h34_sem_gaussian/graphs/MIIC__v10_a15_g18_s5000.json,,0.33599762900848873,11.0,11.0,0.6086956521739131,0.8148148148148148,0.6363636363636364,0.7333333333333333
sem_gaussian,GHC+BDeu,"{""n_bins"": 4, ""discretization_method"": ""quantile""}",10,15,5000,18,/home/mathis/Documents/Travail/cbnsl_benchmark/scaling/../scaling/results/2026-04-02_10h34_sem_gaussian/graphs/golden__v10_a15_g18.json,/home/mathis/Documents/Travail/cbnsl_benchmark/scaling/../scaling/results/2026-04-02_10h34_sem_gaussian/graphs/GHC+BDeu__v10_a15_g18_s5000.json,,0.23947852800483815,16.0,14.0,0.2857142857142857,0.7586206896551724,0.42857142857142855,0.7333333333333333
sem_gaussian,NOTEARS,"{""lambda1"": 0.0, ""w_threshold_notears"": 0.3}",10,15,5000,18,/home/mathis/Documents/Travail/cbnsl_benchmark/scaling/../scaling/results/2026-04-02_10h34_sem_gaussian/graphs/golden__v10_a15_g18.json,/home/mathis/Documents/Travail/cbnsl_benchmark/scaling/../scaling/results/2026-04-02_10h34_sem_gaussian/graphs/NOTEARS__v10_a15_g18_s5000.json,,5.679117029008921,0.0,9.0,0.846153846153846,1.0,1.0,1.0
sem_gaussian,NOTEARS Disc.,"{""lambda1"": 0.1, ""w_threshold_notears"": 0.1, ""n_bins"": 4, ""discretization_method"": ""quantile""}",10,15,5000,18,/home/mathis/Documents/Travail/cbnsl_benchmark/scaling/../scaling/results/2026-04-02_10h34_sem_gaussian/graphs/golden__v10_a15_g18.json,/home/mathis/Documents/Travail/cbnsl_benchmark/scaling/../scaling/results/2026-04-02_10h34_sem_gaussian/graphs/NOTEARS Disc.__v10_a15_g18_s5000.json,,10.746786006988259,7.0,10.0,0.608695652173913,0.8571428571428571,0.7,0.8
sem_gaussian,LiNGAM,"{""threshold_lingam"": 0.1}",10,15,5000,18,/home/mathis/Documents/Travail/cbnsl_benchmark/scaling/../scaling/results/2026-04-02_10h34_sem_gaussian/graphs/golden__v10_a15_g18.json,/home/mathis/Documents/Travail/cbnsl_benchmark/scaling/../scaling/results/2026-04-02_10h34_sem_gaussian/graphs/LiNGAM__v10_a15_g18_s5000.json,,0.6345165660022758,14.0,15.0,0.5517241379310345,0.8333333333333333,1.0,1.0
sem_gaussian,CPC,"{""alpha"": 0.05, ""max_conditioning_set_size"": 3}",10,15,200,19,/home/mathis/Documents/Travail/cbnsl_benchmark/scaling/../scaling/results/2026-04-02_10h34_sem_gaussian/graphs/golden__v10_a15_g19.json,/home/mathis/Documents/Travail/cbnsl_benchmark/scaling/../scaling/results/2026-04-02_10h34_sem_gaussian/graphs/CPC__v10_a15_g19_s200.json,,0.035098622989607975,15.0,14.0,0.0,0.33333333333333337,0.0,0.2
sem_gaussian,CMIIC,"{""alpha"": 0.05}",10,15,200,19,/home/mathis/Documents/Travail/cbnsl_benchmark/scaling/../scaling/results/2026-04-02_10h34_sem_gaussian/graphs/golden__v10_a15_g19.json,/home/mathis/Documents/Travail/cbnsl_benchmark/scaling/../scaling/results/2026-04-02_10h34_sem_gaussian/graphs/CMIIC__v10_a15_g19_s200.json,,0.09805268299533054,11.0,12.0,0.39999999999999997,0.7692307692307692,0.4444444444444444,0.6666666666666666
sem_gaussian,MIIC,"{""n_bins"": 4, ""discretization_method"": ""quantile""}",10,15,200,19,/home/mathis/Documents/Travail/cbnsl_benchmark/scaling/../scaling/results/2026-04-02_10h34_sem_gaussian/graphs/golden__v10_a15_g19.json,/home/mathis/Documents/Travail/cbnsl_benchmark/scaling/../scaling/results/2026-04-02_10h34_sem_gaussian/graphs/MIIC__v10_a15_g19_s200.json,,0.02260445200954564,10.0,10.0,0.0,0.7499999999999999,0.0,0.6
sem_gaussian,GHC+BDeu,"{""n_bins"": 4, ""discretization_method"": ""quantile""}",10,15,200,19,/home/mathis/Documents/Travail/cbnsl_benchmark/scaling/../scaling/results/2026-04-02_10h34_sem_gaussian/graphs/golden__v10_a15_g19.json,/home/mathis/Documents/Travail/cbnsl_benchmark/scaling/../scaling/results/2026-04-02_10h34_sem_gaussian/graphs/GHC+BDeu__v10_a15_g19_s200.json,,0.022323793993564323,11.0,11.0,0.0,0.6363636363636364,0.0,0.4666666666666667
sem_gaussian,NOTEARS,"{""lambda1"": 0.0, ""w_threshold_notears"": 0.3}",10,15,200,19,/home/mathis/Documents/Travail/cbnsl_benchmark/scaling/../scaling/results/2026-04-02_10h34_sem_gaussian/graphs/golden__v10_a15_g19.json,/home/mathis/Documents/Travail/cbnsl_benchmark/scaling/../scaling/results/2026-04-02_10h34_sem_gaussian/graphs/NOTEARS__v10_a15_g19_s200.json,,2.959464668005239,3.0,7.0,0.75,0.9655172413793104,0.9,0.9333333333333333
sem_gaussian,NOTEARS Disc.,"{""lambda1"": 0.1, ""w_threshold_notears"": 0.1, ""n_bins"": 4, ""discretization_method"": ""quantile""}",10,15,200,19,/home/mathis/Documents/Travail/cbnsl_benchmark/scaling/../scaling/results/2026-04-02_10h34_sem_gaussian/graphs/golden__v10_a15_g19.json,/home/mathis/Documents/Travail/cbnsl_benchmark/scaling/../scaling/results/2026-04-02_10h34_sem_gaussian/graphs/NOTEARS Disc.__v10_a15_g19_s200.json,,2.9775337149912957,11.0,15.0,0.5,0.8387096774193549,0.75,0.8666666666666667
sem_gaussian,LiNGAM,"{""threshold_lingam"": 0.1}",10,15,200,19,/home/mathis/Documents/Travail/cbnsl_benchmark/scaling/../scaling/results/2026-04-02_10h34_sem_gaussian/graphs/golden__v10_a15_g19.json,/home/mathis/Documents/Travail/cbnsl_benchmark/scaling/../scaling/results/2026-04-02_10h34_sem_gaussian/graphs/LiNGAM__v10_a15_g19_s200.json,,0.33079241300583817,13.0,11.0,0.4166666666666667,0.8484848484848485,0.8333333333333334,0.9333333333333333
sem_gaussian,CPC,"{""alpha"": 0.05, ""max_conditioning_set_size"": 3}",10,15,500,19,/home/mathis/Documents/Travail/cbnsl_benchmark/scaling/../scaling/results/2026-04-02_10h34_sem_gaussian/graphs/golden__v10_a15_g19.json,/home/mathis/Documents/Travail/cbnsl_benchmark/scaling/../scaling/results/2026-04-02_10h34_sem_gaussian/graphs/CPC__v10_a15_g19_s500.json,,0.4075245849962812,15.0,13.0,0.125,0.4210526315789474,0.08333333333333333,0.26666666666666666
sem_gaussian,CMIIC,"{""alpha"": 0.05}",10,15,500,19,/home/mathis/Documents/Travail/cbnsl_benchmark/scaling/../scaling/results/2026-04-02_10h34_sem_gaussian/graphs/golden__v10_a15_g19.json,/home/mathis/Documents/Travail/cbnsl_benchmark/scaling/../scaling/results/2026-04-02_10h34_sem_gaussian/graphs/CMIIC__v10_a15_g19_s500.json,,0.5431260449986439,13.0,11.0,0.23529411764705882,0.8,0.2857142857142857,0.6666666666666666
sem_gaussian,MIIC,"{""n_bins"": 4, ""discretization_method"": ""quantile""}",10,15,500,19,/home/mathis/Documents/Travail/cbnsl_benchmark/scaling/../scaling/results/2026-04-02_10h34_sem_gaussian/graphs/golden__v10_a15_g19.json,/home/mathis/Documents/Travail/cbnsl_benchmark/scaling/../scaling/results/2026-04-02_10h34_sem_gaussian/graphs/MIIC__v10_a15_g19_s500.json,,0.03810563200386241,12.0,13.0,0.0,0.8,0.0,0.6666666666666666
sem_gaussian,GHC+BDeu,"{""n_bins"": 4, ""discretization_method"": ""quantile""}",10,15,500,19,/home/mathis/Documents/Travail/cbnsl_benchmark/scaling/../scaling/results/2026-04-02_10h34_sem_gaussian/graphs/golden__v10_a15_g19.json,/home/mathis/Documents/Travail/cbnsl_benchmark/scaling/../scaling/results/2026-04-02_10h34_sem_gaussian/graphs/GHC+BDeu__v10_a15_g19_s500.json,,0.035502949001966044,12.0,11.0,0.0,0.6666666666666667,0.0,0.5333333333333333
sem_gaussian,NOTEARS,"{""lambda1"": 0.0, ""w_threshold_notears"": 0.3}",10,15,500,19,/home/mathis/Documents/Travail/cbnsl_benchmark/scaling/../scaling/results/2026-04-02_10h34_sem_gaussian/graphs/golden__v10_a15_g19.json,/home/mathis/Documents/Travail/cbnsl_benchmark/scaling/../scaling/results/2026-04-02_10h34_sem_gaussian/graphs/NOTEARS__v10_a15_g19_s500.json,,1.6839784759795293,6.0,7.0,0.6086956521739131,0.896551724137931,0.7777777777777778,0.8666666666666667
sem_gaussian,NOTEARS Disc.,"{""lambda1"": 0.1, ""w_threshold_notears"": 0.1, ""n_bins"": 4, ""discretization_method"": ""quantile""}",10,15,500,19,/home/mathis/Documents/Travail/cbnsl_benchmark/scaling/../scaling/results/2026-04-02_10h34_sem_gaussian/graphs/golden__v10_a15_g19.json,/home/mathis/Documents/Travail/cbnsl_benchmark/scaling/../scaling/results/2026-04-02_10h34_sem_gaussian/graphs/NOTEARS Disc.__v10_a15_g19_s500.json,,2.0324105889885686,14.0,8.0,0.5833333333333334,0.8666666666666667,0.7777777777777778,0.8666666666666667
sem_gaussian,LiNGAM,"{""threshold_lingam"": 0.1}",10,15,500,19,/home/mathis/Documents/Travail/cbnsl_benchmark/scaling/../scaling/results/2026-04-02_10h34_sem_gaussian/graphs/golden__v10_a15_g19.json,/home/mathis/Documents/Travail/cbnsl_benchmark/scaling/../scaling/results/2026-04-02_10h34_sem_gaussian/graphs/LiNGAM__v10_a15_g19_s500.json,,0.2678371479851194,14.0,21.0,0.32000000000000006,0.8,0.8,0.9333333333333333
sem_gaussian,CPC,"{""alpha"": 0.05, ""max_conditioning_set_size"": 3}",10,15,1000,19,/home/mathis/Documents/Travail/cbnsl_benchmark/scaling/../scaling/results/2026-04-02_10h34_sem_gaussian/graphs/golden__v10_a15_g19.json,/home/mathis/Documents/Travail/cbnsl_benchmark/scaling/../scaling/results/2026-04-02_10h34_sem_gaussian/graphs/CPC__v10_a15_g19_s1000.json,,1.2803353780182078,11.0,12.0,0.4210526315789474,0.6956521739130436,0.36363636363636365,0.5333333333333333
sem_gaussian,CMIIC,"{""alpha"": 0.05}",10,15,1000,19,/home/mathis/Documents/Travail/cbnsl_benchmark/scaling/../scaling/results/2026-04-02_10h34_sem_gaussian/graphs/golden__v10_a15_g19.json,/home/mathis/Documents/Travail/cbnsl_benchmark/scaling/../scaling/results/2026-04-02_10h34_sem_gaussian/graphs/CMIIC__v10_a15_g19_s1000.json,,1.2018142089946195,10.0,10.0,0.0,0.7499999999999999,0.0,0.6
sem_gaussian,MIIC,"{""n_bins"": 4, ""discretization_method"": ""quantile""}",10,15,1000,19,/home/mathis/Documents/Travail/cbnsl_benchmark/scaling/../scaling/results/2026-04-02_10h34_sem_gaussian/graphs/golden__v10_a15_g19.json,/home/mathis/Documents/Travail/cbnsl_benchmark/scaling/../scaling/results/2026-04-02_10h34_sem_gaussian/graphs/MIIC__v10_a15_g19_s1000.json,,0.05486866302089766,11.0,11.0,0.0,0.8,0.0,0.6666666666666666
sem_gaussian,GHC+BDeu,"{""n_bins"": 4, ""discretization_method"": ""quantile""}",10,15,1000,19,/home/mathis/Documents/Travail/cbnsl_benchmark/scaling/../scaling/results/2026-04-02_10h34_sem_gaussian/graphs/golden__v10_a15_g19.json,/home/mathis/Documents/Travail/cbnsl_benchmark/scaling/../scaling/results/2026-04-02_10h34_sem_gaussian/graphs/GHC+BDeu__v10_a15_g19_s1000.json,,0.05563745700055733,9.0,11.0,0.125,0.8,0.16666666666666666,0.6666666666666666
sem_gaussian,NOTEARS,"{""lambda1"": 0.0, ""w_threshold_notears"": 0.3}",10,15,1000,19,/home/mathis/Documents/Travail/cbnsl_benchmark/scaling/../scaling/results/2026-04-02_10h34_sem_gaussian/graphs/golden__v10_a15_g19.json,/home/mathis/Documents/Travail/cbnsl_benchmark/scaling/../scaling/results/2026-04-02_10h34_sem_gaussian/graphs/NOTEARS__v10_a15_g19_s1000.json,,1.6913174389919732,6.0,12.0,0.6956521739130435,0.9285714285714286,0.8,0.8666666666666667
sem_gaussian,NOTEARS Disc.,"{""lambda1"": 0.1, ""w_threshold_notears"": 0.1, ""n_bins"": 4, ""discretization_method"": ""quantile""}",10,15,1000,19,/home/mathis/Documents/Travail/cbnsl_benchmark/scaling/../scaling/results/2026-04-02_10h34_sem_gaussian/graphs/golden__v10_a15_g19.json,/home/mathis/Documents/Travail/cbnsl_benchmark/scaling/../scaling/results/2026-04-02_10h34_sem_gaussian/graphs/NOTEARS Disc.__v10_a15_g19_s1000.json,,3.282350768975448,11.0,14.0,0.36363636363636365,0.8387096774193549,0.6666666666666666,0.8666666666666667
sem_gaussian,LiNGAM,"{""threshold_lingam"": 0.1}",10,15,1000,19,/home/mathis/Documents/Travail/cbnsl_benchmark/scaling/../scaling/results/2026-04-02_10h34_sem_gaussian/graphs/golden__v10_a15_g19.json,/home/mathis/Documents/Travail/cbnsl_benchmark/scaling/../scaling/results/2026-04-02_10h34_sem_gaussian/graphs/LiNGAM__v10_a15_g19_s1000.json,,0.31080377101898193,19.0,24.0,0.21428571428571427,0.7179487179487181,0.75,0.9333333333333333
sem_gaussian,CPC,"{""alpha"": 0.05, ""max_conditioning_set_size"": 3}",10,15,3000,19,/home/mathis/Documents/Travail/cbnsl_benchmark/scaling/../scaling/results/2026-04-02_10h34_sem_gaussian/graphs/golden__v10_a15_g19.json,/home/mathis/Documents/Travail/cbnsl_benchmark/scaling/../scaling/results/2026-04-02_10h34_sem_gaussian/graphs/CPC__v10_a15_g19_s3000.json,,14.879175723006483,7.0,9.0,0.5,0.9285714285714286,0.7142857142857143,0.8666666666666667
sem_gaussian,CMIIC,"{""alpha"": 0.05}",10,15,3000,19,/home/mathis/Documents/Travail/cbnsl_benchmark/scaling/../scaling/results/2026-04-02_10h34_sem_gaussian/graphs/golden__v10_a15_g19.json,/home/mathis/Documents/Travail/cbnsl_benchmark/scaling/../scaling/results/2026-04-02_10h34_sem_gaussian/graphs/CMIIC__v10_a15_g19_s3000.json,,10.53384151798673,11.0,11.0,0.125,0.8,0.16666666666666666,0.6666666666666666
sem_gaussian,MIIC,"{""n_bins"": 4, ""discretization_method"": ""quantile""}",10,15,3000,19,/home/mathis/Documents/Travail/cbnsl_benchmark/scaling/../scaling/results/2026-04-02_10h34_sem_gaussian/graphs/golden__v10_a15_g19.json,/home/mathis/Documents/Travail/cbnsl_benchmark/scaling/../scaling/results/2026-04-02_10h34_sem_gaussian/graphs/MIIC__v10_a15_g19_s3000.json,,0.21247122998465784,14.0,9.0,0.0,0.846153846153846,0.0,0.7333333333333333
sem_gaussian,GHC+BDeu,"{""n_bins"": 4, ""discretization_method"": ""quantile""}",10,15,3000,19,/home/mathis/Documents/Travail/cbnsl_benchmark/scaling/../scaling/results/2026-04-02_10h34_sem_gaussian/graphs/golden__v10_a15_g19.json,/home/mathis/Documents/Travail/cbnsl_benchmark/scaling/../scaling/results/2026-04-02_10h34_sem_gaussian/graphs/GHC+BDeu__v10_a15_g19_s3000.json,,0.14205959800165147,5.0,11.0,0.5454545454545455,0.8571428571428571,0.6666666666666666,0.8
sem_gaussian,NOTEARS,"{""lambda1"": 0.0, ""w_threshold_notears"": 0.3}",10,15,3000,19,/home/mathis/Documents/Travail/cbnsl_benchmark/scaling/../scaling/results/2026-04-02_10h34_sem_gaussian/graphs/golden__v10_a15_g19.json,/home/mathis/Documents/Travail/cbnsl_benchmark/scaling/../scaling/results/2026-04-02_10h34_sem_gaussian/graphs/NOTEARS__v10_a15_g19_s3000.json,,3.8532622159982566,2.0,6.0,0.8,1.0,1.0,1.0
sem_gaussian,NOTEARS Disc.,"{""lambda1"": 0.1, ""w_threshold_notears"": 0.1, ""n_bins"": 4, ""discretization_method"": ""quantile""}",10,15,3000,19,/home/mathis/Documents/Travail/cbnsl_benchmark/scaling/../scaling/results/2026-04-02_10h34_sem_gaussian/graphs/golden__v10_a15_g19.json,/home/mathis/Documents/Travail/cbnsl_benchmark/scaling/../scaling/results/2026-04-02_10h34_sem_gaussian/graphs/NOTEARS Disc.__v10_a15_g19_s3000.json,,11.06176493698149,14.0,10.0,0.5217391304347825,0.9032258064516129,0.8571428571428571,0.9333333333333333
sem_gaussian,LiNGAM,"{""threshold_lingam"": 0.1}",10,15,3000,19,/home/mathis/Documents/Travail/cbnsl_benchmark/scaling/../scaling/results/2026-04-02_10h34_sem_gaussian/graphs/golden__v10_a15_g19.json,/home/mathis/Documents/Travail/cbnsl_benchmark/scaling/../scaling/results/2026-04-02_10h34_sem_gaussian/graphs/LiNGAM__v10_a15_g19_s3000.json,[pyAgrum] Partially directed cycle detected: Add a partial directed cycle in a PDAG : between 5 and 3,,,,,,,
sem_gaussian,CPC,"{""alpha"": 0.05, ""max_conditioning_set_size"": 3}",10,15,5000,19,/home/mathis/Documents/Travail/cbnsl_benchmark/scaling/../scaling/results/2026-04-02_10h34_sem_gaussian/graphs/golden__v10_a15_g19.json,/home/mathis/Documents/Travail/cbnsl_benchmark/scaling/../scaling/results/2026-04-02_10h34_sem_gaussian/graphs/CPC__v10_a15_g19_s5000.json,,44.03516936697997,7.0,9.0,0.75,0.9655172413793104,0.9,0.9333333333333333
sem_gaussian,CMIIC,"{""alpha"": 0.05}",10,15,5000,19,/home/mathis/Documents/Travail/cbnsl_benchmark/scaling/../scaling/results/2026-04-02_10h34_sem_gaussian/graphs/golden__v10_a15_g19.json,/home/mathis/Documents/Travail/cbnsl_benchmark/scaling/../scaling/results/2026-04-02_10h34_sem_gaussian/graphs/CMIIC__v10_a15_g19_s5000.json,,29.91056226901128,11.0,11.0,0.125,0.8,0.16666666666666666,0.6666666666666666
sem_gaussian,MIIC,"{""n_bins"": 4, ""discretization_method"": ""quantile""}",10,15,5000,19,/home/mathis/Documents/Travail/cbnsl_benchmark/scaling/../scaling/results/2026-04-02_10h34_sem_gaussian/graphs/golden__v10_a15_g19.json,/home/mathis/Documents/Travail/cbnsl_benchmark/scaling/../scaling/results/2026-04-02_10h34_sem_gaussian/graphs/MIIC__v10_a15_g19_s5000.json,,0.35707389199524187,12.0,11.0,0.5714285714285715,0.888888888888889,0.6666666666666666,0.8
sem_gaussian,GHC+BDeu,"{""n_bins"": 4, ""discretization_method"": ""quantile""}",10,15,5000,19,/home/mathis/Documents/Travail/cbnsl_benchmark/scaling/../scaling/results/2026-04-02_10h34_sem_gaussian/graphs/golden__v10_a15_g19.json,/home/mathis/Documents/Travail/cbnsl_benchmark/scaling/../scaling/results/2026-04-02_10h34_sem_gaussian/graphs/GHC+BDeu__v10_a15_g19_s5000.json,,0.2138234810263384,6.0,11.0,0.6086956521739131,0.896551724137931,0.7777777777777778,0.8666666666666667
sem_gaussian,NOTEARS,"{""lambda1"": 0.0, ""w_threshold_notears"": 0.3}",10,15,5000,19,/home/mathis/Documents/Travail/cbnsl_benchmark/scaling/../scaling/results/2026-04-02_10h34_sem_gaussian/graphs/golden__v10_a15_g19.json,/home/mathis/Documents/Travail/cbnsl_benchmark/scaling/../scaling/results/2026-04-02_10h34_sem_gaussian/graphs/NOTEARS__v10_a15_g19_s5000.json,,5.533594346023165,2.0,7.0,0.75,0.9655172413793104,0.9,0.9333333333333333
sem_gaussian,NOTEARS Disc.,"{""lambda1"": 0.1, ""w_threshold_notears"": 0.1, ""n_bins"": 4, ""discretization_method"": ""quantile""}",10,15,5000,19,/home/mathis/Documents/Travail/cbnsl_benchmark/scaling/../scaling/results/2026-04-02_10h34_sem_gaussian/graphs/golden__v10_a15_g19.json,/home/mathis/Documents/Travail/cbnsl_benchmark/scaling/../scaling/results/2026-04-02_10h34_sem_gaussian/graphs/NOTEARS Disc.__v10_a15_g19_s5000.json,,8.350352258014027,15.0,6.0,0.5,0.8749999999999999,0.8571428571428571,0.9333333333333333
sem_gaussian,LiNGAM,"{""threshold_lingam"": 0.1}",10,15,5000,19,/home/mathis/Documents/Travail/cbnsl_benchmark/scaling/../scaling/results/2026-04-02_10h34_sem_gaussian/graphs/golden__v10_a15_g19.json,/home/mathis/Documents/Travail/cbnsl_benchmark/scaling/../scaling/results/2026-04-02_10h34_sem_gaussian/graphs/LiNGAM__v10_a15_g19_s5000.json,,0.5256108980101999,24.0,20.0,0.08,0.7368421052631579,0.5,0.9333333333333333
sem_gaussian,CPC,"{""alpha"": 0.05, ""max_conditioning_set_size"": 3}",10,15,200,20,/home/mathis/Documents/Travail/cbnsl_benchmark/scaling/../scaling/results/2026-04-02_10h34_sem_gaussian/graphs/golden__v10_a15_g20.json,/home/mathis/Documents/Travail/cbnsl_benchmark/scaling/../scaling/results/2026-04-02_10h34_sem_gaussian/graphs/CPC__v10_a15_g20_s200.json,,0.01879027602262795,5.0,7.0,0.5333333333333333,0.7777777777777778,0.5,0.6363636363636364
sem_gaussian,CMIIC,"{""alpha"": 0.05}",10,15,200,20,/home/mathis/Documents/Travail/cbnsl_benchmark/scaling/../scaling/results/2026-04-02_10h34_sem_gaussian/graphs/golden__v10_a15_g20.json,/home/mathis/Documents/Travail/cbnsl_benchmark/scaling/../scaling/results/2026-04-02_10h34_sem_gaussian/graphs/CMIIC__v10_a15_g20_s200.json,,0.08712771299178712,6.0,4.0,0.30769230769230765,0.9523809523809523,0.6666666666666666,0.9090909090909091
sem_gaussian,MIIC,"{""n_bins"": 4, ""discretization_method"": ""quantile""}",10,15,200,20,/home/mathis/Documents/Travail/cbnsl_benchmark/scaling/../scaling/results/2026-04-02_10h34_sem_gaussian/graphs/golden__v10_a15_g20.json,/home/mathis/Documents/Travail/cbnsl_benchmark/scaling/../scaling/results/2026-04-02_10h34_sem_gaussian/graphs/MIIC__v10_a15_g20_s200.json,,0.02857500800746493,9.0,8.0,0.0,0.7777777777777778,0.0,0.6363636363636364
sem_gaussian,GHC+BDeu,"{""n_bins"": 4, ""discretization_method"": ""quantile""}",10,15,200,20,/home/mathis/Documents/Travail/cbnsl_benchmark/scaling/../scaling/results/2026-04-02_10h34_sem_gaussian/graphs/golden__v10_a15_g20.json,/home/mathis/Documents/Travail/cbnsl_benchmark/scaling/../scaling/results/2026-04-02_10h34_sem_gaussian/graphs/GHC+BDeu__v10_a15_g20_s200.json,,0.022004272002959624,10.0,10.0,0.0,0.42857142857142855,0.0,0.2727272727272727
sem_gaussian,NOTEARS,"{""lambda1"": 0.0, ""w_threshold_notears"": 0.3}",10,15,200,20,/home/mathis/Documents/Travail/cbnsl_benchmark/scaling/../scaling/results/2026-04-02_10h34_sem_gaussian/graphs/golden__v10_a15_g20.json,/home/mathis/Documents/Travail/cbnsl_benchmark/scaling/../scaling/results/2026-04-02_10h34_sem_gaussian/graphs/NOTEARS__v10_a15_g20_s200.json,,1.56093354098266,2.0,3.0,0.7058823529411764,0.9523809523809523,0.8571428571428571,0.9090909090909091
sem_gaussian,NOTEARS Disc.,"{""lambda1"": 0.1, ""w_threshold_notears"": 0.1, ""n_bins"": 4, ""discretization_method"": ""quantile""}",10,15,200,20,/home/mathis/Documents/Travail/cbnsl_benchmark/scaling/../scaling/results/2026-04-02_10h34_sem_gaussian/graphs/golden__v10_a15_g20.json,/home/mathis/Documents/Travail/cbnsl_benchmark/scaling/../scaling/results/2026-04-02_10h34_sem_gaussian/graphs/NOTEARS Disc.__v10_a15_g20_s200.json,,1.8413279409869574,6.0,6.0,0.47058823529411764,0.9166666666666666,1.0,1.0
sem_gaussian,LiNGAM,"{""threshold_lingam"": 0.1}",10,15,200,20,/home/mathis/Documents/Travail/cbnsl_benchmark/scaling/../scaling/results/2026-04-02_10h34_sem_gaussian/graphs/golden__v10_a15_g20.json,/home/mathis/Documents/Travail/cbnsl_benchmark/scaling/../scaling/results/2026-04-02_10h34_sem_gaussian/graphs/LiNGAM__v10_a15_g20_s200.json,,0.23063929998897947,21.0,23.0,0.2758620689655173,0.6111111111111112,1.0,1.0
sem_gaussian,CPC,"{""alpha"": 0.05, ""max_conditioning_set_size"": 3}",10,15,500,20,/home/mathis/Documents/Travail/cbnsl_benchmark/scaling/../scaling/results/2026-04-02_10h34_sem_gaussian/graphs/golden__v10_a15_g20.json,/home/mathis/Documents/Travail/cbnsl_benchmark/scaling/../scaling/results/2026-04-02_10h34_sem_gaussian/graphs/CPC__v10_a15_g20_s500.json,,0.10910646599950269,9.0,6.0,0.30769230769230765,0.7058823529411764,0.2857142857142857,0.5454545454545454
sem_gaussian,CMIIC,"{""alpha"": 0.05}",10,15,500,20,/home/mathis/Documents/Travail/cbnsl_benchmark/scaling/../scaling/results/2026-04-02_10h34_sem_gaussian/graphs/golden__v10_a15_g20.json,/home/mathis/Documents/Travail/cbnsl_benchmark/scaling/../scaling/results/2026-04-02_10h34_sem_gaussian/graphs/CMIIC__v10_a15_g20_s500.json,,0.27151159298955463,6.0,4.0,0.30769230769230765,0.9523809523809523,0.6666666666666666,0.9090909090909091
sem_gaussian,MIIC,"{""n_bins"": 4, ""discretization_method"": ""quantile""}",10,15,500,20,/home/mathis/Documents/Travail/cbnsl_benchmark/scaling/../scaling/results/2026-04-02_10h34_sem_gaussian/graphs/golden__v10_a15_g20.json,/home/mathis/Documents/Travail/cbnsl_benchmark/scaling/../scaling/results/2026-04-02_10h34_sem_gaussian/graphs/MIIC__v10_a15_g20_s500.json,,0.035947241995017976,9.0,6.0,0.0,0.9,0.0,0.8181818181818182
sem_gaussian,GHC+BDeu,"{""n_bins"": 4, ""discretization_method"": ""quantile""}",10,15,500,20,/home/mathis/Documents/Travail/cbnsl_benchmark/scaling/../scaling/results/2026-04-02_10h34_sem_gaussian/graphs/golden__v10_a15_g20.json,/home/mathis/Documents/Travail/cbnsl_benchmark/scaling/../scaling/results/2026-04-02_10h34_sem_gaussian/graphs/GHC+BDeu__v10_a15_g20_s500.json,,0.036887651978759095,10.0,8.0,0.0,0.7368421052631579,0.0,0.6363636363636364
sem_gaussian,NOTEARS,"{""lambda1"": 0.0, ""w_threshold_notears"": 0.3}",10,15,500,20,/home/mathis/Documents/Travail/cbnsl_benchmark/scaling/../scaling/results/2026-04-02_10h34_sem_gaussian/graphs/golden__v10_a15_g20.json,/home/mathis/Documents/Travail/cbnsl_benchmark/scaling/../scaling/results/2026-04-02_10h34_sem_gaussian/graphs/NOTEARS__v10_a15_g20_s500.json,,1.3362877299950924,0.0,0.0,0.8421052631578948,1.0,1.0,1.0
sem_gaussian,NOTEARS Disc.,"{""lambda1"": 0.1, ""w_threshold_notears"": 0.1, ""n_bins"": 4, ""discretization_method"": ""quantile""}",10,15,500,20,/home/mathis/Documents/Travail/cbnsl_benchmark/scaling/../scaling/results/2026-04-02_10h34_sem_gaussian/graphs/golden__v10_a15_g20.json,/home/mathis/Documents/Travail/cbnsl_benchmark/scaling/../scaling/results/2026-04-02_10h34_sem_gaussian/graphs/NOTEARS Disc.__v10_a15_g20_s500.json,,0.9564158949942794,3.0,0.0,0.7777777777777778,1.0,1.0,1.0
sem_gaussian,LiNGAM,"{""threshold_lingam"": 0.1}",10,15,500,20,/home/mathis/Documents/Travail/cbnsl_benchmark/scaling/../scaling/results/2026-04-02_10h34_sem_gaussian/graphs/golden__v10_a15_g20.json,/home/mathis/Documents/Travail/cbnsl_benchmark/scaling/../scaling/results/2026-04-02_10h34_sem_gaussian/graphs/LiNGAM__v10_a15_g20_s500.json,,0.288309842988383,15.0,17.0,0.4,0.7096774193548387,1.0,1.0
sem_gaussian,CPC,"{""alpha"": 0.05, ""max_conditioning_set_size"": 3}",10,15,1000,20,/home/mathis/Documents/Travail/cbnsl_benchmark/scaling/../scaling/results/2026-04-02_10h34_sem_gaussian/graphs/golden__v10_a15_g20.json,/home/mathis/Documents/Travail/cbnsl_benchmark/scaling/../scaling/results/2026-04-02_10h34_sem_gaussian/graphs/CPC__v10_a15_g20_s1000.json,,0.7663915430021007,8.0,8.0,0.42857142857142855,0.7058823529411764,0.375,0.5454545454545454
sem_gaussian,CMIIC,"{""alpha"": 0.05}",10,15,1000,20,/home/mathis/Documents/Travail/cbnsl_benchmark/scaling/../scaling/results/2026-04-02_10h34_sem_gaussian/graphs/golden__v10_a15_g20.json,/home/mathis/Documents/Travail/cbnsl_benchmark/scaling/../scaling/results/2026-04-02_10h34_sem_gaussian/graphs/CMIIC__v10_a15_g20_s1000.json,,0.9691234579950105,6.0,4.0,0.30769230769230765,0.9523809523809523,0.6666666666666666,0.9090909090909091
sem_gaussian,MIIC,"{""n_bins"": 4, ""discretization_method"": ""quantile""}",10,15,1000,20,/home/mathis/Documents/Travail/cbnsl_benchmark/scaling/../scaling/results/2026-04-02_10h34_sem_gaussian/graphs/golden__v10_a15_g20.json,/home/mathis/Documents/Travail/cbnsl_benchmark/scaling/../scaling/results/2026-04-02_10h34_sem_gaussian/graphs/MIIC__v10_a15_g20_s1000.json,,0.054840718978084624,7.0,4.0,0.0,1.0,0.0,1.0
sem_gaussian,GHC+BDeu,"{""n_bins"": 4, ""discretization_method"": ""quantile""}",10,15,1000,20,/home/mathis/Documents/Travail/cbnsl_benchmark/scaling/../scaling/results/2026-04-02_10h34_sem_gaussian/graphs/golden__v10_a15_g20.json,/home/mathis/Documents/Travail/cbnsl_benchmark/scaling/../scaling/results/2026-04-02_10h34_sem_gaussian/graphs/GHC+BDeu__v10_a15_g20_s1000.json,,0.054674642015015706,10.0,7.0,0.0,0.7368421052631579,0.0,0.6363636363636364
sem_gaussian,NOTEARS,"{""lambda1"": 0.0, ""w_threshold_notears"": 0.3}",10,15,1000,20,/home/mathis/Documents/Travail/cbnsl_benchmark/scaling/../scaling/results/2026-04-02_10h34_sem_gaussian/graphs/golden__v10_a15_g20.json,/home/mathis/Documents/Travail/cbnsl_benchmark/scaling/../scaling/results/2026-04-02_10h34_sem_gaussian/graphs/NOTEARS__v10_a15_g20_s1000.json,,1.8109134650148917,0.0,0.0,0.8421052631578948,1.0,1.0,1.0
sem_gaussian,NOTEARS Disc.,"{""lambda1"": 0.1, ""w_threshold_notears"": 0.1, ""n_bins"": 4, ""discretization_method"": ""quantile""}",10,15,1000,20,/home/mathis/Documents/Travail/cbnsl_benchmark/scaling/../scaling/results/2026-04-02_10h34_sem_gaussian/graphs/golden__v10_a15_g20.json,/home/mathis/Documents/Travail/cbnsl_benchmark/scaling/../scaling/results/2026-04-02_10h34_sem_gaussian/graphs/NOTEARS Disc.__v10_a15_g20_s1000.json,,1.7846668149868492,3.0,0.0,0.625,1.0,1.0,1.0
sem_gaussian,LiNGAM,"{""threshold_lingam"": 0.1}",10,15,1000,20,/home/mathis/Documents/Travail/cbnsl_benchmark/scaling/../scaling/results/2026-04-02_10h34_sem_gaussian/graphs/golden__v10_a15_g20.json,/home/mathis/Documents/Travail/cbnsl_benchmark/scaling/../scaling/results/2026-04-02_10h34_sem_gaussian/graphs/LiNGAM__v10_a15_g20_s1000.json,,0.31071652498212643,13.0,15.0,0.4166666666666667,0.7333333333333334,1.0,1.0
sem_gaussian,CPC,"{""alpha"": 0.05, ""max_conditioning_set_size"": 3}",10,15,3000,20,/home/mathis/Documents/Travail/cbnsl_benchmark/scaling/../scaling/results/2026-04-02_10h34_sem_gaussian/graphs/golden__v10_a15_g20.json,/home/mathis/Documents/Travail/cbnsl_benchmark/scaling/../scaling/results/2026-04-02_10h34_sem_gaussian/graphs/CPC__v10_a15_g20_s3000.json,,6.345050367002841,8.0,6.0,0.42857142857142855,1.0,1.0,1.0
sem_gaussian,CMIIC,"{""alpha"": 0.05}",10,15,3000,20,/home/mathis/Documents/Travail/cbnsl_benchmark/scaling/../scaling/results/2026-04-02_10h34_sem_gaussian/graphs/golden__v10_a15_g20.json,/home/mathis/Documents/Travail/cbnsl_benchmark/scaling/../scaling/results/2026-04-02_10h34_sem_gaussian/graphs/CMIIC__v10_a15_g20_s3000.json,,8.365102837997256,7.0,5.0,0.42857142857142855,1.0,1.0,1.0
sem_gaussian,MIIC,"{""n_bins"": 4, ""discretization_method"": ""quantile""}",10,15,3000,20,/home/mathis/Documents/Travail/cbnsl_benchmark/scaling/../scaling/results/2026-04-02_10h34_sem_gaussian/graphs/golden__v10_a15_g20.json,/home/mathis/Documents/Travail/cbnsl_benchmark/scaling/../scaling/results/2026-04-02_10h34_sem_gaussian/graphs/MIIC__v10_a15_g20_s3000.json,,0.18098669100436382,4.0,0.0,0.7058823529411764,1.0,1.0,1.0
sem_gaussian,GHC+BDeu,"{""n_bins"": 4, ""discretization_method"": ""quantile""}",10,15,3000,20,/home/mathis/Documents/Travail/cbnsl_benchmark/scaling/../scaling/results/2026-04-02_10h34_sem_gaussian/graphs/golden__v10_a15_g20.json,/home/mathis/Documents/Travail/cbnsl_benchmark/scaling/../scaling/results/2026-04-02_10h34_sem_gaussian/graphs/GHC+BDeu__v10_a15_g20_s3000.json,,0.1438688480120618,10.0,7.0,0.0,0.8571428571428572,0.0,0.8181818181818182
sem_gaussian,NOTEARS,"{""lambda1"": 0.0, ""w_threshold_notears"": 0.3}",10,15,3000,20,/home/mathis/Documents/Travail/cbnsl_benchmark/scaling/../scaling/results/2026-04-02_10h34_sem_gaussian/graphs/golden__v10_a15_g20.json,/home/mathis/Documents/Travail/cbnsl_benchmark/scaling/../scaling/results/2026-04-02_10h34_sem_gaussian/graphs/NOTEARS__v10_a15_g20_s3000.json,,2.90610634200857,0.0,0.0,0.8421052631578948,1.0,1.0,1.0
sem_gaussian,NOTEARS Disc.,"{""lambda1"": 0.1, ""w_threshold_notears"": 0.1, ""n_bins"": 4, ""discretization_method"": ""quantile""}",10,15,3000,20,/home/mathis/Documents/Travail/cbnsl_benchmark/scaling/../scaling/results/2026-04-02_10h34_sem_gaussian/graphs/golden__v10_a15_g20.json,/home/mathis/Documents/Travail/cbnsl_benchmark/scaling/../scaling/results/2026-04-02_10h34_sem_gaussian/graphs/NOTEARS Disc.__v10_a15_g20_s3000.json,,2.4555400109966286,3.0,0.0,0.625,1.0,1.0,1.0
sem_gaussian,LiNGAM,"{""threshold_lingam"": 0.1}",10,15,3000,20,/home/mathis/Documents/Travail/cbnsl_benchmark/scaling/../scaling/results/2026-04-02_10h34_sem_gaussian/graphs/golden__v10_a15_g20.json,/home/mathis/Documents/Travail/cbnsl_benchmark/scaling/../scaling/results/2026-04-02_10h34_sem_gaussian/graphs/LiNGAM__v10_a15_g20_s3000.json,,0.40228766601649113,8.0,8.0,0.6666666666666666,0.8148148148148148,1.0,1.0
sem_gaussian,CPC,"{""alpha"": 0.05, ""max_conditioning_set_size"": 3}",10,15,5000,20,/home/mathis/Documents/Travail/cbnsl_benchmark/scaling/../scaling/results/2026-04-02_10h34_sem_gaussian/graphs/golden__v10_a15_g20.json,/home/mathis/Documents/Travail/cbnsl_benchmark/scaling/../scaling/results/2026-04-02_10h34_sem_gaussian/graphs/CPC__v10_a15_g20_s5000.json,,19.50467593301437,6.0,5.0,0.6666666666666666,0.9565217391304348,1.0,1.0
sem_gaussian,CMIIC,"{""alpha"": 0.05}",10,15,5000,20,/home/mathis/Documents/Travail/cbnsl_benchmark/scaling/../scaling/results/2026-04-02_10h34_sem_gaussian/graphs/golden__v10_a15_g20.json,/home/mathis/Documents/Travail/cbnsl_benchmark/scaling/../scaling/results/2026-04-02_10h34_sem_gaussian/graphs/CMIIC__v10_a15_g20_s5000.json,,22.740970938000828,3.0,0.0,0.625,1.0,1.0,1.0
sem_gaussian,MIIC,"{""n_bins"": 4, ""discretization_method"": ""quantile""}",10,15,5000,20,/home/mathis/Documents/Travail/cbnsl_benchmark/scaling/../scaling/results/2026-04-02_10h34_sem_gaussian/graphs/golden__v10_a15_g20.json,/home/mathis/Documents/Travail/cbnsl_benchmark/scaling/../scaling/results/2026-04-02_10h34_sem_gaussian/graphs/MIIC__v10_a15_g20_s5000.json,,0.3284435019886587,3.0,0.0,0.625,1.0,1.0,1.0
sem_gaussian,GHC+BDeu,"{""n_bins"": 4, ""discretization_method"": ""quantile""}",10,15,5000,20,/home/mathis/Documents/Travail/cbnsl_benchmark/scaling/../scaling/results/2026-04-02_10h34_sem_gaussian/graphs/golden__v10_a15_g20.json,/home/mathis/Documents/Travail/cbnsl_benchmark/scaling/../scaling/results/2026-04-02_10h34_sem_gaussian/graphs/GHC+BDeu__v10_a15_g20_s5000.json,,0.23389669301104732,5.0,6.0,0.5,0.9565217391304348,1.0,1.0
sem_gaussian,NOTEARS,"{""lambda1"": 0.0, ""w_threshold_notears"": 0.3}",10,15,5000,20,/home/mathis/Documents/Travail/cbnsl_benchmark/scaling/../scaling/results/2026-04-02_10h34_sem_gaussian/graphs/golden__v10_a15_g20.json,/home/mathis/Documents/Travail/cbnsl_benchmark/scaling/../scaling/results/2026-04-02_10h34_sem_gaussian/graphs/NOTEARS__v10_a15_g20_s5000.json,,5.134597266995115,2.0,0.0,0.7058823529411764,1.0,1.0,1.0
sem_gaussian,NOTEARS Disc.,"{""lambda1"": 0.1, ""w_threshold_notears"": 0.1, ""n_bins"": 4, ""discretization_method"": ""quantile""}",10,15,5000,20,/home/mathis/Documents/Travail/cbnsl_benchmark/scaling/../scaling/results/2026-04-02_10h34_sem_gaussian/graphs/golden__v10_a15_g20.json,/home/mathis/Documents/Travail/cbnsl_benchmark/scaling/../scaling/results/2026-04-02_10h34_sem_gaussian/graphs/NOTEARS Disc.__v10_a15_g20_s5000.json,,4.546884704992408,2.0,0.0,0.7058823529411764,1.0,1.0,1.0
sem_gaussian,LiNGAM,"{""threshold_lingam"": 0.1}",10,15,5000,20,/home/mathis/Documents/Travail/cbnsl_benchmark/scaling/../scaling/results/2026-04-02_10h34_sem_gaussian/graphs/golden__v10_a15_g20.json,/home/mathis/Documents/Travail/cbnsl_benchmark/scaling/../scaling/results/2026-04-02_10h34_sem_gaussian/graphs/LiNGAM__v10_a15_g20_s5000.json,,0.5367791460012086,4.0,8.0,0.6666666666666666,0.88,1.0,1.0
sem_gaussian,CPC,"{""alpha"": 0.05, ""max_conditioning_set_size"": 3}",10,15,200,21,/home/mathis/Documents/Travail/cbnsl_benchmark/scaling/../scaling/results/2026-04-02_10h34_sem_gaussian/graphs/golden__v10_a15_g21.json,/home/mathis/Documents/Travail/cbnsl_benchmark/scaling/../scaling/results/2026-04-02_10h34_sem_gaussian/graphs/CPC__v10_a15_g21_s200.json,,0.02464376701391302,15.0,15.0,0.0,0.125,0.0,0.06666666666666667
sem_gaussian,CMIIC,"{""alpha"": 0.05}",10,15,200,21,/home/mathis/Documents/Travail/cbnsl_benchmark/scaling/../scaling/results/2026-04-02_10h34_sem_gaussian/graphs/golden__v10_a15_g21.json,/home/mathis/Documents/Travail/cbnsl_benchmark/scaling/../scaling/results/2026-04-02_10h34_sem_gaussian/graphs/CMIIC__v10_a15_g21_s200.json,,0.08529206897947006,16.0,11.0,0.11764705882352941,0.7200000000000001,0.14285714285714285,0.6
sem_gaussian,MIIC,"{""n_bins"": 4, ""discretization_method"": ""quantile""}",10,15,200,21,/home/mathis/Documents/Travail/cbnsl_benchmark/scaling/../scaling/results/2026-04-02_10h34_sem_gaussian/graphs/golden__v10_a15_g21.json,/home/mathis/Documents/Travail/cbnsl_benchmark/scaling/../scaling/results/2026-04-02_10h34_sem_gaussian/graphs/MIIC__v10_a15_g21_s200.json,,0.020065780001459643,13.0,14.0,0.0,0.6363636363636364,0.0,0.4666666666666667
sem_gaussian,GHC+BDeu,"{""n_bins"": 4, ""discretization_method"": ""quantile""}",10,15,200,21,/home/mathis/Documents/Travail/cbnsl_benchmark/scaling/../scaling/results/2026-04-02_10h34_sem_gaussian/graphs/golden__v10_a15_g21.json,/home/mathis/Documents/Travail/cbnsl_benchmark/scaling/../scaling/results/2026-04-02_10h34_sem_gaussian/graphs/GHC+BDeu__v10_a15_g21_s200.json,,0.020572398992953822,15.0,15.0,0.0,0.4,0.0,0.26666666666666666
sem_gaussian,NOTEARS,"{""lambda1"": 0.0, ""w_threshold_notears"": 0.3}",10,15,200,21,/home/mathis/Documents/Travail/cbnsl_benchmark/scaling/../scaling/results/2026-04-02_10h34_sem_gaussian/graphs/golden__v10_a15_g21.json,/home/mathis/Documents/Travail/cbnsl_benchmark/scaling/../scaling/results/2026-04-02_10h34_sem_gaussian/graphs/NOTEARS__v10_a15_g21_s200.json,,1.1092458960192744,10.0,14.0,0.6206896551724139,0.7500000000000001,0.75,0.8
sem_gaussian,NOTEARS Disc.,"{""lambda1"": 0.1, ""w_threshold_notears"": 0.1, ""n_bins"": 4, ""discretization_method"": ""quantile""}",10,15,200,21,/home/mathis/Documents/Travail/cbnsl_benchmark/scaling/../scaling/results/2026-04-02_10h34_sem_gaussian/graphs/golden__v10_a15_g21.json,/home/mathis/Documents/Travail/cbnsl_benchmark/scaling/../scaling/results/2026-04-02_10h34_sem_gaussian/graphs/NOTEARS Disc.__v10_a15_g21_s200.json,,1.4919570019992534,14.0,17.0,0.48,0.8484848484848485,0.8571428571428571,0.9333333333333333
sem_gaussian,LiNGAM,"{""threshold_lingam"": 0.1}",10,15,200,21,/home/mathis/Documents/Travail/cbnsl_benchmark/scaling/../scaling/results/2026-04-02_10h34_sem_gaussian/graphs/golden__v10_a15_g21.json,/home/mathis/Documents/Travail/cbnsl_benchmark/scaling/../scaling/results/2026-04-02_10h34_sem_gaussian/graphs/LiNGAM__v10_a15_g21_s200.json,,0.22066966199781746,23.0,22.0,0.26666666666666666,0.6315789473684211,0.5714285714285714,0.8
sem_gaussian,CPC,"{""alpha"": 0.05, ""max_conditioning_set_size"": 3}",10,15,500,21,/home/mathis/Documents/Travail/cbnsl_benchmark/scaling/../scaling/results/2026-04-02_10h34_sem_gaussian/graphs/golden__v10_a15_g21.json,/home/mathis/Documents/Travail/cbnsl_benchmark/scaling/../scaling/results/2026-04-02_10h34_sem_gaussian/graphs/CPC__v10_a15_g21_s500.json,,0.21968618899700232,14.0,13.0,0.125,0.23529411764705882,0.07142857142857142,0.13333333333333333
sem_gaussian,CMIIC,"{""alpha"": 0.05}",10,15,500,21,/home/mathis/Documents/Travail/cbnsl_benchmark/scaling/../scaling/results/2026-04-02_10h34_sem_gaussian/graphs/golden__v10_a15_g21.json,/home/mathis/Documents/Travail/cbnsl_benchmark/scaling/../scaling/results/2026-04-02_10h34_sem_gaussian/graphs/CMIIC__v10_a15_g21_s500.json,,0.449577571998816,13.0,12.0,0.2222222222222222,0.7692307692307692,0.2857142857142857,0.6666666666666666
sem_gaussian,MIIC,"{""n_bins"": 4, ""discretization_method"": ""quantile""}",10,15,500,21,/home/mathis/Documents/Travail/cbnsl_benchmark/scaling/../scaling/results/2026-04-02_10h34_sem_gaussian/graphs/golden__v10_a15_g21.json,/home/mathis/Documents/Travail/cbnsl_benchmark/scaling/../scaling/results/2026-04-02_10h34_sem_gaussian/graphs/MIIC__v10_a15_g21_s500.json,,0.030367844010470435,16.0,11.0,0.0,0.7200000000000001,0.0,0.6
sem_gaussian,GHC+BDeu,"{""n_bins"": 4, ""discretization_method"": ""quantile""}",10,15,500,21,/home/mathis/Documents/Travail/cbnsl_benchmark/scaling/../scaling/results/2026-04-02_10h34_sem_gaussian/graphs/golden__v10_a15_g21.json,/home/mathis/Documents/Travail/cbnsl_benchmark/scaling/../scaling/results/2026-04-02_10h34_sem_gaussian/graphs/GHC+BDeu__v10_a15_g21_s500.json,,0.03217804798623547,14.0,13.0,0.0,0.7499999999999999,0.0,0.6
sem_gaussian,NOTEARS,"{""lambda1"": 0.0, ""w_threshold_notears"": 0.3}",10,15,500,21,/home/mathis/Documents/Travail/cbnsl_benchmark/scaling/../scaling/results/2026-04-02_10h34_sem_gaussian/graphs/golden__v10_a15_g21.json,/home/mathis/Documents/Travail/cbnsl_benchmark/scaling/../scaling/results/2026-04-02_10h34_sem_gaussian/graphs/NOTEARS__v10_a15_g21_s500.json,,2.3930260589986574,7.0,12.0,0.7142857142857143,0.8387096774193549,0.8333333333333334,0.8666666666666667
sem_gaussian,NOTEARS Disc.,"{""lambda1"": 0.1, ""w_threshold_notears"": 0.1, ""n_bins"": 4, ""discretization_method"": ""quantile""}",10,15,500,21,/home/mathis/Documents/Travail/cbnsl_benchmark/scaling/../scaling/results/2026-04-02_10h34_sem_gaussian/graphs/golden__v10_a15_g21.json,/home/mathis/Documents/Travail/cbnsl_benchmark/scaling/../scaling/results/2026-04-02_10h34_sem_gaussian/graphs/NOTEARS Disc.__v10_a15_g21_s500.json,,1.860735130001558,15.0,12.0,0.3,0.9032258064516129,0.75,0.9333333333333333
sem_gaussian,LiNGAM,"{""threshold_lingam"": 0.1}",10,15,500,21,/home/mathis/Documents/Travail/cbnsl_benchmark/scaling/../scaling/results/2026-04-02_10h34_sem_gaussian/graphs/golden__v10_a15_g21.json,/home/mathis/Documents/Travail/cbnsl_benchmark/scaling/../scaling/results/2026-04-02_10h34_sem_gaussian/graphs/LiNGAM__v10_a15_g21_s500.json,,0.2819382229936309,28.0,31.0,0.30769230769230765,0.5333333333333333,0.6666666666666666,0.8
sem_gaussian,CPC,"{""alpha"": 0.05, ""max_conditioning_set_size"": 3}",10,15,1000,21,/home/mathis/Documents/Travail/cbnsl_benchmark/scaling/../scaling/results/2026-04-02_10h34_sem_gaussian/graphs/golden__v10_a15_g21.json,/home/mathis/Documents/Travail/cbnsl_benchmark/scaling/../scaling/results/2026-04-02_10h34_sem_gaussian/graphs/CPC__v10_a15_g21_s1000.json,,1.0942892449966166,13.0,12.0,0.23529411764705882,0.5,0.16666666666666666,0.3333333333333333
sem_gaussian,CMIIC,"{""alpha"": 0.05}",10,15,1000,21,/home/mathis/Documents/Travail/cbnsl_benchmark/scaling/../scaling/results/2026-04-02_10h34_sem_gaussian/graphs/golden__v10_a15_g21.json,/home/mathis/Documents/Travail/cbnsl_benchmark/scaling/../scaling/results/2026-04-02_10h34_sem_gaussian/graphs/CMIIC__v10_a15_g21_s1000.json,,1.5203258100082166,11.0,11.0,0.33333333333333326,0.846153846153846,0.42857142857142855,0.7333333333333333
sem_gaussian,MIIC,"{""n_bins"": 4, ""discretization_method"": ""quantile""}",10,15,1000,21,/home/mathis/Documents/Travail/cbnsl_benchmark/scaling/../scaling/results/2026-04-02_10h34_sem_gaussian/graphs/golden__v10_a15_g21.json,/home/mathis/Documents/Travail/cbnsl_benchmark/scaling/../scaling/results/2026-04-02_10h34_sem_gaussian/graphs/MIIC__v10_a15_g21_s1000.json,,0.055556408973643556,16.0,14.0,0.0,0.7200000000000001,0.0,0.6
sem_gaussian,GHC+BDeu,"{""n_bins"": 4, ""discretization_method"": ""quantile""}",10,15,1000,21,/home/mathis/Documents/Travail/cbnsl_benchmark/scaling/../scaling/results/2026-04-02_10h34_sem_gaussian/graphs/golden__v10_a15_g21.json,/home/mathis/Documents/Travail/cbnsl_benchmark/scaling/../scaling/results/2026-04-02_10h34_sem_gaussian/graphs/GHC+BDeu__v10_a15_g21_s1000.json,,0.05481025000335649,14.0,13.0,0.22222222222222224,0.7200000000000001,0.25,0.6
sem_gaussian,NOTEARS,"{""lambda1"": 0.0, ""w_threshold_notears"": 0.3}",10,15,1000,21,/home/mathis/Documents/Travail/cbnsl_benchmark/scaling/../scaling/results/2026-04-02_10h34_sem_gaussian/graphs/golden__v10_a15_g21.json,/home/mathis/Documents/Travail/cbnsl_benchmark/scaling/../scaling/results/2026-04-02_10h34_sem_gaussian/graphs/NOTEARS__v10_a15_g21_s1000.json,,1.9590967359836213,4.0,9.0,0.8148148148148148,0.896551724137931,0.8461538461538461,0.8666666666666667
sem_gaussian,NOTEARS Disc.,"{""lambda1"": 0.1, ""w_threshold_notears"": 0.1, ""n_bins"": 4, ""discretization_method"": ""quantile""}",10,15,1000,21,/home/mathis/Documents/Travail/cbnsl_benchmark/scaling/../scaling/results/2026-04-02_10h34_sem_gaussian/graphs/golden__v10_a15_g21.json,/home/mathis/Documents/Travail/cbnsl_benchmark/scaling/../scaling/results/2026-04-02_10h34_sem_gaussian/graphs/NOTEARS Disc.__v10_a15_g21_s1000.json,,2.570758162997663,12.0,16.0,0.5217391304347827,0.8666666666666667,0.75,0.8666666666666667
sem_gaussian,LiNGAM,"{""threshold_lingam"": 0.1}",10,15,1000,21,/home/mathis/Documents/Travail/cbnsl_benchmark/scaling/../scaling/results/2026-04-02_10h34_sem_gaussian/graphs/golden__v10_a15_g21.json,/home/mathis/Documents/Travail/cbnsl_benchmark/scaling/../scaling/results/2026-04-02_10h34_sem_gaussian/graphs/LiNGAM__v10_a15_g21_s1000.json,,0.3056956749933306,22.0,23.0,0.3125,0.7142857142857143,1.0,1.0
sem_gaussian,CPC,"{""alpha"": 0.05, ""max_conditioning_set_size"": 3}",10,15,3000,21,/home/mathis/Documents/Travail/cbnsl_benchmark/scaling/../scaling/results/2026-04-02_10h34_sem_gaussian/graphs/golden__v10_a15_g21.json,/home/mathis/Documents/Travail/cbnsl_benchmark/scaling/../scaling/results/2026-04-02_10h34_sem_gaussian/graphs/CPC__v10_a15_g21_s3000.json,,13.857019567978568,13.0,7.0,0.33333333333333326,0.846153846153846,0.42857142857142855,0.7333333333333333
sem_gaussian,CMIIC,"{""alpha"": 0.05}",10,15,3000,21,/home/mathis/Documents/Travail/cbnsl_benchmark/scaling/../scaling/results/2026-04-02_10h34_sem_gaussian/graphs/golden__v10_a15_g21.json,/home/mathis/Documents/Travail/cbnsl_benchmark/scaling/../scaling/results/2026-04-02_10h34_sem_gaussian/graphs/CMIIC__v10_a15_g21_s3000.json,,11.711392455996247,11.0,11.0,0.33333333333333326,0.846153846153846,0.42857142857142855,0.7333333333333333
sem_gaussian,MIIC,"{""n_bins"": 4, ""discretization_method"": ""quantile""}",10,15,3000,21,/home/mathis/Documents/Travail/cbnsl_benchmark/scaling/../scaling/results/2026-04-02_10h34_sem_gaussian/graphs/golden__v10_a15_g21.json,/home/mathis/Documents/Travail/cbnsl_benchmark/scaling/../scaling/results/2026-04-02_10h34_sem_gaussian/graphs/MIIC__v10_a15_g21_s3000.json,,0.20165846799500287,11.0,13.0,0.0,0.846153846153846,0.0,0.7333333333333333
sem_gaussian,GHC+BDeu,"{""n_bins"": 4, ""discretization_method"": ""quantile""}",10,15,3000,21,/home/mathis/Documents/Travail/cbnsl_benchmark/scaling/../scaling/results/2026-04-02_10h34_sem_gaussian/graphs/golden__v10_a15_g21.json,/home/mathis/Documents/Travail/cbnsl_benchmark/scaling/../scaling/results/2026-04-02_10h34_sem_gaussian/graphs/GHC+BDeu__v10_a15_g21_s3000.json,,0.11946171001181938,13.0,8.0,0.33333333333333326,0.846153846153846,0.42857142857142855,0.7333333333333333
sem_gaussian,NOTEARS,"{""lambda1"": 0.0, ""w_threshold_notears"": 0.3}",10,15,3000,21,/home/mathis/Documents/Travail/cbnsl_benchmark/scaling/../scaling/results/2026-04-02_10h34_sem_gaussian/graphs/golden__v10_a15_g21.json,/home/mathis/Documents/Travail/cbnsl_benchmark/scaling/../scaling/results/2026-04-02_10h34_sem_gaussian/graphs/NOTEARS__v10_a15_g21_s3000.json,,4.4366999579942785,0.0,0.0,0.9655172413793104,1.0,1.0,1.0
sem_gaussian,NOTEARS Disc.,"{""lambda1"": 0.1, ""w_threshold_notears"": 0.1, ""n_bins"": 4, ""discretization_method"": ""quantile""}",10,15,3000,21,/home/mathis/Documents/Travail/cbnsl_benchmark/scaling/../scaling/results/2026-04-02_10h34_sem_gaussian/graphs/golden__v10_a15_g21.json,/home/mathis/Documents/Travail/cbnsl_benchmark/scaling/../scaling/results/2026-04-02_10h34_sem_gaussian/graphs/NOTEARS Disc.__v10_a15_g21_s3000.json,,5.111965006013634,14.0,11.0,0.31578947368421056,0.9333333333333333,0.75,0.9333333333333333
sem_gaussian,LiNGAM,"{""threshold_lingam"": 0.1}",10,15,3000,21,/home/mathis/Documents/Travail/cbnsl_benchmark/scaling/../scaling/results/2026-04-02_10h34_sem_gaussian/graphs/golden__v10_a15_g21.json,/home/mathis/Documents/Travail/cbnsl_benchmark/scaling/../scaling/results/2026-04-02_10h34_sem_gaussian/graphs/LiNGAM__v10_a15_g21_s3000.json,,0.41273634499520995,26.0,28.0,0.1875,0.6511627906976745,0.75,0.9333333333333333
sem_gaussian,CPC,"{""alpha"": 0.05, ""max_conditioning_set_size"": 3}",10,15,5000,21,/home/mathis/Documents/Travail/cbnsl_benchmark/scaling/../scaling/results/2026-04-02_10h34_sem_gaussian/graphs/golden__v10_a15_g21.json,/home/mathis/Documents/Travail/cbnsl_benchmark/scaling/../scaling/results/2026-04-02_10h34_sem_gaussian/graphs/CPC__v10_a15_g21_s5000.json,,43.33922783099115,8.0,7.0,0.6956521739130435,0.846153846153846,0.6666666666666666,0.7333333333333333
sem_gaussian,CMIIC,"{""alpha"": 0.05}",10,15,5000,21,/home/mathis/Documents/Travail/cbnsl_benchmark/scaling/../scaling/results/2026-04-02_10h34_sem_gaussian/graphs/golden__v10_a15_g21.json,/home/mathis/Documents/Travail/cbnsl_benchmark/scaling/../scaling/results/2026-04-02_10h34_sem_gaussian/graphs/CMIIC__v10_a15_g21_s5000.json,,39.391375084989704,11.0,11.0,0.33333333333333326,0.846153846153846,0.42857142857142855,0.7333333333333333
sem_gaussian,MIIC,"{""n_bins"": 4, ""discretization_method"": ""quantile""}",10,15,5000,21,/home/mathis/Documents/Travail/cbnsl_benchmark/scaling/../scaling/results/2026-04-02_10h34_sem_gaussian/graphs/golden__v10_a15_g21.json,/home/mathis/Documents/Travail/cbnsl_benchmark/scaling/../scaling/results/2026-04-02_10h34_sem_gaussian/graphs/MIIC__v10_a15_g21_s5000.json,,0.3501437689992599,14.0,11.0,0.0,0.8148148148148148,0.0,0.7333333333333333
sem_gaussian,GHC+BDeu,"{""n_bins"": 4, ""discretization_method"": ""quantile""}",10,15,5000,21,/home/mathis/Documents/Travail/cbnsl_benchmark/scaling/../scaling/results/2026-04-02_10h34_sem_gaussian/graphs/golden__v10_a15_g21.json,/home/mathis/Documents/Travail/cbnsl_benchmark/scaling/../scaling/results/2026-04-02_10h34_sem_gaussian/graphs/GHC+BDeu__v10_a15_g21_s5000.json,,0.2749553809990175,14.0,9.0,0.3157894736842105,0.896551724137931,0.6,0.8666666666666667
sem_gaussian,NOTEARS,"{""lambda1"": 0.0, ""w_threshold_notears"": 0.3}",10,15,5000,21,/home/mathis/Documents/Travail/cbnsl_benchmark/scaling/../scaling/results/2026-04-02_10h34_sem_gaussian/graphs/golden__v10_a15_g21.json,/home/mathis/Documents/Travail/cbnsl_benchmark/scaling/../scaling/results/2026-04-02_10h34_sem_gaussian/graphs/NOTEARS__v10_a15_g21_s5000.json,,11.875182367977686,0.0,0.0,0.9655172413793104,1.0,1.0,1.0
sem_gaussian,NOTEARS Disc.,"{""lambda1"": 0.1, ""w_threshold_notears"": 0.1, ""n_bins"": 4, ""discretization_method"": ""quantile""}",10,15,5000,21,/home/mathis/Documents/Travail/cbnsl_benchmark/scaling/../scaling/results/2026-04-02_10h34_sem_gaussian/graphs/golden__v10_a15_g21.json,/home/mathis/Documents/Travail/cbnsl_benchmark/scaling/../scaling/results/2026-04-02_10h34_sem_gaussian/graphs/NOTEARS Disc.__v10_a15_g21_s5000.json,,13.721412850980414,11.0,7.0,0.5454545454545455,0.9333333333333333,0.8571428571428571,0.9333333333333333
sem_gaussian,LiNGAM,"{""threshold_lingam"": 0.1}",10,15,5000,21,/home/mathis/Documents/Travail/cbnsl_benchmark/scaling/../scaling/results/2026-04-02_10h34_sem_gaussian/graphs/golden__v10_a15_g21.json,/home/mathis/Documents/Travail/cbnsl_benchmark/scaling/../scaling/results/2026-04-02_10h34_sem_gaussian/graphs/LiNGAM__v10_a15_g21_s5000.json,,0.563404084998183,13.0,19.0,0.6060606060606061,0.7894736842105263,1.0,1.0
sem_gaussian,CPC,"{""alpha"": 0.05, ""max_conditioning_set_size"": 3}",10,15,200,22,/home/mathis/Documents/Travail/cbnsl_benchmark/scaling/../scaling/results/2026-04-02_10h34_sem_gaussian/graphs/golden__v10_a15_g22.json,/home/mathis/Documents/Travail/cbnsl_benchmark/scaling/../scaling/results/2026-04-02_10h34_sem_gaussian/graphs/CPC__v10_a15_g22_s200.json,,0.03154490899760276,14.0,15.0,0.0,0.125,0.0,0.06666666666666667
sem_gaussian,CMIIC,"{""alpha"": 0.05}",10,15,200,22,/home/mathis/Documents/Travail/cbnsl_benchmark/scaling/../scaling/results/2026-04-02_10h34_sem_gaussian/graphs/golden__v10_a15_g22.json,/home/mathis/Documents/Travail/cbnsl_benchmark/scaling/../scaling/results/2026-04-02_10h34_sem_gaussian/graphs/CMIIC__v10_a15_g22_s200.json,,0.1609227079898119,14.0,14.0,0.3333333333333333,0.888888888888889,0.5,0.8
sem_gaussian,MIIC,"{""n_bins"": 4, ""discretization_method"": ""quantile""}",10,15,200,22,/home/mathis/Documents/Travail/cbnsl_benchmark/scaling/../scaling/results/2026-04-02_10h34_sem_gaussian/graphs/golden__v10_a15_g22.json,/home/mathis/Documents/Travail/cbnsl_benchmark/scaling/../scaling/results/2026-04-02_10h34_sem_gaussian/graphs/MIIC__v10_a15_g22_s200.json,,0.023070827999617904,11.0,11.0,0.0,0.8,0.0,0.6666666666666666
sem_gaussian,GHC+BDeu,"{""n_bins"": 4, ""discretization_method"": ""quantile""}",10,15,200,22,/home/mathis/Documents/Travail/cbnsl_benchmark/scaling/../scaling/results/2026-04-02_10h34_sem_gaussian/graphs/golden__v10_a15_g22.json,/home/mathis/Documents/Travail/cbnsl_benchmark/scaling/../scaling/results/2026-04-02_10h34_sem_gaussian/graphs/GHC+BDeu__v10_a15_g22_s200.json,,0.021480463998159394,10.0,12.0,0.0,0.6956521739130436,0.0,0.5333333333333333
sem_gaussian,NOTEARS,"{""lambda1"": 0.0, ""w_threshold_notears"": 0.3}",10,15,200,22,/home/mathis/Documents/Travail/cbnsl_benchmark/scaling/../scaling/results/2026-04-02_10h34_sem_gaussian/graphs/golden__v10_a15_g22.json,/home/mathis/Documents/Travail/cbnsl_benchmark/scaling/../scaling/results/2026-04-02_10h34_sem_gaussian/graphs/NOTEARS__v10_a15_g22_s200.json,,1.4565311470068991,0.0,10.0,0.6363636363636364,1.0,1.0,1.0
sem_gaussian,NOTEARS Disc.,"{""lambda1"": 0.1, ""w_threshold_notears"": 0.1, ""n_bins"": 4, ""discretization_method"": ""quantile""}",10,15,200,22,/home/mathis/Documents/Travail/cbnsl_benchmark/scaling/../scaling/results/2026-04-02_10h34_sem_gaussian/graphs/golden__v10_a15_g22.json,/home/mathis/Documents/Travail/cbnsl_benchmark/scaling/../scaling/results/2026-04-02_10h34_sem_gaussian/graphs/NOTEARS Disc.__v10_a15_g22_s200.json,,3.4168116580112837,10.0,13.0,0.2105263157894737,0.8666666666666667,0.5,0.8666666666666667
sem_gaussian,LiNGAM,"{""threshold_lingam"": 0.1}",10,15,200,22,/home/mathis/Documents/Travail/cbnsl_benchmark/scaling/../scaling/results/2026-04-02_10h34_sem_gaussian/graphs/golden__v10_a15_g22.json,/home/mathis/Documents/Travail/cbnsl_benchmark/scaling/../scaling/results/2026-04-02_10h34_sem_gaussian/graphs/LiNGAM__v10_a15_g22_s200.json,,0.23499394897953607,25.0,22.0,0.25806451612903225,0.65,0.6666666666666666,0.8666666666666667
sem_gaussian,CPC,"{""alpha"": 0.05, ""max_conditioning_set_size"": 3}",10,15,500,22,/home/mathis/Documents/Travail/cbnsl_benchmark/scaling/../scaling/results/2026-04-02_10h34_sem_gaussian/graphs/golden__v10_a15_g22.json,/home/mathis/Documents/Travail/cbnsl_benchmark/scaling/../scaling/results/2026-04-02_10h34_sem_gaussian/graphs/CPC__v10_a15_g22_s500.json,,0.22754222399089485,13.0,15.0,0.0,0.23529411764705882,0.0,0.13333333333333333
sem_gaussian,CMIIC,"{""alpha"": 0.05}",10,15,500,22,/home/mathis/Documents/Travail/cbnsl_benchmark/scaling/../scaling/results/2026-04-02_10h34_sem_gaussian/graphs/golden__v10_a15_g22.json,/home/mathis/Documents/Travail/cbnsl_benchmark/scaling/../scaling/results/2026-04-02_10h34_sem_gaussian/graphs/CMIIC__v10_a15_g22_s500.json,,0.4658765259955544,14.0,14.0,0.3333333333333333,0.888888888888889,0.5,0.8
sem_gaussian,MIIC,"{""n_bins"": 4, ""discretization_method"": ""quantile""}",10,15,500,22,/home/mathis/Documents/Travail/cbnsl_benchmark/scaling/../scaling/results/2026-04-02_10h34_sem_gaussian/graphs/golden__v10_a15_g22.json,/home/mathis/Documents/Travail/cbnsl_benchmark/scaling/../scaling/results/2026-04-02_10h34_sem_gaussian/graphs/MIIC__v10_a15_g22_s500.json,,0.0351376679900568,11.0,11.0,0.0,0.8,0.0,0.6666666666666666
sem_gaussian,GHC+BDeu,"{""n_bins"": 4, ""discretization_method"": ""quantile""}",10,15,500,22,/home/mathis/Documents/Travail/cbnsl_benchmark/scaling/../scaling/results/2026-04-02_10h34_sem_gaussian/graphs/golden__v10_a15_g22.json,/home/mathis/Documents/Travail/cbnsl_benchmark/scaling/../scaling/results/2026-04-02_10h34_sem_gaussian/graphs/GHC+BDeu__v10_a15_g22_s500.json,,0.034192037011962384,11.0,13.0,0.0,0.6666666666666667,0.0,0.5333333333333333
sem_gaussian,NOTEARS,"{""lambda1"": 0.0, ""w_threshold_notears"": 0.3}",10,15,500,22,/home/mathis/Documents/Travail/cbnsl_benchmark/scaling/../scaling/results/2026-04-02_10h34_sem_gaussian/graphs/golden__v10_a15_g22.json,/home/mathis/Documents/Travail/cbnsl_benchmark/scaling/../scaling/results/2026-04-02_10h34_sem_gaussian/graphs/NOTEARS__v10_a15_g22_s500.json,,1.8552866220124997,7.0,12.0,0.6923076923076923,0.9032258064516129,0.9,0.9333333333333333
sem_gaussian,NOTEARS Disc.,"{""lambda1"": 0.1, ""w_threshold_notears"": 0.1, ""n_bins"": 4, ""discretization_method"": ""quantile""}",10,15,500,22,/home/mathis/Documents/Travail/cbnsl_benchmark/scaling/../scaling/results/2026-04-02_10h34_sem_gaussian/graphs/golden__v10_a15_g22.json,/home/mathis/Documents/Travail/cbnsl_benchmark/scaling/../scaling/results/2026-04-02_10h34_sem_gaussian/graphs/NOTEARS Disc.__v10_a15_g22_s500.json,,2.789259448996745,10.0,7.0,0.23529411764705882,0.9655172413793104,0.6666666666666666,0.9333333333333333
sem_gaussian,LiNGAM,"{""threshold_lingam"": 0.1}",10,15,500,22,/home/mathis/Documents/Travail/cbnsl_benchmark/scaling/../scaling/results/2026-04-02_10h34_sem_gaussian/graphs/golden__v10_a15_g22.json,,[pyAgrum] Partially directed cycle detected: Add a partial directed cycle in a PDAG : between 7 and 2,,,,,,,
sem_gaussian,CPC,"{""alpha"": 0.05, ""max_conditioning_set_size"": 3}",10,15,1000,22,/home/mathis/Documents/Travail/cbnsl_benchmark/scaling/../scaling/results/2026-04-02_10h34_sem_gaussian/graphs/golden__v10_a15_g22.json,/home/mathis/Documents/Travail/cbnsl_benchmark/scaling/../scaling/results/2026-04-02_10h34_sem_gaussian/graphs/CPC__v10_a15_g22_s1000.json,,1.424103740020655,13.0,10.0,0.23529411764705885,0.846153846153846,0.3333333333333333,0.7333333333333333
sem_gaussian,CMIIC,"{""alpha"": 0.05}",10,15,1000,22,/home/mathis/Documents/Travail/cbnsl_benchmark/scaling/../scaling/results/2026-04-02_10h34_sem_gaussian/graphs/golden__v10_a15_g22.json,/home/mathis/Documents/Travail/cbnsl_benchmark/scaling/../scaling/results/2026-04-02_10h34_sem_gaussian/graphs/CMIIC__v10_a15_g22_s1000.json,,1.6824143349949736,14.0,11.0,0.33333333333333326,0.846153846153846,0.42857142857142855,0.7333333333333333
sem_gaussian,MIIC,"{""n_bins"": 4, ""discretization_method"": ""quantile""}",10,15,1000,22,/home/mathis/Documents/Travail/cbnsl_benchmark/scaling/../scaling/results/2026-04-02_10h34_sem_gaussian/graphs/golden__v10_a15_g22.json,/home/mathis/Documents/Travail/cbnsl_benchmark/scaling/../scaling/results/2026-04-02_10h34_sem_gaussian/graphs/MIIC__v10_a15_g22_s1000.json,,0.06571051900391467,14.0,10.0,0.0,0.846153846153846,0.0,0.7333333333333333
sem_gaussian,GHC+BDeu,"{""n_bins"": 4, ""discretization_method"": ""quantile""}",10,15,1000,22,/home/mathis/Documents/Travail/cbnsl_benchmark/scaling/../scaling/results/2026-04-02_10h34_sem_gaussian/graphs/golden__v10_a15_g22.json,/home/mathis/Documents/Travail/cbnsl_benchmark/scaling/../scaling/results/2026-04-02_10h34_sem_gaussian/graphs/GHC+BDeu__v10_a15_g22_s1000.json,,0.06099870600155555,8.0,14.0,0.22222222222222224,0.7200000000000001,0.25,0.6
sem_gaussian,NOTEARS,"{""lambda1"": 0.0, ""w_threshold_notears"": 0.3}",10,15,1000,22,/home/mathis/Documents/Travail/cbnsl_benchmark/scaling/../scaling/results/2026-04-02_10h34_sem_gaussian/graphs/golden__v10_a15_g22.json,/home/mathis/Documents/Travail/cbnsl_benchmark/scaling/../scaling/results/2026-04-02_10h34_sem_gaussian/graphs/NOTEARS__v10_a15_g22_s1000.json,,2.848147468001116,5.0,4.0,0.8,1.0,1.0,1.0
sem_gaussian,NOTEARS Disc.,"{""lambda1"": 0.1, ""w_threshold_notears"": 0.1, ""n_bins"": 4, ""discretization_method"": ""quantile""}",10,15,1000,22,/home/mathis/Documents/Travail/cbnsl_benchmark/scaling/../scaling/results/2026-04-02_10h34_sem_gaussian/graphs/golden__v10_a15_g22.json,/home/mathis/Documents/Travail/cbnsl_benchmark/scaling/../scaling/results/2026-04-02_10h34_sem_gaussian/graphs/NOTEARS Disc.__v10_a15_g22_s1000.json,,4.995162748993607,6.0,11.0,0.23529411764705882,0.9655172413793104,0.6666666666666666,0.9333333333333333
sem_gaussian,LiNGAM,"{""threshold_lingam"": 0.1}",10,15,1000,22,/home/mathis/Documents/Travail/cbnsl_benchmark/scaling/../scaling/results/2026-04-02_10h34_sem_gaussian/graphs/golden__v10_a15_g22.json,/home/mathis/Documents/Travail/cbnsl_benchmark/scaling/../scaling/results/2026-04-02_10h34_sem_gaussian/graphs/LiNGAM__v10_a15_g22_s1000.json,,0.33875528498901986,20.0,24.0,0.375,0.7317073170731707,1.0,1.0
sem_gaussian,CPC,"{""alpha"": 0.05, ""max_conditioning_set_size"": 3}",10,15,3000,22,/home/mathis/Documents/Travail/cbnsl_benchmark/scaling/../scaling/results/2026-04-02_10h34_sem_gaussian/graphs/golden__v10_a15_g22.json,/home/mathis/Documents/Travail/cbnsl_benchmark/scaling/../scaling/results/2026-04-02_10h34_sem_gaussian/graphs/CPC__v10_a15_g22_s3000.json,,16.540093696006807,11.0,12.0,0.4210526315789474,0.846153846153846,0.5,0.7333333333333333
sem_gaussian,CMIIC,"{""alpha"": 0.05}",10,15,3000,22,/home/mathis/Documents/Travail/cbnsl_benchmark/scaling/../scaling/results/2026-04-02_10h34_sem_gaussian/graphs/golden__v10_a15_g22.json,/home/mathis/Documents/Travail/cbnsl_benchmark/scaling/../scaling/results/2026-04-02_10h34_sem_gaussian/graphs/CMIIC__v10_a15_g22_s3000.json,,13.79168123198906,14.0,11.0,0.33333333333333326,0.846153846153846,0.42857142857142855,0.7333333333333333
sem_gaussian,MIIC,"{""n_bins"": 4, ""discretization_method"": ""quantile""}",10,15,3000,22,/home/mathis/Documents/Travail/cbnsl_benchmark/scaling/../scaling/results/2026-04-02_10h34_sem_gaussian/graphs/golden__v10_a15_g22.json,/home/mathis/Documents/Travail/cbnsl_benchmark/scaling/../scaling/results/2026-04-02_10h34_sem_gaussian/graphs/MIIC__v10_a15_g22_s3000.json,,0.22487484000157565,14.0,10.0,0.0,0.846153846153846,0.0,0.7333333333333333
sem_gaussian,GHC+BDeu,"{""n_bins"": 4, ""discretization_method"": ""quantile""}",10,15,3000,22,/home/mathis/Documents/Travail/cbnsl_benchmark/scaling/../scaling/results/2026-04-02_10h34_sem_gaussian/graphs/golden__v10_a15_g22.json,/home/mathis/Documents/Travail/cbnsl_benchmark/scaling/../scaling/results/2026-04-02_10h34_sem_gaussian/graphs/GHC+BDeu__v10_a15_g22_s3000.json,,0.15832899100496434,11.0,12.0,0.5454545454545454,0.8148148148148148,0.6,0.7333333333333333
sem_gaussian,NOTEARS,"{""lambda1"": 0.0, ""w_threshold_notears"": 0.3}",10,15,3000,22,/home/mathis/Documents/Travail/cbnsl_benchmark/scaling/../scaling/results/2026-04-02_10h34_sem_gaussian/graphs/golden__v10_a15_g22.json,/home/mathis/Documents/Travail/cbnsl_benchmark/scaling/../scaling/results/2026-04-02_10h34_sem_gaussian/graphs/NOTEARS__v10_a15_g22_s3000.json,,6.170033209986286,5.0,10.0,0.8,1.0,1.0,1.0
sem_gaussian,NOTEARS Disc.,"{""lambda1"": 0.1, ""w_threshold_notears"": 0.1, ""n_bins"": 4, ""discretization_method"": ""quantile""}",10,15,3000,22,/home/mathis/Documents/Travail/cbnsl_benchmark/scaling/../scaling/results/2026-04-02_10h34_sem_gaussian/graphs/golden__v10_a15_g22.json,/home/mathis/Documents/Travail/cbnsl_benchmark/scaling/../scaling/results/2026-04-02_10h34_sem_gaussian/graphs/NOTEARS Disc.__v10_a15_g22_s3000.json,,6.962301004998153,6.0,11.0,0.23529411764705882,0.9655172413793104,0.6666666666666666,0.9333333333333333
sem_gaussian,LiNGAM,"{""threshold_lingam"": 0.1}",10,15,3000,22,/home/mathis/Documents/Travail/cbnsl_benchmark/scaling/../scaling/results/2026-04-02_10h34_sem_gaussian/graphs/golden__v10_a15_g22.json,/home/mathis/Documents/Travail/cbnsl_benchmark/scaling/../scaling/results/2026-04-02_10h34_sem_gaussian/graphs/LiNGAM__v10_a15_g22_s3000.json,,0.47369537301710807,16.0,19.0,0.22222222222222218,0.7368421052631579,0.75,0.9333333333333333
sem_gaussian,CPC,"{""alpha"": 0.05, ""max_conditioning_set_size"": 3}",10,15,5000,22,/home/mathis/Documents/Travail/cbnsl_benchmark/scaling/../scaling/results/2026-04-02_10h34_sem_gaussian/graphs/golden__v10_a15_g22.json,/home/mathis/Documents/Travail/cbnsl_benchmark/scaling/../scaling/results/2026-04-02_10h34_sem_gaussian/graphs/CPC__v10_a15_g22_s5000.json,,62.6247472249961,11.0,14.0,0.12500000000000003,0.846153846153846,0.2,0.7333333333333333
sem_gaussian,CMIIC,"{""alpha"": 0.05}",10,15,5000,22,/home/mathis/Documents/Travail/cbnsl_benchmark/scaling/../scaling/results/2026-04-02_10h34_sem_gaussian/graphs/golden__v10_a15_g22.json,/home/mathis/Documents/Travail/cbnsl_benchmark/scaling/../scaling/results/2026-04-02_10h34_sem_gaussian/graphs/CMIIC__v10_a15_g22_s5000.json,,40.27491382800508,14.0,11.0,0.33333333333333326,0.846153846153846,0.42857142857142855,0.7333333333333333
sem_gaussian,MIIC,"{""n_bins"": 4, ""discretization_method"": ""quantile""}",10,15,5000,22,/home/mathis/Documents/Travail/cbnsl_benchmark/scaling/../scaling/results/2026-04-02_10h34_sem_gaussian/graphs/golden__v10_a15_g22.json,/home/mathis/Documents/Travail/cbnsl_benchmark/scaling/../scaling/results/2026-04-02_10h34_sem_gaussian/graphs/MIIC__v10_a15_g22_s5000.json,,0.36067888600518927,14.0,10.0,0.0,0.846153846153846,0.0,0.7333333333333333
sem_gaussian,GHC+BDeu,"{""n_bins"": 4, ""discretization_method"": ""quantile""}",10,15,5000,22,/home/mathis/Documents/Travail/cbnsl_benchmark/scaling/../scaling/results/2026-04-02_10h34_sem_gaussian/graphs/golden__v10_a15_g22.json,/home/mathis/Documents/Travail/cbnsl_benchmark/scaling/../scaling/results/2026-04-02_10h34_sem_gaussian/graphs/GHC+BDeu__v10_a15_g22_s5000.json,,0.3075232270057313,9.0,11.0,0.75,0.888888888888889,0.75,0.8
sem_gaussian,NOTEARS,"{""lambda1"": 0.0, ""w_threshold_notears"": 0.3}",10,15,5000,22,/home/mathis/Documents/Travail/cbnsl_benchmark/scaling/../scaling/results/2026-04-02_10h34_sem_gaussian/graphs/golden__v10_a15_g22.json,/home/mathis/Documents/Travail/cbnsl_benchmark/scaling/../scaling/results/2026-04-02_10h34_sem_gaussian/graphs/NOTEARS__v10_a15_g22_s5000.json,,8.985071182018146,1.0,8.0,0.5714285714285714,0.9655172413793104,0.8571428571428571,0.9333333333333333
sem_gaussian,NOTEARS Disc.,"{""lambda1"": 0.1, ""w_threshold_notears"": 0.1, ""n_bins"": 4, ""discretization_method"": ""quantile""}",10,15,5000,22,/home/mathis/Documents/Travail/cbnsl_benchmark/scaling/../scaling/results/2026-04-02_10h34_sem_gaussian/graphs/golden__v10_a15_g22.json,/home/mathis/Documents/Travail/cbnsl_benchmark/scaling/../scaling/results/2026-04-02_10h34_sem_gaussian/graphs/NOTEARS Disc.__v10_a15_g22_s5000.json,,11.989689092006302,6.0,11.0,0.23529411764705882,0.9655172413793104,0.6666666666666666,0.9333333333333333
sem_gaussian,LiNGAM,"{""threshold_lingam"": 0.1}",10,15,5000,22,/home/mathis/Documents/Travail/cbnsl_benchmark/scaling/../scaling/results/2026-04-02_10h34_sem_gaussian/graphs/golden__v10_a15_g22.json,/home/mathis/Documents/Travail/cbnsl_benchmark/scaling/../scaling/results/2026-04-02_10h34_sem_gaussian/graphs/LiNGAM__v10_a15_g22_s5000.json,,0.6844270559959114,13.0,15.0,0.3448275862068966,0.7692307692307693,1.0,1.0
sem_gaussian,CPC,"{""alpha"": 0.05, ""max_conditioning_set_size"": 3}",10,15,200,23,/home/mathis/Documents/Travail/cbnsl_benchmark/scaling/../scaling/results/2026-04-02_10h34_sem_gaussian/graphs/golden__v10_a15_g23.json,/home/mathis/Documents/Travail/cbnsl_benchmark/scaling/../scaling/results/2026-04-02_10h34_sem_gaussian/graphs/CPC__v10_a15_g23_s200.json,,0.03397957800189033,15.0,15.0,0.12500000000000003,0.5,0.09090909090909091,0.3333333333333333
sem_gaussian,CMIIC,"{""alpha"": 0.05}",10,15,200,23,/home/mathis/Documents/Travail/cbnsl_benchmark/scaling/../scaling/results/2026-04-02_10h34_sem_gaussian/graphs/golden__v10_a15_g23.json,/home/mathis/Documents/Travail/cbnsl_benchmark/scaling/../scaling/results/2026-04-02_10h34_sem_gaussian/graphs/CMIIC__v10_a15_g23_s200.json,,0.11552618199493736,14.0,15.0,0.380952380952381,0.5833333333333334,0.3333333333333333,0.4666666666666667
sem_gaussian,MIIC,"{""n_bins"": 4, ""discretization_method"": ""quantile""}",10,15,200,23,/home/mathis/Documents/Travail/cbnsl_benchmark/scaling/../scaling/results/2026-04-02_10h34_sem_gaussian/graphs/golden__v10_a15_g23.json,/home/mathis/Documents/Travail/cbnsl_benchmark/scaling/../scaling/results/2026-04-02_10h34_sem_gaussian/graphs/MIIC__v10_a15_g23_s200.json,,0.050703797984169796,13.0,16.0,0.0,0.5454545454545455,0.0,0.4
sem_gaussian,GHC+BDeu,"{""n_bins"": 4, ""discretization_method"": ""quantile""}",10,15,200,23,/home/mathis/Documents/Travail/cbnsl_benchmark/scaling/../scaling/results/2026-04-02_10h34_sem_gaussian/graphs/golden__v10_a15_g23.json,/home/mathis/Documents/Travail/cbnsl_benchmark/scaling/../scaling/results/2026-04-02_10h34_sem_gaussian/graphs/GHC+BDeu__v10_a15_g23_s200.json,,0.033709046023432165,14.0,15.0,0.0,0.23529411764705882,0.0,0.13333333333333333
sem_gaussian,NOTEARS,"{""lambda1"": 0.0, ""w_threshold_notears"": 0.3}",10,15,200,23,/home/mathis/Documents/Travail/cbnsl_benchmark/scaling/../scaling/results/2026-04-02_10h34_sem_gaussian/graphs/golden__v10_a15_g23.json,/home/mathis/Documents/Travail/cbnsl_benchmark/scaling/../scaling/results/2026-04-02_10h34_sem_gaussian/graphs/NOTEARS__v10_a15_g23_s200.json,,3.21829946199432,4.0,11.0,0.5714285714285714,0.9285714285714286,0.75,0.8666666666666667
sem_gaussian,NOTEARS Disc.,"{""lambda1"": 0.1, ""w_threshold_notears"": 0.1, ""n_bins"": 4, ""discretization_method"": ""quantile""}",10,15,200,23,/home/mathis/Documents/Travail/cbnsl_benchmark/scaling/../scaling/results/2026-04-02_10h34_sem_gaussian/graphs/golden__v10_a15_g23.json,/home/mathis/Documents/Travail/cbnsl_benchmark/scaling/../scaling/results/2026-04-02_10h34_sem_gaussian/graphs/NOTEARS Disc.__v10_a15_g23_s200.json,,3.231111287983367,17.0,17.0,0.34782608695652173,0.7741935483870969,0.5714285714285714,0.8
sem_gaussian,LiNGAM,"{""threshold_lingam"": 0.1}",10,15,200,23,/home/mathis/Documents/Travail/cbnsl_benchmark/scaling/../scaling/results/2026-04-02_10h34_sem_gaussian/graphs/golden__v10_a15_g23.json,/home/mathis/Documents/Travail/cbnsl_benchmark/scaling/../scaling/results/2026-04-02_10h34_sem_gaussian/graphs/LiNGAM__v10_a15_g23_s200.json,,0.28033250401495025,20.0,21.0,0.4,0.7692307692307693,1.0,1.0
sem_gaussian,CPC,"{""alpha"": 0.05, ""max_conditioning_set_size"": 3}",10,15,500,23,/home/mathis/Documents/Travail/cbnsl_benchmark/scaling/../scaling/results/2026-04-02_10h34_sem_gaussian/graphs/golden__v10_a15_g23.json,/home/mathis/Documents/Travail/cbnsl_benchmark/scaling/../scaling/results/2026-04-02_10h34_sem_gaussian/graphs/CPC__v10_a15_g23_s500.json,,0.18941837901365943,12.0,15.0,0.0,0.4210526315789474,0.0,0.26666666666666666
sem_gaussian,CMIIC,"{""alpha"": 0.05}",10,15,500,23,/home/mathis/Documents/Travail/cbnsl_benchmark/scaling/../scaling/results/2026-04-02_10h34_sem_gaussian/graphs/golden__v10_a15_g23.json,/home/mathis/Documents/Travail/cbnsl_benchmark/scaling/../scaling/results/2026-04-02_10h34_sem_gaussian/graphs/CMIIC__v10_a15_g23_s500.json,,0.3392057169985492,12.0,13.0,0.4761904761904762,0.6666666666666667,0.4166666666666667,0.5333333333333333
sem_gaussian,MIIC,"{""n_bins"": 4, ""discretization_method"": ""quantile""}",10,15,500,23,/home/mathis/Documents/Travail/cbnsl_benchmark/scaling/../scaling/results/2026-04-02_10h34_sem_gaussian/graphs/golden__v10_a15_g23.json,/home/mathis/Documents/Travail/cbnsl_benchmark/scaling/../scaling/results/2026-04-02_10h34_sem_gaussian/graphs/MIIC__v10_a15_g23_s500.json,,0.03970135800773278,14.0,13.0,0.0,0.6666666666666667,0.0,0.5333333333333333
sem_gaussian,GHC+BDeu,"{""n_bins"": 4, ""discretization_method"": ""quantile""}",10,15,500,23,/home/mathis/Documents/Travail/cbnsl_benchmark/scaling/../scaling/results/2026-04-02_10h34_sem_gaussian/graphs/golden__v10_a15_g23.json,/home/mathis/Documents/Travail/cbnsl_benchmark/scaling/../scaling/results/2026-04-02_10h34_sem_gaussian/graphs/GHC+BDeu__v10_a15_g23_s500.json,,0.038706899009412155,12.0,15.0,0.0,0.6363636363636364,0.0,0.4666666666666667
sem_gaussian,NOTEARS,"{""lambda1"": 0.0, ""w_threshold_notears"": 0.3}",10,15,500,23,/home/mathis/Documents/Travail/cbnsl_benchmark/scaling/../scaling/results/2026-04-02_10h34_sem_gaussian/graphs/golden__v10_a15_g23.json,/home/mathis/Documents/Travail/cbnsl_benchmark/scaling/../scaling/results/2026-04-02_10h34_sem_gaussian/graphs/NOTEARS__v10_a15_g23_s500.json,,4.837190835009096,0.0,9.0,0.8,1.0,1.0,1.0
sem_gaussian,NOTEARS Disc.,"{""lambda1"": 0.1, ""w_threshold_notears"": 0.1, ""n_bins"": 4, ""discretization_method"": ""quantile""}",10,15,500,23,/home/mathis/Documents/Travail/cbnsl_benchmark/scaling/../scaling/results/2026-04-02_10h34_sem_gaussian/graphs/golden__v10_a15_g23.json,/home/mathis/Documents/Travail/cbnsl_benchmark/scaling/../scaling/results/2026-04-02_10h34_sem_gaussian/graphs/NOTEARS Disc.__v10_a15_g23_s500.json,,2.3265398669755086,13.0,12.0,0.5217391304347826,0.9375,1.0,1.0
sem_gaussian,LiNGAM,"{""threshold_lingam"": 0.1}",10,15,500,23,/home/mathis/Documents/Travail/cbnsl_benchmark/scaling/../scaling/results/2026-04-02_10h34_sem_gaussian/graphs/golden__v10_a15_g23.json,/home/mathis/Documents/Travail/cbnsl_benchmark/scaling/../scaling/results/2026-04-02_10h34_sem_gaussian/graphs/LiNGAM__v10_a15_g23_s500.json,,0.3135938339983113,18.0,19.0,0.4,0.7692307692307693,1.0,1.0
sem_gaussian,CPC,"{""alpha"": 0.05, ""max_conditioning_set_size"": 3}",10,15,1000,23,/home/mathis/Documents/Travail/cbnsl_benchmark/scaling/../scaling/results/2026-04-02_10h34_sem_gaussian/graphs/golden__v10_a15_g23.json,/home/mathis/Documents/Travail/cbnsl_benchmark/scaling/../scaling/results/2026-04-02_10h34_sem_gaussian/graphs/CPC__v10_a15_g23_s1000.json,,1.055186299025081,14.0,15.0,0.23529411764705882,0.6363636363636364,0.2,0.4666666666666667
sem_gaussian,CMIIC,"{""alpha"": 0.05}",10,15,1000,23,/home/mathis/Documents/Travail/cbnsl_benchmark/scaling/../scaling/results/2026-04-02_10h34_sem_gaussian/graphs/golden__v10_a15_g23.json,/home/mathis/Documents/Travail/cbnsl_benchmark/scaling/../scaling/results/2026-04-02_10h34_sem_gaussian/graphs/CMIIC__v10_a15_g23_s1000.json,,1.3662648139870726,11.0,13.0,0.5454545454545454,0.7200000000000001,0.5,0.6
sem_gaussian,MIIC,"{""n_bins"": 4, ""discretization_method"": ""quantile""}",10,15,1000,23,/home/mathis/Documents/Travail/cbnsl_benchmark/scaling/../scaling/results/2026-04-02_10h34_sem_gaussian/graphs/golden__v10_a15_g23.json,/home/mathis/Documents/Travail/cbnsl_benchmark/scaling/../scaling/results/2026-04-02_10h34_sem_gaussian/graphs/MIIC__v10_a15_g23_s1000.json,,0.08201741700759158,17.0,15.0,0.0,0.6923076923076923,0.0,0.6
sem_gaussian,GHC+BDeu,"{""n_bins"": 4, ""discretization_method"": ""quantile""}",10,15,1000,23,/home/mathis/Documents/Travail/cbnsl_benchmark/scaling/../scaling/results/2026-04-02_10h34_sem_gaussian/graphs/golden__v10_a15_g23.json,/home/mathis/Documents/Travail/cbnsl_benchmark/scaling/../scaling/results/2026-04-02_10h34_sem_gaussian/graphs/GHC+BDeu__v10_a15_g23_s1000.json,,0.06800878699868917,12.0,15.0,0.23529411764705882,0.8,0.2857142857142857,0.6666666666666666
sem_gaussian,NOTEARS,"{""lambda1"": 0.0, ""w_threshold_notears"": 0.3}",10,15,1000,23,/home/mathis/Documents/Travail/cbnsl_benchmark/scaling/../scaling/results/2026-04-02_10h34_sem_gaussian/graphs/golden__v10_a15_g23.json,/home/mathis/Documents/Travail/cbnsl_benchmark/scaling/../scaling/results/2026-04-02_10h34_sem_gaussian/graphs/NOTEARS__v10_a15_g23_s1000.json,,3.061534060019767,10.0,13.0,0.6153846153846154,0.8387096774193549,0.8,0.8666666666666667
sem_gaussian,NOTEARS Disc.,"{""lambda1"": 0.1, ""w_threshold_notears"": 0.1, ""n_bins"": 4, ""discretization_method"": ""quantile""}",10,15,1000,23,/home/mathis/Documents/Travail/cbnsl_benchmark/scaling/../scaling/results/2026-04-02_10h34_sem_gaussian/graphs/golden__v10_a15_g23.json,/home/mathis/Documents/Travail/cbnsl_benchmark/scaling/../scaling/results/2026-04-02_10h34_sem_gaussian/graphs/NOTEARS Disc.__v10_a15_g23_s1000.json,,4.366100327984896,10.0,12.0,0.5454545454545455,0.9333333333333333,0.8571428571428571,0.9333333333333333
sem_gaussian,LiNGAM,"{""threshold_lingam"": 0.1}",10,15,1000,23,/home/mathis/Documents/Travail/cbnsl_benchmark/scaling/../scaling/results/2026-04-02_10h34_sem_gaussian/graphs/golden__v10_a15_g23.json,,[pyAgrum] Partially directed cycle detected: Add a partial directed cycle in a PDAG : between 9 and 0,,,,,,,
sem_gaussian,CPC,"{""alpha"": 0.05, ""max_conditioning_set_size"": 3}",10,15,3000,23,/home/mathis/Documents/Travail/cbnsl_benchmark/scaling/../scaling/results/2026-04-02_10h34_sem_gaussian/graphs/golden__v10_a15_g23.json,/home/mathis/Documents/Travail/cbnsl_benchmark/scaling/../scaling/results/2026-04-02_10h34_sem_gaussian/graphs/CPC__v10_a15_g23_s3000.json,,9.143987704010215,13.0,13.0,0.22222222222222224,0.7200000000000001,0.25,0.6
sem_gaussian,CMIIC,"{""alpha"": 0.05}",10,15,3000,23,/home/mathis/Documents/Travail/cbnsl_benchmark/scaling/../scaling/results/2026-04-02_10h34_sem_gaussian/graphs/golden__v10_a15_g23.json,/home/mathis/Documents/Travail/cbnsl_benchmark/scaling/../scaling/results/2026-04-02_10h34_sem_gaussian/graphs/CMIIC__v10_a15_g23_s3000.json,,11.376057841000147,13.0,14.0,0.45454545454545453,0.64,0.4166666666666667,0.5333333333333333
sem_gaussian,MIIC,"{""n_bins"": 4, ""discretization_method"": ""quantile""}",10,15,3000,23,/home/mathis/Documents/Travail/cbnsl_benchmark/scaling/../scaling/results/2026-04-02_10h34_sem_gaussian/graphs/golden__v10_a15_g23.json,/home/mathis/Documents/Travail/cbnsl_benchmark/scaling/../scaling/results/2026-04-02_10h34_sem_gaussian/graphs/MIIC__v10_a15_g23_s3000.json,,0.19750981600373052,13.0,14.0,0.5,0.6666666666666665,0.5,0.6
sem_gaussian,GHC+BDeu,"{""n_bins"": 4, ""discretization_method"": ""quantile""}",10,15,3000,23,/home/mathis/Documents/Travail/cbnsl_benchmark/scaling/../scaling/results/2026-04-02_10h34_sem_gaussian/graphs/golden__v10_a15_g23.json,/home/mathis/Documents/Travail/cbnsl_benchmark/scaling/../scaling/results/2026-04-02_10h34_sem_gaussian/graphs/GHC+BDeu__v10_a15_g23_s3000.json,,0.17669118000776507,4.0,13.0,0.608695652173913,0.8571428571428571,0.7,0.8
sem_gaussian,NOTEARS,"{""lambda1"": 0.0, ""w_threshold_notears"": 0.3}",10,15,3000,23,/home/mathis/Documents/Travail/cbnsl_benchmark/scaling/../scaling/results/2026-04-02_10h34_sem_gaussian/graphs/golden__v10_a15_g23.json,/home/mathis/Documents/Travail/cbnsl_benchmark/scaling/../scaling/results/2026-04-02_10h34_sem_gaussian/graphs/NOTEARS__v10_a15_g23_s3000.json,,4.903210118995048,2.0,8.0,0.6956521739130435,0.9655172413793104,0.8888888888888888,0.9333333333333333
sem_gaussian,NOTEARS Disc.,"{""lambda1"": 0.1, ""w_threshold_notears"": 0.1, ""n_bins"": 4, ""discretization_method"": ""quantile""}",10,15,3000,23,/home/mathis/Documents/Travail/cbnsl_benchmark/scaling/../scaling/results/2026-04-02_10h34_sem_gaussian/graphs/golden__v10_a15_g23.json,/home/mathis/Documents/Travail/cbnsl_benchmark/scaling/../scaling/results/2026-04-02_10h34_sem_gaussian/graphs/NOTEARS Disc.__v10_a15_g23_s3000.json,,7.589122534991475,10.0,10.0,0.5454545454545454,0.967741935483871,1.0,1.0
sem_gaussian,LiNGAM,"{""threshold_lingam"": 0.1}",10,15,3000,23,/home/mathis/Documents/Travail/cbnsl_benchmark/scaling/../scaling/results/2026-04-02_10h34_sem_gaussian/graphs/golden__v10_a15_g23.json,/home/mathis/Documents/Travail/cbnsl_benchmark/scaling/../scaling/results/2026-04-02_10h34_sem_gaussian/graphs/LiNGAM__v10_a15_g23_s3000.json,,0.5175337870023213,15.0,19.0,0.15384615384615385,0.7692307692307693,1.0,1.0
sem_gaussian,CPC,"{""alpha"": 0.05, ""max_conditioning_set_size"": 3}",10,15,5000,23,/home/mathis/Documents/Travail/cbnsl_benchmark/scaling/../scaling/results/2026-04-02_10h34_sem_gaussian/graphs/golden__v10_a15_g23.json,/home/mathis/Documents/Travail/cbnsl_benchmark/scaling/../scaling/results/2026-04-02_10h34_sem_gaussian/graphs/CPC__v10_a15_g23_s5000.json,,29.518651421007235,13.0,10.0,0.36363636363636365,0.8000000000000002,0.5714285714285714,0.8
sem_gaussian,CMIIC,"{""alpha"": 0.05}",10,15,5000,23,/home/mathis/Documents/Travail/cbnsl_benchmark/scaling/../scaling/results/2026-04-02_10h34_sem_gaussian/graphs/golden__v10_a15_g23.json,/home/mathis/Documents/Travail/cbnsl_benchmark/scaling/../scaling/results/2026-04-02_10h34_sem_gaussian/graphs/CMIIC__v10_a15_g23_s5000.json,,29.78623230700032,13.0,14.0,0.45454545454545453,0.64,0.4166666666666667,0.5333333333333333
sem_gaussian,MIIC,"{""n_bins"": 4, ""discretization_method"": ""quantile""}",10,15,5000,23,/home/mathis/Documents/Travail/cbnsl_benchmark/scaling/../scaling/results/2026-04-02_10h34_sem_gaussian/graphs/golden__v10_a15_g23.json,/home/mathis/Documents/Travail/cbnsl_benchmark/scaling/../scaling/results/2026-04-02_10h34_sem_gaussian/graphs/MIIC__v10_a15_g23_s5000.json,,0.2995071359910071,13.0,14.0,0.5,0.6666666666666665,0.5,0.6
sem_gaussian,GHC+BDeu,"{""n_bins"": 4, ""discretization_method"": ""quantile""}",10,15,5000,23,/home/mathis/Documents/Travail/cbnsl_benchmark/scaling/../scaling/results/2026-04-02_10h34_sem_gaussian/graphs/golden__v10_a15_g23.json,/home/mathis/Documents/Travail/cbnsl_benchmark/scaling/../scaling/results/2026-04-02_10h34_sem_gaussian/graphs/GHC+BDeu__v10_a15_g23_s5000.json,,0.2398415119969286,9.0,9.0,0.5833333333333334,0.7857142857142856,0.6363636363636364,0.7333333333333333
sem_gaussian,NOTEARS,"{""lambda1"": 0.0, ""w_threshold_notears"": 0.3}",10,15,5000,23,/home/mathis/Documents/Travail/cbnsl_benchmark/scaling/../scaling/results/2026-04-02_10h34_sem_gaussian/graphs/golden__v10_a15_g23.json,/home/mathis/Documents/Travail/cbnsl_benchmark/scaling/../scaling/results/2026-04-02_10h34_sem_gaussian/graphs/NOTEARS__v10_a15_g23_s5000.json,,8.82885350100696,2.0,8.0,0.6956521739130435,0.9655172413793104,0.8888888888888888,0.9333333333333333
sem_gaussian,NOTEARS Disc.,"{""lambda1"": 0.1, ""w_threshold_notears"": 0.1, ""n_bins"": 4, ""discretization_method"": ""quantile""}",10,15,5000,23,/home/mathis/Documents/Travail/cbnsl_benchmark/scaling/../scaling/results/2026-04-02_10h34_sem_gaussian/graphs/golden__v10_a15_g23.json,/home/mathis/Documents/Travail/cbnsl_benchmark/scaling/../scaling/results/2026-04-02_10h34_sem_gaussian/graphs/NOTEARS Disc.__v10_a15_g23_s5000.json,,13.066241037013242,15.0,15.0,0.2857142857142857,0.9090909090909091,1.0,1.0
sem_gaussian,LiNGAM,"{""threshold_lingam"": 0.1}",10,15,5000,23,/home/mathis/Documents/Travail/cbnsl_benchmark/scaling/../scaling/results/2026-04-02_10h34_sem_gaussian/graphs/golden__v10_a15_g23.json,/home/mathis/Documents/Travail/cbnsl_benchmark/scaling/../scaling/results/2026-04-02_10h34_sem_gaussian/graphs/LiNGAM__v10_a15_g23_s5000.json,,0.5579676920024212,18.0,19.0,0.27586206896551724,0.7179487179487181,0.8,0.9333333333333333
sem_gaussian,CPC,"{""alpha"": 0.05, ""max_conditioning_set_size"": 3}",10,15,200,24,/home/mathis/Documents/Travail/cbnsl_benchmark/scaling/../scaling/results/2026-04-02_10h34_sem_gaussian/graphs/golden__v10_a15_g24.json,/home/mathis/Documents/Travail/cbnsl_benchmark/scaling/../scaling/results/2026-04-02_10h34_sem_gaussian/graphs/CPC__v10_a15_g24_s200.json,,0.040883441019104794,11.0,11.0,0.0,0.0,0.0,0.0
sem_gaussian,CMIIC,"{""alpha"": 0.05}",10,15,200,24,/home/mathis/Documents/Travail/cbnsl_benchmark/scaling/../scaling/results/2026-04-02_10h34_sem_gaussian/graphs/golden__v10_a15_g24.json,/home/mathis/Documents/Travail/cbnsl_benchmark/scaling/../scaling/results/2026-04-02_10h34_sem_gaussian/graphs/CMIIC__v10_a15_g24_s200.json,,0.11735960500664078,5.0,8.0,0.16666666666666669,0.9523809523809523,0.5,0.9090909090909091
sem_gaussian,MIIC,"{""n_bins"": 4, ""discretization_method"": ""quantile""}",10,15,200,24,/home/mathis/Documents/Travail/cbnsl_benchmark/scaling/../scaling/results/2026-04-02_10h34_sem_gaussian/graphs/golden__v10_a15_g24.json,/home/mathis/Documents/Travail/cbnsl_benchmark/scaling/../scaling/results/2026-04-02_10h34_sem_gaussian/graphs/MIIC__v10_a15_g24_s200.json,,0.020591837004758418,5.0,8.0,0.0,0.9523809523809523,0.0,0.9090909090909091
sem_gaussian,GHC+BDeu,"{""n_bins"": 4, ""discretization_method"": ""quantile""}",10,15,200,24,/home/mathis/Documents/Travail/cbnsl_benchmark/scaling/../scaling/results/2026-04-02_10h34_sem_gaussian/graphs/golden__v10_a15_g24.json,/home/mathis/Documents/Travail/cbnsl_benchmark/scaling/../scaling/results/2026-04-02_10h34_sem_gaussian/graphs/GHC+BDeu__v10_a15_g24_s200.json,,0.021703239995986223,8.0,9.0,0.0,0.7058823529411764,0.0,0.5454545454545454
sem_gaussian,NOTEARS,"{""lambda1"": 0.0, ""w_threshold_notears"": 0.3}",10,15,200,24,/home/mathis/Documents/Travail/cbnsl_benchmark/scaling/../scaling/results/2026-04-02_10h34_sem_gaussian/graphs/golden__v10_a15_g24.json,/home/mathis/Documents/Travail/cbnsl_benchmark/scaling/../scaling/results/2026-04-02_10h34_sem_gaussian/graphs/NOTEARS__v10_a15_g24_s200.json,,1.5057437099749222,0.0,0.0,0.7058823529411764,1.0,1.0,1.0
sem_gaussian,NOTEARS Disc.,"{""lambda1"": 0.1, ""w_threshold_notears"": 0.1, ""n_bins"": 4, ""discretization_method"": ""quantile""}",10,15,200,24,/home/mathis/Documents/Travail/cbnsl_benchmark/scaling/../scaling/results/2026-04-02_10h34_sem_gaussian/graphs/golden__v10_a15_g24.json,/home/mathis/Documents/Travail/cbnsl_benchmark/scaling/../scaling/results/2026-04-02_10h34_sem_gaussian/graphs/NOTEARS Disc.__v10_a15_g24_s200.json,,1.5382898380048573,0.0,0.0,0.7058823529411764,1.0,1.0,1.0
sem_gaussian,LiNGAM,"{""threshold_lingam"": 0.1}",10,15,200,24,/home/mathis/Documents/Travail/cbnsl_benchmark/scaling/../scaling/results/2026-04-02_10h34_sem_gaussian/graphs/golden__v10_a15_g24.json,/home/mathis/Documents/Travail/cbnsl_benchmark/scaling/../scaling/results/2026-04-02_10h34_sem_gaussian/graphs/LiNGAM__v10_a15_g24_s200.json,,0.28147241100668907,19.0,18.0,0.33333333333333337,0.7096774193548387,1.0,1.0
sem_gaussian,CPC,"{""alpha"": 0.05, ""max_conditioning_set_size"": 3}",10,15,500,24,/home/mathis/Documents/Travail/cbnsl_benchmark/scaling/../scaling/results/2026-04-02_10h34_sem_gaussian/graphs/golden__v10_a15_g24.json,/home/mathis/Documents/Travail/cbnsl_benchmark/scaling/../scaling/results/2026-04-02_10h34_sem_gaussian/graphs/CPC__v10_a15_g24_s500.json,,0.32130448101088405,8.0,9.0,0.16666666666666666,0.7058823529411764,0.16666666666666666,0.5454545454545454
sem_gaussian,CMIIC,"{""alpha"": 0.05}",10,15,500,24,/home/mathis/Documents/Travail/cbnsl_benchmark/scaling/../scaling/results/2026-04-02_10h34_sem_gaussian/graphs/golden__v10_a15_g24.json,/home/mathis/Documents/Travail/cbnsl_benchmark/scaling/../scaling/results/2026-04-02_10h34_sem_gaussian/graphs/CMIIC__v10_a15_g24_s500.json,,0.5444408100156579,3.0,0.0,0.7058823529411764,1.0,1.0,1.0
sem_gaussian,MIIC,"{""n_bins"": 4, ""discretization_method"": ""quantile""}",10,15,500,24,/home/mathis/Documents/Travail/cbnsl_benchmark/scaling/../scaling/results/2026-04-02_10h34_sem_gaussian/graphs/golden__v10_a15_g24.json,/home/mathis/Documents/Travail/cbnsl_benchmark/scaling/../scaling/results/2026-04-02_10h34_sem_gaussian/graphs/MIIC__v10_a15_g24_s500.json,,0.039198473998112604,4.0,0.0,0.0,1.0,0.0,1.0
sem_gaussian,GHC+BDeu,"{""n_bins"": 4, ""discretization_method"": ""quantile""}",10,15,500,24,/home/mathis/Documents/Travail/cbnsl_benchmark/scaling/../scaling/results/2026-04-02_10h34_sem_gaussian/graphs/golden__v10_a15_g24.json,/home/mathis/Documents/Travail/cbnsl_benchmark/scaling/../scaling/results/2026-04-02_10h34_sem_gaussian/graphs/GHC+BDeu__v10_a15_g24_s500.json,,0.04262574200402014,7.0,9.0,0.0,0.9,0.0,0.8181818181818182
sem_gaussian,NOTEARS,"{""lambda1"": 0.0, ""w_threshold_notears"": 0.3}",10,15,500,24,/home/mathis/Documents/Travail/cbnsl_benchmark/scaling/../scaling/results/2026-04-02_10h34_sem_gaussian/graphs/golden__v10_a15_g24.json,/home/mathis/Documents/Travail/cbnsl_benchmark/scaling/../scaling/results/2026-04-02_10h34_sem_gaussian/graphs/NOTEARS__v10_a15_g24_s500.json,,6.554038386995671,3.0,0.0,0.7058823529411764,1.0,1.0,1.0
sem_gaussian,NOTEARS Disc.,"{""lambda1"": 0.1, ""w_threshold_notears"": 0.1, ""n_bins"": 4, ""discretization_method"": ""quantile""}",10,15,500,24,/home/mathis/Documents/Travail/cbnsl_benchmark/scaling/../scaling/results/2026-04-02_10h34_sem_gaussian/graphs/golden__v10_a15_g24.json,/home/mathis/Documents/Travail/cbnsl_benchmark/scaling/../scaling/results/2026-04-02_10h34_sem_gaussian/graphs/NOTEARS Disc.__v10_a15_g24_s500.json,,6.818647994019557,3.0,0.0,0.7058823529411764,1.0,1.0,1.0
sem_gaussian,LiNGAM,"{""threshold_lingam"": 0.1}",10,15,500,24,/home/mathis/Documents/Travail/cbnsl_benchmark/scaling/../scaling/results/2026-04-02_10h34_sem_gaussian/graphs/golden__v10_a15_g24.json,/home/mathis/Documents/Travail/cbnsl_benchmark/scaling/../scaling/results/2026-04-02_10h34_sem_gaussian/graphs/LiNGAM__v10_a15_g24_s500.json,,0.29742731602163985,15.0,17.0,0.2857142857142857,0.7586206896551725,1.0,1.0
sem_gaussian,CPC,"{""alpha"": 0.05, ""max_conditioning_set_size"": 3}",10,15,1000,24,/home/mathis/Documents/Travail/cbnsl_benchmark/scaling/../scaling/results/2026-04-02_10h34_sem_gaussian/graphs/golden__v10_a15_g24.json,/home/mathis/Documents/Travail/cbnsl_benchmark/scaling/../scaling/results/2026-04-02_10h34_sem_gaussian/graphs/CPC__v10_a15_g24_s1000.json,,1.2061165279883426,8.0,6.0,0.5333333333333333,0.9523809523809523,0.8,0.9090909090909091
sem_gaussian,CMIIC,"{""alpha"": 0.05}",10,15,1000,24,/home/mathis/Documents/Travail/cbnsl_benchmark/scaling/../scaling/results/2026-04-02_10h34_sem_gaussian/graphs/golden__v10_a15_g24.json,/home/mathis/Documents/Travail/cbnsl_benchmark/scaling/../scaling/results/2026-04-02_10h34_sem_gaussian/graphs/CMIIC__v10_a15_g24_s1000.json,,1.6940359610016458,3.0,0.0,0.7058823529411764,1.0,1.0,1.0
sem_gaussian,MIIC,"{""n_bins"": 4, ""discretization_method"": ""quantile""}",10,15,1000,24,/home/mathis/Documents/Travail/cbnsl_benchmark/scaling/../scaling/results/2026-04-02_10h34_sem_gaussian/graphs/golden__v10_a15_g24.json,/home/mathis/Documents/Travail/cbnsl_benchmark/scaling/../scaling/results/2026-04-02_10h34_sem_gaussian/graphs/MIIC__v10_a15_g24_s1000.json,,0.07015684302314185,4.0,0.0,0.0,1.0,0.0,1.0
sem_gaussian,GHC+BDeu,"{""n_bins"": 4, ""discretization_method"": ""quantile""}",10,15,1000,24,/home/mathis/Documents/Travail/cbnsl_benchmark/scaling/../scaling/results/2026-04-02_10h34_sem_gaussian/graphs/golden__v10_a15_g24.json,/home/mathis/Documents/Travail/cbnsl_benchmark/scaling/../scaling/results/2026-04-02_10h34_sem_gaussian/graphs/GHC+BDeu__v10_a15_g24_s1000.json,,0.07295114701264538,7.0,9.0,0.0,0.8421052631578948,0.0,0.7272727272727273
sem_gaussian,NOTEARS,"{""lambda1"": 0.0, ""w_threshold_notears"": 0.3}",10,15,1000,24,/home/mathis/Documents/Travail/cbnsl_benchmark/scaling/../scaling/results/2026-04-02_10h34_sem_gaussian/graphs/golden__v10_a15_g24.json,/home/mathis/Documents/Travail/cbnsl_benchmark/scaling/../scaling/results/2026-04-02_10h34_sem_gaussian/graphs/NOTEARS__v10_a15_g24_s1000.json,,2.969971209007781,3.0,0.0,0.7058823529411764,1.0,1.0,1.0
sem_gaussian,NOTEARS Disc.,"{""lambda1"": 0.1, ""w_threshold_notears"": 0.1, ""n_bins"": 4, ""discretization_method"": ""quantile""}",10,15,1000,24,/home/mathis/Documents/Travail/cbnsl_benchmark/scaling/../scaling/results/2026-04-02_10h34_sem_gaussian/graphs/golden__v10_a15_g24.json,/home/mathis/Documents/Travail/cbnsl_benchmark/scaling/../scaling/results/2026-04-02_10h34_sem_gaussian/graphs/NOTEARS Disc.__v10_a15_g24_s1000.json,,4.305898585997056,0.0,0.0,0.7058823529411764,1.0,1.0,1.0
sem_gaussian,LiNGAM,"{""threshold_lingam"": 0.1}",10,15,1000,24,/home/mathis/Documents/Travail/cbnsl_benchmark/scaling/../scaling/results/2026-04-02_10h34_sem_gaussian/graphs/golden__v10_a15_g24.json,/home/mathis/Documents/Travail/cbnsl_benchmark/scaling/../scaling/results/2026-04-02_10h34_sem_gaussian/graphs/LiNGAM__v10_a15_g24_s1000.json,,0.39659196700085886,13.0,15.0,0.3157894736842105,0.8148148148148148,1.0,1.0
sem_gaussian,CPC,"{""alpha"": 0.05, ""max_conditioning_set_size"": 3}",10,15,3000,24,/home/mathis/Documents/Travail/cbnsl_benchmark/scaling/../scaling/results/2026-04-02_10h34_sem_gaussian/graphs/golden__v10_a15_g24.json,/home/mathis/Documents/Travail/cbnsl_benchmark/scaling/../scaling/results/2026-04-02_10h34_sem_gaussian/graphs/CPC__v10_a15_g24_s3000.json,,10.72809349099407,5.0,9.0,0.625,1.0,1.0,1.0
sem_gaussian,CMIIC,"{""alpha"": 0.05}",10,15,3000,24,/home/mathis/Documents/Travail/cbnsl_benchmark/scaling/../scaling/results/2026-04-02_10h34_sem_gaussian/graphs/golden__v10_a15_g24.json,/home/mathis/Documents/Travail/cbnsl_benchmark/scaling/../scaling/results/2026-04-02_10h34_sem_gaussian/graphs/CMIIC__v10_a15_g24_s3000.json,,8.986592945002485,3.0,0.0,0.7058823529411764,1.0,1.0,1.0
sem_gaussian,MIIC,"{""n_bins"": 4, ""discretization_method"": ""quantile""}",10,15,3000,24,/home/mathis/Documents/Travail/cbnsl_benchmark/scaling/../scaling/results/2026-04-02_10h34_sem_gaussian/graphs/golden__v10_a15_g24.json,/home/mathis/Documents/Travail/cbnsl_benchmark/scaling/../scaling/results/2026-04-02_10h34_sem_gaussian/graphs/MIIC__v10_a15_g24_s3000.json,,0.18002507099299692,4.0,9.0,0.5333333333333333,1.0,1.0,1.0
sem_gaussian,GHC+BDeu,"{""n_bins"": 4, ""discretization_method"": ""quantile""}",10,15,3000,24,/home/mathis/Documents/Travail/cbnsl_benchmark/scaling/../scaling/results/2026-04-02_10h34_sem_gaussian/graphs/golden__v10_a15_g24.json,/home/mathis/Documents/Travail/cbnsl_benchmark/scaling/../scaling/results/2026-04-02_10h34_sem_gaussian/graphs/GHC+BDeu__v10_a15_g24_s3000.json,,0.1369526019843761,10.0,5.0,0.15384615384615385,0.9090909090909091,0.5,0.9090909090909091
sem_gaussian,NOTEARS,"{""lambda1"": 0.0, ""w_threshold_notears"": 0.3}",10,15,3000,24,/home/mathis/Documents/Travail/cbnsl_benchmark/scaling/../scaling/results/2026-04-02_10h34_sem_gaussian/graphs/golden__v10_a15_g24.json,/home/mathis/Documents/Travail/cbnsl_benchmark/scaling/../scaling/results/2026-04-02_10h34_sem_gaussian/graphs/NOTEARS__v10_a15_g24_s3000.json,,4.629967366985511,3.0,0.0,0.7058823529411764,1.0,1.0,1.0
sem_gaussian,NOTEARS Disc.,"{""lambda1"": 0.1, ""w_threshold_notears"": 0.1, ""n_bins"": 4, ""discretization_method"": ""quantile""}",10,15,3000,24,/home/mathis/Documents/Travail/cbnsl_benchmark/scaling/../scaling/results/2026-04-02_10h34_sem_gaussian/graphs/golden__v10_a15_g24.json,/home/mathis/Documents/Travail/cbnsl_benchmark/scaling/../scaling/results/2026-04-02_10h34_sem_gaussian/graphs/NOTEARS Disc.__v10_a15_g24_s3000.json,,3.302022132993443,0.0,0.0,0.7058823529411764,1.0,1.0,1.0
sem_gaussian,LiNGAM,"{""threshold_lingam"": 0.1}",10,15,3000,24,/home/mathis/Documents/Travail/cbnsl_benchmark/scaling/../scaling/results/2026-04-02_10h34_sem_gaussian/graphs/golden__v10_a15_g24.json,/home/mathis/Documents/Travail/cbnsl_benchmark/scaling/../scaling/results/2026-04-02_10h34_sem_gaussian/graphs/LiNGAM__v10_a15_g24_s3000.json,,0.42703405101201497,17.0,16.0,0.18181818181818182,0.7096774193548387,1.0,1.0
sem_gaussian,CPC,"{""alpha"": 0.05, ""max_conditioning_set_size"": 3}",10,15,5000,24,/home/mathis/Documents/Travail/cbnsl_benchmark/scaling/../scaling/results/2026-04-02_10h34_sem_gaussian/graphs/golden__v10_a15_g24.json,/home/mathis/Documents/Travail/cbnsl_benchmark/scaling/../scaling/results/2026-04-02_10h34_sem_gaussian/graphs/CPC__v10_a15_g24_s5000.json,,31.135785412974656,7.0,0.0,0.3076923076923077,1.0,1.0,1.0
sem_gaussian,CMIIC,"{""alpha"": 0.05}",10,15,5000,24,/home/mathis/Documents/Travail/cbnsl_benchmark/scaling/../scaling/results/2026-04-02_10h34_sem_gaussian/graphs/golden__v10_a15_g24.json,/home/mathis/Documents/Travail/cbnsl_benchmark/scaling/../scaling/results/2026-04-02_10h34_sem_gaussian/graphs/CMIIC__v10_a15_g24_s5000.json,,28.392980441014515,3.0,0.0,0.7058823529411764,1.0,1.0,1.0
sem_gaussian,MIIC,"{""n_bins"": 4, ""discretization_method"": ""quantile""}",10,15,5000,24,/home/mathis/Documents/Travail/cbnsl_benchmark/scaling/../scaling/results/2026-04-02_10h34_sem_gaussian/graphs/golden__v10_a15_g24.json,/home/mathis/Documents/Travail/cbnsl_benchmark/scaling/../scaling/results/2026-04-02_10h34_sem_gaussian/graphs/MIIC__v10_a15_g24_s5000.json,,0.3308837650110945,4.0,9.0,0.5333333333333333,1.0,1.0,1.0
sem_gaussian,GHC+BDeu,"{""n_bins"": 4, ""discretization_method"": ""quantile""}",10,15,5000,24,/home/mathis/Documents/Travail/cbnsl_benchmark/scaling/../scaling/results/2026-04-02_10h34_sem_gaussian/graphs/golden__v10_a15_g24.json,/home/mathis/Documents/Travail/cbnsl_benchmark/scaling/../scaling/results/2026-04-02_10h34_sem_gaussian/graphs/GHC+BDeu__v10_a15_g24_s5000.json,,0.2436640709929634,11.0,12.0,0.14285714285714285,0.8695652173913043,0.5,0.9090909090909091
sem_gaussian,NOTEARS,"{""lambda1"": 0.0, ""w_threshold_notears"": 0.3}",10,15,5000,24,/home/mathis/Documents/Travail/cbnsl_benchmark/scaling/../scaling/results/2026-04-02_10h34_sem_gaussian/graphs/golden__v10_a15_g24.json,/home/mathis/Documents/Travail/cbnsl_benchmark/scaling/../scaling/results/2026-04-02_10h34_sem_gaussian/graphs/NOTEARS__v10_a15_g24_s5000.json,,5.705998849996831,3.0,0.0,0.7058823529411764,1.0,1.0,1.0
sem_gaussian,NOTEARS Disc.,"{""lambda1"": 0.1, ""w_threshold_notears"": 0.1, ""n_bins"": 4, ""discretization_method"": ""quantile""}",10,15,5000,24,/home/mathis/Documents/Travail/cbnsl_benchmark/scaling/../scaling/results/2026-04-02_10h34_sem_gaussian/graphs/golden__v10_a15_g24.json,/home/mathis/Documents/Travail/cbnsl_benchmark/scaling/../scaling/results/2026-04-02_10h34_sem_gaussian/graphs/NOTEARS Disc.__v10_a15_g24_s5000.json,,4.892322421015706,0.0,0.0,0.7058823529411764,1.0,1.0,1.0
sem_gaussian,LiNGAM,"{""threshold_lingam"": 0.1}",10,15,5000,24,/home/mathis/Documents/Travail/cbnsl_benchmark/scaling/../scaling/results/2026-04-02_10h34_sem_gaussian/graphs/golden__v10_a15_g24.json,/home/mathis/Documents/Travail/cbnsl_benchmark/scaling/../scaling/results/2026-04-02_10h34_sem_gaussian/graphs/LiNGAM__v10_a15_g24_s5000.json,,0.6031726170040201,4.0,12.0,0.5263157894736842,0.88,1.0,1.0
sem_gaussian,CPC,"{""alpha"": 0.05, ""max_conditioning_set_size"": 3}",10,15,200,25,/home/mathis/Documents/Travail/cbnsl_benchmark/scaling/../scaling/results/2026-04-02_10h34_sem_gaussian/graphs/golden__v10_a15_g25.json,/home/mathis/Documents/Travail/cbnsl_benchmark/scaling/../scaling/results/2026-04-02_10h34_sem_gaussian/graphs/CPC__v10_a15_g25_s200.json,,0.029157038021367043,14.0,13.0,0.0,0.23529411764705882,0.0,0.13333333333333333
sem_gaussian,CMIIC,"{""alpha"": 0.05}",10,15,200,25,/home/mathis/Documents/Travail/cbnsl_benchmark/scaling/../scaling/results/2026-04-02_10h34_sem_gaussian/graphs/golden__v10_a15_g25.json,/home/mathis/Documents/Travail/cbnsl_benchmark/scaling/../scaling/results/2026-04-02_10h34_sem_gaussian/graphs/CMIIC__v10_a15_g25_s200.json,,0.10753808199660853,10.0,11.0,0.125,0.7499999999999999,0.14285714285714285,0.6
sem_gaussian,MIIC,"{""n_bins"": 4, ""discretization_method"": ""quantile""}",10,15,200,25,/home/mathis/Documents/Travail/cbnsl_benchmark/scaling/../scaling/results/2026-04-02_10h34_sem_gaussian/graphs/golden__v10_a15_g25.json,/home/mathis/Documents/Travail/cbnsl_benchmark/scaling/../scaling/results/2026-04-02_10h34_sem_gaussian/graphs/MIIC__v10_a15_g25_s200.json,,0.020275249000405893,11.0,12.0,0.0,0.5714285714285715,0.0,0.4
sem_gaussian,GHC+BDeu,"{""n_bins"": 4, ""discretization_method"": ""quantile""}",10,15,200,25,/home/mathis/Documents/Travail/cbnsl_benchmark/scaling/../scaling/results/2026-04-02_10h34_sem_gaussian/graphs/golden__v10_a15_g25.json,/home/mathis/Documents/Travail/cbnsl_benchmark/scaling/../scaling/results/2026-04-02_10h34_sem_gaussian/graphs/GHC+BDeu__v10_a15_g25_s200.json,,0.020026673009851947,11.0,12.0,0.0,0.5714285714285715,0.0,0.4
sem_gaussian,NOTEARS,"{""lambda1"": 0.0, ""w_threshold_notears"": 0.3}",10,15,200,25,/home/mathis/Documents/Travail/cbnsl_benchmark/scaling/../scaling/results/2026-04-02_10h34_sem_gaussian/graphs/golden__v10_a15_g25.json,/home/mathis/Documents/Travail/cbnsl_benchmark/scaling/../scaling/results/2026-04-02_10h34_sem_gaussian/graphs/NOTEARS__v10_a15_g25_s200.json,,0.8804815299808979,7.0,3.0,0.75,0.9655172413793104,0.9,0.9333333333333333
sem_gaussian,NOTEARS Disc.,"{""lambda1"": 0.1, ""w_threshold_notears"": 0.1, ""n_bins"": 4, ""discretization_method"": ""quantile""}",10,15,200,25,/home/mathis/Documents/Travail/cbnsl_benchmark/scaling/../scaling/results/2026-04-02_10h34_sem_gaussian/graphs/golden__v10_a15_g25.json,/home/mathis/Documents/Travail/cbnsl_benchmark/scaling/../scaling/results/2026-04-02_10h34_sem_gaussian/graphs/NOTEARS Disc.__v10_a15_g25_s200.json,,1.0543780050065834,9.0,6.0,0.0,0.9285714285714286,0.0,0.8666666666666667
sem_gaussian,LiNGAM,"{""threshold_lingam"": 0.1}",10,15,200,25,/home/mathis/Documents/Travail/cbnsl_benchmark/scaling/../scaling/results/2026-04-02_10h34_sem_gaussian/graphs/golden__v10_a15_g25.json,/home/mathis/Documents/Travail/cbnsl_benchmark/scaling/../scaling/results/2026-04-02_10h34_sem_gaussian/graphs/LiNGAM__v10_a15_g25_s200.json,,0.22615002800012007,17.0,12.0,0.46153846153846156,0.8235294117647058,0.8571428571428571,0.9333333333333333
sem_gaussian,CPC,"{""alpha"": 0.05, ""max_conditioning_set_size"": 3}",10,15,500,25,/home/mathis/Documents/Travail/cbnsl_benchmark/scaling/../scaling/results/2026-04-02_10h34_sem_gaussian/graphs/golden__v10_a15_g25.json,/home/mathis/Documents/Travail/cbnsl_benchmark/scaling/../scaling/results/2026-04-02_10h34_sem_gaussian/graphs/CPC__v10_a15_g25_s500.json,,0.16746451298240572,13.0,12.0,0.23529411764705882,0.4210526315789474,0.15384615384615385,0.26666666666666666
sem_gaussian,CMIIC,"{""alpha"": 0.05}",10,15,500,25,/home/mathis/Documents/Travail/cbnsl_benchmark/scaling/../scaling/results/2026-04-02_10h34_sem_gaussian/graphs/golden__v10_a15_g25.json,/home/mathis/Documents/Travail/cbnsl_benchmark/scaling/../scaling/results/2026-04-02_10h34_sem_gaussian/graphs/CMIIC__v10_a15_g25_s500.json,,0.3051794999919366,11.0,9.0,0.0,0.7499999999999999,0.0,0.6
sem_gaussian,MIIC,"{""n_bins"": 4, ""discretization_method"": ""quantile""}",10,15,500,25,/home/mathis/Documents/Travail/cbnsl_benchmark/scaling/../scaling/results/2026-04-02_10h34_sem_gaussian/graphs/golden__v10_a15_g25.json,/home/mathis/Documents/Travail/cbnsl_benchmark/scaling/../scaling/results/2026-04-02_10h34_sem_gaussian/graphs/MIIC__v10_a15_g25_s500.json,,0.0338379780005198,11.0,10.0,0.0,0.6956521739130436,0.0,0.5333333333333333
sem_gaussian,GHC+BDeu,"{""n_bins"": 4, ""discretization_method"": ""quantile""}",10,15,500,25,/home/mathis/Documents/Travail/cbnsl_benchmark/scaling/../scaling/results/2026-04-02_10h34_sem_gaussian/graphs/golden__v10_a15_g25.json,/home/mathis/Documents/Travail/cbnsl_benchmark/scaling/../scaling/results/2026-04-02_10h34_sem_gaussian/graphs/GHC+BDeu__v10_a15_g25_s500.json,,0.03384975402150303,13.0,12.0,0.0,0.5454545454545455,0.0,0.4
sem_gaussian,NOTEARS,"{""lambda1"": 0.0, ""w_threshold_notears"": 0.3}",10,15,500,25,/home/mathis/Documents/Travail/cbnsl_benchmark/scaling/../scaling/results/2026-04-02_10h34_sem_gaussian/graphs/golden__v10_a15_g25.json,/home/mathis/Documents/Travail/cbnsl_benchmark/scaling/../scaling/results/2026-04-02_10h34_sem_gaussian/graphs/NOTEARS__v10_a15_g25_s500.json,,1.7986698540044017,4.0,2.0,0.6363636363636364,1.0,1.0,1.0
sem_gaussian,NOTEARS Disc.,"{""lambda1"": 0.1, ""w_threshold_notears"": 0.1, ""n_bins"": 4, ""discretization_method"": ""quantile""}",10,15,500,25,/home/mathis/Documents/Travail/cbnsl_benchmark/scaling/../scaling/results/2026-04-02_10h34_sem_gaussian/graphs/golden__v10_a15_g25.json,/home/mathis/Documents/Travail/cbnsl_benchmark/scaling/../scaling/results/2026-04-02_10h34_sem_gaussian/graphs/NOTEARS Disc.__v10_a15_g25_s500.json,,1.6281667090079281,4.0,6.0,0.5,0.9285714285714286,0.7142857142857143,0.8666666666666667
sem_gaussian,LiNGAM,"{""threshold_lingam"": 0.1}",10,15,500,25,/home/mathis/Documents/Travail/cbnsl_benchmark/scaling/../scaling/results/2026-04-02_10h34_sem_gaussian/graphs/golden__v10_a15_g25.json,/home/mathis/Documents/Travail/cbnsl_benchmark/scaling/../scaling/results/2026-04-02_10h34_sem_gaussian/graphs/LiNGAM__v10_a15_g25_s500.json,,0.26047009401372634,15.0,11.0,0.4,0.8571428571428571,1.0,1.0
sem_gaussian,CPC,"{""alpha"": 0.05, ""max_conditioning_set_size"": 3}",10,15,1000,25,/home/mathis/Documents/Travail/cbnsl_benchmark/scaling/../scaling/results/2026-04-02_10h34_sem_gaussian/graphs/golden__v10_a15_g25.json,/home/mathis/Documents/Travail/cbnsl_benchmark/scaling/../scaling/results/2026-04-02_10h34_sem_gaussian/graphs/CPC__v10_a15_g25_s1000.json,,0.7881243749870919,13.0,11.0,0.23529411764705882,0.6363636363636364,0.2,0.4666666666666667
sem_gaussian,CMIIC,"{""alpha"": 0.05}",10,15,1000,25,/home/mathis/Documents/Travail/cbnsl_benchmark/scaling/../scaling/results/2026-04-02_10h34_sem_gaussian/graphs/golden__v10_a15_g25.json,/home/mathis/Documents/Travail/cbnsl_benchmark/scaling/../scaling/results/2026-04-02_10h34_sem_gaussian/graphs/CMIIC__v10_a15_g25_s1000.json,,1.0974357869999949,11.0,9.0,0.0,0.7499999999999999,0.0,0.6
sem_gaussian,MIIC,"{""n_bins"": 4, ""discretization_method"": ""quantile""}",10,15,1000,25,/home/mathis/Documents/Travail/cbnsl_benchmark/scaling/../scaling/results/2026-04-02_10h34_sem_gaussian/graphs/golden__v10_a15_g25.json,/home/mathis/Documents/Travail/cbnsl_benchmark/scaling/../scaling/results/2026-04-02_10h34_sem_gaussian/graphs/MIIC__v10_a15_g25_s1000.json,,0.0580790140083991,11.0,9.0,0.0,0.7499999999999999,0.0,0.6
sem_gaussian,GHC+BDeu,"{""n_bins"": 4, ""discretization_method"": ""quantile""}",10,15,1000,25,/home/mathis/Documents/Travail/cbnsl_benchmark/scaling/../scaling/results/2026-04-02_10h34_sem_gaussian/graphs/golden__v10_a15_g25.json,/home/mathis/Documents/Travail/cbnsl_benchmark/scaling/../scaling/results/2026-04-02_10h34_sem_gaussian/graphs/GHC+BDeu__v10_a15_g25_s1000.json,,0.054595455003436655,13.0,11.0,0.0,0.608695652173913,0.0,0.4666666666666667
sem_gaussian,NOTEARS,"{""lambda1"": 0.0, ""w_threshold_notears"": 0.3}",10,15,1000,25,/home/mathis/Documents/Travail/cbnsl_benchmark/scaling/../scaling/results/2026-04-02_10h34_sem_gaussian/graphs/golden__v10_a15_g25.json,/home/mathis/Documents/Travail/cbnsl_benchmark/scaling/../scaling/results/2026-04-02_10h34_sem_gaussian/graphs/NOTEARS__v10_a15_g25_s1000.json,,1.617129490012303,6.0,0.0,0.8,1.0,1.0,1.0
sem_gaussian,NOTEARS Disc.,"{""lambda1"": 0.1, ""w_threshold_notears"": 0.1, ""n_bins"": 4, ""discretization_method"": ""quantile""}",10,15,1000,25,/home/mathis/Documents/Travail/cbnsl_benchmark/scaling/../scaling/results/2026-04-02_10h34_sem_gaussian/graphs/golden__v10_a15_g25.json,/home/mathis/Documents/Travail/cbnsl_benchmark/scaling/../scaling/results/2026-04-02_10h34_sem_gaussian/graphs/NOTEARS Disc.__v10_a15_g25_s1000.json,,1.6924063930055127,4.0,6.0,0.5,0.9285714285714286,0.7142857142857143,0.8666666666666667
sem_gaussian,LiNGAM,"{""threshold_lingam"": 0.1}",10,15,1000,25,/home/mathis/Documents/Travail/cbnsl_benchmark/scaling/../scaling/results/2026-04-02_10h34_sem_gaussian/graphs/golden__v10_a15_g25.json,/home/mathis/Documents/Travail/cbnsl_benchmark/scaling/../scaling/results/2026-04-02_10h34_sem_gaussian/graphs/LiNGAM__v10_a15_g25_s1000.json,,0.3049118199851364,14.0,14.0,0.4137931034482759,0.7222222222222222,0.75,0.8666666666666667
sem_gaussian,CPC,"{""alpha"": 0.05, ""max_conditioning_set_size"": 3}",10,15,3000,25,/home/mathis/Documents/Travail/cbnsl_benchmark/scaling/../scaling/results/2026-04-02_10h34_sem_gaussian/graphs/golden__v10_a15_g25.json,/home/mathis/Documents/Travail/cbnsl_benchmark/scaling/../scaling/results/2026-04-02_10h34_sem_gaussian/graphs/CPC__v10_a15_g25_s3000.json,,9.01437592098955,9.0,9.0,0.23529411764705882,0.7499999999999999,0.25,0.6
sem_gaussian,CMIIC,"{""alpha"": 0.05}",10,15,3000,25,/home/mathis/Documents/Travail/cbnsl_benchmark/scaling/../scaling/results/2026-04-02_10h34_sem_gaussian/graphs/golden__v10_a15_g25.json,/home/mathis/Documents/Travail/cbnsl_benchmark/scaling/../scaling/results/2026-04-02_10h34_sem_gaussian/graphs/CMIIC__v10_a15_g25_s3000.json,,8.931497767014662,10.0,9.0,0.125,0.7499999999999999,0.14285714285714285,0.6
sem_gaussian,MIIC,"{""n_bins"": 4, ""discretization_method"": ""quantile""}",10,15,3000,25,/home/mathis/Documents/Travail/cbnsl_benchmark/scaling/../scaling/results/2026-04-02_10h34_sem_gaussian/graphs/golden__v10_a15_g25.json,/home/mathis/Documents/Travail/cbnsl_benchmark/scaling/../scaling/results/2026-04-02_10h34_sem_gaussian/graphs/MIIC__v10_a15_g25_s3000.json,,0.18958676399779506,10.0,10.0,0.125,0.8,0.16666666666666666,0.6666666666666666
sem_gaussian,GHC+BDeu,"{""n_bins"": 4, ""discretization_method"": ""quantile""}",10,15,3000,25,/home/mathis/Documents/Travail/cbnsl_benchmark/scaling/../scaling/results/2026-04-02_10h34_sem_gaussian/graphs/golden__v10_a15_g25.json,/home/mathis/Documents/Travail/cbnsl_benchmark/scaling/../scaling/results/2026-04-02_10h34_sem_gaussian/graphs/GHC+BDeu__v10_a15_g25_s3000.json,,0.13752641499741003,11.0,12.0,0.11764705882352942,0.7692307692307692,0.16666666666666666,0.6666666666666666
sem_gaussian,NOTEARS,"{""lambda1"": 0.0, ""w_threshold_notears"": 0.3}",10,15,3000,25,/home/mathis/Documents/Travail/cbnsl_benchmark/scaling/../scaling/results/2026-04-02_10h34_sem_gaussian/graphs/golden__v10_a15_g25.json,/home/mathis/Documents/Travail/cbnsl_benchmark/scaling/../scaling/results/2026-04-02_10h34_sem_gaussian/graphs/NOTEARS__v10_a15_g25_s3000.json,,3.179990485019516,6.0,0.0,0.8,1.0,1.0,1.0
sem_gaussian,NOTEARS Disc.,"{""lambda1"": 0.1, ""w_threshold_notears"": 0.1, ""n_bins"": 4, ""discretization_method"": ""quantile""}",10,15,3000,25,/home/mathis/Documents/Travail/cbnsl_benchmark/scaling/../scaling/results/2026-04-02_10h34_sem_gaussian/graphs/golden__v10_a15_g25.json,/home/mathis/Documents/Travail/cbnsl_benchmark/scaling/../scaling/results/2026-04-02_10h34_sem_gaussian/graphs/NOTEARS Disc.__v10_a15_g25_s3000.json,,3.856603581982199,9.0,6.0,0.0,0.9285714285714286,0.0,0.8666666666666667
sem_gaussian,LiNGAM,"{""threshold_lingam"": 0.1}",10,15,3000,25,/home/mathis/Documents/Travail/cbnsl_benchmark/scaling/../scaling/results/2026-04-02_10h34_sem_gaussian/graphs/golden__v10_a15_g25.json,/home/mathis/Documents/Travail/cbnsl_benchmark/scaling/../scaling/results/2026-04-02_10h34_sem_gaussian/graphs/LiNGAM__v10_a15_g25_s3000.json,,0.44923385200672783,20.0,12.0,0.32000000000000006,0.8,0.8,0.9333333333333333
sem_gaussian,CPC,"{""alpha"": 0.05, ""max_conditioning_set_size"": 3}",10,15,5000,25,/home/mathis/Documents/Travail/cbnsl_benchmark/scaling/../scaling/results/2026-04-02_10h34_sem_gaussian/graphs/golden__v10_a15_g25.json,/home/mathis/Documents/Travail/cbnsl_benchmark/scaling/../scaling/results/2026-04-02_10h34_sem_gaussian/graphs/CPC__v10_a15_g25_s5000.json,,26.949744003999513,14.0,7.0,0.4210526315789474,0.888888888888889,0.5714285714285714,0.8
sem_gaussian,CMIIC,"{""alpha"": 0.05}",10,15,5000,25,/home/mathis/Documents/Travail/cbnsl_benchmark/scaling/../scaling/results/2026-04-02_10h34_sem_gaussian/graphs/golden__v10_a15_g25.json,/home/mathis/Documents/Travail/cbnsl_benchmark/scaling/../scaling/results/2026-04-02_10h34_sem_gaussian/graphs/CMIIC__v10_a15_g25_s5000.json,,24.286580759013304,10.0,9.0,0.125,0.7499999999999999,0.14285714285714285,0.6
sem_gaussian,MIIC,"{""n_bins"": 4, ""discretization_method"": ""quantile""}",10,15,5000,25,/home/mathis/Documents/Travail/cbnsl_benchmark/scaling/../scaling/results/2026-04-02_10h34_sem_gaussian/graphs/golden__v10_a15_g25.json,/home/mathis/Documents/Travail/cbnsl_benchmark/scaling/../scaling/results/2026-04-02_10h34_sem_gaussian/graphs/MIIC__v10_a15_g25_s5000.json,,0.30870692199096084,13.0,11.0,0.33333333333333326,0.8,0.375,0.6666666666666666
sem_gaussian,GHC+BDeu,"{""n_bins"": 4, ""discretization_method"": ""quantile""}",10,15,5000,25,/home/mathis/Documents/Travail/cbnsl_benchmark/scaling/../scaling/results/2026-04-02_10h34_sem_gaussian/graphs/golden__v10_a15_g25.json,/home/mathis/Documents/Travail/cbnsl_benchmark/scaling/../scaling/results/2026-04-02_10h34_sem_gaussian/graphs/GHC+BDeu__v10_a15_g25_s5000.json,,0.22462572902441025,12.0,9.0,0.0,0.7692307692307692,0.0,0.6666666666666666
sem_gaussian,NOTEARS,"{""lambda1"": 0.0, ""w_threshold_notears"": 0.3}",10,15,5000,25,/home/mathis/Documents/Travail/cbnsl_benchmark/scaling/../scaling/results/2026-04-02_10h34_sem_gaussian/graphs/golden__v10_a15_g25.json,/home/mathis/Documents/Travail/cbnsl_benchmark/scaling/../scaling/results/2026-04-02_10h34_sem_gaussian/graphs/NOTEARS__v10_a15_g25_s5000.json,,4.688765942002647,6.0,0.0,0.8,1.0,1.0,1.0
sem_gaussian,NOTEARS Disc.,"{""lambda1"": 0.1, ""w_threshold_notears"": 0.1, ""n_bins"": 4, ""discretization_method"": ""quantile""}",10,15,5000,25,/home/mathis/Documents/Travail/cbnsl_benchmark/scaling/../scaling/results/2026-04-02_10h34_sem_gaussian/graphs/golden__v10_a15_g25.json,/home/mathis/Documents/Travail/cbnsl_benchmark/scaling/../scaling/results/2026-04-02_10h34_sem_gaussian/graphs/NOTEARS Disc.__v10_a15_g25_s5000.json,,7.683372290019179,9.0,6.0,0.0,0.9285714285714286,0.0,0.8666666666666667
sem_gaussian,LiNGAM,"{""threshold_lingam"": 0.1}",10,15,5000,25,/home/mathis/Documents/Travail/cbnsl_benchmark/scaling/../scaling/results/2026-04-02_10h34_sem_gaussian/graphs/golden__v10_a15_g25.json,/home/mathis/Documents/Travail/cbnsl_benchmark/scaling/../scaling/results/2026-04-02_10h34_sem_gaussian/graphs/LiNGAM__v10_a15_g25_s5000.json,,0.5880397320142947,21.0,11.0,0.41379310344827586,0.7567567567567568,0.8571428571428571,0.9333333333333333
sem_gaussian,CPC,"{""alpha"": 0.05, ""max_conditioning_set_size"": 3}",10,15,200,26,/home/mathis/Documents/Travail/cbnsl_benchmark/scaling/../scaling/results/2026-04-02_10h34_sem_gaussian/graphs/golden__v10_a15_g26.json,/home/mathis/Documents/Travail/cbnsl_benchmark/scaling/../scaling/results/2026-04-02_10h34_sem_gaussian/graphs/CPC__v10_a15_g26_s200.json,,0.030814162018941715,14.0,15.0,0.125,0.23529411764705882,0.07142857142857142,0.13333333333333333
sem_gaussian,CMIIC,"{""alpha"": 0.05}",10,15,200,26,/home/mathis/Documents/Travail/cbnsl_benchmark/scaling/../scaling/results/2026-04-02_10h34_sem_gaussian/graphs/golden__v10_a15_g26.json,/home/mathis/Documents/Travail/cbnsl_benchmark/scaling/../scaling/results/2026-04-02_10h34_sem_gaussian/graphs/CMIIC__v10_a15_g26_s200.json,,0.12705889501376078,11.0,15.0,0.23529411764705882,0.7499999999999999,0.25,0.6
sem_gaussian,MIIC,"{""n_bins"": 4, ""discretization_method"": ""quantile""}",10,15,200,26,/home/mathis/Documents/Travail/cbnsl_benchmark/scaling/../scaling/results/2026-04-02_10h34_sem_gaussian/graphs/golden__v10_a15_g26.json,/home/mathis/Documents/Travail/cbnsl_benchmark/scaling/../scaling/results/2026-04-02_10h34_sem_gaussian/graphs/MIIC__v10_a15_g26_s200.json,,0.020150608994299546,13.0,14.0,0.0,0.5714285714285715,0.0,0.4
sem_gaussian,GHC+BDeu,"{""n_bins"": 4, ""discretization_method"": ""quantile""}",10,15,200,26,/home/mathis/Documents/Travail/cbnsl_benchmark/scaling/../scaling/results/2026-04-02_10h34_sem_gaussian/graphs/golden__v10_a15_g26.json,/home/mathis/Documents/Travail/cbnsl_benchmark/scaling/../scaling/results/2026-04-02_10h34_sem_gaussian/graphs/GHC+BDeu__v10_a15_g26_s200.json,,0.021861968998564407,14.0,14.0,0.0,0.4210526315789474,0.0,0.26666666666666666
sem_gaussian,NOTEARS,"{""lambda1"": 0.0, ""w_threshold_notears"": 0.3}",10,15,200,26,/home/mathis/Documents/Travail/cbnsl_benchmark/scaling/../scaling/results/2026-04-02_10h34_sem_gaussian/graphs/golden__v10_a15_g26.json,/home/mathis/Documents/Travail/cbnsl_benchmark/scaling/../scaling/results/2026-04-02_10h34_sem_gaussian/graphs/NOTEARS__v10_a15_g26_s200.json,,0.8827935919980519,3.0,10.0,0.8148148148148148,0.9333333333333333,0.9166666666666666,0.9333333333333333
sem_gaussian,NOTEARS Disc.,"{""lambda1"": 0.1, ""w_threshold_notears"": 0.1, ""n_bins"": 4, ""discretization_method"": ""quantile""}",10,15,200,26,/home/mathis/Documents/Travail/cbnsl_benchmark/scaling/../scaling/results/2026-04-02_10h34_sem_gaussian/graphs/golden__v10_a15_g26.json,/home/mathis/Documents/Travail/cbnsl_benchmark/scaling/../scaling/results/2026-04-02_10h34_sem_gaussian/graphs/NOTEARS Disc.__v10_a15_g26_s200.json,,1.6122753330273554,10.0,12.0,0.5217391304347826,0.9375,1.0,1.0
sem_gaussian,LiNGAM,"{""threshold_lingam"": 0.1}",10,15,200,26,/home/mathis/Documents/Travail/cbnsl_benchmark/scaling/../scaling/results/2026-04-02_10h34_sem_gaussian/graphs/golden__v10_a15_g26.json,/home/mathis/Documents/Travail/cbnsl_benchmark/scaling/../scaling/results/2026-04-02_10h34_sem_gaussian/graphs/LiNGAM__v10_a15_g26_s200.json,,0.23409479201654904,19.0,18.0,0.375,0.7317073170731707,1.0,1.0
sem_gaussian,CPC,"{""alpha"": 0.05, ""max_conditioning_set_size"": 3}",10,15,500,26,/home/mathis/Documents/Travail/cbnsl_benchmark/scaling/../scaling/results/2026-04-02_10h34_sem_gaussian/graphs/golden__v10_a15_g26.json,/home/mathis/Documents/Travail/cbnsl_benchmark/scaling/../scaling/results/2026-04-02_10h34_sem_gaussian/graphs/CPC__v10_a15_g26_s500.json,,0.21587768700555898,14.0,14.0,0.0,0.33333333333333337,0.0,0.2
sem_gaussian,CMIIC,"{""alpha"": 0.05}",10,15,500,26,/home/mathis/Documents/Travail/cbnsl_benchmark/scaling/../scaling/results/2026-04-02_10h34_sem_gaussian/graphs/golden__v10_a15_g26.json,/home/mathis/Documents/Travail/cbnsl_benchmark/scaling/../scaling/results/2026-04-02_10h34_sem_gaussian/graphs/CMIIC__v10_a15_g26_s500.json,,0.4126832629845012,11.0,15.0,0.23529411764705882,0.7499999999999999,0.25,0.6
sem_gaussian,MIIC,"{""n_bins"": 4, ""discretization_method"": ""quantile""}",10,15,500,26,/home/mathis/Documents/Travail/cbnsl_benchmark/scaling/../scaling/results/2026-04-02_10h34_sem_gaussian/graphs/golden__v10_a15_g26.json,/home/mathis/Documents/Travail/cbnsl_benchmark/scaling/../scaling/results/2026-04-02_10h34_sem_gaussian/graphs/MIIC__v10_a15_g26_s500.json,,0.03403145799529739,11.0,12.0,0.0,0.7499999999999999,0.0,0.6
sem_gaussian,GHC+BDeu,"{""n_bins"": 4, ""discretization_method"": ""quantile""}",10,15,500,26,/home/mathis/Documents/Travail/cbnsl_benchmark/scaling/../scaling/results/2026-04-02_10h34_sem_gaussian/graphs/golden__v10_a15_g26.json,/home/mathis/Documents/Travail/cbnsl_benchmark/scaling/../scaling/results/2026-04-02_10h34_sem_gaussian/graphs/GHC+BDeu__v10_a15_g26_s500.json,,0.03300826100166887,13.0,14.0,0.0,0.6956521739130436,0.0,0.5333333333333333
sem_gaussian,NOTEARS,"{""lambda1"": 0.0, ""w_threshold_notears"": 0.3}",10,15,500,26,/home/mathis/Documents/Travail/cbnsl_benchmark/scaling/../scaling/results/2026-04-02_10h34_sem_gaussian/graphs/golden__v10_a15_g26.json,/home/mathis/Documents/Travail/cbnsl_benchmark/scaling/../scaling/results/2026-04-02_10h34_sem_gaussian/graphs/NOTEARS__v10_a15_g26_s500.json,,1.112018846994033,1.0,0.0,0.888888888888889,1.0,1.0,1.0
sem_gaussian,NOTEARS Disc.,"{""lambda1"": 0.1, ""w_threshold_notears"": 0.1, ""n_bins"": 4, ""discretization_method"": ""quantile""}",10,15,500,26,/home/mathis/Documents/Travail/cbnsl_benchmark/scaling/../scaling/results/2026-04-02_10h34_sem_gaussian/graphs/golden__v10_a15_g26.json,/home/mathis/Documents/Travail/cbnsl_benchmark/scaling/../scaling/results/2026-04-02_10h34_sem_gaussian/graphs/NOTEARS Disc.__v10_a15_g26_s500.json,,1.3706383050011937,9.0,12.0,0.6666666666666666,0.9090909090909091,1.0,1.0
sem_gaussian,LiNGAM,"{""threshold_lingam"": 0.1}",10,15,500,26,/home/mathis/Documents/Travail/cbnsl_benchmark/scaling/../scaling/results/2026-04-02_10h34_sem_gaussian/graphs/golden__v10_a15_g26.json,/home/mathis/Documents/Travail/cbnsl_benchmark/scaling/../scaling/results/2026-04-02_10h34_sem_gaussian/graphs/LiNGAM__v10_a15_g26_s500.json,,0.2863883399986662,23.0,23.0,0.3125,0.7142857142857143,1.0,1.0
sem_gaussian,CPC,"{""alpha"": 0.05, ""max_conditioning_set_size"": 3}",10,15,1000,26,/home/mathis/Documents/Travail/cbnsl_benchmark/scaling/../scaling/results/2026-04-02_10h34_sem_gaussian/graphs/golden__v10_a15_g26.json,/home/mathis/Documents/Travail/cbnsl_benchmark/scaling/../scaling/results/2026-04-02_10h34_sem_gaussian/graphs/CPC__v10_a15_g26_s1000.json,,0.7435743849782739,14.0,12.0,0.125,0.6363636363636364,0.1111111111111111,0.4666666666666667
sem_gaussian,CMIIC,"{""alpha"": 0.05}",10,15,1000,26,/home/mathis/Documents/Travail/cbnsl_benchmark/scaling/../scaling/results/2026-04-02_10h34_sem_gaussian/graphs/golden__v10_a15_g26.json,/home/mathis/Documents/Travail/cbnsl_benchmark/scaling/../scaling/results/2026-04-02_10h34_sem_gaussian/graphs/CMIIC__v10_a15_g26_s1000.json,,1.2526276799908374,9.0,13.0,0.5,0.8,0.5,0.6666666666666666
sem_gaussian,MIIC,"{""n_bins"": 4, ""discretization_method"": ""quantile""}",10,15,1000,26,/home/mathis/Documents/Travail/cbnsl_benchmark/scaling/../scaling/results/2026-04-02_10h34_sem_gaussian/graphs/golden__v10_a15_g26.json,/home/mathis/Documents/Travail/cbnsl_benchmark/scaling/../scaling/results/2026-04-02_10h34_sem_gaussian/graphs/MIIC__v10_a15_g26_s1000.json,,0.06583411799510941,9.0,13.0,0.0,0.8,0.0,0.6666666666666666
sem_gaussian,GHC+BDeu,"{""n_bins"": 4, ""discretization_method"": ""quantile""}",10,15,1000,26,/home/mathis/Documents/Travail/cbnsl_benchmark/scaling/../scaling/results/2026-04-02_10h34_sem_gaussian/graphs/golden__v10_a15_g26.json,/home/mathis/Documents/Travail/cbnsl_benchmark/scaling/../scaling/results/2026-04-02_10h34_sem_gaussian/graphs/GHC+BDeu__v10_a15_g26_s1000.json,,0.04996444197604433,11.0,15.0,0.23529411764705882,0.7499999999999999,0.25,0.6
sem_gaussian,NOTEARS,"{""lambda1"": 0.0, ""w_threshold_notears"": 0.3}",10,15,1000,26,/home/mathis/Documents/Travail/cbnsl_benchmark/scaling/../scaling/results/2026-04-02_10h34_sem_gaussian/graphs/golden__v10_a15_g26.json,/home/mathis/Documents/Travail/cbnsl_benchmark/scaling/../scaling/results/2026-04-02_10h34_sem_gaussian/graphs/NOTEARS__v10_a15_g26_s1000.json,,1.2845579890126828,6.0,14.0,0.7142857142857143,0.8749999999999999,0.9090909090909091,0.9333333333333333
sem_gaussian,NOTEARS Disc.,"{""lambda1"": 0.1, ""w_threshold_notears"": 0.1, ""n_bins"": 4, ""discretization_method"": ""quantile""}",10,15,1000,26,/home/mathis/Documents/Travail/cbnsl_benchmark/scaling/../scaling/results/2026-04-02_10h34_sem_gaussian/graphs/golden__v10_a15_g26.json,/home/mathis/Documents/Travail/cbnsl_benchmark/scaling/../scaling/results/2026-04-02_10h34_sem_gaussian/graphs/NOTEARS Disc.__v10_a15_g26_s1000.json,,1.1646020830085035,4.0,3.0,0.8,1.0,1.0,1.0
sem_gaussian,LiNGAM,"{""threshold_lingam"": 0.1}",10,15,1000,26,/home/mathis/Documents/Travail/cbnsl_benchmark/scaling/../scaling/results/2026-04-02_10h34_sem_gaussian/graphs/golden__v10_a15_g26.json,/home/mathis/Documents/Travail/cbnsl_benchmark/scaling/../scaling/results/2026-04-02_10h34_sem_gaussian/graphs/LiNGAM__v10_a15_g26_s1000.json,[pyAgrum] Partially directed cycle detected: Add a partial directed cycle in a PDAG : between 5 and 1,,,,,,,
sem_gaussian,CPC,"{""alpha"": 0.05, ""max_conditioning_set_size"": 3}",10,15,3000,26,/home/mathis/Documents/Travail/cbnsl_benchmark/scaling/../scaling/results/2026-04-02_10h34_sem_gaussian/graphs/golden__v10_a15_g26.json,/home/mathis/Documents/Travail/cbnsl_benchmark/scaling/../scaling/results/2026-04-02_10h34_sem_gaussian/graphs/CPC__v10_a15_g26_s3000.json,,8.461933507001959,14.0,10.0,0.39999999999999997,0.7692307692307692,0.4444444444444444,0.6666666666666666
sem_gaussian,CMIIC,"{""alpha"": 0.05}",10,15,3000,26,/home/mathis/Documents/Travail/cbnsl_benchmark/scaling/../scaling/results/2026-04-02_10h34_sem_gaussian/graphs/golden__v10_a15_g26.json,/home/mathis/Documents/Travail/cbnsl_benchmark/scaling/../scaling/results/2026-04-02_10h34_sem_gaussian/graphs/CMIIC__v10_a15_g26_s3000.json,,9.179399575019488,9.0,13.0,0.5,0.8,0.5,0.6666666666666666
sem_gaussian,MIIC,"{""n_bins"": 4, ""discretization_method"": ""quantile""}",10,15,3000,26,/home/mathis/Documents/Travail/cbnsl_benchmark/scaling/../scaling/results/2026-04-02_10h34_sem_gaussian/graphs/golden__v10_a15_g26.json,/home/mathis/Documents/Travail/cbnsl_benchmark/scaling/../scaling/results/2026-04-02_10h34_sem_gaussian/graphs/MIIC__v10_a15_g26_s3000.json,,0.15913624499808066,10.0,13.0,0.5,0.846153846153846,0.5555555555555556,0.7333333333333333
sem_gaussian,GHC+BDeu,"{""n_bins"": 4, ""discretization_method"": ""quantile""}",10,15,3000,26,/home/mathis/Documents/Travail/cbnsl_benchmark/scaling/../scaling/results/2026-04-02_10h34_sem_gaussian/graphs/golden__v10_a15_g26.json,/home/mathis/Documents/Travail/cbnsl_benchmark/scaling/../scaling/results/2026-04-02_10h34_sem_gaussian/graphs/GHC+BDeu__v10_a15_g26_s3000.json,,0.13124772199080326,12.0,14.0,0.2222222222222222,0.7692307692307692,0.2857142857142857,0.6666666666666666
sem_gaussian,NOTEARS,"{""lambda1"": 0.0, ""w_threshold_notears"": 0.3}",10,15,3000,26,/home/mathis/Documents/Travail/cbnsl_benchmark/scaling/../scaling/results/2026-04-02_10h34_sem_gaussian/graphs/golden__v10_a15_g26.json,/home/mathis/Documents/Travail/cbnsl_benchmark/scaling/../scaling/results/2026-04-02_10h34_sem_gaussian/graphs/NOTEARS__v10_a15_g26_s3000.json,,3.075912189000519,5.0,16.0,0.7586206896551725,0.9090909090909091,1.0,1.0
sem_gaussian,NOTEARS Disc.,"{""lambda1"": 0.1, ""w_threshold_notears"": 0.1, ""n_bins"": 4, ""discretization_method"": ""quantile""}",10,15,3000,26,/home/mathis/Documents/Travail/cbnsl_benchmark/scaling/../scaling/results/2026-04-02_10h34_sem_gaussian/graphs/golden__v10_a15_g26.json,/home/mathis/Documents/Travail/cbnsl_benchmark/scaling/../scaling/results/2026-04-02_10h34_sem_gaussian/graphs/NOTEARS Disc.__v10_a15_g26_s3000.json,,4.182278188993223,17.0,14.0,0.10526315789473684,0.8749999999999999,0.5,0.9333333333333333
sem_gaussian,LiNGAM,"{""threshold_lingam"": 0.1}",10,15,3000,26,/home/mathis/Documents/Travail/cbnsl_benchmark/scaling/../scaling/results/2026-04-02_10h34_sem_gaussian/graphs/golden__v10_a15_g26.json,/home/mathis/Documents/Travail/cbnsl_benchmark/scaling/../scaling/results/2026-04-02_10h34_sem_gaussian/graphs/LiNGAM__v10_a15_g26_s3000.json,,0.44790977201773785,27.0,30.0,0.3157894736842105,0.608695652173913,0.8571428571428571,0.9333333333333333
sem_gaussian,CPC,"{""alpha"": 0.05, ""max_conditioning_set_size"": 3}",10,15,5000,26,/home/mathis/Documents/Travail/cbnsl_benchmark/scaling/../scaling/results/2026-04-02_10h34_sem_gaussian/graphs/golden__v10_a15_g26.json,/home/mathis/Documents/Travail/cbnsl_benchmark/scaling/../scaling/results/2026-04-02_10h34_sem_gaussian/graphs/CPC__v10_a15_g26_s5000.json,,28.11424744699616,11.0,10.0,0.47619047619047616,0.7692307692307692,0.5,0.6666666666666666
sem_gaussian,CMIIC,"{""alpha"": 0.05}",10,15,5000,26,/home/mathis/Documents/Travail/cbnsl_benchmark/scaling/../scaling/results/2026-04-02_10h34_sem_gaussian/graphs/golden__v10_a15_g26.json,/home/mathis/Documents/Travail/cbnsl_benchmark/scaling/../scaling/results/2026-04-02_10h34_sem_gaussian/graphs/CMIIC__v10_a15_g26_s5000.json,,24.062031815003138,10.0,13.0,0.5,0.8,0.5,0.6666666666666666
sem_gaussian,MIIC,"{""n_bins"": 4, ""discretization_method"": ""quantile""}",10,15,5000,26,/home/mathis/Documents/Travail/cbnsl_benchmark/scaling/../scaling/results/2026-04-02_10h34_sem_gaussian/graphs/golden__v10_a15_g26.json,/home/mathis/Documents/Travail/cbnsl_benchmark/scaling/../scaling/results/2026-04-02_10h34_sem_gaussian/graphs/MIIC__v10_a15_g26_s5000.json,,0.2948821310128551,6.0,13.0,0.6363636363636364,0.846153846153846,0.6363636363636364,0.7333333333333333
sem_gaussian,GHC+BDeu,"{""n_bins"": 4, ""discretization_method"": ""quantile""}",10,15,5000,26,/home/mathis/Documents/Travail/cbnsl_benchmark/scaling/../scaling/results/2026-04-02_10h34_sem_gaussian/graphs/golden__v10_a15_g26.json,/home/mathis/Documents/Travail/cbnsl_benchmark/scaling/../scaling/results/2026-04-02_10h34_sem_gaussian/graphs/GHC+BDeu__v10_a15_g26_s5000.json,,0.23652582502108999,9.0,6.0,0.5454545454545454,0.896551724137931,0.75,0.8666666666666667
sem_gaussian,NOTEARS,"{""lambda1"": 0.0, ""w_threshold_notears"": 0.3}",10,15,5000,26,/home/mathis/Documents/Travail/cbnsl_benchmark/scaling/../scaling/results/2026-04-02_10h34_sem_gaussian/graphs/golden__v10_a15_g26.json,/home/mathis/Documents/Travail/cbnsl_benchmark/scaling/../scaling/results/2026-04-02_10h34_sem_gaussian/graphs/NOTEARS__v10_a15_g26_s5000.json,,3.2770926200028043,6.0,15.0,0.7333333333333334,0.8823529411764706,1.0,1.0
sem_gaussian,NOTEARS Disc.,"{""lambda1"": 0.1, ""w_threshold_notears"": 0.1, ""n_bins"": 4, ""discretization_method"": ""quantile""}",10,15,5000,26,/home/mathis/Documents/Travail/cbnsl_benchmark/scaling/../scaling/results/2026-04-02_10h34_sem_gaussian/graphs/golden__v10_a15_g26.json,/home/mathis/Documents/Travail/cbnsl_benchmark/scaling/../scaling/results/2026-04-02_10h34_sem_gaussian/graphs/NOTEARS Disc.__v10_a15_g26_s5000.json,,4.89150199102005,16.0,14.0,0.1111111111111111,0.9032258064516129,0.5,0.9333333333333333
sem_gaussian,LiNGAM,"{""threshold_lingam"": 0.1}",10,15,5000,26,/home/mathis/Documents/Travail/cbnsl_benchmark/scaling/../scaling/results/2026-04-02_10h34_sem_gaussian/graphs/golden__v10_a15_g26.json,/home/mathis/Documents/Travail/cbnsl_benchmark/scaling/../scaling/results/2026-04-02_10h34_sem_gaussian/graphs/LiNGAM__v10_a15_g26_s5000.json,,0.5559408520057332,26.0,30.0,0.3902439024390244,0.625,1.0,1.0
sem_gaussian,CPC,"{""alpha"": 0.05, ""max_conditioning_set_size"": 3}",10,15,200,27,/home/mathis/Documents/Travail/cbnsl_benchmark/scaling/../scaling/results/2026-04-02_10h34_sem_gaussian/graphs/golden__v10_a15_g27.json,/home/mathis/Documents/Travail/cbnsl_benchmark/scaling/../scaling/results/2026-04-02_10h34_sem_gaussian/graphs/CPC__v10_a15_g27_s200.json,,0.014074509992497042,14.0,12.0,0.3333333333333333,0.5714285714285715,0.25,0.4
sem_gaussian,CMIIC,"{""alpha"": 0.05}",10,15,200,27,/home/mathis/Documents/Travail/cbnsl_benchmark/scaling/../scaling/results/2026-04-02_10h34_sem_gaussian/graphs/golden__v10_a15_g27.json,/home/mathis/Documents/Travail/cbnsl_benchmark/scaling/../scaling/results/2026-04-02_10h34_sem_gaussian/graphs/CMIIC__v10_a15_g27_s200.json,,0.07497578801121563,13.0,11.0,0.0,0.6956521739130436,0.0,0.5333333333333333
sem_gaussian,MIIC,"{""n_bins"": 4, ""discretization_method"": ""quantile""}",10,15,200,27,/home/mathis/Documents/Travail/cbnsl_benchmark/scaling/../scaling/results/2026-04-02_10h34_sem_gaussian/graphs/golden__v10_a15_g27.json,/home/mathis/Documents/Travail/cbnsl_benchmark/scaling/../scaling/results/2026-04-02_10h34_sem_gaussian/graphs/MIIC__v10_a15_g27_s200.json,,0.02514083299320191,13.0,12.0,0.0,0.6363636363636364,0.0,0.4666666666666667
sem_gaussian,GHC+BDeu,"{""n_bins"": 4, ""discretization_method"": ""quantile""}",10,15,200,27,/home/mathis/Documents/Travail/cbnsl_benchmark/scaling/../scaling/results/2026-04-02_10h34_sem_gaussian/graphs/golden__v10_a15_g27.json,/home/mathis/Documents/Travail/cbnsl_benchmark/scaling/../scaling/results/2026-04-02_10h34_sem_gaussian/graphs/GHC+BDeu__v10_a15_g27_s200.json,,0.0208713719912339,13.0,13.0,0.0,0.5,0.0,0.3333333333333333
sem_gaussian,NOTEARS,"{""lambda1"": 0.0, ""w_threshold_notears"": 0.3}",10,15,200,27,/home/mathis/Documents/Travail/cbnsl_benchmark/scaling/../scaling/results/2026-04-02_10h34_sem_gaussian/graphs/golden__v10_a15_g27.json,/home/mathis/Documents/Travail/cbnsl_benchmark/scaling/../scaling/results/2026-04-02_10h34_sem_gaussian/graphs/NOTEARS__v10_a15_g27_s200.json,,1.0528429170080926,5.0,4.0,0.6956521739130435,0.9655172413793104,0.8888888888888888,0.9333333333333333
sem_gaussian,NOTEARS Disc.,"{""lambda1"": 0.1, ""w_threshold_notears"": 0.1, ""n_bins"": 4, ""discretization_method"": ""quantile""}",10,15,200,27,/home/mathis/Documents/Travail/cbnsl_benchmark/scaling/../scaling/results/2026-04-02_10h34_sem_gaussian/graphs/golden__v10_a15_g27.json,/home/mathis/Documents/Travail/cbnsl_benchmark/scaling/../scaling/results/2026-04-02_10h34_sem_gaussian/graphs/NOTEARS Disc.__v10_a15_g27_s200.json,,1.1671883410017472,7.0,6.0,0.5714285714285715,0.888888888888889,0.6666666666666666,0.8
sem_gaussian,LiNGAM,"{""threshold_lingam"": 0.1}",10,15,200,27,/home/mathis/Documents/Travail/cbnsl_benchmark/scaling/../scaling/results/2026-04-02_10h34_sem_gaussian/graphs/golden__v10_a15_g27.json,/home/mathis/Documents/Travail/cbnsl_benchmark/scaling/../scaling/results/2026-04-02_10h34_sem_gaussian/graphs/LiNGAM__v10_a15_g27_s200.json,,0.23066672001732513,21.0,22.0,0.4864864864864865,0.6976744186046512,1.0,1.0
sem_gaussian,CPC,"{""alpha"": 0.05, ""max_conditioning_set_size"": 3}",10,15,500,27,/home/mathis/Documents/Travail/cbnsl_benchmark/scaling/../scaling/results/2026-04-02_10h34_sem_gaussian/graphs/golden__v10_a15_g27.json,/home/mathis/Documents/Travail/cbnsl_benchmark/scaling/../scaling/results/2026-04-02_10h34_sem_gaussian/graphs/CPC__v10_a15_g27_s500.json,,0.1229948110121768,12.0,12.0,0.33333333333333326,0.6363636363636364,0.2727272727272727,0.4666666666666667
sem_gaussian,CMIIC,"{""alpha"": 0.05}",10,15,500,27,/home/mathis/Documents/Travail/cbnsl_benchmark/scaling/../scaling/results/2026-04-02_10h34_sem_gaussian/graphs/golden__v10_a15_g27.json,/home/mathis/Documents/Travail/cbnsl_benchmark/scaling/../scaling/results/2026-04-02_10h34_sem_gaussian/graphs/CMIIC__v10_a15_g27_s500.json,,0.28576190600870177,12.0,7.0,0.125,0.8,0.16666666666666666,0.6666666666666666
sem_gaussian,MIIC,"{""n_bins"": 4, ""discretization_method"": ""quantile""}",10,15,500,27,/home/mathis/Documents/Travail/cbnsl_benchmark/scaling/../scaling/results/2026-04-02_10h34_sem_gaussian/graphs/golden__v10_a15_g27.json,/home/mathis/Documents/Travail/cbnsl_benchmark/scaling/../scaling/results/2026-04-02_10h34_sem_gaussian/graphs/MIIC__v10_a15_g27_s500.json,,0.032014953991165385,13.0,11.0,0.0,0.6956521739130436,0.0,0.5333333333333333
sem_gaussian,GHC+BDeu,"{""n_bins"": 4, ""discretization_method"": ""quantile""}",10,15,500,27,/home/mathis/Documents/Travail/cbnsl_benchmark/scaling/../scaling/results/2026-04-02_10h34_sem_gaussian/graphs/golden__v10_a15_g27.json,/home/mathis/Documents/Travail/cbnsl_benchmark/scaling/../scaling/results/2026-04-02_10h34_sem_gaussian/graphs/GHC+BDeu__v10_a15_g27_s500.json,,0.032774239021819085,13.0,12.0,0.0,0.6363636363636364,0.0,0.4666666666666667
sem_gaussian,NOTEARS,"{""lambda1"": 0.0, ""w_threshold_notears"": 0.3}",10,15,500,27,/home/mathis/Documents/Travail/cbnsl_benchmark/scaling/../scaling/results/2026-04-02_10h34_sem_gaussian/graphs/golden__v10_a15_g27.json,/home/mathis/Documents/Travail/cbnsl_benchmark/scaling/../scaling/results/2026-04-02_10h34_sem_gaussian/graphs/NOTEARS__v10_a15_g27_s500.json,,1.1740197759936564,5.0,4.0,0.6956521739130435,0.9655172413793104,0.8888888888888888,0.9333333333333333
sem_gaussian,NOTEARS Disc.,"{""lambda1"": 0.1, ""w_threshold_notears"": 0.1, ""n_bins"": 4, ""discretization_method"": ""quantile""}",10,15,500,27,/home/mathis/Documents/Travail/cbnsl_benchmark/scaling/../scaling/results/2026-04-02_10h34_sem_gaussian/graphs/golden__v10_a15_g27.json,/home/mathis/Documents/Travail/cbnsl_benchmark/scaling/../scaling/results/2026-04-02_10h34_sem_gaussian/graphs/NOTEARS Disc.__v10_a15_g27_s500.json,,1.2178879719867837,6.0,10.0,0.6363636363636364,0.9285714285714286,0.7777777777777778,0.8666666666666667
sem_gaussian,LiNGAM,"{""threshold_lingam"": 0.1}",10,15,500,27,/home/mathis/Documents/Travail/cbnsl_benchmark/scaling/../scaling/results/2026-04-02_10h34_sem_gaussian/graphs/golden__v10_a15_g27.json,/home/mathis/Documents/Travail/cbnsl_benchmark/scaling/../scaling/results/2026-04-02_10h34_sem_gaussian/graphs/LiNGAM__v10_a15_g27_s500.json,,0.25371604500105605,11.0,12.0,0.5925925925925926,0.8823529411764706,1.0,1.0
sem_gaussian,CPC,"{""alpha"": 0.05, ""max_conditioning_set_size"": 3}",10,15,1000,27,/home/mathis/Documents/Travail/cbnsl_benchmark/scaling/../scaling/results/2026-04-02_10h34_sem_gaussian/graphs/golden__v10_a15_g27.json,/home/mathis/Documents/Travail/cbnsl_benchmark/scaling/../scaling/results/2026-04-02_10h34_sem_gaussian/graphs/CPC__v10_a15_g27_s1000.json,,0.6317087140050717,11.0,11.0,0.5,0.7499999999999999,0.45454545454545453,0.6
sem_gaussian,CMIIC,"{""alpha"": 0.05}",10,15,1000,27,/home/mathis/Documents/Travail/cbnsl_benchmark/scaling/../scaling/results/2026-04-02_10h34_sem_gaussian/graphs/golden__v10_a15_g27.json,/home/mathis/Documents/Travail/cbnsl_benchmark/scaling/../scaling/results/2026-04-02_10h34_sem_gaussian/graphs/CMIIC__v10_a15_g27_s1000.json,,1.011590140988119,11.0,11.0,0.23529411764705882,0.7499999999999999,0.25,0.6
sem_gaussian,MIIC,"{""n_bins"": 4, ""discretization_method"": ""quantile""}",10,15,1000,27,/home/mathis/Documents/Travail/cbnsl_benchmark/scaling/../scaling/results/2026-04-02_10h34_sem_gaussian/graphs/golden__v10_a15_g27.json,/home/mathis/Documents/Travail/cbnsl_benchmark/scaling/../scaling/results/2026-04-02_10h34_sem_gaussian/graphs/MIIC__v10_a15_g27_s1000.json,,0.04905324900755659,12.0,12.0,0.0,0.8,0.0,0.6666666666666666
sem_gaussian,GHC+BDeu,"{""n_bins"": 4, ""discretization_method"": ""quantile""}",10,15,1000,27,/home/mathis/Documents/Travail/cbnsl_benchmark/scaling/../scaling/results/2026-04-02_10h34_sem_gaussian/graphs/golden__v10_a15_g27.json,/home/mathis/Documents/Travail/cbnsl_benchmark/scaling/../scaling/results/2026-04-02_10h34_sem_gaussian/graphs/GHC+BDeu__v10_a15_g27_s1000.json,,0.05704822699772194,12.0,11.0,0.3157894736842105,0.7200000000000001,0.3333333333333333,0.6
sem_gaussian,NOTEARS,"{""lambda1"": 0.0, ""w_threshold_notears"": 0.3}",10,15,1000,27,/home/mathis/Documents/Travail/cbnsl_benchmark/scaling/../scaling/results/2026-04-02_10h34_sem_gaussian/graphs/golden__v10_a15_g27.json,/home/mathis/Documents/Travail/cbnsl_benchmark/scaling/../scaling/results/2026-04-02_10h34_sem_gaussian/graphs/NOTEARS__v10_a15_g27_s1000.json,,1.6002440130105242,3.0,10.0,0.8,0.9655172413793104,0.9090909090909091,0.9333333333333333
sem_gaussian,NOTEARS Disc.,"{""lambda1"": 0.1, ""w_threshold_notears"": 0.1, ""n_bins"": 4, ""discretization_method"": ""quantile""}",10,15,1000,27,/home/mathis/Documents/Travail/cbnsl_benchmark/scaling/../scaling/results/2026-04-02_10h34_sem_gaussian/graphs/golden__v10_a15_g27.json,/home/mathis/Documents/Travail/cbnsl_benchmark/scaling/../scaling/results/2026-04-02_10h34_sem_gaussian/graphs/NOTEARS Disc.__v10_a15_g27_s1000.json,,1.7209568510006648,6.0,10.0,0.6363636363636364,0.9285714285714286,0.7777777777777778,0.8666666666666667
sem_gaussian,LiNGAM,"{""threshold_lingam"": 0.1}",10,15,1000,27,/home/mathis/Documents/Travail/cbnsl_benchmark/scaling/../scaling/results/2026-04-02_10h34_sem_gaussian/graphs/golden__v10_a15_g27.json,/home/mathis/Documents/Travail/cbnsl_benchmark/scaling/../scaling/results/2026-04-02_10h34_sem_gaussian/graphs/LiNGAM__v10_a15_g27_s1000.json,,0.2821477400138974,9.0,12.0,0.608695652173913,0.9333333333333333,0.875,0.9333333333333333
sem_gaussian,CPC,"{""alpha"": 0.05, ""max_conditioning_set_size"": 3}",10,15,3000,27,/home/mathis/Documents/Travail/cbnsl_benchmark/scaling/../scaling/results/2026-04-02_10h34_sem_gaussian/graphs/golden__v10_a15_g27.json,/home/mathis/Documents/Travail/cbnsl_benchmark/scaling/../scaling/results/2026-04-02_10h34_sem_gaussian/graphs/CPC__v10_a15_g27_s3000.json,,8.307900363986846,9.0,7.0,0.6363636363636365,0.8,0.5833333333333334,0.6666666666666666
sem_gaussian,CMIIC,"{""alpha"": 0.05}",10,15,3000,27,/home/mathis/Documents/Travail/cbnsl_benchmark/scaling/../scaling/results/2026-04-02_10h34_sem_gaussian/graphs/golden__v10_a15_g27.json,/home/mathis/Documents/Travail/cbnsl_benchmark/scaling/../scaling/results/2026-04-02_10h34_sem_gaussian/graphs/CMIIC__v10_a15_g27_s3000.json,,9.141854392015375,10.0,12.0,0.33333333333333326,0.8,0.375,0.6666666666666666
sem_gaussian,MIIC,"{""n_bins"": 4, ""discretization_method"": ""quantile""}",10,15,3000,27,/home/mathis/Documents/Travail/cbnsl_benchmark/scaling/../scaling/results/2026-04-02_10h34_sem_gaussian/graphs/golden__v10_a15_g27.json,/home/mathis/Documents/Travail/cbnsl_benchmark/scaling/../scaling/results/2026-04-02_10h34_sem_gaussian/graphs/MIIC__v10_a15_g27_s3000.json,,0.1515995720110368,9.0,9.0,0.5,0.846153846153846,0.5555555555555556,0.7333333333333333
sem_gaussian,GHC+BDeu,"{""n_bins"": 4, ""discretization_method"": ""quantile""}",10,15,3000,27,/home/mathis/Documents/Travail/cbnsl_benchmark/scaling/../scaling/results/2026-04-02_10h34_sem_gaussian/graphs/golden__v10_a15_g27.json,/home/mathis/Documents/Travail/cbnsl_benchmark/scaling/../scaling/results/2026-04-02_10h34_sem_gaussian/graphs/GHC+BDeu__v10_a15_g27_s3000.json,,0.1303332399984356,13.0,14.0,0.380952380952381,0.7857142857142856,0.5,0.7333333333333333
sem_gaussian,NOTEARS,"{""lambda1"": 0.0, ""w_threshold_notears"": 0.3}",10,15,3000,27,/home/mathis/Documents/Travail/cbnsl_benchmark/scaling/../scaling/results/2026-04-02_10h34_sem_gaussian/graphs/golden__v10_a15_g27.json,/home/mathis/Documents/Travail/cbnsl_benchmark/scaling/../scaling/results/2026-04-02_10h34_sem_gaussian/graphs/NOTEARS__v10_a15_g27_s3000.json,,3.409224485978484,4.0,10.0,0.7500000000000001,0.9285714285714286,0.8181818181818182,0.8666666666666667
sem_gaussian,NOTEARS Disc.,"{""lambda1"": 0.1, ""w_threshold_notears"": 0.1, ""n_bins"": 4, ""discretization_method"": ""quantile""}",10,15,3000,27,/home/mathis/Documents/Travail/cbnsl_benchmark/scaling/../scaling/results/2026-04-02_10h34_sem_gaussian/graphs/golden__v10_a15_g27.json,/home/mathis/Documents/Travail/cbnsl_benchmark/scaling/../scaling/results/2026-04-02_10h34_sem_gaussian/graphs/NOTEARS Disc.__v10_a15_g27_s3000.json,,3.0144329149916302,7.0,11.0,0.6086956521739131,0.896551724137931,0.7777777777777778,0.8666666666666667
sem_gaussian,LiNGAM,"{""threshold_lingam"": 0.1}",10,15,3000,27,/home/mathis/Documents/Travail/cbnsl_benchmark/scaling/../scaling/results/2026-04-02_10h34_sem_gaussian/graphs/golden__v10_a15_g27.json,/home/mathis/Documents/Travail/cbnsl_benchmark/scaling/../scaling/results/2026-04-02_10h34_sem_gaussian/graphs/LiNGAM__v10_a15_g27_s3000.json,,0.4129022080160212,16.0,16.0,0.48275862068965514,0.7777777777777778,0.875,0.9333333333333333
sem_gaussian,CPC,"{""alpha"": 0.05, ""max_conditioning_set_size"": 3}",10,15,5000,27,/home/mathis/Documents/Travail/cbnsl_benchmark/scaling/../scaling/results/2026-04-02_10h34_sem_gaussian/graphs/golden__v10_a15_g27.json,/home/mathis/Documents/Travail/cbnsl_benchmark/scaling/../scaling/results/2026-04-02_10h34_sem_gaussian/graphs/CPC__v10_a15_g27_s5000.json,,24.771339717000956,10.0,12.0,0.5714285714285715,0.888888888888889,0.6666666666666666,0.8
sem_gaussian,CMIIC,"{""alpha"": 0.05}",10,15,5000,27,/home/mathis/Documents/Travail/cbnsl_benchmark/scaling/../scaling/results/2026-04-02_10h34_sem_gaussian/graphs/golden__v10_a15_g27.json,/home/mathis/Documents/Travail/cbnsl_benchmark/scaling/../scaling/results/2026-04-02_10h34_sem_gaussian/graphs/CMIIC__v10_a15_g27_s5000.json,,27.247064410999883,10.0,12.0,0.33333333333333326,0.8,0.375,0.6666666666666666
sem_gaussian,MIIC,"{""n_bins"": 4, ""discretization_method"": ""quantile""}",10,15,5000,27,/home/mathis/Documents/Travail/cbnsl_benchmark/scaling/../scaling/results/2026-04-02_10h34_sem_gaussian/graphs/golden__v10_a15_g27.json,/home/mathis/Documents/Travail/cbnsl_benchmark/scaling/../scaling/results/2026-04-02_10h34_sem_gaussian/graphs/MIIC__v10_a15_g27_s5000.json,,0.2670875790063292,9.0,9.0,0.5,0.846153846153846,0.5555555555555556,0.7333333333333333
sem_gaussian,GHC+BDeu,"{""n_bins"": 4, ""discretization_method"": ""quantile""}",10,15,5000,27,/home/mathis/Documents/Travail/cbnsl_benchmark/scaling/../scaling/results/2026-04-02_10h34_sem_gaussian/graphs/golden__v10_a15_g27.json,/home/mathis/Documents/Travail/cbnsl_benchmark/scaling/../scaling/results/2026-04-02_10h34_sem_gaussian/graphs/GHC+BDeu__v10_a15_g27_s5000.json,,0.23051118099829182,12.0,15.0,0.3636363636363637,0.7142857142857142,0.4444444444444444,0.6666666666666666
sem_gaussian,NOTEARS,"{""lambda1"": 0.0, ""w_threshold_notears"": 0.3}",10,15,5000,27,/home/mathis/Documents/Travail/cbnsl_benchmark/scaling/../scaling/results/2026-04-02_10h34_sem_gaussian/graphs/golden__v10_a15_g27.json,/home/mathis/Documents/Travail/cbnsl_benchmark/scaling/../scaling/results/2026-04-02_10h34_sem_gaussian/graphs/NOTEARS__v10_a15_g27_s5000.json,,4.667297316016629,5.0,9.0,0.6956521739130435,0.9285714285714286,0.8,0.8666666666666667
sem_gaussian,NOTEARS Disc.,"{""lambda1"": 0.1, ""w_threshold_notears"": 0.1, ""n_bins"": 4, ""discretization_method"": ""quantile""}",10,15,5000,27,/home/mathis/Documents/Travail/cbnsl_benchmark/scaling/../scaling/results/2026-04-02_10h34_sem_gaussian/graphs/golden__v10_a15_g27.json,/home/mathis/Documents/Travail/cbnsl_benchmark/scaling/../scaling/results/2026-04-02_10h34_sem_gaussian/graphs/NOTEARS Disc.__v10_a15_g27_s5000.json,,4.808657124987803,7.0,11.0,0.6086956521739131,0.896551724137931,0.7777777777777778,0.8666666666666667
sem_gaussian,LiNGAM,"{""threshold_lingam"": 0.1}",10,15,5000,27,/home/mathis/Documents/Travail/cbnsl_benchmark/scaling/../scaling/results/2026-04-02_10h34_sem_gaussian/graphs/golden__v10_a15_g27.json,/home/mathis/Documents/Travail/cbnsl_benchmark/scaling/../scaling/results/2026-04-02_10h34_sem_gaussian/graphs/LiNGAM__v10_a15_g27_s5000.json,,0.5572847450093832,20.0,16.0,0.2857142857142857,0.7368421052631579,0.8,0.9333333333333333
sem_gaussian,CPC,"{""alpha"": 0.05, ""max_conditioning_set_size"": 3}",10,15,200,28,/home/mathis/Documents/Travail/cbnsl_benchmark/scaling/../scaling/results/2026-04-02_10h34_sem_gaussian/graphs/golden__v10_a15_g28.json,/home/mathis/Documents/Travail/cbnsl_benchmark/scaling/../scaling/results/2026-04-02_10h34_sem_gaussian/graphs/CPC__v10_a15_g28_s200.json,,0.02807204899727367,9.0,10.0,0.2857142857142857,0.5882352941176471,0.2222222222222222,0.4166666666666667
sem_gaussian,CMIIC,"{""alpha"": 0.05}",10,15,200,28,/home/mathis/Documents/Travail/cbnsl_benchmark/scaling/../scaling/results/2026-04-02_10h34_sem_gaussian/graphs/golden__v10_a15_g28.json,/home/mathis/Documents/Travail/cbnsl_benchmark/scaling/../scaling/results/2026-04-02_10h34_sem_gaussian/graphs/CMIIC__v10_a15_g28_s200.json,,0.09504328400362283,11.0,10.0,0.0,0.8571428571428571,0.0,0.75
sem_gaussian,MIIC,"{""n_bins"": 4, ""discretization_method"": ""quantile""}",10,15,200,28,/home/mathis/Documents/Travail/cbnsl_benchmark/scaling/../scaling/results/2026-04-02_10h34_sem_gaussian/graphs/golden__v10_a15_g28.json,/home/mathis/Documents/Travail/cbnsl_benchmark/scaling/../scaling/results/2026-04-02_10h34_sem_gaussian/graphs/MIIC__v10_a15_g28_s200.json,,0.020505434018559754,12.0,11.0,0.0,0.5,0.0,0.3333333333333333
sem_gaussian,GHC+BDeu,"{""n_bins"": 4, ""discretization_method"": ""quantile""}",10,15,200,28,/home/mathis/Documents/Travail/cbnsl_benchmark/scaling/../scaling/results/2026-04-02_10h34_sem_gaussian/graphs/golden__v10_a15_g28.json,/home/mathis/Documents/Travail/cbnsl_benchmark/scaling/../scaling/results/2026-04-02_10h34_sem_gaussian/graphs/GHC+BDeu__v10_a15_g28_s200.json,,0.021235621999949217,12.0,12.0,0.0,0.15384615384615385,0.0,0.08333333333333333
sem_gaussian,NOTEARS,"{""lambda1"": 0.0, ""w_threshold_notears"": 0.3}",10,15,200,28,/home/mathis/Documents/Travail/cbnsl_benchmark/scaling/../scaling/results/2026-04-02_10h34_sem_gaussian/graphs/golden__v10_a15_g28.json,/home/mathis/Documents/Travail/cbnsl_benchmark/scaling/../scaling/results/2026-04-02_10h34_sem_gaussian/graphs/NOTEARS__v10_a15_g28_s200.json,,1.6918732639751397,3.0,10.0,0.7999999999999999,0.8571428571428571,0.7272727272727273,0.75
sem_gaussian,NOTEARS Disc.,"{""lambda1"": 0.1, ""w_threshold_notears"": 0.1, ""n_bins"": 4, ""discretization_method"": ""quantile""}",10,15,200,28,/home/mathis/Documents/Travail/cbnsl_benchmark/scaling/../scaling/results/2026-04-02_10h34_sem_gaussian/graphs/golden__v10_a15_g28.json,/home/mathis/Documents/Travail/cbnsl_benchmark/scaling/../scaling/results/2026-04-02_10h34_sem_gaussian/graphs/NOTEARS Disc.__v10_a15_g28_s200.json,,0.9574127679807134,9.0,5.0,0.4444444444444444,0.8333333333333334,0.6666666666666666,0.8333333333333334
sem_gaussian,LiNGAM,"{""threshold_lingam"": 0.1}",10,15,200,28,/home/mathis/Documents/Travail/cbnsl_benchmark/scaling/../scaling/results/2026-04-02_10h34_sem_gaussian/graphs/golden__v10_a15_g28.json,/home/mathis/Documents/Travail/cbnsl_benchmark/scaling/../scaling/results/2026-04-02_10h34_sem_gaussian/graphs/LiNGAM__v10_a15_g28_s200.json,,0.22054590898915194,17.0,13.0,0.09999999999999999,0.7333333333333334,0.5,0.9166666666666666
sem_gaussian,CPC,"{""alpha"": 0.05, ""max_conditioning_set_size"": 3}",10,15,500,28,/home/mathis/Documents/Travail/cbnsl_benchmark/scaling/../scaling/results/2026-04-02_10h34_sem_gaussian/graphs/golden__v10_a15_g28.json,/home/mathis/Documents/Travail/cbnsl_benchmark/scaling/../scaling/results/2026-04-02_10h34_sem_gaussian/graphs/CPC__v10_a15_g28_s500.json,,0.08007240301230922,7.0,10.0,0.5882352941176471,0.8,0.5555555555555556,0.6666666666666666
sem_gaussian,CMIIC,"{""alpha"": 0.05}",10,15,500,28,/home/mathis/Documents/Travail/cbnsl_benchmark/scaling/../scaling/results/2026-04-02_10h34_sem_gaussian/graphs/golden__v10_a15_g28.json,/home/mathis/Documents/Travail/cbnsl_benchmark/scaling/../scaling/results/2026-04-02_10h34_sem_gaussian/graphs/CMIIC__v10_a15_g28_s500.json,,0.24799538400839083,11.0,10.0,0.0,0.8571428571428571,0.0,0.75
sem_gaussian,MIIC,"{""n_bins"": 4, ""discretization_method"": ""quantile""}",10,15,500,28,/home/mathis/Documents/Travail/cbnsl_benchmark/scaling/../scaling/results/2026-04-02_10h34_sem_gaussian/graphs/golden__v10_a15_g28.json,/home/mathis/Documents/Travail/cbnsl_benchmark/scaling/../scaling/results/2026-04-02_10h34_sem_gaussian/graphs/MIIC__v10_a15_g28_s500.json,,0.029622928996104747,11.0,10.0,0.0,0.8,0.0,0.6666666666666666
sem_gaussian,GHC+BDeu,"{""n_bins"": 4, ""discretization_method"": ""quantile""}",10,15,500,28,/home/mathis/Documents/Travail/cbnsl_benchmark/scaling/../scaling/results/2026-04-02_10h34_sem_gaussian/graphs/golden__v10_a15_g28.json,/home/mathis/Documents/Travail/cbnsl_benchmark/scaling/../scaling/results/2026-04-02_10h34_sem_gaussian/graphs/GHC+BDeu__v10_a15_g28_s500.json,,0.02957608801079914,11.0,10.0,0.0,0.6666666666666666,0.0,0.5
sem_gaussian,NOTEARS,"{""lambda1"": 0.0, ""w_threshold_notears"": 0.3}",10,15,500,28,/home/mathis/Documents/Travail/cbnsl_benchmark/scaling/../scaling/results/2026-04-02_10h34_sem_gaussian/graphs/golden__v10_a15_g28.json,/home/mathis/Documents/Travail/cbnsl_benchmark/scaling/../scaling/results/2026-04-02_10h34_sem_gaussian/graphs/NOTEARS__v10_a15_g28_s500.json,,1.5029460609948728,1.0,10.0,0.9090909090909091,0.9565217391304348,0.9090909090909091,0.9166666666666666
sem_gaussian,NOTEARS Disc.,"{""lambda1"": 0.1, ""w_threshold_notears"": 0.1, ""n_bins"": 4, ""discretization_method"": ""quantile""}",10,15,500,28,/home/mathis/Documents/Travail/cbnsl_benchmark/scaling/../scaling/results/2026-04-02_10h34_sem_gaussian/graphs/golden__v10_a15_g28.json,/home/mathis/Documents/Travail/cbnsl_benchmark/scaling/../scaling/results/2026-04-02_10h34_sem_gaussian/graphs/NOTEARS Disc.__v10_a15_g28_s500.json,,0.8823395409854129,8.0,3.0,0.4705882352941177,0.8695652173913043,0.6666666666666666,0.8333333333333334
sem_gaussian,LiNGAM,"{""threshold_lingam"": 0.1}",10,15,500,28,/home/mathis/Documents/Travail/cbnsl_benchmark/scaling/../scaling/results/2026-04-02_10h34_sem_gaussian/graphs/golden__v10_a15_g28.json,/home/mathis/Documents/Travail/cbnsl_benchmark/scaling/../scaling/results/2026-04-02_10h34_sem_gaussian/graphs/LiNGAM__v10_a15_g28_s500.json,,0.24624085598043166,14.0,16.0,0.3478260869565218,0.7333333333333334,0.8,0.9166666666666666
sem_gaussian,CPC,"{""alpha"": 0.05, ""max_conditioning_set_size"": 3}",10,15,1000,28,/home/mathis/Documents/Travail/cbnsl_benchmark/scaling/../scaling/results/2026-04-02_10h34_sem_gaussian/graphs/golden__v10_a15_g28.json,/home/mathis/Documents/Travail/cbnsl_benchmark/scaling/../scaling/results/2026-04-02_10h34_sem_gaussian/graphs/CPC__v10_a15_g28_s1000.json,,0.39468408000539057,10.0,10.0,0.2857142857142857,0.7368421052631579,0.2857142857142857,0.5833333333333334
sem_gaussian,CMIIC,"{""alpha"": 0.05}",10,15,1000,28,/home/mathis/Documents/Travail/cbnsl_benchmark/scaling/../scaling/results/2026-04-02_10h34_sem_gaussian/graphs/golden__v10_a15_g28.json,/home/mathis/Documents/Travail/cbnsl_benchmark/scaling/../scaling/results/2026-04-02_10h34_sem_gaussian/graphs/CMIIC__v10_a15_g28_s1000.json,,0.9124011600215454,11.0,10.0,0.0,0.8571428571428571,0.0,0.75
sem_gaussian,MIIC,"{""n_bins"": 4, ""discretization_method"": ""quantile""}",10,15,1000,28,/home/mathis/Documents/Travail/cbnsl_benchmark/scaling/../scaling/results/2026-04-02_10h34_sem_gaussian/graphs/golden__v10_a15_g28.json,/home/mathis/Documents/Travail/cbnsl_benchmark/scaling/../scaling/results/2026-04-02_10h34_sem_gaussian/graphs/MIIC__v10_a15_g28_s1000.json,,0.04522159000043757,11.0,10.0,0.0,0.8571428571428571,0.0,0.75
sem_gaussian,GHC+BDeu,"{""n_bins"": 4, ""discretization_method"": ""quantile""}",10,15,1000,28,/home/mathis/Documents/Travail/cbnsl_benchmark/scaling/../scaling/results/2026-04-02_10h34_sem_gaussian/graphs/golden__v10_a15_g28.json,/home/mathis/Documents/Travail/cbnsl_benchmark/scaling/../scaling/results/2026-04-02_10h34_sem_gaussian/graphs/GHC+BDeu__v10_a15_g28_s1000.json,,0.04662811799789779,11.0,10.0,0.0,0.7368421052631579,0.0,0.5833333333333334
sem_gaussian,NOTEARS,"{""lambda1"": 0.0, ""w_threshold_notears"": 0.3}",10,15,1000,28,/home/mathis/Documents/Travail/cbnsl_benchmark/scaling/../scaling/results/2026-04-02_10h34_sem_gaussian/graphs/golden__v10_a15_g28.json,/home/mathis/Documents/Travail/cbnsl_benchmark/scaling/../scaling/results/2026-04-02_10h34_sem_gaussian/graphs/NOTEARS__v10_a15_g28_s1000.json,,1.3891777039971203,1.0,10.0,0.9090909090909091,0.9565217391304348,0.9090909090909091,0.9166666666666666
sem_gaussian,NOTEARS Disc.,"{""lambda1"": 0.1, ""w_threshold_notears"": 0.1, ""n_bins"": 4, ""discretization_method"": ""quantile""}",10,15,1000,28,/home/mathis/Documents/Travail/cbnsl_benchmark/scaling/../scaling/results/2026-04-02_10h34_sem_gaussian/graphs/golden__v10_a15_g28.json,/home/mathis/Documents/Travail/cbnsl_benchmark/scaling/../scaling/results/2026-04-02_10h34_sem_gaussian/graphs/NOTEARS Disc.__v10_a15_g28_s1000.json,,1.1386406209785491,5.0,12.0,0.7000000000000001,0.9166666666666666,0.875,0.9166666666666666
sem_gaussian,LiNGAM,"{""threshold_lingam"": 0.1}",10,15,1000,28,/home/mathis/Documents/Travail/cbnsl_benchmark/scaling/../scaling/results/2026-04-02_10h34_sem_gaussian/graphs/golden__v10_a15_g28.json,/home/mathis/Documents/Travail/cbnsl_benchmark/scaling/../scaling/results/2026-04-02_10h34_sem_gaussian/graphs/LiNGAM__v10_a15_g28_s1000.json,,0.284898564015748,16.0,13.0,0.32,0.7272727272727273,1.0,1.0
sem_gaussian,CPC,"{""alpha"": 0.05, ""max_conditioning_set_size"": 3}",10,15,3000,28,/home/mathis/Documents/Travail/cbnsl_benchmark/scaling/../scaling/results/2026-04-02_10h34_sem_gaussian/graphs/golden__v10_a15_g28.json,/home/mathis/Documents/Travail/cbnsl_benchmark/scaling/../scaling/results/2026-04-02_10h34_sem_gaussian/graphs/CPC__v10_a15_g28_s3000.json,,4.862224095995771,8.0,10.0,0.4,0.8571428571428571,0.5,0.75
sem_gaussian,CMIIC,"{""alpha"": 0.05}",10,15,3000,28,/home/mathis/Documents/Travail/cbnsl_benchmark/scaling/../scaling/results/2026-04-02_10h34_sem_gaussian/graphs/golden__v10_a15_g28.json,/home/mathis/Documents/Travail/cbnsl_benchmark/scaling/../scaling/results/2026-04-02_10h34_sem_gaussian/graphs/CMIIC__v10_a15_g28_s3000.json,,8.220748388994252,11.0,10.0,0.0,0.8571428571428571,0.0,0.75
sem_gaussian,MIIC,"{""n_bins"": 4, ""discretization_method"": ""quantile""}",10,15,3000,28,/home/mathis/Documents/Travail/cbnsl_benchmark/scaling/../scaling/results/2026-04-02_10h34_sem_gaussian/graphs/golden__v10_a15_g28.json,/home/mathis/Documents/Travail/cbnsl_benchmark/scaling/../scaling/results/2026-04-02_10h34_sem_gaussian/graphs/MIIC__v10_a15_g28_s3000.json,,0.17408321899711154,9.0,10.0,0.2857142857142857,0.8571428571428571,0.4,0.75
sem_gaussian,GHC+BDeu,"{""n_bins"": 4, ""discretization_method"": ""quantile""}",10,15,3000,28,/home/mathis/Documents/Travail/cbnsl_benchmark/scaling/../scaling/results/2026-04-02_10h34_sem_gaussian/graphs/golden__v10_a15_g28.json,/home/mathis/Documents/Travail/cbnsl_benchmark/scaling/../scaling/results/2026-04-02_10h34_sem_gaussian/graphs/GHC+BDeu__v10_a15_g28_s3000.json,,0.16838109100353904,9.0,10.0,0.2857142857142857,0.8571428571428571,0.4,0.75
sem_gaussian,NOTEARS,"{""lambda1"": 0.0, ""w_threshold_notears"": 0.3}",10,15,3000,28,/home/mathis/Documents/Travail/cbnsl_benchmark/scaling/../scaling/results/2026-04-02_10h34_sem_gaussian/graphs/golden__v10_a15_g28.json,/home/mathis/Documents/Travail/cbnsl_benchmark/scaling/../scaling/results/2026-04-02_10h34_sem_gaussian/graphs/NOTEARS__v10_a15_g28_s3000.json,,3.312980943999719,1.0,0.0,0.9090909090909091,1.0,1.0,1.0
sem_gaussian,NOTEARS Disc.,"{""lambda1"": 0.1, ""w_threshold_notears"": 0.1, ""n_bins"": 4, ""discretization_method"": ""quantile""}",10,15,3000,28,/home/mathis/Documents/Travail/cbnsl_benchmark/scaling/../scaling/results/2026-04-02_10h34_sem_gaussian/graphs/golden__v10_a15_g28.json,/home/mathis/Documents/Travail/cbnsl_benchmark/scaling/../scaling/results/2026-04-02_10h34_sem_gaussian/graphs/NOTEARS Disc.__v10_a15_g28_s3000.json,,6.337078037002357,8.0,3.0,0.4705882352941177,0.8695652173913043,0.6666666666666666,0.8333333333333334
sem_gaussian,LiNGAM,"{""threshold_lingam"": 0.1}",10,15,3000,28,/home/mathis/Documents/Travail/cbnsl_benchmark/scaling/../scaling/results/2026-04-02_10h34_sem_gaussian/graphs/golden__v10_a15_g28.json,/home/mathis/Documents/Travail/cbnsl_benchmark/scaling/../scaling/results/2026-04-02_10h34_sem_gaussian/graphs/LiNGAM__v10_a15_g28_s3000.json,,0.5756650239927694,17.0,23.0,0.3571428571428571,0.6857142857142856,1.0,1.0
sem_gaussian,CPC,"{""alpha"": 0.05, ""max_conditioning_set_size"": 3}",10,15,5000,28,/home/mathis/Documents/Travail/cbnsl_benchmark/scaling/../scaling/results/2026-04-02_10h34_sem_gaussian/graphs/golden__v10_a15_g28.json,/home/mathis/Documents/Travail/cbnsl_benchmark/scaling/../scaling/results/2026-04-02_10h34_sem_gaussian/graphs/CPC__v10_a15_g28_s5000.json,,16.624328869016608,4.0,10.0,0.7368421052631577,0.9090909090909091,0.7777777777777778,0.8333333333333334
sem_gaussian,CMIIC,"{""alpha"": 0.05}",10,15,5000,28,/home/mathis/Documents/Travail/cbnsl_benchmark/scaling/../scaling/results/2026-04-02_10h34_sem_gaussian/graphs/golden__v10_a15_g28.json,/home/mathis/Documents/Travail/cbnsl_benchmark/scaling/../scaling/results/2026-04-02_10h34_sem_gaussian/graphs/CMIIC__v10_a15_g28_s5000.json,,22.201187262980966,11.0,10.0,0.0,0.8571428571428571,0.0,0.75
sem_gaussian,MIIC,"{""n_bins"": 4, ""discretization_method"": ""quantile""}",10,15,5000,28,/home/mathis/Documents/Travail/cbnsl_benchmark/scaling/../scaling/results/2026-04-02_10h34_sem_gaussian/graphs/golden__v10_a15_g28.json,/home/mathis/Documents/Travail/cbnsl_benchmark/scaling/../scaling/results/2026-04-02_10h34_sem_gaussian/graphs/MIIC__v10_a15_g28_s5000.json,,0.24351798498537391,6.0,10.0,0.5882352941176471,0.8571428571428571,0.625,0.75
sem_gaussian,GHC+BDeu,"{""n_bins"": 4, ""discretization_method"": ""quantile""}",10,15,5000,28,/home/mathis/Documents/Travail/cbnsl_benchmark/scaling/../scaling/results/2026-04-02_10h34_sem_gaussian/graphs/golden__v10_a15_g28.json,/home/mathis/Documents/Travail/cbnsl_benchmark/scaling/../scaling/results/2026-04-02_10h34_sem_gaussian/graphs/GHC+BDeu__v10_a15_g28_s5000.json,,0.21628156400402077,12.0,11.0,0.0,0.8181818181818182,0.0,0.75
sem_gaussian,NOTEARS,"{""lambda1"": 0.0, ""w_threshold_notears"": 0.3}",10,15,5000,28,/home/mathis/Documents/Travail/cbnsl_benchmark/scaling/../scaling/results/2026-04-02_10h34_sem_gaussian/graphs/golden__v10_a15_g28.json,/home/mathis/Documents/Travail/cbnsl_benchmark/scaling/../scaling/results/2026-04-02_10h34_sem_gaussian/graphs/NOTEARS__v10_a15_g28_s5000.json,,3.2799084919970483,1.0,0.0,0.9090909090909091,1.0,1.0,1.0
sem_gaussian,NOTEARS Disc.,"{""lambda1"": 0.1, ""w_threshold_notears"": 0.1, ""n_bins"": 4, ""discretization_method"": ""quantile""}",10,15,5000,28,/home/mathis/Documents/Travail/cbnsl_benchmark/scaling/../scaling/results/2026-04-02_10h34_sem_gaussian/graphs/golden__v10_a15_g28.json,/home/mathis/Documents/Travail/cbnsl_benchmark/scaling/../scaling/results/2026-04-02_10h34_sem_gaussian/graphs/NOTEARS Disc.__v10_a15_g28_s5000.json,,4.1579581219994,8.0,3.0,0.4705882352941177,0.8695652173913043,0.6666666666666666,0.8333333333333334
sem_gaussian,LiNGAM,"{""threshold_lingam"": 0.1}",10,15,5000,28,/home/mathis/Documents/Travail/cbnsl_benchmark/scaling/../scaling/results/2026-04-02_10h34_sem_gaussian/graphs/golden__v10_a15_g28.json,/home/mathis/Documents/Travail/cbnsl_benchmark/scaling/../scaling/results/2026-04-02_10h34_sem_gaussian/graphs/LiNGAM__v10_a15_g28_s5000.json,,0.560944673983613,18.0,14.0,0.29629629629629634,0.6857142857142856,1.0,1.0
sem_gaussian,CPC,"{""alpha"": 0.05, ""max_conditioning_set_size"": 3}",10,15,200,29,/home/mathis/Documents/Travail/cbnsl_benchmark/scaling/../scaling/results/2026-04-02_10h34_sem_gaussian/graphs/golden__v10_a15_g29.json,/home/mathis/Documents/Travail/cbnsl_benchmark/scaling/../scaling/results/2026-04-02_10h34_sem_gaussian/graphs/CPC__v10_a15_g29_s200.json,,0.023170821979874745,15.0,15.0,0.0,0.125,0.0,0.06666666666666667
sem_gaussian,CMIIC,"{""alpha"": 0.05}",10,15,200,29,/home/mathis/Documents/Travail/cbnsl_benchmark/scaling/../scaling/results/2026-04-02_10h34_sem_gaussian/graphs/golden__v10_a15_g29.json,/home/mathis/Documents/Travail/cbnsl_benchmark/scaling/../scaling/results/2026-04-02_10h34_sem_gaussian/graphs/CMIIC__v10_a15_g29_s200.json,,0.07552770897746086,11.0,11.0,0.11764705882352941,0.7200000000000001,0.14285714285714285,0.6
sem_gaussian,MIIC,"{""n_bins"": 4, ""discretization_method"": ""quantile""}",10,15,200,29,/home/mathis/Documents/Travail/cbnsl_benchmark/scaling/../scaling/results/2026-04-02_10h34_sem_gaussian/graphs/golden__v10_a15_g29.json,/home/mathis/Documents/Travail/cbnsl_benchmark/scaling/../scaling/results/2026-04-02_10h34_sem_gaussian/graphs/MIIC__v10_a15_g29_s200.json,,0.020638260000851005,13.0,15.0,0.0,0.47619047619047616,0.0,0.3333333333333333
sem_gaussian,GHC+BDeu,"{""n_bins"": 4, ""discretization_method"": ""quantile""}",10,15,200,29,/home/mathis/Documents/Travail/cbnsl_benchmark/scaling/../scaling/results/2026-04-02_10h34_sem_gaussian/graphs/golden__v10_a15_g29.json,/home/mathis/Documents/Travail/cbnsl_benchmark/scaling/../scaling/results/2026-04-02_10h34_sem_gaussian/graphs/GHC+BDeu__v10_a15_g29_s200.json,,0.021181377000175416,12.0,14.0,0.0,0.5,0.0,0.3333333333333333
sem_gaussian,NOTEARS,"{""lambda1"": 0.0, ""w_threshold_notears"": 0.3}",10,15,200,29,/home/mathis/Documents/Travail/cbnsl_benchmark/scaling/../scaling/results/2026-04-02_10h34_sem_gaussian/graphs/golden__v10_a15_g29.json,/home/mathis/Documents/Travail/cbnsl_benchmark/scaling/../scaling/results/2026-04-02_10h34_sem_gaussian/graphs/NOTEARS__v10_a15_g29_s200.json,,1.2302879909984767,5.0,11.0,0.9285714285714286,0.9655172413793104,0.9285714285714286,0.9333333333333333
sem_gaussian,NOTEARS Disc.,"{""lambda1"": 0.1, ""w_threshold_notears"": 0.1, ""n_bins"": 4, ""discretization_method"": ""quantile""}",10,15,200,29,/home/mathis/Documents/Travail/cbnsl_benchmark/scaling/../scaling/results/2026-04-02_10h34_sem_gaussian/graphs/golden__v10_a15_g29.json,/home/mathis/Documents/Travail/cbnsl_benchmark/scaling/../scaling/results/2026-04-02_10h34_sem_gaussian/graphs/NOTEARS Disc.__v10_a15_g29_s200.json,,1.679649658006383,2.0,8.0,0.7692307692307693,0.967741935483871,1.0,1.0
sem_gaussian,LiNGAM,"{""threshold_lingam"": 0.1}",10,15,200,29,/home/mathis/Documents/Travail/cbnsl_benchmark/scaling/../scaling/results/2026-04-02_10h34_sem_gaussian/graphs/golden__v10_a15_g29.json,/home/mathis/Documents/Travail/cbnsl_benchmark/scaling/../scaling/results/2026-04-02_10h34_sem_gaussian/graphs/LiNGAM__v10_a15_g29_s200.json,,0.24014825900667347,27.0,26.0,0.25,0.6666666666666667,0.8,0.9333333333333333
sem_gaussian,CPC,"{""alpha"": 0.05, ""max_conditioning_set_size"": 3}",10,15,500,29,/home/mathis/Documents/Travail/cbnsl_benchmark/scaling/../scaling/results/2026-04-02_10h34_sem_gaussian/graphs/golden__v10_a15_g29.json,/home/mathis/Documents/Travail/cbnsl_benchmark/scaling/../scaling/results/2026-04-02_10h34_sem_gaussian/graphs/CPC__v10_a15_g29_s500.json,,0.20315197098534554,13.0,13.0,0.33333333333333337,0.5,0.23076923076923078,0.3333333333333333
sem_gaussian,CMIIC,"{""alpha"": 0.05}",10,15,500,29,/home/mathis/Documents/Travail/cbnsl_benchmark/scaling/../scaling/results/2026-04-02_10h34_sem_gaussian/graphs/golden__v10_a15_g29.json,/home/mathis/Documents/Travail/cbnsl_benchmark/scaling/../scaling/results/2026-04-02_10h34_sem_gaussian/graphs/CMIIC__v10_a15_g29_s500.json,,0.32331053202506155,10.0,9.0,0.2222222222222222,0.7692307692307692,0.2857142857142857,0.6666666666666666
sem_gaussian,MIIC,"{""n_bins"": 4, ""discretization_method"": ""quantile""}",10,15,500,29,/home/mathis/Documents/Travail/cbnsl_benchmark/scaling/../scaling/results/2026-04-02_10h34_sem_gaussian/graphs/golden__v10_a15_g29.json,/home/mathis/Documents/Travail/cbnsl_benchmark/scaling/../scaling/results/2026-04-02_10h34_sem_gaussian/graphs/MIIC__v10_a15_g29_s500.json,,0.03736607401515357,12.0,13.0,0.0,0.6666666666666667,0.0,0.5333333333333333
sem_gaussian,GHC+BDeu,"{""n_bins"": 4, ""discretization_method"": ""quantile""}",10,15,500,29,/home/mathis/Documents/Travail/cbnsl_benchmark/scaling/../scaling/results/2026-04-02_10h34_sem_gaussian/graphs/golden__v10_a15_g29.json,/home/mathis/Documents/Travail/cbnsl_benchmark/scaling/../scaling/results/2026-04-02_10h34_sem_gaussian/graphs/GHC+BDeu__v10_a15_g29_s500.json,,0.03797249001218006,12.0,14.0,0.0,0.608695652173913,0.0,0.4666666666666667
sem_gaussian,NOTEARS,"{""lambda1"": 0.0, ""w_threshold_notears"": 0.3}",10,15,500,29,/home/mathis/Documents/Travail/cbnsl_benchmark/scaling/../scaling/results/2026-04-02_10h34_sem_gaussian/graphs/golden__v10_a15_g29.json,/home/mathis/Documents/Travail/cbnsl_benchmark/scaling/../scaling/results/2026-04-02_10h34_sem_gaussian/graphs/NOTEARS__v10_a15_g29_s500.json,,3.971107071003644,5.0,11.0,0.9285714285714286,0.9655172413793104,0.9285714285714286,0.9333333333333333
sem_gaussian,NOTEARS Disc.,"{""lambda1"": 0.1, ""w_threshold_notears"": 0.1, ""n_bins"": 4, ""discretization_method"": ""quantile""}",10,15,500,29,/home/mathis/Documents/Travail/cbnsl_benchmark/scaling/../scaling/results/2026-04-02_10h34_sem_gaussian/graphs/golden__v10_a15_g29.json,/home/mathis/Documents/Travail/cbnsl_benchmark/scaling/../scaling/results/2026-04-02_10h34_sem_gaussian/graphs/NOTEARS Disc.__v10_a15_g29_s500.json,,1.519852097000694,7.0,9.0,0.6086956521739131,0.896551724137931,0.7777777777777778,0.8666666666666667
sem_gaussian,LiNGAM,"{""threshold_lingam"": 0.1}",10,15,500,29,/home/mathis/Documents/Travail/cbnsl_benchmark/scaling/../scaling/results/2026-04-02_10h34_sem_gaussian/graphs/golden__v10_a15_g29.json,/home/mathis/Documents/Travail/cbnsl_benchmark/scaling/../scaling/results/2026-04-02_10h34_sem_gaussian/graphs/LiNGAM__v10_a15_g29_s500.json,,0.2562180660024751,15.0,19.0,0.37037037037037035,0.8108108108108109,1.0,1.0
sem_gaussian,CPC,"{""alpha"": 0.05, ""max_conditioning_set_size"": 3}",10,15,1000,29,/home/mathis/Documents/Travail/cbnsl_benchmark/scaling/../scaling/results/2026-04-02_10h34_sem_gaussian/graphs/golden__v10_a15_g29.json,/home/mathis/Documents/Travail/cbnsl_benchmark/scaling/../scaling/results/2026-04-02_10h34_sem_gaussian/graphs/CPC__v10_a15_g29_s1000.json,,0.8934747309831437,13.0,13.0,0.22222222222222224,0.608695652173913,0.2,0.4666666666666667
sem_gaussian,CMIIC,"{""alpha"": 0.05}",10,15,1000,29,/home/mathis/Documents/Travail/cbnsl_benchmark/scaling/../scaling/results/2026-04-02_10h34_sem_gaussian/graphs/golden__v10_a15_g29.json,/home/mathis/Documents/Travail/cbnsl_benchmark/scaling/../scaling/results/2026-04-02_10h34_sem_gaussian/graphs/CMIIC__v10_a15_g29_s1000.json,,1.2619170160032809,11.0,12.0,0.11764705882352941,0.6666666666666667,0.125,0.5333333333333333
sem_gaussian,MIIC,"{""n_bins"": 4, ""discretization_method"": ""quantile""}",10,15,1000,29,/home/mathis/Documents/Travail/cbnsl_benchmark/scaling/../scaling/results/2026-04-02_10h34_sem_gaussian/graphs/golden__v10_a15_g29.json,/home/mathis/Documents/Travail/cbnsl_benchmark/scaling/../scaling/results/2026-04-02_10h34_sem_gaussian/graphs/MIIC__v10_a15_g29_s1000.json,,0.06284952600253746,11.0,11.0,0.0,0.7200000000000001,0.0,0.6
sem_gaussian,GHC+BDeu,"{""n_bins"": 4, ""discretization_method"": ""quantile""}",10,15,1000,29,/home/mathis/Documents/Travail/cbnsl_benchmark/scaling/../scaling/results/2026-04-02_10h34_sem_gaussian/graphs/golden__v10_a15_g29.json,/home/mathis/Documents/Travail/cbnsl_benchmark/scaling/../scaling/results/2026-04-02_10h34_sem_gaussian/graphs/GHC+BDeu__v10_a15_g29_s1000.json,,0.05519740498857573,12.0,13.0,0.0,0.6666666666666667,0.0,0.5333333333333333
sem_gaussian,NOTEARS,"{""lambda1"": 0.0, ""w_threshold_notears"": 0.3}",10,15,1000,29,/home/mathis/Documents/Travail/cbnsl_benchmark/scaling/../scaling/results/2026-04-02_10h34_sem_gaussian/graphs/golden__v10_a15_g29.json,/home/mathis/Documents/Travail/cbnsl_benchmark/scaling/../scaling/results/2026-04-02_10h34_sem_gaussian/graphs/NOTEARS__v10_a15_g29_s1000.json,,2.408480846992461,4.0,0.0,0.9655172413793104,1.0,1.0,1.0
sem_gaussian,NOTEARS Disc.,"{""lambda1"": 0.1, ""w_threshold_notears"": 0.1, ""n_bins"": 4, ""discretization_method"": ""quantile""}",10,15,1000,29,/home/mathis/Documents/Travail/cbnsl_benchmark/scaling/../scaling/results/2026-04-02_10h34_sem_gaussian/graphs/golden__v10_a15_g29.json,/home/mathis/Documents/Travail/cbnsl_benchmark/scaling/../scaling/results/2026-04-02_10h34_sem_gaussian/graphs/NOTEARS Disc.__v10_a15_g29_s1000.json,,2.452791939023882,3.0,10.0,0.8148148148148148,0.967741935483871,1.0,1.0
sem_gaussian,LiNGAM,"{""threshold_lingam"": 0.1}",10,15,1000,29,/home/mathis/Documents/Travail/cbnsl_benchmark/scaling/../scaling/results/2026-04-02_10h34_sem_gaussian/graphs/golden__v10_a15_g29.json,/home/mathis/Documents/Travail/cbnsl_benchmark/scaling/../scaling/results/2026-04-02_10h34_sem_gaussian/graphs/LiNGAM__v10_a15_g29_s1000.json,,0.32296678799320944,22.0,23.0,0.33333333333333326,0.6363636363636364,0.8571428571428571,0.9333333333333333
sem_gaussian,CPC,"{""alpha"": 0.05, ""max_conditioning_set_size"": 3}",10,15,3000,29,/home/mathis/Documents/Travail/cbnsl_benchmark/scaling/../scaling/results/2026-04-02_10h34_sem_gaussian/graphs/golden__v10_a15_g29.json,/home/mathis/Documents/Travail/cbnsl_benchmark/scaling/../scaling/results/2026-04-02_10h34_sem_gaussian/graphs/CPC__v10_a15_g29_s3000.json,,10.34007965400815,6.0,12.0,0.6363636363636364,0.9285714285714286,0.7777777777777778,0.8666666666666667
sem_gaussian,CMIIC,"{""alpha"": 0.05}",10,15,3000,29,/home/mathis/Documents/Travail/cbnsl_benchmark/scaling/../scaling/results/2026-04-02_10h34_sem_gaussian/graphs/golden__v10_a15_g29.json,/home/mathis/Documents/Travail/cbnsl_benchmark/scaling/../scaling/results/2026-04-02_10h34_sem_gaussian/graphs/CMIIC__v10_a15_g29_s3000.json,,9.134788502007723,13.0,11.0,0.22222222222222224,0.7200000000000001,0.25,0.6
sem_gaussian,MIIC,"{""n_bins"": 4, ""discretization_method"": ""quantile""}",10,15,3000,29,/home/mathis/Documents/Travail/cbnsl_benchmark/scaling/../scaling/results/2026-04-02_10h34_sem_gaussian/graphs/golden__v10_a15_g29.json,/home/mathis/Documents/Travail/cbnsl_benchmark/scaling/../scaling/results/2026-04-02_10h34_sem_gaussian/graphs/MIIC__v10_a15_g29_s3000.json,,0.17756765201920643,13.0,11.0,0.22222222222222224,0.7200000000000001,0.25,0.6
sem_gaussian,GHC+BDeu,"{""n_bins"": 4, ""discretization_method"": ""quantile""}",10,15,3000,29,/home/mathis/Documents/Travail/cbnsl_benchmark/scaling/../scaling/results/2026-04-02_10h34_sem_gaussian/graphs/golden__v10_a15_g29.json,/home/mathis/Documents/Travail/cbnsl_benchmark/scaling/../scaling/results/2026-04-02_10h34_sem_gaussian/graphs/GHC+BDeu__v10_a15_g29_s3000.json,,0.14533426097477786,15.0,11.0,0.3,0.7407407407407408,0.375,0.6666666666666666
sem_gaussian,NOTEARS,"{""lambda1"": 0.0, ""w_threshold_notears"": 0.3}",10,15,3000,29,/home/mathis/Documents/Travail/cbnsl_benchmark/scaling/../scaling/results/2026-04-02_10h34_sem_gaussian/graphs/golden__v10_a15_g29.json,/home/mathis/Documents/Travail/cbnsl_benchmark/scaling/../scaling/results/2026-04-02_10h34_sem_gaussian/graphs/NOTEARS__v10_a15_g29_s3000.json,,3.514514225011226,4.0,0.0,0.9655172413793104,1.0,1.0,1.0
sem_gaussian,NOTEARS Disc.,"{""lambda1"": 0.1, ""w_threshold_notears"": 0.1, ""n_bins"": 4, ""discretization_method"": ""quantile""}",10,15,3000,29,/home/mathis/Documents/Travail/cbnsl_benchmark/scaling/../scaling/results/2026-04-02_10h34_sem_gaussian/graphs/golden__v10_a15_g29.json,/home/mathis/Documents/Travail/cbnsl_benchmark/scaling/../scaling/results/2026-04-02_10h34_sem_gaussian/graphs/NOTEARS Disc.__v10_a15_g29_s3000.json,,5.197697641007835,0.0,7.0,0.846153846153846,1.0,1.0,1.0
sem_gaussian,LiNGAM,"{""threshold_lingam"": 0.1}",10,15,3000,29,/home/mathis/Documents/Travail/cbnsl_benchmark/scaling/../scaling/results/2026-04-02_10h34_sem_gaussian/graphs/golden__v10_a15_g29.json,/home/mathis/Documents/Travail/cbnsl_benchmark/scaling/../scaling/results/2026-04-02_10h34_sem_gaussian/graphs/LiNGAM__v10_a15_g29_s3000.json,,0.4339026510133408,28.0,29.0,0.3,0.6122448979591837,1.0,1.0
sem_gaussian,CPC,"{""alpha"": 0.05, ""max_conditioning_set_size"": 3}",10,15,5000,29,/home/mathis/Documents/Travail/cbnsl_benchmark/scaling/../scaling/results/2026-04-02_10h34_sem_gaussian/graphs/golden__v10_a15_g29.json,/home/mathis/Documents/Travail/cbnsl_benchmark/scaling/../scaling/results/2026-04-02_10h34_sem_gaussian/graphs/CPC__v10_a15_g29_s5000.json,,29.79756392200943,9.0,8.0,0.7200000000000001,0.9333333333333333,0.9,0.9333333333333333
sem_gaussian,CMIIC,"{""alpha"": 0.05}",10,15,5000,29,/home/mathis/Documents/Travail/cbnsl_benchmark/scaling/../scaling/results/2026-04-02_10h34_sem_gaussian/graphs/golden__v10_a15_g29.json,/home/mathis/Documents/Travail/cbnsl_benchmark/scaling/../scaling/results/2026-04-02_10h34_sem_gaussian/graphs/CMIIC__v10_a15_g29_s5000.json,,23.953453141002683,13.0,11.0,0.22222222222222224,0.7200000000000001,0.25,0.6
sem_gaussian,MIIC,"{""n_bins"": 4, ""discretization_method"": ""quantile""}",10,15,5000,29,/home/mathis/Documents/Travail/cbnsl_benchmark/scaling/../scaling/results/2026-04-02_10h34_sem_gaussian/graphs/golden__v10_a15_g29.json,/home/mathis/Documents/Travail/cbnsl_benchmark/scaling/../scaling/results/2026-04-02_10h34_sem_gaussian/graphs/MIIC__v10_a15_g29_s5000.json,,0.35948544600978494,10.0,10.0,0.5454545454545454,0.8148148148148148,0.6,0.7333333333333333
sem_gaussian,GHC+BDeu,"{""n_bins"": 4, ""discretization_method"": ""quantile""}",10,15,5000,29,/home/mathis/Documents/Travail/cbnsl_benchmark/scaling/../scaling/results/2026-04-02_10h34_sem_gaussian/graphs/golden__v10_a15_g29.json,/home/mathis/Documents/Travail/cbnsl_benchmark/scaling/../scaling/results/2026-04-02_10h34_sem_gaussian/graphs/GHC+BDeu__v10_a15_g29_s5000.json,,0.23835512998630293,15.0,11.0,0.3,0.7407407407407408,0.375,0.6666666666666666
sem_gaussian,NOTEARS,"{""lambda1"": 0.0, ""w_threshold_notears"": 0.3}",10,15,5000,29,/home/mathis/Documents/Travail/cbnsl_benchmark/scaling/../scaling/results/2026-04-02_10h34_sem_gaussian/graphs/golden__v10_a15_g29.json,/home/mathis/Documents/Travail/cbnsl_benchmark/scaling/../scaling/results/2026-04-02_10h34_sem_gaussian/graphs/NOTEARS__v10_a15_g29_s5000.json,,4.607198220997816,4.0,0.0,0.9655172413793104,1.0,1.0,1.0
sem_gaussian,NOTEARS Disc.,"{""lambda1"": 0.1, ""w_threshold_notears"": 0.1, ""n_bins"": 4, ""discretization_method"": ""quantile""}",10,15,5000,29,/home/mathis/Documents/Travail/cbnsl_benchmark/scaling/../scaling/results/2026-04-02_10h34_sem_gaussian/graphs/golden__v10_a15_g29.json,/home/mathis/Documents/Travail/cbnsl_benchmark/scaling/../scaling/results/2026-04-02_10h34_sem_gaussian/graphs/NOTEARS Disc.__v10_a15_g29_s5000.json,,6.807738474017242,0.0,7.0,0.846153846153846,1.0,1.0,1.0
sem_gaussian,LiNGAM,"{""threshold_lingam"": 0.1}",10,15,5000,29,/home/mathis/Documents/Travail/cbnsl_benchmark/scaling/../scaling/results/2026-04-02_10h34_sem_gaussian/graphs/golden__v10_a15_g29.json,/home/mathis/Documents/Travail/cbnsl_benchmark/scaling/../scaling/results/2026-04-02_10h34_sem_gaussian/graphs/LiNGAM__v10_a15_g29_s5000.json,[pyAgrum] Partially directed cycle detected: Add a partial directed cycle in a PDAG : between 6 and 0,,,,,,,
sem_gaussian,CPC,"{""alpha"": 0.05, ""max_conditioning_set_size"": 3}",20,30,200,0,/home/mathis/Documents/Travail/cbnsl_benchmark/scaling/../scaling/results/2026-04-02_10h34_sem_gaussian/graphs/golden__v20_a30_g0.json,/home/mathis/Documents/Travail/cbnsl_benchmark/scaling/../scaling/results/2026-04-02_10h34_sem_gaussian/graphs/CPC__v20_a30_g0_s200.json,,0.08461074702790938,24.0,28.0,0.28571428571428575,0.4615384615384615,0.19230769230769232,0.3
sem_gaussian,CMIIC,"{""alpha"": 0.05}",20,30,200,0,/home/mathis/Documents/Travail/cbnsl_benchmark/scaling/../scaling/results/2026-04-02_10h34_sem_gaussian/graphs/golden__v20_a30_g0.json,/home/mathis/Documents/Travail/cbnsl_benchmark/scaling/../scaling/results/2026-04-02_10h34_sem_gaussian/graphs/CMIIC__v20_a30_g0_s200.json,,0.3728273309825454,21.0,23.0,0.5238095238095238,0.8518518518518519,0.6111111111111112,0.7666666666666667
sem_gaussian,MIIC,"{""n_bins"": 4, ""discretization_method"": ""quantile""}",20,30,200,0,/home/mathis/Documents/Travail/cbnsl_benchmark/scaling/../scaling/results/2026-04-02_10h34_sem_gaussian/graphs/golden__v20_a30_g0.json,/home/mathis/Documents/Travail/cbnsl_benchmark/scaling/../scaling/results/2026-04-02_10h34_sem_gaussian/graphs/MIIC__v20_a30_g0_s200.json,,0.03981696697883308,26.0,27.0,0.0,0.5714285714285715,0.0,0.4
sem_gaussian,GHC+BDeu,"{""n_bins"": 4, ""discretization_method"": ""quantile""}",20,30,200,0,/home/mathis/Documents/Travail/cbnsl_benchmark/scaling/../scaling/results/2026-04-02_10h34_sem_gaussian/graphs/golden__v20_a30_g0.json,/home/mathis/Documents/Travail/cbnsl_benchmark/scaling/../scaling/results/2026-04-02_10h34_sem_gaussian/graphs/GHC+BDeu__v20_a30_g0_s200.json,,0.03993323599570431,28.0,28.0,0.0,0.33333333333333337,0.0,0.2
sem_gaussian,NOTEARS,"{""lambda1"": 0.0, ""w_threshold_notears"": 0.3}",20,30,200,0,/home/mathis/Documents/Travail/cbnsl_benchmark/scaling/../scaling/results/2026-04-02_10h34_sem_gaussian/graphs/golden__v20_a30_g0.json,/home/mathis/Documents/Travail/cbnsl_benchmark/scaling/../scaling/results/2026-04-02_10h34_sem_gaussian/graphs/NOTEARS__v20_a30_g0_s200.json,,5.207339759974275,10.0,15.0,0.7692307692307692,0.9333333333333333,0.9090909090909091,0.9333333333333333
sem_gaussian,NOTEARS Disc.,"{""lambda1"": 0.1, ""w_threshold_notears"": 0.1, ""n_bins"": 4, ""discretization_method"": ""quantile""}",20,30,200,0,/home/mathis/Documents/Travail/cbnsl_benchmark/scaling/../scaling/results/2026-04-02_10h34_sem_gaussian/graphs/golden__v20_a30_g0.json,/home/mathis/Documents/Travail/cbnsl_benchmark/scaling/../scaling/results/2026-04-02_10h34_sem_gaussian/graphs/NOTEARS Disc.__v20_a30_g0_s200.json,,3.5320733999833465,24.0,26.0,0.4680851063829786,0.8571428571428572,0.7857142857142857,0.9
sem_gaussian,LiNGAM,"{""threshold_lingam"": 0.1}",20,30,200,0,/home/mathis/Documents/Travail/cbnsl_benchmark/scaling/../scaling/results/2026-04-02_10h34_sem_gaussian/graphs/golden__v20_a30_g0.json,/home/mathis/Documents/Travail/cbnsl_benchmark/scaling/../scaling/results/2026-04-02_10h34_sem_gaussian/graphs/LiNGAM__v20_a30_g0_s200.json,,1.164461707987357,50.0,53.0,0.3243243243243243,0.6067415730337079,0.8,0.9
sem_gaussian,CPC,"{""alpha"": 0.05, ""max_conditioning_set_size"": 3}",20,30,500,0,/home/mathis/Documents/Travail/cbnsl_benchmark/scaling/../scaling/results/2026-04-02_10h34_sem_gaussian/graphs/golden__v20_a30_g0.json,/home/mathis/Documents/Travail/cbnsl_benchmark/scaling/../scaling/results/2026-04-02_10h34_sem_gaussian/graphs/CPC__v20_a30_g0_s500.json,,0.4250293830118608,29.0,28.0,0.0,0.6363636363636364,0.0,0.4666666666666667
sem_gaussian,CMIIC,"{""alpha"": 0.05}",20,30,500,0,/home/mathis/Documents/Travail/cbnsl_benchmark/scaling/../scaling/results/2026-04-02_10h34_sem_gaussian/graphs/golden__v20_a30_g0.json,/home/mathis/Documents/Travail/cbnsl_benchmark/scaling/../scaling/results/2026-04-02_10h34_sem_gaussian/graphs/CMIIC__v20_a30_g0_s500.json,,1.5912852320179809,27.0,22.0,0.1764705882352941,0.8301886792452831,0.2727272727272727,0.7333333333333333
sem_gaussian,MIIC,"{""n_bins"": 4, ""discretization_method"": ""quantile""}",20,30,500,0,/home/mathis/Documents/Travail/cbnsl_benchmark/scaling/../scaling/results/2026-04-02_10h34_sem_gaussian/graphs/golden__v20_a30_g0.json,/home/mathis/Documents/Travail/cbnsl_benchmark/scaling/../scaling/results/2026-04-02_10h34_sem_gaussian/graphs/MIIC__v20_a30_g0_s500.json,,0.07615762299974449,29.0,23.0,0.0,0.8235294117647058,0.0,0.7
sem_gaussian,GHC+BDeu,"{""n_bins"": 4, ""discretization_method"": ""quantile""}",20,30,500,0,/home/mathis/Documents/Travail/cbnsl_benchmark/scaling/../scaling/results/2026-04-02_10h34_sem_gaussian/graphs/golden__v20_a30_g0.json,/home/mathis/Documents/Travail/cbnsl_benchmark/scaling/../scaling/results/2026-04-02_10h34_sem_gaussian/graphs/GHC+BDeu__v20_a30_g0_s500.json,,0.06745759001933038,29.0,28.0,0.0,0.6521739130434783,0.0,0.5
sem_gaussian,NOTEARS,"{""lambda1"": 0.0, ""w_threshold_notears"": 0.3}",20,30,500,0,/home/mathis/Documents/Travail/cbnsl_benchmark/scaling/../scaling/results/2026-04-02_10h34_sem_gaussian/graphs/golden__v20_a30_g0.json,/home/mathis/Documents/Travail/cbnsl_benchmark/scaling/../scaling/results/2026-04-02_10h34_sem_gaussian/graphs/NOTEARS__v20_a30_g0_s500.json,,6.2952533710049465,9.0,18.0,0.8,0.9354838709677419,0.9565217391304348,0.9666666666666667
sem_gaussian,NOTEARS Disc.,"{""lambda1"": 0.1, ""w_threshold_notears"": 0.1, ""n_bins"": 4, ""discretization_method"": ""quantile""}",20,30,500,0,/home/mathis/Documents/Travail/cbnsl_benchmark/scaling/../scaling/results/2026-04-02_10h34_sem_gaussian/graphs/golden__v20_a30_g0.json,/home/mathis/Documents/Travail/cbnsl_benchmark/scaling/../scaling/results/2026-04-02_10h34_sem_gaussian/graphs/NOTEARS Disc.__v20_a30_g0_s500.json,,4.742469119984889,11.0,15.0,0.7547169811320754,0.9180327868852459,0.9090909090909091,0.9333333333333333
sem_gaussian,LiNGAM,"{""threshold_lingam"": 0.1}",20,30,500,0,/home/mathis/Documents/Travail/cbnsl_benchmark/scaling/../scaling/results/2026-04-02_10h34_sem_gaussian/graphs/golden__v20_a30_g0.json,/home/mathis/Documents/Travail/cbnsl_benchmark/scaling/../scaling/results/2026-04-02_10h34_sem_gaussian/graphs/LiNGAM__v20_a30_g0_s500.json,,1.3819551279884763,43.0,47.0,0.4266666666666667,0.6436781609195402,0.8888888888888888,0.9333333333333333
sem_gaussian,CPC,"{""alpha"": 0.05, ""max_conditioning_set_size"": 3}",20,30,1000,0,/home/mathis/Documents/Travail/cbnsl_benchmark/scaling/../scaling/results/2026-04-02_10h34_sem_gaussian/graphs/golden__v20_a30_g0.json,/home/mathis/Documents/Travail/cbnsl_benchmark/scaling/../scaling/results/2026-04-02_10h34_sem_gaussian/graphs/CPC__v20_a30_g0_s1000.json,,2.1514225360006094,24.0,26.0,0.33333333333333337,0.7755102040816326,0.35294117647058826,0.6333333333333333
sem_gaussian,CMIIC,"{""alpha"": 0.05}",20,30,1000,0,/home/mathis/Documents/Travail/cbnsl_benchmark/scaling/../scaling/results/2026-04-02_10h34_sem_gaussian/graphs/golden__v20_a30_g0.json,/home/mathis/Documents/Travail/cbnsl_benchmark/scaling/../scaling/results/2026-04-02_10h34_sem_gaussian/graphs/CMIIC__v20_a30_g0_s1000.json,,6.004551311023533,19.0,22.0,0.5365853658536586,0.8679245283018869,0.6111111111111112,0.7666666666666667
sem_gaussian,MIIC,"{""n_bins"": 4, ""discretization_method"": ""quantile""}",20,30,1000,0,/home/mathis/Documents/Travail/cbnsl_benchmark/scaling/../scaling/results/2026-04-02_10h34_sem_gaussian/graphs/golden__v20_a30_g0.json,/home/mathis/Documents/Travail/cbnsl_benchmark/scaling/../scaling/results/2026-04-02_10h34_sem_gaussian/graphs/MIIC__v20_a30_g0_s1000.json,,0.12706820500898175,21.0,20.0,0.4615384615384615,0.888888888888889,0.6,0.8
sem_gaussian,GHC+BDeu,"{""n_bins"": 4, ""discretization_method"": ""quantile""}",20,30,1000,0,/home/mathis/Documents/Travail/cbnsl_benchmark/scaling/../scaling/results/2026-04-02_10h34_sem_gaussian/graphs/golden__v20_a30_g0.json,/home/mathis/Documents/Travail/cbnsl_benchmark/scaling/../scaling/results/2026-04-02_10h34_sem_gaussian/graphs/GHC+BDeu__v20_a30_g0_s1000.json,,0.1093666989763733,26.0,24.0,0.125,0.7499999999999999,0.14285714285714285,0.6
sem_gaussian,NOTEARS,"{""lambda1"": 0.0, ""w_threshold_notears"": 0.3}",20,30,1000,0,/home/mathis/Documents/Travail/cbnsl_benchmark/scaling/../scaling/results/2026-04-02_10h34_sem_gaussian/graphs/golden__v20_a30_g0.json,/home/mathis/Documents/Travail/cbnsl_benchmark/scaling/../scaling/results/2026-04-02_10h34_sem_gaussian/graphs/NOTEARS__v20_a30_g0_s1000.json,,7.687674257002072,18.0,21.0,0.6538461538461537,0.8524590163934426,0.8095238095238095,0.8666666666666667
sem_gaussian,NOTEARS Disc.,"{""lambda1"": 0.1, ""w_threshold_notears"": 0.1, ""n_bins"": 4, ""discretization_method"": ""quantile""}",20,30,1000,0,/home/mathis/Documents/Travail/cbnsl_benchmark/scaling/../scaling/results/2026-04-02_10h34_sem_gaussian/graphs/golden__v20_a30_g0.json,/home/mathis/Documents/Travail/cbnsl_benchmark/scaling/../scaling/results/2026-04-02_10h34_sem_gaussian/graphs/NOTEARS Disc.__v20_a30_g0_s1000.json,,4.642935498995939,14.0,21.0,0.7058823529411764,0.9180327868852459,0.9,0.9333333333333333
sem_gaussian,LiNGAM,"{""threshold_lingam"": 0.1}",20,30,1000,0,/home/mathis/Documents/Travail/cbnsl_benchmark/scaling/../scaling/results/2026-04-02_10h34_sem_gaussian/graphs/golden__v20_a30_g0.json,/home/mathis/Documents/Travail/cbnsl_benchmark/scaling/../scaling/results/2026-04-02_10h34_sem_gaussian/graphs/LiNGAM__v20_a30_g0_s1000.json,,1.5922998790047131,56.0,58.0,0.3636363636363636,0.5882352941176471,1.0,1.0
sem_gaussian,CPC,"{""alpha"": 0.05, ""max_conditioning_set_size"": 3}",20,30,3000,0,/home/mathis/Documents/Travail/cbnsl_benchmark/scaling/../scaling/results/2026-04-02_10h34_sem_gaussian/graphs/golden__v20_a30_g0.json,/home/mathis/Documents/Travail/cbnsl_benchmark/scaling/../scaling/results/2026-04-02_10h34_sem_gaussian/graphs/CPC__v20_a30_g0_s3000.json,,23.57798750899383,22.0,16.0,0.45,0.8928571428571429,0.6428571428571429,0.8333333333333334
sem_gaussian,CMIIC,"{""alpha"": 0.05}",20,30,3000,0,/home/mathis/Documents/Travail/cbnsl_benchmark/scaling/../scaling/results/2026-04-02_10h34_sem_gaussian/graphs/golden__v20_a30_g0.json,/home/mathis/Documents/Travail/cbnsl_benchmark/scaling/../scaling/results/2026-04-02_10h34_sem_gaussian/graphs/CMIIC__v20_a30_g0_s3000.json,,57.71480330999475,20.0,22.0,0.5365853658536586,0.8679245283018869,0.6111111111111112,0.7666666666666667
sem_gaussian,MIIC,"{""n_bins"": 4, ""discretization_method"": ""quantile""}",20,30,3000,0,/home/mathis/Documents/Travail/cbnsl_benchmark/scaling/../scaling/results/2026-04-02_10h34_sem_gaussian/graphs/golden__v20_a30_g0.json,/home/mathis/Documents/Travail/cbnsl_benchmark/scaling/../scaling/results/2026-04-02_10h34_sem_gaussian/graphs/MIIC__v20_a30_g0_s3000.json,,1.0545402469870169,18.0,20.0,0.5909090909090909,0.8727272727272728,0.6842105263157895,0.8
sem_gaussian,GHC+BDeu,"{""n_bins"": 4, ""discretization_method"": ""quantile""}",20,30,3000,0,/home/mathis/Documents/Travail/cbnsl_benchmark/scaling/../scaling/results/2026-04-02_10h34_sem_gaussian/graphs/golden__v20_a30_g0.json,/home/mathis/Documents/Travail/cbnsl_benchmark/scaling/../scaling/results/2026-04-02_10h34_sem_gaussian/graphs/GHC+BDeu__v20_a30_g0_s3000.json,,1.2624097290099598,18.0,21.0,0.5365853658536586,0.846153846153846,0.5789473684210527,0.7333333333333333
sem_gaussian,NOTEARS,"{""lambda1"": 0.0, ""w_threshold_notears"": 0.3}",20,30,3000,0,/home/mathis/Documents/Travail/cbnsl_benchmark/scaling/../scaling/results/2026-04-02_10h34_sem_gaussian/graphs/golden__v20_a30_g0.json,/home/mathis/Documents/Travail/cbnsl_benchmark/scaling/../scaling/results/2026-04-02_10h34_sem_gaussian/graphs/NOTEARS__v20_a30_g0_s3000.json,,58.20787683001254,11.0,16.0,0.7547169811320754,0.9,0.8695652173913043,0.9
sem_gaussian,NOTEARS Disc.,"{""lambda1"": 0.1, ""w_threshold_notears"": 0.1, ""n_bins"": 4, ""discretization_method"": ""quantile""}",20,30,3000,0,/home/mathis/Documents/Travail/cbnsl_benchmark/scaling/../scaling/results/2026-04-02_10h34_sem_gaussian/graphs/golden__v20_a30_g0.json,/home/mathis/Documents/Travail/cbnsl_benchmark/scaling/../scaling/results/2026-04-02_10h34_sem_gaussian/graphs/NOTEARS Disc.__v20_a30_g0_s3000.json,,18.048970130999805,7.0,19.0,0.823529411764706,0.983050847457627,0.9545454545454546,0.9666666666666667
sem_gaussian,LiNGAM,"{""threshold_lingam"": 0.1}",20,30,3000,0,/home/mathis/Documents/Travail/cbnsl_benchmark/scaling/../scaling/results/2026-04-02_10h34_sem_gaussian/graphs/golden__v20_a30_g0.json,/home/mathis/Documents/Travail/cbnsl_benchmark/scaling/../scaling/results/2026-04-02_10h34_sem_gaussian/graphs/LiNGAM__v20_a30_g0_s3000.json,,3.5795796749880537,47.0,47.0,0.34285714285714286,0.6666666666666667,0.9230769230769231,0.9666666666666667
sem_gaussian,CPC,"{""alpha"": 0.05, ""max_conditioning_set_size"": 3}",20,30,5000,0,/home/mathis/Documents/Travail/cbnsl_benchmark/scaling/../scaling/results/2026-04-02_10h34_sem_gaussian/graphs/golden__v20_a30_g0.json,/home/mathis/Documents/Travail/cbnsl_benchmark/scaling/../scaling/results/2026-04-02_10h34_sem_gaussian/graphs/CPC__v20_a30_g0_s5000.json,,93.59248834798927,21.0,16.0,0.4878048780487805,0.912280701754386,0.7142857142857143,0.8666666666666667
sem_gaussian,CMIIC,"{""alpha"": 0.05}",20,30,5000,0,/home/mathis/Documents/Travail/cbnsl_benchmark/scaling/../scaling/results/2026-04-02_10h34_sem_gaussian/graphs/golden__v20_a30_g0.json,/home/mathis/Documents/Travail/cbnsl_benchmark/scaling/../scaling/results/2026-04-02_10h34_sem_gaussian/graphs/CMIIC__v20_a30_g0_s5000.json,,149.4228143430082,19.0,22.0,0.5365853658536586,0.8679245283018869,0.6111111111111112,0.7666666666666667
sem_gaussian,MIIC,"{""n_bins"": 4, ""discretization_method"": ""quantile""}",20,30,5000,0,/home/mathis/Documents/Travail/cbnsl_benchmark/scaling/../scaling/results/2026-04-02_10h34_sem_gaussian/graphs/golden__v20_a30_g0.json,/home/mathis/Documents/Travail/cbnsl_benchmark/scaling/../scaling/results/2026-04-02_10h34_sem_gaussian/graphs/MIIC__v20_a30_g0_s5000.json,,1.3676912689988967,11.0,22.0,0.8076923076923077,0.8928571428571429,0.8076923076923077,0.8333333333333334
sem_gaussian,GHC+BDeu,"{""n_bins"": 4, ""discretization_method"": ""quantile""}",20,30,5000,0,/home/mathis/Documents/Travail/cbnsl_benchmark/scaling/../scaling/results/2026-04-02_10h34_sem_gaussian/graphs/golden__v20_a30_g0.json,/home/mathis/Documents/Travail/cbnsl_benchmark/scaling/../scaling/results/2026-04-02_10h34_sem_gaussian/graphs/GHC+BDeu__v20_a30_g0_s5000.json,,0.7081350130029023,20.0,25.0,0.5333333333333333,0.8620689655172413,0.7058823529411765,0.8333333333333334
sem_gaussian,NOTEARS,"{""lambda1"": 0.0, ""w_threshold_notears"": 0.3}",20,30,5000,0,/home/mathis/Documents/Travail/cbnsl_benchmark/scaling/../scaling/results/2026-04-02_10h34_sem_gaussian/graphs/golden__v20_a30_g0.json,/home/mathis/Documents/Travail/cbnsl_benchmark/scaling/../scaling/results/2026-04-02_10h34_sem_gaussian/graphs/NOTEARS__v20_a30_g0_s5000.json,,35.211492542002816,7.0,12.0,0.8235294117647057,0.9655172413793104,0.9130434782608695,0.9333333333333333
sem_gaussian,NOTEARS Disc.,"{""lambda1"": 0.1, ""w_threshold_notears"": 0.1, ""n_bins"": 4, ""discretization_method"": ""quantile""}",20,30,5000,0,/home/mathis/Documents/Travail/cbnsl_benchmark/scaling/../scaling/results/2026-04-02_10h34_sem_gaussian/graphs/golden__v20_a30_g0.json,/home/mathis/Documents/Travail/cbnsl_benchmark/scaling/../scaling/results/2026-04-02_10h34_sem_gaussian/graphs/NOTEARS Disc.__v20_a30_g0_s5000.json,,33.74141445301939,10.0,22.0,0.7692307692307692,0.9508196721311476,0.9523809523809523,0.9666666666666667
sem_gaussian,LiNGAM,"{""threshold_lingam"": 0.1}",20,30,5000,0,/home/mathis/Documents/Travail/cbnsl_benchmark/scaling/../scaling/results/2026-04-02_10h34_sem_gaussian/graphs/golden__v20_a30_g0.json,/home/mathis/Documents/Travail/cbnsl_benchmark/scaling/../scaling/results/2026-04-02_10h34_sem_gaussian/graphs/LiNGAM__v20_a30_g0_s5000.json,,4.407286732981447,63.0,63.0,0.3368421052631579,0.5504587155963303,1.0,1.0
sem_gaussian,CPC,"{""alpha"": 0.05, ""max_conditioning_set_size"": 3}",20,30,200,1,/home/mathis/Documents/Travail/cbnsl_benchmark/scaling/../scaling/results/2026-04-02_10h34_sem_gaussian/graphs/golden__v20_a30_g1.json,/home/mathis/Documents/Travail/cbnsl_benchmark/scaling/../scaling/results/2026-04-02_10h34_sem_gaussian/graphs/CPC__v20_a30_g1_s200.json,,0.14996313699521124,30.0,29.0,0.06451612903225806,0.2857142857142857,0.038461538461538464,0.16666666666666666
sem_gaussian,CMIIC,"{""alpha"": 0.05}",20,30,200,1,/home/mathis/Documents/Travail/cbnsl_benchmark/scaling/../scaling/results/2026-04-02_10h34_sem_gaussian/graphs/golden__v20_a30_g1.json,/home/mathis/Documents/Travail/cbnsl_benchmark/scaling/../scaling/results/2026-04-02_10h34_sem_gaussian/graphs/CMIIC__v20_a30_g1_s200.json,,0.7121544159890618,18.0,22.0,0.5714285714285715,0.8679245283018869,0.631578947368421,0.7666666666666667
sem_gaussian,MIIC,"{""n_bins"": 4, ""discretization_method"": ""quantile""}",20,30,200,1,/home/mathis/Documents/Travail/cbnsl_benchmark/scaling/../scaling/results/2026-04-02_10h34_sem_gaussian/graphs/golden__v20_a30_g1.json,/home/mathis/Documents/Travail/cbnsl_benchmark/scaling/../scaling/results/2026-04-02_10h34_sem_gaussian/graphs/MIIC__v20_a30_g1_s200.json,,0.0559452949964907,27.0,26.0,0.0,0.6521739130434783,0.0,0.5
sem_gaussian,GHC+BDeu,"{""n_bins"": 4, ""discretization_method"": ""quantile""}",20,30,200,1,/home/mathis/Documents/Travail/cbnsl_benchmark/scaling/../scaling/results/2026-04-02_10h34_sem_gaussian/graphs/golden__v20_a30_g1.json,/home/mathis/Documents/Travail/cbnsl_benchmark/scaling/../scaling/results/2026-04-02_10h34_sem_gaussian/graphs/GHC+BDeu__v20_a30_g1_s200.json,,0.04740927799139172,30.0,25.0,0.0,0.5714285714285715,0.0,0.4
sem_gaussian,NOTEARS,"{""lambda1"": 0.0, ""w_threshold_notears"": 0.3}",20,30,200,1,/home/mathis/Documents/Travail/cbnsl_benchmark/scaling/../scaling/results/2026-04-02_10h34_sem_gaussian/graphs/golden__v20_a30_g1.json,/home/mathis/Documents/Travail/cbnsl_benchmark/scaling/../scaling/results/2026-04-02_10h34_sem_gaussian/graphs/NOTEARS__v20_a30_g1_s200.json,,36.66809803698561,15.0,18.0,0.7058823529411764,0.9,0.8571428571428571,0.9
sem_gaussian,NOTEARS Disc.,"{""lambda1"": 0.1, ""w_threshold_notears"": 0.1, ""n_bins"": 4, ""discretization_method"": ""quantile""}",20,30,200,1,/home/mathis/Documents/Travail/cbnsl_benchmark/scaling/../scaling/results/2026-04-02_10h34_sem_gaussian/graphs/golden__v20_a30_g1.json,/home/mathis/Documents/Travail/cbnsl_benchmark/scaling/../scaling/results/2026-04-02_10h34_sem_gaussian/graphs/NOTEARS Disc.__v20_a30_g1_s200.json,,13.114282572001684,25.0,16.0,0.358974358974359,0.9152542372881356,0.7,0.9
sem_gaussian,LiNGAM,"{""threshold_lingam"": 0.1}",20,30,200,1,/home/mathis/Documents/Travail/cbnsl_benchmark/scaling/../scaling/results/2026-04-02_10h34_sem_gaussian/graphs/golden__v20_a30_g1.json,/home/mathis/Documents/Travail/cbnsl_benchmark/scaling/../scaling/results/2026-04-02_10h34_sem_gaussian/graphs/LiNGAM__v20_a30_g1_s200.json,,1.1404338050051592,31.0,42.0,0.5915492957746479,0.7499999999999999,1.0,1.0
sem_gaussian,CPC,"{""alpha"": 0.05, ""max_conditioning_set_size"": 3}",20,30,500,1,/home/mathis/Documents/Travail/cbnsl_benchmark/scaling/../scaling/results/2026-04-02_10h34_sem_gaussian/graphs/golden__v20_a30_g1.json,/home/mathis/Documents/Travail/cbnsl_benchmark/scaling/../scaling/results/2026-04-02_10h34_sem_gaussian/graphs/CPC__v20_a30_g1_s500.json,,0.9093656379845925,29.0,28.0,0.0,0.5,0.0,0.3333333333333333
sem_gaussian,CMIIC,"{""alpha"": 0.05}",20,30,500,1,/home/mathis/Documents/Travail/cbnsl_benchmark/scaling/../scaling/results/2026-04-02_10h34_sem_gaussian/graphs/golden__v20_a30_g1.json,/home/mathis/Documents/Travail/cbnsl_benchmark/scaling/../scaling/results/2026-04-02_10h34_sem_gaussian/graphs/CMIIC__v20_a30_g1_s500.json,,2.141234306007391,24.0,23.0,0.3684210526315789,0.8727272727272728,0.5384615384615384,0.8
sem_gaussian,MIIC,"{""n_bins"": 4, ""discretization_method"": ""quantile""}",20,30,500,1,/home/mathis/Documents/Travail/cbnsl_benchmark/scaling/../scaling/results/2026-04-02_10h34_sem_gaussian/graphs/golden__v20_a30_g1.json,/home/mathis/Documents/Travail/cbnsl_benchmark/scaling/../scaling/results/2026-04-02_10h34_sem_gaussian/graphs/MIIC__v20_a30_g1_s500.json,,0.0900420940015465,18.0,22.0,0.0,0.8679245283018869,0.0,0.7666666666666667
sem_gaussian,GHC+BDeu,"{""n_bins"": 4, ""discretization_method"": ""quantile""}",20,30,500,1,/home/mathis/Documents/Travail/cbnsl_benchmark/scaling/../scaling/results/2026-04-02_10h34_sem_gaussian/graphs/golden__v20_a30_g1.json,/home/mathis/Documents/Travail/cbnsl_benchmark/scaling/../scaling/results/2026-04-02_10h34_sem_gaussian/graphs/GHC+BDeu__v20_a30_g1_s500.json,,0.06401236899546348,30.0,26.0,0.0,0.6938775510204083,0.0,0.5666666666666667
sem_gaussian,NOTEARS,"{""lambda1"": 0.0, ""w_threshold_notears"": 0.3}",20,30,500,1,/home/mathis/Documents/Travail/cbnsl_benchmark/scaling/../scaling/results/2026-04-02_10h34_sem_gaussian/graphs/golden__v20_a30_g1.json,/home/mathis/Documents/Travail/cbnsl_benchmark/scaling/../scaling/results/2026-04-02_10h34_sem_gaussian/graphs/NOTEARS__v20_a30_g1_s500.json,,7.292413165007019,8.0,9.0,0.8518518518518519,0.9666666666666667,0.9583333333333334,0.9666666666666667
sem_gaussian,NOTEARS Disc.,"{""lambda1"": 0.1, ""w_threshold_notears"": 0.1, ""n_bins"": 4, ""discretization_method"": ""quantile""}",20,30,500,1,/home/mathis/Documents/Travail/cbnsl_benchmark/scaling/../scaling/results/2026-04-02_10h34_sem_gaussian/graphs/golden__v20_a30_g1.json,/home/mathis/Documents/Travail/cbnsl_benchmark/scaling/../scaling/results/2026-04-02_10h34_sem_gaussian/graphs/NOTEARS Disc.__v20_a30_g1_s500.json,,6.206743688991992,22.0,21.0,0.45000000000000007,0.9491525423728815,0.8181818181818182,0.9333333333333333
sem_gaussian,LiNGAM,"{""threshold_lingam"": 0.1}",20,30,500,1,/home/mathis/Documents/Travail/cbnsl_benchmark/scaling/../scaling/results/2026-04-02_10h34_sem_gaussian/graphs/golden__v20_a30_g1.json,/home/mathis/Documents/Travail/cbnsl_benchmark/scaling/../scaling/results/2026-04-02_10h34_sem_gaussian/graphs/LiNGAM__v20_a30_g1_s500.json,,1.4726109119947068,51.0,53.0,0.3636363636363636,0.6451612903225806,1.0,1.0
sem_gaussian,CPC,"{""alpha"": 0.05, ""max_conditioning_set_size"": 3}",20,30,1000,1,/home/mathis/Documents/Travail/cbnsl_benchmark/scaling/../scaling/results/2026-04-02_10h34_sem_gaussian/graphs/golden__v20_a30_g1.json,/home/mathis/Documents/Travail/cbnsl_benchmark/scaling/../scaling/results/2026-04-02_10h34_sem_gaussian/graphs/CPC__v20_a30_g1_s1000.json,,3.9352877080091275,25.0,25.0,0.28571428571428575,0.8,0.3333333333333333,0.6666666666666666
sem_gaussian,CMIIC,"{""alpha"": 0.05}",20,30,1000,1,/home/mathis/Documents/Travail/cbnsl_benchmark/scaling/../scaling/results/2026-04-02_10h34_sem_gaussian/graphs/golden__v20_a30_g1.json,/home/mathis/Documents/Travail/cbnsl_benchmark/scaling/../scaling/results/2026-04-02_10h34_sem_gaussian/graphs/CMIIC__v20_a30_g1_s1000.json,,7.3539021059987135,23.0,25.0,0.3684210526315789,0.8727272727272728,0.5384615384615384,0.8
sem_gaussian,MIIC,"{""n_bins"": 4, ""discretization_method"": ""quantile""}",20,30,1000,1,/home/mathis/Documents/Travail/cbnsl_benchmark/scaling/../scaling/results/2026-04-02_10h34_sem_gaussian/graphs/golden__v20_a30_g1.json,/home/mathis/Documents/Travail/cbnsl_benchmark/scaling/../scaling/results/2026-04-02_10h34_sem_gaussian/graphs/MIIC__v20_a30_g1_s1000.json,,0.153630240005441,21.0,23.0,0.0,0.8928571428571429,0.0,0.8333333333333334
sem_gaussian,GHC+BDeu,"{""n_bins"": 4, ""discretization_method"": ""quantile""}",20,30,1000,1,/home/mathis/Documents/Travail/cbnsl_benchmark/scaling/../scaling/results/2026-04-02_10h34_sem_gaussian/graphs/golden__v20_a30_g1.json,/home/mathis/Documents/Travail/cbnsl_benchmark/scaling/../scaling/results/2026-04-02_10h34_sem_gaussian/graphs/GHC+BDeu__v20_a30_g1_s1000.json,,0.10840097200707532,30.0,27.0,0.0,0.6938775510204083,0.0,0.5666666666666667
sem_gaussian,NOTEARS,"{""lambda1"": 0.0, ""w_threshold_notears"": 0.3}",20,30,1000,1,/home/mathis/Documents/Travail/cbnsl_benchmark/scaling/../scaling/results/2026-04-02_10h34_sem_gaussian/graphs/golden__v20_a30_g1.json,/home/mathis/Documents/Travail/cbnsl_benchmark/scaling/../scaling/results/2026-04-02_10h34_sem_gaussian/graphs/NOTEARS__v20_a30_g1_s1000.json,,11.559515735978493,8.0,3.0,0.8518518518518519,0.9836065573770492,1.0,1.0
sem_gaussian,NOTEARS Disc.,"{""lambda1"": 0.1, ""w_threshold_notears"": 0.1, ""n_bins"": 4, ""discretization_method"": ""quantile""}",20,30,1000,1,/home/mathis/Documents/Travail/cbnsl_benchmark/scaling/../scaling/results/2026-04-02_10h34_sem_gaussian/graphs/golden__v20_a30_g1.json,/home/mathis/Documents/Travail/cbnsl_benchmark/scaling/../scaling/results/2026-04-02_10h34_sem_gaussian/graphs/NOTEARS Disc.__v20_a30_g1_s1000.json,,11.828811031009536,24.0,27.0,0.47826086956521735,0.888888888888889,0.8461538461538461,0.9333333333333333
sem_gaussian,LiNGAM,"{""threshold_lingam"": 0.1}",20,30,1000,1,/home/mathis/Documents/Travail/cbnsl_benchmark/scaling/../scaling/results/2026-04-02_10h34_sem_gaussian/graphs/golden__v20_a30_g1.json,/home/mathis/Documents/Travail/cbnsl_benchmark/scaling/../scaling/results/2026-04-02_10h34_sem_gaussian/graphs/LiNGAM__v20_a30_g1_s1000.json,,1.7698211079987232,61.0,59.0,0.2891566265060241,0.5940594059405941,1.0,1.0
sem_gaussian,CPC,"{""alpha"": 0.05, ""max_conditioning_set_size"": 3}",20,30,3000,1,/home/mathis/Documents/Travail/cbnsl_benchmark/scaling/../scaling/results/2026-04-02_10h34_sem_gaussian/graphs/golden__v20_a30_g1.json,/home/mathis/Documents/Travail/cbnsl_benchmark/scaling/../scaling/results/2026-04-02_10h34_sem_gaussian/graphs/CPC__v20_a30_g1_s3000.json,,49.362296519975644,19.0,21.0,0.5714285714285714,0.9473684210526316,0.8,0.9
sem_gaussian,CMIIC,"{""alpha"": 0.05}",20,30,3000,1,/home/mathis/Documents/Travail/cbnsl_benchmark/scaling/../scaling/results/2026-04-02_10h34_sem_gaussian/graphs/golden__v20_a30_g1.json,/home/mathis/Documents/Travail/cbnsl_benchmark/scaling/../scaling/results/2026-04-02_10h34_sem_gaussian/graphs/CMIIC__v20_a30_g1_s3000.json,,65.92261778499233,17.0,20.0,0.5714285714285714,0.9285714285714286,0.75,0.8666666666666667
sem_gaussian,MIIC,"{""n_bins"": 4, ""discretization_method"": ""quantile""}",20,30,3000,1,/home/mathis/Documents/Travail/cbnsl_benchmark/scaling/../scaling/results/2026-04-02_10h34_sem_gaussian/graphs/golden__v20_a30_g1.json,/home/mathis/Documents/Travail/cbnsl_benchmark/scaling/../scaling/results/2026-04-02_10h34_sem_gaussian/graphs/MIIC__v20_a30_g1_s3000.json,,0.8387064900016412,17.0,20.0,0.0,0.9285714285714286,0.0,0.8666666666666667
sem_gaussian,GHC+BDeu,"{""n_bins"": 4, ""discretization_method"": ""quantile""}",20,30,3000,1,/home/mathis/Documents/Travail/cbnsl_benchmark/scaling/../scaling/results/2026-04-02_10h34_sem_gaussian/graphs/golden__v20_a30_g1.json,/home/mathis/Documents/Travail/cbnsl_benchmark/scaling/../scaling/results/2026-04-02_10h34_sem_gaussian/graphs/GHC+BDeu__v20_a30_g1_s3000.json,,0.31061648699687794,21.0,26.0,0.4210526315789474,0.888888888888889,0.5714285714285714,0.8
sem_gaussian,NOTEARS,"{""lambda1"": 0.0, ""w_threshold_notears"": 0.3}",20,30,3000,1,/home/mathis/Documents/Travail/cbnsl_benchmark/scaling/../scaling/results/2026-04-02_10h34_sem_gaussian/graphs/golden__v20_a30_g1.json,/home/mathis/Documents/Travail/cbnsl_benchmark/scaling/../scaling/results/2026-04-02_10h34_sem_gaussian/graphs/NOTEARS__v20_a30_g1_s3000.json,,21.402808354992885,7.0,0.0,0.8679245283018869,1.0,1.0,1.0
sem_gaussian,NOTEARS Disc.,"{""lambda1"": 0.1, ""w_threshold_notears"": 0.1, ""n_bins"": 4, ""discretization_method"": ""quantile""}",20,30,3000,1,/home/mathis/Documents/Travail/cbnsl_benchmark/scaling/../scaling/results/2026-04-02_10h34_sem_gaussian/graphs/golden__v20_a30_g1.json,/home/mathis/Documents/Travail/cbnsl_benchmark/scaling/../scaling/results/2026-04-02_10h34_sem_gaussian/graphs/NOTEARS Disc.__v20_a30_g1_s3000.json,,28.90929431200493,22.0,21.0,0.45000000000000007,0.9491525423728815,0.8181818181818182,0.9333333333333333
sem_gaussian,LiNGAM,"{""threshold_lingam"": 0.1}",20,30,3000,1,/home/mathis/Documents/Travail/cbnsl_benchmark/scaling/../scaling/results/2026-04-02_10h34_sem_gaussian/graphs/golden__v20_a30_g1.json,/home/mathis/Documents/Travail/cbnsl_benchmark/scaling/../scaling/results/2026-04-02_10h34_sem_gaussian/graphs/LiNGAM__v20_a30_g1_s3000.json,,3.2028040619916283,48.0,53.0,0.37333333333333335,0.6444444444444445,0.9333333333333333,0.9666666666666667
sem_gaussian,CPC,"{""alpha"": 0.05, ""max_conditioning_set_size"": 3}",20,30,5000,1,/home/mathis/Documents/Travail/cbnsl_benchmark/scaling/../scaling/results/2026-04-02_10h34_sem_gaussian/graphs/golden__v20_a30_g1.json,/home/mathis/Documents/Travail/cbnsl_benchmark/scaling/../scaling/results/2026-04-02_10h34_sem_gaussian/graphs/CPC__v20_a30_g1_s5000.json,,196.4807776939997,18.0,22.0,0.5581395348837209,0.9310344827586207,0.8,0.9
sem_gaussian,CMIIC,"{""alpha"": 0.05}",20,30,5000,1,/home/mathis/Documents/Travail/cbnsl_benchmark/scaling/../scaling/results/2026-04-02_10h34_sem_gaussian/graphs/golden__v20_a30_g1.json,/home/mathis/Documents/Travail/cbnsl_benchmark/scaling/../scaling/results/2026-04-02_10h34_sem_gaussian/graphs/CMIIC__v20_a30_g1_s5000.json,,194.57980377899366,22.0,21.0,0.4210526315789474,0.9090909090909091,0.6153846153846154,0.8333333333333334
sem_gaussian,MIIC,"{""n_bins"": 4, ""discretization_method"": ""quantile""}",20,30,5000,1,/home/mathis/Documents/Travail/cbnsl_benchmark/scaling/../scaling/results/2026-04-02_10h34_sem_gaussian/graphs/golden__v20_a30_g1.json,/home/mathis/Documents/Travail/cbnsl_benchmark/scaling/../scaling/results/2026-04-02_10h34_sem_gaussian/graphs/MIIC__v20_a30_g1_s5000.json,,1.5197029799746815,14.0,20.0,0.23529411764705882,0.9285714285714286,0.5,0.8666666666666667
sem_gaussian,GHC+BDeu,"{""n_bins"": 4, ""discretization_method"": ""quantile""}",20,30,5000,1,/home/mathis/Documents/Travail/cbnsl_benchmark/scaling/../scaling/results/2026-04-02_10h34_sem_gaussian/graphs/golden__v20_a30_g1.json,/home/mathis/Documents/Travail/cbnsl_benchmark/scaling/../scaling/results/2026-04-02_10h34_sem_gaussian/graphs/GHC+BDeu__v20_a30_g1_s5000.json,,0.6029198230244219,15.0,24.0,0.6521739130434783,0.9310344827586207,0.8333333333333334,0.9
sem_gaussian,NOTEARS,"{""lambda1"": 0.0, ""w_threshold_notears"": 0.3}",20,30,5000,1,/home/mathis/Documents/Travail/cbnsl_benchmark/scaling/../scaling/results/2026-04-02_10h34_sem_gaussian/graphs/golden__v20_a30_g1.json,/home/mathis/Documents/Travail/cbnsl_benchmark/scaling/../scaling/results/2026-04-02_10h34_sem_gaussian/graphs/NOTEARS__v20_a30_g1_s5000.json,,211.3029850969906,5.0,3.0,0.9090909090909091,0.983050847457627,0.9615384615384616,0.9666666666666667
sem_gaussian,NOTEARS Disc.,"{""lambda1"": 0.1, ""w_threshold_notears"": 0.1, ""n_bins"": 4, ""discretization_method"": ""quantile""}",20,30,5000,1,/home/mathis/Documents/Travail/cbnsl_benchmark/scaling/../scaling/results/2026-04-02_10h34_sem_gaussian/graphs/golden__v20_a30_g1.json,/home/mathis/Documents/Travail/cbnsl_benchmark/scaling/../scaling/results/2026-04-02_10h34_sem_gaussian/graphs/NOTEARS Disc.__v20_a30_g1_s5000.json,,283.4480699739943,21.0,23.0,0.5116279069767441,0.9333333333333333,0.8461538461538461,0.9333333333333333
sem_gaussian,LiNGAM,"{""threshold_lingam"": 0.1}",20,30,5000,1,/home/mathis/Documents/Travail/cbnsl_benchmark/scaling/../scaling/results/2026-04-02_10h34_sem_gaussian/graphs/golden__v20_a30_g1.json,/home/mathis/Documents/Travail/cbnsl_benchmark/scaling/../scaling/results/2026-04-02_10h34_sem_gaussian/graphs/LiNGAM__v20_a30_g1_s5000.json,,4.822777146997396,57.0,58.0,0.3488372093023256,0.5800000000000001,0.9375,0.9666666666666667
sem_gaussian,CPC,"{""alpha"": 0.05, ""max_conditioning_set_size"": 3}",20,30,200,2,/home/mathis/Documents/Travail/cbnsl_benchmark/scaling/../scaling/results/2026-04-02_10h34_sem_gaussian/graphs/golden__v20_a30_g2.json,/home/mathis/Documents/Travail/cbnsl_benchmark/scaling/../scaling/results/2026-04-02_10h34_sem_gaussian/graphs/CPC__v20_a30_g2_s200.json,,0.08094879001146182,27.0,27.0,0.18181818181818185,0.6046511627906976,0.15,0.43333333333333335
sem_gaussian,CMIIC,"{""alpha"": 0.05}",20,30,200,2,/home/mathis/Documents/Travail/cbnsl_benchmark/scaling/../scaling/results/2026-04-02_10h34_sem_gaussian/graphs/golden__v20_a30_g2.json,/home/mathis/Documents/Travail/cbnsl_benchmark/scaling/../scaling/results/2026-04-02_10h34_sem_gaussian/graphs/CMIIC__v20_a30_g2_s200.json,,0.5330122869927436,25.0,22.0,0.47619047619047616,0.7692307692307692,0.5,0.6666666666666666
sem_gaussian,MIIC,"{""n_bins"": 4, ""discretization_method"": ""quantile""}",20,30,200,2,/home/mathis/Documents/Travail/cbnsl_benchmark/scaling/../scaling/results/2026-04-02_10h34_sem_gaussian/graphs/golden__v20_a30_g2.json,/home/mathis/Documents/Travail/cbnsl_benchmark/scaling/../scaling/results/2026-04-02_10h34_sem_gaussian/graphs/MIIC__v20_a30_g2_s200.json,,0.07108288700692356,26.0,27.0,0.0,0.6046511627906976,0.0,0.43333333333333335
sem_gaussian,GHC+BDeu,"{""n_bins"": 4, ""discretization_method"": ""quantile""}",20,30,200,2,/home/mathis/Documents/Travail/cbnsl_benchmark/scaling/../scaling/results/2026-04-02_10h34_sem_gaussian/graphs/golden__v20_a30_g2.json,/home/mathis/Documents/Travail/cbnsl_benchmark/scaling/../scaling/results/2026-04-02_10h34_sem_gaussian/graphs/GHC+BDeu__v20_a30_g2_s200.json,,0.06963197697768919,27.0,27.0,0.0,0.37837837837837834,0.0,0.23333333333333334
sem_gaussian,NOTEARS,"{""lambda1"": 0.0, ""w_threshold_notears"": 0.3}",20,30,200,2,/home/mathis/Documents/Travail/cbnsl_benchmark/scaling/../scaling/results/2026-04-02_10h34_sem_gaussian/graphs/golden__v20_a30_g2.json,/home/mathis/Documents/Travail/cbnsl_benchmark/scaling/../scaling/results/2026-04-02_10h34_sem_gaussian/graphs/NOTEARS__v20_a30_g2_s200.json,,9.824030176998349,3.0,7.0,0.8727272727272727,0.9836065573770492,1.0,1.0
sem_gaussian,NOTEARS Disc.,"{""lambda1"": 0.1, ""w_threshold_notears"": 0.1, ""n_bins"": 4, ""discretization_method"": ""quantile""}",20,30,200,2,/home/mathis/Documents/Travail/cbnsl_benchmark/scaling/../scaling/results/2026-04-02_10h34_sem_gaussian/graphs/golden__v20_a30_g2.json,/home/mathis/Documents/Travail/cbnsl_benchmark/scaling/../scaling/results/2026-04-02_10h34_sem_gaussian/graphs/NOTEARS Disc.__v20_a30_g2_s200.json,,14.932533218991011,26.0,26.0,0.391304347826087,0.8064516129032259,0.6428571428571429,0.8333333333333334
sem_gaussian,LiNGAM,"{""threshold_lingam"": 0.1}",20,30,200,2,/home/mathis/Documents/Travail/cbnsl_benchmark/scaling/../scaling/results/2026-04-02_10h34_sem_gaussian/graphs/golden__v20_a30_g2.json,/home/mathis/Documents/Travail/cbnsl_benchmark/scaling/../scaling/results/2026-04-02_10h34_sem_gaussian/graphs/LiNGAM__v20_a30_g2_s200.json,,1.2348139360256027,53.0,54.0,0.3157894736842105,0.608695652173913,0.8571428571428571,0.9333333333333333
sem_gaussian,CPC,"{""alpha"": 0.05, ""max_conditioning_set_size"": 3}",20,30,500,2,/home/mathis/Documents/Travail/cbnsl_benchmark/scaling/../scaling/results/2026-04-02_10h34_sem_gaussian/graphs/golden__v20_a30_g2.json,/home/mathis/Documents/Travail/cbnsl_benchmark/scaling/../scaling/results/2026-04-02_10h34_sem_gaussian/graphs/CPC__v20_a30_g2_s500.json,,0.49738665198674425,26.0,25.0,0.18181818181818182,0.4615384615384615,0.125,0.3
sem_gaussian,CMIIC,"{""alpha"": 0.05}",20,30,500,2,/home/mathis/Documents/Travail/cbnsl_benchmark/scaling/../scaling/results/2026-04-02_10h34_sem_gaussian/graphs/golden__v20_a30_g2.json,/home/mathis/Documents/Travail/cbnsl_benchmark/scaling/../scaling/results/2026-04-02_10h34_sem_gaussian/graphs/CMIIC__v20_a30_g2_s500.json,,2.0773479210038204,23.0,25.0,0.22857142857142854,0.8301886792452831,0.3333333333333333,0.7333333333333333
sem_gaussian,MIIC,"{""n_bins"": 4, ""discretization_method"": ""quantile""}",20,30,500,2,/home/mathis/Documents/Travail/cbnsl_benchmark/scaling/../scaling/results/2026-04-02_10h34_sem_gaussian/graphs/golden__v20_a30_g2.json,/home/mathis/Documents/Travail/cbnsl_benchmark/scaling/../scaling/results/2026-04-02_10h34_sem_gaussian/graphs/MIIC__v20_a30_g2_s500.json,,0.07851228700019419,22.0,21.0,0.0,0.7843137254901961,0.0,0.6666666666666666
sem_gaussian,GHC+BDeu,"{""n_bins"": 4, ""discretization_method"": ""quantile""}",20,30,500,2,/home/mathis/Documents/Travail/cbnsl_benchmark/scaling/../scaling/results/2026-04-02_10h34_sem_gaussian/graphs/golden__v20_a30_g2.json,/home/mathis/Documents/Travail/cbnsl_benchmark/scaling/../scaling/results/2026-04-02_10h34_sem_gaussian/graphs/GHC+BDeu__v20_a30_g2_s500.json,,0.06963940101559274,27.0,26.0,0.0,0.6521739130434783,0.0,0.5
sem_gaussian,NOTEARS,"{""lambda1"": 0.0, ""w_threshold_notears"": 0.3}",20,30,500,2,/home/mathis/Documents/Travail/cbnsl_benchmark/scaling/../scaling/results/2026-04-02_10h34_sem_gaussian/graphs/golden__v20_a30_g2.json,/home/mathis/Documents/Travail/cbnsl_benchmark/scaling/../scaling/results/2026-04-02_10h34_sem_gaussian/graphs/NOTEARS__v20_a30_g2_s500.json,,10.131821881979704,3.0,7.0,0.8727272727272727,0.9836065573770492,1.0,1.0
sem_gaussian,NOTEARS Disc.,"{""lambda1"": 0.1, ""w_threshold_notears"": 0.1, ""n_bins"": 4, ""discretization_method"": ""quantile""}",20,30,500,2,/home/mathis/Documents/Travail/cbnsl_benchmark/scaling/../scaling/results/2026-04-02_10h34_sem_gaussian/graphs/golden__v20_a30_g2.json,,[pyAgrum] Directed cycle detected: Add a directed cycle in a dag !,,,,,,,
sem_gaussian,LiNGAM,"{""threshold_lingam"": 0.1}",20,30,500,2,/home/mathis/Documents/Travail/cbnsl_benchmark/scaling/../scaling/results/2026-04-02_10h34_sem_gaussian/graphs/golden__v20_a30_g2.json,/home/mathis/Documents/Travail/cbnsl_benchmark/scaling/../scaling/results/2026-04-02_10h34_sem_gaussian/graphs/LiNGAM__v20_a30_g2_s500.json,,1.646767579979496,27.0,32.0,0.5882352941176471,0.7692307692307693,1.0,1.0
sem_gaussian,CPC,"{""alpha"": 0.05, ""max_conditioning_set_size"": 3}",20,30,1000,2,/home/mathis/Documents/Travail/cbnsl_benchmark/scaling/../scaling/results/2026-04-02_10h34_sem_gaussian/graphs/golden__v20_a30_g2.json,/home/mathis/Documents/Travail/cbnsl_benchmark/scaling/../scaling/results/2026-04-02_10h34_sem_gaussian/graphs/CPC__v20_a30_g2_s1000.json,,2.904970053001307,24.0,26.0,0.27027027027027023,0.6666666666666667,0.2631578947368421,0.5333333333333333
sem_gaussian,CMIIC,"{""alpha"": 0.05}",20,30,1000,2,/home/mathis/Documents/Travail/cbnsl_benchmark/scaling/../scaling/results/2026-04-02_10h34_sem_gaussian/graphs/golden__v20_a30_g2.json,/home/mathis/Documents/Travail/cbnsl_benchmark/scaling/../scaling/results/2026-04-02_10h34_sem_gaussian/graphs/CMIIC__v20_a30_g2_s1000.json,,6.7518473170057405,23.0,25.0,0.2285714285714286,0.8076923076923077,0.3076923076923077,0.7
sem_gaussian,MIIC,"{""n_bins"": 4, ""discretization_method"": ""quantile""}",20,30,1000,2,/home/mathis/Documents/Travail/cbnsl_benchmark/scaling/../scaling/results/2026-04-02_10h34_sem_gaussian/graphs/golden__v20_a30_g2.json,/home/mathis/Documents/Travail/cbnsl_benchmark/scaling/../scaling/results/2026-04-02_10h34_sem_gaussian/graphs/MIIC__v20_a30_g2_s1000.json,,0.15407377999508753,22.0,18.0,0.0,0.8518518518518519,0.0,0.7666666666666667
sem_gaussian,GHC+BDeu,"{""n_bins"": 4, ""discretization_method"": ""quantile""}",20,30,1000,2,/home/mathis/Documents/Travail/cbnsl_benchmark/scaling/../scaling/results/2026-04-02_10h34_sem_gaussian/graphs/golden__v20_a30_g2.json,/home/mathis/Documents/Travail/cbnsl_benchmark/scaling/../scaling/results/2026-04-02_10h34_sem_gaussian/graphs/GHC+BDeu__v20_a30_g2_s1000.json,,0.17364140099380165,28.0,26.0,0.0,0.6666666666666667,0.0,0.5333333333333333
sem_gaussian,NOTEARS,"{""lambda1"": 0.0, ""w_threshold_notears"": 0.3}",20,30,1000,2,/home/mathis/Documents/Travail/cbnsl_benchmark/scaling/../scaling/results/2026-04-02_10h34_sem_gaussian/graphs/golden__v20_a30_g2.json,/home/mathis/Documents/Travail/cbnsl_benchmark/scaling/../scaling/results/2026-04-02_10h34_sem_gaussian/graphs/NOTEARS__v20_a30_g2_s1000.json,,30.046100907988148,3.0,5.0,0.8727272727272727,0.9836065573770492,1.0,1.0
sem_gaussian,NOTEARS Disc.,"{""lambda1"": 0.1, ""w_threshold_notears"": 0.1, ""n_bins"": 4, ""discretization_method"": ""quantile""}",20,30,1000,2,/home/mathis/Documents/Travail/cbnsl_benchmark/scaling/../scaling/results/2026-04-02_10h34_sem_gaussian/graphs/golden__v20_a30_g2.json,,[pyAgrum] Directed cycle detected: Add a directed cycle in a dag !,,,,,,,
sem_gaussian,LiNGAM,"{""threshold_lingam"": 0.1}",20,30,1000,2,/home/mathis/Documents/Travail/cbnsl_benchmark/scaling/../scaling/results/2026-04-02_10h34_sem_gaussian/graphs/golden__v20_a30_g2.json,/home/mathis/Documents/Travail/cbnsl_benchmark/scaling/../scaling/results/2026-04-02_10h34_sem_gaussian/graphs/LiNGAM__v20_a30_g2_s1000.json,,1.6328026890114415,28.0,39.0,0.5714285714285714,0.7341772151898733,0.9523809523809523,0.9666666666666667
sem_gaussian,CPC,"{""alpha"": 0.05, ""max_conditioning_set_size"": 3}",20,30,3000,2,/home/mathis/Documents/Travail/cbnsl_benchmark/scaling/../scaling/results/2026-04-02_10h34_sem_gaussian/graphs/golden__v20_a30_g2.json,/home/mathis/Documents/Travail/cbnsl_benchmark/scaling/../scaling/results/2026-04-02_10h34_sem_gaussian/graphs/CPC__v20_a30_g2_s3000.json,,31.151921192998998,21.0,22.0,0.5454545454545455,0.8771929824561403,0.7058823529411765,0.8333333333333334
sem_gaussian,CMIIC,"{""alpha"": 0.05}",20,30,3000,2,/home/mathis/Documents/Travail/cbnsl_benchmark/scaling/../scaling/results/2026-04-02_10h34_sem_gaussian/graphs/golden__v20_a30_g2.json,/home/mathis/Documents/Travail/cbnsl_benchmark/scaling/../scaling/results/2026-04-02_10h34_sem_gaussian/graphs/CMIIC__v20_a30_g2_s3000.json,,45.152836536988616,23.0,25.0,0.22857142857142854,0.8301886792452831,0.3333333333333333,0.7333333333333333
sem_gaussian,MIIC,"{""n_bins"": 4, ""discretization_method"": ""quantile""}",20,30,3000,2,/home/mathis/Documents/Travail/cbnsl_benchmark/scaling/../scaling/results/2026-04-02_10h34_sem_gaussian/graphs/golden__v20_a30_g2.json,/home/mathis/Documents/Travail/cbnsl_benchmark/scaling/../scaling/results/2026-04-02_10h34_sem_gaussian/graphs/MIIC__v20_a30_g2_s3000.json,,0.5803691000037361,21.0,25.0,0.11764705882352941,0.8571428571428571,0.25,0.8
sem_gaussian,GHC+BDeu,"{""n_bins"": 4, ""discretization_method"": ""quantile""}",20,30,3000,2,/home/mathis/Documents/Travail/cbnsl_benchmark/scaling/../scaling/results/2026-04-02_10h34_sem_gaussian/graphs/golden__v20_a30_g2.json,/home/mathis/Documents/Travail/cbnsl_benchmark/scaling/../scaling/results/2026-04-02_10h34_sem_gaussian/graphs/GHC+BDeu__v20_a30_g2_s3000.json,,0.3702793209813535,26.0,22.0,0.35897435897435903,0.8148148148148148,0.4666666666666667,0.7333333333333333
sem_gaussian,NOTEARS,"{""lambda1"": 0.0, ""w_threshold_notears"": 0.3}",20,30,3000,2,/home/mathis/Documents/Travail/cbnsl_benchmark/scaling/../scaling/results/2026-04-02_10h34_sem_gaussian/graphs/golden__v20_a30_g2.json,/home/mathis/Documents/Travail/cbnsl_benchmark/scaling/../scaling/results/2026-04-02_10h34_sem_gaussian/graphs/NOTEARS__v20_a30_g2_s3000.json,,32.32836807201966,3.0,5.0,0.8727272727272727,0.9836065573770492,1.0,1.0
sem_gaussian,NOTEARS Disc.,"{""lambda1"": 0.1, ""w_threshold_notears"": 0.1, ""n_bins"": 4, ""discretization_method"": ""quantile""}",20,30,3000,2,/home/mathis/Documents/Travail/cbnsl_benchmark/scaling/../scaling/results/2026-04-02_10h34_sem_gaussian/graphs/golden__v20_a30_g2.json,,[pyAgrum] Directed cycle detected: Add a directed cycle in a dag !,,,,,,,
sem_gaussian,LiNGAM,"{""threshold_lingam"": 0.1}",20,30,3000,2,/home/mathis/Documents/Travail/cbnsl_benchmark/scaling/../scaling/results/2026-04-02_10h34_sem_gaussian/graphs/golden__v20_a30_g2.json,/home/mathis/Documents/Travail/cbnsl_benchmark/scaling/../scaling/results/2026-04-02_10h34_sem_gaussian/graphs/LiNGAM__v20_a30_g2_s3000.json,,3.1523320989799686,31.0,41.0,0.5633802816901409,0.7407407407407407,1.0,1.0
sem_gaussian,CPC,"{""alpha"": 0.05, ""max_conditioning_set_size"": 3}",20,30,5000,2,/home/mathis/Documents/Travail/cbnsl_benchmark/scaling/../scaling/results/2026-04-02_10h34_sem_gaussian/graphs/golden__v20_a30_g2.json,/home/mathis/Documents/Travail/cbnsl_benchmark/scaling/../scaling/results/2026-04-02_10h34_sem_gaussian/graphs/CPC__v20_a30_g2_s5000.json,,92.29351386000053,13.0,17.0,0.6382978723404256,0.9152542372881356,0.8333333333333334,0.9
sem_gaussian,CMIIC,"{""alpha"": 0.05}",20,30,5000,2,/home/mathis/Documents/Travail/cbnsl_benchmark/scaling/../scaling/results/2026-04-02_10h34_sem_gaussian/graphs/golden__v20_a30_g2.json,/home/mathis/Documents/Travail/cbnsl_benchmark/scaling/../scaling/results/2026-04-02_10h34_sem_gaussian/graphs/CMIIC__v20_a30_g2_s5000.json,,122.86926926599699,23.0,25.0,0.22857142857142854,0.8301886792452831,0.3333333333333333,0.7333333333333333
sem_gaussian,MIIC,"{""n_bins"": 4, ""discretization_method"": ""quantile""}",20,30,5000,2,/home/mathis/Documents/Travail/cbnsl_benchmark/scaling/../scaling/results/2026-04-02_10h34_sem_gaussian/graphs/golden__v20_a30_g2.json,/home/mathis/Documents/Travail/cbnsl_benchmark/scaling/../scaling/results/2026-04-02_10h34_sem_gaussian/graphs/MIIC__v20_a30_g2_s5000.json,,1.1480675269849598,21.0,24.0,0.5777777777777777,0.8771929824561403,0.7222222222222222,0.8333333333333334
sem_gaussian,GHC+BDeu,"{""n_bins"": 4, ""discretization_method"": ""quantile""}",20,30,5000,2,/home/mathis/Documents/Travail/cbnsl_benchmark/scaling/../scaling/results/2026-04-02_10h34_sem_gaussian/graphs/golden__v20_a30_g2.json,/home/mathis/Documents/Travail/cbnsl_benchmark/scaling/../scaling/results/2026-04-02_10h34_sem_gaussian/graphs/GHC+BDeu__v20_a30_g2_s5000.json,,0.6139908969926182,21.0,25.0,0.43902439024390244,0.8363636363636363,0.5625,0.7666666666666667
sem_gaussian,NOTEARS,"{""lambda1"": 0.0, ""w_threshold_notears"": 0.3}",20,30,5000,2,/home/mathis/Documents/Travail/cbnsl_benchmark/scaling/../scaling/results/2026-04-02_10h34_sem_gaussian/graphs/golden__v20_a30_g2.json,/home/mathis/Documents/Travail/cbnsl_benchmark/scaling/../scaling/results/2026-04-02_10h34_sem_gaussian/graphs/NOTEARS__v20_a30_g2_s5000.json,,49.33605365399853,2.0,5.0,0.8928571428571428,0.9836065573770492,1.0,1.0
sem_gaussian,NOTEARS Disc.,"{""lambda1"": 0.1, ""w_threshold_notears"": 0.1, ""n_bins"": 4, ""discretization_method"": ""quantile""}",20,30,5000,2,/home/mathis/Documents/Travail/cbnsl_benchmark/scaling/../scaling/results/2026-04-02_10h34_sem_gaussian/graphs/golden__v20_a30_g2.json,,[pyAgrum] Directed cycle detected: Add a directed cycle in a dag !,,,,,,,
sem_gaussian,LiNGAM,"{""threshold_lingam"": 0.1}",20,30,5000,2,/home/mathis/Documents/Travail/cbnsl_benchmark/scaling/../scaling/results/2026-04-02_10h34_sem_gaussian/graphs/golden__v20_a30_g2.json,/home/mathis/Documents/Travail/cbnsl_benchmark/scaling/../scaling/results/2026-04-02_10h34_sem_gaussian/graphs/LiNGAM__v20_a30_g2_s5000.json,,4.03783426299924,58.0,62.0,0.34883720930232553,0.5656565656565656,0.8823529411764706,0.9333333333333333
sem_gaussian,CPC,"{""alpha"": 0.05, ""max_conditioning_set_size"": 3}",20,30,200,3,/home/mathis/Documents/Travail/cbnsl_benchmark/scaling/../scaling/results/2026-04-02_10h34_sem_gaussian/graphs/golden__v20_a30_g3.json,/home/mathis/Documents/Travail/cbnsl_benchmark/scaling/../scaling/results/2026-04-02_10h34_sem_gaussian/graphs/CPC__v20_a30_g3_s200.json,,0.06452619700576179,31.0,27.0,0.12121212121212123,0.5581395348837209,0.1,0.4
sem_gaussian,CMIIC,"{""alpha"": 0.05}",20,30,200,3,/home/mathis/Documents/Travail/cbnsl_benchmark/scaling/../scaling/results/2026-04-02_10h34_sem_gaussian/graphs/golden__v20_a30_g3.json,/home/mathis/Documents/Travail/cbnsl_benchmark/scaling/../scaling/results/2026-04-02_10h34_sem_gaussian/graphs/CMIIC__v20_a30_g3_s200.json,,0.3453667660069186,21.0,23.0,0.5365853658536585,0.888888888888889,0.6470588235294118,0.8
sem_gaussian,MIIC,"{""n_bins"": 4, ""discretization_method"": ""quantile""}",20,30,200,3,/home/mathis/Documents/Travail/cbnsl_benchmark/scaling/../scaling/results/2026-04-02_10h34_sem_gaussian/graphs/golden__v20_a30_g3.json,/home/mathis/Documents/Travail/cbnsl_benchmark/scaling/../scaling/results/2026-04-02_10h34_sem_gaussian/graphs/MIIC__v20_a30_g3_s200.json,,0.04622523099533282,25.0,28.0,0.0,0.5,0.0,0.3333333333333333
sem_gaussian,GHC+BDeu,"{""n_bins"": 4, ""discretization_method"": ""quantile""}",20,30,200,3,/home/mathis/Documents/Travail/cbnsl_benchmark/scaling/../scaling/results/2026-04-02_10h34_sem_gaussian/graphs/golden__v20_a30_g3.json,/home/mathis/Documents/Travail/cbnsl_benchmark/scaling/../scaling/results/2026-04-02_10h34_sem_gaussian/graphs/GHC+BDeu__v20_a30_g3_s200.json,,0.04508608300238848,27.0,29.0,0.0,0.4210526315789474,0.0,0.26666666666666666
sem_gaussian,NOTEARS,"{""lambda1"": 0.0, ""w_threshold_notears"": 0.3}",20,30,200,3,/home/mathis/Documents/Travail/cbnsl_benchmark/scaling/../scaling/results/2026-04-02_10h34_sem_gaussian/graphs/golden__v20_a30_g3.json,/home/mathis/Documents/Travail/cbnsl_benchmark/scaling/../scaling/results/2026-04-02_10h34_sem_gaussian/graphs/NOTEARS__v20_a30_g3_s200.json,,9.76513290501316,18.0,26.0,0.56,0.819672131147541,0.7368421052631579,0.8333333333333334
sem_gaussian,NOTEARS Disc.,"{""lambda1"": 0.1, ""w_threshold_notears"": 0.1, ""n_bins"": 4, ""discretization_method"": ""quantile""}",20,30,200,3,/home/mathis/Documents/Travail/cbnsl_benchmark/scaling/../scaling/results/2026-04-02_10h34_sem_gaussian/graphs/golden__v20_a30_g3.json,/home/mathis/Documents/Travail/cbnsl_benchmark/scaling/../scaling/results/2026-04-02_10h34_sem_gaussian/graphs/NOTEARS Disc.__v20_a30_g3_s200.json,,9.234586189995753,22.0,7.0,0.64,0.9206349206349207,0.9411764705882353,0.9666666666666667
sem_gaussian,LiNGAM,"{""threshold_lingam"": 0.1}",20,30,200,3,/home/mathis/Documents/Travail/cbnsl_benchmark/scaling/../scaling/results/2026-04-02_10h34_sem_gaussian/graphs/golden__v20_a30_g3.json,/home/mathis/Documents/Travail/cbnsl_benchmark/scaling/../scaling/results/2026-04-02_10h34_sem_gaussian/graphs/LiNGAM__v20_a30_g3_s200.json,,1.2777005349926185,42.0,46.0,0.303030303030303,0.6666666666666667,0.8333333333333334,0.9333333333333333
sem_gaussian,CPC,"{""alpha"": 0.05, ""max_conditioning_set_size"": 3}",20,30,500,3,/home/mathis/Documents/Travail/cbnsl_benchmark/scaling/../scaling/results/2026-04-02_10h34_sem_gaussian/graphs/golden__v20_a30_g3.json,/home/mathis/Documents/Travail/cbnsl_benchmark/scaling/../scaling/results/2026-04-02_10h34_sem_gaussian/graphs/CPC__v20_a30_g3_s500.json,,0.40416946000186726,28.0,25.0,0.23529411764705882,0.7234042553191489,0.23529411764705882,0.5666666666666667
sem_gaussian,CMIIC,"{""alpha"": 0.05}",20,30,500,3,/home/mathis/Documents/Travail/cbnsl_benchmark/scaling/../scaling/results/2026-04-02_10h34_sem_gaussian/graphs/golden__v20_a30_g3.json,/home/mathis/Documents/Travail/cbnsl_benchmark/scaling/../scaling/results/2026-04-02_10h34_sem_gaussian/graphs/CMIIC__v20_a30_g3_s500.json,,1.4951403910235967,20.0,24.0,0.6956521739130435,0.888888888888889,0.7272727272727273,0.8
sem_gaussian,MIIC,"{""n_bins"": 4, ""discretization_method"": ""quantile""}",20,30,500,3,/home/mathis/Documents/Travail/cbnsl_benchmark/scaling/../scaling/results/2026-04-02_10h34_sem_gaussian/graphs/golden__v20_a30_g3.json,/home/mathis/Documents/Travail/cbnsl_benchmark/scaling/../scaling/results/2026-04-02_10h34_sem_gaussian/graphs/MIIC__v20_a30_g3_s500.json,,0.06967259300290607,23.0,20.0,0.0,0.8,0.0,0.6666666666666666
sem_gaussian,GHC+BDeu,"{""n_bins"": 4, ""discretization_method"": ""quantile""}",20,30,500,3,/home/mathis/Documents/Travail/cbnsl_benchmark/scaling/../scaling/results/2026-04-02_10h34_sem_gaussian/graphs/golden__v20_a30_g3.json,/home/mathis/Documents/Travail/cbnsl_benchmark/scaling/../scaling/results/2026-04-02_10h34_sem_gaussian/graphs/GHC+BDeu__v20_a30_g3_s500.json,,0.06238293799106032,25.0,28.0,0.0,0.6363636363636364,0.0,0.4666666666666667
sem_gaussian,NOTEARS,"{""lambda1"": 0.0, ""w_threshold_notears"": 0.3}",20,30,500,3,/home/mathis/Documents/Travail/cbnsl_benchmark/scaling/../scaling/results/2026-04-02_10h34_sem_gaussian/graphs/golden__v20_a30_g3.json,/home/mathis/Documents/Travail/cbnsl_benchmark/scaling/../scaling/results/2026-04-02_10h34_sem_gaussian/graphs/NOTEARS__v20_a30_g3_s500.json,,15.864998892997392,8.0,16.0,0.7234042553191489,0.9655172413793104,0.8947368421052632,0.9333333333333333
sem_gaussian,NOTEARS Disc.,"{""lambda1"": 0.1, ""w_threshold_notears"": 0.1, ""n_bins"": 4, ""discretization_method"": ""quantile""}",20,30,500,3,/home/mathis/Documents/Travail/cbnsl_benchmark/scaling/../scaling/results/2026-04-02_10h34_sem_gaussian/graphs/golden__v20_a30_g3.json,/home/mathis/Documents/Travail/cbnsl_benchmark/scaling/../scaling/results/2026-04-02_10h34_sem_gaussian/graphs/NOTEARS Disc.__v20_a30_g3_s500.json,,4.722307579999324,7.0,15.0,0.75,0.983050847457627,0.9473684210526315,0.9666666666666667
sem_gaussian,LiNGAM,"{""threshold_lingam"": 0.1}",20,30,500,3,/home/mathis/Documents/Travail/cbnsl_benchmark/scaling/../scaling/results/2026-04-02_10h34_sem_gaussian/graphs/golden__v20_a30_g3.json,/home/mathis/Documents/Travail/cbnsl_benchmark/scaling/../scaling/results/2026-04-02_10h34_sem_gaussian/graphs/LiNGAM__v20_a30_g3_s500.json,,1.4474465580133256,68.0,63.0,0.16,0.5918367346938775,0.8571428571428571,0.9666666666666667
sem_gaussian,CPC,"{""alpha"": 0.05, ""max_conditioning_set_size"": 3}",20,30,1000,3,/home/mathis/Documents/Travail/cbnsl_benchmark/scaling/../scaling/results/2026-04-02_10h34_sem_gaussian/graphs/golden__v20_a30_g3.json,/home/mathis/Documents/Travail/cbnsl_benchmark/scaling/../scaling/results/2026-04-02_10h34_sem_gaussian/graphs/CPC__v20_a30_g3_s1000.json,,2.7097135099756997,27.0,23.0,0.4210526315789474,0.888888888888889,0.5714285714285714,0.8
sem_gaussian,CMIIC,"{""alpha"": 0.05}",20,30,1000,3,/home/mathis/Documents/Travail/cbnsl_benchmark/scaling/../scaling/results/2026-04-02_10h34_sem_gaussian/graphs/golden__v20_a30_g3.json,/home/mathis/Documents/Travail/cbnsl_benchmark/scaling/../scaling/results/2026-04-02_10h34_sem_gaussian/graphs/CMIIC__v20_a30_g3_s1000.json,,6.132122042996343,22.0,19.0,0.5714285714285715,0.8679245283018869,0.631578947368421,0.7666666666666667
sem_gaussian,MIIC,"{""n_bins"": 4, ""discretization_method"": ""quantile""}",20,30,1000,3,/home/mathis/Documents/Travail/cbnsl_benchmark/scaling/../scaling/results/2026-04-02_10h34_sem_gaussian/graphs/golden__v20_a30_g3.json,/home/mathis/Documents/Travail/cbnsl_benchmark/scaling/../scaling/results/2026-04-02_10h34_sem_gaussian/graphs/MIIC__v20_a30_g3_s1000.json,,0.12500232900492847,21.0,21.0,0.0,0.888888888888889,0.0,0.8
sem_gaussian,GHC+BDeu,"{""n_bins"": 4, ""discretization_method"": ""quantile""}",20,30,1000,3,/home/mathis/Documents/Travail/cbnsl_benchmark/scaling/../scaling/results/2026-04-02_10h34_sem_gaussian/graphs/golden__v20_a30_g3.json,/home/mathis/Documents/Travail/cbnsl_benchmark/scaling/../scaling/results/2026-04-02_10h34_sem_gaussian/graphs/GHC+BDeu__v20_a30_g3_s1000.json,,0.09531000899733044,20.0,24.0,0.125,0.8,0.16666666666666666,0.6666666666666666
sem_gaussian,NOTEARS,"{""lambda1"": 0.0, ""w_threshold_notears"": 0.3}",20,30,1000,3,/home/mathis/Documents/Travail/cbnsl_benchmark/scaling/../scaling/results/2026-04-02_10h34_sem_gaussian/graphs/golden__v20_a30_g3.json,/home/mathis/Documents/Travail/cbnsl_benchmark/scaling/../scaling/results/2026-04-02_10h34_sem_gaussian/graphs/NOTEARS__v20_a30_g3_s1000.json,,10.809435791015858,9.0,9.0,0.8679245283018867,0.983050847457627,0.9583333333333334,0.9666666666666667
sem_gaussian,NOTEARS Disc.,"{""lambda1"": 0.1, ""w_threshold_notears"": 0.1, ""n_bins"": 4, ""discretization_method"": ""quantile""}",20,30,1000,3,/home/mathis/Documents/Travail/cbnsl_benchmark/scaling/../scaling/results/2026-04-02_10h34_sem_gaussian/graphs/golden__v20_a30_g3.json,/home/mathis/Documents/Travail/cbnsl_benchmark/scaling/../scaling/results/2026-04-02_10h34_sem_gaussian/graphs/NOTEARS Disc.__v20_a30_g3_s1000.json,,4.8548085240181535,4.0,15.0,0.7234042553191489,0.983050847457627,0.9444444444444444,0.9666666666666667
sem_gaussian,LiNGAM,"{""threshold_lingam"": 0.1}",20,30,1000,3,/home/mathis/Documents/Travail/cbnsl_benchmark/scaling/../scaling/results/2026-04-02_10h34_sem_gaussian/graphs/golden__v20_a30_g3.json,/home/mathis/Documents/Travail/cbnsl_benchmark/scaling/../scaling/results/2026-04-02_10h34_sem_gaussian/graphs/LiNGAM__v20_a30_g3_s1000.json,,1.8118724689993542,48.0,53.0,0.28169014084507044,0.6593406593406593,1.0,1.0
sem_gaussian,CPC,"{""alpha"": 0.05, ""max_conditioning_set_size"": 3}",20,30,3000,3,/home/mathis/Documents/Travail/cbnsl_benchmark/scaling/../scaling/results/2026-04-02_10h34_sem_gaussian/graphs/golden__v20_a30_g3.json,/home/mathis/Documents/Travail/cbnsl_benchmark/scaling/../scaling/results/2026-04-02_10h34_sem_gaussian/graphs/CPC__v20_a30_g3_s3000.json,,28.919849046011223,28.0,21.0,0.3684210526315789,0.8727272727272728,0.5384615384615384,0.8
sem_gaussian,CMIIC,"{""alpha"": 0.05}",20,30,3000,3,/home/mathis/Documents/Travail/cbnsl_benchmark/scaling/../scaling/results/2026-04-02_10h34_sem_gaussian/graphs/golden__v20_a30_g3.json,/home/mathis/Documents/Travail/cbnsl_benchmark/scaling/../scaling/results/2026-04-02_10h34_sem_gaussian/graphs/CMIIC__v20_a30_g3_s3000.json,,41.26883168099448,20.0,24.0,0.6956521739130435,0.888888888888889,0.7272727272727273,0.8
sem_gaussian,MIIC,"{""n_bins"": 4, ""discretization_method"": ""quantile""}",20,30,3000,3,/home/mathis/Documents/Travail/cbnsl_benchmark/scaling/../scaling/results/2026-04-02_10h34_sem_gaussian/graphs/golden__v20_a30_g3.json,/home/mathis/Documents/Travail/cbnsl_benchmark/scaling/../scaling/results/2026-04-02_10h34_sem_gaussian/graphs/MIIC__v20_a30_g3_s3000.json,,0.5349979960010387,19.0,12.0,0.6666666666666666,0.9285714285714286,0.7894736842105263,0.8666666666666667
sem_gaussian,GHC+BDeu,"{""n_bins"": 4, ""discretization_method"": ""quantile""}",20,30,3000,3,/home/mathis/Documents/Travail/cbnsl_benchmark/scaling/../scaling/results/2026-04-02_10h34_sem_gaussian/graphs/golden__v20_a30_g3.json,/home/mathis/Documents/Travail/cbnsl_benchmark/scaling/../scaling/results/2026-04-02_10h34_sem_gaussian/graphs/GHC+BDeu__v20_a30_g3_s3000.json,,0.41527388500981033,25.0,26.0,0.358974358974359,0.8363636363636363,0.5,0.7666666666666667
sem_gaussian,NOTEARS,"{""lambda1"": 0.0, ""w_threshold_notears"": 0.3}",20,30,3000,3,/home/mathis/Documents/Travail/cbnsl_benchmark/scaling/../scaling/results/2026-04-02_10h34_sem_gaussian/graphs/golden__v20_a30_g3.json,/home/mathis/Documents/Travail/cbnsl_benchmark/scaling/../scaling/results/2026-04-02_10h34_sem_gaussian/graphs/NOTEARS__v20_a30_g3_s3000.json,,19.831133714003954,2.0,0.0,0.7755102040816326,1.0,1.0,1.0
sem_gaussian,NOTEARS Disc.,"{""lambda1"": 0.1, ""w_threshold_notears"": 0.1, ""n_bins"": 4, ""discretization_method"": ""quantile""}",20,30,3000,3,/home/mathis/Documents/Travail/cbnsl_benchmark/scaling/../scaling/results/2026-04-02_10h34_sem_gaussian/graphs/golden__v20_a30_g3.json,/home/mathis/Documents/Travail/cbnsl_benchmark/scaling/../scaling/results/2026-04-02_10h34_sem_gaussian/graphs/NOTEARS Disc.__v20_a30_g3_s3000.json,,14.072486118995585,4.0,0.0,0.7234042553191489,1.0,1.0,1.0
sem_gaussian,LiNGAM,"{""threshold_lingam"": 0.1}",20,30,3000,3,/home/mathis/Documents/Travail/cbnsl_benchmark/scaling/../scaling/results/2026-04-02_10h34_sem_gaussian/graphs/golden__v20_a30_g3.json,/home/mathis/Documents/Travail/cbnsl_benchmark/scaling/../scaling/results/2026-04-02_10h34_sem_gaussian/graphs/LiNGAM__v20_a30_g3_s3000.json,,2.9808887190010864,51.0,59.0,0.33766233766233766,0.6382978723404256,1.0,1.0
sem_gaussian,CPC,"{""alpha"": 0.05, ""max_conditioning_set_size"": 3}",20,30,5000,3,/home/mathis/Documents/Travail/cbnsl_benchmark/scaling/../scaling/results/2026-04-02_10h34_sem_gaussian/graphs/golden__v20_a30_g3.json,/home/mathis/Documents/Travail/cbnsl_benchmark/scaling/../scaling/results/2026-04-02_10h34_sem_gaussian/graphs/CPC__v20_a30_g3_s5000.json,,92.82250356601435,22.0,9.0,0.48780487804878053,0.9310344827586207,0.7692307692307693,0.9
sem_gaussian,CMIIC,"{""alpha"": 0.05}",20,30,5000,3,/home/mathis/Documents/Travail/cbnsl_benchmark/scaling/../scaling/results/2026-04-02_10h34_sem_gaussian/graphs/golden__v20_a30_g3.json,/home/mathis/Documents/Travail/cbnsl_benchmark/scaling/../scaling/results/2026-04-02_10h34_sem_gaussian/graphs/CMIIC__v20_a30_g3_s5000.json,,139.3044479349919,19.0,24.0,0.723404255319149,0.888888888888889,0.7391304347826086,0.8
sem_gaussian,MIIC,"{""n_bins"": 4, ""discretization_method"": ""quantile""}",20,30,5000,3,/home/mathis/Documents/Travail/cbnsl_benchmark/scaling/../scaling/results/2026-04-02_10h34_sem_gaussian/graphs/golden__v20_a30_g3.json,/home/mathis/Documents/Travail/cbnsl_benchmark/scaling/../scaling/results/2026-04-02_10h34_sem_gaussian/graphs/MIIC__v20_a30_g3_s5000.json,,1.0655013140058145,14.0,6.0,0.7999999999999999,0.9473684210526316,0.8695652173913043,0.9
sem_gaussian,GHC+BDeu,"{""n_bins"": 4, ""discretization_method"": ""quantile""}",20,30,5000,3,/home/mathis/Documents/Travail/cbnsl_benchmark/scaling/../scaling/results/2026-04-02_10h34_sem_gaussian/graphs/golden__v20_a30_g3.json,/home/mathis/Documents/Travail/cbnsl_benchmark/scaling/../scaling/results/2026-04-02_10h34_sem_gaussian/graphs/GHC+BDeu__v20_a30_g3_s5000.json,,0.5372996229853015,14.0,24.0,0.6521739130434783,0.912280701754386,0.7894736842105263,0.8666666666666667
sem_gaussian,NOTEARS,"{""lambda1"": 0.0, ""w_threshold_notears"": 0.3}",20,30,5000,3,/home/mathis/Documents/Travail/cbnsl_benchmark/scaling/../scaling/results/2026-04-02_10h34_sem_gaussian/graphs/golden__v20_a30_g3.json,/home/mathis/Documents/Travail/cbnsl_benchmark/scaling/../scaling/results/2026-04-02_10h34_sem_gaussian/graphs/NOTEARS__v20_a30_g3_s5000.json,,26.193179388006683,2.0,0.0,0.7755102040816326,1.0,1.0,1.0
sem_gaussian,NOTEARS Disc.,"{""lambda1"": 0.1, ""w_threshold_notears"": 0.1, ""n_bins"": 4, ""discretization_method"": ""quantile""}",20,30,5000,3,/home/mathis/Documents/Travail/cbnsl_benchmark/scaling/../scaling/results/2026-04-02_10h34_sem_gaussian/graphs/golden__v20_a30_g3.json,/home/mathis/Documents/Travail/cbnsl_benchmark/scaling/../scaling/results/2026-04-02_10h34_sem_gaussian/graphs/NOTEARS Disc.__v20_a30_g3_s5000.json,,29.266206041007536,1.0,20.0,0.7234042553191489,1.0,1.0,1.0
sem_gaussian,LiNGAM,"{""threshold_lingam"": 0.1}",20,30,5000,3,/home/mathis/Documents/Travail/cbnsl_benchmark/scaling/../scaling/results/2026-04-02_10h34_sem_gaussian/graphs/golden__v20_a30_g3.json,/home/mathis/Documents/Travail/cbnsl_benchmark/scaling/../scaling/results/2026-04-02_10h34_sem_gaussian/graphs/LiNGAM__v20_a30_g3_s5000.json,,4.845096637000097,43.0,35.0,0.42857142857142855,0.7058823529411764,1.0,1.0
sem_gaussian,CPC,"{""alpha"": 0.05, ""max_conditioning_set_size"": 3}",20,30,200,4,/home/mathis/Documents/Travail/cbnsl_benchmark/scaling/../scaling/results/2026-04-02_10h34_sem_gaussian/graphs/golden__v20_a30_g4.json,/home/mathis/Documents/Travail/cbnsl_benchmark/scaling/../scaling/results/2026-04-02_10h34_sem_gaussian/graphs/CPC__v20_a30_g4_s200.json,,0.06282684599864297,26.0,27.0,0.23529411764705882,0.4615384615384615,0.16,0.3
sem_gaussian,CMIIC,"{""alpha"": 0.05}",20,30,200,4,/home/mathis/Documents/Travail/cbnsl_benchmark/scaling/../scaling/results/2026-04-02_10h34_sem_gaussian/graphs/golden__v20_a30_g4.json,/home/mathis/Documents/Travail/cbnsl_benchmark/scaling/../scaling/results/2026-04-02_10h34_sem_gaussian/graphs/CMIIC__v20_a30_g4_s200.json,,0.38159901701146737,21.0,15.0,0.5365853658536586,0.8679245283018869,0.6111111111111112,0.7666666666666667
sem_gaussian,MIIC,"{""n_bins"": 4, ""discretization_method"": ""quantile""}",20,30,200,4,/home/mathis/Documents/Travail/cbnsl_benchmark/scaling/../scaling/results/2026-04-02_10h34_sem_gaussian/graphs/golden__v20_a30_g4.json,/home/mathis/Documents/Travail/cbnsl_benchmark/scaling/../scaling/results/2026-04-02_10h34_sem_gaussian/graphs/MIIC__v20_a30_g4_s200.json,,0.06299762200796977,26.0,27.0,0.0,0.6046511627906976,0.0,0.43333333333333335
sem_gaussian,GHC+BDeu,"{""n_bins"": 4, ""discretization_method"": ""quantile""}",20,30,200,4,/home/mathis/Documents/Travail/cbnsl_benchmark/scaling/../scaling/results/2026-04-02_10h34_sem_gaussian/graphs/golden__v20_a30_g4.json,/home/mathis/Documents/Travail/cbnsl_benchmark/scaling/../scaling/results/2026-04-02_10h34_sem_gaussian/graphs/GHC+BDeu__v20_a30_g4_s200.json,,0.04066676099319011,28.0,28.0,0.0,0.4210526315789474,0.0,0.26666666666666666
sem_gaussian,NOTEARS,"{""lambda1"": 0.0, ""w_threshold_notears"": 0.3}",20,30,200,4,/home/mathis/Documents/Travail/cbnsl_benchmark/scaling/../scaling/results/2026-04-02_10h34_sem_gaussian/graphs/golden__v20_a30_g4.json,/home/mathis/Documents/Travail/cbnsl_benchmark/scaling/../scaling/results/2026-04-02_10h34_sem_gaussian/graphs/NOTEARS__v20_a30_g4_s200.json,,6.529908610973507,3.0,17.0,0.8461538461538461,0.9473684210526316,0.88,0.9
sem_gaussian,NOTEARS Disc.,"{""lambda1"": 0.1, ""w_threshold_notears"": 0.1, ""n_bins"": 4, ""discretization_method"": ""quantile""}",20,30,200,4,/home/mathis/Documents/Travail/cbnsl_benchmark/scaling/../scaling/results/2026-04-02_10h34_sem_gaussian/graphs/golden__v20_a30_g4.json,/home/mathis/Documents/Travail/cbnsl_benchmark/scaling/../scaling/results/2026-04-02_10h34_sem_gaussian/graphs/NOTEARS Disc.__v20_a30_g4_s200.json,,7.029874416999519,20.0,19.0,0.45833333333333337,0.8615384615384616,0.8461538461538461,0.9333333333333333
sem_gaussian,LiNGAM,"{""threshold_lingam"": 0.1}",20,30,200,4,/home/mathis/Documents/Travail/cbnsl_benchmark/scaling/../scaling/results/2026-04-02_10h34_sem_gaussian/graphs/golden__v20_a30_g4.json,/home/mathis/Documents/Travail/cbnsl_benchmark/scaling/../scaling/results/2026-04-02_10h34_sem_gaussian/graphs/LiNGAM__v20_a30_g4_s200.json,,1.3086050979909487,52.0,58.0,0.38095238095238093,0.5833333333333333,0.8888888888888888,0.9333333333333333
sem_gaussian,CPC,"{""alpha"": 0.05, ""max_conditioning_set_size"": 3}",20,30,500,4,/home/mathis/Documents/Travail/cbnsl_benchmark/scaling/../scaling/results/2026-04-02_10h34_sem_gaussian/graphs/golden__v20_a30_g4.json,/home/mathis/Documents/Travail/cbnsl_benchmark/scaling/../scaling/results/2026-04-02_10h34_sem_gaussian/graphs/CPC__v20_a30_g4_s500.json,,0.4991681599931326,26.0,23.0,0.23529411764705882,0.6666666666666666,0.21052631578947367,0.5
sem_gaussian,CMIIC,"{""alpha"": 0.05}",20,30,500,4,/home/mathis/Documents/Travail/cbnsl_benchmark/scaling/../scaling/results/2026-04-02_10h34_sem_gaussian/graphs/golden__v20_a30_g4.json,/home/mathis/Documents/Travail/cbnsl_benchmark/scaling/../scaling/results/2026-04-02_10h34_sem_gaussian/graphs/CMIIC__v20_a30_g4_s500.json,,1.7332905959920026,19.0,26.0,0.4615384615384615,0.888888888888889,0.6,0.8
sem_gaussian,MIIC,"{""n_bins"": 4, ""discretization_method"": ""quantile""}",20,30,500,4,/home/mathis/Documents/Travail/cbnsl_benchmark/scaling/../scaling/results/2026-04-02_10h34_sem_gaussian/graphs/golden__v20_a30_g4.json,/home/mathis/Documents/Travail/cbnsl_benchmark/scaling/../scaling/results/2026-04-02_10h34_sem_gaussian/graphs/MIIC__v20_a30_g4_s500.json,,0.08411979000084102,20.0,28.0,0.0,0.8,0.0,0.6666666666666666
sem_gaussian,GHC+BDeu,"{""n_bins"": 4, ""discretization_method"": ""quantile""}",20,30,500,4,/home/mathis/Documents/Travail/cbnsl_benchmark/scaling/../scaling/results/2026-04-02_10h34_sem_gaussian/graphs/golden__v20_a30_g4.json,/home/mathis/Documents/Travail/cbnsl_benchmark/scaling/../scaling/results/2026-04-02_10h34_sem_gaussian/graphs/GHC+BDeu__v20_a30_g4_s500.json,,0.07063916299375705,25.0,26.0,0.0,0.6666666666666666,0.0,0.5
sem_gaussian,NOTEARS,"{""lambda1"": 0.0, ""w_threshold_notears"": 0.3}",20,30,500,4,/home/mathis/Documents/Travail/cbnsl_benchmark/scaling/../scaling/results/2026-04-02_10h34_sem_gaussian/graphs/golden__v20_a30_g4.json,/home/mathis/Documents/Travail/cbnsl_benchmark/scaling/../scaling/results/2026-04-02_10h34_sem_gaussian/graphs/NOTEARS__v20_a30_g4_s500.json,,11.015780602989253,6.0,27.0,0.8148148148148148,0.967741935483871,1.0,1.0
sem_gaussian,NOTEARS Disc.,"{""lambda1"": 0.1, ""w_threshold_notears"": 0.1, ""n_bins"": 4, ""discretization_method"": ""quantile""}",20,30,500,4,/home/mathis/Documents/Travail/cbnsl_benchmark/scaling/../scaling/results/2026-04-02_10h34_sem_gaussian/graphs/golden__v20_a30_g4.json,/home/mathis/Documents/Travail/cbnsl_benchmark/scaling/../scaling/results/2026-04-02_10h34_sem_gaussian/graphs/NOTEARS Disc.__v20_a30_g4_s500.json,,6.303685430990299,14.0,19.0,0.5454545454545455,0.9333333333333333,0.8571428571428571,0.9333333333333333
sem_gaussian,LiNGAM,"{""threshold_lingam"": 0.1}",20,30,500,4,/home/mathis/Documents/Travail/cbnsl_benchmark/scaling/../scaling/results/2026-04-02_10h34_sem_gaussian/graphs/golden__v20_a30_g4.json,/home/mathis/Documents/Travail/cbnsl_benchmark/scaling/../scaling/results/2026-04-02_10h34_sem_gaussian/graphs/LiNGAM__v20_a30_g4_s500.json,,1.2911732140055392,38.0,47.0,0.4722222222222222,0.6904761904761905,0.9444444444444444,0.9666666666666667
sem_gaussian,CPC,"{""alpha"": 0.05, ""max_conditioning_set_size"": 3}",20,30,1000,4,/home/mathis/Documents/Travail/cbnsl_benchmark/scaling/../scaling/results/2026-04-02_10h34_sem_gaussian/graphs/golden__v20_a30_g4.json,/home/mathis/Documents/Travail/cbnsl_benchmark/scaling/../scaling/results/2026-04-02_10h34_sem_gaussian/graphs/CPC__v20_a30_g4_s1000.json,,2.218521200993564,21.0,24.0,0.4615384615384615,0.7499999999999999,0.42857142857142855,0.6
sem_gaussian,CMIIC,"{""alpha"": 0.05}",20,30,1000,4,/home/mathis/Documents/Travail/cbnsl_benchmark/scaling/../scaling/results/2026-04-02_10h34_sem_gaussian/graphs/golden__v20_a30_g4.json,/home/mathis/Documents/Travail/cbnsl_benchmark/scaling/../scaling/results/2026-04-02_10h34_sem_gaussian/graphs/CMIIC__v20_a30_g4_s1000.json,,5.677237730007619,20.0,14.0,0.5,0.888888888888889,0.625,0.8
sem_gaussian,MIIC,"{""n_bins"": 4, ""discretization_method"": ""quantile""}",20,30,1000,4,/home/mathis/Documents/Travail/cbnsl_benchmark/scaling/../scaling/results/2026-04-02_10h34_sem_gaussian/graphs/golden__v20_a30_g4.json,/home/mathis/Documents/Travail/cbnsl_benchmark/scaling/../scaling/results/2026-04-02_10h34_sem_gaussian/graphs/MIIC__v20_a30_g4_s1000.json,,0.14663465501507744,19.0,19.0,0.0,0.888888888888889,0.0,0.8
sem_gaussian,GHC+BDeu,"{""n_bins"": 4, ""discretization_method"": ""quantile""}",20,30,1000,4,/home/mathis/Documents/Travail/cbnsl_benchmark/scaling/../scaling/results/2026-04-02_10h34_sem_gaussian/graphs/golden__v20_a30_g4.json,/home/mathis/Documents/Travail/cbnsl_benchmark/scaling/../scaling/results/2026-04-02_10h34_sem_gaussian/graphs/GHC+BDeu__v20_a30_g4_s1000.json,,0.10921982899890281,27.0,26.0,0.0,0.7346938775510204,0.0,0.6
sem_gaussian,NOTEARS,"{""lambda1"": 0.0, ""w_threshold_notears"": 0.3}",20,30,1000,4,/home/mathis/Documents/Travail/cbnsl_benchmark/scaling/../scaling/results/2026-04-02_10h34_sem_gaussian/graphs/golden__v20_a30_g4.json,/home/mathis/Documents/Travail/cbnsl_benchmark/scaling/../scaling/results/2026-04-02_10h34_sem_gaussian/graphs/NOTEARS__v20_a30_g4_s1000.json,,15.432997908996185,4.0,12.0,0.9090909090909091,0.983050847457627,0.9615384615384616,0.9666666666666667
sem_gaussian,NOTEARS Disc.,"{""lambda1"": 0.1, ""w_threshold_notears"": 0.1, ""n_bins"": 4, ""discretization_method"": ""quantile""}",20,30,1000,4,/home/mathis/Documents/Travail/cbnsl_benchmark/scaling/../scaling/results/2026-04-02_10h34_sem_gaussian/graphs/golden__v20_a30_g4.json,/home/mathis/Documents/Travail/cbnsl_benchmark/scaling/../scaling/results/2026-04-02_10h34_sem_gaussian/graphs/NOTEARS Disc.__v20_a30_g4_s1000.json,,10.801112740009557,14.0,11.0,0.5581395348837209,0.9310344827586207,0.8,0.9
sem_gaussian,LiNGAM,"{""threshold_lingam"": 0.1}",20,30,1000,4,/home/mathis/Documents/Travail/cbnsl_benchmark/scaling/../scaling/results/2026-04-02_10h34_sem_gaussian/graphs/golden__v20_a30_g4.json,/home/mathis/Documents/Travail/cbnsl_benchmark/scaling/../scaling/results/2026-04-02_10h34_sem_gaussian/graphs/LiNGAM__v20_a30_g4_s1000.json,,1.7599612640042324,47.0,49.0,0.35616438356164387,0.6363636363636364,0.8666666666666667,0.9333333333333333
sem_gaussian,CPC,"{""alpha"": 0.05, ""max_conditioning_set_size"": 3}",20,30,3000,4,/home/mathis/Documents/Travail/cbnsl_benchmark/scaling/../scaling/results/2026-04-02_10h34_sem_gaussian/graphs/golden__v20_a30_g4.json,/home/mathis/Documents/Travail/cbnsl_benchmark/scaling/../scaling/results/2026-04-02_10h34_sem_gaussian/graphs/CPC__v20_a30_g4_s3000.json,,28.55805797697394,16.0,18.0,0.5714285714285714,0.9285714285714286,0.75,0.8666666666666667
sem_gaussian,CMIIC,"{""alpha"": 0.05}",20,30,3000,4,/home/mathis/Documents/Travail/cbnsl_benchmark/scaling/../scaling/results/2026-04-02_10h34_sem_gaussian/graphs/golden__v20_a30_g4.json,/home/mathis/Documents/Travail/cbnsl_benchmark/scaling/../scaling/results/2026-04-02_10h34_sem_gaussian/graphs/CMIIC__v20_a30_g4_s3000.json,,53.1478023439995,20.0,14.0,0.5,0.888888888888889,0.625,0.8
sem_gaussian,MIIC,"{""n_bins"": 4, ""discretization_method"": ""quantile""}",20,30,3000,4,/home/mathis/Documents/Travail/cbnsl_benchmark/scaling/../scaling/results/2026-04-02_10h34_sem_gaussian/graphs/golden__v20_a30_g4.json,/home/mathis/Documents/Travail/cbnsl_benchmark/scaling/../scaling/results/2026-04-02_10h34_sem_gaussian/graphs/MIIC__v20_a30_g4_s3000.json,,1.2981781289854553,16.0,16.0,0.7234042553191489,0.9285714285714286,0.8095238095238095,0.8666666666666667
sem_gaussian,GHC+BDeu,"{""n_bins"": 4, ""discretization_method"": ""quantile""}",20,30,3000,4,/home/mathis/Documents/Travail/cbnsl_benchmark/scaling/../scaling/results/2026-04-02_10h34_sem_gaussian/graphs/golden__v20_a30_g4.json,/home/mathis/Documents/Travail/cbnsl_benchmark/scaling/../scaling/results/2026-04-02_10h34_sem_gaussian/graphs/GHC+BDeu__v20_a30_g4_s3000.json,,0.8296743640094064,21.0,14.0,0.358974358974359,0.7924528301886793,0.4375,0.7
sem_gaussian,NOTEARS,"{""lambda1"": 0.0, ""w_threshold_notears"": 0.3}",20,30,3000,4,/home/mathis/Documents/Travail/cbnsl_benchmark/scaling/../scaling/results/2026-04-02_10h34_sem_gaussian/graphs/golden__v20_a30_g4.json,/home/mathis/Documents/Travail/cbnsl_benchmark/scaling/../scaling/results/2026-04-02_10h34_sem_gaussian/graphs/NOTEARS__v20_a30_g4_s3000.json,,30.027004315023078,4.0,14.0,0.9090909090909091,0.983050847457627,0.9615384615384616,0.9666666666666667
sem_gaussian,NOTEARS Disc.,"{""lambda1"": 0.1, ""w_threshold_notears"": 0.1, ""n_bins"": 4, ""discretization_method"": ""quantile""}",20,30,3000,4,/home/mathis/Documents/Travail/cbnsl_benchmark/scaling/../scaling/results/2026-04-02_10h34_sem_gaussian/graphs/golden__v20_a30_g4.json,/home/mathis/Documents/Travail/cbnsl_benchmark/scaling/../scaling/results/2026-04-02_10h34_sem_gaussian/graphs/NOTEARS Disc.__v20_a30_g4_s3000.json,,21.826235458021984,13.0,11.0,0.5909090909090908,0.9310344827586207,0.8125,0.9
sem_gaussian,LiNGAM,"{""threshold_lingam"": 0.1}",20,30,3000,4,/home/mathis/Documents/Travail/cbnsl_benchmark/scaling/../scaling/results/2026-04-02_10h34_sem_gaussian/graphs/golden__v20_a30_g4.json,/home/mathis/Documents/Travail/cbnsl_benchmark/scaling/../scaling/results/2026-04-02_10h34_sem_gaussian/graphs/LiNGAM__v20_a30_g4_s3000.json,,4.215701520995935,59.0,54.0,0.2926829268292683,0.5858585858585859,0.9230769230769231,0.9666666666666667
sem_gaussian,CPC,"{""alpha"": 0.05, ""max_conditioning_set_size"": 3}",20,30,5000,4,/home/mathis/Documents/Travail/cbnsl_benchmark/scaling/../scaling/results/2026-04-02_10h34_sem_gaussian/graphs/golden__v20_a30_g4.json,/home/mathis/Documents/Travail/cbnsl_benchmark/scaling/../scaling/results/2026-04-02_10h34_sem_gaussian/graphs/CPC__v20_a30_g4_s5000.json,,85.00640593402204,14.0,14.0,0.6808510638297872,0.912280701754386,0.8,0.8666666666666667
sem_gaussian,CMIIC,"{""alpha"": 0.05}",20,30,5000,4,/home/mathis/Documents/Travail/cbnsl_benchmark/scaling/../scaling/results/2026-04-02_10h34_sem_gaussian/graphs/golden__v20_a30_g4.json,/home/mathis/Documents/Travail/cbnsl_benchmark/scaling/../scaling/results/2026-04-02_10h34_sem_gaussian/graphs/CMIIC__v20_a30_g4_s5000.json,,128.66163462100667,17.0,26.0,0.6363636363636365,0.888888888888889,0.7,0.8
sem_gaussian,MIIC,"{""n_bins"": 4, ""discretization_method"": ""quantile""}",20,30,5000,4,/home/mathis/Documents/Travail/cbnsl_benchmark/scaling/../scaling/results/2026-04-02_10h34_sem_gaussian/graphs/golden__v20_a30_g4.json,/home/mathis/Documents/Travail/cbnsl_benchmark/scaling/../scaling/results/2026-04-02_10h34_sem_gaussian/graphs/MIIC__v20_a30_g4_s5000.json,,1.1153468179982156,13.0,16.0,0.7999999999999999,0.9473684210526316,0.8695652173913043,0.9
sem_gaussian,GHC+BDeu,"{""n_bins"": 4, ""discretization_method"": ""quantile""}",20,30,5000,4,/home/mathis/Documents/Travail/cbnsl_benchmark/scaling/../scaling/results/2026-04-02_10h34_sem_gaussian/graphs/golden__v20_a30_g4.json,/home/mathis/Documents/Travail/cbnsl_benchmark/scaling/../scaling/results/2026-04-02_10h34_sem_gaussian/graphs/GHC+BDeu__v20_a30_g4_s5000.json,,0.5868364119960461,18.0,21.0,0.4761904761904762,0.8571428571428571,0.625,0.8
sem_gaussian,NOTEARS,"{""lambda1"": 0.0, ""w_threshold_notears"": 0.3}",20,30,5000,4,/home/mathis/Documents/Travail/cbnsl_benchmark/scaling/../scaling/results/2026-04-02_10h34_sem_gaussian/graphs/golden__v20_a30_g4.json,/home/mathis/Documents/Travail/cbnsl_benchmark/scaling/../scaling/results/2026-04-02_10h34_sem_gaussian/graphs/NOTEARS__v20_a30_g4_s5000.json,,41.418770857999334,3.0,13.0,0.9285714285714286,1.0,1.0,1.0
sem_gaussian,NOTEARS Disc.,"{""lambda1"": 0.1, ""w_threshold_notears"": 0.1, ""n_bins"": 4, ""discretization_method"": ""quantile""}",20,30,5000,4,/home/mathis/Documents/Travail/cbnsl_benchmark/scaling/../scaling/results/2026-04-02_10h34_sem_gaussian/graphs/golden__v20_a30_g4.json,/home/mathis/Documents/Travail/cbnsl_benchmark/scaling/../scaling/results/2026-04-02_10h34_sem_gaussian/graphs/NOTEARS Disc.__v20_a30_g4_s5000.json,,24.430882916989503,13.0,11.0,0.5909090909090908,0.9310344827586207,0.8125,0.9
sem_gaussian,LiNGAM,"{""threshold_lingam"": 0.1}",20,30,5000,4,/home/mathis/Documents/Travail/cbnsl_benchmark/scaling/../scaling/results/2026-04-02_10h34_sem_gaussian/graphs/golden__v20_a30_g4.json,/home/mathis/Documents/Travail/cbnsl_benchmark/scaling/../scaling/results/2026-04-02_10h34_sem_gaussian/graphs/LiNGAM__v20_a30_g4_s5000.json,,3.7092299880168866,56.0,49.0,0.3571428571428571,0.5918367346938775,0.9375,0.9666666666666667
sem_gaussian,CPC,"{""alpha"": 0.05, ""max_conditioning_set_size"": 3}",20,30,200,5,/home/mathis/Documents/Travail/cbnsl_benchmark/scaling/../scaling/results/2026-04-02_10h34_sem_gaussian/graphs/golden__v20_a30_g5.json,/home/mathis/Documents/Travail/cbnsl_benchmark/scaling/../scaling/results/2026-04-02_10h34_sem_gaussian/graphs/CPC__v20_a30_g5_s200.json,,0.08239638700615615,28.0,29.0,0.06666666666666667,0.34285714285714286,0.041666666666666664,0.20689655172413793
sem_gaussian,CMIIC,"{""alpha"": 0.05}",20,30,200,5,/home/mathis/Documents/Travail/cbnsl_benchmark/scaling/../scaling/results/2026-04-02_10h34_sem_gaussian/graphs/golden__v20_a30_g5.json,/home/mathis/Documents/Travail/cbnsl_benchmark/scaling/../scaling/results/2026-04-02_10h34_sem_gaussian/graphs/CMIIC__v20_a30_g5_s200.json,,0.464381862024311,19.0,17.0,0.29411764705882354,0.8627450980392156,0.4166666666666667,0.7586206896551724
sem_gaussian,MIIC,"{""n_bins"": 4, ""discretization_method"": ""quantile""}",20,30,200,5,/home/mathis/Documents/Travail/cbnsl_benchmark/scaling/../scaling/results/2026-04-02_10h34_sem_gaussian/graphs/golden__v20_a30_g5.json,/home/mathis/Documents/Travail/cbnsl_benchmark/scaling/../scaling/results/2026-04-02_10h34_sem_gaussian/graphs/MIIC__v20_a30_g5_s200.json,,0.042395135009428486,23.0,25.0,0.0,0.7659574468085107,0.0,0.6206896551724138
sem_gaussian,GHC+BDeu,"{""n_bins"": 4, ""discretization_method"": ""quantile""}",20,30,200,5,/home/mathis/Documents/Travail/cbnsl_benchmark/scaling/../scaling/results/2026-04-02_10h34_sem_gaussian/graphs/golden__v20_a30_g5.json,/home/mathis/Documents/Travail/cbnsl_benchmark/scaling/../scaling/results/2026-04-02_10h34_sem_gaussian/graphs/GHC+BDeu__v20_a30_g5_s200.json,,0.03831618299591355,25.0,26.0,0.0,0.5499999999999999,0.0,0.3793103448275862
sem_gaussian,NOTEARS,"{""lambda1"": 0.0, ""w_threshold_notears"": 0.3}",20,30,200,5,/home/mathis/Documents/Travail/cbnsl_benchmark/scaling/../scaling/results/2026-04-02_10h34_sem_gaussian/graphs/golden__v20_a30_g5.json,/home/mathis/Documents/Travail/cbnsl_benchmark/scaling/../scaling/results/2026-04-02_10h34_sem_gaussian/graphs/NOTEARS__v20_a30_g5_s200.json,,13.321917384018889,6.0,17.0,0.75,0.9655172413793104,0.9473684210526315,0.9655172413793104
sem_gaussian,NOTEARS Disc.,"{""lambda1"": 0.1, ""w_threshold_notears"": 0.1, ""n_bins"": 4, ""discretization_method"": ""quantile""}",20,30,200,5,/home/mathis/Documents/Travail/cbnsl_benchmark/scaling/../scaling/results/2026-04-02_10h34_sem_gaussian/graphs/golden__v20_a30_g5.json,,[pyAgrum] Directed cycle detected: Add a directed cycle in a dag !,,,,,,,
sem_gaussian,LiNGAM,"{""threshold_lingam"": 0.1}",20,30,200,5,/home/mathis/Documents/Travail/cbnsl_benchmark/scaling/../scaling/results/2026-04-02_10h34_sem_gaussian/graphs/golden__v20_a30_g5.json,/home/mathis/Documents/Travail/cbnsl_benchmark/scaling/../scaling/results/2026-04-02_10h34_sem_gaussian/graphs/LiNGAM__v20_a30_g5_s200.json,,1.4626143669884186,57.0,42.0,0.273972602739726,0.6153846153846154,0.9090909090909091,0.9655172413793104
sem_gaussian,CPC,"{""alpha"": 0.05, ""max_conditioning_set_size"": 3}",20,30,500,5,/home/mathis/Documents/Travail/cbnsl_benchmark/scaling/../scaling/results/2026-04-02_10h34_sem_gaussian/graphs/golden__v20_a30_g5.json,/home/mathis/Documents/Travail/cbnsl_benchmark/scaling/../scaling/results/2026-04-02_10h34_sem_gaussian/graphs/CPC__v20_a30_g5_s500.json,,0.6506725299987011,23.0,27.0,0.24242424242424246,0.5499999999999999,0.18181818181818182,0.3793103448275862
sem_gaussian,CMIIC,"{""alpha"": 0.05}",20,30,500,5,/home/mathis/Documents/Travail/cbnsl_benchmark/scaling/../scaling/results/2026-04-02_10h34_sem_gaussian/graphs/golden__v20_a30_g5.json,/home/mathis/Documents/Travail/cbnsl_benchmark/scaling/../scaling/results/2026-04-02_10h34_sem_gaussian/graphs/CMIIC__v20_a30_g5_s500.json,,1.9547696019872092,19.0,17.0,0.29411764705882354,0.8627450980392156,0.4166666666666667,0.7586206896551724
sem_gaussian,MIIC,"{""n_bins"": 4, ""discretization_method"": ""quantile""}",20,30,500,5,/home/mathis/Documents/Travail/cbnsl_benchmark/scaling/../scaling/results/2026-04-02_10h34_sem_gaussian/graphs/golden__v20_a30_g5.json,/home/mathis/Documents/Travail/cbnsl_benchmark/scaling/../scaling/results/2026-04-02_10h34_sem_gaussian/graphs/MIIC__v20_a30_g5_s500.json,,0.07110504599404521,20.0,19.0,0.0,0.8163265306122449,0.0,0.6896551724137931
sem_gaussian,GHC+BDeu,"{""n_bins"": 4, ""discretization_method"": ""quantile""}",20,30,500,5,/home/mathis/Documents/Travail/cbnsl_benchmark/scaling/../scaling/results/2026-04-02_10h34_sem_gaussian/graphs/golden__v20_a30_g5.json,/home/mathis/Documents/Travail/cbnsl_benchmark/scaling/../scaling/results/2026-04-02_10h34_sem_gaussian/graphs/GHC+BDeu__v20_a30_g5_s500.json,,0.06019984098384157,27.0,28.0,0.0,0.6521739130434783,0.0,0.5172413793103449
sem_gaussian,NOTEARS,"{""lambda1"": 0.0, ""w_threshold_notears"": 0.3}",20,30,500,5,/home/mathis/Documents/Travail/cbnsl_benchmark/scaling/../scaling/results/2026-04-02_10h34_sem_gaussian/graphs/golden__v20_a30_g5.json,/home/mathis/Documents/Travail/cbnsl_benchmark/scaling/../scaling/results/2026-04-02_10h34_sem_gaussian/graphs/NOTEARS__v20_a30_g5_s500.json,,8.526172676996794,9.0,12.0,0.8627450980392156,0.9824561403508771,0.9565217391304348,0.9655172413793104
sem_gaussian,NOTEARS Disc.,"{""lambda1"": 0.1, ""w_threshold_notears"": 0.1, ""n_bins"": 4, ""discretization_method"": ""quantile""}",20,30,500,5,/home/mathis/Documents/Travail/cbnsl_benchmark/scaling/../scaling/results/2026-04-02_10h34_sem_gaussian/graphs/golden__v20_a30_g5.json,/home/mathis/Documents/Travail/cbnsl_benchmark/scaling/../scaling/results/2026-04-02_10h34_sem_gaussian/graphs/NOTEARS Disc.__v20_a30_g5_s500.json,,16.681783704989357,15.0,7.0,0.7391304347826088,0.9642857142857143,0.8947368421052632,0.9310344827586207
sem_gaussian,LiNGAM,"{""threshold_lingam"": 0.1}",20,30,500,5,/home/mathis/Documents/Travail/cbnsl_benchmark/scaling/../scaling/results/2026-04-02_10h34_sem_gaussian/graphs/golden__v20_a30_g5.json,/home/mathis/Documents/Travail/cbnsl_benchmark/scaling/../scaling/results/2026-04-02_10h34_sem_gaussian/graphs/LiNGAM__v20_a30_g5_s500.json,,1.3278459239809308,41.0,41.0,0.3939393939393939,0.691358024691358,0.9285714285714286,0.9655172413793104
sem_gaussian,CPC,"{""alpha"": 0.05, ""max_conditioning_set_size"": 3}",20,30,1000,5,/home/mathis/Documents/Travail/cbnsl_benchmark/scaling/../scaling/results/2026-04-02_10h34_sem_gaussian/graphs/golden__v20_a30_g5.json,/home/mathis/Documents/Travail/cbnsl_benchmark/scaling/../scaling/results/2026-04-02_10h34_sem_gaussian/graphs/CPC__v20_a30_g5_s1000.json,,3.167984907020582,24.0,25.0,0.18749999999999997,0.7916666666666666,0.23076923076923078,0.6551724137931034
sem_gaussian,CMIIC,"{""alpha"": 0.05}",20,30,1000,5,/home/mathis/Documents/Travail/cbnsl_benchmark/scaling/../scaling/results/2026-04-02_10h34_sem_gaussian/graphs/golden__v20_a30_g5.json,/home/mathis/Documents/Travail/cbnsl_benchmark/scaling/../scaling/results/2026-04-02_10h34_sem_gaussian/graphs/CMIIC__v20_a30_g5_s1000.json,,6.905485889990814,19.0,21.0,0.29411764705882354,0.8846153846153846,0.45454545454545453,0.7931034482758621
sem_gaussian,MIIC,"{""n_bins"": 4, ""discretization_method"": ""quantile""}",20,30,1000,5,/home/mathis/Documents/Travail/cbnsl_benchmark/scaling/../scaling/results/2026-04-02_10h34_sem_gaussian/graphs/golden__v20_a30_g5.json,/home/mathis/Documents/Travail/cbnsl_benchmark/scaling/../scaling/results/2026-04-02_10h34_sem_gaussian/graphs/MIIC__v20_a30_g5_s1000.json,,0.14316406898433343,15.0,14.0,0.0,0.9259259259259259,0.0,0.8620689655172413
sem_gaussian,GHC+BDeu,"{""n_bins"": 4, ""discretization_method"": ""quantile""}",20,30,1000,5,/home/mathis/Documents/Travail/cbnsl_benchmark/scaling/../scaling/results/2026-04-02_10h34_sem_gaussian/graphs/golden__v20_a30_g5.json,/home/mathis/Documents/Travail/cbnsl_benchmark/scaling/../scaling/results/2026-04-02_10h34_sem_gaussian/graphs/GHC+BDeu__v20_a30_g5_s1000.json,,0.10720157000469044,25.0,26.0,0.0,0.75,0.0,0.6206896551724138
sem_gaussian,NOTEARS,"{""lambda1"": 0.0, ""w_threshold_notears"": 0.3}",20,30,1000,5,/home/mathis/Documents/Travail/cbnsl_benchmark/scaling/../scaling/results/2026-04-02_10h34_sem_gaussian/graphs/golden__v20_a30_g5.json,/home/mathis/Documents/Travail/cbnsl_benchmark/scaling/../scaling/results/2026-04-02_10h34_sem_gaussian/graphs/NOTEARS__v20_a30_g5_s1000.json,,23.018138665007427,2.0,12.0,0.846153846153846,0.983050847457627,1.0,1.0
sem_gaussian,NOTEARS Disc.,"{""lambda1"": 0.1, ""w_threshold_notears"": 0.1, ""n_bins"": 4, ""discretization_method"": ""quantile""}",20,30,1000,5,/home/mathis/Documents/Travail/cbnsl_benchmark/scaling/../scaling/results/2026-04-02_10h34_sem_gaussian/graphs/golden__v20_a30_g5.json,/home/mathis/Documents/Travail/cbnsl_benchmark/scaling/../scaling/results/2026-04-02_10h34_sem_gaussian/graphs/NOTEARS Disc.__v20_a30_g5_s1000.json,,135.5604179740185,19.0,24.0,0.6521739130434783,0.912280701754386,0.8333333333333334,0.896551724137931
sem_gaussian,LiNGAM,"{""threshold_lingam"": 0.1}",20,30,1000,5,/home/mathis/Documents/Travail/cbnsl_benchmark/scaling/../scaling/results/2026-04-02_10h34_sem_gaussian/graphs/golden__v20_a30_g5.json,/home/mathis/Documents/Travail/cbnsl_benchmark/scaling/../scaling/results/2026-04-02_10h34_sem_gaussian/graphs/LiNGAM__v20_a30_g5_s1000.json,,6.26556409499608,40.0,44.0,0.47368421052631576,0.6511627906976745,0.9473684210526315,0.9655172413793104
sem_gaussian,CPC,"{""alpha"": 0.05, ""max_conditioning_set_size"": 3}",20,30,3000,5,/home/mathis/Documents/Travail/cbnsl_benchmark/scaling/../scaling/results/2026-04-02_10h34_sem_gaussian/graphs/golden__v20_a30_g5.json,/home/mathis/Documents/Travail/cbnsl_benchmark/scaling/../scaling/results/2026-04-02_10h34_sem_gaussian/graphs/CPC__v20_a30_g5_s3000.json,,134.97308425599476,18.0,17.0,0.6190476190476191,0.9454545454545454,0.8125,0.896551724137931
sem_gaussian,CMIIC,"{""alpha"": 0.05}",20,30,3000,5,/home/mathis/Documents/Travail/cbnsl_benchmark/scaling/../scaling/results/2026-04-02_10h34_sem_gaussian/graphs/golden__v20_a30_g5.json,/home/mathis/Documents/Travail/cbnsl_benchmark/scaling/../scaling/results/2026-04-02_10h34_sem_gaussian/graphs/CMIIC__v20_a30_g5_s3000.json,,56.528802112006815,17.0,16.0,0.6818181818181819,0.8846153846153846,0.7142857142857143,0.7931034482758621
sem_gaussian,MIIC,"{""n_bins"": 4, ""discretization_method"": ""quantile""}",20,30,3000,5,/home/mathis/Documents/Travail/cbnsl_benchmark/scaling/../scaling/results/2026-04-02_10h34_sem_gaussian/graphs/golden__v20_a30_g5.json,/home/mathis/Documents/Travail/cbnsl_benchmark/scaling/../scaling/results/2026-04-02_10h34_sem_gaussian/graphs/MIIC__v20_a30_g5_s3000.json,,0.7676418540067971,16.0,14.0,0.7111111111111111,0.9259259259259259,0.8,0.8620689655172413
sem_gaussian,GHC+BDeu,"{""n_bins"": 4, ""discretization_method"": ""quantile""}",20,30,3000,5,/home/mathis/Documents/Travail/cbnsl_benchmark/scaling/../scaling/results/2026-04-02_10h34_sem_gaussian/graphs/golden__v20_a30_g5.json,/home/mathis/Documents/Travail/cbnsl_benchmark/scaling/../scaling/results/2026-04-02_10h34_sem_gaussian/graphs/GHC+BDeu__v20_a30_g5_s3000.json,,0.4027770929969847,26.0,25.0,0.21621621621621623,0.8,0.36363636363636365,0.7586206896551724
sem_gaussian,NOTEARS,"{""lambda1"": 0.0, ""w_threshold_notears"": 0.3}",20,30,3000,5,/home/mathis/Documents/Travail/cbnsl_benchmark/scaling/../scaling/results/2026-04-02_10h34_sem_gaussian/graphs/golden__v20_a30_g5.json,/home/mathis/Documents/Travail/cbnsl_benchmark/scaling/../scaling/results/2026-04-02_10h34_sem_gaussian/graphs/NOTEARS__v20_a30_g5_s3000.json,,33.43234967198805,8.0,15.0,0.7916666666666667,0.9642857142857143,0.9047619047619048,0.9310344827586207
sem_gaussian,NOTEARS Disc.,"{""lambda1"": 0.1, ""w_threshold_notears"": 0.1, ""n_bins"": 4, ""discretization_method"": ""quantile""}",20,30,3000,5,/home/mathis/Documents/Travail/cbnsl_benchmark/scaling/../scaling/results/2026-04-02_10h34_sem_gaussian/graphs/golden__v20_a30_g5.json,,[pyAgrum] Directed cycle detected: Add a directed cycle in a dag !,,,,,,,
sem_gaussian,LiNGAM,"{""threshold_lingam"": 0.1}",20,30,3000,5,/home/mathis/Documents/Travail/cbnsl_benchmark/scaling/../scaling/results/2026-04-02_10h34_sem_gaussian/graphs/golden__v20_a30_g5.json,/home/mathis/Documents/Travail/cbnsl_benchmark/scaling/../scaling/results/2026-04-02_10h34_sem_gaussian/graphs/LiNGAM__v20_a30_g5_s3000.json,,4.296309059980558,28.0,30.0,0.5757575757575758,0.7466666666666666,0.95,0.9655172413793104
sem_gaussian,CPC,"{""alpha"": 0.05, ""max_conditioning_set_size"": 3}",20,30,5000,5,/home/mathis/Documents/Travail/cbnsl_benchmark/scaling/../scaling/results/2026-04-02_10h34_sem_gaussian/graphs/golden__v20_a30_g5.json,/home/mathis/Documents/Travail/cbnsl_benchmark/scaling/../scaling/results/2026-04-02_10h34_sem_gaussian/graphs/CPC__v20_a30_g5_s5000.json,,137.77055889600888,17.0,14.0,0.6511627906976744,0.9642857142857143,0.875,0.9310344827586207
sem_gaussian,CMIIC,"{""alpha"": 0.05}",20,30,5000,5,/home/mathis/Documents/Travail/cbnsl_benchmark/scaling/../scaling/results/2026-04-02_10h34_sem_gaussian/graphs/golden__v20_a30_g5.json,/home/mathis/Documents/Travail/cbnsl_benchmark/scaling/../scaling/results/2026-04-02_10h34_sem_gaussian/graphs/CMIIC__v20_a30_g5_s5000.json,,387.37472517901915,17.0,16.0,0.6818181818181819,0.8846153846153846,0.7142857142857143,0.7931034482758621
sem_gaussian,MIIC,"{""n_bins"": 4, ""discretization_method"": ""quantile""}",20,30,5000,5,/home/mathis/Documents/Travail/cbnsl_benchmark/scaling/../scaling/results/2026-04-02_10h34_sem_gaussian/graphs/golden__v20_a30_g5.json,/home/mathis/Documents/Travail/cbnsl_benchmark/scaling/../scaling/results/2026-04-02_10h34_sem_gaussian/graphs/MIIC__v20_a30_g5_s5000.json,,17.789328504994046,14.0,6.0,0.7659574468085107,0.9454545454545454,0.8571428571428571,0.896551724137931
sem_gaussian,GHC+BDeu,"{""n_bins"": 4, ""discretization_method"": ""quantile""}",20,30,5000,5,/home/mathis/Documents/Travail/cbnsl_benchmark/scaling/../scaling/results/2026-04-02_10h34_sem_gaussian/graphs/golden__v20_a30_g5.json,/home/mathis/Documents/Travail/cbnsl_benchmark/scaling/../scaling/results/2026-04-02_10h34_sem_gaussian/graphs/GHC+BDeu__v20_a30_g5_s5000.json,,5.336002277006628,25.0,21.0,0.35000000000000003,0.8421052631578947,0.5833333333333334,0.8275862068965517
sem_gaussian,NOTEARS,"{""lambda1"": 0.0, ""w_threshold_notears"": 0.3}",20,30,5000,5,/home/mathis/Documents/Travail/cbnsl_benchmark/scaling/../scaling/results/2026-04-02_10h34_sem_gaussian/graphs/golden__v20_a30_g5.json,/home/mathis/Documents/Travail/cbnsl_benchmark/scaling/../scaling/results/2026-04-02_10h34_sem_gaussian/graphs/NOTEARS__v20_a30_g5_s5000.json,,224.66335329899448,8.0,15.0,0.7916666666666667,0.9642857142857143,0.9047619047619048,0.9310344827586207
sem_gaussian,NOTEARS Disc.,"{""lambda1"": 0.1, ""w_threshold_notears"": 0.1, ""n_bins"": 4, ""discretization_method"": ""quantile""}",20,30,5000,5,/home/mathis/Documents/Travail/cbnsl_benchmark/scaling/../scaling/results/2026-04-02_10h34_sem_gaussian/graphs/golden__v20_a30_g5.json,,[pyAgrum] Directed cycle detected: Add a directed cycle in a dag !,,,,,,,
sem_gaussian,LiNGAM,"{""threshold_lingam"": 0.1}",20,30,5000,5,/home/mathis/Documents/Travail/cbnsl_benchmark/scaling/../scaling/results/2026-04-02_10h34_sem_gaussian/graphs/golden__v20_a30_g5.json,/home/mathis/Documents/Travail/cbnsl_benchmark/scaling/../scaling/results/2026-04-02_10h34_sem_gaussian/graphs/LiNGAM__v20_a30_g5_s5000.json,,4.6420582399878185,34.0,39.0,0.5294117647058824,0.7341772151898733,1.0,1.0
sem_gaussian,CPC,"{""alpha"": 0.05, ""max_conditioning_set_size"": 3}",20,30,200,6,/home/mathis/Documents/Travail/cbnsl_benchmark/scaling/../scaling/results/2026-04-02_10h34_sem_gaussian/graphs/golden__v20_a30_g6.json,/home/mathis/Documents/Travail/cbnsl_benchmark/scaling/../scaling/results/2026-04-02_10h34_sem_gaussian/graphs/CPC__v20_a30_g6_s200.json,,0.06334051801241003,26.0,27.0,0.28571428571428575,0.6666666666666666,0.25,0.5
sem_gaussian,CMIIC,"{""alpha"": 0.05}",20,30,200,6,/home/mathis/Documents/Travail/cbnsl_benchmark/scaling/../scaling/results/2026-04-02_10h34_sem_gaussian/graphs/golden__v20_a30_g6.json,/home/mathis/Documents/Travail/cbnsl_benchmark/scaling/../scaling/results/2026-04-02_10h34_sem_gaussian/graphs/CMIIC__v20_a30_g6_s200.json,,0.43265898199751973,22.0,26.0,0.2352941176470588,0.8679245283018869,0.36363636363636365,0.7666666666666667
sem_gaussian,MIIC,"{""n_bins"": 4, ""discretization_method"": ""quantile""}",20,30,200,6,/home/mathis/Documents/Travail/cbnsl_benchmark/scaling/../scaling/results/2026-04-02_10h34_sem_gaussian/graphs/golden__v20_a30_g6.json,/home/mathis/Documents/Travail/cbnsl_benchmark/scaling/../scaling/results/2026-04-02_10h34_sem_gaussian/graphs/MIIC__v20_a30_g6_s200.json,,0.053517701977398247,24.0,28.0,0.0,0.7499999999999999,0.0,0.6
sem_gaussian,GHC+BDeu,"{""n_bins"": 4, ""discretization_method"": ""quantile""}",20,30,200,6,/home/mathis/Documents/Travail/cbnsl_benchmark/scaling/../scaling/results/2026-04-02_10h34_sem_gaussian/graphs/golden__v20_a30_g6.json,/home/mathis/Documents/Travail/cbnsl_benchmark/scaling/../scaling/results/2026-04-02_10h34_sem_gaussian/graphs/GHC+BDeu__v20_a30_g6_s200.json,,0.05319374401005916,23.0,29.0,0.0,0.5714285714285715,0.0,0.4
sem_gaussian,NOTEARS,"{""lambda1"": 0.0, ""w_threshold_notears"": 0.3}",20,30,200,6,/home/mathis/Documents/Travail/cbnsl_benchmark/scaling/../scaling/results/2026-04-02_10h34_sem_gaussian/graphs/golden__v20_a30_g6.json,/home/mathis/Documents/Travail/cbnsl_benchmark/scaling/../scaling/results/2026-04-02_10h34_sem_gaussian/graphs/NOTEARS__v20_a30_g6_s200.json,,6.692992704018252,8.0,16.0,0.7234042553191489,0.983050847457627,0.9444444444444444,0.9666666666666667
sem_gaussian,NOTEARS Disc.,"{""lambda1"": 0.1, ""w_threshold_notears"": 0.1, ""n_bins"": 4, ""discretization_method"": ""quantile""}",20,30,200,6,/home/mathis/Documents/Travail/cbnsl_benchmark/scaling/../scaling/results/2026-04-02_10h34_sem_gaussian/graphs/golden__v20_a30_g6.json,/home/mathis/Documents/Travail/cbnsl_benchmark/scaling/../scaling/results/2026-04-02_10h34_sem_gaussian/graphs/NOTEARS Disc.__v20_a30_g6_s200.json,,5.692662821005797,20.0,25.0,0.653061224489796,0.9,0.8421052631578947,0.9
sem_gaussian,LiNGAM,"{""threshold_lingam"": 0.1}",20,30,200,6,/home/mathis/Documents/Travail/cbnsl_benchmark/scaling/../scaling/results/2026-04-02_10h34_sem_gaussian/graphs/golden__v20_a30_g6.json,/home/mathis/Documents/Travail/cbnsl_benchmark/scaling/../scaling/results/2026-04-02_10h34_sem_gaussian/graphs/LiNGAM__v20_a30_g6_s200.json,,1.1365085789875593,47.0,42.0,0.34285714285714286,0.6818181818181819,1.0,1.0
sem_gaussian,CPC,"{""alpha"": 0.05, ""max_conditioning_set_size"": 3}",20,30,500,6,/home/mathis/Documents/Travail/cbnsl_benchmark/scaling/../scaling/results/2026-04-02_10h34_sem_gaussian/graphs/golden__v20_a30_g6.json,/home/mathis/Documents/Travail/cbnsl_benchmark/scaling/../scaling/results/2026-04-02_10h34_sem_gaussian/graphs/CPC__v20_a30_g6_s500.json,,0.49065059001441114,25.0,28.0,0.23529411764705885,0.5714285714285715,0.18181818181818182,0.4
sem_gaussian,CMIIC,"{""alpha"": 0.05}",20,30,500,6,/home/mathis/Documents/Travail/cbnsl_benchmark/scaling/../scaling/results/2026-04-02_10h34_sem_gaussian/graphs/golden__v20_a30_g6.json,/home/mathis/Documents/Travail/cbnsl_benchmark/scaling/../scaling/results/2026-04-02_10h34_sem_gaussian/graphs/CMIIC__v20_a30_g6_s500.json,,1.6474882879992947,23.0,23.0,0.4210526315789474,0.9090909090909091,0.6153846153846154,0.8333333333333334
sem_gaussian,MIIC,"{""n_bins"": 4, ""discretization_method"": ""quantile""}",20,30,500,6,/home/mathis/Documents/Travail/cbnsl_benchmark/scaling/../scaling/results/2026-04-02_10h34_sem_gaussian/graphs/golden__v20_a30_g6.json,/home/mathis/Documents/Travail/cbnsl_benchmark/scaling/../scaling/results/2026-04-02_10h34_sem_gaussian/graphs/MIIC__v20_a30_g6_s500.json,,0.06955299398396164,23.0,22.0,0.0,0.9090909090909091,0.0,0.8333333333333334
sem_gaussian,GHC+BDeu,"{""n_bins"": 4, ""discretization_method"": ""quantile""}",20,30,500,6,/home/mathis/Documents/Travail/cbnsl_benchmark/scaling/../scaling/results/2026-04-02_10h34_sem_gaussian/graphs/golden__v20_a30_g6.json,/home/mathis/Documents/Travail/cbnsl_benchmark/scaling/../scaling/results/2026-04-02_10h34_sem_gaussian/graphs/GHC+BDeu__v20_a30_g6_s500.json,,0.0608954619965516,22.0,28.0,0.0,0.7234042553191489,0.0,0.5666666666666667
sem_gaussian,NOTEARS,"{""lambda1"": 0.0, ""w_threshold_notears"": 0.3}",20,30,500,6,/home/mathis/Documents/Travail/cbnsl_benchmark/scaling/../scaling/results/2026-04-02_10h34_sem_gaussian/graphs/golden__v20_a30_g6.json,/home/mathis/Documents/Travail/cbnsl_benchmark/scaling/../scaling/results/2026-04-02_10h34_sem_gaussian/graphs/NOTEARS__v20_a30_g6_s500.json,,17.12077182799112,3.0,16.0,0.7755102040816326,1.0,1.0,1.0
sem_gaussian,NOTEARS Disc.,"{""lambda1"": 0.1, ""w_threshold_notears"": 0.1, ""n_bins"": 4, ""discretization_method"": ""quantile""}",20,30,500,6,/home/mathis/Documents/Travail/cbnsl_benchmark/scaling/../scaling/results/2026-04-02_10h34_sem_gaussian/graphs/golden__v20_a30_g6.json,/home/mathis/Documents/Travail/cbnsl_benchmark/scaling/../scaling/results/2026-04-02_10h34_sem_gaussian/graphs/NOTEARS Disc.__v20_a30_g6_s500.json,,5.911131011001999,10.0,18.0,0.6666666666666666,0.9508196721311476,0.9411764705882353,0.9666666666666667
sem_gaussian,LiNGAM,"{""threshold_lingam"": 0.1}",20,30,500,6,/home/mathis/Documents/Travail/cbnsl_benchmark/scaling/../scaling/results/2026-04-02_10h34_sem_gaussian/graphs/golden__v20_a30_g6.json,/home/mathis/Documents/Travail/cbnsl_benchmark/scaling/../scaling/results/2026-04-02_10h34_sem_gaussian/graphs/LiNGAM__v20_a30_g6_s500.json,,1.3048896360269282,45.0,46.0,0.45945945945945943,0.6744186046511628,0.9444444444444444,0.9666666666666667
sem_gaussian,CPC,"{""alpha"": 0.05, ""max_conditioning_set_size"": 3}",20,30,1000,6,/home/mathis/Documents/Travail/cbnsl_benchmark/scaling/../scaling/results/2026-04-02_10h34_sem_gaussian/graphs/golden__v20_a30_g6.json,/home/mathis/Documents/Travail/cbnsl_benchmark/scaling/../scaling/results/2026-04-02_10h34_sem_gaussian/graphs/CPC__v20_a30_g6_s1000.json,,3.135094844008563,24.0,30.0,0.37837837837837834,0.7234042553191489,0.35,0.5666666666666667
sem_gaussian,CMIIC,"{""alpha"": 0.05}",20,30,1000,6,/home/mathis/Documents/Travail/cbnsl_benchmark/scaling/../scaling/results/2026-04-02_10h34_sem_gaussian/graphs/golden__v20_a30_g6.json,/home/mathis/Documents/Travail/cbnsl_benchmark/scaling/../scaling/results/2026-04-02_10h34_sem_gaussian/graphs/CMIIC__v20_a30_g6_s1000.json,,5.9320182770024985,22.0,24.0,0.6956521739130435,0.9090909090909091,0.7619047619047619,0.8333333333333334
sem_gaussian,MIIC,"{""n_bins"": 4, ""discretization_method"": ""quantile""}",20,30,1000,6,/home/mathis/Documents/Travail/cbnsl_benchmark/scaling/../scaling/results/2026-04-02_10h34_sem_gaussian/graphs/golden__v20_a30_g6.json,/home/mathis/Documents/Travail/cbnsl_benchmark/scaling/../scaling/results/2026-04-02_10h34_sem_gaussian/graphs/MIIC__v20_a30_g6_s1000.json,,0.15816101100062951,23.0,22.0,0.0,0.9090909090909091,0.0,0.8333333333333334
sem_gaussian,GHC+BDeu,"{""n_bins"": 4, ""discretization_method"": ""quantile""}",20,30,1000,6,/home/mathis/Documents/Travail/cbnsl_benchmark/scaling/../scaling/results/2026-04-02_10h34_sem_gaussian/graphs/golden__v20_a30_g6.json,/home/mathis/Documents/Travail/cbnsl_benchmark/scaling/../scaling/results/2026-04-02_10h34_sem_gaussian/graphs/GHC+BDeu__v20_a30_g6_s1000.json,,0.17188428199733607,21.0,28.0,0.23529411764705882,0.7755102040816326,0.26666666666666666,0.6333333333333333
sem_gaussian,NOTEARS,"{""lambda1"": 0.0, ""w_threshold_notears"": 0.3}",20,30,1000,6,/home/mathis/Documents/Travail/cbnsl_benchmark/scaling/../scaling/results/2026-04-02_10h34_sem_gaussian/graphs/golden__v20_a30_g6.json,/home/mathis/Documents/Travail/cbnsl_benchmark/scaling/../scaling/results/2026-04-02_10h34_sem_gaussian/graphs/NOTEARS__v20_a30_g6_s1000.json,,16.15023943799315,2.0,14.0,0.7755102040816326,0.983050847457627,0.95,0.9666666666666667
sem_gaussian,NOTEARS Disc.,"{""lambda1"": 0.1, ""w_threshold_notears"": 0.1, ""n_bins"": 4, ""discretization_method"": ""quantile""}",20,30,1000,6,/home/mathis/Documents/Travail/cbnsl_benchmark/scaling/../scaling/results/2026-04-02_10h34_sem_gaussian/graphs/golden__v20_a30_g6.json,/home/mathis/Documents/Travail/cbnsl_benchmark/scaling/../scaling/results/2026-04-02_10h34_sem_gaussian/graphs/NOTEARS Disc.__v20_a30_g6_s1000.json,,30.638687950995518,4.0,18.0,0.75,0.9655172413793104,0.9,0.9333333333333333
sem_gaussian,LiNGAM,"{""threshold_lingam"": 0.1}",20,30,1000,6,/home/mathis/Documents/Travail/cbnsl_benchmark/scaling/../scaling/results/2026-04-02_10h34_sem_gaussian/graphs/golden__v20_a30_g6.json,/home/mathis/Documents/Travail/cbnsl_benchmark/scaling/../scaling/results/2026-04-02_10h34_sem_gaussian/graphs/LiNGAM__v20_a30_g6_s1000.json,,1.9419096799974795,66.0,56.0,0.24096385542168677,0.5544554455445544,0.8333333333333334,0.9333333333333333
sem_gaussian,CPC,"{""alpha"": 0.05, ""max_conditioning_set_size"": 3}",20,30,3000,6,/home/mathis/Documents/Travail/cbnsl_benchmark/scaling/../scaling/results/2026-04-02_10h34_sem_gaussian/graphs/golden__v20_a30_g6.json,/home/mathis/Documents/Travail/cbnsl_benchmark/scaling/../scaling/results/2026-04-02_10h34_sem_gaussian/graphs/CPC__v20_a30_g6_s3000.json,,34.33440552401589,23.0,17.0,0.5,0.9285714285714286,0.7142857142857143,0.8666666666666667
sem_gaussian,CMIIC,"{""alpha"": 0.05}",20,30,3000,6,/home/mathis/Documents/Travail/cbnsl_benchmark/scaling/../scaling/results/2026-04-02_10h34_sem_gaussian/graphs/golden__v20_a30_g6.json,/home/mathis/Documents/Travail/cbnsl_benchmark/scaling/../scaling/results/2026-04-02_10h34_sem_gaussian/graphs/CMIIC__v20_a30_g6_s3000.json,,49.10136432398576,22.0,12.0,0.6956521739130435,0.9285714285714286,0.8,0.8666666666666667
sem_gaussian,MIIC,"{""n_bins"": 4, ""discretization_method"": ""quantile""}",20,30,3000,6,/home/mathis/Documents/Travail/cbnsl_benchmark/scaling/../scaling/results/2026-04-02_10h34_sem_gaussian/graphs/golden__v20_a30_g6.json,/home/mathis/Documents/Travail/cbnsl_benchmark/scaling/../scaling/results/2026-04-02_10h34_sem_gaussian/graphs/MIIC__v20_a30_g6_s3000.json,,0.6803001170046628,20.0,16.0,0.6666666666666666,0.9285714285714286,0.7894736842105263,0.8666666666666667
sem_gaussian,GHC+BDeu,"{""n_bins"": 4, ""discretization_method"": ""quantile""}",20,30,3000,6,/home/mathis/Documents/Travail/cbnsl_benchmark/scaling/../scaling/results/2026-04-02_10h34_sem_gaussian/graphs/golden__v20_a30_g6.json,/home/mathis/Documents/Travail/cbnsl_benchmark/scaling/../scaling/results/2026-04-02_10h34_sem_gaussian/graphs/GHC+BDeu__v20_a30_g6_s3000.json,,0.3574570640048478,18.0,19.0,0.608695652173913,0.9152542372881356,0.8235294117647058,0.9
sem_gaussian,NOTEARS,"{""lambda1"": 0.0, ""w_threshold_notears"": 0.3}",20,30,3000,6,/home/mathis/Documents/Travail/cbnsl_benchmark/scaling/../scaling/results/2026-04-02_10h34_sem_gaussian/graphs/golden__v20_a30_g6.json,/home/mathis/Documents/Travail/cbnsl_benchmark/scaling/../scaling/results/2026-04-02_10h34_sem_gaussian/graphs/NOTEARS__v20_a30_g6_s3000.json,,28.01039289799519,7.0,11.0,0.8,0.9655172413793104,0.9090909090909091,0.9333333333333333
sem_gaussian,NOTEARS Disc.,"{""lambda1"": 0.1, ""w_threshold_notears"": 0.1, ""n_bins"": 4, ""discretization_method"": ""quantile""}",20,30,3000,6,/home/mathis/Documents/Travail/cbnsl_benchmark/scaling/../scaling/results/2026-04-02_10h34_sem_gaussian/graphs/golden__v20_a30_g6.json,,[pyAgrum] Directed cycle detected: Add a directed cycle in a dag !,,,,,,,
sem_gaussian,LiNGAM,"{""threshold_lingam"": 0.1}",20,30,3000,6,/home/mathis/Documents/Travail/cbnsl_benchmark/scaling/../scaling/results/2026-04-02_10h34_sem_gaussian/graphs/golden__v20_a30_g6.json,/home/mathis/Documents/Travail/cbnsl_benchmark/scaling/../scaling/results/2026-04-02_10h34_sem_gaussian/graphs/LiNGAM__v20_a30_g6_s3000.json,,2.93952013598755,60.0,54.0,0.2784810126582279,0.5979381443298969,0.9166666666666666,0.9666666666666667
sem_gaussian,CPC,"{""alpha"": 0.05, ""max_conditioning_set_size"": 3}",20,30,5000,6,/home/mathis/Documents/Travail/cbnsl_benchmark/scaling/../scaling/results/2026-04-02_10h34_sem_gaussian/graphs/golden__v20_a30_g6.json,/home/mathis/Documents/Travail/cbnsl_benchmark/scaling/../scaling/results/2026-04-02_10h34_sem_gaussian/graphs/CPC__v20_a30_g6_s5000.json,,138.19498023198685,21.0,16.0,0.5909090909090909,0.912280701754386,0.7647058823529411,0.8666666666666667
sem_gaussian,CMIIC,"{""alpha"": 0.05}",20,30,5000,6,/home/mathis/Documents/Travail/cbnsl_benchmark/scaling/../scaling/results/2026-04-02_10h34_sem_gaussian/graphs/golden__v20_a30_g6.json,/home/mathis/Documents/Travail/cbnsl_benchmark/scaling/../scaling/results/2026-04-02_10h34_sem_gaussian/graphs/CMIIC__v20_a30_g6_s5000.json,,207.96902998999576,22.0,12.0,0.6956521739130435,0.9285714285714286,0.8,0.8666666666666667
sem_gaussian,MIIC,"{""n_bins"": 4, ""discretization_method"": ""quantile""}",20,30,5000,6,/home/mathis/Documents/Travail/cbnsl_benchmark/scaling/../scaling/results/2026-04-02_10h34_sem_gaussian/graphs/golden__v20_a30_g6.json,/home/mathis/Documents/Travail/cbnsl_benchmark/scaling/../scaling/results/2026-04-02_10h34_sem_gaussian/graphs/MIIC__v20_a30_g6_s5000.json,,1.196487312001409,4.0,20.0,0.7234042553191489,0.9285714285714286,0.8095238095238095,0.8666666666666667
sem_gaussian,GHC+BDeu,"{""n_bins"": 4, ""discretization_method"": ""quantile""}",20,30,5000,6,/home/mathis/Documents/Travail/cbnsl_benchmark/scaling/../scaling/results/2026-04-02_10h34_sem_gaussian/graphs/golden__v20_a30_g6.json,/home/mathis/Documents/Travail/cbnsl_benchmark/scaling/../scaling/results/2026-04-02_10h34_sem_gaussian/graphs/GHC+BDeu__v20_a30_g6_s5000.json,,0.5788912510033697,25.0,19.0,0.4761904761904762,0.896551724137931,0.7142857142857143,0.8666666666666667
sem_gaussian,NOTEARS,"{""lambda1"": 0.0, ""w_threshold_notears"": 0.3}",20,30,5000,6,/home/mathis/Documents/Travail/cbnsl_benchmark/scaling/../scaling/results/2026-04-02_10h34_sem_gaussian/graphs/golden__v20_a30_g6.json,/home/mathis/Documents/Travail/cbnsl_benchmark/scaling/../scaling/results/2026-04-02_10h34_sem_gaussian/graphs/NOTEARS__v20_a30_g6_s5000.json,,32.515359565994004,8.0,18.0,0.8301886792452831,0.9666666666666667,0.9565217391304348,0.9666666666666667
sem_gaussian,NOTEARS Disc.,"{""lambda1"": 0.1, ""w_threshold_notears"": 0.1, ""n_bins"": 4, ""discretization_method"": ""quantile""}",20,30,5000,6,/home/mathis/Documents/Travail/cbnsl_benchmark/scaling/../scaling/results/2026-04-02_10h34_sem_gaussian/graphs/golden__v20_a30_g6.json,,[pyAgrum] Directed cycle detected: Add a directed cycle in a dag !,,,,,,,
sem_gaussian,LiNGAM,"{""threshold_lingam"": 0.1}",20,30,5000,6,/home/mathis/Documents/Travail/cbnsl_benchmark/scaling/../scaling/results/2026-04-02_10h34_sem_gaussian/graphs/golden__v20_a30_g6.json,/home/mathis/Documents/Travail/cbnsl_benchmark/scaling/../scaling/results/2026-04-02_10h34_sem_gaussian/graphs/LiNGAM__v20_a30_g6_s5000.json,,3.409024453983875,44.0,40.0,0.4799999999999999,0.6896551724137931,1.0,1.0
sem_gaussian,CPC,"{""alpha"": 0.05, ""max_conditioning_set_size"": 3}",20,30,200,7,/home/mathis/Documents/Travail/cbnsl_benchmark/scaling/../scaling/results/2026-04-02_10h34_sem_gaussian/graphs/golden__v20_a30_g7.json,/home/mathis/Documents/Travail/cbnsl_benchmark/scaling/../scaling/results/2026-04-02_10h34_sem_gaussian/graphs/CPC__v20_a30_g7_s200.json,,0.05982325799413957,28.0,28.0,0.18181818181818182,0.4615384615384615,0.125,0.3
sem_gaussian,CMIIC,"{""alpha"": 0.05}",20,30,200,7,/home/mathis/Documents/Travail/cbnsl_benchmark/scaling/../scaling/results/2026-04-02_10h34_sem_gaussian/graphs/golden__v20_a30_g7.json,/home/mathis/Documents/Travail/cbnsl_benchmark/scaling/../scaling/results/2026-04-02_10h34_sem_gaussian/graphs/CMIIC__v20_a30_g7_s200.json,,0.3656036909960676,19.0,25.0,0.46153846153846156,0.846153846153846,0.5294117647058824,0.7333333333333333
sem_gaussian,MIIC,"{""n_bins"": 4, ""discretization_method"": ""quantile""}",20,30,200,7,/home/mathis/Documents/Travail/cbnsl_benchmark/scaling/../scaling/results/2026-04-02_10h34_sem_gaussian/graphs/golden__v20_a30_g7.json,/home/mathis/Documents/Travail/cbnsl_benchmark/scaling/../scaling/results/2026-04-02_10h34_sem_gaussian/graphs/MIIC__v20_a30_g7_s200.json,,0.04295986899523996,27.0,29.0,0.0,0.6363636363636364,0.0,0.4666666666666667
sem_gaussian,GHC+BDeu,"{""n_bins"": 4, ""discretization_method"": ""quantile""}",20,30,200,7,/home/mathis/Documents/Travail/cbnsl_benchmark/scaling/../scaling/results/2026-04-02_10h34_sem_gaussian/graphs/golden__v20_a30_g7.json,/home/mathis/Documents/Travail/cbnsl_benchmark/scaling/../scaling/results/2026-04-02_10h34_sem_gaussian/graphs/GHC+BDeu__v20_a30_g7_s200.json,,0.040371613984461874,27.0,29.0,0.0,0.5,0.0,0.3333333333333333
sem_gaussian,NOTEARS,"{""lambda1"": 0.0, ""w_threshold_notears"": 0.3}",20,30,200,7,/home/mathis/Documents/Travail/cbnsl_benchmark/scaling/../scaling/results/2026-04-02_10h34_sem_gaussian/graphs/golden__v20_a30_g7.json,/home/mathis/Documents/Travail/cbnsl_benchmark/scaling/../scaling/results/2026-04-02_10h34_sem_gaussian/graphs/NOTEARS__v20_a30_g7_s200.json,,4.552300804993138,3.0,13.0,0.8679245283018867,0.983050847457627,0.9583333333333334,0.9666666666666667
sem_gaussian,NOTEARS Disc.,"{""lambda1"": 0.1, ""w_threshold_notears"": 0.1, ""n_bins"": 4, ""discretization_method"": ""quantile""}",20,30,200,7,/home/mathis/Documents/Travail/cbnsl_benchmark/scaling/../scaling/results/2026-04-02_10h34_sem_gaussian/graphs/golden__v20_a30_g7.json,/home/mathis/Documents/Travail/cbnsl_benchmark/scaling/../scaling/results/2026-04-02_10h34_sem_gaussian/graphs/NOTEARS Disc.__v20_a30_g7_s200.json,,8.406830930005526,19.0,18.0,0.46153846153846156,0.9285714285714286,0.6923076923076923,0.8666666666666667
sem_gaussian,LiNGAM,"{""threshold_lingam"": 0.1}",20,30,200,7,/home/mathis/Documents/Travail/cbnsl_benchmark/scaling/../scaling/results/2026-04-02_10h34_sem_gaussian/graphs/golden__v20_a30_g7.json,/home/mathis/Documents/Travail/cbnsl_benchmark/scaling/../scaling/results/2026-04-02_10h34_sem_gaussian/graphs/LiNGAM__v20_a30_g7_s200.json,,1.1700659159978386,48.0,46.0,0.3611111111111111,0.611764705882353,0.7647058823529411,0.8666666666666667
sem_gaussian,CPC,"{""alpha"": 0.05, ""max_conditioning_set_size"": 3}",20,30,500,7,/home/mathis/Documents/Travail/cbnsl_benchmark/scaling/../scaling/results/2026-04-02_10h34_sem_gaussian/graphs/golden__v20_a30_g7.json,/home/mathis/Documents/Travail/cbnsl_benchmark/scaling/../scaling/results/2026-04-02_10h34_sem_gaussian/graphs/CPC__v20_a30_g7_s500.json,,0.45257098801084794,26.0,29.0,0.23529411764705882,0.4615384615384615,0.16,0.3
sem_gaussian,CMIIC,"{""alpha"": 0.05}",20,30,500,7,/home/mathis/Documents/Travail/cbnsl_benchmark/scaling/../scaling/results/2026-04-02_10h34_sem_gaussian/graphs/golden__v20_a30_g7.json,/home/mathis/Documents/Travail/cbnsl_benchmark/scaling/../scaling/results/2026-04-02_10h34_sem_gaussian/graphs/CMIIC__v20_a30_g7_s500.json,,1.7080209029954858,27.0,17.0,0.2857142857142857,0.8235294117647058,0.35714285714285715,0.7
sem_gaussian,MIIC,"{""n_bins"": 4, ""discretization_method"": ""quantile""}",20,30,500,7,/home/mathis/Documents/Travail/cbnsl_benchmark/scaling/../scaling/results/2026-04-02_10h34_sem_gaussian/graphs/golden__v20_a30_g7.json,/home/mathis/Documents/Travail/cbnsl_benchmark/scaling/../scaling/results/2026-04-02_10h34_sem_gaussian/graphs/MIIC__v20_a30_g7_s500.json,,0.07346273600705899,26.0,27.0,0.0,0.7755102040816326,0.0,0.6333333333333333
sem_gaussian,GHC+BDeu,"{""n_bins"": 4, ""discretization_method"": ""quantile""}",20,30,500,7,/home/mathis/Documents/Travail/cbnsl_benchmark/scaling/../scaling/results/2026-04-02_10h34_sem_gaussian/graphs/golden__v20_a30_g7.json,/home/mathis/Documents/Travail/cbnsl_benchmark/scaling/../scaling/results/2026-04-02_10h34_sem_gaussian/graphs/GHC+BDeu__v20_a30_g7_s500.json,,0.06439514202065766,27.0,29.0,0.0,0.6808510638297872,0.0,0.5333333333333333
sem_gaussian,NOTEARS,"{""lambda1"": 0.0, ""w_threshold_notears"": 0.3}",20,30,500,7,/home/mathis/Documents/Travail/cbnsl_benchmark/scaling/../scaling/results/2026-04-02_10h34_sem_gaussian/graphs/golden__v20_a30_g7.json,/home/mathis/Documents/Travail/cbnsl_benchmark/scaling/../scaling/results/2026-04-02_10h34_sem_gaussian/graphs/NOTEARS__v20_a30_g7_s500.json,,8.591347030014731,7.0,23.0,0.8363636363636364,0.9508196721311476,0.9583333333333334,0.9666666666666667
sem_gaussian,NOTEARS Disc.,"{""lambda1"": 0.1, ""w_threshold_notears"": 0.1, ""n_bins"": 4, ""discretization_method"": ""quantile""}",20,30,500,7,/home/mathis/Documents/Travail/cbnsl_benchmark/scaling/../scaling/results/2026-04-02_10h34_sem_gaussian/graphs/golden__v20_a30_g7.json,/home/mathis/Documents/Travail/cbnsl_benchmark/scaling/../scaling/results/2026-04-02_10h34_sem_gaussian/graphs/NOTEARS Disc.__v20_a30_g7_s500.json,,5.233368225977756,12.0,23.0,0.7083333333333333,0.9310344827586207,0.85,0.9
sem_gaussian,LiNGAM,"{""threshold_lingam"": 0.1}",20,30,500,7,/home/mathis/Documents/Travail/cbnsl_benchmark/scaling/../scaling/results/2026-04-02_10h34_sem_gaussian/graphs/golden__v20_a30_g7.json,/home/mathis/Documents/Travail/cbnsl_benchmark/scaling/../scaling/results/2026-04-02_10h34_sem_gaussian/graphs/LiNGAM__v20_a30_g7_s500.json,,1.348275435011601,50.0,56.0,0.3950617283950617,0.5869565217391305,0.8421052631578947,0.9
sem_gaussian,CPC,"{""alpha"": 0.05, ""max_conditioning_set_size"": 3}",20,30,1000,7,/home/mathis/Documents/Travail/cbnsl_benchmark/scaling/../scaling/results/2026-04-02_10h34_sem_gaussian/graphs/golden__v20_a30_g7.json,/home/mathis/Documents/Travail/cbnsl_benchmark/scaling/../scaling/results/2026-04-02_10h34_sem_gaussian/graphs/CPC__v20_a30_g7_s1000.json,,2.47430664501735,24.0,26.0,0.33333333333333337,0.7234042553191489,0.3157894736842105,0.5666666666666667
sem_gaussian,CMIIC,"{""alpha"": 0.05}",20,30,1000,7,/home/mathis/Documents/Travail/cbnsl_benchmark/scaling/../scaling/results/2026-04-02_10h34_sem_gaussian/graphs/golden__v20_a30_g7.json,/home/mathis/Documents/Travail/cbnsl_benchmark/scaling/../scaling/results/2026-04-02_10h34_sem_gaussian/graphs/CMIIC__v20_a30_g7_s1000.json,,5.891032317013014,20.0,22.0,0.3333333333333333,0.8235294117647058,0.4,0.7
sem_gaussian,MIIC,"{""n_bins"": 4, ""discretization_method"": ""quantile""}",20,30,1000,7,/home/mathis/Documents/Travail/cbnsl_benchmark/scaling/../scaling/results/2026-04-02_10h34_sem_gaussian/graphs/golden__v20_a30_g7.json,/home/mathis/Documents/Travail/cbnsl_benchmark/scaling/../scaling/results/2026-04-02_10h34_sem_gaussian/graphs/MIIC__v20_a30_g7_s1000.json,,0.12698514701332897,24.0,22.0,0.0,0.8679245283018869,0.0,0.7666666666666667
sem_gaussian,GHC+BDeu,"{""n_bins"": 4, ""discretization_method"": ""quantile""}",20,30,1000,7,/home/mathis/Documents/Travail/cbnsl_benchmark/scaling/../scaling/results/2026-04-02_10h34_sem_gaussian/graphs/golden__v20_a30_g7.json,/home/mathis/Documents/Travail/cbnsl_benchmark/scaling/../scaling/results/2026-04-02_10h34_sem_gaussian/graphs/GHC+BDeu__v20_a30_g7_s1000.json,,0.09741805598605424,27.0,28.0,0.0,0.7083333333333334,0.0,0.5666666666666667
sem_gaussian,NOTEARS,"{""lambda1"": 0.0, ""w_threshold_notears"": 0.3}",20,30,1000,7,/home/mathis/Documents/Travail/cbnsl_benchmark/scaling/../scaling/results/2026-04-02_10h34_sem_gaussian/graphs/golden__v20_a30_g7.json,/home/mathis/Documents/Travail/cbnsl_benchmark/scaling/../scaling/results/2026-04-02_10h34_sem_gaussian/graphs/NOTEARS__v20_a30_g7_s1000.json,,8.816737094020937,8.0,22.0,0.8571428571428571,0.967741935483871,1.0,1.0
sem_gaussian,NOTEARS Disc.,"{""lambda1"": 0.1, ""w_threshold_notears"": 0.1, ""n_bins"": 4, ""discretization_method"": ""quantile""}",20,30,1000,7,/home/mathis/Documents/Travail/cbnsl_benchmark/scaling/../scaling/results/2026-04-02_10h34_sem_gaussian/graphs/golden__v20_a30_g7.json,/home/mathis/Documents/Travail/cbnsl_benchmark/scaling/../scaling/results/2026-04-02_10h34_sem_gaussian/graphs/NOTEARS Disc.__v20_a30_g7_s1000.json,,8.34978245201637,16.0,21.0,0.5454545454545454,0.896551724137931,0.75,0.8666666666666667
sem_gaussian,LiNGAM,"{""threshold_lingam"": 0.1}",20,30,1000,7,/home/mathis/Documents/Travail/cbnsl_benchmark/scaling/../scaling/results/2026-04-02_10h34_sem_gaussian/graphs/golden__v20_a30_g7.json,/home/mathis/Documents/Travail/cbnsl_benchmark/scaling/../scaling/results/2026-04-02_10h34_sem_gaussian/graphs/LiNGAM__v20_a30_g7_s1000.json,,1.7110235579893924,30.0,41.0,0.5833333333333334,0.7407407407407407,1.0,1.0
sem_gaussian,CPC,"{""alpha"": 0.05, ""max_conditioning_set_size"": 3}",20,30,3000,7,/home/mathis/Documents/Travail/cbnsl_benchmark/scaling/../scaling/results/2026-04-02_10h34_sem_gaussian/graphs/golden__v20_a30_g7.json,/home/mathis/Documents/Travail/cbnsl_benchmark/scaling/../scaling/results/2026-04-02_10h34_sem_gaussian/graphs/CPC__v20_a30_g7_s3000.json,,30.563454856019234,23.0,19.0,0.3333333333333333,0.888888888888889,0.5,0.8
sem_gaussian,CMIIC,"{""alpha"": 0.05}",20,30,3000,7,/home/mathis/Documents/Travail/cbnsl_benchmark/scaling/../scaling/results/2026-04-02_10h34_sem_gaussian/graphs/golden__v20_a30_g7.json,/home/mathis/Documents/Travail/cbnsl_benchmark/scaling/../scaling/results/2026-04-02_10h34_sem_gaussian/graphs/CMIIC__v20_a30_g7_s3000.json,,48.89348331801011,21.0,22.0,0.2857142857142857,0.846153846153846,0.38461538461538464,0.7333333333333333
sem_gaussian,MIIC,"{""n_bins"": 4, ""discretization_method"": ""quantile""}",20,30,3000,7,/home/mathis/Documents/Travail/cbnsl_benchmark/scaling/../scaling/results/2026-04-02_10h34_sem_gaussian/graphs/golden__v20_a30_g7.json,/home/mathis/Documents/Travail/cbnsl_benchmark/scaling/../scaling/results/2026-04-02_10h34_sem_gaussian/graphs/MIIC__v20_a30_g7_s3000.json,,0.5920269640046172,19.0,18.0,0.5714285714285713,0.9090909090909091,0.7058823529411765,0.8333333333333334
sem_gaussian,GHC+BDeu,"{""n_bins"": 4, ""discretization_method"": ""quantile""}",20,30,3000,7,/home/mathis/Documents/Travail/cbnsl_benchmark/scaling/../scaling/results/2026-04-02_10h34_sem_gaussian/graphs/golden__v20_a30_g7.json,/home/mathis/Documents/Travail/cbnsl_benchmark/scaling/../scaling/results/2026-04-02_10h34_sem_gaussian/graphs/GHC+BDeu__v20_a30_g7_s3000.json,,0.3342117000138387,19.0,22.0,0.41025641025641024,0.8301886792452831,0.5,0.7333333333333333
sem_gaussian,NOTEARS,"{""lambda1"": 0.0, ""w_threshold_notears"": 0.3}",20,30,3000,7,/home/mathis/Documents/Travail/cbnsl_benchmark/scaling/../scaling/results/2026-04-02_10h34_sem_gaussian/graphs/golden__v20_a30_g7.json,/home/mathis/Documents/Travail/cbnsl_benchmark/scaling/../scaling/results/2026-04-02_10h34_sem_gaussian/graphs/NOTEARS__v20_a30_g7_s3000.json,,30.39733607499511,2.0,19.0,0.9285714285714286,1.0,1.0,1.0
sem_gaussian,NOTEARS Disc.,"{""lambda1"": 0.1, ""w_threshold_notears"": 0.1, ""n_bins"": 4, ""discretization_method"": ""quantile""}",20,30,3000,7,/home/mathis/Documents/Travail/cbnsl_benchmark/scaling/../scaling/results/2026-04-02_10h34_sem_gaussian/graphs/golden__v20_a30_g7.json,/home/mathis/Documents/Travail/cbnsl_benchmark/scaling/../scaling/results/2026-04-02_10h34_sem_gaussian/graphs/NOTEARS Disc.__v20_a30_g7_s3000.json,,24.087851856980706,19.0,19.0,0.4651162790697674,0.9,0.7692307692307693,0.9
sem_gaussian,LiNGAM,"{""threshold_lingam"": 0.1}",20,30,3000,7,/home/mathis/Documents/Travail/cbnsl_benchmark/scaling/../scaling/results/2026-04-02_10h34_sem_gaussian/graphs/golden__v20_a30_g7.json,/home/mathis/Documents/Travail/cbnsl_benchmark/scaling/../scaling/results/2026-04-02_10h34_sem_gaussian/graphs/LiNGAM__v20_a30_g7_s3000.json,,2.56403465999756,32.0,31.0,0.5352112676056338,0.7317073170731707,1.0,1.0
sem_gaussian,CPC,"{""alpha"": 0.05, ""max_conditioning_set_size"": 3}",20,30,5000,7,/home/mathis/Documents/Travail/cbnsl_benchmark/scaling/../scaling/results/2026-04-02_10h34_sem_gaussian/graphs/golden__v20_a30_g7.json,/home/mathis/Documents/Travail/cbnsl_benchmark/scaling/../scaling/results/2026-04-02_10h34_sem_gaussian/graphs/CPC__v20_a30_g7_s5000.json,,94.0184309160104,16.0,24.0,0.5,0.9090909090909091,0.6666666666666666,0.8333333333333334
sem_gaussian,CMIIC,"{""alpha"": 0.05}",20,30,5000,7,/home/mathis/Documents/Travail/cbnsl_benchmark/scaling/../scaling/results/2026-04-02_10h34_sem_gaussian/graphs/golden__v20_a30_g7.json,/home/mathis/Documents/Travail/cbnsl_benchmark/scaling/../scaling/results/2026-04-02_10h34_sem_gaussian/graphs/CMIIC__v20_a30_g7_s5000.json,,128.89067967201117,23.0,26.0,0.18181818181818182,0.8235294117647058,0.25,0.7
sem_gaussian,MIIC,"{""n_bins"": 4, ""discretization_method"": ""quantile""}",20,30,5000,7,/home/mathis/Documents/Travail/cbnsl_benchmark/scaling/../scaling/results/2026-04-02_10h34_sem_gaussian/graphs/golden__v20_a30_g7.json,/home/mathis/Documents/Travail/cbnsl_benchmark/scaling/../scaling/results/2026-04-02_10h34_sem_gaussian/graphs/MIIC__v20_a30_g7_s5000.json,,1.158020294009475,13.0,22.0,0.6666666666666665,0.9090909090909091,0.75,0.8333333333333334
sem_gaussian,GHC+BDeu,"{""n_bins"": 4, ""discretization_method"": ""quantile""}",20,30,5000,7,/home/mathis/Documents/Travail/cbnsl_benchmark/scaling/../scaling/results/2026-04-02_10h34_sem_gaussian/graphs/golden__v20_a30_g7.json,/home/mathis/Documents/Travail/cbnsl_benchmark/scaling/../scaling/results/2026-04-02_10h34_sem_gaussian/graphs/GHC+BDeu__v20_a30_g7_s5000.json,,0.5307776260015089,23.0,24.0,0.4285714285714286,0.8620689655172413,0.6428571428571429,0.8333333333333334
sem_gaussian,NOTEARS,"{""lambda1"": 0.0, ""w_threshold_notears"": 0.3}",20,30,5000,7,/home/mathis/Documents/Travail/cbnsl_benchmark/scaling/../scaling/results/2026-04-02_10h34_sem_gaussian/graphs/golden__v20_a30_g7.json,/home/mathis/Documents/Travail/cbnsl_benchmark/scaling/../scaling/results/2026-04-02_10h34_sem_gaussian/graphs/NOTEARS__v20_a30_g7_s5000.json,,38.494233911013,4.0,6.0,0.888888888888889,1.0,1.0,1.0
sem_gaussian,NOTEARS Disc.,"{""lambda1"": 0.1, ""w_threshold_notears"": 0.1, ""n_bins"": 4, ""discretization_method"": ""quantile""}",20,30,5000,7,/home/mathis/Documents/Travail/cbnsl_benchmark/scaling/../scaling/results/2026-04-02_10h34_sem_gaussian/graphs/golden__v20_a30_g7.json,/home/mathis/Documents/Travail/cbnsl_benchmark/scaling/../scaling/results/2026-04-02_10h34_sem_gaussian/graphs/NOTEARS Disc.__v20_a30_g7_s5000.json,,33.25885010100319,15.0,19.0,0.5581395348837209,0.9310344827586207,0.8,0.9
sem_gaussian,LiNGAM,"{""threshold_lingam"": 0.1}",20,30,5000,7,/home/mathis/Documents/Travail/cbnsl_benchmark/scaling/../scaling/results/2026-04-02_10h34_sem_gaussian/graphs/golden__v20_a30_g7.json,/home/mathis/Documents/Travail/cbnsl_benchmark/scaling/../scaling/results/2026-04-02_10h34_sem_gaussian/graphs/LiNGAM__v20_a30_g7_s5000.json,,3.30423056599102,40.0,47.0,0.4324324324324324,0.6666666666666667,0.9411764705882353,0.9666666666666667
sem_gaussian,CPC,"{""alpha"": 0.05, ""max_conditioning_set_size"": 3}",20,30,200,8,/home/mathis/Documents/Travail/cbnsl_benchmark/scaling/../scaling/results/2026-04-02_10h34_sem_gaussian/graphs/golden__v20_a30_g8.json,/home/mathis/Documents/Travail/cbnsl_benchmark/scaling/../scaling/results/2026-04-02_10h34_sem_gaussian/graphs/CPC__v20_a30_g8_s200.json,,0.056944042997201905,29.0,31.0,0.17647058823529413,0.45000000000000007,0.125,0.3
sem_gaussian,CMIIC,"{""alpha"": 0.05}",20,30,200,8,/home/mathis/Documents/Travail/cbnsl_benchmark/scaling/../scaling/results/2026-04-02_10h34_sem_gaussian/graphs/golden__v20_a30_g8.json,/home/mathis/Documents/Travail/cbnsl_benchmark/scaling/../scaling/results/2026-04-02_10h34_sem_gaussian/graphs/CMIIC__v20_a30_g8_s200.json,,0.3737621339969337,27.0,23.0,0.2702702702702703,0.8148148148148148,0.38461538461538464,0.7333333333333333
sem_gaussian,MIIC,"{""n_bins"": 4, ""discretization_method"": ""quantile""}",20,30,200,8,/home/mathis/Documents/Travail/cbnsl_benchmark/scaling/../scaling/results/2026-04-02_10h34_sem_gaussian/graphs/golden__v20_a30_g8.json,/home/mathis/Documents/Travail/cbnsl_benchmark/scaling/../scaling/results/2026-04-02_10h34_sem_gaussian/graphs/MIIC__v20_a30_g8_s200.json,,0.043856725009391084,26.0,27.0,0.0,0.6666666666666666,0.0,0.5
sem_gaussian,GHC+BDeu,"{""n_bins"": 4, ""discretization_method"": ""quantile""}",20,30,200,8,/home/mathis/Documents/Travail/cbnsl_benchmark/scaling/../scaling/results/2026-04-02_10h34_sem_gaussian/graphs/golden__v20_a30_g8.json,/home/mathis/Documents/Travail/cbnsl_benchmark/scaling/../scaling/results/2026-04-02_10h34_sem_gaussian/graphs/GHC+BDeu__v20_a30_g8_s200.json,,0.042960484977811575,28.0,28.0,0.0,0.5365853658536585,0.0,0.36666666666666664
sem_gaussian,NOTEARS,"{""lambda1"": 0.0, ""w_threshold_notears"": 0.3}",20,30,200,8,/home/mathis/Documents/Travail/cbnsl_benchmark/scaling/../scaling/results/2026-04-02_10h34_sem_gaussian/graphs/golden__v20_a30_g8.json,/home/mathis/Documents/Travail/cbnsl_benchmark/scaling/../scaling/results/2026-04-02_10h34_sem_gaussian/graphs/NOTEARS__v20_a30_g8_s200.json,,5.17591332498705,11.0,19.0,0.7857142857142856,0.8852459016393444,0.88,0.9
sem_gaussian,NOTEARS Disc.,"{""lambda1"": 0.1, ""w_threshold_notears"": 0.1, ""n_bins"": 4, ""discretization_method"": ""quantile""}",20,30,200,8,/home/mathis/Documents/Travail/cbnsl_benchmark/scaling/../scaling/results/2026-04-02_10h34_sem_gaussian/graphs/golden__v20_a30_g8.json,/home/mathis/Documents/Travail/cbnsl_benchmark/scaling/../scaling/results/2026-04-02_10h34_sem_gaussian/graphs/NOTEARS Disc.__v20_a30_g8_s200.json,,3.2760408589965664,10.0,23.0,0.7692307692307692,0.896551724137931,0.8333333333333334,0.8666666666666667
sem_gaussian,LiNGAM,"{""threshold_lingam"": 0.1}",20,30,200,8,/home/mathis/Documents/Travail/cbnsl_benchmark/scaling/../scaling/results/2026-04-02_10h34_sem_gaussian/graphs/golden__v20_a30_g8.json,/home/mathis/Documents/Travail/cbnsl_benchmark/scaling/../scaling/results/2026-04-02_10h34_sem_gaussian/graphs/LiNGAM__v20_a30_g8_s200.json,,1.1390682999917772,59.0,48.0,0.2162162162162162,0.5806451612903225,0.7272727272727273,0.9
sem_gaussian,CPC,"{""alpha"": 0.05, ""max_conditioning_set_size"": 3}",20,30,500,8,/home/mathis/Documents/Travail/cbnsl_benchmark/scaling/../scaling/results/2026-04-02_10h34_sem_gaussian/graphs/golden__v20_a30_g8.json,/home/mathis/Documents/Travail/cbnsl_benchmark/scaling/../scaling/results/2026-04-02_10h34_sem_gaussian/graphs/CPC__v20_a30_g8_s500.json,,0.5076627439993899,29.0,29.0,0.0,0.4210526315789474,0.0,0.26666666666666666
sem_gaussian,CMIIC,"{""alpha"": 0.05}",20,30,500,8,/home/mathis/Documents/Travail/cbnsl_benchmark/scaling/../scaling/results/2026-04-02_10h34_sem_gaussian/graphs/golden__v20_a30_g8.json,/home/mathis/Documents/Travail/cbnsl_benchmark/scaling/../scaling/results/2026-04-02_10h34_sem_gaussian/graphs/CMIIC__v20_a30_g8_s500.json,,1.6581763100111857,21.0,25.0,0.41025641025641024,0.8727272727272728,0.5714285714285714,0.8
sem_gaussian,MIIC,"{""n_bins"": 4, ""discretization_method"": ""quantile""}",20,30,500,8,/home/mathis/Documents/Travail/cbnsl_benchmark/scaling/../scaling/results/2026-04-02_10h34_sem_gaussian/graphs/golden__v20_a30_g8.json,/home/mathis/Documents/Travail/cbnsl_benchmark/scaling/../scaling/results/2026-04-02_10h34_sem_gaussian/graphs/MIIC__v20_a30_g8_s500.json,,0.07960780500434339,25.0,20.0,0.0,0.8928571428571429,0.0,0.8333333333333334
sem_gaussian,GHC+BDeu,"{""n_bins"": 4, ""discretization_method"": ""quantile""}",20,30,500,8,/home/mathis/Documents/Travail/cbnsl_benchmark/scaling/../scaling/results/2026-04-02_10h34_sem_gaussian/graphs/golden__v20_a30_g8.json,/home/mathis/Documents/Travail/cbnsl_benchmark/scaling/../scaling/results/2026-04-02_10h34_sem_gaussian/graphs/GHC+BDeu__v20_a30_g8_s500.json,,0.06520728100440465,26.0,26.0,0.125,0.7499999999999999,0.14285714285714285,0.6
sem_gaussian,NOTEARS,"{""lambda1"": 0.0, ""w_threshold_notears"": 0.3}",20,30,500,8,/home/mathis/Documents/Travail/cbnsl_benchmark/scaling/../scaling/results/2026-04-02_10h34_sem_gaussian/graphs/golden__v20_a30_g8.json,/home/mathis/Documents/Travail/cbnsl_benchmark/scaling/../scaling/results/2026-04-02_10h34_sem_gaussian/graphs/NOTEARS__v20_a30_g8_s500.json,,5.382565796986455,9.0,17.0,0.8076923076923077,0.9666666666666667,0.9545454545454546,0.9666666666666667
sem_gaussian,NOTEARS Disc.,"{""lambda1"": 0.1, ""w_threshold_notears"": 0.1, ""n_bins"": 4, ""discretization_method"": ""quantile""}",20,30,500,8,/home/mathis/Documents/Travail/cbnsl_benchmark/scaling/../scaling/results/2026-04-02_10h34_sem_gaussian/graphs/golden__v20_a30_g8.json,,[pyAgrum] Directed cycle detected: Add a directed cycle in a dag !,,,,,,,
sem_gaussian,LiNGAM,"{""threshold_lingam"": 0.1}",20,30,500,8,/home/mathis/Documents/Travail/cbnsl_benchmark/scaling/../scaling/results/2026-04-02_10h34_sem_gaussian/graphs/golden__v20_a30_g8.json,/home/mathis/Documents/Travail/cbnsl_benchmark/scaling/../scaling/results/2026-04-02_10h34_sem_gaussian/graphs/LiNGAM__v20_a30_g8_s500.json,,1.3387016439810395,45.0,47.0,0.42105263157894735,0.6206896551724138,0.8421052631578947,0.9
sem_gaussian,CPC,"{""alpha"": 0.05, ""max_conditioning_set_size"": 3}",20,30,1000,8,/home/mathis/Documents/Travail/cbnsl_benchmark/scaling/../scaling/results/2026-04-02_10h34_sem_gaussian/graphs/golden__v20_a30_g8.json,/home/mathis/Documents/Travail/cbnsl_benchmark/scaling/../scaling/results/2026-04-02_10h34_sem_gaussian/graphs/CPC__v20_a30_g8_s1000.json,,2.4668521099956706,24.0,27.0,0.33333333333333337,0.7234042553191489,0.3157894736842105,0.5666666666666667
sem_gaussian,CMIIC,"{""alpha"": 0.05}",20,30,1000,8,/home/mathis/Documents/Travail/cbnsl_benchmark/scaling/../scaling/results/2026-04-02_10h34_sem_gaussian/graphs/golden__v20_a30_g8.json,/home/mathis/Documents/Travail/cbnsl_benchmark/scaling/../scaling/results/2026-04-02_10h34_sem_gaussian/graphs/CMIIC__v20_a30_g8_s1000.json,,5.517204172007041,20.0,22.0,0.5238095238095238,0.8518518518518519,0.6111111111111112,0.7666666666666667
sem_gaussian,MIIC,"{""n_bins"": 4, ""discretization_method"": ""quantile""}",20,30,1000,8,/home/mathis/Documents/Travail/cbnsl_benchmark/scaling/../scaling/results/2026-04-02_10h34_sem_gaussian/graphs/golden__v20_a30_g8.json,/home/mathis/Documents/Travail/cbnsl_benchmark/scaling/../scaling/results/2026-04-02_10h34_sem_gaussian/graphs/MIIC__v20_a30_g8_s1000.json,,0.12696940498426557,20.0,18.0,0.5581395348837209,0.8727272727272728,0.6666666666666666,0.8
sem_gaussian,GHC+BDeu,"{""n_bins"": 4, ""discretization_method"": ""quantile""}",20,30,1000,8,/home/mathis/Documents/Travail/cbnsl_benchmark/scaling/../scaling/results/2026-04-02_10h34_sem_gaussian/graphs/golden__v20_a30_g8.json,/home/mathis/Documents/Travail/cbnsl_benchmark/scaling/../scaling/results/2026-04-02_10h34_sem_gaussian/graphs/GHC+BDeu__v20_a30_g8_s1000.json,,0.09864029599702917,24.0,25.0,0.23529411764705882,0.8,0.2857142857142857,0.6666666666666666
sem_gaussian,NOTEARS,"{""lambda1"": 0.0, ""w_threshold_notears"": 0.3}",20,30,1000,8,/home/mathis/Documents/Travail/cbnsl_benchmark/scaling/../scaling/results/2026-04-02_10h34_sem_gaussian/graphs/golden__v20_a30_g8.json,/home/mathis/Documents/Travail/cbnsl_benchmark/scaling/../scaling/results/2026-04-02_10h34_sem_gaussian/graphs/NOTEARS__v20_a30_g8_s1000.json,,6.67925609802478,12.0,22.0,0.7999999999999999,0.9180327868852459,0.9166666666666666,0.9333333333333333
sem_gaussian,NOTEARS Disc.,"{""lambda1"": 0.1, ""w_threshold_notears"": 0.1, ""n_bins"": 4, ""discretization_method"": ""quantile""}",20,30,1000,8,/home/mathis/Documents/Travail/cbnsl_benchmark/scaling/../scaling/results/2026-04-02_10h34_sem_gaussian/graphs/golden__v20_a30_g8.json,,[pyAgrum] Directed cycle detected: Add a directed cycle in a dag !,,,,,,,
sem_gaussian,LiNGAM,"{""threshold_lingam"": 0.1}",20,30,1000,8,/home/mathis/Documents/Travail/cbnsl_benchmark/scaling/../scaling/results/2026-04-02_10h34_sem_gaussian/graphs/golden__v20_a30_g8.json,/home/mathis/Documents/Travail/cbnsl_benchmark/scaling/../scaling/results/2026-04-02_10h34_sem_gaussian/graphs/LiNGAM__v20_a30_g8_s1000.json,,1.5021914620010648,51.0,53.0,0.358974358974359,0.5934065934065934,0.8235294117647058,0.9
sem_gaussian,CPC,"{""alpha"": 0.05, ""max_conditioning_set_size"": 3}",20,30,3000,8,/home/mathis/Documents/Travail/cbnsl_benchmark/scaling/../scaling/results/2026-04-02_10h34_sem_gaussian/graphs/golden__v20_a30_g8.json,/home/mathis/Documents/Travail/cbnsl_benchmark/scaling/../scaling/results/2026-04-02_10h34_sem_gaussian/graphs/CPC__v20_a30_g8_s3000.json,,31.29773260699585,20.0,24.0,0.4761904761904762,0.896551724137931,0.7142857142857143,0.8666666666666667
sem_gaussian,CMIIC,"{""alpha"": 0.05}",20,30,3000,8,/home/mathis/Documents/Travail/cbnsl_benchmark/scaling/../scaling/results/2026-04-02_10h34_sem_gaussian/graphs/golden__v20_a30_g8.json,/home/mathis/Documents/Travail/cbnsl_benchmark/scaling/../scaling/results/2026-04-02_10h34_sem_gaussian/graphs/CMIIC__v20_a30_g8_s3000.json,,46.250832613994135,13.0,23.0,0.6808510638297872,0.8518518518518519,0.6956521739130435,0.7666666666666667
sem_gaussian,MIIC,"{""n_bins"": 4, ""discretization_method"": ""quantile""}",20,30,3000,8,/home/mathis/Documents/Travail/cbnsl_benchmark/scaling/../scaling/results/2026-04-02_10h34_sem_gaussian/graphs/golden__v20_a30_g8.json,/home/mathis/Documents/Travail/cbnsl_benchmark/scaling/../scaling/results/2026-04-02_10h34_sem_gaussian/graphs/MIIC__v20_a30_g8_s3000.json,,0.5719976109976415,18.0,20.0,0.5454545454545454,0.8363636363636363,0.631578947368421,0.7666666666666667
sem_gaussian,GHC+BDeu,"{""n_bins"": 4, ""discretization_method"": ""quantile""}",20,30,3000,8,/home/mathis/Documents/Travail/cbnsl_benchmark/scaling/../scaling/results/2026-04-02_10h34_sem_gaussian/graphs/golden__v20_a30_g8.json,/home/mathis/Documents/Travail/cbnsl_benchmark/scaling/../scaling/results/2026-04-02_10h34_sem_gaussian/graphs/GHC+BDeu__v20_a30_g8_s3000.json,,0.315839685004903,17.0,21.0,0.5365853658536585,0.888888888888889,0.6470588235294118,0.8
sem_gaussian,NOTEARS,"{""lambda1"": 0.0, ""w_threshold_notears"": 0.3}",20,30,3000,8,/home/mathis/Documents/Travail/cbnsl_benchmark/scaling/../scaling/results/2026-04-02_10h34_sem_gaussian/graphs/golden__v20_a30_g8.json,/home/mathis/Documents/Travail/cbnsl_benchmark/scaling/../scaling/results/2026-04-02_10h34_sem_gaussian/graphs/NOTEARS__v20_a30_g8_s3000.json,,22.209055107989116,11.0,25.0,0.7307692307692307,0.9,0.8636363636363636,0.9
sem_gaussian,NOTEARS Disc.,"{""lambda1"": 0.1, ""w_threshold_notears"": 0.1, ""n_bins"": 4, ""discretization_method"": ""quantile""}",20,30,3000,8,/home/mathis/Documents/Travail/cbnsl_benchmark/scaling/../scaling/results/2026-04-02_10h34_sem_gaussian/graphs/golden__v20_a30_g8.json,,[pyAgrum] Directed cycle detected: Add a directed cycle in a dag !,,,,,,,
sem_gaussian,LiNGAM,"{""threshold_lingam"": 0.1}",20,30,3000,8,/home/mathis/Documents/Travail/cbnsl_benchmark/scaling/../scaling/results/2026-04-02_10h34_sem_gaussian/graphs/golden__v20_a30_g8.json,/home/mathis/Documents/Travail/cbnsl_benchmark/scaling/../scaling/results/2026-04-02_10h34_sem_gaussian/graphs/LiNGAM__v20_a30_g8_s3000.json,,2.644196427980205,40.0,46.0,0.5000000000000001,0.6744186046511628,0.95,0.9666666666666667
sem_gaussian,CPC,"{""alpha"": 0.05, ""max_conditioning_set_size"": 3}",20,30,5000,8,/home/mathis/Documents/Travail/cbnsl_benchmark/scaling/../scaling/results/2026-04-02_10h34_sem_gaussian/graphs/golden__v20_a30_g8.json,/home/mathis/Documents/Travail/cbnsl_benchmark/scaling/../scaling/results/2026-04-02_10h34_sem_gaussian/graphs/CPC__v20_a30_g8_s5000.json,,97.66530701398733,18.0,26.0,0.5652173913043479,0.8813559322033899,0.7647058823529411,0.8666666666666667
sem_gaussian,CMIIC,"{""alpha"": 0.05}",20,30,5000,8,/home/mathis/Documents/Travail/cbnsl_benchmark/scaling/../scaling/results/2026-04-02_10h34_sem_gaussian/graphs/golden__v20_a30_g8.json,/home/mathis/Documents/Travail/cbnsl_benchmark/scaling/../scaling/results/2026-04-02_10h34_sem_gaussian/graphs/CMIIC__v20_a30_g8_s5000.json,,123.89158424298512,12.0,23.0,0.7083333333333334,0.8727272727272728,0.7391304347826086,0.8
sem_gaussian,MIIC,"{""n_bins"": 4, ""discretization_method"": ""quantile""}",20,30,5000,8,/home/mathis/Documents/Travail/cbnsl_benchmark/scaling/../scaling/results/2026-04-02_10h34_sem_gaussian/graphs/golden__v20_a30_g8.json,/home/mathis/Documents/Travail/cbnsl_benchmark/scaling/../scaling/results/2026-04-02_10h34_sem_gaussian/graphs/MIIC__v20_a30_g8_s5000.json,,1.07741452899063,14.0,23.0,0.6521739130434783,0.8727272727272728,0.7142857142857143,0.8
sem_gaussian,GHC+BDeu,"{""n_bins"": 4, ""discretization_method"": ""quantile""}",20,30,5000,8,/home/mathis/Documents/Travail/cbnsl_benchmark/scaling/../scaling/results/2026-04-02_10h34_sem_gaussian/graphs/golden__v20_a30_g8.json,/home/mathis/Documents/Travail/cbnsl_benchmark/scaling/../scaling/results/2026-04-02_10h34_sem_gaussian/graphs/GHC+BDeu__v20_a30_g8_s5000.json,,0.5540053090080619,19.0,20.0,0.5777777777777777,0.8771929824561403,0.7222222222222222,0.8333333333333334
sem_gaussian,NOTEARS,"{""lambda1"": 0.0, ""w_threshold_notears"": 0.3}",20,30,5000,8,/home/mathis/Documents/Travail/cbnsl_benchmark/scaling/../scaling/results/2026-04-02_10h34_sem_gaussian/graphs/golden__v20_a30_g8.json,/home/mathis/Documents/Travail/cbnsl_benchmark/scaling/../scaling/results/2026-04-02_10h34_sem_gaussian/graphs/NOTEARS__v20_a30_g8_s5000.json,,36.01689842698397,11.0,25.0,0.7307692307692307,0.9,0.8636363636363636,0.9
sem_gaussian,NOTEARS Disc.,"{""lambda1"": 0.1, ""w_threshold_notears"": 0.1, ""n_bins"": 4, ""discretization_method"": ""quantile""}",20,30,5000,8,/home/mathis/Documents/Travail/cbnsl_benchmark/scaling/../scaling/results/2026-04-02_10h34_sem_gaussian/graphs/golden__v20_a30_g8.json,,[pyAgrum] Directed cycle detected: Add a directed cycle in a dag !,,,,,,,
sem_gaussian,LiNGAM,"{""threshold_lingam"": 0.1}",20,30,5000,8,/home/mathis/Documents/Travail/cbnsl_benchmark/scaling/../scaling/results/2026-04-02_10h34_sem_gaussian/graphs/golden__v20_a30_g8.json,/home/mathis/Documents/Travail/cbnsl_benchmark/scaling/../scaling/results/2026-04-02_10h34_sem_gaussian/graphs/LiNGAM__v20_a30_g8_s5000.json,,3.5363455149927177,48.0,51.0,0.39999999999999997,0.608695652173913,0.8888888888888888,0.9333333333333333
sem_gaussian,CPC,"{""alpha"": 0.05, ""max_conditioning_set_size"": 3}",20,30,200,9,/home/mathis/Documents/Travail/cbnsl_benchmark/scaling/../scaling/results/2026-04-02_10h34_sem_gaussian/graphs/golden__v20_a30_g9.json,/home/mathis/Documents/Travail/cbnsl_benchmark/scaling/../scaling/results/2026-04-02_10h34_sem_gaussian/graphs/CPC__v20_a30_g9_s200.json,,0.056596601993078366,27.0,24.0,0.1875,0.6511627906976745,0.16666666666666666,0.4827586206896552
sem_gaussian,CMIIC,"{""alpha"": 0.05}",20,30,200,9,/home/mathis/Documents/Travail/cbnsl_benchmark/scaling/../scaling/results/2026-04-02_10h34_sem_gaussian/graphs/golden__v20_a30_g9.json,/home/mathis/Documents/Travail/cbnsl_benchmark/scaling/../scaling/results/2026-04-02_10h34_sem_gaussian/graphs/CMIIC__v20_a30_g9_s200.json,,0.3611291879788041,26.0,23.0,0.3783783783783784,0.888888888888889,0.5833333333333334,0.8275862068965517
sem_gaussian,MIIC,"{""n_bins"": 4, ""discretization_method"": ""quantile""}",20,30,200,9,/home/mathis/Documents/Travail/cbnsl_benchmark/scaling/../scaling/results/2026-04-02_10h34_sem_gaussian/graphs/golden__v20_a30_g9.json,/home/mathis/Documents/Travail/cbnsl_benchmark/scaling/../scaling/results/2026-04-02_10h34_sem_gaussian/graphs/MIIC__v20_a30_g9_s200.json,,0.042731231020297855,26.0,26.0,0.0,0.5853658536585366,0.0,0.41379310344827586
sem_gaussian,GHC+BDeu,"{""n_bins"": 4, ""discretization_method"": ""quantile""}",20,30,200,9,/home/mathis/Documents/Travail/cbnsl_benchmark/scaling/../scaling/results/2026-04-02_10h34_sem_gaussian/graphs/golden__v20_a30_g9.json,/home/mathis/Documents/Travail/cbnsl_benchmark/scaling/../scaling/results/2026-04-02_10h34_sem_gaussian/graphs/GHC+BDeu__v20_a30_g9_s200.json,,0.04113382298965007,26.0,27.0,0.0,0.3888888888888889,0.0,0.2413793103448276
sem_gaussian,NOTEARS,"{""lambda1"": 0.0, ""w_threshold_notears"": 0.3}",20,30,200,9,/home/mathis/Documents/Travail/cbnsl_benchmark/scaling/../scaling/results/2026-04-02_10h34_sem_gaussian/graphs/golden__v20_a30_g9.json,/home/mathis/Documents/Travail/cbnsl_benchmark/scaling/../scaling/results/2026-04-02_10h34_sem_gaussian/graphs/NOTEARS__v20_a30_g9_s200.json,,4.508592300990131,0.0,0.0,0.9056603773584906,1.0,1.0,1.0
sem_gaussian,NOTEARS Disc.,"{""lambda1"": 0.1, ""w_threshold_notears"": 0.1, ""n_bins"": 4, ""discretization_method"": ""quantile""}",20,30,200,9,/home/mathis/Documents/Travail/cbnsl_benchmark/scaling/../scaling/results/2026-04-02_10h34_sem_gaussian/graphs/golden__v20_a30_g9.json,/home/mathis/Documents/Travail/cbnsl_benchmark/scaling/../scaling/results/2026-04-02_10h34_sem_gaussian/graphs/NOTEARS Disc.__v20_a30_g9_s200.json,,3.493583180999849,19.0,30.0,0.5,0.9,0.8461538461538461,0.9310344827586207
sem_gaussian,LiNGAM,"{""threshold_lingam"": 0.1}",20,30,200,9,/home/mathis/Documents/Travail/cbnsl_benchmark/scaling/../scaling/results/2026-04-02_10h34_sem_gaussian/graphs/golden__v20_a30_g9.json,/home/mathis/Documents/Travail/cbnsl_benchmark/scaling/../scaling/results/2026-04-02_10h34_sem_gaussian/graphs/LiNGAM__v20_a30_g9_s200.json,,1.1525650009862147,42.0,38.0,0.3870967741935484,0.7341772151898733,1.0,1.0
sem_gaussian,CPC,"{""alpha"": 0.05, ""max_conditioning_set_size"": 3}",20,30,500,9,/home/mathis/Documents/Travail/cbnsl_benchmark/scaling/../scaling/results/2026-04-02_10h34_sem_gaussian/graphs/golden__v20_a30_g9.json,/home/mathis/Documents/Travail/cbnsl_benchmark/scaling/../scaling/results/2026-04-02_10h34_sem_gaussian/graphs/CPC__v20_a30_g9_s500.json,,0.436838669993449,26.0,25.0,0.24242424242424243,0.5128205128205129,0.17391304347826086,0.3448275862068966
sem_gaussian,CMIIC,"{""alpha"": 0.05}",20,30,500,9,/home/mathis/Documents/Travail/cbnsl_benchmark/scaling/../scaling/results/2026-04-02_10h34_sem_gaussian/graphs/golden__v20_a30_g9.json,/home/mathis/Documents/Travail/cbnsl_benchmark/scaling/../scaling/results/2026-04-02_10h34_sem_gaussian/graphs/CMIIC__v20_a30_g9_s500.json,,1.5647445590002462,25.0,22.0,0.3428571428571428,0.8627450980392156,0.46153846153846156,0.7586206896551724
sem_gaussian,MIIC,"{""n_bins"": 4, ""discretization_method"": ""quantile""}",20,30,500,9,/home/mathis/Documents/Travail/cbnsl_benchmark/scaling/../scaling/results/2026-04-02_10h34_sem_gaussian/graphs/golden__v20_a30_g9.json,/home/mathis/Documents/Travail/cbnsl_benchmark/scaling/../scaling/results/2026-04-02_10h34_sem_gaussian/graphs/MIIC__v20_a30_g9_s500.json,,0.0721362080075778,27.0,22.0,0.0,0.7999999999999999,0.0,0.6896551724137931
sem_gaussian,GHC+BDeu,"{""n_bins"": 4, ""discretization_method"": ""quantile""}",20,30,500,9,/home/mathis/Documents/Travail/cbnsl_benchmark/scaling/../scaling/results/2026-04-02_10h34_sem_gaussian/graphs/golden__v20_a30_g9.json,/home/mathis/Documents/Travail/cbnsl_benchmark/scaling/../scaling/results/2026-04-02_10h34_sem_gaussian/graphs/GHC+BDeu__v20_a30_g9_s500.json,,0.0624708250106778,24.0,23.0,0.0,0.7391304347826086,0.0,0.5862068965517241
sem_gaussian,NOTEARS,"{""lambda1"": 0.0, ""w_threshold_notears"": 0.3}",20,30,500,9,/home/mathis/Documents/Travail/cbnsl_benchmark/scaling/../scaling/results/2026-04-02_10h34_sem_gaussian/graphs/golden__v20_a30_g9.json,/home/mathis/Documents/Travail/cbnsl_benchmark/scaling/../scaling/results/2026-04-02_10h34_sem_gaussian/graphs/NOTEARS__v20_a30_g9_s500.json,,6.528762679983629,10.0,12.0,0.8727272727272727,0.9310344827586207,0.9230769230769231,0.9310344827586207
sem_gaussian,NOTEARS Disc.,"{""lambda1"": 0.1, ""w_threshold_notears"": 0.1, ""n_bins"": 4, ""discretization_method"": ""quantile""}",20,30,500,9,/home/mathis/Documents/Travail/cbnsl_benchmark/scaling/../scaling/results/2026-04-02_10h34_sem_gaussian/graphs/golden__v20_a30_g9.json,/home/mathis/Documents/Travail/cbnsl_benchmark/scaling/../scaling/results/2026-04-02_10h34_sem_gaussian/graphs/NOTEARS Disc.__v20_a30_g9_s500.json,,4.2360406079969835,15.0,16.0,0.5238095238095238,0.9491525423728815,0.9166666666666666,0.9655172413793104
sem_gaussian,LiNGAM,"{""threshold_lingam"": 0.1}",20,30,500,9,/home/mathis/Documents/Travail/cbnsl_benchmark/scaling/../scaling/results/2026-04-02_10h34_sem_gaussian/graphs/golden__v20_a30_g9.json,/home/mathis/Documents/Travail/cbnsl_benchmark/scaling/../scaling/results/2026-04-02_10h34_sem_gaussian/graphs/LiNGAM__v20_a30_g9_s500.json,,1.3199306119931862,41.0,42.0,0.4799999999999999,0.6744186046511628,1.0,1.0
sem_gaussian,CPC,"{""alpha"": 0.05, ""max_conditioning_set_size"": 3}",20,30,1000,9,/home/mathis/Documents/Travail/cbnsl_benchmark/scaling/../scaling/results/2026-04-02_10h34_sem_gaussian/graphs/golden__v20_a30_g9.json,/home/mathis/Documents/Travail/cbnsl_benchmark/scaling/../scaling/results/2026-04-02_10h34_sem_gaussian/graphs/CPC__v20_a30_g9_s1000.json,,2.227653993992135,24.0,23.0,0.29411764705882354,0.6818181818181819,0.2631578947368421,0.5172413793103449
sem_gaussian,CMIIC,"{""alpha"": 0.05}",20,30,1000,9,/home/mathis/Documents/Travail/cbnsl_benchmark/scaling/../scaling/results/2026-04-02_10h34_sem_gaussian/graphs/golden__v20_a30_g9.json,/home/mathis/Documents/Travail/cbnsl_benchmark/scaling/../scaling/results/2026-04-02_10h34_sem_gaussian/graphs/CMIIC__v20_a30_g9_s1000.json,,5.334115989971906,18.0,15.0,0.5128205128205129,0.8627450980392156,0.5882352941176471,0.7586206896551724
sem_gaussian,MIIC,"{""n_bins"": 4, ""discretization_method"": ""quantile""}",20,30,1000,9,/home/mathis/Documents/Travail/cbnsl_benchmark/scaling/../scaling/results/2026-04-02_10h34_sem_gaussian/graphs/golden__v20_a30_g9.json,/home/mathis/Documents/Travail/cbnsl_benchmark/scaling/../scaling/results/2026-04-02_10h34_sem_gaussian/graphs/MIIC__v20_a30_g9_s1000.json,,0.1269928730034735,24.0,16.0,0.38888888888888895,0.9056603773584906,0.5833333333333334,0.8275862068965517
sem_gaussian,GHC+BDeu,"{""n_bins"": 4, ""discretization_method"": ""quantile""}",20,30,1000,9,/home/mathis/Documents/Travail/cbnsl_benchmark/scaling/../scaling/results/2026-04-02_10h34_sem_gaussian/graphs/golden__v20_a30_g9.json,/home/mathis/Documents/Travail/cbnsl_benchmark/scaling/../scaling/results/2026-04-02_10h34_sem_gaussian/graphs/GHC+BDeu__v20_a30_g9_s1000.json,,0.09898000900284387,26.0,24.0,0.0,0.7755102040816326,0.0,0.6551724137931034
sem_gaussian,NOTEARS,"{""lambda1"": 0.0, ""w_threshold_notears"": 0.3}",20,30,1000,9,/home/mathis/Documents/Travail/cbnsl_benchmark/scaling/../scaling/results/2026-04-02_10h34_sem_gaussian/graphs/golden__v20_a30_g9.json,/home/mathis/Documents/Travail/cbnsl_benchmark/scaling/../scaling/results/2026-04-02_10h34_sem_gaussian/graphs/NOTEARS__v20_a30_g9_s1000.json,,8.183912798005622,10.0,18.0,0.8727272727272727,0.9310344827586207,0.9230769230769231,0.9310344827586207
sem_gaussian,NOTEARS Disc.,"{""lambda1"": 0.1, ""w_threshold_notears"": 0.1, ""n_bins"": 4, ""discretization_method"": ""quantile""}",20,30,1000,9,/home/mathis/Documents/Travail/cbnsl_benchmark/scaling/../scaling/results/2026-04-02_10h34_sem_gaussian/graphs/golden__v20_a30_g9.json,/home/mathis/Documents/Travail/cbnsl_benchmark/scaling/../scaling/results/2026-04-02_10h34_sem_gaussian/graphs/NOTEARS Disc.__v20_a30_g9_s1000.json,,15.108003424014896,21.0,16.0,0.5581395348837208,0.9310344827586207,0.8571428571428571,0.9310344827586207
sem_gaussian,LiNGAM,"{""threshold_lingam"": 0.1}",20,30,1000,9,/home/mathis/Documents/Travail/cbnsl_benchmark/scaling/../scaling/results/2026-04-02_10h34_sem_gaussian/graphs/golden__v20_a30_g9.json,/home/mathis/Documents/Travail/cbnsl_benchmark/scaling/../scaling/results/2026-04-02_10h34_sem_gaussian/graphs/LiNGAM__v20_a30_g9_s1000.json,,1.5950543869985268,48.0,48.0,0.38961038961038963,0.6373626373626373,1.0,1.0
sem_gaussian,CPC,"{""alpha"": 0.05, ""max_conditioning_set_size"": 3}",20,30,3000,9,/home/mathis/Documents/Travail/cbnsl_benchmark/scaling/../scaling/results/2026-04-02_10h34_sem_gaussian/graphs/golden__v20_a30_g9.json,/home/mathis/Documents/Travail/cbnsl_benchmark/scaling/../scaling/results/2026-04-02_10h34_sem_gaussian/graphs/CPC__v20_a30_g9_s3000.json,,27.126947629003553,23.0,21.0,0.4210526315789474,0.888888888888889,0.6153846153846154,0.8275862068965517
sem_gaussian,CMIIC,"{""alpha"": 0.05}",20,30,3000,9,/home/mathis/Documents/Travail/cbnsl_benchmark/scaling/../scaling/results/2026-04-02_10h34_sem_gaussian/graphs/golden__v20_a30_g9.json,/home/mathis/Documents/Travail/cbnsl_benchmark/scaling/../scaling/results/2026-04-02_10h34_sem_gaussian/graphs/CMIIC__v20_a30_g9_s3000.json,,43.190659568994306,17.0,21.0,0.55,0.8846153846153846,0.6470588235294118,0.7931034482758621
sem_gaussian,MIIC,"{""n_bins"": 4, ""discretization_method"": ""quantile""}",20,30,3000,9,/home/mathis/Documents/Travail/cbnsl_benchmark/scaling/../scaling/results/2026-04-02_10h34_sem_gaussian/graphs/golden__v20_a30_g9.json,/home/mathis/Documents/Travail/cbnsl_benchmark/scaling/../scaling/results/2026-04-02_10h34_sem_gaussian/graphs/MIIC__v20_a30_g9_s3000.json,,0.5236290449975058,17.0,26.0,0.5853658536585366,0.9056603773584906,0.7058823529411765,0.8275862068965517
sem_gaussian,GHC+BDeu,"{""n_bins"": 4, ""discretization_method"": ""quantile""}",20,30,3000,9,/home/mathis/Documents/Travail/cbnsl_benchmark/scaling/../scaling/results/2026-04-02_10h34_sem_gaussian/graphs/golden__v20_a30_g9.json,/home/mathis/Documents/Travail/cbnsl_benchmark/scaling/../scaling/results/2026-04-02_10h34_sem_gaussian/graphs/GHC+BDeu__v20_a30_g9_s3000.json,,0.32193454800290056,14.0,23.0,0.5128205128205128,0.9454545454545454,0.7692307692307693,0.896551724137931
sem_gaussian,NOTEARS,"{""lambda1"": 0.0, ""w_threshold_notears"": 0.3}",20,30,3000,9,/home/mathis/Documents/Travail/cbnsl_benchmark/scaling/../scaling/results/2026-04-02_10h34_sem_gaussian/graphs/golden__v20_a30_g9.json,/home/mathis/Documents/Travail/cbnsl_benchmark/scaling/../scaling/results/2026-04-02_10h34_sem_gaussian/graphs/NOTEARS__v20_a30_g9_s3000.json,,22.36287995398743,10.0,9.0,0.8363636363636363,0.9508196721311475,1.0,1.0
sem_gaussian,NOTEARS Disc.,"{""lambda1"": 0.1, ""w_threshold_notears"": 0.1, ""n_bins"": 4, ""discretization_method"": ""quantile""}",20,30,3000,9,/home/mathis/Documents/Travail/cbnsl_benchmark/scaling/../scaling/results/2026-04-02_10h34_sem_gaussian/graphs/golden__v20_a30_g9.json,/home/mathis/Documents/Travail/cbnsl_benchmark/scaling/../scaling/results/2026-04-02_10h34_sem_gaussian/graphs/NOTEARS Disc.__v20_a30_g9_s3000.json,,26.426527708012145,17.0,9.0,0.6363636363636364,0.9473684210526316,0.875,0.9310344827586207
sem_gaussian,LiNGAM,"{""threshold_lingam"": 0.1}",20,30,3000,9,/home/mathis/Documents/Travail/cbnsl_benchmark/scaling/../scaling/results/2026-04-02_10h34_sem_gaussian/graphs/golden__v20_a30_g9.json,/home/mathis/Documents/Travail/cbnsl_benchmark/scaling/../scaling/results/2026-04-02_10h34_sem_gaussian/graphs/LiNGAM__v20_a30_g9_s3000.json,,2.4465483279782347,48.0,54.0,0.41558441558441556,0.6444444444444445,1.0,1.0
sem_gaussian,CPC,"{""alpha"": 0.05, ""max_conditioning_set_size"": 3}",20,30,5000,9,/home/mathis/Documents/Travail/cbnsl_benchmark/scaling/../scaling/results/2026-04-02_10h34_sem_gaussian/graphs/golden__v20_a30_g9.json,/home/mathis/Documents/Travail/cbnsl_benchmark/scaling/../scaling/results/2026-04-02_10h34_sem_gaussian/graphs/CPC__v20_a30_g9_s5000.json,,83.05707207502564,22.0,22.0,0.5116279069767441,0.896551724137931,0.7857142857142857,0.896551724137931
sem_gaussian,CMIIC,"{""alpha"": 0.05}",20,30,5000,9,/home/mathis/Documents/Travail/cbnsl_benchmark/scaling/../scaling/results/2026-04-02_10h34_sem_gaussian/graphs/golden__v20_a30_g9.json,/home/mathis/Documents/Travail/cbnsl_benchmark/scaling/../scaling/results/2026-04-02_10h34_sem_gaussian/graphs/CMIIC__v20_a30_g9_s5000.json,,119.9871294159966,20.0,21.0,0.55,0.8627450980392156,0.6111111111111112,0.7586206896551724
sem_gaussian,MIIC,"{""n_bins"": 4, ""discretization_method"": ""quantile""}",20,30,5000,9,/home/mathis/Documents/Travail/cbnsl_benchmark/scaling/../scaling/results/2026-04-02_10h34_sem_gaussian/graphs/golden__v20_a30_g9.json,/home/mathis/Documents/Travail/cbnsl_benchmark/scaling/../scaling/results/2026-04-02_10h34_sem_gaussian/graphs/MIIC__v20_a30_g9_s5000.json,,0.9989375270088203,14.0,10.0,0.6511627906976744,0.9454545454545454,0.8235294117647058,0.896551724137931
sem_gaussian,GHC+BDeu,"{""n_bins"": 4, ""discretization_method"": ""quantile""}",20,30,5000,9,/home/mathis/Documents/Travail/cbnsl_benchmark/scaling/../scaling/results/2026-04-02_10h34_sem_gaussian/graphs/golden__v20_a30_g9.json,/home/mathis/Documents/Travail/cbnsl_benchmark/scaling/../scaling/results/2026-04-02_10h34_sem_gaussian/graphs/GHC+BDeu__v20_a30_g9_s5000.json,,0.5470120729878545,19.0,14.0,0.3333333333333333,0.888888888888889,0.5454545454545454,0.8275862068965517
sem_gaussian,NOTEARS,"{""lambda1"": 0.0, ""w_threshold_notears"": 0.3}",20,30,5000,9,/home/mathis/Documents/Travail/cbnsl_benchmark/scaling/../scaling/results/2026-04-02_10h34_sem_gaussian/graphs/golden__v20_a30_g9.json,/home/mathis/Documents/Travail/cbnsl_benchmark/scaling/../scaling/results/2026-04-02_10h34_sem_gaussian/graphs/NOTEARS__v20_a30_g9_s5000.json,,31.811654199002078,3.0,12.0,0.8461538461538461,0.9473684210526316,0.9166666666666666,0.9310344827586207
sem_gaussian,NOTEARS Disc.,"{""lambda1"": 0.1, ""w_threshold_notears"": 0.1, ""n_bins"": 4, ""discretization_method"": ""quantile""}",20,30,5000,9,/home/mathis/Documents/Travail/cbnsl_benchmark/scaling/../scaling/results/2026-04-02_10h34_sem_gaussian/graphs/golden__v20_a30_g9.json,/home/mathis/Documents/Travail/cbnsl_benchmark/scaling/../scaling/results/2026-04-02_10h34_sem_gaussian/graphs/NOTEARS Disc.__v20_a30_g9_s5000.json,,48.01366192699061,19.0,26.0,0.33333333333333337,0.9090909090909091,0.6,0.8620689655172413
sem_gaussian,LiNGAM,"{""threshold_lingam"": 0.1}",20,30,5000,9,/home/mathis/Documents/Travail/cbnsl_benchmark/scaling/../scaling/results/2026-04-02_10h34_sem_gaussian/graphs/golden__v20_a30_g9.json,/home/mathis/Documents/Travail/cbnsl_benchmark/scaling/../scaling/results/2026-04-02_10h34_sem_gaussian/graphs/LiNGAM__v20_a30_g9_s5000.json,,3.4972741060191765,36.0,41.0,0.5479452054794521,0.7073170731707317,1.0,1.0
sem_gaussian,CPC,"{""alpha"": 0.05, ""max_conditioning_set_size"": 3}",20,30,200,10,/home/mathis/Documents/Travail/cbnsl_benchmark/scaling/../scaling/results/2026-04-02_10h34_sem_gaussian/graphs/golden__v20_a30_g10.json,/home/mathis/Documents/Travail/cbnsl_benchmark/scaling/../scaling/results/2026-04-02_10h34_sem_gaussian/graphs/CPC__v20_a30_g10_s200.json,,0.08644564999849536,28.0,28.0,0.125,0.33333333333333337,0.07692307692307693,0.2
sem_gaussian,CMIIC,"{""alpha"": 0.05}",20,30,200,10,/home/mathis/Documents/Travail/cbnsl_benchmark/scaling/../scaling/results/2026-04-02_10h34_sem_gaussian/graphs/golden__v20_a30_g10.json,/home/mathis/Documents/Travail/cbnsl_benchmark/scaling/../scaling/results/2026-04-02_10h34_sem_gaussian/graphs/CMIIC__v20_a30_g10_s200.json,,0.4205768209940288,23.0,15.0,0.3783783783783784,0.888888888888889,0.5384615384615384,0.8
sem_gaussian,MIIC,"{""n_bins"": 4, ""discretization_method"": ""quantile""}",20,30,200,10,/home/mathis/Documents/Travail/cbnsl_benchmark/scaling/../scaling/results/2026-04-02_10h34_sem_gaussian/graphs/golden__v20_a30_g10.json,/home/mathis/Documents/Travail/cbnsl_benchmark/scaling/../scaling/results/2026-04-02_10h34_sem_gaussian/graphs/MIIC__v20_a30_g10_s200.json,,0.03995385501184501,29.0,29.0,0.0,0.6363636363636364,0.0,0.4666666666666667
sem_gaussian,GHC+BDeu,"{""n_bins"": 4, ""discretization_method"": ""quantile""}",20,30,200,10,/home/mathis/Documents/Travail/cbnsl_benchmark/scaling/../scaling/results/2026-04-02_10h34_sem_gaussian/graphs/golden__v20_a30_g10.json,/home/mathis/Documents/Travail/cbnsl_benchmark/scaling/../scaling/results/2026-04-02_10h34_sem_gaussian/graphs/GHC+BDeu__v20_a30_g10_s200.json,,0.03652233100729063,30.0,29.0,0.0,0.4615384615384615,0.0,0.3
sem_gaussian,NOTEARS,"{""lambda1"": 0.0, ""w_threshold_notears"": 0.3}",20,30,200,10,/home/mathis/Documents/Travail/cbnsl_benchmark/scaling/../scaling/results/2026-04-02_10h34_sem_gaussian/graphs/golden__v20_a30_g10.json,/home/mathis/Documents/Travail/cbnsl_benchmark/scaling/../scaling/results/2026-04-02_10h34_sem_gaussian/graphs/NOTEARS__v20_a30_g10_s200.json,,4.046902783011319,7.0,17.0,0.8771929824561403,0.9508196721311476,0.9615384615384616,0.9666666666666667
sem_gaussian,NOTEARS Disc.,"{""lambda1"": 0.1, ""w_threshold_notears"": 0.1, ""n_bins"": 4, ""discretization_method"": ""quantile""}",20,30,200,10,/home/mathis/Documents/Travail/cbnsl_benchmark/scaling/../scaling/results/2026-04-02_10h34_sem_gaussian/graphs/golden__v20_a30_g10.json,/home/mathis/Documents/Travail/cbnsl_benchmark/scaling/../scaling/results/2026-04-02_10h34_sem_gaussian/graphs/NOTEARS Disc.__v20_a30_g10_s200.json,,4.254985751991626,15.0,18.0,0.7169811320754718,0.9032258064516129,0.9047619047619048,0.9333333333333333
sem_gaussian,LiNGAM,"{""threshold_lingam"": 0.1}",20,30,200,10,/home/mathis/Documents/Travail/cbnsl_benchmark/scaling/../scaling/results/2026-04-02_10h34_sem_gaussian/graphs/golden__v20_a30_g10.json,/home/mathis/Documents/Travail/cbnsl_benchmark/scaling/../scaling/results/2026-04-02_10h34_sem_gaussian/graphs/LiNGAM__v20_a30_g10_s200.json,,1.3231527780008037,39.0,39.0,0.36065573770491804,0.7341772151898733,0.9166666666666666,0.9666666666666667
sem_gaussian,CPC,"{""alpha"": 0.05, ""max_conditioning_set_size"": 3}",20,30,500,10,/home/mathis/Documents/Travail/cbnsl_benchmark/scaling/../scaling/results/2026-04-02_10h34_sem_gaussian/graphs/golden__v20_a30_g10.json,/home/mathis/Documents/Travail/cbnsl_benchmark/scaling/../scaling/results/2026-04-02_10h34_sem_gaussian/graphs/CPC__v20_a30_g10_s500.json,,0.4632268229906913,25.0,29.0,0.2857142857142857,0.6046511627906976,0.22727272727272727,0.43333333333333335
sem_gaussian,CMIIC,"{""alpha"": 0.05}",20,30,500,10,/home/mathis/Documents/Travail/cbnsl_benchmark/scaling/../scaling/results/2026-04-02_10h34_sem_gaussian/graphs/golden__v20_a30_g10.json,/home/mathis/Documents/Travail/cbnsl_benchmark/scaling/../scaling/results/2026-04-02_10h34_sem_gaussian/graphs/CMIIC__v20_a30_g10_s500.json,,1.5911192750209011,27.0,24.0,0.1818181818181818,0.846153846153846,0.2727272727272727,0.7333333333333333
sem_gaussian,MIIC,"{""n_bins"": 4, ""discretization_method"": ""quantile""}",20,30,500,10,/home/mathis/Documents/Travail/cbnsl_benchmark/scaling/../scaling/results/2026-04-02_10h34_sem_gaussian/graphs/golden__v20_a30_g10.json,/home/mathis/Documents/Travail/cbnsl_benchmark/scaling/../scaling/results/2026-04-02_10h34_sem_gaussian/graphs/MIIC__v20_a30_g10_s500.json,,0.07886128698009998,26.0,25.0,0.0,0.846153846153846,0.0,0.7333333333333333
sem_gaussian,GHC+BDeu,"{""n_bins"": 4, ""discretization_method"": ""quantile""}",20,30,500,10,/home/mathis/Documents/Travail/cbnsl_benchmark/scaling/../scaling/results/2026-04-02_10h34_sem_gaussian/graphs/golden__v20_a30_g10.json,/home/mathis/Documents/Travail/cbnsl_benchmark/scaling/../scaling/results/2026-04-02_10h34_sem_gaussian/graphs/GHC+BDeu__v20_a30_g10_s500.json,,0.06938662700122222,28.0,29.0,0.125,0.7755102040816326,0.15384615384615385,0.6333333333333333
sem_gaussian,NOTEARS,"{""lambda1"": 0.0, ""w_threshold_notears"": 0.3}",20,30,500,10,/home/mathis/Documents/Travail/cbnsl_benchmark/scaling/../scaling/results/2026-04-02_10h34_sem_gaussian/graphs/golden__v20_a30_g10.json,/home/mathis/Documents/Travail/cbnsl_benchmark/scaling/../scaling/results/2026-04-02_10h34_sem_gaussian/graphs/NOTEARS__v20_a30_g10_s500.json,,6.619733025028836,6.0,22.0,0.896551724137931,0.9333333333333333,0.9285714285714286,0.9333333333333333
sem_gaussian,NOTEARS Disc.,"{""lambda1"": 0.1, ""w_threshold_notears"": 0.1, ""n_bins"": 4, ""discretization_method"": ""quantile""}",20,30,500,10,/home/mathis/Documents/Travail/cbnsl_benchmark/scaling/../scaling/results/2026-04-02_10h34_sem_gaussian/graphs/golden__v20_a30_g10.json,/home/mathis/Documents/Travail/cbnsl_benchmark/scaling/../scaling/results/2026-04-02_10h34_sem_gaussian/graphs/NOTEARS Disc.__v20_a30_g10_s500.json,,5.647766760986997,19.0,19.0,0.5777777777777777,0.896551724137931,0.7647058823529411,0.8666666666666667
sem_gaussian,LiNGAM,"{""threshold_lingam"": 0.1}",20,30,500,10,/home/mathis/Documents/Travail/cbnsl_benchmark/scaling/../scaling/results/2026-04-02_10h34_sem_gaussian/graphs/golden__v20_a30_g10.json,/home/mathis/Documents/Travail/cbnsl_benchmark/scaling/../scaling/results/2026-04-02_10h34_sem_gaussian/graphs/LiNGAM__v20_a30_g10_s500.json,,1.326291927980492,57.0,63.0,0.3595505617977528,0.5825242718446603,1.0,1.0
sem_gaussian,CPC,"{""alpha"": 0.05, ""max_conditioning_set_size"": 3}",20,30,1000,10,/home/mathis/Documents/Travail/cbnsl_benchmark/scaling/../scaling/results/2026-04-02_10h34_sem_gaussian/graphs/golden__v20_a30_g10.json,/home/mathis/Documents/Travail/cbnsl_benchmark/scaling/../scaling/results/2026-04-02_10h34_sem_gaussian/graphs/CPC__v20_a30_g10_s1000.json,,2.5187905150232837,23.0,29.0,0.37837837837837834,0.6956521739130436,0.3333333333333333,0.5333333333333333
sem_gaussian,CMIIC,"{""alpha"": 0.05}",20,30,1000,10,/home/mathis/Documents/Travail/cbnsl_benchmark/scaling/../scaling/results/2026-04-02_10h34_sem_gaussian/graphs/golden__v20_a30_g10.json,/home/mathis/Documents/Travail/cbnsl_benchmark/scaling/../scaling/results/2026-04-02_10h34_sem_gaussian/graphs/CMIIC__v20_a30_g10_s1000.json,,5.408405482012313,20.0,13.0,0.5,0.846153846153846,0.5555555555555556,0.7333333333333333
sem_gaussian,MIIC,"{""n_bins"": 4, ""discretization_method"": ""quantile""}",20,30,1000,10,/home/mathis/Documents/Travail/cbnsl_benchmark/scaling/../scaling/results/2026-04-02_10h34_sem_gaussian/graphs/golden__v20_a30_g10.json,/home/mathis/Documents/Travail/cbnsl_benchmark/scaling/../scaling/results/2026-04-02_10h34_sem_gaussian/graphs/MIIC__v20_a30_g10_s1000.json,,0.1287024590128567,25.0,22.0,0.0,0.8679245283018869,0.0,0.7666666666666667
sem_gaussian,GHC+BDeu,"{""n_bins"": 4, ""discretization_method"": ""quantile""}",20,30,1000,10,/home/mathis/Documents/Travail/cbnsl_benchmark/scaling/../scaling/results/2026-04-02_10h34_sem_gaussian/graphs/golden__v20_a30_g10.json,/home/mathis/Documents/Travail/cbnsl_benchmark/scaling/../scaling/results/2026-04-02_10h34_sem_gaussian/graphs/GHC+BDeu__v20_a30_g10_s1000.json,,0.10151174501515925,29.0,30.0,0.12121212121212123,0.7599999999999999,0.15384615384615385,0.6333333333333333
sem_gaussian,NOTEARS,"{""lambda1"": 0.0, ""w_threshold_notears"": 0.3}",20,30,1000,10,/home/mathis/Documents/Travail/cbnsl_benchmark/scaling/../scaling/results/2026-04-02_10h34_sem_gaussian/graphs/golden__v20_a30_g10.json,/home/mathis/Documents/Travail/cbnsl_benchmark/scaling/../scaling/results/2026-04-02_10h34_sem_gaussian/graphs/NOTEARS__v20_a30_g10_s1000.json,,6.785306686011609,1.0,0.0,0.983050847457627,1.0,1.0,1.0
sem_gaussian,NOTEARS Disc.,"{""lambda1"": 0.1, ""w_threshold_notears"": 0.1, ""n_bins"": 4, ""discretization_method"": ""quantile""}",20,30,1000,10,/home/mathis/Documents/Travail/cbnsl_benchmark/scaling/../scaling/results/2026-04-02_10h34_sem_gaussian/graphs/golden__v20_a30_g10.json,/home/mathis/Documents/Travail/cbnsl_benchmark/scaling/../scaling/results/2026-04-02_10h34_sem_gaussian/graphs/NOTEARS Disc.__v20_a30_g10_s1000.json,,8.462016178003978,19.0,20.0,0.5957446808510638,0.8813559322033899,0.7777777777777778,0.8666666666666667
sem_gaussian,LiNGAM,"{""threshold_lingam"": 0.1}",20,30,1000,10,/home/mathis/Documents/Travail/cbnsl_benchmark/scaling/../scaling/results/2026-04-02_10h34_sem_gaussian/graphs/golden__v20_a30_g10.json,/home/mathis/Documents/Travail/cbnsl_benchmark/scaling/../scaling/results/2026-04-02_10h34_sem_gaussian/graphs/LiNGAM__v20_a30_g10_s1000.json,,1.5626823799975682,45.0,49.0,0.39999999999999997,0.651685393258427,0.9375,0.9666666666666667
sem_gaussian,CPC,"{""alpha"": 0.05, ""max_conditioning_set_size"": 3}",20,30,3000,10,/home/mathis/Documents/Travail/cbnsl_benchmark/scaling/../scaling/results/2026-04-02_10h34_sem_gaussian/graphs/golden__v20_a30_g10.json,/home/mathis/Documents/Travail/cbnsl_benchmark/scaling/../scaling/results/2026-04-02_10h34_sem_gaussian/graphs/CPC__v20_a30_g10_s3000.json,,29.835099635994993,18.0,14.0,0.5714285714285715,0.8679245283018869,0.631578947368421,0.7666666666666667
sem_gaussian,CMIIC,"{""alpha"": 0.05}",20,30,3000,10,/home/mathis/Documents/Travail/cbnsl_benchmark/scaling/../scaling/results/2026-04-02_10h34_sem_gaussian/graphs/golden__v20_a30_g10.json,/home/mathis/Documents/Travail/cbnsl_benchmark/scaling/../scaling/results/2026-04-02_10h34_sem_gaussian/graphs/CMIIC__v20_a30_g10_s3000.json,,43.76964674098417,18.0,25.0,0.5714285714285715,0.8679245283018869,0.631578947368421,0.7666666666666667
sem_gaussian,MIIC,"{""n_bins"": 4, ""discretization_method"": ""quantile""}",20,30,3000,10,/home/mathis/Documents/Travail/cbnsl_benchmark/scaling/../scaling/results/2026-04-02_10h34_sem_gaussian/graphs/golden__v20_a30_g10.json,/home/mathis/Documents/Travail/cbnsl_benchmark/scaling/../scaling/results/2026-04-02_10h34_sem_gaussian/graphs/MIIC__v20_a30_g10_s3000.json,,0.5610833350219764,14.0,23.0,0.6956521739130435,0.888888888888889,0.7272727272727273,0.8
sem_gaussian,GHC+BDeu,"{""n_bins"": 4, ""discretization_method"": ""quantile""}",20,30,3000,10,/home/mathis/Documents/Travail/cbnsl_benchmark/scaling/../scaling/results/2026-04-02_10h34_sem_gaussian/graphs/golden__v20_a30_g10.json,/home/mathis/Documents/Travail/cbnsl_benchmark/scaling/../scaling/results/2026-04-02_10h34_sem_gaussian/graphs/GHC+BDeu__v20_a30_g10_s3000.json,,0.3360039599938318,18.0,29.0,0.6086956521739131,0.8148148148148148,0.6363636363636364,0.7333333333333333
sem_gaussian,NOTEARS,"{""lambda1"": 0.0, ""w_threshold_notears"": 0.3}",20,30,3000,10,/home/mathis/Documents/Travail/cbnsl_benchmark/scaling/../scaling/results/2026-04-02_10h34_sem_gaussian/graphs/golden__v20_a30_g10.json,/home/mathis/Documents/Travail/cbnsl_benchmark/scaling/../scaling/results/2026-04-02_10h34_sem_gaussian/graphs/NOTEARS__v20_a30_g10_s3000.json,,17.35185844398802,2.0,0.0,0.9655172413793104,1.0,1.0,1.0
sem_gaussian,NOTEARS Disc.,"{""lambda1"": 0.1, ""w_threshold_notears"": 0.1, ""n_bins"": 4, ""discretization_method"": ""quantile""}",20,30,3000,10,/home/mathis/Documents/Travail/cbnsl_benchmark/scaling/../scaling/results/2026-04-02_10h34_sem_gaussian/graphs/golden__v20_a30_g10.json,/home/mathis/Documents/Travail/cbnsl_benchmark/scaling/../scaling/results/2026-04-02_10h34_sem_gaussian/graphs/NOTEARS Disc.__v20_a30_g10_s3000.json,,13.496060607023537,19.0,19.0,0.5957446808510638,0.9,0.8235294117647058,0.9
sem_gaussian,LiNGAM,"{""threshold_lingam"": 0.1}",20,30,3000,10,/home/mathis/Documents/Travail/cbnsl_benchmark/scaling/../scaling/results/2026-04-02_10h34_sem_gaussian/graphs/golden__v20_a30_g10.json,/home/mathis/Documents/Travail/cbnsl_benchmark/scaling/../scaling/results/2026-04-02_10h34_sem_gaussian/graphs/LiNGAM__v20_a30_g10_s3000.json,,2.5701625310175586,58.0,59.0,0.30952380952380953,0.5800000000000001,0.9285714285714286,0.9666666666666667
sem_gaussian,CPC,"{""alpha"": 0.05, ""max_conditioning_set_size"": 3}",20,30,5000,10,/home/mathis/Documents/Travail/cbnsl_benchmark/scaling/../scaling/results/2026-04-02_10h34_sem_gaussian/graphs/golden__v20_a30_g10.json,/home/mathis/Documents/Travail/cbnsl_benchmark/scaling/../scaling/results/2026-04-02_10h34_sem_gaussian/graphs/CPC__v20_a30_g10_s5000.json,,94.18008647797978,20.0,18.0,0.5,0.9090909090909091,0.6666666666666666,0.8333333333333334
sem_gaussian,CMIIC,"{""alpha"": 0.05}",20,30,5000,10,/home/mathis/Documents/Travail/cbnsl_benchmark/scaling/../scaling/results/2026-04-02_10h34_sem_gaussian/graphs/golden__v20_a30_g10.json,/home/mathis/Documents/Travail/cbnsl_benchmark/scaling/../scaling/results/2026-04-02_10h34_sem_gaussian/graphs/CMIIC__v20_a30_g10_s5000.json,,119.93108080900856,16.0,13.0,0.6363636363636364,0.846153846153846,0.6363636363636364,0.7333333333333333
sem_gaussian,MIIC,"{""n_bins"": 4, ""discretization_method"": ""quantile""}",20,30,5000,10,/home/mathis/Documents/Travail/cbnsl_benchmark/scaling/../scaling/results/2026-04-02_10h34_sem_gaussian/graphs/golden__v20_a30_g10.json,/home/mathis/Documents/Travail/cbnsl_benchmark/scaling/../scaling/results/2026-04-02_10h34_sem_gaussian/graphs/MIIC__v20_a30_g10_s5000.json,,1.0670983759919181,12.0,17.0,0.7499999999999999,0.9090909090909091,0.782608695652174,0.8333333333333334
sem_gaussian,GHC+BDeu,"{""n_bins"": 4, ""discretization_method"": ""quantile""}",20,30,5000,10,/home/mathis/Documents/Travail/cbnsl_benchmark/scaling/../scaling/results/2026-04-02_10h34_sem_gaussian/graphs/golden__v20_a30_g10.json,/home/mathis/Documents/Travail/cbnsl_benchmark/scaling/../scaling/results/2026-04-02_10h34_sem_gaussian/graphs/GHC+BDeu__v20_a30_g10_s5000.json,,0.5913143890211359,22.0,30.0,0.5,0.8813559322033899,0.7333333333333333,0.8666666666666667
sem_gaussian,NOTEARS,"{""lambda1"": 0.0, ""w_threshold_notears"": 0.3}",20,30,5000,10,/home/mathis/Documents/Travail/cbnsl_benchmark/scaling/../scaling/results/2026-04-02_10h34_sem_gaussian/graphs/golden__v20_a30_g10.json,/home/mathis/Documents/Travail/cbnsl_benchmark/scaling/../scaling/results/2026-04-02_10h34_sem_gaussian/graphs/NOTEARS__v20_a30_g10_s5000.json,,27.07858880001004,2.0,0.0,0.9655172413793104,1.0,1.0,1.0
sem_gaussian,NOTEARS Disc.,"{""lambda1"": 0.1, ""w_threshold_notears"": 0.1, ""n_bins"": 4, ""discretization_method"": ""quantile""}",20,30,5000,10,/home/mathis/Documents/Travail/cbnsl_benchmark/scaling/../scaling/results/2026-04-02_10h34_sem_gaussian/graphs/golden__v20_a30_g10.json,/home/mathis/Documents/Travail/cbnsl_benchmark/scaling/../scaling/results/2026-04-02_10h34_sem_gaussian/graphs/NOTEARS Disc.__v20_a30_g10_s5000.json,,20.089349909016164,15.0,21.0,0.6938775510204082,0.9152542372881356,0.85,0.9
sem_gaussian,LiNGAM,"{""threshold_lingam"": 0.1}",20,30,5000,10,/home/mathis/Documents/Travail/cbnsl_benchmark/scaling/../scaling/results/2026-04-02_10h34_sem_gaussian/graphs/golden__v20_a30_g10.json,/home/mathis/Documents/Travail/cbnsl_benchmark/scaling/../scaling/results/2026-04-02_10h34_sem_gaussian/graphs/LiNGAM__v20_a30_g10_s5000.json,,3.601403478998691,36.0,39.0,0.5135135135135135,0.7058823529411764,1.0,1.0
sem_gaussian,CPC,"{""alpha"": 0.05, ""max_conditioning_set_size"": 3}",20,30,200,11,/home/mathis/Documents/Travail/cbnsl_benchmark/scaling/../scaling/results/2026-04-02_10h34_sem_gaussian/graphs/golden__v20_a30_g11.json,/home/mathis/Documents/Travail/cbnsl_benchmark/scaling/../scaling/results/2026-04-02_10h34_sem_gaussian/graphs/CPC__v20_a30_g11_s200.json,,0.062124882999341935,27.0,28.0,0.2352941176470588,0.5365853658536585,0.17391304347826086,0.36666666666666664
sem_gaussian,CMIIC,"{""alpha"": 0.05}",20,30,200,11,/home/mathis/Documents/Travail/cbnsl_benchmark/scaling/../scaling/results/2026-04-02_10h34_sem_gaussian/graphs/golden__v20_a30_g11.json,/home/mathis/Documents/Travail/cbnsl_benchmark/scaling/../scaling/results/2026-04-02_10h34_sem_gaussian/graphs/CMIIC__v20_a30_g11_s200.json,,0.2994783269823529,25.0,21.0,0.2285714285714286,0.8076923076923077,0.3076923076923077,0.7
sem_gaussian,MIIC,"{""n_bins"": 4, ""discretization_method"": ""quantile""}",20,30,200,11,/home/mathis/Documents/Travail/cbnsl_benchmark/scaling/../scaling/results/2026-04-02_10h34_sem_gaussian/graphs/golden__v20_a30_g11.json,/home/mathis/Documents/Travail/cbnsl_benchmark/scaling/../scaling/results/2026-04-02_10h34_sem_gaussian/graphs/MIIC__v20_a30_g11_s200.json,,0.04034157600835897,28.0,27.0,0.0,0.5714285714285715,0.0,0.4
sem_gaussian,GHC+BDeu,"{""n_bins"": 4, ""discretization_method"": ""quantile""}",20,30,200,11,/home/mathis/Documents/Travail/cbnsl_benchmark/scaling/../scaling/results/2026-04-02_10h34_sem_gaussian/graphs/golden__v20_a30_g11.json,/home/mathis/Documents/Travail/cbnsl_benchmark/scaling/../scaling/results/2026-04-02_10h34_sem_gaussian/graphs/GHC+BDeu__v20_a30_g11_s200.json,,0.03775354000390507,29.0,28.0,0.0,0.4210526315789474,0.0,0.26666666666666666
sem_gaussian,NOTEARS,"{""lambda1"": 0.0, ""w_threshold_notears"": 0.3}",20,30,200,11,/home/mathis/Documents/Travail/cbnsl_benchmark/scaling/../scaling/results/2026-04-02_10h34_sem_gaussian/graphs/golden__v20_a30_g11.json,/home/mathis/Documents/Travail/cbnsl_benchmark/scaling/../scaling/results/2026-04-02_10h34_sem_gaussian/graphs/NOTEARS__v20_a30_g11_s200.json,,7.838229087996297,17.0,23.0,0.7169811320754716,0.8852459016393444,0.8636363636363636,0.9
sem_gaussian,NOTEARS Disc.,"{""lambda1"": 0.1, ""w_threshold_notears"": 0.1, ""n_bins"": 4, ""discretization_method"": ""quantile""}",20,30,200,11,/home/mathis/Documents/Travail/cbnsl_benchmark/scaling/../scaling/results/2026-04-02_10h34_sem_gaussian/graphs/golden__v20_a30_g11.json,,[pyAgrum] Directed cycle detected: Add a directed cycle in a dag !,,,,,,,
sem_gaussian,LiNGAM,"{""threshold_lingam"": 0.1}",20,30,200,11,/home/mathis/Documents/Travail/cbnsl_benchmark/scaling/../scaling/results/2026-04-02_10h34_sem_gaussian/graphs/golden__v20_a30_g11.json,/home/mathis/Documents/Travail/cbnsl_benchmark/scaling/../scaling/results/2026-04-02_10h34_sem_gaussian/graphs/LiNGAM__v20_a30_g11_s200.json,,1.065694432996679,36.0,45.0,0.45454545454545453,0.6923076923076923,0.8333333333333334,0.9
sem_gaussian,CPC,"{""alpha"": 0.05, ""max_conditioning_set_size"": 3}",20,30,500,11,/home/mathis/Documents/Travail/cbnsl_benchmark/scaling/../scaling/results/2026-04-02_10h34_sem_gaussian/graphs/golden__v20_a30_g11.json,/home/mathis/Documents/Travail/cbnsl_benchmark/scaling/../scaling/results/2026-04-02_10h34_sem_gaussian/graphs/CPC__v20_a30_g11_s500.json,,0.45693071399000473,28.0,28.0,0.18181818181818182,0.4210526315789474,0.12,0.26666666666666666
sem_gaussian,CMIIC,"{""alpha"": 0.05}",20,30,500,11,/home/mathis/Documents/Travail/cbnsl_benchmark/scaling/../scaling/results/2026-04-02_10h34_sem_gaussian/graphs/golden__v20_a30_g11.json,/home/mathis/Documents/Travail/cbnsl_benchmark/scaling/../scaling/results/2026-04-02_10h34_sem_gaussian/graphs/CMIIC__v20_a30_g11_s500.json,,1.4912687680043746,18.0,19.0,0.5238095238095238,0.8301886792452831,0.5789473684210527,0.7333333333333333
sem_gaussian,MIIC,"{""n_bins"": 4, ""discretization_method"": ""quantile""}",20,30,500,11,/home/mathis/Documents/Travail/cbnsl_benchmark/scaling/../scaling/results/2026-04-02_10h34_sem_gaussian/graphs/golden__v20_a30_g11.json,/home/mathis/Documents/Travail/cbnsl_benchmark/scaling/../scaling/results/2026-04-02_10h34_sem_gaussian/graphs/MIIC__v20_a30_g11_s500.json,,0.06511788698844612,28.0,23.0,0.0,0.7843137254901961,0.0,0.6666666666666666
sem_gaussian,GHC+BDeu,"{""n_bins"": 4, ""discretization_method"": ""quantile""}",20,30,500,11,/home/mathis/Documents/Travail/cbnsl_benchmark/scaling/../scaling/results/2026-04-02_10h34_sem_gaussian/graphs/golden__v20_a30_g11.json,/home/mathis/Documents/Travail/cbnsl_benchmark/scaling/../scaling/results/2026-04-02_10h34_sem_gaussian/graphs/GHC+BDeu__v20_a30_g11_s500.json,,0.057506864017341286,28.0,27.0,0.0,0.6666666666666666,0.0,0.5
sem_gaussian,NOTEARS,"{""lambda1"": 0.0, ""w_threshold_notears"": 0.3}",20,30,500,11,/home/mathis/Documents/Travail/cbnsl_benchmark/scaling/../scaling/results/2026-04-02_10h34_sem_gaussian/graphs/golden__v20_a30_g11.json,/home/mathis/Documents/Travail/cbnsl_benchmark/scaling/../scaling/results/2026-04-02_10h34_sem_gaussian/graphs/NOTEARS__v20_a30_g11_s500.json,,5.044214523019036,11.0,20.0,0.7450980392156864,0.9152542372881356,0.8636363636363636,0.9
sem_gaussian,NOTEARS Disc.,"{""lambda1"": 0.1, ""w_threshold_notears"": 0.1, ""n_bins"": 4, ""discretization_method"": ""quantile""}",20,30,500,11,/home/mathis/Documents/Travail/cbnsl_benchmark/scaling/../scaling/results/2026-04-02_10h34_sem_gaussian/graphs/golden__v20_a30_g11.json,,[pyAgrum] Directed cycle detected: Add a directed cycle in a dag !,,,,,,,
sem_gaussian,LiNGAM,"{""threshold_lingam"": 0.1}",20,30,500,11,/home/mathis/Documents/Travail/cbnsl_benchmark/scaling/../scaling/results/2026-04-02_10h34_sem_gaussian/graphs/golden__v20_a30_g11.json,/home/mathis/Documents/Travail/cbnsl_benchmark/scaling/../scaling/results/2026-04-02_10h34_sem_gaussian/graphs/LiNGAM__v20_a30_g11_s500.json,,1.3435856309952214,45.0,44.0,0.4109589041095891,0.6666666666666667,0.9375,0.9666666666666667
sem_gaussian,CPC,"{""alpha"": 0.05, ""max_conditioning_set_size"": 3}",20,30,1000,11,/home/mathis/Documents/Travail/cbnsl_benchmark/scaling/../scaling/results/2026-04-02_10h34_sem_gaussian/graphs/golden__v20_a30_g11.json,/home/mathis/Documents/Travail/cbnsl_benchmark/scaling/../scaling/results/2026-04-02_10h34_sem_gaussian/graphs/CPC__v20_a30_g11_s1000.json,,2.1605171129922383,24.0,26.0,0.33333333333333326,0.6363636363636364,0.2727272727272727,0.4666666666666667
sem_gaussian,CMIIC,"{""alpha"": 0.05}",20,30,1000,11,/home/mathis/Documents/Travail/cbnsl_benchmark/scaling/../scaling/results/2026-04-02_10h34_sem_gaussian/graphs/golden__v20_a30_g11.json,/home/mathis/Documents/Travail/cbnsl_benchmark/scaling/../scaling/results/2026-04-02_10h34_sem_gaussian/graphs/CMIIC__v20_a30_g11_s1000.json,,5.108413273002952,20.0,24.0,0.45,0.8301886792452831,0.5294117647058824,0.7333333333333333
sem_gaussian,MIIC,"{""n_bins"": 4, ""discretization_method"": ""quantile""}",20,30,1000,11,/home/mathis/Documents/Travail/cbnsl_benchmark/scaling/../scaling/results/2026-04-02_10h34_sem_gaussian/graphs/golden__v20_a30_g11.json,/home/mathis/Documents/Travail/cbnsl_benchmark/scaling/../scaling/results/2026-04-02_10h34_sem_gaussian/graphs/MIIC__v20_a30_g11_s1000.json,,0.11963029301841743,23.0,25.0,0.1176470588235294,0.7924528301886793,0.18181818181818182,0.7
sem_gaussian,GHC+BDeu,"{""n_bins"": 4, ""discretization_method"": ""quantile""}",20,30,1000,11,/home/mathis/Documents/Travail/cbnsl_benchmark/scaling/../scaling/results/2026-04-02_10h34_sem_gaussian/graphs/golden__v20_a30_g11.json,/home/mathis/Documents/Travail/cbnsl_benchmark/scaling/../scaling/results/2026-04-02_10h34_sem_gaussian/graphs/GHC+BDeu__v20_a30_g11_s1000.json,,0.0968242550152354,27.0,24.0,0.12121212121212122,0.7346938775510204,0.14285714285714285,0.6
sem_gaussian,NOTEARS,"{""lambda1"": 0.0, ""w_threshold_notears"": 0.3}",20,30,1000,11,/home/mathis/Documents/Travail/cbnsl_benchmark/scaling/../scaling/results/2026-04-02_10h34_sem_gaussian/graphs/golden__v20_a30_g11.json,/home/mathis/Documents/Travail/cbnsl_benchmark/scaling/../scaling/results/2026-04-02_10h34_sem_gaussian/graphs/NOTEARS__v20_a30_g11_s1000.json,,9.698209185997257,10.0,19.0,0.7692307692307692,0.9333333333333333,0.9090909090909091,0.9333333333333333
sem_gaussian,NOTEARS Disc.,"{""lambda1"": 0.1, ""w_threshold_notears"": 0.1, ""n_bins"": 4, ""discretization_method"": ""quantile""}",20,30,1000,11,/home/mathis/Documents/Travail/cbnsl_benchmark/scaling/../scaling/results/2026-04-02_10h34_sem_gaussian/graphs/golden__v20_a30_g11.json,,[pyAgrum] Directed cycle detected: Add a directed cycle in a dag !,,,,,,,
sem_gaussian,LiNGAM,"{""threshold_lingam"": 0.1}",20,30,1000,11,/home/mathis/Documents/Travail/cbnsl_benchmark/scaling/../scaling/results/2026-04-02_10h34_sem_gaussian/graphs/golden__v20_a30_g11.json,/home/mathis/Documents/Travail/cbnsl_benchmark/scaling/../scaling/results/2026-04-02_10h34_sem_gaussian/graphs/LiNGAM__v20_a30_g11_s1000.json,,1.595390247006435,55.0,59.0,0.3614457831325301,0.5979381443298969,0.9375,0.9666666666666667
sem_gaussian,CPC,"{""alpha"": 0.05, ""max_conditioning_set_size"": 3}",20,30,3000,11,/home/mathis/Documents/Travail/cbnsl_benchmark/scaling/../scaling/results/2026-04-02_10h34_sem_gaussian/graphs/golden__v20_a30_g11.json,/home/mathis/Documents/Travail/cbnsl_benchmark/scaling/../scaling/results/2026-04-02_10h34_sem_gaussian/graphs/CPC__v20_a30_g11_s3000.json,,30.369267253990984,20.0,20.0,0.5,0.8679245283018869,0.5882352941176471,0.7666666666666667
sem_gaussian,CMIIC,"{""alpha"": 0.05}",20,30,3000,11,/home/mathis/Documents/Travail/cbnsl_benchmark/scaling/../scaling/results/2026-04-02_10h34_sem_gaussian/graphs/golden__v20_a30_g11.json,/home/mathis/Documents/Travail/cbnsl_benchmark/scaling/../scaling/results/2026-04-02_10h34_sem_gaussian/graphs/CMIIC__v20_a30_g11_s3000.json,,43.37972322301357,23.0,27.0,0.41025641025641024,0.8076923076923077,0.47058823529411764,0.7
sem_gaussian,MIIC,"{""n_bins"": 4, ""discretization_method"": ""quantile""}",20,30,3000,11,/home/mathis/Documents/Travail/cbnsl_benchmark/scaling/../scaling/results/2026-04-02_10h34_sem_gaussian/graphs/golden__v20_a30_g11.json,/home/mathis/Documents/Travail/cbnsl_benchmark/scaling/../scaling/results/2026-04-02_10h34_sem_gaussian/graphs/MIIC__v20_a30_g11_s3000.json,,0.609737299993867,17.0,21.0,0.5714285714285715,0.888888888888889,0.6666666666666666,0.8
sem_gaussian,GHC+BDeu,"{""n_bins"": 4, ""discretization_method"": ""quantile""}",20,30,3000,11,/home/mathis/Documents/Travail/cbnsl_benchmark/scaling/../scaling/results/2026-04-02_10h34_sem_gaussian/graphs/golden__v20_a30_g11.json,/home/mathis/Documents/Travail/cbnsl_benchmark/scaling/../scaling/results/2026-04-02_10h34_sem_gaussian/graphs/GHC+BDeu__v20_a30_g11_s3000.json,,0.3528198800049722,21.0,16.0,0.4102564102564102,0.8518518518518519,0.5333333333333333,0.7666666666666667
sem_gaussian,NOTEARS,"{""lambda1"": 0.0, ""w_threshold_notears"": 0.3}",20,30,3000,11,/home/mathis/Documents/Travail/cbnsl_benchmark/scaling/../scaling/results/2026-04-02_10h34_sem_gaussian/graphs/golden__v20_a30_g11.json,/home/mathis/Documents/Travail/cbnsl_benchmark/scaling/../scaling/results/2026-04-02_10h34_sem_gaussian/graphs/NOTEARS__v20_a30_g11_s3000.json,,21.300711187999696,10.0,9.0,0.7599999999999999,0.9491525423728815,0.9047619047619048,0.9333333333333333
sem_gaussian,NOTEARS Disc.,"{""lambda1"": 0.1, ""w_threshold_notears"": 0.1, ""n_bins"": 4, ""discretization_method"": ""quantile""}",20,30,3000,11,/home/mathis/Documents/Travail/cbnsl_benchmark/scaling/../scaling/results/2026-04-02_10h34_sem_gaussian/graphs/golden__v20_a30_g11.json,,[pyAgrum] Directed cycle detected: Add a directed cycle in a dag !,,,,,,,
sem_gaussian,LiNGAM,"{""threshold_lingam"": 0.1}",20,30,3000,11,/home/mathis/Documents/Travail/cbnsl_benchmark/scaling/../scaling/results/2026-04-02_10h34_sem_gaussian/graphs/golden__v20_a30_g11.json,/home/mathis/Documents/Travail/cbnsl_benchmark/scaling/../scaling/results/2026-04-02_10h34_sem_gaussian/graphs/LiNGAM__v20_a30_g11_s3000.json,,2.6284239689994138,53.0,59.0,0.39999999999999997,0.5979381443298969,0.9444444444444444,0.9666666666666667
sem_gaussian,CPC,"{""alpha"": 0.05, ""max_conditioning_set_size"": 3}",20,30,5000,11,/home/mathis/Documents/Travail/cbnsl_benchmark/scaling/../scaling/results/2026-04-02_10h34_sem_gaussian/graphs/golden__v20_a30_g11.json,/home/mathis/Documents/Travail/cbnsl_benchmark/scaling/../scaling/results/2026-04-02_10h34_sem_gaussian/graphs/CPC__v20_a30_g11_s5000.json,,103.18332539399853,19.0,23.0,0.5777777777777778,0.8571428571428571,0.6842105263157895,0.8
sem_gaussian,CMIIC,"{""alpha"": 0.05}",20,30,5000,11,/home/mathis/Documents/Travail/cbnsl_benchmark/scaling/../scaling/results/2026-04-02_10h34_sem_gaussian/graphs/golden__v20_a30_g11.json,/home/mathis/Documents/Travail/cbnsl_benchmark/scaling/../scaling/results/2026-04-02_10h34_sem_gaussian/graphs/CMIIC__v20_a30_g11_s5000.json,,119.25496988801751,23.0,27.0,0.41025641025641024,0.8076923076923077,0.47058823529411764,0.7
sem_gaussian,MIIC,"{""n_bins"": 4, ""discretization_method"": ""quantile""}",20,30,5000,11,/home/mathis/Documents/Travail/cbnsl_benchmark/scaling/../scaling/results/2026-04-02_10h34_sem_gaussian/graphs/golden__v20_a30_g11.json,/home/mathis/Documents/Travail/cbnsl_benchmark/scaling/../scaling/results/2026-04-02_10h34_sem_gaussian/graphs/MIIC__v20_a30_g11_s5000.json,,1.1485480669944081,14.0,13.0,0.7083333333333333,0.8928571428571429,0.7727272727272727,0.8333333333333334
sem_gaussian,GHC+BDeu,"{""n_bins"": 4, ""discretization_method"": ""quantile""}",20,30,5000,11,/home/mathis/Documents/Travail/cbnsl_benchmark/scaling/../scaling/results/2026-04-02_10h34_sem_gaussian/graphs/golden__v20_a30_g11.json,/home/mathis/Documents/Travail/cbnsl_benchmark/scaling/../scaling/results/2026-04-02_10h34_sem_gaussian/graphs/GHC+BDeu__v20_a30_g11_s5000.json,,0.5345279409957584,21.0,14.0,0.4615384615384615,0.9090909090909091,0.6428571428571429,0.8333333333333334
sem_gaussian,NOTEARS,"{""lambda1"": 0.0, ""w_threshold_notears"": 0.3}",20,30,5000,11,/home/mathis/Documents/Travail/cbnsl_benchmark/scaling/../scaling/results/2026-04-02_10h34_sem_gaussian/graphs/golden__v20_a30_g11.json,/home/mathis/Documents/Travail/cbnsl_benchmark/scaling/../scaling/results/2026-04-02_10h34_sem_gaussian/graphs/NOTEARS__v20_a30_g11_s5000.json,,34.99176552100107,10.0,10.0,0.76,0.9310344827586207,0.8636363636363636,0.9
sem_gaussian,NOTEARS Disc.,"{""lambda1"": 0.1, ""w_threshold_notears"": 0.1, ""n_bins"": 4, ""discretization_method"": ""quantile""}",20,30,5000,11,/home/mathis/Documents/Travail/cbnsl_benchmark/scaling/../scaling/results/2026-04-02_10h34_sem_gaussian/graphs/golden__v20_a30_g11.json,,[pyAgrum] Directed cycle detected: Add a directed cycle in a dag !,,,,,,,
sem_gaussian,LiNGAM,"{""threshold_lingam"": 0.1}",20,30,5000,11,/home/mathis/Documents/Travail/cbnsl_benchmark/scaling/../scaling/results/2026-04-02_10h34_sem_gaussian/graphs/golden__v20_a30_g11.json,/home/mathis/Documents/Travail/cbnsl_benchmark/scaling/../scaling/results/2026-04-02_10h34_sem_gaussian/graphs/LiNGAM__v20_a30_g11_s5000.json,,3.5011177220148966,36.0,39.0,0.5142857142857143,0.7160493827160493,0.9473684210526315,0.9666666666666667
sem_gaussian,CPC,"{""alpha"": 0.05, ""max_conditioning_set_size"": 3}",20,30,200,12,/home/mathis/Documents/Travail/cbnsl_benchmark/scaling/../scaling/results/2026-04-02_10h34_sem_gaussian/graphs/golden__v20_a30_g12.json,/home/mathis/Documents/Travail/cbnsl_benchmark/scaling/../scaling/results/2026-04-02_10h34_sem_gaussian/graphs/CPC__v20_a30_g12_s200.json,,0.06686930399155244,30.0,29.0,0.06451612903225806,0.33333333333333337,0.04,0.2
sem_gaussian,CMIIC,"{""alpha"": 0.05}",20,30,200,12,/home/mathis/Documents/Travail/cbnsl_benchmark/scaling/../scaling/results/2026-04-02_10h34_sem_gaussian/graphs/golden__v20_a30_g12.json,/home/mathis/Documents/Travail/cbnsl_benchmark/scaling/../scaling/results/2026-04-02_10h34_sem_gaussian/graphs/CMIIC__v20_a30_g12_s200.json,,0.39869476700550877,22.0,26.0,0.3243243243243243,0.7843137254901961,0.375,0.6666666666666666
sem_gaussian,MIIC,"{""n_bins"": 4, ""discretization_method"": ""quantile""}",20,30,200,12,/home/mathis/Documents/Travail/cbnsl_benchmark/scaling/../scaling/results/2026-04-02_10h34_sem_gaussian/graphs/golden__v20_a30_g12.json,/home/mathis/Documents/Travail/cbnsl_benchmark/scaling/../scaling/results/2026-04-02_10h34_sem_gaussian/graphs/MIIC__v20_a30_g12_s200.json,,0.04686513601336628,27.0,27.0,0.0,0.6956521739130436,0.0,0.5333333333333333
sem_gaussian,GHC+BDeu,"{""n_bins"": 4, ""discretization_method"": ""quantile""}",20,30,200,12,/home/mathis/Documents/Travail/cbnsl_benchmark/scaling/../scaling/results/2026-04-02_10h34_sem_gaussian/graphs/golden__v20_a30_g12.json,/home/mathis/Documents/Travail/cbnsl_benchmark/scaling/../scaling/results/2026-04-02_10h34_sem_gaussian/graphs/GHC+BDeu__v20_a30_g12_s200.json,,0.040887416020268574,31.0,31.0,0.0,0.5238095238095238,0.0,0.36666666666666664
sem_gaussian,NOTEARS,"{""lambda1"": 0.0, ""w_threshold_notears"": 0.3}",20,30,200,12,/home/mathis/Documents/Travail/cbnsl_benchmark/scaling/../scaling/results/2026-04-02_10h34_sem_gaussian/graphs/golden__v20_a30_g12.json,/home/mathis/Documents/Travail/cbnsl_benchmark/scaling/../scaling/results/2026-04-02_10h34_sem_gaussian/graphs/NOTEARS__v20_a30_g12_s200.json,,4.578018497995799,5.0,12.0,0.8363636363636363,0.9333333333333333,0.92,0.9333333333333333
sem_gaussian,NOTEARS Disc.,"{""lambda1"": 0.1, ""w_threshold_notears"": 0.1, ""n_bins"": 4, ""discretization_method"": ""quantile""}",20,30,200,12,/home/mathis/Documents/Travail/cbnsl_benchmark/scaling/../scaling/results/2026-04-02_10h34_sem_gaussian/graphs/golden__v20_a30_g12.json,/home/mathis/Documents/Travail/cbnsl_benchmark/scaling/../scaling/results/2026-04-02_10h34_sem_gaussian/graphs/NOTEARS Disc.__v20_a30_g12_s200.json,,3.778429526981199,25.0,26.0,0.5384615384615385,0.7936507936507938,0.7368421052631579,0.8333333333333334
sem_gaussian,LiNGAM,"{""threshold_lingam"": 0.1}",20,30,200,12,/home/mathis/Documents/Travail/cbnsl_benchmark/scaling/../scaling/results/2026-04-02_10h34_sem_gaussian/graphs/golden__v20_a30_g12.json,/home/mathis/Documents/Travail/cbnsl_benchmark/scaling/../scaling/results/2026-04-02_10h34_sem_gaussian/graphs/LiNGAM__v20_a30_g12_s200.json,,1.1431793039955664,32.0,37.0,0.5161290322580644,0.7567567567567568,0.8888888888888888,0.9333333333333333
sem_gaussian,CPC,"{""alpha"": 0.05, ""max_conditioning_set_size"": 3}",20,30,500,12,/home/mathis/Documents/Travail/cbnsl_benchmark/scaling/../scaling/results/2026-04-02_10h34_sem_gaussian/graphs/golden__v20_a30_g12.json,/home/mathis/Documents/Travail/cbnsl_benchmark/scaling/../scaling/results/2026-04-02_10h34_sem_gaussian/graphs/CPC__v20_a30_g12_s500.json,,0.5159100370074157,26.0,29.0,0.3243243243243243,0.5909090909090909,0.2608695652173913,0.43333333333333335
sem_gaussian,CMIIC,"{""alpha"": 0.05}",20,30,500,12,/home/mathis/Documents/Travail/cbnsl_benchmark/scaling/../scaling/results/2026-04-02_10h34_sem_gaussian/graphs/golden__v20_a30_g12.json,/home/mathis/Documents/Travail/cbnsl_benchmark/scaling/../scaling/results/2026-04-02_10h34_sem_gaussian/graphs/CMIIC__v20_a30_g12_s500.json,,1.7220873149926774,23.0,27.0,0.37837837837837834,0.8235294117647058,0.4375,0.7
sem_gaussian,MIIC,"{""n_bins"": 4, ""discretization_method"": ""quantile""}",20,30,500,12,/home/mathis/Documents/Travail/cbnsl_benchmark/scaling/../scaling/results/2026-04-02_10h34_sem_gaussian/graphs/golden__v20_a30_g12.json,/home/mathis/Documents/Travail/cbnsl_benchmark/scaling/../scaling/results/2026-04-02_10h34_sem_gaussian/graphs/MIIC__v20_a30_g12_s500.json,,0.07527981197927147,24.0,28.0,0.0,0.7755102040816326,0.0,0.6333333333333333
sem_gaussian,GHC+BDeu,"{""n_bins"": 4, ""discretization_method"": ""quantile""}",20,30,500,12,/home/mathis/Documents/Travail/cbnsl_benchmark/scaling/../scaling/results/2026-04-02_10h34_sem_gaussian/graphs/golden__v20_a30_g12.json,/home/mathis/Documents/Travail/cbnsl_benchmark/scaling/../scaling/results/2026-04-02_10h34_sem_gaussian/graphs/GHC+BDeu__v20_a30_g12_s500.json,,0.0632680369890295,30.0,31.0,0.0,0.608695652173913,0.0,0.4666666666666667
sem_gaussian,NOTEARS,"{""lambda1"": 0.0, ""w_threshold_notears"": 0.3}",20,30,500,12,/home/mathis/Documents/Travail/cbnsl_benchmark/scaling/../scaling/results/2026-04-02_10h34_sem_gaussian/graphs/golden__v20_a30_g12.json,/home/mathis/Documents/Travail/cbnsl_benchmark/scaling/../scaling/results/2026-04-02_10h34_sem_gaussian/graphs/NOTEARS__v20_a30_g12_s500.json,,6.949866022012429,4.0,4.0,0.8301886792452831,0.9666666666666667,0.9565217391304348,0.9666666666666667
sem_gaussian,NOTEARS Disc.,"{""lambda1"": 0.1, ""w_threshold_notears"": 0.1, ""n_bins"": 4, ""discretization_method"": ""quantile""}",20,30,500,12,/home/mathis/Documents/Travail/cbnsl_benchmark/scaling/../scaling/results/2026-04-02_10h34_sem_gaussian/graphs/golden__v20_a30_g12.json,/home/mathis/Documents/Travail/cbnsl_benchmark/scaling/../scaling/results/2026-04-02_10h34_sem_gaussian/graphs/NOTEARS Disc.__v20_a30_g12_s500.json,,4.471281319012633,18.0,18.0,0.5777777777777777,0.896551724137931,0.7647058823529411,0.8666666666666667
sem_gaussian,LiNGAM,"{""threshold_lingam"": 0.1}",20,30,500,12,/home/mathis/Documents/Travail/cbnsl_benchmark/scaling/../scaling/results/2026-04-02_10h34_sem_gaussian/graphs/golden__v20_a30_g12.json,/home/mathis/Documents/Travail/cbnsl_benchmark/scaling/../scaling/results/2026-04-02_10h34_sem_gaussian/graphs/LiNGAM__v20_a30_g12_s500.json,,1.309077119018184,50.0,47.0,0.3421052631578947,0.6153846153846154,0.8666666666666667,0.9333333333333333
sem_gaussian,CPC,"{""alpha"": 0.05, ""max_conditioning_set_size"": 3}",20,30,1000,12,/home/mathis/Documents/Travail/cbnsl_benchmark/scaling/../scaling/results/2026-04-02_10h34_sem_gaussian/graphs/golden__v20_a30_g12.json,/home/mathis/Documents/Travail/cbnsl_benchmark/scaling/../scaling/results/2026-04-02_10h34_sem_gaussian/graphs/CPC__v20_a30_g12_s1000.json,,2.8777350269956514,23.0,29.0,0.2857142857142857,0.6956521739130436,0.2631578947368421,0.5333333333333333
sem_gaussian,CMIIC,"{""alpha"": 0.05}",20,30,1000,12,/home/mathis/Documents/Travail/cbnsl_benchmark/scaling/../scaling/results/2026-04-02_10h34_sem_gaussian/graphs/golden__v20_a30_g12.json,/home/mathis/Documents/Travail/cbnsl_benchmark/scaling/../scaling/results/2026-04-02_10h34_sem_gaussian/graphs/CMIIC__v20_a30_g12_s1000.json,,5.3878788799920585,20.0,27.0,0.33333333333333326,0.8,0.375,0.6666666666666666
sem_gaussian,MIIC,"{""n_bins"": 4, ""discretization_method"": ""quantile""}",20,30,1000,12,/home/mathis/Documents/Travail/cbnsl_benchmark/scaling/../scaling/results/2026-04-02_10h34_sem_gaussian/graphs/golden__v20_a30_g12.json,/home/mathis/Documents/Travail/cbnsl_benchmark/scaling/../scaling/results/2026-04-02_10h34_sem_gaussian/graphs/MIIC__v20_a30_g12_s1000.json,,0.1268242090009153,24.0,27.0,0.0,0.8679245283018869,0.0,0.7666666666666667
sem_gaussian,GHC+BDeu,"{""n_bins"": 4, ""discretization_method"": ""quantile""}",20,30,1000,12,/home/mathis/Documents/Travail/cbnsl_benchmark/scaling/../scaling/results/2026-04-02_10h34_sem_gaussian/graphs/golden__v20_a30_g12.json,/home/mathis/Documents/Travail/cbnsl_benchmark/scaling/../scaling/results/2026-04-02_10h34_sem_gaussian/graphs/GHC+BDeu__v20_a30_g12_s1000.json,,0.09887573699234053,27.0,29.0,0.11764705882352941,0.7200000000000001,0.14285714285714285,0.6
sem_gaussian,NOTEARS,"{""lambda1"": 0.0, ""w_threshold_notears"": 0.3}",20,30,1000,12,/home/mathis/Documents/Travail/cbnsl_benchmark/scaling/../scaling/results/2026-04-02_10h34_sem_gaussian/graphs/golden__v20_a30_g12.json,/home/mathis/Documents/Travail/cbnsl_benchmark/scaling/../scaling/results/2026-04-02_10h34_sem_gaussian/graphs/NOTEARS__v20_a30_g12_s1000.json,,10.659189899015473,5.0,7.0,0.8148148148148149,0.9508196721311476,0.9565217391304348,0.9666666666666667
sem_gaussian,NOTEARS Disc.,"{""lambda1"": 0.1, ""w_threshold_notears"": 0.1, ""n_bins"": 4, ""discretization_method"": ""quantile""}",20,30,1000,12,/home/mathis/Documents/Travail/cbnsl_benchmark/scaling/../scaling/results/2026-04-02_10h34_sem_gaussian/graphs/golden__v20_a30_g12.json,/home/mathis/Documents/Travail/cbnsl_benchmark/scaling/../scaling/results/2026-04-02_10h34_sem_gaussian/graphs/NOTEARS Disc.__v20_a30_g12_s1000.json,,10.037509656016482,17.0,19.0,0.6938775510204082,0.9152542372881356,0.85,0.9
sem_gaussian,LiNGAM,"{""threshold_lingam"": 0.1}",20,30,1000,12,/home/mathis/Documents/Travail/cbnsl_benchmark/scaling/../scaling/results/2026-04-02_10h34_sem_gaussian/graphs/golden__v20_a30_g12.json,/home/mathis/Documents/Travail/cbnsl_benchmark/scaling/../scaling/results/2026-04-02_10h34_sem_gaussian/graphs/LiNGAM__v20_a30_g12_s1000.json,,1.5717479189916048,40.0,43.0,0.4999999999999999,0.6987951807228916,0.9473684210526315,0.9666666666666667
sem_gaussian,CPC,"{""alpha"": 0.05, ""max_conditioning_set_size"": 3}",20,30,3000,12,/home/mathis/Documents/Travail/cbnsl_benchmark/scaling/../scaling/results/2026-04-02_10h34_sem_gaussian/graphs/golden__v20_a30_g12.json,/home/mathis/Documents/Travail/cbnsl_benchmark/scaling/../scaling/results/2026-04-02_10h34_sem_gaussian/graphs/CPC__v20_a30_g12_s3000.json,,39.333027757005766,23.0,27.0,0.33333333333333326,0.846153846153846,0.42857142857142855,0.7333333333333333
sem_gaussian,CMIIC,"{""alpha"": 0.05}",20,30,3000,12,/home/mathis/Documents/Travail/cbnsl_benchmark/scaling/../scaling/results/2026-04-02_10h34_sem_gaussian/graphs/golden__v20_a30_g12.json,/home/mathis/Documents/Travail/cbnsl_benchmark/scaling/../scaling/results/2026-04-02_10h34_sem_gaussian/graphs/CMIIC__v20_a30_g12_s3000.json,,49.38448953902116,23.0,27.0,0.37837837837837834,0.8235294117647058,0.4375,0.7
sem_gaussian,MIIC,"{""n_bins"": 4, ""discretization_method"": ""quantile""}",20,30,3000,12,/home/mathis/Documents/Travail/cbnsl_benchmark/scaling/../scaling/results/2026-04-02_10h34_sem_gaussian/graphs/golden__v20_a30_g12.json,/home/mathis/Documents/Travail/cbnsl_benchmark/scaling/../scaling/results/2026-04-02_10h34_sem_gaussian/graphs/MIIC__v20_a30_g12_s3000.json,,0.7041129760036711,21.0,21.0,0.6046511627906976,0.9090909090909091,0.7222222222222222,0.8333333333333334
sem_gaussian,GHC+BDeu,"{""n_bins"": 4, ""discretization_method"": ""quantile""}",20,30,3000,12,/home/mathis/Documents/Travail/cbnsl_benchmark/scaling/../scaling/results/2026-04-02_10h34_sem_gaussian/graphs/golden__v20_a30_g12.json,/home/mathis/Documents/Travail/cbnsl_benchmark/scaling/../scaling/results/2026-04-02_10h34_sem_gaussian/graphs/GHC+BDeu__v20_a30_g12_s3000.json,,0.3232843530131504,24.0,24.0,0.2702702702702703,0.8148148148148148,0.38461538461538464,0.7333333333333333
sem_gaussian,NOTEARS,"{""lambda1"": 0.0, ""w_threshold_notears"": 0.3}",20,30,3000,12,/home/mathis/Documents/Travail/cbnsl_benchmark/scaling/../scaling/results/2026-04-02_10h34_sem_gaussian/graphs/golden__v20_a30_g12.json,/home/mathis/Documents/Travail/cbnsl_benchmark/scaling/../scaling/results/2026-04-02_10h34_sem_gaussian/graphs/NOTEARS__v20_a30_g12_s3000.json,,26.575951349979732,6.0,6.0,0.8363636363636364,0.9508196721311476,0.9583333333333334,0.9666666666666667
sem_gaussian,NOTEARS Disc.,"{""lambda1"": 0.1, ""w_threshold_notears"": 0.1, ""n_bins"": 4, ""discretization_method"": ""quantile""}",20,30,3000,12,/home/mathis/Documents/Travail/cbnsl_benchmark/scaling/../scaling/results/2026-04-02_10h34_sem_gaussian/graphs/golden__v20_a30_g12.json,/home/mathis/Documents/Travail/cbnsl_benchmark/scaling/../scaling/results/2026-04-02_10h34_sem_gaussian/graphs/NOTEARS Disc.__v20_a30_g12_s3000.json,,15.437954085005913,14.0,19.0,0.76,0.9310344827586207,0.8636363636363636,0.9
sem_gaussian,LiNGAM,"{""threshold_lingam"": 0.1}",20,30,3000,12,/home/mathis/Documents/Travail/cbnsl_benchmark/scaling/../scaling/results/2026-04-02_10h34_sem_gaussian/graphs/golden__v20_a30_g12.json,/home/mathis/Documents/Travail/cbnsl_benchmark/scaling/../scaling/results/2026-04-02_10h34_sem_gaussian/graphs/LiNGAM__v20_a30_g12_s3000.json,,2.558362417999888,52.0,61.0,0.3953488372093023,0.5918367346938775,0.9444444444444444,0.9666666666666667
sem_gaussian,CPC,"{""alpha"": 0.05, ""max_conditioning_set_size"": 3}",20,30,5000,12,/home/mathis/Documents/Travail/cbnsl_benchmark/scaling/../scaling/results/2026-04-02_10h34_sem_gaussian/graphs/golden__v20_a30_g12.json,/home/mathis/Documents/Travail/cbnsl_benchmark/scaling/../scaling/results/2026-04-02_10h34_sem_gaussian/graphs/CPC__v20_a30_g12_s5000.json,,129.40535845101112,23.0,20.0,0.4285714285714286,0.8620689655172413,0.6428571428571429,0.8333333333333334
sem_gaussian,CMIIC,"{""alpha"": 0.05}",20,30,5000,12,/home/mathis/Documents/Travail/cbnsl_benchmark/scaling/../scaling/results/2026-04-02_10h34_sem_gaussian/graphs/golden__v20_a30_g12.json,/home/mathis/Documents/Travail/cbnsl_benchmark/scaling/../scaling/results/2026-04-02_10h34_sem_gaussian/graphs/CMIIC__v20_a30_g12_s5000.json,,134.7870361779933,23.0,27.0,0.37837837837837834,0.8235294117647058,0.4375,0.7
sem_gaussian,MIIC,"{""n_bins"": 4, ""discretization_method"": ""quantile""}",20,30,5000,12,/home/mathis/Documents/Travail/cbnsl_benchmark/scaling/../scaling/results/2026-04-02_10h34_sem_gaussian/graphs/golden__v20_a30_g12.json,/home/mathis/Documents/Travail/cbnsl_benchmark/scaling/../scaling/results/2026-04-02_10h34_sem_gaussian/graphs/MIIC__v20_a30_g12_s5000.json,,1.5323508309957106,21.0,22.0,0.6222222222222222,0.8928571428571429,0.7368421052631579,0.8333333333333334
sem_gaussian,GHC+BDeu,"{""n_bins"": 4, ""discretization_method"": ""quantile""}",20,30,5000,12,/home/mathis/Documents/Travail/cbnsl_benchmark/scaling/../scaling/results/2026-04-02_10h34_sem_gaussian/graphs/golden__v20_a30_g12.json,/home/mathis/Documents/Travail/cbnsl_benchmark/scaling/../scaling/results/2026-04-02_10h34_sem_gaussian/graphs/GHC+BDeu__v20_a30_g12_s5000.json,,0.5843192980100866,25.0,24.0,0.46511627906976744,0.8214285714285715,0.5882352941176471,0.7666666666666667
sem_gaussian,NOTEARS,"{""lambda1"": 0.0, ""w_threshold_notears"": 0.3}",20,30,5000,12,/home/mathis/Documents/Travail/cbnsl_benchmark/scaling/../scaling/results/2026-04-02_10h34_sem_gaussian/graphs/golden__v20_a30_g12.json,/home/mathis/Documents/Travail/cbnsl_benchmark/scaling/../scaling/results/2026-04-02_10h34_sem_gaussian/graphs/NOTEARS__v20_a30_g12_s5000.json,,38.311366981011815,6.0,6.0,0.8363636363636364,0.9508196721311476,0.9583333333333334,0.9666666666666667
sem_gaussian,NOTEARS Disc.,"{""lambda1"": 0.1, ""w_threshold_notears"": 0.1, ""n_bins"": 4, ""discretization_method"": ""quantile""}",20,30,5000,12,/home/mathis/Documents/Travail/cbnsl_benchmark/scaling/../scaling/results/2026-04-02_10h34_sem_gaussian/graphs/golden__v20_a30_g12.json,/home/mathis/Documents/Travail/cbnsl_benchmark/scaling/../scaling/results/2026-04-02_10h34_sem_gaussian/graphs/NOTEARS Disc.__v20_a30_g12_s5000.json,,22.29846108998754,18.0,19.0,0.6521739130434783,0.9310344827586207,0.8333333333333334,0.9
sem_gaussian,LiNGAM,"{""threshold_lingam"": 0.1}",20,30,5000,12,/home/mathis/Documents/Travail/cbnsl_benchmark/scaling/../scaling/results/2026-04-02_10h34_sem_gaussian/graphs/golden__v20_a30_g12.json,/home/mathis/Documents/Travail/cbnsl_benchmark/scaling/../scaling/results/2026-04-02_10h34_sem_gaussian/graphs/LiNGAM__v20_a30_g12_s5000.json,,3.301793673017528,43.0,46.0,0.4225352112676056,0.6823529411764705,0.9375,0.9666666666666667
sem_gaussian,CPC,"{""alpha"": 0.05, ""max_conditioning_set_size"": 3}",20,30,200,13,/home/mathis/Documents/Travail/cbnsl_benchmark/scaling/../scaling/results/2026-04-02_10h34_sem_gaussian/graphs/golden__v20_a30_g13.json,/home/mathis/Documents/Travail/cbnsl_benchmark/scaling/../scaling/results/2026-04-02_10h34_sem_gaussian/graphs/CPC__v20_a30_g13_s200.json,,0.0772364909935277,26.0,29.0,0.2352941176470588,0.5365853658536585,0.17391304347826086,0.36666666666666664
sem_gaussian,CMIIC,"{""alpha"": 0.05}",20,30,200,13,/home/mathis/Documents/Travail/cbnsl_benchmark/scaling/../scaling/results/2026-04-02_10h34_sem_gaussian/graphs/golden__v20_a30_g13.json,/home/mathis/Documents/Travail/cbnsl_benchmark/scaling/../scaling/results/2026-04-02_10h34_sem_gaussian/graphs/CMIIC__v20_a30_g13_s200.json,,0.4507964469958097,24.0,22.0,0.45,0.8518518518518519,0.5625,0.7666666666666667
sem_gaussian,MIIC,"{""n_bins"": 4, ""discretization_method"": ""quantile""}",20,30,200,13,/home/mathis/Documents/Travail/cbnsl_benchmark/scaling/../scaling/results/2026-04-02_10h34_sem_gaussian/graphs/golden__v20_a30_g13.json,/home/mathis/Documents/Travail/cbnsl_benchmark/scaling/../scaling/results/2026-04-02_10h34_sem_gaussian/graphs/MIIC__v20_a30_g13_s200.json,,0.03968263199203648,31.0,26.0,0.0,0.6938775510204083,0.0,0.5666666666666667
sem_gaussian,GHC+BDeu,"{""n_bins"": 4, ""discretization_method"": ""quantile""}",20,30,200,13,/home/mathis/Documents/Travail/cbnsl_benchmark/scaling/../scaling/results/2026-04-02_10h34_sem_gaussian/graphs/golden__v20_a30_g13.json,/home/mathis/Documents/Travail/cbnsl_benchmark/scaling/../scaling/results/2026-04-02_10h34_sem_gaussian/graphs/GHC+BDeu__v20_a30_g13_s200.json,,0.03692316199885681,29.0,28.0,0.0,0.5,0.0,0.3333333333333333
sem_gaussian,NOTEARS,"{""lambda1"": 0.0, ""w_threshold_notears"": 0.3}",20,30,200,13,/home/mathis/Documents/Travail/cbnsl_benchmark/scaling/../scaling/results/2026-04-02_10h34_sem_gaussian/graphs/golden__v20_a30_g13.json,/home/mathis/Documents/Travail/cbnsl_benchmark/scaling/../scaling/results/2026-04-02_10h34_sem_gaussian/graphs/NOTEARS__v20_a30_g13_s200.json,,4.561473212990677,12.0,12.0,0.7450980392156864,0.9152542372881356,0.8636363636363636,0.9
sem_gaussian,NOTEARS Disc.,"{""lambda1"": 0.1, ""w_threshold_notears"": 0.1, ""n_bins"": 4, ""discretization_method"": ""quantile""}",20,30,200,13,/home/mathis/Documents/Travail/cbnsl_benchmark/scaling/../scaling/results/2026-04-02_10h34_sem_gaussian/graphs/golden__v20_a30_g13.json,,[pyAgrum] Directed cycle detected: Add a directed cycle in a dag !,,,,,,,
sem_gaussian,LiNGAM,"{""threshold_lingam"": 0.1}",20,30,200,13,/home/mathis/Documents/Travail/cbnsl_benchmark/scaling/../scaling/results/2026-04-02_10h34_sem_gaussian/graphs/golden__v20_a30_g13.json,/home/mathis/Documents/Travail/cbnsl_benchmark/scaling/../scaling/results/2026-04-02_10h34_sem_gaussian/graphs/LiNGAM__v20_a30_g13_s200.json,,1.1546014180057682,45.0,43.0,0.4109589041095891,0.6666666666666667,0.9375,0.9666666666666667
sem_gaussian,CPC,"{""alpha"": 0.05, ""max_conditioning_set_size"": 3}",20,30,500,13,/home/mathis/Documents/Travail/cbnsl_benchmark/scaling/../scaling/results/2026-04-02_10h34_sem_gaussian/graphs/golden__v20_a30_g13.json,/home/mathis/Documents/Travail/cbnsl_benchmark/scaling/../scaling/results/2026-04-02_10h34_sem_gaussian/graphs/CPC__v20_a30_g13_s500.json,,0.5078120569814928,24.0,27.0,0.23529411764705885,0.5714285714285715,0.18181818181818182,0.4
sem_gaussian,CMIIC,"{""alpha"": 0.05}",20,30,500,13,/home/mathis/Documents/Travail/cbnsl_benchmark/scaling/../scaling/results/2026-04-02_10h34_sem_gaussian/graphs/golden__v20_a30_g13.json,/home/mathis/Documents/Travail/cbnsl_benchmark/scaling/../scaling/results/2026-04-02_10h34_sem_gaussian/graphs/CMIIC__v20_a30_g13_s500.json,,1.6762622300011571,25.0,27.0,0.41025641025641024,0.8301886792452831,0.5,0.7333333333333333
sem_gaussian,MIIC,"{""n_bins"": 4, ""discretization_method"": ""quantile""}",20,30,500,13,/home/mathis/Documents/Travail/cbnsl_benchmark/scaling/../scaling/results/2026-04-02_10h34_sem_gaussian/graphs/golden__v20_a30_g13.json,/home/mathis/Documents/Travail/cbnsl_benchmark/scaling/../scaling/results/2026-04-02_10h34_sem_gaussian/graphs/MIIC__v20_a30_g13_s500.json,,0.06845611400785856,28.0,22.0,0.0,0.7843137254901961,0.0,0.6666666666666666
sem_gaussian,GHC+BDeu,"{""n_bins"": 4, ""discretization_method"": ""quantile""}",20,30,500,13,/home/mathis/Documents/Travail/cbnsl_benchmark/scaling/../scaling/results/2026-04-02_10h34_sem_gaussian/graphs/golden__v20_a30_g13.json,/home/mathis/Documents/Travail/cbnsl_benchmark/scaling/../scaling/results/2026-04-02_10h34_sem_gaussian/graphs/GHC+BDeu__v20_a30_g13_s500.json,,0.05804929498117417,27.0,28.0,0.0,0.7234042553191489,0.0,0.5666666666666667
sem_gaussian,NOTEARS,"{""lambda1"": 0.0, ""w_threshold_notears"": 0.3}",20,30,500,13,/home/mathis/Documents/Travail/cbnsl_benchmark/scaling/../scaling/results/2026-04-02_10h34_sem_gaussian/graphs/golden__v20_a30_g13.json,/home/mathis/Documents/Travail/cbnsl_benchmark/scaling/../scaling/results/2026-04-02_10h34_sem_gaussian/graphs/NOTEARS__v20_a30_g13_s500.json,,6.055118276999565,8.0,11.0,0.8363636363636363,0.9333333333333333,0.92,0.9333333333333333
sem_gaussian,NOTEARS Disc.,"{""lambda1"": 0.1, ""w_threshold_notears"": 0.1, ""n_bins"": 4, ""discretization_method"": ""quantile""}",20,30,500,13,/home/mathis/Documents/Travail/cbnsl_benchmark/scaling/../scaling/results/2026-04-02_10h34_sem_gaussian/graphs/golden__v20_a30_g13.json,,[pyAgrum] Directed cycle detected: Add a directed cycle in a dag !,,,,,,,
sem_gaussian,LiNGAM,"{""threshold_lingam"": 0.1}",20,30,500,13,/home/mathis/Documents/Travail/cbnsl_benchmark/scaling/../scaling/results/2026-04-02_10h34_sem_gaussian/graphs/golden__v20_a30_g13.json,/home/mathis/Documents/Travail/cbnsl_benchmark/scaling/../scaling/results/2026-04-02_10h34_sem_gaussian/graphs/LiNGAM__v20_a30_g13_s500.json,,1.3757479920168407,53.0,52.0,0.39534883720930236,0.6060606060606061,1.0,1.0
sem_gaussian,CPC,"{""alpha"": 0.05, ""max_conditioning_set_size"": 3}",20,30,1000,13,/home/mathis/Documents/Travail/cbnsl_benchmark/scaling/../scaling/results/2026-04-02_10h34_sem_gaussian/graphs/golden__v20_a30_g13.json,/home/mathis/Documents/Travail/cbnsl_benchmark/scaling/../scaling/results/2026-04-02_10h34_sem_gaussian/graphs/CPC__v20_a30_g13_s1000.json,,2.640170639002463,22.0,28.0,0.33333333333333337,0.7755102040816326,0.35294117647058826,0.6333333333333333
sem_gaussian,CMIIC,"{""alpha"": 0.05}",20,30,1000,13,/home/mathis/Documents/Travail/cbnsl_benchmark/scaling/../scaling/results/2026-04-02_10h34_sem_gaussian/graphs/golden__v20_a30_g13.json,/home/mathis/Documents/Travail/cbnsl_benchmark/scaling/../scaling/results/2026-04-02_10h34_sem_gaussian/graphs/CMIIC__v20_a30_g13_s1000.json,,5.55750544698094,13.0,25.0,0.723404255319149,0.8679245283018869,0.7083333333333334,0.7666666666666667
sem_gaussian,MIIC,"{""n_bins"": 4, ""discretization_method"": ""quantile""}",20,30,1000,13,/home/mathis/Documents/Travail/cbnsl_benchmark/scaling/../scaling/results/2026-04-02_10h34_sem_gaussian/graphs/golden__v20_a30_g13.json,/home/mathis/Documents/Travail/cbnsl_benchmark/scaling/../scaling/results/2026-04-02_10h34_sem_gaussian/graphs/MIIC__v20_a30_g13_s1000.json,,0.1136087269987911,25.0,25.0,0.0,0.8301886792452831,0.0,0.7333333333333333
sem_gaussian,GHC+BDeu,"{""n_bins"": 4, ""discretization_method"": ""quantile""}",20,30,1000,13,/home/mathis/Documents/Travail/cbnsl_benchmark/scaling/../scaling/results/2026-04-02_10h34_sem_gaussian/graphs/golden__v20_a30_g13.json,/home/mathis/Documents/Travail/cbnsl_benchmark/scaling/../scaling/results/2026-04-02_10h34_sem_gaussian/graphs/GHC+BDeu__v20_a30_g13_s1000.json,,0.08972760700271465,31.0,30.0,0.0,0.625,0.0,0.5
sem_gaussian,NOTEARS,"{""lambda1"": 0.0, ""w_threshold_notears"": 0.3}",20,30,1000,13,/home/mathis/Documents/Travail/cbnsl_benchmark/scaling/../scaling/results/2026-04-02_10h34_sem_gaussian/graphs/golden__v20_a30_g13.json,/home/mathis/Documents/Travail/cbnsl_benchmark/scaling/../scaling/results/2026-04-02_10h34_sem_gaussian/graphs/NOTEARS__v20_a30_g13_s1000.json,,11.149185975984437,17.0,23.0,0.6086956521739131,0.896551724137931,0.7777777777777778,0.8666666666666667
sem_gaussian,NOTEARS Disc.,"{""lambda1"": 0.1, ""w_threshold_notears"": 0.1, ""n_bins"": 4, ""discretization_method"": ""quantile""}",20,30,1000,13,/home/mathis/Documents/Travail/cbnsl_benchmark/scaling/../scaling/results/2026-04-02_10h34_sem_gaussian/graphs/golden__v20_a30_g13.json,/home/mathis/Documents/Travail/cbnsl_benchmark/scaling/../scaling/results/2026-04-02_10h34_sem_gaussian/graphs/NOTEARS Disc.__v20_a30_g13_s1000.json,,27.178717786999187,15.0,24.0,0.6799999999999999,0.9180327868852459,0.8947368421052632,0.9333333333333333
sem_gaussian,LiNGAM,"{""threshold_lingam"": 0.1}",20,30,1000,13,/home/mathis/Documents/Travail/cbnsl_benchmark/scaling/../scaling/results/2026-04-02_10h34_sem_gaussian/graphs/golden__v20_a30_g13.json,/home/mathis/Documents/Travail/cbnsl_benchmark/scaling/../scaling/results/2026-04-02_10h34_sem_gaussian/graphs/LiNGAM__v20_a30_g13_s1000.json,,1.4804005559999496,45.0,48.0,0.4556962025316456,0.6444444444444445,0.9473684210526315,0.9666666666666667
sem_gaussian,CPC,"{""alpha"": 0.05, ""max_conditioning_set_size"": 3}",20,30,3000,13,/home/mathis/Documents/Travail/cbnsl_benchmark/scaling/../scaling/results/2026-04-02_10h34_sem_gaussian/graphs/golden__v20_a30_g13.json,/home/mathis/Documents/Travail/cbnsl_benchmark/scaling/../scaling/results/2026-04-02_10h34_sem_gaussian/graphs/CPC__v20_a30_g13_s3000.json,,34.864004819013644,18.0,16.0,0.5714285714285713,0.9090909090909091,0.7058823529411765,0.8333333333333334
sem_gaussian,CMIIC,"{""alpha"": 0.05}",20,30,3000,13,/home/mathis/Documents/Travail/cbnsl_benchmark/scaling/../scaling/results/2026-04-02_10h34_sem_gaussian/graphs/golden__v20_a30_g13.json,/home/mathis/Documents/Travail/cbnsl_benchmark/scaling/../scaling/results/2026-04-02_10h34_sem_gaussian/graphs/CMIIC__v20_a30_g13_s3000.json,,44.70353875201545,17.0,27.0,0.6222222222222222,0.8518518518518519,0.6666666666666666,0.7666666666666667
sem_gaussian,MIIC,"{""n_bins"": 4, ""discretization_method"": ""quantile""}",20,30,3000,13,/home/mathis/Documents/Travail/cbnsl_benchmark/scaling/../scaling/results/2026-04-02_10h34_sem_gaussian/graphs/golden__v20_a30_g13.json,/home/mathis/Documents/Travail/cbnsl_benchmark/scaling/../scaling/results/2026-04-02_10h34_sem_gaussian/graphs/MIIC__v20_a30_g13_s3000.json,,0.6046400600171182,13.0,25.0,0.7346938775510204,0.8518518518518519,0.72,0.7666666666666667
sem_gaussian,GHC+BDeu,"{""n_bins"": 4, ""discretization_method"": ""quantile""}",20,30,3000,13,/home/mathis/Documents/Travail/cbnsl_benchmark/scaling/../scaling/results/2026-04-02_10h34_sem_gaussian/graphs/golden__v20_a30_g13.json,/home/mathis/Documents/Travail/cbnsl_benchmark/scaling/../scaling/results/2026-04-02_10h34_sem_gaussian/graphs/GHC+BDeu__v20_a30_g13_s3000.json,,0.34825944900512695,29.0,26.0,0.4,0.7368421052631577,0.5,0.7
sem_gaussian,NOTEARS,"{""lambda1"": 0.0, ""w_threshold_notears"": 0.3}",20,30,3000,13,/home/mathis/Documents/Travail/cbnsl_benchmark/scaling/../scaling/results/2026-04-02_10h34_sem_gaussian/graphs/golden__v20_a30_g13.json,/home/mathis/Documents/Travail/cbnsl_benchmark/scaling/../scaling/results/2026-04-02_10h34_sem_gaussian/graphs/NOTEARS__v20_a30_g13_s3000.json,,30.459272256004624,12.0,14.0,0.7843137254901961,0.9310344827586207,0.8695652173913043,0.9
sem_gaussian,NOTEARS Disc.,"{""lambda1"": 0.1, ""w_threshold_notears"": 0.1, ""n_bins"": 4, ""discretization_method"": ""quantile""}",20,30,3000,13,/home/mathis/Documents/Travail/cbnsl_benchmark/scaling/../scaling/results/2026-04-02_10h34_sem_gaussian/graphs/golden__v20_a30_g13.json,,[pyAgrum] Directed cycle detected: Add a directed cycle in a dag !,,,,,,,
sem_gaussian,LiNGAM,"{""threshold_lingam"": 0.1}",20,30,3000,13,/home/mathis/Documents/Travail/cbnsl_benchmark/scaling/../scaling/results/2026-04-02_10h34_sem_gaussian/graphs/golden__v20_a30_g13.json,/home/mathis/Documents/Travail/cbnsl_benchmark/scaling/../scaling/results/2026-04-02_10h34_sem_gaussian/graphs/LiNGAM__v20_a30_g13_s3000.json,,2.6236547569860704,50.0,49.0,0.37333333333333335,0.6444444444444445,0.9333333333333333,0.9666666666666667
sem_gaussian,CPC,"{""alpha"": 0.05, ""max_conditioning_set_size"": 3}",20,30,5000,13,/home/mathis/Documents/Travail/cbnsl_benchmark/scaling/../scaling/results/2026-04-02_10h34_sem_gaussian/graphs/golden__v20_a30_g13.json,/home/mathis/Documents/Travail/cbnsl_benchmark/scaling/../scaling/results/2026-04-02_10h34_sem_gaussian/graphs/CPC__v20_a30_g13_s5000.json,,119.12310606901883,18.0,18.0,0.6086956521739131,0.896551724137931,0.7777777777777778,0.8666666666666667
sem_gaussian,CMIIC,"{""alpha"": 0.05}",20,30,5000,13,/home/mathis/Documents/Travail/cbnsl_benchmark/scaling/../scaling/results/2026-04-02_10h34_sem_gaussian/graphs/golden__v20_a30_g13.json,/home/mathis/Documents/Travail/cbnsl_benchmark/scaling/../scaling/results/2026-04-02_10h34_sem_gaussian/graphs/CMIIC__v20_a30_g13_s5000.json,,145.74424114698195,17.0,23.0,0.6222222222222223,0.8301886792452831,0.6363636363636364,0.7333333333333333
sem_gaussian,MIIC,"{""n_bins"": 4, ""discretization_method"": ""quantile""}",20,30,5000,13,/home/mathis/Documents/Travail/cbnsl_benchmark/scaling/../scaling/results/2026-04-02_10h34_sem_gaussian/graphs/golden__v20_a30_g13.json,/home/mathis/Documents/Travail/cbnsl_benchmark/scaling/../scaling/results/2026-04-02_10h34_sem_gaussian/graphs/MIIC__v20_a30_g13_s5000.json,,1.307882423978299,11.0,25.0,0.7843137254901961,0.8518518518518519,0.7407407407407407,0.7666666666666667
sem_gaussian,GHC+BDeu,"{""n_bins"": 4, ""discretization_method"": ""quantile""}",20,30,5000,13,/home/mathis/Documents/Travail/cbnsl_benchmark/scaling/../scaling/results/2026-04-02_10h34_sem_gaussian/graphs/golden__v20_a30_g13.json,/home/mathis/Documents/Travail/cbnsl_benchmark/scaling/../scaling/results/2026-04-02_10h34_sem_gaussian/graphs/GHC+BDeu__v20_a30_g13_s5000.json,,0.6006983279949054,16.0,25.0,0.6086956521739131,0.8771929824561403,0.7368421052631579,0.8333333333333334
sem_gaussian,NOTEARS,"{""lambda1"": 0.0, ""w_threshold_notears"": 0.3}",20,30,5000,13,/home/mathis/Documents/Travail/cbnsl_benchmark/scaling/../scaling/results/2026-04-02_10h34_sem_gaussian/graphs/golden__v20_a30_g13.json,/home/mathis/Documents/Travail/cbnsl_benchmark/scaling/../scaling/results/2026-04-02_10h34_sem_gaussian/graphs/NOTEARS__v20_a30_g13_s5000.json,,45.73710491700331,16.0,12.0,0.6938775510204082,0.9152542372881356,0.85,0.9
sem_gaussian,NOTEARS Disc.,"{""lambda1"": 0.1, ""w_threshold_notears"": 0.1, ""n_bins"": 4, ""discretization_method"": ""quantile""}",20,30,5000,13,/home/mathis/Documents/Travail/cbnsl_benchmark/scaling/../scaling/results/2026-04-02_10h34_sem_gaussian/graphs/golden__v20_a30_g13.json,,[pyAgrum] Directed cycle detected: Add a directed cycle in a dag !,,,,,,,
sem_gaussian,LiNGAM,"{""threshold_lingam"": 0.1}",20,30,5000,13,/home/mathis/Documents/Travail/cbnsl_benchmark/scaling/../scaling/results/2026-04-02_10h34_sem_gaussian/graphs/golden__v20_a30_g13.json,/home/mathis/Documents/Travail/cbnsl_benchmark/scaling/../scaling/results/2026-04-02_10h34_sem_gaussian/graphs/LiNGAM__v20_a30_g13_s5000.json,,6.087114214984467,58.0,61.0,0.3529411764705882,0.5858585858585859,0.9375,0.9666666666666667
sem_gaussian,CPC,"{""alpha"": 0.05, ""max_conditioning_set_size"": 3}",20,30,200,14,/home/mathis/Documents/Travail/cbnsl_benchmark/scaling/../scaling/results/2026-04-02_10h34_sem_gaussian/graphs/golden__v20_a30_g14.json,/home/mathis/Documents/Travail/cbnsl_benchmark/scaling/../scaling/results/2026-04-02_10h34_sem_gaussian/graphs/CPC__v20_a30_g14_s200.json,,0.11460429299040698,23.0,27.0,0.3888888888888889,0.6818181818181819,0.3333333333333333,0.5172413793103449
sem_gaussian,CMIIC,"{""alpha"": 0.05}",20,30,200,14,/home/mathis/Documents/Travail/cbnsl_benchmark/scaling/../scaling/results/2026-04-02_10h34_sem_gaussian/graphs/golden__v20_a30_g14.json,/home/mathis/Documents/Travail/cbnsl_benchmark/scaling/../scaling/results/2026-04-02_10h34_sem_gaussian/graphs/CMIIC__v20_a30_g14_s200.json,,0.612630409974372,21.0,17.0,0.47368421052631576,0.8846153846153846,0.6,0.7931034482758621
sem_gaussian,MIIC,"{""n_bins"": 4, ""discretization_method"": ""quantile""}",20,30,200,14,/home/mathis/Documents/Travail/cbnsl_benchmark/scaling/../scaling/results/2026-04-02_10h34_sem_gaussian/graphs/golden__v20_a30_g14.json,/home/mathis/Documents/Travail/cbnsl_benchmark/scaling/../scaling/results/2026-04-02_10h34_sem_gaussian/graphs/MIIC__v20_a30_g14_s200.json,,0.05438588699325919,25.0,27.0,0.0,0.5853658536585366,0.0,0.41379310344827586
sem_gaussian,GHC+BDeu,"{""n_bins"": 4, ""discretization_method"": ""quantile""}",20,30,200,14,/home/mathis/Documents/Travail/cbnsl_benchmark/scaling/../scaling/results/2026-04-02_10h34_sem_gaussian/graphs/golden__v20_a30_g14.json,/home/mathis/Documents/Travail/cbnsl_benchmark/scaling/../scaling/results/2026-04-02_10h34_sem_gaussian/graphs/GHC+BDeu__v20_a30_g14_s200.json,,0.056045191013254225,28.0,28.0,0.0,0.34285714285714286,0.0,0.20689655172413793
sem_gaussian,NOTEARS,"{""lambda1"": 0.0, ""w_threshold_notears"": 0.3}",20,30,200,14,/home/mathis/Documents/Travail/cbnsl_benchmark/scaling/../scaling/results/2026-04-02_10h34_sem_gaussian/graphs/golden__v20_a30_g14.json,/home/mathis/Documents/Travail/cbnsl_benchmark/scaling/../scaling/results/2026-04-02_10h34_sem_gaussian/graphs/NOTEARS__v20_a30_g14_s200.json,,47.71598733900464,14.0,16.0,0.7777777777777777,0.8813559322033899,0.875,0.896551724137931
sem_gaussian,NOTEARS Disc.,"{""lambda1"": 0.1, ""w_threshold_notears"": 0.1, ""n_bins"": 4, ""discretization_method"": ""quantile""}",20,30,200,14,/home/mathis/Documents/Travail/cbnsl_benchmark/scaling/../scaling/results/2026-04-02_10h34_sem_gaussian/graphs/golden__v20_a30_g14.json,/home/mathis/Documents/Travail/cbnsl_benchmark/scaling/../scaling/results/2026-04-02_10h34_sem_gaussian/graphs/NOTEARS Disc.__v20_a30_g14_s200.json,,4.677700408006785,16.0,12.0,0.5652173913043479,0.8620689655172413,0.7647058823529411,0.8620689655172413
sem_gaussian,LiNGAM,"{""threshold_lingam"": 0.1}",20,30,200,14,/home/mathis/Documents/Travail/cbnsl_benchmark/scaling/../scaling/results/2026-04-02_10h34_sem_gaussian/graphs/golden__v20_a30_g14.json,/home/mathis/Documents/Travail/cbnsl_benchmark/scaling/../scaling/results/2026-04-02_10h34_sem_gaussian/graphs/LiNGAM__v20_a30_g14_s200.json,,1.2385713389958255,47.0,44.0,0.35294117647058826,0.6341463414634146,0.8,0.896551724137931
sem_gaussian,CPC,"{""alpha"": 0.05, ""max_conditioning_set_size"": 3}",20,30,500,14,/home/mathis/Documents/Travail/cbnsl_benchmark/scaling/../scaling/results/2026-04-02_10h34_sem_gaussian/graphs/golden__v20_a30_g14.json,/home/mathis/Documents/Travail/cbnsl_benchmark/scaling/../scaling/results/2026-04-02_10h34_sem_gaussian/graphs/CPC__v20_a30_g14_s500.json,,0.5266535660193767,27.0,27.0,0.12903225806451615,0.6190476190476191,0.1111111111111111,0.4482758620689655
sem_gaussian,CMIIC,"{""alpha"": 0.05}",20,30,500,14,/home/mathis/Documents/Travail/cbnsl_benchmark/scaling/../scaling/results/2026-04-02_10h34_sem_gaussian/graphs/golden__v20_a30_g14.json,/home/mathis/Documents/Travail/cbnsl_benchmark/scaling/../scaling/results/2026-04-02_10h34_sem_gaussian/graphs/CMIIC__v20_a30_g14_s500.json,,1.6004117089905776,18.0,20.0,0.5,0.8461538461538461,0.5882352941176471,0.7586206896551724
sem_gaussian,MIIC,"{""n_bins"": 4, ""discretization_method"": ""quantile""}",20,30,500,14,/home/mathis/Documents/Travail/cbnsl_benchmark/scaling/../scaling/results/2026-04-02_10h34_sem_gaussian/graphs/golden__v20_a30_g14.json,/home/mathis/Documents/Travail/cbnsl_benchmark/scaling/../scaling/results/2026-04-02_10h34_sem_gaussian/graphs/MIIC__v20_a30_g14_s500.json,,0.07244962899130769,27.0,22.0,0.0,0.8400000000000001,0.0,0.7241379310344828
sem_gaussian,GHC+BDeu,"{""n_bins"": 4, ""discretization_method"": ""quantile""}",20,30,500,14,/home/mathis/Documents/Travail/cbnsl_benchmark/scaling/../scaling/results/2026-04-02_10h34_sem_gaussian/graphs/golden__v20_a30_g14.json,/home/mathis/Documents/Travail/cbnsl_benchmark/scaling/../scaling/results/2026-04-02_10h34_sem_gaussian/graphs/GHC+BDeu__v20_a30_g14_s500.json,,0.06675152797834016,24.0,26.0,0.0,0.7111111111111111,0.0,0.5517241379310345
sem_gaussian,NOTEARS,"{""lambda1"": 0.0, ""w_threshold_notears"": 0.3}",20,30,500,14,/home/mathis/Documents/Travail/cbnsl_benchmark/scaling/../scaling/results/2026-04-02_10h34_sem_gaussian/graphs/golden__v20_a30_g14.json,/home/mathis/Documents/Travail/cbnsl_benchmark/scaling/../scaling/results/2026-04-02_10h34_sem_gaussian/graphs/NOTEARS__v20_a30_g14_s500.json,,6.422239912004443,15.0,7.0,0.7843137254901961,0.912280701754386,0.8695652173913043,0.896551724137931
sem_gaussian,NOTEARS Disc.,"{""lambda1"": 0.1, ""w_threshold_notears"": 0.1, ""n_bins"": 4, ""discretization_method"": ""quantile""}",20,30,500,14,/home/mathis/Documents/Travail/cbnsl_benchmark/scaling/../scaling/results/2026-04-02_10h34_sem_gaussian/graphs/golden__v20_a30_g14.json,/home/mathis/Documents/Travail/cbnsl_benchmark/scaling/../scaling/results/2026-04-02_10h34_sem_gaussian/graphs/NOTEARS Disc.__v20_a30_g14_s500.json,,8.722960038983729,9.0,7.0,0.6808510638297872,0.912280701754386,0.8421052631578947,0.896551724137931
sem_gaussian,LiNGAM,"{""threshold_lingam"": 0.1}",20,30,500,14,/home/mathis/Documents/Travail/cbnsl_benchmark/scaling/../scaling/results/2026-04-02_10h34_sem_gaussian/graphs/golden__v20_a30_g14.json,/home/mathis/Documents/Travail/cbnsl_benchmark/scaling/../scaling/results/2026-04-02_10h34_sem_gaussian/graphs/LiNGAM__v20_a30_g14_s500.json,,1.500023669010261,49.0,45.0,0.27272727272727276,0.6588235294117647,0.9,0.9655172413793104
sem_gaussian,CPC,"{""alpha"": 0.05, ""max_conditioning_set_size"": 3}",20,30,1000,14,/home/mathis/Documents/Travail/cbnsl_benchmark/scaling/../scaling/results/2026-04-02_10h34_sem_gaussian/graphs/golden__v20_a30_g14.json,/home/mathis/Documents/Travail/cbnsl_benchmark/scaling/../scaling/results/2026-04-02_10h34_sem_gaussian/graphs/CPC__v20_a30_g14_s1000.json,,2.318259029008914,25.0,25.0,0.12903225806451615,0.7391304347826086,0.14285714285714285,0.5862068965517241
sem_gaussian,CMIIC,"{""alpha"": 0.05}",20,30,1000,14,/home/mathis/Documents/Travail/cbnsl_benchmark/scaling/../scaling/results/2026-04-02_10h34_sem_gaussian/graphs/golden__v20_a30_g14.json,/home/mathis/Documents/Travail/cbnsl_benchmark/scaling/../scaling/results/2026-04-02_10h34_sem_gaussian/graphs/CMIIC__v20_a30_g14_s1000.json,,6.0077247970039025,18.0,20.0,0.5,0.8461538461538461,0.5882352941176471,0.7586206896551724
sem_gaussian,MIIC,"{""n_bins"": 4, ""discretization_method"": ""quantile""}",20,30,1000,14,/home/mathis/Documents/Travail/cbnsl_benchmark/scaling/../scaling/results/2026-04-02_10h34_sem_gaussian/graphs/golden__v20_a30_g14.json,/home/mathis/Documents/Travail/cbnsl_benchmark/scaling/../scaling/results/2026-04-02_10h34_sem_gaussian/graphs/MIIC__v20_a30_g14_s1000.json,,0.13379995297873393,22.0,22.0,0.12500000000000003,0.823529411764706,0.2,0.7241379310344828
sem_gaussian,GHC+BDeu,"{""n_bins"": 4, ""discretization_method"": ""quantile""}",20,30,1000,14,/home/mathis/Documents/Travail/cbnsl_benchmark/scaling/../scaling/results/2026-04-02_10h34_sem_gaussian/graphs/golden__v20_a30_g14.json,/home/mathis/Documents/Travail/cbnsl_benchmark/scaling/../scaling/results/2026-04-02_10h34_sem_gaussian/graphs/GHC+BDeu__v20_a30_g14_s1000.json,,0.10770295999827795,21.0,25.0,0.12903225806451615,0.7916666666666666,0.16666666666666666,0.6551724137931034
sem_gaussian,NOTEARS,"{""lambda1"": 0.0, ""w_threshold_notears"": 0.3}",20,30,1000,14,/home/mathis/Documents/Travail/cbnsl_benchmark/scaling/../scaling/results/2026-04-02_10h34_sem_gaussian/graphs/golden__v20_a30_g14.json,/home/mathis/Documents/Travail/cbnsl_benchmark/scaling/../scaling/results/2026-04-02_10h34_sem_gaussian/graphs/NOTEARS__v20_a30_g14_s1000.json,,11.465210074005881,12.0,6.0,0.7692307692307692,0.9152542372881356,0.9090909090909091,0.9310344827586207
sem_gaussian,NOTEARS Disc.,"{""lambda1"": 0.1, ""w_threshold_notears"": 0.1, ""n_bins"": 4, ""discretization_method"": ""quantile""}",20,30,1000,14,/home/mathis/Documents/Travail/cbnsl_benchmark/scaling/../scaling/results/2026-04-02_10h34_sem_gaussian/graphs/golden__v20_a30_g14.json,,[pyAgrum] Directed cycle detected: Add a directed cycle in a dag !,,,,,,,
sem_gaussian,LiNGAM,"{""threshold_lingam"": 0.1}",20,30,1000,14,/home/mathis/Documents/Travail/cbnsl_benchmark/scaling/../scaling/results/2026-04-02_10h34_sem_gaussian/graphs/golden__v20_a30_g14.json,/home/mathis/Documents/Travail/cbnsl_benchmark/scaling/../scaling/results/2026-04-02_10h34_sem_gaussian/graphs/LiNGAM__v20_a30_g14_s1000.json,,1.7290850759891327,45.0,42.0,0.3142857142857142,0.627906976744186,0.8461538461538461,0.9310344827586207
sem_gaussian,CPC,"{""alpha"": 0.05, ""max_conditioning_set_size"": 3}",20,30,3000,14,/home/mathis/Documents/Travail/cbnsl_benchmark/scaling/../scaling/results/2026-04-02_10h34_sem_gaussian/graphs/golden__v20_a30_g14.json,/home/mathis/Documents/Travail/cbnsl_benchmark/scaling/../scaling/results/2026-04-02_10h34_sem_gaussian/graphs/CPC__v20_a30_g14_s3000.json,,26.132652898988454,21.0,22.0,0.45,0.851851851851852,0.6,0.7931034482758621
sem_gaussian,CMIIC,"{""alpha"": 0.05}",20,30,3000,14,/home/mathis/Documents/Travail/cbnsl_benchmark/scaling/../scaling/results/2026-04-02_10h34_sem_gaussian/graphs/golden__v20_a30_g14.json,/home/mathis/Documents/Travail/cbnsl_benchmark/scaling/../scaling/results/2026-04-02_10h34_sem_gaussian/graphs/CMIIC__v20_a30_g14_s3000.json,,47.65835469501326,23.0,24.0,0.18181818181818182,0.7999999999999999,0.25,0.6896551724137931
sem_gaussian,MIIC,"{""n_bins"": 4, ""discretization_method"": ""quantile""}",20,30,3000,14,/home/mathis/Documents/Travail/cbnsl_benchmark/scaling/../scaling/results/2026-04-02_10h34_sem_gaussian/graphs/golden__v20_a30_g14.json,/home/mathis/Documents/Travail/cbnsl_benchmark/scaling/../scaling/results/2026-04-02_10h34_sem_gaussian/graphs/MIIC__v20_a30_g14_s3000.json,,0.5845796079956926,13.0,22.0,0.5714285714285715,0.8679245283018867,0.6666666666666666,0.7931034482758621
sem_gaussian,GHC+BDeu,"{""n_bins"": 4, ""discretization_method"": ""quantile""}",20,30,3000,14,/home/mathis/Documents/Travail/cbnsl_benchmark/scaling/../scaling/results/2026-04-02_10h34_sem_gaussian/graphs/golden__v20_a30_g14.json,/home/mathis/Documents/Travail/cbnsl_benchmark/scaling/../scaling/results/2026-04-02_10h34_sem_gaussian/graphs/GHC+BDeu__v20_a30_g14_s3000.json,,0.3595247069897596,18.0,23.0,0.6046511627906977,0.823529411764706,0.6190476190476191,0.7241379310344828
sem_gaussian,NOTEARS,"{""lambda1"": 0.0, ""w_threshold_notears"": 0.3}",20,30,3000,14,/home/mathis/Documents/Travail/cbnsl_benchmark/scaling/../scaling/results/2026-04-02_10h34_sem_gaussian/graphs/golden__v20_a30_g14.json,/home/mathis/Documents/Travail/cbnsl_benchmark/scaling/../scaling/results/2026-04-02_10h34_sem_gaussian/graphs/NOTEARS__v20_a30_g14_s3000.json,,24.813770948007004,8.0,5.0,0.7916666666666666,0.9454545454545454,0.8636363636363636,0.896551724137931
sem_gaussian,NOTEARS Disc.,"{""lambda1"": 0.1, ""w_threshold_notears"": 0.1, ""n_bins"": 4, ""discretization_method"": ""quantile""}",20,30,3000,14,/home/mathis/Documents/Travail/cbnsl_benchmark/scaling/../scaling/results/2026-04-02_10h34_sem_gaussian/graphs/golden__v20_a30_g14.json,/home/mathis/Documents/Travail/cbnsl_benchmark/scaling/../scaling/results/2026-04-02_10h34_sem_gaussian/graphs/NOTEARS Disc.__v20_a30_g14_s3000.json,,27.084787617990514,19.0,20.0,0.5454545454545454,0.8771929824561403,0.75,0.8620689655172413
sem_gaussian,LiNGAM,"{""threshold_lingam"": 0.1}",20,30,3000,14,/home/mathis/Documents/Travail/cbnsl_benchmark/scaling/../scaling/results/2026-04-02_10h34_sem_gaussian/graphs/golden__v20_a30_g14.json,/home/mathis/Documents/Travail/cbnsl_benchmark/scaling/../scaling/results/2026-04-02_10h34_sem_gaussian/graphs/LiNGAM__v20_a30_g14_s3000.json,,3.426345467014471,39.0,39.0,0.42424242424242425,0.7160493827160493,1.0,1.0
sem_gaussian,CPC,"{""alpha"": 0.05, ""max_conditioning_set_size"": 3}",20,30,5000,14,/home/mathis/Documents/Travail/cbnsl_benchmark/scaling/../scaling/results/2026-04-02_10h34_sem_gaussian/graphs/golden__v20_a30_g14.json,/home/mathis/Documents/Travail/cbnsl_benchmark/scaling/../scaling/results/2026-04-02_10h34_sem_gaussian/graphs/CPC__v20_a30_g14_s5000.json,,105.5610156400071,22.0,20.0,0.41025641025641024,0.851851851851852,0.5714285714285714,0.7931034482758621
sem_gaussian,CMIIC,"{""alpha"": 0.05}",20,30,5000,14,/home/mathis/Documents/Travail/cbnsl_benchmark/scaling/../scaling/results/2026-04-02_10h34_sem_gaussian/graphs/golden__v20_a30_g14.json,/home/mathis/Documents/Travail/cbnsl_benchmark/scaling/../scaling/results/2026-04-02_10h34_sem_gaussian/graphs/CMIIC__v20_a30_g14_s5000.json,,141.48982182599138,19.0,24.0,0.4615384615384615,0.7999999999999999,0.5,0.6896551724137931
sem_gaussian,MIIC,"{""n_bins"": 4, ""discretization_method"": ""quantile""}",20,30,5000,14,/home/mathis/Documents/Travail/cbnsl_benchmark/scaling/../scaling/results/2026-04-02_10h34_sem_gaussian/graphs/golden__v20_a30_g14.json,/home/mathis/Documents/Travail/cbnsl_benchmark/scaling/../scaling/results/2026-04-02_10h34_sem_gaussian/graphs/MIIC__v20_a30_g14_s5000.json,,1.2579503410088364,12.0,19.0,0.6666666666666666,0.9090909090909091,0.7894736842105263,0.8620689655172413
sem_gaussian,GHC+BDeu,"{""n_bins"": 4, ""discretization_method"": ""quantile""}",20,30,5000,14,/home/mathis/Documents/Travail/cbnsl_benchmark/scaling/../scaling/results/2026-04-02_10h34_sem_gaussian/graphs/golden__v20_a30_g14.json,/home/mathis/Documents/Travail/cbnsl_benchmark/scaling/../scaling/results/2026-04-02_10h34_sem_gaussian/graphs/GHC+BDeu__v20_a30_g14_s5000.json,,0.7233922790037468,13.0,18.0,0.6808510638297872,0.8928571428571429,0.8,0.8620689655172413
sem_gaussian,NOTEARS,"{""lambda1"": 0.0, ""w_threshold_notears"": 0.3}",20,30,5000,14,/home/mathis/Documents/Travail/cbnsl_benchmark/scaling/../scaling/results/2026-04-02_10h34_sem_gaussian/graphs/golden__v20_a30_g14.json,/home/mathis/Documents/Travail/cbnsl_benchmark/scaling/../scaling/results/2026-04-02_10h34_sem_gaussian/graphs/NOTEARS__v20_a30_g14_s5000.json,,100.71817526200903,6.0,5.0,0.7391304347826089,0.9259259259259259,0.8095238095238095,0.8620689655172413
sem_gaussian,NOTEARS Disc.,"{""lambda1"": 0.1, ""w_threshold_notears"": 0.1, ""n_bins"": 4, ""discretization_method"": ""quantile""}",20,30,5000,14,/home/mathis/Documents/Travail/cbnsl_benchmark/scaling/../scaling/results/2026-04-02_10h34_sem_gaussian/graphs/golden__v20_a30_g14.json,/home/mathis/Documents/Travail/cbnsl_benchmark/scaling/../scaling/results/2026-04-02_10h34_sem_gaussian/graphs/NOTEARS Disc.__v20_a30_g14_s5000.json,,36.164425726019545,15.0,11.0,0.6799999999999999,0.9,0.8947368421052632,0.9310344827586207
sem_gaussian,LiNGAM,"{""threshold_lingam"": 0.1}",20,30,5000,14,/home/mathis/Documents/Travail/cbnsl_benchmark/scaling/../scaling/results/2026-04-02_10h34_sem_gaussian/graphs/golden__v20_a30_g14.json,/home/mathis/Documents/Travail/cbnsl_benchmark/scaling/../scaling/results/2026-04-02_10h34_sem_gaussian/graphs/LiNGAM__v20_a30_g14_s5000.json,,3.3617228329821955,55.0,45.0,0.27777777777777773,0.6222222222222222,0.9090909090909091,0.9655172413793104
sem_gaussian,CPC,"{""alpha"": 0.05, ""max_conditioning_set_size"": 3}",20,30,200,15,/home/mathis/Documents/Travail/cbnsl_benchmark/scaling/../scaling/results/2026-04-02_10h34_sem_gaussian/graphs/golden__v20_a30_g15.json,/home/mathis/Documents/Travail/cbnsl_benchmark/scaling/../scaling/results/2026-04-02_10h34_sem_gaussian/graphs/CPC__v20_a30_g15_s200.json,,0.06757366401143372,27.0,21.0,0.3783783783783784,0.6363636363636364,0.30434782608695654,0.4666666666666667
sem_gaussian,CMIIC,"{""alpha"": 0.05}",20,30,200,15,/home/mathis/Documents/Travail/cbnsl_benchmark/scaling/../scaling/results/2026-04-02_10h34_sem_gaussian/graphs/golden__v20_a30_g15.json,/home/mathis/Documents/Travail/cbnsl_benchmark/scaling/../scaling/results/2026-04-02_10h34_sem_gaussian/graphs/CMIIC__v20_a30_g15_s200.json,,0.34021349597605877,20.0,22.0,0.5,0.9090909090909091,0.6666666666666666,0.8333333333333334
sem_gaussian,MIIC,"{""n_bins"": 4, ""discretization_method"": ""quantile""}",20,30,200,15,/home/mathis/Documents/Travail/cbnsl_benchmark/scaling/../scaling/results/2026-04-02_10h34_sem_gaussian/graphs/golden__v20_a30_g15.json,/home/mathis/Documents/Travail/cbnsl_benchmark/scaling/../scaling/results/2026-04-02_10h34_sem_gaussian/graphs/MIIC__v20_a30_g15_s200.json,,0.04523022301145829,28.0,21.0,0.0,0.6521739130434783,0.0,0.5
sem_gaussian,GHC+BDeu,"{""n_bins"": 4, ""discretization_method"": ""quantile""}",20,30,200,15,/home/mathis/Documents/Travail/cbnsl_benchmark/scaling/../scaling/results/2026-04-02_10h34_sem_gaussian/graphs/golden__v20_a30_g15.json,/home/mathis/Documents/Travail/cbnsl_benchmark/scaling/../scaling/results/2026-04-02_10h34_sem_gaussian/graphs/GHC+BDeu__v20_a30_g15_s200.json,,0.04723936499794945,30.0,29.0,0.0,0.32432432432432434,0.0,0.2
sem_gaussian,NOTEARS,"{""lambda1"": 0.0, ""w_threshold_notears"": 0.3}",20,30,200,15,/home/mathis/Documents/Travail/cbnsl_benchmark/scaling/../scaling/results/2026-04-02_10h34_sem_gaussian/graphs/golden__v20_a30_g15.json,/home/mathis/Documents/Travail/cbnsl_benchmark/scaling/../scaling/results/2026-04-02_10h34_sem_gaussian/graphs/NOTEARS__v20_a30_g15_s200.json,,19.361489533999702,6.0,23.0,0.8,0.9655172413793104,0.9090909090909091,0.9333333333333333
sem_gaussian,NOTEARS Disc.,"{""lambda1"": 0.1, ""w_threshold_notears"": 0.1, ""n_bins"": 4, ""discretization_method"": ""quantile""}",20,30,200,15,/home/mathis/Documents/Travail/cbnsl_benchmark/scaling/../scaling/results/2026-04-02_10h34_sem_gaussian/graphs/golden__v20_a30_g15.json,/home/mathis/Documents/Travail/cbnsl_benchmark/scaling/../scaling/results/2026-04-02_10h34_sem_gaussian/graphs/NOTEARS Disc.__v20_a30_g15_s200.json,,2.7360711180081125,13.0,15.0,0.7407407407407407,0.9375,1.0,1.0
sem_gaussian,LiNGAM,"{""threshold_lingam"": 0.1}",20,30,200,15,/home/mathis/Documents/Travail/cbnsl_benchmark/scaling/../scaling/results/2026-04-02_10h34_sem_gaussian/graphs/golden__v20_a30_g15.json,/home/mathis/Documents/Travail/cbnsl_benchmark/scaling/../scaling/results/2026-04-02_10h34_sem_gaussian/graphs/LiNGAM__v20_a30_g15_s200.json,,1.1991636419843417,53.0,51.0,0.33766233766233766,0.6382978723404256,1.0,1.0
sem_gaussian,CPC,"{""alpha"": 0.05, ""max_conditioning_set_size"": 3}",20,30,500,15,/home/mathis/Documents/Travail/cbnsl_benchmark/scaling/../scaling/results/2026-04-02_10h34_sem_gaussian/graphs/golden__v20_a30_g15.json,/home/mathis/Documents/Travail/cbnsl_benchmark/scaling/../scaling/results/2026-04-02_10h34_sem_gaussian/graphs/CPC__v20_a30_g15_s500.json,,0.46696878800867125,27.0,24.0,0.2352941176470588,0.5365853658536585,0.17391304347826086,0.36666666666666664
sem_gaussian,CMIIC,"{""alpha"": 0.05}",20,30,500,15,/home/mathis/Documents/Travail/cbnsl_benchmark/scaling/../scaling/results/2026-04-02_10h34_sem_gaussian/graphs/golden__v20_a30_g15.json,/home/mathis/Documents/Travail/cbnsl_benchmark/scaling/../scaling/results/2026-04-02_10h34_sem_gaussian/graphs/CMIIC__v20_a30_g15_s500.json,,1.6362072250049096,15.0,15.0,0.7234042553191491,0.846153846153846,0.68,0.7333333333333333
sem_gaussian,MIIC,"{""n_bins"": 4, ""discretization_method"": ""quantile""}",20,30,500,15,/home/mathis/Documents/Travail/cbnsl_benchmark/scaling/../scaling/results/2026-04-02_10h34_sem_gaussian/graphs/golden__v20_a30_g15.json,/home/mathis/Documents/Travail/cbnsl_benchmark/scaling/../scaling/results/2026-04-02_10h34_sem_gaussian/graphs/MIIC__v20_a30_g15_s500.json,,0.06707818899303675,23.0,22.0,0.0,0.846153846153846,0.0,0.7333333333333333
sem_gaussian,GHC+BDeu,"{""n_bins"": 4, ""discretization_method"": ""quantile""}",20,30,500,15,/home/mathis/Documents/Travail/cbnsl_benchmark/scaling/../scaling/results/2026-04-02_10h34_sem_gaussian/graphs/golden__v20_a30_g15.json,/home/mathis/Documents/Travail/cbnsl_benchmark/scaling/../scaling/results/2026-04-02_10h34_sem_gaussian/graphs/GHC+BDeu__v20_a30_g15_s500.json,,0.058891154010780156,27.0,23.0,0.0,0.6666666666666666,0.0,0.5
sem_gaussian,NOTEARS,"{""lambda1"": 0.0, ""w_threshold_notears"": 0.3}",20,30,500,15,/home/mathis/Documents/Travail/cbnsl_benchmark/scaling/../scaling/results/2026-04-02_10h34_sem_gaussian/graphs/golden__v20_a30_g15.json,/home/mathis/Documents/Travail/cbnsl_benchmark/scaling/../scaling/results/2026-04-02_10h34_sem_gaussian/graphs/NOTEARS__v20_a30_g15_s500.json,,7.327136933017755,7.0,24.0,0.7843137254901961,0.9491525423728815,0.9090909090909091,0.9333333333333333
sem_gaussian,NOTEARS Disc.,"{""lambda1"": 0.1, ""w_threshold_notears"": 0.1, ""n_bins"": 4, ""discretization_method"": ""quantile""}",20,30,500,15,/home/mathis/Documents/Travail/cbnsl_benchmark/scaling/../scaling/results/2026-04-02_10h34_sem_gaussian/graphs/golden__v20_a30_g15.json,,[pyAgrum] Directed cycle detected: Add a directed cycle in a dag !,,,,,,,
sem_gaussian,LiNGAM,"{""threshold_lingam"": 0.1}",20,30,500,15,/home/mathis/Documents/Travail/cbnsl_benchmark/scaling/../scaling/results/2026-04-02_10h34_sem_gaussian/graphs/golden__v20_a30_g15.json,/home/mathis/Documents/Travail/cbnsl_benchmark/scaling/../scaling/results/2026-04-02_10h34_sem_gaussian/graphs/LiNGAM__v20_a30_g15_s500.json,,1.2795743999886326,39.0,36.0,0.44776119402985076,0.7317073170731707,1.0,1.0
sem_gaussian,CPC,"{""alpha"": 0.05, ""max_conditioning_set_size"": 3}",20,30,1000,15,/home/mathis/Documents/Travail/cbnsl_benchmark/scaling/../scaling/results/2026-04-02_10h34_sem_gaussian/graphs/golden__v20_a30_g15.json,/home/mathis/Documents/Travail/cbnsl_benchmark/scaling/../scaling/results/2026-04-02_10h34_sem_gaussian/graphs/CPC__v20_a30_g15_s1000.json,,2.195202923991019,26.0,17.0,0.3333333333333333,0.8235294117647058,0.4,0.7
sem_gaussian,CMIIC,"{""alpha"": 0.05}",20,30,1000,15,/home/mathis/Documents/Travail/cbnsl_benchmark/scaling/../scaling/results/2026-04-02_10h34_sem_gaussian/graphs/golden__v20_a30_g15.json,/home/mathis/Documents/Travail/cbnsl_benchmark/scaling/../scaling/results/2026-04-02_10h34_sem_gaussian/graphs/CMIIC__v20_a30_g15_s1000.json,,6.097425171989016,21.0,20.0,0.5238095238095238,0.8301886792452831,0.5789473684210527,0.7333333333333333
sem_gaussian,MIIC,"{""n_bins"": 4, ""discretization_method"": ""quantile""}",20,30,1000,15,/home/mathis/Documents/Travail/cbnsl_benchmark/scaling/../scaling/results/2026-04-02_10h34_sem_gaussian/graphs/golden__v20_a30_g15.json,/home/mathis/Documents/Travail/cbnsl_benchmark/scaling/../scaling/results/2026-04-02_10h34_sem_gaussian/graphs/MIIC__v20_a30_g15_s1000.json,,0.12044822899042629,29.0,15.0,0.0,0.846153846153846,0.0,0.7333333333333333
sem_gaussian,GHC+BDeu,"{""n_bins"": 4, ""discretization_method"": ""quantile""}",20,30,1000,15,/home/mathis/Documents/Travail/cbnsl_benchmark/scaling/../scaling/results/2026-04-02_10h34_sem_gaussian/graphs/golden__v20_a30_g15.json,/home/mathis/Documents/Travail/cbnsl_benchmark/scaling/../scaling/results/2026-04-02_10h34_sem_gaussian/graphs/GHC+BDeu__v20_a30_g15_s1000.json,,0.10004877400933765,27.0,21.0,0.0,0.7234042553191489,0.0,0.5666666666666667
sem_gaussian,NOTEARS,"{""lambda1"": 0.0, ""w_threshold_notears"": 0.3}",20,30,1000,15,/home/mathis/Documents/Travail/cbnsl_benchmark/scaling/../scaling/results/2026-04-02_10h34_sem_gaussian/graphs/golden__v20_a30_g15.json,/home/mathis/Documents/Travail/cbnsl_benchmark/scaling/../scaling/results/2026-04-02_10h34_sem_gaussian/graphs/NOTEARS__v20_a30_g15_s1000.json,,12.688904432987329,6.0,23.0,0.7999999999999999,0.983050847457627,0.9523809523809523,0.9666666666666667
sem_gaussian,NOTEARS Disc.,"{""lambda1"": 0.1, ""w_threshold_notears"": 0.1, ""n_bins"": 4, ""discretization_method"": ""quantile""}",20,30,1000,15,/home/mathis/Documents/Travail/cbnsl_benchmark/scaling/../scaling/results/2026-04-02_10h34_sem_gaussian/graphs/golden__v20_a30_g15.json,/home/mathis/Documents/Travail/cbnsl_benchmark/scaling/../scaling/results/2026-04-02_10h34_sem_gaussian/graphs/NOTEARS Disc.__v20_a30_g15_s1000.json,,11.580276955995942,8.0,24.0,0.8076923076923077,0.9836065573770492,1.0,1.0
sem_gaussian,LiNGAM,"{""threshold_lingam"": 0.1}",20,30,1000,15,/home/mathis/Documents/Travail/cbnsl_benchmark/scaling/../scaling/results/2026-04-02_10h34_sem_gaussian/graphs/golden__v20_a30_g15.json,/home/mathis/Documents/Travail/cbnsl_benchmark/scaling/../scaling/results/2026-04-02_10h34_sem_gaussian/graphs/LiNGAM__v20_a30_g15_s1000.json,,1.4966545899806079,43.0,45.0,0.37681159420289856,0.6976744186046512,1.0,1.0
sem_gaussian,CPC,"{""alpha"": 0.05, ""max_conditioning_set_size"": 3}",20,30,3000,15,/home/mathis/Documents/Travail/cbnsl_benchmark/scaling/../scaling/results/2026-04-02_10h34_sem_gaussian/graphs/golden__v20_a30_g15.json,/home/mathis/Documents/Travail/cbnsl_benchmark/scaling/../scaling/results/2026-04-02_10h34_sem_gaussian/graphs/CPC__v20_a30_g15_s3000.json,,25.831069985986687,23.0,21.0,0.46153846153846156,0.9473684210526316,0.75,0.9
sem_gaussian,CMIIC,"{""alpha"": 0.05}",20,30,3000,15,/home/mathis/Documents/Travail/cbnsl_benchmark/scaling/../scaling/results/2026-04-02_10h34_sem_gaussian/graphs/golden__v20_a30_g15.json,/home/mathis/Documents/Travail/cbnsl_benchmark/scaling/../scaling/results/2026-04-02_10h34_sem_gaussian/graphs/CMIIC__v20_a30_g15_s3000.json,,57.71756185599952,15.0,21.0,0.6521739130434783,0.8076923076923077,0.625,0.7
sem_gaussian,MIIC,"{""n_bins"": 4, ""discretization_method"": ""quantile""}",20,30,3000,15,/home/mathis/Documents/Travail/cbnsl_benchmark/scaling/../scaling/results/2026-04-02_10h34_sem_gaussian/graphs/golden__v20_a30_g15.json,/home/mathis/Documents/Travail/cbnsl_benchmark/scaling/../scaling/results/2026-04-02_10h34_sem_gaussian/graphs/MIIC__v20_a30_g15_s3000.json,,1.177472558018053,16.0,24.0,0.6521739130434783,0.8928571428571429,0.75,0.8333333333333334
sem_gaussian,GHC+BDeu,"{""n_bins"": 4, ""discretization_method"": ""quantile""}",20,30,3000,15,/home/mathis/Documents/Travail/cbnsl_benchmark/scaling/../scaling/results/2026-04-02_10h34_sem_gaussian/graphs/golden__v20_a30_g15.json,/home/mathis/Documents/Travail/cbnsl_benchmark/scaling/../scaling/results/2026-04-02_10h34_sem_gaussian/graphs/GHC+BDeu__v20_a30_g15_s3000.json,,0.5668404780153651,14.0,24.0,0.6046511627906976,0.888888888888889,0.6842105263157895,0.8
sem_gaussian,NOTEARS,"{""lambda1"": 0.0, ""w_threshold_notears"": 0.3}",20,30,3000,15,/home/mathis/Documents/Travail/cbnsl_benchmark/scaling/../scaling/results/2026-04-02_10h34_sem_gaussian/graphs/golden__v20_a30_g15.json,/home/mathis/Documents/Travail/cbnsl_benchmark/scaling/../scaling/results/2026-04-02_10h34_sem_gaussian/graphs/NOTEARS__v20_a30_g15_s3000.json,,29.565049021010054,5.0,19.0,0.823529411764706,0.983050847457627,0.9545454545454546,0.9666666666666667
sem_gaussian,NOTEARS Disc.,"{""lambda1"": 0.1, ""w_threshold_notears"": 0.1, ""n_bins"": 4, ""discretization_method"": ""quantile""}",20,30,3000,15,/home/mathis/Documents/Travail/cbnsl_benchmark/scaling/../scaling/results/2026-04-02_10h34_sem_gaussian/graphs/golden__v20_a30_g15.json,,[pyAgrum] Directed cycle detected: Add a directed cycle in a dag !,,,,,,,
sem_gaussian,LiNGAM,"{""threshold_lingam"": 0.1}",20,30,3000,15,/home/mathis/Documents/Travail/cbnsl_benchmark/scaling/../scaling/results/2026-04-02_10h34_sem_gaussian/graphs/golden__v20_a30_g15.json,/home/mathis/Documents/Travail/cbnsl_benchmark/scaling/../scaling/results/2026-04-02_10h34_sem_gaussian/graphs/LiNGAM__v20_a30_g15_s3000.json,,2.7606975939997938,36.0,45.0,0.4788732394366197,0.6987951807228916,0.9444444444444444,0.9666666666666667
sem_gaussian,CPC,"{""alpha"": 0.05, ""max_conditioning_set_size"": 3}",20,30,5000,15,/home/mathis/Documents/Travail/cbnsl_benchmark/scaling/../scaling/results/2026-04-02_10h34_sem_gaussian/graphs/golden__v20_a30_g15.json,/home/mathis/Documents/Travail/cbnsl_benchmark/scaling/../scaling/results/2026-04-02_10h34_sem_gaussian/graphs/CPC__v20_a30_g15_s5000.json,,97.76103282798431,14.0,19.0,0.6666666666666667,0.9473684210526316,0.8333333333333334,0.9
sem_gaussian,CMIIC,"{""alpha"": 0.05}",20,30,5000,15,/home/mathis/Documents/Travail/cbnsl_benchmark/scaling/../scaling/results/2026-04-02_10h34_sem_gaussian/graphs/golden__v20_a30_g15.json,/home/mathis/Documents/Travail/cbnsl_benchmark/scaling/../scaling/results/2026-04-02_10h34_sem_gaussian/graphs/CMIIC__v20_a30_g15_s5000.json,,214.4431199459941,14.0,26.0,0.6808510638297872,0.8518518518518519,0.6956521739130435,0.7666666666666667
sem_gaussian,MIIC,"{""n_bins"": 4, ""discretization_method"": ""quantile""}",20,30,5000,15,/home/mathis/Documents/Travail/cbnsl_benchmark/scaling/../scaling/results/2026-04-02_10h34_sem_gaussian/graphs/golden__v20_a30_g15.json,/home/mathis/Documents/Travail/cbnsl_benchmark/scaling/../scaling/results/2026-04-02_10h34_sem_gaussian/graphs/MIIC__v20_a30_g15_s5000.json,,2.591564952977933,11.0,16.0,0.7346938775510203,0.912280701754386,0.8181818181818182,0.8666666666666667
sem_gaussian,GHC+BDeu,"{""n_bins"": 4, ""discretization_method"": ""quantile""}",20,30,5000,15,/home/mathis/Documents/Travail/cbnsl_benchmark/scaling/../scaling/results/2026-04-02_10h34_sem_gaussian/graphs/golden__v20_a30_g15.json,/home/mathis/Documents/Travail/cbnsl_benchmark/scaling/../scaling/results/2026-04-02_10h34_sem_gaussian/graphs/GHC+BDeu__v20_a30_g15_s5000.json,,1.4281183289713226,18.0,28.0,0.5238095238095238,0.8928571428571429,0.6875,0.8333333333333334
sem_gaussian,NOTEARS,"{""lambda1"": 0.0, ""w_threshold_notears"": 0.3}",20,30,5000,15,/home/mathis/Documents/Travail/cbnsl_benchmark/scaling/../scaling/results/2026-04-02_10h34_sem_gaussian/graphs/golden__v20_a30_g15.json,/home/mathis/Documents/Travail/cbnsl_benchmark/scaling/../scaling/results/2026-04-02_10h34_sem_gaussian/graphs/NOTEARS__v20_a30_g15_s5000.json,,306.37453590900986,3.0,19.0,0.8679245283018867,0.983050847457627,0.9583333333333334,0.9666666666666667
sem_gaussian,NOTEARS Disc.,"{""lambda1"": 0.1, ""w_threshold_notears"": 0.1, ""n_bins"": 4, ""discretization_method"": ""quantile""}",20,30,5000,15,/home/mathis/Documents/Travail/cbnsl_benchmark/scaling/../scaling/results/2026-04-02_10h34_sem_gaussian/graphs/golden__v20_a30_g15.json,/home/mathis/Documents/Travail/cbnsl_benchmark/scaling/../scaling/results/2026-04-02_10h34_sem_gaussian/graphs/NOTEARS Disc.__v20_a30_g15_s5000.json,,225.92040716198971,11.0,24.0,0.7346938775510204,0.9666666666666667,0.9473684210526315,0.9666666666666667
sem_gaussian,LiNGAM,"{""threshold_lingam"": 0.1}",20,30,5000,15,/home/mathis/Documents/Travail/cbnsl_benchmark/scaling/../scaling/results/2026-04-02_10h34_sem_gaussian/graphs/golden__v20_a30_g15.json,/home/mathis/Documents/Travail/cbnsl_benchmark/scaling/../scaling/results/2026-04-02_10h34_sem_gaussian/graphs/LiNGAM__v20_a30_g15_s5000.json,,8.939942113996949,55.0,53.0,0.3500000000000001,0.6105263157894737,0.9333333333333333,0.9666666666666667
sem_gaussian,CPC,"{""alpha"": 0.05, ""max_conditioning_set_size"": 3}",20,30,200,16,/home/mathis/Documents/Travail/cbnsl_benchmark/scaling/../scaling/results/2026-04-02_10h34_sem_gaussian/graphs/golden__v20_a30_g16.json,/home/mathis/Documents/Travail/cbnsl_benchmark/scaling/../scaling/results/2026-04-02_10h34_sem_gaussian/graphs/CPC__v20_a30_g16_s200.json,,0.3894802769937087,26.0,25.0,0.23529411764705882,0.6363636363636364,0.2,0.4666666666666667
sem_gaussian,CMIIC,"{""alpha"": 0.05}",20,30,200,16,/home/mathis/Documents/Travail/cbnsl_benchmark/scaling/../scaling/results/2026-04-02_10h34_sem_gaussian/graphs/golden__v20_a30_g16.json,/home/mathis/Documents/Travail/cbnsl_benchmark/scaling/../scaling/results/2026-04-02_10h34_sem_gaussian/graphs/CMIIC__v20_a30_g16_s200.json,,1.837106199003756,21.0,18.0,0.5365853658536585,0.888888888888889,0.6470588235294118,0.8
sem_gaussian,MIIC,"{""n_bins"": 4, ""discretization_method"": ""quantile""}",20,30,200,16,/home/mathis/Documents/Travail/cbnsl_benchmark/scaling/../scaling/results/2026-04-02_10h34_sem_gaussian/graphs/golden__v20_a30_g16.json,/home/mathis/Documents/Travail/cbnsl_benchmark/scaling/../scaling/results/2026-04-02_10h34_sem_gaussian/graphs/MIIC__v20_a30_g16_s200.json,,0.11288738099392503,24.0,20.0,0.0,0.7755102040816326,0.0,0.6333333333333333
sem_gaussian,GHC+BDeu,"{""n_bins"": 4, ""discretization_method"": ""quantile""}",20,30,200,16,/home/mathis/Documents/Travail/cbnsl_benchmark/scaling/../scaling/results/2026-04-02_10h34_sem_gaussian/graphs/golden__v20_a30_g16.json,/home/mathis/Documents/Travail/cbnsl_benchmark/scaling/../scaling/results/2026-04-02_10h34_sem_gaussian/graphs/GHC+BDeu__v20_a30_g16_s200.json,,0.13129640597617254,25.0,24.0,0.0,0.6046511627906976,0.0,0.43333333333333335
sem_gaussian,NOTEARS,"{""lambda1"": 0.0, ""w_threshold_notears"": 0.3}",20,30,200,16,/home/mathis/Documents/Travail/cbnsl_benchmark/scaling/../scaling/results/2026-04-02_10h34_sem_gaussian/graphs/golden__v20_a30_g16.json,/home/mathis/Documents/Travail/cbnsl_benchmark/scaling/../scaling/results/2026-04-02_10h34_sem_gaussian/graphs/NOTEARS__v20_a30_g16_s200.json,,88.95296998100821,12.0,23.0,0.7719298245614035,0.923076923076923,1.0,1.0
sem_gaussian,NOTEARS Disc.,"{""lambda1"": 0.1, ""w_threshold_notears"": 0.1, ""n_bins"": 4, ""discretization_method"": ""quantile""}",20,30,200,16,/home/mathis/Documents/Travail/cbnsl_benchmark/scaling/../scaling/results/2026-04-02_10h34_sem_gaussian/graphs/golden__v20_a30_g16.json,,[pyAgrum] Directed cycle detected: Add a directed cycle in a dag !,,,,,,,
sem_gaussian,LiNGAM,"{""threshold_lingam"": 0.1}",20,30,200,16,/home/mathis/Documents/Travail/cbnsl_benchmark/scaling/../scaling/results/2026-04-02_10h34_sem_gaussian/graphs/golden__v20_a30_g16.json,/home/mathis/Documents/Travail/cbnsl_benchmark/scaling/../scaling/results/2026-04-02_10h34_sem_gaussian/graphs/LiNGAM__v20_a30_g16_s200.json,,1.1977919969940558,42.0,41.0,0.3880597014925373,0.7142857142857143,1.0,1.0
sem_gaussian,CPC,"{""alpha"": 0.05, ""max_conditioning_set_size"": 3}",20,30,500,16,/home/mathis/Documents/Travail/cbnsl_benchmark/scaling/../scaling/results/2026-04-02_10h34_sem_gaussian/graphs/golden__v20_a30_g16.json,/home/mathis/Documents/Travail/cbnsl_benchmark/scaling/../scaling/results/2026-04-02_10h34_sem_gaussian/graphs/CPC__v20_a30_g16_s500.json,,0.5103130989882629,29.0,24.0,0.0,0.5,0.0,0.3333333333333333
sem_gaussian,CMIIC,"{""alpha"": 0.05}",20,30,500,16,/home/mathis/Documents/Travail/cbnsl_benchmark/scaling/../scaling/results/2026-04-02_10h34_sem_gaussian/graphs/golden__v20_a30_g16.json,/home/mathis/Documents/Travail/cbnsl_benchmark/scaling/../scaling/results/2026-04-02_10h34_sem_gaussian/graphs/CMIIC__v20_a30_g16_s500.json,,1.903599021025002,21.0,18.0,0.5365853658536585,0.888888888888889,0.6470588235294118,0.8
sem_gaussian,MIIC,"{""n_bins"": 4, ""discretization_method"": ""quantile""}",20,30,500,16,/home/mathis/Documents/Travail/cbnsl_benchmark/scaling/../scaling/results/2026-04-02_10h34_sem_gaussian/graphs/golden__v20_a30_g16.json,/home/mathis/Documents/Travail/cbnsl_benchmark/scaling/../scaling/results/2026-04-02_10h34_sem_gaussian/graphs/MIIC__v20_a30_g16_s500.json,,0.08215970802120864,18.0,16.0,0.0,0.846153846153846,0.0,0.7333333333333333
sem_gaussian,GHC+BDeu,"{""n_bins"": 4, ""discretization_method"": ""quantile""}",20,30,500,16,/home/mathis/Documents/Travail/cbnsl_benchmark/scaling/../scaling/results/2026-04-02_10h34_sem_gaussian/graphs/golden__v20_a30_g16.json,/home/mathis/Documents/Travail/cbnsl_benchmark/scaling/../scaling/results/2026-04-02_10h34_sem_gaussian/graphs/GHC+BDeu__v20_a30_g16_s500.json,,0.06927888398058712,28.0,24.0,0.0,0.6666666666666667,0.0,0.5333333333333333
sem_gaussian,NOTEARS,"{""lambda1"": 0.0, ""w_threshold_notears"": 0.3}",20,30,500,16,/home/mathis/Documents/Travail/cbnsl_benchmark/scaling/../scaling/results/2026-04-02_10h34_sem_gaussian/graphs/golden__v20_a30_g16.json,/home/mathis/Documents/Travail/cbnsl_benchmark/scaling/../scaling/results/2026-04-02_10h34_sem_gaussian/graphs/NOTEARS__v20_a30_g16_s500.json,,6.873324879998108,14.0,24.0,0.6938775510204082,0.9508196721311476,0.9444444444444444,0.9666666666666667
sem_gaussian,NOTEARS Disc.,"{""lambda1"": 0.1, ""w_threshold_notears"": 0.1, ""n_bins"": 4, ""discretization_method"": ""quantile""}",20,30,500,16,/home/mathis/Documents/Travail/cbnsl_benchmark/scaling/../scaling/results/2026-04-02_10h34_sem_gaussian/graphs/golden__v20_a30_g16.json,/home/mathis/Documents/Travail/cbnsl_benchmark/scaling/../scaling/results/2026-04-02_10h34_sem_gaussian/graphs/NOTEARS Disc.__v20_a30_g16_s500.json,,24.66413786401972,22.0,18.0,0.45000000000000007,0.9310344827586207,0.75,0.9
sem_gaussian,LiNGAM,"{""threshold_lingam"": 0.1}",20,30,500,16,/home/mathis/Documents/Travail/cbnsl_benchmark/scaling/../scaling/results/2026-04-02_10h34_sem_gaussian/graphs/golden__v20_a30_g16.json,/home/mathis/Documents/Travail/cbnsl_benchmark/scaling/../scaling/results/2026-04-02_10h34_sem_gaussian/graphs/LiNGAM__v20_a30_g16_s500.json,,1.363283477985533,44.0,45.0,0.4675324675324675,0.6741573033707865,1.0,1.0
sem_gaussian,CPC,"{""alpha"": 0.05, ""max_conditioning_set_size"": 3}",20,30,1000,16,/home/mathis/Documents/Travail/cbnsl_benchmark/scaling/../scaling/results/2026-04-02_10h34_sem_gaussian/graphs/golden__v20_a30_g16.json,/home/mathis/Documents/Travail/cbnsl_benchmark/scaling/../scaling/results/2026-04-02_10h34_sem_gaussian/graphs/CPC__v20_a30_g16_s1000.json,,2.6497105699963868,25.0,23.0,0.37837837837837834,0.8,0.4117647058823529,0.6666666666666666
sem_gaussian,CMIIC,"{""alpha"": 0.05}",20,30,1000,16,/home/mathis/Documents/Travail/cbnsl_benchmark/scaling/../scaling/results/2026-04-02_10h34_sem_gaussian/graphs/golden__v20_a30_g16.json,/home/mathis/Documents/Travail/cbnsl_benchmark/scaling/../scaling/results/2026-04-02_10h34_sem_gaussian/graphs/CMIIC__v20_a30_g16_s1000.json,,7.176205947995186,18.0,18.0,0.5,0.8679245283018869,0.5882352941176471,0.7666666666666667
sem_gaussian,MIIC,"{""n_bins"": 4, ""discretization_method"": ""quantile""}",20,30,1000,16,/home/mathis/Documents/Travail/cbnsl_benchmark/scaling/../scaling/results/2026-04-02_10h34_sem_gaussian/graphs/golden__v20_a30_g16.json,/home/mathis/Documents/Travail/cbnsl_benchmark/scaling/../scaling/results/2026-04-02_10h34_sem_gaussian/graphs/MIIC__v20_a30_g16_s1000.json,,0.16615909300162457,22.0,19.0,0.0,0.888888888888889,0.0,0.8
sem_gaussian,GHC+BDeu,"{""n_bins"": 4, ""discretization_method"": ""quantile""}",20,30,1000,16,/home/mathis/Documents/Travail/cbnsl_benchmark/scaling/../scaling/results/2026-04-02_10h34_sem_gaussian/graphs/golden__v20_a30_g16.json,/home/mathis/Documents/Travail/cbnsl_benchmark/scaling/../scaling/results/2026-04-02_10h34_sem_gaussian/graphs/GHC+BDeu__v20_a30_g16_s1000.json,,0.13515998001093976,31.0,28.0,0.0,0.5714285714285714,0.0,0.4666666666666667
sem_gaussian,NOTEARS,"{""lambda1"": 0.0, ""w_threshold_notears"": 0.3}",20,30,1000,16,/home/mathis/Documents/Travail/cbnsl_benchmark/scaling/../scaling/results/2026-04-02_10h34_sem_gaussian/graphs/golden__v20_a30_g16.json,/home/mathis/Documents/Travail/cbnsl_benchmark/scaling/../scaling/results/2026-04-02_10h34_sem_gaussian/graphs/NOTEARS__v20_a30_g16_s1000.json,,15.41305375599768,14.0,24.0,0.6938775510204082,0.9508196721311476,0.9444444444444444,0.9666666666666667
sem_gaussian,NOTEARS Disc.,"{""lambda1"": 0.1, ""w_threshold_notears"": 0.1, ""n_bins"": 4, ""discretization_method"": ""quantile""}",20,30,1000,16,/home/mathis/Documents/Travail/cbnsl_benchmark/scaling/../scaling/results/2026-04-02_10h34_sem_gaussian/graphs/golden__v20_a30_g16.json,/home/mathis/Documents/Travail/cbnsl_benchmark/scaling/../scaling/results/2026-04-02_10h34_sem_gaussian/graphs/NOTEARS Disc.__v20_a30_g16_s1000.json,,10.799024969979655,14.0,14.0,0.5909090909090909,0.9491525423728815,0.8666666666666667,0.9333333333333333
sem_gaussian,LiNGAM,"{""threshold_lingam"": 0.1}",20,30,1000,16,/home/mathis/Documents/Travail/cbnsl_benchmark/scaling/../scaling/results/2026-04-02_10h34_sem_gaussian/graphs/golden__v20_a30_g16.json,/home/mathis/Documents/Travail/cbnsl_benchmark/scaling/../scaling/results/2026-04-02_10h34_sem_gaussian/graphs/LiNGAM__v20_a30_g16_s1000.json,,1.9532203190028667,35.0,38.0,0.40625,0.7407407407407407,1.0,1.0
sem_gaussian,CPC,"{""alpha"": 0.05, ""max_conditioning_set_size"": 3}",20,30,3000,16,/home/mathis/Documents/Travail/cbnsl_benchmark/scaling/../scaling/results/2026-04-02_10h34_sem_gaussian/graphs/golden__v20_a30_g16.json,/home/mathis/Documents/Travail/cbnsl_benchmark/scaling/../scaling/results/2026-04-02_10h34_sem_gaussian/graphs/CPC__v20_a30_g16_s3000.json,,40.31911812198814,22.0,15.0,0.358974358974359,0.8771929824561403,0.5833333333333334,0.8333333333333334
sem_gaussian,CMIIC,"{""alpha"": 0.05}",20,30,3000,16,/home/mathis/Documents/Travail/cbnsl_benchmark/scaling/../scaling/results/2026-04-02_10h34_sem_gaussian/graphs/golden__v20_a30_g16.json,/home/mathis/Documents/Travail/cbnsl_benchmark/scaling/../scaling/results/2026-04-02_10h34_sem_gaussian/graphs/CMIIC__v20_a30_g16_s3000.json,,61.687766686984105,19.0,18.0,0.4210526315789474,0.888888888888889,0.5714285714285714,0.8
sem_gaussian,MIIC,"{""n_bins"": 4, ""discretization_method"": ""quantile""}",20,30,3000,16,/home/mathis/Documents/Travail/cbnsl_benchmark/scaling/../scaling/results/2026-04-02_10h34_sem_gaussian/graphs/golden__v20_a30_g16.json,/home/mathis/Documents/Travail/cbnsl_benchmark/scaling/../scaling/results/2026-04-02_10h34_sem_gaussian/graphs/MIIC__v20_a30_g16_s3000.json,,0.6798650689888746,19.0,15.0,0.125,0.888888888888889,0.25,0.8
sem_gaussian,GHC+BDeu,"{""n_bins"": 4, ""discretization_method"": ""quantile""}",20,30,3000,16,/home/mathis/Documents/Travail/cbnsl_benchmark/scaling/../scaling/results/2026-04-02_10h34_sem_gaussian/graphs/golden__v20_a30_g16.json,/home/mathis/Documents/Travail/cbnsl_benchmark/scaling/../scaling/results/2026-04-02_10h34_sem_gaussian/graphs/GHC+BDeu__v20_a30_g16_s3000.json,,0.3819303589989431,27.0,26.0,0.2631578947368421,0.8214285714285715,0.4166666666666667,0.7666666666666667
sem_gaussian,NOTEARS,"{""lambda1"": 0.0, ""w_threshold_notears"": 0.3}",20,30,3000,16,/home/mathis/Documents/Travail/cbnsl_benchmark/scaling/../scaling/results/2026-04-02_10h34_sem_gaussian/graphs/golden__v20_a30_g16.json,/home/mathis/Documents/Travail/cbnsl_benchmark/scaling/../scaling/results/2026-04-02_10h34_sem_gaussian/graphs/NOTEARS__v20_a30_g16_s3000.json,,58.77348959099618,13.0,15.0,0.6956521739130435,0.9655172413793104,0.8888888888888888,0.9333333333333333
sem_gaussian,NOTEARS Disc.,"{""lambda1"": 0.1, ""w_threshold_notears"": 0.1, ""n_bins"": 4, ""discretization_method"": ""quantile""}",20,30,3000,16,/home/mathis/Documents/Travail/cbnsl_benchmark/scaling/../scaling/results/2026-04-02_10h34_sem_gaussian/graphs/golden__v20_a30_g16.json,/home/mathis/Documents/Travail/cbnsl_benchmark/scaling/../scaling/results/2026-04-02_10h34_sem_gaussian/graphs/NOTEARS Disc.__v20_a30_g16_s3000.json,,29.14977399300551,9.0,2.0,0.7450980392156863,0.967741935483871,1.0,1.0
sem_gaussian,LiNGAM,"{""threshold_lingam"": 0.1}",20,30,3000,16,/home/mathis/Documents/Travail/cbnsl_benchmark/scaling/../scaling/results/2026-04-02_10h34_sem_gaussian/graphs/golden__v20_a30_g16.json,/home/mathis/Documents/Travail/cbnsl_benchmark/scaling/../scaling/results/2026-04-02_10h34_sem_gaussian/graphs/LiNGAM__v20_a30_g16_s3000.json,,2.617853795993142,29.0,46.0,0.5151515151515151,0.759493670886076,1.0,1.0
sem_gaussian,CPC,"{""alpha"": 0.05, ""max_conditioning_set_size"": 3}",20,30,5000,16,/home/mathis/Documents/Travail/cbnsl_benchmark/scaling/../scaling/results/2026-04-02_10h34_sem_gaussian/graphs/golden__v20_a30_g16.json,/home/mathis/Documents/Travail/cbnsl_benchmark/scaling/../scaling/results/2026-04-02_10h34_sem_gaussian/graphs/CPC__v20_a30_g16_s5000.json,,252.83905991498614,21.0,25.0,0.47619047619047616,0.8771929824561403,0.6666666666666666,0.8333333333333334
sem_gaussian,CMIIC,"{""alpha"": 0.05}",20,30,5000,16,/home/mathis/Documents/Travail/cbnsl_benchmark/scaling/../scaling/results/2026-04-02_10h34_sem_gaussian/graphs/golden__v20_a30_g16.json,/home/mathis/Documents/Travail/cbnsl_benchmark/scaling/../scaling/results/2026-04-02_10h34_sem_gaussian/graphs/CMIIC__v20_a30_g16_s5000.json,,167.1520518210018,19.0,18.0,0.4210526315789474,0.888888888888889,0.5714285714285714,0.8
sem_gaussian,MIIC,"{""n_bins"": 4, ""discretization_method"": ""quantile""}",20,30,5000,16,/home/mathis/Documents/Travail/cbnsl_benchmark/scaling/../scaling/results/2026-04-02_10h34_sem_gaussian/graphs/golden__v20_a30_g16.json,/home/mathis/Documents/Travail/cbnsl_benchmark/scaling/../scaling/results/2026-04-02_10h34_sem_gaussian/graphs/MIIC__v20_a30_g16_s5000.json,,1.3902833350002766,13.0,22.0,0.6666666666666666,0.9285714285714286,0.7894736842105263,0.8666666666666667
sem_gaussian,GHC+BDeu,"{""n_bins"": 4, ""discretization_method"": ""quantile""}",20,30,5000,16,/home/mathis/Documents/Travail/cbnsl_benchmark/scaling/../scaling/results/2026-04-02_10h34_sem_gaussian/graphs/golden__v20_a30_g16.json,/home/mathis/Documents/Travail/cbnsl_benchmark/scaling/../scaling/results/2026-04-02_10h34_sem_gaussian/graphs/GHC+BDeu__v20_a30_g16_s5000.json,,0.6046545110002626,26.0,26.0,0.2631578947368421,0.8421052631578948,0.45454545454545453,0.8
sem_gaussian,NOTEARS,"{""lambda1"": 0.0, ""w_threshold_notears"": 0.3}",20,30,5000,16,/home/mathis/Documents/Travail/cbnsl_benchmark/scaling/../scaling/results/2026-04-02_10h34_sem_gaussian/graphs/golden__v20_a30_g16.json,/home/mathis/Documents/Travail/cbnsl_benchmark/scaling/../scaling/results/2026-04-02_10h34_sem_gaussian/graphs/NOTEARS__v20_a30_g16_s5000.json,,101.19020143599482,13.0,15.0,0.6956521739130435,0.9655172413793104,0.8888888888888888,0.9333333333333333
sem_gaussian,NOTEARS Disc.,"{""lambda1"": 0.1, ""w_threshold_notears"": 0.1, ""n_bins"": 4, ""discretization_method"": ""quantile""}",20,30,5000,16,/home/mathis/Documents/Travail/cbnsl_benchmark/scaling/../scaling/results/2026-04-02_10h34_sem_gaussian/graphs/golden__v20_a30_g16.json,/home/mathis/Documents/Travail/cbnsl_benchmark/scaling/../scaling/results/2026-04-02_10h34_sem_gaussian/graphs/NOTEARS Disc.__v20_a30_g16_s5000.json,,50.453202470002,10.0,21.0,0.7083333333333334,0.9666666666666667,0.9444444444444444,0.9666666666666667
sem_gaussian,LiNGAM,"{""threshold_lingam"": 0.1}",20,30,5000,16,/home/mathis/Documents/Travail/cbnsl_benchmark/scaling/../scaling/results/2026-04-02_10h34_sem_gaussian/graphs/golden__v20_a30_g16.json,/home/mathis/Documents/Travail/cbnsl_benchmark/scaling/../scaling/results/2026-04-02_10h34_sem_gaussian/graphs/LiNGAM__v20_a30_g16_s5000.json,,8.73860487699858,44.0,41.0,0.4109589041095891,0.6818181818181819,1.0,1.0
sem_gaussian,CPC,"{""alpha"": 0.05, ""max_conditioning_set_size"": 3}",20,30,200,17,/home/mathis/Documents/Travail/cbnsl_benchmark/scaling/../scaling/results/2026-04-02_10h34_sem_gaussian/graphs/golden__v20_a30_g17.json,/home/mathis/Documents/Travail/cbnsl_benchmark/scaling/../scaling/results/2026-04-02_10h34_sem_gaussian/graphs/CPC__v20_a30_g17_s200.json,,0.17235912501928397,29.0,24.0,0.18181818181818182,0.4210526315789474,0.12,0.26666666666666666
sem_gaussian,CMIIC,"{""alpha"": 0.05}",20,30,200,17,/home/mathis/Documents/Travail/cbnsl_benchmark/scaling/../scaling/results/2026-04-02_10h34_sem_gaussian/graphs/golden__v20_a30_g17.json,/home/mathis/Documents/Travail/cbnsl_benchmark/scaling/../scaling/results/2026-04-02_10h34_sem_gaussian/graphs/CMIIC__v20_a30_g17_s200.json,,1.099101182015147,28.0,21.0,0.12121212121212123,0.8076923076923077,0.18181818181818182,0.7
sem_gaussian,MIIC,"{""n_bins"": 4, ""discretization_method"": ""quantile""}",20,30,200,17,/home/mathis/Documents/Travail/cbnsl_benchmark/scaling/../scaling/results/2026-04-02_10h34_sem_gaussian/graphs/golden__v20_a30_g17.json,/home/mathis/Documents/Travail/cbnsl_benchmark/scaling/../scaling/results/2026-04-02_10h34_sem_gaussian/graphs/MIIC__v20_a30_g17_s200.json,,0.12089561499306001,27.0,25.0,0.0,0.5365853658536585,0.0,0.36666666666666664
sem_gaussian,GHC+BDeu,"{""n_bins"": 4, ""discretization_method"": ""quantile""}",20,30,200,17,/home/mathis/Documents/Travail/cbnsl_benchmark/scaling/../scaling/results/2026-04-02_10h34_sem_gaussian/graphs/golden__v20_a30_g17.json,/home/mathis/Documents/Travail/cbnsl_benchmark/scaling/../scaling/results/2026-04-02_10h34_sem_gaussian/graphs/GHC+BDeu__v20_a30_g17_s200.json,,0.08662057897890918,27.0,25.0,0.0,0.5365853658536585,0.0,0.36666666666666664
sem_gaussian,NOTEARS,"{""lambda1"": 0.0, ""w_threshold_notears"": 0.3}",20,30,200,17,/home/mathis/Documents/Travail/cbnsl_benchmark/scaling/../scaling/results/2026-04-02_10h34_sem_gaussian/graphs/golden__v20_a30_g17.json,/home/mathis/Documents/Travail/cbnsl_benchmark/scaling/../scaling/results/2026-04-02_10h34_sem_gaussian/graphs/NOTEARS__v20_a30_g17_s200.json,,88.33004975700169,8.0,19.0,0.8,0.8813559322033899,0.8461538461538461,0.8666666666666667
sem_gaussian,NOTEARS Disc.,"{""lambda1"": 0.1, ""w_threshold_notears"": 0.1, ""n_bins"": 4, ""discretization_method"": ""quantile""}",20,30,200,17,/home/mathis/Documents/Travail/cbnsl_benchmark/scaling/../scaling/results/2026-04-02_10h34_sem_gaussian/graphs/golden__v20_a30_g17.json,/home/mathis/Documents/Travail/cbnsl_benchmark/scaling/../scaling/results/2026-04-02_10h34_sem_gaussian/graphs/NOTEARS Disc.__v20_a30_g17_s200.json,,110.31646803300828,28.0,26.0,0.31818181818181823,0.8064516129032259,0.5833333333333334,0.8333333333333334
sem_gaussian,LiNGAM,"{""threshold_lingam"": 0.1}",20,30,200,17,/home/mathis/Documents/Travail/cbnsl_benchmark/scaling/../scaling/results/2026-04-02_10h34_sem_gaussian/graphs/golden__v20_a30_g17.json,/home/mathis/Documents/Travail/cbnsl_benchmark/scaling/../scaling/results/2026-04-02_10h34_sem_gaussian/graphs/LiNGAM__v20_a30_g17_s200.json,,1.1842795370030217,52.0,52.0,0.40963855421686746,0.625,1.0,1.0
sem_gaussian,CPC,"{""alpha"": 0.05, ""max_conditioning_set_size"": 3}",20,30,500,17,/home/mathis/Documents/Travail/cbnsl_benchmark/scaling/../scaling/results/2026-04-02_10h34_sem_gaussian/graphs/golden__v20_a30_g17.json,/home/mathis/Documents/Travail/cbnsl_benchmark/scaling/../scaling/results/2026-04-02_10h34_sem_gaussian/graphs/CPC__v20_a30_g17_s500.json,,0.41166977598913945,23.0,24.0,0.3783783783783784,0.5714285714285715,0.28,0.4
sem_gaussian,CMIIC,"{""alpha"": 0.05}",20,30,500,17,/home/mathis/Documents/Travail/cbnsl_benchmark/scaling/../scaling/results/2026-04-02_10h34_sem_gaussian/graphs/golden__v20_a30_g17.json,/home/mathis/Documents/Travail/cbnsl_benchmark/scaling/../scaling/results/2026-04-02_10h34_sem_gaussian/graphs/CMIIC__v20_a30_g17_s500.json,,1.5971176539896987,28.0,23.0,0.06451612903225806,0.8,0.09090909090909091,0.6666666666666666
sem_gaussian,MIIC,"{""n_bins"": 4, ""discretization_method"": ""quantile""}",20,30,500,17,/home/mathis/Documents/Travail/cbnsl_benchmark/scaling/../scaling/results/2026-04-02_10h34_sem_gaussian/graphs/golden__v20_a30_g17.json,/home/mathis/Documents/Travail/cbnsl_benchmark/scaling/../scaling/results/2026-04-02_10h34_sem_gaussian/graphs/MIIC__v20_a30_g17_s500.json,,0.08348138100700453,28.0,23.0,0.0,0.7499999999999999,0.0,0.6
sem_gaussian,GHC+BDeu,"{""n_bins"": 4, ""discretization_method"": ""quantile""}",20,30,500,17,/home/mathis/Documents/Travail/cbnsl_benchmark/scaling/../scaling/results/2026-04-02_10h34_sem_gaussian/graphs/golden__v20_a30_g17.json,/home/mathis/Documents/Travail/cbnsl_benchmark/scaling/../scaling/results/2026-04-02_10h34_sem_gaussian/graphs/GHC+BDeu__v20_a30_g17_s500.json,,0.06614962400635704,27.0,23.0,0.0,0.6046511627906976,0.0,0.43333333333333335
sem_gaussian,NOTEARS,"{""lambda1"": 0.0, ""w_threshold_notears"": 0.3}",20,30,500,17,/home/mathis/Documents/Travail/cbnsl_benchmark/scaling/../scaling/results/2026-04-02_10h34_sem_gaussian/graphs/golden__v20_a30_g17.json,/home/mathis/Documents/Travail/cbnsl_benchmark/scaling/../scaling/results/2026-04-02_10h34_sem_gaussian/graphs/NOTEARS__v20_a30_g17_s500.json,,6.979172508988995,12.0,20.0,0.7058823529411765,0.8620689655172413,0.782608695652174,0.8333333333333334
sem_gaussian,NOTEARS Disc.,"{""lambda1"": 0.1, ""w_threshold_notears"": 0.1, ""n_bins"": 4, ""discretization_method"": ""quantile""}",20,30,500,17,/home/mathis/Documents/Travail/cbnsl_benchmark/scaling/../scaling/results/2026-04-02_10h34_sem_gaussian/graphs/golden__v20_a30_g17.json,/home/mathis/Documents/Travail/cbnsl_benchmark/scaling/../scaling/results/2026-04-02_10h34_sem_gaussian/graphs/NOTEARS Disc.__v20_a30_g17_s500.json,,4.404518510971684,31.0,32.0,0.28571428571428575,0.8000000000000002,0.5,0.8
sem_gaussian,LiNGAM,"{""threshold_lingam"": 0.1}",20,30,500,17,/home/mathis/Documents/Travail/cbnsl_benchmark/scaling/../scaling/results/2026-04-02_10h34_sem_gaussian/graphs/golden__v20_a30_g17.json,/home/mathis/Documents/Travail/cbnsl_benchmark/scaling/../scaling/results/2026-04-02_10h34_sem_gaussian/graphs/LiNGAM__v20_a30_g17_s500.json,,1.3540734680136666,39.0,49.0,0.48648648648648646,0.6823529411764705,0.9473684210526315,0.9666666666666667
sem_gaussian,CPC,"{""alpha"": 0.05, ""max_conditioning_set_size"": 3}",20,30,1000,17,/home/mathis/Documents/Travail/cbnsl_benchmark/scaling/../scaling/results/2026-04-02_10h34_sem_gaussian/graphs/golden__v20_a30_g17.json,/home/mathis/Documents/Travail/cbnsl_benchmark/scaling/../scaling/results/2026-04-02_10h34_sem_gaussian/graphs/CPC__v20_a30_g17_s1000.json,,1.8781589349964634,23.0,24.0,0.37837837837837834,0.7755102040816326,0.3888888888888889,0.6333333333333333
sem_gaussian,CMIIC,"{""alpha"": 0.05}",20,30,1000,17,/home/mathis/Documents/Travail/cbnsl_benchmark/scaling/../scaling/results/2026-04-02_10h34_sem_gaussian/graphs/golden__v20_a30_g17.json,/home/mathis/Documents/Travail/cbnsl_benchmark/scaling/../scaling/results/2026-04-02_10h34_sem_gaussian/graphs/CMIIC__v20_a30_g17_s1000.json,,5.400514987995848,26.0,24.0,0.18181818181818185,0.8,0.23076923076923078,0.6666666666666666
sem_gaussian,MIIC,"{""n_bins"": 4, ""discretization_method"": ""quantile""}",20,30,1000,17,/home/mathis/Documents/Travail/cbnsl_benchmark/scaling/../scaling/results/2026-04-02_10h34_sem_gaussian/graphs/golden__v20_a30_g17.json,/home/mathis/Documents/Travail/cbnsl_benchmark/scaling/../scaling/results/2026-04-02_10h34_sem_gaussian/graphs/MIIC__v20_a30_g17_s1000.json,,0.12447306900867261,26.0,14.0,0.0,0.8235294117647058,0.0,0.7
sem_gaussian,GHC+BDeu,"{""n_bins"": 4, ""discretization_method"": ""quantile""}",20,30,1000,17,/home/mathis/Documents/Travail/cbnsl_benchmark/scaling/../scaling/results/2026-04-02_10h34_sem_gaussian/graphs/golden__v20_a30_g17.json,/home/mathis/Documents/Travail/cbnsl_benchmark/scaling/../scaling/results/2026-04-02_10h34_sem_gaussian/graphs/GHC+BDeu__v20_a30_g17_s1000.json,,0.10819003899814561,25.0,25.0,0.125,0.7234042553191489,0.13333333333333333,0.5666666666666667
sem_gaussian,NOTEARS,"{""lambda1"": 0.0, ""w_threshold_notears"": 0.3}",20,30,1000,17,/home/mathis/Documents/Travail/cbnsl_benchmark/scaling/../scaling/results/2026-04-02_10h34_sem_gaussian/graphs/golden__v20_a30_g17.json,/home/mathis/Documents/Travail/cbnsl_benchmark/scaling/../scaling/results/2026-04-02_10h34_sem_gaussian/graphs/NOTEARS__v20_a30_g17_s1000.json,,10.319920403999276,11.0,20.0,0.72,0.8771929824561403,0.782608695652174,0.8333333333333334
sem_gaussian,NOTEARS Disc.,"{""lambda1"": 0.1, ""w_threshold_notears"": 0.1, ""n_bins"": 4, ""discretization_method"": ""quantile""}",20,30,1000,17,/home/mathis/Documents/Travail/cbnsl_benchmark/scaling/../scaling/results/2026-04-02_10h34_sem_gaussian/graphs/golden__v20_a30_g17.json,/home/mathis/Documents/Travail/cbnsl_benchmark/scaling/../scaling/results/2026-04-02_10h34_sem_gaussian/graphs/NOTEARS Disc.__v20_a30_g17_s1000.json,,7.812981505994685,26.0,29.0,0.33333333333333337,0.8333333333333334,0.5833333333333334,0.8333333333333334
sem_gaussian,LiNGAM,"{""threshold_lingam"": 0.1}",20,30,1000,17,/home/mathis/Documents/Travail/cbnsl_benchmark/scaling/../scaling/results/2026-04-02_10h34_sem_gaussian/graphs/golden__v20_a30_g17.json,/home/mathis/Documents/Travail/cbnsl_benchmark/scaling/../scaling/results/2026-04-02_10h34_sem_gaussian/graphs/LiNGAM__v20_a30_g17_s1000.json,,1.6945510289806407,44.0,49.0,0.3714285714285714,0.6744186046511628,0.9285714285714286,0.9666666666666667
sem_gaussian,CPC,"{""alpha"": 0.05, ""max_conditioning_set_size"": 3}",20,30,3000,17,/home/mathis/Documents/Travail/cbnsl_benchmark/scaling/../scaling/results/2026-04-02_10h34_sem_gaussian/graphs/golden__v20_a30_g17.json,/home/mathis/Documents/Travail/cbnsl_benchmark/scaling/../scaling/results/2026-04-02_10h34_sem_gaussian/graphs/CPC__v20_a30_g17_s3000.json,,23.84257833499578,21.0,21.0,0.4615384615384615,0.8235294117647058,0.5,0.7
sem_gaussian,CMIIC,"{""alpha"": 0.05}",20,30,3000,17,/home/mathis/Documents/Travail/cbnsl_benchmark/scaling/../scaling/results/2026-04-02_10h34_sem_gaussian/graphs/golden__v20_a30_g17.json,/home/mathis/Documents/Travail/cbnsl_benchmark/scaling/../scaling/results/2026-04-02_10h34_sem_gaussian/graphs/CMIIC__v20_a30_g17_s3000.json,,44.90595859699533,26.0,24.0,0.18181818181818182,0.8235294117647058,0.25,0.7
sem_gaussian,MIIC,"{""n_bins"": 4, ""discretization_method"": ""quantile""}",20,30,3000,17,/home/mathis/Documents/Travail/cbnsl_benchmark/scaling/../scaling/results/2026-04-02_10h34_sem_gaussian/graphs/golden__v20_a30_g17.json,/home/mathis/Documents/Travail/cbnsl_benchmark/scaling/../scaling/results/2026-04-02_10h34_sem_gaussian/graphs/MIIC__v20_a30_g17_s3000.json,,0.5040496510046069,18.0,16.0,0.6363636363636364,0.9090909090909091,0.7368421052631579,0.8333333333333334
sem_gaussian,GHC+BDeu,"{""n_bins"": 4, ""discretization_method"": ""quantile""}",20,30,3000,17,/home/mathis/Documents/Travail/cbnsl_benchmark/scaling/../scaling/results/2026-04-02_10h34_sem_gaussian/graphs/golden__v20_a30_g17.json,/home/mathis/Documents/Travail/cbnsl_benchmark/scaling/../scaling/results/2026-04-02_10h34_sem_gaussian/graphs/GHC+BDeu__v20_a30_g17_s3000.json,,0.3097188920073677,20.0,14.0,0.4878048780487805,0.8301886792452831,0.5555555555555556,0.7333333333333333
sem_gaussian,NOTEARS,"{""lambda1"": 0.0, ""w_threshold_notears"": 0.3}",20,30,3000,17,/home/mathis/Documents/Travail/cbnsl_benchmark/scaling/../scaling/results/2026-04-02_10h34_sem_gaussian/graphs/golden__v20_a30_g17.json,/home/mathis/Documents/Travail/cbnsl_benchmark/scaling/../scaling/results/2026-04-02_10h34_sem_gaussian/graphs/NOTEARS__v20_a30_g17_s3000.json,,18.372087777999695,7.0,12.0,0.7843137254901961,0.9310344827586207,0.8695652173913043,0.9
sem_gaussian,NOTEARS Disc.,"{""lambda1"": 0.1, ""w_threshold_notears"": 0.1, ""n_bins"": 4, ""discretization_method"": ""quantile""}",20,30,3000,17,/home/mathis/Documents/Travail/cbnsl_benchmark/scaling/../scaling/results/2026-04-02_10h34_sem_gaussian/graphs/golden__v20_a30_g17.json,/home/mathis/Documents/Travail/cbnsl_benchmark/scaling/../scaling/results/2026-04-02_10h34_sem_gaussian/graphs/NOTEARS Disc.__v20_a30_g17_s3000.json,,18.129095975979,26.0,29.0,0.35000000000000003,0.8620689655172413,0.5833333333333334,0.8333333333333334
sem_gaussian,LiNGAM,"{""threshold_lingam"": 0.1}",20,30,3000,17,/home/mathis/Documents/Travail/cbnsl_benchmark/scaling/../scaling/results/2026-04-02_10h34_sem_gaussian/graphs/golden__v20_a30_g17.json,/home/mathis/Documents/Travail/cbnsl_benchmark/scaling/../scaling/results/2026-04-02_10h34_sem_gaussian/graphs/LiNGAM__v20_a30_g17_s3000.json,,2.664641268987907,46.0,53.0,0.4109589041095891,0.6818181818181819,1.0,1.0
sem_gaussian,CPC,"{""alpha"": 0.05, ""max_conditioning_set_size"": 3}",20,30,5000,17,/home/mathis/Documents/Travail/cbnsl_benchmark/scaling/../scaling/results/2026-04-02_10h34_sem_gaussian/graphs/golden__v20_a30_g17.json,/home/mathis/Documents/Travail/cbnsl_benchmark/scaling/../scaling/results/2026-04-02_10h34_sem_gaussian/graphs/CPC__v20_a30_g17_s5000.json,,73.1138099389791,18.0,11.0,0.5714285714285713,0.9090909090909091,0.7058823529411765,0.8333333333333334
sem_gaussian,CMIIC,"{""alpha"": 0.05}",20,30,5000,17,/home/mathis/Documents/Travail/cbnsl_benchmark/scaling/../scaling/results/2026-04-02_10h34_sem_gaussian/graphs/golden__v20_a30_g17.json,/home/mathis/Documents/Travail/cbnsl_benchmark/scaling/../scaling/results/2026-04-02_10h34_sem_gaussian/graphs/CMIIC__v20_a30_g17_s5000.json,,138.56128233400523,17.0,24.0,0.6363636363636365,0.8235294117647058,0.6086956521739131,0.7
sem_gaussian,MIIC,"{""n_bins"": 4, ""discretization_method"": ""quantile""}",20,30,5000,17,/home/mathis/Documents/Travail/cbnsl_benchmark/scaling/../scaling/results/2026-04-02_10h34_sem_gaussian/graphs/golden__v20_a30_g17.json,/home/mathis/Documents/Travail/cbnsl_benchmark/scaling/../scaling/results/2026-04-02_10h34_sem_gaussian/graphs/MIIC__v20_a30_g17_s5000.json,,0.9993618369917385,13.0,20.0,0.6956521739130435,0.888888888888889,0.7272727272727273,0.8
sem_gaussian,GHC+BDeu,"{""n_bins"": 4, ""discretization_method"": ""quantile""}",20,30,5000,17,/home/mathis/Documents/Travail/cbnsl_benchmark/scaling/../scaling/results/2026-04-02_10h34_sem_gaussian/graphs/golden__v20_a30_g17.json,/home/mathis/Documents/Travail/cbnsl_benchmark/scaling/../scaling/results/2026-04-02_10h34_sem_gaussian/graphs/GHC+BDeu__v20_a30_g17_s5000.json,,0.6180539399792906,24.0,20.0,0.3902439024390244,0.8421052631578948,0.5714285714285714,0.8
sem_gaussian,NOTEARS,"{""lambda1"": 0.0, ""w_threshold_notears"": 0.3}",20,30,5000,17,/home/mathis/Documents/Travail/cbnsl_benchmark/scaling/../scaling/results/2026-04-02_10h34_sem_gaussian/graphs/golden__v20_a30_g17.json,/home/mathis/Documents/Travail/cbnsl_benchmark/scaling/../scaling/results/2026-04-02_10h34_sem_gaussian/graphs/NOTEARS__v20_a30_g17_s5000.json,,41.57133070100099,10.0,13.0,0.7450980392156864,0.896551724137931,0.8260869565217391,0.8666666666666667
sem_gaussian,NOTEARS Disc.,"{""lambda1"": 0.1, ""w_threshold_notears"": 0.1, ""n_bins"": 4, ""discretization_method"": ""quantile""}",20,30,5000,17,/home/mathis/Documents/Travail/cbnsl_benchmark/scaling/../scaling/results/2026-04-02_10h34_sem_gaussian/graphs/golden__v20_a30_g17.json,/home/mathis/Documents/Travail/cbnsl_benchmark/scaling/../scaling/results/2026-04-02_10h34_sem_gaussian/graphs/NOTEARS Disc.__v20_a30_g17_s5000.json,,205.33779036300257,21.0,28.0,0.4545454545454545,0.847457627118644,0.6666666666666666,0.8333333333333334
sem_gaussian,LiNGAM,"{""threshold_lingam"": 0.1}",20,30,5000,17,/home/mathis/Documents/Travail/cbnsl_benchmark/scaling/../scaling/results/2026-04-02_10h34_sem_gaussian/graphs/golden__v20_a30_g17.json,/home/mathis/Documents/Travail/cbnsl_benchmark/scaling/../scaling/results/2026-04-02_10h34_sem_gaussian/graphs/LiNGAM__v20_a30_g17_s5000.json,,6.8765186429955065,47.0,54.0,0.47619047619047616,0.6382978723404256,1.0,1.0
sem_gaussian,CPC,"{""alpha"": 0.05, ""max_conditioning_set_size"": 3}",20,30,200,18,/home/mathis/Documents/Travail/cbnsl_benchmark/scaling/../scaling/results/2026-04-02_10h34_sem_gaussian/graphs/golden__v20_a30_g18.json,/home/mathis/Documents/Travail/cbnsl_benchmark/scaling/../scaling/results/2026-04-02_10h34_sem_gaussian/graphs/CPC__v20_a30_g18_s200.json,,0.24318129400489852,30.0,29.0,0.0,0.06451612903225806,0.0,0.03333333333333333
sem_gaussian,CMIIC,"{""alpha"": 0.05}",20,30,200,18,/home/mathis/Documents/Travail/cbnsl_benchmark/scaling/../scaling/results/2026-04-02_10h34_sem_gaussian/graphs/golden__v20_a30_g18.json,/home/mathis/Documents/Travail/cbnsl_benchmark/scaling/../scaling/results/2026-04-02_10h34_sem_gaussian/graphs/CMIIC__v20_a30_g18_s200.json,,1.722301145986421,27.0,27.0,0.1818181818181818,0.846153846153846,0.2727272727272727,0.7333333333333333
sem_gaussian,MIIC,"{""n_bins"": 4, ""discretization_method"": ""quantile""}",20,30,200,18,/home/mathis/Documents/Travail/cbnsl_benchmark/scaling/../scaling/results/2026-04-02_10h34_sem_gaussian/graphs/golden__v20_a30_g18.json,/home/mathis/Documents/Travail/cbnsl_benchmark/scaling/../scaling/results/2026-04-02_10h34_sem_gaussian/graphs/MIIC__v20_a30_g18_s200.json,,0.15710136899724603,32.0,28.0,0.0,0.6382978723404256,0.0,0.5
sem_gaussian,GHC+BDeu,"{""n_bins"": 4, ""discretization_method"": ""quantile""}",20,30,200,18,/home/mathis/Documents/Travail/cbnsl_benchmark/scaling/../scaling/results/2026-04-02_10h34_sem_gaussian/graphs/golden__v20_a30_g18.json,/home/mathis/Documents/Travail/cbnsl_benchmark/scaling/../scaling/results/2026-04-02_10h34_sem_gaussian/graphs/GHC+BDeu__v20_a30_g18_s200.json,,0.1031546100275591,31.0,28.0,0.0,0.5238095238095238,0.0,0.36666666666666664
sem_gaussian,NOTEARS,"{""lambda1"": 0.0, ""w_threshold_notears"": 0.3}",20,30,200,18,/home/mathis/Documents/Travail/cbnsl_benchmark/scaling/../scaling/results/2026-04-02_10h34_sem_gaussian/graphs/golden__v20_a30_g18.json,/home/mathis/Documents/Travail/cbnsl_benchmark/scaling/../scaling/results/2026-04-02_10h34_sem_gaussian/graphs/NOTEARS__v20_a30_g18_s200.json,,28.59182149899425,8.0,25.0,0.8148148148148148,0.9333333333333333,0.9166666666666666,0.9333333333333333
sem_gaussian,NOTEARS Disc.,"{""lambda1"": 0.1, ""w_threshold_notears"": 0.1, ""n_bins"": 4, ""discretization_method"": ""quantile""}",20,30,200,18,/home/mathis/Documents/Travail/cbnsl_benchmark/scaling/../scaling/results/2026-04-02_10h34_sem_gaussian/graphs/golden__v20_a30_g18.json,/home/mathis/Documents/Travail/cbnsl_benchmark/scaling/../scaling/results/2026-04-02_10h34_sem_gaussian/graphs/NOTEARS Disc.__v20_a30_g18_s200.json,,311.21146413098904,29.0,28.0,0.4727272727272727,0.7826086956521738,0.8125,0.9
sem_gaussian,LiNGAM,"{""threshold_lingam"": 0.1}",20,30,200,18,/home/mathis/Documents/Travail/cbnsl_benchmark/scaling/../scaling/results/2026-04-02_10h34_sem_gaussian/graphs/golden__v20_a30_g18.json,/home/mathis/Documents/Travail/cbnsl_benchmark/scaling/../scaling/results/2026-04-02_10h34_sem_gaussian/graphs/LiNGAM__v20_a30_g18_s200.json,,2.4823380319867283,51.0,52.0,0.31999999999999995,0.6304347826086957,0.9230769230769231,0.9666666666666667
sem_gaussian,CPC,"{""alpha"": 0.05, ""max_conditioning_set_size"": 3}",20,30,500,18,/home/mathis/Documents/Travail/cbnsl_benchmark/scaling/../scaling/results/2026-04-02_10h34_sem_gaussian/graphs/golden__v20_a30_g18.json,/home/mathis/Documents/Travail/cbnsl_benchmark/scaling/../scaling/results/2026-04-02_10h34_sem_gaussian/graphs/CPC__v20_a30_g18_s500.json,,9.057008397998288,27.0,28.0,0.18181818181818182,0.5,0.13043478260869565,0.3333333333333333
sem_gaussian,CMIIC,"{""alpha"": 0.05}",20,30,500,18,/home/mathis/Documents/Travail/cbnsl_benchmark/scaling/../scaling/results/2026-04-02_10h34_sem_gaussian/graphs/golden__v20_a30_g18.json,/home/mathis/Documents/Travail/cbnsl_benchmark/scaling/../scaling/results/2026-04-02_10h34_sem_gaussian/graphs/CMIIC__v20_a30_g18_s500.json,,7.17992340400815,28.0,19.0,0.1764705882352941,0.8076923076923077,0.25,0.7
sem_gaussian,MIIC,"{""n_bins"": 4, ""discretization_method"": ""quantile""}",20,30,500,18,/home/mathis/Documents/Travail/cbnsl_benchmark/scaling/../scaling/results/2026-04-02_10h34_sem_gaussian/graphs/golden__v20_a30_g18.json,/home/mathis/Documents/Travail/cbnsl_benchmark/scaling/../scaling/results/2026-04-02_10h34_sem_gaussian/graphs/MIIC__v20_a30_g18_s500.json,,0.12217039000825025,29.0,24.0,0.0,0.7499999999999999,0.0,0.6
sem_gaussian,GHC+BDeu,"{""n_bins"": 4, ""discretization_method"": ""quantile""}",20,30,500,18,/home/mathis/Documents/Travail/cbnsl_benchmark/scaling/../scaling/results/2026-04-02_10h34_sem_gaussian/graphs/golden__v20_a30_g18.json,/home/mathis/Documents/Travail/cbnsl_benchmark/scaling/../scaling/results/2026-04-02_10h34_sem_gaussian/graphs/GHC+BDeu__v20_a30_g18_s500.json,,0.09165068800211884,32.0,29.0,0.0,0.6382978723404256,0.0,0.5
sem_gaussian,NOTEARS,"{""lambda1"": 0.0, ""w_threshold_notears"": 0.3}",20,30,500,18,/home/mathis/Documents/Travail/cbnsl_benchmark/scaling/../scaling/results/2026-04-02_10h34_sem_gaussian/graphs/golden__v20_a30_g18.json,/home/mathis/Documents/Travail/cbnsl_benchmark/scaling/../scaling/results/2026-04-02_10h34_sem_gaussian/graphs/NOTEARS__v20_a30_g18_s500.json,,29.777044416987337,7.0,4.0,0.8235294117647057,0.9655172413793104,0.9130434782608695,0.9333333333333333
sem_gaussian,NOTEARS Disc.,"{""lambda1"": 0.1, ""w_threshold_notears"": 0.1, ""n_bins"": 4, ""discretization_method"": ""quantile""}",20,30,500,18,/home/mathis/Documents/Travail/cbnsl_benchmark/scaling/../scaling/results/2026-04-02_10h34_sem_gaussian/graphs/golden__v20_a30_g18.json,/home/mathis/Documents/Travail/cbnsl_benchmark/scaling/../scaling/results/2026-04-02_10h34_sem_gaussian/graphs/NOTEARS Disc.__v20_a30_g18_s500.json,,10.470534938998753,20.0,23.0,0.5238095238095237,0.9310344827586207,0.7857142857142857,0.9
sem_gaussian,LiNGAM,"{""threshold_lingam"": 0.1}",20,30,500,18,/home/mathis/Documents/Travail/cbnsl_benchmark/scaling/../scaling/results/2026-04-02_10h34_sem_gaussian/graphs/golden__v20_a30_g18.json,/home/mathis/Documents/Travail/cbnsl_benchmark/scaling/../scaling/results/2026-04-02_10h34_sem_gaussian/graphs/LiNGAM__v20_a30_g18_s500.json,,1.5119057339907158,59.0,60.0,0.30952380952380953,0.5656565656565656,0.8666666666666667,0.9333333333333333
sem_gaussian,CPC,"{""alpha"": 0.05, ""max_conditioning_set_size"": 3}",20,30,1000,18,/home/mathis/Documents/Travail/cbnsl_benchmark/scaling/../scaling/results/2026-04-02_10h34_sem_gaussian/graphs/golden__v20_a30_g18.json,/home/mathis/Documents/Travail/cbnsl_benchmark/scaling/../scaling/results/2026-04-02_10h34_sem_gaussian/graphs/CPC__v20_a30_g18_s1000.json,,4.208043592981994,29.0,27.0,0.06451612903225808,0.6666666666666666,0.0625,0.5
sem_gaussian,CMIIC,"{""alpha"": 0.05}",20,30,1000,18,/home/mathis/Documents/Travail/cbnsl_benchmark/scaling/../scaling/results/2026-04-02_10h34_sem_gaussian/graphs/golden__v20_a30_g18.json,/home/mathis/Documents/Travail/cbnsl_benchmark/scaling/../scaling/results/2026-04-02_10h34_sem_gaussian/graphs/CMIIC__v20_a30_g18_s1000.json,,8.15812137699686,22.0,16.0,0.45,0.7843137254901961,0.47368421052631576,0.6666666666666666
sem_gaussian,MIIC,"{""n_bins"": 4, ""discretization_method"": ""quantile""}",20,30,1000,18,/home/mathis/Documents/Travail/cbnsl_benchmark/scaling/../scaling/results/2026-04-02_10h34_sem_gaussian/graphs/golden__v20_a30_g18.json,/home/mathis/Documents/Travail/cbnsl_benchmark/scaling/../scaling/results/2026-04-02_10h34_sem_gaussian/graphs/MIIC__v20_a30_g18_s1000.json,,0.16797806601971388,31.0,26.0,0.0,0.7346938775510204,0.0,0.6
sem_gaussian,GHC+BDeu,"{""n_bins"": 4, ""discretization_method"": ""quantile""}",20,30,1000,18,/home/mathis/Documents/Travail/cbnsl_benchmark/scaling/../scaling/results/2026-04-02_10h34_sem_gaussian/graphs/golden__v20_a30_g18.json,/home/mathis/Documents/Travail/cbnsl_benchmark/scaling/../scaling/results/2026-04-02_10h34_sem_gaussian/graphs/GHC+BDeu__v20_a30_g18_s1000.json,,0.125326377019519,31.0,28.0,0.0,0.6808510638297872,0.0,0.5333333333333333
sem_gaussian,NOTEARS,"{""lambda1"": 0.0, ""w_threshold_notears"": 0.3}",20,30,1000,18,/home/mathis/Documents/Travail/cbnsl_benchmark/scaling/../scaling/results/2026-04-02_10h34_sem_gaussian/graphs/golden__v20_a30_g18.json,/home/mathis/Documents/Travail/cbnsl_benchmark/scaling/../scaling/results/2026-04-02_10h34_sem_gaussian/graphs/NOTEARS__v20_a30_g18_s1000.json,,13.32246287498856,8.0,24.0,0.8,0.9285714285714286,0.8333333333333334,0.8666666666666667
sem_gaussian,NOTEARS Disc.,"{""lambda1"": 0.1, ""w_threshold_notears"": 0.1, ""n_bins"": 4, ""discretization_method"": ""quantile""}",20,30,1000,18,/home/mathis/Documents/Travail/cbnsl_benchmark/scaling/../scaling/results/2026-04-02_10h34_sem_gaussian/graphs/golden__v20_a30_g18.json,/home/mathis/Documents/Travail/cbnsl_benchmark/scaling/../scaling/results/2026-04-02_10h34_sem_gaussian/graphs/NOTEARS Disc.__v20_a30_g18_s1000.json,,13.78859678300796,17.0,11.0,0.6666666666666667,0.9333333333333333,0.8888888888888888,0.9333333333333333
sem_gaussian,LiNGAM,"{""threshold_lingam"": 0.1}",20,30,1000,18,/home/mathis/Documents/Travail/cbnsl_benchmark/scaling/../scaling/results/2026-04-02_10h34_sem_gaussian/graphs/golden__v20_a30_g18.json,/home/mathis/Documents/Travail/cbnsl_benchmark/scaling/../scaling/results/2026-04-02_10h34_sem_gaussian/graphs/LiNGAM__v20_a30_g18_s1000.json,,1.6834221220051404,65.0,64.0,0.23529411764705882,0.5576923076923077,0.9090909090909091,0.9666666666666667
sem_gaussian,CPC,"{""alpha"": 0.05, ""max_conditioning_set_size"": 3}",20,30,3000,18,/home/mathis/Documents/Travail/cbnsl_benchmark/scaling/../scaling/results/2026-04-02_10h34_sem_gaussian/graphs/golden__v20_a30_g18.json,/home/mathis/Documents/Travail/cbnsl_benchmark/scaling/../scaling/results/2026-04-02_10h34_sem_gaussian/graphs/CPC__v20_a30_g18_s3000.json,,51.34860672199284,21.0,19.0,0.48780487804878053,0.8727272727272728,0.625,0.8
sem_gaussian,CMIIC,"{""alpha"": 0.05}",20,30,3000,18,/home/mathis/Documents/Travail/cbnsl_benchmark/scaling/../scaling/results/2026-04-02_10h34_sem_gaussian/graphs/golden__v20_a30_g18.json,/home/mathis/Documents/Travail/cbnsl_benchmark/scaling/../scaling/results/2026-04-02_10h34_sem_gaussian/graphs/CMIIC__v20_a30_g18_s3000.json,,64.41754800098715,29.0,24.0,0.06451612903225806,0.8,0.09090909090909091,0.6666666666666666
sem_gaussian,MIIC,"{""n_bins"": 4, ""discretization_method"": ""quantile""}",20,30,3000,18,/home/mathis/Documents/Travail/cbnsl_benchmark/scaling/../scaling/results/2026-04-02_10h34_sem_gaussian/graphs/golden__v20_a30_g18.json,/home/mathis/Documents/Travail/cbnsl_benchmark/scaling/../scaling/results/2026-04-02_10h34_sem_gaussian/graphs/MIIC__v20_a30_g18_s3000.json,,0.7629412440001033,13.0,22.0,0.7234042553191491,0.846153846153846,0.68,0.7333333333333333
sem_gaussian,GHC+BDeu,"{""n_bins"": 4, ""discretization_method"": ""quantile""}",20,30,3000,18,/home/mathis/Documents/Travail/cbnsl_benchmark/scaling/../scaling/results/2026-04-02_10h34_sem_gaussian/graphs/golden__v20_a30_g18.json,/home/mathis/Documents/Travail/cbnsl_benchmark/scaling/../scaling/results/2026-04-02_10h34_sem_gaussian/graphs/GHC+BDeu__v20_a30_g18_s3000.json,,0.3321106310177129,19.0,28.0,0.5581395348837209,0.8518518518518519,0.631578947368421,0.7666666666666667
sem_gaussian,NOTEARS,"{""lambda1"": 0.0, ""w_threshold_notears"": 0.3}",20,30,3000,18,/home/mathis/Documents/Travail/cbnsl_benchmark/scaling/../scaling/results/2026-04-02_10h34_sem_gaussian/graphs/golden__v20_a30_g18.json,/home/mathis/Documents/Travail/cbnsl_benchmark/scaling/../scaling/results/2026-04-02_10h34_sem_gaussian/graphs/NOTEARS__v20_a30_g18_s3000.json,,23.97464269900229,9.0,11.0,0.7843137254901961,0.9491525423728815,0.9090909090909091,0.9333333333333333
sem_gaussian,NOTEARS Disc.,"{""lambda1"": 0.1, ""w_threshold_notears"": 0.1, ""n_bins"": 4, ""discretization_method"": ""quantile""}",20,30,3000,18,/home/mathis/Documents/Travail/cbnsl_benchmark/scaling/../scaling/results/2026-04-02_10h34_sem_gaussian/graphs/golden__v20_a30_g18.json,/home/mathis/Documents/Travail/cbnsl_benchmark/scaling/../scaling/results/2026-04-02_10h34_sem_gaussian/graphs/NOTEARS Disc.__v20_a30_g18_s3000.json,,61.57045935300994,20.0,9.0,0.5957446808510638,0.9,0.8235294117647058,0.9
sem_gaussian,LiNGAM,"{""threshold_lingam"": 0.1}",20,30,3000,18,/home/mathis/Documents/Travail/cbnsl_benchmark/scaling/../scaling/results/2026-04-02_10h34_sem_gaussian/graphs/golden__v20_a30_g18.json,/home/mathis/Documents/Travail/cbnsl_benchmark/scaling/../scaling/results/2026-04-02_10h34_sem_gaussian/graphs/LiNGAM__v20_a30_g18_s3000.json,,2.6289542890153825,59.0,60.0,0.26829268292682923,0.5800000000000001,0.9166666666666666,0.9666666666666667
sem_gaussian,CPC,"{""alpha"": 0.05, ""max_conditioning_set_size"": 3}",20,30,5000,18,/home/mathis/Documents/Travail/cbnsl_benchmark/scaling/../scaling/results/2026-04-02_10h34_sem_gaussian/graphs/golden__v20_a30_g18.json,/home/mathis/Documents/Travail/cbnsl_benchmark/scaling/../scaling/results/2026-04-02_10h34_sem_gaussian/graphs/CPC__v20_a30_g18_s5000.json,,200.81139339500805,24.0,22.0,0.3684210526315789,0.8727272727272728,0.5384615384615384,0.8
sem_gaussian,CMIIC,"{""alpha"": 0.05}",20,30,5000,18,/home/mathis/Documents/Travail/cbnsl_benchmark/scaling/../scaling/results/2026-04-02_10h34_sem_gaussian/graphs/golden__v20_a30_g18.json,/home/mathis/Documents/Travail/cbnsl_benchmark/scaling/../scaling/results/2026-04-02_10h34_sem_gaussian/graphs/CMIIC__v20_a30_g18_s5000.json,,206.77944984601345,29.0,24.0,0.06451612903225806,0.8,0.09090909090909091,0.6666666666666666
sem_gaussian,MIIC,"{""n_bins"": 4, ""discretization_method"": ""quantile""}",20,30,5000,18,/home/mathis/Documents/Travail/cbnsl_benchmark/scaling/../scaling/results/2026-04-02_10h34_sem_gaussian/graphs/golden__v20_a30_g18.json,/home/mathis/Documents/Travail/cbnsl_benchmark/scaling/../scaling/results/2026-04-02_10h34_sem_gaussian/graphs/MIIC__v20_a30_g18_s5000.json,,1.5653023940103594,13.0,23.0,0.723404255319149,0.8679245283018869,0.7083333333333334,0.7666666666666667
sem_gaussian,GHC+BDeu,"{""n_bins"": 4, ""discretization_method"": ""quantile""}",20,30,5000,18,/home/mathis/Documents/Travail/cbnsl_benchmark/scaling/../scaling/results/2026-04-02_10h34_sem_gaussian/graphs/golden__v20_a30_g18.json,/home/mathis/Documents/Travail/cbnsl_benchmark/scaling/../scaling/results/2026-04-02_10h34_sem_gaussian/graphs/GHC+BDeu__v20_a30_g18_s5000.json,,0.6056881570257246,14.0,22.0,0.7346938775510203,0.912280701754386,0.8181818181818182,0.8666666666666667
sem_gaussian,NOTEARS,"{""lambda1"": 0.0, ""w_threshold_notears"": 0.3}",20,30,5000,18,/home/mathis/Documents/Travail/cbnsl_benchmark/scaling/../scaling/results/2026-04-02_10h34_sem_gaussian/graphs/golden__v20_a30_g18.json,/home/mathis/Documents/Travail/cbnsl_benchmark/scaling/../scaling/results/2026-04-02_10h34_sem_gaussian/graphs/NOTEARS__v20_a30_g18_s5000.json,,69.38839696598006,17.0,20.0,0.6382978723404256,0.8771929824561403,0.75,0.8333333333333334
sem_gaussian,NOTEARS Disc.,"{""lambda1"": 0.1, ""w_threshold_notears"": 0.1, ""n_bins"": 4, ""discretization_method"": ""quantile""}",20,30,5000,18,/home/mathis/Documents/Travail/cbnsl_benchmark/scaling/../scaling/results/2026-04-02_10h34_sem_gaussian/graphs/golden__v20_a30_g18.json,/home/mathis/Documents/Travail/cbnsl_benchmark/scaling/../scaling/results/2026-04-02_10h34_sem_gaussian/graphs/NOTEARS Disc.__v20_a30_g18_s5000.json,,267.7673930110177,20.0,9.0,0.5957446808510638,0.9,0.8235294117647058,0.9
sem_gaussian,LiNGAM,"{""threshold_lingam"": 0.1}",20,30,5000,18,/home/mathis/Documents/Travail/cbnsl_benchmark/scaling/../scaling/results/2026-04-02_10h34_sem_gaussian/graphs/golden__v20_a30_g18.json,/home/mathis/Documents/Travail/cbnsl_benchmark/scaling/../scaling/results/2026-04-02_10h34_sem_gaussian/graphs/LiNGAM__v20_a30_g18_s5000.json,,3.796933876001276,51.0,54.0,0.35443037974683544,0.6170212765957447,0.9333333333333333,0.9666666666666667
sem_gaussian,CPC,"{""alpha"": 0.05, ""max_conditioning_set_size"": 3}",20,30,200,19,/home/mathis/Documents/Travail/cbnsl_benchmark/scaling/../scaling/results/2026-04-02_10h34_sem_gaussian/graphs/golden__v20_a30_g19.json,/home/mathis/Documents/Travail/cbnsl_benchmark/scaling/../scaling/results/2026-04-02_10h34_sem_gaussian/graphs/CPC__v20_a30_g19_s200.json,,0.0751217000070028,25.0,28.0,0.18181818181818182,0.5,0.13043478260869565,0.3333333333333333
sem_gaussian,CMIIC,"{""alpha"": 0.05}",20,30,200,19,/home/mathis/Documents/Travail/cbnsl_benchmark/scaling/../scaling/results/2026-04-02_10h34_sem_gaussian/graphs/golden__v20_a30_g19.json,/home/mathis/Documents/Travail/cbnsl_benchmark/scaling/../scaling/results/2026-04-02_10h34_sem_gaussian/graphs/CMIIC__v20_a30_g19_s200.json,,0.45655530598014593,22.0,26.0,0.17647058823529413,0.7843137254901961,0.23076923076923078,0.6666666666666666
sem_gaussian,MIIC,"{""n_bins"": 4, ""discretization_method"": ""quantile""}",20,30,200,19,/home/mathis/Documents/Travail/cbnsl_benchmark/scaling/../scaling/results/2026-04-02_10h34_sem_gaussian/graphs/golden__v20_a30_g19.json,/home/mathis/Documents/Travail/cbnsl_benchmark/scaling/../scaling/results/2026-04-02_10h34_sem_gaussian/graphs/MIIC__v20_a30_g19_s200.json,,0.03795575999538414,26.0,29.0,0.0,0.6521739130434783,0.0,0.5
sem_gaussian,GHC+BDeu,"{""n_bins"": 4, ""discretization_method"": ""quantile""}",20,30,200,19,/home/mathis/Documents/Travail/cbnsl_benchmark/scaling/../scaling/results/2026-04-02_10h34_sem_gaussian/graphs/golden__v20_a30_g19.json,/home/mathis/Documents/Travail/cbnsl_benchmark/scaling/../scaling/results/2026-04-02_10h34_sem_gaussian/graphs/GHC+BDeu__v20_a30_g19_s200.json,,0.03749231999972835,29.0,31.0,0.0,0.45000000000000007,0.0,0.3
sem_gaussian,NOTEARS,"{""lambda1"": 0.0, ""w_threshold_notears"": 0.3}",20,30,200,19,/home/mathis/Documents/Travail/cbnsl_benchmark/scaling/../scaling/results/2026-04-02_10h34_sem_gaussian/graphs/golden__v20_a30_g19.json,/home/mathis/Documents/Travail/cbnsl_benchmark/scaling/../scaling/results/2026-04-02_10h34_sem_gaussian/graphs/NOTEARS__v20_a30_g19_s200.json,,5.522881087992573,4.0,22.0,0.6956521739130435,0.9655172413793104,0.8888888888888888,0.9333333333333333
sem_gaussian,NOTEARS Disc.,"{""lambda1"": 0.1, ""w_threshold_notears"": 0.1, ""n_bins"": 4, ""discretization_method"": ""quantile""}",20,30,200,19,/home/mathis/Documents/Travail/cbnsl_benchmark/scaling/../scaling/results/2026-04-02_10h34_sem_gaussian/graphs/golden__v20_a30_g19.json,/home/mathis/Documents/Travail/cbnsl_benchmark/scaling/../scaling/results/2026-04-02_10h34_sem_gaussian/graphs/NOTEARS Disc.__v20_a30_g19_s200.json,,6.309607767994748,20.0,26.0,0.46808510638297873,0.8749999999999999,0.8461538461538461,0.9333333333333333
sem_gaussian,LiNGAM,"{""threshold_lingam"": 0.1}",20,30,200,19,/home/mathis/Documents/Travail/cbnsl_benchmark/scaling/../scaling/results/2026-04-02_10h34_sem_gaussian/graphs/golden__v20_a30_g19.json,/home/mathis/Documents/Travail/cbnsl_benchmark/scaling/../scaling/results/2026-04-02_10h34_sem_gaussian/graphs/LiNGAM__v20_a30_g19_s200.json,,1.1156956600025296,42.0,31.0,0.3939393939393939,0.7073170731707317,0.9285714285714286,0.9666666666666667
sem_gaussian,CPC,"{""alpha"": 0.05, ""max_conditioning_set_size"": 3}",20,30,500,19,/home/mathis/Documents/Travail/cbnsl_benchmark/scaling/../scaling/results/2026-04-02_10h34_sem_gaussian/graphs/golden__v20_a30_g19.json,/home/mathis/Documents/Travail/cbnsl_benchmark/scaling/../scaling/results/2026-04-02_10h34_sem_gaussian/graphs/CPC__v20_a30_g19_s500.json,,0.48544257300090976,22.0,28.0,0.3783783783783784,0.6363636363636364,0.30434782608695654,0.4666666666666667
sem_gaussian,CMIIC,"{""alpha"": 0.05}",20,30,500,19,/home/mathis/Documents/Travail/cbnsl_benchmark/scaling/../scaling/results/2026-04-02_10h34_sem_gaussian/graphs/golden__v20_a30_g19.json,/home/mathis/Documents/Travail/cbnsl_benchmark/scaling/../scaling/results/2026-04-02_10h34_sem_gaussian/graphs/CMIIC__v20_a30_g19_s500.json,,1.781272987020202,23.0,26.0,0.1764705882352941,0.8076923076923077,0.25,0.7
sem_gaussian,MIIC,"{""n_bins"": 4, ""discretization_method"": ""quantile""}",20,30,500,19,/home/mathis/Documents/Travail/cbnsl_benchmark/scaling/../scaling/results/2026-04-02_10h34_sem_gaussian/graphs/golden__v20_a30_g19.json,/home/mathis/Documents/Travail/cbnsl_benchmark/scaling/../scaling/results/2026-04-02_10h34_sem_gaussian/graphs/MIIC__v20_a30_g19_s500.json,,0.09090382000431418,25.0,28.0,0.0,0.7346938775510204,0.0,0.6
sem_gaussian,GHC+BDeu,"{""n_bins"": 4, ""discretization_method"": ""quantile""}",20,30,500,19,/home/mathis/Documents/Travail/cbnsl_benchmark/scaling/../scaling/results/2026-04-02_10h34_sem_gaussian/graphs/golden__v20_a30_g19.json,/home/mathis/Documents/Travail/cbnsl_benchmark/scaling/../scaling/results/2026-04-02_10h34_sem_gaussian/graphs/GHC+BDeu__v20_a30_g19_s500.json,,0.0751651439932175,26.0,28.0,0.0,0.6808510638297872,0.0,0.5333333333333333
sem_gaussian,NOTEARS,"{""lambda1"": 0.0, ""w_threshold_notears"": 0.3}",20,30,500,19,/home/mathis/Documents/Travail/cbnsl_benchmark/scaling/../scaling/results/2026-04-02_10h34_sem_gaussian/graphs/golden__v20_a30_g19.json,/home/mathis/Documents/Travail/cbnsl_benchmark/scaling/../scaling/results/2026-04-02_10h34_sem_gaussian/graphs/NOTEARS__v20_a30_g19_s500.json,,10.489024962007534,6.0,11.0,0.6521739130434783,0.9491525423728815,0.8823529411764706,0.9333333333333333
sem_gaussian,NOTEARS Disc.,"{""lambda1"": 0.1, ""w_threshold_notears"": 0.1, ""n_bins"": 4, ""discretization_method"": ""quantile""}",20,30,500,19,/home/mathis/Documents/Travail/cbnsl_benchmark/scaling/../scaling/results/2026-04-02_10h34_sem_gaussian/graphs/golden__v20_a30_g19.json,/home/mathis/Documents/Travail/cbnsl_benchmark/scaling/../scaling/results/2026-04-02_10h34_sem_gaussian/graphs/NOTEARS Disc.__v20_a30_g19_s500.json,,5.275813674001256,22.0,24.0,0.3414634146341463,0.8852459016393444,0.7,0.9
sem_gaussian,LiNGAM,"{""threshold_lingam"": 0.1}",20,30,500,19,/home/mathis/Documents/Travail/cbnsl_benchmark/scaling/../scaling/results/2026-04-02_10h34_sem_gaussian/graphs/golden__v20_a30_g19.json,/home/mathis/Documents/Travail/cbnsl_benchmark/scaling/../scaling/results/2026-04-02_10h34_sem_gaussian/graphs/LiNGAM__v20_a30_g19_s500.json,,1.3040036739839707,34.0,36.0,0.5507246376811594,0.7499999999999999,1.0,1.0
sem_gaussian,CPC,"{""alpha"": 0.05, ""max_conditioning_set_size"": 3}",20,30,1000,19,/home/mathis/Documents/Travail/cbnsl_benchmark/scaling/../scaling/results/2026-04-02_10h34_sem_gaussian/graphs/golden__v20_a30_g19.json,/home/mathis/Documents/Travail/cbnsl_benchmark/scaling/../scaling/results/2026-04-02_10h34_sem_gaussian/graphs/CPC__v20_a30_g19_s1000.json,,2.415229303005617,26.0,27.0,0.27777777777777773,0.7346938775510204,0.29411764705882354,0.6
sem_gaussian,CMIIC,"{""alpha"": 0.05}",20,30,1000,19,/home/mathis/Documents/Travail/cbnsl_benchmark/scaling/../scaling/results/2026-04-02_10h34_sem_gaussian/graphs/golden__v20_a30_g19.json,/home/mathis/Documents/Travail/cbnsl_benchmark/scaling/../scaling/results/2026-04-02_10h34_sem_gaussian/graphs/CMIIC__v20_a30_g19_s1000.json,,5.9870494280185085,21.0,26.0,0.5581395348837208,0.8076923076923077,0.5714285714285714,0.7
sem_gaussian,MIIC,"{""n_bins"": 4, ""discretization_method"": ""quantile""}",20,30,1000,19,/home/mathis/Documents/Travail/cbnsl_benchmark/scaling/../scaling/results/2026-04-02_10h34_sem_gaussian/graphs/golden__v20_a30_g19.json,/home/mathis/Documents/Travail/cbnsl_benchmark/scaling/../scaling/results/2026-04-02_10h34_sem_gaussian/graphs/MIIC__v20_a30_g19_s1000.json,,0.11769645899767056,26.0,23.0,0.0,0.8076923076923077,0.0,0.7
sem_gaussian,GHC+BDeu,"{""n_bins"": 4, ""discretization_method"": ""quantile""}",20,30,1000,19,/home/mathis/Documents/Travail/cbnsl_benchmark/scaling/../scaling/results/2026-04-02_10h34_sem_gaussian/graphs/golden__v20_a30_g19.json,/home/mathis/Documents/Travail/cbnsl_benchmark/scaling/../scaling/results/2026-04-02_10h34_sem_gaussian/graphs/GHC+BDeu__v20_a30_g19_s1000.json,,0.09604823900735937,27.0,29.0,0.0,0.6666666666666667,0.0,0.5333333333333333
sem_gaussian,NOTEARS,"{""lambda1"": 0.0, ""w_threshold_notears"": 0.3}",20,30,1000,19,/home/mathis/Documents/Travail/cbnsl_benchmark/scaling/../scaling/results/2026-04-02_10h34_sem_gaussian/graphs/golden__v20_a30_g19.json,/home/mathis/Documents/Travail/cbnsl_benchmark/scaling/../scaling/results/2026-04-02_10h34_sem_gaussian/graphs/NOTEARS__v20_a30_g19_s1000.json,,10.144532312988304,10.0,27.0,0.8461538461538461,0.983050847457627,0.9565217391304348,0.9666666666666667
sem_gaussian,NOTEARS Disc.,"{""lambda1"": 0.1, ""w_threshold_notears"": 0.1, ""n_bins"": 4, ""discretization_method"": ""quantile""}",20,30,1000,19,/home/mathis/Documents/Travail/cbnsl_benchmark/scaling/../scaling/results/2026-04-02_10h34_sem_gaussian/graphs/golden__v20_a30_g19.json,/home/mathis/Documents/Travail/cbnsl_benchmark/scaling/../scaling/results/2026-04-02_10h34_sem_gaussian/graphs/NOTEARS Disc.__v20_a30_g19_s1000.json,,11.434708243003115,29.0,25.0,0.4090909090909091,0.870967741935484,0.75,0.9
sem_gaussian,LiNGAM,"{""threshold_lingam"": 0.1}",20,30,1000,19,/home/mathis/Documents/Travail/cbnsl_benchmark/scaling/../scaling/results/2026-04-02_10h34_sem_gaussian/graphs/golden__v20_a30_g19.json,/home/mathis/Documents/Travail/cbnsl_benchmark/scaling/../scaling/results/2026-04-02_10h34_sem_gaussian/graphs/LiNGAM__v20_a30_g19_s1000.json,,1.523322419001488,62.0,54.0,0.2597402597402597,0.6185567010309279,1.0,1.0
sem_gaussian,CPC,"{""alpha"": 0.05, ""max_conditioning_set_size"": 3}",20,30,3000,19,/home/mathis/Documents/Travail/cbnsl_benchmark/scaling/../scaling/results/2026-04-02_10h34_sem_gaussian/graphs/golden__v20_a30_g19.json,/home/mathis/Documents/Travail/cbnsl_benchmark/scaling/../scaling/results/2026-04-02_10h34_sem_gaussian/graphs/CPC__v20_a30_g19_s3000.json,,31.51194023102289,20.0,19.0,0.5238095238095238,0.8727272727272728,0.6470588235294118,0.8
sem_gaussian,CMIIC,"{""alpha"": 0.05}",20,30,3000,19,/home/mathis/Documents/Travail/cbnsl_benchmark/scaling/../scaling/results/2026-04-02_10h34_sem_gaussian/graphs/golden__v20_a30_g19.json,/home/mathis/Documents/Travail/cbnsl_benchmark/scaling/../scaling/results/2026-04-02_10h34_sem_gaussian/graphs/CMIIC__v20_a30_g19_s3000.json,,57.73189493198879,21.0,26.0,0.5581395348837208,0.8076923076923077,0.5714285714285714,0.7
sem_gaussian,MIIC,"{""n_bins"": 4, ""discretization_method"": ""quantile""}",20,30,3000,19,/home/mathis/Documents/Travail/cbnsl_benchmark/scaling/../scaling/results/2026-04-02_10h34_sem_gaussian/graphs/golden__v20_a30_g19.json,/home/mathis/Documents/Travail/cbnsl_benchmark/scaling/../scaling/results/2026-04-02_10h34_sem_gaussian/graphs/MIIC__v20_a30_g19_s3000.json,,0.5912974090024363,16.0,29.0,0.6521739130434783,0.8518518518518519,0.6818181818181818,0.7666666666666667
sem_gaussian,GHC+BDeu,"{""n_bins"": 4, ""discretization_method"": ""quantile""}",20,30,3000,19,/home/mathis/Documents/Travail/cbnsl_benchmark/scaling/../scaling/results/2026-04-02_10h34_sem_gaussian/graphs/golden__v20_a30_g19.json,/home/mathis/Documents/Travail/cbnsl_benchmark/scaling/../scaling/results/2026-04-02_10h34_sem_gaussian/graphs/GHC+BDeu__v20_a30_g19_s3000.json,,0.3459570419800002,18.0,24.0,0.3333333333333333,0.888888888888889,0.5,0.8
sem_gaussian,NOTEARS,"{""lambda1"": 0.0, ""w_threshold_notears"": 0.3}",20,30,3000,19,/home/mathis/Documents/Travail/cbnsl_benchmark/scaling/../scaling/results/2026-04-02_10h34_sem_gaussian/graphs/golden__v20_a30_g19.json,/home/mathis/Documents/Travail/cbnsl_benchmark/scaling/../scaling/results/2026-04-02_10h34_sem_gaussian/graphs/NOTEARS__v20_a30_g19_s3000.json,,31.88648894499056,9.0,21.0,0.8679245283018867,0.983050847457627,0.9583333333333334,0.9666666666666667
sem_gaussian,NOTEARS Disc.,"{""lambda1"": 0.1, ""w_threshold_notears"": 0.1, ""n_bins"": 4, ""discretization_method"": ""quantile""}",20,30,3000,19,/home/mathis/Documents/Travail/cbnsl_benchmark/scaling/../scaling/results/2026-04-02_10h34_sem_gaussian/graphs/golden__v20_a30_g19.json,/home/mathis/Documents/Travail/cbnsl_benchmark/scaling/../scaling/results/2026-04-02_10h34_sem_gaussian/graphs/NOTEARS Disc.__v20_a30_g19_s3000.json,,27.471841184975347,19.0,29.0,0.4186046511627908,0.8852459016393444,0.75,0.9
sem_gaussian,LiNGAM,"{""threshold_lingam"": 0.1}",20,30,3000,19,/home/mathis/Documents/Travail/cbnsl_benchmark/scaling/../scaling/results/2026-04-02_10h34_sem_gaussian/graphs/golden__v20_a30_g19.json,/home/mathis/Documents/Travail/cbnsl_benchmark/scaling/../scaling/results/2026-04-02_10h34_sem_gaussian/graphs/LiNGAM__v20_a30_g19_s3000.json,,2.500173485983396,62.0,50.0,0.28205128205128205,0.6185567010309279,1.0,1.0
sem_gaussian,CPC,"{""alpha"": 0.05, ""max_conditioning_set_size"": 3}",20,30,5000,19,/home/mathis/Documents/Travail/cbnsl_benchmark/scaling/../scaling/results/2026-04-02_10h34_sem_gaussian/graphs/golden__v20_a30_g19.json,/home/mathis/Documents/Travail/cbnsl_benchmark/scaling/../scaling/results/2026-04-02_10h34_sem_gaussian/graphs/CPC__v20_a30_g19_s5000.json,,153.98830759499106,16.0,20.0,0.6521739130434783,0.8727272727272728,0.7142857142857143,0.8
sem_gaussian,CMIIC,"{""alpha"": 0.05}",20,30,5000,19,/home/mathis/Documents/Travail/cbnsl_benchmark/scaling/../scaling/results/2026-04-02_10h34_sem_gaussian/graphs/golden__v20_a30_g19.json,/home/mathis/Documents/Travail/cbnsl_benchmark/scaling/../scaling/results/2026-04-02_10h34_sem_gaussian/graphs/CMIIC__v20_a30_g19_s5000.json,,268.85454473199206,22.0,25.0,0.5714285714285714,0.8235294117647058,0.5714285714285714,0.7
sem_gaussian,MIIC,"{""n_bins"": 4, ""discretization_method"": ""quantile""}",20,30,5000,19,/home/mathis/Documents/Travail/cbnsl_benchmark/scaling/../scaling/results/2026-04-02_10h34_sem_gaussian/graphs/golden__v20_a30_g19.json,/home/mathis/Documents/Travail/cbnsl_benchmark/scaling/../scaling/results/2026-04-02_10h34_sem_gaussian/graphs/MIIC__v20_a30_g19_s5000.json,,1.1664258179953322,16.0,28.0,0.6956521739130435,0.8679245283018869,0.6956521739130435,0.7666666666666667
sem_gaussian,GHC+BDeu,"{""n_bins"": 4, ""discretization_method"": ""quantile""}",20,30,5000,19,/home/mathis/Documents/Travail/cbnsl_benchmark/scaling/../scaling/results/2026-04-02_10h34_sem_gaussian/graphs/golden__v20_a30_g19.json,/home/mathis/Documents/Travail/cbnsl_benchmark/scaling/../scaling/results/2026-04-02_10h34_sem_gaussian/graphs/GHC+BDeu__v20_a30_g19_s5000.json,,0.6474812920205295,22.0,26.0,0.30769230769230765,0.8421052631578948,0.5,0.8
sem_gaussian,NOTEARS,"{""lambda1"": 0.0, ""w_threshold_notears"": 0.3}",20,30,5000,19,/home/mathis/Documents/Travail/cbnsl_benchmark/scaling/../scaling/results/2026-04-02_10h34_sem_gaussian/graphs/golden__v20_a30_g19.json,/home/mathis/Documents/Travail/cbnsl_benchmark/scaling/../scaling/results/2026-04-02_10h34_sem_gaussian/graphs/NOTEARS__v20_a30_g19_s5000.json,,54.18234878600924,10.0,13.0,0.8461538461538461,0.9655172413793104,0.9166666666666666,0.9333333333333333
sem_gaussian,NOTEARS Disc.,"{""lambda1"": 0.1, ""w_threshold_notears"": 0.1, ""n_bins"": 4, ""discretization_method"": ""quantile""}",20,30,5000,19,/home/mathis/Documents/Travail/cbnsl_benchmark/scaling/../scaling/results/2026-04-02_10h34_sem_gaussian/graphs/golden__v20_a30_g19.json,/home/mathis/Documents/Travail/cbnsl_benchmark/scaling/../scaling/results/2026-04-02_10h34_sem_gaussian/graphs/NOTEARS Disc.__v20_a30_g19_s5000.json,,31.093221300980076,19.0,29.0,0.4186046511627908,0.8852459016393444,0.75,0.9
sem_gaussian,LiNGAM,"{""threshold_lingam"": 0.1}",20,30,5000,19,/home/mathis/Documents/Travail/cbnsl_benchmark/scaling/../scaling/results/2026-04-02_10h34_sem_gaussian/graphs/golden__v20_a30_g19.json,/home/mathis/Documents/Travail/cbnsl_benchmark/scaling/../scaling/results/2026-04-02_10h34_sem_gaussian/graphs/LiNGAM__v20_a30_g19_s5000.json,,4.639467193017481,41.0,45.0,0.4225352112676056,0.6976744186046512,1.0,1.0
sem_gaussian,CPC,"{""alpha"": 0.05, ""max_conditioning_set_size"": 3}",20,30,200,20,/home/mathis/Documents/Travail/cbnsl_benchmark/scaling/../scaling/results/2026-04-02_10h34_sem_gaussian/graphs/golden__v20_a30_g20.json,/home/mathis/Documents/Travail/cbnsl_benchmark/scaling/../scaling/results/2026-04-02_10h34_sem_gaussian/graphs/CPC__v20_a30_g20_s200.json,,0.1028694849810563,29.0,29.0,0.0,0.2857142857142857,0.0,0.16666666666666666
sem_gaussian,CMIIC,"{""alpha"": 0.05}",20,30,200,20,/home/mathis/Documents/Travail/cbnsl_benchmark/scaling/../scaling/results/2026-04-02_10h34_sem_gaussian/graphs/golden__v20_a30_g20.json,/home/mathis/Documents/Travail/cbnsl_benchmark/scaling/../scaling/results/2026-04-02_10h34_sem_gaussian/graphs/CMIIC__v20_a30_g20_s200.json,,0.5410091269877739,24.0,19.0,0.33333333333333326,0.846153846153846,0.42857142857142855,0.7333333333333333
sem_gaussian,MIIC,"{""n_bins"": 4, ""discretization_method"": ""quantile""}",20,30,200,20,/home/mathis/Documents/Travail/cbnsl_benchmark/scaling/../scaling/results/2026-04-02_10h34_sem_gaussian/graphs/golden__v20_a30_g20.json,/home/mathis/Documents/Travail/cbnsl_benchmark/scaling/../scaling/results/2026-04-02_10h34_sem_gaussian/graphs/MIIC__v20_a30_g20_s200.json,,0.047742339986143634,29.0,26.0,0.0,0.6363636363636364,0.0,0.4666666666666667
sem_gaussian,GHC+BDeu,"{""n_bins"": 4, ""discretization_method"": ""quantile""}",20,30,200,20,/home/mathis/Documents/Travail/cbnsl_benchmark/scaling/../scaling/results/2026-04-02_10h34_sem_gaussian/graphs/golden__v20_a30_g20.json,/home/mathis/Documents/Travail/cbnsl_benchmark/scaling/../scaling/results/2026-04-02_10h34_sem_gaussian/graphs/GHC+BDeu__v20_a30_g20_s200.json,,0.046498276002239436,30.0,26.0,0.0,0.5714285714285715,0.0,0.4
sem_gaussian,NOTEARS,"{""lambda1"": 0.0, ""w_threshold_notears"": 0.3}",20,30,200,20,/home/mathis/Documents/Travail/cbnsl_benchmark/scaling/../scaling/results/2026-04-02_10h34_sem_gaussian/graphs/golden__v20_a30_g20.json,/home/mathis/Documents/Travail/cbnsl_benchmark/scaling/../scaling/results/2026-04-02_10h34_sem_gaussian/graphs/NOTEARS__v20_a30_g20_s200.json,,184.26303325101617,14.0,29.0,0.6923076923076923,0.8666666666666667,0.8181818181818182,0.8666666666666667
sem_gaussian,NOTEARS Disc.,"{""lambda1"": 0.1, ""w_threshold_notears"": 0.1, ""n_bins"": 4, ""discretization_method"": ""quantile""}",20,30,200,20,/home/mathis/Documents/Travail/cbnsl_benchmark/scaling/../scaling/results/2026-04-02_10h34_sem_gaussian/graphs/golden__v20_a30_g20.json,/home/mathis/Documents/Travail/cbnsl_benchmark/scaling/../scaling/results/2026-04-02_10h34_sem_gaussian/graphs/NOTEARS Disc.__v20_a30_g20_s200.json,,8.765387813997222,23.0,19.0,0.4680851063829787,0.8387096774193549,0.7333333333333333,0.8666666666666667
sem_gaussian,LiNGAM,"{""threshold_lingam"": 0.1}",20,30,200,20,/home/mathis/Documents/Travail/cbnsl_benchmark/scaling/../scaling/results/2026-04-02_10h34_sem_gaussian/graphs/golden__v20_a30_g20.json,/home/mathis/Documents/Travail/cbnsl_benchmark/scaling/../scaling/results/2026-04-02_10h34_sem_gaussian/graphs/LiNGAM__v20_a30_g20_s200.json,,1.1962532850157004,59.0,52.0,0.25641025641025644,0.5833333333333333,0.8333333333333334,0.9333333333333333
sem_gaussian,CPC,"{""alpha"": 0.05, ""max_conditioning_set_size"": 3}",20,30,500,20,/home/mathis/Documents/Travail/cbnsl_benchmark/scaling/../scaling/results/2026-04-02_10h34_sem_gaussian/graphs/golden__v20_a30_g20.json,/home/mathis/Documents/Travail/cbnsl_benchmark/scaling/../scaling/results/2026-04-02_10h34_sem_gaussian/graphs/CPC__v20_a30_g20_s500.json,,0.5110090399975888,24.0,28.0,0.2857142857142857,0.5714285714285715,0.21739130434782608,0.4
sem_gaussian,CMIIC,"{""alpha"": 0.05}",20,30,500,20,/home/mathis/Documents/Travail/cbnsl_benchmark/scaling/../scaling/results/2026-04-02_10h34_sem_gaussian/graphs/golden__v20_a30_g20.json,/home/mathis/Documents/Travail/cbnsl_benchmark/scaling/../scaling/results/2026-04-02_10h34_sem_gaussian/graphs/CMIIC__v20_a30_g20_s500.json,,1.82301726800506,25.0,17.0,0.32432432432432434,0.8518518518518519,0.46153846153846156,0.7666666666666667
sem_gaussian,MIIC,"{""n_bins"": 4, ""discretization_method"": ""quantile""}",20,30,500,20,/home/mathis/Documents/Travail/cbnsl_benchmark/scaling/../scaling/results/2026-04-02_10h34_sem_gaussian/graphs/golden__v20_a30_g20.json,/home/mathis/Documents/Travail/cbnsl_benchmark/scaling/../scaling/results/2026-04-02_10h34_sem_gaussian/graphs/MIIC__v20_a30_g20_s500.json,,0.11748931300826371,23.0,25.0,0.0,0.7924528301886793,0.0,0.7
sem_gaussian,GHC+BDeu,"{""n_bins"": 4, ""discretization_method"": ""quantile""}",20,30,500,20,/home/mathis/Documents/Travail/cbnsl_benchmark/scaling/../scaling/results/2026-04-02_10h34_sem_gaussian/graphs/golden__v20_a30_g20.json,/home/mathis/Documents/Travail/cbnsl_benchmark/scaling/../scaling/results/2026-04-02_10h34_sem_gaussian/graphs/GHC+BDeu__v20_a30_g20_s500.json,,0.08285906500532292,29.0,27.0,0.0,0.7083333333333334,0.0,0.5666666666666667
sem_gaussian,NOTEARS,"{""lambda1"": 0.0, ""w_threshold_notears"": 0.3}",20,30,500,20,/home/mathis/Documents/Travail/cbnsl_benchmark/scaling/../scaling/results/2026-04-02_10h34_sem_gaussian/graphs/golden__v20_a30_g20.json,/home/mathis/Documents/Travail/cbnsl_benchmark/scaling/../scaling/results/2026-04-02_10h34_sem_gaussian/graphs/NOTEARS__v20_a30_g20_s500.json,,8.272811837989138,8.0,21.0,0.8148148148148148,0.9333333333333333,0.9166666666666666,0.9333333333333333
sem_gaussian,NOTEARS Disc.,"{""lambda1"": 0.1, ""w_threshold_notears"": 0.1, ""n_bins"": 4, ""discretization_method"": ""quantile""}",20,30,500,20,/home/mathis/Documents/Travail/cbnsl_benchmark/scaling/../scaling/results/2026-04-02_10h34_sem_gaussian/graphs/golden__v20_a30_g20.json,/home/mathis/Documents/Travail/cbnsl_benchmark/scaling/../scaling/results/2026-04-02_10h34_sem_gaussian/graphs/NOTEARS Disc.__v20_a30_g20_s500.json,,15.232356840017019,19.0,27.0,0.5777777777777777,0.8771929824561403,0.7222222222222222,0.8333333333333334
sem_gaussian,LiNGAM,"{""threshold_lingam"": 0.1}",20,30,500,20,/home/mathis/Documents/Travail/cbnsl_benchmark/scaling/../scaling/results/2026-04-02_10h34_sem_gaussian/graphs/golden__v20_a30_g20.json,/home/mathis/Documents/Travail/cbnsl_benchmark/scaling/../scaling/results/2026-04-02_10h34_sem_gaussian/graphs/LiNGAM__v20_a30_g20_s500.json,,1.9120520990109071,47.0,41.0,0.39473684210526316,0.6444444444444445,0.9375,0.9666666666666667
sem_gaussian,CPC,"{""alpha"": 0.05, ""max_conditioning_set_size"": 3}",20,30,1000,20,/home/mathis/Documents/Travail/cbnsl_benchmark/scaling/../scaling/results/2026-04-02_10h34_sem_gaussian/graphs/golden__v20_a30_g20.json,/home/mathis/Documents/Travail/cbnsl_benchmark/scaling/../scaling/results/2026-04-02_10h34_sem_gaussian/graphs/CPC__v20_a30_g20_s1000.json,,4.351713630981976,23.0,27.0,0.33333333333333337,0.7234042553191489,0.3157894736842105,0.5666666666666667
sem_gaussian,CMIIC,"{""alpha"": 0.05}",20,30,1000,20,/home/mathis/Documents/Travail/cbnsl_benchmark/scaling/../scaling/results/2026-04-02_10h34_sem_gaussian/graphs/golden__v20_a30_g20.json,/home/mathis/Documents/Travail/cbnsl_benchmark/scaling/../scaling/results/2026-04-02_10h34_sem_gaussian/graphs/CMIIC__v20_a30_g20_s1000.json,,9.07862681199913,21.0,23.0,0.48780487804878053,0.8518518518518519,0.5882352941176471,0.7666666666666667
sem_gaussian,MIIC,"{""n_bins"": 4, ""discretization_method"": ""quantile""}",20,30,1000,20,/home/mathis/Documents/Travail/cbnsl_benchmark/scaling/../scaling/results/2026-04-02_10h34_sem_gaussian/graphs/golden__v20_a30_g20.json,/home/mathis/Documents/Travail/cbnsl_benchmark/scaling/../scaling/results/2026-04-02_10h34_sem_gaussian/graphs/MIIC__v20_a30_g20_s1000.json,,0.1795220740023069,22.0,27.0,0.0,0.8727272727272728,0.0,0.8
sem_gaussian,GHC+BDeu,"{""n_bins"": 4, ""discretization_method"": ""quantile""}",20,30,1000,20,/home/mathis/Documents/Travail/cbnsl_benchmark/scaling/../scaling/results/2026-04-02_10h34_sem_gaussian/graphs/golden__v20_a30_g20.json,/home/mathis/Documents/Travail/cbnsl_benchmark/scaling/../scaling/results/2026-04-02_10h34_sem_gaussian/graphs/GHC+BDeu__v20_a30_g20_s1000.json,,0.141291703999741,28.0,25.0,0.0,0.7755102040816326,0.0,0.6333333333333333
sem_gaussian,NOTEARS,"{""lambda1"": 0.0, ""w_threshold_notears"": 0.3}",20,30,1000,20,/home/mathis/Documents/Travail/cbnsl_benchmark/scaling/../scaling/results/2026-04-02_10h34_sem_gaussian/graphs/golden__v20_a30_g20.json,/home/mathis/Documents/Travail/cbnsl_benchmark/scaling/../scaling/results/2026-04-02_10h34_sem_gaussian/graphs/NOTEARS__v20_a30_g20_s1000.json,,34.92109586900915,7.0,19.0,0.8363636363636363,0.9333333333333333,0.92,0.9333333333333333
sem_gaussian,NOTEARS Disc.,"{""lambda1"": 0.1, ""w_threshold_notears"": 0.1, ""n_bins"": 4, ""discretization_method"": ""quantile""}",20,30,1000,20,/home/mathis/Documents/Travail/cbnsl_benchmark/scaling/../scaling/results/2026-04-02_10h34_sem_gaussian/graphs/golden__v20_a30_g20.json,/home/mathis/Documents/Travail/cbnsl_benchmark/scaling/../scaling/results/2026-04-02_10h34_sem_gaussian/graphs/NOTEARS Disc.__v20_a30_g20_s1000.json,,28.49574899300933,18.0,19.0,0.5238095238095238,0.8727272727272728,0.6470588235294118,0.8
sem_gaussian,LiNGAM,"{""threshold_lingam"": 0.1}",20,30,1000,20,/home/mathis/Documents/Travail/cbnsl_benchmark/scaling/../scaling/results/2026-04-02_10h34_sem_gaussian/graphs/golden__v20_a30_g20.json,/home/mathis/Documents/Travail/cbnsl_benchmark/scaling/../scaling/results/2026-04-02_10h34_sem_gaussian/graphs/LiNGAM__v20_a30_g20_s1000.json,,2.300512276007794,43.0,43.0,0.37681159420289856,0.6823529411764705,0.9285714285714286,0.9666666666666667
sem_gaussian,CPC,"{""alpha"": 0.05, ""max_conditioning_set_size"": 3}",20,30,3000,20,/home/mathis/Documents/Travail/cbnsl_benchmark/scaling/../scaling/results/2026-04-02_10h34_sem_gaussian/graphs/golden__v20_a30_g20.json,/home/mathis/Documents/Travail/cbnsl_benchmark/scaling/../scaling/results/2026-04-02_10h34_sem_gaussian/graphs/CPC__v20_a30_g20_s3000.json,,36.38740982499439,21.0,27.0,0.48780487804878053,0.8727272727272728,0.625,0.8
sem_gaussian,CMIIC,"{""alpha"": 0.05}",20,30,3000,20,/home/mathis/Documents/Travail/cbnsl_benchmark/scaling/../scaling/results/2026-04-02_10h34_sem_gaussian/graphs/golden__v20_a30_g20.json,/home/mathis/Documents/Travail/cbnsl_benchmark/scaling/../scaling/results/2026-04-02_10h34_sem_gaussian/graphs/CMIIC__v20_a30_g20_s3000.json,,51.78522461198736,21.0,24.0,0.4878048780487805,0.8301886792452831,0.5555555555555556,0.7333333333333333
sem_gaussian,MIIC,"{""n_bins"": 4, ""discretization_method"": ""quantile""}",20,30,3000,20,/home/mathis/Documents/Travail/cbnsl_benchmark/scaling/../scaling/results/2026-04-02_10h34_sem_gaussian/graphs/golden__v20_a30_g20.json,/home/mathis/Documents/Travail/cbnsl_benchmark/scaling/../scaling/results/2026-04-02_10h34_sem_gaussian/graphs/MIIC__v20_a30_g20_s3000.json,,0.7017574550118297,18.0,19.0,0.32432432432432434,0.8727272727272728,0.5,0.8
sem_gaussian,GHC+BDeu,"{""n_bins"": 4, ""discretization_method"": ""quantile""}",20,30,3000,20,/home/mathis/Documents/Travail/cbnsl_benchmark/scaling/../scaling/results/2026-04-02_10h34_sem_gaussian/graphs/golden__v20_a30_g20.json,/home/mathis/Documents/Travail/cbnsl_benchmark/scaling/../scaling/results/2026-04-02_10h34_sem_gaussian/graphs/GHC+BDeu__v20_a30_g20_s3000.json,,0.3116159139899537,27.0,22.0,0.35897435897435903,0.8148148148148148,0.4666666666666667,0.7333333333333333
sem_gaussian,NOTEARS,"{""lambda1"": 0.0, ""w_threshold_notears"": 0.3}",20,30,3000,20,/home/mathis/Documents/Travail/cbnsl_benchmark/scaling/../scaling/results/2026-04-02_10h34_sem_gaussian/graphs/golden__v20_a30_g20.json,/home/mathis/Documents/Travail/cbnsl_benchmark/scaling/../scaling/results/2026-04-02_10h34_sem_gaussian/graphs/NOTEARS__v20_a30_g20_s3000.json,,24.67819682499976,5.0,22.0,0.8771929824561403,0.9508196721311476,0.9615384615384616,0.9666666666666667
sem_gaussian,NOTEARS Disc.,"{""lambda1"": 0.1, ""w_threshold_notears"": 0.1, ""n_bins"": 4, ""discretization_method"": ""quantile""}",20,30,3000,20,/home/mathis/Documents/Travail/cbnsl_benchmark/scaling/../scaling/results/2026-04-02_10h34_sem_gaussian/graphs/golden__v20_a30_g20.json,/home/mathis/Documents/Travail/cbnsl_benchmark/scaling/../scaling/results/2026-04-02_10h34_sem_gaussian/graphs/NOTEARS Disc.__v20_a30_g20_s3000.json,,209.54049689200474,23.0,25.0,0.48780487804878053,0.8727272727272728,0.625,0.8
sem_gaussian,LiNGAM,"{""threshold_lingam"": 0.1}",20,30,3000,20,/home/mathis/Documents/Travail/cbnsl_benchmark/scaling/../scaling/results/2026-04-02_10h34_sem_gaussian/graphs/golden__v20_a30_g20.json,/home/mathis/Documents/Travail/cbnsl_benchmark/scaling/../scaling/results/2026-04-02_10h34_sem_gaussian/graphs/LiNGAM__v20_a30_g20_s3000.json,,11.926903092011344,49.0,49.0,0.28985507246376807,0.6436781609195402,0.8333333333333334,0.9333333333333333
sem_gaussian,CPC,"{""alpha"": 0.05, ""max_conditioning_set_size"": 3}",20,30,5000,20,/home/mathis/Documents/Travail/cbnsl_benchmark/scaling/../scaling/results/2026-04-02_10h34_sem_gaussian/graphs/golden__v20_a30_g20.json,/home/mathis/Documents/Travail/cbnsl_benchmark/scaling/../scaling/results/2026-04-02_10h34_sem_gaussian/graphs/CPC__v20_a30_g20_s5000.json,,118.8650642040011,18.0,29.0,0.5777777777777778,0.8571428571428571,0.6842105263157895,0.8
sem_gaussian,CMIIC,"{""alpha"": 0.05}",20,30,5000,20,/home/mathis/Documents/Travail/cbnsl_benchmark/scaling/../scaling/results/2026-04-02_10h34_sem_gaussian/graphs/golden__v20_a30_g20.json,/home/mathis/Documents/Travail/cbnsl_benchmark/scaling/../scaling/results/2026-04-02_10h34_sem_gaussian/graphs/CMIIC__v20_a30_g20_s5000.json,,126.10250366001856,18.0,24.0,0.5238095238095238,0.8301886792452831,0.5789473684210527,0.7333333333333333
sem_gaussian,MIIC,"{""n_bins"": 4, ""discretization_method"": ""quantile""}",20,30,5000,20,/home/mathis/Documents/Travail/cbnsl_benchmark/scaling/../scaling/results/2026-04-02_10h34_sem_gaussian/graphs/golden__v20_a30_g20.json,/home/mathis/Documents/Travail/cbnsl_benchmark/scaling/../scaling/results/2026-04-02_10h34_sem_gaussian/graphs/MIIC__v20_a30_g20_s5000.json,,1.2172302849940024,13.0,27.0,0.7346938775510204,0.8727272727272728,0.75,0.8
sem_gaussian,GHC+BDeu,"{""n_bins"": 4, ""discretization_method"": ""quantile""}",20,30,5000,20,/home/mathis/Documents/Travail/cbnsl_benchmark/scaling/../scaling/results/2026-04-02_10h34_sem_gaussian/graphs/golden__v20_a30_g20.json,/home/mathis/Documents/Travail/cbnsl_benchmark/scaling/../scaling/results/2026-04-02_10h34_sem_gaussian/graphs/GHC+BDeu__v20_a30_g20_s5000.json,,0.5335483610106166,27.0,23.0,0.3,0.7857142857142856,0.42857142857142855,0.7333333333333333
sem_gaussian,NOTEARS,"{""lambda1"": 0.0, ""w_threshold_notears"": 0.3}",20,30,5000,20,/home/mathis/Documents/Travail/cbnsl_benchmark/scaling/../scaling/results/2026-04-02_10h34_sem_gaussian/graphs/golden__v20_a30_g20.json,/home/mathis/Documents/Travail/cbnsl_benchmark/scaling/../scaling/results/2026-04-02_10h34_sem_gaussian/graphs/NOTEARS__v20_a30_g20_s5000.json,,31.870637543004705,6.0,19.0,0.8571428571428571,0.9333333333333333,0.9230769230769231,0.9333333333333333
sem_gaussian,NOTEARS Disc.,"{""lambda1"": 0.1, ""w_threshold_notears"": 0.1, ""n_bins"": 4, ""discretization_method"": ""quantile""}",20,30,5000,20,/home/mathis/Documents/Travail/cbnsl_benchmark/scaling/../scaling/results/2026-04-02_10h34_sem_gaussian/graphs/golden__v20_a30_g20.json,/home/mathis/Documents/Travail/cbnsl_benchmark/scaling/../scaling/results/2026-04-02_10h34_sem_gaussian/graphs/NOTEARS Disc.__v20_a30_g20_s5000.json,,123.36745147200418,23.0,25.0,0.48780487804878053,0.8727272727272728,0.625,0.8
sem_gaussian,LiNGAM,"{""threshold_lingam"": 0.1}",20,30,5000,20,/home/mathis/Documents/Travail/cbnsl_benchmark/scaling/../scaling/results/2026-04-02_10h34_sem_gaussian/graphs/golden__v20_a30_g20.json,/home/mathis/Documents/Travail/cbnsl_benchmark/scaling/../scaling/results/2026-04-02_10h34_sem_gaussian/graphs/LiNGAM__v20_a30_g20_s5000.json,,4.1986738499836065,49.0,45.0,0.37333333333333335,0.6593406593406593,1.0,1.0
sem_gaussian,CPC,"{""alpha"": 0.05, ""max_conditioning_set_size"": 3}",20,30,200,21,/home/mathis/Documents/Travail/cbnsl_benchmark/scaling/../scaling/results/2026-04-02_10h34_sem_gaussian/graphs/golden__v20_a30_g21.json,/home/mathis/Documents/Travail/cbnsl_benchmark/scaling/../scaling/results/2026-04-02_10h34_sem_gaussian/graphs/CPC__v20_a30_g21_s200.json,,0.09967973499442451,29.0,28.0,0.06451612903225806,0.2857142857142857,0.038461538461538464,0.16666666666666666
sem_gaussian,CMIIC,"{""alpha"": 0.05}",20,30,200,21,/home/mathis/Documents/Travail/cbnsl_benchmark/scaling/../scaling/results/2026-04-02_10h34_sem_gaussian/graphs/golden__v20_a30_g21.json,/home/mathis/Documents/Travail/cbnsl_benchmark/scaling/../scaling/results/2026-04-02_10h34_sem_gaussian/graphs/CMIIC__v20_a30_g21_s200.json,,0.48871122000855394,26.0,19.0,0.30769230769230765,0.8,0.42857142857142855,0.7333333333333333
sem_gaussian,MIIC,"{""n_bins"": 4, ""discretization_method"": ""quantile""}",20,30,200,21,/home/mathis/Documents/Travail/cbnsl_benchmark/scaling/../scaling/results/2026-04-02_10h34_sem_gaussian/graphs/golden__v20_a30_g21.json,/home/mathis/Documents/Travail/cbnsl_benchmark/scaling/../scaling/results/2026-04-02_10h34_sem_gaussian/graphs/MIIC__v20_a30_g21_s200.json,,0.04743630101438612,27.0,26.0,0.0,0.608695652173913,0.0,0.4666666666666667
sem_gaussian,GHC+BDeu,"{""n_bins"": 4, ""discretization_method"": ""quantile""}",20,30,200,21,/home/mathis/Documents/Travail/cbnsl_benchmark/scaling/../scaling/results/2026-04-02_10h34_sem_gaussian/graphs/golden__v20_a30_g21.json,/home/mathis/Documents/Travail/cbnsl_benchmark/scaling/../scaling/results/2026-04-02_10h34_sem_gaussian/graphs/GHC+BDeu__v20_a30_g21_s200.json,,0.043121711001731455,27.0,30.0,0.0,0.4878048780487804,0.0,0.3333333333333333
sem_gaussian,NOTEARS,"{""lambda1"": 0.0, ""w_threshold_notears"": 0.3}",20,30,200,21,/home/mathis/Documents/Travail/cbnsl_benchmark/scaling/../scaling/results/2026-04-02_10h34_sem_gaussian/graphs/golden__v20_a30_g21.json,/home/mathis/Documents/Travail/cbnsl_benchmark/scaling/../scaling/results/2026-04-02_10h34_sem_gaussian/graphs/NOTEARS__v20_a30_g21_s200.json,,23.557986945001176,7.0,19.0,0.8000000000000002,0.9090909090909091,0.8,0.8333333333333334
sem_gaussian,NOTEARS Disc.,"{""lambda1"": 0.1, ""w_threshold_notears"": 0.1, ""n_bins"": 4, ""discretization_method"": ""quantile""}",20,30,200,21,/home/mathis/Documents/Travail/cbnsl_benchmark/scaling/../scaling/results/2026-04-02_10h34_sem_gaussian/graphs/golden__v20_a30_g21.json,/home/mathis/Documents/Travail/cbnsl_benchmark/scaling/../scaling/results/2026-04-02_10h34_sem_gaussian/graphs/NOTEARS Disc.__v20_a30_g21_s200.json,,14.706743279995862,23.0,25.0,0.5882352941176471,0.8571428571428572,0.8333333333333334,0.9
sem_gaussian,LiNGAM,"{""threshold_lingam"": 0.1}",20,30,200,21,/home/mathis/Documents/Travail/cbnsl_benchmark/scaling/../scaling/results/2026-04-02_10h34_sem_gaussian/graphs/golden__v20_a30_g21.json,/home/mathis/Documents/Travail/cbnsl_benchmark/scaling/../scaling/results/2026-04-02_10h34_sem_gaussian/graphs/LiNGAM__v20_a30_g21_s200.json,,1.2063770309905522,38.0,42.0,0.4126984126984127,0.7341772151898733,0.9285714285714286,0.9666666666666667
sem_gaussian,CPC,"{""alpha"": 0.05, ""max_conditioning_set_size"": 3}",20,30,500,21,/home/mathis/Documents/Travail/cbnsl_benchmark/scaling/../scaling/results/2026-04-02_10h34_sem_gaussian/graphs/golden__v20_a30_g21.json,/home/mathis/Documents/Travail/cbnsl_benchmark/scaling/../scaling/results/2026-04-02_10h34_sem_gaussian/graphs/CPC__v20_a30_g21_s500.json,,0.7043191559787374,27.0,25.0,0.18181818181818182,0.5,0.13043478260869565,0.3333333333333333
sem_gaussian,CMIIC,"{""alpha"": 0.05}",20,30,500,21,/home/mathis/Documents/Travail/cbnsl_benchmark/scaling/../scaling/results/2026-04-02_10h34_sem_gaussian/graphs/golden__v20_a30_g21.json,/home/mathis/Documents/Travail/cbnsl_benchmark/scaling/../scaling/results/2026-04-02_10h34_sem_gaussian/graphs/CMIIC__v20_a30_g21_s500.json,,2.1088784280000255,24.0,24.0,0.3243243243243243,0.8301886792452831,0.42857142857142855,0.7333333333333333
sem_gaussian,MIIC,"{""n_bins"": 4, ""discretization_method"": ""quantile""}",20,30,500,21,/home/mathis/Documents/Travail/cbnsl_benchmark/scaling/../scaling/results/2026-04-02_10h34_sem_gaussian/graphs/golden__v20_a30_g21.json,/home/mathis/Documents/Travail/cbnsl_benchmark/scaling/../scaling/results/2026-04-02_10h34_sem_gaussian/graphs/MIIC__v20_a30_g21_s500.json,,0.07736964800278656,26.0,27.0,0.0,0.7843137254901961,0.0,0.6666666666666666
sem_gaussian,GHC+BDeu,"{""n_bins"": 4, ""discretization_method"": ""quantile""}",20,30,500,21,/home/mathis/Documents/Travail/cbnsl_benchmark/scaling/../scaling/results/2026-04-02_10h34_sem_gaussian/graphs/golden__v20_a30_g21.json,/home/mathis/Documents/Travail/cbnsl_benchmark/scaling/../scaling/results/2026-04-02_10h34_sem_gaussian/graphs/GHC+BDeu__v20_a30_g21_s500.json,,0.0625326550216414,26.0,28.0,0.0,0.6521739130434783,0.0,0.5
sem_gaussian,NOTEARS,"{""lambda1"": 0.0, ""w_threshold_notears"": 0.3}",20,30,500,21,/home/mathis/Documents/Travail/cbnsl_benchmark/scaling/../scaling/results/2026-04-02_10h34_sem_gaussian/graphs/golden__v20_a30_g21.json,/home/mathis/Documents/Travail/cbnsl_benchmark/scaling/../scaling/results/2026-04-02_10h34_sem_gaussian/graphs/NOTEARS__v20_a30_g21_s500.json,,9.414764384011505,7.0,27.0,0.8275862068965517,0.9206349206349207,0.96,0.9666666666666667
sem_gaussian,NOTEARS Disc.,"{""lambda1"": 0.1, ""w_threshold_notears"": 0.1, ""n_bins"": 4, ""discretization_method"": ""quantile""}",20,30,500,21,/home/mathis/Documents/Travail/cbnsl_benchmark/scaling/../scaling/results/2026-04-02_10h34_sem_gaussian/graphs/golden__v20_a30_g21.json,/home/mathis/Documents/Travail/cbnsl_benchmark/scaling/../scaling/results/2026-04-02_10h34_sem_gaussian/graphs/NOTEARS Disc.__v20_a30_g21_s500.json,,10.661969136999687,16.0,24.0,0.5652173913043479,0.9,0.8125,0.9
sem_gaussian,LiNGAM,"{""threshold_lingam"": 0.1}",20,30,500,21,/home/mathis/Documents/Travail/cbnsl_benchmark/scaling/../scaling/results/2026-04-02_10h34_sem_gaussian/graphs/golden__v20_a30_g21.json,/home/mathis/Documents/Travail/cbnsl_benchmark/scaling/../scaling/results/2026-04-02_10h34_sem_gaussian/graphs/LiNGAM__v20_a30_g21_s500.json,,1.5289928200072609,40.0,42.0,0.44776119402985076,0.7317073170731707,1.0,1.0
sem_gaussian,CPC,"{""alpha"": 0.05, ""max_conditioning_set_size"": 3}",20,30,1000,21,/home/mathis/Documents/Travail/cbnsl_benchmark/scaling/../scaling/results/2026-04-02_10h34_sem_gaussian/graphs/golden__v20_a30_g21.json,/home/mathis/Documents/Travail/cbnsl_benchmark/scaling/../scaling/results/2026-04-02_10h34_sem_gaussian/graphs/CPC__v20_a30_g21_s1000.json,,3.200494624004932,29.0,25.0,0.2285714285714286,0.7599999999999999,0.26666666666666666,0.6333333333333333
sem_gaussian,CMIIC,"{""alpha"": 0.05}",20,30,1000,21,/home/mathis/Documents/Travail/cbnsl_benchmark/scaling/../scaling/results/2026-04-02_10h34_sem_gaussian/graphs/golden__v20_a30_g21.json,/home/mathis/Documents/Travail/cbnsl_benchmark/scaling/../scaling/results/2026-04-02_10h34_sem_gaussian/graphs/CMIIC__v20_a30_g21_s1000.json,,7.923178620985709,21.0,26.0,0.45,0.8076923076923077,0.5,0.7
sem_gaussian,MIIC,"{""n_bins"": 4, ""discretization_method"": ""quantile""}",20,30,1000,21,/home/mathis/Documents/Travail/cbnsl_benchmark/scaling/../scaling/results/2026-04-02_10h34_sem_gaussian/graphs/golden__v20_a30_g21.json,/home/mathis/Documents/Travail/cbnsl_benchmark/scaling/../scaling/results/2026-04-02_10h34_sem_gaussian/graphs/MIIC__v20_a30_g21_s1000.json,,0.12566474100458436,21.0,25.0,0.1764705882352941,0.8076923076923077,0.25,0.7
sem_gaussian,GHC+BDeu,"{""n_bins"": 4, ""discretization_method"": ""quantile""}",20,30,1000,21,/home/mathis/Documents/Travail/cbnsl_benchmark/scaling/../scaling/results/2026-04-02_10h34_sem_gaussian/graphs/golden__v20_a30_g21.json,/home/mathis/Documents/Travail/cbnsl_benchmark/scaling/../scaling/results/2026-04-02_10h34_sem_gaussian/graphs/GHC+BDeu__v20_a30_g21_s1000.json,,0.09869946198887192,22.0,28.0,0.27777777777777773,0.7346938775510204,0.29411764705882354,0.6
sem_gaussian,NOTEARS,"{""lambda1"": 0.0, ""w_threshold_notears"": 0.3}",20,30,1000,21,/home/mathis/Documents/Travail/cbnsl_benchmark/scaling/../scaling/results/2026-04-02_10h34_sem_gaussian/graphs/golden__v20_a30_g21.json,/home/mathis/Documents/Travail/cbnsl_benchmark/scaling/../scaling/results/2026-04-02_10h34_sem_gaussian/graphs/NOTEARS__v20_a30_g21_s1000.json,,16.093525452015456,6.0,16.0,0.830188679245283,0.9310344827586207,0.88,0.9
sem_gaussian,NOTEARS Disc.,"{""lambda1"": 0.1, ""w_threshold_notears"": 0.1, ""n_bins"": 4, ""discretization_method"": ""quantile""}",20,30,1000,21,/home/mathis/Documents/Travail/cbnsl_benchmark/scaling/../scaling/results/2026-04-02_10h34_sem_gaussian/graphs/golden__v20_a30_g21.json,/home/mathis/Documents/Travail/cbnsl_benchmark/scaling/../scaling/results/2026-04-02_10h34_sem_gaussian/graphs/NOTEARS Disc.__v20_a30_g21_s1000.json,,6.728967931994703,11.0,13.0,0.6666666666666666,0.9508196721311476,0.9411764705882353,0.9666666666666667
sem_gaussian,LiNGAM,"{""threshold_lingam"": 0.1}",20,30,1000,21,/home/mathis/Documents/Travail/cbnsl_benchmark/scaling/../scaling/results/2026-04-02_10h34_sem_gaussian/graphs/golden__v20_a30_g21.json,/home/mathis/Documents/Travail/cbnsl_benchmark/scaling/../scaling/results/2026-04-02_10h34_sem_gaussian/graphs/LiNGAM__v20_a30_g21_s1000.json,,1.6280081600125413,59.0,56.0,0.26315789473684215,0.6105263157894737,0.9090909090909091,0.9666666666666667
sem_gaussian,CPC,"{""alpha"": 0.05, ""max_conditioning_set_size"": 3}",20,30,3000,21,/home/mathis/Documents/Travail/cbnsl_benchmark/scaling/../scaling/results/2026-04-02_10h34_sem_gaussian/graphs/golden__v20_a30_g21.json,/home/mathis/Documents/Travail/cbnsl_benchmark/scaling/../scaling/results/2026-04-02_10h34_sem_gaussian/graphs/CPC__v20_a30_g21_s3000.json,,38.634508142014965,22.0,20.0,0.48780487804878053,0.9310344827586207,0.7692307692307693,0.9
sem_gaussian,CMIIC,"{""alpha"": 0.05}",20,30,3000,21,/home/mathis/Documents/Travail/cbnsl_benchmark/scaling/../scaling/results/2026-04-02_10h34_sem_gaussian/graphs/golden__v20_a30_g21.json,/home/mathis/Documents/Travail/cbnsl_benchmark/scaling/../scaling/results/2026-04-02_10h34_sem_gaussian/graphs/CMIIC__v20_a30_g21_s3000.json,,60.04056534700794,20.0,20.0,0.5238095238095238,0.8076923076923077,0.55,0.7
sem_gaussian,MIIC,"{""n_bins"": 4, ""discretization_method"": ""quantile""}",20,30,3000,21,/home/mathis/Documents/Travail/cbnsl_benchmark/scaling/../scaling/results/2026-04-02_10h34_sem_gaussian/graphs/golden__v20_a30_g21.json,/home/mathis/Documents/Travail/cbnsl_benchmark/scaling/../scaling/results/2026-04-02_10h34_sem_gaussian/graphs/MIIC__v20_a30_g21_s3000.json,,0.6545435450098012,19.0,19.0,0.5777777777777778,0.8571428571428571,0.6842105263157895,0.8
sem_gaussian,GHC+BDeu,"{""n_bins"": 4, ""discretization_method"": ""quantile""}",20,30,3000,21,/home/mathis/Documents/Travail/cbnsl_benchmark/scaling/../scaling/results/2026-04-02_10h34_sem_gaussian/graphs/golden__v20_a30_g21.json,/home/mathis/Documents/Travail/cbnsl_benchmark/scaling/../scaling/results/2026-04-02_10h34_sem_gaussian/graphs/GHC+BDeu__v20_a30_g21_s3000.json,,0.34165851899888366,16.0,15.0,0.6222222222222222,0.8928571428571429,0.7368421052631579,0.8333333333333334
sem_gaussian,NOTEARS,"{""lambda1"": 0.0, ""w_threshold_notears"": 0.3}",20,30,3000,21,/home/mathis/Documents/Travail/cbnsl_benchmark/scaling/../scaling/results/2026-04-02_10h34_sem_gaussian/graphs/golden__v20_a30_g21.json,/home/mathis/Documents/Travail/cbnsl_benchmark/scaling/../scaling/results/2026-04-02_10h34_sem_gaussian/graphs/NOTEARS__v20_a30_g21_s3000.json,,32.39442386900191,11.0,16.0,0.8771929824561403,0.9333333333333333,0.9259259259259259,0.9333333333333333
sem_gaussian,NOTEARS Disc.,"{""lambda1"": 0.1, ""w_threshold_notears"": 0.1, ""n_bins"": 4, ""discretization_method"": ""quantile""}",20,30,3000,21,/home/mathis/Documents/Travail/cbnsl_benchmark/scaling/../scaling/results/2026-04-02_10h34_sem_gaussian/graphs/golden__v20_a30_g21.json,/home/mathis/Documents/Travail/cbnsl_benchmark/scaling/../scaling/results/2026-04-02_10h34_sem_gaussian/graphs/NOTEARS Disc.__v20_a30_g21_s3000.json,,16.85006598898326,15.0,22.0,0.5581395348837209,0.9666666666666667,0.9230769230769231,0.9666666666666667
sem_gaussian,LiNGAM,"{""threshold_lingam"": 0.1}",20,30,3000,21,/home/mathis/Documents/Travail/cbnsl_benchmark/scaling/../scaling/results/2026-04-02_10h34_sem_gaussian/graphs/golden__v20_a30_g21.json,/home/mathis/Documents/Travail/cbnsl_benchmark/scaling/../scaling/results/2026-04-02_10h34_sem_gaussian/graphs/LiNGAM__v20_a30_g21_s3000.json,,2.7213776879943907,27.0,35.0,0.49180327868852464,0.7733333333333334,0.9375,0.9666666666666667
sem_gaussian,CPC,"{""alpha"": 0.05, ""max_conditioning_set_size"": 3}",20,30,5000,21,/home/mathis/Documents/Travail/cbnsl_benchmark/scaling/../scaling/results/2026-04-02_10h34_sem_gaussian/graphs/golden__v20_a30_g21.json,/home/mathis/Documents/Travail/cbnsl_benchmark/scaling/../scaling/results/2026-04-02_10h34_sem_gaussian/graphs/CPC__v20_a30_g21_s5000.json,,126.63586739401217,30.0,16.0,0.17142857142857143,0.896551724137931,0.42857142857142855,0.8666666666666667
sem_gaussian,CMIIC,"{""alpha"": 0.05}",20,30,5000,21,/home/mathis/Documents/Travail/cbnsl_benchmark/scaling/../scaling/results/2026-04-02_10h34_sem_gaussian/graphs/golden__v20_a30_g21.json,/home/mathis/Documents/Travail/cbnsl_benchmark/scaling/../scaling/results/2026-04-02_10h34_sem_gaussian/graphs/CMIIC__v20_a30_g21_s5000.json,,167.6359186139889,18.0,20.0,0.5238095238095238,0.8076923076923077,0.55,0.7
sem_gaussian,MIIC,"{""n_bins"": 4, ""discretization_method"": ""quantile""}",20,30,5000,21,/home/mathis/Documents/Travail/cbnsl_benchmark/scaling/../scaling/results/2026-04-02_10h34_sem_gaussian/graphs/golden__v20_a30_g21.json,/home/mathis/Documents/Travail/cbnsl_benchmark/scaling/../scaling/results/2026-04-02_10h34_sem_gaussian/graphs/MIIC__v20_a30_g21_s5000.json,,2.2502320199855603,16.0,22.0,0.6938775510204083,0.896551724137931,0.8095238095238095,0.8666666666666667
sem_gaussian,GHC+BDeu,"{""n_bins"": 4, ""discretization_method"": ""quantile""}",20,30,5000,21,/home/mathis/Documents/Travail/cbnsl_benchmark/scaling/../scaling/results/2026-04-02_10h34_sem_gaussian/graphs/golden__v20_a30_g21.json,/home/mathis/Documents/Travail/cbnsl_benchmark/scaling/../scaling/results/2026-04-02_10h34_sem_gaussian/graphs/GHC+BDeu__v20_a30_g21_s5000.json,,0.836187526001595,18.0,26.0,0.5454545454545454,0.9152542372881356,0.8,0.9
sem_gaussian,NOTEARS,"{""lambda1"": 0.0, ""w_threshold_notears"": 0.3}",20,30,5000,21,/home/mathis/Documents/Travail/cbnsl_benchmark/scaling/../scaling/results/2026-04-02_10h34_sem_gaussian/graphs/golden__v20_a30_g21.json,/home/mathis/Documents/Travail/cbnsl_benchmark/scaling/../scaling/results/2026-04-02_10h34_sem_gaussian/graphs/NOTEARS__v20_a30_g21_s5000.json,,58.61824763499317,11.0,16.0,0.8771929824561403,0.9333333333333333,0.9259259259259259,0.9333333333333333
sem_gaussian,NOTEARS Disc.,"{""lambda1"": 0.1, ""w_threshold_notears"": 0.1, ""n_bins"": 4, ""discretization_method"": ""quantile""}",20,30,5000,21,/home/mathis/Documents/Travail/cbnsl_benchmark/scaling/../scaling/results/2026-04-02_10h34_sem_gaussian/graphs/golden__v20_a30_g21.json,/home/mathis/Documents/Travail/cbnsl_benchmark/scaling/../scaling/results/2026-04-02_10h34_sem_gaussian/graphs/NOTEARS Disc.__v20_a30_g21_s5000.json,,43.30666455699247,8.0,9.0,0.76,0.9836065573770492,1.0,1.0
sem_gaussian,LiNGAM,"{""threshold_lingam"": 0.1}",20,30,5000,21,/home/mathis/Documents/Travail/cbnsl_benchmark/scaling/../scaling/results/2026-04-02_10h34_sem_gaussian/graphs/golden__v20_a30_g21.json,/home/mathis/Documents/Travail/cbnsl_benchmark/scaling/../scaling/results/2026-04-02_10h34_sem_gaussian/graphs/LiNGAM__v20_a30_g21_s5000.json,,6.118537127011223,71.0,66.0,0.20689655172413793,0.5555555555555556,1.0,1.0
sem_gaussian,CPC,"{""alpha"": 0.05, ""max_conditioning_set_size"": 3}",20,30,200,22,/home/mathis/Documents/Travail/cbnsl_benchmark/scaling/../scaling/results/2026-04-02_10h34_sem_gaussian/graphs/golden__v20_a30_g22.json,/home/mathis/Documents/Travail/cbnsl_benchmark/scaling/../scaling/results/2026-04-02_10h34_sem_gaussian/graphs/CPC__v20_a30_g22_s200.json,,0.11856343800900504,27.0,23.0,0.18749999999999997,0.5499999999999999,0.14285714285714285,0.3793103448275862
sem_gaussian,CMIIC,"{""alpha"": 0.05}",20,30,200,22,/home/mathis/Documents/Travail/cbnsl_benchmark/scaling/../scaling/results/2026-04-02_10h34_sem_gaussian/graphs/golden__v20_a30_g22.json,/home/mathis/Documents/Travail/cbnsl_benchmark/scaling/../scaling/results/2026-04-02_10h34_sem_gaussian/graphs/CMIIC__v20_a30_g22_s200.json,,0.7696891920058988,25.0,23.0,0.18181818181818185,0.7755102040816326,0.23076923076923078,0.6551724137931034
sem_gaussian,MIIC,"{""n_bins"": 4, ""discretization_method"": ""quantile""}",20,30,200,22,/home/mathis/Documents/Travail/cbnsl_benchmark/scaling/../scaling/results/2026-04-02_10h34_sem_gaussian/graphs/golden__v20_a30_g22.json,/home/mathis/Documents/Travail/cbnsl_benchmark/scaling/../scaling/results/2026-04-02_10h34_sem_gaussian/graphs/MIIC__v20_a30_g22_s200.json,,0.11830642199493013,25.0,20.0,0.0,0.6818181818181819,0.0,0.5172413793103449
sem_gaussian,GHC+BDeu,"{""n_bins"": 4, ""discretization_method"": ""quantile""}",20,30,200,22,/home/mathis/Documents/Travail/cbnsl_benchmark/scaling/../scaling/results/2026-04-02_10h34_sem_gaussian/graphs/golden__v20_a30_g22.json,/home/mathis/Documents/Travail/cbnsl_benchmark/scaling/../scaling/results/2026-04-02_10h34_sem_gaussian/graphs/GHC+BDeu__v20_a30_g22_s200.json,,0.08504754299065098,25.0,21.0,0.0,0.6190476190476191,0.0,0.4482758620689655
sem_gaussian,NOTEARS,"{""lambda1"": 0.0, ""w_threshold_notears"": 0.3}",20,30,200,22,/home/mathis/Documents/Travail/cbnsl_benchmark/scaling/../scaling/results/2026-04-02_10h34_sem_gaussian/graphs/golden__v20_a30_g22.json,/home/mathis/Documents/Travail/cbnsl_benchmark/scaling/../scaling/results/2026-04-02_10h34_sem_gaussian/graphs/NOTEARS__v20_a30_g22_s200.json,,18.503028578998055,16.0,21.0,0.6222222222222222,0.830188679245283,0.6666666666666666,0.7586206896551724
sem_gaussian,NOTEARS Disc.,"{""lambda1"": 0.1, ""w_threshold_notears"": 0.1, ""n_bins"": 4, ""discretization_method"": ""quantile""}",20,30,200,22,/home/mathis/Documents/Travail/cbnsl_benchmark/scaling/../scaling/results/2026-04-02_10h34_sem_gaussian/graphs/golden__v20_a30_g22.json,/home/mathis/Documents/Travail/cbnsl_benchmark/scaling/../scaling/results/2026-04-02_10h34_sem_gaussian/graphs/NOTEARS Disc.__v20_a30_g22_s200.json,,9.400536055996781,27.0,17.0,0.4545454545454545,0.8275862068965517,0.6666666666666666,0.8275862068965517
sem_gaussian,LiNGAM,"{""threshold_lingam"": 0.1}",20,30,200,22,/home/mathis/Documents/Travail/cbnsl_benchmark/scaling/../scaling/results/2026-04-02_10h34_sem_gaussian/graphs/golden__v20_a30_g22.json,/home/mathis/Documents/Travail/cbnsl_benchmark/scaling/../scaling/results/2026-04-02_10h34_sem_gaussian/graphs/LiNGAM__v20_a30_g22_s200.json,,1.3085672119923402,45.0,43.0,0.25,0.7105263157894737,0.7777777777777778,0.9310344827586207
sem_gaussian,CPC,"{""alpha"": 0.05, ""max_conditioning_set_size"": 3}",20,30,500,22,/home/mathis/Documents/Travail/cbnsl_benchmark/scaling/../scaling/results/2026-04-02_10h34_sem_gaussian/graphs/golden__v20_a30_g22.json,/home/mathis/Documents/Travail/cbnsl_benchmark/scaling/../scaling/results/2026-04-02_10h34_sem_gaussian/graphs/CPC__v20_a30_g22_s500.json,,0.53554083200288,26.0,22.0,0.06666666666666667,0.5128205128205129,0.05,0.3448275862068966
sem_gaussian,CMIIC,"{""alpha"": 0.05}",20,30,500,22,/home/mathis/Documents/Travail/cbnsl_benchmark/scaling/../scaling/results/2026-04-02_10h34_sem_gaussian/graphs/golden__v20_a30_g22.json,/home/mathis/Documents/Travail/cbnsl_benchmark/scaling/../scaling/results/2026-04-02_10h34_sem_gaussian/graphs/CMIIC__v20_a30_g22_s500.json,,1.7366665880254004,25.0,22.0,0.12903225806451613,0.8400000000000001,0.2,0.7241379310344828
sem_gaussian,MIIC,"{""n_bins"": 4, ""discretization_method"": ""quantile""}",20,30,500,22,/home/mathis/Documents/Travail/cbnsl_benchmark/scaling/../scaling/results/2026-04-02_10h34_sem_gaussian/graphs/golden__v20_a30_g22.json,/home/mathis/Documents/Travail/cbnsl_benchmark/scaling/../scaling/results/2026-04-02_10h34_sem_gaussian/graphs/MIIC__v20_a30_g22_s500.json,,0.07725991800543852,25.0,13.0,0.0,0.8400000000000001,0.0,0.7241379310344828
sem_gaussian,GHC+BDeu,"{""n_bins"": 4, ""discretization_method"": ""quantile""}",20,30,500,22,/home/mathis/Documents/Travail/cbnsl_benchmark/scaling/../scaling/results/2026-04-02_10h34_sem_gaussian/graphs/golden__v20_a30_g22.json,/home/mathis/Documents/Travail/cbnsl_benchmark/scaling/../scaling/results/2026-04-02_10h34_sem_gaussian/graphs/GHC+BDeu__v20_a30_g22_s500.json,,0.06552163802552968,24.0,20.0,0.0,0.6818181818181819,0.0,0.5172413793103449
sem_gaussian,NOTEARS,"{""lambda1"": 0.0, ""w_threshold_notears"": 0.3}",20,30,500,22,/home/mathis/Documents/Travail/cbnsl_benchmark/scaling/../scaling/results/2026-04-02_10h34_sem_gaussian/graphs/golden__v20_a30_g22.json,/home/mathis/Documents/Travail/cbnsl_benchmark/scaling/../scaling/results/2026-04-02_10h34_sem_gaussian/graphs/NOTEARS__v20_a30_g22_s500.json,,12.14343133600778,7.0,18.0,0.7391304347826089,0.9259259259259259,0.8095238095238095,0.8620689655172413
sem_gaussian,NOTEARS Disc.,"{""lambda1"": 0.1, ""w_threshold_notears"": 0.1, ""n_bins"": 4, ""discretization_method"": ""quantile""}",20,30,500,22,/home/mathis/Documents/Travail/cbnsl_benchmark/scaling/../scaling/results/2026-04-02_10h34_sem_gaussian/graphs/golden__v20_a30_g22.json,/home/mathis/Documents/Travail/cbnsl_benchmark/scaling/../scaling/results/2026-04-02_10h34_sem_gaussian/graphs/NOTEARS Disc.__v20_a30_g22_s500.json,,9.723710279009538,12.0,10.0,0.6511627906976745,0.9259259259259259,0.7777777777777778,0.8620689655172413
sem_gaussian,LiNGAM,"{""threshold_lingam"": 0.1}",20,30,500,22,/home/mathis/Documents/Travail/cbnsl_benchmark/scaling/../scaling/results/2026-04-02_10h34_sem_gaussian/graphs/golden__v20_a30_g22.json,/home/mathis/Documents/Travail/cbnsl_benchmark/scaling/../scaling/results/2026-04-02_10h34_sem_gaussian/graphs/LiNGAM__v20_a30_g22_s500.json,,1.3622806450002827,40.0,43.0,0.43076923076923085,0.725,1.0,1.0
sem_gaussian,CPC,"{""alpha"": 0.05, ""max_conditioning_set_size"": 3}",20,30,1000,22,/home/mathis/Documents/Travail/cbnsl_benchmark/scaling/../scaling/results/2026-04-02_10h34_sem_gaussian/graphs/golden__v20_a30_g22.json,/home/mathis/Documents/Travail/cbnsl_benchmark/scaling/../scaling/results/2026-04-02_10h34_sem_gaussian/graphs/CPC__v20_a30_g22_s1000.json,,2.4433397429820616,25.0,20.0,0.29411764705882354,0.7659574468085107,0.3125,0.6206896551724138
sem_gaussian,CMIIC,"{""alpha"": 0.05}",20,30,1000,22,/home/mathis/Documents/Travail/cbnsl_benchmark/scaling/../scaling/results/2026-04-02_10h34_sem_gaussian/graphs/golden__v20_a30_g22.json,/home/mathis/Documents/Travail/cbnsl_benchmark/scaling/../scaling/results/2026-04-02_10h34_sem_gaussian/graphs/CMIIC__v20_a30_g22_s1000.json,,5.582314445025986,24.0,19.0,0.06666666666666667,0.8400000000000001,0.1111111111111111,0.7241379310344828
sem_gaussian,MIIC,"{""n_bins"": 4, ""discretization_method"": ""quantile""}",20,30,1000,22,/home/mathis/Documents/Travail/cbnsl_benchmark/scaling/../scaling/results/2026-04-02_10h34_sem_gaussian/graphs/golden__v20_a30_g22.json,/home/mathis/Documents/Travail/cbnsl_benchmark/scaling/../scaling/results/2026-04-02_10h34_sem_gaussian/graphs/MIIC__v20_a30_g22_s1000.json,,0.12082345999078825,22.0,20.0,0.0,0.8627450980392156,0.0,0.7586206896551724
sem_gaussian,GHC+BDeu,"{""n_bins"": 4, ""discretization_method"": ""quantile""}",20,30,1000,22,/home/mathis/Documents/Travail/cbnsl_benchmark/scaling/../scaling/results/2026-04-02_10h34_sem_gaussian/graphs/golden__v20_a30_g22.json,/home/mathis/Documents/Travail/cbnsl_benchmark/scaling/../scaling/results/2026-04-02_10h34_sem_gaussian/graphs/GHC+BDeu__v20_a30_g22_s1000.json,,0.1010864450072404,27.0,21.0,0.0,0.6808510638297872,0.0,0.5517241379310345
sem_gaussian,NOTEARS,"{""lambda1"": 0.0, ""w_threshold_notears"": 0.3}",20,30,1000,22,/home/mathis/Documents/Travail/cbnsl_benchmark/scaling/../scaling/results/2026-04-02_10h34_sem_gaussian/graphs/golden__v20_a30_g22.json,/home/mathis/Documents/Travail/cbnsl_benchmark/scaling/../scaling/results/2026-04-02_10h34_sem_gaussian/graphs/NOTEARS__v20_a30_g22_s1000.json,,9.151365044992417,9.0,17.0,0.7391304347826088,0.9642857142857143,0.8947368421052632,0.9310344827586207
sem_gaussian,NOTEARS Disc.,"{""lambda1"": 0.1, ""w_threshold_notears"": 0.1, ""n_bins"": 4, ""discretization_method"": ""quantile""}",20,30,1000,22,/home/mathis/Documents/Travail/cbnsl_benchmark/scaling/../scaling/results/2026-04-02_10h34_sem_gaussian/graphs/golden__v20_a30_g22.json,/home/mathis/Documents/Travail/cbnsl_benchmark/scaling/../scaling/results/2026-04-02_10h34_sem_gaussian/graphs/NOTEARS Disc.__v20_a30_g22_s1000.json,,10.33602829099982,14.0,11.0,0.5853658536585367,0.9642857142857143,0.8571428571428571,0.9310344827586207
sem_gaussian,LiNGAM,"{""threshold_lingam"": 0.1}",20,30,1000,22,/home/mathis/Documents/Travail/cbnsl_benchmark/scaling/../scaling/results/2026-04-02_10h34_sem_gaussian/graphs/golden__v20_a30_g22.json,/home/mathis/Documents/Travail/cbnsl_benchmark/scaling/../scaling/results/2026-04-02_10h34_sem_gaussian/graphs/LiNGAM__v20_a30_g22_s1000.json,,1.6125400610035285,29.0,41.0,0.537313432835821,0.7272727272727274,0.9473684210526315,0.9655172413793104
sem_gaussian,CPC,"{""alpha"": 0.05, ""max_conditioning_set_size"": 3}",20,30,3000,22,/home/mathis/Documents/Travail/cbnsl_benchmark/scaling/../scaling/results/2026-04-02_10h34_sem_gaussian/graphs/golden__v20_a30_g22.json,/home/mathis/Documents/Travail/cbnsl_benchmark/scaling/../scaling/results/2026-04-02_10h34_sem_gaussian/graphs/CPC__v20_a30_g22_s3000.json,,34.26444953001919,22.0,17.0,0.28571428571428575,0.8679245283018867,0.45454545454545453,0.7931034482758621
sem_gaussian,CMIIC,"{""alpha"": 0.05}",20,30,3000,22,/home/mathis/Documents/Travail/cbnsl_benchmark/scaling/../scaling/results/2026-04-02_10h34_sem_gaussian/graphs/golden__v20_a30_g22.json,/home/mathis/Documents/Travail/cbnsl_benchmark/scaling/../scaling/results/2026-04-02_10h34_sem_gaussian/graphs/CMIIC__v20_a30_g22_s3000.json,,53.000432077009464,25.0,23.0,0.1290322580645161,0.8627450980392156,0.2222222222222222,0.7586206896551724
sem_gaussian,MIIC,"{""n_bins"": 4, ""discretization_method"": ""quantile""}",20,30,3000,22,/home/mathis/Documents/Travail/cbnsl_benchmark/scaling/../scaling/results/2026-04-02_10h34_sem_gaussian/graphs/golden__v20_a30_g22.json,/home/mathis/Documents/Travail/cbnsl_benchmark/scaling/../scaling/results/2026-04-02_10h34_sem_gaussian/graphs/MIIC__v20_a30_g22_s3000.json,,0.6994877510005608,22.0,21.0,0.0,0.9056603773584906,0.0,0.8275862068965517
sem_gaussian,GHC+BDeu,"{""n_bins"": 4, ""discretization_method"": ""quantile""}",20,30,3000,22,/home/mathis/Documents/Travail/cbnsl_benchmark/scaling/../scaling/results/2026-04-02_10h34_sem_gaussian/graphs/golden__v20_a30_g22.json,/home/mathis/Documents/Travail/cbnsl_benchmark/scaling/../scaling/results/2026-04-02_10h34_sem_gaussian/graphs/GHC+BDeu__v20_a30_g22_s3000.json,,0.36743453302187845,22.0,22.0,0.45,0.830188679245283,0.5625,0.7586206896551724
sem_gaussian,NOTEARS,"{""lambda1"": 0.0, ""w_threshold_notears"": 0.3}",20,30,3000,22,/home/mathis/Documents/Travail/cbnsl_benchmark/scaling/../scaling/results/2026-04-02_10h34_sem_gaussian/graphs/golden__v20_a30_g22.json,/home/mathis/Documents/Travail/cbnsl_benchmark/scaling/../scaling/results/2026-04-02_10h34_sem_gaussian/graphs/NOTEARS__v20_a30_g22_s3000.json,,60.61007114700624,8.0,18.0,0.7659574468085106,0.9824561403508771,0.9473684210526315,0.9655172413793104
sem_gaussian,NOTEARS Disc.,"{""lambda1"": 0.1, ""w_threshold_notears"": 0.1, ""n_bins"": 4, ""discretization_method"": ""quantile""}",20,30,3000,22,/home/mathis/Documents/Travail/cbnsl_benchmark/scaling/../scaling/results/2026-04-02_10h34_sem_gaussian/graphs/golden__v20_a30_g22.json,/home/mathis/Documents/Travail/cbnsl_benchmark/scaling/../scaling/results/2026-04-02_10h34_sem_gaussian/graphs/NOTEARS Disc.__v20_a30_g22_s3000.json,,32.56958819599822,14.0,11.0,0.5853658536585367,0.9642857142857143,0.8571428571428571,0.9310344827586207
sem_gaussian,LiNGAM,"{""threshold_lingam"": 0.1}",20,30,3000,22,/home/mathis/Documents/Travail/cbnsl_benchmark/scaling/../scaling/results/2026-04-02_10h34_sem_gaussian/graphs/golden__v20_a30_g22.json,/home/mathis/Documents/Travail/cbnsl_benchmark/scaling/../scaling/results/2026-04-02_10h34_sem_gaussian/graphs/LiNGAM__v20_a30_g22_s3000.json,,2.8479986200109124,26.0,41.0,0.5,0.7671232876712328,0.9375,0.9655172413793104
sem_gaussian,CPC,"{""alpha"": 0.05, ""max_conditioning_set_size"": 3}",20,30,5000,22,/home/mathis/Documents/Travail/cbnsl_benchmark/scaling/../scaling/results/2026-04-02_10h34_sem_gaussian/graphs/golden__v20_a30_g22.json,/home/mathis/Documents/Travail/cbnsl_benchmark/scaling/../scaling/results/2026-04-02_10h34_sem_gaussian/graphs/CPC__v20_a30_g22_s5000.json,,123.60510901900125,23.0,19.0,0.5,0.9285714285714286,0.7692307692307693,0.896551724137931
sem_gaussian,CMIIC,"{""alpha"": 0.05}",20,30,5000,22,/home/mathis/Documents/Travail/cbnsl_benchmark/scaling/../scaling/results/2026-04-02_10h34_sem_gaussian/graphs/golden__v20_a30_g22.json,/home/mathis/Documents/Travail/cbnsl_benchmark/scaling/../scaling/results/2026-04-02_10h34_sem_gaussian/graphs/CMIIC__v20_a30_g22_s5000.json,,161.3507820770028,20.0,19.0,0.619047619047619,0.9056603773584906,0.7222222222222222,0.8275862068965517
sem_gaussian,MIIC,"{""n_bins"": 4, ""discretization_method"": ""quantile""}",20,30,5000,22,/home/mathis/Documents/Travail/cbnsl_benchmark/scaling/../scaling/results/2026-04-02_10h34_sem_gaussian/graphs/golden__v20_a30_g22.json,/home/mathis/Documents/Travail/cbnsl_benchmark/scaling/../scaling/results/2026-04-02_10h34_sem_gaussian/graphs/MIIC__v20_a30_g22_s5000.json,,2.6372308830032125,13.0,16.0,0.7659574468085107,0.9454545454545454,0.8571428571428571,0.896551724137931
sem_gaussian,GHC+BDeu,"{""n_bins"": 4, ""discretization_method"": ""quantile""}",20,30,5000,22,/home/mathis/Documents/Travail/cbnsl_benchmark/scaling/../scaling/results/2026-04-02_10h34_sem_gaussian/graphs/golden__v20_a30_g22.json,/home/mathis/Documents/Travail/cbnsl_benchmark/scaling/../scaling/results/2026-04-02_10h34_sem_gaussian/graphs/GHC+BDeu__v20_a30_g22_s5000.json,,0.9389750109985471,22.0,18.0,0.45,0.851851851851852,0.6,0.7931034482758621
sem_gaussian,NOTEARS,"{""lambda1"": 0.0, ""w_threshold_notears"": 0.3}",20,30,5000,22,/home/mathis/Documents/Travail/cbnsl_benchmark/scaling/../scaling/results/2026-04-02_10h34_sem_gaussian/graphs/golden__v20_a30_g22.json,/home/mathis/Documents/Travail/cbnsl_benchmark/scaling/../scaling/results/2026-04-02_10h34_sem_gaussian/graphs/NOTEARS__v20_a30_g22_s5000.json,,51.16505981699447,8.0,18.0,0.7659574468085106,0.9824561403508771,0.9473684210526315,0.9655172413793104
sem_gaussian,NOTEARS Disc.,"{""lambda1"": 0.1, ""w_threshold_notears"": 0.1, ""n_bins"": 4, ""discretization_method"": ""quantile""}",20,30,5000,22,/home/mathis/Documents/Travail/cbnsl_benchmark/scaling/../scaling/results/2026-04-02_10h34_sem_gaussian/graphs/golden__v20_a30_g22.json,/home/mathis/Documents/Travail/cbnsl_benchmark/scaling/../scaling/results/2026-04-02_10h34_sem_gaussian/graphs/NOTEARS Disc.__v20_a30_g22_s5000.json,,47.58757267802139,12.0,14.0,0.6511627906976744,0.9454545454545454,0.8235294117647058,0.896551724137931
sem_gaussian,LiNGAM,"{""threshold_lingam"": 0.1}",20,30,5000,22,/home/mathis/Documents/Travail/cbnsl_benchmark/scaling/../scaling/results/2026-04-02_10h34_sem_gaussian/graphs/golden__v20_a30_g22.json,/home/mathis/Documents/Travail/cbnsl_benchmark/scaling/../scaling/results/2026-04-02_10h34_sem_gaussian/graphs/LiNGAM__v20_a30_g22_s5000.json,,3.509349383006338,35.0,48.0,0.463768115942029,0.7073170731707317,1.0,1.0
sem_gaussian,CPC,"{""alpha"": 0.05, ""max_conditioning_set_size"": 3}",20,30,200,23,/home/mathis/Documents/Travail/cbnsl_benchmark/scaling/../scaling/results/2026-04-02_10h34_sem_gaussian/graphs/golden__v20_a30_g23.json,/home/mathis/Documents/Travail/cbnsl_benchmark/scaling/../scaling/results/2026-04-02_10h34_sem_gaussian/graphs/CPC__v20_a30_g23_s200.json,,0.06887464597821236,28.0,27.0,0.12500000000000003,0.5,0.09090909090909091,0.3333333333333333
sem_gaussian,CMIIC,"{""alpha"": 0.05}",20,30,200,23,/home/mathis/Documents/Travail/cbnsl_benchmark/scaling/../scaling/results/2026-04-02_10h34_sem_gaussian/graphs/golden__v20_a30_g23.json,/home/mathis/Documents/Travail/cbnsl_benchmark/scaling/../scaling/results/2026-04-02_10h34_sem_gaussian/graphs/CMIIC__v20_a30_g23_s200.json,,0.4317041549948044,22.0,19.0,0.43902439024390244,0.8363636363636363,0.5625,0.7666666666666667
sem_gaussian,MIIC,"{""n_bins"": 4, ""discretization_method"": ""quantile""}",20,30,200,23,/home/mathis/Documents/Travail/cbnsl_benchmark/scaling/../scaling/results/2026-04-02_10h34_sem_gaussian/graphs/golden__v20_a30_g23.json,/home/mathis/Documents/Travail/cbnsl_benchmark/scaling/../scaling/results/2026-04-02_10h34_sem_gaussian/graphs/MIIC__v20_a30_g23_s200.json,,0.05020349699771032,27.0,28.0,0.0,0.5365853658536585,0.0,0.36666666666666664
sem_gaussian,GHC+BDeu,"{""n_bins"": 4, ""discretization_method"": ""quantile""}",20,30,200,23,/home/mathis/Documents/Travail/cbnsl_benchmark/scaling/../scaling/results/2026-04-02_10h34_sem_gaussian/graphs/golden__v20_a30_g23.json,/home/mathis/Documents/Travail/cbnsl_benchmark/scaling/../scaling/results/2026-04-02_10h34_sem_gaussian/graphs/GHC+BDeu__v20_a30_g23_s200.json,,0.04013726400444284,27.0,28.0,0.0,0.5,0.0,0.3333333333333333
sem_gaussian,NOTEARS,"{""lambda1"": 0.0, ""w_threshold_notears"": 0.3}",20,30,200,23,/home/mathis/Documents/Travail/cbnsl_benchmark/scaling/../scaling/results/2026-04-02_10h34_sem_gaussian/graphs/golden__v20_a30_g23.json,/home/mathis/Documents/Travail/cbnsl_benchmark/scaling/../scaling/results/2026-04-02_10h34_sem_gaussian/graphs/NOTEARS__v20_a30_g23_s200.json,,5.218902560009155,7.0,21.0,0.8076923076923077,0.912280701754386,0.84,0.8666666666666667
sem_gaussian,NOTEARS Disc.,"{""lambda1"": 0.1, ""w_threshold_notears"": 0.1, ""n_bins"": 4, ""discretization_method"": ""quantile""}",20,30,200,23,/home/mathis/Documents/Travail/cbnsl_benchmark/scaling/../scaling/results/2026-04-02_10h34_sem_gaussian/graphs/golden__v20_a30_g23.json,/home/mathis/Documents/Travail/cbnsl_benchmark/scaling/../scaling/results/2026-04-02_10h34_sem_gaussian/graphs/NOTEARS Disc.__v20_a30_g23_s200.json,,4.021425523998914,20.0,22.0,0.5416666666666667,0.90625,0.9285714285714286,0.9666666666666667
sem_gaussian,LiNGAM,"{""threshold_lingam"": 0.1}",20,30,200,23,/home/mathis/Documents/Travail/cbnsl_benchmark/scaling/../scaling/results/2026-04-02_10h34_sem_gaussian/graphs/golden__v20_a30_g23.json,/home/mathis/Documents/Travail/cbnsl_benchmark/scaling/../scaling/results/2026-04-02_10h34_sem_gaussian/graphs/LiNGAM__v20_a30_g23_s200.json,,1.2643554770038463,54.0,50.0,0.33333333333333337,0.631578947368421,1.0,1.0
sem_gaussian,CPC,"{""alpha"": 0.05, ""max_conditioning_set_size"": 3}",20,30,500,23,/home/mathis/Documents/Travail/cbnsl_benchmark/scaling/../scaling/results/2026-04-02_10h34_sem_gaussian/graphs/golden__v20_a30_g23.json,/home/mathis/Documents/Travail/cbnsl_benchmark/scaling/../scaling/results/2026-04-02_10h34_sem_gaussian/graphs/CPC__v20_a30_g23_s500.json,,0.6242900889774319,28.0,29.0,0.18181818181818182,0.5,0.13043478260869565,0.3333333333333333
sem_gaussian,CMIIC,"{""alpha"": 0.05}",20,30,500,23,/home/mathis/Documents/Travail/cbnsl_benchmark/scaling/../scaling/results/2026-04-02_10h34_sem_gaussian/graphs/golden__v20_a30_g23.json,/home/mathis/Documents/Travail/cbnsl_benchmark/scaling/../scaling/results/2026-04-02_10h34_sem_gaussian/graphs/CMIIC__v20_a30_g23_s500.json,,1.8980009540100582,22.0,21.0,0.4615384615384615,0.8235294117647058,0.5,0.7
sem_gaussian,MIIC,"{""n_bins"": 4, ""discretization_method"": ""quantile""}",20,30,500,23,/home/mathis/Documents/Travail/cbnsl_benchmark/scaling/../scaling/results/2026-04-02_10h34_sem_gaussian/graphs/golden__v20_a30_g23.json,/home/mathis/Documents/Travail/cbnsl_benchmark/scaling/../scaling/results/2026-04-02_10h34_sem_gaussian/graphs/MIIC__v20_a30_g23_s500.json,,0.0804113179910928,22.0,22.0,0.0,0.8,0.0,0.6666666666666666
sem_gaussian,GHC+BDeu,"{""n_bins"": 4, ""discretization_method"": ""quantile""}",20,30,500,23,/home/mathis/Documents/Travail/cbnsl_benchmark/scaling/../scaling/results/2026-04-02_10h34_sem_gaussian/graphs/golden__v20_a30_g23.json,/home/mathis/Documents/Travail/cbnsl_benchmark/scaling/../scaling/results/2026-04-02_10h34_sem_gaussian/graphs/GHC+BDeu__v20_a30_g23_s500.json,,0.06620210999972187,27.0,28.0,0.0,0.7499999999999999,0.0,0.6
sem_gaussian,NOTEARS,"{""lambda1"": 0.0, ""w_threshold_notears"": 0.3}",20,30,500,23,/home/mathis/Documents/Travail/cbnsl_benchmark/scaling/../scaling/results/2026-04-02_10h34_sem_gaussian/graphs/golden__v20_a30_g23.json,/home/mathis/Documents/Travail/cbnsl_benchmark/scaling/../scaling/results/2026-04-02_10h34_sem_gaussian/graphs/NOTEARS__v20_a30_g23_s500.json,,6.383729808003409,9.0,23.0,0.76,0.912280701754386,0.8260869565217391,0.8666666666666667
sem_gaussian,NOTEARS Disc.,"{""lambda1"": 0.1, ""w_threshold_notears"": 0.1, ""n_bins"": 4, ""discretization_method"": ""quantile""}",20,30,500,23,/home/mathis/Documents/Travail/cbnsl_benchmark/scaling/../scaling/results/2026-04-02_10h34_sem_gaussian/graphs/golden__v20_a30_g23.json,/home/mathis/Documents/Travail/cbnsl_benchmark/scaling/../scaling/results/2026-04-02_10h34_sem_gaussian/graphs/NOTEARS Disc.__v20_a30_g23_s500.json,,5.143721708009252,20.0,23.0,0.5306122448979592,0.8749999999999999,0.8666666666666667,0.9333333333333333
sem_gaussian,LiNGAM,"{""threshold_lingam"": 0.1}",20,30,500,23,/home/mathis/Documents/Travail/cbnsl_benchmark/scaling/../scaling/results/2026-04-02_10h34_sem_gaussian/graphs/golden__v20_a30_g23.json,/home/mathis/Documents/Travail/cbnsl_benchmark/scaling/../scaling/results/2026-04-02_10h34_sem_gaussian/graphs/LiNGAM__v20_a30_g23_s500.json,,1.2647472569951788,48.0,55.0,0.425,0.6451612903225806,1.0,1.0
sem_gaussian,CPC,"{""alpha"": 0.05, ""max_conditioning_set_size"": 3}",20,30,1000,23,/home/mathis/Documents/Travail/cbnsl_benchmark/scaling/../scaling/results/2026-04-02_10h34_sem_gaussian/graphs/golden__v20_a30_g23.json,/home/mathis/Documents/Travail/cbnsl_benchmark/scaling/../scaling/results/2026-04-02_10h34_sem_gaussian/graphs/CPC__v20_a30_g23_s1000.json,,3.2216833499842323,29.0,27.0,0.1818181818181818,0.7234042553191489,0.1875,0.5666666666666667
sem_gaussian,CMIIC,"{""alpha"": 0.05}",20,30,1000,23,/home/mathis/Documents/Travail/cbnsl_benchmark/scaling/../scaling/results/2026-04-02_10h34_sem_gaussian/graphs/golden__v20_a30_g23.json,/home/mathis/Documents/Travail/cbnsl_benchmark/scaling/../scaling/results/2026-04-02_10h34_sem_gaussian/graphs/CMIIC__v20_a30_g23_s1000.json,,6.097169406013563,19.0,22.0,0.5714285714285715,0.8679245283018869,0.631578947368421,0.7666666666666667
sem_gaussian,MIIC,"{""n_bins"": 4, ""discretization_method"": ""quantile""}",20,30,1000,23,/home/mathis/Documents/Travail/cbnsl_benchmark/scaling/../scaling/results/2026-04-02_10h34_sem_gaussian/graphs/golden__v20_a30_g23.json,/home/mathis/Documents/Travail/cbnsl_benchmark/scaling/../scaling/results/2026-04-02_10h34_sem_gaussian/graphs/MIIC__v20_a30_g23_s1000.json,,0.13952264000545256,20.0,23.0,0.0,0.8727272727272728,0.0,0.8
sem_gaussian,GHC+BDeu,"{""n_bins"": 4, ""discretization_method"": ""quantile""}",20,30,1000,23,/home/mathis/Documents/Travail/cbnsl_benchmark/scaling/../scaling/results/2026-04-02_10h34_sem_gaussian/graphs/golden__v20_a30_g23.json,/home/mathis/Documents/Travail/cbnsl_benchmark/scaling/../scaling/results/2026-04-02_10h34_sem_gaussian/graphs/GHC+BDeu__v20_a30_g23_s1000.json,,0.10553416001494043,25.0,26.0,0.125,0.7755102040816326,0.15384615384615385,0.6333333333333333
sem_gaussian,NOTEARS,"{""lambda1"": 0.0, ""w_threshold_notears"": 0.3}",20,30,1000,23,/home/mathis/Documents/Travail/cbnsl_benchmark/scaling/../scaling/results/2026-04-02_10h34_sem_gaussian/graphs/golden__v20_a30_g23.json,/home/mathis/Documents/Travail/cbnsl_benchmark/scaling/../scaling/results/2026-04-02_10h34_sem_gaussian/graphs/NOTEARS__v20_a30_g23_s1000.json,,12.148643765016459,7.0,20.0,0.8214285714285715,0.9523809523809523,1.0,1.0
sem_gaussian,NOTEARS Disc.,"{""lambda1"": 0.1, ""w_threshold_notears"": 0.1, ""n_bins"": 4, ""discretization_method"": ""quantile""}",20,30,1000,23,/home/mathis/Documents/Travail/cbnsl_benchmark/scaling/../scaling/results/2026-04-02_10h34_sem_gaussian/graphs/golden__v20_a30_g23.json,/home/mathis/Documents/Travail/cbnsl_benchmark/scaling/../scaling/results/2026-04-02_10h34_sem_gaussian/graphs/NOTEARS Disc.__v20_a30_g23_s1000.json,,9.642604966997169,21.0,20.0,0.5,0.8749999999999999,0.8571428571428571,0.9333333333333333
sem_gaussian,LiNGAM,"{""threshold_lingam"": 0.1}",20,30,1000,23,/home/mathis/Documents/Travail/cbnsl_benchmark/scaling/../scaling/results/2026-04-02_10h34_sem_gaussian/graphs/golden__v20_a30_g23.json,/home/mathis/Documents/Travail/cbnsl_benchmark/scaling/../scaling/results/2026-04-02_10h34_sem_gaussian/graphs/LiNGAM__v20_a30_g23_s1000.json,,1.6284059079771396,39.0,41.0,0.4931506849315069,0.7058823529411764,1.0,1.0
sem_gaussian,CPC,"{""alpha"": 0.05, ""max_conditioning_set_size"": 3}",20,30,3000,23,/home/mathis/Documents/Travail/cbnsl_benchmark/scaling/../scaling/results/2026-04-02_10h34_sem_gaussian/graphs/golden__v20_a30_g23.json,/home/mathis/Documents/Travail/cbnsl_benchmark/scaling/../scaling/results/2026-04-02_10h34_sem_gaussian/graphs/CPC__v20_a30_g23_s3000.json,,46.4057527630066,18.0,21.0,0.6222222222222222,0.912280701754386,0.7777777777777778,0.8666666666666667
sem_gaussian,CMIIC,"{""alpha"": 0.05}",20,30,3000,23,/home/mathis/Documents/Travail/cbnsl_benchmark/scaling/../scaling/results/2026-04-02_10h34_sem_gaussian/graphs/golden__v20_a30_g23.json,/home/mathis/Documents/Travail/cbnsl_benchmark/scaling/../scaling/results/2026-04-02_10h34_sem_gaussian/graphs/CMIIC__v20_a30_g23_s3000.json,,144.30327583701,22.0,21.0,0.4210526315789474,0.888888888888889,0.5714285714285714,0.8
sem_gaussian,MIIC,"{""n_bins"": 4, ""discretization_method"": ""quantile""}",20,30,3000,23,/home/mathis/Documents/Travail/cbnsl_benchmark/scaling/../scaling/results/2026-04-02_10h34_sem_gaussian/graphs/golden__v20_a30_g23.json,/home/mathis/Documents/Travail/cbnsl_benchmark/scaling/../scaling/results/2026-04-02_10h34_sem_gaussian/graphs/MIIC__v20_a30_g23_s3000.json,,1.2962920290010516,19.0,23.0,0.6046511627906976,0.9285714285714286,0.7647058823529411,0.8666666666666667
sem_gaussian,GHC+BDeu,"{""n_bins"": 4, ""discretization_method"": ""quantile""}",20,30,3000,23,/home/mathis/Documents/Travail/cbnsl_benchmark/scaling/../scaling/results/2026-04-02_10h34_sem_gaussian/graphs/golden__v20_a30_g23.json,/home/mathis/Documents/Travail/cbnsl_benchmark/scaling/../scaling/results/2026-04-02_10h34_sem_gaussian/graphs/GHC+BDeu__v20_a30_g23_s3000.json,,0.6901351269916631,14.0,13.0,0.6222222222222222,0.8928571428571429,0.7368421052631579,0.8333333333333334
sem_gaussian,NOTEARS,"{""lambda1"": 0.0, ""w_threshold_notears"": 0.3}",20,30,3000,23,/home/mathis/Documents/Travail/cbnsl_benchmark/scaling/../scaling/results/2026-04-02_10h34_sem_gaussian/graphs/golden__v20_a30_g23.json,/home/mathis/Documents/Travail/cbnsl_benchmark/scaling/../scaling/results/2026-04-02_10h34_sem_gaussian/graphs/NOTEARS__v20_a30_g23_s3000.json,,92.1055043899978,12.0,24.0,0.7924528301886793,0.9152542372881356,0.875,0.9
sem_gaussian,NOTEARS Disc.,"{""lambda1"": 0.1, ""w_threshold_notears"": 0.1, ""n_bins"": 4, ""discretization_method"": ""quantile""}",20,30,3000,23,/home/mathis/Documents/Travail/cbnsl_benchmark/scaling/../scaling/results/2026-04-02_10h34_sem_gaussian/graphs/golden__v20_a30_g23.json,/home/mathis/Documents/Travail/cbnsl_benchmark/scaling/../scaling/results/2026-04-02_10h34_sem_gaussian/graphs/NOTEARS Disc.__v20_a30_g23_s3000.json,,60.04678641198552,13.0,22.0,0.6799999999999999,0.9354838709677419,0.9444444444444444,0.9666666666666667
sem_gaussian,LiNGAM,"{""threshold_lingam"": 0.1}",20,30,3000,23,/home/mathis/Documents/Travail/cbnsl_benchmark/scaling/../scaling/results/2026-04-02_10h34_sem_gaussian/graphs/golden__v20_a30_g23.json,/home/mathis/Documents/Travail/cbnsl_benchmark/scaling/../scaling/results/2026-04-02_10h34_sem_gaussian/graphs/LiNGAM__v20_a30_g23_s3000.json,,2.96202659298433,38.0,49.0,0.45333333333333325,0.6666666666666667,0.9444444444444444,0.9666666666666667
sem_gaussian,CPC,"{""alpha"": 0.05, ""max_conditioning_set_size"": 3}",20,30,5000,23,/home/mathis/Documents/Travail/cbnsl_benchmark/scaling/../scaling/results/2026-04-02_10h34_sem_gaussian/graphs/golden__v20_a30_g23.json,/home/mathis/Documents/Travail/cbnsl_benchmark/scaling/../scaling/results/2026-04-02_10h34_sem_gaussian/graphs/CPC__v20_a30_g23_s5000.json,,140.50104402401485,19.0,26.0,0.6250000000000001,0.8620689655172413,0.75,0.8333333333333334
sem_gaussian,CMIIC,"{""alpha"": 0.05}",20,30,5000,23,/home/mathis/Documents/Travail/cbnsl_benchmark/scaling/../scaling/results/2026-04-02_10h34_sem_gaussian/graphs/golden__v20_a30_g23.json,/home/mathis/Documents/Travail/cbnsl_benchmark/scaling/../scaling/results/2026-04-02_10h34_sem_gaussian/graphs/CMIIC__v20_a30_g23_s5000.json,,175.36155963799683,18.0,22.0,0.6046511627906976,0.8679245283018869,0.65,0.7666666666666667
sem_gaussian,MIIC,"{""n_bins"": 4, ""discretization_method"": ""quantile""}",20,30,5000,23,/home/mathis/Documents/Travail/cbnsl_benchmark/scaling/../scaling/results/2026-04-02_10h34_sem_gaussian/graphs/golden__v20_a30_g23.json,/home/mathis/Documents/Travail/cbnsl_benchmark/scaling/../scaling/results/2026-04-02_10h34_sem_gaussian/graphs/MIIC__v20_a30_g23_s5000.json,,1.7435223149950616,18.0,18.0,0.6046511627906976,0.9473684210526316,0.8125,0.9
sem_gaussian,GHC+BDeu,"{""n_bins"": 4, ""discretization_method"": ""quantile""}",20,30,5000,23,/home/mathis/Documents/Travail/cbnsl_benchmark/scaling/../scaling/results/2026-04-02_10h34_sem_gaussian/graphs/golden__v20_a30_g23.json,/home/mathis/Documents/Travail/cbnsl_benchmark/scaling/../scaling/results/2026-04-02_10h34_sem_gaussian/graphs/GHC+BDeu__v20_a30_g23_s5000.json,,0.8611637820140459,19.0,24.0,0.5581395348837209,0.912280701754386,0.75,0.8666666666666667
sem_gaussian,NOTEARS,"{""lambda1"": 0.0, ""w_threshold_notears"": 0.3}",20,30,5000,23,/home/mathis/Documents/Travail/cbnsl_benchmark/scaling/../scaling/results/2026-04-02_10h34_sem_gaussian/graphs/golden__v20_a30_g23.json,/home/mathis/Documents/Travail/cbnsl_benchmark/scaling/../scaling/results/2026-04-02_10h34_sem_gaussian/graphs/NOTEARS__v20_a30_g23_s5000.json,,74.25989855601802,12.0,19.0,0.8,0.9,0.88,0.9
sem_gaussian,NOTEARS Disc.,"{""lambda1"": 0.1, ""w_threshold_notears"": 0.1, ""n_bins"": 4, ""discretization_method"": ""quantile""}",20,30,5000,23,/home/mathis/Documents/Travail/cbnsl_benchmark/scaling/../scaling/results/2026-04-02_10h34_sem_gaussian/graphs/golden__v20_a30_g23.json,/home/mathis/Documents/Travail/cbnsl_benchmark/scaling/../scaling/results/2026-04-02_10h34_sem_gaussian/graphs/NOTEARS Disc.__v20_a30_g23_s5000.json,,27.452019443997415,13.0,22.0,0.6799999999999999,0.9354838709677419,0.9444444444444444,0.9666666666666667
sem_gaussian,LiNGAM,"{""threshold_lingam"": 0.1}",20,30,5000,23,/home/mathis/Documents/Travail/cbnsl_benchmark/scaling/../scaling/results/2026-04-02_10h34_sem_gaussian/graphs/golden__v20_a30_g23.json,/home/mathis/Documents/Travail/cbnsl_benchmark/scaling/../scaling/results/2026-04-02_10h34_sem_gaussian/graphs/LiNGAM__v20_a30_g23_s5000.json,,3.8315126939851325,41.0,48.0,0.4736842105263158,0.6818181818181819,1.0,1.0
sem_gaussian,CPC,"{""alpha"": 0.05, ""max_conditioning_set_size"": 3}",20,30,200,24,/home/mathis/Documents/Travail/cbnsl_benchmark/scaling/../scaling/results/2026-04-02_10h34_sem_gaussian/graphs/golden__v20_a30_g24.json,/home/mathis/Documents/Travail/cbnsl_benchmark/scaling/../scaling/results/2026-04-02_10h34_sem_gaussian/graphs/CPC__v20_a30_g24_s200.json,,0.06744019300094806,23.0,23.0,0.25,0.6341463414634146,0.21052631578947367,0.4642857142857143
sem_gaussian,CMIIC,"{""alpha"": 0.05}",20,30,200,24,/home/mathis/Documents/Travail/cbnsl_benchmark/scaling/../scaling/results/2026-04-02_10h34_sem_gaussian/graphs/golden__v20_a30_g24.json,/home/mathis/Documents/Travail/cbnsl_benchmark/scaling/../scaling/results/2026-04-02_10h34_sem_gaussian/graphs/CMIIC__v20_a30_g24_s200.json,,0.3483840890112333,19.0,19.0,0.3529411764705882,0.9019607843137255,0.5454545454545454,0.8214285714285714
sem_gaussian,MIIC,"{""n_bins"": 4, ""discretization_method"": ""quantile""}",20,30,200,24,/home/mathis/Documents/Travail/cbnsl_benchmark/scaling/../scaling/results/2026-04-02_10h34_sem_gaussian/graphs/golden__v20_a30_g24.json,/home/mathis/Documents/Travail/cbnsl_benchmark/scaling/../scaling/results/2026-04-02_10h34_sem_gaussian/graphs/MIIC__v20_a30_g24_s200.json,,0.04638130898820236,27.0,22.0,0.0,0.5641025641025641,0.0,0.39285714285714285
sem_gaussian,GHC+BDeu,"{""n_bins"": 4, ""discretization_method"": ""quantile""}",20,30,200,24,/home/mathis/Documents/Travail/cbnsl_benchmark/scaling/../scaling/results/2026-04-02_10h34_sem_gaussian/graphs/golden__v20_a30_g24.json,/home/mathis/Documents/Travail/cbnsl_benchmark/scaling/../scaling/results/2026-04-02_10h34_sem_gaussian/graphs/GHC+BDeu__v20_a30_g24_s200.json,,0.044718514021951705,27.0,24.0,0.0,0.35294117647058826,0.0,0.21428571428571427
sem_gaussian,NOTEARS,"{""lambda1"": 0.0, ""w_threshold_notears"": 0.3}",20,30,200,24,/home/mathis/Documents/Travail/cbnsl_benchmark/scaling/../scaling/results/2026-04-02_10h34_sem_gaussian/graphs/golden__v20_a30_g24.json,/home/mathis/Documents/Travail/cbnsl_benchmark/scaling/../scaling/results/2026-04-02_10h34_sem_gaussian/graphs/NOTEARS__v20_a30_g24_s200.json,,5.233769782003947,8.0,12.0,0.8333333333333333,0.9433962264150945,0.8695652173913043,0.8928571428571429
sem_gaussian,NOTEARS Disc.,"{""lambda1"": 0.1, ""w_threshold_notears"": 0.1, ""n_bins"": 4, ""discretization_method"": ""quantile""}",20,30,200,24,/home/mathis/Documents/Travail/cbnsl_benchmark/scaling/../scaling/results/2026-04-02_10h34_sem_gaussian/graphs/golden__v20_a30_g24.json,,[pyAgrum] Directed cycle detected: Add a directed cycle in a dag !,,,,,,,
sem_gaussian,LiNGAM,"{""threshold_lingam"": 0.1}",20,30,200,24,/home/mathis/Documents/Travail/cbnsl_benchmark/scaling/../scaling/results/2026-04-02_10h34_sem_gaussian/graphs/golden__v20_a30_g24.json,/home/mathis/Documents/Travail/cbnsl_benchmark/scaling/../scaling/results/2026-04-02_10h34_sem_gaussian/graphs/LiNGAM__v20_a30_g24_s200.json,,1.5536789660109207,39.0,40.0,0.36666666666666664,0.7105263157894737,0.9166666666666666,0.9642857142857143
sem_gaussian,CPC,"{""alpha"": 0.05, ""max_conditioning_set_size"": 3}",20,30,500,24,/home/mathis/Documents/Travail/cbnsl_benchmark/scaling/../scaling/results/2026-04-02_10h34_sem_gaussian/graphs/golden__v20_a30_g24.json,/home/mathis/Documents/Travail/cbnsl_benchmark/scaling/../scaling/results/2026-04-02_10h34_sem_gaussian/graphs/CPC__v20_a30_g24_s500.json,,0.4689762060006615,19.0,20.0,0.48648648648648646,0.7555555555555554,0.45,0.6071428571428571
sem_gaussian,CMIIC,"{""alpha"": 0.05}",20,30,500,24,/home/mathis/Documents/Travail/cbnsl_benchmark/scaling/../scaling/results/2026-04-02_10h34_sem_gaussian/graphs/golden__v20_a30_g24.json,/home/mathis/Documents/Travail/cbnsl_benchmark/scaling/../scaling/results/2026-04-02_10h34_sem_gaussian/graphs/CMIIC__v20_a30_g24_s500.json,,1.619805455004098,17.0,17.0,0.5641025641025641,0.923076923076923,0.7333333333333333,0.8571428571428571
sem_gaussian,MIIC,"{""n_bins"": 4, ""discretization_method"": ""quantile""}",20,30,500,24,/home/mathis/Documents/Travail/cbnsl_benchmark/scaling/../scaling/results/2026-04-02_10h34_sem_gaussian/graphs/golden__v20_a30_g24.json,/home/mathis/Documents/Travail/cbnsl_benchmark/scaling/../scaling/results/2026-04-02_10h34_sem_gaussian/graphs/MIIC__v20_a30_g24_s500.json,,0.06949015997815877,23.0,13.0,0.0,0.8571428571428571,0.0,0.75
sem_gaussian,GHC+BDeu,"{""n_bins"": 4, ""discretization_method"": ""quantile""}",20,30,500,24,/home/mathis/Documents/Travail/cbnsl_benchmark/scaling/../scaling/results/2026-04-02_10h34_sem_gaussian/graphs/golden__v20_a30_g24.json,/home/mathis/Documents/Travail/cbnsl_benchmark/scaling/../scaling/results/2026-04-02_10h34_sem_gaussian/graphs/GHC+BDeu__v20_a30_g24_s500.json,,0.06577079399721697,27.0,21.0,0.0,0.6976744186046512,0.0,0.5357142857142857
sem_gaussian,NOTEARS,"{""lambda1"": 0.0, ""w_threshold_notears"": 0.3}",20,30,500,24,/home/mathis/Documents/Travail/cbnsl_benchmark/scaling/../scaling/results/2026-04-02_10h34_sem_gaussian/graphs/golden__v20_a30_g24.json,/home/mathis/Documents/Travail/cbnsl_benchmark/scaling/../scaling/results/2026-04-02_10h34_sem_gaussian/graphs/NOTEARS__v20_a30_g24_s500.json,,9.560579331999179,4.0,19.0,0.8163265306122449,0.9454545454545454,0.9090909090909091,0.9285714285714286
sem_gaussian,NOTEARS Disc.,"{""lambda1"": 0.1, ""w_threshold_notears"": 0.1, ""n_bins"": 4, ""discretization_method"": ""quantile""}",20,30,500,24,/home/mathis/Documents/Travail/cbnsl_benchmark/scaling/../scaling/results/2026-04-02_10h34_sem_gaussian/graphs/golden__v20_a30_g24.json,/home/mathis/Documents/Travail/cbnsl_benchmark/scaling/../scaling/results/2026-04-02_10h34_sem_gaussian/graphs/NOTEARS Disc.__v20_a30_g24_s500.json,,6.45363444800023,18.0,14.0,0.5581395348837208,0.912280701754386,0.8571428571428571,0.9285714285714286
sem_gaussian,LiNGAM,"{""threshold_lingam"": 0.1}",20,30,500,24,/home/mathis/Documents/Travail/cbnsl_benchmark/scaling/../scaling/results/2026-04-02_10h34_sem_gaussian/graphs/golden__v20_a30_g24.json,/home/mathis/Documents/Travail/cbnsl_benchmark/scaling/../scaling/results/2026-04-02_10h34_sem_gaussian/graphs/LiNGAM__v20_a30_g24_s500.json,,1.3365412950224709,39.0,43.0,0.3389830508474576,0.7272727272727273,1.0,1.0
sem_gaussian,CPC,"{""alpha"": 0.05, ""max_conditioning_set_size"": 3}",20,30,1000,24,/home/mathis/Documents/Travail/cbnsl_benchmark/scaling/../scaling/results/2026-04-02_10h34_sem_gaussian/graphs/golden__v20_a30_g24.json,/home/mathis/Documents/Travail/cbnsl_benchmark/scaling/../scaling/results/2026-04-02_10h34_sem_gaussian/graphs/CPC__v20_a30_g24_s1000.json,,1.8500508049910422,21.0,20.0,0.4444444444444444,0.8571428571428571,0.5333333333333333,0.75
sem_gaussian,CMIIC,"{""alpha"": 0.05}",20,30,1000,24,/home/mathis/Documents/Travail/cbnsl_benchmark/scaling/../scaling/results/2026-04-02_10h34_sem_gaussian/graphs/golden__v20_a30_g24.json,/home/mathis/Documents/Travail/cbnsl_benchmark/scaling/../scaling/results/2026-04-02_10h34_sem_gaussian/graphs/CMIIC__v20_a30_g24_s1000.json,,5.832014938001521,14.0,19.0,0.7555555555555555,0.9019607843137255,0.7727272727272727,0.8214285714285714
sem_gaussian,MIIC,"{""n_bins"": 4, ""discretization_method"": ""quantile""}",20,30,1000,24,/home/mathis/Documents/Travail/cbnsl_benchmark/scaling/../scaling/results/2026-04-02_10h34_sem_gaussian/graphs/golden__v20_a30_g24.json,/home/mathis/Documents/Travail/cbnsl_benchmark/scaling/../scaling/results/2026-04-02_10h34_sem_gaussian/graphs/MIIC__v20_a30_g24_s1000.json,,0.13041426800191402,24.0,16.0,0.0,0.923076923076923,0.0,0.8571428571428571
sem_gaussian,GHC+BDeu,"{""n_bins"": 4, ""discretization_method"": ""quantile""}",20,30,1000,24,/home/mathis/Documents/Travail/cbnsl_benchmark/scaling/../scaling/results/2026-04-02_10h34_sem_gaussian/graphs/golden__v20_a30_g24.json,/home/mathis/Documents/Travail/cbnsl_benchmark/scaling/../scaling/results/2026-04-02_10h34_sem_gaussian/graphs/GHC+BDeu__v20_a30_g24_s1000.json,,0.10984131399891339,27.0,20.0,0.0,0.7659574468085106,0.0,0.6428571428571429
sem_gaussian,NOTEARS,"{""lambda1"": 0.0, ""w_threshold_notears"": 0.3}",20,30,1000,24,/home/mathis/Documents/Travail/cbnsl_benchmark/scaling/../scaling/results/2026-04-02_10h34_sem_gaussian/graphs/golden__v20_a30_g24.json,/home/mathis/Documents/Travail/cbnsl_benchmark/scaling/../scaling/results/2026-04-02_10h34_sem_gaussian/graphs/NOTEARS__v20_a30_g24_s1000.json,,21.247876478009857,5.0,12.0,0.8333333333333333,1.0,1.0,1.0
sem_gaussian,NOTEARS Disc.,"{""lambda1"": 0.1, ""w_threshold_notears"": 0.1, ""n_bins"": 4, ""discretization_method"": ""quantile""}",20,30,1000,24,/home/mathis/Documents/Travail/cbnsl_benchmark/scaling/../scaling/results/2026-04-02_10h34_sem_gaussian/graphs/golden__v20_a30_g24.json,/home/mathis/Documents/Travail/cbnsl_benchmark/scaling/../scaling/results/2026-04-02_10h34_sem_gaussian/graphs/NOTEARS Disc.__v20_a30_g24_s1000.json,,17.331983886979287,9.0,15.0,0.7234042553191489,0.9473684210526316,0.9444444444444444,0.9642857142857143
sem_gaussian,LiNGAM,"{""threshold_lingam"": 0.1}",20,30,1000,24,/home/mathis/Documents/Travail/cbnsl_benchmark/scaling/../scaling/results/2026-04-02_10h34_sem_gaussian/graphs/golden__v20_a30_g24.json,/home/mathis/Documents/Travail/cbnsl_benchmark/scaling/../scaling/results/2026-04-02_10h34_sem_gaussian/graphs/LiNGAM__v20_a30_g24_s1000.json,,2.769980676996056,41.0,40.0,0.375,0.7000000000000001,1.0,1.0
sem_gaussian,CPC,"{""alpha"": 0.05, ""max_conditioning_set_size"": 3}",20,30,3000,24,/home/mathis/Documents/Travail/cbnsl_benchmark/scaling/../scaling/results/2026-04-02_10h34_sem_gaussian/graphs/golden__v20_a30_g24.json,/home/mathis/Documents/Travail/cbnsl_benchmark/scaling/../scaling/results/2026-04-02_10h34_sem_gaussian/graphs/CPC__v20_a30_g24_s3000.json,,63.19071057002293,19.0,18.0,0.55,0.9259259259259259,0.7857142857142857,0.8928571428571429
sem_gaussian,CMIIC,"{""alpha"": 0.05}",20,30,3000,24,/home/mathis/Documents/Travail/cbnsl_benchmark/scaling/../scaling/results/2026-04-02_10h34_sem_gaussian/graphs/golden__v20_a30_g24.json,/home/mathis/Documents/Travail/cbnsl_benchmark/scaling/../scaling/results/2026-04-02_10h34_sem_gaussian/graphs/CMIIC__v20_a30_g24_s3000.json,,52.91821077201166,13.0,19.0,0.7826086956521738,0.923076923076923,0.8181818181818182,0.8571428571428571
sem_gaussian,MIIC,"{""n_bins"": 4, ""discretization_method"": ""quantile""}",20,30,3000,24,/home/mathis/Documents/Travail/cbnsl_benchmark/scaling/../scaling/results/2026-04-02_10h34_sem_gaussian/graphs/golden__v20_a30_g24.json,/home/mathis/Documents/Travail/cbnsl_benchmark/scaling/../scaling/results/2026-04-02_10h34_sem_gaussian/graphs/MIIC__v20_a30_g24_s3000.json,,0.47705785199650563,19.0,19.0,0.6,0.9433962264150945,0.8,0.8928571428571429
sem_gaussian,GHC+BDeu,"{""n_bins"": 4, ""discretization_method"": ""quantile""}",20,30,3000,24,/home/mathis/Documents/Travail/cbnsl_benchmark/scaling/../scaling/results/2026-04-02_10h34_sem_gaussian/graphs/golden__v20_a30_g24.json,/home/mathis/Documents/Travail/cbnsl_benchmark/scaling/../scaling/results/2026-04-02_10h34_sem_gaussian/graphs/GHC+BDeu__v20_a30_g24_s3000.json,,0.35849121399223804,24.0,19.0,0.24242424242424246,0.8163265306122449,0.3333333333333333,0.7142857142857143
sem_gaussian,NOTEARS,"{""lambda1"": 0.0, ""w_threshold_notears"": 0.3}",20,30,3000,24,/home/mathis/Documents/Travail/cbnsl_benchmark/scaling/../scaling/results/2026-04-02_10h34_sem_gaussian/graphs/golden__v20_a30_g24.json,/home/mathis/Documents/Travail/cbnsl_benchmark/scaling/../scaling/results/2026-04-02_10h34_sem_gaussian/graphs/NOTEARS__v20_a30_g24_s3000.json,,26.677855860005366,4.0,13.0,0.8085106382978724,0.9818181818181818,0.95,0.9642857142857143
sem_gaussian,NOTEARS Disc.,"{""lambda1"": 0.1, ""w_threshold_notears"": 0.1, ""n_bins"": 4, ""discretization_method"": ""quantile""}",20,30,3000,24,/home/mathis/Documents/Travail/cbnsl_benchmark/scaling/../scaling/results/2026-04-02_10h34_sem_gaussian/graphs/golden__v20_a30_g24.json,/home/mathis/Documents/Travail/cbnsl_benchmark/scaling/../scaling/results/2026-04-02_10h34_sem_gaussian/graphs/NOTEARS Disc.__v20_a30_g24_s3000.json,,13.764712736010551,9.0,15.0,0.7234042553191489,0.9473684210526316,0.9444444444444444,0.9642857142857143
sem_gaussian,LiNGAM,"{""threshold_lingam"": 0.1}",20,30,3000,24,/home/mathis/Documents/Travail/cbnsl_benchmark/scaling/../scaling/results/2026-04-02_10h34_sem_gaussian/graphs/golden__v20_a30_g24.json,/home/mathis/Documents/Travail/cbnsl_benchmark/scaling/../scaling/results/2026-04-02_10h34_sem_gaussian/graphs/LiNGAM__v20_a30_g24_s3000.json,,2.7062124280200806,39.0,33.0,0.4262295081967213,0.7368421052631579,1.0,1.0
sem_gaussian,CPC,"{""alpha"": 0.05, ""max_conditioning_set_size"": 3}",20,30,5000,24,/home/mathis/Documents/Travail/cbnsl_benchmark/scaling/../scaling/results/2026-04-02_10h34_sem_gaussian/graphs/golden__v20_a30_g24.json,/home/mathis/Documents/Travail/cbnsl_benchmark/scaling/../scaling/results/2026-04-02_10h34_sem_gaussian/graphs/CPC__v20_a30_g24_s5000.json,,70.2640292950091,19.0,15.0,0.5263157894736842,0.962962962962963,0.8333333333333334,0.9285714285714286
sem_gaussian,CMIIC,"{""alpha"": 0.05}",20,30,5000,24,/home/mathis/Documents/Travail/cbnsl_benchmark/scaling/../scaling/results/2026-04-02_10h34_sem_gaussian/graphs/golden__v20_a30_g24.json,/home/mathis/Documents/Travail/cbnsl_benchmark/scaling/../scaling/results/2026-04-02_10h34_sem_gaussian/graphs/CMIIC__v20_a30_g24_s5000.json,,120.55019623998669,18.0,19.0,0.6666666666666666,0.923076923076923,0.7777777777777778,0.8571428571428571
sem_gaussian,MIIC,"{""n_bins"": 4, ""discretization_method"": ""quantile""}",20,30,5000,24,/home/mathis/Documents/Travail/cbnsl_benchmark/scaling/../scaling/results/2026-04-02_10h34_sem_gaussian/graphs/golden__v20_a30_g24.json,/home/mathis/Documents/Travail/cbnsl_benchmark/scaling/../scaling/results/2026-04-02_10h34_sem_gaussian/graphs/MIIC__v20_a30_g24_s5000.json,,1.0375644900195766,14.0,18.0,0.7555555555555556,0.9433962264150945,0.85,0.8928571428571429
sem_gaussian,GHC+BDeu,"{""n_bins"": 4, ""discretization_method"": ""quantile""}",20,30,5000,24,/home/mathis/Documents/Travail/cbnsl_benchmark/scaling/../scaling/results/2026-04-02_10h34_sem_gaussian/graphs/golden__v20_a30_g24.json,/home/mathis/Documents/Travail/cbnsl_benchmark/scaling/../scaling/results/2026-04-02_10h34_sem_gaussian/graphs/GHC+BDeu__v20_a30_g24_s5000.json,,0.586952075973386,15.0,16.0,0.7234042553191489,0.9285714285714286,0.8947368421052632,0.9285714285714286
sem_gaussian,NOTEARS,"{""lambda1"": 0.0, ""w_threshold_notears"": 0.3}",20,30,5000,24,/home/mathis/Documents/Travail/cbnsl_benchmark/scaling/../scaling/results/2026-04-02_10h34_sem_gaussian/graphs/golden__v20_a30_g24.json,/home/mathis/Documents/Travail/cbnsl_benchmark/scaling/../scaling/results/2026-04-02_10h34_sem_gaussian/graphs/NOTEARS__v20_a30_g24_s5000.json,,33.767414570000255,3.0,12.0,0.8085106382978724,1.0,1.0,1.0
sem_gaussian,NOTEARS Disc.,"{""lambda1"": 0.1, ""w_threshold_notears"": 0.1, ""n_bins"": 4, ""discretization_method"": ""quantile""}",20,30,5000,24,/home/mathis/Documents/Travail/cbnsl_benchmark/scaling/../scaling/results/2026-04-02_10h34_sem_gaussian/graphs/golden__v20_a30_g24.json,/home/mathis/Documents/Travail/cbnsl_benchmark/scaling/../scaling/results/2026-04-02_10h34_sem_gaussian/graphs/NOTEARS Disc.__v20_a30_g24_s5000.json,,26.35980962999747,9.0,15.0,0.7234042553191489,0.9473684210526316,0.9444444444444444,0.9642857142857143
sem_gaussian,LiNGAM,"{""threshold_lingam"": 0.1}",20,30,5000,24,/home/mathis/Documents/Travail/cbnsl_benchmark/scaling/../scaling/results/2026-04-02_10h34_sem_gaussian/graphs/golden__v20_a30_g24.json,/home/mathis/Documents/Travail/cbnsl_benchmark/scaling/../scaling/results/2026-04-02_10h34_sem_gaussian/graphs/LiNGAM__v20_a30_g24_s5000.json,,4.2896898120234255,28.0,30.0,0.49122807017543857,0.7887323943661972,1.0,1.0
sem_gaussian,CPC,"{""alpha"": 0.05, ""max_conditioning_set_size"": 3}",20,30,200,25,/home/mathis/Documents/Travail/cbnsl_benchmark/scaling/../scaling/results/2026-04-02_10h34_sem_gaussian/graphs/golden__v20_a30_g25.json,/home/mathis/Documents/Travail/cbnsl_benchmark/scaling/../scaling/results/2026-04-02_10h34_sem_gaussian/graphs/CPC__v20_a30_g25_s200.json,,0.13200836299802177,30.0,27.0,0.0,0.23529411764705882,0.0,0.13333333333333333
sem_gaussian,CMIIC,"{""alpha"": 0.05}",20,30,200,25,/home/mathis/Documents/Travail/cbnsl_benchmark/scaling/../scaling/results/2026-04-02_10h34_sem_gaussian/graphs/golden__v20_a30_g25.json,/home/mathis/Documents/Travail/cbnsl_benchmark/scaling/../scaling/results/2026-04-02_10h34_sem_gaussian/graphs/CMIIC__v20_a30_g25_s200.json,,0.927554189984221,25.0,20.0,0.3684210526315789,0.8727272727272728,0.5384615384615384,0.8
sem_gaussian,MIIC,"{""n_bins"": 4, ""discretization_method"": ""quantile""}",20,30,200,25,/home/mathis/Documents/Travail/cbnsl_benchmark/scaling/../scaling/results/2026-04-02_10h34_sem_gaussian/graphs/golden__v20_a30_g25.json,/home/mathis/Documents/Travail/cbnsl_benchmark/scaling/../scaling/results/2026-04-02_10h34_sem_gaussian/graphs/MIIC__v20_a30_g25_s200.json,,0.07583329599583521,27.0,29.0,0.0,0.6666666666666667,0.0,0.5333333333333333
sem_gaussian,GHC+BDeu,"{""n_bins"": 4, ""discretization_method"": ""quantile""}",20,30,200,25,/home/mathis/Documents/Travail/cbnsl_benchmark/scaling/../scaling/results/2026-04-02_10h34_sem_gaussian/graphs/golden__v20_a30_g25.json,/home/mathis/Documents/Travail/cbnsl_benchmark/scaling/../scaling/results/2026-04-02_10h34_sem_gaussian/graphs/GHC+BDeu__v20_a30_g25_s200.json,,0.04360087800887413,30.0,28.0,0.0,0.5,0.0,0.3333333333333333
sem_gaussian,NOTEARS,"{""lambda1"": 0.0, ""w_threshold_notears"": 0.3}",20,30,200,25,/home/mathis/Documents/Travail/cbnsl_benchmark/scaling/../scaling/results/2026-04-02_10h34_sem_gaussian/graphs/golden__v20_a30_g25.json,/home/mathis/Documents/Travail/cbnsl_benchmark/scaling/../scaling/results/2026-04-02_10h34_sem_gaussian/graphs/NOTEARS__v20_a30_g25_s200.json,,7.616760175995296,17.0,30.0,0.7241379310344829,0.84375,0.875,0.9
sem_gaussian,NOTEARS Disc.,"{""lambda1"": 0.1, ""w_threshold_notears"": 0.1, ""n_bins"": 4, ""discretization_method"": ""quantile""}",20,30,200,25,/home/mathis/Documents/Travail/cbnsl_benchmark/scaling/../scaling/results/2026-04-02_10h34_sem_gaussian/graphs/golden__v20_a30_g25.json,/home/mathis/Documents/Travail/cbnsl_benchmark/scaling/../scaling/results/2026-04-02_10h34_sem_gaussian/graphs/NOTEARS Disc.__v20_a30_g25_s200.json,,8.90080817299895,24.0,23.0,0.5555555555555556,0.8695652173913044,1.0,1.0
sem_gaussian,LiNGAM,"{""threshold_lingam"": 0.1}",20,30,200,25,/home/mathis/Documents/Travail/cbnsl_benchmark/scaling/../scaling/results/2026-04-02_10h34_sem_gaussian/graphs/golden__v20_a30_g25.json,/home/mathis/Documents/Travail/cbnsl_benchmark/scaling/../scaling/results/2026-04-02_10h34_sem_gaussian/graphs/LiNGAM__v20_a30_g25_s200.json,,1.3435597850184422,50.0,42.0,0.3055555555555556,0.6444444444444445,0.9166666666666666,0.9666666666666667
sem_gaussian,CPC,"{""alpha"": 0.05, ""max_conditioning_set_size"": 3}",20,30,500,25,/home/mathis/Documents/Travail/cbnsl_benchmark/scaling/../scaling/results/2026-04-02_10h34_sem_gaussian/graphs/golden__v20_a30_g25.json,/home/mathis/Documents/Travail/cbnsl_benchmark/scaling/../scaling/results/2026-04-02_10h34_sem_gaussian/graphs/CPC__v20_a30_g25_s500.json,,0.9095032119948883,27.0,27.0,0.1818181818181818,0.33333333333333337,0.1111111111111111,0.2
sem_gaussian,CMIIC,"{""alpha"": 0.05}",20,30,500,25,/home/mathis/Documents/Travail/cbnsl_benchmark/scaling/../scaling/results/2026-04-02_10h34_sem_gaussian/graphs/golden__v20_a30_g25.json,/home/mathis/Documents/Travail/cbnsl_benchmark/scaling/../scaling/results/2026-04-02_10h34_sem_gaussian/graphs/CMIIC__v20_a30_g25_s500.json,,2.70247071099584,23.0,19.0,0.3783783783783784,0.9090909090909091,0.5833333333333334,0.8333333333333334
sem_gaussian,MIIC,"{""n_bins"": 4, ""discretization_method"": ""quantile""}",20,30,500,25,/home/mathis/Documents/Travail/cbnsl_benchmark/scaling/../scaling/results/2026-04-02_10h34_sem_gaussian/graphs/golden__v20_a30_g25.json,/home/mathis/Documents/Travail/cbnsl_benchmark/scaling/../scaling/results/2026-04-02_10h34_sem_gaussian/graphs/MIIC__v20_a30_g25_s500.json,,0.10313007602235302,25.0,20.0,0.0,0.846153846153846,0.0,0.7333333333333333
sem_gaussian,GHC+BDeu,"{""n_bins"": 4, ""discretization_method"": ""quantile""}",20,30,500,25,/home/mathis/Documents/Travail/cbnsl_benchmark/scaling/../scaling/results/2026-04-02_10h34_sem_gaussian/graphs/golden__v20_a30_g25.json,/home/mathis/Documents/Travail/cbnsl_benchmark/scaling/../scaling/results/2026-04-02_10h34_sem_gaussian/graphs/GHC+BDeu__v20_a30_g25_s500.json,,0.06807162199402228,31.0,28.0,0.0,0.6521739130434783,0.0,0.5
sem_gaussian,NOTEARS,"{""lambda1"": 0.0, ""w_threshold_notears"": 0.3}",20,30,500,25,/home/mathis/Documents/Travail/cbnsl_benchmark/scaling/../scaling/results/2026-04-02_10h34_sem_gaussian/graphs/golden__v20_a30_g25.json,/home/mathis/Documents/Travail/cbnsl_benchmark/scaling/../scaling/results/2026-04-02_10h34_sem_gaussian/graphs/NOTEARS__v20_a30_g25_s500.json,,41.5962065620115,9.0,15.0,0.8214285714285714,0.9354838709677419,0.9583333333333334,0.9666666666666667
sem_gaussian,NOTEARS Disc.,"{""lambda1"": 0.1, ""w_threshold_notears"": 0.1, ""n_bins"": 4, ""discretization_method"": ""quantile""}",20,30,500,25,/home/mathis/Documents/Travail/cbnsl_benchmark/scaling/../scaling/results/2026-04-02_10h34_sem_gaussian/graphs/golden__v20_a30_g25.json,,[pyAgrum] Directed cycle detected: Add a directed cycle in a dag !,,,,,,,
sem_gaussian,LiNGAM,"{""threshold_lingam"": 0.1}",20,30,500,25,/home/mathis/Documents/Travail/cbnsl_benchmark/scaling/../scaling/results/2026-04-02_10h34_sem_gaussian/graphs/golden__v20_a30_g25.json,/home/mathis/Documents/Travail/cbnsl_benchmark/scaling/../scaling/results/2026-04-02_10h34_sem_gaussian/graphs/LiNGAM__v20_a30_g25_s500.json,,1.3749092579819262,41.0,49.0,0.4383561643835616,0.6896551724137931,1.0,1.0
sem_gaussian,CPC,"{""alpha"": 0.05, ""max_conditioning_set_size"": 3}",20,30,1000,25,/home/mathis/Documents/Travail/cbnsl_benchmark/scaling/../scaling/results/2026-04-02_10h34_sem_gaussian/graphs/golden__v20_a30_g25.json,/home/mathis/Documents/Travail/cbnsl_benchmark/scaling/../scaling/results/2026-04-02_10h34_sem_gaussian/graphs/CPC__v20_a30_g25_s1000.json,,4.464164523000363,23.0,27.0,0.45,0.7346938775510204,0.42857142857142855,0.6
sem_gaussian,CMIIC,"{""alpha"": 0.05}",20,30,1000,25,/home/mathis/Documents/Travail/cbnsl_benchmark/scaling/../scaling/results/2026-04-02_10h34_sem_gaussian/graphs/golden__v20_a30_g25.json,/home/mathis/Documents/Travail/cbnsl_benchmark/scaling/../scaling/results/2026-04-02_10h34_sem_gaussian/graphs/CMIIC__v20_a30_g25_s1000.json,,8.005488317023264,25.0,21.0,0.28571428571428575,0.888888888888889,0.45454545454545453,0.8
sem_gaussian,MIIC,"{""n_bins"": 4, ""discretization_method"": ""quantile""}",20,30,1000,25,/home/mathis/Documents/Travail/cbnsl_benchmark/scaling/../scaling/results/2026-04-02_10h34_sem_gaussian/graphs/golden__v20_a30_g25.json,/home/mathis/Documents/Travail/cbnsl_benchmark/scaling/../scaling/results/2026-04-02_10h34_sem_gaussian/graphs/MIIC__v20_a30_g25_s1000.json,,0.1642212230071891,23.0,18.0,0.0,0.912280701754386,0.0,0.8666666666666667
sem_gaussian,GHC+BDeu,"{""n_bins"": 4, ""discretization_method"": ""quantile""}",20,30,1000,25,/home/mathis/Documents/Travail/cbnsl_benchmark/scaling/../scaling/results/2026-04-02_10h34_sem_gaussian/graphs/golden__v20_a30_g25.json,/home/mathis/Documents/Travail/cbnsl_benchmark/scaling/../scaling/results/2026-04-02_10h34_sem_gaussian/graphs/GHC+BDeu__v20_a30_g25_s1000.json,,0.1035807270091027,28.0,23.0,0.12121212121212123,0.7599999999999999,0.15384615384615385,0.6333333333333333
sem_gaussian,NOTEARS,"{""lambda1"": 0.0, ""w_threshold_notears"": 0.3}",20,30,1000,25,/home/mathis/Documents/Travail/cbnsl_benchmark/scaling/../scaling/results/2026-04-02_10h34_sem_gaussian/graphs/golden__v20_a30_g25.json,/home/mathis/Documents/Travail/cbnsl_benchmark/scaling/../scaling/results/2026-04-02_10h34_sem_gaussian/graphs/NOTEARS__v20_a30_g25_s1000.json,,28.00832683700719,11.0,16.0,0.7692307692307692,0.896551724137931,0.8333333333333334,0.8666666666666667
sem_gaussian,NOTEARS Disc.,"{""lambda1"": 0.1, ""w_threshold_notears"": 0.1, ""n_bins"": 4, ""discretization_method"": ""quantile""}",20,30,1000,25,/home/mathis/Documents/Travail/cbnsl_benchmark/scaling/../scaling/results/2026-04-02_10h34_sem_gaussian/graphs/golden__v20_a30_g25.json,,[pyAgrum] Directed cycle detected: Add a directed cycle in a dag !,,,,,,,
sem_gaussian,LiNGAM,"{""threshold_lingam"": 0.1}",20,30,1000,25,/home/mathis/Documents/Travail/cbnsl_benchmark/scaling/../scaling/results/2026-04-02_10h34_sem_gaussian/graphs/golden__v20_a30_g25.json,/home/mathis/Documents/Travail/cbnsl_benchmark/scaling/../scaling/results/2026-04-02_10h34_sem_gaussian/graphs/LiNGAM__v20_a30_g25_s1000.json,,1.529295751999598,73.0,71.0,0.2,0.5272727272727272,0.9,0.9666666666666667
sem_gaussian,CPC,"{""alpha"": 0.05, ""max_conditioning_set_size"": 3}",20,30,3000,25,/home/mathis/Documents/Travail/cbnsl_benchmark/scaling/../scaling/results/2026-04-02_10h34_sem_gaussian/graphs/golden__v20_a30_g25.json,/home/mathis/Documents/Travail/cbnsl_benchmark/scaling/../scaling/results/2026-04-02_10h34_sem_gaussian/graphs/CPC__v20_a30_g25_s3000.json,,60.49667634599609,21.0,21.0,0.5238095238095238,0.8928571428571429,0.6875,0.8333333333333334
sem_gaussian,CMIIC,"{""alpha"": 0.05}",20,30,3000,25,/home/mathis/Documents/Travail/cbnsl_benchmark/scaling/../scaling/results/2026-04-02_10h34_sem_gaussian/graphs/golden__v20_a30_g25.json,/home/mathis/Documents/Travail/cbnsl_benchmark/scaling/../scaling/results/2026-04-02_10h34_sem_gaussian/graphs/CMIIC__v20_a30_g25_s3000.json,,68.96448412598693,23.0,15.0,0.4210526315789474,0.9090909090909091,0.6153846153846154,0.8333333333333334
sem_gaussian,MIIC,"{""n_bins"": 4, ""discretization_method"": ""quantile""}",20,30,3000,25,/home/mathis/Documents/Travail/cbnsl_benchmark/scaling/../scaling/results/2026-04-02_10h34_sem_gaussian/graphs/golden__v20_a30_g25.json,/home/mathis/Documents/Travail/cbnsl_benchmark/scaling/../scaling/results/2026-04-02_10h34_sem_gaussian/graphs/MIIC__v20_a30_g25_s3000.json,,0.8263592349831015,20.0,14.0,0.1818181818181818,0.9473684210526316,0.5,0.9
sem_gaussian,GHC+BDeu,"{""n_bins"": 4, ""discretization_method"": ""quantile""}",20,30,3000,25,/home/mathis/Documents/Travail/cbnsl_benchmark/scaling/../scaling/results/2026-04-02_10h34_sem_gaussian/graphs/golden__v20_a30_g25.json,/home/mathis/Documents/Travail/cbnsl_benchmark/scaling/../scaling/results/2026-04-02_10h34_sem_gaussian/graphs/GHC+BDeu__v20_a30_g25_s3000.json,,0.337581189989578,23.0,24.0,0.43902439024390244,0.8571428571428571,0.6,0.8
sem_gaussian,NOTEARS,"{""lambda1"": 0.0, ""w_threshold_notears"": 0.3}",20,30,3000,25,/home/mathis/Documents/Travail/cbnsl_benchmark/scaling/../scaling/results/2026-04-02_10h34_sem_gaussian/graphs/golden__v20_a30_g25.json,/home/mathis/Documents/Travail/cbnsl_benchmark/scaling/../scaling/results/2026-04-02_10h34_sem_gaussian/graphs/NOTEARS__v20_a30_g25_s3000.json,,30.527619303000392,7.0,15.0,0.896551724137931,0.9508196721311476,0.9629629629629629,0.9666666666666667
sem_gaussian,NOTEARS Disc.,"{""lambda1"": 0.1, ""w_threshold_notears"": 0.1, ""n_bins"": 4, ""discretization_method"": ""quantile""}",20,30,3000,25,/home/mathis/Documents/Travail/cbnsl_benchmark/scaling/../scaling/results/2026-04-02_10h34_sem_gaussian/graphs/golden__v20_a30_g25.json,/home/mathis/Documents/Travail/cbnsl_benchmark/scaling/../scaling/results/2026-04-02_10h34_sem_gaussian/graphs/NOTEARS Disc.__v20_a30_g25_s3000.json,,109.88049840100575,20.0,14.0,0.6122448979591837,0.9206349206349207,0.9375,0.9666666666666667
sem_gaussian,LiNGAM,"{""threshold_lingam"": 0.1}",20,30,3000,25,/home/mathis/Documents/Travail/cbnsl_benchmark/scaling/../scaling/results/2026-04-02_10h34_sem_gaussian/graphs/golden__v20_a30_g25.json,/home/mathis/Documents/Travail/cbnsl_benchmark/scaling/../scaling/results/2026-04-02_10h34_sem_gaussian/graphs/LiNGAM__v20_a30_g25_s3000.json,[pyAgrum] Partially directed cycle detected: Add a partial directed cycle in a PDAG : between 8 and 5,,,,,,,
sem_gaussian,CPC,"{""alpha"": 0.05, ""max_conditioning_set_size"": 3}",20,30,5000,25,/home/mathis/Documents/Travail/cbnsl_benchmark/scaling/../scaling/results/2026-04-02_10h34_sem_gaussian/graphs/golden__v20_a30_g25.json,/home/mathis/Documents/Travail/cbnsl_benchmark/scaling/../scaling/results/2026-04-02_10h34_sem_gaussian/graphs/CPC__v20_a30_g25_s5000.json,,232.8272986060183,22.0,18.0,0.42105263157894735,0.9285714285714286,0.6666666666666666,0.8666666666666667
sem_gaussian,CMIIC,"{""alpha"": 0.05}",20,30,5000,25,/home/mathis/Documents/Travail/cbnsl_benchmark/scaling/../scaling/results/2026-04-02_10h34_sem_gaussian/graphs/golden__v20_a30_g25.json,/home/mathis/Documents/Travail/cbnsl_benchmark/scaling/../scaling/results/2026-04-02_10h34_sem_gaussian/graphs/CMIIC__v20_a30_g25_s5000.json,,207.31665397199686,23.0,15.0,0.4210526315789474,0.9090909090909091,0.6153846153846154,0.8333333333333334
sem_gaussian,MIIC,"{""n_bins"": 4, ""discretization_method"": ""quantile""}",20,30,5000,25,/home/mathis/Documents/Travail/cbnsl_benchmark/scaling/../scaling/results/2026-04-02_10h34_sem_gaussian/graphs/golden__v20_a30_g25.json,/home/mathis/Documents/Travail/cbnsl_benchmark/scaling/../scaling/results/2026-04-02_10h34_sem_gaussian/graphs/MIIC__v20_a30_g25_s5000.json,,1.5342175489931833,8.0,14.0,0.8679245283018868,0.9473684210526316,0.8846153846153846,0.9
sem_gaussian,GHC+BDeu,"{""n_bins"": 4, ""discretization_method"": ""quantile""}",20,30,5000,25,/home/mathis/Documents/Travail/cbnsl_benchmark/scaling/../scaling/results/2026-04-02_10h34_sem_gaussian/graphs/golden__v20_a30_g25.json,/home/mathis/Documents/Travail/cbnsl_benchmark/scaling/../scaling/results/2026-04-02_10h34_sem_gaussian/graphs/GHC+BDeu__v20_a30_g25_s5000.json,,0.5537575540074613,26.0,23.0,0.4090909090909091,0.8333333333333334,0.6428571428571429,0.8333333333333334
sem_gaussian,NOTEARS,"{""lambda1"": 0.0, ""w_threshold_notears"": 0.3}",20,30,5000,25,/home/mathis/Documents/Travail/cbnsl_benchmark/scaling/../scaling/results/2026-04-02_10h34_sem_gaussian/graphs/golden__v20_a30_g25.json,/home/mathis/Documents/Travail/cbnsl_benchmark/scaling/../scaling/results/2026-04-02_10h34_sem_gaussian/graphs/NOTEARS__v20_a30_g25_s5000.json,,38.65312536698184,8.0,14.0,0.8727272727272728,0.9666666666666667,0.96,0.9666666666666667
sem_gaussian,NOTEARS Disc.,"{""lambda1"": 0.1, ""w_threshold_notears"": 0.1, ""n_bins"": 4, ""discretization_method"": ""quantile""}",20,30,5000,25,/home/mathis/Documents/Travail/cbnsl_benchmark/scaling/../scaling/results/2026-04-02_10h34_sem_gaussian/graphs/golden__v20_a30_g25.json,/home/mathis/Documents/Travail/cbnsl_benchmark/scaling/../scaling/results/2026-04-02_10h34_sem_gaussian/graphs/NOTEARS Disc.__v20_a30_g25_s5000.json,,45.98757532300078,15.0,15.0,0.7307692307692308,0.9523809523809523,1.0,1.0
sem_gaussian,LiNGAM,"{""threshold_lingam"": 0.1}",20,30,5000,25,/home/mathis/Documents/Travail/cbnsl_benchmark/scaling/../scaling/results/2026-04-02_10h34_sem_gaussian/graphs/golden__v20_a30_g25.json,/home/mathis/Documents/Travail/cbnsl_benchmark/scaling/../scaling/results/2026-04-02_10h34_sem_gaussian/graphs/LiNGAM__v20_a30_g25_s5000.json,,3.5151431179838255,60.0,63.0,0.3578947368421052,0.5555555555555556,1.0,1.0
sem_gaussian,CPC,"{""alpha"": 0.05, ""max_conditioning_set_size"": 3}",20,30,200,26,/home/mathis/Documents/Travail/cbnsl_benchmark/scaling/../scaling/results/2026-04-02_10h34_sem_gaussian/graphs/golden__v20_a30_g26.json,/home/mathis/Documents/Travail/cbnsl_benchmark/scaling/../scaling/results/2026-04-02_10h34_sem_gaussian/graphs/CPC__v20_a30_g26_s200.json,,0.0638258809922263,27.0,28.0,0.125,0.4210526315789474,0.08333333333333333,0.26666666666666666
sem_gaussian,CMIIC,"{""alpha"": 0.05}",20,30,200,26,/home/mathis/Documents/Travail/cbnsl_benchmark/scaling/../scaling/results/2026-04-02_10h34_sem_gaussian/graphs/golden__v20_a30_g26.json,/home/mathis/Documents/Travail/cbnsl_benchmark/scaling/../scaling/results/2026-04-02_10h34_sem_gaussian/graphs/CMIIC__v20_a30_g26_s200.json,,0.40706576500087976,19.0,10.0,0.5365853658536586,0.8679245283018869,0.6111111111111112,0.7666666666666667
sem_gaussian,MIIC,"{""n_bins"": 4, ""discretization_method"": ""quantile""}",20,30,200,26,/home/mathis/Documents/Travail/cbnsl_benchmark/scaling/../scaling/results/2026-04-02_10h34_sem_gaussian/graphs/golden__v20_a30_g26.json,/home/mathis/Documents/Travail/cbnsl_benchmark/scaling/../scaling/results/2026-04-02_10h34_sem_gaussian/graphs/MIIC__v20_a30_g26_s200.json,,0.03641749999951571,28.0,27.0,0.0,0.6363636363636364,0.0,0.4666666666666667
sem_gaussian,GHC+BDeu,"{""n_bins"": 4, ""discretization_method"": ""quantile""}",20,30,200,26,/home/mathis/Documents/Travail/cbnsl_benchmark/scaling/../scaling/results/2026-04-02_10h34_sem_gaussian/graphs/golden__v20_a30_g26.json,/home/mathis/Documents/Travail/cbnsl_benchmark/scaling/../scaling/results/2026-04-02_10h34_sem_gaussian/graphs/GHC+BDeu__v20_a30_g26_s200.json,,0.03641671800869517,29.0,28.0,0.0,0.37837837837837834,0.0,0.23333333333333334
sem_gaussian,NOTEARS,"{""lambda1"": 0.0, ""w_threshold_notears"": 0.3}",20,30,200,26,/home/mathis/Documents/Travail/cbnsl_benchmark/scaling/../scaling/results/2026-04-02_10h34_sem_gaussian/graphs/golden__v20_a30_g26.json,/home/mathis/Documents/Travail/cbnsl_benchmark/scaling/../scaling/results/2026-04-02_10h34_sem_gaussian/graphs/NOTEARS__v20_a30_g26_s200.json,,3.3065762739861384,12.0,30.0,0.7547169811320755,0.8813559322033899,0.8333333333333334,0.8666666666666667
sem_gaussian,NOTEARS Disc.,"{""lambda1"": 0.1, ""w_threshold_notears"": 0.1, ""n_bins"": 4, ""discretization_method"": ""quantile""}",20,30,200,26,/home/mathis/Documents/Travail/cbnsl_benchmark/scaling/../scaling/results/2026-04-02_10h34_sem_gaussian/graphs/golden__v20_a30_g26.json,,[pyAgrum] Directed cycle detected: Add a directed cycle in a dag !,,,,,,,
sem_gaussian,LiNGAM,"{""threshold_lingam"": 0.1}",20,30,200,26,/home/mathis/Documents/Travail/cbnsl_benchmark/scaling/../scaling/results/2026-04-02_10h34_sem_gaussian/graphs/golden__v20_a30_g26.json,/home/mathis/Documents/Travail/cbnsl_benchmark/scaling/../scaling/results/2026-04-02_10h34_sem_gaussian/graphs/LiNGAM__v20_a30_g26_s200.json,,1.1056215440039523,35.0,35.0,0.43333333333333335,0.7466666666666667,0.8666666666666667,0.9333333333333333
sem_gaussian,CPC,"{""alpha"": 0.05, ""max_conditioning_set_size"": 3}",20,30,500,26,/home/mathis/Documents/Travail/cbnsl_benchmark/scaling/../scaling/results/2026-04-02_10h34_sem_gaussian/graphs/golden__v20_a30_g26.json,/home/mathis/Documents/Travail/cbnsl_benchmark/scaling/../scaling/results/2026-04-02_10h34_sem_gaussian/graphs/CPC__v20_a30_g26_s500.json,,0.5334192029840779,29.0,27.0,0.06451612903225806,0.37837837837837834,0.041666666666666664,0.23333333333333334
sem_gaussian,CMIIC,"{""alpha"": 0.05}",20,30,500,26,/home/mathis/Documents/Travail/cbnsl_benchmark/scaling/../scaling/results/2026-04-02_10h34_sem_gaussian/graphs/golden__v20_a30_g26.json,/home/mathis/Documents/Travail/cbnsl_benchmark/scaling/../scaling/results/2026-04-02_10h34_sem_gaussian/graphs/CMIIC__v20_a30_g26_s500.json,,1.7868759950215463,27.0,22.0,0.3333333333333333,0.8235294117647058,0.4,0.7
sem_gaussian,MIIC,"{""n_bins"": 4, ""discretization_method"": ""quantile""}",20,30,500,26,/home/mathis/Documents/Travail/cbnsl_benchmark/scaling/../scaling/results/2026-04-02_10h34_sem_gaussian/graphs/golden__v20_a30_g26.json,/home/mathis/Documents/Travail/cbnsl_benchmark/scaling/../scaling/results/2026-04-02_10h34_sem_gaussian/graphs/MIIC__v20_a30_g26_s500.json,,0.086804499005666,27.0,26.0,0.0,0.8,0.0,0.6666666666666666
sem_gaussian,GHC+BDeu,"{""n_bins"": 4, ""discretization_method"": ""quantile""}",20,30,500,26,/home/mathis/Documents/Travail/cbnsl_benchmark/scaling/../scaling/results/2026-04-02_10h34_sem_gaussian/graphs/golden__v20_a30_g26.json,/home/mathis/Documents/Travail/cbnsl_benchmark/scaling/../scaling/results/2026-04-02_10h34_sem_gaussian/graphs/GHC+BDeu__v20_a30_g26_s500.json,,0.06583260098705068,28.0,27.0,0.0,0.6956521739130436,0.0,0.5333333333333333
sem_gaussian,NOTEARS,"{""lambda1"": 0.0, ""w_threshold_notears"": 0.3}",20,30,500,26,/home/mathis/Documents/Travail/cbnsl_benchmark/scaling/../scaling/results/2026-04-02_10h34_sem_gaussian/graphs/golden__v20_a30_g26.json,/home/mathis/Documents/Travail/cbnsl_benchmark/scaling/../scaling/results/2026-04-02_10h34_sem_gaussian/graphs/NOTEARS__v20_a30_g26_s500.json,,5.324375644995598,11.0,26.0,0.7547169811320754,0.9,0.8695652173913043,0.9
sem_gaussian,NOTEARS Disc.,"{""lambda1"": 0.1, ""w_threshold_notears"": 0.1, ""n_bins"": 4, ""discretization_method"": ""quantile""}",20,30,500,26,/home/mathis/Documents/Travail/cbnsl_benchmark/scaling/../scaling/results/2026-04-02_10h34_sem_gaussian/graphs/golden__v20_a30_g26.json,/home/mathis/Documents/Travail/cbnsl_benchmark/scaling/../scaling/results/2026-04-02_10h34_sem_gaussian/graphs/NOTEARS Disc.__v20_a30_g26_s500.json,,4.489331766002579,16.0,24.0,0.5531914893617021,0.8666666666666667,0.7647058823529411,0.8666666666666667
sem_gaussian,LiNGAM,"{""threshold_lingam"": 0.1}",20,30,500,26,/home/mathis/Documents/Travail/cbnsl_benchmark/scaling/../scaling/results/2026-04-02_10h34_sem_gaussian/graphs/golden__v20_a30_g26.json,/home/mathis/Documents/Travail/cbnsl_benchmark/scaling/../scaling/results/2026-04-02_10h34_sem_gaussian/graphs/LiNGAM__v20_a30_g26_s500.json,,1.3062633459921926,38.0,41.0,0.4411764705882353,0.7228915662650602,1.0,1.0
sem_gaussian,CPC,"{""alpha"": 0.05, ""max_conditioning_set_size"": 3}",20,30,1000,26,/home/mathis/Documents/Travail/cbnsl_benchmark/scaling/../scaling/results/2026-04-02_10h34_sem_gaussian/graphs/golden__v20_a30_g26.json,/home/mathis/Documents/Travail/cbnsl_benchmark/scaling/../scaling/results/2026-04-02_10h34_sem_gaussian/graphs/CPC__v20_a30_g26_s1000.json,,2.5611458080238663,27.0,27.0,0.28571428571428575,0.7499999999999999,0.29411764705882354,0.6
sem_gaussian,CMIIC,"{""alpha"": 0.05}",20,30,1000,26,/home/mathis/Documents/Travail/cbnsl_benchmark/scaling/../scaling/results/2026-04-02_10h34_sem_gaussian/graphs/golden__v20_a30_g26.json,/home/mathis/Documents/Travail/cbnsl_benchmark/scaling/../scaling/results/2026-04-02_10h34_sem_gaussian/graphs/CMIIC__v20_a30_g26_s1000.json,,5.725327269989066,21.0,28.0,0.46153846153846156,0.846153846153846,0.5294117647058824,0.7333333333333333
sem_gaussian,MIIC,"{""n_bins"": 4, ""discretization_method"": ""quantile""}",20,30,1000,26,/home/mathis/Documents/Travail/cbnsl_benchmark/scaling/../scaling/results/2026-04-02_10h34_sem_gaussian/graphs/golden__v20_a30_g26.json,/home/mathis/Documents/Travail/cbnsl_benchmark/scaling/../scaling/results/2026-04-02_10h34_sem_gaussian/graphs/MIIC__v20_a30_g26_s1000.json,,0.13749723398359492,23.0,28.0,0.0,0.8235294117647058,0.0,0.7
sem_gaussian,GHC+BDeu,"{""n_bins"": 4, ""discretization_method"": ""quantile""}",20,30,1000,26,/home/mathis/Documents/Travail/cbnsl_benchmark/scaling/../scaling/results/2026-04-02_10h34_sem_gaussian/graphs/golden__v20_a30_g26.json,/home/mathis/Documents/Travail/cbnsl_benchmark/scaling/../scaling/results/2026-04-02_10h34_sem_gaussian/graphs/GHC+BDeu__v20_a30_g26_s1000.json,,0.10610459197778255,24.0,27.0,0.125,0.8,0.16666666666666666,0.6666666666666666
sem_gaussian,NOTEARS,"{""lambda1"": 0.0, ""w_threshold_notears"": 0.3}",20,30,1000,26,/home/mathis/Documents/Travail/cbnsl_benchmark/scaling/../scaling/results/2026-04-02_10h34_sem_gaussian/graphs/golden__v20_a30_g26.json,/home/mathis/Documents/Travail/cbnsl_benchmark/scaling/../scaling/results/2026-04-02_10h34_sem_gaussian/graphs/NOTEARS__v20_a30_g26_s1000.json,,9.376104057999328,8.0,24.0,0.8148148148148148,0.9333333333333333,0.9166666666666666,0.9333333333333333
sem_gaussian,NOTEARS Disc.,"{""lambda1"": 0.1, ""w_threshold_notears"": 0.1, ""n_bins"": 4, ""discretization_method"": ""quantile""}",20,30,1000,26,/home/mathis/Documents/Travail/cbnsl_benchmark/scaling/../scaling/results/2026-04-02_10h34_sem_gaussian/graphs/golden__v20_a30_g26.json,/home/mathis/Documents/Travail/cbnsl_benchmark/scaling/../scaling/results/2026-04-02_10h34_sem_gaussian/graphs/NOTEARS Disc.__v20_a30_g26_s1000.json,,5.689490427001147,15.0,20.0,0.5777777777777777,0.896551724137931,0.7647058823529411,0.8666666666666667
sem_gaussian,LiNGAM,"{""threshold_lingam"": 0.1}",20,30,1000,26,/home/mathis/Documents/Travail/cbnsl_benchmark/scaling/../scaling/results/2026-04-02_10h34_sem_gaussian/graphs/golden__v20_a30_g26.json,/home/mathis/Documents/Travail/cbnsl_benchmark/scaling/../scaling/results/2026-04-02_10h34_sem_gaussian/graphs/LiNGAM__v20_a30_g26_s1000.json,,1.5861342510033865,41.0,43.0,0.4347826086956522,0.6987951807228916,0.9375,0.9666666666666667
sem_gaussian,CPC,"{""alpha"": 0.05, ""max_conditioning_set_size"": 3}",20,30,3000,26,/home/mathis/Documents/Travail/cbnsl_benchmark/scaling/../scaling/results/2026-04-02_10h34_sem_gaussian/graphs/golden__v20_a30_g26.json,/home/mathis/Documents/Travail/cbnsl_benchmark/scaling/../scaling/results/2026-04-02_10h34_sem_gaussian/graphs/CPC__v20_a30_g26_s3000.json,,33.51248128100997,25.0,15.0,0.45,0.8518518518518519,0.5625,0.7666666666666667
sem_gaussian,CMIIC,"{""alpha"": 0.05}",20,30,3000,26,/home/mathis/Documents/Travail/cbnsl_benchmark/scaling/../scaling/results/2026-04-02_10h34_sem_gaussian/graphs/golden__v20_a30_g26.json,/home/mathis/Documents/Travail/cbnsl_benchmark/scaling/../scaling/results/2026-04-02_10h34_sem_gaussian/graphs/CMIIC__v20_a30_g26_s3000.json,,45.89468993898481,27.0,22.0,0.3333333333333333,0.8235294117647058,0.4,0.7
sem_gaussian,MIIC,"{""n_bins"": 4, ""discretization_method"": ""quantile""}",20,30,3000,26,/home/mathis/Documents/Travail/cbnsl_benchmark/scaling/../scaling/results/2026-04-02_10h34_sem_gaussian/graphs/golden__v20_a30_g26.json,/home/mathis/Documents/Travail/cbnsl_benchmark/scaling/../scaling/results/2026-04-02_10h34_sem_gaussian/graphs/MIIC__v20_a30_g26_s3000.json,,0.6278092889988329,19.0,25.0,0.5365853658536585,0.9285714285714286,0.7333333333333333,0.8666666666666667
sem_gaussian,GHC+BDeu,"{""n_bins"": 4, ""discretization_method"": ""quantile""}",20,30,3000,26,/home/mathis/Documents/Travail/cbnsl_benchmark/scaling/../scaling/results/2026-04-02_10h34_sem_gaussian/graphs/golden__v20_a30_g26.json,/home/mathis/Documents/Travail/cbnsl_benchmark/scaling/../scaling/results/2026-04-02_10h34_sem_gaussian/graphs/GHC+BDeu__v20_a30_g26_s3000.json,,0.3080293680250179,20.0,23.0,0.368421052631579,0.912280701754386,0.6363636363636364,0.8666666666666667
sem_gaussian,NOTEARS,"{""lambda1"": 0.0, ""w_threshold_notears"": 0.3}",20,30,3000,26,/home/mathis/Documents/Travail/cbnsl_benchmark/scaling/../scaling/results/2026-04-02_10h34_sem_gaussian/graphs/golden__v20_a30_g26.json,/home/mathis/Documents/Travail/cbnsl_benchmark/scaling/../scaling/results/2026-04-02_10h34_sem_gaussian/graphs/NOTEARS__v20_a30_g26_s3000.json,,25.40220187199884,9.0,23.0,0.8928571428571429,0.9666666666666667,0.9615384615384616,0.9666666666666667
sem_gaussian,NOTEARS Disc.,"{""lambda1"": 0.1, ""w_threshold_notears"": 0.1, ""n_bins"": 4, ""discretization_method"": ""quantile""}",20,30,3000,26,/home/mathis/Documents/Travail/cbnsl_benchmark/scaling/../scaling/results/2026-04-02_10h34_sem_gaussian/graphs/golden__v20_a30_g26.json,,[pyAgrum] Directed cycle detected: Add a directed cycle in a dag !,,,,,,,
sem_gaussian,LiNGAM,"{""threshold_lingam"": 0.1}",20,30,3000,26,/home/mathis/Documents/Travail/cbnsl_benchmark/scaling/../scaling/results/2026-04-02_10h34_sem_gaussian/graphs/golden__v20_a30_g26.json,/home/mathis/Documents/Travail/cbnsl_benchmark/scaling/../scaling/results/2026-04-02_10h34_sem_gaussian/graphs/LiNGAM__v20_a30_g26_s3000.json,,2.4049650020024274,29.0,30.0,0.5245901639344263,0.7837837837837838,0.9411764705882353,0.9666666666666667
sem_gaussian,CPC,"{""alpha"": 0.05, ""max_conditioning_set_size"": 3}",20,30,5000,26,/home/mathis/Documents/Travail/cbnsl_benchmark/scaling/../scaling/results/2026-04-02_10h34_sem_gaussian/graphs/golden__v20_a30_g26.json,/home/mathis/Documents/Travail/cbnsl_benchmark/scaling/../scaling/results/2026-04-02_10h34_sem_gaussian/graphs/CPC__v20_a30_g26_s5000.json,,105.5163213449996,19.0,25.0,0.5714285714285714,0.9473684210526316,0.8,0.9
sem_gaussian,CMIIC,"{""alpha"": 0.05}",20,30,5000,26,/home/mathis/Documents/Travail/cbnsl_benchmark/scaling/../scaling/results/2026-04-02_10h34_sem_gaussian/graphs/golden__v20_a30_g26.json,/home/mathis/Documents/Travail/cbnsl_benchmark/scaling/../scaling/results/2026-04-02_10h34_sem_gaussian/graphs/CMIIC__v20_a30_g26_s5000.json,,125.20639123299043,27.0,22.0,0.3333333333333333,0.8235294117647058,0.4,0.7
sem_gaussian,MIIC,"{""n_bins"": 4, ""discretization_method"": ""quantile""}",20,30,5000,26,/home/mathis/Documents/Travail/cbnsl_benchmark/scaling/../scaling/results/2026-04-02_10h34_sem_gaussian/graphs/golden__v20_a30_g26.json,/home/mathis/Documents/Travail/cbnsl_benchmark/scaling/../scaling/results/2026-04-02_10h34_sem_gaussian/graphs/MIIC__v20_a30_g26_s5000.json,,1.1943996439804323,21.0,25.0,0.37837837837837834,0.9285714285714286,0.6363636363636364,0.8666666666666667
sem_gaussian,GHC+BDeu,"{""n_bins"": 4, ""discretization_method"": ""quantile""}",20,30,5000,26,/home/mathis/Documents/Travail/cbnsl_benchmark/scaling/../scaling/results/2026-04-02_10h34_sem_gaussian/graphs/golden__v20_a30_g26.json,/home/mathis/Documents/Travail/cbnsl_benchmark/scaling/../scaling/results/2026-04-02_10h34_sem_gaussian/graphs/GHC+BDeu__v20_a30_g26_s5000.json,,0.6032357519725338,21.0,27.0,0.5909090909090909,0.912280701754386,0.7647058823529411,0.8666666666666667
sem_gaussian,NOTEARS,"{""lambda1"": 0.0, ""w_threshold_notears"": 0.3}",20,30,5000,26,/home/mathis/Documents/Travail/cbnsl_benchmark/scaling/../scaling/results/2026-04-02_10h34_sem_gaussian/graphs/golden__v20_a30_g26.json,/home/mathis/Documents/Travail/cbnsl_benchmark/scaling/../scaling/results/2026-04-02_10h34_sem_gaussian/graphs/NOTEARS__v20_a30_g26_s5000.json,,39.79403127002297,9.0,23.0,0.8928571428571429,0.9666666666666667,0.9615384615384616,0.9666666666666667
sem_gaussian,NOTEARS Disc.,"{""lambda1"": 0.1, ""w_threshold_notears"": 0.1, ""n_bins"": 4, ""discretization_method"": ""quantile""}",20,30,5000,26,/home/mathis/Documents/Travail/cbnsl_benchmark/scaling/../scaling/results/2026-04-02_10h34_sem_gaussian/graphs/golden__v20_a30_g26.json,/home/mathis/Documents/Travail/cbnsl_benchmark/scaling/../scaling/results/2026-04-02_10h34_sem_gaussian/graphs/NOTEARS Disc.__v20_a30_g26_s5000.json,,25.562688147998415,17.0,25.0,0.5365853658536585,0.9473684210526316,0.7857142857142857,0.9
sem_gaussian,LiNGAM,"{""threshold_lingam"": 0.1}",20,30,5000,26,/home/mathis/Documents/Travail/cbnsl_benchmark/scaling/../scaling/results/2026-04-02_10h34_sem_gaussian/graphs/golden__v20_a30_g26.json,/home/mathis/Documents/Travail/cbnsl_benchmark/scaling/../scaling/results/2026-04-02_10h34_sem_gaussian/graphs/LiNGAM__v20_a30_g26_s5000.json,,3.547321240999736,31.0,44.0,0.5294117647058824,0.7341772151898733,0.9473684210526315,0.9666666666666667
sem_gaussian,CPC,"{""alpha"": 0.05, ""max_conditioning_set_size"": 3}",20,30,200,27,/home/mathis/Documents/Travail/cbnsl_benchmark/scaling/../scaling/results/2026-04-02_10h34_sem_gaussian/graphs/golden__v20_a30_g27.json,/home/mathis/Documents/Travail/cbnsl_benchmark/scaling/../scaling/results/2026-04-02_10h34_sem_gaussian/graphs/CPC__v20_a30_g27_s200.json,,0.0711128760012798,26.0,30.0,0.2285714285714286,0.5581395348837209,0.18181818181818182,0.4
sem_gaussian,CMIIC,"{""alpha"": 0.05}",20,30,200,27,/home/mathis/Documents/Travail/cbnsl_benchmark/scaling/../scaling/results/2026-04-02_10h34_sem_gaussian/graphs/golden__v20_a30_g27.json,/home/mathis/Documents/Travail/cbnsl_benchmark/scaling/../scaling/results/2026-04-02_10h34_sem_gaussian/graphs/CMIIC__v20_a30_g27_s200.json,,0.3217798700206913,17.0,27.0,0.5581395348837208,0.7843137254901961,0.5454545454545454,0.6666666666666666
sem_gaussian,MIIC,"{""n_bins"": 4, ""discretization_method"": ""quantile""}",20,30,200,27,/home/mathis/Documents/Travail/cbnsl_benchmark/scaling/../scaling/results/2026-04-02_10h34_sem_gaussian/graphs/golden__v20_a30_g27.json,/home/mathis/Documents/Travail/cbnsl_benchmark/scaling/../scaling/results/2026-04-02_10h34_sem_gaussian/graphs/MIIC__v20_a30_g27_s200.json,,0.04149752200464718,29.0,30.0,0.0,0.6046511627906976,0.0,0.43333333333333335
sem_gaussian,GHC+BDeu,"{""n_bins"": 4, ""discretization_method"": ""quantile""}",20,30,200,27,/home/mathis/Documents/Travail/cbnsl_benchmark/scaling/../scaling/results/2026-04-02_10h34_sem_gaussian/graphs/golden__v20_a30_g27.json,/home/mathis/Documents/Travail/cbnsl_benchmark/scaling/../scaling/results/2026-04-02_10h34_sem_gaussian/graphs/GHC+BDeu__v20_a30_g27_s200.json,,0.03755273998831399,29.0,30.0,0.0,0.4210526315789474,0.0,0.26666666666666666
sem_gaussian,NOTEARS,"{""lambda1"": 0.0, ""w_threshold_notears"": 0.3}",20,30,200,27,/home/mathis/Documents/Travail/cbnsl_benchmark/scaling/../scaling/results/2026-04-02_10h34_sem_gaussian/graphs/golden__v20_a30_g27.json,/home/mathis/Documents/Travail/cbnsl_benchmark/scaling/../scaling/results/2026-04-02_10h34_sem_gaussian/graphs/NOTEARS__v20_a30_g27_s200.json,,4.265546282986179,10.0,22.0,0.7999999999999999,0.9180327868852459,0.9166666666666666,0.9333333333333333
sem_gaussian,NOTEARS Disc.,"{""lambda1"": 0.1, ""w_threshold_notears"": 0.1, ""n_bins"": 4, ""discretization_method"": ""quantile""}",20,30,200,27,/home/mathis/Documents/Travail/cbnsl_benchmark/scaling/../scaling/results/2026-04-02_10h34_sem_gaussian/graphs/golden__v20_a30_g27.json,/home/mathis/Documents/Travail/cbnsl_benchmark/scaling/../scaling/results/2026-04-02_10h34_sem_gaussian/graphs/NOTEARS Disc.__v20_a30_g27_s200.json,,4.379148815991357,21.0,19.0,0.45454545454545453,0.9032258064516129,0.8333333333333334,0.9333333333333333
sem_gaussian,LiNGAM,"{""threshold_lingam"": 0.1}",20,30,200,27,/home/mathis/Documents/Travail/cbnsl_benchmark/scaling/../scaling/results/2026-04-02_10h34_sem_gaussian/graphs/golden__v20_a30_g27.json,/home/mathis/Documents/Travail/cbnsl_benchmark/scaling/../scaling/results/2026-04-02_10h34_sem_gaussian/graphs/LiNGAM__v20_a30_g27_s200.json,,1.1181603919831105,47.0,47.0,0.37333333333333335,0.6593406593406593,1.0,1.0
sem_gaussian,CPC,"{""alpha"": 0.05, ""max_conditioning_set_size"": 3}",20,30,500,27,/home/mathis/Documents/Travail/cbnsl_benchmark/scaling/../scaling/results/2026-04-02_10h34_sem_gaussian/graphs/golden__v20_a30_g27.json,/home/mathis/Documents/Travail/cbnsl_benchmark/scaling/../scaling/results/2026-04-02_10h34_sem_gaussian/graphs/CPC__v20_a30_g27_s500.json,,0.40075138898100704,21.0,29.0,0.4210526315789474,0.6046511627906976,0.32,0.43333333333333335
sem_gaussian,CMIIC,"{""alpha"": 0.05}",20,30,500,27,/home/mathis/Documents/Travail/cbnsl_benchmark/scaling/../scaling/results/2026-04-02_10h34_sem_gaussian/graphs/golden__v20_a30_g27.json,/home/mathis/Documents/Travail/cbnsl_benchmark/scaling/../scaling/results/2026-04-02_10h34_sem_gaussian/graphs/CMIIC__v20_a30_g27_s500.json,,1.5006492389948107,20.0,26.0,0.5581395348837208,0.8076923076923077,0.5714285714285714,0.7
sem_gaussian,MIIC,"{""n_bins"": 4, ""discretization_method"": ""quantile""}",20,30,500,27,/home/mathis/Documents/Travail/cbnsl_benchmark/scaling/../scaling/results/2026-04-02_10h34_sem_gaussian/graphs/golden__v20_a30_g27.json,/home/mathis/Documents/Travail/cbnsl_benchmark/scaling/../scaling/results/2026-04-02_10h34_sem_gaussian/graphs/MIIC__v20_a30_g27_s500.json,,0.07028232800075784,25.0,23.0,0.0,0.8,0.0,0.6666666666666666
sem_gaussian,GHC+BDeu,"{""n_bins"": 4, ""discretization_method"": ""quantile""}",20,30,500,27,/home/mathis/Documents/Travail/cbnsl_benchmark/scaling/../scaling/results/2026-04-02_10h34_sem_gaussian/graphs/golden__v20_a30_g27.json,/home/mathis/Documents/Travail/cbnsl_benchmark/scaling/../scaling/results/2026-04-02_10h34_sem_gaussian/graphs/GHC+BDeu__v20_a30_g27_s500.json,,0.0638682639983017,28.0,29.0,0.0,0.7499999999999999,0.0,0.6
sem_gaussian,NOTEARS,"{""lambda1"": 0.0, ""w_threshold_notears"": 0.3}",20,30,500,27,/home/mathis/Documents/Travail/cbnsl_benchmark/scaling/../scaling/results/2026-04-02_10h34_sem_gaussian/graphs/golden__v20_a30_g27.json,/home/mathis/Documents/Travail/cbnsl_benchmark/scaling/../scaling/results/2026-04-02_10h34_sem_gaussian/graphs/NOTEARS__v20_a30_g27_s500.json,,7.847808965016156,1.0,5.0,0.9285714285714286,0.983050847457627,0.9629629629629629,0.9666666666666667
sem_gaussian,NOTEARS Disc.,"{""lambda1"": 0.1, ""w_threshold_notears"": 0.1, ""n_bins"": 4, ""discretization_method"": ""quantile""}",20,30,500,27,/home/mathis/Documents/Travail/cbnsl_benchmark/scaling/../scaling/results/2026-04-02_10h34_sem_gaussian/graphs/golden__v20_a30_g27.json,/home/mathis/Documents/Travail/cbnsl_benchmark/scaling/../scaling/results/2026-04-02_10h34_sem_gaussian/graphs/NOTEARS Disc.__v20_a30_g27_s500.json,,3.979768501012586,18.0,24.0,0.5333333333333333,0.9,0.8,0.9
sem_gaussian,LiNGAM,"{""threshold_lingam"": 0.1}",20,30,500,27,/home/mathis/Documents/Travail/cbnsl_benchmark/scaling/../scaling/results/2026-04-02_10h34_sem_gaussian/graphs/golden__v20_a30_g27.json,/home/mathis/Documents/Travail/cbnsl_benchmark/scaling/../scaling/results/2026-04-02_10h34_sem_gaussian/graphs/LiNGAM__v20_a30_g27_s500.json,,1.287806417007232,46.0,49.0,0.3783783783783784,0.6363636363636364,0.875,0.9333333333333333
sem_gaussian,CPC,"{""alpha"": 0.05, ""max_conditioning_set_size"": 3}",20,30,1000,27,/home/mathis/Documents/Travail/cbnsl_benchmark/scaling/../scaling/results/2026-04-02_10h34_sem_gaussian/graphs/golden__v20_a30_g27.json,/home/mathis/Documents/Travail/cbnsl_benchmark/scaling/../scaling/results/2026-04-02_10h34_sem_gaussian/graphs/CPC__v20_a30_g27_s1000.json,,2.0702417379943654,19.0,29.0,0.4878048780487805,0.7599999999999999,0.47619047619047616,0.6333333333333333
sem_gaussian,CMIIC,"{""alpha"": 0.05}",20,30,1000,27,/home/mathis/Documents/Travail/cbnsl_benchmark/scaling/../scaling/results/2026-04-02_10h34_sem_gaussian/graphs/golden__v20_a30_g27.json,/home/mathis/Documents/Travail/cbnsl_benchmark/scaling/../scaling/results/2026-04-02_10h34_sem_gaussian/graphs/CMIIC__v20_a30_g27_s1000.json,,5.1291694619867485,21.0,25.0,0.5238095238095238,0.8076923076923077,0.55,0.7
sem_gaussian,MIIC,"{""n_bins"": 4, ""discretization_method"": ""quantile""}",20,30,1000,27,/home/mathis/Documents/Travail/cbnsl_benchmark/scaling/../scaling/results/2026-04-02_10h34_sem_gaussian/graphs/golden__v20_a30_g27.json,/home/mathis/Documents/Travail/cbnsl_benchmark/scaling/../scaling/results/2026-04-02_10h34_sem_gaussian/graphs/MIIC__v20_a30_g27_s1000.json,,0.1225950259831734,20.0,25.0,0.5581395348837208,0.8076923076923077,0.5714285714285714,0.7
sem_gaussian,GHC+BDeu,"{""n_bins"": 4, ""discretization_method"": ""quantile""}",20,30,1000,27,/home/mathis/Documents/Travail/cbnsl_benchmark/scaling/../scaling/results/2026-04-02_10h34_sem_gaussian/graphs/golden__v20_a30_g27.json,/home/mathis/Documents/Travail/cbnsl_benchmark/scaling/../scaling/results/2026-04-02_10h34_sem_gaussian/graphs/GHC+BDeu__v20_a30_g27_s1000.json,,0.09823663299903274,28.0,30.0,0.11764705882352941,0.6938775510204083,0.13333333333333333,0.5666666666666667
sem_gaussian,NOTEARS,"{""lambda1"": 0.0, ""w_threshold_notears"": 0.3}",20,30,1000,27,/home/mathis/Documents/Travail/cbnsl_benchmark/scaling/../scaling/results/2026-04-02_10h34_sem_gaussian/graphs/golden__v20_a30_g27.json,/home/mathis/Documents/Travail/cbnsl_benchmark/scaling/../scaling/results/2026-04-02_10h34_sem_gaussian/graphs/NOTEARS__v20_a30_g27_s1000.json,,11.786668194021331,1.0,5.0,0.9285714285714286,0.983050847457627,0.9629629629629629,0.9666666666666667
sem_gaussian,NOTEARS Disc.,"{""lambda1"": 0.1, ""w_threshold_notears"": 0.1, ""n_bins"": 4, ""discretization_method"": ""quantile""}",20,30,1000,27,/home/mathis/Documents/Travail/cbnsl_benchmark/scaling/../scaling/results/2026-04-02_10h34_sem_gaussian/graphs/golden__v20_a30_g27.json,/home/mathis/Documents/Travail/cbnsl_benchmark/scaling/../scaling/results/2026-04-02_10h34_sem_gaussian/graphs/NOTEARS Disc.__v20_a30_g27_s1000.json,,5.096672134997789,17.0,26.0,0.5454545454545455,0.9333333333333333,0.8571428571428571,0.9333333333333333
sem_gaussian,LiNGAM,"{""threshold_lingam"": 0.1}",20,30,1000,27,/home/mathis/Documents/Travail/cbnsl_benchmark/scaling/../scaling/results/2026-04-02_10h34_sem_gaussian/graphs/golden__v20_a30_g27.json,/home/mathis/Documents/Travail/cbnsl_benchmark/scaling/../scaling/results/2026-04-02_10h34_sem_gaussian/graphs/LiNGAM__v20_a30_g27_s1000.json,,1.5438246289850213,53.0,57.0,0.2972972972972973,0.6304347826086957,0.9166666666666666,0.9666666666666667
sem_gaussian,CPC,"{""alpha"": 0.05, ""max_conditioning_set_size"": 3}",20,30,3000,27,/home/mathis/Documents/Travail/cbnsl_benchmark/scaling/../scaling/results/2026-04-02_10h34_sem_gaussian/graphs/golden__v20_a30_g27.json,/home/mathis/Documents/Travail/cbnsl_benchmark/scaling/../scaling/results/2026-04-02_10h34_sem_gaussian/graphs/CPC__v20_a30_g27_s3000.json,,24.491839104011888,14.0,25.0,0.6521739130434783,0.8518518518518519,0.6818181818181818,0.7666666666666667
sem_gaussian,CMIIC,"{""alpha"": 0.05}",20,30,3000,27,/home/mathis/Documents/Travail/cbnsl_benchmark/scaling/../scaling/results/2026-04-02_10h34_sem_gaussian/graphs/golden__v20_a30_g27.json,/home/mathis/Documents/Travail/cbnsl_benchmark/scaling/../scaling/results/2026-04-02_10h34_sem_gaussian/graphs/CMIIC__v20_a30_g27_s3000.json,,38.747408647992415,20.0,25.0,0.5581395348837208,0.8076923076923077,0.5714285714285714,0.7
sem_gaussian,MIIC,"{""n_bins"": 4, ""discretization_method"": ""quantile""}",20,30,3000,27,/home/mathis/Documents/Travail/cbnsl_benchmark/scaling/../scaling/results/2026-04-02_10h34_sem_gaussian/graphs/golden__v20_a30_g27.json,/home/mathis/Documents/Travail/cbnsl_benchmark/scaling/../scaling/results/2026-04-02_10h34_sem_gaussian/graphs/MIIC__v20_a30_g27_s3000.json,,0.4788796429929789,19.0,26.0,0.5909090909090909,0.8301886792452831,0.6190476190476191,0.7333333333333333
sem_gaussian,GHC+BDeu,"{""n_bins"": 4, ""discretization_method"": ""quantile""}",20,30,3000,27,/home/mathis/Documents/Travail/cbnsl_benchmark/scaling/../scaling/results/2026-04-02_10h34_sem_gaussian/graphs/golden__v20_a30_g27.json,/home/mathis/Documents/Travail/cbnsl_benchmark/scaling/../scaling/results/2026-04-02_10h34_sem_gaussian/graphs/GHC+BDeu__v20_a30_g27_s3000.json,,0.30916452198289335,25.0,27.0,0.3902439024390244,0.8214285714285715,0.5333333333333333,0.7666666666666667
sem_gaussian,NOTEARS,"{""lambda1"": 0.0, ""w_threshold_notears"": 0.3}",20,30,3000,27,/home/mathis/Documents/Travail/cbnsl_benchmark/scaling/../scaling/results/2026-04-02_10h34_sem_gaussian/graphs/golden__v20_a30_g27.json,/home/mathis/Documents/Travail/cbnsl_benchmark/scaling/../scaling/results/2026-04-02_10h34_sem_gaussian/graphs/NOTEARS__v20_a30_g27_s3000.json,,26.644541993999155,2.0,4.0,0.9473684210526316,1.0,1.0,1.0
sem_gaussian,NOTEARS Disc.,"{""lambda1"": 0.1, ""w_threshold_notears"": 0.1, ""n_bins"": 4, ""discretization_method"": ""quantile""}",20,30,3000,27,/home/mathis/Documents/Travail/cbnsl_benchmark/scaling/../scaling/results/2026-04-02_10h34_sem_gaussian/graphs/golden__v20_a30_g27.json,/home/mathis/Documents/Travail/cbnsl_benchmark/scaling/../scaling/results/2026-04-02_10h34_sem_gaussian/graphs/NOTEARS Disc.__v20_a30_g27_s3000.json,,9.84680792700965,8.0,5.0,0.8076923076923077,0.9836065573770492,1.0,1.0
sem_gaussian,LiNGAM,"{""threshold_lingam"": 0.1}",20,30,3000,27,/home/mathis/Documents/Travail/cbnsl_benchmark/scaling/../scaling/results/2026-04-02_10h34_sem_gaussian/graphs/golden__v20_a30_g27.json,/home/mathis/Documents/Travail/cbnsl_benchmark/scaling/../scaling/results/2026-04-02_10h34_sem_gaussian/graphs/LiNGAM__v20_a30_g27_s3000.json,,2.403748620999977,56.0,52.0,0.32941176470588235,0.5940594059405941,1.0,1.0
sem_gaussian,CPC,"{""alpha"": 0.05, ""max_conditioning_set_size"": 3}",20,30,5000,27,/home/mathis/Documents/Travail/cbnsl_benchmark/scaling/../scaling/results/2026-04-02_10h34_sem_gaussian/graphs/golden__v20_a30_g27.json,/home/mathis/Documents/Travail/cbnsl_benchmark/scaling/../scaling/results/2026-04-02_10h34_sem_gaussian/graphs/CPC__v20_a30_g27_s5000.json,,77.48718520900002,20.0,23.0,0.5238095238095238,0.8727272727272728,0.6470588235294118,0.8
sem_gaussian,CMIIC,"{""alpha"": 0.05}",20,30,5000,27,/home/mathis/Documents/Travail/cbnsl_benchmark/scaling/../scaling/results/2026-04-02_10h34_sem_gaussian/graphs/golden__v20_a30_g27.json,/home/mathis/Documents/Travail/cbnsl_benchmark/scaling/../scaling/results/2026-04-02_10h34_sem_gaussian/graphs/CMIIC__v20_a30_g27_s5000.json,,106.47381872098777,20.0,25.0,0.5581395348837208,0.8076923076923077,0.5714285714285714,0.7
sem_gaussian,MIIC,"{""n_bins"": 4, ""discretization_method"": ""quantile""}",20,30,5000,27,/home/mathis/Documents/Travail/cbnsl_benchmark/scaling/../scaling/results/2026-04-02_10h34_sem_gaussian/graphs/golden__v20_a30_g27.json,/home/mathis/Documents/Travail/cbnsl_benchmark/scaling/../scaling/results/2026-04-02_10h34_sem_gaussian/graphs/MIIC__v20_a30_g27_s5000.json,,0.9692068760050461,24.0,28.0,0.4390243902439025,0.8148148148148148,0.5294117647058824,0.7333333333333333
sem_gaussian,GHC+BDeu,"{""n_bins"": 4, ""discretization_method"": ""quantile""}",20,30,5000,27,/home/mathis/Documents/Travail/cbnsl_benchmark/scaling/../scaling/results/2026-04-02_10h34_sem_gaussian/graphs/golden__v20_a30_g27.json,/home/mathis/Documents/Travail/cbnsl_benchmark/scaling/../scaling/results/2026-04-02_10h34_sem_gaussian/graphs/GHC+BDeu__v20_a30_g27_s5000.json,,0.5254608140094206,28.0,29.0,0.2439024390243903,0.7796610169491527,0.4166666666666667,0.7666666666666667
sem_gaussian,NOTEARS,"{""lambda1"": 0.0, ""w_threshold_notears"": 0.3}",20,30,5000,27,/home/mathis/Documents/Travail/cbnsl_benchmark/scaling/../scaling/results/2026-04-02_10h34_sem_gaussian/graphs/golden__v20_a30_g27.json,/home/mathis/Documents/Travail/cbnsl_benchmark/scaling/../scaling/results/2026-04-02_10h34_sem_gaussian/graphs/NOTEARS__v20_a30_g27_s5000.json,,41.203556446998846,2.0,4.0,0.9473684210526316,1.0,1.0,1.0
sem_gaussian,NOTEARS Disc.,"{""lambda1"": 0.1, ""w_threshold_notears"": 0.1, ""n_bins"": 4, ""discretization_method"": ""quantile""}",20,30,5000,27,/home/mathis/Documents/Travail/cbnsl_benchmark/scaling/../scaling/results/2026-04-02_10h34_sem_gaussian/graphs/golden__v20_a30_g27.json,/home/mathis/Documents/Travail/cbnsl_benchmark/scaling/../scaling/results/2026-04-02_10h34_sem_gaussian/graphs/NOTEARS Disc.__v20_a30_g27_s5000.json,,16.607075926993275,9.0,18.0,0.7843137254901961,0.9666666666666667,0.9523809523809523,0.9666666666666667
sem_gaussian,LiNGAM,"{""threshold_lingam"": 0.1}",20,30,5000,27,/home/mathis/Documents/Travail/cbnsl_benchmark/scaling/../scaling/results/2026-04-02_10h34_sem_gaussian/graphs/golden__v20_a30_g27.json,/home/mathis/Documents/Travail/cbnsl_benchmark/scaling/../scaling/results/2026-04-02_10h34_sem_gaussian/graphs/LiNGAM__v20_a30_g27_s5000.json,,3.504837344022235,41.0,43.0,0.36923076923076925,0.7228915662650602,1.0,1.0
sem_gaussian,CPC,"{""alpha"": 0.05, ""max_conditioning_set_size"": 3}",20,30,200,28,/home/mathis/Documents/Travail/cbnsl_benchmark/scaling/../scaling/results/2026-04-02_10h34_sem_gaussian/graphs/golden__v20_a30_g28.json,/home/mathis/Documents/Travail/cbnsl_benchmark/scaling/../scaling/results/2026-04-02_10h34_sem_gaussian/graphs/CPC__v20_a30_g28_s200.json,,0.05295078197377734,20.0,23.0,0.5365853658536586,0.7755102040816326,0.5,0.6333333333333333
sem_gaussian,CMIIC,"{""alpha"": 0.05}",20,30,200,28,/home/mathis/Documents/Travail/cbnsl_benchmark/scaling/../scaling/results/2026-04-02_10h34_sem_gaussian/graphs/golden__v20_a30_g28.json,/home/mathis/Documents/Travail/cbnsl_benchmark/scaling/../scaling/results/2026-04-02_10h34_sem_gaussian/graphs/CMIIC__v20_a30_g28_s200.json,,0.3431192339921836,16.0,21.0,0.6521739130434783,0.8928571428571429,0.75,0.8333333333333334
sem_gaussian,MIIC,"{""n_bins"": 4, ""discretization_method"": ""quantile""}",20,30,200,28,/home/mathis/Documents/Travail/cbnsl_benchmark/scaling/../scaling/results/2026-04-02_10h34_sem_gaussian/graphs/golden__v20_a30_g28.json,/home/mathis/Documents/Travail/cbnsl_benchmark/scaling/../scaling/results/2026-04-02_10h34_sem_gaussian/graphs/MIIC__v20_a30_g28_s200.json,,0.040296621999004856,29.0,25.0,0.0,0.7234042553191489,0.0,0.5666666666666667
sem_gaussian,GHC+BDeu,"{""n_bins"": 4, ""discretization_method"": ""quantile""}",20,30,200,28,/home/mathis/Documents/Travail/cbnsl_benchmark/scaling/../scaling/results/2026-04-02_10h34_sem_gaussian/graphs/golden__v20_a30_g28.json,/home/mathis/Documents/Travail/cbnsl_benchmark/scaling/../scaling/results/2026-04-02_10h34_sem_gaussian/graphs/GHC+BDeu__v20_a30_g28_s200.json,,0.04323000099975616,30.0,28.0,0.0,0.4615384615384615,0.0,0.3
sem_gaussian,NOTEARS,"{""lambda1"": 0.0, ""w_threshold_notears"": 0.3}",20,30,200,28,/home/mathis/Documents/Travail/cbnsl_benchmark/scaling/../scaling/results/2026-04-02_10h34_sem_gaussian/graphs/golden__v20_a30_g28.json,/home/mathis/Documents/Travail/cbnsl_benchmark/scaling/../scaling/results/2026-04-02_10h34_sem_gaussian/graphs/NOTEARS__v20_a30_g28_s200.json,,6.985421849007253,13.0,14.0,0.7636363636363636,0.8852459016393444,0.875,0.9
sem_gaussian,NOTEARS Disc.,"{""lambda1"": 0.1, ""w_threshold_notears"": 0.1, ""n_bins"": 4, ""discretization_method"": ""quantile""}",20,30,200,28,/home/mathis/Documents/Travail/cbnsl_benchmark/scaling/../scaling/results/2026-04-02_10h34_sem_gaussian/graphs/golden__v20_a30_g28.json,/home/mathis/Documents/Travail/cbnsl_benchmark/scaling/../scaling/results/2026-04-02_10h34_sem_gaussian/graphs/NOTEARS Disc.__v20_a30_g28_s200.json,,3.8094724050024524,19.0,27.0,0.5833333333333333,0.8852459016393444,0.8235294117647058,0.9
sem_gaussian,LiNGAM,"{""threshold_lingam"": 0.1}",20,30,200,28,/home/mathis/Documents/Travail/cbnsl_benchmark/scaling/../scaling/results/2026-04-02_10h34_sem_gaussian/graphs/golden__v20_a30_g28.json,/home/mathis/Documents/Travail/cbnsl_benchmark/scaling/../scaling/results/2026-04-02_10h34_sem_gaussian/graphs/LiNGAM__v20_a30_g28_s200.json,,1.1068363749946002,44.0,47.0,0.38888888888888884,0.6666666666666667,0.9333333333333333,0.9666666666666667
sem_gaussian,CPC,"{""alpha"": 0.05, ""max_conditioning_set_size"": 3}",20,30,500,28,/home/mathis/Documents/Travail/cbnsl_benchmark/scaling/../scaling/results/2026-04-02_10h34_sem_gaussian/graphs/golden__v20_a30_g28.json,/home/mathis/Documents/Travail/cbnsl_benchmark/scaling/../scaling/results/2026-04-02_10h34_sem_gaussian/graphs/CPC__v20_a30_g28_s500.json,,0.4542436159972567,25.0,24.0,0.33333333333333326,0.6956521739130436,0.3,0.5333333333333333
sem_gaussian,CMIIC,"{""alpha"": 0.05}",20,30,500,28,/home/mathis/Documents/Travail/cbnsl_benchmark/scaling/../scaling/results/2026-04-02_10h34_sem_gaussian/graphs/golden__v20_a30_g28.json,/home/mathis/Documents/Travail/cbnsl_benchmark/scaling/../scaling/results/2026-04-02_10h34_sem_gaussian/graphs/CMIIC__v20_a30_g28_s500.json,,1.559027955023339,15.0,16.0,0.6808510638297872,0.9310344827586207,0.8421052631578947,0.9
sem_gaussian,MIIC,"{""n_bins"": 4, ""discretization_method"": ""quantile""}",20,30,500,28,/home/mathis/Documents/Travail/cbnsl_benchmark/scaling/../scaling/results/2026-04-02_10h34_sem_gaussian/graphs/golden__v20_a30_g28.json,/home/mathis/Documents/Travail/cbnsl_benchmark/scaling/../scaling/results/2026-04-02_10h34_sem_gaussian/graphs/MIIC__v20_a30_g28_s500.json,,0.0759416029904969,26.0,19.0,0.0,0.888888888888889,0.0,0.8
sem_gaussian,GHC+BDeu,"{""n_bins"": 4, ""discretization_method"": ""quantile""}",20,30,500,28,/home/mathis/Documents/Travail/cbnsl_benchmark/scaling/../scaling/results/2026-04-02_10h34_sem_gaussian/graphs/golden__v20_a30_g28.json,/home/mathis/Documents/Travail/cbnsl_benchmark/scaling/../scaling/results/2026-04-02_10h34_sem_gaussian/graphs/GHC+BDeu__v20_a30_g28_s500.json,,0.06570962301339023,29.0,24.0,0.0,0.7499999999999999,0.0,0.6
sem_gaussian,NOTEARS,"{""lambda1"": 0.0, ""w_threshold_notears"": 0.3}",20,30,500,28,/home/mathis/Documents/Travail/cbnsl_benchmark/scaling/../scaling/results/2026-04-02_10h34_sem_gaussian/graphs/golden__v20_a30_g28.json,/home/mathis/Documents/Travail/cbnsl_benchmark/scaling/../scaling/results/2026-04-02_10h34_sem_gaussian/graphs/NOTEARS__v20_a30_g28_s500.json,,5.637637261010241,9.0,17.0,0.8363636363636363,0.9333333333333333,0.92,0.9333333333333333
sem_gaussian,NOTEARS Disc.,"{""lambda1"": 0.1, ""w_threshold_notears"": 0.1, ""n_bins"": 4, ""discretization_method"": ""quantile""}",20,30,500,28,/home/mathis/Documents/Travail/cbnsl_benchmark/scaling/../scaling/results/2026-04-02_10h34_sem_gaussian/graphs/golden__v20_a30_g28.json,/home/mathis/Documents/Travail/cbnsl_benchmark/scaling/../scaling/results/2026-04-02_10h34_sem_gaussian/graphs/NOTEARS Disc.__v20_a30_g28_s500.json,,4.6475270749942865,14.0,16.0,0.6666666666666666,0.9508196721311476,0.9411764705882353,0.9666666666666667
sem_gaussian,LiNGAM,"{""threshold_lingam"": 0.1}",20,30,500,28,/home/mathis/Documents/Travail/cbnsl_benchmark/scaling/../scaling/results/2026-04-02_10h34_sem_gaussian/graphs/golden__v20_a30_g28.json,/home/mathis/Documents/Travail/cbnsl_benchmark/scaling/../scaling/results/2026-04-02_10h34_sem_gaussian/graphs/LiNGAM__v20_a30_g28_s500.json,,1.3062849029956851,44.0,44.0,0.34782608695652173,0.6896551724137931,1.0,1.0
sem_gaussian,CPC,"{""alpha"": 0.05, ""max_conditioning_set_size"": 3}",20,30,1000,28,/home/mathis/Documents/Travail/cbnsl_benchmark/scaling/../scaling/results/2026-04-02_10h34_sem_gaussian/graphs/golden__v20_a30_g28.json,/home/mathis/Documents/Travail/cbnsl_benchmark/scaling/../scaling/results/2026-04-02_10h34_sem_gaussian/graphs/CPC__v20_a30_g28_s1000.json,,2.2396971129928716,26.0,24.0,0.2857142857142857,0.7755102040816326,0.3125,0.6333333333333333
sem_gaussian,CMIIC,"{""alpha"": 0.05}",20,30,1000,28,/home/mathis/Documents/Travail/cbnsl_benchmark/scaling/../scaling/results/2026-04-02_10h34_sem_gaussian/graphs/golden__v20_a30_g28.json,/home/mathis/Documents/Travail/cbnsl_benchmark/scaling/../scaling/results/2026-04-02_10h34_sem_gaussian/graphs/CMIIC__v20_a30_g28_s1000.json,,5.287720402004197,15.0,19.0,0.6666666666666666,0.9285714285714286,0.7894736842105263,0.8666666666666667
sem_gaussian,MIIC,"{""n_bins"": 4, ""discretization_method"": ""quantile""}",20,30,1000,28,/home/mathis/Documents/Travail/cbnsl_benchmark/scaling/../scaling/results/2026-04-02_10h34_sem_gaussian/graphs/golden__v20_a30_g28.json,/home/mathis/Documents/Travail/cbnsl_benchmark/scaling/../scaling/results/2026-04-02_10h34_sem_gaussian/graphs/MIIC__v20_a30_g28_s1000.json,,0.13543408599798568,14.0,14.0,0.6956521739130435,0.9655172413793104,0.8888888888888888,0.9333333333333333
sem_gaussian,GHC+BDeu,"{""n_bins"": 4, ""discretization_method"": ""quantile""}",20,30,1000,28,/home/mathis/Documents/Travail/cbnsl_benchmark/scaling/../scaling/results/2026-04-02_10h34_sem_gaussian/graphs/golden__v20_a30_g28.json,/home/mathis/Documents/Travail/cbnsl_benchmark/scaling/../scaling/results/2026-04-02_10h34_sem_gaussian/graphs/GHC+BDeu__v20_a30_g28_s1000.json,,0.1017968550149817,27.0,21.0,0.17647058823529413,0.7843137254901961,0.23076923076923078,0.6666666666666666
sem_gaussian,NOTEARS,"{""lambda1"": 0.0, ""w_threshold_notears"": 0.3}",20,30,1000,28,/home/mathis/Documents/Travail/cbnsl_benchmark/scaling/../scaling/results/2026-04-02_10h34_sem_gaussian/graphs/golden__v20_a30_g28.json,/home/mathis/Documents/Travail/cbnsl_benchmark/scaling/../scaling/results/2026-04-02_10h34_sem_gaussian/graphs/NOTEARS__v20_a30_g28_s1000.json,,8.871240086009493,9.0,19.0,0.8363636363636363,0.9333333333333333,0.92,0.9333333333333333
sem_gaussian,NOTEARS Disc.,"{""lambda1"": 0.1, ""w_threshold_notears"": 0.1, ""n_bins"": 4, ""discretization_method"": ""quantile""}",20,30,1000,28,/home/mathis/Documents/Travail/cbnsl_benchmark/scaling/../scaling/results/2026-04-02_10h34_sem_gaussian/graphs/golden__v20_a30_g28.json,/home/mathis/Documents/Travail/cbnsl_benchmark/scaling/../scaling/results/2026-04-02_10h34_sem_gaussian/graphs/NOTEARS Disc.__v20_a30_g28_s1000.json,,5.447470215003705,7.0,14.0,0.8301886792452831,0.9836065573770492,1.0,1.0
sem_gaussian,LiNGAM,"{""threshold_lingam"": 0.1}",20,30,1000,28,/home/mathis/Documents/Travail/cbnsl_benchmark/scaling/../scaling/results/2026-04-02_10h34_sem_gaussian/graphs/golden__v20_a30_g28.json,/home/mathis/Documents/Travail/cbnsl_benchmark/scaling/../scaling/results/2026-04-02_10h34_sem_gaussian/graphs/LiNGAM__v20_a30_g28_s1000.json,,1.5601410959789064,51.0,52.0,0.33766233766233766,0.6382978723404256,1.0,1.0
sem_gaussian,CPC,"{""alpha"": 0.05, ""max_conditioning_set_size"": 3}",20,30,3000,28,/home/mathis/Documents/Travail/cbnsl_benchmark/scaling/../scaling/results/2026-04-02_10h34_sem_gaussian/graphs/golden__v20_a30_g28.json,/home/mathis/Documents/Travail/cbnsl_benchmark/scaling/../scaling/results/2026-04-02_10h34_sem_gaussian/graphs/CPC__v20_a30_g28_s3000.json,,27.03744465802447,20.0,14.0,0.5,0.9655172413793104,0.8333333333333334,0.9333333333333333
sem_gaussian,CMIIC,"{""alpha"": 0.05}",20,30,3000,28,/home/mathis/Documents/Travail/cbnsl_benchmark/scaling/../scaling/results/2026-04-02_10h34_sem_gaussian/graphs/golden__v20_a30_g28.json,/home/mathis/Documents/Travail/cbnsl_benchmark/scaling/../scaling/results/2026-04-02_10h34_sem_gaussian/graphs/CMIIC__v20_a30_g28_s3000.json,,42.53407121900818,14.0,19.0,0.6956521739130435,0.9285714285714286,0.8,0.8666666666666667
sem_gaussian,MIIC,"{""n_bins"": 4, ""discretization_method"": ""quantile""}",20,30,3000,28,/home/mathis/Documents/Travail/cbnsl_benchmark/scaling/../scaling/results/2026-04-02_10h34_sem_gaussian/graphs/golden__v20_a30_g28.json,/home/mathis/Documents/Travail/cbnsl_benchmark/scaling/../scaling/results/2026-04-02_10h34_sem_gaussian/graphs/MIIC__v20_a30_g28_s3000.json,,0.5818618040066212,14.0,17.0,0.7083333333333334,0.912280701754386,0.8095238095238095,0.8666666666666667
sem_gaussian,GHC+BDeu,"{""n_bins"": 4, ""discretization_method"": ""quantile""}",20,30,3000,28,/home/mathis/Documents/Travail/cbnsl_benchmark/scaling/../scaling/results/2026-04-02_10h34_sem_gaussian/graphs/golden__v20_a30_g28.json,/home/mathis/Documents/Travail/cbnsl_benchmark/scaling/../scaling/results/2026-04-02_10h34_sem_gaussian/graphs/GHC+BDeu__v20_a30_g28_s3000.json,,0.3335580650018528,20.0,19.0,0.5333333333333333,0.8421052631578948,0.6666666666666666,0.8
sem_gaussian,NOTEARS,"{""lambda1"": 0.0, ""w_threshold_notears"": 0.3}",20,30,3000,28,/home/mathis/Documents/Travail/cbnsl_benchmark/scaling/../scaling/results/2026-04-02_10h34_sem_gaussian/graphs/golden__v20_a30_g28.json,/home/mathis/Documents/Travail/cbnsl_benchmark/scaling/../scaling/results/2026-04-02_10h34_sem_gaussian/graphs/NOTEARS__v20_a30_g28_s3000.json,,30.67916451700148,6.0,15.0,0.8928571428571429,0.9666666666666667,0.9615384615384616,0.9666666666666667
sem_gaussian,NOTEARS Disc.,"{""lambda1"": 0.1, ""w_threshold_notears"": 0.1, ""n_bins"": 4, ""discretization_method"": ""quantile""}",20,30,3000,28,/home/mathis/Documents/Travail/cbnsl_benchmark/scaling/../scaling/results/2026-04-02_10h34_sem_gaussian/graphs/golden__v20_a30_g28.json,/home/mathis/Documents/Travail/cbnsl_benchmark/scaling/../scaling/results/2026-04-02_10h34_sem_gaussian/graphs/NOTEARS Disc.__v20_a30_g28_s3000.json,,36.052977441984694,13.0,4.0,0.7450980392156863,0.9508196721311476,0.95,0.9666666666666667
sem_gaussian,LiNGAM,"{""threshold_lingam"": 0.1}",20,30,3000,28,/home/mathis/Documents/Travail/cbnsl_benchmark/scaling/../scaling/results/2026-04-02_10h34_sem_gaussian/graphs/golden__v20_a30_g28.json,/home/mathis/Documents/Travail/cbnsl_benchmark/scaling/../scaling/results/2026-04-02_10h34_sem_gaussian/graphs/LiNGAM__v20_a30_g28_s3000.json,,2.6743216489849146,33.0,34.0,0.5352112676056338,0.7317073170731707,1.0,1.0
sem_gaussian,CPC,"{""alpha"": 0.05, ""max_conditioning_set_size"": 3}",20,30,5000,28,/home/mathis/Documents/Travail/cbnsl_benchmark/scaling/../scaling/results/2026-04-02_10h34_sem_gaussian/graphs/golden__v20_a30_g28.json,/home/mathis/Documents/Travail/cbnsl_benchmark/scaling/../scaling/results/2026-04-02_10h34_sem_gaussian/graphs/CPC__v20_a30_g28_s5000.json,,83.95520901301643,14.0,18.0,0.6666666666666667,0.9655172413793104,0.8823529411764706,0.9333333333333333
sem_gaussian,CMIIC,"{""alpha"": 0.05}",20,30,5000,28,/home/mathis/Documents/Travail/cbnsl_benchmark/scaling/../scaling/results/2026-04-02_10h34_sem_gaussian/graphs/golden__v20_a30_g28.json,/home/mathis/Documents/Travail/cbnsl_benchmark/scaling/../scaling/results/2026-04-02_10h34_sem_gaussian/graphs/CMIIC__v20_a30_g28_s5000.json,,112.78293834501528,14.0,19.0,0.6956521739130435,0.9285714285714286,0.8,0.8666666666666667
sem_gaussian,MIIC,"{""n_bins"": 4, ""discretization_method"": ""quantile""}",20,30,5000,28,/home/mathis/Documents/Travail/cbnsl_benchmark/scaling/../scaling/results/2026-04-02_10h34_sem_gaussian/graphs/golden__v20_a30_g28.json,/home/mathis/Documents/Travail/cbnsl_benchmark/scaling/../scaling/results/2026-04-02_10h34_sem_gaussian/graphs/MIIC__v20_a30_g28_s5000.json,,1.0055620830098633,10.0,17.0,0.7755102040816326,0.9655172413793104,0.9047619047619048,0.9333333333333333
sem_gaussian,GHC+BDeu,"{""n_bins"": 4, ""discretization_method"": ""quantile""}",20,30,5000,28,/home/mathis/Documents/Travail/cbnsl_benchmark/scaling/../scaling/results/2026-04-02_10h34_sem_gaussian/graphs/golden__v20_a30_g28.json,/home/mathis/Documents/Travail/cbnsl_benchmark/scaling/../scaling/results/2026-04-02_10h34_sem_gaussian/graphs/GHC+BDeu__v20_a30_g28_s5000.json,,0.534060210979078,17.0,17.0,0.653061224489796,0.9,0.8421052631578947,0.9
sem_gaussian,NOTEARS,"{""lambda1"": 0.0, ""w_threshold_notears"": 0.3}",20,30,5000,28,/home/mathis/Documents/Travail/cbnsl_benchmark/scaling/../scaling/results/2026-04-02_10h34_sem_gaussian/graphs/golden__v20_a30_g28.json,/home/mathis/Documents/Travail/cbnsl_benchmark/scaling/../scaling/results/2026-04-02_10h34_sem_gaussian/graphs/NOTEARS__v20_a30_g28_s5000.json,,32.90952921600547,7.0,18.0,0.8771929824561403,0.967741935483871,1.0,1.0
sem_gaussian,NOTEARS Disc.,"{""lambda1"": 0.1, ""w_threshold_notears"": 0.1, ""n_bins"": 4, ""discretization_method"": ""quantile""}",20,30,5000,28,/home/mathis/Documents/Travail/cbnsl_benchmark/scaling/../scaling/results/2026-04-02_10h34_sem_gaussian/graphs/golden__v20_a30_g28.json,/home/mathis/Documents/Travail/cbnsl_benchmark/scaling/../scaling/results/2026-04-02_10h34_sem_gaussian/graphs/NOTEARS Disc.__v20_a30_g28_s5000.json,,63.656812881003134,12.0,4.0,0.7450980392156863,0.9508196721311476,0.95,0.9666666666666667
sem_gaussian,LiNGAM,"{""threshold_lingam"": 0.1}",20,30,5000,28,/home/mathis/Documents/Travail/cbnsl_benchmark/scaling/../scaling/results/2026-04-02_10h34_sem_gaussian/graphs/golden__v20_a30_g28.json,/home/mathis/Documents/Travail/cbnsl_benchmark/scaling/../scaling/results/2026-04-02_10h34_sem_gaussian/graphs/LiNGAM__v20_a30_g28_s5000.json,,3.568793918006122,30.0,28.0,0.5588235294117647,0.759493670886076,1.0,1.0
sem_gaussian,CPC,"{""alpha"": 0.05, ""max_conditioning_set_size"": 3}",20,30,200,29,/home/mathis/Documents/Travail/cbnsl_benchmark/scaling/../scaling/results/2026-04-02_10h34_sem_gaussian/graphs/golden__v20_a30_g29.json,/home/mathis/Documents/Travail/cbnsl_benchmark/scaling/../scaling/results/2026-04-02_10h34_sem_gaussian/graphs/CPC__v20_a30_g29_s200.json,,0.0731318779871799,27.0,27.0,0.125,0.33333333333333337,0.07692307692307693,0.2
sem_gaussian,CMIIC,"{""alpha"": 0.05}",20,30,200,29,/home/mathis/Documents/Travail/cbnsl_benchmark/scaling/../scaling/results/2026-04-02_10h34_sem_gaussian/graphs/golden__v20_a30_g29.json,/home/mathis/Documents/Travail/cbnsl_benchmark/scaling/../scaling/results/2026-04-02_10h34_sem_gaussian/graphs/CMIIC__v20_a30_g29_s200.json,,0.4862924859917257,23.0,18.0,0.46153846153846156,0.9285714285714286,0.6923076923076923,0.8666666666666667
sem_gaussian,MIIC,"{""n_bins"": 4, ""discretization_method"": ""quantile""}",20,30,200,29,/home/mathis/Documents/Travail/cbnsl_benchmark/scaling/../scaling/results/2026-04-02_10h34_sem_gaussian/graphs/golden__v20_a30_g29.json,/home/mathis/Documents/Travail/cbnsl_benchmark/scaling/../scaling/results/2026-04-02_10h34_sem_gaussian/graphs/MIIC__v20_a30_g29_s200.json,,0.044907429022714496,25.0,23.0,0.0,0.7755102040816326,0.0,0.6333333333333333
sem_gaussian,GHC+BDeu,"{""n_bins"": 4, ""discretization_method"": ""quantile""}",20,30,200,29,/home/mathis/Documents/Travail/cbnsl_benchmark/scaling/../scaling/results/2026-04-02_10h34_sem_gaussian/graphs/golden__v20_a30_g29.json,/home/mathis/Documents/Travail/cbnsl_benchmark/scaling/../scaling/results/2026-04-02_10h34_sem_gaussian/graphs/GHC+BDeu__v20_a30_g29_s200.json,,0.04057414998533204,27.0,26.0,0.0,0.6046511627906976,0.0,0.43333333333333335
sem_gaussian,NOTEARS,"{""lambda1"": 0.0, ""w_threshold_notears"": 0.3}",20,30,200,29,/home/mathis/Documents/Travail/cbnsl_benchmark/scaling/../scaling/results/2026-04-02_10h34_sem_gaussian/graphs/golden__v20_a30_g29.json,/home/mathis/Documents/Travail/cbnsl_benchmark/scaling/../scaling/results/2026-04-02_10h34_sem_gaussian/graphs/NOTEARS__v20_a30_g29_s200.json,,4.1810428309836425,9.0,14.0,0.76,0.9310344827586207,0.8636363636363636,0.9
sem_gaussian,NOTEARS Disc.,"{""lambda1"": 0.1, ""w_threshold_notears"": 0.1, ""n_bins"": 4, ""discretization_method"": ""quantile""}",20,30,200,29,/home/mathis/Documents/Travail/cbnsl_benchmark/scaling/../scaling/results/2026-04-02_10h34_sem_gaussian/graphs/golden__v20_a30_g29.json,,[pyAgrum] Directed cycle detected: Add a directed cycle in a dag !,,,,,,,
sem_gaussian,LiNGAM,"{""threshold_lingam"": 0.1}",20,30,200,29,/home/mathis/Documents/Travail/cbnsl_benchmark/scaling/../scaling/results/2026-04-02_10h34_sem_gaussian/graphs/golden__v20_a30_g29.json,/home/mathis/Documents/Travail/cbnsl_benchmark/scaling/../scaling/results/2026-04-02_10h34_sem_gaussian/graphs/LiNGAM__v20_a30_g29_s200.json,,1.0436280870053452,36.0,33.0,0.4516129032258065,0.7532467532467533,0.9333333333333333,0.9666666666666667
sem_gaussian,CPC,"{""alpha"": 0.05, ""max_conditioning_set_size"": 3}",20,30,500,29,/home/mathis/Documents/Travail/cbnsl_benchmark/scaling/../scaling/results/2026-04-02_10h34_sem_gaussian/graphs/golden__v20_a30_g29.json,/home/mathis/Documents/Travail/cbnsl_benchmark/scaling/../scaling/results/2026-04-02_10h34_sem_gaussian/graphs/CPC__v20_a30_g29_s500.json,,0.5722506550082471,27.0,27.0,0.125,0.4210526315789474,0.08333333333333333,0.26666666666666666
sem_gaussian,CMIIC,"{""alpha"": 0.05}",20,30,500,29,/home/mathis/Documents/Travail/cbnsl_benchmark/scaling/../scaling/results/2026-04-02_10h34_sem_gaussian/graphs/golden__v20_a30_g29.json,/home/mathis/Documents/Travail/cbnsl_benchmark/scaling/../scaling/results/2026-04-02_10h34_sem_gaussian/graphs/CMIIC__v20_a30_g29_s500.json,,1.9425276329857297,11.0,25.0,0.6521739130434783,0.8518518518518519,0.6818181818181818,0.7666666666666667
sem_gaussian,MIIC,"{""n_bins"": 4, ""discretization_method"": ""quantile""}",20,30,500,29,/home/mathis/Documents/Travail/cbnsl_benchmark/scaling/../scaling/results/2026-04-02_10h34_sem_gaussian/graphs/golden__v20_a30_g29.json,/home/mathis/Documents/Travail/cbnsl_benchmark/scaling/../scaling/results/2026-04-02_10h34_sem_gaussian/graphs/MIIC__v20_a30_g29_s500.json,,0.07848562300205231,26.0,26.0,0.0,0.8518518518518519,0.0,0.7666666666666667
sem_gaussian,GHC+BDeu,"{""n_bins"": 4, ""discretization_method"": ""quantile""}",20,30,500,29,/home/mathis/Documents/Travail/cbnsl_benchmark/scaling/../scaling/results/2026-04-02_10h34_sem_gaussian/graphs/golden__v20_a30_g29.json,/home/mathis/Documents/Travail/cbnsl_benchmark/scaling/../scaling/results/2026-04-02_10h34_sem_gaussian/graphs/GHC+BDeu__v20_a30_g29_s500.json,,0.060582568985410035,26.0,25.0,0.0,0.7346938775510204,0.0,0.6
sem_gaussian,NOTEARS,"{""lambda1"": 0.0, ""w_threshold_notears"": 0.3}",20,30,500,29,/home/mathis/Documents/Travail/cbnsl_benchmark/scaling/../scaling/results/2026-04-02_10h34_sem_gaussian/graphs/golden__v20_a30_g29.json,/home/mathis/Documents/Travail/cbnsl_benchmark/scaling/../scaling/results/2026-04-02_10h34_sem_gaussian/graphs/NOTEARS__v20_a30_g29_s500.json,,5.529063955007587,9.0,16.0,0.823529411764706,0.983050847457627,0.9545454545454546,0.9666666666666667
sem_gaussian,NOTEARS Disc.,"{""lambda1"": 0.1, ""w_threshold_notears"": 0.1, ""n_bins"": 4, ""discretization_method"": ""quantile""}",20,30,500,29,/home/mathis/Documents/Travail/cbnsl_benchmark/scaling/../scaling/results/2026-04-02_10h34_sem_gaussian/graphs/golden__v20_a30_g29.json,/home/mathis/Documents/Travail/cbnsl_benchmark/scaling/../scaling/results/2026-04-02_10h34_sem_gaussian/graphs/NOTEARS Disc.__v20_a30_g29_s500.json,,16.28328452000278,16.0,16.0,0.6399999999999999,0.8852459016393444,0.8421052631578947,0.9
sem_gaussian,LiNGAM,"{""threshold_lingam"": 0.1}",20,30,500,29,/home/mathis/Documents/Travail/cbnsl_benchmark/scaling/../scaling/results/2026-04-02_10h34_sem_gaussian/graphs/golden__v20_a30_g29.json,/home/mathis/Documents/Travail/cbnsl_benchmark/scaling/../scaling/results/2026-04-02_10h34_sem_gaussian/graphs/LiNGAM__v20_a30_g29_s500.json,,1.1973749040043913,59.0,57.0,0.28571428571428575,0.6105263157894737,0.9166666666666666,0.9666666666666667
sem_gaussian,CPC,"{""alpha"": 0.05, ""max_conditioning_set_size"": 3}",20,30,1000,29,/home/mathis/Documents/Travail/cbnsl_benchmark/scaling/../scaling/results/2026-04-02_10h34_sem_gaussian/graphs/golden__v20_a30_g29.json,/home/mathis/Documents/Travail/cbnsl_benchmark/scaling/../scaling/results/2026-04-02_10h34_sem_gaussian/graphs/CPC__v20_a30_g29_s1000.json,,3.6337470930011477,25.0,25.0,0.2857142857142857,0.7755102040816326,0.3125,0.6333333333333333
sem_gaussian,CMIIC,"{""alpha"": 0.05}",20,30,1000,29,/home/mathis/Documents/Travail/cbnsl_benchmark/scaling/../scaling/results/2026-04-02_10h34_sem_gaussian/graphs/golden__v20_a30_g29.json,/home/mathis/Documents/Travail/cbnsl_benchmark/scaling/../scaling/results/2026-04-02_10h34_sem_gaussian/graphs/CMIIC__v20_a30_g29_s1000.json,,6.7141045780153945,11.0,25.0,0.6521739130434783,0.8518518518518519,0.6818181818181818,0.7666666666666667
sem_gaussian,MIIC,"{""n_bins"": 4, ""discretization_method"": ""quantile""}",20,30,1000,29,/home/mathis/Documents/Travail/cbnsl_benchmark/scaling/../scaling/results/2026-04-02_10h34_sem_gaussian/graphs/golden__v20_a30_g29.json,/home/mathis/Documents/Travail/cbnsl_benchmark/scaling/../scaling/results/2026-04-02_10h34_sem_gaussian/graphs/MIIC__v20_a30_g29_s1000.json,,0.15029640099965036,26.0,26.0,0.0,0.8518518518518519,0.0,0.7666666666666667
sem_gaussian,GHC+BDeu,"{""n_bins"": 4, ""discretization_method"": ""quantile""}",20,30,1000,29,/home/mathis/Documents/Travail/cbnsl_benchmark/scaling/../scaling/results/2026-04-02_10h34_sem_gaussian/graphs/golden__v20_a30_g29.json,/home/mathis/Documents/Travail/cbnsl_benchmark/scaling/../scaling/results/2026-04-02_10h34_sem_gaussian/graphs/GHC+BDeu__v20_a30_g29_s1000.json,,0.09959724498912692,25.0,25.0,0.12121212121212123,0.7599999999999999,0.15384615384615385,0.6333333333333333
sem_gaussian,NOTEARS,"{""lambda1"": 0.0, ""w_threshold_notears"": 0.3}",20,30,1000,29,/home/mathis/Documents/Travail/cbnsl_benchmark/scaling/../scaling/results/2026-04-02_10h34_sem_gaussian/graphs/golden__v20_a30_g29.json,/home/mathis/Documents/Travail/cbnsl_benchmark/scaling/../scaling/results/2026-04-02_10h34_sem_gaussian/graphs/NOTEARS__v20_a30_g29_s1000.json,,24.73983915199642,10.0,18.0,0.846153846153846,1.0,1.0,1.0
sem_gaussian,NOTEARS Disc.,"{""lambda1"": 0.1, ""w_threshold_notears"": 0.1, ""n_bins"": 4, ""discretization_method"": ""quantile""}",20,30,1000,29,/home/mathis/Documents/Travail/cbnsl_benchmark/scaling/../scaling/results/2026-04-02_10h34_sem_gaussian/graphs/golden__v20_a30_g29.json,,[pyAgrum] Directed cycle detected: Add a directed cycle in a dag !,,,,,,,
sem_gaussian,LiNGAM,"{""threshold_lingam"": 0.1}",20,30,1000,29,/home/mathis/Documents/Travail/cbnsl_benchmark/scaling/../scaling/results/2026-04-02_10h34_sem_gaussian/graphs/golden__v20_a30_g29.json,/home/mathis/Documents/Travail/cbnsl_benchmark/scaling/../scaling/results/2026-04-02_10h34_sem_gaussian/graphs/LiNGAM__v20_a30_g29_s1000.json,,1.5551651880086865,48.0,41.0,0.3888888888888889,0.6818181818181819,1.0,1.0
sem_gaussian,CPC,"{""alpha"": 0.05, ""max_conditioning_set_size"": 3}",20,30,3000,29,/home/mathis/Documents/Travail/cbnsl_benchmark/scaling/../scaling/results/2026-04-02_10h34_sem_gaussian/graphs/golden__v20_a30_g29.json,/home/mathis/Documents/Travail/cbnsl_benchmark/scaling/../scaling/results/2026-04-02_10h34_sem_gaussian/graphs/CPC__v20_a30_g29_s3000.json,,50.03413785400335,30.0,24.0,0.35,0.8813559322033899,0.6363636363636364,0.8666666666666667
sem_gaussian,CMIIC,"{""alpha"": 0.05}",20,30,3000,29,/home/mathis/Documents/Travail/cbnsl_benchmark/scaling/../scaling/results/2026-04-02_10h34_sem_gaussian/graphs/golden__v20_a30_g29.json,/home/mathis/Documents/Travail/cbnsl_benchmark/scaling/../scaling/results/2026-04-02_10h34_sem_gaussian/graphs/CMIIC__v20_a30_g29_s3000.json,,60.40015476199915,13.0,21.0,0.6046511627906976,0.9090909090909091,0.7222222222222222,0.8333333333333334
sem_gaussian,MIIC,"{""n_bins"": 4, ""discretization_method"": ""quantile""}",20,30,3000,29,/home/mathis/Documents/Travail/cbnsl_benchmark/scaling/../scaling/results/2026-04-02_10h34_sem_gaussian/graphs/golden__v20_a30_g29.json,/home/mathis/Documents/Travail/cbnsl_benchmark/scaling/../scaling/results/2026-04-02_10h34_sem_gaussian/graphs/MIIC__v20_a30_g29_s3000.json,,0.8079783100110944,11.0,22.0,0.12121212121212122,0.8727272727272728,0.25,0.8
sem_gaussian,GHC+BDeu,"{""n_bins"": 4, ""discretization_method"": ""quantile""}",20,30,3000,29,/home/mathis/Documents/Travail/cbnsl_benchmark/scaling/../scaling/results/2026-04-02_10h34_sem_gaussian/graphs/golden__v20_a30_g29.json,/home/mathis/Documents/Travail/cbnsl_benchmark/scaling/../scaling/results/2026-04-02_10h34_sem_gaussian/graphs/GHC+BDeu__v20_a30_g29_s3000.json,,0.3269260000088252,28.0,25.0,0.2222222222222222,0.8363636363636363,0.36363636363636365,0.7666666666666667
sem_gaussian,NOTEARS,"{""lambda1"": 0.0, ""w_threshold_notears"": 0.3}",20,30,3000,29,/home/mathis/Documents/Travail/cbnsl_benchmark/scaling/../scaling/results/2026-04-02_10h34_sem_gaussian/graphs/golden__v20_a30_g29.json,/home/mathis/Documents/Travail/cbnsl_benchmark/scaling/../scaling/results/2026-04-02_10h34_sem_gaussian/graphs/NOTEARS__v20_a30_g29_s3000.json,,25.974291432998143,9.0,24.0,0.8301886792452831,0.9666666666666667,0.9565217391304348,0.9666666666666667
sem_gaussian,NOTEARS Disc.,"{""lambda1"": 0.1, ""w_threshold_notears"": 0.1, ""n_bins"": 4, ""discretization_method"": ""quantile""}",20,30,3000,29,/home/mathis/Documents/Travail/cbnsl_benchmark/scaling/../scaling/results/2026-04-02_10h34_sem_gaussian/graphs/golden__v20_a30_g29.json,,[pyAgrum] Directed cycle detected: Add a directed cycle in a dag !,,,,,,,
sem_gaussian,LiNGAM,"{""threshold_lingam"": 0.1}",20,30,3000,29,/home/mathis/Documents/Travail/cbnsl_benchmark/scaling/../scaling/results/2026-04-02_10h34_sem_gaussian/graphs/golden__v20_a30_g29.json,/home/mathis/Documents/Travail/cbnsl_benchmark/scaling/../scaling/results/2026-04-02_10h34_sem_gaussian/graphs/LiNGAM__v20_a30_g29_s3000.json,,2.5157952920126263,54.0,53.0,0.29333333333333333,0.6236559139784946,0.9166666666666666,0.9666666666666667
sem_gaussian,CPC,"{""alpha"": 0.05, ""max_conditioning_set_size"": 3}",20,30,5000,29,/home/mathis/Documents/Travail/cbnsl_benchmark/scaling/../scaling/results/2026-04-02_10h34_sem_gaussian/graphs/golden__v20_a30_g29.json,/home/mathis/Documents/Travail/cbnsl_benchmark/scaling/../scaling/results/2026-04-02_10h34_sem_gaussian/graphs/CPC__v20_a30_g29_s5000.json,,171.40803347100154,19.0,20.0,0.6250000000000001,0.8620689655172413,0.75,0.8333333333333334
sem_gaussian,CMIIC,"{""alpha"": 0.05}",20,30,5000,29,/home/mathis/Documents/Travail/cbnsl_benchmark/scaling/../scaling/results/2026-04-02_10h34_sem_gaussian/graphs/golden__v20_a30_g29.json,/home/mathis/Documents/Travail/cbnsl_benchmark/scaling/../scaling/results/2026-04-02_10h34_sem_gaussian/graphs/CMIIC__v20_a30_g29_s5000.json,,156.02344526699744,13.0,21.0,0.6046511627906976,0.9090909090909091,0.7222222222222222,0.8333333333333334
sem_gaussian,MIIC,"{""n_bins"": 4, ""discretization_method"": ""quantile""}",20,30,5000,29,/home/mathis/Documents/Travail/cbnsl_benchmark/scaling/../scaling/results/2026-04-02_10h34_sem_gaussian/graphs/golden__v20_a30_g29.json,/home/mathis/Documents/Travail/cbnsl_benchmark/scaling/../scaling/results/2026-04-02_10h34_sem_gaussian/graphs/MIIC__v20_a30_g29_s5000.json,,1.626284474012209,14.0,19.0,0.12121212121212122,0.912280701754386,0.3333333333333333,0.8666666666666667
sem_gaussian,GHC+BDeu,"{""n_bins"": 4, ""discretization_method"": ""quantile""}",20,30,5000,29,/home/mathis/Documents/Travail/cbnsl_benchmark/scaling/../scaling/results/2026-04-02_10h34_sem_gaussian/graphs/golden__v20_a30_g29.json,/home/mathis/Documents/Travail/cbnsl_benchmark/scaling/../scaling/results/2026-04-02_10h34_sem_gaussian/graphs/GHC+BDeu__v20_a30_g29_s5000.json,,0.5560347480059136,24.0,25.0,0.5,0.9,0.7857142857142857,0.9
sem_gaussian,NOTEARS,"{""lambda1"": 0.0, ""w_threshold_notears"": 0.3}",20,30,5000,29,/home/mathis/Documents/Travail/cbnsl_benchmark/scaling/../scaling/results/2026-04-02_10h34_sem_gaussian/graphs/golden__v20_a30_g29.json,/home/mathis/Documents/Travail/cbnsl_benchmark/scaling/../scaling/results/2026-04-02_10h34_sem_gaussian/graphs/NOTEARS__v20_a30_g29_s5000.json,,139.03031960999942,7.0,18.0,0.8235294117647058,1.0,1.0,1.0
sem_gaussian,NOTEARS Disc.,"{""lambda1"": 0.1, ""w_threshold_notears"": 0.1, ""n_bins"": 4, ""discretization_method"": ""quantile""}",20,30,5000,29,/home/mathis/Documents/Travail/cbnsl_benchmark/scaling/../scaling/results/2026-04-02_10h34_sem_gaussian/graphs/golden__v20_a30_g29.json,,[pyAgrum] Directed cycle detected: Add a directed cycle in a dag !,,,,,,,
sem_gaussian,LiNGAM,"{""threshold_lingam"": 0.1}",20,30,5000,29,/home/mathis/Documents/Travail/cbnsl_benchmark/scaling/../scaling/results/2026-04-02_10h34_sem_gaussian/graphs/golden__v20_a30_g29.json,/home/mathis/Documents/Travail/cbnsl_benchmark/scaling/../scaling/results/2026-04-02_10h34_sem_gaussian/graphs/LiNGAM__v20_a30_g29_s5000.json,,3.5012789419852197,50.0,49.0,0.2898550724637681,0.6741573033707865,1.0,1.0
