generator_name,algo,algo_params,n_vars,n_arcs,n_samples,graph_idx,golden_path,learned_path,error_msg,time_s,SHD,SHD_skeleton,F1-Score,F1-Score_skeleton,TPR,TPR_skeleton
sem_laplace,CPC,"{""alpha"": 0.01, ""max_conditioning_set_size"": 2}",20,30,200,0,/home/mathis/Documents/Travail/cbnsl_benchmark/scaling/../scaling/results/2026-03-30_20h11_sem_laplace/graphs/golden__v20_a30_g0.json,/home/mathis/Documents/Travail/cbnsl_benchmark/scaling/../scaling/results/2026-03-30_20h11_sem_laplace/graphs/CPC__v20_a30_g0_s200.json,,0.14478383299956477,26.0,28.0,0.28571428571428575,0.5365853658536585,0.20833333333333334,0.36666666666666664
sem_laplace,CMIIC,"{""alpha"": 0.01}",20,30,200,0,/home/mathis/Documents/Travail/cbnsl_benchmark/scaling/../scaling/results/2026-03-30_20h11_sem_laplace/graphs/golden__v20_a30_g0.json,/home/mathis/Documents/Travail/cbnsl_benchmark/scaling/../scaling/results/2026-03-30_20h11_sem_laplace/graphs/CMIIC__v20_a30_g0_s200.json,,15.247667286999786,89.0,101.0,0.3283582089552239,0.4225352112676056,1.0,1.0
sem_laplace,MIIC,"{""n_bins"": 2, ""discretization_method"": ""quantile""}",20,30,200,0,/home/mathis/Documents/Travail/cbnsl_benchmark/scaling/../scaling/results/2026-03-30_20h11_sem_laplace/graphs/golden__v20_a30_g0.json,/home/mathis/Documents/Travail/cbnsl_benchmark/scaling/../scaling/results/2026-03-30_20h11_sem_laplace/graphs/MIIC__v20_a30_g0_s200.json,,0.10964774600006422,21.0,21.0,0.5333333333333332,0.8,0.6,0.7333333333333333
sem_laplace,GHC+BDeu,"{""n_bins"": 2, ""discretization_method"": ""quantile""}",20,30,200,0,/home/mathis/Documents/Travail/cbnsl_benchmark/scaling/../scaling/results/2026-03-30_20h11_sem_laplace/graphs/golden__v20_a30_g0.json,/home/mathis/Documents/Travail/cbnsl_benchmark/scaling/../scaling/results/2026-03-30_20h11_sem_laplace/graphs/GHC+BDeu__v20_a30_g0_s200.json,,0.06744957899991277,25.0,28.0,0.380952380952381,0.7407407407407408,0.4444444444444444,0.6666666666666666
sem_laplace,NOTEARS,"{""lambda1"": 0.0, ""w_threshold_notears"": 0.1}",20,30,200,0,/home/mathis/Documents/Travail/cbnsl_benchmark/scaling/../scaling/results/2026-03-30_20h11_sem_laplace/graphs/golden__v20_a30_g0.json,/home/mathis/Documents/Travail/cbnsl_benchmark/scaling/../scaling/results/2026-03-30_20h11_sem_laplace/graphs/NOTEARS__v20_a30_g0_s200.json,,12.09816285199986,41.0,54.0,0.5806451612903226,0.625,1.0,1.0
sem_laplace,NOTEARS Disc.,"{""lambda1"": 0.3, ""w_threshold_notears"": 0.1, ""n_bins"": 6, ""discretization_method"": ""hartemink"", ""initial_bins"": 20}",20,30,200,0,/home/mathis/Documents/Travail/cbnsl_benchmark/scaling/../scaling/results/2026-03-30_20h11_sem_laplace/graphs/golden__v20_a30_g0.json,/home/mathis/Documents/Travail/cbnsl_benchmark/scaling/../scaling/results/2026-03-30_20h11_sem_laplace/graphs/NOTEARS Disc.__v20_a30_g0_s200.json,,32.44328045200018,18.0,20.0,0.6086956521739131,0.896551724137931,0.7777777777777778,0.8666666666666667
sem_laplace,LiNGAM,"{""threshold_lingam"": 0.01}",20,30,200,0,/home/mathis/Documents/Travail/cbnsl_benchmark/scaling/../scaling/results/2026-03-30_20h11_sem_laplace/graphs/golden__v20_a30_g0.json,/home/mathis/Documents/Travail/cbnsl_benchmark/scaling/../scaling/results/2026-03-30_20h11_sem_laplace/graphs/LiNGAM__v20_a30_g0_s200.json,,1.759390997999617,7.0,11.0,0.8474576271186441,0.9375,1.0,1.0
sem_laplace,CPC,"{""alpha"": 0.01, ""max_conditioning_set_size"": 2}",20,30,500,0,/home/mathis/Documents/Travail/cbnsl_benchmark/scaling/../scaling/results/2026-03-30_20h11_sem_laplace/graphs/golden__v20_a30_g0.json,/home/mathis/Documents/Travail/cbnsl_benchmark/scaling/../scaling/results/2026-03-30_20h11_sem_laplace/graphs/CPC__v20_a30_g0_s500.json,,0.5742006659997969,29.0,28.0,0.06451612903225806,0.5,0.047619047619047616,0.3333333333333333
sem_laplace,CMIIC,"{""alpha"": 0.01}",20,30,500,0,/home/mathis/Documents/Travail/cbnsl_benchmark/scaling/../scaling/results/2026-03-30_20h11_sem_laplace/graphs/golden__v20_a30_g0.json,/home/mathis/Documents/Travail/cbnsl_benchmark/scaling/../scaling/results/2026-03-30_20h11_sem_laplace/graphs/CMIIC__v20_a30_g0_s500.json,,43.57354255900009,50.0,58.0,0.46808510638297873,0.5882352941176471,1.0,1.0
sem_laplace,MIIC,"{""n_bins"": 2, ""discretization_method"": ""quantile""}",20,30,500,0,/home/mathis/Documents/Travail/cbnsl_benchmark/scaling/../scaling/results/2026-03-30_20h11_sem_laplace/graphs/golden__v20_a30_g0.json,/home/mathis/Documents/Travail/cbnsl_benchmark/scaling/../scaling/results/2026-03-30_20h11_sem_laplace/graphs/MIIC__v20_a30_g0_s500.json,,0.13106134299960104,17.0,21.0,0.6250000000000001,0.8620689655172413,0.75,0.8333333333333334
sem_laplace,GHC+BDeu,"{""n_bins"": 2, ""discretization_method"": ""quantile""}",20,30,500,0,/home/mathis/Documents/Travail/cbnsl_benchmark/scaling/../scaling/results/2026-03-30_20h11_sem_laplace/graphs/golden__v20_a30_g0.json,/home/mathis/Documents/Travail/cbnsl_benchmark/scaling/../scaling/results/2026-03-30_20h11_sem_laplace/graphs/GHC+BDeu__v20_a30_g0_s500.json,,0.10478205299978072,24.0,25.0,0.41860465116279066,0.8275862068965518,0.6,0.8
sem_laplace,NOTEARS,"{""lambda1"": 0.0, ""w_threshold_notears"": 0.1}",20,30,500,0,/home/mathis/Documents/Travail/cbnsl_benchmark/scaling/../scaling/results/2026-03-30_20h11_sem_laplace/graphs/golden__v20_a30_g0.json,,[pyAgrum] Directed cycle detected: Add a directed cycle in a dag !,,,,,,,
sem_laplace,NOTEARS Disc.,"{""lambda1"": 0.3, ""w_threshold_notears"": 0.1, ""n_bins"": 6, ""discretization_method"": ""hartemink"", ""initial_bins"": 20}",20,30,500,0,/home/mathis/Documents/Travail/cbnsl_benchmark/scaling/../scaling/results/2026-03-30_20h11_sem_laplace/graphs/golden__v20_a30_g0.json,/home/mathis/Documents/Travail/cbnsl_benchmark/scaling/../scaling/results/2026-03-30_20h11_sem_laplace/graphs/NOTEARS Disc.__v20_a30_g0_s500.json,,45.410700656000245,19.0,22.0,0.5652173913043479,0.8620689655172413,0.7222222222222222,0.8333333333333334
sem_laplace,LiNGAM,"{""threshold_lingam"": 0.01}",20,30,500,0,/home/mathis/Documents/Travail/cbnsl_benchmark/scaling/../scaling/results/2026-03-30_20h11_sem_laplace/graphs/golden__v20_a30_g0.json,/home/mathis/Documents/Travail/cbnsl_benchmark/scaling/../scaling/results/2026-03-30_20h11_sem_laplace/graphs/LiNGAM__v20_a30_g0_s500.json,,1.229344016000141,0.0,0.0,0.9655172413793104,1.0,1.0,1.0
sem_laplace,CPC,"{""alpha"": 0.01, ""max_conditioning_set_size"": 2}",20,30,1000,0,/home/mathis/Documents/Travail/cbnsl_benchmark/scaling/../scaling/results/2026-03-30_20h11_sem_laplace/graphs/golden__v20_a30_g0.json,/home/mathis/Documents/Travail/cbnsl_benchmark/scaling/../scaling/results/2026-03-30_20h11_sem_laplace/graphs/CPC__v20_a30_g0_s1000.json,,1.6525377709999702,28.0,27.0,0.125,0.6666666666666666,0.11764705882352941,0.5
sem_laplace,CMIIC,"{""alpha"": 0.01}",20,30,1000,0,/home/mathis/Documents/Travail/cbnsl_benchmark/scaling/../scaling/results/2026-03-30_20h11_sem_laplace/graphs/golden__v20_a30_g0.json,/home/mathis/Documents/Travail/cbnsl_benchmark/scaling/../scaling/results/2026-03-30_20h11_sem_laplace/graphs/CMIIC__v20_a30_g0_s1000.json,,80.00053939400004,24.0,40.0,0.6578947368421052,0.7407407407407407,1.0,1.0
sem_laplace,MIIC,"{""n_bins"": 2, ""discretization_method"": ""quantile""}",20,30,1000,0,/home/mathis/Documents/Travail/cbnsl_benchmark/scaling/../scaling/results/2026-03-30_20h11_sem_laplace/graphs/golden__v20_a30_g0.json,/home/mathis/Documents/Travail/cbnsl_benchmark/scaling/../scaling/results/2026-03-30_20h11_sem_laplace/graphs/MIIC__v20_a30_g0_s1000.json,,0.15014197300024534,13.0,17.0,0.7547169811320755,0.8813559322033899,0.8333333333333334,0.8666666666666667
sem_laplace,GHC+BDeu,"{""n_bins"": 2, ""discretization_method"": ""quantile""}",20,30,1000,0,/home/mathis/Documents/Travail/cbnsl_benchmark/scaling/../scaling/results/2026-03-30_20h11_sem_laplace/graphs/golden__v20_a30_g0.json,/home/mathis/Documents/Travail/cbnsl_benchmark/scaling/../scaling/results/2026-03-30_20h11_sem_laplace/graphs/GHC+BDeu__v20_a30_g0_s1000.json,,0.1045744839998406,18.0,17.0,0.6122448979591837,0.9032258064516129,0.8823529411764706,0.9333333333333333
sem_laplace,NOTEARS,"{""lambda1"": 0.0, ""w_threshold_notears"": 0.1}",20,30,1000,0,/home/mathis/Documents/Travail/cbnsl_benchmark/scaling/../scaling/results/2026-03-30_20h11_sem_laplace/graphs/golden__v20_a30_g0.json,/home/mathis/Documents/Travail/cbnsl_benchmark/scaling/../scaling/results/2026-03-30_20h11_sem_laplace/graphs/NOTEARS__v20_a30_g0_s1000.json,,11.411609126999792,15.0,22.0,0.7301587301587301,0.8571428571428571,1.0,1.0
sem_laplace,NOTEARS Disc.,"{""lambda1"": 0.3, ""w_threshold_notears"": 0.1, ""n_bins"": 6, ""discretization_method"": ""hartemink"", ""initial_bins"": 20}",20,30,1000,0,/home/mathis/Documents/Travail/cbnsl_benchmark/scaling/../scaling/results/2026-03-30_20h11_sem_laplace/graphs/golden__v20_a30_g0.json,/home/mathis/Documents/Travail/cbnsl_benchmark/scaling/../scaling/results/2026-03-30_20h11_sem_laplace/graphs/NOTEARS Disc.__v20_a30_g0_s1000.json,,57.716001442000106,10.0,22.0,0.7499999999999999,0.9090909090909091,0.782608695652174,0.8333333333333334
sem_laplace,LiNGAM,"{""threshold_lingam"": 0.01}",20,30,1000,0,/home/mathis/Documents/Travail/cbnsl_benchmark/scaling/../scaling/results/2026-03-30_20h11_sem_laplace/graphs/golden__v20_a30_g0.json,/home/mathis/Documents/Travail/cbnsl_benchmark/scaling/../scaling/results/2026-03-30_20h11_sem_laplace/graphs/LiNGAM__v20_a30_g0_s1000.json,,1.4974849159998485,0.0,0.0,0.9655172413793104,1.0,1.0,1.0
sem_laplace,CPC,"{""alpha"": 0.01, ""max_conditioning_set_size"": 2}",20,30,3000,0,/home/mathis/Documents/Travail/cbnsl_benchmark/scaling/../scaling/results/2026-03-30_20h11_sem_laplace/graphs/golden__v20_a30_g0.json,/home/mathis/Documents/Travail/cbnsl_benchmark/scaling/../scaling/results/2026-03-30_20h11_sem_laplace/graphs/CPC__v20_a30_g0_s3000.json,,18.100891454999783,24.0,22.0,0.4,0.8571428571428571,0.5714285714285714,0.8
sem_laplace,CMIIC,"{""alpha"": 0.01}",20,30,3000,0,/home/mathis/Documents/Travail/cbnsl_benchmark/scaling/../scaling/results/2026-03-30_20h11_sem_laplace/graphs/golden__v20_a30_g0.json,/home/mathis/Documents/Travail/cbnsl_benchmark/scaling/../scaling/results/2026-03-30_20h11_sem_laplace/graphs/CMIIC__v20_a30_g0_s3000.json,,183.2837677880002,6.0,19.0,0.8666666666666665,0.9206349206349207,0.9629629629629629,0.9666666666666667
sem_laplace,MIIC,"{""n_bins"": 2, ""discretization_method"": ""quantile""}",20,30,3000,0,/home/mathis/Documents/Travail/cbnsl_benchmark/scaling/../scaling/results/2026-03-30_20h11_sem_laplace/graphs/golden__v20_a30_g0.json,/home/mathis/Documents/Travail/cbnsl_benchmark/scaling/../scaling/results/2026-03-30_20h11_sem_laplace/graphs/MIIC__v20_a30_g0_s3000.json,,1.2504082199998265,12.0,23.0,0.7868852459016394,0.8615384615384616,0.9230769230769231,0.9333333333333333
sem_laplace,GHC+BDeu,"{""n_bins"": 2, ""discretization_method"": ""quantile""}",20,30,3000,0,/home/mathis/Documents/Travail/cbnsl_benchmark/scaling/../scaling/results/2026-03-30_20h11_sem_laplace/graphs/golden__v20_a30_g0.json,/home/mathis/Documents/Travail/cbnsl_benchmark/scaling/../scaling/results/2026-03-30_20h11_sem_laplace/graphs/GHC+BDeu__v20_a30_g0_s3000.json,,0.5294162500003949,23.0,26.0,0.5384615384615385,0.8484848484848485,0.875,0.9333333333333333
sem_laplace,NOTEARS,"{""lambda1"": 0.0, ""w_threshold_notears"": 0.1}",20,30,3000,0,/home/mathis/Documents/Travail/cbnsl_benchmark/scaling/../scaling/results/2026-03-30_20h11_sem_laplace/graphs/golden__v20_a30_g0.json,/home/mathis/Documents/Travail/cbnsl_benchmark/scaling/../scaling/results/2026-03-30_20h11_sem_laplace/graphs/NOTEARS__v20_a30_g0_s3000.json,,32.754324946,24.0,34.0,0.6388888888888888,0.759493670886076,1.0,1.0
sem_laplace,NOTEARS Disc.,"{""lambda1"": 0.3, ""w_threshold_notears"": 0.1, ""n_bins"": 6, ""discretization_method"": ""hartemink"", ""initial_bins"": 20}",20,30,3000,0,/home/mathis/Documents/Travail/cbnsl_benchmark/scaling/../scaling/results/2026-03-30_20h11_sem_laplace/graphs/golden__v20_a30_g0.json,/home/mathis/Documents/Travail/cbnsl_benchmark/scaling/../scaling/results/2026-03-30_20h11_sem_laplace/graphs/NOTEARS Disc.__v20_a30_g0_s3000.json,,172.7344103620003,4.0,19.0,0.8888888888888888,0.9473684210526316,0.8888888888888888,0.9
sem_laplace,LiNGAM,"{""threshold_lingam"": 0.01}",20,30,3000,0,/home/mathis/Documents/Travail/cbnsl_benchmark/scaling/../scaling/results/2026-03-30_20h11_sem_laplace/graphs/golden__v20_a30_g0.json,/home/mathis/Documents/Travail/cbnsl_benchmark/scaling/../scaling/results/2026-03-30_20h11_sem_laplace/graphs/LiNGAM__v20_a30_g0_s3000.json,,3.3737445840001783,0.0,0.0,0.9655172413793104,1.0,1.0,1.0
sem_laplace,CPC,"{""alpha"": 0.01, ""max_conditioning_set_size"": 2}",20,30,5000,0,/home/mathis/Documents/Travail/cbnsl_benchmark/scaling/../scaling/results/2026-03-30_20h11_sem_laplace/graphs/golden__v20_a30_g0.json,/home/mathis/Documents/Travail/cbnsl_benchmark/scaling/../scaling/results/2026-03-30_20h11_sem_laplace/graphs/CPC__v20_a30_g0_s5000.json,,80.36518687900025,23.0,21.0,0.43902439024390244,0.8771929824561403,0.6428571428571429,0.8333333333333334
sem_laplace,CMIIC,"{""alpha"": 0.01}",20,30,5000,0,/home/mathis/Documents/Travail/cbnsl_benchmark/scaling/../scaling/results/2026-03-30_20h11_sem_laplace/graphs/golden__v20_a30_g0.json,/home/mathis/Documents/Travail/cbnsl_benchmark/scaling/../scaling/results/2026-03-30_20h11_sem_laplace/graphs/CMIIC__v20_a30_g0_s5000.json,,491.27754003899963,5.0,18.0,0.8813559322033898,0.9354838709677419,0.9629629629629629,0.9666666666666667
sem_laplace,MIIC,"{""n_bins"": 2, ""discretization_method"": ""quantile""}",20,30,5000,0,/home/mathis/Documents/Travail/cbnsl_benchmark/scaling/../scaling/results/2026-03-30_20h11_sem_laplace/graphs/golden__v20_a30_g0.json,/home/mathis/Documents/Travail/cbnsl_benchmark/scaling/../scaling/results/2026-03-30_20h11_sem_laplace/graphs/MIIC__v20_a30_g0_s5000.json,,1.6396799970007123,13.0,29.0,0.7741935483870968,0.8823529411764706,1.0,1.0
sem_laplace,GHC+BDeu,"{""n_bins"": 2, ""discretization_method"": ""quantile""}",20,30,5000,0,/home/mathis/Documents/Travail/cbnsl_benchmark/scaling/../scaling/results/2026-03-30_20h11_sem_laplace/graphs/golden__v20_a30_g0.json,/home/mathis/Documents/Travail/cbnsl_benchmark/scaling/../scaling/results/2026-03-30_20h11_sem_laplace/graphs/GHC+BDeu__v20_a30_g0_s5000.json,,0.6738442149999173,18.0,26.0,0.7096774193548387,0.8405797101449275,0.9565217391304348,0.9666666666666667
sem_laplace,NOTEARS,"{""lambda1"": 0.0, ""w_threshold_notears"": 0.1}",20,30,5000,0,/home/mathis/Documents/Travail/cbnsl_benchmark/scaling/../scaling/results/2026-03-30_20h11_sem_laplace/graphs/golden__v20_a30_g0.json,/home/mathis/Documents/Travail/cbnsl_benchmark/scaling/../scaling/results/2026-03-30_20h11_sem_laplace/graphs/NOTEARS__v20_a30_g0_s5000.json,,43.23599676899994,23.0,25.0,0.647887323943662,0.7692307692307693,1.0,1.0
sem_laplace,NOTEARS Disc.,"{""lambda1"": 0.3, ""w_threshold_notears"": 0.1, ""n_bins"": 6, ""discretization_method"": ""hartemink"", ""initial_bins"": 20}",20,30,5000,0,/home/mathis/Documents/Travail/cbnsl_benchmark/scaling/../scaling/results/2026-03-30_20h11_sem_laplace/graphs/golden__v20_a30_g0.json,/home/mathis/Documents/Travail/cbnsl_benchmark/scaling/../scaling/results/2026-03-30_20h11_sem_laplace/graphs/NOTEARS Disc.__v20_a30_g0_s5000.json,,229.7451368810007,10.0,19.0,0.7755102040816326,0.9473684210526316,0.8636363636363636,0.9
sem_laplace,LiNGAM,"{""threshold_lingam"": 0.01}",20,30,5000,0,/home/mathis/Documents/Travail/cbnsl_benchmark/scaling/../scaling/results/2026-03-30_20h11_sem_laplace/graphs/golden__v20_a30_g0.json,/home/mathis/Documents/Travail/cbnsl_benchmark/scaling/../scaling/results/2026-03-30_20h11_sem_laplace/graphs/LiNGAM__v20_a30_g0_s5000.json,,3.9688538269992932,0.0,0.0,0.9655172413793104,1.0,1.0,1.0
sem_laplace,CPC,"{""alpha"": 0.01, ""max_conditioning_set_size"": 2}",20,30,200,1,/home/mathis/Documents/Travail/cbnsl_benchmark/scaling/../scaling/results/2026-03-30_20h11_sem_laplace/graphs/golden__v20_a30_g1.json,/home/mathis/Documents/Travail/cbnsl_benchmark/scaling/../scaling/results/2026-03-30_20h11_sem_laplace/graphs/CPC__v20_a30_g1_s200.json,,0.07464308700036781,28.0,30.0,0.06451612903225806,0.2857142857142857,0.038461538461538464,0.16666666666666666
sem_laplace,CMIIC,"{""alpha"": 0.01}",20,30,200,1,/home/mathis/Documents/Travail/cbnsl_benchmark/scaling/../scaling/results/2026-03-30_20h11_sem_laplace/graphs/golden__v20_a30_g1.json,/home/mathis/Documents/Travail/cbnsl_benchmark/scaling/../scaling/results/2026-03-30_20h11_sem_laplace/graphs/CMIIC__v20_a30_g1_s200.json,,11.031926619999467,68.0,75.0,0.2765957446808511,0.5272727272727272,0.9285714285714286,0.9666666666666667
sem_laplace,MIIC,"{""n_bins"": 2, ""discretization_method"": ""quantile""}",20,30,200,1,/home/mathis/Documents/Travail/cbnsl_benchmark/scaling/../scaling/results/2026-03-30_20h11_sem_laplace/graphs/golden__v20_a30_g1.json,/home/mathis/Documents/Travail/cbnsl_benchmark/scaling/../scaling/results/2026-03-30_20h11_sem_laplace/graphs/MIIC__v20_a30_g1_s200.json,,0.07653125500019087,11.0,19.0,0.7346938775510203,0.8928571428571429,0.782608695652174,0.8333333333333334
sem_laplace,GHC+BDeu,"{""n_bins"": 2, ""discretization_method"": ""quantile""}",20,30,200,1,/home/mathis/Documents/Travail/cbnsl_benchmark/scaling/../scaling/results/2026-03-30_20h11_sem_laplace/graphs/golden__v20_a30_g1.json,/home/mathis/Documents/Travail/cbnsl_benchmark/scaling/../scaling/results/2026-03-30_20h11_sem_laplace/graphs/GHC+BDeu__v20_a30_g1_s200.json,,0.05218401199999789,18.0,29.0,0.6530612244897959,0.7777777777777777,0.64,0.7
sem_laplace,NOTEARS,"{""lambda1"": 0.0, ""w_threshold_notears"": 0.1}",20,30,200,1,/home/mathis/Documents/Travail/cbnsl_benchmark/scaling/../scaling/results/2026-03-30_20h11_sem_laplace/graphs/golden__v20_a30_g1.json,/home/mathis/Documents/Travail/cbnsl_benchmark/scaling/../scaling/results/2026-03-30_20h11_sem_laplace/graphs/NOTEARS__v20_a30_g1_s200.json,,5.519930392000788,54.0,63.0,0.4716981132075471,0.5405405405405406,1.0,1.0
sem_laplace,NOTEARS Disc.,"{""lambda1"": 0.3, ""w_threshold_notears"": 0.1, ""n_bins"": 6, ""discretization_method"": ""hartemink"", ""initial_bins"": 20}",20,30,200,1,/home/mathis/Documents/Travail/cbnsl_benchmark/scaling/../scaling/results/2026-03-30_20h11_sem_laplace/graphs/golden__v20_a30_g1.json,/home/mathis/Documents/Travail/cbnsl_benchmark/scaling/../scaling/results/2026-03-30_20h11_sem_laplace/graphs/NOTEARS Disc.__v20_a30_g1_s200.json,,26.250115914000162,21.0,22.0,0.6,0.90625,0.9375,0.9666666666666667
sem_laplace,LiNGAM,"{""threshold_lingam"": 0.01}",20,30,200,1,/home/mathis/Documents/Travail/cbnsl_benchmark/scaling/../scaling/results/2026-03-30_20h11_sem_laplace/graphs/golden__v20_a30_g1.json,/home/mathis/Documents/Travail/cbnsl_benchmark/scaling/../scaling/results/2026-03-30_20h11_sem_laplace/graphs/LiNGAM__v20_a30_g1_s200.json,,1.2469990469999175,14.0,26.0,0.7878787878787878,0.8405797101449275,0.9629629629629629,0.9666666666666667
sem_laplace,CPC,"{""alpha"": 0.01, ""max_conditioning_set_size"": 2}",20,30,500,1,/home/mathis/Documents/Travail/cbnsl_benchmark/scaling/../scaling/results/2026-03-30_20h11_sem_laplace/graphs/golden__v20_a30_g1.json,/home/mathis/Documents/Travail/cbnsl_benchmark/scaling/../scaling/results/2026-03-30_20h11_sem_laplace/graphs/CPC__v20_a30_g1_s500.json,,0.5298652149995178,30.0,29.0,0.0,0.4615384615384615,0.0,0.3
sem_laplace,CMIIC,"{""alpha"": 0.01}",20,30,500,1,/home/mathis/Documents/Travail/cbnsl_benchmark/scaling/../scaling/results/2026-03-30_20h11_sem_laplace/graphs/golden__v20_a30_g1.json,/home/mathis/Documents/Travail/cbnsl_benchmark/scaling/../scaling/results/2026-03-30_20h11_sem_laplace/graphs/CMIIC__v20_a30_g1_s500.json,,33.503881976999764,40.0,52.0,0.5,0.651685393258427,0.9523809523809523,0.9666666666666667
sem_laplace,MIIC,"{""n_bins"": 2, ""discretization_method"": ""quantile""}",20,30,500,1,/home/mathis/Documents/Travail/cbnsl_benchmark/scaling/../scaling/results/2026-03-30_20h11_sem_laplace/graphs/golden__v20_a30_g1.json,/home/mathis/Documents/Travail/cbnsl_benchmark/scaling/../scaling/results/2026-03-30_20h11_sem_laplace/graphs/MIIC__v20_a30_g1_s500.json,,0.12896806800017657,16.0,22.0,0.6923076923076923,0.847457627118644,0.782608695652174,0.8333333333333334
sem_laplace,GHC+BDeu,"{""n_bins"": 2, ""discretization_method"": ""quantile""}",20,30,500,1,/home/mathis/Documents/Travail/cbnsl_benchmark/scaling/../scaling/results/2026-03-30_20h11_sem_laplace/graphs/golden__v20_a30_g1.json,/home/mathis/Documents/Travail/cbnsl_benchmark/scaling/../scaling/results/2026-03-30_20h11_sem_laplace/graphs/GHC+BDeu__v20_a30_g1_s500.json,,0.07474036299936415,11.0,18.0,0.7924528301886793,0.9152542372881356,0.875,0.9
sem_laplace,NOTEARS,"{""lambda1"": 0.0, ""w_threshold_notears"": 0.1}",20,30,500,1,/home/mathis/Documents/Travail/cbnsl_benchmark/scaling/../scaling/results/2026-03-30_20h11_sem_laplace/graphs/golden__v20_a30_g1.json,/home/mathis/Documents/Travail/cbnsl_benchmark/scaling/../scaling/results/2026-03-30_20h11_sem_laplace/graphs/NOTEARS__v20_a30_g1_s500.json,,10.323974171000373,18.0,33.0,0.7499999999999999,0.8,1.0,1.0
sem_laplace,NOTEARS Disc.,"{""lambda1"": 0.3, ""w_threshold_notears"": 0.1, ""n_bins"": 6, ""discretization_method"": ""hartemink"", ""initial_bins"": 20}",20,30,500,1,/home/mathis/Documents/Travail/cbnsl_benchmark/scaling/../scaling/results/2026-03-30_20h11_sem_laplace/graphs/golden__v20_a30_g1.json,/home/mathis/Documents/Travail/cbnsl_benchmark/scaling/../scaling/results/2026-03-30_20h11_sem_laplace/graphs/NOTEARS Disc.__v20_a30_g1_s500.json,,44.39663204899989,18.0,17.0,0.6046511627906976,0.9473684210526316,0.8125,0.9
sem_laplace,LiNGAM,"{""threshold_lingam"": 0.01}",20,30,500,1,/home/mathis/Documents/Travail/cbnsl_benchmark/scaling/../scaling/results/2026-03-30_20h11_sem_laplace/graphs/golden__v20_a30_g1.json,/home/mathis/Documents/Travail/cbnsl_benchmark/scaling/../scaling/results/2026-03-30_20h11_sem_laplace/graphs/LiNGAM__v20_a30_g1_s500.json,,1.4419504830002552,2.0,4.0,0.9333333333333333,0.967741935483871,1.0,1.0
sem_laplace,CPC,"{""alpha"": 0.01, ""max_conditioning_set_size"": 2}",20,30,1000,1,/home/mathis/Documents/Travail/cbnsl_benchmark/scaling/../scaling/results/2026-03-30_20h11_sem_laplace/graphs/golden__v20_a30_g1.json,/home/mathis/Documents/Travail/cbnsl_benchmark/scaling/../scaling/results/2026-03-30_20h11_sem_laplace/graphs/CPC__v20_a30_g1_s1000.json,,3.3630666489998475,26.0,27.0,0.23529411764705882,0.6956521739130436,0.2222222222222222,0.5333333333333333
sem_laplace,CMIIC,"{""alpha"": 0.01}",20,30,1000,1,/home/mathis/Documents/Travail/cbnsl_benchmark/scaling/../scaling/results/2026-03-30_20h11_sem_laplace/graphs/golden__v20_a30_g1.json,/home/mathis/Documents/Travail/cbnsl_benchmark/scaling/../scaling/results/2026-03-30_20h11_sem_laplace/graphs/CMIIC__v20_a30_g1_s1000.json,,77.91022010600045,30.0,40.0,0.5230769230769231,0.7368421052631579,0.8947368421052632,0.9333333333333333
sem_laplace,MIIC,"{""n_bins"": 2, ""discretization_method"": ""quantile""}",20,30,1000,1,/home/mathis/Documents/Travail/cbnsl_benchmark/scaling/../scaling/results/2026-03-30_20h11_sem_laplace/graphs/golden__v20_a30_g1.json,/home/mathis/Documents/Travail/cbnsl_benchmark/scaling/../scaling/results/2026-03-30_20h11_sem_laplace/graphs/MIIC__v20_a30_g1_s1000.json,,0.23029637499985256,10.0,22.0,0.7857142857142856,0.8666666666666667,0.8461538461538461,0.8666666666666667
sem_laplace,GHC+BDeu,"{""n_bins"": 2, ""discretization_method"": ""quantile""}",20,30,1000,1,/home/mathis/Documents/Travail/cbnsl_benchmark/scaling/../scaling/results/2026-03-30_20h11_sem_laplace/graphs/golden__v20_a30_g1.json,/home/mathis/Documents/Travail/cbnsl_benchmark/scaling/../scaling/results/2026-03-30_20h11_sem_laplace/graphs/GHC+BDeu__v20_a30_g1_s1000.json,,0.11473889499939105,18.0,29.0,0.6666666666666666,0.9032258064516129,0.8947368421052632,0.9333333333333333
sem_laplace,NOTEARS,"{""lambda1"": 0.0, ""w_threshold_notears"": 0.1}",20,30,1000,1,/home/mathis/Documents/Travail/cbnsl_benchmark/scaling/../scaling/results/2026-03-30_20h11_sem_laplace/graphs/golden__v20_a30_g1.json,/home/mathis/Documents/Travail/cbnsl_benchmark/scaling/../scaling/results/2026-03-30_20h11_sem_laplace/graphs/NOTEARS__v20_a30_g1_s1000.json,,15.583876366999903,11.0,23.0,0.7868852459016393,0.8955223880597014,1.0,1.0
sem_laplace,NOTEARS Disc.,"{""lambda1"": 0.3, ""w_threshold_notears"": 0.1, ""n_bins"": 6, ""discretization_method"": ""hartemink"", ""initial_bins"": 20}",20,30,1000,1,/home/mathis/Documents/Travail/cbnsl_benchmark/scaling/../scaling/results/2026-03-30_20h11_sem_laplace/graphs/golden__v20_a30_g1.json,/home/mathis/Documents/Travail/cbnsl_benchmark/scaling/../scaling/results/2026-03-30_20h11_sem_laplace/graphs/NOTEARS Disc.__v20_a30_g1_s1000.json,,73.09076157599975,14.0,16.0,0.6666666666666667,0.9473684210526316,0.8333333333333334,0.9
sem_laplace,LiNGAM,"{""threshold_lingam"": 0.01}",20,30,1000,1,/home/mathis/Documents/Travail/cbnsl_benchmark/scaling/../scaling/results/2026-03-30_20h11_sem_laplace/graphs/golden__v20_a30_g1.json,/home/mathis/Documents/Travail/cbnsl_benchmark/scaling/../scaling/results/2026-03-30_20h11_sem_laplace/graphs/LiNGAM__v20_a30_g1_s1000.json,,1.7265127250002479,0.0,0.0,0.9655172413793104,1.0,1.0,1.0
sem_laplace,CPC,"{""alpha"": 0.01, ""max_conditioning_set_size"": 2}",20,30,3000,1,/home/mathis/Documents/Travail/cbnsl_benchmark/scaling/../scaling/results/2026-03-30_20h11_sem_laplace/graphs/golden__v20_a30_g1.json,/home/mathis/Documents/Travail/cbnsl_benchmark/scaling/../scaling/results/2026-03-30_20h11_sem_laplace/graphs/CPC__v20_a30_g1_s3000.json,,42.946125402999314,26.0,20.0,0.3902439024390244,0.9,0.7272727272727273,0.9
sem_laplace,CMIIC,"{""alpha"": 0.01}",20,30,3000,1,/home/mathis/Documents/Travail/cbnsl_benchmark/scaling/../scaling/results/2026-03-30_20h11_sem_laplace/graphs/golden__v20_a30_g1.json,/home/mathis/Documents/Travail/cbnsl_benchmark/scaling/../scaling/results/2026-03-30_20h11_sem_laplace/graphs/CMIIC__v20_a30_g1_s3000.json,,266.981568616,12.0,25.0,0.7636363636363634,0.9032258064516129,0.9130434782608695,0.9333333333333333
sem_laplace,MIIC,"{""n_bins"": 2, ""discretization_method"": ""quantile""}",20,30,3000,1,/home/mathis/Documents/Travail/cbnsl_benchmark/scaling/../scaling/results/2026-03-30_20h11_sem_laplace/graphs/golden__v20_a30_g1.json,/home/mathis/Documents/Travail/cbnsl_benchmark/scaling/../scaling/results/2026-03-30_20h11_sem_laplace/graphs/MIIC__v20_a30_g1_s3000.json,,1.4286723750001329,12.0,26.0,0.75,0.870967741935484,0.875,0.9
sem_laplace,GHC+BDeu,"{""n_bins"": 2, ""discretization_method"": ""quantile""}",20,30,3000,1,/home/mathis/Documents/Travail/cbnsl_benchmark/scaling/../scaling/results/2026-03-30_20h11_sem_laplace/graphs/golden__v20_a30_g1.json,/home/mathis/Documents/Travail/cbnsl_benchmark/scaling/../scaling/results/2026-03-30_20h11_sem_laplace/graphs/GHC+BDeu__v20_a30_g1_s3000.json,,0.4291072019996136,23.0,31.0,0.6071428571428572,0.835820895522388,0.8947368421052632,0.9333333333333333
sem_laplace,NOTEARS,"{""lambda1"": 0.0, ""w_threshold_notears"": 0.1}",20,30,3000,1,/home/mathis/Documents/Travail/cbnsl_benchmark/scaling/../scaling/results/2026-03-30_20h11_sem_laplace/graphs/golden__v20_a30_g1.json,/home/mathis/Documents/Travail/cbnsl_benchmark/scaling/../scaling/results/2026-03-30_20h11_sem_laplace/graphs/NOTEARS__v20_a30_g1_s3000.json,,27.51381215099991,14.0,20.0,0.7419354838709677,0.8695652173913044,1.0,1.0
sem_laplace,NOTEARS Disc.,"{""lambda1"": 0.3, ""w_threshold_notears"": 0.1, ""n_bins"": 6, ""discretization_method"": ""hartemink"", ""initial_bins"": 20}",20,30,3000,1,/home/mathis/Documents/Travail/cbnsl_benchmark/scaling/../scaling/results/2026-03-30_20h11_sem_laplace/graphs/golden__v20_a30_g1.json,/home/mathis/Documents/Travail/cbnsl_benchmark/scaling/../scaling/results/2026-03-30_20h11_sem_laplace/graphs/NOTEARS Disc.__v20_a30_g1_s3000.json,,176.90470387999994,8.0,17.0,0.8,0.9285714285714286,0.8333333333333334,0.8666666666666667
sem_laplace,LiNGAM,"{""threshold_lingam"": 0.01}",20,30,3000,1,/home/mathis/Documents/Travail/cbnsl_benchmark/scaling/../scaling/results/2026-03-30_20h11_sem_laplace/graphs/golden__v20_a30_g1.json,/home/mathis/Documents/Travail/cbnsl_benchmark/scaling/../scaling/results/2026-03-30_20h11_sem_laplace/graphs/LiNGAM__v20_a30_g1_s3000.json,,2.808249856000657,0.0,0.0,0.9655172413793104,1.0,1.0,1.0
sem_laplace,CPC,"{""alpha"": 0.01, ""max_conditioning_set_size"": 2}",20,30,5000,1,/home/mathis/Documents/Travail/cbnsl_benchmark/scaling/../scaling/results/2026-03-30_20h11_sem_laplace/graphs/golden__v20_a30_g1.json,/home/mathis/Documents/Travail/cbnsl_benchmark/scaling/../scaling/results/2026-03-30_20h11_sem_laplace/graphs/CPC__v20_a30_g1_s5000.json,,140.71314578300007,26.0,28.0,0.5098039215686275,0.8307692307692307,0.8125,0.9
sem_laplace,CMIIC,"{""alpha"": 0.01}",20,30,5000,1,/home/mathis/Documents/Travail/cbnsl_benchmark/scaling/../scaling/results/2026-03-30_20h11_sem_laplace/graphs/golden__v20_a30_g1.json,/home/mathis/Documents/Travail/cbnsl_benchmark/scaling/../scaling/results/2026-03-30_20h11_sem_laplace/graphs/CMIIC__v20_a30_g1_s5000.json,,510.82298592999996,10.0,24.0,0.7924528301886793,0.9333333333333333,0.9130434782608695,0.9333333333333333
sem_laplace,MIIC,"{""n_bins"": 2, ""discretization_method"": ""quantile""}",20,30,5000,1,/home/mathis/Documents/Travail/cbnsl_benchmark/scaling/../scaling/results/2026-03-30_20h11_sem_laplace/graphs/golden__v20_a30_g1.json,/home/mathis/Documents/Travail/cbnsl_benchmark/scaling/../scaling/results/2026-03-30_20h11_sem_laplace/graphs/MIIC__v20_a30_g1_s5000.json,,2.50514330399983,20.0,26.0,0.6562500000000001,0.7714285714285714,0.875,0.9
sem_laplace,GHC+BDeu,"{""n_bins"": 2, ""discretization_method"": ""quantile""}",20,30,5000,1,/home/mathis/Documents/Travail/cbnsl_benchmark/scaling/../scaling/results/2026-03-30_20h11_sem_laplace/graphs/golden__v20_a30_g1.json,/home/mathis/Documents/Travail/cbnsl_benchmark/scaling/../scaling/results/2026-03-30_20h11_sem_laplace/graphs/GHC+BDeu__v20_a30_g1_s5000.json,,0.6975254879998829,29.0,29.0,0.5,0.767123287671233,0.8823529411764706,0.9333333333333333
sem_laplace,NOTEARS,"{""lambda1"": 0.0, ""w_threshold_notears"": 0.1}",20,30,5000,1,/home/mathis/Documents/Travail/cbnsl_benchmark/scaling/../scaling/results/2026-03-30_20h11_sem_laplace/graphs/golden__v20_a30_g1.json,/home/mathis/Documents/Travail/cbnsl_benchmark/scaling/../scaling/results/2026-03-30_20h11_sem_laplace/graphs/NOTEARS__v20_a30_g1_s5000.json,,40.40831610399982,15.0,20.0,0.7301587301587301,0.8571428571428571,1.0,1.0
sem_laplace,NOTEARS Disc.,"{""lambda1"": 0.3, ""w_threshold_notears"": 0.1, ""n_bins"": 6, ""discretization_method"": ""hartemink"", ""initial_bins"": 20}",20,30,5000,1,/home/mathis/Documents/Travail/cbnsl_benchmark/scaling/../scaling/results/2026-03-30_20h11_sem_laplace/graphs/golden__v20_a30_g1.json,/home/mathis/Documents/Travail/cbnsl_benchmark/scaling/../scaling/results/2026-03-30_20h11_sem_laplace/graphs/NOTEARS Disc.__v20_a30_g1_s5000.json,,243.56708019100006,16.0,17.0,0.6363636363636364,0.9473684210526316,0.8235294117647058,0.9
sem_laplace,LiNGAM,"{""threshold_lingam"": 0.01}",20,30,5000,1,/home/mathis/Documents/Travail/cbnsl_benchmark/scaling/../scaling/results/2026-03-30_20h11_sem_laplace/graphs/golden__v20_a30_g1.json,/home/mathis/Documents/Travail/cbnsl_benchmark/scaling/../scaling/results/2026-03-30_20h11_sem_laplace/graphs/LiNGAM__v20_a30_g1_s5000.json,,3.8158373640007994,0.0,0.0,0.9655172413793104,1.0,1.0,1.0
sem_laplace,CPC,"{""alpha"": 0.01, ""max_conditioning_set_size"": 2}",20,30,200,2,/home/mathis/Documents/Travail/cbnsl_benchmark/scaling/../scaling/results/2026-03-30_20h11_sem_laplace/graphs/golden__v20_a30_g2.json,/home/mathis/Documents/Travail/cbnsl_benchmark/scaling/../scaling/results/2026-03-30_20h11_sem_laplace/graphs/CPC__v20_a30_g2_s200.json,,0.08260529499966651,27.0,29.0,0.1764705882352941,0.5238095238095238,0.13636363636363635,0.36666666666666664
sem_laplace,CMIIC,"{""alpha"": 0.01}",20,30,200,2,/home/mathis/Documents/Travail/cbnsl_benchmark/scaling/../scaling/results/2026-03-30_20h11_sem_laplace/graphs/golden__v20_a30_g2.json,/home/mathis/Documents/Travail/cbnsl_benchmark/scaling/../scaling/results/2026-03-30_20h11_sem_laplace/graphs/CMIIC__v20_a30_g2_s200.json,,11.214154460999453,95.0,98.0,0.2519685039370079,0.4028776978417266,0.8888888888888888,0.9333333333333333
sem_laplace,MIIC,"{""n_bins"": 2, ""discretization_method"": ""quantile""}",20,30,200,2,/home/mathis/Documents/Travail/cbnsl_benchmark/scaling/../scaling/results/2026-03-30_20h11_sem_laplace/graphs/golden__v20_a30_g2.json,/home/mathis/Documents/Travail/cbnsl_benchmark/scaling/../scaling/results/2026-03-30_20h11_sem_laplace/graphs/MIIC__v20_a30_g2_s200.json,,0.06687501499982318,28.0,22.0,0.5416666666666666,0.8135593220338982,0.6842105263157895,0.8
sem_laplace,GHC+BDeu,"{""n_bins"": 2, ""discretization_method"": ""quantile""}",20,30,200,2,/home/mathis/Documents/Travail/cbnsl_benchmark/scaling/../scaling/results/2026-03-30_20h11_sem_laplace/graphs/golden__v20_a30_g2.json,/home/mathis/Documents/Travail/cbnsl_benchmark/scaling/../scaling/results/2026-03-30_20h11_sem_laplace/graphs/GHC+BDeu__v20_a30_g2_s200.json,,0.04989624100016954,25.0,27.0,0.2631578947368421,0.7777777777777777,0.35714285714285715,0.7
sem_laplace,NOTEARS,"{""lambda1"": 0.0, ""w_threshold_notears"": 0.1}",20,30,200,2,/home/mathis/Documents/Travail/cbnsl_benchmark/scaling/../scaling/results/2026-03-30_20h11_sem_laplace/graphs/golden__v20_a30_g2.json,/home/mathis/Documents/Travail/cbnsl_benchmark/scaling/../scaling/results/2026-03-30_20h11_sem_laplace/graphs/NOTEARS__v20_a30_g2_s200.json,,6.362477949999629,53.0,61.0,0.4950495049504951,0.5660377358490566,1.0,1.0
sem_laplace,NOTEARS Disc.,"{""lambda1"": 0.3, ""w_threshold_notears"": 0.1, ""n_bins"": 6, ""discretization_method"": ""hartemink"", ""initial_bins"": 20}",20,30,200,2,/home/mathis/Documents/Travail/cbnsl_benchmark/scaling/../scaling/results/2026-03-30_20h11_sem_laplace/graphs/golden__v20_a30_g2.json,/home/mathis/Documents/Travail/cbnsl_benchmark/scaling/../scaling/results/2026-03-30_20h11_sem_laplace/graphs/NOTEARS Disc.__v20_a30_g2_s200.json,,24.93607683800019,24.0,24.0,0.47826086956521735,0.7719298245614035,0.5789473684210527,0.7333333333333333
sem_laplace,LiNGAM,"{""threshold_lingam"": 0.01}",20,30,200,2,/home/mathis/Documents/Travail/cbnsl_benchmark/scaling/../scaling/results/2026-03-30_20h11_sem_laplace/graphs/golden__v20_a30_g2.json,/home/mathis/Documents/Travail/cbnsl_benchmark/scaling/../scaling/results/2026-03-30_20h11_sem_laplace/graphs/LiNGAM__v20_a30_g2_s200.json,,1.1045890840005086,28.0,37.0,0.5555555555555556,0.7160493827160493,0.9523809523809523,0.9666666666666667
sem_laplace,CPC,"{""alpha"": 0.01, ""max_conditioning_set_size"": 2}",20,30,500,2,/home/mathis/Documents/Travail/cbnsl_benchmark/scaling/../scaling/results/2026-03-30_20h11_sem_laplace/graphs/golden__v20_a30_g2.json,/home/mathis/Documents/Travail/cbnsl_benchmark/scaling/../scaling/results/2026-03-30_20h11_sem_laplace/graphs/CPC__v20_a30_g2_s500.json,,0.3929055890002928,29.0,25.0,0.18181818181818182,0.4615384615384615,0.125,0.3
sem_laplace,CMIIC,"{""alpha"": 0.01}",20,30,500,2,/home/mathis/Documents/Travail/cbnsl_benchmark/scaling/../scaling/results/2026-03-30_20h11_sem_laplace/graphs/golden__v20_a30_g2.json,/home/mathis/Documents/Travail/cbnsl_benchmark/scaling/../scaling/results/2026-03-30_20h11_sem_laplace/graphs/CMIIC__v20_a30_g2_s500.json,,30.49571772099989,46.0,56.0,0.4651162790697675,0.6105263157894737,0.9523809523809523,0.9666666666666667
sem_laplace,MIIC,"{""n_bins"": 2, ""discretization_method"": ""quantile""}",20,30,500,2,/home/mathis/Documents/Travail/cbnsl_benchmark/scaling/../scaling/results/2026-03-30_20h11_sem_laplace/graphs/golden__v20_a30_g2.json,/home/mathis/Documents/Travail/cbnsl_benchmark/scaling/../scaling/results/2026-03-30_20h11_sem_laplace/graphs/MIIC__v20_a30_g2_s500.json,,0.10857053200015798,18.0,21.0,0.6666666666666666,0.8771929824561403,0.7619047619047619,0.8333333333333334
sem_laplace,GHC+BDeu,"{""n_bins"": 2, ""discretization_method"": ""quantile""}",20,30,500,2,/home/mathis/Documents/Travail/cbnsl_benchmark/scaling/../scaling/results/2026-03-30_20h11_sem_laplace/graphs/golden__v20_a30_g2.json,/home/mathis/Documents/Travail/cbnsl_benchmark/scaling/../scaling/results/2026-03-30_20h11_sem_laplace/graphs/GHC+BDeu__v20_a30_g2_s500.json,,0.07615495499976532,25.0,19.0,0.39024390243902435,0.8,0.5,0.7333333333333333
sem_laplace,NOTEARS,"{""lambda1"": 0.0, ""w_threshold_notears"": 0.1}",20,30,500,2,/home/mathis/Documents/Travail/cbnsl_benchmark/scaling/../scaling/results/2026-03-30_20h11_sem_laplace/graphs/golden__v20_a30_g2.json,/home/mathis/Documents/Travail/cbnsl_benchmark/scaling/../scaling/results/2026-03-30_20h11_sem_laplace/graphs/NOTEARS__v20_a30_g2_s500.json,,7.660928792999584,23.0,40.0,0.684931506849315,0.7692307692307693,1.0,1.0
sem_laplace,NOTEARS Disc.,"{""lambda1"": 0.3, ""w_threshold_notears"": 0.1, ""n_bins"": 6, ""discretization_method"": ""hartemink"", ""initial_bins"": 20}",20,30,500,2,/home/mathis/Documents/Travail/cbnsl_benchmark/scaling/../scaling/results/2026-03-30_20h11_sem_laplace/graphs/golden__v20_a30_g2.json,,[pyAgrum] Directed cycle detected: Add a directed cycle in a dag !,,,,,,,
sem_laplace,LiNGAM,"{""threshold_lingam"": 0.01}",20,30,500,2,/home/mathis/Documents/Travail/cbnsl_benchmark/scaling/../scaling/results/2026-03-30_20h11_sem_laplace/graphs/golden__v20_a30_g2.json,/home/mathis/Documents/Travail/cbnsl_benchmark/scaling/../scaling/results/2026-03-30_20h11_sem_laplace/graphs/LiNGAM__v20_a30_g2_s500.json,,1.3382762649998767,0.0,0.0,0.9285714285714286,1.0,1.0,1.0
sem_laplace,CPC,"{""alpha"": 0.01, ""max_conditioning_set_size"": 2}",20,30,1000,2,/home/mathis/Documents/Travail/cbnsl_benchmark/scaling/../scaling/results/2026-03-30_20h11_sem_laplace/graphs/golden__v20_a30_g2.json,/home/mathis/Documents/Travail/cbnsl_benchmark/scaling/../scaling/results/2026-03-30_20h11_sem_laplace/graphs/CPC__v20_a30_g2_s1000.json,,2.1925815049999073,25.0,25.0,0.23529411764705882,0.6666666666666666,0.21052631578947367,0.5
sem_laplace,CMIIC,"{""alpha"": 0.01}",20,30,1000,2,/home/mathis/Documents/Travail/cbnsl_benchmark/scaling/../scaling/results/2026-03-30_20h11_sem_laplace/graphs/golden__v20_a30_g2.json,/home/mathis/Documents/Travail/cbnsl_benchmark/scaling/../scaling/results/2026-03-30_20h11_sem_laplace/graphs/CMIIC__v20_a30_g2_s1000.json,,88.89478434599914,29.0,42.0,0.5352112676056339,0.7160493827160493,0.95,0.9666666666666667
sem_laplace,MIIC,"{""n_bins"": 2, ""discretization_method"": ""quantile""}",20,30,1000,2,/home/mathis/Documents/Travail/cbnsl_benchmark/scaling/../scaling/results/2026-03-30_20h11_sem_laplace/graphs/golden__v20_a30_g2.json,/home/mathis/Documents/Travail/cbnsl_benchmark/scaling/../scaling/results/2026-03-30_20h11_sem_laplace/graphs/MIIC__v20_a30_g2_s1000.json,,0.18050567599948408,17.0,13.0,0.6666666666666666,0.9152542372881356,0.8421052631578947,0.9
sem_laplace,GHC+BDeu,"{""n_bins"": 2, ""discretization_method"": ""quantile""}",20,30,1000,2,/home/mathis/Documents/Travail/cbnsl_benchmark/scaling/../scaling/results/2026-03-30_20h11_sem_laplace/graphs/golden__v20_a30_g2.json,/home/mathis/Documents/Travail/cbnsl_benchmark/scaling/../scaling/results/2026-03-30_20h11_sem_laplace/graphs/GHC+BDeu__v20_a30_g2_s1000.json,,0.11093441100001655,20.0,23.0,0.5833333333333334,0.8666666666666667,0.7777777777777778,0.8666666666666667
sem_laplace,NOTEARS,"{""lambda1"": 0.0, ""w_threshold_notears"": 0.1}",20,30,1000,2,/home/mathis/Documents/Travail/cbnsl_benchmark/scaling/../scaling/results/2026-03-30_20h11_sem_laplace/graphs/golden__v20_a30_g2.json,/home/mathis/Documents/Travail/cbnsl_benchmark/scaling/../scaling/results/2026-03-30_20h11_sem_laplace/graphs/NOTEARS__v20_a30_g2_s1000.json,,13.367101991999334,15.0,19.0,0.8059701492537313,0.8571428571428571,1.0,1.0
sem_laplace,NOTEARS Disc.,"{""lambda1"": 0.3, ""w_threshold_notears"": 0.1, ""n_bins"": 6, ""discretization_method"": ""hartemink"", ""initial_bins"": 20}",20,30,1000,2,/home/mathis/Documents/Travail/cbnsl_benchmark/scaling/../scaling/results/2026-03-30_20h11_sem_laplace/graphs/golden__v20_a30_g2.json,/home/mathis/Documents/Travail/cbnsl_benchmark/scaling/../scaling/results/2026-03-30_20h11_sem_laplace/graphs/NOTEARS Disc.__v20_a30_g2_s1000.json,,63.55393836900021,8.0,14.0,0.7999999999999999,0.9473684210526316,0.8695652173913043,0.9
sem_laplace,LiNGAM,"{""threshold_lingam"": 0.01}",20,30,1000,2,/home/mathis/Documents/Travail/cbnsl_benchmark/scaling/../scaling/results/2026-03-30_20h11_sem_laplace/graphs/golden__v20_a30_g2.json,/home/mathis/Documents/Travail/cbnsl_benchmark/scaling/../scaling/results/2026-03-30_20h11_sem_laplace/graphs/LiNGAM__v20_a30_g2_s1000.json,,1.6234322159998555,0.0,0.0,0.9285714285714286,1.0,1.0,1.0
sem_laplace,CPC,"{""alpha"": 0.01, ""max_conditioning_set_size"": 2}",20,30,3000,2,/home/mathis/Documents/Travail/cbnsl_benchmark/scaling/../scaling/results/2026-03-30_20h11_sem_laplace/graphs/golden__v20_a30_g2.json,/home/mathis/Documents/Travail/cbnsl_benchmark/scaling/../scaling/results/2026-03-30_20h11_sem_laplace/graphs/CPC__v20_a30_g2_s3000.json,,24.592409402999692,18.0,22.0,0.6086956521739131,0.8771929824561403,0.7368421052631579,0.8333333333333334
sem_laplace,CMIIC,"{""alpha"": 0.01}",20,30,3000,2,/home/mathis/Documents/Travail/cbnsl_benchmark/scaling/../scaling/results/2026-03-30_20h11_sem_laplace/graphs/golden__v20_a30_g2.json,/home/mathis/Documents/Travail/cbnsl_benchmark/scaling/../scaling/results/2026-03-30_20h11_sem_laplace/graphs/CMIIC__v20_a30_g2_s3000.json,,192.79369739600043,12.0,21.0,0.75,0.888888888888889,0.9130434782608695,0.9333333333333333
sem_laplace,MIIC,"{""n_bins"": 2, ""discretization_method"": ""quantile""}",20,30,3000,2,/home/mathis/Documents/Travail/cbnsl_benchmark/scaling/../scaling/results/2026-03-30_20h11_sem_laplace/graphs/golden__v20_a30_g2.json,/home/mathis/Documents/Travail/cbnsl_benchmark/scaling/../scaling/results/2026-03-30_20h11_sem_laplace/graphs/MIIC__v20_a30_g2_s3000.json,,1.0549024780002583,15.0,24.0,0.7419354838709676,0.8181818181818182,0.8846153846153846,0.9
sem_laplace,GHC+BDeu,"{""n_bins"": 2, ""discretization_method"": ""quantile""}",20,30,3000,2,/home/mathis/Documents/Travail/cbnsl_benchmark/scaling/../scaling/results/2026-03-30_20h11_sem_laplace/graphs/golden__v20_a30_g2.json,/home/mathis/Documents/Travail/cbnsl_benchmark/scaling/../scaling/results/2026-03-30_20h11_sem_laplace/graphs/GHC+BDeu__v20_a30_g2_s3000.json,,0.4050978800005396,25.0,23.0,0.5862068965517241,0.8285714285714285,0.9444444444444444,0.9666666666666667
sem_laplace,NOTEARS,"{""lambda1"": 0.0, ""w_threshold_notears"": 0.1}",20,30,3000,2,/home/mathis/Documents/Travail/cbnsl_benchmark/scaling/../scaling/results/2026-03-30_20h11_sem_laplace/graphs/golden__v20_a30_g2.json,/home/mathis/Documents/Travail/cbnsl_benchmark/scaling/../scaling/results/2026-03-30_20h11_sem_laplace/graphs/NOTEARS__v20_a30_g2_s3000.json,,25.288677950999954,10.0,27.0,0.8333333333333333,0.923076923076923,1.0,1.0
sem_laplace,NOTEARS Disc.,"{""lambda1"": 0.3, ""w_threshold_notears"": 0.1, ""n_bins"": 6, ""discretization_method"": ""hartemink"", ""initial_bins"": 20}",20,30,3000,2,/home/mathis/Documents/Travail/cbnsl_benchmark/scaling/../scaling/results/2026-03-30_20h11_sem_laplace/graphs/golden__v20_a30_g2.json,,[pyAgrum] Directed cycle detected: Add a directed cycle in a dag !,,,,,,,
sem_laplace,LiNGAM,"{""threshold_lingam"": 0.01}",20,30,3000,2,/home/mathis/Documents/Travail/cbnsl_benchmark/scaling/../scaling/results/2026-03-30_20h11_sem_laplace/graphs/golden__v20_a30_g2.json,/home/mathis/Documents/Travail/cbnsl_benchmark/scaling/../scaling/results/2026-03-30_20h11_sem_laplace/graphs/LiNGAM__v20_a30_g2_s3000.json,,2.7225032070000452,0.0,0.0,0.9285714285714286,1.0,1.0,1.0
sem_laplace,CPC,"{""alpha"": 0.01, ""max_conditioning_set_size"": 2}",20,30,5000,2,/home/mathis/Documents/Travail/cbnsl_benchmark/scaling/../scaling/results/2026-03-30_20h11_sem_laplace/graphs/golden__v20_a30_g2.json,/home/mathis/Documents/Travail/cbnsl_benchmark/scaling/../scaling/results/2026-03-30_20h11_sem_laplace/graphs/CPC__v20_a30_g2_s5000.json,,81.97773862099984,24.0,22.0,0.47619047619047616,0.8771929824561403,0.6666666666666666,0.8333333333333334
sem_laplace,CMIIC,"{""alpha"": 0.01}",20,30,5000,2,/home/mathis/Documents/Travail/cbnsl_benchmark/scaling/../scaling/results/2026-03-30_20h11_sem_laplace/graphs/golden__v20_a30_g2.json,/home/mathis/Documents/Travail/cbnsl_benchmark/scaling/../scaling/results/2026-03-30_20h11_sem_laplace/graphs/CMIIC__v20_a30_g2_s5000.json,,351.19636064299993,13.0,23.0,0.6530612244897959,0.9180327868852459,0.8888888888888888,0.9333333333333333
sem_laplace,MIIC,"{""n_bins"": 2, ""discretization_method"": ""quantile""}",20,30,5000,2,/home/mathis/Documents/Travail/cbnsl_benchmark/scaling/../scaling/results/2026-03-30_20h11_sem_laplace/graphs/golden__v20_a30_g2.json,/home/mathis/Documents/Travail/cbnsl_benchmark/scaling/../scaling/results/2026-03-30_20h11_sem_laplace/graphs/MIIC__v20_a30_g2_s5000.json,,1.774539965999793,18.0,32.0,0.6999999999999998,0.835820895522388,0.9130434782608695,0.9333333333333333
sem_laplace,GHC+BDeu,"{""n_bins"": 2, ""discretization_method"": ""quantile""}",20,30,5000,2,/home/mathis/Documents/Travail/cbnsl_benchmark/scaling/../scaling/results/2026-03-30_20h11_sem_laplace/graphs/golden__v20_a30_g2.json,/home/mathis/Documents/Travail/cbnsl_benchmark/scaling/../scaling/results/2026-03-30_20h11_sem_laplace/graphs/GHC+BDeu__v20_a30_g2_s5000.json,,0.696290554999905,32.0,30.0,0.4727272727272727,0.8169014084507042,0.9285714285714286,0.9666666666666667
sem_laplace,NOTEARS,"{""lambda1"": 0.0, ""w_threshold_notears"": 0.1}",20,30,5000,2,/home/mathis/Documents/Travail/cbnsl_benchmark/scaling/../scaling/results/2026-03-30_20h11_sem_laplace/graphs/golden__v20_a30_g2.json,/home/mathis/Documents/Travail/cbnsl_benchmark/scaling/../scaling/results/2026-03-30_20h11_sem_laplace/graphs/NOTEARS__v20_a30_g2_s5000.json,,35.25089271499928,10.0,27.0,0.8333333333333333,0.923076923076923,1.0,1.0
sem_laplace,NOTEARS Disc.,"{""lambda1"": 0.3, ""w_threshold_notears"": 0.1, ""n_bins"": 6, ""discretization_method"": ""hartemink"", ""initial_bins"": 20}",20,30,5000,2,/home/mathis/Documents/Travail/cbnsl_benchmark/scaling/../scaling/results/2026-03-30_20h11_sem_laplace/graphs/golden__v20_a30_g2.json,,[pyAgrum] Directed cycle detected: Add a directed cycle in a dag !,,,,,,,
sem_laplace,LiNGAM,"{""threshold_lingam"": 0.01}",20,30,5000,2,/home/mathis/Documents/Travail/cbnsl_benchmark/scaling/../scaling/results/2026-03-30_20h11_sem_laplace/graphs/golden__v20_a30_g2.json,/home/mathis/Documents/Travail/cbnsl_benchmark/scaling/../scaling/results/2026-03-30_20h11_sem_laplace/graphs/LiNGAM__v20_a30_g2_s5000.json,,3.655724477000149,0.0,0.0,0.9285714285714286,1.0,1.0,1.0
sem_laplace,CPC,"{""alpha"": 0.01, ""max_conditioning_set_size"": 2}",20,30,200,3,/home/mathis/Documents/Travail/cbnsl_benchmark/scaling/../scaling/results/2026-03-30_20h11_sem_laplace/graphs/golden__v20_a30_g3.json,/home/mathis/Documents/Travail/cbnsl_benchmark/scaling/../scaling/results/2026-03-30_20h11_sem_laplace/graphs/CPC__v20_a30_g3_s200.json,,0.07055026600028214,28.0,28.0,0.2352941176470588,0.5365853658536585,0.17391304347826086,0.36666666666666664
sem_laplace,CMIIC,"{""alpha"": 0.01}",20,30,200,3,/home/mathis/Documents/Travail/cbnsl_benchmark/scaling/../scaling/results/2026-03-30_20h11_sem_laplace/graphs/golden__v20_a30_g3.json,/home/mathis/Documents/Travail/cbnsl_benchmark/scaling/../scaling/results/2026-03-30_20h11_sem_laplace/graphs/CMIIC__v20_a30_g3_s200.json,,9.942757247999907,84.0,89.0,0.33613445378151263,0.4651162790697675,1.0,1.0
sem_laplace,MIIC,"{""n_bins"": 2, ""discretization_method"": ""quantile""}",20,30,200,3,/home/mathis/Documents/Travail/cbnsl_benchmark/scaling/../scaling/results/2026-03-30_20h11_sem_laplace/graphs/golden__v20_a30_g3.json,/home/mathis/Documents/Travail/cbnsl_benchmark/scaling/../scaling/results/2026-03-30_20h11_sem_laplace/graphs/MIIC__v20_a30_g3_s200.json,,0.0696332480001729,24.0,29.0,0.6415094339622641,0.8000000000000002,0.7391304347826086,0.8
sem_laplace,GHC+BDeu,"{""n_bins"": 2, ""discretization_method"": ""quantile""}",20,30,200,3,/home/mathis/Documents/Travail/cbnsl_benchmark/scaling/../scaling/results/2026-03-30_20h11_sem_laplace/graphs/golden__v20_a30_g3.json,/home/mathis/Documents/Travail/cbnsl_benchmark/scaling/../scaling/results/2026-03-30_20h11_sem_laplace/graphs/GHC+BDeu__v20_a30_g3_s200.json,,0.05189389699989988,15.0,25.0,0.6521739130434783,0.8928571428571429,0.75,0.8333333333333334
sem_laplace,NOTEARS,"{""lambda1"": 0.0, ""w_threshold_notears"": 0.1}",20,30,200,3,/home/mathis/Documents/Travail/cbnsl_benchmark/scaling/../scaling/results/2026-03-30_20h11_sem_laplace/graphs/golden__v20_a30_g3.json,/home/mathis/Documents/Travail/cbnsl_benchmark/scaling/../scaling/results/2026-03-30_20h11_sem_laplace/graphs/NOTEARS__v20_a30_g3_s200.json,,5.589094138999826,64.0,66.0,0.45714285714285713,0.5405405405405406,1.0,1.0
sem_laplace,NOTEARS Disc.,"{""lambda1"": 0.3, ""w_threshold_notears"": 0.1, ""n_bins"": 6, ""discretization_method"": ""hartemink"", ""initial_bins"": 20}",20,30,200,3,/home/mathis/Documents/Travail/cbnsl_benchmark/scaling/../scaling/results/2026-03-30_20h11_sem_laplace/graphs/golden__v20_a30_g3.json,/home/mathis/Documents/Travail/cbnsl_benchmark/scaling/../scaling/results/2026-03-30_20h11_sem_laplace/graphs/NOTEARS Disc.__v20_a30_g3_s200.json,,26.58891774699987,22.0,28.0,0.5454545454545455,0.8571428571428571,0.6666666666666666,0.8
sem_laplace,LiNGAM,"{""threshold_lingam"": 0.01}",20,30,200,3,/home/mathis/Documents/Travail/cbnsl_benchmark/scaling/../scaling/results/2026-03-30_20h11_sem_laplace/graphs/golden__v20_a30_g3.json,/home/mathis/Documents/Travail/cbnsl_benchmark/scaling/../scaling/results/2026-03-30_20h11_sem_laplace/graphs/LiNGAM__v20_a30_g3_s200.json,,1.1071516020001582,11.0,23.0,0.6181818181818182,0.8823529411764706,1.0,1.0
sem_laplace,CPC,"{""alpha"": 0.01, ""max_conditioning_set_size"": 2}",20,30,500,3,/home/mathis/Documents/Travail/cbnsl_benchmark/scaling/../scaling/results/2026-03-30_20h11_sem_laplace/graphs/golden__v20_a30_g3.json,/home/mathis/Documents/Travail/cbnsl_benchmark/scaling/../scaling/results/2026-03-30_20h11_sem_laplace/graphs/CPC__v20_a30_g3_s500.json,,0.3545942640002977,26.0,24.0,0.23529411764705882,0.6956521739130436,0.2222222222222222,0.5333333333333333
sem_laplace,CMIIC,"{""alpha"": 0.01}",20,30,500,3,/home/mathis/Documents/Travail/cbnsl_benchmark/scaling/../scaling/results/2026-03-30_20h11_sem_laplace/graphs/golden__v20_a30_g3.json,/home/mathis/Documents/Travail/cbnsl_benchmark/scaling/../scaling/results/2026-03-30_20h11_sem_laplace/graphs/CMIIC__v20_a30_g3_s500.json,,25.642004191000524,56.0,59.0,0.45652173913043476,0.5940594059405941,1.0,1.0
sem_laplace,MIIC,"{""n_bins"": 2, ""discretization_method"": ""quantile""}",20,30,500,3,/home/mathis/Documents/Travail/cbnsl_benchmark/scaling/../scaling/results/2026-03-30_20h11_sem_laplace/graphs/golden__v20_a30_g3.json,/home/mathis/Documents/Travail/cbnsl_benchmark/scaling/../scaling/results/2026-03-30_20h11_sem_laplace/graphs/MIIC__v20_a30_g3_s500.json,,0.11242068800038396,23.0,21.0,0.64,0.8666666666666667,0.8,0.8666666666666667
sem_laplace,GHC+BDeu,"{""n_bins"": 2, ""discretization_method"": ""quantile""}",20,30,500,3,/home/mathis/Documents/Travail/cbnsl_benchmark/scaling/../scaling/results/2026-03-30_20h11_sem_laplace/graphs/golden__v20_a30_g3.json,/home/mathis/Documents/Travail/cbnsl_benchmark/scaling/../scaling/results/2026-03-30_20h11_sem_laplace/graphs/GHC+BDeu__v20_a30_g3_s500.json,,0.07397060600033001,14.0,21.0,0.5454545454545455,0.8571428571428571,0.6666666666666666,0.8
sem_laplace,NOTEARS,"{""lambda1"": 0.0, ""w_threshold_notears"": 0.1}",20,30,500,3,/home/mathis/Documents/Travail/cbnsl_benchmark/scaling/../scaling/results/2026-03-30_20h11_sem_laplace/graphs/golden__v20_a30_g3.json,/home/mathis/Documents/Travail/cbnsl_benchmark/scaling/../scaling/results/2026-03-30_20h11_sem_laplace/graphs/NOTEARS__v20_a30_g3_s500.json,,8.973928743000215,22.0,36.0,0.6865671641791045,0.8108108108108109,1.0,1.0
sem_laplace,NOTEARS Disc.,"{""lambda1"": 0.3, ""w_threshold_notears"": 0.1, ""n_bins"": 6, ""discretization_method"": ""hartemink"", ""initial_bins"": 20}",20,30,500,3,/home/mathis/Documents/Travail/cbnsl_benchmark/scaling/../scaling/results/2026-03-30_20h11_sem_laplace/graphs/golden__v20_a30_g3.json,,[pyAgrum] Directed cycle detected: Add a directed cycle in a dag !,,,,,,,
sem_laplace,LiNGAM,"{""threshold_lingam"": 0.01}",20,30,500,3,/home/mathis/Documents/Travail/cbnsl_benchmark/scaling/../scaling/results/2026-03-30_20h11_sem_laplace/graphs/golden__v20_a30_g3.json,/home/mathis/Documents/Travail/cbnsl_benchmark/scaling/../scaling/results/2026-03-30_20h11_sem_laplace/graphs/LiNGAM__v20_a30_g3_s500.json,,1.4002127399999154,1.0,2.0,0.7346938775510204,0.9836065573770492,1.0,1.0
sem_laplace,CPC,"{""alpha"": 0.01, ""max_conditioning_set_size"": 2}",20,30,1000,3,/home/mathis/Documents/Travail/cbnsl_benchmark/scaling/../scaling/results/2026-03-30_20h11_sem_laplace/graphs/golden__v20_a30_g3.json,/home/mathis/Documents/Travail/cbnsl_benchmark/scaling/../scaling/results/2026-03-30_20h11_sem_laplace/graphs/CPC__v20_a30_g3_s1000.json,,1.7510440819996802,26.0,26.0,0.23529411764705882,0.8235294117647058,0.3076923076923077,0.7
sem_laplace,CMIIC,"{""alpha"": 0.01}",20,30,1000,3,/home/mathis/Documents/Travail/cbnsl_benchmark/scaling/../scaling/results/2026-03-30_20h11_sem_laplace/graphs/golden__v20_a30_g3.json,/home/mathis/Documents/Travail/cbnsl_benchmark/scaling/../scaling/results/2026-03-30_20h11_sem_laplace/graphs/CMIIC__v20_a30_g3_s1000.json,,96.08697067699995,33.0,38.0,0.463768115942029,0.7228915662650602,1.0,1.0
sem_laplace,MIIC,"{""n_bins"": 2, ""discretization_method"": ""quantile""}",20,30,1000,3,/home/mathis/Documents/Travail/cbnsl_benchmark/scaling/../scaling/results/2026-03-30_20h11_sem_laplace/graphs/golden__v20_a30_g3.json,/home/mathis/Documents/Travail/cbnsl_benchmark/scaling/../scaling/results/2026-03-30_20h11_sem_laplace/graphs/MIIC__v20_a30_g3_s1000.json,,0.16971522700077912,19.0,15.0,0.68,0.9,0.85,0.9
sem_laplace,GHC+BDeu,"{""n_bins"": 2, ""discretization_method"": ""quantile""}",20,30,1000,3,/home/mathis/Documents/Travail/cbnsl_benchmark/scaling/../scaling/results/2026-03-30_20h11_sem_laplace/graphs/golden__v20_a30_g3.json,/home/mathis/Documents/Travail/cbnsl_benchmark/scaling/../scaling/results/2026-03-30_20h11_sem_laplace/graphs/GHC+BDeu__v20_a30_g3_s1000.json,,0.11871214199982205,19.0,17.0,0.608695652173913,0.9508196721311476,0.9333333333333333,0.9666666666666667
sem_laplace,NOTEARS,"{""lambda1"": 0.0, ""w_threshold_notears"": 0.1}",20,30,1000,3,/home/mathis/Documents/Travail/cbnsl_benchmark/scaling/../scaling/results/2026-03-30_20h11_sem_laplace/graphs/golden__v20_a30_g3.json,/home/mathis/Documents/Travail/cbnsl_benchmark/scaling/../scaling/results/2026-03-30_20h11_sem_laplace/graphs/NOTEARS__v20_a30_g3_s1000.json,,13.281068394000613,13.0,15.0,0.6440677966101694,0.8571428571428571,1.0,1.0
sem_laplace,NOTEARS Disc.,"{""lambda1"": 0.3, ""w_threshold_notears"": 0.1, ""n_bins"": 6, ""discretization_method"": ""hartemink"", ""initial_bins"": 20}",20,30,1000,3,/home/mathis/Documents/Travail/cbnsl_benchmark/scaling/../scaling/results/2026-03-30_20h11_sem_laplace/graphs/golden__v20_a30_g3.json,/home/mathis/Documents/Travail/cbnsl_benchmark/scaling/../scaling/results/2026-03-30_20h11_sem_laplace/graphs/NOTEARS Disc.__v20_a30_g3_s1000.json,,61.512073828999746,8.0,17.0,0.5,0.9285714285714286,0.7142857142857143,0.8666666666666667
sem_laplace,LiNGAM,"{""threshold_lingam"": 0.01}",20,30,1000,3,/home/mathis/Documents/Travail/cbnsl_benchmark/scaling/../scaling/results/2026-03-30_20h11_sem_laplace/graphs/golden__v20_a30_g3.json,/home/mathis/Documents/Travail/cbnsl_benchmark/scaling/../scaling/results/2026-03-30_20h11_sem_laplace/graphs/LiNGAM__v20_a30_g3_s1000.json,,1.537579249999908,0.0,20.0,0.7499999999999999,1.0,1.0,1.0
sem_laplace,CPC,"{""alpha"": 0.01, ""max_conditioning_set_size"": 2}",20,30,3000,3,/home/mathis/Documents/Travail/cbnsl_benchmark/scaling/../scaling/results/2026-03-30_20h11_sem_laplace/graphs/golden__v20_a30_g3.json,/home/mathis/Documents/Travail/cbnsl_benchmark/scaling/../scaling/results/2026-03-30_20h11_sem_laplace/graphs/CPC__v20_a30_g3_s3000.json,,20.890876323000157,27.0,21.0,0.37837837837837834,0.9285714285714286,0.6363636363636364,0.8666666666666667
sem_laplace,CMIIC,"{""alpha"": 0.01}",20,30,3000,3,/home/mathis/Documents/Travail/cbnsl_benchmark/scaling/../scaling/results/2026-03-30_20h11_sem_laplace/graphs/golden__v20_a30_g3.json,/home/mathis/Documents/Travail/cbnsl_benchmark/scaling/../scaling/results/2026-03-30_20h11_sem_laplace/graphs/CMIIC__v20_a30_g3_s3000.json,,160.9940770109988,15.0,23.0,0.7307692307692308,0.9354838709677419,0.95,0.9666666666666667
sem_laplace,MIIC,"{""n_bins"": 2, ""discretization_method"": ""quantile""}",20,30,3000,3,/home/mathis/Documents/Travail/cbnsl_benchmark/scaling/../scaling/results/2026-03-30_20h11_sem_laplace/graphs/golden__v20_a30_g3.json,/home/mathis/Documents/Travail/cbnsl_benchmark/scaling/../scaling/results/2026-03-30_20h11_sem_laplace/graphs/MIIC__v20_a30_g3_s3000.json,,0.9879070869992574,8.0,17.0,0.8135593220338984,0.888888888888889,0.9230769230769231,0.9333333333333333
sem_laplace,GHC+BDeu,"{""n_bins"": 2, ""discretization_method"": ""quantile""}",20,30,3000,3,/home/mathis/Documents/Travail/cbnsl_benchmark/scaling/../scaling/results/2026-03-30_20h11_sem_laplace/graphs/golden__v20_a30_g3.json,/home/mathis/Documents/Travail/cbnsl_benchmark/scaling/../scaling/results/2026-03-30_20h11_sem_laplace/graphs/GHC+BDeu__v20_a30_g3_s3000.json,,0.4122156189987436,9.0,21.0,0.6,0.923076923076923,1.0,1.0
sem_laplace,NOTEARS,"{""lambda1"": 0.0, ""w_threshold_notears"": 0.1}",20,30,3000,3,/home/mathis/Documents/Travail/cbnsl_benchmark/scaling/../scaling/results/2026-03-30_20h11_sem_laplace/graphs/golden__v20_a30_g3.json,/home/mathis/Documents/Travail/cbnsl_benchmark/scaling/../scaling/results/2026-03-30_20h11_sem_laplace/graphs/NOTEARS__v20_a30_g3_s3000.json,,24.34375465999983,9.0,18.0,0.8571428571428571,0.967741935483871,1.0,1.0
sem_laplace,NOTEARS Disc.,"{""lambda1"": 0.3, ""w_threshold_notears"": 0.1, ""n_bins"": 6, ""discretization_method"": ""hartemink"", ""initial_bins"": 20}",20,30,3000,3,/home/mathis/Documents/Travail/cbnsl_benchmark/scaling/../scaling/results/2026-03-30_20h11_sem_laplace/graphs/golden__v20_a30_g3.json,/home/mathis/Documents/Travail/cbnsl_benchmark/scaling/../scaling/results/2026-03-30_20h11_sem_laplace/graphs/NOTEARS Disc.__v20_a30_g3_s3000.json,,143.12071313200067,12.0,16.0,0.6956521739130435,0.9285714285714286,0.8,0.8666666666666667
sem_laplace,LiNGAM,"{""threshold_lingam"": 0.01}",20,30,3000,3,/home/mathis/Documents/Travail/cbnsl_benchmark/scaling/../scaling/results/2026-03-30_20h11_sem_laplace/graphs/golden__v20_a30_g3.json,/home/mathis/Documents/Travail/cbnsl_benchmark/scaling/../scaling/results/2026-03-30_20h11_sem_laplace/graphs/LiNGAM__v20_a30_g3_s3000.json,,2.6852620209992892,0.0,20.0,0.7499999999999999,1.0,1.0,1.0
sem_laplace,CPC,"{""alpha"": 0.01, ""max_conditioning_set_size"": 2}",20,30,5000,3,/home/mathis/Documents/Travail/cbnsl_benchmark/scaling/../scaling/results/2026-03-30_20h11_sem_laplace/graphs/golden__v20_a30_g3.json,/home/mathis/Documents/Travail/cbnsl_benchmark/scaling/../scaling/results/2026-03-30_20h11_sem_laplace/graphs/CPC__v20_a30_g3_s5000.json,,71.38199949400041,24.0,11.0,0.42105263157894735,0.9473684210526316,0.7272727272727273,0.9
sem_laplace,CMIIC,"{""alpha"": 0.01}",20,30,5000,3,/home/mathis/Documents/Travail/cbnsl_benchmark/scaling/../scaling/results/2026-03-30_20h11_sem_laplace/graphs/golden__v20_a30_g3.json,/home/mathis/Documents/Travail/cbnsl_benchmark/scaling/../scaling/results/2026-03-30_20h11_sem_laplace/graphs/CMIIC__v20_a30_g3_s5000.json,,412.5808003180009,16.0,7.0,0.7058823529411764,0.9180327868852459,0.9,0.9333333333333333
sem_laplace,MIIC,"{""n_bins"": 2, ""discretization_method"": ""quantile""}",20,30,5000,3,/home/mathis/Documents/Travail/cbnsl_benchmark/scaling/../scaling/results/2026-03-30_20h11_sem_laplace/graphs/golden__v20_a30_g3.json,/home/mathis/Documents/Travail/cbnsl_benchmark/scaling/../scaling/results/2026-03-30_20h11_sem_laplace/graphs/MIIC__v20_a30_g3_s5000.json,,1.787345662000007,18.0,28.0,0.7142857142857143,0.8571428571428572,0.8695652173913043,0.9
sem_laplace,GHC+BDeu,"{""n_bins"": 2, ""discretization_method"": ""quantile""}",20,30,5000,3,/home/mathis/Documents/Travail/cbnsl_benchmark/scaling/../scaling/results/2026-03-30_20h11_sem_laplace/graphs/golden__v20_a30_g3.json,/home/mathis/Documents/Travail/cbnsl_benchmark/scaling/../scaling/results/2026-03-30_20h11_sem_laplace/graphs/GHC+BDeu__v20_a30_g3_s5000.json,,0.6649994619983772,28.0,27.0,0.6071428571428571,0.8695652173913044,1.0,1.0
sem_laplace,NOTEARS,"{""lambda1"": 0.0, ""w_threshold_notears"": 0.1}",20,30,5000,3,/home/mathis/Documents/Travail/cbnsl_benchmark/scaling/../scaling/results/2026-03-30_20h11_sem_laplace/graphs/golden__v20_a30_g3.json,/home/mathis/Documents/Travail/cbnsl_benchmark/scaling/../scaling/results/2026-03-30_20h11_sem_laplace/graphs/NOTEARS__v20_a30_g3_s5000.json,,35.9138925590014,1.0,21.0,0.7346938775510204,0.9836065573770492,1.0,1.0
sem_laplace,NOTEARS Disc.,"{""lambda1"": 0.3, ""w_threshold_notears"": 0.1, ""n_bins"": 6, ""discretization_method"": ""hartemink"", ""initial_bins"": 20}",20,30,5000,3,/home/mathis/Documents/Travail/cbnsl_benchmark/scaling/../scaling/results/2026-03-30_20h11_sem_laplace/graphs/golden__v20_a30_g3.json,/home/mathis/Documents/Travail/cbnsl_benchmark/scaling/../scaling/results/2026-03-30_20h11_sem_laplace/graphs/NOTEARS Disc.__v20_a30_g3_s5000.json,,221.26707273800093,11.0,24.0,0.6363636363636364,0.9285714285714286,0.7777777777777778,0.8666666666666667
sem_laplace,LiNGAM,"{""threshold_lingam"": 0.01}",20,30,5000,3,/home/mathis/Documents/Travail/cbnsl_benchmark/scaling/../scaling/results/2026-03-30_20h11_sem_laplace/graphs/golden__v20_a30_g3.json,/home/mathis/Documents/Travail/cbnsl_benchmark/scaling/../scaling/results/2026-03-30_20h11_sem_laplace/graphs/LiNGAM__v20_a30_g3_s5000.json,,3.9193201689995476,0.0,20.0,0.7499999999999999,1.0,1.0,1.0
sem_laplace,CPC,"{""alpha"": 0.01, ""max_conditioning_set_size"": 2}",20,30,200,4,/home/mathis/Documents/Travail/cbnsl_benchmark/scaling/../scaling/results/2026-03-30_20h11_sem_laplace/graphs/golden__v20_a30_g4.json,/home/mathis/Documents/Travail/cbnsl_benchmark/scaling/../scaling/results/2026-03-30_20h11_sem_laplace/graphs/CPC__v20_a30_g4_s200.json,,0.06365291700058151,27.0,27.0,0.28571428571428575,0.5365853658536585,0.20833333333333334,0.36666666666666664
sem_laplace,CMIIC,"{""alpha"": 0.01}",20,30,200,4,/home/mathis/Documents/Travail/cbnsl_benchmark/scaling/../scaling/results/2026-03-30_20h11_sem_laplace/graphs/golden__v20_a30_g4.json,/home/mathis/Documents/Travail/cbnsl_benchmark/scaling/../scaling/results/2026-03-30_20h11_sem_laplace/graphs/CMIIC__v20_a30_g4_s200.json,,8.676880121998693,87.0,92.0,0.3114754098360656,0.43939393939393934,0.95,0.9666666666666667
sem_laplace,MIIC,"{""n_bins"": 2, ""discretization_method"": ""quantile""}",20,30,200,4,/home/mathis/Documents/Travail/cbnsl_benchmark/scaling/../scaling/results/2026-03-30_20h11_sem_laplace/graphs/golden__v20_a30_g4.json,/home/mathis/Documents/Travail/cbnsl_benchmark/scaling/../scaling/results/2026-03-30_20h11_sem_laplace/graphs/MIIC__v20_a30_g4_s200.json,,0.0575303570003598,20.0,28.0,0.5957446808510639,0.8421052631578948,0.7,0.8
sem_laplace,GHC+BDeu,"{""n_bins"": 2, ""discretization_method"": ""quantile""}",20,30,200,4,/home/mathis/Documents/Travail/cbnsl_benchmark/scaling/../scaling/results/2026-03-30_20h11_sem_laplace/graphs/golden__v20_a30_g4.json,/home/mathis/Documents/Travail/cbnsl_benchmark/scaling/../scaling/results/2026-03-30_20h11_sem_laplace/graphs/GHC+BDeu__v20_a30_g4_s200.json,,0.050794330998542137,29.0,27.0,0.29268292682926833,0.75,0.4,0.7
sem_laplace,NOTEARS,"{""lambda1"": 0.0, ""w_threshold_notears"": 0.1}",20,30,200,4,/home/mathis/Documents/Travail/cbnsl_benchmark/scaling/../scaling/results/2026-03-30_20h11_sem_laplace/graphs/golden__v20_a30_g4.json,/home/mathis/Documents/Travail/cbnsl_benchmark/scaling/../scaling/results/2026-03-30_20h11_sem_laplace/graphs/NOTEARS__v20_a30_g4_s200.json,,5.991263767000419,52.0,65.0,0.5148514851485149,0.5714285714285715,1.0,1.0
sem_laplace,NOTEARS Disc.,"{""lambda1"": 0.3, ""w_threshold_notears"": 0.1, ""n_bins"": 6, ""discretization_method"": ""hartemink"", ""initial_bins"": 20}",20,30,200,4,/home/mathis/Documents/Travail/cbnsl_benchmark/scaling/../scaling/results/2026-03-30_20h11_sem_laplace/graphs/golden__v20_a30_g4.json,,[pyAgrum] Directed cycle detected: Add a directed cycle in a dag !,,,,,,,
sem_laplace,LiNGAM,"{""threshold_lingam"": 0.01}",20,30,200,4,/home/mathis/Documents/Travail/cbnsl_benchmark/scaling/../scaling/results/2026-03-30_20h11_sem_laplace/graphs/golden__v20_a30_g4.json,/home/mathis/Documents/Travail/cbnsl_benchmark/scaling/../scaling/results/2026-03-30_20h11_sem_laplace/graphs/LiNGAM__v20_a30_g4_s200.json,,1.1587782349997724,8.0,24.0,0.8,0.9090909090909091,1.0,1.0
sem_laplace,CPC,"{""alpha"": 0.01, ""max_conditioning_set_size"": 2}",20,30,500,4,/home/mathis/Documents/Travail/cbnsl_benchmark/scaling/../scaling/results/2026-03-30_20h11_sem_laplace/graphs/golden__v20_a30_g4.json,/home/mathis/Documents/Travail/cbnsl_benchmark/scaling/../scaling/results/2026-03-30_20h11_sem_laplace/graphs/CPC__v20_a30_g4_s500.json,,0.41030419200069446,27.0,25.0,0.18181818181818182,0.5,0.13043478260869565,0.3333333333333333
sem_laplace,CMIIC,"{""alpha"": 0.01}",20,30,500,4,/home/mathis/Documents/Travail/cbnsl_benchmark/scaling/../scaling/results/2026-03-30_20h11_sem_laplace/graphs/golden__v20_a30_g4.json,/home/mathis/Documents/Travail/cbnsl_benchmark/scaling/../scaling/results/2026-03-30_20h11_sem_laplace/graphs/CMIIC__v20_a30_g4_s500.json,,21.361344416000065,39.0,54.0,0.4878048780487805,0.6373626373626373,0.9523809523809523,0.9666666666666667
sem_laplace,MIIC,"{""n_bins"": 2, ""discretization_method"": ""quantile""}",20,30,500,4,/home/mathis/Documents/Travail/cbnsl_benchmark/scaling/../scaling/results/2026-03-30_20h11_sem_laplace/graphs/golden__v20_a30_g4.json,/home/mathis/Documents/Travail/cbnsl_benchmark/scaling/../scaling/results/2026-03-30_20h11_sem_laplace/graphs/MIIC__v20_a30_g4_s500.json,,0.1051300960007211,10.0,27.0,0.7307692307692307,0.9,0.8636363636363636,0.9
sem_laplace,GHC+BDeu,"{""n_bins"": 2, ""discretization_method"": ""quantile""}",20,30,500,4,/home/mathis/Documents/Travail/cbnsl_benchmark/scaling/../scaling/results/2026-03-30_20h11_sem_laplace/graphs/golden__v20_a30_g4.json,/home/mathis/Documents/Travail/cbnsl_benchmark/scaling/../scaling/results/2026-03-30_20h11_sem_laplace/graphs/GHC+BDeu__v20_a30_g4_s500.json,,0.0746871020000981,22.0,17.0,0.41860465116279066,0.8275862068965518,0.6,0.8
sem_laplace,NOTEARS,"{""lambda1"": 0.0, ""w_threshold_notears"": 0.1}",20,30,500,4,/home/mathis/Documents/Travail/cbnsl_benchmark/scaling/../scaling/results/2026-03-30_20h11_sem_laplace/graphs/golden__v20_a30_g4.json,/home/mathis/Documents/Travail/cbnsl_benchmark/scaling/../scaling/results/2026-03-30_20h11_sem_laplace/graphs/NOTEARS__v20_a30_g4_s500.json,,11.289961434998986,9.0,25.0,0.7540983606557378,0.8823529411764706,1.0,1.0
sem_laplace,NOTEARS Disc.,"{""lambda1"": 0.3, ""w_threshold_notears"": 0.1, ""n_bins"": 6, ""discretization_method"": ""hartemink"", ""initial_bins"": 20}",20,30,500,4,/home/mathis/Documents/Travail/cbnsl_benchmark/scaling/../scaling/results/2026-03-30_20h11_sem_laplace/graphs/golden__v20_a30_g4.json,/home/mathis/Documents/Travail/cbnsl_benchmark/scaling/../scaling/results/2026-03-30_20h11_sem_laplace/graphs/NOTEARS Disc.__v20_a30_g4_s500.json,,40.77105556800052,5.0,11.0,0.823529411764706,0.9473684210526316,0.875,0.9
sem_laplace,LiNGAM,"{""threshold_lingam"": 0.01}",20,30,500,4,/home/mathis/Documents/Travail/cbnsl_benchmark/scaling/../scaling/results/2026-03-30_20h11_sem_laplace/graphs/golden__v20_a30_g4.json,/home/mathis/Documents/Travail/cbnsl_benchmark/scaling/../scaling/results/2026-03-30_20h11_sem_laplace/graphs/LiNGAM__v20_a30_g4_s500.json,,1.326039989000492,1.0,15.0,0.8727272727272727,0.9836065573770492,1.0,1.0
sem_laplace,CPC,"{""alpha"": 0.01, ""max_conditioning_set_size"": 2}",20,30,1000,4,/home/mathis/Documents/Travail/cbnsl_benchmark/scaling/../scaling/results/2026-03-30_20h11_sem_laplace/graphs/golden__v20_a30_g4.json,/home/mathis/Documents/Travail/cbnsl_benchmark/scaling/../scaling/results/2026-03-30_20h11_sem_laplace/graphs/CPC__v20_a30_g4_s1000.json,,1.7856070879988692,19.0,23.0,0.5,0.8235294117647058,0.5263157894736842,0.7
sem_laplace,CMIIC,"{""alpha"": 0.01}",20,30,1000,4,/home/mathis/Documents/Travail/cbnsl_benchmark/scaling/../scaling/results/2026-03-30_20h11_sem_laplace/graphs/golden__v20_a30_g4.json,/home/mathis/Documents/Travail/cbnsl_benchmark/scaling/../scaling/results/2026-03-30_20h11_sem_laplace/graphs/CMIIC__v20_a30_g4_s1000.json,,89.94432831099948,27.0,42.0,0.631578947368421,0.7160493827160493,0.96,0.9666666666666667
sem_laplace,MIIC,"{""n_bins"": 2, ""discretization_method"": ""quantile""}",20,30,1000,4,/home/mathis/Documents/Travail/cbnsl_benchmark/scaling/../scaling/results/2026-03-30_20h11_sem_laplace/graphs/golden__v20_a30_g4.json,/home/mathis/Documents/Travail/cbnsl_benchmark/scaling/../scaling/results/2026-03-30_20h11_sem_laplace/graphs/MIIC__v20_a30_g4_s1000.json,,0.17374113599908014,10.0,14.0,0.7692307692307692,0.9508196721311476,0.9523809523809523,0.9666666666666667
sem_laplace,GHC+BDeu,"{""n_bins"": 2, ""discretization_method"": ""quantile""}",20,30,1000,4,/home/mathis/Documents/Travail/cbnsl_benchmark/scaling/../scaling/results/2026-03-30_20h11_sem_laplace/graphs/golden__v20_a30_g4.json,/home/mathis/Documents/Travail/cbnsl_benchmark/scaling/../scaling/results/2026-03-30_20h11_sem_laplace/graphs/GHC+BDeu__v20_a30_g4_s1000.json,,0.11321514600058435,20.0,12.0,0.5,0.9180327868852459,0.8461538461538461,0.9333333333333333
sem_laplace,NOTEARS,"{""lambda1"": 0.0, ""w_threshold_notears"": 0.1}",20,30,1000,4,/home/mathis/Documents/Travail/cbnsl_benchmark/scaling/../scaling/results/2026-03-30_20h11_sem_laplace/graphs/golden__v20_a30_g4.json,/home/mathis/Documents/Travail/cbnsl_benchmark/scaling/../scaling/results/2026-03-30_20h11_sem_laplace/graphs/NOTEARS__v20_a30_g4_s1000.json,,14.844935148999866,3.0,16.0,0.8363636363636363,0.967741935483871,1.0,1.0
sem_laplace,NOTEARS Disc.,"{""lambda1"": 0.3, ""w_threshold_notears"": 0.1, ""n_bins"": 6, ""discretization_method"": ""hartemink"", ""initial_bins"": 20}",20,30,1000,4,/home/mathis/Documents/Travail/cbnsl_benchmark/scaling/../scaling/results/2026-03-30_20h11_sem_laplace/graphs/golden__v20_a30_g4.json,/home/mathis/Documents/Travail/cbnsl_benchmark/scaling/../scaling/results/2026-03-30_20h11_sem_laplace/graphs/NOTEARS Disc.__v20_a30_g4_s1000.json,,63.136735145000785,7.0,12.0,0.7500000000000001,0.9285714285714286,0.8181818181818182,0.8666666666666667
sem_laplace,LiNGAM,"{""threshold_lingam"": 0.01}",20,30,1000,4,/home/mathis/Documents/Travail/cbnsl_benchmark/scaling/../scaling/results/2026-03-30_20h11_sem_laplace/graphs/golden__v20_a30_g4.json,/home/mathis/Documents/Travail/cbnsl_benchmark/scaling/../scaling/results/2026-03-30_20h11_sem_laplace/graphs/LiNGAM__v20_a30_g4_s1000.json,,1.5766355489995476,0.0,14.0,0.888888888888889,1.0,1.0,1.0
sem_laplace,CPC,"{""alpha"": 0.01, ""max_conditioning_set_size"": 2}",20,30,3000,4,/home/mathis/Documents/Travail/cbnsl_benchmark/scaling/../scaling/results/2026-03-30_20h11_sem_laplace/graphs/golden__v20_a30_g4.json,/home/mathis/Documents/Travail/cbnsl_benchmark/scaling/../scaling/results/2026-03-30_20h11_sem_laplace/graphs/CPC__v20_a30_g4_s3000.json,,23.213701886001218,18.0,18.0,0.5714285714285714,0.9655172413793104,0.8571428571428571,0.9333333333333333
sem_laplace,CMIIC,"{""alpha"": 0.01}",20,30,3000,4,/home/mathis/Documents/Travail/cbnsl_benchmark/scaling/../scaling/results/2026-03-30_20h11_sem_laplace/graphs/golden__v20_a30_g4.json,/home/mathis/Documents/Travail/cbnsl_benchmark/scaling/../scaling/results/2026-03-30_20h11_sem_laplace/graphs/CMIIC__v20_a30_g4_s3000.json,,157.46809358799874,3.0,15.0,0.8363636363636364,0.9508196721311476,0.9583333333333334,0.9666666666666667
sem_laplace,MIIC,"{""n_bins"": 2, ""discretization_method"": ""quantile""}",20,30,3000,4,/home/mathis/Documents/Travail/cbnsl_benchmark/scaling/../scaling/results/2026-03-30_20h11_sem_laplace/graphs/golden__v20_a30_g4.json,/home/mathis/Documents/Travail/cbnsl_benchmark/scaling/../scaling/results/2026-03-30_20h11_sem_laplace/graphs/MIIC__v20_a30_g4_s3000.json,,0.9080474160000449,12.0,9.0,0.8,0.9354838709677419,0.9565217391304348,0.9666666666666667
sem_laplace,GHC+BDeu,"{""n_bins"": 2, ""discretization_method"": ""quantile""}",20,30,3000,4,/home/mathis/Documents/Travail/cbnsl_benchmark/scaling/../scaling/results/2026-03-30_20h11_sem_laplace/graphs/golden__v20_a30_g4.json,/home/mathis/Documents/Travail/cbnsl_benchmark/scaling/../scaling/results/2026-03-30_20h11_sem_laplace/graphs/GHC+BDeu__v20_a30_g4_s3000.json,,0.4078288920009072,28.0,31.0,0.47058823529411764,0.8529411764705883,0.9230769230769231,0.9666666666666667
sem_laplace,NOTEARS,"{""lambda1"": 0.0, ""w_threshold_notears"": 0.1}",20,30,3000,4,/home/mathis/Documents/Travail/cbnsl_benchmark/scaling/../scaling/results/2026-03-30_20h11_sem_laplace/graphs/golden__v20_a30_g4.json,/home/mathis/Documents/Travail/cbnsl_benchmark/scaling/../scaling/results/2026-03-30_20h11_sem_laplace/graphs/NOTEARS__v20_a30_g4_s3000.json,,25.281758796998474,4.0,17.0,0.8214285714285715,0.9523809523809523,1.0,1.0
sem_laplace,NOTEARS Disc.,"{""lambda1"": 0.3, ""w_threshold_notears"": 0.1, ""n_bins"": 6, ""discretization_method"": ""hartemink"", ""initial_bins"": 20}",20,30,3000,4,/home/mathis/Documents/Travail/cbnsl_benchmark/scaling/../scaling/results/2026-03-30_20h11_sem_laplace/graphs/golden__v20_a30_g4.json,/home/mathis/Documents/Travail/cbnsl_benchmark/scaling/../scaling/results/2026-03-30_20h11_sem_laplace/graphs/NOTEARS Disc.__v20_a30_g4_s3000.json,,142.53209136700025,7.0,9.0,0.7500000000000001,0.9285714285714286,0.8181818181818182,0.8666666666666667
sem_laplace,LiNGAM,"{""threshold_lingam"": 0.01}",20,30,3000,4,/home/mathis/Documents/Travail/cbnsl_benchmark/scaling/../scaling/results/2026-03-30_20h11_sem_laplace/graphs/golden__v20_a30_g4.json,/home/mathis/Documents/Travail/cbnsl_benchmark/scaling/../scaling/results/2026-03-30_20h11_sem_laplace/graphs/LiNGAM__v20_a30_g4_s3000.json,,2.8752221309987362,0.0,14.0,0.888888888888889,1.0,1.0,1.0
sem_laplace,CPC,"{""alpha"": 0.01, ""max_conditioning_set_size"": 2}",20,30,5000,4,/home/mathis/Documents/Travail/cbnsl_benchmark/scaling/../scaling/results/2026-03-30_20h11_sem_laplace/graphs/golden__v20_a30_g4.json,/home/mathis/Documents/Travail/cbnsl_benchmark/scaling/../scaling/results/2026-03-30_20h11_sem_laplace/graphs/CPC__v20_a30_g4_s5000.json,,71.05145736300074,17.0,18.0,0.5909090909090909,0.9491525423728815,0.8666666666666667,0.9333333333333333
sem_laplace,CMIIC,"{""alpha"": 0.01}",20,30,5000,4,/home/mathis/Documents/Travail/cbnsl_benchmark/scaling/../scaling/results/2026-03-30_20h11_sem_laplace/graphs/golden__v20_a30_g4.json,/home/mathis/Documents/Travail/cbnsl_benchmark/scaling/../scaling/results/2026-03-30_20h11_sem_laplace/graphs/CMIIC__v20_a30_g4_s5000.json,,387.9756353440007,5.0,13.0,0.8518518518518519,0.9666666666666667,0.9583333333333334,0.9666666666666667
sem_laplace,MIIC,"{""n_bins"": 2, ""discretization_method"": ""quantile""}",20,30,5000,4,/home/mathis/Documents/Travail/cbnsl_benchmark/scaling/../scaling/results/2026-03-30_20h11_sem_laplace/graphs/golden__v20_a30_g4.json,/home/mathis/Documents/Travail/cbnsl_benchmark/scaling/../scaling/results/2026-03-30_20h11_sem_laplace/graphs/MIIC__v20_a30_g4_s5000.json,,1.6504580760010867,14.0,24.0,0.7868852459016393,0.8787878787878789,0.96,0.9666666666666667
sem_laplace,GHC+BDeu,"{""n_bins"": 2, ""discretization_method"": ""quantile""}",20,30,5000,4,/home/mathis/Documents/Travail/cbnsl_benchmark/scaling/../scaling/results/2026-03-30_20h11_sem_laplace/graphs/golden__v20_a30_g4.json,/home/mathis/Documents/Travail/cbnsl_benchmark/scaling/../scaling/results/2026-03-30_20h11_sem_laplace/graphs/GHC+BDeu__v20_a30_g4_s5000.json,,0.701401573000112,28.0,23.0,0.4827586206896553,0.7945205479452055,0.9333333333333333,0.9666666666666667
sem_laplace,NOTEARS,"{""lambda1"": 0.0, ""w_threshold_notears"": 0.1}",20,30,5000,4,/home/mathis/Documents/Travail/cbnsl_benchmark/scaling/../scaling/results/2026-03-30_20h11_sem_laplace/graphs/golden__v20_a30_g4.json,/home/mathis/Documents/Travail/cbnsl_benchmark/scaling/../scaling/results/2026-03-30_20h11_sem_laplace/graphs/NOTEARS__v20_a30_g4_s5000.json,,39.70439029600129,4.0,17.0,0.8214285714285715,0.9523809523809523,1.0,1.0
sem_laplace,NOTEARS Disc.,"{""lambda1"": 0.3, ""w_threshold_notears"": 0.1, ""n_bins"": 6, ""discretization_method"": ""hartemink"", ""initial_bins"": 20}",20,30,5000,4,/home/mathis/Documents/Travail/cbnsl_benchmark/scaling/../scaling/results/2026-03-30_20h11_sem_laplace/graphs/golden__v20_a30_g4.json,/home/mathis/Documents/Travail/cbnsl_benchmark/scaling/../scaling/results/2026-03-30_20h11_sem_laplace/graphs/NOTEARS Disc.__v20_a30_g4_s5000.json,,223.7791503059998,8.0,11.0,0.8,0.9285714285714286,0.8333333333333334,0.8666666666666667
sem_laplace,LiNGAM,"{""threshold_lingam"": 0.01}",20,30,5000,4,/home/mathis/Documents/Travail/cbnsl_benchmark/scaling/../scaling/results/2026-03-30_20h11_sem_laplace/graphs/golden__v20_a30_g4.json,/home/mathis/Documents/Travail/cbnsl_benchmark/scaling/../scaling/results/2026-03-30_20h11_sem_laplace/graphs/LiNGAM__v20_a30_g4_s5000.json,,3.795410090000587,0.0,14.0,0.888888888888889,1.0,1.0,1.0
sem_laplace,CPC,"{""alpha"": 0.01, ""max_conditioning_set_size"": 2}",20,30,200,5,/home/mathis/Documents/Travail/cbnsl_benchmark/scaling/../scaling/results/2026-03-30_20h11_sem_laplace/graphs/golden__v20_a30_g5.json,/home/mathis/Documents/Travail/cbnsl_benchmark/scaling/../scaling/results/2026-03-30_20h11_sem_laplace/graphs/CPC__v20_a30_g5_s200.json,,0.06239576199914154,27.0,25.0,0.29411764705882354,0.4736842105263158,0.2,0.3103448275862069
sem_laplace,CMIIC,"{""alpha"": 0.01}",20,30,200,5,/home/mathis/Documents/Travail/cbnsl_benchmark/scaling/../scaling/results/2026-03-30_20h11_sem_laplace/graphs/golden__v20_a30_g5.json,/home/mathis/Documents/Travail/cbnsl_benchmark/scaling/../scaling/results/2026-03-30_20h11_sem_laplace/graphs/CMIIC__v20_a30_g5_s200.json,,12.56085596199955,74.0,71.0,0.34285714285714286,0.5,1.0,1.0
sem_laplace,MIIC,"{""n_bins"": 2, ""discretization_method"": ""quantile""}",20,30,200,5,/home/mathis/Documents/Travail/cbnsl_benchmark/scaling/../scaling/results/2026-03-30_20h11_sem_laplace/graphs/golden__v20_a30_g5.json,/home/mathis/Documents/Travail/cbnsl_benchmark/scaling/../scaling/results/2026-03-30_20h11_sem_laplace/graphs/MIIC__v20_a30_g5_s200.json,,0.07169932400029211,15.0,16.0,0.7234042553191491,0.888888888888889,0.7727272727272727,0.8275862068965517
sem_laplace,GHC+BDeu,"{""n_bins"": 2, ""discretization_method"": ""quantile""}",20,30,200,5,/home/mathis/Documents/Travail/cbnsl_benchmark/scaling/../scaling/results/2026-03-30_20h11_sem_laplace/graphs/golden__v20_a30_g5.json,/home/mathis/Documents/Travail/cbnsl_benchmark/scaling/../scaling/results/2026-03-30_20h11_sem_laplace/graphs/GHC+BDeu__v20_a30_g5_s200.json,,0.05086678599946026,22.0,21.0,0.3243243243243243,0.7843137254901961,0.4,0.6896551724137931
sem_laplace,NOTEARS,"{""lambda1"": 0.0, ""w_threshold_notears"": 0.1}",20,30,200,5,/home/mathis/Documents/Travail/cbnsl_benchmark/scaling/../scaling/results/2026-03-30_20h11_sem_laplace/graphs/golden__v20_a30_g5.json,/home/mathis/Documents/Travail/cbnsl_benchmark/scaling/../scaling/results/2026-03-30_20h11_sem_laplace/graphs/NOTEARS__v20_a30_g5_s200.json,,4.807377408998946,46.0,59.0,0.5263157894736842,0.5858585858585859,1.0,1.0
sem_laplace,NOTEARS Disc.,"{""lambda1"": 0.3, ""w_threshold_notears"": 0.1, ""n_bins"": 6, ""discretization_method"": ""hartemink"", ""initial_bins"": 20}",20,30,200,5,/home/mathis/Documents/Travail/cbnsl_benchmark/scaling/../scaling/results/2026-03-30_20h11_sem_laplace/graphs/golden__v20_a30_g5.json,/home/mathis/Documents/Travail/cbnsl_benchmark/scaling/../scaling/results/2026-03-30_20h11_sem_laplace/graphs/NOTEARS Disc.__v20_a30_g5_s200.json,,24.990154960998552,22.0,23.0,0.3902439024390244,0.8620689655172413,0.6666666666666666,0.8620689655172413
sem_laplace,LiNGAM,"{""threshold_lingam"": 0.01}",20,30,200,5,/home/mathis/Documents/Travail/cbnsl_benchmark/scaling/../scaling/results/2026-03-30_20h11_sem_laplace/graphs/golden__v20_a30_g5.json,/home/mathis/Documents/Travail/cbnsl_benchmark/scaling/../scaling/results/2026-03-30_20h11_sem_laplace/graphs/LiNGAM__v20_a30_g5_s200.json,,1.090724419000253,19.0,32.0,0.7692307692307693,0.8405797101449275,1.0,1.0
sem_laplace,CPC,"{""alpha"": 0.01, ""max_conditioning_set_size"": 2}",20,30,500,5,/home/mathis/Documents/Travail/cbnsl_benchmark/scaling/../scaling/results/2026-03-30_20h11_sem_laplace/graphs/golden__v20_a30_g5.json,/home/mathis/Documents/Travail/cbnsl_benchmark/scaling/../scaling/results/2026-03-30_20h11_sem_laplace/graphs/CPC__v20_a30_g5_s500.json,,0.44636175699997693,24.0,27.0,0.24242424242424246,0.5499999999999999,0.18181818181818182,0.3793103448275862
sem_laplace,CMIIC,"{""alpha"": 0.01}",20,30,500,5,/home/mathis/Documents/Travail/cbnsl_benchmark/scaling/../scaling/results/2026-03-30_20h11_sem_laplace/graphs/golden__v20_a30_g5.json,/home/mathis/Documents/Travail/cbnsl_benchmark/scaling/../scaling/results/2026-03-30_20h11_sem_laplace/graphs/CMIIC__v20_a30_g5_s500.json,,45.57857050199891,47.0,49.0,0.48837209302325585,0.6170212765957447,1.0,1.0
sem_laplace,MIIC,"{""n_bins"": 2, ""discretization_method"": ""quantile""}",20,30,500,5,/home/mathis/Documents/Travail/cbnsl_benchmark/scaling/../scaling/results/2026-03-30_20h11_sem_laplace/graphs/golden__v20_a30_g5.json,/home/mathis/Documents/Travail/cbnsl_benchmark/scaling/../scaling/results/2026-03-30_20h11_sem_laplace/graphs/MIIC__v20_a30_g5_s500.json,,0.12399429799916106,15.0,22.0,0.7346938775510204,0.9310344827586207,0.9,0.9310344827586207
sem_laplace,GHC+BDeu,"{""n_bins"": 2, ""discretization_method"": ""quantile""}",20,30,500,5,/home/mathis/Documents/Travail/cbnsl_benchmark/scaling/../scaling/results/2026-03-30_20h11_sem_laplace/graphs/golden__v20_a30_g5.json,/home/mathis/Documents/Travail/cbnsl_benchmark/scaling/../scaling/results/2026-03-30_20h11_sem_laplace/graphs/GHC+BDeu__v20_a30_g5_s500.json,,0.07830370600095193,20.0,23.0,0.41860465116279066,0.847457627118644,0.6923076923076923,0.8620689655172413
sem_laplace,NOTEARS,"{""lambda1"": 0.0, ""w_threshold_notears"": 0.1}",20,30,500,5,/home/mathis/Documents/Travail/cbnsl_benchmark/scaling/../scaling/results/2026-03-30_20h11_sem_laplace/graphs/golden__v20_a30_g5.json,/home/mathis/Documents/Travail/cbnsl_benchmark/scaling/../scaling/results/2026-03-30_20h11_sem_laplace/graphs/NOTEARS__v20_a30_g5_s500.json,,12.774030655000388,15.0,31.0,0.6774193548387097,0.8285714285714285,1.0,1.0
sem_laplace,NOTEARS Disc.,"{""lambda1"": 0.3, ""w_threshold_notears"": 0.1, ""n_bins"": 6, ""discretization_method"": ""hartemink"", ""initial_bins"": 20}",20,30,500,5,/home/mathis/Documents/Travail/cbnsl_benchmark/scaling/../scaling/results/2026-03-30_20h11_sem_laplace/graphs/golden__v20_a30_g5.json,/home/mathis/Documents/Travail/cbnsl_benchmark/scaling/../scaling/results/2026-03-30_20h11_sem_laplace/graphs/NOTEARS Disc.__v20_a30_g5_s500.json,,40.955921680000756,18.0,4.0,0.6666666666666667,0.9285714285714286,0.8333333333333334,0.896551724137931
sem_laplace,LiNGAM,"{""threshold_lingam"": 0.01}",20,30,500,5,/home/mathis/Documents/Travail/cbnsl_benchmark/scaling/../scaling/results/2026-03-30_20h11_sem_laplace/graphs/golden__v20_a30_g5.json,/home/mathis/Documents/Travail/cbnsl_benchmark/scaling/../scaling/results/2026-03-30_20h11_sem_laplace/graphs/LiNGAM__v20_a30_g5_s500.json,,1.3525538889989548,1.0,12.0,0.8679245283018869,0.983050847457627,1.0,1.0
sem_laplace,CPC,"{""alpha"": 0.01, ""max_conditioning_set_size"": 2}",20,30,1000,5,/home/mathis/Documents/Travail/cbnsl_benchmark/scaling/../scaling/results/2026-03-30_20h11_sem_laplace/graphs/golden__v20_a30_g5.json,/home/mathis/Documents/Travail/cbnsl_benchmark/scaling/../scaling/results/2026-03-30_20h11_sem_laplace/graphs/CPC__v20_a30_g5_s1000.json,,2.314671863001422,24.0,23.0,0.29411764705882354,0.7659574468085107,0.3125,0.6206896551724138
sem_laplace,CMIIC,"{""alpha"": 0.01}",20,30,1000,5,/home/mathis/Documents/Travail/cbnsl_benchmark/scaling/../scaling/results/2026-03-30_20h11_sem_laplace/graphs/golden__v20_a30_g5.json,/home/mathis/Documents/Travail/cbnsl_benchmark/scaling/../scaling/results/2026-03-30_20h11_sem_laplace/graphs/CMIIC__v20_a30_g5_s1000.json,,115.19915703799961,28.0,36.0,0.5915492957746479,0.7341772151898733,1.0,1.0
sem_laplace,MIIC,"{""n_bins"": 2, ""discretization_method"": ""quantile""}",20,30,1000,5,/home/mathis/Documents/Travail/cbnsl_benchmark/scaling/../scaling/results/2026-03-30_20h11_sem_laplace/graphs/golden__v20_a30_g5.json,/home/mathis/Documents/Travail/cbnsl_benchmark/scaling/../scaling/results/2026-03-30_20h11_sem_laplace/graphs/MIIC__v20_a30_g5_s1000.json,,0.20150584600014554,18.0,19.0,0.7200000000000001,0.9152542372881356,0.9,0.9310344827586207
sem_laplace,GHC+BDeu,"{""n_bins"": 2, ""discretization_method"": ""quantile""}",20,30,1000,5,/home/mathis/Documents/Travail/cbnsl_benchmark/scaling/../scaling/results/2026-03-30_20h11_sem_laplace/graphs/golden__v20_a30_g5.json,/home/mathis/Documents/Travail/cbnsl_benchmark/scaling/../scaling/results/2026-03-30_20h11_sem_laplace/graphs/GHC+BDeu__v20_a30_g5_s1000.json,,0.11691414099914255,25.0,26.0,0.5531914893617021,0.9206349206349206,1.0,1.0
sem_laplace,NOTEARS,"{""lambda1"": 0.0, ""w_threshold_notears"": 0.1}",20,30,1000,5,/home/mathis/Documents/Travail/cbnsl_benchmark/scaling/../scaling/results/2026-03-30_20h11_sem_laplace/graphs/golden__v20_a30_g5.json,/home/mathis/Documents/Travail/cbnsl_benchmark/scaling/../scaling/results/2026-03-30_20h11_sem_laplace/graphs/NOTEARS__v20_a30_g5_s1000.json,,19.014155646998915,13.0,16.0,0.7407407407407407,0.9206349206349206,1.0,1.0
sem_laplace,NOTEARS Disc.,"{""lambda1"": 0.3, ""w_threshold_notears"": 0.1, ""n_bins"": 6, ""discretization_method"": ""hartemink"", ""initial_bins"": 20}",20,30,1000,5,/home/mathis/Documents/Travail/cbnsl_benchmark/scaling/../scaling/results/2026-03-30_20h11_sem_laplace/graphs/golden__v20_a30_g5.json,/home/mathis/Documents/Travail/cbnsl_benchmark/scaling/../scaling/results/2026-03-30_20h11_sem_laplace/graphs/NOTEARS Disc.__v20_a30_g5_s1000.json,,66.44319427700066,4.0,12.0,0.8163265306122449,0.9642857142857143,0.9090909090909091,0.9310344827586207
sem_laplace,LiNGAM,"{""threshold_lingam"": 0.01}",20,30,1000,5,/home/mathis/Documents/Travail/cbnsl_benchmark/scaling/../scaling/results/2026-03-30_20h11_sem_laplace/graphs/golden__v20_a30_g5.json,/home/mathis/Documents/Travail/cbnsl_benchmark/scaling/../scaling/results/2026-03-30_20h11_sem_laplace/graphs/LiNGAM__v20_a30_g5_s1000.json,,1.7225817229991662,1.0,19.0,0.8679245283018869,0.983050847457627,1.0,1.0
sem_laplace,CPC,"{""alpha"": 0.01, ""max_conditioning_set_size"": 2}",20,30,3000,5,/home/mathis/Documents/Travail/cbnsl_benchmark/scaling/../scaling/results/2026-03-30_20h11_sem_laplace/graphs/golden__v20_a30_g5.json,/home/mathis/Documents/Travail/cbnsl_benchmark/scaling/../scaling/results/2026-03-30_20h11_sem_laplace/graphs/CPC__v20_a30_g5_s3000.json,,33.75901995499953,21.0,16.0,0.5365853658536586,0.888888888888889,0.6875,0.8275862068965517
sem_laplace,CMIIC,"{""alpha"": 0.01}",20,30,3000,5,/home/mathis/Documents/Travail/cbnsl_benchmark/scaling/../scaling/results/2026-03-30_20h11_sem_laplace/graphs/golden__v20_a30_g5.json,/home/mathis/Documents/Travail/cbnsl_benchmark/scaling/../scaling/results/2026-03-30_20h11_sem_laplace/graphs/CMIIC__v20_a30_g5_s3000.json,,262.6917423249997,4.0,21.0,0.8214285714285715,0.9354838709677419,1.0,1.0
sem_laplace,MIIC,"{""n_bins"": 2, ""discretization_method"": ""quantile""}",20,30,3000,5,/home/mathis/Documents/Travail/cbnsl_benchmark/scaling/../scaling/results/2026-03-30_20h11_sem_laplace/graphs/golden__v20_a30_g5.json,/home/mathis/Documents/Travail/cbnsl_benchmark/scaling/../scaling/results/2026-03-30_20h11_sem_laplace/graphs/MIIC__v20_a30_g5_s3000.json,,1.2407886239998334,14.0,25.0,0.75,0.888888888888889,0.9545454545454546,0.9655172413793104
sem_laplace,GHC+BDeu,"{""n_bins"": 2, ""discretization_method"": ""quantile""}",20,30,3000,5,/home/mathis/Documents/Travail/cbnsl_benchmark/scaling/../scaling/results/2026-03-30_20h11_sem_laplace/graphs/golden__v20_a30_g5.json,/home/mathis/Documents/Travail/cbnsl_benchmark/scaling/../scaling/results/2026-03-30_20h11_sem_laplace/graphs/GHC+BDeu__v20_a30_g5_s3000.json,,0.3903672309988906,21.0,19.0,0.6785714285714285,0.8787878787878788,1.0,1.0
sem_laplace,NOTEARS,"{""lambda1"": 0.0, ""w_threshold_notears"": 0.1}",20,30,3000,5,/home/mathis/Documents/Travail/cbnsl_benchmark/scaling/../scaling/results/2026-03-30_20h11_sem_laplace/graphs/golden__v20_a30_g5.json,/home/mathis/Documents/Travail/cbnsl_benchmark/scaling/../scaling/results/2026-03-30_20h11_sem_laplace/graphs/NOTEARS__v20_a30_g5_s3000.json,,34.70473749899975,14.0,20.0,0.7636363636363637,0.9206349206349206,1.0,1.0
sem_laplace,NOTEARS Disc.,"{""lambda1"": 0.3, ""w_threshold_notears"": 0.1, ""n_bins"": 6, ""discretization_method"": ""hartemink"", ""initial_bins"": 20}",20,30,3000,5,/home/mathis/Documents/Travail/cbnsl_benchmark/scaling/../scaling/results/2026-03-30_20h11_sem_laplace/graphs/golden__v20_a30_g5.json,,[pyAgrum] Directed cycle detected: Add a directed cycle in a dag !,,,,,,,
sem_laplace,LiNGAM,"{""threshold_lingam"": 0.01}",20,30,3000,5,/home/mathis/Documents/Travail/cbnsl_benchmark/scaling/../scaling/results/2026-03-30_20h11_sem_laplace/graphs/golden__v20_a30_g5.json,/home/mathis/Documents/Travail/cbnsl_benchmark/scaling/../scaling/results/2026-03-30_20h11_sem_laplace/graphs/LiNGAM__v20_a30_g5_s3000.json,,2.90094765700087,0.0,11.0,0.8846153846153846,1.0,1.0,1.0
sem_laplace,CPC,"{""alpha"": 0.01, ""max_conditioning_set_size"": 2}",20,30,5000,5,/home/mathis/Documents/Travail/cbnsl_benchmark/scaling/../scaling/results/2026-03-30_20h11_sem_laplace/graphs/golden__v20_a30_g5.json,/home/mathis/Documents/Travail/cbnsl_benchmark/scaling/../scaling/results/2026-03-30_20h11_sem_laplace/graphs/CPC__v20_a30_g5_s5000.json,,110.2111821540002,19.0,13.0,0.6363636363636364,0.9655172413793104,0.9333333333333333,0.9655172413793104
sem_laplace,CMIIC,"{""alpha"": 0.01}",20,30,5000,5,/home/mathis/Documents/Travail/cbnsl_benchmark/scaling/../scaling/results/2026-03-30_20h11_sem_laplace/graphs/golden__v20_a30_g5.json,/home/mathis/Documents/Travail/cbnsl_benchmark/scaling/../scaling/results/2026-03-30_20h11_sem_laplace/graphs/CMIIC__v20_a30_g5_s5000.json,,784.0721798449995,11.0,21.0,0.8524590163934427,0.90625,1.0,1.0
sem_laplace,MIIC,"{""n_bins"": 2, ""discretization_method"": ""quantile""}",20,30,5000,5,/home/mathis/Documents/Travail/cbnsl_benchmark/scaling/../scaling/results/2026-03-30_20h11_sem_laplace/graphs/golden__v20_a30_g5.json,/home/mathis/Documents/Travail/cbnsl_benchmark/scaling/../scaling/results/2026-03-30_20h11_sem_laplace/graphs/MIIC__v20_a30_g5_s5000.json,,2.2220821260016237,9.0,26.0,0.8275862068965517,0.9032258064516129,0.96,0.9655172413793104
sem_laplace,GHC+BDeu,"{""n_bins"": 2, ""discretization_method"": ""quantile""}",20,30,5000,5,/home/mathis/Documents/Travail/cbnsl_benchmark/scaling/../scaling/results/2026-03-30_20h11_sem_laplace/graphs/golden__v20_a30_g5.json,/home/mathis/Documents/Travail/cbnsl_benchmark/scaling/../scaling/results/2026-03-30_20h11_sem_laplace/graphs/GHC+BDeu__v20_a30_g5_s5000.json,,0.6822419689997332,28.0,33.0,0.5517241379310345,0.8169014084507042,1.0,1.0
sem_laplace,NOTEARS,"{""lambda1"": 0.0, ""w_threshold_notears"": 0.1}",20,30,5000,5,/home/mathis/Documents/Travail/cbnsl_benchmark/scaling/../scaling/results/2026-03-30_20h11_sem_laplace/graphs/golden__v20_a30_g5.json,/home/mathis/Documents/Travail/cbnsl_benchmark/scaling/../scaling/results/2026-03-30_20h11_sem_laplace/graphs/NOTEARS__v20_a30_g5_s5000.json,,44.02756040699933,13.0,22.0,0.7719298245614035,0.90625,1.0,1.0
sem_laplace,NOTEARS Disc.,"{""lambda1"": 0.3, ""w_threshold_notears"": 0.1, ""n_bins"": 6, ""discretization_method"": ""hartemink"", ""initial_bins"": 20}",20,30,5000,5,/home/mathis/Documents/Travail/cbnsl_benchmark/scaling/../scaling/results/2026-03-30_20h11_sem_laplace/graphs/golden__v20_a30_g5.json,,[pyAgrum] Directed cycle detected: Add a directed cycle in a dag !,,,,,,,
sem_laplace,LiNGAM,"{""threshold_lingam"": 0.01}",20,30,5000,5,/home/mathis/Documents/Travail/cbnsl_benchmark/scaling/../scaling/results/2026-03-30_20h11_sem_laplace/graphs/golden__v20_a30_g5.json,/home/mathis/Documents/Travail/cbnsl_benchmark/scaling/../scaling/results/2026-03-30_20h11_sem_laplace/graphs/LiNGAM__v20_a30_g5_s5000.json,,3.6392704580011923,1.0,8.0,0.8679245283018869,0.983050847457627,1.0,1.0
sem_laplace,CPC,"{""alpha"": 0.01, ""max_conditioning_set_size"": 2}",20,30,200,6,/home/mathis/Documents/Travail/cbnsl_benchmark/scaling/../scaling/results/2026-03-30_20h11_sem_laplace/graphs/golden__v20_a30_g6.json,/home/mathis/Documents/Travail/cbnsl_benchmark/scaling/../scaling/results/2026-03-30_20h11_sem_laplace/graphs/CPC__v20_a30_g6_s200.json,,0.06197346299995843,25.0,30.0,0.22857142857142854,0.5238095238095238,0.17391304347826086,0.36666666666666664
sem_laplace,CMIIC,"{""alpha"": 0.01}",20,30,200,6,/home/mathis/Documents/Travail/cbnsl_benchmark/scaling/../scaling/results/2026-03-30_20h11_sem_laplace/graphs/golden__v20_a30_g6.json,/home/mathis/Documents/Travail/cbnsl_benchmark/scaling/../scaling/results/2026-03-30_20h11_sem_laplace/graphs/CMIIC__v20_a30_g6_s200.json,,10.939831679001145,84.0,88.0,0.29310344827586204,0.45312500000000006,0.9444444444444444,0.9666666666666667
sem_laplace,MIIC,"{""n_bins"": 2, ""discretization_method"": ""quantile""}",20,30,200,6,/home/mathis/Documents/Travail/cbnsl_benchmark/scaling/../scaling/results/2026-03-30_20h11_sem_laplace/graphs/golden__v20_a30_g6.json,/home/mathis/Documents/Travail/cbnsl_benchmark/scaling/../scaling/results/2026-03-30_20h11_sem_laplace/graphs/MIIC__v20_a30_g6_s200.json,,0.06899514799988538,31.0,34.0,0.1904761904761905,0.711864406779661,0.3076923076923077,0.7
sem_laplace,GHC+BDeu,"{""n_bins"": 2, ""discretization_method"": ""quantile""}",20,30,200,6,/home/mathis/Documents/Travail/cbnsl_benchmark/scaling/../scaling/results/2026-03-30_20h11_sem_laplace/graphs/golden__v20_a30_g6.json,/home/mathis/Documents/Travail/cbnsl_benchmark/scaling/../scaling/results/2026-03-30_20h11_sem_laplace/graphs/GHC+BDeu__v20_a30_g6_s200.json,,0.05414540600031614,26.0,30.0,0.24390243902439027,0.6909090909090909,0.3125,0.6333333333333333
sem_laplace,NOTEARS,"{""lambda1"": 0.0, ""w_threshold_notears"": 0.1}",20,30,200,6,/home/mathis/Documents/Travail/cbnsl_benchmark/scaling/../scaling/results/2026-03-30_20h11_sem_laplace/graphs/golden__v20_a30_g6.json,/home/mathis/Documents/Travail/cbnsl_benchmark/scaling/../scaling/results/2026-03-30_20h11_sem_laplace/graphs/NOTEARS__v20_a30_g6_s200.json,,8.464276452999911,53.0,61.0,0.4421052631578947,0.5769230769230769,1.0,1.0
sem_laplace,NOTEARS Disc.,"{""lambda1"": 0.3, ""w_threshold_notears"": 0.1, ""n_bins"": 6, ""discretization_method"": ""hartemink"", ""initial_bins"": 20}",20,30,200,6,/home/mathis/Documents/Travail/cbnsl_benchmark/scaling/../scaling/results/2026-03-30_20h11_sem_laplace/graphs/golden__v20_a30_g6.json,/home/mathis/Documents/Travail/cbnsl_benchmark/scaling/../scaling/results/2026-03-30_20h11_sem_laplace/graphs/NOTEARS Disc.__v20_a30_g6_s200.json,,27.16750438499912,23.0,21.0,0.5306122448979592,0.8387096774193549,0.7647058823529411,0.8666666666666667
sem_laplace,LiNGAM,"{""threshold_lingam"": 0.01}",20,30,200,6,/home/mathis/Documents/Travail/cbnsl_benchmark/scaling/../scaling/results/2026-03-30_20h11_sem_laplace/graphs/golden__v20_a30_g6.json,/home/mathis/Documents/Travail/cbnsl_benchmark/scaling/../scaling/results/2026-03-30_20h11_sem_laplace/graphs/LiNGAM__v20_a30_g6_s200.json,,1.0807586039991293,7.0,17.0,0.7368421052631579,0.9090909090909091,1.0,1.0
sem_laplace,CPC,"{""alpha"": 0.01, ""max_conditioning_set_size"": 2}",20,30,500,6,/home/mathis/Documents/Travail/cbnsl_benchmark/scaling/../scaling/results/2026-03-30_20h11_sem_laplace/graphs/golden__v20_a30_g6.json,/home/mathis/Documents/Travail/cbnsl_benchmark/scaling/../scaling/results/2026-03-30_20h11_sem_laplace/graphs/CPC__v20_a30_g6_s500.json,,0.4231942690003052,27.0,30.0,0.12121212121212123,0.5581395348837209,0.1,0.4
sem_laplace,CMIIC,"{""alpha"": 0.01}",20,30,500,6,/home/mathis/Documents/Travail/cbnsl_benchmark/scaling/../scaling/results/2026-03-30_20h11_sem_laplace/graphs/golden__v20_a30_g6.json,/home/mathis/Documents/Travail/cbnsl_benchmark/scaling/../scaling/results/2026-03-30_20h11_sem_laplace/graphs/CMIIC__v20_a30_g6_s500.json,,42.45019756700094,60.0,59.0,0.41758241758241754,0.5599999999999999,0.9047619047619048,0.9333333333333333
sem_laplace,MIIC,"{""n_bins"": 2, ""discretization_method"": ""quantile""}",20,30,500,6,/home/mathis/Documents/Travail/cbnsl_benchmark/scaling/../scaling/results/2026-03-30_20h11_sem_laplace/graphs/golden__v20_a30_g6.json,/home/mathis/Documents/Travail/cbnsl_benchmark/scaling/../scaling/results/2026-03-30_20h11_sem_laplace/graphs/MIIC__v20_a30_g6_s500.json,,0.11935871700006828,26.0,24.0,0.5283018867924528,0.8,0.7777777777777778,0.8666666666666667
sem_laplace,GHC+BDeu,"{""n_bins"": 2, ""discretization_method"": ""quantile""}",20,30,500,6,/home/mathis/Documents/Travail/cbnsl_benchmark/scaling/../scaling/results/2026-03-30_20h11_sem_laplace/graphs/golden__v20_a30_g6.json,/home/mathis/Documents/Travail/cbnsl_benchmark/scaling/../scaling/results/2026-03-30_20h11_sem_laplace/graphs/GHC+BDeu__v20_a30_g6_s500.json,,0.07606078800017713,22.0,25.0,0.4186046511627907,0.847457627118644,0.6428571428571429,0.8333333333333334
sem_laplace,NOTEARS,"{""lambda1"": 0.0, ""w_threshold_notears"": 0.1}",20,30,500,6,/home/mathis/Documents/Travail/cbnsl_benchmark/scaling/../scaling/results/2026-03-30_20h11_sem_laplace/graphs/golden__v20_a30_g6.json,/home/mathis/Documents/Travail/cbnsl_benchmark/scaling/../scaling/results/2026-03-30_20h11_sem_laplace/graphs/NOTEARS__v20_a30_g6_s500.json,,10.83487970799979,26.0,34.0,0.6197183098591549,0.759493670886076,1.0,1.0
sem_laplace,NOTEARS Disc.,"{""lambda1"": 0.3, ""w_threshold_notears"": 0.1, ""n_bins"": 6, ""discretization_method"": ""hartemink"", ""initial_bins"": 20}",20,30,500,6,/home/mathis/Documents/Travail/cbnsl_benchmark/scaling/../scaling/results/2026-03-30_20h11_sem_laplace/graphs/golden__v20_a30_g6.json,/home/mathis/Documents/Travail/cbnsl_benchmark/scaling/../scaling/results/2026-03-30_20h11_sem_laplace/graphs/NOTEARS Disc.__v20_a30_g6_s500.json,,42.60490604299957,13.0,10.0,0.5365853658536585,0.9285714285714286,0.7333333333333333,0.8666666666666667
sem_laplace,LiNGAM,"{""threshold_lingam"": 0.01}",20,30,500,6,/home/mathis/Documents/Travail/cbnsl_benchmark/scaling/../scaling/results/2026-03-30_20h11_sem_laplace/graphs/golden__v20_a30_g6.json,/home/mathis/Documents/Travail/cbnsl_benchmark/scaling/../scaling/results/2026-03-30_20h11_sem_laplace/graphs/LiNGAM__v20_a30_g6_s500.json,,1.404947050001283,2.0,16.0,0.7692307692307693,0.967741935483871,1.0,1.0
sem_laplace,CPC,"{""alpha"": 0.01, ""max_conditioning_set_size"": 2}",20,30,1000,6,/home/mathis/Documents/Travail/cbnsl_benchmark/scaling/../scaling/results/2026-03-30_20h11_sem_laplace/graphs/golden__v20_a30_g6.json,/home/mathis/Documents/Travail/cbnsl_benchmark/scaling/../scaling/results/2026-03-30_20h11_sem_laplace/graphs/CPC__v20_a30_g6_s1000.json,,2.322960208999575,24.0,29.0,0.2857142857142857,0.6046511627906976,0.22727272727272727,0.43333333333333335
sem_laplace,CMIIC,"{""alpha"": 0.01}",20,30,1000,6,/home/mathis/Documents/Travail/cbnsl_benchmark/scaling/../scaling/results/2026-03-30_20h11_sem_laplace/graphs/golden__v20_a30_g6.json,/home/mathis/Documents/Travail/cbnsl_benchmark/scaling/../scaling/results/2026-03-30_20h11_sem_laplace/graphs/CMIIC__v20_a30_g6_s1000.json,,127.1303943820003,38.0,46.0,0.4675324675324675,0.6590909090909091,0.9473684210526315,0.9666666666666667
sem_laplace,MIIC,"{""n_bins"": 2, ""discretization_method"": ""quantile""}",20,30,1000,6,/home/mathis/Documents/Travail/cbnsl_benchmark/scaling/../scaling/results/2026-03-30_20h11_sem_laplace/graphs/golden__v20_a30_g6.json,/home/mathis/Documents/Travail/cbnsl_benchmark/scaling/../scaling/results/2026-03-30_20h11_sem_laplace/graphs/MIIC__v20_a30_g6_s1000.json,,0.1819046670007083,19.0,24.0,0.5490196078431372,0.84375,0.8235294117647058,0.9
sem_laplace,GHC+BDeu,"{""n_bins"": 2, ""discretization_method"": ""quantile""}",20,30,1000,6,/home/mathis/Documents/Travail/cbnsl_benchmark/scaling/../scaling/results/2026-03-30_20h11_sem_laplace/graphs/golden__v20_a30_g6.json,/home/mathis/Documents/Travail/cbnsl_benchmark/scaling/../scaling/results/2026-03-30_20h11_sem_laplace/graphs/GHC+BDeu__v20_a30_g6_s1000.json,,0.10704816699944786,24.0,25.0,0.6274509803921569,0.870967741935484,0.8421052631578947,0.9
sem_laplace,NOTEARS,"{""lambda1"": 0.0, ""w_threshold_notears"": 0.1}",20,30,1000,6,/home/mathis/Documents/Travail/cbnsl_benchmark/scaling/../scaling/results/2026-03-30_20h11_sem_laplace/graphs/golden__v20_a30_g6.json,/home/mathis/Documents/Travail/cbnsl_benchmark/scaling/../scaling/results/2026-03-30_20h11_sem_laplace/graphs/NOTEARS__v20_a30_g6_s1000.json,,14.691490630000771,11.0,17.0,0.7586206896551725,0.9090909090909091,1.0,1.0
sem_laplace,NOTEARS Disc.,"{""lambda1"": 0.3, ""w_threshold_notears"": 0.1, ""n_bins"": 6, ""discretization_method"": ""hartemink"", ""initial_bins"": 20}",20,30,1000,6,/home/mathis/Documents/Travail/cbnsl_benchmark/scaling/../scaling/results/2026-03-30_20h11_sem_laplace/graphs/golden__v20_a30_g6.json,/home/mathis/Documents/Travail/cbnsl_benchmark/scaling/../scaling/results/2026-03-30_20h11_sem_laplace/graphs/NOTEARS Disc.__v20_a30_g6_s1000.json,,62.71368974899997,11.0,14.0,0.6666666666666667,0.9473684210526316,0.8333333333333334,0.9
sem_laplace,LiNGAM,"{""threshold_lingam"": 0.01}",20,30,1000,6,/home/mathis/Documents/Travail/cbnsl_benchmark/scaling/../scaling/results/2026-03-30_20h11_sem_laplace/graphs/golden__v20_a30_g6.json,/home/mathis/Documents/Travail/cbnsl_benchmark/scaling/../scaling/results/2026-03-30_20h11_sem_laplace/graphs/LiNGAM__v20_a30_g6_s1000.json,,1.5742091390002315,0.0,16.0,0.8,1.0,1.0,1.0
sem_laplace,CPC,"{""alpha"": 0.01, ""max_conditioning_set_size"": 2}",20,30,3000,6,/home/mathis/Documents/Travail/cbnsl_benchmark/scaling/../scaling/results/2026-03-30_20h11_sem_laplace/graphs/golden__v20_a30_g6.json,/home/mathis/Documents/Travail/cbnsl_benchmark/scaling/../scaling/results/2026-03-30_20h11_sem_laplace/graphs/CPC__v20_a30_g6_s3000.json,,29.80964759299968,21.0,18.0,0.5,0.9473684210526316,0.7692307692307693,0.9
sem_laplace,CMIIC,"{""alpha"": 0.01}",20,30,3000,6,/home/mathis/Documents/Travail/cbnsl_benchmark/scaling/../scaling/results/2026-03-30_20h11_sem_laplace/graphs/golden__v20_a30_g6.json,/home/mathis/Documents/Travail/cbnsl_benchmark/scaling/../scaling/results/2026-03-30_20h11_sem_laplace/graphs/CMIIC__v20_a30_g6_s3000.json,,232.91029222700126,6.0,25.0,0.6923076923076923,0.9032258064516129,0.9,0.9333333333333333
sem_laplace,MIIC,"{""n_bins"": 2, ""discretization_method"": ""quantile""}",20,30,3000,6,/home/mathis/Documents/Travail/cbnsl_benchmark/scaling/../scaling/results/2026-03-30_20h11_sem_laplace/graphs/golden__v20_a30_g6.json,/home/mathis/Documents/Travail/cbnsl_benchmark/scaling/../scaling/results/2026-03-30_20h11_sem_laplace/graphs/MIIC__v20_a30_g6_s3000.json,,1.2549139949987875,15.0,20.0,0.7241379310344829,0.84375,0.875,0.9
sem_laplace,GHC+BDeu,"{""n_bins"": 2, ""discretization_method"": ""quantile""}",20,30,3000,6,/home/mathis/Documents/Travail/cbnsl_benchmark/scaling/../scaling/results/2026-03-30_20h11_sem_laplace/graphs/golden__v20_a30_g6.json,/home/mathis/Documents/Travail/cbnsl_benchmark/scaling/../scaling/results/2026-03-30_20h11_sem_laplace/graphs/GHC+BDeu__v20_a30_g6_s3000.json,,0.394471263000014,36.0,36.0,0.4482758620689655,0.75,0.8125,0.9
sem_laplace,NOTEARS,"{""lambda1"": 0.0, ""w_threshold_notears"": 0.1}",20,30,3000,6,/home/mathis/Documents/Travail/cbnsl_benchmark/scaling/../scaling/results/2026-03-30_20h11_sem_laplace/graphs/golden__v20_a30_g6.json,/home/mathis/Documents/Travail/cbnsl_benchmark/scaling/../scaling/results/2026-03-30_20h11_sem_laplace/graphs/NOTEARS__v20_a30_g6_s3000.json,,36.67871965000086,25.0,36.0,0.5970149253731344,0.7792207792207793,1.0,1.0
sem_laplace,NOTEARS Disc.,"{""lambda1"": 0.3, ""w_threshold_notears"": 0.1, ""n_bins"": 6, ""discretization_method"": ""hartemink"", ""initial_bins"": 20}",20,30,3000,6,/home/mathis/Documents/Travail/cbnsl_benchmark/scaling/../scaling/results/2026-03-30_20h11_sem_laplace/graphs/golden__v20_a30_g6.json,/home/mathis/Documents/Travail/cbnsl_benchmark/scaling/../scaling/results/2026-03-30_20h11_sem_laplace/graphs/NOTEARS Disc.__v20_a30_g6_s3000.json,,143.13185084799989,6.0,23.0,0.6956521739130435,0.9285714285714286,0.8,0.8666666666666667
sem_laplace,LiNGAM,"{""threshold_lingam"": 0.01}",20,30,3000,6,/home/mathis/Documents/Travail/cbnsl_benchmark/scaling/../scaling/results/2026-03-30_20h11_sem_laplace/graphs/golden__v20_a30_g6.json,/home/mathis/Documents/Travail/cbnsl_benchmark/scaling/../scaling/results/2026-03-30_20h11_sem_laplace/graphs/LiNGAM__v20_a30_g6_s3000.json,,2.696614487000261,0.0,16.0,0.8,1.0,1.0,1.0
sem_laplace,CPC,"{""alpha"": 0.01, ""max_conditioning_set_size"": 2}",20,30,5000,6,/home/mathis/Documents/Travail/cbnsl_benchmark/scaling/../scaling/results/2026-03-30_20h11_sem_laplace/graphs/golden__v20_a30_g6.json,/home/mathis/Documents/Travail/cbnsl_benchmark/scaling/../scaling/results/2026-03-30_20h11_sem_laplace/graphs/CPC__v20_a30_g6_s5000.json,,99.9168318439988,20.0,13.0,0.5581395348837209,0.912280701754386,0.75,0.8666666666666667
sem_laplace,CMIIC,"{""alpha"": 0.01}",20,30,5000,6,/home/mathis/Documents/Travail/cbnsl_benchmark/scaling/../scaling/results/2026-03-30_20h11_sem_laplace/graphs/golden__v20_a30_g6.json,/home/mathis/Documents/Travail/cbnsl_benchmark/scaling/../scaling/results/2026-03-30_20h11_sem_laplace/graphs/CMIIC__v20_a30_g6_s5000.json,,935.1657826690007,10.0,19.0,0.7037037037037038,0.888888888888889,0.9047619047619048,0.9333333333333333
sem_laplace,MIIC,"{""n_bins"": 2, ""discretization_method"": ""quantile""}",20,30,5000,6,/home/mathis/Documents/Travail/cbnsl_benchmark/scaling/../scaling/results/2026-03-30_20h11_sem_laplace/graphs/golden__v20_a30_g6.json,/home/mathis/Documents/Travail/cbnsl_benchmark/scaling/../scaling/results/2026-03-30_20h11_sem_laplace/graphs/MIIC__v20_a30_g6_s5000.json,,2.3079031220004254,17.0,23.0,0.631578947368421,0.8181818181818182,0.8571428571428571,0.9
sem_laplace,GHC+BDeu,"{""n_bins"": 2, ""discretization_method"": ""quantile""}",20,30,5000,6,/home/mathis/Documents/Travail/cbnsl_benchmark/scaling/../scaling/results/2026-03-30_20h11_sem_laplace/graphs/golden__v20_a30_g6.json,/home/mathis/Documents/Travail/cbnsl_benchmark/scaling/../scaling/results/2026-03-30_20h11_sem_laplace/graphs/GHC+BDeu__v20_a30_g6_s5000.json,,0.6550010659993859,37.0,32.0,0.3508771929824561,0.7466666666666667,0.8333333333333334,0.9333333333333333
sem_laplace,NOTEARS,"{""lambda1"": 0.0, ""w_threshold_notears"": 0.1}",20,30,5000,6,/home/mathis/Documents/Travail/cbnsl_benchmark/scaling/../scaling/results/2026-03-30_20h11_sem_laplace/graphs/golden__v20_a30_g6.json,/home/mathis/Documents/Travail/cbnsl_benchmark/scaling/../scaling/results/2026-03-30_20h11_sem_laplace/graphs/NOTEARS__v20_a30_g6_s5000.json,,64.07666432299993,26.0,35.0,0.5757575757575757,0.7792207792207793,1.0,1.0
sem_laplace,NOTEARS Disc.,"{""lambda1"": 0.3, ""w_threshold_notears"": 0.1, ""n_bins"": 6, ""discretization_method"": ""hartemink"", ""initial_bins"": 20}",20,30,5000,6,/home/mathis/Documents/Travail/cbnsl_benchmark/scaling/../scaling/results/2026-03-30_20h11_sem_laplace/graphs/golden__v20_a30_g6.json,/home/mathis/Documents/Travail/cbnsl_benchmark/scaling/../scaling/results/2026-03-30_20h11_sem_laplace/graphs/NOTEARS Disc.__v20_a30_g6_s5000.json,,226.1934986209999,6.0,23.0,0.6956521739130435,0.9285714285714286,0.8,0.8666666666666667
sem_laplace,LiNGAM,"{""threshold_lingam"": 0.01}",20,30,5000,6,/home/mathis/Documents/Travail/cbnsl_benchmark/scaling/../scaling/results/2026-03-30_20h11_sem_laplace/graphs/golden__v20_a30_g6.json,/home/mathis/Documents/Travail/cbnsl_benchmark/scaling/../scaling/results/2026-03-30_20h11_sem_laplace/graphs/LiNGAM__v20_a30_g6_s5000.json,,3.9239651859988953,0.0,16.0,0.8,1.0,1.0,1.0
sem_laplace,CPC,"{""alpha"": 0.01, ""max_conditioning_set_size"": 2}",20,30,200,7,/home/mathis/Documents/Travail/cbnsl_benchmark/scaling/../scaling/results/2026-03-30_20h11_sem_laplace/graphs/golden__v20_a30_g7.json,/home/mathis/Documents/Travail/cbnsl_benchmark/scaling/../scaling/results/2026-03-30_20h11_sem_laplace/graphs/CPC__v20_a30_g7_s200.json,,0.06024789199909719,30.0,30.0,0.125,0.33333333333333337,0.07692307692307693,0.2
sem_laplace,CMIIC,"{""alpha"": 0.01}",20,30,200,7,/home/mathis/Documents/Travail/cbnsl_benchmark/scaling/../scaling/results/2026-03-30_20h11_sem_laplace/graphs/golden__v20_a30_g7.json,/home/mathis/Documents/Travail/cbnsl_benchmark/scaling/../scaling/results/2026-03-30_20h11_sem_laplace/graphs/CMIIC__v20_a30_g7_s200.json,,10.790135886998542,73.0,79.0,0.29702970297029707,0.4778761061946903,0.8333333333333334,0.9
sem_laplace,MIIC,"{""n_bins"": 2, ""discretization_method"": ""quantile""}",20,30,200,7,/home/mathis/Documents/Travail/cbnsl_benchmark/scaling/../scaling/results/2026-03-30_20h11_sem_laplace/graphs/golden__v20_a30_g7.json,/home/mathis/Documents/Travail/cbnsl_benchmark/scaling/../scaling/results/2026-03-30_20h11_sem_laplace/graphs/MIIC__v20_a30_g7_s200.json,,0.07069515399962256,23.0,29.0,0.4897959183673469,0.7457627118644068,0.6,0.7333333333333333
sem_laplace,GHC+BDeu,"{""n_bins"": 2, ""discretization_method"": ""quantile""}",20,30,200,7,/home/mathis/Documents/Travail/cbnsl_benchmark/scaling/../scaling/results/2026-03-30_20h11_sem_laplace/graphs/golden__v20_a30_g7.json,/home/mathis/Documents/Travail/cbnsl_benchmark/scaling/../scaling/results/2026-03-30_20h11_sem_laplace/graphs/GHC+BDeu__v20_a30_g7_s200.json,,0.04957706599998346,27.0,25.0,0.2162162162162162,0.7547169811320754,0.2857142857142857,0.6666666666666666
sem_laplace,NOTEARS,"{""lambda1"": 0.0, ""w_threshold_notears"": 0.1}",20,30,200,7,/home/mathis/Documents/Travail/cbnsl_benchmark/scaling/../scaling/results/2026-03-30_20h11_sem_laplace/graphs/golden__v20_a30_g7.json,/home/mathis/Documents/Travail/cbnsl_benchmark/scaling/../scaling/results/2026-03-30_20h11_sem_laplace/graphs/NOTEARS__v20_a30_g7_s200.json,,6.529844647999198,53.0,69.0,0.5142857142857142,0.5555555555555556,1.0,1.0
sem_laplace,NOTEARS Disc.,"{""lambda1"": 0.3, ""w_threshold_notears"": 0.1, ""n_bins"": 6, ""discretization_method"": ""hartemink"", ""initial_bins"": 20}",20,30,200,7,/home/mathis/Documents/Travail/cbnsl_benchmark/scaling/../scaling/results/2026-03-30_20h11_sem_laplace/graphs/golden__v20_a30_g7.json,/home/mathis/Documents/Travail/cbnsl_benchmark/scaling/../scaling/results/2026-03-30_20h11_sem_laplace/graphs/NOTEARS Disc.__v20_a30_g7_s200.json,,26.3260319480014,24.0,28.0,0.4444444444444444,0.8333333333333334,0.6666666666666666,0.8333333333333334
sem_laplace,LiNGAM,"{""threshold_lingam"": 0.01}",20,30,200,7,/home/mathis/Documents/Travail/cbnsl_benchmark/scaling/../scaling/results/2026-03-30_20h11_sem_laplace/graphs/golden__v20_a30_g7.json,/home/mathis/Documents/Travail/cbnsl_benchmark/scaling/../scaling/results/2026-03-30_20h11_sem_laplace/graphs/LiNGAM__v20_a30_g7_s200.json,,1.206825139999637,10.0,25.0,0.8437499999999999,0.8955223880597014,1.0,1.0
sem_laplace,CPC,"{""alpha"": 0.01, ""max_conditioning_set_size"": 2}",20,30,500,7,/home/mathis/Documents/Travail/cbnsl_benchmark/scaling/../scaling/results/2026-03-30_20h11_sem_laplace/graphs/golden__v20_a30_g7.json,/home/mathis/Documents/Travail/cbnsl_benchmark/scaling/../scaling/results/2026-03-30_20h11_sem_laplace/graphs/CPC__v20_a30_g7_s500.json,,0.4461189169996942,27.0,29.0,0.06451612903225806,0.37837837837837834,0.041666666666666664,0.23333333333333334
sem_laplace,CMIIC,"{""alpha"": 0.01}",20,30,500,7,/home/mathis/Documents/Travail/cbnsl_benchmark/scaling/../scaling/results/2026-03-30_20h11_sem_laplace/graphs/golden__v20_a30_g7.json,/home/mathis/Documents/Travail/cbnsl_benchmark/scaling/../scaling/results/2026-03-30_20h11_sem_laplace/graphs/CMIIC__v20_a30_g7_s500.json,,26.364437677999376,36.0,52.0,0.5194805194805195,0.6588235294117647,0.9090909090909091,0.9333333333333333
sem_laplace,MIIC,"{""n_bins"": 2, ""discretization_method"": ""quantile""}",20,30,500,7,/home/mathis/Documents/Travail/cbnsl_benchmark/scaling/../scaling/results/2026-03-30_20h11_sem_laplace/graphs/golden__v20_a30_g7.json,/home/mathis/Documents/Travail/cbnsl_benchmark/scaling/../scaling/results/2026-03-30_20h11_sem_laplace/graphs/MIIC__v20_a30_g7_s500.json,,0.11912571999891952,23.0,22.0,0.5531914893617021,0.847457627118644,0.7222222222222222,0.8333333333333334
sem_laplace,GHC+BDeu,"{""n_bins"": 2, ""discretization_method"": ""quantile""}",20,30,500,7,/home/mathis/Documents/Travail/cbnsl_benchmark/scaling/../scaling/results/2026-03-30_20h11_sem_laplace/graphs/golden__v20_a30_g7.json,/home/mathis/Documents/Travail/cbnsl_benchmark/scaling/../scaling/results/2026-03-30_20h11_sem_laplace/graphs/GHC+BDeu__v20_a30_g7_s500.json,,0.07522378000066965,21.0,24.0,0.5416666666666666,0.8524590163934426,0.7647058823529411,0.8666666666666667
sem_laplace,NOTEARS,"{""lambda1"": 0.0, ""w_threshold_notears"": 0.1}",20,30,500,7,/home/mathis/Documents/Travail/cbnsl_benchmark/scaling/../scaling/results/2026-03-30_20h11_sem_laplace/graphs/golden__v20_a30_g7.json,/home/mathis/Documents/Travail/cbnsl_benchmark/scaling/../scaling/results/2026-03-30_20h11_sem_laplace/graphs/NOTEARS__v20_a30_g7_s500.json,,10.590743474000192,24.0,38.0,0.6842105263157895,0.7499999999999999,1.0,1.0
sem_laplace,NOTEARS Disc.,"{""lambda1"": 0.3, ""w_threshold_notears"": 0.1, ""n_bins"": 6, ""discretization_method"": ""hartemink"", ""initial_bins"": 20}",20,30,500,7,/home/mathis/Documents/Travail/cbnsl_benchmark/scaling/../scaling/results/2026-03-30_20h11_sem_laplace/graphs/golden__v20_a30_g7.json,/home/mathis/Documents/Travail/cbnsl_benchmark/scaling/../scaling/results/2026-03-30_20h11_sem_laplace/graphs/NOTEARS Disc.__v20_a30_g7_s500.json,,42.24399148200064,22.0,29.0,0.46511627906976755,0.8813559322033899,0.7142857142857143,0.8666666666666667
sem_laplace,LiNGAM,"{""threshold_lingam"": 0.01}",20,30,500,7,/home/mathis/Documents/Travail/cbnsl_benchmark/scaling/../scaling/results/2026-03-30_20h11_sem_laplace/graphs/golden__v20_a30_g7.json,/home/mathis/Documents/Travail/cbnsl_benchmark/scaling/../scaling/results/2026-03-30_20h11_sem_laplace/graphs/LiNGAM__v20_a30_g7_s500.json,,1.2627463579992764,1.0,21.0,0.9122807017543859,0.9836065573770492,1.0,1.0
sem_laplace,CPC,"{""alpha"": 0.01, ""max_conditioning_set_size"": 2}",20,30,1000,7,/home/mathis/Documents/Travail/cbnsl_benchmark/scaling/../scaling/results/2026-03-30_20h11_sem_laplace/graphs/golden__v20_a30_g7.json,/home/mathis/Documents/Travail/cbnsl_benchmark/scaling/../scaling/results/2026-03-30_20h11_sem_laplace/graphs/CPC__v20_a30_g7_s1000.json,,2.218233302999579,26.0,29.0,0.23529411764705882,0.6363636363636364,0.2,0.4666666666666667
sem_laplace,CMIIC,"{""alpha"": 0.01}",20,30,1000,7,/home/mathis/Documents/Travail/cbnsl_benchmark/scaling/../scaling/results/2026-03-30_20h11_sem_laplace/graphs/golden__v20_a30_g7.json,/home/mathis/Documents/Travail/cbnsl_benchmark/scaling/../scaling/results/2026-03-30_20h11_sem_laplace/graphs/CMIIC__v20_a30_g7_s1000.json,,77.63989093500095,27.0,30.0,0.5396825396825397,0.7567567567567568,0.8947368421052632,0.9333333333333333
sem_laplace,MIIC,"{""n_bins"": 2, ""discretization_method"": ""quantile""}",20,30,1000,7,/home/mathis/Documents/Travail/cbnsl_benchmark/scaling/../scaling/results/2026-03-30_20h11_sem_laplace/graphs/golden__v20_a30_g7.json,/home/mathis/Documents/Travail/cbnsl_benchmark/scaling/../scaling/results/2026-03-30_20h11_sem_laplace/graphs/MIIC__v20_a30_g7_s1000.json,,0.17887383600100293,20.0,27.0,0.5833333333333334,0.8666666666666667,0.7777777777777778,0.8666666666666667
sem_laplace,GHC+BDeu,"{""n_bins"": 2, ""discretization_method"": ""quantile""}",20,30,1000,7,/home/mathis/Documents/Travail/cbnsl_benchmark/scaling/../scaling/results/2026-03-30_20h11_sem_laplace/graphs/golden__v20_a30_g7.json,/home/mathis/Documents/Travail/cbnsl_benchmark/scaling/../scaling/results/2026-03-30_20h11_sem_laplace/graphs/GHC+BDeu__v20_a30_g7_s1000.json,,0.11247249500047474,22.0,23.0,0.4090909090909091,0.870967741935484,0.75,0.9
sem_laplace,NOTEARS,"{""lambda1"": 0.0, ""w_threshold_notears"": 0.1}",20,30,1000,7,/home/mathis/Documents/Travail/cbnsl_benchmark/scaling/../scaling/results/2026-03-30_20h11_sem_laplace/graphs/golden__v20_a30_g7.json,/home/mathis/Documents/Travail/cbnsl_benchmark/scaling/../scaling/results/2026-03-30_20h11_sem_laplace/graphs/NOTEARS__v20_a30_g7_s1000.json,,14.249518368000281,15.0,28.0,0.7761194029850745,0.8450704225352113,1.0,1.0
sem_laplace,NOTEARS Disc.,"{""lambda1"": 0.3, ""w_threshold_notears"": 0.1, ""n_bins"": 6, ""discretization_method"": ""hartemink"", ""initial_bins"": 20}",20,30,1000,7,/home/mathis/Documents/Travail/cbnsl_benchmark/scaling/../scaling/results/2026-03-30_20h11_sem_laplace/graphs/golden__v20_a30_g7.json,/home/mathis/Documents/Travail/cbnsl_benchmark/scaling/../scaling/results/2026-03-30_20h11_sem_laplace/graphs/NOTEARS Disc.__v20_a30_g7_s1000.json,,67.60824514500018,13.0,21.0,0.6222222222222222,0.912280701754386,0.7777777777777778,0.8666666666666667
sem_laplace,LiNGAM,"{""threshold_lingam"": 0.01}",20,30,1000,7,/home/mathis/Documents/Travail/cbnsl_benchmark/scaling/../scaling/results/2026-03-30_20h11_sem_laplace/graphs/golden__v20_a30_g7.json,/home/mathis/Documents/Travail/cbnsl_benchmark/scaling/../scaling/results/2026-03-30_20h11_sem_laplace/graphs/LiNGAM__v20_a30_g7_s1000.json,,1.7264225229992007,1.0,19.0,0.9122807017543859,0.9836065573770492,1.0,1.0
sem_laplace,CPC,"{""alpha"": 0.01, ""max_conditioning_set_size"": 2}",20,30,3000,7,/home/mathis/Documents/Travail/cbnsl_benchmark/scaling/../scaling/results/2026-03-30_20h11_sem_laplace/graphs/golden__v20_a30_g7.json,/home/mathis/Documents/Travail/cbnsl_benchmark/scaling/../scaling/results/2026-03-30_20h11_sem_laplace/graphs/CPC__v20_a30_g7_s3000.json,,28.528363753999656,22.0,19.0,0.28571428571428575,0.9090909090909091,0.5,0.8333333333333334
sem_laplace,CMIIC,"{""alpha"": 0.01}",20,30,3000,7,/home/mathis/Documents/Travail/cbnsl_benchmark/scaling/../scaling/results/2026-03-30_20h11_sem_laplace/graphs/golden__v20_a30_g7.json,/home/mathis/Documents/Travail/cbnsl_benchmark/scaling/../scaling/results/2026-03-30_20h11_sem_laplace/graphs/CMIIC__v20_a30_g7_s3000.json,,146.0726757529992,15.0,27.0,0.68,0.9,0.85,0.9
sem_laplace,MIIC,"{""n_bins"": 2, ""discretization_method"": ""quantile""}",20,30,3000,7,/home/mathis/Documents/Travail/cbnsl_benchmark/scaling/../scaling/results/2026-03-30_20h11_sem_laplace/graphs/golden__v20_a30_g7.json,/home/mathis/Documents/Travail/cbnsl_benchmark/scaling/../scaling/results/2026-03-30_20h11_sem_laplace/graphs/MIIC__v20_a30_g7_s3000.json,,1.1572425179983838,13.0,21.0,0.7017543859649124,0.8955223880597014,1.0,1.0
sem_laplace,GHC+BDeu,"{""n_bins"": 2, ""discretization_method"": ""quantile""}",20,30,3000,7,/home/mathis/Documents/Travail/cbnsl_benchmark/scaling/../scaling/results/2026-03-30_20h11_sem_laplace/graphs/golden__v20_a30_g7.json,/home/mathis/Documents/Travail/cbnsl_benchmark/scaling/../scaling/results/2026-03-30_20h11_sem_laplace/graphs/GHC+BDeu__v20_a30_g7_s3000.json,,0.4038740369996958,22.0,29.0,0.5964912280701755,0.8405797101449275,0.9444444444444444,0.9666666666666667
sem_laplace,NOTEARS,"{""lambda1"": 0.0, ""w_threshold_notears"": 0.1}",20,30,3000,7,/home/mathis/Documents/Travail/cbnsl_benchmark/scaling/../scaling/results/2026-03-30_20h11_sem_laplace/graphs/golden__v20_a30_g7.json,/home/mathis/Documents/Travail/cbnsl_benchmark/scaling/../scaling/results/2026-03-30_20h11_sem_laplace/graphs/NOTEARS__v20_a30_g7_s3000.json,,49.08747004900033,13.0,25.0,0.8307692307692308,0.8823529411764706,1.0,1.0
sem_laplace,NOTEARS Disc.,"{""lambda1"": 0.3, ""w_threshold_notears"": 0.1, ""n_bins"": 6, ""discretization_method"": ""hartemink"", ""initial_bins"": 20}",20,30,3000,7,/home/mathis/Documents/Travail/cbnsl_benchmark/scaling/../scaling/results/2026-03-30_20h11_sem_laplace/graphs/golden__v20_a30_g7.json,/home/mathis/Documents/Travail/cbnsl_benchmark/scaling/../scaling/results/2026-03-30_20h11_sem_laplace/graphs/NOTEARS Disc.__v20_a30_g7_s3000.json,,151.1438067220006,10.0,22.0,0.7083333333333334,0.912280701754386,0.8095238095238095,0.8666666666666667
sem_laplace,LiNGAM,"{""threshold_lingam"": 0.01}",20,30,3000,7,/home/mathis/Documents/Travail/cbnsl_benchmark/scaling/../scaling/results/2026-03-30_20h11_sem_laplace/graphs/golden__v20_a30_g7.json,/home/mathis/Documents/Travail/cbnsl_benchmark/scaling/../scaling/results/2026-03-30_20h11_sem_laplace/graphs/LiNGAM__v20_a30_g7_s3000.json,,2.7725296980006533,0.0,19.0,0.9285714285714286,1.0,1.0,1.0
sem_laplace,CPC,"{""alpha"": 0.01, ""max_conditioning_set_size"": 2}",20,30,5000,7,/home/mathis/Documents/Travail/cbnsl_benchmark/scaling/../scaling/results/2026-03-30_20h11_sem_laplace/graphs/golden__v20_a30_g7.json,/home/mathis/Documents/Travail/cbnsl_benchmark/scaling/../scaling/results/2026-03-30_20h11_sem_laplace/graphs/CPC__v20_a30_g7_s5000.json,,90.31063845000062,17.0,27.0,0.5238095238095238,0.8928571428571429,0.6875,0.8333333333333334
sem_laplace,CMIIC,"{""alpha"": 0.01}",20,30,5000,7,/home/mathis/Documents/Travail/cbnsl_benchmark/scaling/../scaling/results/2026-03-30_20h11_sem_laplace/graphs/golden__v20_a30_g7.json,/home/mathis/Documents/Travail/cbnsl_benchmark/scaling/../scaling/results/2026-03-30_20h11_sem_laplace/graphs/CMIIC__v20_a30_g7_s5000.json,,356.46233432900044,10.0,22.0,0.7843137254901961,0.9310344827586207,0.8695652173913043,0.9
sem_laplace,MIIC,"{""n_bins"": 2, ""discretization_method"": ""quantile""}",20,30,5000,7,/home/mathis/Documents/Travail/cbnsl_benchmark/scaling/../scaling/results/2026-03-30_20h11_sem_laplace/graphs/golden__v20_a30_g7.json,/home/mathis/Documents/Travail/cbnsl_benchmark/scaling/../scaling/results/2026-03-30_20h11_sem_laplace/graphs/MIIC__v20_a30_g7_s5000.json,,2.026855282001634,20.0,19.0,0.6551724137931034,0.8695652173913044,1.0,1.0
sem_laplace,GHC+BDeu,"{""n_bins"": 2, ""discretization_method"": ""quantile""}",20,30,5000,7,/home/mathis/Documents/Travail/cbnsl_benchmark/scaling/../scaling/results/2026-03-30_20h11_sem_laplace/graphs/golden__v20_a30_g7.json,/home/mathis/Documents/Travail/cbnsl_benchmark/scaling/../scaling/results/2026-03-30_20h11_sem_laplace/graphs/GHC+BDeu__v20_a30_g7_s5000.json,,0.7186693399999058,28.0,26.0,0.4827586206896553,0.7945205479452055,0.9333333333333333,0.9666666666666667
sem_laplace,NOTEARS,"{""lambda1"": 0.0, ""w_threshold_notears"": 0.1}",20,30,5000,7,/home/mathis/Documents/Travail/cbnsl_benchmark/scaling/../scaling/results/2026-03-30_20h11_sem_laplace/graphs/golden__v20_a30_g7.json,/home/mathis/Documents/Travail/cbnsl_benchmark/scaling/../scaling/results/2026-03-30_20h11_sem_laplace/graphs/NOTEARS__v20_a30_g7_s5000.json,,57.468032296001184,23.0,28.0,0.732394366197183,0.8,1.0,1.0
sem_laplace,NOTEARS Disc.,"{""lambda1"": 0.3, ""w_threshold_notears"": 0.1, ""n_bins"": 6, ""discretization_method"": ""hartemink"", ""initial_bins"": 20}",20,30,5000,7,/home/mathis/Documents/Travail/cbnsl_benchmark/scaling/../scaling/results/2026-03-30_20h11_sem_laplace/graphs/golden__v20_a30_g7.json,/home/mathis/Documents/Travail/cbnsl_benchmark/scaling/../scaling/results/2026-03-30_20h11_sem_laplace/graphs/NOTEARS Disc.__v20_a30_g7_s5000.json,,260.14825185799964,13.0,18.0,0.6046511627906976,0.9285714285714286,0.7647058823529411,0.8666666666666667
sem_laplace,LiNGAM,"{""threshold_lingam"": 0.01}",20,30,5000,7,/home/mathis/Documents/Travail/cbnsl_benchmark/scaling/../scaling/results/2026-03-30_20h11_sem_laplace/graphs/golden__v20_a30_g7.json,/home/mathis/Documents/Travail/cbnsl_benchmark/scaling/../scaling/results/2026-03-30_20h11_sem_laplace/graphs/LiNGAM__v20_a30_g7_s5000.json,,3.727339994999056,0.0,19.0,0.9285714285714286,1.0,1.0,1.0
sem_laplace,CPC,"{""alpha"": 0.01, ""max_conditioning_set_size"": 2}",20,30,200,8,/home/mathis/Documents/Travail/cbnsl_benchmark/scaling/../scaling/results/2026-03-30_20h11_sem_laplace/graphs/golden__v20_a30_g8.json,/home/mathis/Documents/Travail/cbnsl_benchmark/scaling/../scaling/results/2026-03-30_20h11_sem_laplace/graphs/CPC__v20_a30_g8_s200.json,,0.0627144190002582,29.0,30.0,0.0,0.125,0.0,0.06666666666666667
sem_laplace,CMIIC,"{""alpha"": 0.01}",20,30,200,8,/home/mathis/Documents/Travail/cbnsl_benchmark/scaling/../scaling/results/2026-03-30_20h11_sem_laplace/graphs/golden__v20_a30_g8.json,/home/mathis/Documents/Travail/cbnsl_benchmark/scaling/../scaling/results/2026-03-30_20h11_sem_laplace/graphs/CMIIC__v20_a30_g8_s200.json,,11.81953290599995,73.0,84.0,0.3243243243243243,0.4878048780487805,1.0,1.0
sem_laplace,MIIC,"{""n_bins"": 2, ""discretization_method"": ""quantile""}",20,30,200,8,/home/mathis/Documents/Travail/cbnsl_benchmark/scaling/../scaling/results/2026-03-30_20h11_sem_laplace/graphs/golden__v20_a30_g8.json,/home/mathis/Documents/Travail/cbnsl_benchmark/scaling/../scaling/results/2026-03-30_20h11_sem_laplace/graphs/MIIC__v20_a30_g8_s200.json,,0.06974474799972086,18.0,26.0,0.6666666666666666,0.7796610169491527,0.72,0.7666666666666667
sem_laplace,GHC+BDeu,"{""n_bins"": 2, ""discretization_method"": ""quantile""}",20,30,200,8,/home/mathis/Documents/Travail/cbnsl_benchmark/scaling/../scaling/results/2026-03-30_20h11_sem_laplace/graphs/golden__v20_a30_g8.json,/home/mathis/Documents/Travail/cbnsl_benchmark/scaling/../scaling/results/2026-03-30_20h11_sem_laplace/graphs/GHC+BDeu__v20_a30_g8_s200.json,,0.050857997999628424,22.0,28.0,0.47826086956521735,0.75,0.55,0.7
sem_laplace,NOTEARS,"{""lambda1"": 0.0, ""w_threshold_notears"": 0.1}",20,30,200,8,/home/mathis/Documents/Travail/cbnsl_benchmark/scaling/../scaling/results/2026-03-30_20h11_sem_laplace/graphs/golden__v20_a30_g8.json,/home/mathis/Documents/Travail/cbnsl_benchmark/scaling/../scaling/results/2026-03-30_20h11_sem_laplace/graphs/NOTEARS__v20_a30_g8_s200.json,,9.264969811998526,57.0,69.0,0.49090909090909096,0.5178571428571428,0.9642857142857143,0.9666666666666667
sem_laplace,NOTEARS Disc.,"{""lambda1"": 0.3, ""w_threshold_notears"": 0.1, ""n_bins"": 6, ""discretization_method"": ""hartemink"", ""initial_bins"": 20}",20,30,200,8,/home/mathis/Documents/Travail/cbnsl_benchmark/scaling/../scaling/results/2026-03-30_20h11_sem_laplace/graphs/golden__v20_a30_g8.json,/home/mathis/Documents/Travail/cbnsl_benchmark/scaling/../scaling/results/2026-03-30_20h11_sem_laplace/graphs/NOTEARS Disc.__v20_a30_g8_s200.json,,26.70963473700067,12.0,22.0,0.7200000000000001,0.9152542372881356,0.8571428571428571,0.9
sem_laplace,LiNGAM,"{""threshold_lingam"": 0.01}",20,30,200,8,/home/mathis/Documents/Travail/cbnsl_benchmark/scaling/../scaling/results/2026-03-30_20h11_sem_laplace/graphs/golden__v20_a30_g8.json,/home/mathis/Documents/Travail/cbnsl_benchmark/scaling/../scaling/results/2026-03-30_20h11_sem_laplace/graphs/LiNGAM__v20_a30_g8_s200.json,,1.2680632599985984,5.0,18.0,0.8666666666666665,0.9206349206349207,0.9629629629629629,0.9666666666666667
sem_laplace,CPC,"{""alpha"": 0.01, ""max_conditioning_set_size"": 2}",20,30,500,8,/home/mathis/Documents/Travail/cbnsl_benchmark/scaling/../scaling/results/2026-03-30_20h11_sem_laplace/graphs/golden__v20_a30_g8.json,/home/mathis/Documents/Travail/cbnsl_benchmark/scaling/../scaling/results/2026-03-30_20h11_sem_laplace/graphs/CPC__v20_a30_g8_s500.json,,0.4658735040011379,26.0,30.0,0.23529411764705882,0.37837837837837834,0.14814814814814814,0.23333333333333334
sem_laplace,CMIIC,"{""alpha"": 0.01}",20,30,500,8,/home/mathis/Documents/Travail/cbnsl_benchmark/scaling/../scaling/results/2026-03-30_20h11_sem_laplace/graphs/golden__v20_a30_g8.json,/home/mathis/Documents/Travail/cbnsl_benchmark/scaling/../scaling/results/2026-03-30_20h11_sem_laplace/graphs/CMIIC__v20_a30_g8_s500.json,,44.092696843999875,46.0,62.0,0.5,0.6060606060606061,1.0,1.0
sem_laplace,MIIC,"{""n_bins"": 2, ""discretization_method"": ""quantile""}",20,30,500,8,/home/mathis/Documents/Travail/cbnsl_benchmark/scaling/../scaling/results/2026-03-30_20h11_sem_laplace/graphs/golden__v20_a30_g8.json,/home/mathis/Documents/Travail/cbnsl_benchmark/scaling/../scaling/results/2026-03-30_20h11_sem_laplace/graphs/MIIC__v20_a30_g8_s500.json,,0.11890122800105019,14.0,15.0,0.7692307692307693,0.9152542372881356,0.8695652173913043,0.9
sem_laplace,GHC+BDeu,"{""n_bins"": 2, ""discretization_method"": ""quantile""}",20,30,500,8,/home/mathis/Documents/Travail/cbnsl_benchmark/scaling/../scaling/results/2026-03-30_20h11_sem_laplace/graphs/golden__v20_a30_g8.json,/home/mathis/Documents/Travail/cbnsl_benchmark/scaling/../scaling/results/2026-03-30_20h11_sem_laplace/graphs/GHC+BDeu__v20_a30_g8_s500.json,,0.07812121700044372,21.0,24.0,0.5217391304347827,0.8852459016393444,0.8,0.9
sem_laplace,NOTEARS,"{""lambda1"": 0.0, ""w_threshold_notears"": 0.1}",20,30,500,8,/home/mathis/Documents/Travail/cbnsl_benchmark/scaling/../scaling/results/2026-03-30_20h11_sem_laplace/graphs/golden__v20_a30_g8.json,/home/mathis/Documents/Travail/cbnsl_benchmark/scaling/../scaling/results/2026-03-30_20h11_sem_laplace/graphs/NOTEARS__v20_a30_g8_s500.json,,8.585275220000767,23.0,37.0,0.6944444444444444,0.7792207792207793,1.0,1.0
sem_laplace,NOTEARS Disc.,"{""lambda1"": 0.3, ""w_threshold_notears"": 0.1, ""n_bins"": 6, ""discretization_method"": ""hartemink"", ""initial_bins"": 20}",20,30,500,8,/home/mathis/Documents/Travail/cbnsl_benchmark/scaling/../scaling/results/2026-03-30_20h11_sem_laplace/graphs/golden__v20_a30_g8.json,,[pyAgrum] Directed cycle detected: Add a directed cycle in a dag !,,,,,,,
sem_laplace,LiNGAM,"{""threshold_lingam"": 0.01}",20,30,500,8,/home/mathis/Documents/Travail/cbnsl_benchmark/scaling/../scaling/results/2026-03-30_20h11_sem_laplace/graphs/golden__v20_a30_g8.json,/home/mathis/Documents/Travail/cbnsl_benchmark/scaling/../scaling/results/2026-03-30_20h11_sem_laplace/graphs/LiNGAM__v20_a30_g8_s500.json,,1.330624453999917,1.0,6.0,0.9310344827586207,0.9836065573770492,1.0,1.0
sem_laplace,CPC,"{""alpha"": 0.01, ""max_conditioning_set_size"": 2}",20,30,1000,8,/home/mathis/Documents/Travail/cbnsl_benchmark/scaling/../scaling/results/2026-03-30_20h11_sem_laplace/graphs/golden__v20_a30_g8.json,/home/mathis/Documents/Travail/cbnsl_benchmark/scaling/../scaling/results/2026-03-30_20h11_sem_laplace/graphs/CPC__v20_a30_g8_s1000.json,,2.271108095999807,27.0,27.0,0.23529411764705882,0.6666666666666666,0.21052631578947367,0.5
sem_laplace,CMIIC,"{""alpha"": 0.01}",20,30,1000,8,/home/mathis/Documents/Travail/cbnsl_benchmark/scaling/../scaling/results/2026-03-30_20h11_sem_laplace/graphs/golden__v20_a30_g8.json,/home/mathis/Documents/Travail/cbnsl_benchmark/scaling/../scaling/results/2026-03-30_20h11_sem_laplace/graphs/CMIIC__v20_a30_g8_s1000.json,,95.16962078199867,29.0,38.0,0.5974025974025975,0.6987951807228916,0.9583333333333334,0.9666666666666667
sem_laplace,MIIC,"{""n_bins"": 2, ""discretization_method"": ""quantile""}",20,30,1000,8,/home/mathis/Documents/Travail/cbnsl_benchmark/scaling/../scaling/results/2026-03-30_20h11_sem_laplace/graphs/golden__v20_a30_g8.json,/home/mathis/Documents/Travail/cbnsl_benchmark/scaling/../scaling/results/2026-03-30_20h11_sem_laplace/graphs/MIIC__v20_a30_g8_s1000.json,,0.18478377899737097,19.0,17.0,0.6538461538461537,0.888888888888889,0.8947368421052632,0.9333333333333333
sem_laplace,GHC+BDeu,"{""n_bins"": 2, ""discretization_method"": ""quantile""}",20,30,1000,8,/home/mathis/Documents/Travail/cbnsl_benchmark/scaling/../scaling/results/2026-03-30_20h11_sem_laplace/graphs/golden__v20_a30_g8.json,/home/mathis/Documents/Travail/cbnsl_benchmark/scaling/../scaling/results/2026-03-30_20h11_sem_laplace/graphs/GHC+BDeu__v20_a30_g8_s1000.json,,0.11273863899987191,24.0,25.0,0.52,0.8787878787878789,0.9285714285714286,0.9666666666666667
sem_laplace,NOTEARS,"{""lambda1"": 0.0, ""w_threshold_notears"": 0.1}",20,30,1000,8,/home/mathis/Documents/Travail/cbnsl_benchmark/scaling/../scaling/results/2026-03-30_20h11_sem_laplace/graphs/golden__v20_a30_g8.json,/home/mathis/Documents/Travail/cbnsl_benchmark/scaling/../scaling/results/2026-03-30_20h11_sem_laplace/graphs/NOTEARS__v20_a30_g8_s1000.json,,14.61483867899733,19.0,33.0,0.7352941176470588,0.8219178082191781,1.0,1.0
sem_laplace,NOTEARS Disc.,"{""lambda1"": 0.3, ""w_threshold_notears"": 0.1, ""n_bins"": 6, ""discretization_method"": ""hartemink"", ""initial_bins"": 20}",20,30,1000,8,/home/mathis/Documents/Travail/cbnsl_benchmark/scaling/../scaling/results/2026-03-30_20h11_sem_laplace/graphs/golden__v20_a30_g8.json,/home/mathis/Documents/Travail/cbnsl_benchmark/scaling/../scaling/results/2026-03-30_20h11_sem_laplace/graphs/NOTEARS Disc.__v20_a30_g8_s1000.json,,71.90643370999896,12.0,22.0,0.7346938775510204,0.9310344827586207,0.8571428571428571,0.9
sem_laplace,LiNGAM,"{""threshold_lingam"": 0.01}",20,30,1000,8,/home/mathis/Documents/Travail/cbnsl_benchmark/scaling/../scaling/results/2026-03-30_20h11_sem_laplace/graphs/golden__v20_a30_g8.json,/home/mathis/Documents/Travail/cbnsl_benchmark/scaling/../scaling/results/2026-03-30_20h11_sem_laplace/graphs/LiNGAM__v20_a30_g8_s1000.json,,2.190777250998508,1.0,6.0,0.9310344827586207,0.9836065573770492,1.0,1.0
sem_laplace,CPC,"{""alpha"": 0.01, ""max_conditioning_set_size"": 2}",20,30,3000,8,/home/mathis/Documents/Travail/cbnsl_benchmark/scaling/../scaling/results/2026-03-30_20h11_sem_laplace/graphs/golden__v20_a30_g8.json,/home/mathis/Documents/Travail/cbnsl_benchmark/scaling/../scaling/results/2026-03-30_20h11_sem_laplace/graphs/CPC__v20_a30_g8_s3000.json,,44.61268368599849,21.0,27.0,0.43902439024390244,0.8363636363636363,0.5625,0.7666666666666667
sem_laplace,CMIIC,"{""alpha"": 0.01}",20,30,3000,8,/home/mathis/Documents/Travail/cbnsl_benchmark/scaling/../scaling/results/2026-03-30_20h11_sem_laplace/graphs/golden__v20_a30_g8.json,/home/mathis/Documents/Travail/cbnsl_benchmark/scaling/../scaling/results/2026-03-30_20h11_sem_laplace/graphs/CMIIC__v20_a30_g8_s3000.json,,261.3900624930029,13.0,28.0,0.7241379310344828,0.8787878787878789,0.9545454545454546,0.9666666666666667
sem_laplace,MIIC,"{""n_bins"": 2, ""discretization_method"": ""quantile""}",20,30,3000,8,/home/mathis/Documents/Travail/cbnsl_benchmark/scaling/../scaling/results/2026-03-30_20h11_sem_laplace/graphs/golden__v20_a30_g8.json,/home/mathis/Documents/Travail/cbnsl_benchmark/scaling/../scaling/results/2026-03-30_20h11_sem_laplace/graphs/MIIC__v20_a30_g8_s3000.json,,1.4177190150003298,11.0,24.0,0.7868852459016393,0.8787878787878789,0.96,0.9666666666666667
sem_laplace,GHC+BDeu,"{""n_bins"": 2, ""discretization_method"": ""quantile""}",20,30,3000,8,/home/mathis/Documents/Travail/cbnsl_benchmark/scaling/../scaling/results/2026-03-30_20h11_sem_laplace/graphs/golden__v20_a30_g8.json,/home/mathis/Documents/Travail/cbnsl_benchmark/scaling/../scaling/results/2026-03-30_20h11_sem_laplace/graphs/GHC+BDeu__v20_a30_g8_s3000.json,,0.48167599600128597,25.0,27.0,0.5,0.8529411764705883,0.9285714285714286,0.9666666666666667
sem_laplace,NOTEARS,"{""lambda1"": 0.0, ""w_threshold_notears"": 0.1}",20,30,3000,8,/home/mathis/Documents/Travail/cbnsl_benchmark/scaling/../scaling/results/2026-03-30_20h11_sem_laplace/graphs/golden__v20_a30_g8.json,/home/mathis/Documents/Travail/cbnsl_benchmark/scaling/../scaling/results/2026-03-30_20h11_sem_laplace/graphs/NOTEARS__v20_a30_g8_s3000.json,,34.59759036000105,16.0,30.0,0.7462686567164178,0.8333333333333333,1.0,1.0
sem_laplace,NOTEARS Disc.,"{""lambda1"": 0.3, ""w_threshold_notears"": 0.1, ""n_bins"": 6, ""discretization_method"": ""hartemink"", ""initial_bins"": 20}",20,30,3000,8,/home/mathis/Documents/Travail/cbnsl_benchmark/scaling/../scaling/results/2026-03-30_20h11_sem_laplace/graphs/golden__v20_a30_g8.json,/home/mathis/Documents/Travail/cbnsl_benchmark/scaling/../scaling/results/2026-03-30_20h11_sem_laplace/graphs/NOTEARS Disc.__v20_a30_g8_s3000.json,,174.0175747880021,10.0,19.0,0.7500000000000001,0.9285714285714286,0.8181818181818182,0.8666666666666667
sem_laplace,LiNGAM,"{""threshold_lingam"": 0.01}",20,30,3000,8,/home/mathis/Documents/Travail/cbnsl_benchmark/scaling/../scaling/results/2026-03-30_20h11_sem_laplace/graphs/golden__v20_a30_g8.json,/home/mathis/Documents/Travail/cbnsl_benchmark/scaling/../scaling/results/2026-03-30_20h11_sem_laplace/graphs/LiNGAM__v20_a30_g8_s3000.json,,3.51212017600119,0.0,0.0,0.9473684210526316,1.0,1.0,1.0
sem_laplace,CPC,"{""alpha"": 0.01, ""max_conditioning_set_size"": 2}",20,30,5000,8,/home/mathis/Documents/Travail/cbnsl_benchmark/scaling/../scaling/results/2026-03-30_20h11_sem_laplace/graphs/golden__v20_a30_g8.json,/home/mathis/Documents/Travail/cbnsl_benchmark/scaling/../scaling/results/2026-03-30_20h11_sem_laplace/graphs/CPC__v20_a30_g8_s5000.json,,121.2880037319992,19.0,25.0,0.5652173913043479,0.9,0.8125,0.9
sem_laplace,CMIIC,"{""alpha"": 0.01}",20,30,5000,8,/home/mathis/Documents/Travail/cbnsl_benchmark/scaling/../scaling/results/2026-03-30_20h11_sem_laplace/graphs/golden__v20_a30_g8.json,/home/mathis/Documents/Travail/cbnsl_benchmark/scaling/../scaling/results/2026-03-30_20h11_sem_laplace/graphs/CMIIC__v20_a30_g8_s5000.json,,710.7827402340008,9.0,25.0,0.8333333333333333,0.90625,0.9615384615384616,0.9666666666666667
sem_laplace,MIIC,"{""n_bins"": 2, ""discretization_method"": ""quantile""}",20,30,5000,8,/home/mathis/Documents/Travail/cbnsl_benchmark/scaling/../scaling/results/2026-03-30_20h11_sem_laplace/graphs/golden__v20_a30_g8.json,/home/mathis/Documents/Travail/cbnsl_benchmark/scaling/../scaling/results/2026-03-30_20h11_sem_laplace/graphs/MIIC__v20_a30_g8_s5000.json,,2.0357370620004076,13.0,30.0,0.7619047619047619,0.8529411764705883,0.96,0.9666666666666667
sem_laplace,GHC+BDeu,"{""n_bins"": 2, ""discretization_method"": ""quantile""}",20,30,5000,8,/home/mathis/Documents/Travail/cbnsl_benchmark/scaling/../scaling/results/2026-03-30_20h11_sem_laplace/graphs/golden__v20_a30_g8.json,/home/mathis/Documents/Travail/cbnsl_benchmark/scaling/../scaling/results/2026-03-30_20h11_sem_laplace/graphs/GHC+BDeu__v20_a30_g8_s5000.json,,0.714858383002138,33.0,27.0,0.4482758620689655,0.8,1.0,1.0
sem_laplace,NOTEARS,"{""lambda1"": 0.0, ""w_threshold_notears"": 0.1}",20,30,5000,8,/home/mathis/Documents/Travail/cbnsl_benchmark/scaling/../scaling/results/2026-03-30_20h11_sem_laplace/graphs/golden__v20_a30_g8.json,/home/mathis/Documents/Travail/cbnsl_benchmark/scaling/../scaling/results/2026-03-30_20h11_sem_laplace/graphs/NOTEARS__v20_a30_g8_s5000.json,,41.43585969099877,17.0,36.0,0.7352941176470588,0.8219178082191781,1.0,1.0
sem_laplace,NOTEARS Disc.,"{""lambda1"": 0.3, ""w_threshold_notears"": 0.1, ""n_bins"": 6, ""discretization_method"": ""hartemink"", ""initial_bins"": 20}",20,30,5000,8,/home/mathis/Documents/Travail/cbnsl_benchmark/scaling/../scaling/results/2026-03-30_20h11_sem_laplace/graphs/golden__v20_a30_g8.json,,[pyAgrum] Directed cycle detected: Add a directed cycle in a dag !,,,,,,,
sem_laplace,LiNGAM,"{""threshold_lingam"": 0.01}",20,30,5000,8,/home/mathis/Documents/Travail/cbnsl_benchmark/scaling/../scaling/results/2026-03-30_20h11_sem_laplace/graphs/golden__v20_a30_g8.json,/home/mathis/Documents/Travail/cbnsl_benchmark/scaling/../scaling/results/2026-03-30_20h11_sem_laplace/graphs/LiNGAM__v20_a30_g8_s5000.json,,4.010990159997164,0.0,0.0,0.9473684210526316,1.0,1.0,1.0
sem_laplace,CPC,"{""alpha"": 0.01, ""max_conditioning_set_size"": 2}",20,30,200,9,/home/mathis/Documents/Travail/cbnsl_benchmark/scaling/../scaling/results/2026-03-30_20h11_sem_laplace/graphs/golden__v20_a30_g9.json,/home/mathis/Documents/Travail/cbnsl_benchmark/scaling/../scaling/results/2026-03-30_20h11_sem_laplace/graphs/CPC__v20_a30_g9_s200.json,,0.0662827730011486,23.0,24.0,0.43243243243243246,0.7659574468085107,0.42105263157894735,0.6206896551724138
sem_laplace,CMIIC,"{""alpha"": 0.01}",20,30,200,9,/home/mathis/Documents/Travail/cbnsl_benchmark/scaling/../scaling/results/2026-03-30_20h11_sem_laplace/graphs/golden__v20_a30_g9.json,/home/mathis/Documents/Travail/cbnsl_benchmark/scaling/../scaling/results/2026-03-30_20h11_sem_laplace/graphs/CMIIC__v20_a30_g9_s200.json,,10.92878097799985,86.0,89.0,0.18867924528301885,0.464,1.0,1.0
sem_laplace,MIIC,"{""n_bins"": 2, ""discretization_method"": ""quantile""}",20,30,200,9,/home/mathis/Documents/Travail/cbnsl_benchmark/scaling/../scaling/results/2026-03-30_20h11_sem_laplace/graphs/golden__v20_a30_g9.json,/home/mathis/Documents/Travail/cbnsl_benchmark/scaling/../scaling/results/2026-03-30_20h11_sem_laplace/graphs/MIIC__v20_a30_g9_s200.json,,0.06557492099818774,26.0,20.0,0.45454545454545453,0.7857142857142857,0.5882352941176471,0.7586206896551724
sem_laplace,GHC+BDeu,"{""n_bins"": 2, ""discretization_method"": ""quantile""}",20,30,200,9,/home/mathis/Documents/Travail/cbnsl_benchmark/scaling/../scaling/results/2026-03-30_20h11_sem_laplace/graphs/golden__v20_a30_g9.json,/home/mathis/Documents/Travail/cbnsl_benchmark/scaling/../scaling/results/2026-03-30_20h11_sem_laplace/graphs/GHC+BDeu__v20_a30_g9_s200.json,,0.05353686499802279,27.0,26.0,0.40909090909090906,0.7037037037037037,0.47368421052631576,0.6551724137931034
sem_laplace,NOTEARS,"{""lambda1"": 0.0, ""w_threshold_notears"": 0.1}",20,30,200,9,/home/mathis/Documents/Travail/cbnsl_benchmark/scaling/../scaling/results/2026-03-30_20h11_sem_laplace/graphs/golden__v20_a30_g9.json,/home/mathis/Documents/Travail/cbnsl_benchmark/scaling/../scaling/results/2026-03-30_20h11_sem_laplace/graphs/NOTEARS__v20_a30_g9_s200.json,,9.66919907600095,72.0,77.0,0.3893805309734513,0.4833333333333333,1.0,1.0
sem_laplace,NOTEARS Disc.,"{""lambda1"": 0.3, ""w_threshold_notears"": 0.1, ""n_bins"": 6, ""discretization_method"": ""hartemink"", ""initial_bins"": 20}",20,30,200,9,/home/mathis/Documents/Travail/cbnsl_benchmark/scaling/../scaling/results/2026-03-30_20h11_sem_laplace/graphs/golden__v20_a30_g9.json,/home/mathis/Documents/Travail/cbnsl_benchmark/scaling/../scaling/results/2026-03-30_20h11_sem_laplace/graphs/NOTEARS Disc.__v20_a30_g9_s200.json,,25.352642576002836,23.0,21.0,0.38095238095238093,0.9032258064516129,0.8888888888888888,0.9655172413793104
sem_laplace,LiNGAM,"{""threshold_lingam"": 0.01}",20,30,200,9,/home/mathis/Documents/Travail/cbnsl_benchmark/scaling/../scaling/results/2026-03-30_20h11_sem_laplace/graphs/golden__v20_a30_g9.json,/home/mathis/Documents/Travail/cbnsl_benchmark/scaling/../scaling/results/2026-03-30_20h11_sem_laplace/graphs/LiNGAM__v20_a30_g9_s200.json,,1.173518708001211,15.0,28.0,0.7741935483870968,0.8484848484848485,0.96,0.9655172413793104
sem_laplace,CPC,"{""alpha"": 0.01, ""max_conditioning_set_size"": 2}",20,30,500,9,/home/mathis/Documents/Travail/cbnsl_benchmark/scaling/../scaling/results/2026-03-30_20h11_sem_laplace/graphs/golden__v20_a30_g9.json,/home/mathis/Documents/Travail/cbnsl_benchmark/scaling/../scaling/results/2026-03-30_20h11_sem_laplace/graphs/CPC__v20_a30_g9_s500.json,,0.4415412429989374,23.0,25.0,0.38888888888888895,0.5853658536585366,0.2916666666666667,0.41379310344827586
sem_laplace,CMIIC,"{""alpha"": 0.01}",20,30,500,9,/home/mathis/Documents/Travail/cbnsl_benchmark/scaling/../scaling/results/2026-03-30_20h11_sem_laplace/graphs/golden__v20_a30_g9.json,/home/mathis/Documents/Travail/cbnsl_benchmark/scaling/../scaling/results/2026-03-30_20h11_sem_laplace/graphs/CMIIC__v20_a30_g9_s500.json,,34.174298335998174,50.0,56.0,0.358974358974359,0.5934065934065935,0.875,0.9310344827586207
sem_laplace,MIIC,"{""n_bins"": 2, ""discretization_method"": ""quantile""}",20,30,500,9,/home/mathis/Documents/Travail/cbnsl_benchmark/scaling/../scaling/results/2026-03-30_20h11_sem_laplace/graphs/golden__v20_a30_g9.json,/home/mathis/Documents/Travail/cbnsl_benchmark/scaling/../scaling/results/2026-03-30_20h11_sem_laplace/graphs/MIIC__v20_a30_g9_s500.json,,0.10868648600080633,23.0,24.0,0.5333333333333333,0.8214285714285715,0.6666666666666666,0.7931034482758621
sem_laplace,GHC+BDeu,"{""n_bins"": 2, ""discretization_method"": ""quantile""}",20,30,500,9,/home/mathis/Documents/Travail/cbnsl_benchmark/scaling/../scaling/results/2026-03-30_20h11_sem_laplace/graphs/golden__v20_a30_g9.json,/home/mathis/Documents/Travail/cbnsl_benchmark/scaling/../scaling/results/2026-03-30_20h11_sem_laplace/graphs/GHC+BDeu__v20_a30_g9_s500.json,,0.07493492999856244,19.0,24.0,0.5581395348837209,0.8928571428571429,0.75,0.8620689655172413
sem_laplace,NOTEARS,"{""lambda1"": 0.0, ""w_threshold_notears"": 0.1}",20,30,500,9,/home/mathis/Documents/Travail/cbnsl_benchmark/scaling/../scaling/results/2026-03-30_20h11_sem_laplace/graphs/golden__v20_a30_g9.json,/home/mathis/Documents/Travail/cbnsl_benchmark/scaling/../scaling/results/2026-03-30_20h11_sem_laplace/graphs/NOTEARS__v20_a30_g9_s500.json,,12.036034938999364,37.0,51.0,0.6097560975609756,0.6744186046511628,1.0,1.0
sem_laplace,NOTEARS Disc.,"{""lambda1"": 0.3, ""w_threshold_notears"": 0.1, ""n_bins"": 6, ""discretization_method"": ""hartemink"", ""initial_bins"": 20}",20,30,500,9,/home/mathis/Documents/Travail/cbnsl_benchmark/scaling/../scaling/results/2026-03-30_20h11_sem_laplace/graphs/golden__v20_a30_g9.json,/home/mathis/Documents/Travail/cbnsl_benchmark/scaling/../scaling/results/2026-03-30_20h11_sem_laplace/graphs/NOTEARS Disc.__v20_a30_g9_s500.json,,41.70369239499996,9.0,21.0,0.6956521739130435,0.9285714285714286,0.8421052631578947,0.896551724137931
sem_laplace,LiNGAM,"{""threshold_lingam"": 0.01}",20,30,500,9,/home/mathis/Documents/Travail/cbnsl_benchmark/scaling/../scaling/results/2026-03-30_20h11_sem_laplace/graphs/golden__v20_a30_g9.json,/home/mathis/Documents/Travail/cbnsl_benchmark/scaling/../scaling/results/2026-03-30_20h11_sem_laplace/graphs/LiNGAM__v20_a30_g9_s500.json,,1.452007236002828,0.0,0.0,0.9056603773584906,1.0,1.0,1.0
sem_laplace,CPC,"{""alpha"": 0.01, ""max_conditioning_set_size"": 2}",20,30,1000,9,/home/mathis/Documents/Travail/cbnsl_benchmark/scaling/../scaling/results/2026-03-30_20h11_sem_laplace/graphs/golden__v20_a30_g9.json,/home/mathis/Documents/Travail/cbnsl_benchmark/scaling/../scaling/results/2026-03-30_20h11_sem_laplace/graphs/CPC__v20_a30_g9_s1000.json,,1.8156345799980045,21.0,22.0,0.34285714285714286,0.7111111111111111,0.3157894736842105,0.5517241379310345
sem_laplace,CMIIC,"{""alpha"": 0.01}",20,30,1000,9,/home/mathis/Documents/Travail/cbnsl_benchmark/scaling/../scaling/results/2026-03-30_20h11_sem_laplace/graphs/golden__v20_a30_g9.json,/home/mathis/Documents/Travail/cbnsl_benchmark/scaling/../scaling/results/2026-03-30_20h11_sem_laplace/graphs/CMIIC__v20_a30_g9_s1000.json,,93.96157117000257,39.0,47.0,0.4749999999999999,0.6292134831460675,0.95,0.9655172413793104
sem_laplace,MIIC,"{""n_bins"": 2, ""discretization_method"": ""quantile""}",20,30,1000,9,/home/mathis/Documents/Travail/cbnsl_benchmark/scaling/../scaling/results/2026-03-30_20h11_sem_laplace/graphs/golden__v20_a30_g9.json,/home/mathis/Documents/Travail/cbnsl_benchmark/scaling/../scaling/results/2026-03-30_20h11_sem_laplace/graphs/MIIC__v20_a30_g9_s1000.json,,0.1728582940013439,19.0,15.0,0.5777777777777777,0.8771929824561403,0.7647058823529411,0.8620689655172413
sem_laplace,GHC+BDeu,"{""n_bins"": 2, ""discretization_method"": ""quantile""}",20,30,1000,9,/home/mathis/Documents/Travail/cbnsl_benchmark/scaling/../scaling/results/2026-03-30_20h11_sem_laplace/graphs/golden__v20_a30_g9.json,/home/mathis/Documents/Travail/cbnsl_benchmark/scaling/../scaling/results/2026-03-30_20h11_sem_laplace/graphs/GHC+BDeu__v20_a30_g9_s1000.json,,0.11185452900099335,20.0,20.0,0.4651162790697674,0.9180327868852458,0.9090909090909091,0.9655172413793104
sem_laplace,NOTEARS,"{""lambda1"": 0.0, ""w_threshold_notears"": 0.1}",20,30,1000,9,/home/mathis/Documents/Travail/cbnsl_benchmark/scaling/../scaling/results/2026-03-30_20h11_sem_laplace/graphs/golden__v20_a30_g9.json,/home/mathis/Documents/Travail/cbnsl_benchmark/scaling/../scaling/results/2026-03-30_20h11_sem_laplace/graphs/NOTEARS__v20_a30_g9_s1000.json,,15.079620462001913,6.0,9.0,0.8070175438596492,0.9206349206349206,1.0,1.0
sem_laplace,NOTEARS Disc.,"{""lambda1"": 0.3, ""w_threshold_notears"": 0.1, ""n_bins"": 6, ""discretization_method"": ""hartemink"", ""initial_bins"": 20}",20,30,1000,9,/home/mathis/Documents/Travail/cbnsl_benchmark/scaling/../scaling/results/2026-03-30_20h11_sem_laplace/graphs/golden__v20_a30_g9.json,,[pyAgrum] Directed cycle detected: Add a directed cycle in a dag !,,,,,,,
sem_laplace,LiNGAM,"{""threshold_lingam"": 0.01}",20,30,1000,9,/home/mathis/Documents/Travail/cbnsl_benchmark/scaling/../scaling/results/2026-03-30_20h11_sem_laplace/graphs/golden__v20_a30_g9.json,/home/mathis/Documents/Travail/cbnsl_benchmark/scaling/../scaling/results/2026-03-30_20h11_sem_laplace/graphs/LiNGAM__v20_a30_g9_s1000.json,,1.751102014000935,0.0,0.0,0.9056603773584906,1.0,1.0,1.0
sem_laplace,CPC,"{""alpha"": 0.01, ""max_conditioning_set_size"": 2}",20,30,3000,9,/home/mathis/Documents/Travail/cbnsl_benchmark/scaling/../scaling/results/2026-03-30_20h11_sem_laplace/graphs/golden__v20_a30_g9.json,/home/mathis/Documents/Travail/cbnsl_benchmark/scaling/../scaling/results/2026-03-30_20h11_sem_laplace/graphs/CPC__v20_a30_g9_s3000.json,,25.542796387002454,24.0,23.0,0.4210526315789474,0.8679245283018867,0.5714285714285714,0.7931034482758621
sem_laplace,CMIIC,"{""alpha"": 0.01}",20,30,3000,9,/home/mathis/Documents/Travail/cbnsl_benchmark/scaling/../scaling/results/2026-03-30_20h11_sem_laplace/graphs/golden__v20_a30_g9.json,/home/mathis/Documents/Travail/cbnsl_benchmark/scaling/../scaling/results/2026-03-30_20h11_sem_laplace/graphs/CMIIC__v20_a30_g9_s3000.json,,317.1865970149993,15.0,20.0,0.6551724137931034,0.835820895522388,0.95,0.9655172413793104
sem_laplace,MIIC,"{""n_bins"": 2, ""discretization_method"": ""quantile""}",20,30,3000,9,/home/mathis/Documents/Travail/cbnsl_benchmark/scaling/../scaling/results/2026-03-30_20h11_sem_laplace/graphs/golden__v20_a30_g9.json,/home/mathis/Documents/Travail/cbnsl_benchmark/scaling/../scaling/results/2026-03-30_20h11_sem_laplace/graphs/MIIC__v20_a30_g9_s3000.json,,0.9665690799993172,20.0,23.0,0.7096774193548387,0.8235294117647058,0.9565217391304348,0.9655172413793104
sem_laplace,GHC+BDeu,"{""n_bins"": 2, ""discretization_method"": ""quantile""}",20,30,3000,9,/home/mathis/Documents/Travail/cbnsl_benchmark/scaling/../scaling/results/2026-03-30_20h11_sem_laplace/graphs/golden__v20_a30_g9.json,/home/mathis/Documents/Travail/cbnsl_benchmark/scaling/../scaling/results/2026-03-30_20h11_sem_laplace/graphs/GHC+BDeu__v20_a30_g9_s3000.json,,0.4679846719991474,21.0,23.0,0.5384615384615385,0.8307692307692308,0.875,0.9310344827586207
sem_laplace,NOTEARS,"{""lambda1"": 0.0, ""w_threshold_notears"": 0.1}",20,30,3000,9,/home/mathis/Documents/Travail/cbnsl_benchmark/scaling/../scaling/results/2026-03-30_20h11_sem_laplace/graphs/golden__v20_a30_g9.json,/home/mathis/Documents/Travail/cbnsl_benchmark/scaling/../scaling/results/2026-03-30_20h11_sem_laplace/graphs/NOTEARS__v20_a30_g9_s3000.json,,30.28914600900316,5.0,12.0,0.8214285714285715,0.9354838709677419,1.0,1.0
sem_laplace,NOTEARS Disc.,"{""lambda1"": 0.3, ""w_threshold_notears"": 0.1, ""n_bins"": 6, ""discretization_method"": ""hartemink"", ""initial_bins"": 20}",20,30,3000,9,/home/mathis/Documents/Travail/cbnsl_benchmark/scaling/../scaling/results/2026-03-30_20h11_sem_laplace/graphs/golden__v20_a30_g9.json,,[pyAgrum] Directed cycle detected: Add a directed cycle in a dag !,,,,,,,
sem_laplace,LiNGAM,"{""threshold_lingam"": 0.01}",20,30,3000,9,/home/mathis/Documents/Travail/cbnsl_benchmark/scaling/../scaling/results/2026-03-30_20h11_sem_laplace/graphs/golden__v20_a30_g9.json,/home/mathis/Documents/Travail/cbnsl_benchmark/scaling/../scaling/results/2026-03-30_20h11_sem_laplace/graphs/LiNGAM__v20_a30_g9_s3000.json,,2.8673893000013777,0.0,0.0,0.9056603773584906,1.0,1.0,1.0
sem_laplace,CPC,"{""alpha"": 0.01, ""max_conditioning_set_size"": 2}",20,30,5000,9,/home/mathis/Documents/Travail/cbnsl_benchmark/scaling/../scaling/results/2026-03-30_20h11_sem_laplace/graphs/golden__v20_a30_g9.json,/home/mathis/Documents/Travail/cbnsl_benchmark/scaling/../scaling/results/2026-03-30_20h11_sem_laplace/graphs/CPC__v20_a30_g9_s5000.json,,82.59765290900032,25.0,27.0,0.4761904761904762,0.8771929824561403,0.7142857142857143,0.8620689655172413
sem_laplace,CMIIC,"{""alpha"": 0.01}",20,30,5000,9,/home/mathis/Documents/Travail/cbnsl_benchmark/scaling/../scaling/results/2026-03-30_20h11_sem_laplace/graphs/golden__v20_a30_g9.json,/home/mathis/Documents/Travail/cbnsl_benchmark/scaling/../scaling/results/2026-03-30_20h11_sem_laplace/graphs/CMIIC__v20_a30_g9_s5000.json,,807.4781774210023,11.0,13.0,0.7037037037037037,0.888888888888889,0.95,0.9655172413793104
sem_laplace,MIIC,"{""n_bins"": 2, ""discretization_method"": ""quantile""}",20,30,5000,9,/home/mathis/Documents/Travail/cbnsl_benchmark/scaling/../scaling/results/2026-03-30_20h11_sem_laplace/graphs/golden__v20_a30_g9.json,/home/mathis/Documents/Travail/cbnsl_benchmark/scaling/../scaling/results/2026-03-30_20h11_sem_laplace/graphs/MIIC__v20_a30_g9_s5000.json,,1.7637536040019768,15.0,24.0,0.761904761904762,0.8529411764705882,1.0,1.0
sem_laplace,GHC+BDeu,"{""n_bins"": 2, ""discretization_method"": ""quantile""}",20,30,5000,9,/home/mathis/Documents/Travail/cbnsl_benchmark/scaling/../scaling/results/2026-03-30_20h11_sem_laplace/graphs/golden__v20_a30_g9.json,/home/mathis/Documents/Travail/cbnsl_benchmark/scaling/../scaling/results/2026-03-30_20h11_sem_laplace/graphs/GHC+BDeu__v20_a30_g9_s5000.json,,0.7019227780001529,36.0,30.0,0.32727272727272727,0.7733333333333333,1.0,1.0
sem_laplace,NOTEARS,"{""lambda1"": 0.0, ""w_threshold_notears"": 0.1}",20,30,5000,9,/home/mathis/Documents/Travail/cbnsl_benchmark/scaling/../scaling/results/2026-03-30_20h11_sem_laplace/graphs/golden__v20_a30_g9.json,/home/mathis/Documents/Travail/cbnsl_benchmark/scaling/../scaling/results/2026-03-30_20h11_sem_laplace/graphs/NOTEARS__v20_a30_g9_s5000.json,,51.477838933002204,19.0,22.0,0.7647058823529412,0.8169014084507042,1.0,1.0
sem_laplace,NOTEARS Disc.,"{""lambda1"": 0.3, ""w_threshold_notears"": 0.1, ""n_bins"": 6, ""discretization_method"": ""hartemink"", ""initial_bins"": 20}",20,30,5000,9,/home/mathis/Documents/Travail/cbnsl_benchmark/scaling/../scaling/results/2026-03-30_20h11_sem_laplace/graphs/golden__v20_a30_g9.json,/home/mathis/Documents/Travail/cbnsl_benchmark/scaling/../scaling/results/2026-03-30_20h11_sem_laplace/graphs/NOTEARS Disc.__v20_a30_g9_s5000.json,,262.49221082000076,5.0,7.0,0.7916666666666667,0.9642857142857143,0.9047619047619048,0.9310344827586207
sem_laplace,LiNGAM,"{""threshold_lingam"": 0.01}",20,30,5000,9,/home/mathis/Documents/Travail/cbnsl_benchmark/scaling/../scaling/results/2026-03-30_20h11_sem_laplace/graphs/golden__v20_a30_g9.json,/home/mathis/Documents/Travail/cbnsl_benchmark/scaling/../scaling/results/2026-03-30_20h11_sem_laplace/graphs/LiNGAM__v20_a30_g9_s5000.json,,4.626191921001009,1.0,15.0,0.888888888888889,0.983050847457627,1.0,1.0
sem_laplace,CPC,"{""alpha"": 0.01, ""max_conditioning_set_size"": 2}",20,30,200,10,/home/mathis/Documents/Travail/cbnsl_benchmark/scaling/../scaling/results/2026-03-30_20h11_sem_laplace/graphs/golden__v20_a30_g10.json,/home/mathis/Documents/Travail/cbnsl_benchmark/scaling/../scaling/results/2026-03-30_20h11_sem_laplace/graphs/CPC__v20_a30_g10_s200.json,,0.09795842599851312,27.0,29.0,0.18181818181818182,0.4210526315789474,0.12,0.26666666666666666
sem_laplace,CMIIC,"{""alpha"": 0.01}",20,30,200,10,/home/mathis/Documents/Travail/cbnsl_benchmark/scaling/../scaling/results/2026-03-30_20h11_sem_laplace/graphs/golden__v20_a30_g10.json,/home/mathis/Documents/Travail/cbnsl_benchmark/scaling/../scaling/results/2026-03-30_20h11_sem_laplace/graphs/CMIIC__v20_a30_g10_s200.json,,13.377015398000367,90.0,97.0,0.2741935483870967,0.42647058823529416,0.9444444444444444,0.9666666666666667
sem_laplace,MIIC,"{""n_bins"": 2, ""discretization_method"": ""quantile""}",20,30,200,10,/home/mathis/Documents/Travail/cbnsl_benchmark/scaling/../scaling/results/2026-03-30_20h11_sem_laplace/graphs/golden__v20_a30_g10.json,/home/mathis/Documents/Travail/cbnsl_benchmark/scaling/../scaling/results/2026-03-30_20h11_sem_laplace/graphs/MIIC__v20_a30_g10_s200.json,,0.08502722699995502,22.0,22.0,0.5416666666666666,0.7719298245614035,0.6190476190476191,0.7333333333333333
sem_laplace,GHC+BDeu,"{""n_bins"": 2, ""discretization_method"": ""quantile""}",20,30,200,10,/home/mathis/Documents/Travail/cbnsl_benchmark/scaling/../scaling/results/2026-03-30_20h11_sem_laplace/graphs/golden__v20_a30_g10.json,/home/mathis/Documents/Travail/cbnsl_benchmark/scaling/../scaling/results/2026-03-30_20h11_sem_laplace/graphs/GHC+BDeu__v20_a30_g10_s200.json,,0.07419356199898175,21.0,22.0,0.5531914893617021,0.7857142857142856,0.6190476190476191,0.7333333333333333
sem_laplace,NOTEARS,"{""lambda1"": 0.0, ""w_threshold_notears"": 0.1}",20,30,200,10,/home/mathis/Documents/Travail/cbnsl_benchmark/scaling/../scaling/results/2026-03-30_20h11_sem_laplace/graphs/golden__v20_a30_g10.json,/home/mathis/Documents/Travail/cbnsl_benchmark/scaling/../scaling/results/2026-03-30_20h11_sem_laplace/graphs/NOTEARS__v20_a30_g10_s200.json,,8.038651291997667,51.0,67.0,0.4950495049504951,0.5660377358490566,1.0,1.0
sem_laplace,NOTEARS Disc.,"{""lambda1"": 0.3, ""w_threshold_notears"": 0.1, ""n_bins"": 6, ""discretization_method"": ""hartemink"", ""initial_bins"": 20}",20,30,200,10,/home/mathis/Documents/Travail/cbnsl_benchmark/scaling/../scaling/results/2026-03-30_20h11_sem_laplace/graphs/golden__v20_a30_g10.json,/home/mathis/Documents/Travail/cbnsl_benchmark/scaling/../scaling/results/2026-03-30_20h11_sem_laplace/graphs/NOTEARS Disc.__v20_a30_g10_s200.json,,28.741603004000353,18.0,26.0,0.625,0.9,0.8333333333333334,0.9
sem_laplace,LiNGAM,"{""threshold_lingam"": 0.01}",20,30,200,10,/home/mathis/Documents/Travail/cbnsl_benchmark/scaling/../scaling/results/2026-03-30_20h11_sem_laplace/graphs/golden__v20_a30_g10.json,/home/mathis/Documents/Travail/cbnsl_benchmark/scaling/../scaling/results/2026-03-30_20h11_sem_laplace/graphs/LiNGAM__v20_a30_g10_s200.json,,1.4899511850017007,26.0,38.0,0.6060606060606061,0.7567567567567568,0.9090909090909091,0.9333333333333333
sem_laplace,CPC,"{""alpha"": 0.01, ""max_conditioning_set_size"": 2}",20,30,500,10,/home/mathis/Documents/Travail/cbnsl_benchmark/scaling/../scaling/results/2026-03-30_20h11_sem_laplace/graphs/golden__v20_a30_g10.json,/home/mathis/Documents/Travail/cbnsl_benchmark/scaling/../scaling/results/2026-03-30_20h11_sem_laplace/graphs/CPC__v20_a30_g10_s500.json,,0.5153397649992257,21.0,29.0,0.4615384615384615,0.6666666666666666,0.375,0.5
sem_laplace,CMIIC,"{""alpha"": 0.01}",20,30,500,10,/home/mathis/Documents/Travail/cbnsl_benchmark/scaling/../scaling/results/2026-03-30_20h11_sem_laplace/graphs/golden__v20_a30_g10.json,/home/mathis/Documents/Travail/cbnsl_benchmark/scaling/../scaling/results/2026-03-30_20h11_sem_laplace/graphs/CMIIC__v20_a30_g10_s500.json,,33.648064519999025,53.0,59.0,0.41758241758241754,0.5599999999999999,0.9047619047619048,0.9333333333333333
sem_laplace,MIIC,"{""n_bins"": 2, ""discretization_method"": ""quantile""}",20,30,500,10,/home/mathis/Documents/Travail/cbnsl_benchmark/scaling/../scaling/results/2026-03-30_20h11_sem_laplace/graphs/golden__v20_a30_g10.json,/home/mathis/Documents/Travail/cbnsl_benchmark/scaling/../scaling/results/2026-03-30_20h11_sem_laplace/graphs/MIIC__v20_a30_g10_s500.json,,0.14448143700064975,16.0,25.0,0.693877551020408,0.8571428571428571,0.7391304347826086,0.8
sem_laplace,GHC+BDeu,"{""n_bins"": 2, ""discretization_method"": ""quantile""}",20,30,500,10,/home/mathis/Documents/Travail/cbnsl_benchmark/scaling/../scaling/results/2026-03-30_20h11_sem_laplace/graphs/golden__v20_a30_g10.json,/home/mathis/Documents/Travail/cbnsl_benchmark/scaling/../scaling/results/2026-03-30_20h11_sem_laplace/graphs/GHC+BDeu__v20_a30_g10_s500.json,,0.10697884000182967,22.0,21.0,0.5,0.8214285714285715,0.6111111111111112,0.7666666666666667
sem_laplace,NOTEARS,"{""lambda1"": 0.0, ""w_threshold_notears"": 0.1}",20,30,500,10,/home/mathis/Documents/Travail/cbnsl_benchmark/scaling/../scaling/results/2026-03-30_20h11_sem_laplace/graphs/golden__v20_a30_g10.json,/home/mathis/Documents/Travail/cbnsl_benchmark/scaling/../scaling/results/2026-03-30_20h11_sem_laplace/graphs/NOTEARS__v20_a30_g10_s500.json,,13.34993174599731,24.0,41.0,0.6923076923076924,0.7407407407407407,1.0,1.0
sem_laplace,NOTEARS Disc.,"{""lambda1"": 0.3, ""w_threshold_notears"": 0.1, ""n_bins"": 6, ""discretization_method"": ""hartemink"", ""initial_bins"": 20}",20,30,500,10,/home/mathis/Documents/Travail/cbnsl_benchmark/scaling/../scaling/results/2026-03-30_20h11_sem_laplace/graphs/golden__v20_a30_g10.json,/home/mathis/Documents/Travail/cbnsl_benchmark/scaling/../scaling/results/2026-03-30_20h11_sem_laplace/graphs/NOTEARS Disc.__v20_a30_g10_s500.json,,48.21314008399713,18.0,27.0,0.6086956521739131,0.8771929824561403,0.7368421052631579,0.8333333333333334
sem_laplace,LiNGAM,"{""threshold_lingam"": 0.01}",20,30,500,10,/home/mathis/Documents/Travail/cbnsl_benchmark/scaling/../scaling/results/2026-03-30_20h11_sem_laplace/graphs/golden__v20_a30_g10.json,/home/mathis/Documents/Travail/cbnsl_benchmark/scaling/../scaling/results/2026-03-30_20h11_sem_laplace/graphs/LiNGAM__v20_a30_g10_s500.json,,1.6779793060013617,1.0,17.0,0.9836065573770492,0.9836065573770492,1.0,1.0
sem_laplace,CPC,"{""alpha"": 0.01, ""max_conditioning_set_size"": 2}",20,30,1000,10,/home/mathis/Documents/Travail/cbnsl_benchmark/scaling/../scaling/results/2026-03-30_20h11_sem_laplace/graphs/golden__v20_a30_g10.json,/home/mathis/Documents/Travail/cbnsl_benchmark/scaling/../scaling/results/2026-03-30_20h11_sem_laplace/graphs/CPC__v20_a30_g10_s1000.json,,2.6646730460015533,26.0,29.0,0.23529411764705882,0.6363636363636364,0.2,0.4666666666666667
sem_laplace,CMIIC,"{""alpha"": 0.01}",20,30,1000,10,/home/mathis/Documents/Travail/cbnsl_benchmark/scaling/../scaling/results/2026-03-30_20h11_sem_laplace/graphs/golden__v20_a30_g10.json,/home/mathis/Documents/Travail/cbnsl_benchmark/scaling/../scaling/results/2026-03-30_20h11_sem_laplace/graphs/CMIIC__v20_a30_g10_s1000.json,,117.78372398499778,34.0,46.0,0.5853658536585366,0.6666666666666667,0.96,0.9666666666666667
sem_laplace,MIIC,"{""n_bins"": 2, ""discretization_method"": ""quantile""}",20,30,1000,10,/home/mathis/Documents/Travail/cbnsl_benchmark/scaling/../scaling/results/2026-03-30_20h11_sem_laplace/graphs/golden__v20_a30_g10.json,/home/mathis/Documents/Travail/cbnsl_benchmark/scaling/../scaling/results/2026-03-30_20h11_sem_laplace/graphs/MIIC__v20_a30_g10_s1000.json,,0.23428961199897458,18.0,21.0,0.6399999999999999,0.8852459016393444,0.8421052631578947,0.9
sem_laplace,GHC+BDeu,"{""n_bins"": 2, ""discretization_method"": ""quantile""}",20,30,1000,10,/home/mathis/Documents/Travail/cbnsl_benchmark/scaling/../scaling/results/2026-03-30_20h11_sem_laplace/graphs/golden__v20_a30_g10.json,/home/mathis/Documents/Travail/cbnsl_benchmark/scaling/../scaling/results/2026-03-30_20h11_sem_laplace/graphs/GHC+BDeu__v20_a30_g10_s1000.json,,0.13539150100041297,26.0,25.0,0.43478260869565216,0.8571428571428572,0.7692307692307693,0.9
sem_laplace,NOTEARS,"{""lambda1"": 0.0, ""w_threshold_notears"": 0.1}",20,30,1000,10,/home/mathis/Documents/Travail/cbnsl_benchmark/scaling/../scaling/results/2026-03-30_20h11_sem_laplace/graphs/golden__v20_a30_g10.json,/home/mathis/Documents/Travail/cbnsl_benchmark/scaling/../scaling/results/2026-03-30_20h11_sem_laplace/graphs/NOTEARS__v20_a30_g10_s1000.json,,15.476213177000318,16.0,28.0,0.7714285714285715,0.8219178082191781,1.0,1.0
sem_laplace,NOTEARS Disc.,"{""lambda1"": 0.3, ""w_threshold_notears"": 0.1, ""n_bins"": 6, ""discretization_method"": ""hartemink"", ""initial_bins"": 20}",20,30,1000,10,/home/mathis/Documents/Travail/cbnsl_benchmark/scaling/../scaling/results/2026-03-30_20h11_sem_laplace/graphs/golden__v20_a30_g10.json,/home/mathis/Documents/Travail/cbnsl_benchmark/scaling/../scaling/results/2026-03-30_20h11_sem_laplace/graphs/NOTEARS Disc.__v20_a30_g10_s1000.json,,74.6111125239986,24.0,22.0,0.3684210526315789,0.8928571428571429,0.5833333333333334,0.8333333333333334
sem_laplace,LiNGAM,"{""threshold_lingam"": 0.01}",20,30,1000,10,/home/mathis/Documents/Travail/cbnsl_benchmark/scaling/../scaling/results/2026-03-30_20h11_sem_laplace/graphs/golden__v20_a30_g10.json,/home/mathis/Documents/Travail/cbnsl_benchmark/scaling/../scaling/results/2026-03-30_20h11_sem_laplace/graphs/LiNGAM__v20_a30_g10_s1000.json,,1.9940320540008543,1.0,17.0,0.9836065573770492,0.9836065573770492,1.0,1.0
sem_laplace,CPC,"{""alpha"": 0.01, ""max_conditioning_set_size"": 2}",20,30,3000,10,/home/mathis/Documents/Travail/cbnsl_benchmark/scaling/../scaling/results/2026-03-30_20h11_sem_laplace/graphs/golden__v20_a30_g10.json,/home/mathis/Documents/Travail/cbnsl_benchmark/scaling/../scaling/results/2026-03-30_20h11_sem_laplace/graphs/CPC__v20_a30_g10_s3000.json,,35.26571530900037,19.0,25.0,0.5581395348837209,0.8518518518518519,0.631578947368421,0.7666666666666667
sem_laplace,CMIIC,"{""alpha"": 0.01}",20,30,3000,10,/home/mathis/Documents/Travail/cbnsl_benchmark/scaling/../scaling/results/2026-03-30_20h11_sem_laplace/graphs/golden__v20_a30_g10.json,/home/mathis/Documents/Travail/cbnsl_benchmark/scaling/../scaling/results/2026-03-30_20h11_sem_laplace/graphs/CMIIC__v20_a30_g10_s3000.json,,192.54838006900172,13.0,21.0,0.7636363636363634,0.9032258064516129,0.9130434782608695,0.9333333333333333
sem_laplace,MIIC,"{""n_bins"": 2, ""discretization_method"": ""quantile""}",20,30,3000,10,/home/mathis/Documents/Travail/cbnsl_benchmark/scaling/../scaling/results/2026-03-30_20h11_sem_laplace/graphs/golden__v20_a30_g10.json,/home/mathis/Documents/Travail/cbnsl_benchmark/scaling/../scaling/results/2026-03-30_20h11_sem_laplace/graphs/MIIC__v20_a30_g10_s3000.json,,1.4707008359982865,17.0,23.0,0.7017543859649124,0.84375,0.8695652173913043,0.9
sem_laplace,GHC+BDeu,"{""n_bins"": 2, ""discretization_method"": ""quantile""}",20,30,3000,10,/home/mathis/Documents/Travail/cbnsl_benchmark/scaling/../scaling/results/2026-03-30_20h11_sem_laplace/graphs/golden__v20_a30_g10.json,/home/mathis/Documents/Travail/cbnsl_benchmark/scaling/../scaling/results/2026-03-30_20h11_sem_laplace/graphs/GHC+BDeu__v20_a30_g10_s3000.json,,0.4795081570009643,32.0,29.0,0.3846153846153846,0.8,0.8333333333333334,0.9333333333333333
sem_laplace,NOTEARS,"{""lambda1"": 0.0, ""w_threshold_notears"": 0.1}",20,30,3000,10,/home/mathis/Documents/Travail/cbnsl_benchmark/scaling/../scaling/results/2026-03-30_20h11_sem_laplace/graphs/golden__v20_a30_g10.json,/home/mathis/Documents/Travail/cbnsl_benchmark/scaling/../scaling/results/2026-03-30_20h11_sem_laplace/graphs/NOTEARS__v20_a30_g10_s3000.json,,71.34265755199885,12.0,22.0,0.8181818181818181,0.8695652173913044,1.0,1.0
sem_laplace,NOTEARS Disc.,"{""lambda1"": 0.3, ""w_threshold_notears"": 0.1, ""n_bins"": 6, ""discretization_method"": ""hartemink"", ""initial_bins"": 20}",20,30,3000,10,/home/mathis/Documents/Travail/cbnsl_benchmark/scaling/../scaling/results/2026-03-30_20h11_sem_laplace/graphs/golden__v20_a30_g10.json,/home/mathis/Documents/Travail/cbnsl_benchmark/scaling/../scaling/results/2026-03-30_20h11_sem_laplace/graphs/NOTEARS Disc.__v20_a30_g10_s3000.json,,149.65362939900297,16.0,21.0,0.6521739130434783,0.8727272727272728,0.7142857142857143,0.8
sem_laplace,LiNGAM,"{""threshold_lingam"": 0.01}",20,30,3000,10,/home/mathis/Documents/Travail/cbnsl_benchmark/scaling/../scaling/results/2026-03-30_20h11_sem_laplace/graphs/golden__v20_a30_g10.json,/home/mathis/Documents/Travail/cbnsl_benchmark/scaling/../scaling/results/2026-03-30_20h11_sem_laplace/graphs/LiNGAM__v20_a30_g10_s3000.json,,2.845715276998817,0.0,0.0,1.0,1.0,1.0,1.0
sem_laplace,CPC,"{""alpha"": 0.01, ""max_conditioning_set_size"": 2}",20,30,5000,10,/home/mathis/Documents/Travail/cbnsl_benchmark/scaling/../scaling/results/2026-03-30_20h11_sem_laplace/graphs/golden__v20_a30_g10.json,/home/mathis/Documents/Travail/cbnsl_benchmark/scaling/../scaling/results/2026-03-30_20h11_sem_laplace/graphs/CPC__v20_a30_g10_s5000.json,,94.6584476349999,19.0,22.0,0.5581395348837209,0.8518518518518519,0.631578947368421,0.7666666666666667
sem_laplace,CMIIC,"{""alpha"": 0.01}",20,30,5000,10,/home/mathis/Documents/Travail/cbnsl_benchmark/scaling/../scaling/results/2026-03-30_20h11_sem_laplace/graphs/golden__v20_a30_g10.json,/home/mathis/Documents/Travail/cbnsl_benchmark/scaling/../scaling/results/2026-03-30_20h11_sem_laplace/graphs/CMIIC__v20_a30_g10_s5000.json,,494.78403532299853,9.0,13.0,0.8421052631578947,0.9180327868852459,0.9230769230769231,0.9333333333333333
sem_laplace,MIIC,"{""n_bins"": 2, ""discretization_method"": ""quantile""}",20,30,5000,10,/home/mathis/Documents/Travail/cbnsl_benchmark/scaling/../scaling/results/2026-03-30_20h11_sem_laplace/graphs/golden__v20_a30_g10.json,/home/mathis/Documents/Travail/cbnsl_benchmark/scaling/../scaling/results/2026-03-30_20h11_sem_laplace/graphs/MIIC__v20_a30_g10_s5000.json,,1.979509065997263,21.0,27.0,0.631578947368421,0.8181818181818182,0.8571428571428571,0.9
sem_laplace,GHC+BDeu,"{""n_bins"": 2, ""discretization_method"": ""quantile""}",20,30,5000,10,/home/mathis/Documents/Travail/cbnsl_benchmark/scaling/../scaling/results/2026-03-30_20h11_sem_laplace/graphs/golden__v20_a30_g10.json,/home/mathis/Documents/Travail/cbnsl_benchmark/scaling/../scaling/results/2026-03-30_20h11_sem_laplace/graphs/GHC+BDeu__v20_a30_g10_s5000.json,,0.6896421399978863,31.0,26.0,0.47457627118644075,0.7837837837837838,0.9333333333333333,0.9666666666666667
sem_laplace,NOTEARS,"{""lambda1"": 0.0, ""w_threshold_notears"": 0.1}",20,30,5000,10,/home/mathis/Documents/Travail/cbnsl_benchmark/scaling/../scaling/results/2026-03-30_20h11_sem_laplace/graphs/golden__v20_a30_g10.json,/home/mathis/Documents/Travail/cbnsl_benchmark/scaling/../scaling/results/2026-03-30_20h11_sem_laplace/graphs/NOTEARS__v20_a30_g10_s5000.json,,85.46980162299951,13.0,23.0,0.8059701492537313,0.8571428571428571,1.0,1.0
sem_laplace,NOTEARS Disc.,"{""lambda1"": 0.3, ""w_threshold_notears"": 0.1, ""n_bins"": 6, ""discretization_method"": ""hartemink"", ""initial_bins"": 20}",20,30,5000,10,/home/mathis/Documents/Travail/cbnsl_benchmark/scaling/../scaling/results/2026-03-30_20h11_sem_laplace/graphs/golden__v20_a30_g10.json,/home/mathis/Documents/Travail/cbnsl_benchmark/scaling/../scaling/results/2026-03-30_20h11_sem_laplace/graphs/NOTEARS Disc.__v20_a30_g10_s5000.json,,233.82116485499864,14.0,19.0,0.6956521739130435,0.888888888888889,0.7272727272727273,0.8
sem_laplace,LiNGAM,"{""threshold_lingam"": 0.01}",20,30,5000,10,/home/mathis/Documents/Travail/cbnsl_benchmark/scaling/../scaling/results/2026-03-30_20h11_sem_laplace/graphs/golden__v20_a30_g10.json,/home/mathis/Documents/Travail/cbnsl_benchmark/scaling/../scaling/results/2026-03-30_20h11_sem_laplace/graphs/LiNGAM__v20_a30_g10_s5000.json,,3.734370117999788,0.0,0.0,1.0,1.0,1.0,1.0
sem_laplace,CPC,"{""alpha"": 0.01, ""max_conditioning_set_size"": 2}",20,30,200,11,/home/mathis/Documents/Travail/cbnsl_benchmark/scaling/../scaling/results/2026-03-30_20h11_sem_laplace/graphs/golden__v20_a30_g11.json,/home/mathis/Documents/Travail/cbnsl_benchmark/scaling/../scaling/results/2026-03-30_20h11_sem_laplace/graphs/CPC__v20_a30_g11_s200.json,,0.08202697600063402,28.0,28.0,0.125,0.5714285714285715,0.1,0.4
sem_laplace,CMIIC,"{""alpha"": 0.01}",20,30,200,11,/home/mathis/Documents/Travail/cbnsl_benchmark/scaling/../scaling/results/2026-03-30_20h11_sem_laplace/graphs/golden__v20_a30_g11.json,/home/mathis/Documents/Travail/cbnsl_benchmark/scaling/../scaling/results/2026-03-30_20h11_sem_laplace/graphs/CMIIC__v20_a30_g11_s200.json,,8.06592764999732,78.0,79.0,0.22000000000000003,0.46551724137931033,0.7857142857142857,0.9
sem_laplace,MIIC,"{""n_bins"": 2, ""discretization_method"": ""quantile""}",20,30,200,11,/home/mathis/Documents/Travail/cbnsl_benchmark/scaling/../scaling/results/2026-03-30_20h11_sem_laplace/graphs/golden__v20_a30_g11.json,/home/mathis/Documents/Travail/cbnsl_benchmark/scaling/../scaling/results/2026-03-30_20h11_sem_laplace/graphs/MIIC__v20_a30_g11_s200.json,,0.06522209300237591,31.0,27.0,0.37499999999999994,0.7,0.5,0.7
sem_laplace,GHC+BDeu,"{""n_bins"": 2, ""discretization_method"": ""quantile""}",20,30,200,11,/home/mathis/Documents/Travail/cbnsl_benchmark/scaling/../scaling/results/2026-03-30_20h11_sem_laplace/graphs/golden__v20_a30_g11.json,/home/mathis/Documents/Travail/cbnsl_benchmark/scaling/../scaling/results/2026-03-30_20h11_sem_laplace/graphs/GHC+BDeu__v20_a30_g11_s200.json,,0.052447555997787276,31.0,29.0,0.1951219512195122,0.7017543859649122,0.2857142857142857,0.6666666666666666
sem_laplace,NOTEARS,"{""lambda1"": 0.0, ""w_threshold_notears"": 0.1}",20,30,200,11,/home/mathis/Documents/Travail/cbnsl_benchmark/scaling/../scaling/results/2026-03-30_20h11_sem_laplace/graphs/golden__v20_a30_g11.json,/home/mathis/Documents/Travail/cbnsl_benchmark/scaling/../scaling/results/2026-03-30_20h11_sem_laplace/graphs/NOTEARS__v20_a30_g11_s200.json,,6.191410340001312,58.0,65.0,0.4313725490196079,0.5454545454545454,1.0,1.0
sem_laplace,NOTEARS Disc.,"{""lambda1"": 0.3, ""w_threshold_notears"": 0.1, ""n_bins"": 6, ""discretization_method"": ""hartemink"", ""initial_bins"": 20}",20,30,200,11,/home/mathis/Documents/Travail/cbnsl_benchmark/scaling/../scaling/results/2026-03-30_20h11_sem_laplace/graphs/golden__v20_a30_g11.json,/home/mathis/Documents/Travail/cbnsl_benchmark/scaling/../scaling/results/2026-03-30_20h11_sem_laplace/graphs/NOTEARS Disc.__v20_a30_g11_s200.json,,26.553654936000385,26.0,25.0,0.37209302325581395,0.793103448275862,0.5333333333333333,0.7666666666666667
sem_laplace,LiNGAM,"{""threshold_lingam"": 0.01}",20,30,200,11,/home/mathis/Documents/Travail/cbnsl_benchmark/scaling/../scaling/results/2026-03-30_20h11_sem_laplace/graphs/golden__v20_a30_g11.json,/home/mathis/Documents/Travail/cbnsl_benchmark/scaling/../scaling/results/2026-03-30_20h11_sem_laplace/graphs/LiNGAM__v20_a30_g11_s200.json,,1.2035886170015146,5.0,15.0,0.8852459016393442,0.9375,1.0,1.0
sem_laplace,CPC,"{""alpha"": 0.01, ""max_conditioning_set_size"": 2}",20,30,500,11,/home/mathis/Documents/Travail/cbnsl_benchmark/scaling/../scaling/results/2026-03-30_20h11_sem_laplace/graphs/golden__v20_a30_g11.json,/home/mathis/Documents/Travail/cbnsl_benchmark/scaling/../scaling/results/2026-03-30_20h11_sem_laplace/graphs/CPC__v20_a30_g11_s500.json,,0.4541024079990166,27.0,27.0,0.23529411764705882,0.4210526315789474,0.15384615384615385,0.26666666666666666
sem_laplace,CMIIC,"{""alpha"": 0.01}",20,30,500,11,/home/mathis/Documents/Travail/cbnsl_benchmark/scaling/../scaling/results/2026-03-30_20h11_sem_laplace/graphs/golden__v20_a30_g11.json,/home/mathis/Documents/Travail/cbnsl_benchmark/scaling/../scaling/results/2026-03-30_20h11_sem_laplace/graphs/CMIIC__v20_a30_g11_s500.json,,33.919185200000356,56.0,59.0,0.32941176470588235,0.5510204081632653,0.8235294117647058,0.9
sem_laplace,MIIC,"{""n_bins"": 2, ""discretization_method"": ""quantile""}",20,30,500,11,/home/mathis/Documents/Travail/cbnsl_benchmark/scaling/../scaling/results/2026-03-30_20h11_sem_laplace/graphs/golden__v20_a30_g11.json,/home/mathis/Documents/Travail/cbnsl_benchmark/scaling/../scaling/results/2026-03-30_20h11_sem_laplace/graphs/MIIC__v20_a30_g11_s500.json,,0.11156847099846345,18.0,17.0,0.6415094339622641,0.819672131147541,0.7727272727272727,0.8333333333333334
sem_laplace,GHC+BDeu,"{""n_bins"": 2, ""discretization_method"": ""quantile""}",20,30,500,11,/home/mathis/Documents/Travail/cbnsl_benchmark/scaling/../scaling/results/2026-03-30_20h11_sem_laplace/graphs/golden__v20_a30_g11.json,/home/mathis/Documents/Travail/cbnsl_benchmark/scaling/../scaling/results/2026-03-30_20h11_sem_laplace/graphs/GHC+BDeu__v20_a30_g11_s500.json,,0.07492350900065503,26.0,23.0,0.4090909090909091,0.8333333333333334,0.6428571428571429,0.8333333333333334
sem_laplace,NOTEARS,"{""lambda1"": 0.0, ""w_threshold_notears"": 0.1}",20,30,500,11,/home/mathis/Documents/Travail/cbnsl_benchmark/scaling/../scaling/results/2026-03-30_20h11_sem_laplace/graphs/golden__v20_a30_g11.json,/home/mathis/Documents/Travail/cbnsl_benchmark/scaling/../scaling/results/2026-03-30_20h11_sem_laplace/graphs/NOTEARS__v20_a30_g11_s500.json,,8.161178342001222,29.0,44.0,0.5866666666666668,0.7228915662650602,1.0,1.0
sem_laplace,NOTEARS Disc.,"{""lambda1"": 0.3, ""w_threshold_notears"": 0.1, ""n_bins"": 6, ""discretization_method"": ""hartemink"", ""initial_bins"": 20}",20,30,500,11,/home/mathis/Documents/Travail/cbnsl_benchmark/scaling/../scaling/results/2026-03-30_20h11_sem_laplace/graphs/golden__v20_a30_g11.json,/home/mathis/Documents/Travail/cbnsl_benchmark/scaling/../scaling/results/2026-03-30_20h11_sem_laplace/graphs/NOTEARS Disc.__v20_a30_g11_s500.json,,42.51957191300244,21.0,25.0,0.5116279069767441,0.8771929824561403,0.6875,0.8333333333333334
sem_laplace,LiNGAM,"{""threshold_lingam"": 0.01}",20,30,500,11,/home/mathis/Documents/Travail/cbnsl_benchmark/scaling/../scaling/results/2026-03-30_20h11_sem_laplace/graphs/golden__v20_a30_g11.json,/home/mathis/Documents/Travail/cbnsl_benchmark/scaling/../scaling/results/2026-03-30_20h11_sem_laplace/graphs/LiNGAM__v20_a30_g11_s500.json,,1.2919605690003664,7.0,19.0,0.8852459016393442,0.9375,1.0,1.0
sem_laplace,CPC,"{""alpha"": 0.01, ""max_conditioning_set_size"": 2}",20,30,1000,11,/home/mathis/Documents/Travail/cbnsl_benchmark/scaling/../scaling/results/2026-03-30_20h11_sem_laplace/graphs/golden__v20_a30_g11.json,/home/mathis/Documents/Travail/cbnsl_benchmark/scaling/../scaling/results/2026-03-30_20h11_sem_laplace/graphs/CPC__v20_a30_g11_s1000.json,,2.2239207810016524,23.0,23.0,0.3783783783783784,0.6363636363636364,0.30434782608695654,0.4666666666666667
sem_laplace,CMIIC,"{""alpha"": 0.01}",20,30,1000,11,/home/mathis/Documents/Travail/cbnsl_benchmark/scaling/../scaling/results/2026-03-30_20h11_sem_laplace/graphs/golden__v20_a30_g11.json,/home/mathis/Documents/Travail/cbnsl_benchmark/scaling/../scaling/results/2026-03-30_20h11_sem_laplace/graphs/CMIIC__v20_a30_g11_s1000.json,,94.04469348199927,28.0,42.0,0.5714285714285714,0.7012987012987012,0.8695652173913043,0.9
sem_laplace,MIIC,"{""n_bins"": 2, ""discretization_method"": ""quantile""}",20,30,1000,11,/home/mathis/Documents/Travail/cbnsl_benchmark/scaling/../scaling/results/2026-03-30_20h11_sem_laplace/graphs/golden__v20_a30_g11.json,/home/mathis/Documents/Travail/cbnsl_benchmark/scaling/../scaling/results/2026-03-30_20h11_sem_laplace/graphs/MIIC__v20_a30_g11_s1000.json,,0.18900072700125747,14.0,18.0,0.6530612244897959,0.8620689655172413,0.7619047619047619,0.8333333333333334
sem_laplace,GHC+BDeu,"{""n_bins"": 2, ""discretization_method"": ""quantile""}",20,30,1000,11,/home/mathis/Documents/Travail/cbnsl_benchmark/scaling/../scaling/results/2026-03-30_20h11_sem_laplace/graphs/golden__v20_a30_g11.json,/home/mathis/Documents/Travail/cbnsl_benchmark/scaling/../scaling/results/2026-03-30_20h11_sem_laplace/graphs/GHC+BDeu__v20_a30_g11_s1000.json,,0.11119401800169726,26.0,24.0,0.4090909090909091,0.8333333333333334,0.6428571428571429,0.8333333333333334
sem_laplace,NOTEARS,"{""lambda1"": 0.0, ""w_threshold_notears"": 0.1}",20,30,1000,11,/home/mathis/Documents/Travail/cbnsl_benchmark/scaling/../scaling/results/2026-03-30_20h11_sem_laplace/graphs/golden__v20_a30_g11.json,/home/mathis/Documents/Travail/cbnsl_benchmark/scaling/../scaling/results/2026-03-30_20h11_sem_laplace/graphs/NOTEARS__v20_a30_g11_s1000.json,,16.121667406001507,33.0,37.0,0.5753424657534247,0.7317073170731707,1.0,1.0
sem_laplace,NOTEARS Disc.,"{""lambda1"": 0.3, ""w_threshold_notears"": 0.1, ""n_bins"": 6, ""discretization_method"": ""hartemink"", ""initial_bins"": 20}",20,30,1000,11,/home/mathis/Documents/Travail/cbnsl_benchmark/scaling/../scaling/results/2026-03-30_20h11_sem_laplace/graphs/golden__v20_a30_g11.json,,[pyAgrum] Directed cycle detected: Add a directed cycle in a dag !,,,,,,,
sem_laplace,LiNGAM,"{""threshold_lingam"": 0.01}",20,30,1000,11,/home/mathis/Documents/Travail/cbnsl_benchmark/scaling/../scaling/results/2026-03-30_20h11_sem_laplace/graphs/golden__v20_a30_g11.json,/home/mathis/Documents/Travail/cbnsl_benchmark/scaling/../scaling/results/2026-03-30_20h11_sem_laplace/graphs/LiNGAM__v20_a30_g11_s1000.json,,1.743556986002659,2.0,9.0,0.9333333333333333,0.967741935483871,1.0,1.0
sem_laplace,CPC,"{""alpha"": 0.01, ""max_conditioning_set_size"": 2}",20,30,3000,11,/home/mathis/Documents/Travail/cbnsl_benchmark/scaling/../scaling/results/2026-03-30_20h11_sem_laplace/graphs/golden__v20_a30_g11.json,/home/mathis/Documents/Travail/cbnsl_benchmark/scaling/../scaling/results/2026-03-30_20h11_sem_laplace/graphs/CPC__v20_a30_g11_s3000.json,,31.67377733199828,21.0,24.0,0.4615384615384615,0.8235294117647058,0.5,0.7
sem_laplace,CMIIC,"{""alpha"": 0.01}",20,30,3000,11,/home/mathis/Documents/Travail/cbnsl_benchmark/scaling/../scaling/results/2026-03-30_20h11_sem_laplace/graphs/golden__v20_a30_g11.json,/home/mathis/Documents/Travail/cbnsl_benchmark/scaling/../scaling/results/2026-03-30_20h11_sem_laplace/graphs/CMIIC__v20_a30_g11_s3000.json,,202.97175836599854,12.0,22.0,0.7777777777777777,0.9,0.875,0.9
sem_laplace,MIIC,"{""n_bins"": 2, ""discretization_method"": ""quantile""}",20,30,3000,11,/home/mathis/Documents/Travail/cbnsl_benchmark/scaling/../scaling/results/2026-03-30_20h11_sem_laplace/graphs/golden__v20_a30_g11.json,/home/mathis/Documents/Travail/cbnsl_benchmark/scaling/../scaling/results/2026-03-30_20h11_sem_laplace/graphs/MIIC__v20_a30_g11_s3000.json,,1.130357706999348,18.0,20.0,0.7272727272727272,0.8524590163934426,0.8333333333333334,0.8666666666666667
sem_laplace,GHC+BDeu,"{""n_bins"": 2, ""discretization_method"": ""quantile""}",20,30,3000,11,/home/mathis/Documents/Travail/cbnsl_benchmark/scaling/../scaling/results/2026-03-30_20h11_sem_laplace/graphs/golden__v20_a30_g11.json,/home/mathis/Documents/Travail/cbnsl_benchmark/scaling/../scaling/results/2026-03-30_20h11_sem_laplace/graphs/GHC+BDeu__v20_a30_g11_s3000.json,,0.38439661799930036,27.0,28.0,0.35294117647058826,0.7647058823529413,0.6923076923076923,0.8666666666666667
sem_laplace,NOTEARS,"{""lambda1"": 0.0, ""w_threshold_notears"": 0.1}",20,30,3000,11,/home/mathis/Documents/Travail/cbnsl_benchmark/scaling/../scaling/results/2026-03-30_20h11_sem_laplace/graphs/golden__v20_a30_g11.json,/home/mathis/Documents/Travail/cbnsl_benchmark/scaling/../scaling/results/2026-03-30_20h11_sem_laplace/graphs/NOTEARS__v20_a30_g11_s3000.json,,34.309378142999776,31.0,41.0,0.5352112676056338,0.7317073170731707,1.0,1.0
sem_laplace,NOTEARS Disc.,"{""lambda1"": 0.3, ""w_threshold_notears"": 0.1, ""n_bins"": 6, ""discretization_method"": ""hartemink"", ""initial_bins"": 20}",20,30,3000,11,/home/mathis/Documents/Travail/cbnsl_benchmark/scaling/../scaling/results/2026-03-30_20h11_sem_laplace/graphs/golden__v20_a30_g11.json,,[pyAgrum] Directed cycle detected: Add a directed cycle in a dag !,,,,,,,
sem_laplace,LiNGAM,"{""threshold_lingam"": 0.01}",20,30,3000,11,/home/mathis/Documents/Travail/cbnsl_benchmark/scaling/../scaling/results/2026-03-30_20h11_sem_laplace/graphs/golden__v20_a30_g11.json,/home/mathis/Documents/Travail/cbnsl_benchmark/scaling/../scaling/results/2026-03-30_20h11_sem_laplace/graphs/LiNGAM__v20_a30_g11_s3000.json,,2.7635104049986694,0.0,0.0,0.9655172413793104,1.0,1.0,1.0
sem_laplace,CPC,"{""alpha"": 0.01, ""max_conditioning_set_size"": 2}",20,30,5000,11,/home/mathis/Documents/Travail/cbnsl_benchmark/scaling/../scaling/results/2026-03-30_20h11_sem_laplace/graphs/golden__v20_a30_g11.json,/home/mathis/Documents/Travail/cbnsl_benchmark/scaling/../scaling/results/2026-03-30_20h11_sem_laplace/graphs/CPC__v20_a30_g11_s5000.json,,105.52107943800002,20.0,27.0,0.5833333333333334,0.8070175438596491,0.6666666666666666,0.7666666666666667
sem_laplace,CMIIC,"{""alpha"": 0.01}",20,30,5000,11,/home/mathis/Documents/Travail/cbnsl_benchmark/scaling/../scaling/results/2026-03-30_20h11_sem_laplace/graphs/golden__v20_a30_g11.json,/home/mathis/Documents/Travail/cbnsl_benchmark/scaling/../scaling/results/2026-03-30_20h11_sem_laplace/graphs/CMIIC__v20_a30_g11_s5000.json,,648.405601876002,7.0,25.0,0.8363636363636363,0.9333333333333333,0.92,0.9333333333333333
sem_laplace,MIIC,"{""n_bins"": 2, ""discretization_method"": ""quantile""}",20,30,5000,11,/home/mathis/Documents/Travail/cbnsl_benchmark/scaling/../scaling/results/2026-03-30_20h11_sem_laplace/graphs/golden__v20_a30_g11.json,/home/mathis/Documents/Travail/cbnsl_benchmark/scaling/../scaling/results/2026-03-30_20h11_sem_laplace/graphs/MIIC__v20_a30_g11_s5000.json,,2.1793228829992586,19.0,27.0,0.6545454545454545,0.84375,0.8571428571428571,0.9
sem_laplace,GHC+BDeu,"{""n_bins"": 2, ""discretization_method"": ""quantile""}",20,30,5000,11,/home/mathis/Documents/Travail/cbnsl_benchmark/scaling/../scaling/results/2026-03-30_20h11_sem_laplace/graphs/golden__v20_a30_g11.json,/home/mathis/Documents/Travail/cbnsl_benchmark/scaling/../scaling/results/2026-03-30_20h11_sem_laplace/graphs/GHC+BDeu__v20_a30_g11_s5000.json,,0.6632612159992277,36.0,34.0,0.32727272727272727,0.7397260273972602,0.75,0.9
sem_laplace,NOTEARS,"{""lambda1"": 0.0, ""w_threshold_notears"": 0.1}",20,30,5000,11,/home/mathis/Documents/Travail/cbnsl_benchmark/scaling/../scaling/results/2026-03-30_20h11_sem_laplace/graphs/golden__v20_a30_g11.json,/home/mathis/Documents/Travail/cbnsl_benchmark/scaling/../scaling/results/2026-03-30_20h11_sem_laplace/graphs/NOTEARS__v20_a30_g11_s5000.json,,45.314241971998854,27.0,37.0,0.5797101449275363,0.759493670886076,1.0,1.0
sem_laplace,NOTEARS Disc.,"{""lambda1"": 0.3, ""w_threshold_notears"": 0.1, ""n_bins"": 6, ""discretization_method"": ""hartemink"", ""initial_bins"": 20}",20,30,5000,11,/home/mathis/Documents/Travail/cbnsl_benchmark/scaling/../scaling/results/2026-03-30_20h11_sem_laplace/graphs/golden__v20_a30_g11.json,,[pyAgrum] Directed cycle detected: Add a directed cycle in a dag !,,,,,,,
sem_laplace,LiNGAM,"{""threshold_lingam"": 0.01}",20,30,5000,11,/home/mathis/Documents/Travail/cbnsl_benchmark/scaling/../scaling/results/2026-03-30_20h11_sem_laplace/graphs/golden__v20_a30_g11.json,/home/mathis/Documents/Travail/cbnsl_benchmark/scaling/../scaling/results/2026-03-30_20h11_sem_laplace/graphs/LiNGAM__v20_a30_g11_s5000.json,,4.039459333002014,0.0,0.0,0.9655172413793104,1.0,1.0,1.0
sem_laplace,CPC,"{""alpha"": 0.01, ""max_conditioning_set_size"": 2}",20,30,200,12,/home/mathis/Documents/Travail/cbnsl_benchmark/scaling/../scaling/results/2026-03-30_20h11_sem_laplace/graphs/golden__v20_a30_g12.json,/home/mathis/Documents/Travail/cbnsl_benchmark/scaling/../scaling/results/2026-03-30_20h11_sem_laplace/graphs/CPC__v20_a30_g12_s200.json,,0.06756873199992697,29.0,29.0,0.125,0.4210526315789474,0.08333333333333333,0.26666666666666666
sem_laplace,CMIIC,"{""alpha"": 0.01}",20,30,200,12,/home/mathis/Documents/Travail/cbnsl_benchmark/scaling/../scaling/results/2026-03-30_20h11_sem_laplace/graphs/golden__v20_a30_g12.json,/home/mathis/Documents/Travail/cbnsl_benchmark/scaling/../scaling/results/2026-03-30_20h11_sem_laplace/graphs/CMIIC__v20_a30_g12_s200.json,,13.85405341799924,74.0,76.0,0.3137254901960784,0.4912280701754386,0.8888888888888888,0.9333333333333333
sem_laplace,MIIC,"{""n_bins"": 2, ""discretization_method"": ""quantile""}",20,30,200,12,/home/mathis/Documents/Travail/cbnsl_benchmark/scaling/../scaling/results/2026-03-30_20h11_sem_laplace/graphs/golden__v20_a30_g12.json,/home/mathis/Documents/Travail/cbnsl_benchmark/scaling/../scaling/results/2026-03-30_20h11_sem_laplace/graphs/MIIC__v20_a30_g12_s200.json,,0.07562523700107704,22.0,23.0,0.39024390243902435,0.7777777777777777,0.47058823529411764,0.7
sem_laplace,GHC+BDeu,"{""n_bins"": 2, ""discretization_method"": ""quantile""}",20,30,200,12,/home/mathis/Documents/Travail/cbnsl_benchmark/scaling/../scaling/results/2026-03-30_20h11_sem_laplace/graphs/golden__v20_a30_g12.json,/home/mathis/Documents/Travail/cbnsl_benchmark/scaling/../scaling/results/2026-03-30_20h11_sem_laplace/graphs/GHC+BDeu__v20_a30_g12_s200.json,,0.0528103229989938,25.0,27.0,0.3,0.7407407407407408,0.375,0.6666666666666666
sem_laplace,NOTEARS,"{""lambda1"": 0.0, ""w_threshold_notears"": 0.1}",20,30,200,12,/home/mathis/Documents/Travail/cbnsl_benchmark/scaling/../scaling/results/2026-03-30_20h11_sem_laplace/graphs/golden__v20_a30_g12.json,/home/mathis/Documents/Travail/cbnsl_benchmark/scaling/../scaling/results/2026-03-30_20h11_sem_laplace/graphs/NOTEARS__v20_a30_g12_s200.json,,11.912578234998364,51.0,56.0,0.48351648351648346,0.6060606060606061,1.0,1.0
sem_laplace,NOTEARS Disc.,"{""lambda1"": 0.3, ""w_threshold_notears"": 0.1, ""n_bins"": 6, ""discretization_method"": ""hartemink"", ""initial_bins"": 20}",20,30,200,12,/home/mathis/Documents/Travail/cbnsl_benchmark/scaling/../scaling/results/2026-03-30_20h11_sem_laplace/graphs/golden__v20_a30_g12.json,/home/mathis/Documents/Travail/cbnsl_benchmark/scaling/../scaling/results/2026-03-30_20h11_sem_laplace/graphs/NOTEARS Disc.__v20_a30_g12_s200.json,,27.174598323999817,18.0,21.0,0.6122448979591838,0.847457627118644,0.75,0.8333333333333334
sem_laplace,LiNGAM,"{""threshold_lingam"": 0.01}",20,30,200,12,/home/mathis/Documents/Travail/cbnsl_benchmark/scaling/../scaling/results/2026-03-30_20h11_sem_laplace/graphs/golden__v20_a30_g12.json,/home/mathis/Documents/Travail/cbnsl_benchmark/scaling/../scaling/results/2026-03-30_20h11_sem_laplace/graphs/LiNGAM__v20_a30_g12_s200.json,,1.1177221360012481,10.0,10.0,0.8,0.9523809523809523,1.0,1.0
sem_laplace,CPC,"{""alpha"": 0.01, ""max_conditioning_set_size"": 2}",20,30,500,12,/home/mathis/Documents/Travail/cbnsl_benchmark/scaling/../scaling/results/2026-03-30_20h11_sem_laplace/graphs/golden__v20_a30_g12.json,/home/mathis/Documents/Travail/cbnsl_benchmark/scaling/../scaling/results/2026-03-30_20h11_sem_laplace/graphs/CPC__v20_a30_g12_s500.json,,0.5330072790020495,26.0,28.0,0.23529411764705885,0.5714285714285715,0.18181818181818182,0.4
sem_laplace,CMIIC,"{""alpha"": 0.01}",20,30,500,12,/home/mathis/Documents/Travail/cbnsl_benchmark/scaling/../scaling/results/2026-03-30_20h11_sem_laplace/graphs/golden__v20_a30_g12.json,/home/mathis/Documents/Travail/cbnsl_benchmark/scaling/../scaling/results/2026-03-30_20h11_sem_laplace/graphs/CMIIC__v20_a30_g12_s500.json,,25.83113641000091,42.0,50.0,0.4324324324324324,0.6352941176470589,0.8421052631578947,0.9
sem_laplace,MIIC,"{""n_bins"": 2, ""discretization_method"": ""quantile""}",20,30,500,12,/home/mathis/Documents/Travail/cbnsl_benchmark/scaling/../scaling/results/2026-03-30_20h11_sem_laplace/graphs/golden__v20_a30_g12.json,/home/mathis/Documents/Travail/cbnsl_benchmark/scaling/../scaling/results/2026-03-30_20h11_sem_laplace/graphs/MIIC__v20_a30_g12_s500.json,,0.12347531599880313,20.0,20.0,0.6250000000000001,0.8,0.6521739130434783,0.7333333333333333
sem_laplace,GHC+BDeu,"{""n_bins"": 2, ""discretization_method"": ""quantile""}",20,30,500,12,/home/mathis/Documents/Travail/cbnsl_benchmark/scaling/../scaling/results/2026-03-30_20h11_sem_laplace/graphs/golden__v20_a30_g12.json,/home/mathis/Documents/Travail/cbnsl_benchmark/scaling/../scaling/results/2026-03-30_20h11_sem_laplace/graphs/GHC+BDeu__v20_a30_g12_s500.json,,0.07617386900165002,28.0,29.0,0.4255319148936171,0.7457627118644068,0.5555555555555556,0.7333333333333333
sem_laplace,NOTEARS,"{""lambda1"": 0.0, ""w_threshold_notears"": 0.1}",20,30,500,12,/home/mathis/Documents/Travail/cbnsl_benchmark/scaling/../scaling/results/2026-03-30_20h11_sem_laplace/graphs/golden__v20_a30_g12.json,/home/mathis/Documents/Travail/cbnsl_benchmark/scaling/../scaling/results/2026-03-30_20h11_sem_laplace/graphs/NOTEARS__v20_a30_g12_s500.json,,12.847666260000551,29.0,36.0,0.5675675675675677,0.7073170731707317,0.9545454545454546,0.9666666666666667
sem_laplace,NOTEARS Disc.,"{""lambda1"": 0.3, ""w_threshold_notears"": 0.1, ""n_bins"": 6, ""discretization_method"": ""hartemink"", ""initial_bins"": 20}",20,30,500,12,/home/mathis/Documents/Travail/cbnsl_benchmark/scaling/../scaling/results/2026-03-30_20h11_sem_laplace/graphs/golden__v20_a30_g12.json,/home/mathis/Documents/Travail/cbnsl_benchmark/scaling/../scaling/results/2026-03-30_20h11_sem_laplace/graphs/NOTEARS Disc.__v20_a30_g12_s500.json,,41.40064070199878,17.0,21.0,0.5238095238095238,0.8928571428571429,0.6875,0.8333333333333334
sem_laplace,LiNGAM,"{""threshold_lingam"": 0.01}",20,30,500,12,/home/mathis/Documents/Travail/cbnsl_benchmark/scaling/../scaling/results/2026-03-30_20h11_sem_laplace/graphs/golden__v20_a30_g12.json,/home/mathis/Documents/Travail/cbnsl_benchmark/scaling/../scaling/results/2026-03-30_20h11_sem_laplace/graphs/LiNGAM__v20_a30_g12_s500.json,,1.4342029979998188,0.0,1.0,0.9090909090909091,1.0,1.0,1.0
sem_laplace,CPC,"{""alpha"": 0.01, ""max_conditioning_set_size"": 2}",20,30,1000,12,/home/mathis/Documents/Travail/cbnsl_benchmark/scaling/../scaling/results/2026-03-30_20h11_sem_laplace/graphs/golden__v20_a30_g12.json,/home/mathis/Documents/Travail/cbnsl_benchmark/scaling/../scaling/results/2026-03-30_20h11_sem_laplace/graphs/CPC__v20_a30_g12_s1000.json,,2.7907222600006207,24.0,29.0,0.1818181818181818,0.6666666666666666,0.16666666666666666,0.5
sem_laplace,CMIIC,"{""alpha"": 0.01}",20,30,1000,12,/home/mathis/Documents/Travail/cbnsl_benchmark/scaling/../scaling/results/2026-03-30_20h11_sem_laplace/graphs/golden__v20_a30_g12.json,/home/mathis/Documents/Travail/cbnsl_benchmark/scaling/../scaling/results/2026-03-30_20h11_sem_laplace/graphs/CMIIC__v20_a30_g12_s1000.json,,86.2060227740003,35.0,39.0,0.45454545454545453,0.6923076923076923,0.8333333333333334,0.9
sem_laplace,MIIC,"{""n_bins"": 2, ""discretization_method"": ""quantile""}",20,30,1000,12,/home/mathis/Documents/Travail/cbnsl_benchmark/scaling/../scaling/results/2026-03-30_20h11_sem_laplace/graphs/golden__v20_a30_g12.json,/home/mathis/Documents/Travail/cbnsl_benchmark/scaling/../scaling/results/2026-03-30_20h11_sem_laplace/graphs/MIIC__v20_a30_g12_s1000.json,,0.1990051590000803,18.0,22.0,0.693877551020408,0.8571428571428571,0.7391304347826086,0.8
sem_laplace,GHC+BDeu,"{""n_bins"": 2, ""discretization_method"": ""quantile""}",20,30,1000,12,/home/mathis/Documents/Travail/cbnsl_benchmark/scaling/../scaling/results/2026-03-30_20h11_sem_laplace/graphs/golden__v20_a30_g12.json,/home/mathis/Documents/Travail/cbnsl_benchmark/scaling/../scaling/results/2026-03-30_20h11_sem_laplace/graphs/GHC+BDeu__v20_a30_g12_s1000.json,,0.10962659200231428,30.0,28.0,0.3829787234042553,0.7741935483870969,0.6,0.8
sem_laplace,NOTEARS,"{""lambda1"": 0.0, ""w_threshold_notears"": 0.1}",20,30,1000,12,/home/mathis/Documents/Travail/cbnsl_benchmark/scaling/../scaling/results/2026-03-30_20h11_sem_laplace/graphs/golden__v20_a30_g12.json,/home/mathis/Documents/Travail/cbnsl_benchmark/scaling/../scaling/results/2026-03-30_20h11_sem_laplace/graphs/NOTEARS__v20_a30_g12_s1000.json,,16.261863634998008,11.0,18.0,0.7419354838709677,0.8695652173913044,1.0,1.0
sem_laplace,NOTEARS Disc.,"{""lambda1"": 0.3, ""w_threshold_notears"": 0.1, ""n_bins"": 6, ""discretization_method"": ""hartemink"", ""initial_bins"": 20}",20,30,1000,12,/home/mathis/Documents/Travail/cbnsl_benchmark/scaling/../scaling/results/2026-03-30_20h11_sem_laplace/graphs/golden__v20_a30_g12.json,/home/mathis/Documents/Travail/cbnsl_benchmark/scaling/../scaling/results/2026-03-30_20h11_sem_laplace/graphs/NOTEARS Disc.__v20_a30_g12_s1000.json,,68.40719372199965,15.0,21.0,0.5581395348837209,0.8727272727272728,0.6666666666666666,0.8
sem_laplace,LiNGAM,"{""threshold_lingam"": 0.01}",20,30,1000,12,/home/mathis/Documents/Travail/cbnsl_benchmark/scaling/../scaling/results/2026-03-30_20h11_sem_laplace/graphs/golden__v20_a30_g12.json,/home/mathis/Documents/Travail/cbnsl_benchmark/scaling/../scaling/results/2026-03-30_20h11_sem_laplace/graphs/LiNGAM__v20_a30_g12_s1000.json,,1.552648782999313,0.0,1.0,0.9090909090909091,1.0,1.0,1.0
sem_laplace,CPC,"{""alpha"": 0.01, ""max_conditioning_set_size"": 2}",20,30,3000,12,/home/mathis/Documents/Travail/cbnsl_benchmark/scaling/../scaling/results/2026-03-30_20h11_sem_laplace/graphs/golden__v20_a30_g12.json,/home/mathis/Documents/Travail/cbnsl_benchmark/scaling/../scaling/results/2026-03-30_20h11_sem_laplace/graphs/CPC__v20_a30_g12_s3000.json,,37.611207958001614,27.0,29.0,0.27027027027027023,0.7924528301886793,0.35714285714285715,0.7
sem_laplace,CMIIC,"{""alpha"": 0.01}",20,30,3000,12,/home/mathis/Documents/Travail/cbnsl_benchmark/scaling/../scaling/results/2026-03-30_20h11_sem_laplace/graphs/golden__v20_a30_g12.json,/home/mathis/Documents/Travail/cbnsl_benchmark/scaling/../scaling/results/2026-03-30_20h11_sem_laplace/graphs/CMIIC__v20_a30_g12_s3000.json,,175.12049550099982,18.0,17.0,0.653061224489796,0.9,0.8421052631578947,0.9
sem_laplace,MIIC,"{""n_bins"": 2, ""discretization_method"": ""quantile""}",20,30,3000,12,/home/mathis/Documents/Travail/cbnsl_benchmark/scaling/../scaling/results/2026-03-30_20h11_sem_laplace/graphs/golden__v20_a30_g12.json,/home/mathis/Documents/Travail/cbnsl_benchmark/scaling/../scaling/results/2026-03-30_20h11_sem_laplace/graphs/MIIC__v20_a30_g12_s3000.json,,1.1935515530021803,17.0,26.0,0.6296296296296295,0.84375,0.85,0.9
sem_laplace,GHC+BDeu,"{""n_bins"": 2, ""discretization_method"": ""quantile""}",20,30,3000,12,/home/mathis/Documents/Travail/cbnsl_benchmark/scaling/../scaling/results/2026-03-30_20h11_sem_laplace/graphs/golden__v20_a30_g12.json,/home/mathis/Documents/Travail/cbnsl_benchmark/scaling/../scaling/results/2026-03-30_20h11_sem_laplace/graphs/GHC+BDeu__v20_a30_g12_s3000.json,,0.40692835099980584,33.0,29.0,0.34615384615384615,0.7887323943661972,0.8181818181818182,0.9333333333333333
sem_laplace,NOTEARS,"{""lambda1"": 0.0, ""w_threshold_notears"": 0.1}",20,30,3000,12,/home/mathis/Documents/Travail/cbnsl_benchmark/scaling/../scaling/results/2026-03-30_20h11_sem_laplace/graphs/golden__v20_a30_g12.json,/home/mathis/Documents/Travail/cbnsl_benchmark/scaling/../scaling/results/2026-03-30_20h11_sem_laplace/graphs/NOTEARS__v20_a30_g12_s3000.json,,35.78004337499806,9.0,18.0,0.8,0.9090909090909091,1.0,1.0
sem_laplace,NOTEARS Disc.,"{""lambda1"": 0.3, ""w_threshold_notears"": 0.1, ""n_bins"": 6, ""discretization_method"": ""hartemink"", ""initial_bins"": 20}",20,30,3000,12,/home/mathis/Documents/Travail/cbnsl_benchmark/scaling/../scaling/results/2026-03-30_20h11_sem_laplace/graphs/golden__v20_a30_g12.json,/home/mathis/Documents/Travail/cbnsl_benchmark/scaling/../scaling/results/2026-03-30_20h11_sem_laplace/graphs/NOTEARS Disc.__v20_a30_g12_s3000.json,,149.02878643200165,10.0,17.0,0.6956521739130435,0.9090909090909091,0.7619047619047619,0.8333333333333334
sem_laplace,LiNGAM,"{""threshold_lingam"": 0.01}",20,30,3000,12,/home/mathis/Documents/Travail/cbnsl_benchmark/scaling/../scaling/results/2026-03-30_20h11_sem_laplace/graphs/golden__v20_a30_g12.json,/home/mathis/Documents/Travail/cbnsl_benchmark/scaling/../scaling/results/2026-03-30_20h11_sem_laplace/graphs/LiNGAM__v20_a30_g12_s3000.json,,2.6713349179990473,0.0,1.0,0.9090909090909091,1.0,1.0,1.0
sem_laplace,CPC,"{""alpha"": 0.01, ""max_conditioning_set_size"": 2}",20,30,5000,12,/home/mathis/Documents/Travail/cbnsl_benchmark/scaling/../scaling/results/2026-03-30_20h11_sem_laplace/graphs/golden__v20_a30_g12.json,/home/mathis/Documents/Travail/cbnsl_benchmark/scaling/../scaling/results/2026-03-30_20h11_sem_laplace/graphs/CPC__v20_a30_g12_s5000.json,,127.4445839330001,21.0,20.0,0.4,0.8571428571428571,0.5714285714285714,0.8
sem_laplace,CMIIC,"{""alpha"": 0.01}",20,30,5000,12,/home/mathis/Documents/Travail/cbnsl_benchmark/scaling/../scaling/results/2026-03-30_20h11_sem_laplace/graphs/golden__v20_a30_g12.json,/home/mathis/Documents/Travail/cbnsl_benchmark/scaling/../scaling/results/2026-03-30_20h11_sem_laplace/graphs/CMIIC__v20_a30_g12_s5000.json,,340.60713373199906,9.0,7.0,0.6956521739130435,0.9473684210526316,0.8421052631578947,0.9
sem_laplace,MIIC,"{""n_bins"": 2, ""discretization_method"": ""quantile""}",20,30,5000,12,/home/mathis/Documents/Travail/cbnsl_benchmark/scaling/../scaling/results/2026-03-30_20h11_sem_laplace/graphs/golden__v20_a30_g12.json,/home/mathis/Documents/Travail/cbnsl_benchmark/scaling/../scaling/results/2026-03-30_20h11_sem_laplace/graphs/MIIC__v20_a30_g12_s5000.json,,2.3297266000008676,22.0,27.0,0.5614035087719298,0.7941176470588235,0.8421052631578947,0.9
sem_laplace,GHC+BDeu,"{""n_bins"": 2, ""discretization_method"": ""quantile""}",20,30,5000,12,/home/mathis/Documents/Travail/cbnsl_benchmark/scaling/../scaling/results/2026-03-30_20h11_sem_laplace/graphs/golden__v20_a30_g12.json,/home/mathis/Documents/Travail/cbnsl_benchmark/scaling/../scaling/results/2026-03-30_20h11_sem_laplace/graphs/GHC+BDeu__v20_a30_g12_s5000.json,,0.7143143700013752,34.0,27.0,0.38596491228070173,0.7567567567567568,0.8461538461538461,0.9333333333333333
sem_laplace,NOTEARS,"{""lambda1"": 0.0, ""w_threshold_notears"": 0.1}",20,30,5000,12,/home/mathis/Documents/Travail/cbnsl_benchmark/scaling/../scaling/results/2026-03-30_20h11_sem_laplace/graphs/golden__v20_a30_g12.json,/home/mathis/Documents/Travail/cbnsl_benchmark/scaling/../scaling/results/2026-03-30_20h11_sem_laplace/graphs/NOTEARS__v20_a30_g12_s5000.json,,50.08260298099776,14.0,23.0,0.7301587301587301,0.8571428571428571,1.0,1.0
sem_laplace,NOTEARS Disc.,"{""lambda1"": 0.3, ""w_threshold_notears"": 0.1, ""n_bins"": 6, ""discretization_method"": ""hartemink"", ""initial_bins"": 20}",20,30,5000,12,/home/mathis/Documents/Travail/cbnsl_benchmark/scaling/../scaling/results/2026-03-30_20h11_sem_laplace/graphs/golden__v20_a30_g12.json,/home/mathis/Documents/Travail/cbnsl_benchmark/scaling/../scaling/results/2026-03-30_20h11_sem_laplace/graphs/NOTEARS Disc.__v20_a30_g12_s5000.json,,230.43109336199996,10.0,17.0,0.6956521739130435,0.9090909090909091,0.7619047619047619,0.8333333333333334
sem_laplace,LiNGAM,"{""threshold_lingam"": 0.01}",20,30,5000,12,/home/mathis/Documents/Travail/cbnsl_benchmark/scaling/../scaling/results/2026-03-30_20h11_sem_laplace/graphs/golden__v20_a30_g12.json,/home/mathis/Documents/Travail/cbnsl_benchmark/scaling/../scaling/results/2026-03-30_20h11_sem_laplace/graphs/LiNGAM__v20_a30_g12_s5000.json,,3.697972996000317,0.0,1.0,0.9090909090909091,1.0,1.0,1.0
sem_laplace,CPC,"{""alpha"": 0.01, ""max_conditioning_set_size"": 2}",20,30,200,13,/home/mathis/Documents/Travail/cbnsl_benchmark/scaling/../scaling/results/2026-03-30_20h11_sem_laplace/graphs/golden__v20_a30_g13.json,/home/mathis/Documents/Travail/cbnsl_benchmark/scaling/../scaling/results/2026-03-30_20h11_sem_laplace/graphs/CPC__v20_a30_g13_s200.json,,0.060189722000359325,30.0,30.0,0.0,0.45000000000000007,0.0,0.3
sem_laplace,CMIIC,"{""alpha"": 0.01}",20,30,200,13,/home/mathis/Documents/Travail/cbnsl_benchmark/scaling/../scaling/results/2026-03-30_20h11_sem_laplace/graphs/golden__v20_a30_g13.json,/home/mathis/Documents/Travail/cbnsl_benchmark/scaling/../scaling/results/2026-03-30_20h11_sem_laplace/graphs/CMIIC__v20_a30_g13_s200.json,,11.070176209999772,64.0,64.0,0.3260869565217392,0.5333333333333333,0.8823529411764706,0.9333333333333333
sem_laplace,MIIC,"{""n_bins"": 2, ""discretization_method"": ""quantile""}",20,30,200,13,/home/mathis/Documents/Travail/cbnsl_benchmark/scaling/../scaling/results/2026-03-30_20h11_sem_laplace/graphs/golden__v20_a30_g13.json,/home/mathis/Documents/Travail/cbnsl_benchmark/scaling/../scaling/results/2026-03-30_20h11_sem_laplace/graphs/MIIC__v20_a30_g13_s200.json,,0.0782415569992736,22.0,26.0,0.5416666666666667,0.75,0.5909090909090909,0.7
sem_laplace,GHC+BDeu,"{""n_bins"": 2, ""discretization_method"": ""quantile""}",20,30,200,13,/home/mathis/Documents/Travail/cbnsl_benchmark/scaling/../scaling/results/2026-03-30_20h11_sem_laplace/graphs/golden__v20_a30_g13.json,/home/mathis/Documents/Travail/cbnsl_benchmark/scaling/../scaling/results/2026-03-30_20h11_sem_laplace/graphs/GHC+BDeu__v20_a30_g13_s200.json,,0.05306944000039948,30.0,23.0,0.3333333333333333,0.793103448275862,0.5,0.7666666666666667
sem_laplace,NOTEARS,"{""lambda1"": 0.0, ""w_threshold_notears"": 0.1}",20,30,200,13,/home/mathis/Documents/Travail/cbnsl_benchmark/scaling/../scaling/results/2026-03-30_20h11_sem_laplace/graphs/golden__v20_a30_g13.json,/home/mathis/Documents/Travail/cbnsl_benchmark/scaling/../scaling/results/2026-03-30_20h11_sem_laplace/graphs/NOTEARS__v20_a30_g13_s200.json,,7.974917563999043,50.0,59.0,0.4421052631578947,0.5769230769230769,1.0,1.0
sem_laplace,NOTEARS Disc.,"{""lambda1"": 0.3, ""w_threshold_notears"": 0.1, ""n_bins"": 6, ""discretization_method"": ""hartemink"", ""initial_bins"": 20}",20,30,200,13,/home/mathis/Documents/Travail/cbnsl_benchmark/scaling/../scaling/results/2026-03-30_20h11_sem_laplace/graphs/golden__v20_a30_g13.json,/home/mathis/Documents/Travail/cbnsl_benchmark/scaling/../scaling/results/2026-03-30_20h11_sem_laplace/graphs/NOTEARS Disc.__v20_a30_g13_s200.json,,33.46664075800072,19.0,27.0,0.5833333333333334,0.847457627118644,0.7368421052631579,0.8333333333333334
sem_laplace,LiNGAM,"{""threshold_lingam"": 0.01}",20,30,200,13,/home/mathis/Documents/Travail/cbnsl_benchmark/scaling/../scaling/results/2026-03-30_20h11_sem_laplace/graphs/golden__v20_a30_g13.json,/home/mathis/Documents/Travail/cbnsl_benchmark/scaling/../scaling/results/2026-03-30_20h11_sem_laplace/graphs/LiNGAM__v20_a30_g13_s200.json,,1.182253385999502,26.0,28.0,0.6176470588235294,0.7792207792207793,1.0,1.0
sem_laplace,CPC,"{""alpha"": 0.01, ""max_conditioning_set_size"": 2}",20,30,500,13,/home/mathis/Documents/Travail/cbnsl_benchmark/scaling/../scaling/results/2026-03-30_20h11_sem_laplace/graphs/golden__v20_a30_g13.json,/home/mathis/Documents/Travail/cbnsl_benchmark/scaling/../scaling/results/2026-03-30_20h11_sem_laplace/graphs/CPC__v20_a30_g13_s500.json,,0.4643492920004064,28.0,29.0,0.125,0.5365853658536585,0.09523809523809523,0.36666666666666664
sem_laplace,CMIIC,"{""alpha"": 0.01}",20,30,500,13,/home/mathis/Documents/Travail/cbnsl_benchmark/scaling/../scaling/results/2026-03-30_20h11_sem_laplace/graphs/golden__v20_a30_g13.json,/home/mathis/Documents/Travail/cbnsl_benchmark/scaling/../scaling/results/2026-03-30_20h11_sem_laplace/graphs/CMIIC__v20_a30_g13_s500.json,,41.91955334999875,46.0,58.0,0.47191011235955055,0.568421052631579,0.875,0.9
sem_laplace,MIIC,"{""n_bins"": 2, ""discretization_method"": ""quantile""}",20,30,500,13,/home/mathis/Documents/Travail/cbnsl_benchmark/scaling/../scaling/results/2026-03-30_20h11_sem_laplace/graphs/golden__v20_a30_g13.json,/home/mathis/Documents/Travail/cbnsl_benchmark/scaling/../scaling/results/2026-03-30_20h11_sem_laplace/graphs/MIIC__v20_a30_g13_s500.json,,0.12777945400011959,18.0,27.0,0.7368421052631579,0.819672131147541,0.8076923076923077,0.8333333333333334
sem_laplace,GHC+BDeu,"{""n_bins"": 2, ""discretization_method"": ""quantile""}",20,30,500,13,/home/mathis/Documents/Travail/cbnsl_benchmark/scaling/../scaling/results/2026-03-30_20h11_sem_laplace/graphs/golden__v20_a30_g13.json,/home/mathis/Documents/Travail/cbnsl_benchmark/scaling/../scaling/results/2026-03-30_20h11_sem_laplace/graphs/GHC+BDeu__v20_a30_g13_s500.json,,0.07633388500107685,31.0,33.0,0.35555555555555557,0.7241379310344827,0.47058823529411764,0.7
sem_laplace,NOTEARS,"{""lambda1"": 0.0, ""w_threshold_notears"": 0.1}",20,30,500,13,/home/mathis/Documents/Travail/cbnsl_benchmark/scaling/../scaling/results/2026-03-30_20h11_sem_laplace/graphs/golden__v20_a30_g13.json,/home/mathis/Documents/Travail/cbnsl_benchmark/scaling/../scaling/results/2026-03-30_20h11_sem_laplace/graphs/NOTEARS__v20_a30_g13_s500.json,,9.511347904001013,25.0,37.0,0.6060606060606061,0.7733333333333334,0.9523809523809523,0.9666666666666667
sem_laplace,NOTEARS Disc.,"{""lambda1"": 0.3, ""w_threshold_notears"": 0.1, ""n_bins"": 6, ""discretization_method"": ""hartemink"", ""initial_bins"": 20}",20,30,500,13,/home/mathis/Documents/Travail/cbnsl_benchmark/scaling/../scaling/results/2026-03-30_20h11_sem_laplace/graphs/golden__v20_a30_g13.json,/home/mathis/Documents/Travail/cbnsl_benchmark/scaling/../scaling/results/2026-03-30_20h11_sem_laplace/graphs/NOTEARS Disc.__v20_a30_g13_s500.json,,44.19051205600044,13.0,17.0,0.6923076923076923,0.847457627118644,0.782608695652174,0.8333333333333334
sem_laplace,LiNGAM,"{""threshold_lingam"": 0.01}",20,30,500,13,/home/mathis/Documents/Travail/cbnsl_benchmark/scaling/../scaling/results/2026-03-30_20h11_sem_laplace/graphs/golden__v20_a30_g13.json,/home/mathis/Documents/Travail/cbnsl_benchmark/scaling/../scaling/results/2026-03-30_20h11_sem_laplace/graphs/LiNGAM__v20_a30_g13_s500.json,,1.4342619980016025,2.0,19.0,0.9122807017543859,0.9836065573770492,1.0,1.0
sem_laplace,CPC,"{""alpha"": 0.01, ""max_conditioning_set_size"": 2}",20,30,1000,13,/home/mathis/Documents/Travail/cbnsl_benchmark/scaling/../scaling/results/2026-03-30_20h11_sem_laplace/graphs/golden__v20_a30_g13.json,/home/mathis/Documents/Travail/cbnsl_benchmark/scaling/../scaling/results/2026-03-30_20h11_sem_laplace/graphs/CPC__v20_a30_g13_s1000.json,,2.3346125229982135,25.0,27.0,0.2857142857142857,0.6956521739130436,0.2631578947368421,0.5333333333333333
sem_laplace,CMIIC,"{""alpha"": 0.01}",20,30,1000,13,/home/mathis/Documents/Travail/cbnsl_benchmark/scaling/../scaling/results/2026-03-30_20h11_sem_laplace/graphs/golden__v20_a30_g13.json,/home/mathis/Documents/Travail/cbnsl_benchmark/scaling/../scaling/results/2026-03-30_20h11_sem_laplace/graphs/CMIIC__v20_a30_g13_s1000.json,,124.67737326799761,37.0,45.0,0.48648648648648646,0.6666666666666667,0.9,0.9333333333333333
sem_laplace,MIIC,"{""n_bins"": 2, ""discretization_method"": ""quantile""}",20,30,1000,13,/home/mathis/Documents/Travail/cbnsl_benchmark/scaling/../scaling/results/2026-03-30_20h11_sem_laplace/graphs/golden__v20_a30_g13.json,/home/mathis/Documents/Travail/cbnsl_benchmark/scaling/../scaling/results/2026-03-30_20h11_sem_laplace/graphs/MIIC__v20_a30_g13_s1000.json,,0.1929800329999125,13.0,27.0,0.75,0.8524590163934426,0.84,0.8666666666666667
sem_laplace,GHC+BDeu,"{""n_bins"": 2, ""discretization_method"": ""quantile""}",20,30,1000,13,/home/mathis/Documents/Travail/cbnsl_benchmark/scaling/../scaling/results/2026-03-30_20h11_sem_laplace/graphs/golden__v20_a30_g13.json,/home/mathis/Documents/Travail/cbnsl_benchmark/scaling/../scaling/results/2026-03-30_20h11_sem_laplace/graphs/GHC+BDeu__v20_a30_g13_s1000.json,,0.12497618899942609,23.0,26.0,0.4680851063829787,0.8387096774193549,0.7333333333333333,0.8666666666666667
sem_laplace,NOTEARS,"{""lambda1"": 0.0, ""w_threshold_notears"": 0.1}",20,30,1000,13,/home/mathis/Documents/Travail/cbnsl_benchmark/scaling/../scaling/results/2026-03-30_20h11_sem_laplace/graphs/golden__v20_a30_g13.json,/home/mathis/Documents/Travail/cbnsl_benchmark/scaling/../scaling/results/2026-03-30_20h11_sem_laplace/graphs/NOTEARS__v20_a30_g13_s1000.json,,29.31795025399697,18.0,31.0,0.6885245901639344,0.8405797101449275,0.9545454545454546,0.9666666666666667
sem_laplace,NOTEARS Disc.,"{""lambda1"": 0.3, ""w_threshold_notears"": 0.1, ""n_bins"": 6, ""discretization_method"": ""hartemink"", ""initial_bins"": 20}",20,30,1000,13,/home/mathis/Documents/Travail/cbnsl_benchmark/scaling/../scaling/results/2026-03-30_20h11_sem_laplace/graphs/golden__v20_a30_g13.json,/home/mathis/Documents/Travail/cbnsl_benchmark/scaling/../scaling/results/2026-03-30_20h11_sem_laplace/graphs/NOTEARS Disc.__v20_a30_g13_s1000.json,,70.95222506500068,10.0,11.0,0.7346938775510203,0.912280701754386,0.8181818181818182,0.8666666666666667
sem_laplace,LiNGAM,"{""threshold_lingam"": 0.01}",20,30,1000,13,/home/mathis/Documents/Travail/cbnsl_benchmark/scaling/../scaling/results/2026-03-30_20h11_sem_laplace/graphs/golden__v20_a30_g13.json,/home/mathis/Documents/Travail/cbnsl_benchmark/scaling/../scaling/results/2026-03-30_20h11_sem_laplace/graphs/LiNGAM__v20_a30_g13_s1000.json,,1.7521267390002322,0.0,0.0,0.9473684210526316,1.0,1.0,1.0
sem_laplace,CPC,"{""alpha"": 0.01, ""max_conditioning_set_size"": 2}",20,30,3000,13,/home/mathis/Documents/Travail/cbnsl_benchmark/scaling/../scaling/results/2026-03-30_20h11_sem_laplace/graphs/golden__v20_a30_g13.json,/home/mathis/Documents/Travail/cbnsl_benchmark/scaling/../scaling/results/2026-03-30_20h11_sem_laplace/graphs/CPC__v20_a30_g13_s3000.json,,33.4449559220011,20.0,18.0,0.5238095238095238,0.8928571428571429,0.6875,0.8333333333333334
sem_laplace,CMIIC,"{""alpha"": 0.01}",20,30,3000,13,/home/mathis/Documents/Travail/cbnsl_benchmark/scaling/../scaling/results/2026-03-30_20h11_sem_laplace/graphs/golden__v20_a30_g13.json,/home/mathis/Documents/Travail/cbnsl_benchmark/scaling/../scaling/results/2026-03-30_20h11_sem_laplace/graphs/CMIIC__v20_a30_g13_s3000.json,,194.3413338270002,12.0,17.0,0.7857142857142857,0.9032258064516129,0.9166666666666666,0.9333333333333333
sem_laplace,MIIC,"{""n_bins"": 2, ""discretization_method"": ""quantile""}",20,30,3000,13,/home/mathis/Documents/Travail/cbnsl_benchmark/scaling/../scaling/results/2026-03-30_20h11_sem_laplace/graphs/golden__v20_a30_g13.json,/home/mathis/Documents/Travail/cbnsl_benchmark/scaling/../scaling/results/2026-03-30_20h11_sem_laplace/graphs/MIIC__v20_a30_g13_s3000.json,,1.232929857000272,13.0,32.0,0.7419354838709677,0.835820895522388,0.92,0.9333333333333333
sem_laplace,GHC+BDeu,"{""n_bins"": 2, ""discretization_method"": ""quantile""}",20,30,3000,13,/home/mathis/Documents/Travail/cbnsl_benchmark/scaling/../scaling/results/2026-03-30_20h11_sem_laplace/graphs/golden__v20_a30_g13.json,/home/mathis/Documents/Travail/cbnsl_benchmark/scaling/../scaling/results/2026-03-30_20h11_sem_laplace/graphs/GHC+BDeu__v20_a30_g13_s3000.json,,0.3957394690005458,34.0,31.0,0.3928571428571428,0.767123287671233,0.8461538461538461,0.9333333333333333
sem_laplace,NOTEARS,"{""lambda1"": 0.0, ""w_threshold_notears"": 0.1}",20,30,3000,13,/home/mathis/Documents/Travail/cbnsl_benchmark/scaling/../scaling/results/2026-03-30_20h11_sem_laplace/graphs/golden__v20_a30_g13.json,/home/mathis/Documents/Travail/cbnsl_benchmark/scaling/../scaling/results/2026-03-30_20h11_sem_laplace/graphs/NOTEARS__v20_a30_g13_s3000.json,,38.06997068599958,20.0,32.0,0.6984126984126985,0.8285714285714285,0.9565217391304348,0.9666666666666667
sem_laplace,NOTEARS Disc.,"{""lambda1"": 0.3, ""w_threshold_notears"": 0.1, ""n_bins"": 6, ""discretization_method"": ""hartemink"", ""initial_bins"": 20}",20,30,3000,13,/home/mathis/Documents/Travail/cbnsl_benchmark/scaling/../scaling/results/2026-03-30_20h11_sem_laplace/graphs/golden__v20_a30_g13.json,/home/mathis/Documents/Travail/cbnsl_benchmark/scaling/../scaling/results/2026-03-30_20h11_sem_laplace/graphs/NOTEARS Disc.__v20_a30_g13_s3000.json,,193.78421973999866,8.0,22.0,0.7843137254901961,0.8727272727272728,0.7692307692307693,0.8
sem_laplace,LiNGAM,"{""threshold_lingam"": 0.01}",20,30,3000,13,/home/mathis/Documents/Travail/cbnsl_benchmark/scaling/../scaling/results/2026-03-30_20h11_sem_laplace/graphs/golden__v20_a30_g13.json,/home/mathis/Documents/Travail/cbnsl_benchmark/scaling/../scaling/results/2026-03-30_20h11_sem_laplace/graphs/LiNGAM__v20_a30_g13_s3000.json,,2.7745405240020773,0.0,0.0,0.9473684210526316,1.0,1.0,1.0
sem_laplace,CPC,"{""alpha"": 0.01, ""max_conditioning_set_size"": 2}",20,30,5000,13,/home/mathis/Documents/Travail/cbnsl_benchmark/scaling/../scaling/results/2026-03-30_20h11_sem_laplace/graphs/golden__v20_a30_g13.json,/home/mathis/Documents/Travail/cbnsl_benchmark/scaling/../scaling/results/2026-03-30_20h11_sem_laplace/graphs/CPC__v20_a30_g13_s5000.json,,112.97165773199958,17.0,21.0,0.6530612244897959,0.8813559322033899,0.8,0.8666666666666667
sem_laplace,CMIIC,"{""alpha"": 0.01}",20,30,5000,13,/home/mathis/Documents/Travail/cbnsl_benchmark/scaling/../scaling/results/2026-03-30_20h11_sem_laplace/graphs/golden__v20_a30_g13.json,/home/mathis/Documents/Travail/cbnsl_benchmark/scaling/../scaling/results/2026-03-30_20h11_sem_laplace/graphs/CMIIC__v20_a30_g13_s5000.json,,860.063643002999,12.0,25.0,0.7857142857142856,0.9206349206349207,0.9565217391304348,0.9666666666666667
sem_laplace,MIIC,"{""n_bins"": 2, ""discretization_method"": ""quantile""}",20,30,5000,13,/home/mathis/Documents/Travail/cbnsl_benchmark/scaling/../scaling/results/2026-03-30_20h11_sem_laplace/graphs/golden__v20_a30_g13.json,/home/mathis/Documents/Travail/cbnsl_benchmark/scaling/../scaling/results/2026-03-30_20h11_sem_laplace/graphs/MIIC__v20_a30_g13_s5000.json,,2.386869256999489,16.0,34.0,0.7076923076923077,0.8,0.92,0.9333333333333333
sem_laplace,GHC+BDeu,"{""n_bins"": 2, ""discretization_method"": ""quantile""}",20,30,5000,13,/home/mathis/Documents/Travail/cbnsl_benchmark/scaling/../scaling/results/2026-03-30_20h11_sem_laplace/graphs/golden__v20_a30_g13.json,/home/mathis/Documents/Travail/cbnsl_benchmark/scaling/../scaling/results/2026-03-30_20h11_sem_laplace/graphs/GHC+BDeu__v20_a30_g13_s5000.json,,0.6673022300019511,39.0,34.0,0.2807017543859649,0.7272727272727273,0.8,0.9333333333333333
sem_laplace,NOTEARS,"{""lambda1"": 0.0, ""w_threshold_notears"": 0.1}",20,30,5000,13,/home/mathis/Documents/Travail/cbnsl_benchmark/scaling/../scaling/results/2026-03-30_20h11_sem_laplace/graphs/golden__v20_a30_g13.json,/home/mathis/Documents/Travail/cbnsl_benchmark/scaling/../scaling/results/2026-03-30_20h11_sem_laplace/graphs/NOTEARS__v20_a30_g13_s5000.json,,49.253925903998606,11.0,21.0,0.7999999999999999,0.8923076923076922,0.96,0.9666666666666667
sem_laplace,NOTEARS Disc.,"{""lambda1"": 0.3, ""w_threshold_notears"": 0.1, ""n_bins"": 6, ""discretization_method"": ""hartemink"", ""initial_bins"": 20}",20,30,5000,13,/home/mathis/Documents/Travail/cbnsl_benchmark/scaling/../scaling/results/2026-03-30_20h11_sem_laplace/graphs/golden__v20_a30_g13.json,/home/mathis/Documents/Travail/cbnsl_benchmark/scaling/../scaling/results/2026-03-30_20h11_sem_laplace/graphs/NOTEARS Disc.__v20_a30_g13_s5000.json,,253.17269029700037,6.0,9.0,0.8235294117647057,0.9655172413793104,0.9130434782608695,0.9333333333333333
sem_laplace,LiNGAM,"{""threshold_lingam"": 0.01}",20,30,5000,13,/home/mathis/Documents/Travail/cbnsl_benchmark/scaling/../scaling/results/2026-03-30_20h11_sem_laplace/graphs/golden__v20_a30_g13.json,/home/mathis/Documents/Travail/cbnsl_benchmark/scaling/../scaling/results/2026-03-30_20h11_sem_laplace/graphs/LiNGAM__v20_a30_g13_s5000.json,,4.112828108998656,0.0,0.0,0.9473684210526316,1.0,1.0,1.0
sem_laplace,CPC,"{""alpha"": 0.01, ""max_conditioning_set_size"": 2}",20,30,200,14,/home/mathis/Documents/Travail/cbnsl_benchmark/scaling/../scaling/results/2026-03-30_20h11_sem_laplace/graphs/golden__v20_a30_g14.json,/home/mathis/Documents/Travail/cbnsl_benchmark/scaling/../scaling/results/2026-03-30_20h11_sem_laplace/graphs/CPC__v20_a30_g14_s200.json,,0.06724417999794241,26.0,27.0,0.24242424242424243,0.5128205128205129,0.17391304347826086,0.3448275862068966
sem_laplace,CMIIC,"{""alpha"": 0.01}",20,30,200,14,/home/mathis/Documents/Travail/cbnsl_benchmark/scaling/../scaling/results/2026-03-30_20h11_sem_laplace/graphs/golden__v20_a30_g14.json,/home/mathis/Documents/Travail/cbnsl_benchmark/scaling/../scaling/results/2026-03-30_20h11_sem_laplace/graphs/CMIIC__v20_a30_g14_s200.json,,8.381250858001295,76.0,79.0,0.24000000000000002,0.45614035087719307,0.8,0.896551724137931
sem_laplace,MIIC,"{""n_bins"": 2, ""discretization_method"": ""quantile""}",20,30,200,14,/home/mathis/Documents/Travail/cbnsl_benchmark/scaling/../scaling/results/2026-03-30_20h11_sem_laplace/graphs/golden__v20_a30_g14.json,/home/mathis/Documents/Travail/cbnsl_benchmark/scaling/../scaling/results/2026-03-30_20h11_sem_laplace/graphs/MIIC__v20_a30_g14_s200.json,,0.06733083600192913,24.0,26.0,0.4888888888888889,0.7636363636363636,0.5789473684210527,0.7241379310344828
sem_laplace,GHC+BDeu,"{""n_bins"": 2, ""discretization_method"": ""quantile""}",20,30,200,14,/home/mathis/Documents/Travail/cbnsl_benchmark/scaling/../scaling/results/2026-03-30_20h11_sem_laplace/graphs/golden__v20_a30_g14.json,/home/mathis/Documents/Travail/cbnsl_benchmark/scaling/../scaling/results/2026-03-30_20h11_sem_laplace/graphs/GHC+BDeu__v20_a30_g14_s200.json,,0.05231239100248786,19.0,30.0,0.358974358974359,0.7450980392156864,0.4117647058823529,0.6551724137931034
sem_laplace,NOTEARS,"{""lambda1"": 0.0, ""w_threshold_notears"": 0.1}",20,30,200,14,/home/mathis/Documents/Travail/cbnsl_benchmark/scaling/../scaling/results/2026-03-30_20h11_sem_laplace/graphs/golden__v20_a30_g14.json,/home/mathis/Documents/Travail/cbnsl_benchmark/scaling/../scaling/results/2026-03-30_20h11_sem_laplace/graphs/NOTEARS__v20_a30_g14_s200.json,,6.679921678001847,56.0,60.0,0.33333333333333337,0.5436893203883495,0.9375,0.9655172413793104
sem_laplace,NOTEARS Disc.,"{""lambda1"": 0.3, ""w_threshold_notears"": 0.1, ""n_bins"": 6, ""discretization_method"": ""hartemink"", ""initial_bins"": 20}",20,30,200,14,/home/mathis/Documents/Travail/cbnsl_benchmark/scaling/../scaling/results/2026-03-30_20h11_sem_laplace/graphs/golden__v20_a30_g14.json,,[pyAgrum] Directed cycle detected: Add a directed cycle in a dag !,,,,,,,
sem_laplace,LiNGAM,"{""threshold_lingam"": 0.01}",20,30,200,14,/home/mathis/Documents/Travail/cbnsl_benchmark/scaling/../scaling/results/2026-03-30_20h11_sem_laplace/graphs/golden__v20_a30_g14.json,/home/mathis/Documents/Travail/cbnsl_benchmark/scaling/../scaling/results/2026-03-30_20h11_sem_laplace/graphs/LiNGAM__v20_a30_g14_s200.json,,1.131915084002685,3.0,18.0,0.8363636363636363,0.9508196721311475,1.0,1.0
sem_laplace,CPC,"{""alpha"": 0.01, ""max_conditioning_set_size"": 2}",20,30,500,14,/home/mathis/Documents/Travail/cbnsl_benchmark/scaling/../scaling/results/2026-03-30_20h11_sem_laplace/graphs/golden__v20_a30_g14.json,/home/mathis/Documents/Travail/cbnsl_benchmark/scaling/../scaling/results/2026-03-30_20h11_sem_laplace/graphs/CPC__v20_a30_g14_s500.json,,0.41583755600004224,27.0,27.0,0.23529411764705882,0.5714285714285715,0.19047619047619047,0.41379310344827586
sem_laplace,CMIIC,"{""alpha"": 0.01}",20,30,500,14,/home/mathis/Documents/Travail/cbnsl_benchmark/scaling/../scaling/results/2026-03-30_20h11_sem_laplace/graphs/golden__v20_a30_g14.json,/home/mathis/Documents/Travail/cbnsl_benchmark/scaling/../scaling/results/2026-03-30_20h11_sem_laplace/graphs/CMIIC__v20_a30_g14_s500.json,,28.087277309001365,45.0,48.0,0.43037974683544306,0.6067415730337079,0.8947368421052632,0.9310344827586207
sem_laplace,MIIC,"{""n_bins"": 2, ""discretization_method"": ""quantile""}",20,30,500,14,/home/mathis/Documents/Travail/cbnsl_benchmark/scaling/../scaling/results/2026-03-30_20h11_sem_laplace/graphs/golden__v20_a30_g14.json,/home/mathis/Documents/Travail/cbnsl_benchmark/scaling/../scaling/results/2026-03-30_20h11_sem_laplace/graphs/MIIC__v20_a30_g14_s500.json,,0.10936831900107791,18.0,21.0,0.6530612244897959,0.8214285714285715,0.7272727272727273,0.7931034482758621
sem_laplace,GHC+BDeu,"{""n_bins"": 2, ""discretization_method"": ""quantile""}",20,30,500,14,/home/mathis/Documents/Travail/cbnsl_benchmark/scaling/../scaling/results/2026-03-30_20h11_sem_laplace/graphs/golden__v20_a30_g14.json,/home/mathis/Documents/Travail/cbnsl_benchmark/scaling/../scaling/results/2026-03-30_20h11_sem_laplace/graphs/GHC+BDeu__v20_a30_g14_s500.json,,0.07921255499968538,20.0,22.0,0.45454545454545453,0.7857142857142857,0.5882352941176471,0.7586206896551724
sem_laplace,NOTEARS,"{""lambda1"": 0.0, ""w_threshold_notears"": 0.1}",20,30,500,14,/home/mathis/Documents/Travail/cbnsl_benchmark/scaling/../scaling/results/2026-03-30_20h11_sem_laplace/graphs/golden__v20_a30_g14.json,/home/mathis/Documents/Travail/cbnsl_benchmark/scaling/../scaling/results/2026-03-30_20h11_sem_laplace/graphs/NOTEARS__v20_a30_g14_s500.json,,11.714127683000697,16.0,25.0,0.7333333333333334,0.8484848484848485,0.9565217391304348,0.9655172413793104
sem_laplace,NOTEARS Disc.,"{""lambda1"": 0.3, ""w_threshold_notears"": 0.1, ""n_bins"": 6, ""discretization_method"": ""hartemink"", ""initial_bins"": 20}",20,30,500,14,/home/mathis/Documents/Travail/cbnsl_benchmark/scaling/../scaling/results/2026-03-30_20h11_sem_laplace/graphs/golden__v20_a30_g14.json,/home/mathis/Documents/Travail/cbnsl_benchmark/scaling/../scaling/results/2026-03-30_20h11_sem_laplace/graphs/NOTEARS Disc.__v20_a30_g14_s500.json,,44.27348604100189,19.0,24.0,0.5714285714285713,0.888888888888889,0.7058823529411765,0.8275862068965517
sem_laplace,LiNGAM,"{""threshold_lingam"": 0.01}",20,30,500,14,/home/mathis/Documents/Travail/cbnsl_benchmark/scaling/../scaling/results/2026-03-30_20h11_sem_laplace/graphs/golden__v20_a30_g14.json,/home/mathis/Documents/Travail/cbnsl_benchmark/scaling/../scaling/results/2026-03-30_20h11_sem_laplace/graphs/LiNGAM__v20_a30_g14_s500.json,,1.2987339320025058,3.0,13.0,0.8727272727272727,0.9666666666666666,1.0,1.0
sem_laplace,CPC,"{""alpha"": 0.01, ""max_conditioning_set_size"": 2}",20,30,1000,14,/home/mathis/Documents/Travail/cbnsl_benchmark/scaling/../scaling/results/2026-03-30_20h11_sem_laplace/graphs/golden__v20_a30_g14.json,/home/mathis/Documents/Travail/cbnsl_benchmark/scaling/../scaling/results/2026-03-30_20h11_sem_laplace/graphs/CPC__v20_a30_g14_s1000.json,,2.06086681799934,22.0,25.0,0.24242424242424243,0.7391304347826086,0.25,0.5862068965517241
sem_laplace,CMIIC,"{""alpha"": 0.01}",20,30,1000,14,/home/mathis/Documents/Travail/cbnsl_benchmark/scaling/../scaling/results/2026-03-30_20h11_sem_laplace/graphs/golden__v20_a30_g14.json,/home/mathis/Documents/Travail/cbnsl_benchmark/scaling/../scaling/results/2026-03-30_20h11_sem_laplace/graphs/CMIIC__v20_a30_g14_s1000.json,,72.39074459800031,28.0,35.0,0.5714285714285715,0.7671232876712328,0.9473684210526315,0.9655172413793104
sem_laplace,MIIC,"{""n_bins"": 2, ""discretization_method"": ""quantile""}",20,30,1000,14,/home/mathis/Documents/Travail/cbnsl_benchmark/scaling/../scaling/results/2026-03-30_20h11_sem_laplace/graphs/golden__v20_a30_g14.json,/home/mathis/Documents/Travail/cbnsl_benchmark/scaling/../scaling/results/2026-03-30_20h11_sem_laplace/graphs/MIIC__v20_a30_g14_s1000.json,,0.1690347740004654,11.0,12.0,0.6666666666666666,0.8771929824561403,0.8,0.8620689655172413
sem_laplace,GHC+BDeu,"{""n_bins"": 2, ""discretization_method"": ""quantile""}",20,30,1000,14,/home/mathis/Documents/Travail/cbnsl_benchmark/scaling/../scaling/results/2026-03-30_20h11_sem_laplace/graphs/golden__v20_a30_g14.json,/home/mathis/Documents/Travail/cbnsl_benchmark/scaling/../scaling/results/2026-03-30_20h11_sem_laplace/graphs/GHC+BDeu__v20_a30_g14_s1000.json,,0.12054875200192328,26.0,29.0,0.31818181818181823,0.7868852459016394,0.5833333333333334,0.8275862068965517
sem_laplace,NOTEARS,"{""lambda1"": 0.0, ""w_threshold_notears"": 0.1}",20,30,1000,14,/home/mathis/Documents/Travail/cbnsl_benchmark/scaling/../scaling/results/2026-03-30_20h11_sem_laplace/graphs/golden__v20_a30_g14.json,/home/mathis/Documents/Travail/cbnsl_benchmark/scaling/../scaling/results/2026-03-30_20h11_sem_laplace/graphs/NOTEARS__v20_a30_g14_s1000.json,,15.141369257999031,14.0,18.0,0.7142857142857142,0.8750000000000001,0.9523809523809523,0.9655172413793104
sem_laplace,NOTEARS Disc.,"{""lambda1"": 0.3, ""w_threshold_notears"": 0.1, ""n_bins"": 6, ""discretization_method"": ""hartemink"", ""initial_bins"": 20}",20,30,1000,14,/home/mathis/Documents/Travail/cbnsl_benchmark/scaling/../scaling/results/2026-03-30_20h11_sem_laplace/graphs/golden__v20_a30_g14.json,/home/mathis/Documents/Travail/cbnsl_benchmark/scaling/../scaling/results/2026-03-30_20h11_sem_laplace/graphs/NOTEARS Disc.__v20_a30_g14_s1000.json,,66.18384523900022,10.0,9.0,0.6521739130434783,0.8727272727272727,0.75,0.8275862068965517
sem_laplace,LiNGAM,"{""threshold_lingam"": 0.01}",20,30,1000,14,/home/mathis/Documents/Travail/cbnsl_benchmark/scaling/../scaling/results/2026-03-30_20h11_sem_laplace/graphs/golden__v20_a30_g14.json,/home/mathis/Documents/Travail/cbnsl_benchmark/scaling/../scaling/results/2026-03-30_20h11_sem_laplace/graphs/LiNGAM__v20_a30_g14_s1000.json,,1.530513780999172,0.0,0.0,0.8846153846153846,1.0,1.0,1.0
sem_laplace,CPC,"{""alpha"": 0.01, ""max_conditioning_set_size"": 2}",20,30,3000,14,/home/mathis/Documents/Travail/cbnsl_benchmark/scaling/../scaling/results/2026-03-30_20h11_sem_laplace/graphs/golden__v20_a30_g14.json,/home/mathis/Documents/Travail/cbnsl_benchmark/scaling/../scaling/results/2026-03-30_20h11_sem_laplace/graphs/CPC__v20_a30_g14_s3000.json,,23.14987160199962,24.0,19.0,0.32432432432432434,0.8928571428571429,0.6,0.8620689655172413
sem_laplace,CMIIC,"{""alpha"": 0.01}",20,30,3000,14,/home/mathis/Documents/Travail/cbnsl_benchmark/scaling/../scaling/results/2026-03-30_20h11_sem_laplace/graphs/golden__v20_a30_g14.json,/home/mathis/Documents/Travail/cbnsl_benchmark/scaling/../scaling/results/2026-03-30_20h11_sem_laplace/graphs/CMIIC__v20_a30_g14_s3000.json,,149.56504395100274,9.0,6.0,0.7450980392156863,0.9333333333333333,0.95,0.9655172413793104
sem_laplace,MIIC,"{""n_bins"": 2, ""discretization_method"": ""quantile""}",20,30,3000,14,/home/mathis/Documents/Travail/cbnsl_benchmark/scaling/../scaling/results/2026-03-30_20h11_sem_laplace/graphs/golden__v20_a30_g14.json,/home/mathis/Documents/Travail/cbnsl_benchmark/scaling/../scaling/results/2026-03-30_20h11_sem_laplace/graphs/MIIC__v20_a30_g14_s3000.json,,0.8037081120019138,16.0,9.0,0.7692307692307692,0.9152542372881356,0.9090909090909091,0.9310344827586207
sem_laplace,GHC+BDeu,"{""n_bins"": 2, ""discretization_method"": ""quantile""}",20,30,3000,14,/home/mathis/Documents/Travail/cbnsl_benchmark/scaling/../scaling/results/2026-03-30_20h11_sem_laplace/graphs/golden__v20_a30_g14.json,/home/mathis/Documents/Travail/cbnsl_benchmark/scaling/../scaling/results/2026-03-30_20h11_sem_laplace/graphs/GHC+BDeu__v20_a30_g14_s3000.json,,0.43876253599955817,20.0,21.0,0.5283018867924527,0.835820895522388,0.9333333333333333,0.9655172413793104
sem_laplace,NOTEARS,"{""lambda1"": 0.0, ""w_threshold_notears"": 0.1}",20,30,3000,14,/home/mathis/Documents/Travail/cbnsl_benchmark/scaling/../scaling/results/2026-03-30_20h11_sem_laplace/graphs/golden__v20_a30_g14.json,/home/mathis/Documents/Travail/cbnsl_benchmark/scaling/../scaling/results/2026-03-30_20h11_sem_laplace/graphs/NOTEARS__v20_a30_g14_s3000.json,,27.25138847099879,14.0,18.0,0.7037037037037038,0.8709677419354839,0.9047619047619048,0.9310344827586207
sem_laplace,NOTEARS Disc.,"{""lambda1"": 0.3, ""w_threshold_notears"": 0.1, ""n_bins"": 6, ""discretization_method"": ""hartemink"", ""initial_bins"": 20}",20,30,3000,14,/home/mathis/Documents/Travail/cbnsl_benchmark/scaling/../scaling/results/2026-03-30_20h11_sem_laplace/graphs/golden__v20_a30_g14.json,/home/mathis/Documents/Travail/cbnsl_benchmark/scaling/../scaling/results/2026-03-30_20h11_sem_laplace/graphs/NOTEARS Disc.__v20_a30_g14_s3000.json,,144.91241753299983,7.0,20.0,0.7234042553191491,0.888888888888889,0.7727272727272727,0.8275862068965517
sem_laplace,LiNGAM,"{""threshold_lingam"": 0.01}",20,30,3000,14,/home/mathis/Documents/Travail/cbnsl_benchmark/scaling/../scaling/results/2026-03-30_20h11_sem_laplace/graphs/golden__v20_a30_g14.json,/home/mathis/Documents/Travail/cbnsl_benchmark/scaling/../scaling/results/2026-03-30_20h11_sem_laplace/graphs/LiNGAM__v20_a30_g14_s3000.json,,2.5787933860010526,0.0,0.0,0.8846153846153846,1.0,1.0,1.0
sem_laplace,CPC,"{""alpha"": 0.01, ""max_conditioning_set_size"": 2}",20,30,5000,14,/home/mathis/Documents/Travail/cbnsl_benchmark/scaling/../scaling/results/2026-03-30_20h11_sem_laplace/graphs/golden__v20_a30_g14.json,/home/mathis/Documents/Travail/cbnsl_benchmark/scaling/../scaling/results/2026-03-30_20h11_sem_laplace/graphs/CPC__v20_a30_g14_s5000.json,,79.63423975499973,22.0,21.0,0.4878048780487805,0.8928571428571429,0.7142857142857143,0.8620689655172413
sem_laplace,CMIIC,"{""alpha"": 0.01}",20,30,5000,14,/home/mathis/Documents/Travail/cbnsl_benchmark/scaling/../scaling/results/2026-03-30_20h11_sem_laplace/graphs/golden__v20_a30_g14.json,/home/mathis/Documents/Travail/cbnsl_benchmark/scaling/../scaling/results/2026-03-30_20h11_sem_laplace/graphs/CMIIC__v20_a30_g14_s5000.json,,493.4842936549976,8.0,8.0,0.8148148148148149,0.9333333333333333,0.9565217391304348,0.9655172413793104
sem_laplace,MIIC,"{""n_bins"": 2, ""discretization_method"": ""quantile""}",20,30,5000,14,/home/mathis/Documents/Travail/cbnsl_benchmark/scaling/../scaling/results/2026-03-30_20h11_sem_laplace/graphs/golden__v20_a30_g14.json,/home/mathis/Documents/Travail/cbnsl_benchmark/scaling/../scaling/results/2026-03-30_20h11_sem_laplace/graphs/MIIC__v20_a30_g14_s5000.json,,1.503081838000071,13.0,20.0,0.6896551724137931,0.8307692307692308,0.9090909090909091,0.9310344827586207
sem_laplace,GHC+BDeu,"{""n_bins"": 2, ""discretization_method"": ""quantile""}",20,30,5000,14,/home/mathis/Documents/Travail/cbnsl_benchmark/scaling/../scaling/results/2026-03-30_20h11_sem_laplace/graphs/golden__v20_a30_g14.json,/home/mathis/Documents/Travail/cbnsl_benchmark/scaling/../scaling/results/2026-03-30_20h11_sem_laplace/graphs/GHC+BDeu__v20_a30_g14_s5000.json,,0.71234578000076,23.0,32.0,0.5862068965517241,0.8115942028985508,0.9444444444444444,0.9655172413793104
sem_laplace,NOTEARS,"{""lambda1"": 0.0, ""w_threshold_notears"": 0.1}",20,30,5000,14,/home/mathis/Documents/Travail/cbnsl_benchmark/scaling/../scaling/results/2026-03-30_20h11_sem_laplace/graphs/golden__v20_a30_g14.json,/home/mathis/Documents/Travail/cbnsl_benchmark/scaling/../scaling/results/2026-03-30_20h11_sem_laplace/graphs/NOTEARS__v20_a30_g14_s5000.json,,37.08553130499786,15.0,26.0,0.6909090909090908,0.8750000000000001,0.95,0.9655172413793104
sem_laplace,NOTEARS Disc.,"{""lambda1"": 0.3, ""w_threshold_notears"": 0.1, ""n_bins"": 6, ""discretization_method"": ""hartemink"", ""initial_bins"": 20}",20,30,5000,14,/home/mathis/Documents/Travail/cbnsl_benchmark/scaling/../scaling/results/2026-03-30_20h11_sem_laplace/graphs/golden__v20_a30_g14.json,/home/mathis/Documents/Travail/cbnsl_benchmark/scaling/../scaling/results/2026-03-30_20h11_sem_laplace/graphs/NOTEARS Disc.__v20_a30_g14_s5000.json,,258.0819143669978,12.0,20.0,0.6363636363636364,0.888888888888889,0.7368421052631579,0.8275862068965517
sem_laplace,LiNGAM,"{""threshold_lingam"": 0.01}",20,30,5000,14,/home/mathis/Documents/Travail/cbnsl_benchmark/scaling/../scaling/results/2026-03-30_20h11_sem_laplace/graphs/golden__v20_a30_g14.json,/home/mathis/Documents/Travail/cbnsl_benchmark/scaling/../scaling/results/2026-03-30_20h11_sem_laplace/graphs/LiNGAM__v20_a30_g14_s5000.json,,4.048142892002943,2.0,4.0,0.888888888888889,0.983050847457627,1.0,1.0
sem_laplace,CPC,"{""alpha"": 0.01, ""max_conditioning_set_size"": 2}",20,30,200,15,/home/mathis/Documents/Travail/cbnsl_benchmark/scaling/../scaling/results/2026-03-30_20h11_sem_laplace/graphs/golden__v20_a30_g15.json,/home/mathis/Documents/Travail/cbnsl_benchmark/scaling/../scaling/results/2026-03-30_20h11_sem_laplace/graphs/CPC__v20_a30_g15_s200.json,,0.05846460500106332,27.0,25.0,0.2285714285714286,0.5581395348837209,0.18181818181818182,0.4
sem_laplace,CMIIC,"{""alpha"": 0.01}",20,30,200,15,/home/mathis/Documents/Travail/cbnsl_benchmark/scaling/../scaling/results/2026-03-30_20h11_sem_laplace/graphs/golden__v20_a30_g15.json,/home/mathis/Documents/Travail/cbnsl_benchmark/scaling/../scaling/results/2026-03-30_20h11_sem_laplace/graphs/CMIIC__v20_a30_g15_s200.json,,8.056041126001219,88.0,97.0,0.29268292682926833,0.43283582089552236,0.9473684210526315,0.9666666666666667
sem_laplace,MIIC,"{""n_bins"": 2, ""discretization_method"": ""quantile""}",20,30,200,15,/home/mathis/Documents/Travail/cbnsl_benchmark/scaling/../scaling/results/2026-03-30_20h11_sem_laplace/graphs/golden__v20_a30_g15.json,/home/mathis/Documents/Travail/cbnsl_benchmark/scaling/../scaling/results/2026-03-30_20h11_sem_laplace/graphs/MIIC__v20_a30_g15_s200.json,,0.06632462199922884,25.0,19.0,0.3902439024390244,0.8214285714285715,0.5333333333333333,0.7666666666666667
sem_laplace,GHC+BDeu,"{""n_bins"": 2, ""discretization_method"": ""quantile""}",20,30,200,15,/home/mathis/Documents/Travail/cbnsl_benchmark/scaling/../scaling/results/2026-03-30_20h11_sem_laplace/graphs/golden__v20_a30_g15.json,/home/mathis/Documents/Travail/cbnsl_benchmark/scaling/../scaling/results/2026-03-30_20h11_sem_laplace/graphs/GHC+BDeu__v20_a30_g15_s200.json,,0.05268964999777381,24.0,20.0,0.27027027027027023,0.7924528301886793,0.35714285714285715,0.7
sem_laplace,NOTEARS,"{""lambda1"": 0.0, ""w_threshold_notears"": 0.1}",20,30,200,15,/home/mathis/Documents/Travail/cbnsl_benchmark/scaling/../scaling/results/2026-03-30_20h11_sem_laplace/graphs/golden__v20_a30_g15.json,/home/mathis/Documents/Travail/cbnsl_benchmark/scaling/../scaling/results/2026-03-30_20h11_sem_laplace/graphs/NOTEARS__v20_a30_g15_s200.json,,8.557648518999486,57.0,68.0,0.46601941747572817,0.5504587155963303,1.0,1.0
sem_laplace,NOTEARS Disc.,"{""lambda1"": 0.3, ""w_threshold_notears"": 0.1, ""n_bins"": 6, ""discretization_method"": ""hartemink"", ""initial_bins"": 20}",20,30,200,15,/home/mathis/Documents/Travail/cbnsl_benchmark/scaling/../scaling/results/2026-03-30_20h11_sem_laplace/graphs/golden__v20_a30_g15.json,/home/mathis/Documents/Travail/cbnsl_benchmark/scaling/../scaling/results/2026-03-30_20h11_sem_laplace/graphs/NOTEARS Disc.__v20_a30_g15_s200.json,,27.862947051999072,12.0,16.0,0.7346938775510203,0.8928571428571429,0.782608695652174,0.8333333333333334
sem_laplace,LiNGAM,"{""threshold_lingam"": 0.01}",20,30,200,15,/home/mathis/Documents/Travail/cbnsl_benchmark/scaling/../scaling/results/2026-03-30_20h11_sem_laplace/graphs/golden__v20_a30_g15.json,/home/mathis/Documents/Travail/cbnsl_benchmark/scaling/../scaling/results/2026-03-30_20h11_sem_laplace/graphs/LiNGAM__v20_a30_g15_s200.json,,1.2425691620010184,2.0,19.0,0.896551724137931,0.967741935483871,1.0,1.0
sem_laplace,CPC,"{""alpha"": 0.01, ""max_conditioning_set_size"": 2}",20,30,500,15,/home/mathis/Documents/Travail/cbnsl_benchmark/scaling/../scaling/results/2026-03-30_20h11_sem_laplace/graphs/golden__v20_a30_g15.json,/home/mathis/Documents/Travail/cbnsl_benchmark/scaling/../scaling/results/2026-03-30_20h11_sem_laplace/graphs/CPC__v20_a30_g15_s500.json,,0.4184376820012403,27.0,25.0,0.12500000000000003,0.5,0.09090909090909091,0.3333333333333333
sem_laplace,CMIIC,"{""alpha"": 0.01}",20,30,500,15,/home/mathis/Documents/Travail/cbnsl_benchmark/scaling/../scaling/results/2026-03-30_20h11_sem_laplace/graphs/golden__v20_a30_g15.json,/home/mathis/Documents/Travail/cbnsl_benchmark/scaling/../scaling/results/2026-03-30_20h11_sem_laplace/graphs/CMIIC__v20_a30_g15_s500.json,,29.997415022000496,45.0,59.0,0.4523809523809524,0.631578947368421,1.0,1.0
sem_laplace,MIIC,"{""n_bins"": 2, ""discretization_method"": ""quantile""}",20,30,500,15,/home/mathis/Documents/Travail/cbnsl_benchmark/scaling/../scaling/results/2026-03-30_20h11_sem_laplace/graphs/golden__v20_a30_g15.json,/home/mathis/Documents/Travail/cbnsl_benchmark/scaling/../scaling/results/2026-03-30_20h11_sem_laplace/graphs/MIIC__v20_a30_g15_s500.json,,0.11060481499953312,13.0,23.0,0.7999999999999999,0.9180327868852459,0.9166666666666666,0.9333333333333333
sem_laplace,GHC+BDeu,"{""n_bins"": 2, ""discretization_method"": ""quantile""}",20,30,500,15,/home/mathis/Documents/Travail/cbnsl_benchmark/scaling/../scaling/results/2026-03-30_20h11_sem_laplace/graphs/golden__v20_a30_g15.json,/home/mathis/Documents/Travail/cbnsl_benchmark/scaling/../scaling/results/2026-03-30_20h11_sem_laplace/graphs/GHC+BDeu__v20_a30_g15_s500.json,,0.07524930499857874,17.0,24.0,0.4651162790697674,0.9,0.7692307692307693,0.9
sem_laplace,NOTEARS,"{""lambda1"": 0.0, ""w_threshold_notears"": 0.1}",20,30,500,15,/home/mathis/Documents/Travail/cbnsl_benchmark/scaling/../scaling/results/2026-03-30_20h11_sem_laplace/graphs/golden__v20_a30_g15.json,/home/mathis/Documents/Travail/cbnsl_benchmark/scaling/../scaling/results/2026-03-30_20h11_sem_laplace/graphs/NOTEARS__v20_a30_g15_s500.json,,10.093084322998038,21.0,27.0,0.6567164179104478,0.8,1.0,1.0
sem_laplace,NOTEARS Disc.,"{""lambda1"": 0.3, ""w_threshold_notears"": 0.1, ""n_bins"": 6, ""discretization_method"": ""hartemink"", ""initial_bins"": 20}",20,30,500,15,/home/mathis/Documents/Travail/cbnsl_benchmark/scaling/../scaling/results/2026-03-30_20h11_sem_laplace/graphs/golden__v20_a30_g15.json,/home/mathis/Documents/Travail/cbnsl_benchmark/scaling/../scaling/results/2026-03-30_20h11_sem_laplace/graphs/NOTEARS Disc.__v20_a30_g15_s500.json,,41.618274779000785,18.0,24.0,0.4878048780487805,0.912280701754386,0.7142857142857143,0.8666666666666667
sem_laplace,LiNGAM,"{""threshold_lingam"": 0.01}",20,30,500,15,/home/mathis/Documents/Travail/cbnsl_benchmark/scaling/../scaling/results/2026-03-30_20h11_sem_laplace/graphs/golden__v20_a30_g15.json,/home/mathis/Documents/Travail/cbnsl_benchmark/scaling/../scaling/results/2026-03-30_20h11_sem_laplace/graphs/LiNGAM__v20_a30_g15_s500.json,,1.2568689360014105,2.0,17.0,0.9310344827586207,0.9836065573770492,1.0,1.0
sem_laplace,CPC,"{""alpha"": 0.01, ""max_conditioning_set_size"": 2}",20,30,1000,15,/home/mathis/Documents/Travail/cbnsl_benchmark/scaling/../scaling/results/2026-03-30_20h11_sem_laplace/graphs/golden__v20_a30_g15.json,/home/mathis/Documents/Travail/cbnsl_benchmark/scaling/../scaling/results/2026-03-30_20h11_sem_laplace/graphs/CPC__v20_a30_g15_s1000.json,,1.901869691999309,26.0,23.0,0.2777777777777778,0.7083333333333334,0.2777777777777778,0.5666666666666667
sem_laplace,CMIIC,"{""alpha"": 0.01}",20,30,1000,15,/home/mathis/Documents/Travail/cbnsl_benchmark/scaling/../scaling/results/2026-03-30_20h11_sem_laplace/graphs/golden__v20_a30_g15.json,/home/mathis/Documents/Travail/cbnsl_benchmark/scaling/../scaling/results/2026-03-30_20h11_sem_laplace/graphs/CMIIC__v20_a30_g15_s1000.json,,69.36818730400046,29.0,40.0,0.5797101449275361,0.7435897435897435,0.9523809523809523,0.9666666666666667
sem_laplace,MIIC,"{""n_bins"": 2, ""discretization_method"": ""quantile""}",20,30,1000,15,/home/mathis/Documents/Travail/cbnsl_benchmark/scaling/../scaling/results/2026-03-30_20h11_sem_laplace/graphs/golden__v20_a30_g15.json,/home/mathis/Documents/Travail/cbnsl_benchmark/scaling/../scaling/results/2026-03-30_20h11_sem_laplace/graphs/MIIC__v20_a30_g15_s1000.json,,0.17211564399985946,14.0,22.0,0.7636363636363634,0.9032258064516129,0.9130434782608695,0.9333333333333333
sem_laplace,GHC+BDeu,"{""n_bins"": 2, ""discretization_method"": ""quantile""}",20,30,1000,15,/home/mathis/Documents/Travail/cbnsl_benchmark/scaling/../scaling/results/2026-03-30_20h11_sem_laplace/graphs/golden__v20_a30_g15.json,/home/mathis/Documents/Travail/cbnsl_benchmark/scaling/../scaling/results/2026-03-30_20h11_sem_laplace/graphs/GHC+BDeu__v20_a30_g15_s1000.json,,0.11422329199922387,19.0,20.0,0.5531914893617021,0.8852459016393444,0.8125,0.9
sem_laplace,NOTEARS,"{""lambda1"": 0.0, ""w_threshold_notears"": 0.1}",20,30,1000,15,/home/mathis/Documents/Travail/cbnsl_benchmark/scaling/../scaling/results/2026-03-30_20h11_sem_laplace/graphs/golden__v20_a30_g15.json,/home/mathis/Documents/Travail/cbnsl_benchmark/scaling/../scaling/results/2026-03-30_20h11_sem_laplace/graphs/NOTEARS__v20_a30_g15_s1000.json,,15.09487337199971,10.0,14.0,0.7499999999999999,0.923076923076923,1.0,1.0
sem_laplace,NOTEARS Disc.,"{""lambda1"": 0.3, ""w_threshold_notears"": 0.1, ""n_bins"": 6, ""discretization_method"": ""hartemink"", ""initial_bins"": 20}",20,30,1000,15,/home/mathis/Documents/Travail/cbnsl_benchmark/scaling/../scaling/results/2026-03-30_20h11_sem_laplace/graphs/golden__v20_a30_g15.json,/home/mathis/Documents/Travail/cbnsl_benchmark/scaling/../scaling/results/2026-03-30_20h11_sem_laplace/graphs/NOTEARS Disc.__v20_a30_g15_s1000.json,,64.51526182300222,15.0,24.0,0.5909090909090909,0.912280701754386,0.7647058823529411,0.8666666666666667
sem_laplace,LiNGAM,"{""threshold_lingam"": 0.01}",20,30,1000,15,/home/mathis/Documents/Travail/cbnsl_benchmark/scaling/../scaling/results/2026-03-30_20h11_sem_laplace/graphs/golden__v20_a30_g15.json,/home/mathis/Documents/Travail/cbnsl_benchmark/scaling/../scaling/results/2026-03-30_20h11_sem_laplace/graphs/LiNGAM__v20_a30_g15_s1000.json,,1.6085356850016979,0.0,23.0,0.9285714285714286,1.0,1.0,1.0
sem_laplace,CPC,"{""alpha"": 0.01, ""max_conditioning_set_size"": 2}",20,30,3000,15,/home/mathis/Documents/Travail/cbnsl_benchmark/scaling/../scaling/results/2026-03-30_20h11_sem_laplace/graphs/golden__v20_a30_g15.json,/home/mathis/Documents/Travail/cbnsl_benchmark/scaling/../scaling/results/2026-03-30_20h11_sem_laplace/graphs/CPC__v20_a30_g15_s3000.json,,23.856315322998853,27.0,19.0,0.4102564102564102,0.9310344827586207,0.7272727272727273,0.9
sem_laplace,CMIIC,"{""alpha"": 0.01}",20,30,3000,15,/home/mathis/Documents/Travail/cbnsl_benchmark/scaling/../scaling/results/2026-03-30_20h11_sem_laplace/graphs/golden__v20_a30_g15.json,/home/mathis/Documents/Travail/cbnsl_benchmark/scaling/../scaling/results/2026-03-30_20h11_sem_laplace/graphs/CMIIC__v20_a30_g15_s3000.json,,179.48200858400014,10.0,25.0,0.7777777777777778,0.9354838709677419,0.9545454545454546,0.9666666666666667
sem_laplace,MIIC,"{""n_bins"": 2, ""discretization_method"": ""quantile""}",20,30,3000,15,/home/mathis/Documents/Travail/cbnsl_benchmark/scaling/../scaling/results/2026-03-30_20h11_sem_laplace/graphs/golden__v20_a30_g15.json,/home/mathis/Documents/Travail/cbnsl_benchmark/scaling/../scaling/results/2026-03-30_20h11_sem_laplace/graphs/MIIC__v20_a30_g15_s3000.json,,0.9076321259999531,12.0,25.0,0.7307692307692308,0.9354838709677419,0.95,0.9666666666666667
sem_laplace,GHC+BDeu,"{""n_bins"": 2, ""discretization_method"": ""quantile""}",20,30,3000,15,/home/mathis/Documents/Travail/cbnsl_benchmark/scaling/../scaling/results/2026-03-30_20h11_sem_laplace/graphs/golden__v20_a30_g15.json,/home/mathis/Documents/Travail/cbnsl_benchmark/scaling/../scaling/results/2026-03-30_20h11_sem_laplace/graphs/GHC+BDeu__v20_a30_g15_s3000.json,,0.39680258099906496,24.0,21.0,0.4583333333333333,0.8787878787878789,0.9166666666666666,0.9666666666666667
sem_laplace,NOTEARS,"{""lambda1"": 0.0, ""w_threshold_notears"": 0.1}",20,30,3000,15,/home/mathis/Documents/Travail/cbnsl_benchmark/scaling/../scaling/results/2026-03-30_20h11_sem_laplace/graphs/golden__v20_a30_g15.json,/home/mathis/Documents/Travail/cbnsl_benchmark/scaling/../scaling/results/2026-03-30_20h11_sem_laplace/graphs/NOTEARS__v20_a30_g15_s3000.json,,27.957889702000102,12.0,16.0,0.7241379310344828,0.8955223880597014,1.0,1.0
sem_laplace,NOTEARS Disc.,"{""lambda1"": 0.3, ""w_threshold_notears"": 0.1, ""n_bins"": 6, ""discretization_method"": ""hartemink"", ""initial_bins"": 20}",20,30,3000,15,/home/mathis/Documents/Travail/cbnsl_benchmark/scaling/../scaling/results/2026-03-30_20h11_sem_laplace/graphs/golden__v20_a30_g15.json,/home/mathis/Documents/Travail/cbnsl_benchmark/scaling/../scaling/results/2026-03-30_20h11_sem_laplace/graphs/NOTEARS Disc.__v20_a30_g15_s3000.json,,148.37282691899964,11.0,15.0,0.7083333333333333,0.9310344827586207,0.85,0.9
sem_laplace,LiNGAM,"{""threshold_lingam"": 0.01}",20,30,3000,15,/home/mathis/Documents/Travail/cbnsl_benchmark/scaling/../scaling/results/2026-03-30_20h11_sem_laplace/graphs/golden__v20_a30_g15.json,/home/mathis/Documents/Travail/cbnsl_benchmark/scaling/../scaling/results/2026-03-30_20h11_sem_laplace/graphs/LiNGAM__v20_a30_g15_s3000.json,,2.682720924000023,0.0,23.0,0.9285714285714286,1.0,1.0,1.0
sem_laplace,CPC,"{""alpha"": 0.01, ""max_conditioning_set_size"": 2}",20,30,5000,15,/home/mathis/Documents/Travail/cbnsl_benchmark/scaling/../scaling/results/2026-03-30_20h11_sem_laplace/graphs/golden__v20_a30_g15.json,/home/mathis/Documents/Travail/cbnsl_benchmark/scaling/../scaling/results/2026-03-30_20h11_sem_laplace/graphs/CPC__v20_a30_g15_s5000.json,,85.18254434199844,19.0,21.0,0.5581395348837209,0.9666666666666667,0.9230769230769231,0.9666666666666667
sem_laplace,CMIIC,"{""alpha"": 0.01}",20,30,5000,15,/home/mathis/Documents/Travail/cbnsl_benchmark/scaling/../scaling/results/2026-03-30_20h11_sem_laplace/graphs/golden__v20_a30_g15.json,/home/mathis/Documents/Travail/cbnsl_benchmark/scaling/../scaling/results/2026-03-30_20h11_sem_laplace/graphs/CMIIC__v20_a30_g15_s5000.json,,302.6518191799987,5.0,21.0,0.8363636363636364,0.9508196721311476,0.9583333333333334,0.9666666666666667
sem_laplace,MIIC,"{""n_bins"": 2, ""discretization_method"": ""quantile""}",20,30,5000,15,/home/mathis/Documents/Travail/cbnsl_benchmark/scaling/../scaling/results/2026-03-30_20h11_sem_laplace/graphs/golden__v20_a30_g15.json,/home/mathis/Documents/Travail/cbnsl_benchmark/scaling/../scaling/results/2026-03-30_20h11_sem_laplace/graphs/MIIC__v20_a30_g15_s5000.json,,1.8458532260010543,13.0,25.0,0.7936507936507937,0.8656716417910447,0.9615384615384616,0.9666666666666667
sem_laplace,GHC+BDeu,"{""n_bins"": 2, ""discretization_method"": ""quantile""}",20,30,5000,15,/home/mathis/Documents/Travail/cbnsl_benchmark/scaling/../scaling/results/2026-03-30_20h11_sem_laplace/graphs/golden__v20_a30_g15.json,/home/mathis/Documents/Travail/cbnsl_benchmark/scaling/../scaling/results/2026-03-30_20h11_sem_laplace/graphs/GHC+BDeu__v20_a30_g15_s5000.json,,0.702071863997844,28.0,34.0,0.3999999999999999,0.8405797101449275,0.9090909090909091,0.9666666666666667
sem_laplace,NOTEARS,"{""lambda1"": 0.0, ""w_threshold_notears"": 0.1}",20,30,5000,15,/home/mathis/Documents/Travail/cbnsl_benchmark/scaling/../scaling/results/2026-03-30_20h11_sem_laplace/graphs/golden__v20_a30_g15.json,/home/mathis/Documents/Travail/cbnsl_benchmark/scaling/../scaling/results/2026-03-30_20h11_sem_laplace/graphs/NOTEARS__v20_a30_g15_s5000.json,,47.49954037700081,13.0,19.0,0.711864406779661,0.8823529411764706,1.0,1.0
sem_laplace,NOTEARS Disc.,"{""lambda1"": 0.3, ""w_threshold_notears"": 0.1, ""n_bins"": 6, ""discretization_method"": ""hartemink"", ""initial_bins"": 20}",20,30,5000,15,/home/mathis/Documents/Travail/cbnsl_benchmark/scaling/../scaling/results/2026-03-30_20h11_sem_laplace/graphs/golden__v20_a30_g15.json,/home/mathis/Documents/Travail/cbnsl_benchmark/scaling/../scaling/results/2026-03-30_20h11_sem_laplace/graphs/NOTEARS Disc.__v20_a30_g15_s5000.json,,226.52292372599914,11.0,16.0,0.7200000000000001,0.896551724137931,0.8181818181818182,0.8666666666666667
sem_laplace,LiNGAM,"{""threshold_lingam"": 0.01}",20,30,5000,15,/home/mathis/Documents/Travail/cbnsl_benchmark/scaling/../scaling/results/2026-03-30_20h11_sem_laplace/graphs/golden__v20_a30_g15.json,/home/mathis/Documents/Travail/cbnsl_benchmark/scaling/../scaling/results/2026-03-30_20h11_sem_laplace/graphs/LiNGAM__v20_a30_g15_s5000.json,,3.5899605240010715,0.0,23.0,0.9285714285714286,1.0,1.0,1.0
sem_laplace,CPC,"{""alpha"": 0.01, ""max_conditioning_set_size"": 2}",20,30,200,16,/home/mathis/Documents/Travail/cbnsl_benchmark/scaling/../scaling/results/2026-03-30_20h11_sem_laplace/graphs/golden__v20_a30_g16.json,/home/mathis/Documents/Travail/cbnsl_benchmark/scaling/../scaling/results/2026-03-30_20h11_sem_laplace/graphs/CPC__v20_a30_g16_s200.json,,0.09144513100181939,28.0,26.0,0.18181818181818185,0.6046511627906976,0.15,0.43333333333333335
sem_laplace,CMIIC,"{""alpha"": 0.01}",20,30,200,16,/home/mathis/Documents/Travail/cbnsl_benchmark/scaling/../scaling/results/2026-03-30_20h11_sem_laplace/graphs/golden__v20_a30_g16.json,/home/mathis/Documents/Travail/cbnsl_benchmark/scaling/../scaling/results/2026-03-30_20h11_sem_laplace/graphs/CMIIC__v20_a30_g16_s200.json,,12.423725199001638,78.0,81.0,0.22448979591836737,0.4736842105263158,0.7857142857142857,0.9
sem_laplace,MIIC,"{""n_bins"": 2, ""discretization_method"": ""quantile""}",20,30,200,16,/home/mathis/Documents/Travail/cbnsl_benchmark/scaling/../scaling/results/2026-03-30_20h11_sem_laplace/graphs/golden__v20_a30_g16.json,/home/mathis/Documents/Travail/cbnsl_benchmark/scaling/../scaling/results/2026-03-30_20h11_sem_laplace/graphs/MIIC__v20_a30_g16_s200.json,,0.0741428649998852,20.0,23.0,0.6382978723404256,0.8571428571428571,0.7142857142857143,0.8
sem_laplace,GHC+BDeu,"{""n_bins"": 2, ""discretization_method"": ""quantile""}",20,30,200,16,/home/mathis/Documents/Travail/cbnsl_benchmark/scaling/../scaling/results/2026-03-30_20h11_sem_laplace/graphs/golden__v20_a30_g16.json,/home/mathis/Documents/Travail/cbnsl_benchmark/scaling/../scaling/results/2026-03-30_20h11_sem_laplace/graphs/GHC+BDeu__v20_a30_g16_s200.json,,0.052588169997761725,24.0,17.0,0.2222222222222222,0.7924528301886793,0.3076923076923077,0.7
sem_laplace,NOTEARS,"{""lambda1"": 0.0, ""w_threshold_notears"": 0.1}",20,30,200,16,/home/mathis/Documents/Travail/cbnsl_benchmark/scaling/../scaling/results/2026-03-30_20h11_sem_laplace/graphs/golden__v20_a30_g16.json,/home/mathis/Documents/Travail/cbnsl_benchmark/scaling/../scaling/results/2026-03-30_20h11_sem_laplace/graphs/NOTEARS__v20_a30_g16_s200.json,,6.07325664399832,62.0,72.0,0.44859813084112143,0.5309734513274336,1.0,1.0
sem_laplace,NOTEARS Disc.,"{""lambda1"": 0.3, ""w_threshold_notears"": 0.1, ""n_bins"": 6, ""discretization_method"": ""hartemink"", ""initial_bins"": 20}",20,30,200,16,/home/mathis/Documents/Travail/cbnsl_benchmark/scaling/../scaling/results/2026-03-30_20h11_sem_laplace/graphs/golden__v20_a30_g16.json,,[pyAgrum] Directed cycle detected: Add a directed cycle in a dag !,,,,,,,
sem_laplace,LiNGAM,"{""threshold_lingam"": 0.01}",20,30,200,16,/home/mathis/Documents/Travail/cbnsl_benchmark/scaling/../scaling/results/2026-03-30_20h11_sem_laplace/graphs/golden__v20_a30_g16.json,/home/mathis/Documents/Travail/cbnsl_benchmark/scaling/../scaling/results/2026-03-30_20h11_sem_laplace/graphs/LiNGAM__v20_a30_g16_s200.json,,1.2633347859991773,4.0,5.0,0.8421052631578948,0.9523809523809523,1.0,1.0
sem_laplace,CPC,"{""alpha"": 0.01, ""max_conditioning_set_size"": 2}",20,30,500,16,/home/mathis/Documents/Travail/cbnsl_benchmark/scaling/../scaling/results/2026-03-30_20h11_sem_laplace/graphs/golden__v20_a30_g16.json,/home/mathis/Documents/Travail/cbnsl_benchmark/scaling/../scaling/results/2026-03-30_20h11_sem_laplace/graphs/CPC__v20_a30_g16_s500.json,,0.48237227799836546,29.0,22.0,0.18181818181818182,0.5714285714285715,0.14285714285714285,0.4
sem_laplace,CMIIC,"{""alpha"": 0.01}",20,30,500,16,/home/mathis/Documents/Travail/cbnsl_benchmark/scaling/../scaling/results/2026-03-30_20h11_sem_laplace/graphs/golden__v20_a30_g16.json,/home/mathis/Documents/Travail/cbnsl_benchmark/scaling/../scaling/results/2026-03-30_20h11_sem_laplace/graphs/CMIIC__v20_a30_g16_s500.json,,32.9305352750016,39.0,43.0,0.4347826086956522,0.6829268292682926,0.8823529411764706,0.9333333333333333
sem_laplace,MIIC,"{""n_bins"": 2, ""discretization_method"": ""quantile""}",20,30,500,16,/home/mathis/Documents/Travail/cbnsl_benchmark/scaling/../scaling/results/2026-03-30_20h11_sem_laplace/graphs/golden__v20_a30_g16.json,/home/mathis/Documents/Travail/cbnsl_benchmark/scaling/../scaling/results/2026-03-30_20h11_sem_laplace/graphs/MIIC__v20_a30_g16_s500.json,,0.12460065400227904,17.0,24.0,0.23529411764705882,0.9090909090909091,0.4444444444444444,0.8333333333333334
sem_laplace,GHC+BDeu,"{""n_bins"": 2, ""discretization_method"": ""quantile""}",20,30,500,16,/home/mathis/Documents/Travail/cbnsl_benchmark/scaling/../scaling/results/2026-03-30_20h11_sem_laplace/graphs/golden__v20_a30_g16.json,/home/mathis/Documents/Travail/cbnsl_benchmark/scaling/../scaling/results/2026-03-30_20h11_sem_laplace/graphs/GHC+BDeu__v20_a30_g16_s500.json,,0.07490342299934127,26.0,25.0,0.3,0.8275862068965518,0.5,0.8
sem_laplace,NOTEARS,"{""lambda1"": 0.0, ""w_threshold_notears"": 0.1}",20,30,500,16,/home/mathis/Documents/Travail/cbnsl_benchmark/scaling/../scaling/results/2026-03-30_20h11_sem_laplace/graphs/golden__v20_a30_g16.json,/home/mathis/Documents/Travail/cbnsl_benchmark/scaling/../scaling/results/2026-03-30_20h11_sem_laplace/graphs/NOTEARS__v20_a30_g16_s500.json,,10.587109643998701,28.0,36.0,0.6301369863013699,0.7499999999999999,1.0,1.0
sem_laplace,NOTEARS Disc.,"{""lambda1"": 0.3, ""w_threshold_notears"": 0.1, ""n_bins"": 6, ""discretization_method"": ""hartemink"", ""initial_bins"": 20}",20,30,500,16,/home/mathis/Documents/Travail/cbnsl_benchmark/scaling/../scaling/results/2026-03-30_20h11_sem_laplace/graphs/golden__v20_a30_g16.json,/home/mathis/Documents/Travail/cbnsl_benchmark/scaling/../scaling/results/2026-03-30_20h11_sem_laplace/graphs/NOTEARS Disc.__v20_a30_g16_s500.json,,44.41153363999911,15.0,17.0,0.5777777777777777,0.896551724137931,0.7647058823529411,0.8666666666666667
sem_laplace,LiNGAM,"{""threshold_lingam"": 0.01}",20,30,500,16,/home/mathis/Documents/Travail/cbnsl_benchmark/scaling/../scaling/results/2026-03-30_20h11_sem_laplace/graphs/golden__v20_a30_g16.json,/home/mathis/Documents/Travail/cbnsl_benchmark/scaling/../scaling/results/2026-03-30_20h11_sem_laplace/graphs/LiNGAM__v20_a30_g16_s500.json,,1.348941381998884,0.0,15.0,0.9090909090909091,1.0,1.0,1.0
sem_laplace,CPC,"{""alpha"": 0.01, ""max_conditioning_set_size"": 2}",20,30,1000,16,/home/mathis/Documents/Travail/cbnsl_benchmark/scaling/../scaling/results/2026-03-30_20h11_sem_laplace/graphs/golden__v20_a30_g16.json,/home/mathis/Documents/Travail/cbnsl_benchmark/scaling/../scaling/results/2026-03-30_20h11_sem_laplace/graphs/CPC__v20_a30_g16_s1000.json,,2.4770517030010524,25.0,19.0,0.2857142857142857,0.7755102040816326,0.3125,0.6333333333333333
sem_laplace,CMIIC,"{""alpha"": 0.01}",20,30,1000,16,/home/mathis/Documents/Travail/cbnsl_benchmark/scaling/../scaling/results/2026-03-30_20h11_sem_laplace/graphs/golden__v20_a30_g16.json,/home/mathis/Documents/Travail/cbnsl_benchmark/scaling/../scaling/results/2026-03-30_20h11_sem_laplace/graphs/CMIIC__v20_a30_g16_s1000.json,,140.57595857299748,44.0,47.0,0.3714285714285714,0.6744186046511628,0.9285714285714286,0.9666666666666667
sem_laplace,MIIC,"{""n_bins"": 2, ""discretization_method"": ""quantile""}",20,30,1000,16,/home/mathis/Documents/Travail/cbnsl_benchmark/scaling/../scaling/results/2026-03-30_20h11_sem_laplace/graphs/golden__v20_a30_g16.json,/home/mathis/Documents/Travail/cbnsl_benchmark/scaling/../scaling/results/2026-03-30_20h11_sem_laplace/graphs/MIIC__v20_a30_g16_s1000.json,,0.19803158400100074,19.0,18.0,0.64,0.8666666666666667,0.8,0.8666666666666667
sem_laplace,GHC+BDeu,"{""n_bins"": 2, ""discretization_method"": ""quantile""}",20,30,1000,16,/home/mathis/Documents/Travail/cbnsl_benchmark/scaling/../scaling/results/2026-03-30_20h11_sem_laplace/graphs/golden__v20_a30_g16.json,/home/mathis/Documents/Travail/cbnsl_benchmark/scaling/../scaling/results/2026-03-30_20h11_sem_laplace/graphs/GHC+BDeu__v20_a30_g16_s1000.json,,0.12362937800207874,24.0,22.0,0.5,0.8749999999999999,0.8571428571428571,0.9333333333333333
sem_laplace,NOTEARS,"{""lambda1"": 0.0, ""w_threshold_notears"": 0.1}",20,30,1000,16,/home/mathis/Documents/Travail/cbnsl_benchmark/scaling/../scaling/results/2026-03-30_20h11_sem_laplace/graphs/golden__v20_a30_g16.json,/home/mathis/Documents/Travail/cbnsl_benchmark/scaling/../scaling/results/2026-03-30_20h11_sem_laplace/graphs/NOTEARS__v20_a30_g16_s1000.json,,15.304399584998464,21.0,33.0,0.6969696969696969,0.8219178082191781,1.0,1.0
sem_laplace,NOTEARS Disc.,"{""lambda1"": 0.3, ""w_threshold_notears"": 0.1, ""n_bins"": 6, ""discretization_method"": ""hartemink"", ""initial_bins"": 20}",20,30,1000,16,/home/mathis/Documents/Travail/cbnsl_benchmark/scaling/../scaling/results/2026-03-30_20h11_sem_laplace/graphs/golden__v20_a30_g16.json,/home/mathis/Documents/Travail/cbnsl_benchmark/scaling/../scaling/results/2026-03-30_20h11_sem_laplace/graphs/NOTEARS Disc.__v20_a30_g16_s1000.json,,68.66323272900263,21.0,28.0,0.43902439024390244,0.8771929824561403,0.6428571428571429,0.8333333333333334
sem_laplace,LiNGAM,"{""threshold_lingam"": 0.01}",20,30,1000,16,/home/mathis/Documents/Travail/cbnsl_benchmark/scaling/../scaling/results/2026-03-30_20h11_sem_laplace/graphs/golden__v20_a30_g16.json,/home/mathis/Documents/Travail/cbnsl_benchmark/scaling/../scaling/results/2026-03-30_20h11_sem_laplace/graphs/LiNGAM__v20_a30_g16_s1000.json,,1.623362084999826,0.0,15.0,0.9090909090909091,1.0,1.0,1.0
sem_laplace,CPC,"{""alpha"": 0.01, ""max_conditioning_set_size"": 2}",20,30,3000,16,/home/mathis/Documents/Travail/cbnsl_benchmark/scaling/../scaling/results/2026-03-30_20h11_sem_laplace/graphs/golden__v20_a30_g16.json,/home/mathis/Documents/Travail/cbnsl_benchmark/scaling/../scaling/results/2026-03-30_20h11_sem_laplace/graphs/CPC__v20_a30_g16_s3000.json,,33.9077036719973,24.0,17.0,0.32432432432432434,0.8727272727272728,0.5,0.8
sem_laplace,CMIIC,"{""alpha"": 0.01}",20,30,3000,16,/home/mathis/Documents/Travail/cbnsl_benchmark/scaling/../scaling/results/2026-03-30_20h11_sem_laplace/graphs/golden__v20_a30_g16.json,/home/mathis/Documents/Travail/cbnsl_benchmark/scaling/../scaling/results/2026-03-30_20h11_sem_laplace/graphs/CMIIC__v20_a30_g16_s3000.json,,265.66147842099963,11.0,23.0,0.7586206896551724,0.8923076923076922,0.9565217391304348,0.9666666666666667
sem_laplace,MIIC,"{""n_bins"": 2, ""discretization_method"": ""quantile""}",20,30,3000,16,/home/mathis/Documents/Travail/cbnsl_benchmark/scaling/../scaling/results/2026-03-30_20h11_sem_laplace/graphs/golden__v20_a30_g16.json,/home/mathis/Documents/Travail/cbnsl_benchmark/scaling/../scaling/results/2026-03-30_20h11_sem_laplace/graphs/MIIC__v20_a30_g16_s3000.json,,1.1550430490024155,15.0,30.0,0.7017543859649124,0.84375,0.8695652173913043,0.9
sem_laplace,GHC+BDeu,"{""n_bins"": 2, ""discretization_method"": ""quantile""}",20,30,3000,16,/home/mathis/Documents/Travail/cbnsl_benchmark/scaling/../scaling/results/2026-03-30_20h11_sem_laplace/graphs/golden__v20_a30_g16.json,/home/mathis/Documents/Travail/cbnsl_benchmark/scaling/../scaling/results/2026-03-30_20h11_sem_laplace/graphs/GHC+BDeu__v20_a30_g16_s3000.json,,0.41097130800335435,35.0,34.0,0.32000000000000006,0.8,0.8,0.9333333333333333
sem_laplace,NOTEARS,"{""lambda1"": 0.0, ""w_threshold_notears"": 0.1}",20,30,3000,16,/home/mathis/Documents/Travail/cbnsl_benchmark/scaling/../scaling/results/2026-03-30_20h11_sem_laplace/graphs/golden__v20_a30_g16.json,/home/mathis/Documents/Travail/cbnsl_benchmark/scaling/../scaling/results/2026-03-30_20h11_sem_laplace/graphs/NOTEARS__v20_a30_g16_s3000.json,,35.56895189400166,22.0,33.0,0.626865671641791,0.7894736842105263,1.0,1.0
sem_laplace,NOTEARS Disc.,"{""lambda1"": 0.3, ""w_threshold_notears"": 0.1, ""n_bins"": 6, ""discretization_method"": ""hartemink"", ""initial_bins"": 20}",20,30,3000,16,/home/mathis/Documents/Travail/cbnsl_benchmark/scaling/../scaling/results/2026-03-30_20h11_sem_laplace/graphs/golden__v20_a30_g16.json,/home/mathis/Documents/Travail/cbnsl_benchmark/scaling/../scaling/results/2026-03-30_20h11_sem_laplace/graphs/NOTEARS Disc.__v20_a30_g16_s3000.json,,149.39697181500014,19.0,21.0,0.4878048780487804,0.8928571428571429,0.6666666666666666,0.8333333333333334
sem_laplace,LiNGAM,"{""threshold_lingam"": 0.01}",20,30,3000,16,/home/mathis/Documents/Travail/cbnsl_benchmark/scaling/../scaling/results/2026-03-30_20h11_sem_laplace/graphs/golden__v20_a30_g16.json,/home/mathis/Documents/Travail/cbnsl_benchmark/scaling/../scaling/results/2026-03-30_20h11_sem_laplace/graphs/LiNGAM__v20_a30_g16_s3000.json,,2.64885753499766,0.0,15.0,0.9090909090909091,1.0,1.0,1.0
sem_laplace,CPC,"{""alpha"": 0.01, ""max_conditioning_set_size"": 2}",20,30,5000,16,/home/mathis/Documents/Travail/cbnsl_benchmark/scaling/../scaling/results/2026-03-30_20h11_sem_laplace/graphs/golden__v20_a30_g16.json,/home/mathis/Documents/Travail/cbnsl_benchmark/scaling/../scaling/results/2026-03-30_20h11_sem_laplace/graphs/CPC__v20_a30_g16_s5000.json,,105.93935022799997,18.0,18.0,0.5238095238095238,0.8928571428571429,0.6875,0.8333333333333334
sem_laplace,CMIIC,"{""alpha"": 0.01}",20,30,5000,16,/home/mathis/Documents/Travail/cbnsl_benchmark/scaling/../scaling/results/2026-03-30_20h11_sem_laplace/graphs/golden__v20_a30_g16.json,/home/mathis/Documents/Travail/cbnsl_benchmark/scaling/../scaling/results/2026-03-30_20h11_sem_laplace/graphs/CMIIC__v20_a30_g16_s5000.json,,1442.8424438500006,14.0,31.0,0.721311475409836,0.8529411764705883,0.9565217391304348,0.9666666666666667
sem_laplace,MIIC,"{""n_bins"": 2, ""discretization_method"": ""quantile""}",20,30,5000,16,/home/mathis/Documents/Travail/cbnsl_benchmark/scaling/../scaling/results/2026-03-30_20h11_sem_laplace/graphs/golden__v20_a30_g16.json,/home/mathis/Documents/Travail/cbnsl_benchmark/scaling/../scaling/results/2026-03-30_20h11_sem_laplace/graphs/MIIC__v20_a30_g16_s5000.json,,2.3551121870004863,23.0,32.0,0.5964912280701754,0.8059701492537312,0.85,0.9
sem_laplace,GHC+BDeu,"{""n_bins"": 2, ""discretization_method"": ""quantile""}",20,30,5000,16,/home/mathis/Documents/Travail/cbnsl_benchmark/scaling/../scaling/results/2026-03-30_20h11_sem_laplace/graphs/golden__v20_a30_g16.json,/home/mathis/Documents/Travail/cbnsl_benchmark/scaling/../scaling/results/2026-03-30_20h11_sem_laplace/graphs/GHC+BDeu__v20_a30_g16_s5000.json,,0.6830711849979707,38.0,33.0,0.32142857142857145,0.7466666666666667,0.8181818181818182,0.9333333333333333
sem_laplace,NOTEARS,"{""lambda1"": 0.0, ""w_threshold_notears"": 0.1}",20,30,5000,16,/home/mathis/Documents/Travail/cbnsl_benchmark/scaling/../scaling/results/2026-03-30_20h11_sem_laplace/graphs/golden__v20_a30_g16.json,/home/mathis/Documents/Travail/cbnsl_benchmark/scaling/../scaling/results/2026-03-30_20h11_sem_laplace/graphs/NOTEARS__v20_a30_g16_s5000.json,,44.02988710599675,24.0,33.0,0.6086956521739131,0.7692307692307693,1.0,1.0
sem_laplace,NOTEARS Disc.,"{""lambda1"": 0.3, ""w_threshold_notears"": 0.1, ""n_bins"": 6, ""discretization_method"": ""hartemink"", ""initial_bins"": 20}",20,30,5000,16,/home/mathis/Documents/Travail/cbnsl_benchmark/scaling/../scaling/results/2026-03-30_20h11_sem_laplace/graphs/golden__v20_a30_g16.json,,[pyAgrum] Directed cycle detected: Add a directed cycle in a dag !,,,,,,,
sem_laplace,LiNGAM,"{""threshold_lingam"": 0.01}",20,30,5000,16,/home/mathis/Documents/Travail/cbnsl_benchmark/scaling/../scaling/results/2026-03-30_20h11_sem_laplace/graphs/golden__v20_a30_g16.json,/home/mathis/Documents/Travail/cbnsl_benchmark/scaling/../scaling/results/2026-03-30_20h11_sem_laplace/graphs/LiNGAM__v20_a30_g16_s5000.json,,3.9898131209993153,0.0,15.0,0.9090909090909091,1.0,1.0,1.0
sem_laplace,CPC,"{""alpha"": 0.01, ""max_conditioning_set_size"": 2}",20,30,200,17,/home/mathis/Documents/Travail/cbnsl_benchmark/scaling/../scaling/results/2026-03-30_20h11_sem_laplace/graphs/golden__v20_a30_g17.json,/home/mathis/Documents/Travail/cbnsl_benchmark/scaling/../scaling/results/2026-03-30_20h11_sem_laplace/graphs/CPC__v20_a30_g17_s200.json,,0.07255882600293262,28.0,25.0,0.125,0.33333333333333337,0.07692307692307693,0.2
sem_laplace,CMIIC,"{""alpha"": 0.01}",20,30,200,17,/home/mathis/Documents/Travail/cbnsl_benchmark/scaling/../scaling/results/2026-03-30_20h11_sem_laplace/graphs/golden__v20_a30_g17.json,/home/mathis/Documents/Travail/cbnsl_benchmark/scaling/../scaling/results/2026-03-30_20h11_sem_laplace/graphs/CMIIC__v20_a30_g17_s200.json,,9.632114760999684,84.0,91.0,0.22429906542056074,0.4426229508196721,0.8,0.9
sem_laplace,MIIC,"{""n_bins"": 2, ""discretization_method"": ""quantile""}",20,30,200,17,/home/mathis/Documents/Travail/cbnsl_benchmark/scaling/../scaling/results/2026-03-30_20h11_sem_laplace/graphs/golden__v20_a30_g17.json,/home/mathis/Documents/Travail/cbnsl_benchmark/scaling/../scaling/results/2026-03-30_20h11_sem_laplace/graphs/MIIC__v20_a30_g17_s200.json,,0.07014315800188342,28.0,26.0,0.3255813953488372,0.7368421052631577,0.4375,0.7
sem_laplace,GHC+BDeu,"{""n_bins"": 2, ""discretization_method"": ""quantile""}",20,30,200,17,/home/mathis/Documents/Travail/cbnsl_benchmark/scaling/../scaling/results/2026-03-30_20h11_sem_laplace/graphs/golden__v20_a30_g17.json,/home/mathis/Documents/Travail/cbnsl_benchmark/scaling/../scaling/results/2026-03-30_20h11_sem_laplace/graphs/GHC+BDeu__v20_a30_g17_s200.json,,0.05164240799786057,21.0,25.0,0.46511627906976744,0.7547169811320754,0.5,0.6666666666666666
sem_laplace,NOTEARS,"{""lambda1"": 0.0, ""w_threshold_notears"": 0.1}",20,30,200,17,/home/mathis/Documents/Travail/cbnsl_benchmark/scaling/../scaling/results/2026-03-30_20h11_sem_laplace/graphs/golden__v20_a30_g17.json,/home/mathis/Documents/Travail/cbnsl_benchmark/scaling/../scaling/results/2026-03-30_20h11_sem_laplace/graphs/NOTEARS__v20_a30_g17_s200.json,,8.647389860998373,55.0,69.0,0.46601941747572817,0.5504587155963303,1.0,1.0
sem_laplace,NOTEARS Disc.,"{""lambda1"": 0.3, ""w_threshold_notears"": 0.1, ""n_bins"": 6, ""discretization_method"": ""hartemink"", ""initial_bins"": 20}",20,30,200,17,/home/mathis/Documents/Travail/cbnsl_benchmark/scaling/../scaling/results/2026-03-30_20h11_sem_laplace/graphs/golden__v20_a30_g17.json,/home/mathis/Documents/Travail/cbnsl_benchmark/scaling/../scaling/results/2026-03-30_20h11_sem_laplace/graphs/NOTEARS Disc.__v20_a30_g17_s200.json,,25.16432531600003,22.0,26.0,0.5,0.9,0.7857142857142857,0.9
sem_laplace,LiNGAM,"{""threshold_lingam"": 0.01}",20,30,200,17,/home/mathis/Documents/Travail/cbnsl_benchmark/scaling/../scaling/results/2026-03-30_20h11_sem_laplace/graphs/golden__v20_a30_g17.json,/home/mathis/Documents/Travail/cbnsl_benchmark/scaling/../scaling/results/2026-03-30_20h11_sem_laplace/graphs/LiNGAM__v20_a30_g17_s200.json,,1.2098125519987661,8.0,24.0,0.8387096774193548,0.9090909090909091,1.0,1.0
sem_laplace,CPC,"{""alpha"": 0.01, ""max_conditioning_set_size"": 2}",20,30,500,17,/home/mathis/Documents/Travail/cbnsl_benchmark/scaling/../scaling/results/2026-03-30_20h11_sem_laplace/graphs/golden__v20_a30_g17.json,/home/mathis/Documents/Travail/cbnsl_benchmark/scaling/../scaling/results/2026-03-30_20h11_sem_laplace/graphs/CPC__v20_a30_g17_s500.json,,0.37496096099494025,27.0,23.0,0.12500000000000003,0.5,0.09090909090909091,0.3333333333333333
sem_laplace,CMIIC,"{""alpha"": 0.01}",20,30,500,17,/home/mathis/Documents/Travail/cbnsl_benchmark/scaling/../scaling/results/2026-03-30_20h11_sem_laplace/graphs/golden__v20_a30_g17.json,/home/mathis/Documents/Travail/cbnsl_benchmark/scaling/../scaling/results/2026-03-30_20h11_sem_laplace/graphs/CMIIC__v20_a30_g17_s500.json,,15.870685623005556,38.0,53.0,0.5060240963855422,0.6067415730337079,0.875,0.9
sem_laplace,MIIC,"{""n_bins"": 2, ""discretization_method"": ""quantile""}",20,30,500,17,/home/mathis/Documents/Travail/cbnsl_benchmark/scaling/../scaling/results/2026-03-30_20h11_sem_laplace/graphs/golden__v20_a30_g17.json,/home/mathis/Documents/Travail/cbnsl_benchmark/scaling/../scaling/results/2026-03-30_20h11_sem_laplace/graphs/MIIC__v20_a30_g17_s500.json,,0.10951546399883227,26.0,27.0,0.5098039215686274,0.7333333333333333,0.6190476190476191,0.7333333333333333
sem_laplace,GHC+BDeu,"{""n_bins"": 2, ""discretization_method"": ""quantile""}",20,30,500,17,/home/mathis/Documents/Travail/cbnsl_benchmark/scaling/../scaling/results/2026-03-30_20h11_sem_laplace/graphs/golden__v20_a30_g17.json,/home/mathis/Documents/Travail/cbnsl_benchmark/scaling/../scaling/results/2026-03-30_20h11_sem_laplace/graphs/GHC+BDeu__v20_a30_g17_s500.json,,0.0774341079959413,22.0,20.0,0.41860465116279066,0.7857142857142856,0.5294117647058824,0.7333333333333333
sem_laplace,NOTEARS,"{""lambda1"": 0.0, ""w_threshold_notears"": 0.1}",20,30,500,17,/home/mathis/Documents/Travail/cbnsl_benchmark/scaling/../scaling/results/2026-03-30_20h11_sem_laplace/graphs/golden__v20_a30_g17.json,/home/mathis/Documents/Travail/cbnsl_benchmark/scaling/../scaling/results/2026-03-30_20h11_sem_laplace/graphs/NOTEARS__v20_a30_g17_s500.json,,12.212217211999814,35.0,48.0,0.5569620253164557,0.6744186046511628,0.9565217391304348,0.9666666666666667
sem_laplace,NOTEARS Disc.,"{""lambda1"": 0.3, ""w_threshold_notears"": 0.1, ""n_bins"": 6, ""discretization_method"": ""hartemink"", ""initial_bins"": 20}",20,30,500,17,/home/mathis/Documents/Travail/cbnsl_benchmark/scaling/../scaling/results/2026-03-30_20h11_sem_laplace/graphs/golden__v20_a30_g17.json,/home/mathis/Documents/Travail/cbnsl_benchmark/scaling/../scaling/results/2026-03-30_20h11_sem_laplace/graphs/NOTEARS Disc.__v20_a30_g17_s500.json,,42.74068505699688,26.0,22.0,0.30769230769230765,0.7547169811320754,0.375,0.6666666666666666
sem_laplace,LiNGAM,"{""threshold_lingam"": 0.01}",20,30,500,17,/home/mathis/Documents/Travail/cbnsl_benchmark/scaling/../scaling/results/2026-03-30_20h11_sem_laplace/graphs/golden__v20_a30_g17.json,/home/mathis/Documents/Travail/cbnsl_benchmark/scaling/../scaling/results/2026-03-30_20h11_sem_laplace/graphs/LiNGAM__v20_a30_g17_s500.json,,1.3624231930007227,0.0,0.0,0.9285714285714286,1.0,1.0,1.0
sem_laplace,CPC,"{""alpha"": 0.01, ""max_conditioning_set_size"": 2}",20,30,1000,17,/home/mathis/Documents/Travail/cbnsl_benchmark/scaling/../scaling/results/2026-03-30_20h11_sem_laplace/graphs/golden__v20_a30_g17.json,/home/mathis/Documents/Travail/cbnsl_benchmark/scaling/../scaling/results/2026-03-30_20h11_sem_laplace/graphs/CPC__v20_a30_g17_s1000.json,,1.6953782269993098,24.0,24.0,0.3333333333333333,0.6666666666666666,0.2857142857142857,0.5
sem_laplace,CMIIC,"{""alpha"": 0.01}",20,30,1000,17,/home/mathis/Documents/Travail/cbnsl_benchmark/scaling/../scaling/results/2026-03-30_20h11_sem_laplace/graphs/golden__v20_a30_g17.json,/home/mathis/Documents/Travail/cbnsl_benchmark/scaling/../scaling/results/2026-03-30_20h11_sem_laplace/graphs/CMIIC__v20_a30_g17_s1000.json,,49.93732626099518,18.0,37.0,0.7076923076923077,0.8,0.92,0.9333333333333333
sem_laplace,MIIC,"{""n_bins"": 2, ""discretization_method"": ""quantile""}",20,30,1000,17,/home/mathis/Documents/Travail/cbnsl_benchmark/scaling/../scaling/results/2026-03-30_20h11_sem_laplace/graphs/golden__v20_a30_g17.json,/home/mathis/Documents/Travail/cbnsl_benchmark/scaling/../scaling/results/2026-03-30_20h11_sem_laplace/graphs/MIIC__v20_a30_g17_s1000.json,,0.16661780000140425,21.0,27.0,0.5882352941176471,0.819672131147541,0.75,0.8333333333333334
sem_laplace,GHC+BDeu,"{""n_bins"": 2, ""discretization_method"": ""quantile""}",20,30,1000,17,/home/mathis/Documents/Travail/cbnsl_benchmark/scaling/../scaling/results/2026-03-30_20h11_sem_laplace/graphs/golden__v20_a30_g17.json,/home/mathis/Documents/Travail/cbnsl_benchmark/scaling/../scaling/results/2026-03-30_20h11_sem_laplace/graphs/GHC+BDeu__v20_a30_g17_s1000.json,,0.1123822419976932,26.0,26.0,0.35555555555555557,0.7457627118644068,0.5,0.7333333333333333
sem_laplace,NOTEARS,"{""lambda1"": 0.0, ""w_threshold_notears"": 0.1}",20,30,1000,17,/home/mathis/Documents/Travail/cbnsl_benchmark/scaling/../scaling/results/2026-03-30_20h11_sem_laplace/graphs/golden__v20_a30_g17.json,/home/mathis/Documents/Travail/cbnsl_benchmark/scaling/../scaling/results/2026-03-30_20h11_sem_laplace/graphs/NOTEARS__v20_a30_g17_s1000.json,,16.28278281999519,26.0,40.0,0.6216216216216216,0.725,0.9583333333333334,0.9666666666666667
sem_laplace,NOTEARS Disc.,"{""lambda1"": 0.3, ""w_threshold_notears"": 0.1, ""n_bins"": 6, ""discretization_method"": ""hartemink"", ""initial_bins"": 20}",20,30,1000,17,/home/mathis/Documents/Travail/cbnsl_benchmark/scaling/../scaling/results/2026-03-30_20h11_sem_laplace/graphs/golden__v20_a30_g17.json,/home/mathis/Documents/Travail/cbnsl_benchmark/scaling/../scaling/results/2026-03-30_20h11_sem_laplace/graphs/NOTEARS Disc.__v20_a30_g17_s1000.json,,69.48428802700073,17.0,18.0,0.4615384615384615,0.888888888888889,0.6,0.8
sem_laplace,LiNGAM,"{""threshold_lingam"": 0.01}",20,30,1000,17,/home/mathis/Documents/Travail/cbnsl_benchmark/scaling/../scaling/results/2026-03-30_20h11_sem_laplace/graphs/golden__v20_a30_g17.json,/home/mathis/Documents/Travail/cbnsl_benchmark/scaling/../scaling/results/2026-03-30_20h11_sem_laplace/graphs/LiNGAM__v20_a30_g17_s1000.json,,1.7154828170023393,0.0,0.0,0.9285714285714286,1.0,1.0,1.0
sem_laplace,CPC,"{""alpha"": 0.01, ""max_conditioning_set_size"": 2}",20,30,3000,17,/home/mathis/Documents/Travail/cbnsl_benchmark/scaling/../scaling/results/2026-03-30_20h11_sem_laplace/graphs/golden__v20_a30_g17.json,/home/mathis/Documents/Travail/cbnsl_benchmark/scaling/../scaling/results/2026-03-30_20h11_sem_laplace/graphs/CPC__v20_a30_g17_s3000.json,,21.41155593500298,17.0,16.0,0.4878048780487805,0.8301886792452831,0.5555555555555556,0.7333333333333333
sem_laplace,CMIIC,"{""alpha"": 0.01}",20,30,3000,17,/home/mathis/Documents/Travail/cbnsl_benchmark/scaling/../scaling/results/2026-03-30_20h11_sem_laplace/graphs/golden__v20_a30_g17.json,/home/mathis/Documents/Travail/cbnsl_benchmark/scaling/../scaling/results/2026-03-30_20h11_sem_laplace/graphs/CMIIC__v20_a30_g17_s3000.json,,109.0201104000007,9.0,17.0,0.76,0.9310344827586207,0.8636363636363636,0.9
sem_laplace,MIIC,"{""n_bins"": 2, ""discretization_method"": ""quantile""}",20,30,3000,17,/home/mathis/Documents/Travail/cbnsl_benchmark/scaling/../scaling/results/2026-03-30_20h11_sem_laplace/graphs/golden__v20_a30_g17.json,/home/mathis/Documents/Travail/cbnsl_benchmark/scaling/../scaling/results/2026-03-30_20h11_sem_laplace/graphs/MIIC__v20_a30_g17_s3000.json,,0.8615607690007892,17.0,29.0,0.6428571428571428,0.8307692307692307,0.8571428571428571,0.9
sem_laplace,GHC+BDeu,"{""n_bins"": 2, ""discretization_method"": ""quantile""}",20,30,3000,17,/home/mathis/Documents/Travail/cbnsl_benchmark/scaling/../scaling/results/2026-03-30_20h11_sem_laplace/graphs/golden__v20_a30_g17.json,/home/mathis/Documents/Travail/cbnsl_benchmark/scaling/../scaling/results/2026-03-30_20h11_sem_laplace/graphs/GHC+BDeu__v20_a30_g17_s3000.json,,0.3936857829976361,28.0,29.0,0.43999999999999995,0.8181818181818182,0.7857142857142857,0.9
sem_laplace,NOTEARS,"{""lambda1"": 0.0, ""w_threshold_notears"": 0.1}",20,30,3000,17,/home/mathis/Documents/Travail/cbnsl_benchmark/scaling/../scaling/results/2026-03-30_20h11_sem_laplace/graphs/golden__v20_a30_g17.json,/home/mathis/Documents/Travail/cbnsl_benchmark/scaling/../scaling/results/2026-03-30_20h11_sem_laplace/graphs/NOTEARS__v20_a30_g17_s3000.json,,31.696785626001656,14.0,32.0,0.71875,0.8285714285714285,0.9583333333333334,0.9666666666666667
sem_laplace,NOTEARS Disc.,"{""lambda1"": 0.3, ""w_threshold_notears"": 0.1, ""n_bins"": 6, ""discretization_method"": ""hartemink"", ""initial_bins"": 20}",20,30,3000,17,/home/mathis/Documents/Travail/cbnsl_benchmark/scaling/../scaling/results/2026-03-30_20h11_sem_laplace/graphs/golden__v20_a30_g17.json,/home/mathis/Documents/Travail/cbnsl_benchmark/scaling/../scaling/results/2026-03-30_20h11_sem_laplace/graphs/NOTEARS Disc.__v20_a30_g17_s3000.json,,155.53173384899856,20.0,15.0,0.5581395348837209,0.8518518518518519,0.631578947368421,0.7666666666666667
sem_laplace,LiNGAM,"{""threshold_lingam"": 0.01}",20,30,3000,17,/home/mathis/Documents/Travail/cbnsl_benchmark/scaling/../scaling/results/2026-03-30_20h11_sem_laplace/graphs/golden__v20_a30_g17.json,/home/mathis/Documents/Travail/cbnsl_benchmark/scaling/../scaling/results/2026-03-30_20h11_sem_laplace/graphs/LiNGAM__v20_a30_g17_s3000.json,,2.7300478410033975,0.0,0.0,0.9285714285714286,1.0,1.0,1.0
sem_laplace,CPC,"{""alpha"": 0.01, ""max_conditioning_set_size"": 2}",20,30,5000,17,/home/mathis/Documents/Travail/cbnsl_benchmark/scaling/../scaling/results/2026-03-30_20h11_sem_laplace/graphs/golden__v20_a30_g17.json,/home/mathis/Documents/Travail/cbnsl_benchmark/scaling/../scaling/results/2026-03-30_20h11_sem_laplace/graphs/CPC__v20_a30_g17_s5000.json,,68.62328160899779,18.0,28.0,0.6382978723404255,0.896551724137931,0.7894736842105263,0.8666666666666667
sem_laplace,CMIIC,"{""alpha"": 0.01}",20,30,5000,17,/home/mathis/Documents/Travail/cbnsl_benchmark/scaling/../scaling/results/2026-03-30_20h11_sem_laplace/graphs/golden__v20_a30_g17.json,/home/mathis/Documents/Travail/cbnsl_benchmark/scaling/../scaling/results/2026-03-30_20h11_sem_laplace/graphs/CMIIC__v20_a30_g17_s5000.json,,288.15657589900366,11.0,17.0,0.7346938775510204,0.9310344827586207,0.8571428571428571,0.9
sem_laplace,MIIC,"{""n_bins"": 2, ""discretization_method"": ""quantile""}",20,30,5000,17,/home/mathis/Documents/Travail/cbnsl_benchmark/scaling/../scaling/results/2026-03-30_20h11_sem_laplace/graphs/golden__v20_a30_g17.json,/home/mathis/Documents/Travail/cbnsl_benchmark/scaling/../scaling/results/2026-03-30_20h11_sem_laplace/graphs/MIIC__v20_a30_g17_s5000.json,,1.5848653209977783,14.0,23.0,0.7333333333333334,0.8484848484848485,0.9166666666666666,0.9333333333333333
sem_laplace,GHC+BDeu,"{""n_bins"": 2, ""discretization_method"": ""quantile""}",20,30,5000,17,/home/mathis/Documents/Travail/cbnsl_benchmark/scaling/../scaling/results/2026-03-30_20h11_sem_laplace/graphs/golden__v20_a30_g17.json,/home/mathis/Documents/Travail/cbnsl_benchmark/scaling/../scaling/results/2026-03-30_20h11_sem_laplace/graphs/GHC+BDeu__v20_a30_g17_s5000.json,,0.6728359170010663,24.0,21.0,0.5098039215686275,0.8307692307692307,0.8125,0.9
sem_laplace,NOTEARS,"{""lambda1"": 0.0, ""w_threshold_notears"": 0.1}",20,30,5000,17,/home/mathis/Documents/Travail/cbnsl_benchmark/scaling/../scaling/results/2026-03-30_20h11_sem_laplace/graphs/golden__v20_a30_g17.json,/home/mathis/Documents/Travail/cbnsl_benchmark/scaling/../scaling/results/2026-03-30_20h11_sem_laplace/graphs/NOTEARS__v20_a30_g17_s5000.json,,41.04097288900084,13.0,32.0,0.7301587301587301,0.8405797101449275,0.9583333333333334,0.9666666666666667
sem_laplace,NOTEARS Disc.,"{""lambda1"": 0.3, ""w_threshold_notears"": 0.1, ""n_bins"": 6, ""discretization_method"": ""hartemink"", ""initial_bins"": 20}",20,30,5000,17,/home/mathis/Documents/Travail/cbnsl_benchmark/scaling/../scaling/results/2026-03-30_20h11_sem_laplace/graphs/golden__v20_a30_g17.json,/home/mathis/Documents/Travail/cbnsl_benchmark/scaling/../scaling/results/2026-03-30_20h11_sem_laplace/graphs/NOTEARS Disc.__v20_a30_g17_s5000.json,,234.82918664599856,23.0,20.0,0.4102564102564102,0.8518518518518519,0.5333333333333333,0.7666666666666667
sem_laplace,LiNGAM,"{""threshold_lingam"": 0.01}",20,30,5000,17,/home/mathis/Documents/Travail/cbnsl_benchmark/scaling/../scaling/results/2026-03-30_20h11_sem_laplace/graphs/golden__v20_a30_g17.json,/home/mathis/Documents/Travail/cbnsl_benchmark/scaling/../scaling/results/2026-03-30_20h11_sem_laplace/graphs/LiNGAM__v20_a30_g17_s5000.json,,3.9530767379983445,0.0,0.0,0.9285714285714286,1.0,1.0,1.0
sem_laplace,CPC,"{""alpha"": 0.01, ""max_conditioning_set_size"": 2}",20,30,200,18,/home/mathis/Documents/Travail/cbnsl_benchmark/scaling/../scaling/results/2026-03-30_20h11_sem_laplace/graphs/golden__v20_a30_g18.json,/home/mathis/Documents/Travail/cbnsl_benchmark/scaling/../scaling/results/2026-03-30_20h11_sem_laplace/graphs/CPC__v20_a30_g18_s200.json,,0.07339389299886534,29.0,30.0,0.06451612903225806,0.23529411764705882,0.037037037037037035,0.13333333333333333
sem_laplace,CMIIC,"{""alpha"": 0.01}",20,30,200,18,/home/mathis/Documents/Travail/cbnsl_benchmark/scaling/../scaling/results/2026-03-30_20h11_sem_laplace/graphs/golden__v20_a30_g18.json,/home/mathis/Documents/Travail/cbnsl_benchmark/scaling/../scaling/results/2026-03-30_20h11_sem_laplace/graphs/CMIIC__v20_a30_g18_s200.json,,11.849159017998318,72.0,73.0,0.19999999999999998,0.5,0.75,0.9
sem_laplace,MIIC,"{""n_bins"": 2, ""discretization_method"": ""quantile""}",20,30,200,18,/home/mathis/Documents/Travail/cbnsl_benchmark/scaling/../scaling/results/2026-03-30_20h11_sem_laplace/graphs/golden__v20_a30_g18.json,/home/mathis/Documents/Travail/cbnsl_benchmark/scaling/../scaling/results/2026-03-30_20h11_sem_laplace/graphs/MIIC__v20_a30_g18_s200.json,,0.07725959000526927,20.0,24.0,0.6153846153846153,0.7368421052631577,0.64,0.7
sem_laplace,GHC+BDeu,"{""n_bins"": 2, ""discretization_method"": ""quantile""}",20,30,200,18,/home/mathis/Documents/Travail/cbnsl_benchmark/scaling/../scaling/results/2026-03-30_20h11_sem_laplace/graphs/golden__v20_a30_g18.json,/home/mathis/Documents/Travail/cbnsl_benchmark/scaling/../scaling/results/2026-03-30_20h11_sem_laplace/graphs/GHC+BDeu__v20_a30_g18_s200.json,,0.05366699300066102,31.0,31.0,0.20512820512820512,0.7272727272727272,0.2857142857142857,0.6666666666666666
sem_laplace,NOTEARS,"{""lambda1"": 0.0, ""w_threshold_notears"": 0.1}",20,30,200,18,/home/mathis/Documents/Travail/cbnsl_benchmark/scaling/../scaling/results/2026-03-30_20h11_sem_laplace/graphs/golden__v20_a30_g18.json,/home/mathis/Documents/Travail/cbnsl_benchmark/scaling/../scaling/results/2026-03-30_20h11_sem_laplace/graphs/NOTEARS__v20_a30_g18_s200.json,,8.82834606099641,54.0,63.0,0.4752475247524752,0.5607476635514019,1.0,1.0
sem_laplace,NOTEARS Disc.,"{""lambda1"": 0.3, ""w_threshold_notears"": 0.1, ""n_bins"": 6, ""discretization_method"": ""hartemink"", ""initial_bins"": 20}",20,30,200,18,/home/mathis/Documents/Travail/cbnsl_benchmark/scaling/../scaling/results/2026-03-30_20h11_sem_laplace/graphs/golden__v20_a30_g18.json,/home/mathis/Documents/Travail/cbnsl_benchmark/scaling/../scaling/results/2026-03-30_20h11_sem_laplace/graphs/NOTEARS Disc.__v20_a30_g18_s200.json,,32.67951919999905,26.0,25.0,0.4090909090909091,0.8333333333333334,0.6428571428571429,0.8333333333333334
sem_laplace,LiNGAM,"{""threshold_lingam"": 0.01}",20,30,200,18,/home/mathis/Documents/Travail/cbnsl_benchmark/scaling/../scaling/results/2026-03-30_20h11_sem_laplace/graphs/golden__v20_a30_g18.json,/home/mathis/Documents/Travail/cbnsl_benchmark/scaling/../scaling/results/2026-03-30_20h11_sem_laplace/graphs/LiNGAM__v20_a30_g18_s200.json,,1.2853319460045896,5.0,11.0,0.9206349206349206,0.9375,1.0,1.0
sem_laplace,CPC,"{""alpha"": 0.01, ""max_conditioning_set_size"": 2}",20,30,500,18,/home/mathis/Documents/Travail/cbnsl_benchmark/scaling/../scaling/results/2026-03-30_20h11_sem_laplace/graphs/golden__v20_a30_g18.json,/home/mathis/Documents/Travail/cbnsl_benchmark/scaling/../scaling/results/2026-03-30_20h11_sem_laplace/graphs/CPC__v20_a30_g18_s500.json,,0.613684498006478,30.0,30.0,0.0,0.23529411764705882,0.0,0.13333333333333333
sem_laplace,CMIIC,"{""alpha"": 0.01}",20,30,500,18,/home/mathis/Documents/Travail/cbnsl_benchmark/scaling/../scaling/results/2026-03-30_20h11_sem_laplace/graphs/golden__v20_a30_g18.json,/home/mathis/Documents/Travail/cbnsl_benchmark/scaling/../scaling/results/2026-03-30_20h11_sem_laplace/graphs/CMIIC__v20_a30_g18_s500.json,,26.37764625199634,42.0,46.0,0.4473684210526316,0.627906976744186,0.85,0.9
sem_laplace,MIIC,"{""n_bins"": 2, ""discretization_method"": ""quantile""}",20,30,500,18,/home/mathis/Documents/Travail/cbnsl_benchmark/scaling/../scaling/results/2026-03-30_20h11_sem_laplace/graphs/golden__v20_a30_g18.json,/home/mathis/Documents/Travail/cbnsl_benchmark/scaling/../scaling/results/2026-03-30_20h11_sem_laplace/graphs/MIIC__v20_a30_g18_s500.json,,0.13972771000408102,19.0,24.0,0.5957446808510638,0.8620689655172413,0.7368421052631579,0.8333333333333334
sem_laplace,GHC+BDeu,"{""n_bins"": 2, ""discretization_method"": ""quantile""}",20,30,500,18,/home/mathis/Documents/Travail/cbnsl_benchmark/scaling/../scaling/results/2026-03-30_20h11_sem_laplace/graphs/golden__v20_a30_g18.json,/home/mathis/Documents/Travail/cbnsl_benchmark/scaling/../scaling/results/2026-03-30_20h11_sem_laplace/graphs/GHC+BDeu__v20_a30_g18_s500.json,,0.07740248299523955,27.0,34.0,0.4,0.8000000000000002,0.6,0.8
sem_laplace,NOTEARS,"{""lambda1"": 0.0, ""w_threshold_notears"": 0.1}",20,30,500,18,/home/mathis/Documents/Travail/cbnsl_benchmark/scaling/../scaling/results/2026-03-30_20h11_sem_laplace/graphs/golden__v20_a30_g18.json,/home/mathis/Documents/Travail/cbnsl_benchmark/scaling/../scaling/results/2026-03-30_20h11_sem_laplace/graphs/NOTEARS__v20_a30_g18_s500.json,,12.901484872003493,24.0,36.0,0.6756756756756758,0.759493670886076,1.0,1.0
sem_laplace,NOTEARS Disc.,"{""lambda1"": 0.3, ""w_threshold_notears"": 0.1, ""n_bins"": 6, ""discretization_method"": ""hartemink"", ""initial_bins"": 20}",20,30,500,18,/home/mathis/Documents/Travail/cbnsl_benchmark/scaling/../scaling/results/2026-03-30_20h11_sem_laplace/graphs/golden__v20_a30_g18.json,/home/mathis/Documents/Travail/cbnsl_benchmark/scaling/../scaling/results/2026-03-30_20h11_sem_laplace/graphs/NOTEARS Disc.__v20_a30_g18_s500.json,,49.707218179995834,25.0,34.0,0.4444444444444445,0.793103448275862,0.5882352941176471,0.7666666666666667
sem_laplace,LiNGAM,"{""threshold_lingam"": 0.01}",20,30,500,18,/home/mathis/Documents/Travail/cbnsl_benchmark/scaling/../scaling/results/2026-03-30_20h11_sem_laplace/graphs/golden__v20_a30_g18.json,/home/mathis/Documents/Travail/cbnsl_benchmark/scaling/../scaling/results/2026-03-30_20h11_sem_laplace/graphs/LiNGAM__v20_a30_g18_s500.json,,1.4112700269979541,0.0,0.0,0.9655172413793104,1.0,1.0,1.0
sem_laplace,CPC,"{""alpha"": 0.01, ""max_conditioning_set_size"": 2}",20,30,1000,18,/home/mathis/Documents/Travail/cbnsl_benchmark/scaling/../scaling/results/2026-03-30_20h11_sem_laplace/graphs/golden__v20_a30_g18.json,/home/mathis/Documents/Travail/cbnsl_benchmark/scaling/../scaling/results/2026-03-30_20h11_sem_laplace/graphs/CPC__v20_a30_g18_s1000.json,,3.639160966995405,26.0,26.0,0.23529411764705882,0.6666666666666666,0.21052631578947367,0.5
sem_laplace,CMIIC,"{""alpha"": 0.01}",20,30,1000,18,/home/mathis/Documents/Travail/cbnsl_benchmark/scaling/../scaling/results/2026-03-30_20h11_sem_laplace/graphs/golden__v20_a30_g18.json,/home/mathis/Documents/Travail/cbnsl_benchmark/scaling/../scaling/results/2026-03-30_20h11_sem_laplace/graphs/CMIIC__v20_a30_g18_s1000.json,,64.76332210799592,26.0,27.0,0.6578947368421053,0.7088607594936709,0.9259259259259259,0.9333333333333333
sem_laplace,MIIC,"{""n_bins"": 2, ""discretization_method"": ""quantile""}",20,30,1000,18,/home/mathis/Documents/Travail/cbnsl_benchmark/scaling/../scaling/results/2026-03-30_20h11_sem_laplace/graphs/golden__v20_a30_g18.json,/home/mathis/Documents/Travail/cbnsl_benchmark/scaling/../scaling/results/2026-03-30_20h11_sem_laplace/graphs/MIIC__v20_a30_g18_s1000.json,,0.24226145900320262,15.0,24.0,0.7169811320754718,0.8275862068965518,0.76,0.8
sem_laplace,GHC+BDeu,"{""n_bins"": 2, ""discretization_method"": ""quantile""}",20,30,1000,18,/home/mathis/Documents/Travail/cbnsl_benchmark/scaling/../scaling/results/2026-03-30_20h11_sem_laplace/graphs/golden__v20_a30_g18.json,/home/mathis/Documents/Travail/cbnsl_benchmark/scaling/../scaling/results/2026-03-30_20h11_sem_laplace/graphs/GHC+BDeu__v20_a30_g18_s1000.json,,0.10968227600096725,19.0,20.0,0.6785714285714287,0.84375,0.8636363636363636,0.9
sem_laplace,NOTEARS,"{""lambda1"": 0.0, ""w_threshold_notears"": 0.1}",20,30,1000,18,/home/mathis/Documents/Travail/cbnsl_benchmark/scaling/../scaling/results/2026-03-30_20h11_sem_laplace/graphs/golden__v20_a30_g18.json,/home/mathis/Documents/Travail/cbnsl_benchmark/scaling/../scaling/results/2026-03-30_20h11_sem_laplace/graphs/NOTEARS__v20_a30_g18_s1000.json,,17.215105333001702,15.0,34.0,0.7384615384615384,0.8450704225352113,1.0,1.0
sem_laplace,NOTEARS Disc.,"{""lambda1"": 0.3, ""w_threshold_notears"": 0.1, ""n_bins"": 6, ""discretization_method"": ""hartemink"", ""initial_bins"": 20}",20,30,1000,18,/home/mathis/Documents/Travail/cbnsl_benchmark/scaling/../scaling/results/2026-03-30_20h11_sem_laplace/graphs/golden__v20_a30_g18.json,/home/mathis/Documents/Travail/cbnsl_benchmark/scaling/../scaling/results/2026-03-30_20h11_sem_laplace/graphs/NOTEARS Disc.__v20_a30_g18_s1000.json,,80.53414725599578,19.0,31.0,0.5,0.8620689655172413,0.6875,0.8333333333333334
sem_laplace,LiNGAM,"{""threshold_lingam"": 0.01}",20,30,1000,18,/home/mathis/Documents/Travail/cbnsl_benchmark/scaling/../scaling/results/2026-03-30_20h11_sem_laplace/graphs/golden__v20_a30_g18.json,/home/mathis/Documents/Travail/cbnsl_benchmark/scaling/../scaling/results/2026-03-30_20h11_sem_laplace/graphs/LiNGAM__v20_a30_g18_s1000.json,,1.6646625560024404,0.0,0.0,0.9655172413793104,1.0,1.0,1.0
sem_laplace,CPC,"{""alpha"": 0.01, ""max_conditioning_set_size"": 2}",20,30,3000,18,/home/mathis/Documents/Travail/cbnsl_benchmark/scaling/../scaling/results/2026-03-30_20h11_sem_laplace/graphs/golden__v20_a30_g18.json,/home/mathis/Documents/Travail/cbnsl_benchmark/scaling/../scaling/results/2026-03-30_20h11_sem_laplace/graphs/CPC__v20_a30_g18_s3000.json,,48.76618479999888,27.0,33.0,0.37209302325581395,0.8135593220338982,0.5714285714285714,0.8
sem_laplace,CMIIC,"{""alpha"": 0.01}",20,30,3000,18,/home/mathis/Documents/Travail/cbnsl_benchmark/scaling/../scaling/results/2026-03-30_20h11_sem_laplace/graphs/golden__v20_a30_g18.json,/home/mathis/Documents/Travail/cbnsl_benchmark/scaling/../scaling/results/2026-03-30_20h11_sem_laplace/graphs/CMIIC__v20_a30_g18_s3000.json,,204.38208386099723,6.0,10.0,0.888888888888889,0.9655172413793104,0.9230769230769231,0.9333333333333333
sem_laplace,MIIC,"{""n_bins"": 2, ""discretization_method"": ""quantile""}",20,30,3000,18,/home/mathis/Documents/Travail/cbnsl_benchmark/scaling/../scaling/results/2026-03-30_20h11_sem_laplace/graphs/golden__v20_a30_g18.json,/home/mathis/Documents/Travail/cbnsl_benchmark/scaling/../scaling/results/2026-03-30_20h11_sem_laplace/graphs/MIIC__v20_a30_g18_s3000.json,,1.4333361219978542,22.0,29.0,0.5769230769230769,0.8064516129032259,0.75,0.8333333333333334
sem_laplace,GHC+BDeu,"{""n_bins"": 2, ""discretization_method"": ""quantile""}",20,30,3000,18,/home/mathis/Documents/Travail/cbnsl_benchmark/scaling/../scaling/results/2026-03-30_20h11_sem_laplace/graphs/golden__v20_a30_g18.json,/home/mathis/Documents/Travail/cbnsl_benchmark/scaling/../scaling/results/2026-03-30_20h11_sem_laplace/graphs/GHC+BDeu__v20_a30_g18_s3000.json,,0.38858990199514665,33.0,30.0,0.44827586206896547,0.767123287671233,0.8666666666666667,0.9333333333333333
sem_laplace,NOTEARS,"{""lambda1"": 0.0, ""w_threshold_notears"": 0.1}",20,30,3000,18,/home/mathis/Documents/Travail/cbnsl_benchmark/scaling/../scaling/results/2026-03-30_20h11_sem_laplace/graphs/golden__v20_a30_g18.json,/home/mathis/Documents/Travail/cbnsl_benchmark/scaling/../scaling/results/2026-03-30_20h11_sem_laplace/graphs/NOTEARS__v20_a30_g18_s3000.json,,38.617397497997445,19.0,38.0,0.7272727272727273,0.8333333333333333,1.0,1.0
sem_laplace,NOTEARS Disc.,"{""lambda1"": 0.3, ""w_threshold_notears"": 0.1, ""n_bins"": 6, ""discretization_method"": ""hartemink"", ""initial_bins"": 20}",20,30,3000,18,/home/mathis/Documents/Travail/cbnsl_benchmark/scaling/../scaling/results/2026-03-30_20h11_sem_laplace/graphs/golden__v20_a30_g18.json,/home/mathis/Documents/Travail/cbnsl_benchmark/scaling/../scaling/results/2026-03-30_20h11_sem_laplace/graphs/NOTEARS Disc.__v20_a30_g18_s3000.json,,155.91167978200247,20.0,26.0,0.5238095238095238,0.8727272727272728,0.6470588235294118,0.8
sem_laplace,LiNGAM,"{""threshold_lingam"": 0.01}",20,30,3000,18,/home/mathis/Documents/Travail/cbnsl_benchmark/scaling/../scaling/results/2026-03-30_20h11_sem_laplace/graphs/golden__v20_a30_g18.json,/home/mathis/Documents/Travail/cbnsl_benchmark/scaling/../scaling/results/2026-03-30_20h11_sem_laplace/graphs/LiNGAM__v20_a30_g18_s3000.json,,2.983746819998487,0.0,0.0,0.9655172413793104,1.0,1.0,1.0
sem_laplace,CPC,"{""alpha"": 0.01, ""max_conditioning_set_size"": 2}",20,30,5000,18,/home/mathis/Documents/Travail/cbnsl_benchmark/scaling/../scaling/results/2026-03-30_20h11_sem_laplace/graphs/golden__v20_a30_g18.json,/home/mathis/Documents/Travail/cbnsl_benchmark/scaling/../scaling/results/2026-03-30_20h11_sem_laplace/graphs/CPC__v20_a30_g18_s5000.json,,152.37924278999708,27.0,28.0,0.4,0.819672131147541,0.6428571428571429,0.8333333333333334
sem_laplace,CMIIC,"{""alpha"": 0.01}",20,30,5000,18,/home/mathis/Documents/Travail/cbnsl_benchmark/scaling/../scaling/results/2026-03-30_20h11_sem_laplace/graphs/golden__v20_a30_g18.json,/home/mathis/Documents/Travail/cbnsl_benchmark/scaling/../scaling/results/2026-03-30_20h11_sem_laplace/graphs/CMIIC__v20_a30_g18_s5000.json,,858.4867300090045,6.0,10.0,0.888888888888889,0.9655172413793104,0.9230769230769231,0.9333333333333333
sem_laplace,MIIC,"{""n_bins"": 2, ""discretization_method"": ""quantile""}",20,30,5000,18,/home/mathis/Documents/Travail/cbnsl_benchmark/scaling/../scaling/results/2026-03-30_20h11_sem_laplace/graphs/golden__v20_a30_g18.json,/home/mathis/Documents/Travail/cbnsl_benchmark/scaling/../scaling/results/2026-03-30_20h11_sem_laplace/graphs/MIIC__v20_a30_g18_s5000.json,,2.785046607001277,19.0,27.0,0.7096774193548387,0.7878787878787877,0.8461538461538461,0.8666666666666667
sem_laplace,GHC+BDeu,"{""n_bins"": 2, ""discretization_method"": ""quantile""}",20,30,5000,18,/home/mathis/Documents/Travail/cbnsl_benchmark/scaling/../scaling/results/2026-03-30_20h11_sem_laplace/graphs/golden__v20_a30_g18.json,/home/mathis/Documents/Travail/cbnsl_benchmark/scaling/../scaling/results/2026-03-30_20h11_sem_laplace/graphs/GHC+BDeu__v20_a30_g18_s5000.json,,0.6960852959964541,30.0,40.0,0.43333333333333335,0.7466666666666667,0.8666666666666667,0.9333333333333333
sem_laplace,NOTEARS,"{""lambda1"": 0.0, ""w_threshold_notears"": 0.1}",20,30,5000,18,/home/mathis/Documents/Travail/cbnsl_benchmark/scaling/../scaling/results/2026-03-30_20h11_sem_laplace/graphs/golden__v20_a30_g18.json,/home/mathis/Documents/Travail/cbnsl_benchmark/scaling/../scaling/results/2026-03-30_20h11_sem_laplace/graphs/NOTEARS__v20_a30_g18_s5000.json,,53.392496788001154,25.0,28.0,0.6470588235294118,0.7894736842105263,1.0,1.0
sem_laplace,NOTEARS Disc.,"{""lambda1"": 0.3, ""w_threshold_notears"": 0.1, ""n_bins"": 6, ""discretization_method"": ""hartemink"", ""initial_bins"": 20}",20,30,5000,18,/home/mathis/Documents/Travail/cbnsl_benchmark/scaling/../scaling/results/2026-03-30_20h11_sem_laplace/graphs/golden__v20_a30_g18.json,/home/mathis/Documents/Travail/cbnsl_benchmark/scaling/../scaling/results/2026-03-30_20h11_sem_laplace/graphs/NOTEARS Disc.__v20_a30_g18_s5000.json,,275.43657145900215,21.0,26.0,0.5333333333333333,0.8620689655172413,0.7058823529411765,0.8333333333333334
sem_laplace,LiNGAM,"{""threshold_lingam"": 0.01}",20,30,5000,18,/home/mathis/Documents/Travail/cbnsl_benchmark/scaling/../scaling/results/2026-03-30_20h11_sem_laplace/graphs/golden__v20_a30_g18.json,/home/mathis/Documents/Travail/cbnsl_benchmark/scaling/../scaling/results/2026-03-30_20h11_sem_laplace/graphs/LiNGAM__v20_a30_g18_s5000.json,,3.7936583620030433,0.0,0.0,0.9655172413793104,1.0,1.0,1.0
sem_laplace,CPC,"{""alpha"": 0.01, ""max_conditioning_set_size"": 2}",20,30,200,19,/home/mathis/Documents/Travail/cbnsl_benchmark/scaling/../scaling/results/2026-03-30_20h11_sem_laplace/graphs/golden__v20_a30_g19.json,/home/mathis/Documents/Travail/cbnsl_benchmark/scaling/../scaling/results/2026-03-30_20h11_sem_laplace/graphs/CPC__v20_a30_g19_s200.json,,0.07033784099621698,24.0,28.0,0.23529411764705885,0.5714285714285715,0.18181818181818182,0.4
sem_laplace,CMIIC,"{""alpha"": 0.01}",20,30,200,19,/home/mathis/Documents/Travail/cbnsl_benchmark/scaling/../scaling/results/2026-03-30_20h11_sem_laplace/graphs/golden__v20_a30_g19.json,/home/mathis/Documents/Travail/cbnsl_benchmark/scaling/../scaling/results/2026-03-30_20h11_sem_laplace/graphs/CMIIC__v20_a30_g19_s200.json,,9.313017166001373,88.0,86.0,0.20952380952380953,0.4462809917355372,0.7857142857142857,0.9
sem_laplace,MIIC,"{""n_bins"": 2, ""discretization_method"": ""quantile""}",20,30,200,19,/home/mathis/Documents/Travail/cbnsl_benchmark/scaling/../scaling/results/2026-03-30_20h11_sem_laplace/graphs/golden__v20_a30_g19.json,/home/mathis/Documents/Travail/cbnsl_benchmark/scaling/../scaling/results/2026-03-30_20h11_sem_laplace/graphs/MIIC__v20_a30_g19_s200.json,,0.06157907900342252,15.0,26.0,0.4878048780487805,0.8076923076923077,0.5263157894736842,0.7
sem_laplace,GHC+BDeu,"{""n_bins"": 2, ""discretization_method"": ""quantile""}",20,30,200,19,/home/mathis/Documents/Travail/cbnsl_benchmark/scaling/../scaling/results/2026-03-30_20h11_sem_laplace/graphs/golden__v20_a30_g19.json,/home/mathis/Documents/Travail/cbnsl_benchmark/scaling/../scaling/results/2026-03-30_20h11_sem_laplace/graphs/GHC+BDeu__v20_a30_g19_s200.json,,0.05378375299915206,17.0,21.0,0.5,0.8679245283018869,0.5882352941176471,0.7666666666666667
sem_laplace,NOTEARS,"{""lambda1"": 0.0, ""w_threshold_notears"": 0.1}",20,30,200,19,/home/mathis/Documents/Travail/cbnsl_benchmark/scaling/../scaling/results/2026-03-30_20h11_sem_laplace/graphs/golden__v20_a30_g19.json,/home/mathis/Documents/Travail/cbnsl_benchmark/scaling/../scaling/results/2026-03-30_20h11_sem_laplace/graphs/NOTEARS__v20_a30_g19_s200.json,,9.145022028002131,59.0,63.0,0.38297872340425526,0.5660377358490566,1.0,1.0
sem_laplace,NOTEARS Disc.,"{""lambda1"": 0.3, ""w_threshold_notears"": 0.1, ""n_bins"": 6, ""discretization_method"": ""hartemink"", ""initial_bins"": 20}",20,30,200,19,/home/mathis/Documents/Travail/cbnsl_benchmark/scaling/../scaling/results/2026-03-30_20h11_sem_laplace/graphs/golden__v20_a30_g19.json,/home/mathis/Documents/Travail/cbnsl_benchmark/scaling/../scaling/results/2026-03-30_20h11_sem_laplace/graphs/NOTEARS Disc.__v20_a30_g19_s200.json,,24.7932721640027,15.0,24.0,0.6250000000000001,0.8620689655172413,0.75,0.8333333333333334
sem_laplace,LiNGAM,"{""threshold_lingam"": 0.01}",20,30,200,19,/home/mathis/Documents/Travail/cbnsl_benchmark/scaling/../scaling/results/2026-03-30_20h11_sem_laplace/graphs/golden__v20_a30_g19.json,/home/mathis/Documents/Travail/cbnsl_benchmark/scaling/../scaling/results/2026-03-30_20h11_sem_laplace/graphs/LiNGAM__v20_a30_g19_s200.json,,1.1960980739968363,8.0,9.0,0.8275862068965517,0.9375,1.0,1.0
sem_laplace,CPC,"{""alpha"": 0.01, ""max_conditioning_set_size"": 2}",20,30,500,19,/home/mathis/Documents/Travail/cbnsl_benchmark/scaling/../scaling/results/2026-03-30_20h11_sem_laplace/graphs/golden__v20_a30_g19.json,/home/mathis/Documents/Travail/cbnsl_benchmark/scaling/../scaling/results/2026-03-30_20h11_sem_laplace/graphs/CPC__v20_a30_g19_s500.json,,0.45652295999752823,26.0,29.0,0.125,0.5714285714285715,0.1,0.4
sem_laplace,CMIIC,"{""alpha"": 0.01}",20,30,500,19,/home/mathis/Documents/Travail/cbnsl_benchmark/scaling/../scaling/results/2026-03-30_20h11_sem_laplace/graphs/golden__v20_a30_g19.json,/home/mathis/Documents/Travail/cbnsl_benchmark/scaling/../scaling/results/2026-03-30_20h11_sem_laplace/graphs/CMIIC__v20_a30_g19_s500.json,,24.77421174600022,47.0,50.0,0.48101265822784806,0.6363636363636364,0.9047619047619048,0.9333333333333333
sem_laplace,MIIC,"{""n_bins"": 2, ""discretization_method"": ""quantile""}",20,30,500,19,/home/mathis/Documents/Travail/cbnsl_benchmark/scaling/../scaling/results/2026-03-30_20h11_sem_laplace/graphs/golden__v20_a30_g19.json,/home/mathis/Documents/Travail/cbnsl_benchmark/scaling/../scaling/results/2026-03-30_20h11_sem_laplace/graphs/MIIC__v20_a30_g19_s500.json,,0.10792665599728934,16.0,20.0,0.7083333333333334,0.8727272727272728,0.7391304347826086,0.8
sem_laplace,GHC+BDeu,"{""n_bins"": 2, ""discretization_method"": ""quantile""}",20,30,500,19,/home/mathis/Documents/Travail/cbnsl_benchmark/scaling/../scaling/results/2026-03-30_20h11_sem_laplace/graphs/golden__v20_a30_g19.json,/home/mathis/Documents/Travail/cbnsl_benchmark/scaling/../scaling/results/2026-03-30_20h11_sem_laplace/graphs/GHC+BDeu__v20_a30_g19_s500.json,,0.07549586200184422,18.0,24.0,0.5333333333333333,0.8214285714285715,0.631578947368421,0.7666666666666667
sem_laplace,NOTEARS,"{""lambda1"": 0.0, ""w_threshold_notears"": 0.1}",20,30,500,19,/home/mathis/Documents/Travail/cbnsl_benchmark/scaling/../scaling/results/2026-03-30_20h11_sem_laplace/graphs/golden__v20_a30_g19.json,/home/mathis/Documents/Travail/cbnsl_benchmark/scaling/../scaling/results/2026-03-30_20h11_sem_laplace/graphs/NOTEARS__v20_a30_g19_s500.json,,10.106144356999721,22.0,32.0,0.6857142857142856,0.7894736842105263,1.0,1.0
sem_laplace,NOTEARS Disc.,"{""lambda1"": 0.3, ""w_threshold_notears"": 0.1, ""n_bins"": 6, ""discretization_method"": ""hartemink"", ""initial_bins"": 20}",20,30,500,19,/home/mathis/Documents/Travail/cbnsl_benchmark/scaling/../scaling/results/2026-03-30_20h11_sem_laplace/graphs/golden__v20_a30_g19.json,/home/mathis/Documents/Travail/cbnsl_benchmark/scaling/../scaling/results/2026-03-30_20h11_sem_laplace/graphs/NOTEARS Disc.__v20_a30_g19_s500.json,,43.31574915999954,11.0,25.0,0.6521739130434783,0.8928571428571429,0.75,0.8333333333333334
sem_laplace,LiNGAM,"{""threshold_lingam"": 0.01}",20,30,500,19,/home/mathis/Documents/Travail/cbnsl_benchmark/scaling/../scaling/results/2026-03-30_20h11_sem_laplace/graphs/golden__v20_a30_g19.json,/home/mathis/Documents/Travail/cbnsl_benchmark/scaling/../scaling/results/2026-03-30_20h11_sem_laplace/graphs/LiNGAM__v20_a30_g19_s500.json,,1.3989976759985439,7.0,23.0,0.8363636363636363,0.967741935483871,1.0,1.0
sem_laplace,CPC,"{""alpha"": 0.01, ""max_conditioning_set_size"": 2}",20,30,1000,19,/home/mathis/Documents/Travail/cbnsl_benchmark/scaling/../scaling/results/2026-03-30_20h11_sem_laplace/graphs/golden__v20_a30_g19.json,/home/mathis/Documents/Travail/cbnsl_benchmark/scaling/../scaling/results/2026-03-30_20h11_sem_laplace/graphs/CPC__v20_a30_g19_s1000.json,,2.171413650998147,27.0,29.0,0.125,0.6363636363636364,0.1111111111111111,0.4666666666666667
sem_laplace,CMIIC,"{""alpha"": 0.01}",20,30,1000,19,/home/mathis/Documents/Travail/cbnsl_benchmark/scaling/../scaling/results/2026-03-30_20h11_sem_laplace/graphs/golden__v20_a30_g19.json,/home/mathis/Documents/Travail/cbnsl_benchmark/scaling/../scaling/results/2026-03-30_20h11_sem_laplace/graphs/CMIIC__v20_a30_g19_s1000.json,,103.21250465300545,35.0,42.0,0.5277777777777778,0.675,0.8636363636363636,0.9
sem_laplace,MIIC,"{""n_bins"": 2, ""discretization_method"": ""quantile""}",20,30,1000,19,/home/mathis/Documents/Travail/cbnsl_benchmark/scaling/../scaling/results/2026-03-30_20h11_sem_laplace/graphs/golden__v20_a30_g19.json,/home/mathis/Documents/Travail/cbnsl_benchmark/scaling/../scaling/results/2026-03-30_20h11_sem_laplace/graphs/MIIC__v20_a30_g19_s1000.json,,0.17910899599519325,13.0,20.0,0.75,0.888888888888889,0.75,0.8
sem_laplace,GHC+BDeu,"{""n_bins"": 2, ""discretization_method"": ""quantile""}",20,30,1000,19,/home/mathis/Documents/Travail/cbnsl_benchmark/scaling/../scaling/results/2026-03-30_20h11_sem_laplace/graphs/golden__v20_a30_g19.json,/home/mathis/Documents/Travail/cbnsl_benchmark/scaling/../scaling/results/2026-03-30_20h11_sem_laplace/graphs/GHC+BDeu__v20_a30_g19_s1000.json,,0.11037691000092309,24.0,28.0,0.4444444444444444,0.8333333333333334,0.6666666666666666,0.8333333333333334
sem_laplace,NOTEARS,"{""lambda1"": 0.0, ""w_threshold_notears"": 0.1}",20,30,1000,19,/home/mathis/Documents/Travail/cbnsl_benchmark/scaling/../scaling/results/2026-03-30_20h11_sem_laplace/graphs/golden__v20_a30_g19.json,/home/mathis/Documents/Travail/cbnsl_benchmark/scaling/../scaling/results/2026-03-30_20h11_sem_laplace/graphs/NOTEARS__v20_a30_g19_s1000.json,,17.88660653399711,2.0,26.0,0.7692307692307693,0.967741935483871,1.0,1.0
sem_laplace,NOTEARS Disc.,"{""lambda1"": 0.3, ""w_threshold_notears"": 0.1, ""n_bins"": 6, ""discretization_method"": ""hartemink"", ""initial_bins"": 20}",20,30,1000,19,/home/mathis/Documents/Travail/cbnsl_benchmark/scaling/../scaling/results/2026-03-30_20h11_sem_laplace/graphs/golden__v20_a30_g19.json,/home/mathis/Documents/Travail/cbnsl_benchmark/scaling/../scaling/results/2026-03-30_20h11_sem_laplace/graphs/NOTEARS Disc.__v20_a30_g19_s1000.json,,65.29460254600417,13.0,19.0,0.7083333333333334,0.8518518518518519,0.7083333333333334,0.7666666666666667
sem_laplace,LiNGAM,"{""threshold_lingam"": 0.01}",20,30,1000,19,/home/mathis/Documents/Travail/cbnsl_benchmark/scaling/../scaling/results/2026-03-30_20h11_sem_laplace/graphs/golden__v20_a30_g19.json,/home/mathis/Documents/Travail/cbnsl_benchmark/scaling/../scaling/results/2026-03-30_20h11_sem_laplace/graphs/LiNGAM__v20_a30_g19_s1000.json,,1.5803459450035007,0.0,11.0,0.8,1.0,1.0,1.0
sem_laplace,CPC,"{""alpha"": 0.01, ""max_conditioning_set_size"": 2}",20,30,3000,19,/home/mathis/Documents/Travail/cbnsl_benchmark/scaling/../scaling/results/2026-03-30_20h11_sem_laplace/graphs/golden__v20_a30_g19.json,/home/mathis/Documents/Travail/cbnsl_benchmark/scaling/../scaling/results/2026-03-30_20h11_sem_laplace/graphs/CPC__v20_a30_g19_s3000.json,,29.101949170995795,18.0,27.0,0.4761904761904762,0.8363636363636363,0.5882352941176471,0.7666666666666667
sem_laplace,CMIIC,"{""alpha"": 0.01}",20,30,3000,19,/home/mathis/Documents/Travail/cbnsl_benchmark/scaling/../scaling/results/2026-03-30_20h11_sem_laplace/graphs/golden__v20_a30_g19.json,/home/mathis/Documents/Travail/cbnsl_benchmark/scaling/../scaling/results/2026-03-30_20h11_sem_laplace/graphs/CMIIC__v20_a30_g19_s3000.json,,177.31526290700276,6.0,28.0,0.6923076923076923,0.9032258064516129,0.9,0.9333333333333333
sem_laplace,MIIC,"{""n_bins"": 2, ""discretization_method"": ""quantile""}",20,30,3000,19,/home/mathis/Documents/Travail/cbnsl_benchmark/scaling/../scaling/results/2026-03-30_20h11_sem_laplace/graphs/golden__v20_a30_g19.json,/home/mathis/Documents/Travail/cbnsl_benchmark/scaling/../scaling/results/2026-03-30_20h11_sem_laplace/graphs/MIIC__v20_a30_g19_s3000.json,,0.9952359230010188,16.0,27.0,0.7407407407407408,0.8666666666666667,0.8333333333333334,0.8666666666666667
sem_laplace,GHC+BDeu,"{""n_bins"": 2, ""discretization_method"": ""quantile""}",20,30,3000,19,/home/mathis/Documents/Travail/cbnsl_benchmark/scaling/../scaling/results/2026-03-30_20h11_sem_laplace/graphs/golden__v20_a30_g19.json,/home/mathis/Documents/Travail/cbnsl_benchmark/scaling/../scaling/results/2026-03-30_20h11_sem_laplace/graphs/GHC+BDeu__v20_a30_g19_s3000.json,,0.38236621800024295,32.0,27.0,0.3846153846153846,0.8,0.8333333333333334,0.9333333333333333
sem_laplace,NOTEARS,"{""lambda1"": 0.0, ""w_threshold_notears"": 0.1}",20,30,3000,19,/home/mathis/Documents/Travail/cbnsl_benchmark/scaling/../scaling/results/2026-03-30_20h11_sem_laplace/graphs/golden__v20_a30_g19.json,/home/mathis/Documents/Travail/cbnsl_benchmark/scaling/../scaling/results/2026-03-30_20h11_sem_laplace/graphs/NOTEARS__v20_a30_g19_s3000.json,,33.01655422499607,0.0,11.0,0.8,1.0,1.0,1.0
sem_laplace,NOTEARS Disc.,"{""lambda1"": 0.3, ""w_threshold_notears"": 0.1, ""n_bins"": 6, ""discretization_method"": ""hartemink"", ""initial_bins"": 20}",20,30,3000,19,/home/mathis/Documents/Travail/cbnsl_benchmark/scaling/../scaling/results/2026-03-30_20h11_sem_laplace/graphs/golden__v20_a30_g19.json,/home/mathis/Documents/Travail/cbnsl_benchmark/scaling/../scaling/results/2026-03-30_20h11_sem_laplace/graphs/NOTEARS Disc.__v20_a30_g19_s3000.json,,147.38691803399706,14.0,19.0,0.6808510638297872,0.8518518518518519,0.6956521739130435,0.7666666666666667
sem_laplace,LiNGAM,"{""threshold_lingam"": 0.01}",20,30,3000,19,/home/mathis/Documents/Travail/cbnsl_benchmark/scaling/../scaling/results/2026-03-30_20h11_sem_laplace/graphs/golden__v20_a30_g19.json,/home/mathis/Documents/Travail/cbnsl_benchmark/scaling/../scaling/results/2026-03-30_20h11_sem_laplace/graphs/LiNGAM__v20_a30_g19_s3000.json,,2.528180187000544,0.0,11.0,0.8,1.0,1.0,1.0
sem_laplace,CPC,"{""alpha"": 0.01, ""max_conditioning_set_size"": 2}",20,30,5000,19,/home/mathis/Documents/Travail/cbnsl_benchmark/scaling/../scaling/results/2026-03-30_20h11_sem_laplace/graphs/golden__v20_a30_g19.json,/home/mathis/Documents/Travail/cbnsl_benchmark/scaling/../scaling/results/2026-03-30_20h11_sem_laplace/graphs/CPC__v20_a30_g19_s5000.json,,94.02437388500402,19.0,28.0,0.6122448979591838,0.847457627118644,0.75,0.8333333333333334
sem_laplace,CMIIC,"{""alpha"": 0.01}",20,30,5000,19,/home/mathis/Documents/Travail/cbnsl_benchmark/scaling/../scaling/results/2026-03-30_20h11_sem_laplace/graphs/golden__v20_a30_g19.json,/home/mathis/Documents/Travail/cbnsl_benchmark/scaling/../scaling/results/2026-03-30_20h11_sem_laplace/graphs/CMIIC__v20_a30_g19_s5000.json,,716.6419121669969,7.0,23.0,0.7777777777777778,0.9354838709677419,0.9545454545454546,0.9666666666666667
sem_laplace,MIIC,"{""n_bins"": 2, ""discretization_method"": ""quantile""}",20,30,5000,19,/home/mathis/Documents/Travail/cbnsl_benchmark/scaling/../scaling/results/2026-03-30_20h11_sem_laplace/graphs/golden__v20_a30_g19.json,/home/mathis/Documents/Travail/cbnsl_benchmark/scaling/../scaling/results/2026-03-30_20h11_sem_laplace/graphs/MIIC__v20_a30_g19_s5000.json,,1.907809026997711,21.0,28.0,0.6440677966101694,0.7878787878787877,0.8260869565217391,0.8666666666666667
sem_laplace,GHC+BDeu,"{""n_bins"": 2, ""discretization_method"": ""quantile""}",20,30,5000,19,/home/mathis/Documents/Travail/cbnsl_benchmark/scaling/../scaling/results/2026-03-30_20h11_sem_laplace/graphs/golden__v20_a30_g19.json,/home/mathis/Documents/Travail/cbnsl_benchmark/scaling/../scaling/results/2026-03-30_20h11_sem_laplace/graphs/GHC+BDeu__v20_a30_g19_s5000.json,,0.7023383229970932,37.0,30.0,0.42857142857142855,0.7777777777777778,0.8571428571428571,0.9333333333333333
sem_laplace,NOTEARS,"{""lambda1"": 0.0, ""w_threshold_notears"": 0.1}",20,30,5000,19,/home/mathis/Documents/Travail/cbnsl_benchmark/scaling/../scaling/results/2026-03-30_20h11_sem_laplace/graphs/golden__v20_a30_g19.json,/home/mathis/Documents/Travail/cbnsl_benchmark/scaling/../scaling/results/2026-03-30_20h11_sem_laplace/graphs/NOTEARS__v20_a30_g19_s5000.json,,57.34675519300072,0.0,11.0,0.8,1.0,1.0,1.0
sem_laplace,NOTEARS Disc.,"{""lambda1"": 0.3, ""w_threshold_notears"": 0.1, ""n_bins"": 6, ""discretization_method"": ""hartemink"", ""initial_bins"": 20}",20,30,5000,19,/home/mathis/Documents/Travail/cbnsl_benchmark/scaling/../scaling/results/2026-03-30_20h11_sem_laplace/graphs/golden__v20_a30_g19.json,/home/mathis/Documents/Travail/cbnsl_benchmark/scaling/../scaling/results/2026-03-30_20h11_sem_laplace/graphs/NOTEARS Disc.__v20_a30_g19_s5000.json,,243.21820299499814,14.0,22.0,0.6666666666666666,0.8679245283018869,0.6818181818181818,0.7666666666666667
sem_laplace,LiNGAM,"{""threshold_lingam"": 0.01}",20,30,5000,19,/home/mathis/Documents/Travail/cbnsl_benchmark/scaling/../scaling/results/2026-03-30_20h11_sem_laplace/graphs/golden__v20_a30_g19.json,/home/mathis/Documents/Travail/cbnsl_benchmark/scaling/../scaling/results/2026-03-30_20h11_sem_laplace/graphs/LiNGAM__v20_a30_g19_s5000.json,,3.6129949140013196,0.0,11.0,0.8,1.0,1.0,1.0
sem_laplace,CPC,"{""alpha"": 0.01, ""max_conditioning_set_size"": 2}",20,30,200,20,/home/mathis/Documents/Travail/cbnsl_benchmark/scaling/../scaling/results/2026-03-30_20h11_sem_laplace/graphs/golden__v20_a30_g20.json,/home/mathis/Documents/Travail/cbnsl_benchmark/scaling/../scaling/results/2026-03-30_20h11_sem_laplace/graphs/CPC__v20_a30_g20_s200.json,,0.07035672300116858,27.0,28.0,0.06451612903225806,0.33333333333333337,0.04,0.2
sem_laplace,CMIIC,"{""alpha"": 0.01}",20,30,200,20,/home/mathis/Documents/Travail/cbnsl_benchmark/scaling/../scaling/results/2026-03-30_20h11_sem_laplace/graphs/golden__v20_a30_g20.json,/home/mathis/Documents/Travail/cbnsl_benchmark/scaling/../scaling/results/2026-03-30_20h11_sem_laplace/graphs/CMIIC__v20_a30_g20_s200.json,,11.504566217998217,82.0,88.0,0.27027027027027023,0.4262295081967213,0.7894736842105263,0.8666666666666667
sem_laplace,MIIC,"{""n_bins"": 2, ""discretization_method"": ""quantile""}",20,30,200,20,/home/mathis/Documents/Travail/cbnsl_benchmark/scaling/../scaling/results/2026-03-30_20h11_sem_laplace/graphs/golden__v20_a30_g20.json,/home/mathis/Documents/Travail/cbnsl_benchmark/scaling/../scaling/results/2026-03-30_20h11_sem_laplace/graphs/MIIC__v20_a30_g20_s200.json,,0.06757786600064719,31.0,26.0,0.0,0.711864406779661,0.0,0.7
sem_laplace,GHC+BDeu,"{""n_bins"": 2, ""discretization_method"": ""quantile""}",20,30,200,20,/home/mathis/Documents/Travail/cbnsl_benchmark/scaling/../scaling/results/2026-03-30_20h11_sem_laplace/graphs/golden__v20_a30_g20.json,/home/mathis/Documents/Travail/cbnsl_benchmark/scaling/../scaling/results/2026-03-30_20h11_sem_laplace/graphs/GHC+BDeu__v20_a30_g20_s200.json,,0.04950928800099064,29.0,26.0,0.1714285714285714,0.7692307692307692,0.23076923076923078,0.6666666666666666
sem_laplace,NOTEARS,"{""lambda1"": 0.0, ""w_threshold_notears"": 0.1}",20,30,200,20,/home/mathis/Documents/Travail/cbnsl_benchmark/scaling/../scaling/results/2026-03-30_20h11_sem_laplace/graphs/golden__v20_a30_g20.json,/home/mathis/Documents/Travail/cbnsl_benchmark/scaling/../scaling/results/2026-03-30_20h11_sem_laplace/graphs/NOTEARS__v20_a30_g20_s200.json,,8.279305366006156,47.0,51.0,0.5161290322580645,0.6060606060606061,1.0,1.0
sem_laplace,NOTEARS Disc.,"{""lambda1"": 0.3, ""w_threshold_notears"": 0.1, ""n_bins"": 6, ""discretization_method"": ""hartemink"", ""initial_bins"": 20}",20,30,200,20,/home/mathis/Documents/Travail/cbnsl_benchmark/scaling/../scaling/results/2026-03-30_20h11_sem_laplace/graphs/golden__v20_a30_g20.json,/home/mathis/Documents/Travail/cbnsl_benchmark/scaling/../scaling/results/2026-03-30_20h11_sem_laplace/graphs/NOTEARS Disc.__v20_a30_g20_s200.json,,29.087270251999144,18.0,26.0,0.6249999999999999,0.8214285714285715,0.6818181818181818,0.7666666666666667
sem_laplace,LiNGAM,"{""threshold_lingam"": 0.01}",20,30,200,20,/home/mathis/Documents/Travail/cbnsl_benchmark/scaling/../scaling/results/2026-03-30_20h11_sem_laplace/graphs/golden__v20_a30_g20.json,/home/mathis/Documents/Travail/cbnsl_benchmark/scaling/../scaling/results/2026-03-30_20h11_sem_laplace/graphs/LiNGAM__v20_a30_g20_s200.json,,1.1234623929994996,13.0,23.0,0.7999999999999999,0.8529411764705883,0.9629629629629629,0.9666666666666667
sem_laplace,CPC,"{""alpha"": 0.01, ""max_conditioning_set_size"": 2}",20,30,500,20,/home/mathis/Documents/Travail/cbnsl_benchmark/scaling/../scaling/results/2026-03-30_20h11_sem_laplace/graphs/golden__v20_a30_g20.json,/home/mathis/Documents/Travail/cbnsl_benchmark/scaling/../scaling/results/2026-03-30_20h11_sem_laplace/graphs/CPC__v20_a30_g20_s500.json,,0.45652860100381076,29.0,30.0,0.0,0.4210526315789474,0.0,0.26666666666666666
sem_laplace,CMIIC,"{""alpha"": 0.01}",20,30,500,20,/home/mathis/Documents/Travail/cbnsl_benchmark/scaling/../scaling/results/2026-03-30_20h11_sem_laplace/graphs/golden__v20_a30_g20.json,/home/mathis/Documents/Travail/cbnsl_benchmark/scaling/../scaling/results/2026-03-30_20h11_sem_laplace/graphs/CMIIC__v20_a30_g20_s500.json,,30.553589444003592,47.0,54.0,0.4772727272727273,0.574468085106383,0.875,0.9
sem_laplace,MIIC,"{""n_bins"": 2, ""discretization_method"": ""quantile""}",20,30,500,20,/home/mathis/Documents/Travail/cbnsl_benchmark/scaling/../scaling/results/2026-03-30_20h11_sem_laplace/graphs/golden__v20_a30_g20.json,/home/mathis/Documents/Travail/cbnsl_benchmark/scaling/../scaling/results/2026-03-30_20h11_sem_laplace/graphs/MIIC__v20_a30_g20_s500.json,,0.11777972400159342,19.0,30.0,0.5714285714285715,0.793103448275862,0.6666666666666666,0.7666666666666667
sem_laplace,GHC+BDeu,"{""n_bins"": 2, ""discretization_method"": ""quantile""}",20,30,500,20,/home/mathis/Documents/Travail/cbnsl_benchmark/scaling/../scaling/results/2026-03-30_20h11_sem_laplace/graphs/golden__v20_a30_g20.json,/home/mathis/Documents/Travail/cbnsl_benchmark/scaling/../scaling/results/2026-03-30_20h11_sem_laplace/graphs/GHC+BDeu__v20_a30_g20_s500.json,,0.0752986490042531,21.0,24.0,0.46511627906976744,0.8214285714285715,0.5882352941176471,0.7666666666666667
sem_laplace,NOTEARS,"{""lambda1"": 0.0, ""w_threshold_notears"": 0.1}",20,30,500,20,/home/mathis/Documents/Travail/cbnsl_benchmark/scaling/../scaling/results/2026-03-30_20h11_sem_laplace/graphs/golden__v20_a30_g20.json,/home/mathis/Documents/Travail/cbnsl_benchmark/scaling/../scaling/results/2026-03-30_20h11_sem_laplace/graphs/NOTEARS__v20_a30_g20_s500.json,,12.574516273998597,13.0,25.0,0.8450704225352113,0.8450704225352113,1.0,1.0
sem_laplace,NOTEARS Disc.,"{""lambda1"": 0.3, ""w_threshold_notears"": 0.1, ""n_bins"": 6, ""discretization_method"": ""hartemink"", ""initial_bins"": 20}",20,30,500,20,/home/mathis/Documents/Travail/cbnsl_benchmark/scaling/../scaling/results/2026-03-30_20h11_sem_laplace/graphs/golden__v20_a30_g20.json,,[pyAgrum] Directed cycle detected: Add a directed cycle in a dag !,,,,,,,
sem_laplace,LiNGAM,"{""threshold_lingam"": 0.01}",20,30,500,20,/home/mathis/Documents/Travail/cbnsl_benchmark/scaling/../scaling/results/2026-03-30_20h11_sem_laplace/graphs/golden__v20_a30_g20.json,/home/mathis/Documents/Travail/cbnsl_benchmark/scaling/../scaling/results/2026-03-30_20h11_sem_laplace/graphs/LiNGAM__v20_a30_g20_s500.json,,1.3807543110015104,0.0,0.0,0.9655172413793104,1.0,1.0,1.0
sem_laplace,CPC,"{""alpha"": 0.01, ""max_conditioning_set_size"": 2}",20,30,1000,20,/home/mathis/Documents/Travail/cbnsl_benchmark/scaling/../scaling/results/2026-03-30_20h11_sem_laplace/graphs/golden__v20_a30_g20.json,/home/mathis/Documents/Travail/cbnsl_benchmark/scaling/../scaling/results/2026-03-30_20h11_sem_laplace/graphs/CPC__v20_a30_g20_s1000.json,,2.4966548579977825,25.0,26.0,0.1818181818181818,0.6666666666666666,0.16666666666666666,0.5
sem_laplace,CMIIC,"{""alpha"": 0.01}",20,30,1000,20,/home/mathis/Documents/Travail/cbnsl_benchmark/scaling/../scaling/results/2026-03-30_20h11_sem_laplace/graphs/golden__v20_a30_g20.json,/home/mathis/Documents/Travail/cbnsl_benchmark/scaling/../scaling/results/2026-03-30_20h11_sem_laplace/graphs/CMIIC__v20_a30_g20_s1000.json,,84.37390859099833,40.0,40.0,0.3939393939393939,0.6582278481012658,0.7647058823529411,0.8666666666666667
sem_laplace,MIIC,"{""n_bins"": 2, ""discretization_method"": ""quantile""}",20,30,1000,20,/home/mathis/Documents/Travail/cbnsl_benchmark/scaling/../scaling/results/2026-03-30_20h11_sem_laplace/graphs/golden__v20_a30_g20.json,/home/mathis/Documents/Travail/cbnsl_benchmark/scaling/../scaling/results/2026-03-30_20h11_sem_laplace/graphs/MIIC__v20_a30_g20_s1000.json,,0.18826582900510402,12.0,21.0,0.72,0.8771929824561403,0.782608695652174,0.8333333333333334
sem_laplace,GHC+BDeu,"{""n_bins"": 2, ""discretization_method"": ""quantile""}",20,30,1000,20,/home/mathis/Documents/Travail/cbnsl_benchmark/scaling/../scaling/results/2026-03-30_20h11_sem_laplace/graphs/golden__v20_a30_g20.json,/home/mathis/Documents/Travail/cbnsl_benchmark/scaling/../scaling/results/2026-03-30_20h11_sem_laplace/graphs/GHC+BDeu__v20_a30_g20_s1000.json,,0.1161155450026854,31.0,29.0,0.27906976744186046,0.8253968253968254,0.6,0.8666666666666667
sem_laplace,NOTEARS,"{""lambda1"": 0.0, ""w_threshold_notears"": 0.1}",20,30,1000,20,/home/mathis/Documents/Travail/cbnsl_benchmark/scaling/../scaling/results/2026-03-30_20h11_sem_laplace/graphs/golden__v20_a30_g20.json,/home/mathis/Documents/Travail/cbnsl_benchmark/scaling/../scaling/results/2026-03-30_20h11_sem_laplace/graphs/NOTEARS__v20_a30_g20_s1000.json,,14.460782554000616,11.0,25.0,0.819672131147541,0.9090909090909091,1.0,1.0
sem_laplace,NOTEARS Disc.,"{""lambda1"": 0.3, ""w_threshold_notears"": 0.1, ""n_bins"": 6, ""discretization_method"": ""hartemink"", ""initial_bins"": 20}",20,30,1000,20,/home/mathis/Documents/Travail/cbnsl_benchmark/scaling/../scaling/results/2026-03-30_20h11_sem_laplace/graphs/golden__v20_a30_g20.json,/home/mathis/Documents/Travail/cbnsl_benchmark/scaling/../scaling/results/2026-03-30_20h11_sem_laplace/graphs/NOTEARS Disc.__v20_a30_g20_s1000.json,,73.36318652699993,19.0,19.0,0.46153846153846156,0.846153846153846,0.5294117647058824,0.7333333333333333
sem_laplace,LiNGAM,"{""threshold_lingam"": 0.01}",20,30,1000,20,/home/mathis/Documents/Travail/cbnsl_benchmark/scaling/../scaling/results/2026-03-30_20h11_sem_laplace/graphs/golden__v20_a30_g20.json,/home/mathis/Documents/Travail/cbnsl_benchmark/scaling/../scaling/results/2026-03-30_20h11_sem_laplace/graphs/LiNGAM__v20_a30_g20_s1000.json,,1.6565106380003272,0.0,0.0,0.9655172413793104,1.0,1.0,1.0
sem_laplace,CPC,"{""alpha"": 0.01, ""max_conditioning_set_size"": 2}",20,30,3000,20,/home/mathis/Documents/Travail/cbnsl_benchmark/scaling/../scaling/results/2026-03-30_20h11_sem_laplace/graphs/golden__v20_a30_g20.json,/home/mathis/Documents/Travail/cbnsl_benchmark/scaling/../scaling/results/2026-03-30_20h11_sem_laplace/graphs/CPC__v20_a30_g20_s3000.json,,33.00356118700438,18.0,24.0,0.5,0.8679245283018869,0.5882352941176471,0.7666666666666667
sem_laplace,CMIIC,"{""alpha"": 0.01}",20,30,3000,20,/home/mathis/Documents/Travail/cbnsl_benchmark/scaling/../scaling/results/2026-03-30_20h11_sem_laplace/graphs/golden__v20_a30_g20.json,/home/mathis/Documents/Travail/cbnsl_benchmark/scaling/../scaling/results/2026-03-30_20h11_sem_laplace/graphs/CMIIC__v20_a30_g20_s3000.json,,247.8514776680022,14.0,21.0,0.7142857142857143,0.8387096774193549,0.8333333333333334,0.8666666666666667
sem_laplace,MIIC,"{""n_bins"": 2, ""discretization_method"": ""quantile""}",20,30,3000,20,/home/mathis/Documents/Travail/cbnsl_benchmark/scaling/../scaling/results/2026-03-30_20h11_sem_laplace/graphs/golden__v20_a30_g20.json,/home/mathis/Documents/Travail/cbnsl_benchmark/scaling/../scaling/results/2026-03-30_20h11_sem_laplace/graphs/MIIC__v20_a30_g20_s3000.json,,1.153042446996551,20.0,31.0,0.6333333333333333,0.7575757575757577,0.7916666666666666,0.8333333333333334
sem_laplace,GHC+BDeu,"{""n_bins"": 2, ""discretization_method"": ""quantile""}",20,30,3000,20,/home/mathis/Documents/Travail/cbnsl_benchmark/scaling/../scaling/results/2026-03-30_20h11_sem_laplace/graphs/golden__v20_a30_g20.json,/home/mathis/Documents/Travail/cbnsl_benchmark/scaling/../scaling/results/2026-03-30_20h11_sem_laplace/graphs/GHC+BDeu__v20_a30_g20_s3000.json,,0.404462288999639,35.0,36.0,0.339622641509434,0.7246376811594204,0.6428571428571429,0.8333333333333334
sem_laplace,NOTEARS,"{""lambda1"": 0.0, ""w_threshold_notears"": 0.1}",20,30,3000,20,/home/mathis/Documents/Travail/cbnsl_benchmark/scaling/../scaling/results/2026-03-30_20h11_sem_laplace/graphs/golden__v20_a30_g20.json,/home/mathis/Documents/Travail/cbnsl_benchmark/scaling/../scaling/results/2026-03-30_20h11_sem_laplace/graphs/NOTEARS__v20_a30_g20_s3000.json,,35.64322320899373,14.0,18.0,0.7333333333333334,0.8656716417910447,0.9565217391304348,0.9666666666666667
sem_laplace,NOTEARS Disc.,"{""lambda1"": 0.3, ""w_threshold_notears"": 0.1, ""n_bins"": 6, ""discretization_method"": ""hartemink"", ""initial_bins"": 20}",20,30,3000,20,/home/mathis/Documents/Travail/cbnsl_benchmark/scaling/../scaling/results/2026-03-30_20h11_sem_laplace/graphs/golden__v20_a30_g20.json,/home/mathis/Documents/Travail/cbnsl_benchmark/scaling/../scaling/results/2026-03-30_20h11_sem_laplace/graphs/NOTEARS Disc.__v20_a30_g20_s3000.json,,182.0032928130022,19.0,23.0,0.5365853658536586,0.8679245283018869,0.6111111111111112,0.7666666666666667
sem_laplace,LiNGAM,"{""threshold_lingam"": 0.01}",20,30,3000,20,/home/mathis/Documents/Travail/cbnsl_benchmark/scaling/../scaling/results/2026-03-30_20h11_sem_laplace/graphs/golden__v20_a30_g20.json,/home/mathis/Documents/Travail/cbnsl_benchmark/scaling/../scaling/results/2026-03-30_20h11_sem_laplace/graphs/LiNGAM__v20_a30_g20_s3000.json,,2.8251366160038742,0.0,0.0,0.9655172413793104,1.0,1.0,1.0
sem_laplace,CPC,"{""alpha"": 0.01, ""max_conditioning_set_size"": 2}",20,30,5000,20,/home/mathis/Documents/Travail/cbnsl_benchmark/scaling/../scaling/results/2026-03-30_20h11_sem_laplace/graphs/golden__v20_a30_g20.json,/home/mathis/Documents/Travail/cbnsl_benchmark/scaling/../scaling/results/2026-03-30_20h11_sem_laplace/graphs/CPC__v20_a30_g20_s5000.json,,107.78528168200137,20.0,27.0,0.5454545454545455,0.8571428571428571,0.6666666666666666,0.8
sem_laplace,CMIIC,"{""alpha"": 0.01}",20,30,5000,20,/home/mathis/Documents/Travail/cbnsl_benchmark/scaling/../scaling/results/2026-03-30_20h11_sem_laplace/graphs/golden__v20_a30_g20.json,/home/mathis/Documents/Travail/cbnsl_benchmark/scaling/../scaling/results/2026-03-30_20h11_sem_laplace/graphs/CMIIC__v20_a30_g20_s5000.json,,704.261874156,20.0,22.0,0.5652173913043479,0.8620689655172413,0.7222222222222222,0.8333333333333334
sem_laplace,MIIC,"{""n_bins"": 2, ""discretization_method"": ""quantile""}",20,30,5000,20,/home/mathis/Documents/Travail/cbnsl_benchmark/scaling/../scaling/results/2026-03-30_20h11_sem_laplace/graphs/golden__v20_a30_g20.json,/home/mathis/Documents/Travail/cbnsl_benchmark/scaling/../scaling/results/2026-03-30_20h11_sem_laplace/graphs/MIIC__v20_a30_g20_s5000.json,,2.2841348129950347,25.0,35.0,0.6153846153846154,0.7142857142857143,0.8,0.8333333333333334
sem_laplace,GHC+BDeu,"{""n_bins"": 2, ""discretization_method"": ""quantile""}",20,30,5000,20,/home/mathis/Documents/Travail/cbnsl_benchmark/scaling/../scaling/results/2026-03-30_20h11_sem_laplace/graphs/golden__v20_a30_g20.json,/home/mathis/Documents/Travail/cbnsl_benchmark/scaling/../scaling/results/2026-03-30_20h11_sem_laplace/graphs/GHC+BDeu__v20_a30_g20_s5000.json,,0.6886750920020859,37.0,33.0,0.4067796610169491,0.6944444444444444,0.7058823529411765,0.8333333333333334
sem_laplace,NOTEARS,"{""lambda1"": 0.0, ""w_threshold_notears"": 0.1}",20,30,5000,20,/home/mathis/Documents/Travail/cbnsl_benchmark/scaling/../scaling/results/2026-03-30_20h11_sem_laplace/graphs/golden__v20_a30_g20.json,/home/mathis/Documents/Travail/cbnsl_benchmark/scaling/../scaling/results/2026-03-30_20h11_sem_laplace/graphs/NOTEARS__v20_a30_g20_s5000.json,,46.92166353799985,14.0,22.0,0.7419354838709677,0.8695652173913044,1.0,1.0
sem_laplace,NOTEARS Disc.,"{""lambda1"": 0.3, ""w_threshold_notears"": 0.1, ""n_bins"": 6, ""discretization_method"": ""hartemink"", ""initial_bins"": 20}",20,30,5000,20,/home/mathis/Documents/Travail/cbnsl_benchmark/scaling/../scaling/results/2026-03-30_20h11_sem_laplace/graphs/golden__v20_a30_g20.json,,[pyAgrum] Directed cycle detected: Add a directed cycle in a dag !,,,,,,,
sem_laplace,LiNGAM,"{""threshold_lingam"": 0.01}",20,30,5000,20,/home/mathis/Documents/Travail/cbnsl_benchmark/scaling/../scaling/results/2026-03-30_20h11_sem_laplace/graphs/golden__v20_a30_g20.json,/home/mathis/Documents/Travail/cbnsl_benchmark/scaling/../scaling/results/2026-03-30_20h11_sem_laplace/graphs/LiNGAM__v20_a30_g20_s5000.json,,3.869818236998981,0.0,0.0,0.9655172413793104,1.0,1.0,1.0
sem_laplace,CPC,"{""alpha"": 0.01, ""max_conditioning_set_size"": 2}",20,30,200,21,/home/mathis/Documents/Travail/cbnsl_benchmark/scaling/../scaling/results/2026-03-30_20h11_sem_laplace/graphs/golden__v20_a30_g21.json,/home/mathis/Documents/Travail/cbnsl_benchmark/scaling/../scaling/results/2026-03-30_20h11_sem_laplace/graphs/CPC__v20_a30_g21_s200.json,,0.06678378699871246,29.0,28.0,0.125,0.4210526315789474,0.08333333333333333,0.26666666666666666
sem_laplace,CMIIC,"{""alpha"": 0.01}",20,30,200,21,/home/mathis/Documents/Travail/cbnsl_benchmark/scaling/../scaling/results/2026-03-30_20h11_sem_laplace/graphs/golden__v20_a30_g21.json,/home/mathis/Documents/Travail/cbnsl_benchmark/scaling/../scaling/results/2026-03-30_20h11_sem_laplace/graphs/CMIIC__v20_a30_g21_s200.json,,12.016768307999882,70.0,77.0,0.3963963963963964,0.4915254237288136,0.9565217391304348,0.9666666666666667
sem_laplace,MIIC,"{""n_bins"": 2, ""discretization_method"": ""quantile""}",20,30,200,21,/home/mathis/Documents/Travail/cbnsl_benchmark/scaling/../scaling/results/2026-03-30_20h11_sem_laplace/graphs/golden__v20_a30_g21.json,/home/mathis/Documents/Travail/cbnsl_benchmark/scaling/../scaling/results/2026-03-30_20h11_sem_laplace/graphs/MIIC__v20_a30_g21_s200.json,,0.07169792199420044,27.0,26.0,0.4444444444444445,0.7272727272727272,0.5,0.6666666666666666
sem_laplace,GHC+BDeu,"{""n_bins"": 2, ""discretization_method"": ""quantile""}",20,30,200,21,/home/mathis/Documents/Travail/cbnsl_benchmark/scaling/../scaling/results/2026-03-30_20h11_sem_laplace/graphs/golden__v20_a30_g21.json,/home/mathis/Documents/Travail/cbnsl_benchmark/scaling/../scaling/results/2026-03-30_20h11_sem_laplace/graphs/GHC+BDeu__v20_a30_g21_s200.json,,0.0532212999969488,21.0,25.0,0.35,0.7547169811320754,0.4117647058823529,0.6666666666666666
sem_laplace,NOTEARS,"{""lambda1"": 0.0, ""w_threshold_notears"": 0.1}",20,30,200,21,/home/mathis/Documents/Travail/cbnsl_benchmark/scaling/../scaling/results/2026-03-30_20h11_sem_laplace/graphs/golden__v20_a30_g21.json,/home/mathis/Documents/Travail/cbnsl_benchmark/scaling/../scaling/results/2026-03-30_20h11_sem_laplace/graphs/NOTEARS__v20_a30_g21_s200.json,,10.890902903003735,47.0,62.0,0.4893617021276596,0.5940594059405941,1.0,1.0
sem_laplace,NOTEARS Disc.,"{""lambda1"": 0.3, ""w_threshold_notears"": 0.1, ""n_bins"": 6, ""discretization_method"": ""hartemink"", ""initial_bins"": 20}",20,30,200,21,/home/mathis/Documents/Travail/cbnsl_benchmark/scaling/../scaling/results/2026-03-30_20h11_sem_laplace/graphs/golden__v20_a30_g21.json,/home/mathis/Documents/Travail/cbnsl_benchmark/scaling/../scaling/results/2026-03-30_20h11_sem_laplace/graphs/NOTEARS Disc.__v20_a30_g21_s200.json,,26.999256770999637,13.0,24.0,0.7037037037037038,0.888888888888889,0.9047619047619048,0.9333333333333333
sem_laplace,LiNGAM,"{""threshold_lingam"": 0.01}",20,30,200,21,/home/mathis/Documents/Travail/cbnsl_benchmark/scaling/../scaling/results/2026-03-30_20h11_sem_laplace/graphs/golden__v20_a30_g21.json,/home/mathis/Documents/Travail/cbnsl_benchmark/scaling/../scaling/results/2026-03-30_20h11_sem_laplace/graphs/LiNGAM__v20_a30_g21_s200.json,,1.200603607998346,21.0,22.0,0.7076923076923077,0.8333333333333333,1.0,1.0
sem_laplace,CPC,"{""alpha"": 0.01, ""max_conditioning_set_size"": 2}",20,30,500,21,/home/mathis/Documents/Travail/cbnsl_benchmark/scaling/../scaling/results/2026-03-30_20h11_sem_laplace/graphs/golden__v20_a30_g21.json,/home/mathis/Documents/Travail/cbnsl_benchmark/scaling/../scaling/results/2026-03-30_20h11_sem_laplace/graphs/CPC__v20_a30_g21_s500.json,,0.4333641789999092,27.0,27.0,0.125,0.4210526315789474,0.08333333333333333,0.26666666666666666
sem_laplace,CMIIC,"{""alpha"": 0.01}",20,30,500,21,/home/mathis/Documents/Travail/cbnsl_benchmark/scaling/../scaling/results/2026-03-30_20h11_sem_laplace/graphs/golden__v20_a30_g21.json,/home/mathis/Documents/Travail/cbnsl_benchmark/scaling/../scaling/results/2026-03-30_20h11_sem_laplace/graphs/CMIIC__v20_a30_g21_s500.json,,34.566370749998896,52.0,51.0,0.4235294117647058,0.6041666666666667,0.9473684210526315,0.9666666666666667
sem_laplace,MIIC,"{""n_bins"": 2, ""discretization_method"": ""quantile""}",20,30,500,21,/home/mathis/Documents/Travail/cbnsl_benchmark/scaling/../scaling/results/2026-03-30_20h11_sem_laplace/graphs/golden__v20_a30_g21.json,/home/mathis/Documents/Travail/cbnsl_benchmark/scaling/../scaling/results/2026-03-30_20h11_sem_laplace/graphs/MIIC__v20_a30_g21_s500.json,,0.1242052860034164,22.0,27.0,0.588235294117647,0.8000000000000002,0.7142857142857143,0.8
sem_laplace,GHC+BDeu,"{""n_bins"": 2, ""discretization_method"": ""quantile""}",20,30,500,21,/home/mathis/Documents/Travail/cbnsl_benchmark/scaling/../scaling/results/2026-03-30_20h11_sem_laplace/graphs/golden__v20_a30_g21.json,/home/mathis/Documents/Travail/cbnsl_benchmark/scaling/../scaling/results/2026-03-30_20h11_sem_laplace/graphs/GHC+BDeu__v20_a30_g21_s500.json,,0.0773507449994213,27.0,31.0,0.3829787234042553,0.7741935483870969,0.6,0.8
sem_laplace,NOTEARS,"{""lambda1"": 0.0, ""w_threshold_notears"": 0.1}",20,30,500,21,/home/mathis/Documents/Travail/cbnsl_benchmark/scaling/../scaling/results/2026-03-30_20h11_sem_laplace/graphs/golden__v20_a30_g21.json,/home/mathis/Documents/Travail/cbnsl_benchmark/scaling/../scaling/results/2026-03-30_20h11_sem_laplace/graphs/NOTEARS__v20_a30_g21_s500.json,,11.910650026999065,34.0,40.0,0.5789473684210525,0.7142857142857143,1.0,1.0
sem_laplace,NOTEARS Disc.,"{""lambda1"": 0.3, ""w_threshold_notears"": 0.1, ""n_bins"": 6, ""discretization_method"": ""hartemink"", ""initial_bins"": 20}",20,30,500,21,/home/mathis/Documents/Travail/cbnsl_benchmark/scaling/../scaling/results/2026-03-30_20h11_sem_laplace/graphs/golden__v20_a30_g21.json,/home/mathis/Documents/Travail/cbnsl_benchmark/scaling/../scaling/results/2026-03-30_20h11_sem_laplace/graphs/NOTEARS Disc.__v20_a30_g21_s500.json,,40.84690230800334,4.0,21.0,0.830188679245283,0.9310344827586207,0.88,0.9
sem_laplace,LiNGAM,"{""threshold_lingam"": 0.01}",20,30,500,21,/home/mathis/Documents/Travail/cbnsl_benchmark/scaling/../scaling/results/2026-03-30_20h11_sem_laplace/graphs/golden__v20_a30_g21.json,/home/mathis/Documents/Travail/cbnsl_benchmark/scaling/../scaling/results/2026-03-30_20h11_sem_laplace/graphs/LiNGAM__v20_a30_g21_s500.json,,1.3295352900022408,13.0,16.0,0.8484848484848484,0.8823529411764706,1.0,1.0
sem_laplace,CPC,"{""alpha"": 0.01, ""max_conditioning_set_size"": 2}",20,30,1000,21,/home/mathis/Documents/Travail/cbnsl_benchmark/scaling/../scaling/results/2026-03-30_20h11_sem_laplace/graphs/golden__v20_a30_g21.json,/home/mathis/Documents/Travail/cbnsl_benchmark/scaling/../scaling/results/2026-03-30_20h11_sem_laplace/graphs/CPC__v20_a30_g21_s1000.json,,2.475831677002134,27.0,29.0,0.22857142857142856,0.6521739130434783,0.21052631578947367,0.5
sem_laplace,CMIIC,"{""alpha"": 0.01}",20,30,1000,21,/home/mathis/Documents/Travail/cbnsl_benchmark/scaling/../scaling/results/2026-03-30_20h11_sem_laplace/graphs/golden__v20_a30_g21.json,/home/mathis/Documents/Travail/cbnsl_benchmark/scaling/../scaling/results/2026-03-30_20h11_sem_laplace/graphs/CMIIC__v20_a30_g21_s1000.json,,119.85277352100093,42.0,46.0,0.5121951219512195,0.6292134831460674,0.9130434782608695,0.9333333333333333
sem_laplace,MIIC,"{""n_bins"": 2, ""discretization_method"": ""quantile""}",20,30,1000,21,/home/mathis/Documents/Travail/cbnsl_benchmark/scaling/../scaling/results/2026-03-30_20h11_sem_laplace/graphs/golden__v20_a30_g21.json,/home/mathis/Documents/Travail/cbnsl_benchmark/scaling/../scaling/results/2026-03-30_20h11_sem_laplace/graphs/MIIC__v20_a30_g21_s1000.json,,0.198051650004345,22.0,27.0,0.6785714285714286,0.8064516129032259,0.7916666666666666,0.8333333333333334
sem_laplace,GHC+BDeu,"{""n_bins"": 2, ""discretization_method"": ""quantile""}",20,30,1000,21,/home/mathis/Documents/Travail/cbnsl_benchmark/scaling/../scaling/results/2026-03-30_20h11_sem_laplace/graphs/golden__v20_a30_g21.json,/home/mathis/Documents/Travail/cbnsl_benchmark/scaling/../scaling/results/2026-03-30_20h11_sem_laplace/graphs/GHC+BDeu__v20_a30_g21_s1000.json,,0.11666944500029786,27.0,26.0,0.3255813953488372,0.8571428571428572,0.7,0.9
sem_laplace,NOTEARS,"{""lambda1"": 0.0, ""w_threshold_notears"": 0.1}",20,30,1000,21,/home/mathis/Documents/Travail/cbnsl_benchmark/scaling/../scaling/results/2026-03-30_20h11_sem_laplace/graphs/golden__v20_a30_g21.json,/home/mathis/Documents/Travail/cbnsl_benchmark/scaling/../scaling/results/2026-03-30_20h11_sem_laplace/graphs/NOTEARS__v20_a30_g21_s1000.json,,16.059704812003474,12.0,28.0,0.7540983606557378,0.8823529411764706,1.0,1.0
sem_laplace,NOTEARS Disc.,"{""lambda1"": 0.3, ""w_threshold_notears"": 0.1, ""n_bins"": 6, ""discretization_method"": ""hartemink"", ""initial_bins"": 20}",20,30,1000,21,/home/mathis/Documents/Travail/cbnsl_benchmark/scaling/../scaling/results/2026-03-30_20h11_sem_laplace/graphs/golden__v20_a30_g21.json,/home/mathis/Documents/Travail/cbnsl_benchmark/scaling/../scaling/results/2026-03-30_20h11_sem_laplace/graphs/NOTEARS Disc.__v20_a30_g21_s1000.json,,66.24782158600283,10.0,22.0,0.7346938775510204,0.9310344827586207,0.8571428571428571,0.9
sem_laplace,LiNGAM,"{""threshold_lingam"": 0.01}",20,30,1000,21,/home/mathis/Documents/Travail/cbnsl_benchmark/scaling/../scaling/results/2026-03-30_20h11_sem_laplace/graphs/golden__v20_a30_g21.json,/home/mathis/Documents/Travail/cbnsl_benchmark/scaling/../scaling/results/2026-03-30_20h11_sem_laplace/graphs/LiNGAM__v20_a30_g21_s1000.json,,1.5374450820017955,0.0,0.0,0.9090909090909091,1.0,1.0,1.0
sem_laplace,CPC,"{""alpha"": 0.01, ""max_conditioning_set_size"": 2}",20,30,3000,21,/home/mathis/Documents/Travail/cbnsl_benchmark/scaling/../scaling/results/2026-03-30_20h11_sem_laplace/graphs/golden__v20_a30_g21.json,/home/mathis/Documents/Travail/cbnsl_benchmark/scaling/../scaling/results/2026-03-30_20h11_sem_laplace/graphs/CPC__v20_a30_g21_s3000.json,,29.80631332300254,29.0,20.0,0.22222222222222224,0.896551724137931,0.5,0.8666666666666667
sem_laplace,CMIIC,"{""alpha"": 0.01}",20,30,3000,21,/home/mathis/Documents/Travail/cbnsl_benchmark/scaling/../scaling/results/2026-03-30_20h11_sem_laplace/graphs/golden__v20_a30_g21.json,/home/mathis/Documents/Travail/cbnsl_benchmark/scaling/../scaling/results/2026-03-30_20h11_sem_laplace/graphs/CMIIC__v20_a30_g21_s3000.json,,197.8949781629999,14.0,25.0,0.7272727272727273,0.888888888888889,0.9090909090909091,0.9333333333333333
sem_laplace,MIIC,"{""n_bins"": 2, ""discretization_method"": ""quantile""}",20,30,3000,21,/home/mathis/Documents/Travail/cbnsl_benchmark/scaling/../scaling/results/2026-03-30_20h11_sem_laplace/graphs/golden__v20_a30_g21.json,/home/mathis/Documents/Travail/cbnsl_benchmark/scaling/../scaling/results/2026-03-30_20h11_sem_laplace/graphs/MIIC__v20_a30_g21_s3000.json,,1.1673642420064425,22.0,29.0,0.689655172413793,0.8307692307692307,0.8695652173913043,0.9
sem_laplace,GHC+BDeu,"{""n_bins"": 2, ""discretization_method"": ""quantile""}",20,30,3000,21,/home/mathis/Documents/Travail/cbnsl_benchmark/scaling/../scaling/results/2026-03-30_20h11_sem_laplace/graphs/golden__v20_a30_g21.json,/home/mathis/Documents/Travail/cbnsl_benchmark/scaling/../scaling/results/2026-03-30_20h11_sem_laplace/graphs/GHC+BDeu__v20_a30_g21_s3000.json,,0.4008277749962872,27.0,21.0,0.36734693877551017,0.8571428571428571,1.0,1.0
sem_laplace,NOTEARS,"{""lambda1"": 0.0, ""w_threshold_notears"": 0.1}",20,30,3000,21,/home/mathis/Documents/Travail/cbnsl_benchmark/scaling/../scaling/results/2026-03-30_20h11_sem_laplace/graphs/golden__v20_a30_g21.json,/home/mathis/Documents/Travail/cbnsl_benchmark/scaling/../scaling/results/2026-03-30_20h11_sem_laplace/graphs/NOTEARS__v20_a30_g21_s3000.json,,30.33033787900058,11.0,22.0,0.7666666666666667,0.8955223880597014,1.0,1.0
sem_laplace,NOTEARS Disc.,"{""lambda1"": 0.3, ""w_threshold_notears"": 0.1, ""n_bins"": 6, ""discretization_method"": ""hartemink"", ""initial_bins"": 20}",20,30,3000,21,/home/mathis/Documents/Travail/cbnsl_benchmark/scaling/../scaling/results/2026-03-30_20h11_sem_laplace/graphs/golden__v20_a30_g21.json,/home/mathis/Documents/Travail/cbnsl_benchmark/scaling/../scaling/results/2026-03-30_20h11_sem_laplace/graphs/NOTEARS Disc.__v20_a30_g21_s3000.json,,148.7472521150048,8.0,20.0,0.7843137254901961,0.9310344827586207,0.8695652173913043,0.9
sem_laplace,LiNGAM,"{""threshold_lingam"": 0.01}",20,30,3000,21,/home/mathis/Documents/Travail/cbnsl_benchmark/scaling/../scaling/results/2026-03-30_20h11_sem_laplace/graphs/golden__v20_a30_g21.json,/home/mathis/Documents/Travail/cbnsl_benchmark/scaling/../scaling/results/2026-03-30_20h11_sem_laplace/graphs/LiNGAM__v20_a30_g21_s3000.json,,2.666750963006052,0.0,0.0,0.9090909090909091,1.0,1.0,1.0
sem_laplace,CPC,"{""alpha"": 0.01, ""max_conditioning_set_size"": 2}",20,30,5000,21,/home/mathis/Documents/Travail/cbnsl_benchmark/scaling/../scaling/results/2026-03-30_20h11_sem_laplace/graphs/golden__v20_a30_g21.json,/home/mathis/Documents/Travail/cbnsl_benchmark/scaling/../scaling/results/2026-03-30_20h11_sem_laplace/graphs/CPC__v20_a30_g21_s5000.json,,94.62817813300353,26.0,20.0,0.47826086956521735,0.8524590163934426,0.7333333333333333,0.8666666666666667
sem_laplace,CMIIC,"{""alpha"": 0.01}",20,30,5000,21,/home/mathis/Documents/Travail/cbnsl_benchmark/scaling/../scaling/results/2026-03-30_20h11_sem_laplace/graphs/golden__v20_a30_g21.json,/home/mathis/Documents/Travail/cbnsl_benchmark/scaling/../scaling/results/2026-03-30_20h11_sem_laplace/graphs/CMIIC__v20_a30_g21_s5000.json,,468.69155884200154,14.0,12.0,0.8214285714285714,0.9180327868852459,0.92,0.9333333333333333
sem_laplace,MIIC,"{""n_bins"": 2, ""discretization_method"": ""quantile""}",20,30,5000,21,/home/mathis/Documents/Travail/cbnsl_benchmark/scaling/../scaling/results/2026-03-30_20h11_sem_laplace/graphs/golden__v20_a30_g21.json,/home/mathis/Documents/Travail/cbnsl_benchmark/scaling/../scaling/results/2026-03-30_20h11_sem_laplace/graphs/MIIC__v20_a30_g21_s5000.json,,2.1734139149994007,25.0,28.0,0.6557377049180327,0.7941176470588235,0.8695652173913043,0.9
sem_laplace,GHC+BDeu,"{""n_bins"": 2, ""discretization_method"": ""quantile""}",20,30,5000,21,/home/mathis/Documents/Travail/cbnsl_benchmark/scaling/../scaling/results/2026-03-30_20h11_sem_laplace/graphs/golden__v20_a30_g21.json,/home/mathis/Documents/Travail/cbnsl_benchmark/scaling/../scaling/results/2026-03-30_20h11_sem_laplace/graphs/GHC+BDeu__v20_a30_g21_s5000.json,,0.6957497089970275,30.0,25.0,0.3461538461538462,0.8219178082191781,1.0,1.0
sem_laplace,NOTEARS,"{""lambda1"": 0.0, ""w_threshold_notears"": 0.1}",20,30,5000,21,/home/mathis/Documents/Travail/cbnsl_benchmark/scaling/../scaling/results/2026-03-30_20h11_sem_laplace/graphs/golden__v20_a30_g21.json,/home/mathis/Documents/Travail/cbnsl_benchmark/scaling/../scaling/results/2026-03-30_20h11_sem_laplace/graphs/NOTEARS__v20_a30_g21_s5000.json,,38.74513616799959,11.0,22.0,0.7666666666666667,0.8955223880597014,1.0,1.0
sem_laplace,NOTEARS Disc.,"{""lambda1"": 0.3, ""w_threshold_notears"": 0.1, ""n_bins"": 6, ""discretization_method"": ""hartemink"", ""initial_bins"": 20}",20,30,5000,21,/home/mathis/Documents/Travail/cbnsl_benchmark/scaling/../scaling/results/2026-03-30_20h11_sem_laplace/graphs/golden__v20_a30_g21.json,/home/mathis/Documents/Travail/cbnsl_benchmark/scaling/../scaling/results/2026-03-30_20h11_sem_laplace/graphs/NOTEARS Disc.__v20_a30_g21_s5000.json,,228.03498021900305,8.0,22.0,0.7346938775510204,0.9310344827586207,0.8571428571428571,0.9
sem_laplace,LiNGAM,"{""threshold_lingam"": 0.01}",20,30,5000,21,/home/mathis/Documents/Travail/cbnsl_benchmark/scaling/../scaling/results/2026-03-30_20h11_sem_laplace/graphs/golden__v20_a30_g21.json,/home/mathis/Documents/Travail/cbnsl_benchmark/scaling/../scaling/results/2026-03-30_20h11_sem_laplace/graphs/LiNGAM__v20_a30_g21_s5000.json,,3.55745753699739,0.0,0.0,0.9090909090909091,1.0,1.0,1.0
sem_laplace,CPC,"{""alpha"": 0.01, ""max_conditioning_set_size"": 2}",20,30,200,22,/home/mathis/Documents/Travail/cbnsl_benchmark/scaling/../scaling/results/2026-03-30_20h11_sem_laplace/graphs/golden__v20_a30_g22.json,/home/mathis/Documents/Travail/cbnsl_benchmark/scaling/../scaling/results/2026-03-30_20h11_sem_laplace/graphs/CPC__v20_a30_g22_s200.json,,0.09679163900000276,24.0,22.0,0.18749999999999997,0.5128205128205129,0.13636363636363635,0.3448275862068966
sem_laplace,CMIIC,"{""alpha"": 0.01}",20,30,200,22,/home/mathis/Documents/Travail/cbnsl_benchmark/scaling/../scaling/results/2026-03-30_20h11_sem_laplace/graphs/golden__v20_a30_g22.json,/home/mathis/Documents/Travail/cbnsl_benchmark/scaling/../scaling/results/2026-03-30_20h11_sem_laplace/graphs/CMIIC__v20_a30_g22_s200.json,,10.435046313003113,55.0,64.0,0.275,0.5625,0.8461538461538461,0.9310344827586207
sem_laplace,MIIC,"{""n_bins"": 2, ""discretization_method"": ""quantile""}",20,30,200,22,/home/mathis/Documents/Travail/cbnsl_benchmark/scaling/../scaling/results/2026-03-30_20h11_sem_laplace/graphs/golden__v20_a30_g22.json,/home/mathis/Documents/Travail/cbnsl_benchmark/scaling/../scaling/results/2026-03-30_20h11_sem_laplace/graphs/MIIC__v20_a30_g22_s200.json,,0.07464429399988148,22.0,23.0,0.5454545454545454,0.8148148148148148,0.631578947368421,0.7586206896551724
sem_laplace,GHC+BDeu,"{""n_bins"": 2, ""discretization_method"": ""quantile""}",20,30,200,22,/home/mathis/Documents/Travail/cbnsl_benchmark/scaling/../scaling/results/2026-03-30_20h11_sem_laplace/graphs/golden__v20_a30_g22.json,/home/mathis/Documents/Travail/cbnsl_benchmark/scaling/../scaling/results/2026-03-30_20h11_sem_laplace/graphs/GHC+BDeu__v20_a30_g22_s200.json,,0.055305061003309675,29.0,17.0,0.1764705882352941,0.7843137254901961,0.25,0.6896551724137931
sem_laplace,NOTEARS,"{""lambda1"": 0.0, ""w_threshold_notears"": 0.1}",20,30,200,22,/home/mathis/Documents/Travail/cbnsl_benchmark/scaling/../scaling/results/2026-03-30_20h11_sem_laplace/graphs/golden__v20_a30_g22.json,/home/mathis/Documents/Travail/cbnsl_benchmark/scaling/../scaling/results/2026-03-30_20h11_sem_laplace/graphs/NOTEARS__v20_a30_g22_s200.json,,4.970506744997692,57.0,67.0,0.4468085106382979,0.5544554455445544,0.9545454545454546,0.9655172413793104
sem_laplace,NOTEARS Disc.,"{""lambda1"": 0.3, ""w_threshold_notears"": 0.1, ""n_bins"": 6, ""discretization_method"": ""hartemink"", ""initial_bins"": 20}",20,30,200,22,/home/mathis/Documents/Travail/cbnsl_benchmark/scaling/../scaling/results/2026-03-30_20h11_sem_laplace/graphs/golden__v20_a30_g22.json,,[pyAgrum] Directed cycle detected: Add a directed cycle in a dag !,,,,,,,
sem_laplace,LiNGAM,"{""threshold_lingam"": 0.01}",20,30,200,22,/home/mathis/Documents/Travail/cbnsl_benchmark/scaling/../scaling/results/2026-03-30_20h11_sem_laplace/graphs/golden__v20_a30_g22.json,/home/mathis/Documents/Travail/cbnsl_benchmark/scaling/../scaling/results/2026-03-30_20h11_sem_laplace/graphs/LiNGAM__v20_a30_g22_s200.json,,1.2393467520014383,5.0,20.0,0.8148148148148149,0.9333333333333333,0.9565217391304348,0.9655172413793104
sem_laplace,CPC,"{""alpha"": 0.01, ""max_conditioning_set_size"": 2}",20,30,500,22,/home/mathis/Documents/Travail/cbnsl_benchmark/scaling/../scaling/results/2026-03-30_20h11_sem_laplace/graphs/golden__v20_a30_g22.json,/home/mathis/Documents/Travail/cbnsl_benchmark/scaling/../scaling/results/2026-03-30_20h11_sem_laplace/graphs/CPC__v20_a30_g22_s500.json,,0.45434393500181613,28.0,24.0,0.0,0.3888888888888889,0.0,0.2413793103448276
sem_laplace,CMIIC,"{""alpha"": 0.01}",20,30,500,22,/home/mathis/Documents/Travail/cbnsl_benchmark/scaling/../scaling/results/2026-03-30_20h11_sem_laplace/graphs/golden__v20_a30_g22.json,/home/mathis/Documents/Travail/cbnsl_benchmark/scaling/../scaling/results/2026-03-30_20h11_sem_laplace/graphs/CMIIC__v20_a30_g22_s500.json,,42.88554520100297,39.0,47.0,0.5263157894736842,0.6506024096385543,0.9090909090909091,0.9310344827586207
sem_laplace,MIIC,"{""n_bins"": 2, ""discretization_method"": ""quantile""}",20,30,500,22,/home/mathis/Documents/Travail/cbnsl_benchmark/scaling/../scaling/results/2026-03-30_20h11_sem_laplace/graphs/golden__v20_a30_g22.json,/home/mathis/Documents/Travail/cbnsl_benchmark/scaling/../scaling/results/2026-03-30_20h11_sem_laplace/graphs/MIIC__v20_a30_g22_s500.json,,0.1173147270019399,12.0,20.0,0.6511627906976745,0.9056603773584906,0.7368421052631579,0.8275862068965517
sem_laplace,GHC+BDeu,"{""n_bins"": 2, ""discretization_method"": ""quantile""}",20,30,500,22,/home/mathis/Documents/Travail/cbnsl_benchmark/scaling/../scaling/results/2026-03-30_20h11_sem_laplace/graphs/golden__v20_a30_g22.json,/home/mathis/Documents/Travail/cbnsl_benchmark/scaling/../scaling/results/2026-03-30_20h11_sem_laplace/graphs/GHC+BDeu__v20_a30_g22_s500.json,,0.07573191100527765,23.0,23.0,0.368421052631579,0.8928571428571429,0.6363636363636364,0.8620689655172413
sem_laplace,NOTEARS,"{""lambda1"": 0.0, ""w_threshold_notears"": 0.1}",20,30,500,22,/home/mathis/Documents/Travail/cbnsl_benchmark/scaling/../scaling/results/2026-03-30_20h11_sem_laplace/graphs/golden__v20_a30_g22.json,/home/mathis/Documents/Travail/cbnsl_benchmark/scaling/../scaling/results/2026-03-30_20h11_sem_laplace/graphs/NOTEARS__v20_a30_g22_s500.json,,9.296433204995992,19.0,29.0,0.6774193548387097,0.8285714285714285,1.0,1.0
sem_laplace,NOTEARS Disc.,"{""lambda1"": 0.3, ""w_threshold_notears"": 0.1, ""n_bins"": 6, ""discretization_method"": ""hartemink"", ""initial_bins"": 20}",20,30,500,22,/home/mathis/Documents/Travail/cbnsl_benchmark/scaling/../scaling/results/2026-03-30_20h11_sem_laplace/graphs/golden__v20_a30_g22.json,/home/mathis/Documents/Travail/cbnsl_benchmark/scaling/../scaling/results/2026-03-30_20h11_sem_laplace/graphs/NOTEARS Disc.__v20_a30_g22_s500.json,,40.76906427599897,11.0,11.0,0.6666666666666666,0.9090909090909091,0.7894736842105263,0.8620689655172413
sem_laplace,LiNGAM,"{""threshold_lingam"": 0.01}",20,30,500,22,/home/mathis/Documents/Travail/cbnsl_benchmark/scaling/../scaling/results/2026-03-30_20h11_sem_laplace/graphs/golden__v20_a30_g22.json,/home/mathis/Documents/Travail/cbnsl_benchmark/scaling/../scaling/results/2026-03-30_20h11_sem_laplace/graphs/LiNGAM__v20_a30_g22_s500.json,,1.3119693080006982,0.0,17.0,0.9056603773584906,1.0,1.0,1.0
sem_laplace,CPC,"{""alpha"": 0.01, ""max_conditioning_set_size"": 2}",20,30,1000,22,/home/mathis/Documents/Travail/cbnsl_benchmark/scaling/../scaling/results/2026-03-30_20h11_sem_laplace/graphs/golden__v20_a30_g22.json,/home/mathis/Documents/Travail/cbnsl_benchmark/scaling/../scaling/results/2026-03-30_20h11_sem_laplace/graphs/CPC__v20_a30_g22_s1000.json,,2.2622747409986914,26.0,20.0,0.29411764705882354,0.7391304347826086,0.29411764705882354,0.5862068965517241
sem_laplace,CMIIC,"{""alpha"": 0.01}",20,30,1000,22,/home/mathis/Documents/Travail/cbnsl_benchmark/scaling/../scaling/results/2026-03-30_20h11_sem_laplace/graphs/golden__v20_a30_g22.json,/home/mathis/Documents/Travail/cbnsl_benchmark/scaling/../scaling/results/2026-03-30_20h11_sem_laplace/graphs/CMIIC__v20_a30_g22_s1000.json,,99.60085537099803,28.0,35.0,0.5666666666666667,0.7714285714285715,0.8947368421052632,0.9310344827586207
sem_laplace,MIIC,"{""n_bins"": 2, ""discretization_method"": ""quantile""}",20,30,1000,22,/home/mathis/Documents/Travail/cbnsl_benchmark/scaling/../scaling/results/2026-03-30_20h11_sem_laplace/graphs/golden__v20_a30_g22.json,/home/mathis/Documents/Travail/cbnsl_benchmark/scaling/../scaling/results/2026-03-30_20h11_sem_laplace/graphs/MIIC__v20_a30_g22_s1000.json,,0.18769509100093273,20.0,12.0,0.125,0.9285714285714286,0.4,0.896551724137931
sem_laplace,GHC+BDeu,"{""n_bins"": 2, ""discretization_method"": ""quantile""}",20,30,1000,22,/home/mathis/Documents/Travail/cbnsl_benchmark/scaling/../scaling/results/2026-03-30_20h11_sem_laplace/graphs/golden__v20_a30_g22.json,/home/mathis/Documents/Travail/cbnsl_benchmark/scaling/../scaling/results/2026-03-30_20h11_sem_laplace/graphs/GHC+BDeu__v20_a30_g22_s1000.json,,0.1192586190009024,17.0,21.0,0.5652173913043478,0.9180327868852458,0.9285714285714286,0.9655172413793104
sem_laplace,NOTEARS,"{""lambda1"": 0.0, ""w_threshold_notears"": 0.1}",20,30,1000,22,/home/mathis/Documents/Travail/cbnsl_benchmark/scaling/../scaling/results/2026-03-30_20h11_sem_laplace/graphs/golden__v20_a30_g22.json,/home/mathis/Documents/Travail/cbnsl_benchmark/scaling/../scaling/results/2026-03-30_20h11_sem_laplace/graphs/NOTEARS__v20_a30_g22_s1000.json,,19.232783810999535,12.0,28.0,0.7586206896551725,0.8923076923076924,1.0,1.0
sem_laplace,NOTEARS Disc.,"{""lambda1"": 0.3, ""w_threshold_notears"": 0.1, ""n_bins"": 6, ""discretization_method"": ""hartemink"", ""initial_bins"": 20}",20,30,1000,22,/home/mathis/Documents/Travail/cbnsl_benchmark/scaling/../scaling/results/2026-03-30_20h11_sem_laplace/graphs/golden__v20_a30_g22.json,/home/mathis/Documents/Travail/cbnsl_benchmark/scaling/../scaling/results/2026-03-30_20h11_sem_laplace/graphs/NOTEARS Disc.__v20_a30_g22_s1000.json,,65.48844854200433,19.0,19.0,0.4736842105263159,0.9056603773584906,0.6428571428571429,0.8275862068965517
sem_laplace,LiNGAM,"{""threshold_lingam"": 0.01}",20,30,1000,22,/home/mathis/Documents/Travail/cbnsl_benchmark/scaling/../scaling/results/2026-03-30_20h11_sem_laplace/graphs/golden__v20_a30_g22.json,/home/mathis/Documents/Travail/cbnsl_benchmark/scaling/../scaling/results/2026-03-30_20h11_sem_laplace/graphs/LiNGAM__v20_a30_g22_s1000.json,,1.689723347000836,0.0,17.0,0.9056603773584906,1.0,1.0,1.0
sem_laplace,CPC,"{""alpha"": 0.01, ""max_conditioning_set_size"": 2}",20,30,3000,22,/home/mathis/Documents/Travail/cbnsl_benchmark/scaling/../scaling/results/2026-03-30_20h11_sem_laplace/graphs/golden__v20_a30_g22.json,/home/mathis/Documents/Travail/cbnsl_benchmark/scaling/../scaling/results/2026-03-30_20h11_sem_laplace/graphs/CPC__v20_a30_g22_s3000.json,,29.503685912000947,20.0,25.0,0.43243243243243246,0.9056603773584906,0.6153846153846154,0.8275862068965517
sem_laplace,CMIIC,"{""alpha"": 0.01}",20,30,3000,22,/home/mathis/Documents/Travail/cbnsl_benchmark/scaling/../scaling/results/2026-03-30_20h11_sem_laplace/graphs/golden__v20_a30_g22.json,/home/mathis/Documents/Travail/cbnsl_benchmark/scaling/../scaling/results/2026-03-30_20h11_sem_laplace/graphs/CMIIC__v20_a30_g22_s3000.json,,273.68666030799795,14.0,25.0,0.7719298245614035,0.8709677419354839,0.9166666666666666,0.9310344827586207
sem_laplace,MIIC,"{""n_bins"": 2, ""discretization_method"": ""quantile""}",20,30,3000,22,/home/mathis/Documents/Travail/cbnsl_benchmark/scaling/../scaling/results/2026-03-30_20h11_sem_laplace/graphs/golden__v20_a30_g22.json,/home/mathis/Documents/Travail/cbnsl_benchmark/scaling/../scaling/results/2026-03-30_20h11_sem_laplace/graphs/MIIC__v20_a30_g22_s3000.json,,1.2143813080037944,22.0,31.0,0.576923076923077,0.8253968253968255,0.8333333333333334,0.896551724137931
sem_laplace,GHC+BDeu,"{""n_bins"": 2, ""discretization_method"": ""quantile""}",20,30,3000,22,/home/mathis/Documents/Travail/cbnsl_benchmark/scaling/../scaling/results/2026-03-30_20h11_sem_laplace/graphs/golden__v20_a30_g22.json,/home/mathis/Documents/Travail/cbnsl_benchmark/scaling/../scaling/results/2026-03-30_20h11_sem_laplace/graphs/GHC+BDeu__v20_a30_g22_s3000.json,,0.38774126899807015,32.0,33.0,0.2978723404255319,0.8059701492537312,0.7777777777777778,0.9310344827586207
sem_laplace,NOTEARS,"{""lambda1"": 0.0, ""w_threshold_notears"": 0.1}",20,30,3000,22,/home/mathis/Documents/Travail/cbnsl_benchmark/scaling/../scaling/results/2026-03-30_20h11_sem_laplace/graphs/golden__v20_a30_g22.json,/home/mathis/Documents/Travail/cbnsl_benchmark/scaling/../scaling/results/2026-03-30_20h11_sem_laplace/graphs/NOTEARS__v20_a30_g22_s3000.json,,39.11665598700347,12.0,28.0,0.7586206896551725,0.8923076923076924,1.0,1.0
sem_laplace,NOTEARS Disc.,"{""lambda1"": 0.3, ""w_threshold_notears"": 0.1, ""n_bins"": 6, ""discretization_method"": ""hartemink"", ""initial_bins"": 20}",20,30,3000,22,/home/mathis/Documents/Travail/cbnsl_benchmark/scaling/../scaling/results/2026-03-30_20h11_sem_laplace/graphs/golden__v20_a30_g22.json,/home/mathis/Documents/Travail/cbnsl_benchmark/scaling/../scaling/results/2026-03-30_20h11_sem_laplace/graphs/NOTEARS Disc.__v20_a30_g22_s3000.json,,155.89849962299922,6.0,20.0,0.7659574468085107,0.9056603773584906,0.782608695652174,0.8275862068965517
sem_laplace,LiNGAM,"{""threshold_lingam"": 0.01}",20,30,3000,22,/home/mathis/Documents/Travail/cbnsl_benchmark/scaling/../scaling/results/2026-03-30_20h11_sem_laplace/graphs/golden__v20_a30_g22.json,/home/mathis/Documents/Travail/cbnsl_benchmark/scaling/../scaling/results/2026-03-30_20h11_sem_laplace/graphs/LiNGAM__v20_a30_g22_s3000.json,,2.7780548379960237,0.0,17.0,0.9056603773584906,1.0,1.0,1.0
sem_laplace,CPC,"{""alpha"": 0.01, ""max_conditioning_set_size"": 2}",20,30,5000,22,/home/mathis/Documents/Travail/cbnsl_benchmark/scaling/../scaling/results/2026-03-30_20h11_sem_laplace/graphs/golden__v20_a30_g22.json,/home/mathis/Documents/Travail/cbnsl_benchmark/scaling/../scaling/results/2026-03-30_20h11_sem_laplace/graphs/CPC__v20_a30_g22_s5000.json,,97.40631998499885,20.0,21.0,0.5116279069767441,0.8571428571428572,0.6875,0.8275862068965517
sem_laplace,CMIIC,"{""alpha"": 0.01}",20,30,5000,22,/home/mathis/Documents/Travail/cbnsl_benchmark/scaling/../scaling/results/2026-03-30_20h11_sem_laplace/graphs/golden__v20_a30_g22.json,/home/mathis/Documents/Travail/cbnsl_benchmark/scaling/../scaling/results/2026-03-30_20h11_sem_laplace/graphs/CMIIC__v20_a30_g22_s5000.json,,322.77084074299637,6.0,12.0,0.7755102040816326,0.9285714285714286,0.8636363636363636,0.896551724137931
sem_laplace,MIIC,"{""n_bins"": 2, ""discretization_method"": ""quantile""}",20,30,5000,22,/home/mathis/Documents/Travail/cbnsl_benchmark/scaling/../scaling/results/2026-03-30_20h11_sem_laplace/graphs/golden__v20_a30_g22.json,/home/mathis/Documents/Travail/cbnsl_benchmark/scaling/../scaling/results/2026-03-30_20h11_sem_laplace/graphs/MIIC__v20_a30_g22_s5000.json,,2.271217848996457,21.0,30.0,0.6440677966101696,0.8059701492537312,0.9047619047619048,0.9310344827586207
sem_laplace,GHC+BDeu,"{""n_bins"": 2, ""discretization_method"": ""quantile""}",20,30,5000,22,/home/mathis/Documents/Travail/cbnsl_benchmark/scaling/../scaling/results/2026-03-30_20h11_sem_laplace/graphs/golden__v20_a30_g22.json,/home/mathis/Documents/Travail/cbnsl_benchmark/scaling/../scaling/results/2026-03-30_20h11_sem_laplace/graphs/GHC+BDeu__v20_a30_g22_s5000.json,,0.7099491379995015,32.0,33.0,0.2692307692307693,0.7837837837837839,1.0,1.0
sem_laplace,NOTEARS,"{""lambda1"": 0.0, ""w_threshold_notears"": 0.1}",20,30,5000,22,/home/mathis/Documents/Travail/cbnsl_benchmark/scaling/../scaling/results/2026-03-30_20h11_sem_laplace/graphs/golden__v20_a30_g22.json,/home/mathis/Documents/Travail/cbnsl_benchmark/scaling/../scaling/results/2026-03-30_20h11_sem_laplace/graphs/NOTEARS__v20_a30_g22_s5000.json,,54.06186462599726,11.0,26.0,0.7307692307692308,0.9354838709677419,1.0,1.0
sem_laplace,NOTEARS Disc.,"{""lambda1"": 0.3, ""w_threshold_notears"": 0.1, ""n_bins"": 6, ""discretization_method"": ""hartemink"", ""initial_bins"": 20}",20,30,5000,22,/home/mathis/Documents/Travail/cbnsl_benchmark/scaling/../scaling/results/2026-03-30_20h11_sem_laplace/graphs/golden__v20_a30_g22.json,/home/mathis/Documents/Travail/cbnsl_benchmark/scaling/../scaling/results/2026-03-30_20h11_sem_laplace/graphs/NOTEARS Disc.__v20_a30_g22_s5000.json,,243.56874610299565,6.0,18.0,0.7659574468085107,0.9056603773584906,0.782608695652174,0.8275862068965517
sem_laplace,LiNGAM,"{""threshold_lingam"": 0.01}",20,30,5000,22,/home/mathis/Documents/Travail/cbnsl_benchmark/scaling/../scaling/results/2026-03-30_20h11_sem_laplace/graphs/golden__v20_a30_g22.json,/home/mathis/Documents/Travail/cbnsl_benchmark/scaling/../scaling/results/2026-03-30_20h11_sem_laplace/graphs/LiNGAM__v20_a30_g22_s5000.json,,4.08708944600221,0.0,17.0,0.9056603773584906,1.0,1.0,1.0
sem_laplace,CPC,"{""alpha"": 0.01, ""max_conditioning_set_size"": 2}",20,30,200,23,/home/mathis/Documents/Travail/cbnsl_benchmark/scaling/../scaling/results/2026-03-30_20h11_sem_laplace/graphs/golden__v20_a30_g23.json,/home/mathis/Documents/Travail/cbnsl_benchmark/scaling/../scaling/results/2026-03-30_20h11_sem_laplace/graphs/CPC__v20_a30_g23_s200.json,,0.06834969599731266,28.0,30.0,0.18181818181818182,0.4615384615384615,0.125,0.3
sem_laplace,CMIIC,"{""alpha"": 0.01}",20,30,200,23,/home/mathis/Documents/Travail/cbnsl_benchmark/scaling/../scaling/results/2026-03-30_20h11_sem_laplace/graphs/golden__v20_a30_g23.json,/home/mathis/Documents/Travail/cbnsl_benchmark/scaling/../scaling/results/2026-03-30_20h11_sem_laplace/graphs/CMIIC__v20_a30_g23_s200.json,,8.522195079000085,66.0,68.0,0.36363636363636365,0.5137614678899083,0.9,0.9333333333333333
sem_laplace,MIIC,"{""n_bins"": 2, ""discretization_method"": ""quantile""}",20,30,200,23,/home/mathis/Documents/Travail/cbnsl_benchmark/scaling/../scaling/results/2026-03-30_20h11_sem_laplace/graphs/golden__v20_a30_g23.json,/home/mathis/Documents/Travail/cbnsl_benchmark/scaling/../scaling/results/2026-03-30_20h11_sem_laplace/graphs/MIIC__v20_a30_g23_s200.json,,0.07290091599861626,26.0,24.0,0.4888888888888889,0.847457627118644,0.6875,0.8333333333333334
sem_laplace,GHC+BDeu,"{""n_bins"": 2, ""discretization_method"": ""quantile""}",20,30,200,23,/home/mathis/Documents/Travail/cbnsl_benchmark/scaling/../scaling/results/2026-03-30_20h11_sem_laplace/graphs/golden__v20_a30_g23.json,/home/mathis/Documents/Travail/cbnsl_benchmark/scaling/../scaling/results/2026-03-30_20h11_sem_laplace/graphs/GHC+BDeu__v20_a30_g23_s200.json,,0.05213599099806743,19.0,20.0,0.5,0.8620689655172413,0.6875,0.8333333333333334
sem_laplace,NOTEARS,"{""lambda1"": 0.0, ""w_threshold_notears"": 0.1}",20,30,200,23,/home/mathis/Documents/Travail/cbnsl_benchmark/scaling/../scaling/results/2026-03-30_20h11_sem_laplace/graphs/golden__v20_a30_g23.json,/home/mathis/Documents/Travail/cbnsl_benchmark/scaling/../scaling/results/2026-03-30_20h11_sem_laplace/graphs/NOTEARS__v20_a30_g23_s200.json,,8.050948604999576,55.0,66.0,0.4660194174757282,0.537037037037037,0.96,0.9666666666666667
sem_laplace,NOTEARS Disc.,"{""lambda1"": 0.3, ""w_threshold_notears"": 0.1, ""n_bins"": 6, ""discretization_method"": ""hartemink"", ""initial_bins"": 20}",20,30,200,23,/home/mathis/Documents/Travail/cbnsl_benchmark/scaling/../scaling/results/2026-03-30_20h11_sem_laplace/graphs/golden__v20_a30_g23.json,/home/mathis/Documents/Travail/cbnsl_benchmark/scaling/../scaling/results/2026-03-30_20h11_sem_laplace/graphs/NOTEARS Disc.__v20_a30_g23_s200.json,,26.866496335998818,20.0,14.0,0.5306122448979592,0.8749999999999999,0.8666666666666667,0.9333333333333333
sem_laplace,LiNGAM,"{""threshold_lingam"": 0.01}",20,30,200,23,/home/mathis/Documents/Travail/cbnsl_benchmark/scaling/../scaling/results/2026-03-30_20h11_sem_laplace/graphs/golden__v20_a30_g23.json,/home/mathis/Documents/Travail/cbnsl_benchmark/scaling/../scaling/results/2026-03-30_20h11_sem_laplace/graphs/LiNGAM__v20_a30_g23_s200.json,,1.2636507269999129,14.0,25.0,0.7462686567164178,0.8333333333333333,1.0,1.0
sem_laplace,CPC,"{""alpha"": 0.01, ""max_conditioning_set_size"": 2}",20,30,500,23,/home/mathis/Documents/Travail/cbnsl_benchmark/scaling/../scaling/results/2026-03-30_20h11_sem_laplace/graphs/golden__v20_a30_g23.json,/home/mathis/Documents/Travail/cbnsl_benchmark/scaling/../scaling/results/2026-03-30_20h11_sem_laplace/graphs/CPC__v20_a30_g23_s500.json,,0.4870676589998766,28.0,28.0,0.06451612903225806,0.5,0.047619047619047616,0.3333333333333333
sem_laplace,CMIIC,"{""alpha"": 0.01}",20,30,500,23,/home/mathis/Documents/Travail/cbnsl_benchmark/scaling/../scaling/results/2026-03-30_20h11_sem_laplace/graphs/golden__v20_a30_g23.json,/home/mathis/Documents/Travail/cbnsl_benchmark/scaling/../scaling/results/2026-03-30_20h11_sem_laplace/graphs/CMIIC__v20_a30_g23_s500.json,,26.189607680003974,36.0,42.0,0.5263157894736843,0.6823529411764705,0.9523809523809523,0.9666666666666667
sem_laplace,MIIC,"{""n_bins"": 2, ""discretization_method"": ""quantile""}",20,30,500,23,/home/mathis/Documents/Travail/cbnsl_benchmark/scaling/../scaling/results/2026-03-30_20h11_sem_laplace/graphs/golden__v20_a30_g23.json,/home/mathis/Documents/Travail/cbnsl_benchmark/scaling/../scaling/results/2026-03-30_20h11_sem_laplace/graphs/MIIC__v20_a30_g23_s500.json,,0.12806586299848277,23.0,22.0,0.5416666666666666,0.8333333333333334,0.7222222222222222,0.8333333333333334
sem_laplace,GHC+BDeu,"{""n_bins"": 2, ""discretization_method"": ""quantile""}",20,30,500,23,/home/mathis/Documents/Travail/cbnsl_benchmark/scaling/../scaling/results/2026-03-30_20h11_sem_laplace/graphs/golden__v20_a30_g23.json,/home/mathis/Documents/Travail/cbnsl_benchmark/scaling/../scaling/results/2026-03-30_20h11_sem_laplace/graphs/GHC+BDeu__v20_a30_g23_s500.json,,0.07742817300459137,22.0,28.0,0.4680851063829787,0.819672131147541,0.6875,0.8333333333333334
sem_laplace,NOTEARS,"{""lambda1"": 0.0, ""w_threshold_notears"": 0.1}",20,30,500,23,/home/mathis/Documents/Travail/cbnsl_benchmark/scaling/../scaling/results/2026-03-30_20h11_sem_laplace/graphs/golden__v20_a30_g23.json,/home/mathis/Documents/Travail/cbnsl_benchmark/scaling/../scaling/results/2026-03-30_20h11_sem_laplace/graphs/NOTEARS__v20_a30_g23_s500.json,,12.158132548996946,16.0,32.0,0.7714285714285715,0.8219178082191781,1.0,1.0
sem_laplace,NOTEARS Disc.,"{""lambda1"": 0.3, ""w_threshold_notears"": 0.1, ""n_bins"": 6, ""discretization_method"": ""hartemink"", ""initial_bins"": 20}",20,30,500,23,/home/mathis/Documents/Travail/cbnsl_benchmark/scaling/../scaling/results/2026-03-30_20h11_sem_laplace/graphs/golden__v20_a30_g23.json,/home/mathis/Documents/Travail/cbnsl_benchmark/scaling/../scaling/results/2026-03-30_20h11_sem_laplace/graphs/NOTEARS Disc.__v20_a30_g23_s500.json,,42.334566370001994,15.0,21.0,0.6086956521739131,0.896551724137931,0.7777777777777778,0.8666666666666667
sem_laplace,LiNGAM,"{""threshold_lingam"": 0.01}",20,30,500,23,/home/mathis/Documents/Travail/cbnsl_benchmark/scaling/../scaling/results/2026-03-30_20h11_sem_laplace/graphs/golden__v20_a30_g23.json,/home/mathis/Documents/Travail/cbnsl_benchmark/scaling/../scaling/results/2026-03-30_20h11_sem_laplace/graphs/LiNGAM__v20_a30_g23_s500.json,,1.350905925995903,0.0,0.0,0.9473684210526316,1.0,1.0,1.0
sem_laplace,CPC,"{""alpha"": 0.01, ""max_conditioning_set_size"": 2}",20,30,1000,23,/home/mathis/Documents/Travail/cbnsl_benchmark/scaling/../scaling/results/2026-03-30_20h11_sem_laplace/graphs/golden__v20_a30_g23.json,/home/mathis/Documents/Travail/cbnsl_benchmark/scaling/../scaling/results/2026-03-30_20h11_sem_laplace/graphs/CPC__v20_a30_g23_s1000.json,,2.554044854005042,24.0,25.0,0.4210526315789474,0.7499999999999999,0.4,0.6
sem_laplace,CMIIC,"{""alpha"": 0.01}",20,30,1000,23,/home/mathis/Documents/Travail/cbnsl_benchmark/scaling/../scaling/results/2026-03-30_20h11_sem_laplace/graphs/golden__v20_a30_g23.json,/home/mathis/Documents/Travail/cbnsl_benchmark/scaling/../scaling/results/2026-03-30_20h11_sem_laplace/graphs/CMIIC__v20_a30_g23_s1000.json,,67.54805832100101,27.0,34.0,0.6060606060606061,0.7733333333333334,0.9523809523809523,0.9666666666666667
sem_laplace,MIIC,"{""n_bins"": 2, ""discretization_method"": ""quantile""}",20,30,1000,23,/home/mathis/Documents/Travail/cbnsl_benchmark/scaling/../scaling/results/2026-03-30_20h11_sem_laplace/graphs/golden__v20_a30_g23.json,/home/mathis/Documents/Travail/cbnsl_benchmark/scaling/../scaling/results/2026-03-30_20h11_sem_laplace/graphs/MIIC__v20_a30_g23_s1000.json,,0.18753092900442425,24.0,24.0,0.5217391304347827,0.8666666666666667,0.75,0.8666666666666667
sem_laplace,GHC+BDeu,"{""n_bins"": 2, ""discretization_method"": ""quantile""}",20,30,1000,23,/home/mathis/Documents/Travail/cbnsl_benchmark/scaling/../scaling/results/2026-03-30_20h11_sem_laplace/graphs/golden__v20_a30_g23.json,/home/mathis/Documents/Travail/cbnsl_benchmark/scaling/../scaling/results/2026-03-30_20h11_sem_laplace/graphs/GHC+BDeu__v20_a30_g23_s1000.json,,0.11804530500376131,20.0,27.0,0.5217391304347825,0.9032258064516129,0.8571428571428571,0.9333333333333333
sem_laplace,NOTEARS,"{""lambda1"": 0.0, ""w_threshold_notears"": 0.1}",20,30,1000,23,/home/mathis/Documents/Travail/cbnsl_benchmark/scaling/../scaling/results/2026-03-30_20h11_sem_laplace/graphs/golden__v20_a30_g23.json,/home/mathis/Documents/Travail/cbnsl_benchmark/scaling/../scaling/results/2026-03-30_20h11_sem_laplace/graphs/NOTEARS__v20_a30_g23_s1000.json,,13.816518757994345,10.0,16.0,0.7868852459016393,0.8955223880597014,1.0,1.0
sem_laplace,NOTEARS Disc.,"{""lambda1"": 0.3, ""w_threshold_notears"": 0.1, ""n_bins"": 6, ""discretization_method"": ""hartemink"", ""initial_bins"": 20}",20,30,1000,23,/home/mathis/Documents/Travail/cbnsl_benchmark/scaling/../scaling/results/2026-03-30_20h11_sem_laplace/graphs/golden__v20_a30_g23.json,/home/mathis/Documents/Travail/cbnsl_benchmark/scaling/../scaling/results/2026-03-30_20h11_sem_laplace/graphs/NOTEARS Disc.__v20_a30_g23_s1000.json,,66.74952591100009,11.0,20.0,0.7083333333333333,0.9491525423728815,0.8947368421052632,0.9333333333333333
sem_laplace,LiNGAM,"{""threshold_lingam"": 0.01}",20,30,1000,23,/home/mathis/Documents/Travail/cbnsl_benchmark/scaling/../scaling/results/2026-03-30_20h11_sem_laplace/graphs/golden__v20_a30_g23.json,/home/mathis/Documents/Travail/cbnsl_benchmark/scaling/../scaling/results/2026-03-30_20h11_sem_laplace/graphs/LiNGAM__v20_a30_g23_s1000.json,,1.7563655359990662,0.0,0.0,0.9473684210526316,1.0,1.0,1.0
sem_laplace,CPC,"{""alpha"": 0.01, ""max_conditioning_set_size"": 2}",20,30,3000,23,/home/mathis/Documents/Travail/cbnsl_benchmark/scaling/../scaling/results/2026-03-30_20h11_sem_laplace/graphs/golden__v20_a30_g23.json,/home/mathis/Documents/Travail/cbnsl_benchmark/scaling/../scaling/results/2026-03-30_20h11_sem_laplace/graphs/CPC__v20_a30_g23_s3000.json,,36.24249444599991,22.0,20.0,0.5333333333333333,0.8813559322033899,0.75,0.8666666666666667
sem_laplace,CMIIC,"{""alpha"": 0.01}",20,30,3000,23,/home/mathis/Documents/Travail/cbnsl_benchmark/scaling/../scaling/results/2026-03-30_20h11_sem_laplace/graphs/golden__v20_a30_g23.json,/home/mathis/Documents/Travail/cbnsl_benchmark/scaling/../scaling/results/2026-03-30_20h11_sem_laplace/graphs/CMIIC__v20_a30_g23_s3000.json,,194.4582675499987,19.0,25.0,0.6153846153846153,0.8749999999999999,0.8888888888888888,0.9333333333333333
sem_laplace,MIIC,"{""n_bins"": 2, ""discretization_method"": ""quantile""}",20,30,3000,23,/home/mathis/Documents/Travail/cbnsl_benchmark/scaling/../scaling/results/2026-03-30_20h11_sem_laplace/graphs/golden__v20_a30_g23.json,/home/mathis/Documents/Travail/cbnsl_benchmark/scaling/../scaling/results/2026-03-30_20h11_sem_laplace/graphs/MIIC__v20_a30_g23_s3000.json,,1.1055317369973636,16.0,28.0,0.7540983606557377,0.8656716417910447,0.9583333333333334,0.9666666666666667
sem_laplace,GHC+BDeu,"{""n_bins"": 2, ""discretization_method"": ""quantile""}",20,30,3000,23,/home/mathis/Documents/Travail/cbnsl_benchmark/scaling/../scaling/results/2026-03-30_20h11_sem_laplace/graphs/golden__v20_a30_g23.json,/home/mathis/Documents/Travail/cbnsl_benchmark/scaling/../scaling/results/2026-03-30_20h11_sem_laplace/graphs/GHC+BDeu__v20_a30_g23_s3000.json,,0.39382512000156567,21.0,28.0,0.6440677966101696,0.8235294117647058,0.9047619047619048,0.9333333333333333
sem_laplace,NOTEARS,"{""lambda1"": 0.0, ""w_threshold_notears"": 0.1}",20,30,3000,23,/home/mathis/Documents/Travail/cbnsl_benchmark/scaling/../scaling/results/2026-03-30_20h11_sem_laplace/graphs/golden__v20_a30_g23.json,/home/mathis/Documents/Travail/cbnsl_benchmark/scaling/../scaling/results/2026-03-30_20h11_sem_laplace/graphs/NOTEARS__v20_a30_g23_s3000.json,,37.874062722003146,1.0,2.0,0.9310344827586207,0.9836065573770492,1.0,1.0
sem_laplace,NOTEARS Disc.,"{""lambda1"": 0.3, ""w_threshold_notears"": 0.1, ""n_bins"": 6, ""discretization_method"": ""hartemink"", ""initial_bins"": 20}",20,30,3000,23,/home/mathis/Documents/Travail/cbnsl_benchmark/scaling/../scaling/results/2026-03-30_20h11_sem_laplace/graphs/golden__v20_a30_g23.json,/home/mathis/Documents/Travail/cbnsl_benchmark/scaling/../scaling/results/2026-03-30_20h11_sem_laplace/graphs/NOTEARS Disc.__v20_a30_g23_s3000.json,,166.10847096100042,15.0,22.0,0.5909090909090909,0.912280701754386,0.7647058823529411,0.8666666666666667
sem_laplace,LiNGAM,"{""threshold_lingam"": 0.01}",20,30,3000,23,/home/mathis/Documents/Travail/cbnsl_benchmark/scaling/../scaling/results/2026-03-30_20h11_sem_laplace/graphs/golden__v20_a30_g23.json,/home/mathis/Documents/Travail/cbnsl_benchmark/scaling/../scaling/results/2026-03-30_20h11_sem_laplace/graphs/LiNGAM__v20_a30_g23_s3000.json,,2.8142743249991327,0.0,0.0,0.9473684210526316,1.0,1.0,1.0
sem_laplace,CPC,"{""alpha"": 0.01, ""max_conditioning_set_size"": 2}",20,30,5000,23,/home/mathis/Documents/Travail/cbnsl_benchmark/scaling/../scaling/results/2026-03-30_20h11_sem_laplace/graphs/golden__v20_a30_g23.json,/home/mathis/Documents/Travail/cbnsl_benchmark/scaling/../scaling/results/2026-03-30_20h11_sem_laplace/graphs/CPC__v20_a30_g23_s5000.json,,113.18600093299756,25.0,20.0,0.48888888888888893,0.8852459016393444,0.7857142857142857,0.9
sem_laplace,CMIIC,"{""alpha"": 0.01}",20,30,5000,23,/home/mathis/Documents/Travail/cbnsl_benchmark/scaling/../scaling/results/2026-03-30_20h11_sem_laplace/graphs/golden__v20_a30_g23.json,/home/mathis/Documents/Travail/cbnsl_benchmark/scaling/../scaling/results/2026-03-30_20h11_sem_laplace/graphs/CMIIC__v20_a30_g23_s5000.json,,694.8882859869991,11.0,28.0,0.7586206896551724,0.8923076923076922,0.9565217391304348,0.9666666666666667
sem_laplace,MIIC,"{""n_bins"": 2, ""discretization_method"": ""quantile""}",20,30,5000,23,/home/mathis/Documents/Travail/cbnsl_benchmark/scaling/../scaling/results/2026-03-30_20h11_sem_laplace/graphs/golden__v20_a30_g23.json,/home/mathis/Documents/Travail/cbnsl_benchmark/scaling/../scaling/results/2026-03-30_20h11_sem_laplace/graphs/MIIC__v20_a30_g23_s5000.json,,2.2241382760039414,16.0,22.0,0.7457627118644068,0.8615384615384616,0.9166666666666666,0.9333333333333333
sem_laplace,GHC+BDeu,"{""n_bins"": 2, ""discretization_method"": ""quantile""}",20,30,5000,23,/home/mathis/Documents/Travail/cbnsl_benchmark/scaling/../scaling/results/2026-03-30_20h11_sem_laplace/graphs/golden__v20_a30_g23.json,/home/mathis/Documents/Travail/cbnsl_benchmark/scaling/../scaling/results/2026-03-30_20h11_sem_laplace/graphs/GHC+BDeu__v20_a30_g23_s5000.json,,0.7513027000022703,27.0,35.0,0.6153846153846153,0.7837837837837838,0.9523809523809523,0.9666666666666667
sem_laplace,NOTEARS,"{""lambda1"": 0.0, ""w_threshold_notears"": 0.1}",20,30,5000,23,/home/mathis/Documents/Travail/cbnsl_benchmark/scaling/../scaling/results/2026-03-30_20h11_sem_laplace/graphs/golden__v20_a30_g23.json,/home/mathis/Documents/Travail/cbnsl_benchmark/scaling/../scaling/results/2026-03-30_20h11_sem_laplace/graphs/NOTEARS__v20_a30_g23_s5000.json,,45.92461358199944,28.0,32.0,0.626865671641791,0.7894736842105263,1.0,1.0
sem_laplace,NOTEARS Disc.,"{""lambda1"": 0.3, ""w_threshold_notears"": 0.1, ""n_bins"": 6, ""discretization_method"": ""hartemink"", ""initial_bins"": 20}",20,30,5000,23,/home/mathis/Documents/Travail/cbnsl_benchmark/scaling/../scaling/results/2026-03-30_20h11_sem_laplace/graphs/golden__v20_a30_g23.json,/home/mathis/Documents/Travail/cbnsl_benchmark/scaling/../scaling/results/2026-03-30_20h11_sem_laplace/graphs/NOTEARS Disc.__v20_a30_g23_s5000.json,,237.30754208599683,8.0,18.0,0.7755102040816326,0.9655172413793104,0.9047619047619048,0.9333333333333333
sem_laplace,LiNGAM,"{""threshold_lingam"": 0.01}",20,30,5000,23,/home/mathis/Documents/Travail/cbnsl_benchmark/scaling/../scaling/results/2026-03-30_20h11_sem_laplace/graphs/golden__v20_a30_g23.json,/home/mathis/Documents/Travail/cbnsl_benchmark/scaling/../scaling/results/2026-03-30_20h11_sem_laplace/graphs/LiNGAM__v20_a30_g23_s5000.json,,3.86896835299558,0.0,0.0,0.9473684210526316,1.0,1.0,1.0
sem_laplace,CPC,"{""alpha"": 0.01, ""max_conditioning_set_size"": 2}",20,30,200,24,/home/mathis/Documents/Travail/cbnsl_benchmark/scaling/../scaling/results/2026-03-30_20h11_sem_laplace/graphs/golden__v20_a30_g24.json,/home/mathis/Documents/Travail/cbnsl_benchmark/scaling/../scaling/results/2026-03-30_20h11_sem_laplace/graphs/CPC__v20_a30_g24_s200.json,,0.07617825300258119,25.0,24.0,0.19354838709677416,0.5263157894736842,0.14285714285714285,0.35714285714285715
sem_laplace,CMIIC,"{""alpha"": 0.01}",20,30,200,24,/home/mathis/Documents/Travail/cbnsl_benchmark/scaling/../scaling/results/2026-03-30_20h11_sem_laplace/graphs/golden__v20_a30_g24.json,/home/mathis/Documents/Travail/cbnsl_benchmark/scaling/../scaling/results/2026-03-30_20h11_sem_laplace/graphs/CMIIC__v20_a30_g24_s200.json,,9.850122964999173,99.0,99.0,0.21138211382113822,0.4057971014492754,1.0,1.0
sem_laplace,MIIC,"{""n_bins"": 2, ""discretization_method"": ""quantile""}",20,30,200,24,/home/mathis/Documents/Travail/cbnsl_benchmark/scaling/../scaling/results/2026-03-30_20h11_sem_laplace/graphs/golden__v20_a30_g24.json,/home/mathis/Documents/Travail/cbnsl_benchmark/scaling/../scaling/results/2026-03-30_20h11_sem_laplace/graphs/MIIC__v20_a30_g24_s200.json,,0.061794517998350784,24.0,29.0,0.5217391304347826,0.7407407407407408,0.6,0.7142857142857143
sem_laplace,GHC+BDeu,"{""n_bins"": 2, ""discretization_method"": ""quantile""}",20,30,200,24,/home/mathis/Documents/Travail/cbnsl_benchmark/scaling/../scaling/results/2026-03-30_20h11_sem_laplace/graphs/golden__v20_a30_g24.json,/home/mathis/Documents/Travail/cbnsl_benchmark/scaling/../scaling/results/2026-03-30_20h11_sem_laplace/graphs/GHC+BDeu__v20_a30_g24_s200.json,,0.05532443699485157,22.0,22.0,0.5333333333333332,0.7547169811320756,0.6,0.7142857142857143
sem_laplace,NOTEARS,"{""lambda1"": 0.0, ""w_threshold_notears"": 0.1}",20,30,200,24,/home/mathis/Documents/Travail/cbnsl_benchmark/scaling/../scaling/results/2026-03-30_20h11_sem_laplace/graphs/golden__v20_a30_g24.json,/home/mathis/Documents/Travail/cbnsl_benchmark/scaling/../scaling/results/2026-03-30_20h11_sem_laplace/graphs/NOTEARS__v20_a30_g24_s200.json,,7.622306856996147,45.0,61.0,0.48888888888888893,0.5833333333333334,1.0,1.0
sem_laplace,NOTEARS Disc.,"{""lambda1"": 0.3, ""w_threshold_notears"": 0.1, ""n_bins"": 6, ""discretization_method"": ""hartemink"", ""initial_bins"": 20}",20,30,200,24,/home/mathis/Documents/Travail/cbnsl_benchmark/scaling/../scaling/results/2026-03-30_20h11_sem_laplace/graphs/golden__v20_a30_g24.json,/home/mathis/Documents/Travail/cbnsl_benchmark/scaling/../scaling/results/2026-03-30_20h11_sem_laplace/graphs/NOTEARS Disc.__v20_a30_g24_s200.json,,28.408122270993772,14.0,14.0,0.6818181818181818,0.9259259259259259,0.8333333333333334,0.8928571428571429
sem_laplace,LiNGAM,"{""threshold_lingam"": 0.01}",20,30,200,24,/home/mathis/Documents/Travail/cbnsl_benchmark/scaling/../scaling/results/2026-03-30_20h11_sem_laplace/graphs/golden__v20_a30_g24.json,/home/mathis/Documents/Travail/cbnsl_benchmark/scaling/../scaling/results/2026-03-30_20h11_sem_laplace/graphs/LiNGAM__v20_a30_g24_s200.json,,1.172074239999347,9.0,21.0,0.896551724137931,0.9333333333333333,1.0,1.0
sem_laplace,CPC,"{""alpha"": 0.01, ""max_conditioning_set_size"": 2}",20,30,500,24,/home/mathis/Documents/Travail/cbnsl_benchmark/scaling/../scaling/results/2026-03-30_20h11_sem_laplace/graphs/golden__v20_a30_g24.json,/home/mathis/Documents/Travail/cbnsl_benchmark/scaling/../scaling/results/2026-03-30_20h11_sem_laplace/graphs/CPC__v20_a30_g24_s500.json,,0.36193156999797793,23.0,22.0,0.303030303030303,0.6976744186046512,0.2777777777777778,0.5357142857142857
sem_laplace,CMIIC,"{""alpha"": 0.01}",20,30,500,24,/home/mathis/Documents/Travail/cbnsl_benchmark/scaling/../scaling/results/2026-03-30_20h11_sem_laplace/graphs/golden__v20_a30_g24.json,/home/mathis/Documents/Travail/cbnsl_benchmark/scaling/../scaling/results/2026-03-30_20h11_sem_laplace/graphs/CMIIC__v20_a30_g24_s500.json,,22.75210190499638,58.0,73.0,0.45544554455445546,0.5283018867924528,1.0,1.0
sem_laplace,MIIC,"{""n_bins"": 2, ""discretization_method"": ""quantile""}",20,30,500,24,/home/mathis/Documents/Travail/cbnsl_benchmark/scaling/../scaling/results/2026-03-30_20h11_sem_laplace/graphs/golden__v20_a30_g24.json,/home/mathis/Documents/Travail/cbnsl_benchmark/scaling/../scaling/results/2026-03-30_20h11_sem_laplace/graphs/MIIC__v20_a30_g24_s500.json,,0.10937923599703936,10.0,16.0,0.75,0.9090909090909091,0.8571428571428571,0.8928571428571429
sem_laplace,GHC+BDeu,"{""n_bins"": 2, ""discretization_method"": ""quantile""}",20,30,500,24,/home/mathis/Documents/Travail/cbnsl_benchmark/scaling/../scaling/results/2026-03-30_20h11_sem_laplace/graphs/golden__v20_a30_g24.json,/home/mathis/Documents/Travail/cbnsl_benchmark/scaling/../scaling/results/2026-03-30_20h11_sem_laplace/graphs/GHC+BDeu__v20_a30_g24_s500.json,,0.07570867000322323,23.0,19.0,0.3684210526315789,0.830188679245283,0.5384615384615384,0.7857142857142857
sem_laplace,NOTEARS,"{""lambda1"": 0.0, ""w_threshold_notears"": 0.1}",20,30,500,24,/home/mathis/Documents/Travail/cbnsl_benchmark/scaling/../scaling/results/2026-03-30_20h11_sem_laplace/graphs/golden__v20_a30_g24.json,/home/mathis/Documents/Travail/cbnsl_benchmark/scaling/../scaling/results/2026-03-30_20h11_sem_laplace/graphs/NOTEARS__v20_a30_g24_s500.json,,10.066033172995958,19.0,30.0,0.5901639344262295,0.7887323943661972,1.0,1.0
sem_laplace,NOTEARS Disc.,"{""lambda1"": 0.3, ""w_threshold_notears"": 0.1, ""n_bins"": 6, ""discretization_method"": ""hartemink"", ""initial_bins"": 20}",20,30,500,24,/home/mathis/Documents/Travail/cbnsl_benchmark/scaling/../scaling/results/2026-03-30_20h11_sem_laplace/graphs/golden__v20_a30_g24.json,,[pyAgrum] Directed cycle detected: Add a directed cycle in a dag !,,,,,,,
sem_laplace,LiNGAM,"{""threshold_lingam"": 0.01}",20,30,500,24,/home/mathis/Documents/Travail/cbnsl_benchmark/scaling/../scaling/results/2026-03-30_20h11_sem_laplace/graphs/golden__v20_a30_g24.json,/home/mathis/Documents/Travail/cbnsl_benchmark/scaling/../scaling/results/2026-03-30_20h11_sem_laplace/graphs/LiNGAM__v20_a30_g24_s500.json,,1.268078063003486,1.0,20.0,0.8627450980392156,0.9824561403508771,1.0,1.0
sem_laplace,CPC,"{""alpha"": 0.01, ""max_conditioning_set_size"": 2}",20,30,1000,24,/home/mathis/Documents/Travail/cbnsl_benchmark/scaling/../scaling/results/2026-03-30_20h11_sem_laplace/graphs/golden__v20_a30_g24.json,/home/mathis/Documents/Travail/cbnsl_benchmark/scaling/../scaling/results/2026-03-30_20h11_sem_laplace/graphs/CPC__v20_a30_g24_s1000.json,,1.511959953000769,19.0,20.0,0.4864864864864865,0.782608695652174,0.47368421052631576,0.6428571428571429
sem_laplace,CMIIC,"{""alpha"": 0.01}",20,30,1000,24,/home/mathis/Documents/Travail/cbnsl_benchmark/scaling/../scaling/results/2026-03-30_20h11_sem_laplace/graphs/golden__v20_a30_g24.json,/home/mathis/Documents/Travail/cbnsl_benchmark/scaling/../scaling/results/2026-03-30_20h11_sem_laplace/graphs/CMIIC__v20_a30_g24_s1000.json,,85.59941863499989,35.0,47.0,0.5,0.6829268292682926,1.0,1.0
sem_laplace,MIIC,"{""n_bins"": 2, ""discretization_method"": ""quantile""}",20,30,1000,24,/home/mathis/Documents/Travail/cbnsl_benchmark/scaling/../scaling/results/2026-03-30_20h11_sem_laplace/graphs/golden__v20_a30_g24.json,/home/mathis/Documents/Travail/cbnsl_benchmark/scaling/../scaling/results/2026-03-30_20h11_sem_laplace/graphs/MIIC__v20_a30_g24_s1000.json,,0.16752833200007444,16.0,22.0,0.7200000000000001,0.896551724137931,0.9,0.9285714285714286
sem_laplace,GHC+BDeu,"{""n_bins"": 2, ""discretization_method"": ""quantile""}",20,30,1000,24,/home/mathis/Documents/Travail/cbnsl_benchmark/scaling/../scaling/results/2026-03-30_20h11_sem_laplace/graphs/golden__v20_a30_g24.json,/home/mathis/Documents/Travail/cbnsl_benchmark/scaling/../scaling/results/2026-03-30_20h11_sem_laplace/graphs/GHC+BDeu__v20_a30_g24_s1000.json,,0.12094171900389483,22.0,18.0,0.5333333333333333,0.8421052631578947,0.75,0.8571428571428571
sem_laplace,NOTEARS,"{""lambda1"": 0.0, ""w_threshold_notears"": 0.1}",20,30,1000,24,/home/mathis/Documents/Travail/cbnsl_benchmark/scaling/../scaling/results/2026-03-30_20h11_sem_laplace/graphs/golden__v20_a30_g24.json,/home/mathis/Documents/Travail/cbnsl_benchmark/scaling/../scaling/results/2026-03-30_20h11_sem_laplace/graphs/NOTEARS__v20_a30_g24_s1000.json,,14.03174207900156,12.0,28.0,0.6666666666666666,0.8750000000000001,1.0,1.0
sem_laplace,NOTEARS Disc.,"{""lambda1"": 0.3, ""w_threshold_notears"": 0.1, ""n_bins"": 6, ""discretization_method"": ""hartemink"", ""initial_bins"": 20}",20,30,1000,24,/home/mathis/Documents/Travail/cbnsl_benchmark/scaling/../scaling/results/2026-03-30_20h11_sem_laplace/graphs/golden__v20_a30_g24.json,/home/mathis/Documents/Travail/cbnsl_benchmark/scaling/../scaling/results/2026-03-30_20h11_sem_laplace/graphs/NOTEARS Disc.__v20_a30_g24_s1000.json,,63.584951570002886,12.0,14.0,0.7916666666666666,0.9259259259259259,0.8636363636363636,0.8928571428571429
sem_laplace,LiNGAM,"{""threshold_lingam"": 0.01}",20,30,1000,24,/home/mathis/Documents/Travail/cbnsl_benchmark/scaling/../scaling/results/2026-03-30_20h11_sem_laplace/graphs/golden__v20_a30_g24.json,/home/mathis/Documents/Travail/cbnsl_benchmark/scaling/../scaling/results/2026-03-30_20h11_sem_laplace/graphs/LiNGAM__v20_a30_g24_s1000.json,,1.4923164700012421,0.0,19.0,0.88,1.0,1.0,1.0
sem_laplace,CPC,"{""alpha"": 0.01, ""max_conditioning_set_size"": 2}",20,30,3000,24,/home/mathis/Documents/Travail/cbnsl_benchmark/scaling/../scaling/results/2026-03-30_20h11_sem_laplace/graphs/golden__v20_a30_g24.json,/home/mathis/Documents/Travail/cbnsl_benchmark/scaling/../scaling/results/2026-03-30_20h11_sem_laplace/graphs/CPC__v20_a30_g24_s3000.json,,19.7310571870039,23.0,18.0,0.43243243243243246,0.9259259259259259,0.7272727272727273,0.8928571428571429
sem_laplace,CMIIC,"{""alpha"": 0.01}",20,30,3000,24,/home/mathis/Documents/Travail/cbnsl_benchmark/scaling/../scaling/results/2026-03-30_20h11_sem_laplace/graphs/golden__v20_a30_g24.json,/home/mathis/Documents/Travail/cbnsl_benchmark/scaling/../scaling/results/2026-03-30_20h11_sem_laplace/graphs/CMIIC__v20_a30_g24_s3000.json,,114.3680710769986,4.0,22.0,0.7999999999999999,0.9473684210526316,0.9523809523809523,0.9642857142857143
sem_laplace,MIIC,"{""n_bins"": 2, ""discretization_method"": ""quantile""}",20,30,3000,24,/home/mathis/Documents/Travail/cbnsl_benchmark/scaling/../scaling/results/2026-03-30_20h11_sem_laplace/graphs/golden__v20_a30_g24.json,/home/mathis/Documents/Travail/cbnsl_benchmark/scaling/../scaling/results/2026-03-30_20h11_sem_laplace/graphs/MIIC__v20_a30_g24_s3000.json,,0.8576549869976589,14.0,24.0,0.7924528301886793,0.896551724137931,0.9130434782608695,0.9285714285714286
sem_laplace,GHC+BDeu,"{""n_bins"": 2, ""discretization_method"": ""quantile""}",20,30,3000,24,/home/mathis/Documents/Travail/cbnsl_benchmark/scaling/../scaling/results/2026-03-30_20h11_sem_laplace/graphs/golden__v20_a30_g24.json,/home/mathis/Documents/Travail/cbnsl_benchmark/scaling/../scaling/results/2026-03-30_20h11_sem_laplace/graphs/GHC+BDeu__v20_a30_g24_s3000.json,,0.3877815309970174,25.0,28.0,0.4255319148936171,0.8437499999999999,0.9090909090909091,0.9642857142857143
sem_laplace,NOTEARS,"{""lambda1"": 0.0, ""w_threshold_notears"": 0.1}",20,30,3000,24,/home/mathis/Documents/Travail/cbnsl_benchmark/scaling/../scaling/results/2026-03-30_20h11_sem_laplace/graphs/golden__v20_a30_g24.json,/home/mathis/Documents/Travail/cbnsl_benchmark/scaling/../scaling/results/2026-03-30_20h11_sem_laplace/graphs/NOTEARS__v20_a30_g24_s3000.json,,27.97765956600051,4.0,0.0,0.9433962264150945,1.0,1.0,1.0
sem_laplace,NOTEARS Disc.,"{""lambda1"": 0.3, ""w_threshold_notears"": 0.1, ""n_bins"": 6, ""discretization_method"": ""hartemink"", ""initial_bins"": 20}",20,30,3000,24,/home/mathis/Documents/Travail/cbnsl_benchmark/scaling/../scaling/results/2026-03-30_20h11_sem_laplace/graphs/golden__v20_a30_g24.json,/home/mathis/Documents/Travail/cbnsl_benchmark/scaling/../scaling/results/2026-03-30_20h11_sem_laplace/graphs/NOTEARS Disc.__v20_a30_g24_s3000.json,,143.059868585995,6.0,12.0,0.9230769230769231,0.962962962962963,0.9230769230769231,0.9285714285714286
sem_laplace,LiNGAM,"{""threshold_lingam"": 0.01}",20,30,3000,24,/home/mathis/Documents/Travail/cbnsl_benchmark/scaling/../scaling/results/2026-03-30_20h11_sem_laplace/graphs/golden__v20_a30_g24.json,/home/mathis/Documents/Travail/cbnsl_benchmark/scaling/../scaling/results/2026-03-30_20h11_sem_laplace/graphs/LiNGAM__v20_a30_g24_s3000.json,,2.6770438270032173,0.0,19.0,0.88,1.0,1.0,1.0
sem_laplace,CPC,"{""alpha"": 0.01, ""max_conditioning_set_size"": 2}",20,30,5000,24,/home/mathis/Documents/Travail/cbnsl_benchmark/scaling/../scaling/results/2026-03-30_20h11_sem_laplace/graphs/golden__v20_a30_g24.json,/home/mathis/Documents/Travail/cbnsl_benchmark/scaling/../scaling/results/2026-03-30_20h11_sem_laplace/graphs/CPC__v20_a30_g24_s5000.json,,61.017067408,20.0,20.0,0.5128205128205128,0.9454545454545454,0.8333333333333334,0.9285714285714286
sem_laplace,CMIIC,"{""alpha"": 0.01}",20,30,5000,24,/home/mathis/Documents/Travail/cbnsl_benchmark/scaling/../scaling/results/2026-03-30_20h11_sem_laplace/graphs/golden__v20_a30_g24.json,/home/mathis/Documents/Travail/cbnsl_benchmark/scaling/../scaling/results/2026-03-30_20h11_sem_laplace/graphs/CMIIC__v20_a30_g24_s5000.json,,188.38833873800468,9.0,12.0,0.8571428571428572,0.962962962962963,0.9130434782608695,0.9285714285714286
sem_laplace,MIIC,"{""n_bins"": 2, ""discretization_method"": ""quantile""}",20,30,5000,24,/home/mathis/Documents/Travail/cbnsl_benchmark/scaling/../scaling/results/2026-03-30_20h11_sem_laplace/graphs/golden__v20_a30_g24.json,/home/mathis/Documents/Travail/cbnsl_benchmark/scaling/../scaling/results/2026-03-30_20h11_sem_laplace/graphs/MIIC__v20_a30_g24_s5000.json,,1.5097871929974644,11.0,22.0,0.830188679245283,0.912280701754386,0.9166666666666666,0.9285714285714286
sem_laplace,GHC+BDeu,"{""n_bins"": 2, ""discretization_method"": ""quantile""}",20,30,5000,24,/home/mathis/Documents/Travail/cbnsl_benchmark/scaling/../scaling/results/2026-03-30_20h11_sem_laplace/graphs/golden__v20_a30_g24.json,/home/mathis/Documents/Travail/cbnsl_benchmark/scaling/../scaling/results/2026-03-30_20h11_sem_laplace/graphs/GHC+BDeu__v20_a30_g24_s5000.json,,0.7041797819983913,20.0,30.0,0.6,0.888888888888889,1.0,1.0
sem_laplace,NOTEARS,"{""lambda1"": 0.0, ""w_threshold_notears"": 0.1}",20,30,5000,24,/home/mathis/Documents/Travail/cbnsl_benchmark/scaling/../scaling/results/2026-03-30_20h11_sem_laplace/graphs/golden__v20_a30_g24.json,/home/mathis/Documents/Travail/cbnsl_benchmark/scaling/../scaling/results/2026-03-30_20h11_sem_laplace/graphs/NOTEARS__v20_a30_g24_s5000.json,,38.419753371003026,0.0,19.0,0.88,1.0,1.0,1.0
sem_laplace,NOTEARS Disc.,"{""lambda1"": 0.3, ""w_threshold_notears"": 0.1, ""n_bins"": 6, ""discretization_method"": ""hartemink"", ""initial_bins"": 20}",20,30,5000,24,/home/mathis/Documents/Travail/cbnsl_benchmark/scaling/../scaling/results/2026-03-30_20h11_sem_laplace/graphs/golden__v20_a30_g24.json,/home/mathis/Documents/Travail/cbnsl_benchmark/scaling/../scaling/results/2026-03-30_20h11_sem_laplace/graphs/NOTEARS Disc.__v20_a30_g24_s5000.json,,226.1718782570024,6.0,14.0,0.8571428571428572,0.9433962264150945,0.875,0.8928571428571429
sem_laplace,LiNGAM,"{""threshold_lingam"": 0.01}",20,30,5000,24,/home/mathis/Documents/Travail/cbnsl_benchmark/scaling/../scaling/results/2026-03-30_20h11_sem_laplace/graphs/golden__v20_a30_g24.json,/home/mathis/Documents/Travail/cbnsl_benchmark/scaling/../scaling/results/2026-03-30_20h11_sem_laplace/graphs/LiNGAM__v20_a30_g24_s5000.json,,3.601467134001723,0.0,19.0,0.88,1.0,1.0,1.0
sem_laplace,CPC,"{""alpha"": 0.01, ""max_conditioning_set_size"": 2}",20,30,200,25,/home/mathis/Documents/Travail/cbnsl_benchmark/scaling/../scaling/results/2026-03-30_20h11_sem_laplace/graphs/golden__v20_a30_g25.json,/home/mathis/Documents/Travail/cbnsl_benchmark/scaling/../scaling/results/2026-03-30_20h11_sem_laplace/graphs/CPC__v20_a30_g25_s200.json,,0.09692777300369926,27.0,27.0,0.18181818181818182,0.5,0.13043478260869565,0.3333333333333333
sem_laplace,CMIIC,"{""alpha"": 0.01}",20,30,200,25,/home/mathis/Documents/Travail/cbnsl_benchmark/scaling/../scaling/results/2026-03-30_20h11_sem_laplace/graphs/golden__v20_a30_g25.json,/home/mathis/Documents/Travail/cbnsl_benchmark/scaling/../scaling/results/2026-03-30_20h11_sem_laplace/graphs/CMIIC__v20_a30_g25_s200.json,,11.400479032003204,71.0,73.0,0.2553191489361702,0.5090909090909091,0.8571428571428571,0.9333333333333333
sem_laplace,MIIC,"{""n_bins"": 2, ""discretization_method"": ""quantile""}",20,30,200,25,/home/mathis/Documents/Travail/cbnsl_benchmark/scaling/../scaling/results/2026-03-30_20h11_sem_laplace/graphs/golden__v20_a30_g25.json,/home/mathis/Documents/Travail/cbnsl_benchmark/scaling/../scaling/results/2026-03-30_20h11_sem_laplace/graphs/MIIC__v20_a30_g25_s200.json,,0.07916911000211257,17.0,23.0,0.6923076923076923,0.8070175438596491,0.72,0.7666666666666667
sem_laplace,GHC+BDeu,"{""n_bins"": 2, ""discretization_method"": ""quantile""}",20,30,200,25,/home/mathis/Documents/Travail/cbnsl_benchmark/scaling/../scaling/results/2026-03-30_20h11_sem_laplace/graphs/golden__v20_a30_g25.json,/home/mathis/Documents/Travail/cbnsl_benchmark/scaling/../scaling/results/2026-03-30_20h11_sem_laplace/graphs/GHC+BDeu__v20_a30_g25_s200.json,,0.051085694001812954,27.0,31.0,0.4255319148936171,0.7457627118644068,0.5555555555555556,0.7333333333333333
sem_laplace,NOTEARS,"{""lambda1"": 0.0, ""w_threshold_notears"": 0.1}",20,30,200,25,/home/mathis/Documents/Travail/cbnsl_benchmark/scaling/../scaling/results/2026-03-30_20h11_sem_laplace/graphs/golden__v20_a30_g25.json,/home/mathis/Documents/Travail/cbnsl_benchmark/scaling/../scaling/results/2026-03-30_20h11_sem_laplace/graphs/NOTEARS__v20_a30_g25_s200.json,,6.50345591900259,60.0,72.0,0.43809523809523815,0.5357142857142857,1.0,1.0
sem_laplace,NOTEARS Disc.,"{""lambda1"": 0.3, ""w_threshold_notears"": 0.1, ""n_bins"": 6, ""discretization_method"": ""hartemink"", ""initial_bins"": 20}",20,30,200,25,/home/mathis/Documents/Travail/cbnsl_benchmark/scaling/../scaling/results/2026-03-30_20h11_sem_laplace/graphs/golden__v20_a30_g25.json,/home/mathis/Documents/Travail/cbnsl_benchmark/scaling/../scaling/results/2026-03-30_20h11_sem_laplace/graphs/NOTEARS Disc.__v20_a30_g25_s200.json,,30.22011155099608,24.0,22.0,0.5106382978723403,0.8524590163934426,0.75,0.8666666666666667
sem_laplace,LiNGAM,"{""threshold_lingam"": 0.01}",20,30,200,25,/home/mathis/Documents/Travail/cbnsl_benchmark/scaling/../scaling/results/2026-03-30_20h11_sem_laplace/graphs/golden__v20_a30_g25.json,/home/mathis/Documents/Travail/cbnsl_benchmark/scaling/../scaling/results/2026-03-30_20h11_sem_laplace/graphs/LiNGAM__v20_a30_g25_s200.json,,1.2756119219993707,12.0,24.0,0.8,0.8695652173913044,1.0,1.0
sem_laplace,CPC,"{""alpha"": 0.01, ""max_conditioning_set_size"": 2}",20,30,500,25,/home/mathis/Documents/Travail/cbnsl_benchmark/scaling/../scaling/results/2026-03-30_20h11_sem_laplace/graphs/golden__v20_a30_g25.json,/home/mathis/Documents/Travail/cbnsl_benchmark/scaling/../scaling/results/2026-03-30_20h11_sem_laplace/graphs/CPC__v20_a30_g25_s500.json,,0.7809742969984654,29.0,27.0,0.06451612903225806,0.23529411764705882,0.037037037037037035,0.13333333333333333
sem_laplace,CMIIC,"{""alpha"": 0.01}",20,30,500,25,/home/mathis/Documents/Travail/cbnsl_benchmark/scaling/../scaling/results/2026-03-30_20h11_sem_laplace/graphs/golden__v20_a30_g25.json,/home/mathis/Documents/Travail/cbnsl_benchmark/scaling/../scaling/results/2026-03-30_20h11_sem_laplace/graphs/CMIIC__v20_a30_g25_s500.json,,33.02770990999852,45.0,46.0,0.3888888888888889,0.6511627906976745,0.875,0.9333333333333333
sem_laplace,MIIC,"{""n_bins"": 2, ""discretization_method"": ""quantile""}",20,30,500,25,/home/mathis/Documents/Travail/cbnsl_benchmark/scaling/../scaling/results/2026-03-30_20h11_sem_laplace/graphs/golden__v20_a30_g25.json,/home/mathis/Documents/Travail/cbnsl_benchmark/scaling/../scaling/results/2026-03-30_20h11_sem_laplace/graphs/MIIC__v20_a30_g25_s500.json,,0.1463171439972939,12.0,20.0,0.8070175438596492,0.847457627118644,0.8214285714285714,0.8333333333333334
sem_laplace,GHC+BDeu,"{""n_bins"": 2, ""discretization_method"": ""quantile""}",20,30,500,25,/home/mathis/Documents/Travail/cbnsl_benchmark/scaling/../scaling/results/2026-03-30_20h11_sem_laplace/graphs/golden__v20_a30_g25.json,/home/mathis/Documents/Travail/cbnsl_benchmark/scaling/../scaling/results/2026-03-30_20h11_sem_laplace/graphs/GHC+BDeu__v20_a30_g25_s500.json,,0.08052223300182959,26.0,31.0,0.5098039215686274,0.8125,0.7647058823529411,0.8666666666666667
sem_laplace,NOTEARS,"{""lambda1"": 0.0, ""w_threshold_notears"": 0.1}",20,30,500,25,/home/mathis/Documents/Travail/cbnsl_benchmark/scaling/../scaling/results/2026-03-30_20h11_sem_laplace/graphs/golden__v20_a30_g25.json,/home/mathis/Documents/Travail/cbnsl_benchmark/scaling/../scaling/results/2026-03-30_20h11_sem_laplace/graphs/NOTEARS__v20_a30_g25_s500.json,,11.947432460001437,21.0,38.0,0.7368421052631579,0.7692307692307693,1.0,1.0
sem_laplace,NOTEARS Disc.,"{""lambda1"": 0.3, ""w_threshold_notears"": 0.1, ""n_bins"": 6, ""discretization_method"": ""hartemink"", ""initial_bins"": 20}",20,30,500,25,/home/mathis/Documents/Travail/cbnsl_benchmark/scaling/../scaling/results/2026-03-30_20h11_sem_laplace/graphs/golden__v20_a30_g25.json,/home/mathis/Documents/Travail/cbnsl_benchmark/scaling/../scaling/results/2026-03-30_20h11_sem_laplace/graphs/NOTEARS Disc.__v20_a30_g25_s500.json,,53.31942175600125,17.0,21.0,0.6046511627906976,0.9473684210526316,0.8125,0.9
sem_laplace,LiNGAM,"{""threshold_lingam"": 0.01}",20,30,500,25,/home/mathis/Documents/Travail/cbnsl_benchmark/scaling/../scaling/results/2026-03-30_20h11_sem_laplace/graphs/golden__v20_a30_g25.json,/home/mathis/Documents/Travail/cbnsl_benchmark/scaling/../scaling/results/2026-03-30_20h11_sem_laplace/graphs/LiNGAM__v20_a30_g25_s500.json,,1.3325026219972642,1.0,13.0,0.9666666666666666,0.9836065573770492,1.0,1.0
sem_laplace,CPC,"{""alpha"": 0.01, ""max_conditioning_set_size"": 2}",20,30,1000,25,/home/mathis/Documents/Travail/cbnsl_benchmark/scaling/../scaling/results/2026-03-30_20h11_sem_laplace/graphs/golden__v20_a30_g25.json,/home/mathis/Documents/Travail/cbnsl_benchmark/scaling/../scaling/results/2026-03-30_20h11_sem_laplace/graphs/CPC__v20_a30_g25_s1000.json,,4.264301513998362,22.0,26.0,0.3783783783783784,0.6666666666666666,0.3181818181818182,0.5
sem_laplace,CMIIC,"{""alpha"": 0.01}",20,30,1000,25,/home/mathis/Documents/Travail/cbnsl_benchmark/scaling/../scaling/results/2026-03-30_20h11_sem_laplace/graphs/golden__v20_a30_g25.json,/home/mathis/Documents/Travail/cbnsl_benchmark/scaling/../scaling/results/2026-03-30_20h11_sem_laplace/graphs/CMIIC__v20_a30_g25_s1000.json,,94.02185650799947,19.0,34.0,0.7428571428571429,0.7945205479452055,0.9629629629629629,0.9666666666666667
sem_laplace,MIIC,"{""n_bins"": 2, ""discretization_method"": ""quantile""}",20,30,1000,25,/home/mathis/Documents/Travail/cbnsl_benchmark/scaling/../scaling/results/2026-03-30_20h11_sem_laplace/graphs/golden__v20_a30_g25.json,/home/mathis/Documents/Travail/cbnsl_benchmark/scaling/../scaling/results/2026-03-30_20h11_sem_laplace/graphs/MIIC__v20_a30_g25_s1000.json,,0.2268803269980708,17.0,18.0,0.7037037037037037,0.8524590163934426,0.8260869565217391,0.8666666666666667
sem_laplace,GHC+BDeu,"{""n_bins"": 2, ""discretization_method"": ""quantile""}",20,30,1000,25,/home/mathis/Documents/Travail/cbnsl_benchmark/scaling/../scaling/results/2026-03-30_20h11_sem_laplace/graphs/golden__v20_a30_g25.json,/home/mathis/Documents/Travail/cbnsl_benchmark/scaling/../scaling/results/2026-03-30_20h11_sem_laplace/graphs/GHC+BDeu__v20_a30_g25_s1000.json,,0.11934758700226666,30.0,25.0,0.43137254901960786,0.8059701492537312,0.7857142857142857,0.9
sem_laplace,NOTEARS,"{""lambda1"": 0.0, ""w_threshold_notears"": 0.1}",20,30,1000,25,/home/mathis/Documents/Travail/cbnsl_benchmark/scaling/../scaling/results/2026-03-30_20h11_sem_laplace/graphs/golden__v20_a30_g25.json,/home/mathis/Documents/Travail/cbnsl_benchmark/scaling/../scaling/results/2026-03-30_20h11_sem_laplace/graphs/NOTEARS__v20_a30_g25_s1000.json,,26.64702165700146,17.0,31.0,0.7428571428571429,0.8108108108108109,1.0,1.0
sem_laplace,NOTEARS Disc.,"{""lambda1"": 0.3, ""w_threshold_notears"": 0.1, ""n_bins"": 6, ""discretization_method"": ""hartemink"", ""initial_bins"": 20}",20,30,1000,25,/home/mathis/Documents/Travail/cbnsl_benchmark/scaling/../scaling/results/2026-03-30_20h11_sem_laplace/graphs/golden__v20_a30_g25.json,/home/mathis/Documents/Travail/cbnsl_benchmark/scaling/../scaling/results/2026-03-30_20h11_sem_laplace/graphs/NOTEARS Disc.__v20_a30_g25_s1000.json,,91.24527461699472,14.0,23.0,0.6808510638297872,0.8928571428571429,0.7619047619047619,0.8333333333333334
sem_laplace,LiNGAM,"{""threshold_lingam"": 0.01}",20,30,1000,25,/home/mathis/Documents/Travail/cbnsl_benchmark/scaling/../scaling/results/2026-03-30_20h11_sem_laplace/graphs/golden__v20_a30_g25.json,/home/mathis/Documents/Travail/cbnsl_benchmark/scaling/../scaling/results/2026-03-30_20h11_sem_laplace/graphs/LiNGAM__v20_a30_g25_s1000.json,,1.7889075960047194,0.0,0.0,0.983050847457627,1.0,1.0,1.0
sem_laplace,CPC,"{""alpha"": 0.01, ""max_conditioning_set_size"": 2}",20,30,3000,25,/home/mathis/Documents/Travail/cbnsl_benchmark/scaling/../scaling/results/2026-03-30_20h11_sem_laplace/graphs/golden__v20_a30_g25.json,/home/mathis/Documents/Travail/cbnsl_benchmark/scaling/../scaling/results/2026-03-30_20h11_sem_laplace/graphs/CPC__v20_a30_g25_s3000.json,,54.98605237800075,26.0,25.0,0.45833333333333326,0.8253968253968254,0.7333333333333333,0.8666666666666667
sem_laplace,CMIIC,"{""alpha"": 0.01}",20,30,3000,25,/home/mathis/Documents/Travail/cbnsl_benchmark/scaling/../scaling/results/2026-03-30_20h11_sem_laplace/graphs/golden__v20_a30_g25.json,/home/mathis/Documents/Travail/cbnsl_benchmark/scaling/../scaling/results/2026-03-30_20h11_sem_laplace/graphs/CMIIC__v20_a30_g25_s3000.json,,322.02168540799903,9.0,25.0,0.8387096774193549,0.8923076923076922,0.9629629629629629,0.9666666666666667
sem_laplace,MIIC,"{""n_bins"": 2, ""discretization_method"": ""quantile""}",20,30,3000,25,/home/mathis/Documents/Travail/cbnsl_benchmark/scaling/../scaling/results/2026-03-30_20h11_sem_laplace/graphs/golden__v20_a30_g25.json,/home/mathis/Documents/Travail/cbnsl_benchmark/scaling/../scaling/results/2026-03-30_20h11_sem_laplace/graphs/MIIC__v20_a30_g25_s3000.json,,1.3654297439934453,8.0,21.0,0.8524590163934426,0.90625,0.9629629629629629,0.9666666666666667
sem_laplace,GHC+BDeu,"{""n_bins"": 2, ""discretization_method"": ""quantile""}",20,30,3000,25,/home/mathis/Documents/Travail/cbnsl_benchmark/scaling/../scaling/results/2026-03-30_20h11_sem_laplace/graphs/golden__v20_a30_g25.json,/home/mathis/Documents/Travail/cbnsl_benchmark/scaling/../scaling/results/2026-03-30_20h11_sem_laplace/graphs/GHC+BDeu__v20_a30_g25_s3000.json,,0.4054198600060772,29.0,25.0,0.4444444444444444,0.8169014084507042,0.9230769230769231,0.9666666666666667
sem_laplace,NOTEARS,"{""lambda1"": 0.0, ""w_threshold_notears"": 0.1}",20,30,3000,25,/home/mathis/Documents/Travail/cbnsl_benchmark/scaling/../scaling/results/2026-03-30_20h11_sem_laplace/graphs/golden__v20_a30_g25.json,/home/mathis/Documents/Travail/cbnsl_benchmark/scaling/../scaling/results/2026-03-30_20h11_sem_laplace/graphs/NOTEARS__v20_a30_g25_s3000.json,,40.00891861200216,7.0,23.0,0.9032258064516129,0.9375,1.0,1.0
sem_laplace,NOTEARS Disc.,"{""lambda1"": 0.3, ""w_threshold_notears"": 0.1, ""n_bins"": 6, ""discretization_method"": ""hartemink"", ""initial_bins"": 20}",20,30,3000,25,/home/mathis/Documents/Travail/cbnsl_benchmark/scaling/../scaling/results/2026-03-30_20h11_sem_laplace/graphs/golden__v20_a30_g25.json,/home/mathis/Documents/Travail/cbnsl_benchmark/scaling/../scaling/results/2026-03-30_20h11_sem_laplace/graphs/NOTEARS Disc.__v20_a30_g25_s3000.json,,171.50271897500352,18.0,18.0,0.6382978723404256,0.9152542372881356,0.8333333333333334,0.9
sem_laplace,LiNGAM,"{""threshold_lingam"": 0.01}",20,30,3000,25,/home/mathis/Documents/Travail/cbnsl_benchmark/scaling/../scaling/results/2026-03-30_20h11_sem_laplace/graphs/golden__v20_a30_g25.json,/home/mathis/Documents/Travail/cbnsl_benchmark/scaling/../scaling/results/2026-03-30_20h11_sem_laplace/graphs/LiNGAM__v20_a30_g25_s3000.json,,2.9135801209995407,0.0,0.0,0.983050847457627,1.0,1.0,1.0
sem_laplace,CPC,"{""alpha"": 0.01, ""max_conditioning_set_size"": 2}",20,30,5000,25,/home/mathis/Documents/Travail/cbnsl_benchmark/scaling/../scaling/results/2026-03-30_20h11_sem_laplace/graphs/golden__v20_a30_g25.json,/home/mathis/Documents/Travail/cbnsl_benchmark/scaling/../scaling/results/2026-03-30_20h11_sem_laplace/graphs/CPC__v20_a30_g25_s5000.json,,163.6728199470017,34.0,25.0,0.29166666666666663,0.8115942028985509,0.7777777777777778,0.9333333333333333
sem_laplace,CMIIC,"{""alpha"": 0.01}",20,30,5000,25,/home/mathis/Documents/Travail/cbnsl_benchmark/scaling/../scaling/results/2026-03-30_20h11_sem_laplace/graphs/golden__v20_a30_g25.json,/home/mathis/Documents/Travail/cbnsl_benchmark/scaling/../scaling/results/2026-03-30_20h11_sem_laplace/graphs/CMIIC__v20_a30_g25_s5000.json,,912.2912649360005,7.0,17.0,0.896551724137931,0.9508196721311476,0.9629629629629629,0.9666666666666667
sem_laplace,MIIC,"{""n_bins"": 2, ""discretization_method"": ""quantile""}",20,30,5000,25,/home/mathis/Documents/Travail/cbnsl_benchmark/scaling/../scaling/results/2026-03-30_20h11_sem_laplace/graphs/golden__v20_a30_g25.json,/home/mathis/Documents/Travail/cbnsl_benchmark/scaling/../scaling/results/2026-03-30_20h11_sem_laplace/graphs/MIIC__v20_a30_g25_s5000.json,,2.7303833449986996,10.0,26.0,0.8253968253968254,0.8787878787878789,0.9629629629629629,0.9666666666666667
sem_laplace,GHC+BDeu,"{""n_bins"": 2, ""discretization_method"": ""quantile""}",20,30,5000,25,/home/mathis/Documents/Travail/cbnsl_benchmark/scaling/../scaling/results/2026-03-30_20h11_sem_laplace/graphs/golden__v20_a30_g25.json,/home/mathis/Documents/Travail/cbnsl_benchmark/scaling/../scaling/results/2026-03-30_20h11_sem_laplace/graphs/GHC+BDeu__v20_a30_g25_s5000.json,,0.6635843080002815,33.0,27.0,0.4210526315789473,0.7837837837837838,0.9230769230769231,0.9666666666666667
sem_laplace,NOTEARS,"{""lambda1"": 0.0, ""w_threshold_notears"": 0.1}",20,30,5000,25,/home/mathis/Documents/Travail/cbnsl_benchmark/scaling/../scaling/results/2026-03-30_20h11_sem_laplace/graphs/golden__v20_a30_g25.json,/home/mathis/Documents/Travail/cbnsl_benchmark/scaling/../scaling/results/2026-03-30_20h11_sem_laplace/graphs/NOTEARS__v20_a30_g25_s5000.json,,55.31445018300292,15.0,27.0,0.787878787878788,0.8571428571428571,1.0,1.0
sem_laplace,NOTEARS Disc.,"{""lambda1"": 0.3, ""w_threshold_notears"": 0.1, ""n_bins"": 6, ""discretization_method"": ""hartemink"", ""initial_bins"": 20}",20,30,5000,25,/home/mathis/Documents/Travail/cbnsl_benchmark/scaling/../scaling/results/2026-03-30_20h11_sem_laplace/graphs/golden__v20_a30_g25.json,/home/mathis/Documents/Travail/cbnsl_benchmark/scaling/../scaling/results/2026-03-30_20h11_sem_laplace/graphs/NOTEARS Disc.__v20_a30_g25_s5000.json,,245.93249027399725,6.0,18.0,0.9090909090909091,0.9473684210526316,0.8928571428571429,0.9
sem_laplace,LiNGAM,"{""threshold_lingam"": 0.01}",20,30,5000,25,/home/mathis/Documents/Travail/cbnsl_benchmark/scaling/../scaling/results/2026-03-30_20h11_sem_laplace/graphs/golden__v20_a30_g25.json,/home/mathis/Documents/Travail/cbnsl_benchmark/scaling/../scaling/results/2026-03-30_20h11_sem_laplace/graphs/LiNGAM__v20_a30_g25_s5000.json,,3.8342001640048693,0.0,0.0,0.983050847457627,1.0,1.0,1.0
sem_laplace,CPC,"{""alpha"": 0.01, ""max_conditioning_set_size"": 2}",20,30,200,26,/home/mathis/Documents/Travail/cbnsl_benchmark/scaling/../scaling/results/2026-03-30_20h11_sem_laplace/graphs/golden__v20_a30_g26.json,/home/mathis/Documents/Travail/cbnsl_benchmark/scaling/../scaling/results/2026-03-30_20h11_sem_laplace/graphs/CPC__v20_a30_g26_s200.json,,0.09290530100406613,28.0,29.0,0.06451612903225806,0.4210526315789474,0.043478260869565216,0.26666666666666666
sem_laplace,CMIIC,"{""alpha"": 0.01}",20,30,200,26,/home/mathis/Documents/Travail/cbnsl_benchmark/scaling/../scaling/results/2026-03-30_20h11_sem_laplace/graphs/golden__v20_a30_g26.json,/home/mathis/Documents/Travail/cbnsl_benchmark/scaling/../scaling/results/2026-03-30_20h11_sem_laplace/graphs/CMIIC__v20_a30_g26_s200.json,,10.474637204999453,78.0,79.0,0.2692307692307692,0.4615384615384615,0.8235294117647058,0.9
sem_laplace,MIIC,"{""n_bins"": 2, ""discretization_method"": ""quantile""}",20,30,200,26,/home/mathis/Documents/Travail/cbnsl_benchmark/scaling/../scaling/results/2026-03-30_20h11_sem_laplace/graphs/golden__v20_a30_g26.json,/home/mathis/Documents/Travail/cbnsl_benchmark/scaling/../scaling/results/2026-03-30_20h11_sem_laplace/graphs/MIIC__v20_a30_g26_s200.json,,0.0722599779983284,24.0,22.0,0.5217391304347826,0.8070175438596491,0.631578947368421,0.7666666666666667
sem_laplace,GHC+BDeu,"{""n_bins"": 2, ""discretization_method"": ""quantile""}",20,30,200,26,/home/mathis/Documents/Travail/cbnsl_benchmark/scaling/../scaling/results/2026-03-30_20h11_sem_laplace/graphs/golden__v20_a30_g26.json,/home/mathis/Documents/Travail/cbnsl_benchmark/scaling/../scaling/results/2026-03-30_20h11_sem_laplace/graphs/GHC+BDeu__v20_a30_g26_s200.json,,0.05178089199762326,25.0,30.0,0.46808510638297873,0.7586206896551724,0.5789473684210527,0.7333333333333333
sem_laplace,NOTEARS,"{""lambda1"": 0.0, ""w_threshold_notears"": 0.1}",20,30,200,26,/home/mathis/Documents/Travail/cbnsl_benchmark/scaling/../scaling/results/2026-03-30_20h11_sem_laplace/graphs/golden__v20_a30_g26.json,/home/mathis/Documents/Travail/cbnsl_benchmark/scaling/../scaling/results/2026-03-30_20h11_sem_laplace/graphs/NOTEARS__v20_a30_g26_s200.json,,10.536146537000604,40.0,53.0,0.5869565217391305,0.631578947368421,1.0,1.0
sem_laplace,NOTEARS Disc.,"{""lambda1"": 0.3, ""w_threshold_notears"": 0.1, ""n_bins"": 6, ""discretization_method"": ""hartemink"", ""initial_bins"": 20}",20,30,200,26,/home/mathis/Documents/Travail/cbnsl_benchmark/scaling/../scaling/results/2026-03-30_20h11_sem_laplace/graphs/golden__v20_a30_g26.json,/home/mathis/Documents/Travail/cbnsl_benchmark/scaling/../scaling/results/2026-03-30_20h11_sem_laplace/graphs/NOTEARS Disc.__v20_a30_g26_s200.json,,24.74326562400529,16.0,17.0,0.46511627906976755,0.8813559322033899,0.7142857142857143,0.8666666666666667
sem_laplace,LiNGAM,"{""threshold_lingam"": 0.01}",20,30,200,26,/home/mathis/Documents/Travail/cbnsl_benchmark/scaling/../scaling/results/2026-03-30_20h11_sem_laplace/graphs/golden__v20_a30_g26.json,/home/mathis/Documents/Travail/cbnsl_benchmark/scaling/../scaling/results/2026-03-30_20h11_sem_laplace/graphs/LiNGAM__v20_a30_g26_s200.json,,1.1097570070051006,5.0,14.0,0.8333333333333333,0.923076923076923,1.0,1.0
sem_laplace,CPC,"{""alpha"": 0.01, ""max_conditioning_set_size"": 2}",20,30,500,26,/home/mathis/Documents/Travail/cbnsl_benchmark/scaling/../scaling/results/2026-03-30_20h11_sem_laplace/graphs/golden__v20_a30_g26.json,/home/mathis/Documents/Travail/cbnsl_benchmark/scaling/../scaling/results/2026-03-30_20h11_sem_laplace/graphs/CPC__v20_a30_g26_s500.json,,0.4774962110022898,26.0,27.0,0.18181818181818182,0.4615384615384615,0.125,0.3
sem_laplace,CMIIC,"{""alpha"": 0.01}",20,30,500,26,/home/mathis/Documents/Travail/cbnsl_benchmark/scaling/../scaling/results/2026-03-30_20h11_sem_laplace/graphs/golden__v20_a30_g26.json,/home/mathis/Documents/Travail/cbnsl_benchmark/scaling/../scaling/results/2026-03-30_20h11_sem_laplace/graphs/CMIIC__v20_a30_g26_s500.json,,33.57764445400244,50.0,58.0,0.3902439024390244,0.5806451612903225,0.8421052631578947,0.9
sem_laplace,MIIC,"{""n_bins"": 2, ""discretization_method"": ""quantile""}",20,30,500,26,/home/mathis/Documents/Travail/cbnsl_benchmark/scaling/../scaling/results/2026-03-30_20h11_sem_laplace/graphs/golden__v20_a30_g26.json,/home/mathis/Documents/Travail/cbnsl_benchmark/scaling/../scaling/results/2026-03-30_20h11_sem_laplace/graphs/MIIC__v20_a30_g26_s500.json,,0.12287768499663798,17.0,19.0,0.7200000000000001,0.896551724137931,0.8181818181818182,0.8666666666666667
sem_laplace,GHC+BDeu,"{""n_bins"": 2, ""discretization_method"": ""quantile""}",20,30,500,26,/home/mathis/Documents/Travail/cbnsl_benchmark/scaling/../scaling/results/2026-03-30_20h11_sem_laplace/graphs/golden__v20_a30_g26.json,/home/mathis/Documents/Travail/cbnsl_benchmark/scaling/../scaling/results/2026-03-30_20h11_sem_laplace/graphs/GHC+BDeu__v20_a30_g26_s500.json,,0.07884494100289885,21.0,26.0,0.5217391304347827,0.8666666666666667,0.75,0.8666666666666667
sem_laplace,NOTEARS,"{""lambda1"": 0.0, ""w_threshold_notears"": 0.1}",20,30,500,26,/home/mathis/Documents/Travail/cbnsl_benchmark/scaling/../scaling/results/2026-03-30_20h11_sem_laplace/graphs/golden__v20_a30_g26.json,/home/mathis/Documents/Travail/cbnsl_benchmark/scaling/../scaling/results/2026-03-30_20h11_sem_laplace/graphs/NOTEARS__v20_a30_g26_s500.json,,15.64194483099709,22.0,30.0,0.625,0.7945205479452055,0.9523809523809523,0.9666666666666667
sem_laplace,NOTEARS Disc.,"{""lambda1"": 0.3, ""w_threshold_notears"": 0.1, ""n_bins"": 6, ""discretization_method"": ""hartemink"", ""initial_bins"": 20}",20,30,500,26,/home/mathis/Documents/Travail/cbnsl_benchmark/scaling/../scaling/results/2026-03-30_20h11_sem_laplace/graphs/golden__v20_a30_g26.json,/home/mathis/Documents/Travail/cbnsl_benchmark/scaling/../scaling/results/2026-03-30_20h11_sem_laplace/graphs/NOTEARS Disc.__v20_a30_g26_s500.json,,42.01719661000243,13.0,27.0,0.5581395348837209,0.9310344827586207,0.8,0.9
sem_laplace,LiNGAM,"{""threshold_lingam"": 0.01}",20,30,500,26,/home/mathis/Documents/Travail/cbnsl_benchmark/scaling/../scaling/results/2026-03-30_20h11_sem_laplace/graphs/golden__v20_a30_g26.json,/home/mathis/Documents/Travail/cbnsl_benchmark/scaling/../scaling/results/2026-03-30_20h11_sem_laplace/graphs/LiNGAM__v20_a30_g26_s500.json,,1.2508451309986413,0.0,0.0,0.9090909090909091,1.0,1.0,1.0
sem_laplace,CPC,"{""alpha"": 0.01, ""max_conditioning_set_size"": 2}",20,30,1000,26,/home/mathis/Documents/Travail/cbnsl_benchmark/scaling/../scaling/results/2026-03-30_20h11_sem_laplace/graphs/golden__v20_a30_g26.json,/home/mathis/Documents/Travail/cbnsl_benchmark/scaling/../scaling/results/2026-03-30_20h11_sem_laplace/graphs/CPC__v20_a30_g26_s1000.json,,2.5473352300032275,21.0,27.0,0.4615384615384615,0.6666666666666666,0.375,0.5
sem_laplace,CMIIC,"{""alpha"": 0.01}",20,30,1000,26,/home/mathis/Documents/Travail/cbnsl_benchmark/scaling/../scaling/results/2026-03-30_20h11_sem_laplace/graphs/golden__v20_a30_g26.json,/home/mathis/Documents/Travail/cbnsl_benchmark/scaling/../scaling/results/2026-03-30_20h11_sem_laplace/graphs/CMIIC__v20_a30_g26_s1000.json,,111.36542573900078,36.0,41.0,0.5405405405405406,0.6666666666666667,0.8695652173913043,0.9
sem_laplace,MIIC,"{""n_bins"": 2, ""discretization_method"": ""quantile""}",20,30,1000,26,/home/mathis/Documents/Travail/cbnsl_benchmark/scaling/../scaling/results/2026-03-30_20h11_sem_laplace/graphs/golden__v20_a30_g26.json,/home/mathis/Documents/Travail/cbnsl_benchmark/scaling/../scaling/results/2026-03-30_20h11_sem_laplace/graphs/MIIC__v20_a30_g26_s1000.json,,0.18976027299504494,21.0,23.0,0.653061224489796,0.9,0.8421052631578947,0.9
sem_laplace,GHC+BDeu,"{""n_bins"": 2, ""discretization_method"": ""quantile""}",20,30,1000,26,/home/mathis/Documents/Travail/cbnsl_benchmark/scaling/../scaling/results/2026-03-30_20h11_sem_laplace/graphs/golden__v20_a30_g26.json,/home/mathis/Documents/Travail/cbnsl_benchmark/scaling/../scaling/results/2026-03-30_20h11_sem_laplace/graphs/GHC+BDeu__v20_a30_g26_s1000.json,,0.1253427079936955,24.0,28.0,0.45833333333333326,0.84375,0.7857142857142857,0.9
sem_laplace,NOTEARS,"{""lambda1"": 0.0, ""w_threshold_notears"": 0.1}",20,30,1000,26,/home/mathis/Documents/Travail/cbnsl_benchmark/scaling/../scaling/results/2026-03-30_20h11_sem_laplace/graphs/golden__v20_a30_g26.json,/home/mathis/Documents/Travail/cbnsl_benchmark/scaling/../scaling/results/2026-03-30_20h11_sem_laplace/graphs/NOTEARS__v20_a30_g26_s1000.json,,15.90468008499738,16.0,23.0,0.7936507936507937,0.8656716417910447,0.9615384615384616,0.9666666666666667
sem_laplace,NOTEARS Disc.,"{""lambda1"": 0.3, ""w_threshold_notears"": 0.1, ""n_bins"": 6, ""discretization_method"": ""hartemink"", ""initial_bins"": 20}",20,30,1000,26,/home/mathis/Documents/Travail/cbnsl_benchmark/scaling/../scaling/results/2026-03-30_20h11_sem_laplace/graphs/golden__v20_a30_g26.json,/home/mathis/Documents/Travail/cbnsl_benchmark/scaling/../scaling/results/2026-03-30_20h11_sem_laplace/graphs/NOTEARS Disc.__v20_a30_g26_s1000.json,,66.00123650100431,17.0,28.0,0.4878048780487805,0.912280701754386,0.7142857142857143,0.8666666666666667
sem_laplace,LiNGAM,"{""threshold_lingam"": 0.01}",20,30,1000,26,/home/mathis/Documents/Travail/cbnsl_benchmark/scaling/../scaling/results/2026-03-30_20h11_sem_laplace/graphs/golden__v20_a30_g26.json,/home/mathis/Documents/Travail/cbnsl_benchmark/scaling/../scaling/results/2026-03-30_20h11_sem_laplace/graphs/LiNGAM__v20_a30_g26_s1000.json,,1.6399881110046408,0.0,0.0,0.9090909090909091,1.0,1.0,1.0
sem_laplace,CPC,"{""alpha"": 0.01, ""max_conditioning_set_size"": 2}",20,30,3000,26,/home/mathis/Documents/Travail/cbnsl_benchmark/scaling/../scaling/results/2026-03-30_20h11_sem_laplace/graphs/golden__v20_a30_g26.json,/home/mathis/Documents/Travail/cbnsl_benchmark/scaling/../scaling/results/2026-03-30_20h11_sem_laplace/graphs/CPC__v20_a30_g26_s3000.json,,34.14902761900157,22.0,19.0,0.4878048780487804,0.8928571428571429,0.6666666666666666,0.8333333333333334
sem_laplace,CMIIC,"{""alpha"": 0.01}",20,30,3000,26,/home/mathis/Documents/Travail/cbnsl_benchmark/scaling/../scaling/results/2026-03-30_20h11_sem_laplace/graphs/golden__v20_a30_g26.json,/home/mathis/Documents/Travail/cbnsl_benchmark/scaling/../scaling/results/2026-03-30_20h11_sem_laplace/graphs/CMIIC__v20_a30_g26_s3000.json,,260.0713595069974,14.0,25.0,0.7272727272727274,0.90625,0.9523809523809523,0.9666666666666667
sem_laplace,MIIC,"{""n_bins"": 2, ""discretization_method"": ""quantile""}",20,30,3000,26,/home/mathis/Documents/Travail/cbnsl_benchmark/scaling/../scaling/results/2026-03-30_20h11_sem_laplace/graphs/golden__v20_a30_g26.json,/home/mathis/Documents/Travail/cbnsl_benchmark/scaling/../scaling/results/2026-03-30_20h11_sem_laplace/graphs/MIIC__v20_a30_g26_s3000.json,,1.2062246869973023,28.0,34.0,0.6229508196721312,0.7826086956521738,0.8636363636363636,0.9
sem_laplace,GHC+BDeu,"{""n_bins"": 2, ""discretization_method"": ""quantile""}",20,30,3000,26,/home/mathis/Documents/Travail/cbnsl_benchmark/scaling/../scaling/results/2026-03-30_20h11_sem_laplace/graphs/golden__v20_a30_g26.json,/home/mathis/Documents/Travail/cbnsl_benchmark/scaling/../scaling/results/2026-03-30_20h11_sem_laplace/graphs/GHC+BDeu__v20_a30_g26_s3000.json,,0.38158431299962103,33.0,39.0,0.40740740740740744,0.7714285714285714,0.7857142857142857,0.9
sem_laplace,NOTEARS,"{""lambda1"": 0.0, ""w_threshold_notears"": 0.1}",20,30,3000,26,/home/mathis/Documents/Travail/cbnsl_benchmark/scaling/../scaling/results/2026-03-30_20h11_sem_laplace/graphs/golden__v20_a30_g26.json,/home/mathis/Documents/Travail/cbnsl_benchmark/scaling/../scaling/results/2026-03-30_20h11_sem_laplace/graphs/NOTEARS__v20_a30_g26_s3000.json,,36.76067137499922,18.0,24.0,0.7619047619047619,0.8529411764705883,0.96,0.9666666666666667
sem_laplace,NOTEARS Disc.,"{""lambda1"": 0.3, ""w_threshold_notears"": 0.1, ""n_bins"": 6, ""discretization_method"": ""hartemink"", ""initial_bins"": 20}",20,30,3000,26,/home/mathis/Documents/Travail/cbnsl_benchmark/scaling/../scaling/results/2026-03-30_20h11_sem_laplace/graphs/golden__v20_a30_g26.json,/home/mathis/Documents/Travail/cbnsl_benchmark/scaling/../scaling/results/2026-03-30_20h11_sem_laplace/graphs/NOTEARS Disc.__v20_a30_g26_s3000.json,,148.82818997999857,15.0,25.0,0.6046511627906976,0.9473684210526316,0.8125,0.9
sem_laplace,LiNGAM,"{""threshold_lingam"": 0.01}",20,30,3000,26,/home/mathis/Documents/Travail/cbnsl_benchmark/scaling/../scaling/results/2026-03-30_20h11_sem_laplace/graphs/golden__v20_a30_g26.json,/home/mathis/Documents/Travail/cbnsl_benchmark/scaling/../scaling/results/2026-03-30_20h11_sem_laplace/graphs/LiNGAM__v20_a30_g26_s3000.json,,3.415227839999716,0.0,0.0,0.9090909090909091,1.0,1.0,1.0
sem_laplace,CPC,"{""alpha"": 0.01, ""max_conditioning_set_size"": 2}",20,30,5000,26,/home/mathis/Documents/Travail/cbnsl_benchmark/scaling/../scaling/results/2026-03-30_20h11_sem_laplace/graphs/golden__v20_a30_g26.json,/home/mathis/Documents/Travail/cbnsl_benchmark/scaling/../scaling/results/2026-03-30_20h11_sem_laplace/graphs/CPC__v20_a30_g26_s5000.json,,139.0693438419985,23.0,29.0,0.4761904761904762,0.896551724137931,0.7142857142857143,0.8666666666666667
sem_laplace,CMIIC,"{""alpha"": 0.01}",20,30,5000,26,/home/mathis/Documents/Travail/cbnsl_benchmark/scaling/../scaling/results/2026-03-30_20h11_sem_laplace/graphs/golden__v20_a30_g26.json,/home/mathis/Documents/Travail/cbnsl_benchmark/scaling/../scaling/results/2026-03-30_20h11_sem_laplace/graphs/CMIIC__v20_a30_g26_s5000.json,,882.7621374700029,12.0,27.0,0.7407407407407407,0.9206349206349207,0.9523809523809523,0.9666666666666667
sem_laplace,MIIC,"{""n_bins"": 2, ""discretization_method"": ""quantile""}",20,30,5000,26,/home/mathis/Documents/Travail/cbnsl_benchmark/scaling/../scaling/results/2026-03-30_20h11_sem_laplace/graphs/golden__v20_a30_g26.json,/home/mathis/Documents/Travail/cbnsl_benchmark/scaling/../scaling/results/2026-03-30_20h11_sem_laplace/graphs/MIIC__v20_a30_g26_s5000.json,,2.3539128699994762,28.0,34.0,0.5423728813559322,0.7714285714285714,0.8421052631578947,0.9
sem_laplace,GHC+BDeu,"{""n_bins"": 2, ""discretization_method"": ""quantile""}",20,30,5000,26,/home/mathis/Documents/Travail/cbnsl_benchmark/scaling/../scaling/results/2026-03-30_20h11_sem_laplace/graphs/golden__v20_a30_g26.json,/home/mathis/Documents/Travail/cbnsl_benchmark/scaling/../scaling/results/2026-03-30_20h11_sem_laplace/graphs/GHC+BDeu__v20_a30_g26_s5000.json,,0.7039320530020632,31.0,37.0,0.4067796610169491,0.7297297297297297,0.8,0.9
sem_laplace,NOTEARS,"{""lambda1"": 0.0, ""w_threshold_notears"": 0.1}",20,30,5000,26,/home/mathis/Documents/Travail/cbnsl_benchmark/scaling/../scaling/results/2026-03-30_20h11_sem_laplace/graphs/golden__v20_a30_g26.json,/home/mathis/Documents/Travail/cbnsl_benchmark/scaling/../scaling/results/2026-03-30_20h11_sem_laplace/graphs/NOTEARS__v20_a30_g26_s5000.json,,58.53229343800194,18.0,24.0,0.7619047619047619,0.8529411764705883,0.96,0.9666666666666667
sem_laplace,NOTEARS Disc.,"{""lambda1"": 0.3, ""w_threshold_notears"": 0.1, ""n_bins"": 6, ""discretization_method"": ""hartemink"", ""initial_bins"": 20}",20,30,5000,26,/home/mathis/Documents/Travail/cbnsl_benchmark/scaling/../scaling/results/2026-03-30_20h11_sem_laplace/graphs/golden__v20_a30_g26.json,/home/mathis/Documents/Travail/cbnsl_benchmark/scaling/../scaling/results/2026-03-30_20h11_sem_laplace/graphs/NOTEARS Disc.__v20_a30_g26_s5000.json,,239.73540238799615,13.0,14.0,0.5238095238095238,0.912280701754386,0.7333333333333333,0.8666666666666667
sem_laplace,LiNGAM,"{""threshold_lingam"": 0.01}",20,30,5000,26,/home/mathis/Documents/Travail/cbnsl_benchmark/scaling/../scaling/results/2026-03-30_20h11_sem_laplace/graphs/golden__v20_a30_g26.json,/home/mathis/Documents/Travail/cbnsl_benchmark/scaling/../scaling/results/2026-03-30_20h11_sem_laplace/graphs/LiNGAM__v20_a30_g26_s5000.json,,3.8776479529988137,0.0,0.0,0.9090909090909091,1.0,1.0,1.0
sem_laplace,CPC,"{""alpha"": 0.01, ""max_conditioning_set_size"": 2}",20,30,200,27,/home/mathis/Documents/Travail/cbnsl_benchmark/scaling/../scaling/results/2026-03-30_20h11_sem_laplace/graphs/golden__v20_a30_g27.json,/home/mathis/Documents/Travail/cbnsl_benchmark/scaling/../scaling/results/2026-03-30_20h11_sem_laplace/graphs/CPC__v20_a30_g27_s200.json,,0.06985020600404823,25.0,30.0,0.18181818181818182,0.5714285714285715,0.14285714285714285,0.4
sem_laplace,CMIIC,"{""alpha"": 0.01}",20,30,200,27,/home/mathis/Documents/Travail/cbnsl_benchmark/scaling/../scaling/results/2026-03-30_20h11_sem_laplace/graphs/golden__v20_a30_g27.json,/home/mathis/Documents/Travail/cbnsl_benchmark/scaling/../scaling/results/2026-03-30_20h11_sem_laplace/graphs/CMIIC__v20_a30_g27_s200.json,,11.98212227699696,90.0,91.0,0.21238938053097345,0.43410852713178294,0.8571428571428571,0.9333333333333333
sem_laplace,MIIC,"{""n_bins"": 2, ""discretization_method"": ""quantile""}",20,30,200,27,/home/mathis/Documents/Travail/cbnsl_benchmark/scaling/../scaling/results/2026-03-30_20h11_sem_laplace/graphs/golden__v20_a30_g27.json,/home/mathis/Documents/Travail/cbnsl_benchmark/scaling/../scaling/results/2026-03-30_20h11_sem_laplace/graphs/MIIC__v20_a30_g27_s200.json,,0.06278207799914526,21.0,22.0,0.5116279069767442,0.8363636363636363,0.6111111111111112,0.7666666666666667
sem_laplace,GHC+BDeu,"{""n_bins"": 2, ""discretization_method"": ""quantile""}",20,30,200,27,/home/mathis/Documents/Travail/cbnsl_benchmark/scaling/../scaling/results/2026-03-30_20h11_sem_laplace/graphs/golden__v20_a30_g27.json,/home/mathis/Documents/Travail/cbnsl_benchmark/scaling/../scaling/results/2026-03-30_20h11_sem_laplace/graphs/GHC+BDeu__v20_a30_g27_s200.json,,0.054017391994420905,22.0,18.0,0.48780487804878053,0.8727272727272728,0.625,0.8
sem_laplace,NOTEARS,"{""lambda1"": 0.0, ""w_threshold_notears"": 0.1}",20,30,200,27,/home/mathis/Documents/Travail/cbnsl_benchmark/scaling/../scaling/results/2026-03-30_20h11_sem_laplace/graphs/golden__v20_a30_g27.json,/home/mathis/Documents/Travail/cbnsl_benchmark/scaling/../scaling/results/2026-03-30_20h11_sem_laplace/graphs/NOTEARS__v20_a30_g27_s200.json,,4.867001266997249,55.0,58.0,0.4693877551020408,0.5714285714285715,1.0,1.0
sem_laplace,NOTEARS Disc.,"{""lambda1"": 0.3, ""w_threshold_notears"": 0.1, ""n_bins"": 6, ""discretization_method"": ""hartemink"", ""initial_bins"": 20}",20,30,200,27,/home/mathis/Documents/Travail/cbnsl_benchmark/scaling/../scaling/results/2026-03-30_20h11_sem_laplace/graphs/golden__v20_a30_g27.json,,[pyAgrum] Directed cycle detected: Add a directed cycle in a dag !,,,,,,,
sem_laplace,LiNGAM,"{""threshold_lingam"": 0.01}",20,30,200,27,/home/mathis/Documents/Travail/cbnsl_benchmark/scaling/../scaling/results/2026-03-30_20h11_sem_laplace/graphs/golden__v20_a30_g27.json,/home/mathis/Documents/Travail/cbnsl_benchmark/scaling/../scaling/results/2026-03-30_20h11_sem_laplace/graphs/LiNGAM__v20_a30_g27_s200.json,,1.1762589700010722,16.0,27.0,0.6984126984126985,0.7941176470588235,0.88,0.9
sem_laplace,CPC,"{""alpha"": 0.01, ""max_conditioning_set_size"": 2}",20,30,500,27,/home/mathis/Documents/Travail/cbnsl_benchmark/scaling/../scaling/results/2026-03-30_20h11_sem_laplace/graphs/golden__v20_a30_g27.json,/home/mathis/Documents/Travail/cbnsl_benchmark/scaling/../scaling/results/2026-03-30_20h11_sem_laplace/graphs/CPC__v20_a30_g27_s500.json,,0.3914304620047915,26.0,29.0,0.2352941176470588,0.5365853658536585,0.17391304347826086,0.36666666666666664
sem_laplace,CMIIC,"{""alpha"": 0.01}",20,30,500,27,/home/mathis/Documents/Travail/cbnsl_benchmark/scaling/../scaling/results/2026-03-30_20h11_sem_laplace/graphs/golden__v20_a30_g27.json,/home/mathis/Documents/Travail/cbnsl_benchmark/scaling/../scaling/results/2026-03-30_20h11_sem_laplace/graphs/CMIIC__v20_a30_g27_s500.json,,25.017773603001842,53.0,54.0,0.372093023255814,0.5858585858585859,0.9411764705882353,0.9666666666666667
sem_laplace,MIIC,"{""n_bins"": 2, ""discretization_method"": ""quantile""}",20,30,500,27,/home/mathis/Documents/Travail/cbnsl_benchmark/scaling/../scaling/results/2026-03-30_20h11_sem_laplace/graphs/golden__v20_a30_g27.json,/home/mathis/Documents/Travail/cbnsl_benchmark/scaling/../scaling/results/2026-03-30_20h11_sem_laplace/graphs/MIIC__v20_a30_g27_s500.json,,0.10238026899605757,21.0,29.0,0.5333333333333333,0.8214285714285715,0.631578947368421,0.7666666666666667
sem_laplace,GHC+BDeu,"{""n_bins"": 2, ""discretization_method"": ""quantile""}",20,30,500,27,/home/mathis/Documents/Travail/cbnsl_benchmark/scaling/../scaling/results/2026-03-30_20h11_sem_laplace/graphs/golden__v20_a30_g27.json,/home/mathis/Documents/Travail/cbnsl_benchmark/scaling/../scaling/results/2026-03-30_20h11_sem_laplace/graphs/GHC+BDeu__v20_a30_g27_s500.json,,0.07436033699923428,18.0,27.0,0.6122448979591836,0.8070175438596491,0.6818181818181818,0.7666666666666667
sem_laplace,NOTEARS,"{""lambda1"": 0.0, ""w_threshold_notears"": 0.1}",20,30,500,27,/home/mathis/Documents/Travail/cbnsl_benchmark/scaling/../scaling/results/2026-03-30_20h11_sem_laplace/graphs/golden__v20_a30_g27.json,/home/mathis/Documents/Travail/cbnsl_benchmark/scaling/../scaling/results/2026-03-30_20h11_sem_laplace/graphs/NOTEARS__v20_a30_g27_s500.json,,14.772458746003394,39.0,43.0,0.5609756097560975,0.6741573033707865,1.0,1.0
sem_laplace,NOTEARS Disc.,"{""lambda1"": 0.3, ""w_threshold_notears"": 0.1, ""n_bins"": 6, ""discretization_method"": ""hartemink"", ""initial_bins"": 20}",20,30,500,27,/home/mathis/Documents/Travail/cbnsl_benchmark/scaling/../scaling/results/2026-03-30_20h11_sem_laplace/graphs/golden__v20_a30_g27.json,/home/mathis/Documents/Travail/cbnsl_benchmark/scaling/../scaling/results/2026-03-30_20h11_sem_laplace/graphs/NOTEARS Disc.__v20_a30_g27_s500.json,,39.41879329999938,13.0,23.0,0.7083333333333333,0.8928571428571429,0.7727272727272727,0.8333333333333334
sem_laplace,LiNGAM,"{""threshold_lingam"": 0.01}",20,30,500,27,/home/mathis/Documents/Travail/cbnsl_benchmark/scaling/../scaling/results/2026-03-30_20h11_sem_laplace/graphs/golden__v20_a30_g27.json,/home/mathis/Documents/Travail/cbnsl_benchmark/scaling/../scaling/results/2026-03-30_20h11_sem_laplace/graphs/LiNGAM__v20_a30_g27_s500.json,,1.3255585710066953,2.0,11.0,0.9152542372881356,0.967741935483871,1.0,1.0
sem_laplace,CPC,"{""alpha"": 0.01, ""max_conditioning_set_size"": 2}",20,30,1000,27,/home/mathis/Documents/Travail/cbnsl_benchmark/scaling/../scaling/results/2026-03-30_20h11_sem_laplace/graphs/golden__v20_a30_g27.json,/home/mathis/Documents/Travail/cbnsl_benchmark/scaling/../scaling/results/2026-03-30_20h11_sem_laplace/graphs/CPC__v20_a30_g27_s1000.json,,2.0162062529998366,20.0,29.0,0.4615384615384615,0.7499999999999999,0.42857142857142855,0.6
sem_laplace,CMIIC,"{""alpha"": 0.01}",20,30,1000,27,/home/mathis/Documents/Travail/cbnsl_benchmark/scaling/../scaling/results/2026-03-30_20h11_sem_laplace/graphs/golden__v20_a30_g27.json,/home/mathis/Documents/Travail/cbnsl_benchmark/scaling/../scaling/results/2026-03-30_20h11_sem_laplace/graphs/CMIIC__v20_a30_g27_s1000.json,,90.81868186900101,41.0,49.0,0.5121951219512195,0.6593406593406593,1.0,1.0
sem_laplace,MIIC,"{""n_bins"": 2, ""discretization_method"": ""quantile""}",20,30,1000,27,/home/mathis/Documents/Travail/cbnsl_benchmark/scaling/../scaling/results/2026-03-30_20h11_sem_laplace/graphs/golden__v20_a30_g27.json,/home/mathis/Documents/Travail/cbnsl_benchmark/scaling/../scaling/results/2026-03-30_20h11_sem_laplace/graphs/MIIC__v20_a30_g27_s1000.json,,0.16348961099720327,21.0,29.0,0.5217391304347826,0.8275862068965518,0.6666666666666666,0.8
sem_laplace,GHC+BDeu,"{""n_bins"": 2, ""discretization_method"": ""quantile""}",20,30,1000,27,/home/mathis/Documents/Travail/cbnsl_benchmark/scaling/../scaling/results/2026-03-30_20h11_sem_laplace/graphs/golden__v20_a30_g27.json,/home/mathis/Documents/Travail/cbnsl_benchmark/scaling/../scaling/results/2026-03-30_20h11_sem_laplace/graphs/GHC+BDeu__v20_a30_g27_s1000.json,,0.12056742699496681,21.0,19.0,0.5416666666666666,0.870967741935484,0.8125,0.9
sem_laplace,NOTEARS,"{""lambda1"": 0.0, ""w_threshold_notears"": 0.1}",20,30,1000,27,/home/mathis/Documents/Travail/cbnsl_benchmark/scaling/../scaling/results/2026-03-30_20h11_sem_laplace/graphs/golden__v20_a30_g27.json,/home/mathis/Documents/Travail/cbnsl_benchmark/scaling/../scaling/results/2026-03-30_20h11_sem_laplace/graphs/NOTEARS__v20_a30_g27_s1000.json,,16.837087872001575,12.0,21.0,0.8253968253968255,0.8955223880597014,1.0,1.0
sem_laplace,NOTEARS Disc.,"{""lambda1"": 0.3, ""w_threshold_notears"": 0.1, ""n_bins"": 6, ""discretization_method"": ""hartemink"", ""initial_bins"": 20}",20,30,1000,27,/home/mathis/Documents/Travail/cbnsl_benchmark/scaling/../scaling/results/2026-03-30_20h11_sem_laplace/graphs/golden__v20_a30_g27.json,/home/mathis/Documents/Travail/cbnsl_benchmark/scaling/../scaling/results/2026-03-30_20h11_sem_laplace/graphs/NOTEARS Disc.__v20_a30_g27_s1000.json,,63.5826997740005,10.0,21.0,0.75,0.9473684210526316,0.8571428571428571,0.9
sem_laplace,LiNGAM,"{""threshold_lingam"": 0.01}",20,30,1000,27,/home/mathis/Documents/Travail/cbnsl_benchmark/scaling/../scaling/results/2026-03-30_20h11_sem_laplace/graphs/golden__v20_a30_g27.json,/home/mathis/Documents/Travail/cbnsl_benchmark/scaling/../scaling/results/2026-03-30_20h11_sem_laplace/graphs/LiNGAM__v20_a30_g27_s1000.json,,1.6355783560065902,0.0,4.0,0.9473684210526316,1.0,1.0,1.0
sem_laplace,CPC,"{""alpha"": 0.01, ""max_conditioning_set_size"": 2}",20,30,3000,27,/home/mathis/Documents/Travail/cbnsl_benchmark/scaling/../scaling/results/2026-03-30_20h11_sem_laplace/graphs/golden__v20_a30_g27.json,/home/mathis/Documents/Travail/cbnsl_benchmark/scaling/../scaling/results/2026-03-30_20h11_sem_laplace/graphs/CPC__v20_a30_g27_s3000.json,,24.29816412299988,22.0,25.0,0.45,0.8301886792452831,0.5294117647058824,0.7333333333333333
sem_laplace,CMIIC,"{""alpha"": 0.01}",20,30,3000,27,/home/mathis/Documents/Travail/cbnsl_benchmark/scaling/../scaling/results/2026-03-30_20h11_sem_laplace/graphs/golden__v20_a30_g27.json,/home/mathis/Documents/Travail/cbnsl_benchmark/scaling/../scaling/results/2026-03-30_20h11_sem_laplace/graphs/CMIIC__v20_a30_g27_s3000.json,,115.52622738000355,12.0,13.0,0.6938775510204082,0.9508196721311476,0.9444444444444444,0.9666666666666667
sem_laplace,MIIC,"{""n_bins"": 2, ""discretization_method"": ""quantile""}",20,30,3000,27,/home/mathis/Documents/Travail/cbnsl_benchmark/scaling/../scaling/results/2026-03-30_20h11_sem_laplace/graphs/golden__v20_a30_g27.json,/home/mathis/Documents/Travail/cbnsl_benchmark/scaling/../scaling/results/2026-03-30_20h11_sem_laplace/graphs/MIIC__v20_a30_g27_s3000.json,,0.9358505439959117,18.0,25.0,0.6909090909090909,0.8571428571428572,0.8636363636363636,0.9
sem_laplace,GHC+BDeu,"{""n_bins"": 2, ""discretization_method"": ""quantile""}",20,30,3000,27,/home/mathis/Documents/Travail/cbnsl_benchmark/scaling/../scaling/results/2026-03-30_20h11_sem_laplace/graphs/golden__v20_a30_g27.json,/home/mathis/Documents/Travail/cbnsl_benchmark/scaling/../scaling/results/2026-03-30_20h11_sem_laplace/graphs/GHC+BDeu__v20_a30_g27_s3000.json,,0.4252121339959558,25.0,28.0,0.6,0.8333333333333333,1.0,1.0
sem_laplace,NOTEARS,"{""lambda1"": 0.0, ""w_threshold_notears"": 0.1}",20,30,3000,27,/home/mathis/Documents/Travail/cbnsl_benchmark/scaling/../scaling/results/2026-03-30_20h11_sem_laplace/graphs/golden__v20_a30_g27.json,/home/mathis/Documents/Travail/cbnsl_benchmark/scaling/../scaling/results/2026-03-30_20h11_sem_laplace/graphs/NOTEARS__v20_a30_g27_s3000.json,,36.95922791599878,2.0,5.0,0.9122807017543859,0.9836065573770492,1.0,1.0
sem_laplace,NOTEARS Disc.,"{""lambda1"": 0.3, ""w_threshold_notears"": 0.1, ""n_bins"": 6, ""discretization_method"": ""hartemink"", ""initial_bins"": 20}",20,30,3000,27,/home/mathis/Documents/Travail/cbnsl_benchmark/scaling/../scaling/results/2026-03-30_20h11_sem_laplace/graphs/golden__v20_a30_g27.json,/home/mathis/Documents/Travail/cbnsl_benchmark/scaling/../scaling/results/2026-03-30_20h11_sem_laplace/graphs/NOTEARS Disc.__v20_a30_g27_s3000.json,,146.93002744499972,11.0,26.0,0.8076923076923077,0.8928571428571429,0.8076923076923077,0.8333333333333334
sem_laplace,LiNGAM,"{""threshold_lingam"": 0.01}",20,30,3000,27,/home/mathis/Documents/Travail/cbnsl_benchmark/scaling/../scaling/results/2026-03-30_20h11_sem_laplace/graphs/golden__v20_a30_g27.json,/home/mathis/Documents/Travail/cbnsl_benchmark/scaling/../scaling/results/2026-03-30_20h11_sem_laplace/graphs/LiNGAM__v20_a30_g27_s3000.json,,2.8648507229954703,0.0,4.0,0.9473684210526316,1.0,1.0,1.0
sem_laplace,CPC,"{""alpha"": 0.01, ""max_conditioning_set_size"": 2}",20,30,5000,27,/home/mathis/Documents/Travail/cbnsl_benchmark/scaling/../scaling/results/2026-03-30_20h11_sem_laplace/graphs/golden__v20_a30_g27.json,/home/mathis/Documents/Travail/cbnsl_benchmark/scaling/../scaling/results/2026-03-30_20h11_sem_laplace/graphs/CPC__v20_a30_g27_s5000.json,,77.24490164600138,23.0,23.0,0.3684210526315789,0.8727272727272728,0.5384615384615384,0.8
sem_laplace,CMIIC,"{""alpha"": 0.01}",20,30,5000,27,/home/mathis/Documents/Travail/cbnsl_benchmark/scaling/../scaling/results/2026-03-30_20h11_sem_laplace/graphs/golden__v20_a30_g27.json,/home/mathis/Documents/Travail/cbnsl_benchmark/scaling/../scaling/results/2026-03-30_20h11_sem_laplace/graphs/CMIIC__v20_a30_g27_s5000.json,,315.37874693999765,8.0,14.0,0.7843137254901961,0.9666666666666667,0.9523809523809523,0.9666666666666667
sem_laplace,MIIC,"{""n_bins"": 2, ""discretization_method"": ""quantile""}",20,30,5000,27,/home/mathis/Documents/Travail/cbnsl_benchmark/scaling/../scaling/results/2026-03-30_20h11_sem_laplace/graphs/golden__v20_a30_g27.json,/home/mathis/Documents/Travail/cbnsl_benchmark/scaling/../scaling/results/2026-03-30_20h11_sem_laplace/graphs/MIIC__v20_a30_g27_s5000.json,,1.8443353379989276,23.0,23.0,0.6551724137931034,0.835820895522388,0.9047619047619048,0.9333333333333333
sem_laplace,GHC+BDeu,"{""n_bins"": 2, ""discretization_method"": ""quantile""}",20,30,5000,27,/home/mathis/Documents/Travail/cbnsl_benchmark/scaling/../scaling/results/2026-03-30_20h11_sem_laplace/graphs/golden__v20_a30_g27.json,/home/mathis/Documents/Travail/cbnsl_benchmark/scaling/../scaling/results/2026-03-30_20h11_sem_laplace/graphs/GHC+BDeu__v20_a30_g27_s5000.json,,0.6977412150008604,32.0,30.0,0.49180327868852464,0.7733333333333334,0.9375,0.9666666666666667
sem_laplace,NOTEARS,"{""lambda1"": 0.0, ""w_threshold_notears"": 0.1}",20,30,5000,27,/home/mathis/Documents/Travail/cbnsl_benchmark/scaling/../scaling/results/2026-03-30_20h11_sem_laplace/graphs/golden__v20_a30_g27.json,/home/mathis/Documents/Travail/cbnsl_benchmark/scaling/../scaling/results/2026-03-30_20h11_sem_laplace/graphs/NOTEARS__v20_a30_g27_s5000.json,,66.43574620300205,2.0,5.0,0.9122807017543859,0.9836065573770492,1.0,1.0
sem_laplace,NOTEARS Disc.,"{""lambda1"": 0.3, ""w_threshold_notears"": 0.1, ""n_bins"": 6, ""discretization_method"": ""hartemink"", ""initial_bins"": 20}",20,30,5000,27,/home/mathis/Documents/Travail/cbnsl_benchmark/scaling/../scaling/results/2026-03-30_20h11_sem_laplace/graphs/golden__v20_a30_g27.json,/home/mathis/Documents/Travail/cbnsl_benchmark/scaling/../scaling/results/2026-03-30_20h11_sem_laplace/graphs/NOTEARS Disc.__v20_a30_g27_s5000.json,,230.8217531229966,14.0,20.0,0.6521739130434783,0.8928571428571429,0.75,0.8333333333333334
sem_laplace,LiNGAM,"{""threshold_lingam"": 0.01}",20,30,5000,27,/home/mathis/Documents/Travail/cbnsl_benchmark/scaling/../scaling/results/2026-03-30_20h11_sem_laplace/graphs/golden__v20_a30_g27.json,/home/mathis/Documents/Travail/cbnsl_benchmark/scaling/../scaling/results/2026-03-30_20h11_sem_laplace/graphs/LiNGAM__v20_a30_g27_s5000.json,,3.8085655929971836,0.0,4.0,0.9473684210526316,1.0,1.0,1.0
sem_laplace,CPC,"{""alpha"": 0.01, ""max_conditioning_set_size"": 2}",20,30,200,28,/home/mathis/Documents/Travail/cbnsl_benchmark/scaling/../scaling/results/2026-03-30_20h11_sem_laplace/graphs/golden__v20_a30_g28.json,/home/mathis/Documents/Travail/cbnsl_benchmark/scaling/../scaling/results/2026-03-30_20h11_sem_laplace/graphs/CPC__v20_a30_g28_s200.json,,0.06540969199704705,26.0,26.0,0.2857142857142857,0.6046511627906976,0.22727272727272727,0.43333333333333335
sem_laplace,CMIIC,"{""alpha"": 0.01}",20,30,200,28,/home/mathis/Documents/Travail/cbnsl_benchmark/scaling/../scaling/results/2026-03-30_20h11_sem_laplace/graphs/golden__v20_a30_g28.json,/home/mathis/Documents/Travail/cbnsl_benchmark/scaling/../scaling/results/2026-03-30_20h11_sem_laplace/graphs/CMIIC__v20_a30_g28_s200.json,,13.036875473997497,74.0,79.0,0.3177570093457944,0.5,1.0,1.0
sem_laplace,MIIC,"{""n_bins"": 2, ""discretization_method"": ""quantile""}",20,30,200,28,/home/mathis/Documents/Travail/cbnsl_benchmark/scaling/../scaling/results/2026-03-30_20h11_sem_laplace/graphs/golden__v20_a30_g28.json,/home/mathis/Documents/Travail/cbnsl_benchmark/scaling/../scaling/results/2026-03-30_20h11_sem_laplace/graphs/MIIC__v20_a30_g28_s200.json,,0.07905451799888397,22.0,24.0,0.4888888888888889,0.8070175438596491,0.6111111111111112,0.7666666666666667
sem_laplace,GHC+BDeu,"{""n_bins"": 2, ""discretization_method"": ""quantile""}",20,30,200,28,/home/mathis/Documents/Travail/cbnsl_benchmark/scaling/../scaling/results/2026-03-30_20h11_sem_laplace/graphs/golden__v20_a30_g28.json,/home/mathis/Documents/Travail/cbnsl_benchmark/scaling/../scaling/results/2026-03-30_20h11_sem_laplace/graphs/GHC+BDeu__v20_a30_g28_s200.json,,0.05243931500444887,26.0,23.0,0.38095238095238104,0.7636363636363636,0.47058823529411764,0.7
sem_laplace,NOTEARS,"{""lambda1"": 0.0, ""w_threshold_notears"": 0.1}",20,30,200,28,/home/mathis/Documents/Travail/cbnsl_benchmark/scaling/../scaling/results/2026-03-30_20h11_sem_laplace/graphs/golden__v20_a30_g28.json,/home/mathis/Documents/Travail/cbnsl_benchmark/scaling/../scaling/results/2026-03-30_20h11_sem_laplace/graphs/NOTEARS__v20_a30_g28_s200.json,,5.671684214001289,63.0,68.0,0.4077669902912621,0.5357142857142857,1.0,1.0
sem_laplace,NOTEARS Disc.,"{""lambda1"": 0.3, ""w_threshold_notears"": 0.1, ""n_bins"": 6, ""discretization_method"": ""hartemink"", ""initial_bins"": 20}",20,30,200,28,/home/mathis/Documents/Travail/cbnsl_benchmark/scaling/../scaling/results/2026-03-30_20h11_sem_laplace/graphs/golden__v20_a30_g28.json,/home/mathis/Documents/Travail/cbnsl_benchmark/scaling/../scaling/results/2026-03-30_20h11_sem_laplace/graphs/NOTEARS Disc.__v20_a30_g28_s200.json,,27.43562466599542,24.0,20.0,0.47826086956521735,0.8524590163934426,0.7333333333333333,0.8666666666666667
sem_laplace,LiNGAM,"{""threshold_lingam"": 0.01}",20,30,200,28,/home/mathis/Documents/Travail/cbnsl_benchmark/scaling/../scaling/results/2026-03-30_20h11_sem_laplace/graphs/golden__v20_a30_g28.json,/home/mathis/Documents/Travail/cbnsl_benchmark/scaling/../scaling/results/2026-03-30_20h11_sem_laplace/graphs/LiNGAM__v20_a30_g28_s200.json,,1.1230089200034854,3.0,23.0,0.9180327868852458,0.9523809523809523,1.0,1.0
sem_laplace,CPC,"{""alpha"": 0.01, ""max_conditioning_set_size"": 2}",20,30,500,28,/home/mathis/Documents/Travail/cbnsl_benchmark/scaling/../scaling/results/2026-03-30_20h11_sem_laplace/graphs/golden__v20_a30_g28.json,/home/mathis/Documents/Travail/cbnsl_benchmark/scaling/../scaling/results/2026-03-30_20h11_sem_laplace/graphs/CPC__v20_a30_g28_s500.json,,0.4296552609957871,28.0,24.0,0.18181818181818182,0.6363636363636364,0.15789473684210525,0.4666666666666667
sem_laplace,CMIIC,"{""alpha"": 0.01}",20,30,500,28,/home/mathis/Documents/Travail/cbnsl_benchmark/scaling/../scaling/results/2026-03-30_20h11_sem_laplace/graphs/golden__v20_a30_g28.json,/home/mathis/Documents/Travail/cbnsl_benchmark/scaling/../scaling/results/2026-03-30_20h11_sem_laplace/graphs/CMIIC__v20_a30_g28_s500.json,,45.936610075004864,51.0,60.0,0.42352941176470593,0.6185567010309279,1.0,1.0
sem_laplace,MIIC,"{""n_bins"": 2, ""discretization_method"": ""quantile""}",20,30,500,28,/home/mathis/Documents/Travail/cbnsl_benchmark/scaling/../scaling/results/2026-03-30_20h11_sem_laplace/graphs/golden__v20_a30_g28.json,/home/mathis/Documents/Travail/cbnsl_benchmark/scaling/../scaling/results/2026-03-30_20h11_sem_laplace/graphs/MIIC__v20_a30_g28_s500.json,,0.11246612000104506,16.0,20.0,0.6382978723404256,0.9333333333333333,0.8823529411764706,0.9333333333333333
sem_laplace,GHC+BDeu,"{""n_bins"": 2, ""discretization_method"": ""quantile""}",20,30,500,28,/home/mathis/Documents/Travail/cbnsl_benchmark/scaling/../scaling/results/2026-03-30_20h11_sem_laplace/graphs/golden__v20_a30_g28.json,/home/mathis/Documents/Travail/cbnsl_benchmark/scaling/../scaling/results/2026-03-30_20h11_sem_laplace/graphs/GHC+BDeu__v20_a30_g28_s500.json,,0.07925666899973294,14.0,17.0,0.6808510638297872,0.9310344827586207,0.8421052631578947,0.9
sem_laplace,NOTEARS,"{""lambda1"": 0.0, ""w_threshold_notears"": 0.1}",20,30,500,28,/home/mathis/Documents/Travail/cbnsl_benchmark/scaling/../scaling/results/2026-03-30_20h11_sem_laplace/graphs/golden__v20_a30_g28.json,/home/mathis/Documents/Travail/cbnsl_benchmark/scaling/../scaling/results/2026-03-30_20h11_sem_laplace/graphs/NOTEARS__v20_a30_g28_s500.json,,10.445096679002745,27.0,34.0,0.6086956521739131,0.7692307692307693,1.0,1.0
sem_laplace,NOTEARS Disc.,"{""lambda1"": 0.3, ""w_threshold_notears"": 0.1, ""n_bins"": 6, ""discretization_method"": ""hartemink"", ""initial_bins"": 20}",20,30,500,28,/home/mathis/Documents/Travail/cbnsl_benchmark/scaling/../scaling/results/2026-03-30_20h11_sem_laplace/graphs/golden__v20_a30_g28.json,/home/mathis/Documents/Travail/cbnsl_benchmark/scaling/../scaling/results/2026-03-30_20h11_sem_laplace/graphs/NOTEARS Disc.__v20_a30_g28_s500.json,,41.571623609997914,13.0,19.0,0.8,0.9523809523809523,1.0,1.0
sem_laplace,LiNGAM,"{""threshold_lingam"": 0.01}",20,30,500,28,/home/mathis/Documents/Travail/cbnsl_benchmark/scaling/../scaling/results/2026-03-30_20h11_sem_laplace/graphs/golden__v20_a30_g28.json,/home/mathis/Documents/Travail/cbnsl_benchmark/scaling/../scaling/results/2026-03-30_20h11_sem_laplace/graphs/LiNGAM__v20_a30_g28_s500.json,,1.3263074709975626,1.0,14.0,0.9491525423728813,0.9836065573770492,1.0,1.0
sem_laplace,CPC,"{""alpha"": 0.01, ""max_conditioning_set_size"": 2}",20,30,1000,28,/home/mathis/Documents/Travail/cbnsl_benchmark/scaling/../scaling/results/2026-03-30_20h11_sem_laplace/graphs/golden__v20_a30_g28.json,/home/mathis/Documents/Travail/cbnsl_benchmark/scaling/../scaling/results/2026-03-30_20h11_sem_laplace/graphs/CPC__v20_a30_g28_s1000.json,,2.0689298899960704,20.0,25.0,0.46153846153846156,0.7234042553191489,0.4090909090909091,0.5666666666666667
sem_laplace,CMIIC,"{""alpha"": 0.01}",20,30,1000,28,/home/mathis/Documents/Travail/cbnsl_benchmark/scaling/../scaling/results/2026-03-30_20h11_sem_laplace/graphs/golden__v20_a30_g28.json,/home/mathis/Documents/Travail/cbnsl_benchmark/scaling/../scaling/results/2026-03-30_20h11_sem_laplace/graphs/CMIIC__v20_a30_g28_s1000.json,,114.78287151899713,34.0,45.0,0.5499999999999999,0.6818181818181819,1.0,1.0
sem_laplace,MIIC,"{""n_bins"": 2, ""discretization_method"": ""quantile""}",20,30,1000,28,/home/mathis/Documents/Travail/cbnsl_benchmark/scaling/../scaling/results/2026-03-30_20h11_sem_laplace/graphs/golden__v20_a30_g28.json,/home/mathis/Documents/Travail/cbnsl_benchmark/scaling/../scaling/results/2026-03-30_20h11_sem_laplace/graphs/MIIC__v20_a30_g28_s1000.json,,0.2351407210007892,9.0,11.0,0.8235294117647057,0.9655172413793104,0.9130434782608695,0.9333333333333333
sem_laplace,GHC+BDeu,"{""n_bins"": 2, ""discretization_method"": ""quantile""}",20,30,1000,28,/home/mathis/Documents/Travail/cbnsl_benchmark/scaling/../scaling/results/2026-03-30_20h11_sem_laplace/graphs/golden__v20_a30_g28.json,/home/mathis/Documents/Travail/cbnsl_benchmark/scaling/../scaling/results/2026-03-30_20h11_sem_laplace/graphs/GHC+BDeu__v20_a30_g28_s1000.json,,0.1403911160014104,27.0,24.0,0.4489795918367347,0.8125,0.7333333333333333,0.8666666666666667
sem_laplace,NOTEARS,"{""lambda1"": 0.0, ""w_threshold_notears"": 0.1}",20,30,1000,28,/home/mathis/Documents/Travail/cbnsl_benchmark/scaling/../scaling/results/2026-03-30_20h11_sem_laplace/graphs/golden__v20_a30_g28.json,/home/mathis/Documents/Travail/cbnsl_benchmark/scaling/../scaling/results/2026-03-30_20h11_sem_laplace/graphs/NOTEARS__v20_a30_g28_s1000.json,,36.77284115800285,7.0,18.0,0.8571428571428571,0.9090909090909091,1.0,1.0
sem_laplace,NOTEARS Disc.,"{""lambda1"": 0.3, ""w_threshold_notears"": 0.1, ""n_bins"": 6, ""discretization_method"": ""hartemink"", ""initial_bins"": 20}",20,30,1000,28,/home/mathis/Documents/Travail/cbnsl_benchmark/scaling/../scaling/results/2026-03-30_20h11_sem_laplace/graphs/golden__v20_a30_g28.json,/home/mathis/Documents/Travail/cbnsl_benchmark/scaling/../scaling/results/2026-03-30_20h11_sem_laplace/graphs/NOTEARS Disc.__v20_a30_g28_s1000.json,,74.5019368439971,11.0,17.0,0.7346938775510204,0.9666666666666667,0.9473684210526315,0.9666666666666667
sem_laplace,LiNGAM,"{""threshold_lingam"": 0.01}",20,30,1000,28,/home/mathis/Documents/Travail/cbnsl_benchmark/scaling/../scaling/results/2026-03-30_20h11_sem_laplace/graphs/golden__v20_a30_g28.json,/home/mathis/Documents/Travail/cbnsl_benchmark/scaling/../scaling/results/2026-03-30_20h11_sem_laplace/graphs/LiNGAM__v20_a30_g28_s1000.json,,2.0717279730015434,1.0,10.0,0.9491525423728813,0.9836065573770492,1.0,1.0
sem_laplace,CPC,"{""alpha"": 0.01, ""max_conditioning_set_size"": 2}",20,30,3000,28,/home/mathis/Documents/Travail/cbnsl_benchmark/scaling/../scaling/results/2026-03-30_20h11_sem_laplace/graphs/golden__v20_a30_g28.json,/home/mathis/Documents/Travail/cbnsl_benchmark/scaling/../scaling/results/2026-03-30_20h11_sem_laplace/graphs/CPC__v20_a30_g28_s3000.json,,33.653065086000424,21.0,15.0,0.5238095238095238,0.912280701754386,0.7333333333333333,0.8666666666666667
sem_laplace,CMIIC,"{""alpha"": 0.01}",20,30,3000,28,/home/mathis/Documents/Travail/cbnsl_benchmark/scaling/../scaling/results/2026-03-30_20h11_sem_laplace/graphs/golden__v20_a30_g28.json,/home/mathis/Documents/Travail/cbnsl_benchmark/scaling/../scaling/results/2026-03-30_20h11_sem_laplace/graphs/CMIIC__v20_a30_g28_s3000.json,,297.08583506799914,11.0,19.0,0.8,0.9090909090909091,1.0,1.0
sem_laplace,MIIC,"{""n_bins"": 2, ""discretization_method"": ""quantile""}",20,30,3000,28,/home/mathis/Documents/Travail/cbnsl_benchmark/scaling/../scaling/results/2026-03-30_20h11_sem_laplace/graphs/golden__v20_a30_g28.json,/home/mathis/Documents/Travail/cbnsl_benchmark/scaling/../scaling/results/2026-03-30_20h11_sem_laplace/graphs/MIIC__v20_a30_g28_s3000.json,,0.9457496729955892,9.0,15.0,0.8275862068965517,0.9206349206349207,0.96,0.9666666666666667
sem_laplace,GHC+BDeu,"{""n_bins"": 2, ""discretization_method"": ""quantile""}",20,30,3000,28,/home/mathis/Documents/Travail/cbnsl_benchmark/scaling/../scaling/results/2026-03-30_20h11_sem_laplace/graphs/golden__v20_a30_g28.json,/home/mathis/Documents/Travail/cbnsl_benchmark/scaling/../scaling/results/2026-03-30_20h11_sem_laplace/graphs/GHC+BDeu__v20_a30_g28_s3000.json,,0.3584950229997048,27.0,22.0,0.4615384615384615,0.8405797101449275,0.9230769230769231,0.9666666666666667
sem_laplace,NOTEARS,"{""lambda1"": 0.0, ""w_threshold_notears"": 0.1}",20,30,3000,28,/home/mathis/Documents/Travail/cbnsl_benchmark/scaling/../scaling/results/2026-03-30_20h11_sem_laplace/graphs/golden__v20_a30_g28.json,/home/mathis/Documents/Travail/cbnsl_benchmark/scaling/../scaling/results/2026-03-30_20h11_sem_laplace/graphs/NOTEARS__v20_a30_g28_s3000.json,,40.043293276998156,14.0,26.0,0.787878787878788,0.8571428571428571,1.0,1.0
sem_laplace,NOTEARS Disc.,"{""lambda1"": 0.3, ""w_threshold_notears"": 0.1, ""n_bins"": 6, ""discretization_method"": ""hartemink"", ""initial_bins"": 20}",20,30,3000,28,/home/mathis/Documents/Travail/cbnsl_benchmark/scaling/../scaling/results/2026-03-30_20h11_sem_laplace/graphs/golden__v20_a30_g28.json,/home/mathis/Documents/Travail/cbnsl_benchmark/scaling/../scaling/results/2026-03-30_20h11_sem_laplace/graphs/NOTEARS Disc.__v20_a30_g28_s3000.json,,168.80195353399904,9.0,14.0,0.8,0.9655172413793104,0.9090909090909091,0.9333333333333333
sem_laplace,LiNGAM,"{""threshold_lingam"": 0.01}",20,30,3000,28,/home/mathis/Documents/Travail/cbnsl_benchmark/scaling/../scaling/results/2026-03-30_20h11_sem_laplace/graphs/golden__v20_a30_g28.json,/home/mathis/Documents/Travail/cbnsl_benchmark/scaling/../scaling/results/2026-03-30_20h11_sem_laplace/graphs/LiNGAM__v20_a30_g28_s3000.json,,2.660340050999366,1.0,15.0,0.9491525423728813,0.9836065573770492,1.0,1.0
sem_laplace,CPC,"{""alpha"": 0.01, ""max_conditioning_set_size"": 2}",20,30,5000,28,/home/mathis/Documents/Travail/cbnsl_benchmark/scaling/../scaling/results/2026-03-30_20h11_sem_laplace/graphs/golden__v20_a30_g28.json,/home/mathis/Documents/Travail/cbnsl_benchmark/scaling/../scaling/results/2026-03-30_20h11_sem_laplace/graphs/CPC__v20_a30_g28_s5000.json,,81.33179344599921,19.0,14.0,0.5238095238095238,0.9666666666666667,0.9166666666666666,0.9666666666666667
sem_laplace,CMIIC,"{""alpha"": 0.01}",20,30,5000,28,/home/mathis/Documents/Travail/cbnsl_benchmark/scaling/../scaling/results/2026-03-30_20h11_sem_laplace/graphs/golden__v20_a30_g28.json,/home/mathis/Documents/Travail/cbnsl_benchmark/scaling/../scaling/results/2026-03-30_20h11_sem_laplace/graphs/CMIIC__v20_a30_g28_s5000.json,,396.5842267449989,3.0,14.0,0.9122807017543859,0.9836065573770492,1.0,1.0
sem_laplace,MIIC,"{""n_bins"": 2, ""discretization_method"": ""quantile""}",20,30,5000,28,/home/mathis/Documents/Travail/cbnsl_benchmark/scaling/../scaling/results/2026-03-30_20h11_sem_laplace/graphs/golden__v20_a30_g28.json,/home/mathis/Documents/Travail/cbnsl_benchmark/scaling/../scaling/results/2026-03-30_20h11_sem_laplace/graphs/MIIC__v20_a30_g28_s5000.json,,2.679828180000186,9.0,18.0,0.8387096774193549,0.8923076923076922,0.9629629629629629,0.9666666666666667
sem_laplace,GHC+BDeu,"{""n_bins"": 2, ""discretization_method"": ""quantile""}",20,30,5000,28,/home/mathis/Documents/Travail/cbnsl_benchmark/scaling/../scaling/results/2026-03-30_20h11_sem_laplace/graphs/golden__v20_a30_g28.json,/home/mathis/Documents/Travail/cbnsl_benchmark/scaling/../scaling/results/2026-03-30_20h11_sem_laplace/graphs/GHC+BDeu__v20_a30_g28_s5000.json,,0.8640899029996945,24.0,26.0,0.5263157894736842,0.8333333333333333,1.0,1.0
sem_laplace,NOTEARS,"{""lambda1"": 0.0, ""w_threshold_notears"": 0.1}",20,30,5000,28,/home/mathis/Documents/Travail/cbnsl_benchmark/scaling/../scaling/results/2026-03-30_20h11_sem_laplace/graphs/golden__v20_a30_g28.json,/home/mathis/Documents/Travail/cbnsl_benchmark/scaling/../scaling/results/2026-03-30_20h11_sem_laplace/graphs/NOTEARS__v20_a30_g28_s5000.json,,124.17242038400582,13.0,25.0,0.8,0.8695652173913044,1.0,1.0
sem_laplace,NOTEARS Disc.,"{""lambda1"": 0.3, ""w_threshold_notears"": 0.1, ""n_bins"": 6, ""discretization_method"": ""hartemink"", ""initial_bins"": 20}",20,30,5000,28,/home/mathis/Documents/Travail/cbnsl_benchmark/scaling/../scaling/results/2026-03-30_20h11_sem_laplace/graphs/golden__v20_a30_g28.json,/home/mathis/Documents/Travail/cbnsl_benchmark/scaling/../scaling/results/2026-03-30_20h11_sem_laplace/graphs/NOTEARS Disc.__v20_a30_g28_s5000.json,,291.90071441899636,2.0,13.0,0.9285714285714286,1.0,1.0,1.0
sem_laplace,LiNGAM,"{""threshold_lingam"": 0.01}",20,30,5000,28,/home/mathis/Documents/Travail/cbnsl_benchmark/scaling/../scaling/results/2026-03-30_20h11_sem_laplace/graphs/golden__v20_a30_g28.json,/home/mathis/Documents/Travail/cbnsl_benchmark/scaling/../scaling/results/2026-03-30_20h11_sem_laplace/graphs/LiNGAM__v20_a30_g28_s5000.json,,5.700085996999405,0.0,14.0,0.9655172413793104,1.0,1.0,1.0
sem_laplace,CPC,"{""alpha"": 0.01, ""max_conditioning_set_size"": 2}",20,30,200,29,/home/mathis/Documents/Travail/cbnsl_benchmark/scaling/../scaling/results/2026-03-30_20h11_sem_laplace/graphs/golden__v20_a30_g29.json,/home/mathis/Documents/Travail/cbnsl_benchmark/scaling/../scaling/results/2026-03-30_20h11_sem_laplace/graphs/CPC__v20_a30_g29_s200.json,,0.1253501219980535,28.0,30.0,0.18181818181818182,0.5,0.13043478260869565,0.3333333333333333
sem_laplace,CMIIC,"{""alpha"": 0.01}",20,30,200,29,/home/mathis/Documents/Travail/cbnsl_benchmark/scaling/../scaling/results/2026-03-30_20h11_sem_laplace/graphs/golden__v20_a30_g29.json,/home/mathis/Documents/Travail/cbnsl_benchmark/scaling/../scaling/results/2026-03-30_20h11_sem_laplace/graphs/CMIIC__v20_a30_g29_s200.json,,12.37690739500249,52.0,54.0,0.3902439024390244,0.5806451612903225,0.8421052631578947,0.9
sem_laplace,MIIC,"{""n_bins"": 2, ""discretization_method"": ""quantile""}",20,30,200,29,/home/mathis/Documents/Travail/cbnsl_benchmark/scaling/../scaling/results/2026-03-30_20h11_sem_laplace/graphs/golden__v20_a30_g29.json,/home/mathis/Documents/Travail/cbnsl_benchmark/scaling/../scaling/results/2026-03-30_20h11_sem_laplace/graphs/MIIC__v20_a30_g29_s200.json,,0.13100719700014452,17.0,23.0,0.11764705882352941,0.8571428571428571,0.25,0.8
sem_laplace,GHC+BDeu,"{""n_bins"": 2, ""discretization_method"": ""quantile""}",20,30,200,29,/home/mathis/Documents/Travail/cbnsl_benchmark/scaling/../scaling/results/2026-03-30_20h11_sem_laplace/graphs/golden__v20_a30_g29.json,/home/mathis/Documents/Travail/cbnsl_benchmark/scaling/../scaling/results/2026-03-30_20h11_sem_laplace/graphs/GHC+BDeu__v20_a30_g29_s200.json,,0.07943959299882408,31.0,27.0,0.3255813953488372,0.7368421052631577,0.4375,0.7
sem_laplace,NOTEARS,"{""lambda1"": 0.0, ""w_threshold_notears"": 0.1}",20,30,200,29,/home/mathis/Documents/Travail/cbnsl_benchmark/scaling/../scaling/results/2026-03-30_20h11_sem_laplace/graphs/golden__v20_a30_g29.json,/home/mathis/Documents/Travail/cbnsl_benchmark/scaling/../scaling/results/2026-03-30_20h11_sem_laplace/graphs/NOTEARS__v20_a30_g29_s200.json,,9.2120582619973,65.0,75.0,0.38,0.5272727272727272,0.95,0.9666666666666667
sem_laplace,NOTEARS Disc.,"{""lambda1"": 0.3, ""w_threshold_notears"": 0.1, ""n_bins"": 6, ""discretization_method"": ""hartemink"", ""initial_bins"": 20}",20,30,200,29,/home/mathis/Documents/Travail/cbnsl_benchmark/scaling/../scaling/results/2026-03-30_20h11_sem_laplace/graphs/golden__v20_a30_g29.json,,[pyAgrum] Directed cycle detected: Add a directed cycle in a dag !,,,,,,,
sem_laplace,LiNGAM,"{""threshold_lingam"": 0.01}",20,30,200,29,/home/mathis/Documents/Travail/cbnsl_benchmark/scaling/../scaling/results/2026-03-30_20h11_sem_laplace/graphs/golden__v20_a30_g29.json,/home/mathis/Documents/Travail/cbnsl_benchmark/scaling/../scaling/results/2026-03-30_20h11_sem_laplace/graphs/LiNGAM__v20_a30_g29_s200.json,,1.7059784040029626,14.0,26.0,0.7118644067796611,0.8484848484848485,0.9130434782608695,0.9333333333333333
sem_laplace,CPC,"{""alpha"": 0.01, ""max_conditioning_set_size"": 2}",20,30,500,29,/home/mathis/Documents/Travail/cbnsl_benchmark/scaling/../scaling/results/2026-03-30_20h11_sem_laplace/graphs/golden__v20_a30_g29.json,/home/mathis/Documents/Travail/cbnsl_benchmark/scaling/../scaling/results/2026-03-30_20h11_sem_laplace/graphs/CPC__v20_a30_g29_s500.json,,1.1199408000029507,30.0,28.0,0.0,0.4210526315789474,0.0,0.26666666666666666
sem_laplace,CMIIC,"{""alpha"": 0.01}",20,30,500,29,/home/mathis/Documents/Travail/cbnsl_benchmark/scaling/../scaling/results/2026-03-30_20h11_sem_laplace/graphs/golden__v20_a30_g29.json,/home/mathis/Documents/Travail/cbnsl_benchmark/scaling/../scaling/results/2026-03-30_20h11_sem_laplace/graphs/CMIIC__v20_a30_g29_s500.json,,58.273370077004074,43.0,52.0,0.5128205128205129,0.6511627906976745,0.9090909090909091,0.9333333333333333
sem_laplace,MIIC,"{""n_bins"": 2, ""discretization_method"": ""quantile""}",20,30,500,29,/home/mathis/Documents/Travail/cbnsl_benchmark/scaling/../scaling/results/2026-03-30_20h11_sem_laplace/graphs/golden__v20_a30_g29.json,/home/mathis/Documents/Travail/cbnsl_benchmark/scaling/../scaling/results/2026-03-30_20h11_sem_laplace/graphs/MIIC__v20_a30_g29_s500.json,,0.20672686800389783,21.0,17.0,0.5909090909090908,0.9310344827586207,0.8125,0.9
sem_laplace,GHC+BDeu,"{""n_bins"": 2, ""discretization_method"": ""quantile""}",20,30,500,29,/home/mathis/Documents/Travail/cbnsl_benchmark/scaling/../scaling/results/2026-03-30_20h11_sem_laplace/graphs/golden__v20_a30_g29.json,/home/mathis/Documents/Travail/cbnsl_benchmark/scaling/../scaling/results/2026-03-30_20h11_sem_laplace/graphs/GHC+BDeu__v20_a30_g29_s500.json,,0.1178430509971804,22.0,22.0,0.5714285714285714,0.8333333333333334,0.7368421052631579,0.8333333333333334
sem_laplace,NOTEARS,"{""lambda1"": 0.0, ""w_threshold_notears"": 0.1}",20,30,500,29,/home/mathis/Documents/Travail/cbnsl_benchmark/scaling/../scaling/results/2026-03-30_20h11_sem_laplace/graphs/golden__v20_a30_g29.json,/home/mathis/Documents/Travail/cbnsl_benchmark/scaling/../scaling/results/2026-03-30_20h11_sem_laplace/graphs/NOTEARS__v20_a30_g29_s500.json,,18.642123593999713,24.0,36.0,0.5915492957746479,0.7499999999999999,1.0,1.0
sem_laplace,NOTEARS Disc.,"{""lambda1"": 0.3, ""w_threshold_notears"": 0.1, ""n_bins"": 6, ""discretization_method"": ""hartemink"", ""initial_bins"": 20}",20,30,500,29,/home/mathis/Documents/Travail/cbnsl_benchmark/scaling/../scaling/results/2026-03-30_20h11_sem_laplace/graphs/golden__v20_a30_g29.json,,[pyAgrum] Directed cycle detected: Add a directed cycle in a dag !,,,,,,,
sem_laplace,LiNGAM,"{""threshold_lingam"": 0.01}",20,30,500,29,/home/mathis/Documents/Travail/cbnsl_benchmark/scaling/../scaling/results/2026-03-30_20h11_sem_laplace/graphs/golden__v20_a30_g29.json,/home/mathis/Documents/Travail/cbnsl_benchmark/scaling/../scaling/results/2026-03-30_20h11_sem_laplace/graphs/LiNGAM__v20_a30_g29_s500.json,,2.108627403002174,1.0,23.0,0.8518518518518519,0.9836065573770492,1.0,1.0
sem_laplace,CPC,"{""alpha"": 0.01, ""max_conditioning_set_size"": 2}",20,30,1000,29,/home/mathis/Documents/Travail/cbnsl_benchmark/scaling/../scaling/results/2026-03-30_20h11_sem_laplace/graphs/golden__v20_a30_g29.json,/home/mathis/Documents/Travail/cbnsl_benchmark/scaling/../scaling/results/2026-03-30_20h11_sem_laplace/graphs/CPC__v20_a30_g29_s1000.json,,6.095981346996268,24.0,24.0,0.42105263157894735,0.7755102040816326,0.42105263157894735,0.6333333333333333
sem_laplace,CMIIC,"{""alpha"": 0.01}",20,30,1000,29,/home/mathis/Documents/Travail/cbnsl_benchmark/scaling/../scaling/results/2026-03-30_20h11_sem_laplace/graphs/golden__v20_a30_g29.json,/home/mathis/Documents/Travail/cbnsl_benchmark/scaling/../scaling/results/2026-03-30_20h11_sem_laplace/graphs/CMIIC__v20_a30_g29_s1000.json,,223.14470062100008,41.0,47.0,0.5135135135135135,0.6585365853658537,0.8636363636363636,0.9
sem_laplace,MIIC,"{""n_bins"": 2, ""discretization_method"": ""quantile""}",20,30,1000,29,/home/mathis/Documents/Travail/cbnsl_benchmark/scaling/../scaling/results/2026-03-30_20h11_sem_laplace/graphs/golden__v20_a30_g29.json,/home/mathis/Documents/Travail/cbnsl_benchmark/scaling/../scaling/results/2026-03-30_20h11_sem_laplace/graphs/MIIC__v20_a30_g29_s1000.json,,0.41477795299579157,21.0,26.0,0.6382978723404256,0.8771929824561403,0.75,0.8333333333333334
sem_laplace,GHC+BDeu,"{""n_bins"": 2, ""discretization_method"": ""quantile""}",20,30,1000,29,/home/mathis/Documents/Travail/cbnsl_benchmark/scaling/../scaling/results/2026-03-30_20h11_sem_laplace/graphs/golden__v20_a30_g29.json,/home/mathis/Documents/Travail/cbnsl_benchmark/scaling/../scaling/results/2026-03-30_20h11_sem_laplace/graphs/GHC+BDeu__v20_a30_g29_s1000.json,,0.21079926600214094,18.0,23.0,0.6122448979591837,0.9206349206349207,0.9375,0.9666666666666667
sem_laplace,NOTEARS,"{""lambda1"": 0.0, ""w_threshold_notears"": 0.1}",20,30,1000,29,/home/mathis/Documents/Travail/cbnsl_benchmark/scaling/../scaling/results/2026-03-30_20h11_sem_laplace/graphs/golden__v20_a30_g29.json,/home/mathis/Documents/Travail/cbnsl_benchmark/scaling/../scaling/results/2026-03-30_20h11_sem_laplace/graphs/NOTEARS__v20_a30_g29_s1000.json,,74.04212265000388,12.0,28.0,0.7213114754098361,0.8695652173913044,1.0,1.0
sem_laplace,NOTEARS Disc.,"{""lambda1"": 0.3, ""w_threshold_notears"": 0.1, ""n_bins"": 6, ""discretization_method"": ""hartemink"", ""initial_bins"": 20}",20,30,1000,29,/home/mathis/Documents/Travail/cbnsl_benchmark/scaling/../scaling/results/2026-03-30_20h11_sem_laplace/graphs/golden__v20_a30_g29.json,,[pyAgrum] Directed cycle detected: Add a directed cycle in a dag !,,,,,,,
sem_laplace,LiNGAM,"{""threshold_lingam"": 0.01}",20,30,1000,29,/home/mathis/Documents/Travail/cbnsl_benchmark/scaling/../scaling/results/2026-03-30_20h11_sem_laplace/graphs/golden__v20_a30_g29.json,/home/mathis/Documents/Travail/cbnsl_benchmark/scaling/../scaling/results/2026-03-30_20h11_sem_laplace/graphs/LiNGAM__v20_a30_g29_s1000.json,,2.9123320639992016,0.0,16.0,0.8679245283018869,1.0,1.0,1.0
sem_laplace,CPC,"{""alpha"": 0.01, ""max_conditioning_set_size"": 2}",20,30,3000,29,/home/mathis/Documents/Travail/cbnsl_benchmark/scaling/../scaling/results/2026-03-30_20h11_sem_laplace/graphs/golden__v20_a30_g29.json,/home/mathis/Documents/Travail/cbnsl_benchmark/scaling/../scaling/results/2026-03-30_20h11_sem_laplace/graphs/CPC__v20_a30_g29_s3000.json,,102.20276889800152,26.0,31.0,0.4,0.896551724137931,0.6666666666666666,0.8666666666666667
sem_laplace,CMIIC,"{""alpha"": 0.01}",20,30,3000,29,/home/mathis/Documents/Travail/cbnsl_benchmark/scaling/../scaling/results/2026-03-30_20h11_sem_laplace/graphs/golden__v20_a30_g29.json,/home/mathis/Documents/Travail/cbnsl_benchmark/scaling/../scaling/results/2026-03-30_20h11_sem_laplace/graphs/CMIIC__v20_a30_g29_s3000.json,,582.650180042001,20.0,25.0,0.7017543859649124,0.84375,0.8695652173913043,0.9
sem_laplace,MIIC,"{""n_bins"": 2, ""discretization_method"": ""quantile""}",20,30,3000,29,/home/mathis/Documents/Travail/cbnsl_benchmark/scaling/../scaling/results/2026-03-30_20h11_sem_laplace/graphs/golden__v20_a30_g29.json,/home/mathis/Documents/Travail/cbnsl_benchmark/scaling/../scaling/results/2026-03-30_20h11_sem_laplace/graphs/MIIC__v20_a30_g29_s3000.json,,2.2040709540015087,22.0,21.0,0.7058823529411765,0.8813559322033899,0.8181818181818182,0.8666666666666667
sem_laplace,GHC+BDeu,"{""n_bins"": 2, ""discretization_method"": ""quantile""}",20,30,3000,29,/home/mathis/Documents/Travail/cbnsl_benchmark/scaling/../scaling/results/2026-03-30_20h11_sem_laplace/graphs/golden__v20_a30_g29.json,/home/mathis/Documents/Travail/cbnsl_benchmark/scaling/../scaling/results/2026-03-30_20h11_sem_laplace/graphs/GHC+BDeu__v20_a30_g29_s3000.json,,0.48163554000348086,28.0,31.0,0.5357142857142857,0.8450704225352113,1.0,1.0
sem_laplace,NOTEARS,"{""lambda1"": 0.0, ""w_threshold_notears"": 0.1}",20,30,3000,29,/home/mathis/Documents/Travail/cbnsl_benchmark/scaling/../scaling/results/2026-03-30_20h11_sem_laplace/graphs/golden__v20_a30_g29.json,/home/mathis/Documents/Travail/cbnsl_benchmark/scaling/../scaling/results/2026-03-30_20h11_sem_laplace/graphs/NOTEARS__v20_a30_g29_s3000.json,,200.93616059800115,15.0,26.0,0.7096774193548387,0.8571428571428571,1.0,1.0
sem_laplace,NOTEARS Disc.,"{""lambda1"": 0.3, ""w_threshold_notears"": 0.1, ""n_bins"": 6, ""discretization_method"": ""hartemink"", ""initial_bins"": 20}",20,30,3000,29,/home/mathis/Documents/Travail/cbnsl_benchmark/scaling/../scaling/results/2026-03-30_20h11_sem_laplace/graphs/golden__v20_a30_g29.json,/home/mathis/Documents/Travail/cbnsl_benchmark/scaling/../scaling/results/2026-03-30_20h11_sem_laplace/graphs/NOTEARS Disc.__v20_a30_g29_s3000.json,,229.02919138200377,17.0,21.0,0.6666666666666666,0.9152542372881356,0.8421052631578947,0.9
sem_laplace,LiNGAM,"{""threshold_lingam"": 0.01}",20,30,3000,29,/home/mathis/Documents/Travail/cbnsl_benchmark/scaling/../scaling/results/2026-03-30_20h11_sem_laplace/graphs/golden__v20_a30_g29.json,/home/mathis/Documents/Travail/cbnsl_benchmark/scaling/../scaling/results/2026-03-30_20h11_sem_laplace/graphs/LiNGAM__v20_a30_g29_s3000.json,,4.913242788003117,1.0,23.0,0.8518518518518519,0.9836065573770492,1.0,1.0
sem_laplace,CPC,"{""alpha"": 0.01, ""max_conditioning_set_size"": 2}",20,30,5000,29,/home/mathis/Documents/Travail/cbnsl_benchmark/scaling/../scaling/results/2026-03-30_20h11_sem_laplace/graphs/golden__v20_a30_g29.json,/home/mathis/Documents/Travail/cbnsl_benchmark/scaling/../scaling/results/2026-03-30_20h11_sem_laplace/graphs/CPC__v20_a30_g29_s5000.json,,274.4372303850032,25.0,21.0,0.37209302325581395,0.870967741935484,0.7272727272727273,0.9
sem_laplace,CMIIC,"{""alpha"": 0.01}",20,30,5000,29,/home/mathis/Documents/Travail/cbnsl_benchmark/scaling/../scaling/results/2026-03-30_20h11_sem_laplace/graphs/golden__v20_a30_g29.json,/home/mathis/Documents/Travail/cbnsl_benchmark/scaling/../scaling/results/2026-03-30_20h11_sem_laplace/graphs/CMIIC__v20_a30_g29_s5000.json,,1617.1279429459973,15.0,24.0,0.68,0.9,0.85,0.9
sem_laplace,MIIC,"{""n_bins"": 2, ""discretization_method"": ""quantile""}",20,30,5000,29,/home/mathis/Documents/Travail/cbnsl_benchmark/scaling/../scaling/results/2026-03-30_20h11_sem_laplace/graphs/golden__v20_a30_g29.json,/home/mathis/Documents/Travail/cbnsl_benchmark/scaling/../scaling/results/2026-03-30_20h11_sem_laplace/graphs/MIIC__v20_a30_g29_s5000.json,,3.6353424030021415,22.0,24.0,0.6415094339622641,0.8571428571428572,0.85,0.9
sem_laplace,GHC+BDeu,"{""n_bins"": 2, ""discretization_method"": ""quantile""}",20,30,5000,29,/home/mathis/Documents/Travail/cbnsl_benchmark/scaling/../scaling/results/2026-03-30_20h11_sem_laplace/graphs/golden__v20_a30_g29.json,/home/mathis/Documents/Travail/cbnsl_benchmark/scaling/../scaling/results/2026-03-30_20h11_sem_laplace/graphs/GHC+BDeu__v20_a30_g29_s5000.json,,0.6319642050002585,32.0,35.0,0.46428571428571425,0.8219178082191781,1.0,1.0
sem_laplace,NOTEARS,"{""lambda1"": 0.0, ""w_threshold_notears"": 0.1}",20,30,5000,29,/home/mathis/Documents/Travail/cbnsl_benchmark/scaling/../scaling/results/2026-03-30_20h11_sem_laplace/graphs/golden__v20_a30_g29.json,,[pyAgrum] Directed cycle detected: Add a directed cycle in a dag !,,,,,,,
sem_laplace,NOTEARS Disc.,"{""lambda1"": 0.3, ""w_threshold_notears"": 0.1, ""n_bins"": 6, ""discretization_method"": ""hartemink"", ""initial_bins"": 20}",20,30,5000,29,/home/mathis/Documents/Travail/cbnsl_benchmark/scaling/../scaling/results/2026-03-30_20h11_sem_laplace/graphs/golden__v20_a30_g29.json,,[pyAgrum] Directed cycle detected: Add a directed cycle in a dag !,,,,,,,
sem_laplace,LiNGAM,"{""threshold_lingam"": 0.01}",20,30,5000,29,/home/mathis/Documents/Travail/cbnsl_benchmark/scaling/../scaling/results/2026-03-30_20h11_sem_laplace/graphs/golden__v20_a30_g29.json,/home/mathis/Documents/Travail/cbnsl_benchmark/scaling/../scaling/results/2026-03-30_20h11_sem_laplace/graphs/LiNGAM__v20_a30_g29_s5000.json,,4.763460684000165,0.0,16.0,0.8679245283018869,1.0,1.0,1.0
