generator_name,algo,algo_params,n_vars,n_arcs,n_samples,graph_idx,golden_path,learned_path,error_msg,time_s,SHD,SHD_skeleton,F1-Score,F1-Score_skeleton,TPR,TPR_skeleton
SEM_gaussian,CPC,"{""alpha"": 0.1, ""max_conditioning_set_size"": 2}",5,8,200,0,/home/mathis/Documents/Travail/cbnsl_benchmark/scaling/../scaling/results/2026-03-19_14h04_SEM_gaussian/graphs/golden__v5_a8_g0.json,/home/mathis/Documents/Travail/cbnsl_benchmark/scaling/../scaling/results/2026-03-19_14h04_SEM_gaussian/graphs/CPC__v5_a8_g0_s200.json,,0.027594959999987623,8.0,8.0,0.0,0.0,0.0,0.0
SEM_gaussian,CMIIC,"{""alpha"": 0.01}",5,8,200,0,/home/mathis/Documents/Travail/cbnsl_benchmark/scaling/../scaling/results/2026-03-19_14h04_SEM_gaussian/graphs/golden__v5_a8_g0.json,/home/mathis/Documents/Travail/cbnsl_benchmark/scaling/../scaling/results/2026-03-19_14h04_SEM_gaussian/graphs/CMIIC__v5_a8_g0_s200.json,,0.031755583000631304,8.0,2.0,0.0,0.888888888888889,0.0,1.0
SEM_gaussian,MIIC,"{""n_bins"": 2, ""discretization_method"": ""quantile""}",5,8,200,0,/home/mathis/Documents/Travail/cbnsl_benchmark/scaling/../scaling/results/2026-03-19_14h04_SEM_gaussian/graphs/golden__v5_a8_g0.json,/home/mathis/Documents/Travail/cbnsl_benchmark/scaling/../scaling/results/2026-03-19_14h04_SEM_gaussian/graphs/MIIC__v5_a8_g0_s200.json,,0.016248435000306927,8.0,2.0,0.0,0.8571428571428571,0.0,0.75
SEM_gaussian,GHC+BDeu,"{""n_bins"": 4, ""discretization_method"": ""quantile""}",5,8,200,0,/home/mathis/Documents/Travail/cbnsl_benchmark/scaling/../scaling/results/2026-03-19_14h04_SEM_gaussian/graphs/golden__v5_a8_g0.json,/home/mathis/Documents/Travail/cbnsl_benchmark/scaling/../scaling/results/2026-03-19_14h04_SEM_gaussian/graphs/GHC+BDeu__v5_a8_g0_s200.json,,0.017045330998371355,8.0,4.0,0.0,0.6666666666666666,0.0,0.5
SEM_gaussian,NOTEARS,"{""lambda1"": 0.1, ""w_threshold_notears"": 0.1}",5,8,200,0,/home/mathis/Documents/Travail/cbnsl_benchmark/scaling/../scaling/results/2026-03-19_14h04_SEM_gaussian/graphs/golden__v5_a8_g0.json,/home/mathis/Documents/Travail/cbnsl_benchmark/scaling/../scaling/results/2026-03-19_14h04_SEM_gaussian/graphs/NOTEARS__v5_a8_g0_s200.json,,0.6952049459978298,8.0,2.0,0.0,0.8571428571428571,0.0,0.75
SEM_gaussian,NOTEARS Disc.,"{""lambda1"": 0.1, ""w_threshold_notears"": 0.1, ""n_bins"": 6, ""initial_bins"": 20, ""discretization_method"": ""hartemink""}",5,8,200,0,/home/mathis/Documents/Travail/cbnsl_benchmark/scaling/../scaling/results/2026-03-19_14h04_SEM_gaussian/graphs/golden__v5_a8_g0.json,/home/mathis/Documents/Travail/cbnsl_benchmark/scaling/../scaling/results/2026-03-19_14h04_SEM_gaussian/graphs/NOTEARS Disc.__v5_a8_g0_s200.json,,2.7442946619994473,6.0,1.0,0.0,0.9333333333333333,0.0,0.875
SEM_gaussian,LiNGAM,"{""threshold_lingam"": 0.01}",5,8,200,0,/home/mathis/Documents/Travail/cbnsl_benchmark/scaling/../scaling/results/2026-03-19_14h04_SEM_gaussian/graphs/golden__v5_a8_g0.json,/home/mathis/Documents/Travail/cbnsl_benchmark/scaling/../scaling/results/2026-03-19_14h04_SEM_gaussian/graphs/LiNGAM__v5_a8_g0_s200.json,,0.06434426199848531,6.0,3.0,0.5,0.7999999999999999,0.6,0.75
SEM_gaussian,CPC,"{""alpha"": 0.1, ""max_conditioning_set_size"": 2}",5,8,500,0,/home/mathis/Documents/Travail/cbnsl_benchmark/scaling/../scaling/results/2026-03-19_14h04_SEM_gaussian/graphs/golden__v5_a8_g0.json,/home/mathis/Documents/Travail/cbnsl_benchmark/scaling/../scaling/results/2026-03-19_14h04_SEM_gaussian/graphs/CPC__v5_a8_g0_s500.json,,0.13416969299942139,8.0,8.0,0.0,0.0,0.0,0.0
SEM_gaussian,CMIIC,"{""alpha"": 0.01}",5,8,500,0,/home/mathis/Documents/Travail/cbnsl_benchmark/scaling/../scaling/results/2026-03-19_14h04_SEM_gaussian/graphs/golden__v5_a8_g0.json,/home/mathis/Documents/Travail/cbnsl_benchmark/scaling/../scaling/results/2026-03-19_14h04_SEM_gaussian/graphs/CMIIC__v5_a8_g0_s500.json,,0.11501348099773168,6.0,0.0,0.0,1.0,0.0,1.0
SEM_gaussian,MIIC,"{""n_bins"": 2, ""discretization_method"": ""quantile""}",5,8,500,0,/home/mathis/Documents/Travail/cbnsl_benchmark/scaling/../scaling/results/2026-03-19_14h04_SEM_gaussian/graphs/golden__v5_a8_g0.json,/home/mathis/Documents/Travail/cbnsl_benchmark/scaling/../scaling/results/2026-03-19_14h04_SEM_gaussian/graphs/MIIC__v5_a8_g0_s500.json,,0.025416357999347383,6.0,1.0,0.0,0.9333333333333333,0.0,0.875
SEM_gaussian,GHC+BDeu,"{""n_bins"": 4, ""discretization_method"": ""quantile""}",5,8,500,0,/home/mathis/Documents/Travail/cbnsl_benchmark/scaling/../scaling/results/2026-03-19_14h04_SEM_gaussian/graphs/golden__v5_a8_g0.json,/home/mathis/Documents/Travail/cbnsl_benchmark/scaling/../scaling/results/2026-03-19_14h04_SEM_gaussian/graphs/GHC+BDeu__v5_a8_g0_s500.json,,0.02879238599780365,8.0,4.0,0.0,0.6666666666666666,0.0,0.5
SEM_gaussian,NOTEARS,"{""lambda1"": 0.1, ""w_threshold_notears"": 0.1}",5,8,500,0,/home/mathis/Documents/Travail/cbnsl_benchmark/scaling/../scaling/results/2026-03-19_14h04_SEM_gaussian/graphs/golden__v5_a8_g0.json,/home/mathis/Documents/Travail/cbnsl_benchmark/scaling/../scaling/results/2026-03-19_14h04_SEM_gaussian/graphs/NOTEARS__v5_a8_g0_s500.json,,0.4506610019998334,8.0,2.0,0.0,0.8571428571428571,0.0,0.75
SEM_gaussian,NOTEARS Disc.,"{""lambda1"": 0.1, ""w_threshold_notears"": 0.1, ""n_bins"": 6, ""initial_bins"": 20, ""discretization_method"": ""hartemink""}",5,8,500,0,/home/mathis/Documents/Travail/cbnsl_benchmark/scaling/../scaling/results/2026-03-19_14h04_SEM_gaussian/graphs/golden__v5_a8_g0.json,/home/mathis/Documents/Travail/cbnsl_benchmark/scaling/../scaling/results/2026-03-19_14h04_SEM_gaussian/graphs/NOTEARS Disc.__v5_a8_g0_s500.json,,3.116744255999947,6.0,0.0,0.0,1.0,0.0,1.0
SEM_gaussian,LiNGAM,"{""threshold_lingam"": 0.01}",5,8,500,0,/home/mathis/Documents/Travail/cbnsl_benchmark/scaling/../scaling/results/2026-03-19_14h04_SEM_gaussian/graphs/golden__v5_a8_g0.json,/home/mathis/Documents/Travail/cbnsl_benchmark/scaling/../scaling/results/2026-03-19_14h04_SEM_gaussian/graphs/LiNGAM__v5_a8_g0_s500.json,,0.08403018800163409,8.0,2.0,0.0,0.8571428571428571,0.0,0.75
SEM_gaussian,CPC,"{""alpha"": 0.1, ""max_conditioning_set_size"": 2}",5,8,1000,0,/home/mathis/Documents/Travail/cbnsl_benchmark/scaling/../scaling/results/2026-03-19_14h04_SEM_gaussian/graphs/golden__v5_a8_g0.json,/home/mathis/Documents/Travail/cbnsl_benchmark/scaling/../scaling/results/2026-03-19_14h04_SEM_gaussian/graphs/CPC__v5_a8_g0_s1000.json,,0.34904921099951025,8.0,2.0,0.0,0.8571428571428571,0.0,0.75
SEM_gaussian,CMIIC,"{""alpha"": 0.01}",5,8,1000,0,/home/mathis/Documents/Travail/cbnsl_benchmark/scaling/../scaling/results/2026-03-19_14h04_SEM_gaussian/graphs/golden__v5_a8_g0.json,/home/mathis/Documents/Travail/cbnsl_benchmark/scaling/../scaling/results/2026-03-19_14h04_SEM_gaussian/graphs/CMIIC__v5_a8_g0_s1000.json,,0.4220335950012668,6.0,0.0,0.0,1.0,0.0,1.0
SEM_gaussian,MIIC,"{""n_bins"": 2, ""discretization_method"": ""quantile""}",5,8,1000,0,/home/mathis/Documents/Travail/cbnsl_benchmark/scaling/../scaling/results/2026-03-19_14h04_SEM_gaussian/graphs/golden__v5_a8_g0.json,/home/mathis/Documents/Travail/cbnsl_benchmark/scaling/../scaling/results/2026-03-19_14h04_SEM_gaussian/graphs/MIIC__v5_a8_g0_s1000.json,,0.03136002500104951,6.0,1.0,0.0,0.9333333333333333,0.0,0.875
SEM_gaussian,GHC+BDeu,"{""n_bins"": 4, ""discretization_method"": ""quantile""}",5,8,1000,0,/home/mathis/Documents/Travail/cbnsl_benchmark/scaling/../scaling/results/2026-03-19_14h04_SEM_gaussian/graphs/golden__v5_a8_g0.json,/home/mathis/Documents/Travail/cbnsl_benchmark/scaling/../scaling/results/2026-03-19_14h04_SEM_gaussian/graphs/GHC+BDeu__v5_a8_g0_s1000.json,,0.03184909199990216,7.0,4.0,0.0,0.6666666666666666,0.0,0.5
SEM_gaussian,NOTEARS,"{""lambda1"": 0.1, ""w_threshold_notears"": 0.1}",5,8,1000,0,/home/mathis/Documents/Travail/cbnsl_benchmark/scaling/../scaling/results/2026-03-19_14h04_SEM_gaussian/graphs/golden__v5_a8_g0.json,/home/mathis/Documents/Travail/cbnsl_benchmark/scaling/../scaling/results/2026-03-19_14h04_SEM_gaussian/graphs/NOTEARS__v5_a8_g0_s1000.json,,0.6546716099983314,7.0,1.0,0.0,0.9333333333333333,0.0,0.875
SEM_gaussian,NOTEARS Disc.,"{""lambda1"": 0.1, ""w_threshold_notears"": 0.1, ""n_bins"": 6, ""initial_bins"": 20, ""discretization_method"": ""hartemink""}",5,8,1000,0,/home/mathis/Documents/Travail/cbnsl_benchmark/scaling/../scaling/results/2026-03-19_14h04_SEM_gaussian/graphs/golden__v5_a8_g0.json,/home/mathis/Documents/Travail/cbnsl_benchmark/scaling/../scaling/results/2026-03-19_14h04_SEM_gaussian/graphs/NOTEARS Disc.__v5_a8_g0_s1000.json,,4.529681545998756,6.0,0.0,0.0,1.0,0.0,1.0
SEM_gaussian,LiNGAM,"{""threshold_lingam"": 0.01}",5,8,1000,0,/home/mathis/Documents/Travail/cbnsl_benchmark/scaling/../scaling/results/2026-03-19_14h04_SEM_gaussian/graphs/golden__v5_a8_g0.json,/home/mathis/Documents/Travail/cbnsl_benchmark/scaling/../scaling/results/2026-03-19_14h04_SEM_gaussian/graphs/LiNGAM__v5_a8_g0_s1000.json,,0.08519811400037725,7.0,1.0,0.0,0.9333333333333333,0.0,0.875
SEM_gaussian,CPC,"{""alpha"": 0.1, ""max_conditioning_set_size"": 2}",5,8,2000,0,/home/mathis/Documents/Travail/cbnsl_benchmark/scaling/../scaling/results/2026-03-19_14h04_SEM_gaussian/graphs/golden__v5_a8_g0.json,/home/mathis/Documents/Travail/cbnsl_benchmark/scaling/../scaling/results/2026-03-19_14h04_SEM_gaussian/graphs/CPC__v5_a8_g0_s2000.json,,1.2915267540010973,8.0,0.0,0.0,1.0,0.0,1.0
SEM_gaussian,CMIIC,"{""alpha"": 0.01}",5,8,2000,0,/home/mathis/Documents/Travail/cbnsl_benchmark/scaling/../scaling/results/2026-03-19_14h04_SEM_gaussian/graphs/golden__v5_a8_g0.json,/home/mathis/Documents/Travail/cbnsl_benchmark/scaling/../scaling/results/2026-03-19_14h04_SEM_gaussian/graphs/CMIIC__v5_a8_g0_s2000.json,,1.4656424800014065,6.0,0.0,0.0,1.0,0.0,1.0
SEM_gaussian,MIIC,"{""n_bins"": 2, ""discretization_method"": ""quantile""}",5,8,2000,0,/home/mathis/Documents/Travail/cbnsl_benchmark/scaling/../scaling/results/2026-03-19_14h04_SEM_gaussian/graphs/golden__v5_a8_g0.json,/home/mathis/Documents/Travail/cbnsl_benchmark/scaling/../scaling/results/2026-03-19_14h04_SEM_gaussian/graphs/MIIC__v5_a8_g0_s2000.json,,0.054297349000989925,6.0,0.0,0.0,1.0,0.0,1.0
SEM_gaussian,GHC+BDeu,"{""n_bins"": 4, ""discretization_method"": ""quantile""}",5,8,2000,0,/home/mathis/Documents/Travail/cbnsl_benchmark/scaling/../scaling/results/2026-03-19_14h04_SEM_gaussian/graphs/golden__v5_a8_g0.json,/home/mathis/Documents/Travail/cbnsl_benchmark/scaling/../scaling/results/2026-03-19_14h04_SEM_gaussian/graphs/GHC+BDeu__v5_a8_g0_s2000.json,,0.05255753100209404,6.0,2.0,0.0,0.8571428571428571,0.0,0.75
SEM_gaussian,NOTEARS,"{""lambda1"": 0.1, ""w_threshold_notears"": 0.1}",5,8,2000,0,/home/mathis/Documents/Travail/cbnsl_benchmark/scaling/../scaling/results/2026-03-19_14h04_SEM_gaussian/graphs/golden__v5_a8_g0.json,/home/mathis/Documents/Travail/cbnsl_benchmark/scaling/../scaling/results/2026-03-19_14h04_SEM_gaussian/graphs/NOTEARS__v5_a8_g0_s2000.json,,0.6409079049990396,7.0,1.0,0.0,0.9333333333333333,0.0,0.875
SEM_gaussian,NOTEARS Disc.,"{""lambda1"": 0.1, ""w_threshold_notears"": 0.1, ""n_bins"": 6, ""initial_bins"": 20, ""discretization_method"": ""hartemink""}",5,8,2000,0,/home/mathis/Documents/Travail/cbnsl_benchmark/scaling/../scaling/results/2026-03-19_14h04_SEM_gaussian/graphs/golden__v5_a8_g0.json,/home/mathis/Documents/Travail/cbnsl_benchmark/scaling/../scaling/results/2026-03-19_14h04_SEM_gaussian/graphs/NOTEARS Disc.__v5_a8_g0_s2000.json,,7.6262463330022,6.0,0.0,0.0,1.0,0.0,1.0
SEM_gaussian,LiNGAM,"{""threshold_lingam"": 0.01}",5,8,2000,0,/home/mathis/Documents/Travail/cbnsl_benchmark/scaling/../scaling/results/2026-03-19_14h04_SEM_gaussian/graphs/golden__v5_a8_g0.json,/home/mathis/Documents/Travail/cbnsl_benchmark/scaling/../scaling/results/2026-03-19_14h04_SEM_gaussian/graphs/LiNGAM__v5_a8_g0_s2000.json,,0.11223058000177843,6.0,0.0,0.0,1.0,0.0,1.0
SEM_gaussian,CPC,"{""alpha"": 0.1, ""max_conditioning_set_size"": 2}",5,8,3500,0,/home/mathis/Documents/Travail/cbnsl_benchmark/scaling/../scaling/results/2026-03-19_14h04_SEM_gaussian/graphs/golden__v5_a8_g0.json,/home/mathis/Documents/Travail/cbnsl_benchmark/scaling/../scaling/results/2026-03-19_14h04_SEM_gaussian/graphs/CPC__v5_a8_g0_s3500.json,,4.258833307001623,2.0,1.0,0.7142857142857143,0.9411764705882353,1.0,1.0
SEM_gaussian,CMIIC,"{""alpha"": 0.01}",5,8,3500,0,/home/mathis/Documents/Travail/cbnsl_benchmark/scaling/../scaling/results/2026-03-19_14h04_SEM_gaussian/graphs/golden__v5_a8_g0.json,/home/mathis/Documents/Travail/cbnsl_benchmark/scaling/../scaling/results/2026-03-19_14h04_SEM_gaussian/graphs/CMIIC__v5_a8_g0_s3500.json,,4.923309408000932,6.0,0.0,0.0,1.0,0.0,1.0
SEM_gaussian,MIIC,"{""n_bins"": 2, ""discretization_method"": ""quantile""}",5,8,3500,0,/home/mathis/Documents/Travail/cbnsl_benchmark/scaling/../scaling/results/2026-03-19_14h04_SEM_gaussian/graphs/golden__v5_a8_g0.json,/home/mathis/Documents/Travail/cbnsl_benchmark/scaling/../scaling/results/2026-03-19_14h04_SEM_gaussian/graphs/MIIC__v5_a8_g0_s3500.json,,0.11029011000209721,7.0,1.0,0.0,0.9411764705882353,0.0,1.0
SEM_gaussian,GHC+BDeu,"{""n_bins"": 4, ""discretization_method"": ""quantile""}",5,8,3500,0,/home/mathis/Documents/Travail/cbnsl_benchmark/scaling/../scaling/results/2026-03-19_14h04_SEM_gaussian/graphs/golden__v5_a8_g0.json,/home/mathis/Documents/Travail/cbnsl_benchmark/scaling/../scaling/results/2026-03-19_14h04_SEM_gaussian/graphs/GHC+BDeu__v5_a8_g0_s3500.json,,0.08935168699827045,6.0,1.0,0.0,0.9333333333333333,0.0,0.875
SEM_gaussian,NOTEARS,"{""lambda1"": 0.1, ""w_threshold_notears"": 0.1}",5,8,3500,0,/home/mathis/Documents/Travail/cbnsl_benchmark/scaling/../scaling/results/2026-03-19_14h04_SEM_gaussian/graphs/golden__v5_a8_g0.json,/home/mathis/Documents/Travail/cbnsl_benchmark/scaling/../scaling/results/2026-03-19_14h04_SEM_gaussian/graphs/NOTEARS__v5_a8_g0_s3500.json,,1.19247275899761,7.0,1.0,0.0,0.9333333333333333,0.0,0.875
SEM_gaussian,NOTEARS Disc.,"{""lambda1"": 0.1, ""w_threshold_notears"": 0.1, ""n_bins"": 6, ""initial_bins"": 20, ""discretization_method"": ""hartemink""}",5,8,3500,0,/home/mathis/Documents/Travail/cbnsl_benchmark/scaling/../scaling/results/2026-03-19_14h04_SEM_gaussian/graphs/golden__v5_a8_g0.json,/home/mathis/Documents/Travail/cbnsl_benchmark/scaling/../scaling/results/2026-03-19_14h04_SEM_gaussian/graphs/NOTEARS Disc.__v5_a8_g0_s3500.json,,12.140032792998682,6.0,0.0,0.0,1.0,0.0,1.0
SEM_gaussian,LiNGAM,"{""threshold_lingam"": 0.01}",5,8,3500,0,/home/mathis/Documents/Travail/cbnsl_benchmark/scaling/../scaling/results/2026-03-19_14h04_SEM_gaussian/graphs/golden__v5_a8_g0.json,/home/mathis/Documents/Travail/cbnsl_benchmark/scaling/../scaling/results/2026-03-19_14h04_SEM_gaussian/graphs/LiNGAM__v5_a8_g0_s3500.json,,0.12822886600042693,9.0,5.0,0.0,0.875,0.0,0.875
SEM_gaussian,CPC,"{""alpha"": 0.1, ""max_conditioning_set_size"": 2}",5,8,5000,0,/home/mathis/Documents/Travail/cbnsl_benchmark/scaling/../scaling/results/2026-03-19_14h04_SEM_gaussian/graphs/golden__v5_a8_g0.json,/home/mathis/Documents/Travail/cbnsl_benchmark/scaling/../scaling/results/2026-03-19_14h04_SEM_gaussian/graphs/CPC__v5_a8_g0_s5000.json,,8.428046879002068,2.0,1.0,0.7142857142857143,0.9411764705882353,1.0,1.0
SEM_gaussian,CMIIC,"{""alpha"": 0.01}",5,8,5000,0,/home/mathis/Documents/Travail/cbnsl_benchmark/scaling/../scaling/results/2026-03-19_14h04_SEM_gaussian/graphs/golden__v5_a8_g0.json,/home/mathis/Documents/Travail/cbnsl_benchmark/scaling/../scaling/results/2026-03-19_14h04_SEM_gaussian/graphs/CMIIC__v5_a8_g0_s5000.json,,11.00144886400085,6.0,0.0,0.0,1.0,0.0,1.0
SEM_gaussian,MIIC,"{""n_bins"": 2, ""discretization_method"": ""quantile""}",5,8,5000,0,/home/mathis/Documents/Travail/cbnsl_benchmark/scaling/../scaling/results/2026-03-19_14h04_SEM_gaussian/graphs/golden__v5_a8_g0.json,/home/mathis/Documents/Travail/cbnsl_benchmark/scaling/../scaling/results/2026-03-19_14h04_SEM_gaussian/graphs/MIIC__v5_a8_g0_s5000.json,,0.16503780700077186,7.0,1.0,0.0,0.9411764705882353,0.0,1.0
SEM_gaussian,GHC+BDeu,"{""n_bins"": 4, ""discretization_method"": ""quantile""}",5,8,5000,0,/home/mathis/Documents/Travail/cbnsl_benchmark/scaling/../scaling/results/2026-03-19_14h04_SEM_gaussian/graphs/golden__v5_a8_g0.json,/home/mathis/Documents/Travail/cbnsl_benchmark/scaling/../scaling/results/2026-03-19_14h04_SEM_gaussian/graphs/GHC+BDeu__v5_a8_g0_s5000.json,,0.1347285119991284,6.0,1.0,0.0,0.9333333333333333,0.0,0.875
SEM_gaussian,NOTEARS,"{""lambda1"": 0.1, ""w_threshold_notears"": 0.1}",5,8,5000,0,/home/mathis/Documents/Travail/cbnsl_benchmark/scaling/../scaling/results/2026-03-19_14h04_SEM_gaussian/graphs/golden__v5_a8_g0.json,/home/mathis/Documents/Travail/cbnsl_benchmark/scaling/../scaling/results/2026-03-19_14h04_SEM_gaussian/graphs/NOTEARS__v5_a8_g0_s5000.json,,1.5635902260000876,7.0,1.0,0.0,0.9333333333333333,0.0,0.875
SEM_gaussian,NOTEARS Disc.,"{""lambda1"": 0.1, ""w_threshold_notears"": 0.1, ""n_bins"": 6, ""initial_bins"": 20, ""discretization_method"": ""hartemink""}",5,8,5000,0,/home/mathis/Documents/Travail/cbnsl_benchmark/scaling/../scaling/results/2026-03-19_14h04_SEM_gaussian/graphs/golden__v5_a8_g0.json,/home/mathis/Documents/Travail/cbnsl_benchmark/scaling/../scaling/results/2026-03-19_14h04_SEM_gaussian/graphs/NOTEARS Disc.__v5_a8_g0_s5000.json,,16.125960448000114,6.0,0.0,0.0,1.0,0.0,1.0
SEM_gaussian,LiNGAM,"{""threshold_lingam"": 0.01}",5,8,5000,0,/home/mathis/Documents/Travail/cbnsl_benchmark/scaling/../scaling/results/2026-03-19_14h04_SEM_gaussian/graphs/golden__v5_a8_g0.json,/home/mathis/Documents/Travail/cbnsl_benchmark/scaling/../scaling/results/2026-03-19_14h04_SEM_gaussian/graphs/LiNGAM__v5_a8_g0_s5000.json,,0.17743694499949925,7.0,1.0,0.0,0.9411764705882353,0.0,1.0
SEM_gaussian,CPC,"{""alpha"": 0.1, ""max_conditioning_set_size"": 2}",5,8,200,1,/home/mathis/Documents/Travail/cbnsl_benchmark/scaling/../scaling/results/2026-03-19_14h04_SEM_gaussian/graphs/golden__v5_a8_g1.json,/home/mathis/Documents/Travail/cbnsl_benchmark/scaling/../scaling/results/2026-03-19_14h04_SEM_gaussian/graphs/CPC__v5_a8_g1_s200.json,,0.009822528998483904,8.0,8.0,0.0,0.0,0.0,0.0
SEM_gaussian,CMIIC,"{""alpha"": 0.01}",5,8,200,1,/home/mathis/Documents/Travail/cbnsl_benchmark/scaling/../scaling/results/2026-03-19_14h04_SEM_gaussian/graphs/golden__v5_a8_g1.json,/home/mathis/Documents/Travail/cbnsl_benchmark/scaling/../scaling/results/2026-03-19_14h04_SEM_gaussian/graphs/CMIIC__v5_a8_g1_s200.json,,0.036535786999593256,2.0,1.0,0.8571428571428571,0.9333333333333333,0.8571428571428571,0.875
SEM_gaussian,MIIC,"{""n_bins"": 2, ""discretization_method"": ""quantile""}",5,8,200,1,/home/mathis/Documents/Travail/cbnsl_benchmark/scaling/../scaling/results/2026-03-19_14h04_SEM_gaussian/graphs/golden__v5_a8_g1.json,/home/mathis/Documents/Travail/cbnsl_benchmark/scaling/../scaling/results/2026-03-19_14h04_SEM_gaussian/graphs/MIIC__v5_a8_g1_s200.json,,0.015661517998523777,8.0,4.0,0.0,0.6666666666666666,0.0,0.5
SEM_gaussian,GHC+BDeu,"{""n_bins"": 4, ""discretization_method"": ""quantile""}",5,8,200,1,/home/mathis/Documents/Travail/cbnsl_benchmark/scaling/../scaling/results/2026-03-19_14h04_SEM_gaussian/graphs/golden__v5_a8_g1.json,/home/mathis/Documents/Travail/cbnsl_benchmark/scaling/../scaling/results/2026-03-19_14h04_SEM_gaussian/graphs/GHC+BDeu__v5_a8_g1_s200.json,,0.01645391200145241,7.0,4.0,0.0,0.6666666666666666,0.0,0.5
SEM_gaussian,NOTEARS,"{""lambda1"": 0.1, ""w_threshold_notears"": 0.1}",5,8,200,1,/home/mathis/Documents/Travail/cbnsl_benchmark/scaling/../scaling/results/2026-03-19_14h04_SEM_gaussian/graphs/golden__v5_a8_g1.json,/home/mathis/Documents/Travail/cbnsl_benchmark/scaling/../scaling/results/2026-03-19_14h04_SEM_gaussian/graphs/NOTEARS__v5_a8_g1_s200.json,,0.6189330199995311,8.0,6.0,0.0,0.7999999999999999,0.0,0.75
SEM_gaussian,NOTEARS Disc.,"{""lambda1"": 0.1, ""w_threshold_notears"": 0.1, ""n_bins"": 6, ""initial_bins"": 20, ""discretization_method"": ""hartemink""}",5,8,200,1,/home/mathis/Documents/Travail/cbnsl_benchmark/scaling/../scaling/results/2026-03-19_14h04_SEM_gaussian/graphs/golden__v5_a8_g1.json,/home/mathis/Documents/Travail/cbnsl_benchmark/scaling/../scaling/results/2026-03-19_14h04_SEM_gaussian/graphs/NOTEARS Disc.__v5_a8_g1_s200.json,,2.6815080939995823,9.0,3.0,0.0,0.823529411764706,0.0,0.875
SEM_gaussian,LiNGAM,"{""threshold_lingam"": 0.01}",5,8,200,1,/home/mathis/Documents/Travail/cbnsl_benchmark/scaling/../scaling/results/2026-03-19_14h04_SEM_gaussian/graphs/golden__v5_a8_g1.json,/home/mathis/Documents/Travail/cbnsl_benchmark/scaling/../scaling/results/2026-03-19_14h04_SEM_gaussian/graphs/LiNGAM__v5_a8_g1_s200.json,,0.07906069999808096,8.0,5.0,0.2,0.875,0.5,0.875
SEM_gaussian,CPC,"{""alpha"": 0.1, ""max_conditioning_set_size"": 2}",5,8,500,1,/home/mathis/Documents/Travail/cbnsl_benchmark/scaling/../scaling/results/2026-03-19_14h04_SEM_gaussian/graphs/golden__v5_a8_g1.json,/home/mathis/Documents/Travail/cbnsl_benchmark/scaling/../scaling/results/2026-03-19_14h04_SEM_gaussian/graphs/CPC__v5_a8_g1_s500.json,,0.10886522100190632,8.0,8.0,0.0,0.0,0.0,0.0
SEM_gaussian,CMIIC,"{""alpha"": 0.01}",5,8,500,1,/home/mathis/Documents/Travail/cbnsl_benchmark/scaling/../scaling/results/2026-03-19_14h04_SEM_gaussian/graphs/golden__v5_a8_g1.json,/home/mathis/Documents/Travail/cbnsl_benchmark/scaling/../scaling/results/2026-03-19_14h04_SEM_gaussian/graphs/CMIIC__v5_a8_g1_s500.json,,0.1008090989998891,2.0,1.0,0.8571428571428571,0.9333333333333333,0.8571428571428571,0.875
SEM_gaussian,MIIC,"{""n_bins"": 2, ""discretization_method"": ""quantile""}",5,8,500,1,/home/mathis/Documents/Travail/cbnsl_benchmark/scaling/../scaling/results/2026-03-19_14h04_SEM_gaussian/graphs/golden__v5_a8_g1.json,/home/mathis/Documents/Travail/cbnsl_benchmark/scaling/../scaling/results/2026-03-19_14h04_SEM_gaussian/graphs/MIIC__v5_a8_g1_s500.json,,0.02547298099671025,7.0,2.0,0.0,0.8571428571428571,0.0,0.75
SEM_gaussian,GHC+BDeu,"{""n_bins"": 4, ""discretization_method"": ""quantile""}",5,8,500,1,/home/mathis/Documents/Travail/cbnsl_benchmark/scaling/../scaling/results/2026-03-19_14h04_SEM_gaussian/graphs/golden__v5_a8_g1.json,/home/mathis/Documents/Travail/cbnsl_benchmark/scaling/../scaling/results/2026-03-19_14h04_SEM_gaussian/graphs/GHC+BDeu__v5_a8_g1_s500.json,,0.025076616002479568,7.0,4.0,0.0,0.6666666666666666,0.0,0.5
SEM_gaussian,NOTEARS,"{""lambda1"": 0.1, ""w_threshold_notears"": 0.1}",5,8,500,1,/home/mathis/Documents/Travail/cbnsl_benchmark/scaling/../scaling/results/2026-03-19_14h04_SEM_gaussian/graphs/golden__v5_a8_g1.json,/home/mathis/Documents/Travail/cbnsl_benchmark/scaling/../scaling/results/2026-03-19_14h04_SEM_gaussian/graphs/NOTEARS__v5_a8_g1_s500.json,,0.7579536119992554,8.0,6.0,0.0,0.7999999999999999,0.0,0.75
SEM_gaussian,NOTEARS Disc.,"{""lambda1"": 0.1, ""w_threshold_notears"": 0.1, ""n_bins"": 6, ""initial_bins"": 20, ""discretization_method"": ""hartemink""}",5,8,500,1,/home/mathis/Documents/Travail/cbnsl_benchmark/scaling/../scaling/results/2026-03-19_14h04_SEM_gaussian/graphs/golden__v5_a8_g1.json,/home/mathis/Documents/Travail/cbnsl_benchmark/scaling/../scaling/results/2026-03-19_14h04_SEM_gaussian/graphs/NOTEARS Disc.__v5_a8_g1_s500.json,,3.714392049001617,8.0,5.0,0.0,0.875,0.0,0.875
SEM_gaussian,LiNGAM,"{""threshold_lingam"": 0.01}",5,8,500,1,/home/mathis/Documents/Travail/cbnsl_benchmark/scaling/../scaling/results/2026-03-19_14h04_SEM_gaussian/graphs/golden__v5_a8_g1.json,/home/mathis/Documents/Travail/cbnsl_benchmark/scaling/../scaling/results/2026-03-19_14h04_SEM_gaussian/graphs/LiNGAM__v5_a8_g1_s500.json,,0.07331108899961691,8.0,6.0,0.0,0.7999999999999999,0.0,0.75
SEM_gaussian,CPC,"{""alpha"": 0.1, ""max_conditioning_set_size"": 2}",5,8,1000,1,/home/mathis/Documents/Travail/cbnsl_benchmark/scaling/../scaling/results/2026-03-19_14h04_SEM_gaussian/graphs/golden__v5_a8_g1.json,/home/mathis/Documents/Travail/cbnsl_benchmark/scaling/../scaling/results/2026-03-19_14h04_SEM_gaussian/graphs/CPC__v5_a8_g1_s1000.json,,0.34491427300235955,7.0,4.0,0.0,0.6666666666666666,0.0,0.5
SEM_gaussian,CMIIC,"{""alpha"": 0.01}",5,8,1000,1,/home/mathis/Documents/Travail/cbnsl_benchmark/scaling/../scaling/results/2026-03-19_14h04_SEM_gaussian/graphs/golden__v5_a8_g1.json,/home/mathis/Documents/Travail/cbnsl_benchmark/scaling/../scaling/results/2026-03-19_14h04_SEM_gaussian/graphs/CMIIC__v5_a8_g1_s1000.json,,0.41561251600069227,0.0,0.0,0.9333333333333333,1.0,1.0,1.0
SEM_gaussian,MIIC,"{""n_bins"": 2, ""discretization_method"": ""quantile""}",5,8,1000,1,/home/mathis/Documents/Travail/cbnsl_benchmark/scaling/../scaling/results/2026-03-19_14h04_SEM_gaussian/graphs/golden__v5_a8_g1.json,/home/mathis/Documents/Travail/cbnsl_benchmark/scaling/../scaling/results/2026-03-19_14h04_SEM_gaussian/graphs/MIIC__v5_a8_g1_s1000.json,,0.03582650799944531,3.0,1.0,0.8571428571428571,0.9333333333333333,0.8571428571428571,0.875
SEM_gaussian,GHC+BDeu,"{""n_bins"": 4, ""discretization_method"": ""quantile""}",5,8,1000,1,/home/mathis/Documents/Travail/cbnsl_benchmark/scaling/../scaling/results/2026-03-19_14h04_SEM_gaussian/graphs/golden__v5_a8_g1.json,/home/mathis/Documents/Travail/cbnsl_benchmark/scaling/../scaling/results/2026-03-19_14h04_SEM_gaussian/graphs/GHC+BDeu__v5_a8_g1_s1000.json,,0.030595863001508405,7.0,4.0,0.0,0.6666666666666666,0.0,0.5
SEM_gaussian,NOTEARS,"{""lambda1"": 0.1, ""w_threshold_notears"": 0.1}",5,8,1000,1,/home/mathis/Documents/Travail/cbnsl_benchmark/scaling/../scaling/results/2026-03-19_14h04_SEM_gaussian/graphs/golden__v5_a8_g1.json,/home/mathis/Documents/Travail/cbnsl_benchmark/scaling/../scaling/results/2026-03-19_14h04_SEM_gaussian/graphs/NOTEARS__v5_a8_g1_s1000.json,,0.7733994720001647,8.0,6.0,0.0,0.7999999999999999,0.0,0.75
SEM_gaussian,NOTEARS Disc.,"{""lambda1"": 0.1, ""w_threshold_notears"": 0.1, ""n_bins"": 6, ""initial_bins"": 20, ""discretization_method"": ""hartemink""}",5,8,1000,1,/home/mathis/Documents/Travail/cbnsl_benchmark/scaling/../scaling/results/2026-03-19_14h04_SEM_gaussian/graphs/golden__v5_a8_g1.json,/home/mathis/Documents/Travail/cbnsl_benchmark/scaling/../scaling/results/2026-03-19_14h04_SEM_gaussian/graphs/NOTEARS Disc.__v5_a8_g1_s1000.json,,5.246862521998992,8.0,4.0,0.0,0.875,0.0,0.875
SEM_gaussian,LiNGAM,"{""threshold_lingam"": 0.01}",5,8,1000,1,/home/mathis/Documents/Travail/cbnsl_benchmark/scaling/../scaling/results/2026-03-19_14h04_SEM_gaussian/graphs/golden__v5_a8_g1.json,/home/mathis/Documents/Travail/cbnsl_benchmark/scaling/../scaling/results/2026-03-19_14h04_SEM_gaussian/graphs/LiNGAM__v5_a8_g1_s1000.json,,0.10245015100008459,9.0,2.0,0.0,0.888888888888889,0.0,1.0
SEM_gaussian,CPC,"{""alpha"": 0.1, ""max_conditioning_set_size"": 2}",5,8,2000,1,/home/mathis/Documents/Travail/cbnsl_benchmark/scaling/../scaling/results/2026-03-19_14h04_SEM_gaussian/graphs/golden__v5_a8_g1.json,/home/mathis/Documents/Travail/cbnsl_benchmark/scaling/../scaling/results/2026-03-19_14h04_SEM_gaussian/graphs/CPC__v5_a8_g1_s2000.json,,1.2827573499998834,7.0,2.0,0.4,0.8571428571428571,0.5,0.75
SEM_gaussian,CMIIC,"{""alpha"": 0.01}",5,8,2000,1,/home/mathis/Documents/Travail/cbnsl_benchmark/scaling/../scaling/results/2026-03-19_14h04_SEM_gaussian/graphs/golden__v5_a8_g1.json,/home/mathis/Documents/Travail/cbnsl_benchmark/scaling/../scaling/results/2026-03-19_14h04_SEM_gaussian/graphs/CMIIC__v5_a8_g1_s2000.json,,1.5615083279990358,0.0,0.0,0.9333333333333333,1.0,1.0,1.0
SEM_gaussian,MIIC,"{""n_bins"": 2, ""discretization_method"": ""quantile""}",5,8,2000,1,/home/mathis/Documents/Travail/cbnsl_benchmark/scaling/../scaling/results/2026-03-19_14h04_SEM_gaussian/graphs/golden__v5_a8_g1.json,/home/mathis/Documents/Travail/cbnsl_benchmark/scaling/../scaling/results/2026-03-19_14h04_SEM_gaussian/graphs/MIIC__v5_a8_g1_s2000.json,,0.06312982400049805,3.0,1.0,0.8571428571428571,0.9333333333333333,0.8571428571428571,0.875
SEM_gaussian,GHC+BDeu,"{""n_bins"": 4, ""discretization_method"": ""quantile""}",5,8,2000,1,/home/mathis/Documents/Travail/cbnsl_benchmark/scaling/../scaling/results/2026-03-19_14h04_SEM_gaussian/graphs/golden__v5_a8_g1.json,/home/mathis/Documents/Travail/cbnsl_benchmark/scaling/../scaling/results/2026-03-19_14h04_SEM_gaussian/graphs/GHC+BDeu__v5_a8_g1_s2000.json,,0.054622733001451707,7.0,3.0,0.0,0.7692307692307693,0.0,0.625
SEM_gaussian,NOTEARS,"{""lambda1"": 0.1, ""w_threshold_notears"": 0.1}",5,8,2000,1,/home/mathis/Documents/Travail/cbnsl_benchmark/scaling/../scaling/results/2026-03-19_14h04_SEM_gaussian/graphs/golden__v5_a8_g1.json,/home/mathis/Documents/Travail/cbnsl_benchmark/scaling/../scaling/results/2026-03-19_14h04_SEM_gaussian/graphs/NOTEARS__v5_a8_g1_s2000.json,,0.9990501729989774,8.0,6.0,0.0,0.7999999999999999,0.0,0.75
SEM_gaussian,NOTEARS Disc.,"{""lambda1"": 0.1, ""w_threshold_notears"": 0.1, ""n_bins"": 6, ""initial_bins"": 20, ""discretization_method"": ""hartemink""}",5,8,2000,1,/home/mathis/Documents/Travail/cbnsl_benchmark/scaling/../scaling/results/2026-03-19_14h04_SEM_gaussian/graphs/golden__v5_a8_g1.json,/home/mathis/Documents/Travail/cbnsl_benchmark/scaling/../scaling/results/2026-03-19_14h04_SEM_gaussian/graphs/NOTEARS Disc.__v5_a8_g1_s2000.json,,7.137331374997302,8.0,6.0,0.0,0.7999999999999999,0.0,0.75
SEM_gaussian,LiNGAM,"{""threshold_lingam"": 0.01}",5,8,2000,1,/home/mathis/Documents/Travail/cbnsl_benchmark/scaling/../scaling/results/2026-03-19_14h04_SEM_gaussian/graphs/golden__v5_a8_g1.json,/home/mathis/Documents/Travail/cbnsl_benchmark/scaling/../scaling/results/2026-03-19_14h04_SEM_gaussian/graphs/LiNGAM__v5_a8_g1_s2000.json,,0.10547210300137522,3.0,3.0,0.7142857142857143,0.9411764705882353,1.0,1.0
SEM_gaussian,CPC,"{""alpha"": 0.1, ""max_conditioning_set_size"": 2}",5,8,3500,1,/home/mathis/Documents/Travail/cbnsl_benchmark/scaling/../scaling/results/2026-03-19_14h04_SEM_gaussian/graphs/golden__v5_a8_g1.json,/home/mathis/Documents/Travail/cbnsl_benchmark/scaling/../scaling/results/2026-03-19_14h04_SEM_gaussian/graphs/CPC__v5_a8_g1_s3500.json,,3.4299671799999487,2.0,0.0,0.9333333333333333,1.0,1.0,1.0
SEM_gaussian,CMIIC,"{""alpha"": 0.01}",5,8,3500,1,/home/mathis/Documents/Travail/cbnsl_benchmark/scaling/../scaling/results/2026-03-19_14h04_SEM_gaussian/graphs/golden__v5_a8_g1.json,/home/mathis/Documents/Travail/cbnsl_benchmark/scaling/../scaling/results/2026-03-19_14h04_SEM_gaussian/graphs/CMIIC__v5_a8_g1_s3500.json,,4.641378424999857,2.0,0.0,0.9333333333333333,1.0,1.0,1.0
SEM_gaussian,MIIC,"{""n_bins"": 2, ""discretization_method"": ""quantile""}",5,8,3500,1,/home/mathis/Documents/Travail/cbnsl_benchmark/scaling/../scaling/results/2026-03-19_14h04_SEM_gaussian/graphs/golden__v5_a8_g1.json,/home/mathis/Documents/Travail/cbnsl_benchmark/scaling/../scaling/results/2026-03-19_14h04_SEM_gaussian/graphs/MIIC__v5_a8_g1_s3500.json,,0.11581501399996341,0.0,0.0,0.9333333333333333,1.0,1.0,1.0
SEM_gaussian,GHC+BDeu,"{""n_bins"": 4, ""discretization_method"": ""quantile""}",5,8,3500,1,/home/mathis/Documents/Travail/cbnsl_benchmark/scaling/../scaling/results/2026-03-19_14h04_SEM_gaussian/graphs/golden__v5_a8_g1.json,/home/mathis/Documents/Travail/cbnsl_benchmark/scaling/../scaling/results/2026-03-19_14h04_SEM_gaussian/graphs/GHC+BDeu__v5_a8_g1_s3500.json,,0.10160290400017402,8.0,7.0,0.0,0.7142857142857143,0.0,0.625
SEM_gaussian,NOTEARS,"{""lambda1"": 0.1, ""w_threshold_notears"": 0.1}",5,8,3500,1,/home/mathis/Documents/Travail/cbnsl_benchmark/scaling/../scaling/results/2026-03-19_14h04_SEM_gaussian/graphs/golden__v5_a8_g1.json,/home/mathis/Documents/Travail/cbnsl_benchmark/scaling/../scaling/results/2026-03-19_14h04_SEM_gaussian/graphs/NOTEARS__v5_a8_g1_s3500.json,,1.6272727760006092,8.0,6.0,0.0,0.7999999999999999,0.0,0.75
SEM_gaussian,NOTEARS Disc.,"{""lambda1"": 0.1, ""w_threshold_notears"": 0.1, ""n_bins"": 6, ""initial_bins"": 20, ""discretization_method"": ""hartemink""}",5,8,3500,1,/home/mathis/Documents/Travail/cbnsl_benchmark/scaling/../scaling/results/2026-03-19_14h04_SEM_gaussian/graphs/golden__v5_a8_g1.json,/home/mathis/Documents/Travail/cbnsl_benchmark/scaling/../scaling/results/2026-03-19_14h04_SEM_gaussian/graphs/NOTEARS Disc.__v5_a8_g1_s3500.json,,10.8868731879993,8.0,1.0,0.19999999999999998,0.9411764705882353,1.0,1.0
SEM_gaussian,LiNGAM,"{""threshold_lingam"": 0.01}",5,8,3500,1,/home/mathis/Documents/Travail/cbnsl_benchmark/scaling/../scaling/results/2026-03-19_14h04_SEM_gaussian/graphs/golden__v5_a8_g1.json,/home/mathis/Documents/Travail/cbnsl_benchmark/scaling/../scaling/results/2026-03-19_14h04_SEM_gaussian/graphs/LiNGAM__v5_a8_g1_s3500.json,,0.15580875999876298,3.0,3.0,0.7142857142857143,0.9411764705882353,1.0,1.0
SEM_gaussian,CPC,"{""alpha"": 0.1, ""max_conditioning_set_size"": 2}",5,8,5000,1,/home/mathis/Documents/Travail/cbnsl_benchmark/scaling/../scaling/results/2026-03-19_14h04_SEM_gaussian/graphs/golden__v5_a8_g1.json,/home/mathis/Documents/Travail/cbnsl_benchmark/scaling/../scaling/results/2026-03-19_14h04_SEM_gaussian/graphs/CPC__v5_a8_g1_s5000.json,,6.987010020999151,2.0,0.0,0.9333333333333333,1.0,1.0,1.0
SEM_gaussian,CMIIC,"{""alpha"": 0.01}",5,8,5000,1,/home/mathis/Documents/Travail/cbnsl_benchmark/scaling/../scaling/results/2026-03-19_14h04_SEM_gaussian/graphs/golden__v5_a8_g1.json,/home/mathis/Documents/Travail/cbnsl_benchmark/scaling/../scaling/results/2026-03-19_14h04_SEM_gaussian/graphs/CMIIC__v5_a8_g1_s5000.json,,8.434170486998482,3.0,1.0,0.8571428571428571,0.9333333333333333,0.8571428571428571,0.875
SEM_gaussian,MIIC,"{""n_bins"": 2, ""discretization_method"": ""quantile""}",5,8,5000,1,/home/mathis/Documents/Travail/cbnsl_benchmark/scaling/../scaling/results/2026-03-19_14h04_SEM_gaussian/graphs/golden__v5_a8_g1.json,/home/mathis/Documents/Travail/cbnsl_benchmark/scaling/../scaling/results/2026-03-19_14h04_SEM_gaussian/graphs/MIIC__v5_a8_g1_s5000.json,,0.16302695899867103,2.0,0.0,0.9333333333333333,1.0,1.0,1.0
SEM_gaussian,GHC+BDeu,"{""n_bins"": 4, ""discretization_method"": ""quantile""}",5,8,5000,1,/home/mathis/Documents/Travail/cbnsl_benchmark/scaling/../scaling/results/2026-03-19_14h04_SEM_gaussian/graphs/golden__v5_a8_g1.json,/home/mathis/Documents/Travail/cbnsl_benchmark/scaling/../scaling/results/2026-03-19_14h04_SEM_gaussian/graphs/GHC+BDeu__v5_a8_g1_s5000.json,,0.1323255440001958,7.0,3.0,0.0,0.7692307692307693,0.0,0.625
SEM_gaussian,NOTEARS,"{""lambda1"": 0.1, ""w_threshold_notears"": 0.1}",5,8,5000,1,/home/mathis/Documents/Travail/cbnsl_benchmark/scaling/../scaling/results/2026-03-19_14h04_SEM_gaussian/graphs/golden__v5_a8_g1.json,/home/mathis/Documents/Travail/cbnsl_benchmark/scaling/../scaling/results/2026-03-19_14h04_SEM_gaussian/graphs/NOTEARS__v5_a8_g1_s5000.json,,1.5506368760034093,8.0,6.0,0.0,0.7999999999999999,0.0,0.75
SEM_gaussian,NOTEARS Disc.,"{""lambda1"": 0.1, ""w_threshold_notears"": 0.1, ""n_bins"": 6, ""initial_bins"": 20, ""discretization_method"": ""hartemink""}",5,8,5000,1,/home/mathis/Documents/Travail/cbnsl_benchmark/scaling/../scaling/results/2026-03-19_14h04_SEM_gaussian/graphs/golden__v5_a8_g1.json,/home/mathis/Documents/Travail/cbnsl_benchmark/scaling/../scaling/results/2026-03-19_14h04_SEM_gaussian/graphs/NOTEARS Disc.__v5_a8_g1_s5000.json,,15.759744041999511,8.0,1.0,0.19999999999999998,0.9411764705882353,1.0,1.0
SEM_gaussian,LiNGAM,"{""threshold_lingam"": 0.01}",5,8,5000,1,/home/mathis/Documents/Travail/cbnsl_benchmark/scaling/../scaling/results/2026-03-19_14h04_SEM_gaussian/graphs/golden__v5_a8_g1.json,/home/mathis/Documents/Travail/cbnsl_benchmark/scaling/../scaling/results/2026-03-19_14h04_SEM_gaussian/graphs/LiNGAM__v5_a8_g1_s5000.json,,0.16814759399858303,3.0,3.0,0.7142857142857143,0.9411764705882353,1.0,1.0
SEM_gaussian,CPC,"{""alpha"": 0.1, ""max_conditioning_set_size"": 2}",5,8,200,2,/home/mathis/Documents/Travail/cbnsl_benchmark/scaling/../scaling/results/2026-03-19_14h04_SEM_gaussian/graphs/golden__v5_a8_g2.json,/home/mathis/Documents/Travail/cbnsl_benchmark/scaling/../scaling/results/2026-03-19_14h04_SEM_gaussian/graphs/CPC__v5_a8_g2_s200.json,,0.015133529999729944,6.0,6.0,0.0,0.0,0.0,0.0
SEM_gaussian,CMIIC,"{""alpha"": 0.01}",5,8,200,2,/home/mathis/Documents/Travail/cbnsl_benchmark/scaling/../scaling/results/2026-03-19_14h04_SEM_gaussian/graphs/golden__v5_a8_g2.json,/home/mathis/Documents/Travail/cbnsl_benchmark/scaling/../scaling/results/2026-03-19_14h04_SEM_gaussian/graphs/CMIIC__v5_a8_g2_s200.json,,0.032555843998125056,4.0,1.0,0.0,0.923076923076923,0.0,1.0
SEM_gaussian,MIIC,"{""n_bins"": 2, ""discretization_method"": ""quantile""}",5,8,200,2,/home/mathis/Documents/Travail/cbnsl_benchmark/scaling/../scaling/results/2026-03-19_14h04_SEM_gaussian/graphs/golden__v5_a8_g2.json,/home/mathis/Documents/Travail/cbnsl_benchmark/scaling/../scaling/results/2026-03-19_14h04_SEM_gaussian/graphs/MIIC__v5_a8_g2_s200.json,,0.012519836996943923,3.0,0.0,0.0,1.0,0.0,1.0
SEM_gaussian,GHC+BDeu,"{""n_bins"": 4, ""discretization_method"": ""quantile""}",5,8,200,2,/home/mathis/Documents/Travail/cbnsl_benchmark/scaling/../scaling/results/2026-03-19_14h04_SEM_gaussian/graphs/golden__v5_a8_g2.json,/home/mathis/Documents/Travail/cbnsl_benchmark/scaling/../scaling/results/2026-03-19_14h04_SEM_gaussian/graphs/GHC+BDeu__v5_a8_g2_s200.json,,0.016813050999189727,4.0,2.0,0.0,0.8,0.0,0.6666666666666666
SEM_gaussian,NOTEARS,"{""lambda1"": 0.1, ""w_threshold_notears"": 0.1}",5,8,200,2,/home/mathis/Documents/Travail/cbnsl_benchmark/scaling/../scaling/results/2026-03-19_14h04_SEM_gaussian/graphs/golden__v5_a8_g2.json,/home/mathis/Documents/Travail/cbnsl_benchmark/scaling/../scaling/results/2026-03-19_14h04_SEM_gaussian/graphs/NOTEARS__v5_a8_g2_s200.json,,0.5199252310012525,4.0,1.0,0.0,0.9090909090909091,0.0,0.8333333333333334
SEM_gaussian,NOTEARS Disc.,"{""lambda1"": 0.1, ""w_threshold_notears"": 0.1, ""n_bins"": 6, ""initial_bins"": 20, ""discretization_method"": ""hartemink""}",5,8,200,2,/home/mathis/Documents/Travail/cbnsl_benchmark/scaling/../scaling/results/2026-03-19_14h04_SEM_gaussian/graphs/golden__v5_a8_g2.json,/home/mathis/Documents/Travail/cbnsl_benchmark/scaling/../scaling/results/2026-03-19_14h04_SEM_gaussian/graphs/NOTEARS Disc.__v5_a8_g2_s200.json,,2.182331185998919,5.0,0.0,0.0,1.0,0.0,1.0
SEM_gaussian,LiNGAM,"{""threshold_lingam"": 0.01}",5,8,200,2,/home/mathis/Documents/Travail/cbnsl_benchmark/scaling/../scaling/results/2026-03-19_14h04_SEM_gaussian/graphs/golden__v5_a8_g2.json,/home/mathis/Documents/Travail/cbnsl_benchmark/scaling/../scaling/results/2026-03-19_14h04_SEM_gaussian/graphs/LiNGAM__v5_a8_g2_s200.json,,0.0718010350028635,5.0,2.0,0.0,0.8,0.0,0.6666666666666666
SEM_gaussian,CPC,"{""alpha"": 0.1, ""max_conditioning_set_size"": 2}",5,8,500,2,/home/mathis/Documents/Travail/cbnsl_benchmark/scaling/../scaling/results/2026-03-19_14h04_SEM_gaussian/graphs/golden__v5_a8_g2.json,/home/mathis/Documents/Travail/cbnsl_benchmark/scaling/../scaling/results/2026-03-19_14h04_SEM_gaussian/graphs/CPC__v5_a8_g2_s500.json,,0.1333630209992407,5.0,5.0,0.0,0.2857142857142857,0.0,0.16666666666666666
SEM_gaussian,CMIIC,"{""alpha"": 0.01}",5,8,500,2,/home/mathis/Documents/Travail/cbnsl_benchmark/scaling/../scaling/results/2026-03-19_14h04_SEM_gaussian/graphs/golden__v5_a8_g2.json,/home/mathis/Documents/Travail/cbnsl_benchmark/scaling/../scaling/results/2026-03-19_14h04_SEM_gaussian/graphs/CMIIC__v5_a8_g2_s500.json,,0.10557076000259258,5.0,0.0,0.0,1.0,0.0,1.0
SEM_gaussian,MIIC,"{""n_bins"": 2, ""discretization_method"": ""quantile""}",5,8,500,2,/home/mathis/Documents/Travail/cbnsl_benchmark/scaling/../scaling/results/2026-03-19_14h04_SEM_gaussian/graphs/golden__v5_a8_g2.json,/home/mathis/Documents/Travail/cbnsl_benchmark/scaling/../scaling/results/2026-03-19_14h04_SEM_gaussian/graphs/MIIC__v5_a8_g2_s500.json,,0.025670874998468207,4.0,1.0,0.0,0.923076923076923,0.0,1.0
SEM_gaussian,GHC+BDeu,"{""n_bins"": 4, ""discretization_method"": ""quantile""}",5,8,500,2,/home/mathis/Documents/Travail/cbnsl_benchmark/scaling/../scaling/results/2026-03-19_14h04_SEM_gaussian/graphs/golden__v5_a8_g2.json,/home/mathis/Documents/Travail/cbnsl_benchmark/scaling/../scaling/results/2026-03-19_14h04_SEM_gaussian/graphs/GHC+BDeu__v5_a8_g2_s500.json,,0.01977418499882333,4.0,2.0,0.0,0.8,0.0,0.6666666666666666
SEM_gaussian,NOTEARS,"{""lambda1"": 0.1, ""w_threshold_notears"": 0.1}",5,8,500,2,/home/mathis/Documents/Travail/cbnsl_benchmark/scaling/../scaling/results/2026-03-19_14h04_SEM_gaussian/graphs/golden__v5_a8_g2.json,/home/mathis/Documents/Travail/cbnsl_benchmark/scaling/../scaling/results/2026-03-19_14h04_SEM_gaussian/graphs/NOTEARS__v5_a8_g2_s500.json,,0.6299160960006702,5.0,2.0,0.0,0.8,0.0,0.6666666666666666
SEM_gaussian,NOTEARS Disc.,"{""lambda1"": 0.1, ""w_threshold_notears"": 0.1, ""n_bins"": 6, ""initial_bins"": 20, ""discretization_method"": ""hartemink""}",5,8,500,2,/home/mathis/Documents/Travail/cbnsl_benchmark/scaling/../scaling/results/2026-03-19_14h04_SEM_gaussian/graphs/golden__v5_a8_g2.json,/home/mathis/Documents/Travail/cbnsl_benchmark/scaling/../scaling/results/2026-03-19_14h04_SEM_gaussian/graphs/NOTEARS Disc.__v5_a8_g2_s500.json,,3.1535578530019848,3.0,0.0,0.0,1.0,0.0,1.0
SEM_gaussian,LiNGAM,"{""threshold_lingam"": 0.01}",5,8,500,2,/home/mathis/Documents/Travail/cbnsl_benchmark/scaling/../scaling/results/2026-03-19_14h04_SEM_gaussian/graphs/golden__v5_a8_g2.json,/home/mathis/Documents/Travail/cbnsl_benchmark/scaling/../scaling/results/2026-03-19_14h04_SEM_gaussian/graphs/LiNGAM__v5_a8_g2_s500.json,,0.08564025599844172,7.0,2.0,0.2222222222222222,0.8571428571428571,1.0,1.0
SEM_gaussian,CPC,"{""alpha"": 0.1, ""max_conditioning_set_size"": 2}",5,8,1000,2,/home/mathis/Documents/Travail/cbnsl_benchmark/scaling/../scaling/results/2026-03-19_14h04_SEM_gaussian/graphs/golden__v5_a8_g2.json,/home/mathis/Documents/Travail/cbnsl_benchmark/scaling/../scaling/results/2026-03-19_14h04_SEM_gaussian/graphs/CPC__v5_a8_g2_s1000.json,,0.36690556399844354,5.0,0.0,0.2857142857142857,1.0,1.0,1.0
SEM_gaussian,CMIIC,"{""alpha"": 0.01}",5,8,1000,2,/home/mathis/Documents/Travail/cbnsl_benchmark/scaling/../scaling/results/2026-03-19_14h04_SEM_gaussian/graphs/golden__v5_a8_g2.json,/home/mathis/Documents/Travail/cbnsl_benchmark/scaling/../scaling/results/2026-03-19_14h04_SEM_gaussian/graphs/CMIIC__v5_a8_g2_s1000.json,,0.5485341130006418,6.0,3.0,0.25,0.923076923076923,1.0,1.0
SEM_gaussian,MIIC,"{""n_bins"": 2, ""discretization_method"": ""quantile""}",5,8,1000,2,/home/mathis/Documents/Travail/cbnsl_benchmark/scaling/../scaling/results/2026-03-19_14h04_SEM_gaussian/graphs/golden__v5_a8_g2.json,/home/mathis/Documents/Travail/cbnsl_benchmark/scaling/../scaling/results/2026-03-19_14h04_SEM_gaussian/graphs/MIIC__v5_a8_g2_s1000.json,,0.02518333599800826,4.0,1.0,0.0,0.923076923076923,0.0,1.0
SEM_gaussian,GHC+BDeu,"{""n_bins"": 4, ""discretization_method"": ""quantile""}",5,8,1000,2,/home/mathis/Documents/Travail/cbnsl_benchmark/scaling/../scaling/results/2026-03-19_14h04_SEM_gaussian/graphs/golden__v5_a8_g2.json,/home/mathis/Documents/Travail/cbnsl_benchmark/scaling/../scaling/results/2026-03-19_14h04_SEM_gaussian/graphs/GHC+BDeu__v5_a8_g2_s1000.json,,0.03184550500009209,4.0,2.0,0.0,0.8,0.0,0.6666666666666666
SEM_gaussian,NOTEARS,"{""lambda1"": 0.1, ""w_threshold_notears"": 0.1}",5,8,1000,2,/home/mathis/Documents/Travail/cbnsl_benchmark/scaling/../scaling/results/2026-03-19_14h04_SEM_gaussian/graphs/golden__v5_a8_g2.json,/home/mathis/Documents/Travail/cbnsl_benchmark/scaling/../scaling/results/2026-03-19_14h04_SEM_gaussian/graphs/NOTEARS__v5_a8_g2_s1000.json,,0.8431487439993361,5.0,2.0,0.0,0.8,0.0,0.6666666666666666
SEM_gaussian,NOTEARS Disc.,"{""lambda1"": 0.1, ""w_threshold_notears"": 0.1, ""n_bins"": 6, ""initial_bins"": 20, ""discretization_method"": ""hartemink""}",5,8,1000,2,/home/mathis/Documents/Travail/cbnsl_benchmark/scaling/../scaling/results/2026-03-19_14h04_SEM_gaussian/graphs/golden__v5_a8_g2.json,/home/mathis/Documents/Travail/cbnsl_benchmark/scaling/../scaling/results/2026-03-19_14h04_SEM_gaussian/graphs/NOTEARS Disc.__v5_a8_g2_s1000.json,,4.848075488000177,3.0,0.0,0.0,1.0,0.0,1.0
SEM_gaussian,LiNGAM,"{""threshold_lingam"": 0.01}",5,8,1000,2,/home/mathis/Documents/Travail/cbnsl_benchmark/scaling/../scaling/results/2026-03-19_14h04_SEM_gaussian/graphs/golden__v5_a8_g2.json,/home/mathis/Documents/Travail/cbnsl_benchmark/scaling/../scaling/results/2026-03-19_14h04_SEM_gaussian/graphs/LiNGAM__v5_a8_g2_s1000.json,,0.10089393700036453,4.0,2.0,0.5454545454545454,0.8571428571428571,1.0,1.0
SEM_gaussian,CPC,"{""alpha"": 0.1, ""max_conditioning_set_size"": 2}",5,8,2000,2,/home/mathis/Documents/Travail/cbnsl_benchmark/scaling/../scaling/results/2026-03-19_14h04_SEM_gaussian/graphs/golden__v5_a8_g2.json,/home/mathis/Documents/Travail/cbnsl_benchmark/scaling/../scaling/results/2026-03-19_14h04_SEM_gaussian/graphs/CPC__v5_a8_g2_s2000.json,,1.3504248190001817,6.0,0.0,0.0,1.0,0.0,1.0
SEM_gaussian,CMIIC,"{""alpha"": 0.01}",5,8,2000,2,/home/mathis/Documents/Travail/cbnsl_benchmark/scaling/../scaling/results/2026-03-19_14h04_SEM_gaussian/graphs/golden__v5_a8_g2.json,/home/mathis/Documents/Travail/cbnsl_benchmark/scaling/../scaling/results/2026-03-19_14h04_SEM_gaussian/graphs/CMIIC__v5_a8_g2_s2000.json,,1.0559346420013753,5.0,0.0,0.0,1.0,0.0,1.0
SEM_gaussian,MIIC,"{""n_bins"": 2, ""discretization_method"": ""quantile""}",5,8,2000,2,/home/mathis/Documents/Travail/cbnsl_benchmark/scaling/../scaling/results/2026-03-19_14h04_SEM_gaussian/graphs/golden__v5_a8_g2.json,/home/mathis/Documents/Travail/cbnsl_benchmark/scaling/../scaling/results/2026-03-19_14h04_SEM_gaussian/graphs/MIIC__v5_a8_g2_s2000.json,,0.06448834299953887,4.0,1.0,0.7272727272727273,0.923076923076923,1.0,1.0
SEM_gaussian,GHC+BDeu,"{""n_bins"": 4, ""discretization_method"": ""quantile""}",5,8,2000,2,/home/mathis/Documents/Travail/cbnsl_benchmark/scaling/../scaling/results/2026-03-19_14h04_SEM_gaussian/graphs/golden__v5_a8_g2.json,/home/mathis/Documents/Travail/cbnsl_benchmark/scaling/../scaling/results/2026-03-19_14h04_SEM_gaussian/graphs/GHC+BDeu__v5_a8_g2_s2000.json,,0.05549846400026581,3.0,1.0,0.0,0.9090909090909091,0.0,0.8333333333333334
SEM_gaussian,NOTEARS,"{""lambda1"": 0.1, ""w_threshold_notears"": 0.1}",5,8,2000,2,/home/mathis/Documents/Travail/cbnsl_benchmark/scaling/../scaling/results/2026-03-19_14h04_SEM_gaussian/graphs/golden__v5_a8_g2.json,/home/mathis/Documents/Travail/cbnsl_benchmark/scaling/../scaling/results/2026-03-19_14h04_SEM_gaussian/graphs/NOTEARS__v5_a8_g2_s2000.json,,1.1137661239990848,5.0,2.0,0.0,0.8,0.0,0.6666666666666666
SEM_gaussian,NOTEARS Disc.,"{""lambda1"": 0.1, ""w_threshold_notears"": 0.1, ""n_bins"": 6, ""initial_bins"": 20, ""discretization_method"": ""hartemink""}",5,8,2000,2,/home/mathis/Documents/Travail/cbnsl_benchmark/scaling/../scaling/results/2026-03-19_14h04_SEM_gaussian/graphs/golden__v5_a8_g2.json,/home/mathis/Documents/Travail/cbnsl_benchmark/scaling/../scaling/results/2026-03-19_14h04_SEM_gaussian/graphs/NOTEARS Disc.__v5_a8_g2_s2000.json,,7.958148469999287,4.0,1.0,0.0,0.923076923076923,0.0,1.0
SEM_gaussian,LiNGAM,"{""threshold_lingam"": 0.01}",5,8,2000,2,/home/mathis/Documents/Travail/cbnsl_benchmark/scaling/../scaling/results/2026-03-19_14h04_SEM_gaussian/graphs/golden__v5_a8_g2.json,/home/mathis/Documents/Travail/cbnsl_benchmark/scaling/../scaling/results/2026-03-19_14h04_SEM_gaussian/graphs/LiNGAM__v5_a8_g2_s2000.json,,0.10533695000049192,1.0,1.0,0.6,0.923076923076923,1.0,1.0
SEM_gaussian,CPC,"{""alpha"": 0.1, ""max_conditioning_set_size"": 2}",5,8,3500,2,/home/mathis/Documents/Travail/cbnsl_benchmark/scaling/../scaling/results/2026-03-19_14h04_SEM_gaussian/graphs/golden__v5_a8_g2.json,/home/mathis/Documents/Travail/cbnsl_benchmark/scaling/../scaling/results/2026-03-19_14h04_SEM_gaussian/graphs/CPC__v5_a8_g2_s3500.json,,4.0514233259964385,0.0,0.0,0.6666666666666666,1.0,1.0,1.0
SEM_gaussian,CMIIC,"{""alpha"": 0.01}",5,8,3500,2,/home/mathis/Documents/Travail/cbnsl_benchmark/scaling/../scaling/results/2026-03-19_14h04_SEM_gaussian/graphs/golden__v5_a8_g2.json,/home/mathis/Documents/Travail/cbnsl_benchmark/scaling/../scaling/results/2026-03-19_14h04_SEM_gaussian/graphs/CMIIC__v5_a8_g2_s3500.json,,3.1253485929992166,5.0,0.0,0.0,1.0,0.0,1.0
SEM_gaussian,MIIC,"{""n_bins"": 2, ""discretization_method"": ""quantile""}",5,8,3500,2,/home/mathis/Documents/Travail/cbnsl_benchmark/scaling/../scaling/results/2026-03-19_14h04_SEM_gaussian/graphs/golden__v5_a8_g2.json,/home/mathis/Documents/Travail/cbnsl_benchmark/scaling/../scaling/results/2026-03-19_14h04_SEM_gaussian/graphs/MIIC__v5_a8_g2_s3500.json,,0.10925940000015544,4.0,1.0,0.0,0.923076923076923,0.0,1.0
SEM_gaussian,GHC+BDeu,"{""n_bins"": 4, ""discretization_method"": ""quantile""}",5,8,3500,2,/home/mathis/Documents/Travail/cbnsl_benchmark/scaling/../scaling/results/2026-03-19_14h04_SEM_gaussian/graphs/golden__v5_a8_g2.json,/home/mathis/Documents/Travail/cbnsl_benchmark/scaling/../scaling/results/2026-03-19_14h04_SEM_gaussian/graphs/GHC+BDeu__v5_a8_g2_s3500.json,,0.08446063600058551,3.0,0.0,0.0,1.0,0.0,1.0
SEM_gaussian,NOTEARS,"{""lambda1"": 0.1, ""w_threshold_notears"": 0.1}",5,8,3500,2,/home/mathis/Documents/Travail/cbnsl_benchmark/scaling/../scaling/results/2026-03-19_14h04_SEM_gaussian/graphs/golden__v5_a8_g2.json,/home/mathis/Documents/Travail/cbnsl_benchmark/scaling/../scaling/results/2026-03-19_14h04_SEM_gaussian/graphs/NOTEARS__v5_a8_g2_s3500.json,,1.550909137000417,5.0,2.0,0.0,0.8,0.0,0.6666666666666666
SEM_gaussian,NOTEARS Disc.,"{""lambda1"": 0.1, ""w_threshold_notears"": 0.1, ""n_bins"": 6, ""initial_bins"": 20, ""discretization_method"": ""hartemink""}",5,8,3500,2,/home/mathis/Documents/Travail/cbnsl_benchmark/scaling/../scaling/results/2026-03-19_14h04_SEM_gaussian/graphs/golden__v5_a8_g2.json,/home/mathis/Documents/Travail/cbnsl_benchmark/scaling/../scaling/results/2026-03-19_14h04_SEM_gaussian/graphs/NOTEARS Disc.__v5_a8_g2_s3500.json,,12.460672346998763,3.0,0.0,0.0,1.0,0.0,1.0
SEM_gaussian,LiNGAM,"{""threshold_lingam"": 0.01}",5,8,3500,2,/home/mathis/Documents/Travail/cbnsl_benchmark/scaling/../scaling/results/2026-03-19_14h04_SEM_gaussian/graphs/golden__v5_a8_g2.json,/home/mathis/Documents/Travail/cbnsl_benchmark/scaling/../scaling/results/2026-03-19_14h04_SEM_gaussian/graphs/LiNGAM__v5_a8_g2_s3500.json,,0.13105325099968468,8.0,5.0,0.0,0.8,0.0,1.0
SEM_gaussian,CPC,"{""alpha"": 0.1, ""max_conditioning_set_size"": 2}",5,8,5000,2,/home/mathis/Documents/Travail/cbnsl_benchmark/scaling/../scaling/results/2026-03-19_14h04_SEM_gaussian/graphs/golden__v5_a8_g2.json,/home/mathis/Documents/Travail/cbnsl_benchmark/scaling/../scaling/results/2026-03-19_14h04_SEM_gaussian/graphs/CPC__v5_a8_g2_s5000.json,,8.788005123999028,0.0,0.0,0.6666666666666666,1.0,1.0,1.0
SEM_gaussian,CMIIC,"{""alpha"": 0.01}",5,8,5000,2,/home/mathis/Documents/Travail/cbnsl_benchmark/scaling/../scaling/results/2026-03-19_14h04_SEM_gaussian/graphs/golden__v5_a8_g2.json,/home/mathis/Documents/Travail/cbnsl_benchmark/scaling/../scaling/results/2026-03-19_14h04_SEM_gaussian/graphs/CMIIC__v5_a8_g2_s5000.json,,7.006453799000155,5.0,0.0,0.0,1.0,0.0,1.0
SEM_gaussian,MIIC,"{""n_bins"": 2, ""discretization_method"": ""quantile""}",5,8,5000,2,/home/mathis/Documents/Travail/cbnsl_benchmark/scaling/../scaling/results/2026-03-19_14h04_SEM_gaussian/graphs/golden__v5_a8_g2.json,/home/mathis/Documents/Travail/cbnsl_benchmark/scaling/../scaling/results/2026-03-19_14h04_SEM_gaussian/graphs/MIIC__v5_a8_g2_s5000.json,,0.15413473800072097,5.0,2.0,0.0,0.8571428571428571,0.0,1.0
SEM_gaussian,GHC+BDeu,"{""n_bins"": 4, ""discretization_method"": ""quantile""}",5,8,5000,2,/home/mathis/Documents/Travail/cbnsl_benchmark/scaling/../scaling/results/2026-03-19_14h04_SEM_gaussian/graphs/golden__v5_a8_g2.json,/home/mathis/Documents/Travail/cbnsl_benchmark/scaling/../scaling/results/2026-03-19_14h04_SEM_gaussian/graphs/GHC+BDeu__v5_a8_g2_s5000.json,,0.1425532059984107,3.0,0.0,0.0,1.0,0.0,1.0
SEM_gaussian,NOTEARS,"{""lambda1"": 0.1, ""w_threshold_notears"": 0.1}",5,8,5000,2,/home/mathis/Documents/Travail/cbnsl_benchmark/scaling/../scaling/results/2026-03-19_14h04_SEM_gaussian/graphs/golden__v5_a8_g2.json,/home/mathis/Documents/Travail/cbnsl_benchmark/scaling/../scaling/results/2026-03-19_14h04_SEM_gaussian/graphs/NOTEARS__v5_a8_g2_s5000.json,,1.6696129660012957,5.0,2.0,0.0,0.8,0.0,0.6666666666666666
SEM_gaussian,NOTEARS Disc.,"{""lambda1"": 0.1, ""w_threshold_notears"": 0.1, ""n_bins"": 6, ""initial_bins"": 20, ""discretization_method"": ""hartemink""}",5,8,5000,2,/home/mathis/Documents/Travail/cbnsl_benchmark/scaling/../scaling/results/2026-03-19_14h04_SEM_gaussian/graphs/golden__v5_a8_g2.json,/home/mathis/Documents/Travail/cbnsl_benchmark/scaling/../scaling/results/2026-03-19_14h04_SEM_gaussian/graphs/NOTEARS Disc.__v5_a8_g2_s5000.json,,16.22710947700034,4.0,1.0,0.0,0.923076923076923,0.0,1.0
SEM_gaussian,LiNGAM,"{""threshold_lingam"": 0.01}",5,8,5000,2,/home/mathis/Documents/Travail/cbnsl_benchmark/scaling/../scaling/results/2026-03-19_14h04_SEM_gaussian/graphs/golden__v5_a8_g2.json,/home/mathis/Documents/Travail/cbnsl_benchmark/scaling/../scaling/results/2026-03-19_14h04_SEM_gaussian/graphs/LiNGAM__v5_a8_g2_s5000.json,,0.1571849240026495,8.0,5.0,0.0,0.8,0.0,1.0
SEM_gaussian,CPC,"{""alpha"": 0.1, ""max_conditioning_set_size"": 2}",10,15,200,0,/home/mathis/Documents/Travail/cbnsl_benchmark/scaling/../scaling/results/2026-03-19_14h04_SEM_gaussian/graphs/golden__v10_a15_g0.json,/home/mathis/Documents/Travail/cbnsl_benchmark/scaling/../scaling/results/2026-03-19_14h04_SEM_gaussian/graphs/CPC__v10_a15_g0_s200.json,,0.03591615500045009,13.0,14.0,0.23529411764705882,0.33333333333333337,0.14285714285714285,0.2
SEM_gaussian,CMIIC,"{""alpha"": 0.01}",10,15,200,0,/home/mathis/Documents/Travail/cbnsl_benchmark/scaling/../scaling/results/2026-03-19_14h04_SEM_gaussian/graphs/golden__v10_a15_g0.json,/home/mathis/Documents/Travail/cbnsl_benchmark/scaling/../scaling/results/2026-03-19_14h04_SEM_gaussian/graphs/CMIIC__v10_a15_g0_s200.json,,0.3808744210000441,23.0,26.0,0.45000000000000007,0.6222222222222223,0.9,0.9333333333333333
SEM_gaussian,MIIC,"{""n_bins"": 2, ""discretization_method"": ""quantile""}",10,15,200,0,/home/mathis/Documents/Travail/cbnsl_benchmark/scaling/../scaling/results/2026-03-19_14h04_SEM_gaussian/graphs/golden__v10_a15_g0.json,/home/mathis/Documents/Travail/cbnsl_benchmark/scaling/../scaling/results/2026-03-19_14h04_SEM_gaussian/graphs/MIIC__v10_a15_g0_s200.json,,0.03838263199941139,16.0,16.0,0.2,0.7142857142857142,0.2857142857142857,0.6666666666666666
SEM_gaussian,GHC+BDeu,"{""n_bins"": 4, ""discretization_method"": ""quantile""}",10,15,200,0,/home/mathis/Documents/Travail/cbnsl_benchmark/scaling/../scaling/results/2026-03-19_14h04_SEM_gaussian/graphs/golden__v10_a15_g0.json,/home/mathis/Documents/Travail/cbnsl_benchmark/scaling/../scaling/results/2026-03-19_14h04_SEM_gaussian/graphs/GHC+BDeu__v10_a15_g0_s200.json,,0.03915760200106888,14.0,12.0,0.0,0.5,0.0,0.3333333333333333
SEM_gaussian,NOTEARS,"{""lambda1"": 0.1, ""w_threshold_notears"": 0.1}",10,15,200,0,/home/mathis/Documents/Travail/cbnsl_benchmark/scaling/../scaling/results/2026-03-19_14h04_SEM_gaussian/graphs/golden__v10_a15_g0.json,/home/mathis/Documents/Travail/cbnsl_benchmark/scaling/../scaling/results/2026-03-19_14h04_SEM_gaussian/graphs/NOTEARS__v10_a15_g0_s200.json,,1.3026921359996777,18.0,13.0,0.09523809523809523,0.7500000000000001,0.25,0.8
SEM_gaussian,NOTEARS Disc.,"{""lambda1"": 0.1, ""w_threshold_notears"": 0.1, ""n_bins"": 6, ""initial_bins"": 20, ""discretization_method"": ""hartemink""}",10,15,200,0,/home/mathis/Documents/Travail/cbnsl_benchmark/scaling/../scaling/results/2026-03-19_14h04_SEM_gaussian/graphs/golden__v10_a15_g0.json,/home/mathis/Documents/Travail/cbnsl_benchmark/scaling/../scaling/results/2026-03-19_14h04_SEM_gaussian/graphs/NOTEARS Disc.__v10_a15_g0_s200.json,,8.45558075200097,20.0,18.0,0.16666666666666666,0.6666666666666666,0.3333333333333333,0.7333333333333333
SEM_gaussian,LiNGAM,"{""threshold_lingam"": 0.01}",10,15,200,0,/home/mathis/Documents/Travail/cbnsl_benchmark/scaling/../scaling/results/2026-03-19_14h04_SEM_gaussian/graphs/golden__v10_a15_g0.json,/home/mathis/Documents/Travail/cbnsl_benchmark/scaling/../scaling/results/2026-03-19_14h04_SEM_gaussian/graphs/LiNGAM__v10_a15_g0_s200.json,,0.3127194610024162,25.0,25.0,0.19354838709677416,0.6666666666666667,0.75,0.9333333333333333
SEM_gaussian,CPC,"{""alpha"": 0.1, ""max_conditioning_set_size"": 2}",10,15,500,0,/home/mathis/Documents/Travail/cbnsl_benchmark/scaling/../scaling/results/2026-03-19_14h04_SEM_gaussian/graphs/golden__v10_a15_g0.json,/home/mathis/Documents/Travail/cbnsl_benchmark/scaling/../scaling/results/2026-03-19_14h04_SEM_gaussian/graphs/CPC__v10_a15_g0_s500.json,,0.18165606600086903,14.0,12.0,0.0,0.5,0.0,0.3333333333333333
SEM_gaussian,CMIIC,"{""alpha"": 0.01}",10,15,500,0,/home/mathis/Documents/Travail/cbnsl_benchmark/scaling/../scaling/results/2026-03-19_14h04_SEM_gaussian/graphs/golden__v10_a15_g0.json,/home/mathis/Documents/Travail/cbnsl_benchmark/scaling/../scaling/results/2026-03-19_14h04_SEM_gaussian/graphs/CMIIC__v10_a15_g0_s500.json,,1.6266490800007887,11.0,18.0,0.6206896551724137,0.7878787878787877,0.8181818181818182,0.8666666666666667
SEM_gaussian,MIIC,"{""n_bins"": 2, ""discretization_method"": ""quantile""}",10,15,500,0,/home/mathis/Documents/Travail/cbnsl_benchmark/scaling/../scaling/results/2026-03-19_14h04_SEM_gaussian/graphs/golden__v10_a15_g0.json,/home/mathis/Documents/Travail/cbnsl_benchmark/scaling/../scaling/results/2026-03-19_14h04_SEM_gaussian/graphs/MIIC__v10_a15_g0_s500.json,,0.056158281997340964,12.0,8.0,0.4,0.8571428571428571,0.5714285714285714,0.8
SEM_gaussian,GHC+BDeu,"{""n_bins"": 4, ""discretization_method"": ""quantile""}",10,15,500,0,/home/mathis/Documents/Travail/cbnsl_benchmark/scaling/../scaling/results/2026-03-19_14h04_SEM_gaussian/graphs/golden__v10_a15_g0.json,/home/mathis/Documents/Travail/cbnsl_benchmark/scaling/../scaling/results/2026-03-19_14h04_SEM_gaussian/graphs/GHC+BDeu__v10_a15_g0_s500.json,,0.04450351500054239,16.0,14.0,0.0,0.5217391304347827,0.0,0.4
SEM_gaussian,NOTEARS,"{""lambda1"": 0.1, ""w_threshold_notears"": 0.1}",10,15,500,0,/home/mathis/Documents/Travail/cbnsl_benchmark/scaling/../scaling/results/2026-03-19_14h04_SEM_gaussian/graphs/golden__v10_a15_g0.json,/home/mathis/Documents/Travail/cbnsl_benchmark/scaling/../scaling/results/2026-03-19_14h04_SEM_gaussian/graphs/NOTEARS__v10_a15_g0_s500.json,,1.7364075609984866,14.0,13.0,0.11764705882352941,0.8571428571428571,0.25,0.8
SEM_gaussian,NOTEARS Disc.,"{""lambda1"": 0.1, ""w_threshold_notears"": 0.1, ""n_bins"": 6, ""initial_bins"": 20, ""discretization_method"": ""hartemink""}",10,15,500,0,/home/mathis/Documents/Travail/cbnsl_benchmark/scaling/../scaling/results/2026-03-19_14h04_SEM_gaussian/graphs/golden__v10_a15_g0.json,/home/mathis/Documents/Travail/cbnsl_benchmark/scaling/../scaling/results/2026-03-19_14h04_SEM_gaussian/graphs/NOTEARS Disc.__v10_a15_g0_s500.json,,13.407459720998304,20.0,19.0,0.0,0.7647058823529413,0.0,0.8666666666666667
SEM_gaussian,LiNGAM,"{""threshold_lingam"": 0.01}",10,15,500,0,/home/mathis/Documents/Travail/cbnsl_benchmark/scaling/../scaling/results/2026-03-19_14h04_SEM_gaussian/graphs/golden__v10_a15_g0.json,/home/mathis/Documents/Travail/cbnsl_benchmark/scaling/../scaling/results/2026-03-19_14h04_SEM_gaussian/graphs/LiNGAM__v10_a15_g0_s500.json,,0.33425322900075116,23.0,14.0,0.07999999999999999,0.7692307692307693,1.0,1.0
SEM_gaussian,CPC,"{""alpha"": 0.1, ""max_conditioning_set_size"": 2}",10,15,1000,0,/home/mathis/Documents/Travail/cbnsl_benchmark/scaling/../scaling/results/2026-03-19_14h04_SEM_gaussian/graphs/golden__v10_a15_g0.json,/home/mathis/Documents/Travail/cbnsl_benchmark/scaling/../scaling/results/2026-03-19_14h04_SEM_gaussian/graphs/CPC__v10_a15_g0_s1000.json,,1.0317578649992356,11.0,11.0,0.4,0.8148148148148148,0.5,0.7333333333333333
SEM_gaussian,CMIIC,"{""alpha"": 0.01}",10,15,1000,0,/home/mathis/Documents/Travail/cbnsl_benchmark/scaling/../scaling/results/2026-03-19_14h04_SEM_gaussian/graphs/golden__v10_a15_g0.json,/home/mathis/Documents/Travail/cbnsl_benchmark/scaling/../scaling/results/2026-03-19_14h04_SEM_gaussian/graphs/CMIIC__v10_a15_g0_s1000.json,,4.134043797999766,4.0,14.0,0.8275862068965517,0.9032258064516129,0.9230769230769231,0.9333333333333333
SEM_gaussian,MIIC,"{""n_bins"": 2, ""discretization_method"": ""quantile""}",10,15,1000,0,/home/mathis/Documents/Travail/cbnsl_benchmark/scaling/../scaling/results/2026-03-19_14h04_SEM_gaussian/graphs/golden__v10_a15_g0.json,/home/mathis/Documents/Travail/cbnsl_benchmark/scaling/../scaling/results/2026-03-19_14h04_SEM_gaussian/graphs/MIIC__v10_a15_g0_s1000.json,,0.08293626999875414,13.0,9.0,0.3157894736842105,0.8571428571428571,0.5,0.8
SEM_gaussian,GHC+BDeu,"{""n_bins"": 4, ""discretization_method"": ""quantile""}",10,15,1000,0,/home/mathis/Documents/Travail/cbnsl_benchmark/scaling/../scaling/results/2026-03-19_14h04_SEM_gaussian/graphs/golden__v10_a15_g0.json,/home/mathis/Documents/Travail/cbnsl_benchmark/scaling/../scaling/results/2026-03-19_14h04_SEM_gaussian/graphs/GHC+BDeu__v10_a15_g0_s1000.json,,0.06411226899945177,16.0,13.0,0.0,0.5833333333333334,0.0,0.4666666666666667
SEM_gaussian,NOTEARS,"{""lambda1"": 0.1, ""w_threshold_notears"": 0.1}",10,15,1000,0,/home/mathis/Documents/Travail/cbnsl_benchmark/scaling/../scaling/results/2026-03-19_14h04_SEM_gaussian/graphs/golden__v10_a15_g0.json,/home/mathis/Documents/Travail/cbnsl_benchmark/scaling/../scaling/results/2026-03-19_14h04_SEM_gaussian/graphs/NOTEARS__v10_a15_g0_s1000.json,,4.118728309000289,11.0,13.0,0.4761904761904762,0.896551724137931,0.7142857142857143,0.8666666666666667
SEM_gaussian,NOTEARS Disc.,"{""lambda1"": 0.1, ""w_threshold_notears"": 0.1, ""n_bins"": 6, ""initial_bins"": 20, ""discretization_method"": ""hartemink""}",10,15,1000,0,/home/mathis/Documents/Travail/cbnsl_benchmark/scaling/../scaling/results/2026-03-19_14h04_SEM_gaussian/graphs/golden__v10_a15_g0.json,/home/mathis/Documents/Travail/cbnsl_benchmark/scaling/../scaling/results/2026-03-19_14h04_SEM_gaussian/graphs/NOTEARS Disc.__v10_a15_g0_s1000.json,,21.105524915001297,17.0,14.0,0.0,0.8125,0.0,0.8666666666666667
SEM_gaussian,LiNGAM,"{""threshold_lingam"": 0.01}",10,15,1000,0,/home/mathis/Documents/Travail/cbnsl_benchmark/scaling/../scaling/results/2026-03-19_14h04_SEM_gaussian/graphs/golden__v10_a15_g0.json,,[pyAgrum] Partially directed cycle detected: Add a partial directed cycle in a PDAG : between 7 and 5,,,,,,,
SEM_gaussian,CPC,"{""alpha"": 0.1, ""max_conditioning_set_size"": 2}",10,15,2000,0,/home/mathis/Documents/Travail/cbnsl_benchmark/scaling/../scaling/results/2026-03-19_14h04_SEM_gaussian/graphs/golden__v10_a15_g0.json,/home/mathis/Documents/Travail/cbnsl_benchmark/scaling/../scaling/results/2026-03-19_14h04_SEM_gaussian/graphs/CPC__v10_a15_g0_s2000.json,,4.373727008998685,13.0,12.0,0.5,0.8387096774193549,0.75,0.8666666666666667
SEM_gaussian,CMIIC,"{""alpha"": 0.01}",10,15,2000,0,/home/mathis/Documents/Travail/cbnsl_benchmark/scaling/../scaling/results/2026-03-19_14h04_SEM_gaussian/graphs/golden__v10_a15_g0.json,/home/mathis/Documents/Travail/cbnsl_benchmark/scaling/../scaling/results/2026-03-19_14h04_SEM_gaussian/graphs/CMIIC__v10_a15_g0_s2000.json,,13.695417183000245,3.0,15.0,0.8571428571428571,0.9333333333333333,0.9230769230769231,0.9333333333333333
SEM_gaussian,MIIC,"{""n_bins"": 2, ""discretization_method"": ""quantile""}",10,15,2000,0,/home/mathis/Documents/Travail/cbnsl_benchmark/scaling/../scaling/results/2026-03-19_14h04_SEM_gaussian/graphs/golden__v10_a15_g0.json,/home/mathis/Documents/Travail/cbnsl_benchmark/scaling/../scaling/results/2026-03-19_14h04_SEM_gaussian/graphs/MIIC__v10_a15_g0_s2000.json,,0.1793993600003887,9.0,10.0,0.64,0.8275862068965518,0.7272727272727273,0.8
SEM_gaussian,GHC+BDeu,"{""n_bins"": 4, ""discretization_method"": ""quantile""}",10,15,2000,0,/home/mathis/Documents/Travail/cbnsl_benchmark/scaling/../scaling/results/2026-03-19_14h04_SEM_gaussian/graphs/golden__v10_a15_g0.json,/home/mathis/Documents/Travail/cbnsl_benchmark/scaling/../scaling/results/2026-03-19_14h04_SEM_gaussian/graphs/GHC+BDeu__v10_a15_g0_s2000.json,,0.13858305800022208,14.0,13.0,0.2105263157894737,0.64,0.2222222222222222,0.5333333333333333
SEM_gaussian,NOTEARS,"{""lambda1"": 0.1, ""w_threshold_notears"": 0.1}",10,15,2000,0,/home/mathis/Documents/Travail/cbnsl_benchmark/scaling/../scaling/results/2026-03-19_14h04_SEM_gaussian/graphs/golden__v10_a15_g0.json,/home/mathis/Documents/Travail/cbnsl_benchmark/scaling/../scaling/results/2026-03-19_14h04_SEM_gaussian/graphs/NOTEARS__v10_a15_g0_s2000.json,,4.787602710999636,15.0,11.0,0.21052631578947364,0.8275862068965518,0.4,0.8
SEM_gaussian,NOTEARS Disc.,"{""lambda1"": 0.1, ""w_threshold_notears"": 0.1, ""n_bins"": 6, ""initial_bins"": 20, ""discretization_method"": ""hartemink""}",10,15,2000,0,/home/mathis/Documents/Travail/cbnsl_benchmark/scaling/../scaling/results/2026-03-19_14h04_SEM_gaussian/graphs/golden__v10_a15_g0.json,/home/mathis/Documents/Travail/cbnsl_benchmark/scaling/../scaling/results/2026-03-19_14h04_SEM_gaussian/graphs/NOTEARS Disc.__v10_a15_g0_s2000.json,,35.895854072001384,17.0,14.0,0.0,0.8125,0.0,0.8666666666666667
SEM_gaussian,LiNGAM,"{""threshold_lingam"": 0.01}",10,15,2000,0,/home/mathis/Documents/Travail/cbnsl_benchmark/scaling/../scaling/results/2026-03-19_14h04_SEM_gaussian/graphs/golden__v10_a15_g0.json,/home/mathis/Documents/Travail/cbnsl_benchmark/scaling/../scaling/results/2026-03-19_14h04_SEM_gaussian/graphs/LiNGAM__v10_a15_g0_s2000.json,,0.4788268150005024,10.0,17.0,0.6857142857142856,0.7894736842105263,1.0,1.0
SEM_gaussian,CPC,"{""alpha"": 0.1, ""max_conditioning_set_size"": 2}",10,15,3500,0,/home/mathis/Documents/Travail/cbnsl_benchmark/scaling/../scaling/results/2026-03-19_14h04_SEM_gaussian/graphs/golden__v10_a15_g0.json,/home/mathis/Documents/Travail/cbnsl_benchmark/scaling/../scaling/results/2026-03-19_14h04_SEM_gaussian/graphs/CPC__v10_a15_g0_s3500.json,,14.249273411998729,13.0,12.0,0.5,0.8387096774193549,0.75,0.8666666666666667
SEM_gaussian,CMIIC,"{""alpha"": 0.01}",10,15,3500,0,/home/mathis/Documents/Travail/cbnsl_benchmark/scaling/../scaling/results/2026-03-19_14h04_SEM_gaussian/graphs/golden__v10_a15_g0.json,/home/mathis/Documents/Travail/cbnsl_benchmark/scaling/../scaling/results/2026-03-19_14h04_SEM_gaussian/graphs/CMIIC__v10_a15_g0_s3500.json,,63.216772559000674,4.0,14.0,0.8275862068965517,0.9032258064516129,0.9230769230769231,0.9333333333333333
SEM_gaussian,MIIC,"{""n_bins"": 2, ""discretization_method"": ""quantile""}",10,15,3500,0,/home/mathis/Documents/Travail/cbnsl_benchmark/scaling/../scaling/results/2026-03-19_14h04_SEM_gaussian/graphs/golden__v10_a15_g0.json,/home/mathis/Documents/Travail/cbnsl_benchmark/scaling/../scaling/results/2026-03-19_14h04_SEM_gaussian/graphs/MIIC__v10_a15_g0_s3500.json,,0.3771468900013133,8.0,9.0,0.6923076923076923,0.8666666666666667,0.8181818181818182,0.8666666666666667
SEM_gaussian,GHC+BDeu,"{""n_bins"": 4, ""discretization_method"": ""quantile""}",10,15,3500,0,/home/mathis/Documents/Travail/cbnsl_benchmark/scaling/../scaling/results/2026-03-19_14h04_SEM_gaussian/graphs/golden__v10_a15_g0.json,/home/mathis/Documents/Travail/cbnsl_benchmark/scaling/../scaling/results/2026-03-19_14h04_SEM_gaussian/graphs/GHC+BDeu__v10_a15_g0_s3500.json,,0.20855167099944083,15.0,12.0,0.2105263157894737,0.6923076923076923,0.25,0.6
SEM_gaussian,NOTEARS,"{""lambda1"": 0.1, ""w_threshold_notears"": 0.1}",10,15,3500,0,/home/mathis/Documents/Travail/cbnsl_benchmark/scaling/../scaling/results/2026-03-19_14h04_SEM_gaussian/graphs/golden__v10_a15_g0.json,/home/mathis/Documents/Travail/cbnsl_benchmark/scaling/../scaling/results/2026-03-19_14h04_SEM_gaussian/graphs/NOTEARS__v10_a15_g0_s3500.json,,9.050426481000613,15.0,11.0,0.21052631578947364,0.8275862068965518,0.4,0.8
SEM_gaussian,NOTEARS Disc.,"{""lambda1"": 0.1, ""w_threshold_notears"": 0.1, ""n_bins"": 6, ""initial_bins"": 20, ""discretization_method"": ""hartemink""}",10,15,3500,0,/home/mathis/Documents/Travail/cbnsl_benchmark/scaling/../scaling/results/2026-03-19_14h04_SEM_gaussian/graphs/golden__v10_a15_g0.json,/home/mathis/Documents/Travail/cbnsl_benchmark/scaling/../scaling/results/2026-03-19_14h04_SEM_gaussian/graphs/NOTEARS Disc.__v10_a15_g0_s3500.json,,57.75084005399913,16.0,13.0,0.27272727272727276,0.8484848484848485,0.75,0.9333333333333333
SEM_gaussian,LiNGAM,"{""threshold_lingam"": 0.01}",10,15,3500,0,/home/mathis/Documents/Travail/cbnsl_benchmark/scaling/../scaling/results/2026-03-19_14h04_SEM_gaussian/graphs/golden__v10_a15_g0.json,/home/mathis/Documents/Travail/cbnsl_benchmark/scaling/../scaling/results/2026-03-19_14h04_SEM_gaussian/graphs/LiNGAM__v10_a15_g0_s3500.json,,0.5507923869990918,24.0,28.0,0.33333333333333326,0.6363636363636364,0.8571428571428571,0.9333333333333333
SEM_gaussian,CPC,"{""alpha"": 0.1, ""max_conditioning_set_size"": 2}",10,15,5000,0,/home/mathis/Documents/Travail/cbnsl_benchmark/scaling/../scaling/results/2026-03-19_14h04_SEM_gaussian/graphs/golden__v10_a15_g0.json,/home/mathis/Documents/Travail/cbnsl_benchmark/scaling/../scaling/results/2026-03-19_14h04_SEM_gaussian/graphs/CPC__v10_a15_g0_s5000.json,,30.206784916001197,15.0,13.0,0.4166666666666667,0.8125,0.7142857142857143,0.8666666666666667
SEM_gaussian,CMIIC,"{""alpha"": 0.01}",10,15,5000,0,/home/mathis/Documents/Travail/cbnsl_benchmark/scaling/../scaling/results/2026-03-19_14h04_SEM_gaussian/graphs/golden__v10_a15_g0.json,/home/mathis/Documents/Travail/cbnsl_benchmark/scaling/../scaling/results/2026-03-19_14h04_SEM_gaussian/graphs/CMIIC__v10_a15_g0_s5000.json,,90.25681384599739,7.0,6.0,0.7200000000000001,0.896551724137931,0.8181818181818182,0.8666666666666667
SEM_gaussian,MIIC,"{""n_bins"": 2, ""discretization_method"": ""quantile""}",10,15,5000,0,/home/mathis/Documents/Travail/cbnsl_benchmark/scaling/../scaling/results/2026-03-19_14h04_SEM_gaussian/graphs/golden__v10_a15_g0.json,/home/mathis/Documents/Travail/cbnsl_benchmark/scaling/../scaling/results/2026-03-19_14h04_SEM_gaussian/graphs/MIIC__v10_a15_g0_s5000.json,,0.5175259610005014,1.0,1.0,0.9333333333333333,0.967741935483871,1.0,1.0
SEM_gaussian,GHC+BDeu,"{""n_bins"": 4, ""discretization_method"": ""quantile""}",10,15,5000,0,/home/mathis/Documents/Travail/cbnsl_benchmark/scaling/../scaling/results/2026-03-19_14h04_SEM_gaussian/graphs/golden__v10_a15_g0.json,/home/mathis/Documents/Travail/cbnsl_benchmark/scaling/../scaling/results/2026-03-19_14h04_SEM_gaussian/graphs/GHC+BDeu__v10_a15_g0_s5000.json,,0.2926288029993884,18.0,17.0,0.0,0.689655172413793,0.0,0.6666666666666666
SEM_gaussian,NOTEARS,"{""lambda1"": 0.1, ""w_threshold_notears"": 0.1}",10,15,5000,0,/home/mathis/Documents/Travail/cbnsl_benchmark/scaling/../scaling/results/2026-03-19_14h04_SEM_gaussian/graphs/golden__v10_a15_g0.json,/home/mathis/Documents/Travail/cbnsl_benchmark/scaling/../scaling/results/2026-03-19_14h04_SEM_gaussian/graphs/NOTEARS__v10_a15_g0_s5000.json,,12.243498892999924,15.0,11.0,0.21052631578947364,0.8275862068965518,0.4,0.8
SEM_gaussian,NOTEARS Disc.,"{""lambda1"": 0.1, ""w_threshold_notears"": 0.1, ""n_bins"": 6, ""initial_bins"": 20, ""discretization_method"": ""hartemink""}",10,15,5000,0,/home/mathis/Documents/Travail/cbnsl_benchmark/scaling/../scaling/results/2026-03-19_14h04_SEM_gaussian/graphs/golden__v10_a15_g0.json,/home/mathis/Documents/Travail/cbnsl_benchmark/scaling/../scaling/results/2026-03-19_14h04_SEM_gaussian/graphs/NOTEARS Disc.__v10_a15_g0_s5000.json,,70.21479568499853,16.0,11.0,0.1904761904761905,0.8823529411764706,1.0,1.0
SEM_gaussian,LiNGAM,"{""threshold_lingam"": 0.01}",10,15,5000,0,/home/mathis/Documents/Travail/cbnsl_benchmark/scaling/../scaling/results/2026-03-19_14h04_SEM_gaussian/graphs/golden__v10_a15_g0.json,/home/mathis/Documents/Travail/cbnsl_benchmark/scaling/../scaling/results/2026-03-19_14h04_SEM_gaussian/graphs/LiNGAM__v10_a15_g0_s5000.json,,0.7050287530000787,24.0,24.0,0.33333333333333326,0.6363636363636364,0.8571428571428571,0.9333333333333333
SEM_gaussian,CPC,"{""alpha"": 0.1, ""max_conditioning_set_size"": 2}",10,15,200,1,/home/mathis/Documents/Travail/cbnsl_benchmark/scaling/../scaling/results/2026-03-19_14h04_SEM_gaussian/graphs/golden__v10_a15_g1.json,/home/mathis/Documents/Travail/cbnsl_benchmark/scaling/../scaling/results/2026-03-19_14h04_SEM_gaussian/graphs/CPC__v10_a15_g1_s200.json,,0.026509137998800725,11.0,12.0,0.35294117647058826,0.5263157894736842,0.25,0.35714285714285715
SEM_gaussian,CMIIC,"{""alpha"": 0.01}",10,15,200,1,/home/mathis/Documents/Travail/cbnsl_benchmark/scaling/../scaling/results/2026-03-19_14h04_SEM_gaussian/graphs/golden__v10_a15_g1.json,/home/mathis/Documents/Travail/cbnsl_benchmark/scaling/../scaling/results/2026-03-19_14h04_SEM_gaussian/graphs/CMIIC__v10_a15_g1_s200.json,,0.3517385529994499,22.0,27.0,0.36363636363636365,0.65,0.8571428571428571,0.9285714285714286
SEM_gaussian,MIIC,"{""n_bins"": 2, ""discretization_method"": ""quantile""}",10,15,200,1,/home/mathis/Documents/Travail/cbnsl_benchmark/scaling/../scaling/results/2026-03-19_14h04_SEM_gaussian/graphs/golden__v10_a15_g1.json,/home/mathis/Documents/Travail/cbnsl_benchmark/scaling/../scaling/results/2026-03-19_14h04_SEM_gaussian/graphs/MIIC__v10_a15_g1_s200.json,,0.03282669699910912,8.0,12.0,0.7199999999999999,0.8148148148148148,0.75,0.7857142857142857
SEM_gaussian,GHC+BDeu,"{""n_bins"": 4, ""discretization_method"": ""quantile""}",10,15,200,1,/home/mathis/Documents/Travail/cbnsl_benchmark/scaling/../scaling/results/2026-03-19_14h04_SEM_gaussian/graphs/golden__v10_a15_g1.json,/home/mathis/Documents/Travail/cbnsl_benchmark/scaling/../scaling/results/2026-03-19_14h04_SEM_gaussian/graphs/GHC+BDeu__v10_a15_g1_s200.json,,0.03144114399765385,13.0,11.0,0.0,0.6,0.0,0.42857142857142855
SEM_gaussian,NOTEARS,"{""lambda1"": 0.1, ""w_threshold_notears"": 0.1}",10,15,200,1,/home/mathis/Documents/Travail/cbnsl_benchmark/scaling/../scaling/results/2026-03-19_14h04_SEM_gaussian/graphs/golden__v10_a15_g1.json,/home/mathis/Documents/Travail/cbnsl_benchmark/scaling/../scaling/results/2026-03-19_14h04_SEM_gaussian/graphs/NOTEARS__v10_a15_g1_s200.json,,2.378809795998677,19.0,18.0,0.09999999999999999,0.8125000000000001,0.5,0.9285714285714286
SEM_gaussian,NOTEARS Disc.,"{""lambda1"": 0.1, ""w_threshold_notears"": 0.1, ""n_bins"": 6, ""initial_bins"": 20, ""discretization_method"": ""hartemink""}",10,15,200,1,/home/mathis/Documents/Travail/cbnsl_benchmark/scaling/../scaling/results/2026-03-19_14h04_SEM_gaussian/graphs/golden__v10_a15_g1.json,/home/mathis/Documents/Travail/cbnsl_benchmark/scaling/../scaling/results/2026-03-19_14h04_SEM_gaussian/graphs/NOTEARS Disc.__v10_a15_g1_s200.json,,11.117021805999684,16.0,12.0,0.34782608695652173,0.8484848484848484,1.0,1.0
SEM_gaussian,LiNGAM,"{""threshold_lingam"": 0.01}",10,15,200,1,/home/mathis/Documents/Travail/cbnsl_benchmark/scaling/../scaling/results/2026-03-19_14h04_SEM_gaussian/graphs/golden__v10_a15_g1.json,/home/mathis/Documents/Travail/cbnsl_benchmark/scaling/../scaling/results/2026-03-19_14h04_SEM_gaussian/graphs/LiNGAM__v10_a15_g1_s200.json,,0.2875214429986954,16.0,17.0,0.37037037037037035,0.742857142857143,0.8333333333333334,0.9285714285714286
SEM_gaussian,CPC,"{""alpha"": 0.1, ""max_conditioning_set_size"": 2}",10,15,500,1,/home/mathis/Documents/Travail/cbnsl_benchmark/scaling/../scaling/results/2026-03-19_14h04_SEM_gaussian/graphs/golden__v10_a15_g1.json,/home/mathis/Documents/Travail/cbnsl_benchmark/scaling/../scaling/results/2026-03-19_14h04_SEM_gaussian/graphs/CPC__v10_a15_g1_s500.json,,0.24420867300068494,13.0,11.0,0.0,0.5263157894736842,0.0,0.35714285714285715
SEM_gaussian,CMIIC,"{""alpha"": 0.01}",10,15,500,1,/home/mathis/Documents/Travail/cbnsl_benchmark/scaling/../scaling/results/2026-03-19_14h04_SEM_gaussian/graphs/golden__v10_a15_g1.json,/home/mathis/Documents/Travail/cbnsl_benchmark/scaling/../scaling/results/2026-03-19_14h04_SEM_gaussian/graphs/CMIIC__v10_a15_g1_s500.json,,1.3504288360018109,9.0,19.0,0.7647058823529412,0.7647058823529412,0.9285714285714286,0.9285714285714286
SEM_gaussian,MIIC,"{""n_bins"": 2, ""discretization_method"": ""quantile""}",10,15,500,1,/home/mathis/Documents/Travail/cbnsl_benchmark/scaling/../scaling/results/2026-03-19_14h04_SEM_gaussian/graphs/golden__v10_a15_g1.json,/home/mathis/Documents/Travail/cbnsl_benchmark/scaling/../scaling/results/2026-03-19_14h04_SEM_gaussian/graphs/MIIC__v10_a15_g1_s500.json,,0.039279175998672144,1.0,10.0,0.9230769230769231,0.962962962962963,0.9230769230769231,0.9285714285714286
SEM_gaussian,GHC+BDeu,"{""n_bins"": 4, ""discretization_method"": ""quantile""}",10,15,500,1,/home/mathis/Documents/Travail/cbnsl_benchmark/scaling/../scaling/results/2026-03-19_14h04_SEM_gaussian/graphs/golden__v10_a15_g1.json,/home/mathis/Documents/Travail/cbnsl_benchmark/scaling/../scaling/results/2026-03-19_14h04_SEM_gaussian/graphs/GHC+BDeu__v10_a15_g1_s500.json,,0.044577159998880234,14.0,12.0,0.0,0.6956521739130435,0.0,0.5714285714285714
SEM_gaussian,NOTEARS,"{""lambda1"": 0.1, ""w_threshold_notears"": 0.1}",10,15,500,1,/home/mathis/Documents/Travail/cbnsl_benchmark/scaling/../scaling/results/2026-03-19_14h04_SEM_gaussian/graphs/golden__v10_a15_g1.json,/home/mathis/Documents/Travail/cbnsl_benchmark/scaling/../scaling/results/2026-03-19_14h04_SEM_gaussian/graphs/NOTEARS__v10_a15_g1_s500.json,,2.146712617999583,16.0,13.0,0.11764705882352941,0.8571428571428571,0.3333333333333333,0.8571428571428571
SEM_gaussian,NOTEARS Disc.,"{""lambda1"": 0.1, ""w_threshold_notears"": 0.1, ""n_bins"": 6, ""initial_bins"": 20, ""discretization_method"": ""hartemink""}",10,15,500,1,/home/mathis/Documents/Travail/cbnsl_benchmark/scaling/../scaling/results/2026-03-19_14h04_SEM_gaussian/graphs/golden__v10_a15_g1.json,/home/mathis/Documents/Travail/cbnsl_benchmark/scaling/../scaling/results/2026-03-19_14h04_SEM_gaussian/graphs/NOTEARS Disc.__v10_a15_g1_s500.json,,13.800142484997195,16.0,15.0,0.2857142857142857,0.8387096774193549,0.75,0.9285714285714286
SEM_gaussian,LiNGAM,"{""threshold_lingam"": 0.01}",10,15,500,1,/home/mathis/Documents/Travail/cbnsl_benchmark/scaling/../scaling/results/2026-03-19_14h04_SEM_gaussian/graphs/golden__v10_a15_g1.json,/home/mathis/Documents/Travail/cbnsl_benchmark/scaling/../scaling/results/2026-03-19_14h04_SEM_gaussian/graphs/LiNGAM__v10_a15_g1_s500.json,,0.3135321240006306,14.0,21.0,0.5454545454545454,0.7027027027027025,0.9,0.9285714285714286
SEM_gaussian,CPC,"{""alpha"": 0.1, ""max_conditioning_set_size"": 2}",10,15,1000,1,/home/mathis/Documents/Travail/cbnsl_benchmark/scaling/../scaling/results/2026-03-19_14h04_SEM_gaussian/graphs/golden__v10_a15_g1.json,/home/mathis/Documents/Travail/cbnsl_benchmark/scaling/../scaling/results/2026-03-19_14h04_SEM_gaussian/graphs/CPC__v10_a15_g1_s1000.json,,1.0691305410000496,8.0,11.0,0.5263157894736842,0.88,0.625,0.7857142857142857
SEM_gaussian,CMIIC,"{""alpha"": 0.01}",10,15,1000,1,/home/mathis/Documents/Travail/cbnsl_benchmark/scaling/../scaling/results/2026-03-19_14h04_SEM_gaussian/graphs/golden__v10_a15_g1.json,/home/mathis/Documents/Travail/cbnsl_benchmark/scaling/../scaling/results/2026-03-19_14h04_SEM_gaussian/graphs/CMIIC__v10_a15_g1_s1000.json,,3.0554293829991366,7.0,6.0,0.6666666666666667,0.896551724137931,0.8888888888888888,0.9285714285714286
SEM_gaussian,MIIC,"{""n_bins"": 2, ""discretization_method"": ""quantile""}",10,15,1000,1,/home/mathis/Documents/Travail/cbnsl_benchmark/scaling/../scaling/results/2026-03-19_14h04_SEM_gaussian/graphs/golden__v10_a15_g1.json,/home/mathis/Documents/Travail/cbnsl_benchmark/scaling/../scaling/results/2026-03-19_14h04_SEM_gaussian/graphs/MIIC__v10_a15_g1_s1000.json,,0.07055762100208085,4.0,2.0,0.8,0.9285714285714286,0.9090909090909091,0.9285714285714286
SEM_gaussian,GHC+BDeu,"{""n_bins"": 4, ""discretization_method"": ""quantile""}",10,15,1000,1,/home/mathis/Documents/Travail/cbnsl_benchmark/scaling/../scaling/results/2026-03-19_14h04_SEM_gaussian/graphs/golden__v10_a15_g1.json,/home/mathis/Documents/Travail/cbnsl_benchmark/scaling/../scaling/results/2026-03-19_14h04_SEM_gaussian/graphs/GHC+BDeu__v10_a15_g1_s1000.json,,0.05237895700338413,14.0,11.0,0.0,0.6956521739130435,0.0,0.5714285714285714
SEM_gaussian,NOTEARS,"{""lambda1"": 0.1, ""w_threshold_notears"": 0.1}",10,15,1000,1,/home/mathis/Documents/Travail/cbnsl_benchmark/scaling/../scaling/results/2026-03-19_14h04_SEM_gaussian/graphs/golden__v10_a15_g1.json,/home/mathis/Documents/Travail/cbnsl_benchmark/scaling/../scaling/results/2026-03-19_14h04_SEM_gaussian/graphs/NOTEARS__v10_a15_g1_s1000.json,,2.3016125739995914,16.0,13.0,0.0,0.8275862068965518,0.0,0.8571428571428571
SEM_gaussian,NOTEARS Disc.,"{""lambda1"": 0.1, ""w_threshold_notears"": 0.1, ""n_bins"": 6, ""initial_bins"": 20, ""discretization_method"": ""hartemink""}",10,15,1000,1,/home/mathis/Documents/Travail/cbnsl_benchmark/scaling/../scaling/results/2026-03-19_14h04_SEM_gaussian/graphs/golden__v10_a15_g1.json,/home/mathis/Documents/Travail/cbnsl_benchmark/scaling/../scaling/results/2026-03-19_14h04_SEM_gaussian/graphs/NOTEARS Disc.__v10_a15_g1_s1000.json,,21.12619283499953,7.0,15.0,0.6666666666666666,0.9333333333333333,1.0,1.0
SEM_gaussian,LiNGAM,"{""threshold_lingam"": 0.01}",10,15,1000,1,/home/mathis/Documents/Travail/cbnsl_benchmark/scaling/../scaling/results/2026-03-19_14h04_SEM_gaussian/graphs/golden__v10_a15_g1.json,/home/mathis/Documents/Travail/cbnsl_benchmark/scaling/../scaling/results/2026-03-19_14h04_SEM_gaussian/graphs/LiNGAM__v10_a15_g1_s1000.json,,0.35754113100119866,19.0,23.0,0.29629629629629634,0.7567567567567568,1.0,1.0
SEM_gaussian,CPC,"{""alpha"": 0.1, ""max_conditioning_set_size"": 2}",10,15,2000,1,/home/mathis/Documents/Travail/cbnsl_benchmark/scaling/../scaling/results/2026-03-19_14h04_SEM_gaussian/graphs/golden__v10_a15_g1.json,/home/mathis/Documents/Travail/cbnsl_benchmark/scaling/../scaling/results/2026-03-19_14h04_SEM_gaussian/graphs/CPC__v10_a15_g1_s2000.json,,4.458227087001433,9.0,12.0,0.5,0.888888888888889,0.7142857142857143,0.8571428571428571
SEM_gaussian,CMIIC,"{""alpha"": 0.01}",10,15,2000,1,/home/mathis/Documents/Travail/cbnsl_benchmark/scaling/../scaling/results/2026-03-19_14h04_SEM_gaussian/graphs/golden__v10_a15_g1.json,/home/mathis/Documents/Travail/cbnsl_benchmark/scaling/../scaling/results/2026-03-19_14h04_SEM_gaussian/graphs/CMIIC__v10_a15_g1_s2000.json,,10.93398207700011,1.0,10.0,0.9230769230769231,0.962962962962963,0.9230769230769231,0.9285714285714286
SEM_gaussian,MIIC,"{""n_bins"": 2, ""discretization_method"": ""quantile""}",10,15,2000,1,/home/mathis/Documents/Travail/cbnsl_benchmark/scaling/../scaling/results/2026-03-19_14h04_SEM_gaussian/graphs/golden__v10_a15_g1.json,/home/mathis/Documents/Travail/cbnsl_benchmark/scaling/../scaling/results/2026-03-19_14h04_SEM_gaussian/graphs/MIIC__v10_a15_g1_s2000.json,,0.1735903890003101,4.0,3.0,0.8148148148148148,0.896551724137931,0.9166666666666666,0.9285714285714286
SEM_gaussian,GHC+BDeu,"{""n_bins"": 4, ""discretization_method"": ""quantile""}",10,15,2000,1,/home/mathis/Documents/Travail/cbnsl_benchmark/scaling/../scaling/results/2026-03-19_14h04_SEM_gaussian/graphs/golden__v10_a15_g1.json,/home/mathis/Documents/Travail/cbnsl_benchmark/scaling/../scaling/results/2026-03-19_14h04_SEM_gaussian/graphs/GHC+BDeu__v10_a15_g1_s2000.json,,0.11526512199998251,13.0,12.0,0.125,0.75,0.16666666666666666,0.6428571428571429
SEM_gaussian,NOTEARS,"{""lambda1"": 0.1, ""w_threshold_notears"": 0.1}",10,15,2000,1,/home/mathis/Documents/Travail/cbnsl_benchmark/scaling/../scaling/results/2026-03-19_14h04_SEM_gaussian/graphs/golden__v10_a15_g1.json,/home/mathis/Documents/Travail/cbnsl_benchmark/scaling/../scaling/results/2026-03-19_14h04_SEM_gaussian/graphs/NOTEARS__v10_a15_g1_s2000.json,,11.398552914000902,13.0,11.0,0.33333333333333326,0.8,0.42857142857142855,0.7142857142857143
SEM_gaussian,NOTEARS Disc.,"{""lambda1"": 0.1, ""w_threshold_notears"": 0.1, ""n_bins"": 6, ""initial_bins"": 20, ""discretization_method"": ""hartemink""}",10,15,2000,1,/home/mathis/Documents/Travail/cbnsl_benchmark/scaling/../scaling/results/2026-03-19_14h04_SEM_gaussian/graphs/golden__v10_a15_g1.json,/home/mathis/Documents/Travail/cbnsl_benchmark/scaling/../scaling/results/2026-03-19_14h04_SEM_gaussian/graphs/NOTEARS Disc.__v10_a15_g1_s2000.json,,33.95403962099954,11.0,11.0,0.5454545454545455,0.896551724137931,0.8571428571428571,0.9285714285714286
SEM_gaussian,LiNGAM,"{""threshold_lingam"": 0.01}",10,15,2000,1,/home/mathis/Documents/Travail/cbnsl_benchmark/scaling/../scaling/results/2026-03-19_14h04_SEM_gaussian/graphs/golden__v10_a15_g1.json,/home/mathis/Documents/Travail/cbnsl_benchmark/scaling/../scaling/results/2026-03-19_14h04_SEM_gaussian/graphs/LiNGAM__v10_a15_g1_s2000.json,,0.4441151120008726,15.0,21.0,0.5294117647058824,0.717948717948718,1.0,1.0
SEM_gaussian,CPC,"{""alpha"": 0.1, ""max_conditioning_set_size"": 2}",10,15,3500,1,/home/mathis/Documents/Travail/cbnsl_benchmark/scaling/../scaling/results/2026-03-19_14h04_SEM_gaussian/graphs/golden__v10_a15_g1.json,/home/mathis/Documents/Travail/cbnsl_benchmark/scaling/../scaling/results/2026-03-19_14h04_SEM_gaussian/graphs/CPC__v10_a15_g1_s3500.json,,16.409853334000218,8.0,14.0,0.608695652173913,0.896551724137931,0.875,0.9285714285714286
SEM_gaussian,CMIIC,"{""alpha"": 0.01}",10,15,3500,1,/home/mathis/Documents/Travail/cbnsl_benchmark/scaling/../scaling/results/2026-03-19_14h04_SEM_gaussian/graphs/golden__v10_a15_g1.json,/home/mathis/Documents/Travail/cbnsl_benchmark/scaling/../scaling/results/2026-03-19_14h04_SEM_gaussian/graphs/CMIIC__v10_a15_g1_s3500.json,,26.471060785999725,3.0,10.0,0.8333333333333333,0.962962962962963,0.9090909090909091,0.9285714285714286
SEM_gaussian,MIIC,"{""n_bins"": 2, ""discretization_method"": ""quantile""}",10,15,3500,1,/home/mathis/Documents/Travail/cbnsl_benchmark/scaling/../scaling/results/2026-03-19_14h04_SEM_gaussian/graphs/golden__v10_a15_g1.json,/home/mathis/Documents/Travail/cbnsl_benchmark/scaling/../scaling/results/2026-03-19_14h04_SEM_gaussian/graphs/MIIC__v10_a15_g1_s3500.json,,0.34363943900098093,5.0,13.0,0.7857142857142857,0.8666666666666666,0.9166666666666666,0.9285714285714286
SEM_gaussian,GHC+BDeu,"{""n_bins"": 4, ""discretization_method"": ""quantile""}",10,15,3500,1,/home/mathis/Documents/Travail/cbnsl_benchmark/scaling/../scaling/results/2026-03-19_14h04_SEM_gaussian/graphs/golden__v10_a15_g1.json,/home/mathis/Documents/Travail/cbnsl_benchmark/scaling/../scaling/results/2026-03-19_14h04_SEM_gaussian/graphs/GHC+BDeu__v10_a15_g1_s3500.json,,0.2198869729982107,13.0,12.0,0.12500000000000003,0.8,0.2,0.7142857142857143
SEM_gaussian,NOTEARS,"{""lambda1"": 0.1, ""w_threshold_notears"": 0.1}",10,15,3500,1,/home/mathis/Documents/Travail/cbnsl_benchmark/scaling/../scaling/results/2026-03-19_14h04_SEM_gaussian/graphs/golden__v10_a15_g1.json,/home/mathis/Documents/Travail/cbnsl_benchmark/scaling/../scaling/results/2026-03-19_14h04_SEM_gaussian/graphs/NOTEARS__v10_a15_g1_s3500.json,,8.109994482998445,11.0,11.0,0.4444444444444444,0.923076923076923,0.6666666666666666,0.8571428571428571
SEM_gaussian,NOTEARS Disc.,"{""lambda1"": 0.1, ""w_threshold_notears"": 0.1, ""n_bins"": 6, ""initial_bins"": 20, ""discretization_method"": ""hartemink""}",10,15,3500,1,/home/mathis/Documents/Travail/cbnsl_benchmark/scaling/../scaling/results/2026-03-19_14h04_SEM_gaussian/graphs/golden__v10_a15_g1.json,/home/mathis/Documents/Travail/cbnsl_benchmark/scaling/../scaling/results/2026-03-19_14h04_SEM_gaussian/graphs/NOTEARS Disc.__v10_a15_g1_s3500.json,,49.61709129999872,12.0,13.0,0.31578947368421056,0.896551724137931,0.75,0.9285714285714286
SEM_gaussian,LiNGAM,"{""threshold_lingam"": 0.01}",10,15,3500,1,/home/mathis/Documents/Travail/cbnsl_benchmark/scaling/../scaling/results/2026-03-19_14h04_SEM_gaussian/graphs/golden__v10_a15_g1.json,/home/mathis/Documents/Travail/cbnsl_benchmark/scaling/../scaling/results/2026-03-19_14h04_SEM_gaussian/graphs/LiNGAM__v10_a15_g1_s3500.json,,0.5899779980027233,12.0,18.0,0.6666666666666666,0.7777777777777778,1.0,1.0
SEM_gaussian,CPC,"{""alpha"": 0.1, ""max_conditioning_set_size"": 2}",10,15,5000,1,/home/mathis/Documents/Travail/cbnsl_benchmark/scaling/../scaling/results/2026-03-19_14h04_SEM_gaussian/graphs/golden__v10_a15_g1.json,/home/mathis/Documents/Travail/cbnsl_benchmark/scaling/../scaling/results/2026-03-19_14h04_SEM_gaussian/graphs/CPC__v10_a15_g1_s5000.json,,33.842393361002905,8.0,11.0,0.64,0.8666666666666666,0.8888888888888888,0.9285714285714286
SEM_gaussian,CMIIC,"{""alpha"": 0.01}",10,15,5000,1,/home/mathis/Documents/Travail/cbnsl_benchmark/scaling/../scaling/results/2026-03-19_14h04_SEM_gaussian/graphs/golden__v10_a15_g1.json,/home/mathis/Documents/Travail/cbnsl_benchmark/scaling/../scaling/results/2026-03-19_14h04_SEM_gaussian/graphs/CMIIC__v10_a15_g1_s5000.json,,55.15219239199723,3.0,10.0,0.8333333333333333,0.962962962962963,0.9090909090909091,0.9285714285714286
SEM_gaussian,MIIC,"{""n_bins"": 2, ""discretization_method"": ""quantile""}",10,15,5000,1,/home/mathis/Documents/Travail/cbnsl_benchmark/scaling/../scaling/results/2026-03-19_14h04_SEM_gaussian/graphs/golden__v10_a15_g1.json,/home/mathis/Documents/Travail/cbnsl_benchmark/scaling/../scaling/results/2026-03-19_14h04_SEM_gaussian/graphs/MIIC__v10_a15_g1_s5000.json,,0.5470002839974768,8.0,14.0,0.6666666666666667,0.8387096774193549,0.9,0.9285714285714286
SEM_gaussian,GHC+BDeu,"{""n_bins"": 4, ""discretization_method"": ""quantile""}",10,15,5000,1,/home/mathis/Documents/Travail/cbnsl_benchmark/scaling/../scaling/results/2026-03-19_14h04_SEM_gaussian/graphs/golden__v10_a15_g1.json,/home/mathis/Documents/Travail/cbnsl_benchmark/scaling/../scaling/results/2026-03-19_14h04_SEM_gaussian/graphs/GHC+BDeu__v10_a15_g1_s5000.json,,0.3137266539997654,14.0,8.0,0.11764705882352941,0.8148148148148148,0.25,0.7857142857142857
SEM_gaussian,NOTEARS,"{""lambda1"": 0.1, ""w_threshold_notears"": 0.1}",10,15,5000,1,/home/mathis/Documents/Travail/cbnsl_benchmark/scaling/../scaling/results/2026-03-19_14h04_SEM_gaussian/graphs/golden__v10_a15_g1.json,/home/mathis/Documents/Travail/cbnsl_benchmark/scaling/../scaling/results/2026-03-19_14h04_SEM_gaussian/graphs/NOTEARS__v10_a15_g1_s5000.json,,9.748639470999478,11.0,11.0,0.4444444444444444,0.923076923076923,0.6666666666666666,0.8571428571428571
SEM_gaussian,NOTEARS Disc.,"{""lambda1"": 0.1, ""w_threshold_notears"": 0.1, ""n_bins"": 6, ""initial_bins"": 20, ""discretization_method"": ""hartemink""}",10,15,5000,1,/home/mathis/Documents/Travail/cbnsl_benchmark/scaling/../scaling/results/2026-03-19_14h04_SEM_gaussian/graphs/golden__v10_a15_g1.json,/home/mathis/Documents/Travail/cbnsl_benchmark/scaling/../scaling/results/2026-03-19_14h04_SEM_gaussian/graphs/NOTEARS Disc.__v10_a15_g1_s5000.json,,69.70730954499959,9.0,16.0,0.5833333333333334,0.9032258064516129,1.0,1.0
SEM_gaussian,LiNGAM,"{""threshold_lingam"": 0.01}",10,15,5000,1,/home/mathis/Documents/Travail/cbnsl_benchmark/scaling/../scaling/results/2026-03-19_14h04_SEM_gaussian/graphs/golden__v10_a15_g1.json,/home/mathis/Documents/Travail/cbnsl_benchmark/scaling/../scaling/results/2026-03-19_14h04_SEM_gaussian/graphs/LiNGAM__v10_a15_g1_s5000.json,,0.6837152329972014,13.0,20.0,0.6470588235294118,0.7567567567567568,1.0,1.0
SEM_gaussian,CPC,"{""alpha"": 0.1, ""max_conditioning_set_size"": 2}",10,15,200,2,/home/mathis/Documents/Travail/cbnsl_benchmark/scaling/../scaling/results/2026-03-19_14h04_SEM_gaussian/graphs/golden__v10_a15_g2.json,/home/mathis/Documents/Travail/cbnsl_benchmark/scaling/../scaling/results/2026-03-19_14h04_SEM_gaussian/graphs/CPC__v10_a15_g2_s200.json,,0.045309417000680696,15.0,14.0,0.0,0.125,0.0,0.06666666666666667
SEM_gaussian,CMIIC,"{""alpha"": 0.01}",10,15,200,2,/home/mathis/Documents/Travail/cbnsl_benchmark/scaling/../scaling/results/2026-03-19_14h04_SEM_gaussian/graphs/golden__v10_a15_g2.json,/home/mathis/Documents/Travail/cbnsl_benchmark/scaling/../scaling/results/2026-03-19_14h04_SEM_gaussian/graphs/CMIIC__v10_a15_g2_s200.json,,0.2650652180018369,15.0,15.0,0.5161290322580644,0.7567567567567568,0.8888888888888888,0.9333333333333333
SEM_gaussian,MIIC,"{""n_bins"": 2, ""discretization_method"": ""quantile""}",10,15,200,2,/home/mathis/Documents/Travail/cbnsl_benchmark/scaling/../scaling/results/2026-03-19_14h04_SEM_gaussian/graphs/golden__v10_a15_g2.json,/home/mathis/Documents/Travail/cbnsl_benchmark/scaling/../scaling/results/2026-03-19_14h04_SEM_gaussian/graphs/MIIC__v10_a15_g2_s200.json,,0.037045147000753786,14.0,10.0,0.0,0.8148148148148148,0.0,0.7333333333333333
SEM_gaussian,GHC+BDeu,"{""n_bins"": 4, ""discretization_method"": ""quantile""}",10,15,200,2,/home/mathis/Documents/Travail/cbnsl_benchmark/scaling/../scaling/results/2026-03-19_14h04_SEM_gaussian/graphs/golden__v10_a15_g2.json,/home/mathis/Documents/Travail/cbnsl_benchmark/scaling/../scaling/results/2026-03-19_14h04_SEM_gaussian/graphs/GHC+BDeu__v10_a15_g2_s200.json,,0.025462816000072053,15.0,14.0,0.0,0.6956521739130436,0.0,0.5333333333333333
SEM_gaussian,NOTEARS,"{""lambda1"": 0.1, ""w_threshold_notears"": 0.1}",10,15,200,2,/home/mathis/Documents/Travail/cbnsl_benchmark/scaling/../scaling/results/2026-03-19_14h04_SEM_gaussian/graphs/golden__v10_a15_g2.json,/home/mathis/Documents/Travail/cbnsl_benchmark/scaling/../scaling/results/2026-03-19_14h04_SEM_gaussian/graphs/NOTEARS__v10_a15_g2_s200.json,,4.383362280001165,19.0,16.0,0.0,0.7741935483870969,0.0,0.8
SEM_gaussian,NOTEARS Disc.,"{""lambda1"": 0.1, ""w_threshold_notears"": 0.1, ""n_bins"": 6, ""initial_bins"": 20, ""discretization_method"": ""hartemink""}",10,15,200,2,/home/mathis/Documents/Travail/cbnsl_benchmark/scaling/../scaling/results/2026-03-19_14h04_SEM_gaussian/graphs/golden__v10_a15_g2.json,/home/mathis/Documents/Travail/cbnsl_benchmark/scaling/../scaling/results/2026-03-19_14h04_SEM_gaussian/graphs/NOTEARS Disc.__v10_a15_g2_s200.json,,8.627956191998237,21.0,15.0,0.08695652173913045,0.8108108108108109,1.0,1.0
SEM_gaussian,LiNGAM,"{""threshold_lingam"": 0.01}",10,15,200,2,/home/mathis/Documents/Travail/cbnsl_benchmark/scaling/../scaling/results/2026-03-19_14h04_SEM_gaussian/graphs/golden__v10_a15_g2.json,/home/mathis/Documents/Travail/cbnsl_benchmark/scaling/../scaling/results/2026-03-19_14h04_SEM_gaussian/graphs/LiNGAM__v10_a15_g2_s200.json,,0.2797633290028898,26.0,28.0,0.2352941176470588,0.6363636363636364,0.8,0.9333333333333333
SEM_gaussian,CPC,"{""alpha"": 0.1, ""max_conditioning_set_size"": 2}",10,15,500,2,/home/mathis/Documents/Travail/cbnsl_benchmark/scaling/../scaling/results/2026-03-19_14h04_SEM_gaussian/graphs/golden__v10_a15_g2.json,/home/mathis/Documents/Travail/cbnsl_benchmark/scaling/../scaling/results/2026-03-19_14h04_SEM_gaussian/graphs/CPC__v10_a15_g2_s500.json,,0.3206011750007747,14.0,14.0,0.125,0.33333333333333337,0.07692307692307693,0.2
SEM_gaussian,CMIIC,"{""alpha"": 0.01}",10,15,500,2,/home/mathis/Documents/Travail/cbnsl_benchmark/scaling/../scaling/results/2026-03-19_14h04_SEM_gaussian/graphs/golden__v10_a15_g2.json,/home/mathis/Documents/Travail/cbnsl_benchmark/scaling/../scaling/results/2026-03-19_14h04_SEM_gaussian/graphs/CMIIC__v10_a15_g2_s500.json,,1.271930347000307,4.0,13.0,0.8666666666666666,0.9375,1.0,1.0
SEM_gaussian,MIIC,"{""n_bins"": 2, ""discretization_method"": ""quantile""}",10,15,500,2,/home/mathis/Documents/Travail/cbnsl_benchmark/scaling/../scaling/results/2026-03-19_14h04_SEM_gaussian/graphs/golden__v10_a15_g2.json,/home/mathis/Documents/Travail/cbnsl_benchmark/scaling/../scaling/results/2026-03-19_14h04_SEM_gaussian/graphs/MIIC__v10_a15_g2_s500.json,,0.051303775999258505,3.0,12.0,0.896551724137931,0.967741935483871,1.0,1.0
SEM_gaussian,GHC+BDeu,"{""n_bins"": 4, ""discretization_method"": ""quantile""}",10,15,500,2,/home/mathis/Documents/Travail/cbnsl_benchmark/scaling/../scaling/results/2026-03-19_14h04_SEM_gaussian/graphs/golden__v10_a15_g2.json,/home/mathis/Documents/Travail/cbnsl_benchmark/scaling/../scaling/results/2026-03-19_14h04_SEM_gaussian/graphs/GHC+BDeu__v10_a15_g2_s500.json,,0.046881095000571804,15.0,13.0,0.0,0.7499999999999999,0.0,0.6
SEM_gaussian,NOTEARS,"{""lambda1"": 0.1, ""w_threshold_notears"": 0.1}",10,15,500,2,/home/mathis/Documents/Travail/cbnsl_benchmark/scaling/../scaling/results/2026-03-19_14h04_SEM_gaussian/graphs/golden__v10_a15_g2.json,/home/mathis/Documents/Travail/cbnsl_benchmark/scaling/../scaling/results/2026-03-19_14h04_SEM_gaussian/graphs/NOTEARS__v10_a15_g2_s500.json,,3.449615035999159,16.0,7.0,0.1111111111111111,0.8666666666666667,0.3333333333333333,0.8666666666666667
SEM_gaussian,NOTEARS Disc.,"{""lambda1"": 0.1, ""w_threshold_notears"": 0.1, ""n_bins"": 6, ""initial_bins"": 20, ""discretization_method"": ""hartemink""}",10,15,500,2,/home/mathis/Documents/Travail/cbnsl_benchmark/scaling/../scaling/results/2026-03-19_14h04_SEM_gaussian/graphs/golden__v10_a15_g2.json,/home/mathis/Documents/Travail/cbnsl_benchmark/scaling/../scaling/results/2026-03-19_14h04_SEM_gaussian/graphs/NOTEARS Disc.__v10_a15_g2_s500.json,,21.654569395999715,14.0,19.0,0.1,0.8823529411764706,1.0,1.0
SEM_gaussian,LiNGAM,"{""threshold_lingam"": 0.01}",10,15,500,2,/home/mathis/Documents/Travail/cbnsl_benchmark/scaling/../scaling/results/2026-03-19_14h04_SEM_gaussian/graphs/golden__v10_a15_g2.json,/home/mathis/Documents/Travail/cbnsl_benchmark/scaling/../scaling/results/2026-03-19_14h04_SEM_gaussian/graphs/LiNGAM__v10_a15_g2_s500.json,,0.3381185850012116,17.0,20.0,0.45161290322580644,0.7692307692307693,1.0,1.0
SEM_gaussian,CPC,"{""alpha"": 0.1, ""max_conditioning_set_size"": 2}",10,15,1000,2,/home/mathis/Documents/Travail/cbnsl_benchmark/scaling/../scaling/results/2026-03-19_14h04_SEM_gaussian/graphs/golden__v10_a15_g2.json,/home/mathis/Documents/Travail/cbnsl_benchmark/scaling/../scaling/results/2026-03-19_14h04_SEM_gaussian/graphs/CPC__v10_a15_g2_s1000.json,,1.6186639069965167,11.0,9.0,0.42105263157894735,0.9285714285714286,0.6666666666666666,0.8666666666666667
SEM_gaussian,CMIIC,"{""alpha"": 0.01}",10,15,1000,2,/home/mathis/Documents/Travail/cbnsl_benchmark/scaling/../scaling/results/2026-03-19_14h04_SEM_gaussian/graphs/golden__v10_a15_g2.json,/home/mathis/Documents/Travail/cbnsl_benchmark/scaling/../scaling/results/2026-03-19_14h04_SEM_gaussian/graphs/CMIIC__v10_a15_g2_s1000.json,,4.381176243998198,6.0,13.0,0.7692307692307692,0.9333333333333333,0.9090909090909091,0.9333333333333333
SEM_gaussian,MIIC,"{""n_bins"": 2, ""discretization_method"": ""quantile""}",10,15,1000,2,/home/mathis/Documents/Travail/cbnsl_benchmark/scaling/../scaling/results/2026-03-19_14h04_SEM_gaussian/graphs/golden__v10_a15_g2.json,/home/mathis/Documents/Travail/cbnsl_benchmark/scaling/../scaling/results/2026-03-19_14h04_SEM_gaussian/graphs/MIIC__v10_a15_g2_s1000.json,,0.09174632800204563,6.0,15.0,0.7692307692307692,0.896551724137931,0.8333333333333334,0.8666666666666667
SEM_gaussian,GHC+BDeu,"{""n_bins"": 4, ""discretization_method"": ""quantile""}",10,15,1000,2,/home/mathis/Documents/Travail/cbnsl_benchmark/scaling/../scaling/results/2026-03-19_14h04_SEM_gaussian/graphs/golden__v10_a15_g2.json,/home/mathis/Documents/Travail/cbnsl_benchmark/scaling/../scaling/results/2026-03-19_14h04_SEM_gaussian/graphs/GHC+BDeu__v10_a15_g2_s1000.json,,0.05107657299959101,15.0,13.0,0.0,0.7499999999999999,0.0,0.6
SEM_gaussian,NOTEARS,"{""lambda1"": 0.1, ""w_threshold_notears"": 0.1}",10,15,1000,2,/home/mathis/Documents/Travail/cbnsl_benchmark/scaling/../scaling/results/2026-03-19_14h04_SEM_gaussian/graphs/golden__v10_a15_g2.json,/home/mathis/Documents/Travail/cbnsl_benchmark/scaling/../scaling/results/2026-03-19_14h04_SEM_gaussian/graphs/NOTEARS__v10_a15_g2_s1000.json,,5.866619566000736,15.0,13.0,0.1111111111111111,0.8666666666666667,0.3333333333333333,0.8666666666666667
SEM_gaussian,NOTEARS Disc.,"{""lambda1"": 0.1, ""w_threshold_notears"": 0.1, ""n_bins"": 6, ""initial_bins"": 20, ""discretization_method"": ""hartemink""}",10,15,1000,2,/home/mathis/Documents/Travail/cbnsl_benchmark/scaling/../scaling/results/2026-03-19_14h04_SEM_gaussian/graphs/golden__v10_a15_g2.json,/home/mathis/Documents/Travail/cbnsl_benchmark/scaling/../scaling/results/2026-03-19_14h04_SEM_gaussian/graphs/NOTEARS Disc.__v10_a15_g2_s1000.json,,23.197180882001703,16.0,7.0,0.2,0.8749999999999999,0.6666666666666666,0.9333333333333333
SEM_gaussian,LiNGAM,"{""threshold_lingam"": 0.01}",10,15,1000,2,/home/mathis/Documents/Travail/cbnsl_benchmark/scaling/../scaling/results/2026-03-19_14h04_SEM_gaussian/graphs/golden__v10_a15_g2.json,/home/mathis/Documents/Travail/cbnsl_benchmark/scaling/../scaling/results/2026-03-19_14h04_SEM_gaussian/graphs/LiNGAM__v10_a15_g2_s1000.json,,0.3759507089998806,17.0,18.0,0.37037037037037035,0.8108108108108109,1.0,1.0
SEM_gaussian,CPC,"{""alpha"": 0.1, ""max_conditioning_set_size"": 2}",10,15,2000,2,/home/mathis/Documents/Travail/cbnsl_benchmark/scaling/../scaling/results/2026-03-19_14h04_SEM_gaussian/graphs/golden__v10_a15_g2.json,/home/mathis/Documents/Travail/cbnsl_benchmark/scaling/../scaling/results/2026-03-19_14h04_SEM_gaussian/graphs/CPC__v10_a15_g2_s2000.json,,8.010997728997609,12.0,16.0,0.5384615384615384,0.8823529411764706,1.0,1.0
SEM_gaussian,CMIIC,"{""alpha"": 0.01}",10,15,2000,2,/home/mathis/Documents/Travail/cbnsl_benchmark/scaling/../scaling/results/2026-03-19_14h04_SEM_gaussian/graphs/golden__v10_a15_g2.json,/home/mathis/Documents/Travail/cbnsl_benchmark/scaling/../scaling/results/2026-03-19_14h04_SEM_gaussian/graphs/CMIIC__v10_a15_g2_s2000.json,,14.72126450900032,5.0,10.0,0.8,0.9655172413793104,0.9090909090909091,0.9333333333333333
SEM_gaussian,MIIC,"{""n_bins"": 2, ""discretization_method"": ""quantile""}",10,15,2000,2,/home/mathis/Documents/Travail/cbnsl_benchmark/scaling/../scaling/results/2026-03-19_14h04_SEM_gaussian/graphs/golden__v10_a15_g2.json,/home/mathis/Documents/Travail/cbnsl_benchmark/scaling/../scaling/results/2026-03-19_14h04_SEM_gaussian/graphs/MIIC__v10_a15_g2_s2000.json,,0.23305453799912357,6.0,7.0,0.7692307692307692,0.896551724137931,0.8333333333333334,0.8666666666666667
SEM_gaussian,GHC+BDeu,"{""n_bins"": 4, ""discretization_method"": ""quantile""}",10,15,2000,2,/home/mathis/Documents/Travail/cbnsl_benchmark/scaling/../scaling/results/2026-03-19_14h04_SEM_gaussian/graphs/golden__v10_a15_g2.json,/home/mathis/Documents/Travail/cbnsl_benchmark/scaling/../scaling/results/2026-03-19_14h04_SEM_gaussian/graphs/GHC+BDeu__v10_a15_g2_s2000.json,,0.12108204800097155,12.0,7.0,0.3333333333333333,0.888888888888889,0.5,0.8
SEM_gaussian,NOTEARS,"{""lambda1"": 0.1, ""w_threshold_notears"": 0.1}",10,15,2000,2,/home/mathis/Documents/Travail/cbnsl_benchmark/scaling/../scaling/results/2026-03-19_14h04_SEM_gaussian/graphs/golden__v10_a15_g2.json,/home/mathis/Documents/Travail/cbnsl_benchmark/scaling/../scaling/results/2026-03-19_14h04_SEM_gaussian/graphs/NOTEARS__v10_a15_g2_s2000.json,,5.137739637000777,15.0,14.0,0.2857142857142857,0.8387096774193549,0.6,0.8666666666666667
SEM_gaussian,NOTEARS Disc.,"{""lambda1"": 0.1, ""w_threshold_notears"": 0.1, ""n_bins"": 6, ""initial_bins"": 20, ""discretization_method"": ""hartemink""}",10,15,2000,2,/home/mathis/Documents/Travail/cbnsl_benchmark/scaling/../scaling/results/2026-03-19_14h04_SEM_gaussian/graphs/golden__v10_a15_g2.json,/home/mathis/Documents/Travail/cbnsl_benchmark/scaling/../scaling/results/2026-03-19_14h04_SEM_gaussian/graphs/NOTEARS Disc.__v10_a15_g2_s2000.json,,33.1597657980019,10.0,9.0,0.5454545454545454,0.967741935483871,1.0,1.0
SEM_gaussian,LiNGAM,"{""threshold_lingam"": 0.01}",10,15,2000,2,/home/mathis/Documents/Travail/cbnsl_benchmark/scaling/../scaling/results/2026-03-19_14h04_SEM_gaussian/graphs/golden__v10_a15_g2.json,/home/mathis/Documents/Travail/cbnsl_benchmark/scaling/../scaling/results/2026-03-19_14h04_SEM_gaussian/graphs/LiNGAM__v10_a15_g2_s2000.json,,0.46800344299845165,17.0,18.0,0.45161290322580644,0.7692307692307693,1.0,1.0
SEM_gaussian,CPC,"{""alpha"": 0.1, ""max_conditioning_set_size"": 2}",10,15,3500,2,/home/mathis/Documents/Travail/cbnsl_benchmark/scaling/../scaling/results/2026-03-19_14h04_SEM_gaussian/graphs/golden__v10_a15_g2.json,/home/mathis/Documents/Travail/cbnsl_benchmark/scaling/../scaling/results/2026-03-19_14h04_SEM_gaussian/graphs/CPC__v10_a15_g2_s3500.json,,27.03928201099916,15.0,19.0,0.4827586206896552,0.8108108108108109,1.0,1.0
SEM_gaussian,CMIIC,"{""alpha"": 0.01}",10,15,3500,2,/home/mathis/Documents/Travail/cbnsl_benchmark/scaling/../scaling/results/2026-03-19_14h04_SEM_gaussian/graphs/golden__v10_a15_g2.json,/home/mathis/Documents/Travail/cbnsl_benchmark/scaling/../scaling/results/2026-03-19_14h04_SEM_gaussian/graphs/CMIIC__v10_a15_g2_s3500.json,,38.21282172699648,5.0,10.0,0.8,0.9655172413793104,0.9090909090909091,0.9333333333333333
SEM_gaussian,MIIC,"{""n_bins"": 2, ""discretization_method"": ""quantile""}",10,15,3500,2,/home/mathis/Documents/Travail/cbnsl_benchmark/scaling/../scaling/results/2026-03-19_14h04_SEM_gaussian/graphs/golden__v10_a15_g2.json,/home/mathis/Documents/Travail/cbnsl_benchmark/scaling/../scaling/results/2026-03-19_14h04_SEM_gaussian/graphs/MIIC__v10_a15_g2_s3500.json,,0.5179543220001506,7.0,16.0,0.7741935483870968,0.8484848484848485,0.9230769230769231,0.9333333333333333
SEM_gaussian,GHC+BDeu,"{""n_bins"": 4, ""discretization_method"": ""quantile""}",10,15,3500,2,/home/mathis/Documents/Travail/cbnsl_benchmark/scaling/../scaling/results/2026-03-19_14h04_SEM_gaussian/graphs/golden__v10_a15_g2.json,/home/mathis/Documents/Travail/cbnsl_benchmark/scaling/../scaling/results/2026-03-19_14h04_SEM_gaussian/graphs/GHC+BDeu__v10_a15_g2_s3500.json,,0.2732704560003185,12.0,4.0,0.3333333333333333,0.9655172413793104,0.75,0.9333333333333333
SEM_gaussian,NOTEARS,"{""lambda1"": 0.1, ""w_threshold_notears"": 0.1}",10,15,3500,2,/home/mathis/Documents/Travail/cbnsl_benchmark/scaling/../scaling/results/2026-03-19_14h04_SEM_gaussian/graphs/golden__v10_a15_g2.json,/home/mathis/Documents/Travail/cbnsl_benchmark/scaling/../scaling/results/2026-03-19_14h04_SEM_gaussian/graphs/NOTEARS__v10_a15_g2_s3500.json,,10.366015758998401,15.0,14.0,0.2857142857142857,0.8387096774193549,0.6,0.8666666666666667
SEM_gaussian,NOTEARS Disc.,"{""lambda1"": 0.1, ""w_threshold_notears"": 0.1, ""n_bins"": 6, ""initial_bins"": 20, ""discretization_method"": ""hartemink""}",10,15,3500,2,/home/mathis/Documents/Travail/cbnsl_benchmark/scaling/../scaling/results/2026-03-19_14h04_SEM_gaussian/graphs/golden__v10_a15_g2.json,/home/mathis/Documents/Travail/cbnsl_benchmark/scaling/../scaling/results/2026-03-19_14h04_SEM_gaussian/graphs/NOTEARS Disc.__v10_a15_g2_s3500.json,,59.68944627900055,18.0,15.0,0.09999999999999999,0.8484848484848485,0.5,0.9333333333333333
SEM_gaussian,LiNGAM,"{""threshold_lingam"": 0.01}",10,15,3500,2,/home/mathis/Documents/Travail/cbnsl_benchmark/scaling/../scaling/results/2026-03-19_14h04_SEM_gaussian/graphs/golden__v10_a15_g2.json,/home/mathis/Documents/Travail/cbnsl_benchmark/scaling/../scaling/results/2026-03-19_14h04_SEM_gaussian/graphs/LiNGAM__v10_a15_g2_s3500.json,,0.7461239389995171,21.0,21.0,0.3636363636363636,0.7142857142857143,1.0,1.0
SEM_gaussian,CPC,"{""alpha"": 0.1, ""max_conditioning_set_size"": 2}",10,15,5000,2,/home/mathis/Documents/Travail/cbnsl_benchmark/scaling/../scaling/results/2026-03-19_14h04_SEM_gaussian/graphs/golden__v10_a15_g2.json,/home/mathis/Documents/Travail/cbnsl_benchmark/scaling/../scaling/results/2026-03-19_14h04_SEM_gaussian/graphs/CPC__v10_a15_g2_s5000.json,[pyAgrum] Partially directed cycle detected: Add a partial directed cycle in a PDAG : between 3 and 0,,,,,,,
SEM_gaussian,CMIIC,"{""alpha"": 0.01}",10,15,5000,2,/home/mathis/Documents/Travail/cbnsl_benchmark/scaling/../scaling/results/2026-03-19_14h04_SEM_gaussian/graphs/golden__v10_a15_g2.json,/home/mathis/Documents/Travail/cbnsl_benchmark/scaling/../scaling/results/2026-03-19_14h04_SEM_gaussian/graphs/CMIIC__v10_a15_g2_s5000.json,,80.41788153900052,5.0,10.0,0.8,0.9655172413793104,0.9090909090909091,0.9333333333333333
SEM_gaussian,MIIC,"{""n_bins"": 2, ""discretization_method"": ""quantile""}",10,15,5000,2,/home/mathis/Documents/Travail/cbnsl_benchmark/scaling/../scaling/results/2026-03-19_14h04_SEM_gaussian/graphs/golden__v10_a15_g2.json,/home/mathis/Documents/Travail/cbnsl_benchmark/scaling/../scaling/results/2026-03-19_14h04_SEM_gaussian/graphs/MIIC__v10_a15_g2_s5000.json,,0.7797509039992292,9.0,16.0,0.7096774193548387,0.8235294117647058,0.9166666666666666,0.9333333333333333
SEM_gaussian,GHC+BDeu,"{""n_bins"": 4, ""discretization_method"": ""quantile""}",10,15,5000,2,/home/mathis/Documents/Travail/cbnsl_benchmark/scaling/../scaling/results/2026-03-19_14h04_SEM_gaussian/graphs/golden__v10_a15_g2.json,/home/mathis/Documents/Travail/cbnsl_benchmark/scaling/../scaling/results/2026-03-19_14h04_SEM_gaussian/graphs/GHC+BDeu__v10_a15_g2_s5000.json,,0.31086430299910717,10.0,12.0,0.31578947368421056,0.9333333333333333,0.75,0.9333333333333333
SEM_gaussian,NOTEARS,"{""lambda1"": 0.1, ""w_threshold_notears"": 0.1}",10,15,5000,2,/home/mathis/Documents/Travail/cbnsl_benchmark/scaling/../scaling/results/2026-03-19_14h04_SEM_gaussian/graphs/golden__v10_a15_g2.json,/home/mathis/Documents/Travail/cbnsl_benchmark/scaling/../scaling/results/2026-03-19_14h04_SEM_gaussian/graphs/NOTEARS__v10_a15_g2_s5000.json,,22.931181046998972,15.0,13.0,0.1111111111111111,0.8666666666666667,0.3333333333333333,0.8666666666666667
SEM_gaussian,NOTEARS Disc.,"{""lambda1"": 0.1, ""w_threshold_notears"": 0.1, ""n_bins"": 6, ""initial_bins"": 20, ""discretization_method"": ""hartemink""}",10,15,5000,2,/home/mathis/Documents/Travail/cbnsl_benchmark/scaling/../scaling/results/2026-03-19_14h04_SEM_gaussian/graphs/golden__v10_a15_g2.json,/home/mathis/Documents/Travail/cbnsl_benchmark/scaling/../scaling/results/2026-03-19_14h04_SEM_gaussian/graphs/NOTEARS Disc.__v10_a15_g2_s5000.json,,109.96281758999976,11.0,10.0,0.5217391304347826,0.9375,1.0,1.0
SEM_gaussian,LiNGAM,"{""threshold_lingam"": 0.01}",10,15,5000,2,/home/mathis/Documents/Travail/cbnsl_benchmark/scaling/../scaling/results/2026-03-19_14h04_SEM_gaussian/graphs/golden__v10_a15_g2.json,/home/mathis/Documents/Travail/cbnsl_benchmark/scaling/../scaling/results/2026-03-19_14h04_SEM_gaussian/graphs/LiNGAM__v10_a15_g2_s5000.json,,0.7568580579973059,20.0,25.0,0.4736842105263158,0.6818181818181819,1.0,1.0
