generator_name,algo,algo_params,n_vars,n_arcs,n_samples,graph_idx,golden_path,learned_path,error_msg,time_s,SHD,SHD_skeleton,F1-Score,F1-Score_skeleton,TPR,TPR_skeleton
SEM_gaussian,CPC,"{""alpha"": 0.05, ""max_conditioning_set_size"": 2}",5,8,200,0,/home/mathis/Documents/Travail/cbnsl_benchmark/scaling/../scaling/results/2026-03-19_20h14_SEM_gaussian/graphs/golden__v5_a8_g0.json,/home/mathis/Documents/Travail/cbnsl_benchmark/scaling/../scaling/results/2026-03-19_20h14_SEM_gaussian/graphs/CPC__v5_a8_g0_s200.json,,0.022442515999955504,7.0,7.0,0.0,0.2222222222222222,0.0,0.125
SEM_gaussian,CMIIC,"{""alpha"": 0.01}",5,8,200,0,/home/mathis/Documents/Travail/cbnsl_benchmark/scaling/../scaling/results/2026-03-19_20h14_SEM_gaussian/graphs/golden__v5_a8_g0.json,/home/mathis/Documents/Travail/cbnsl_benchmark/scaling/../scaling/results/2026-03-19_20h14_SEM_gaussian/graphs/CMIIC__v5_a8_g0_s200.json,,0.03306565100001535,6.0,1.0,0.5454545454545454,0.9333333333333333,0.75,0.875
SEM_gaussian,MIIC,"{""n_bins"": 2, ""discretization_method"": ""quantile""}",5,8,200,0,/home/mathis/Documents/Travail/cbnsl_benchmark/scaling/../scaling/results/2026-03-19_20h14_SEM_gaussian/graphs/golden__v5_a8_g0.json,/home/mathis/Documents/Travail/cbnsl_benchmark/scaling/../scaling/results/2026-03-19_20h14_SEM_gaussian/graphs/MIIC__v5_a8_g0_s200.json,,0.016673086999958286,6.0,4.0,0.0,0.6666666666666666,0.0,0.5
SEM_gaussian,GHC+BDeu,"{""n_bins"": 2, ""discretization_method"": ""quantile""}",5,8,200,0,/home/mathis/Documents/Travail/cbnsl_benchmark/scaling/../scaling/results/2026-03-19_20h14_SEM_gaussian/graphs/golden__v5_a8_g0.json,/home/mathis/Documents/Travail/cbnsl_benchmark/scaling/../scaling/results/2026-03-19_20h14_SEM_gaussian/graphs/GHC+BDeu__v5_a8_g0_s200.json,,0.016993556999977955,6.0,4.0,0.0,0.6666666666666666,0.0,0.5
SEM_gaussian,NOTEARS,"{""lambda1"": 0.0, ""w_threshold_notears"": 0.1}",5,8,200,0,/home/mathis/Documents/Travail/cbnsl_benchmark/scaling/../scaling/results/2026-03-19_20h14_SEM_gaussian/graphs/golden__v5_a8_g0.json,/home/mathis/Documents/Travail/cbnsl_benchmark/scaling/../scaling/results/2026-03-19_20h14_SEM_gaussian/graphs/NOTEARS__v5_a8_g0_s200.json,,0.2833664450000697,0.0,0.0,0.8571428571428571,1.0,1.0,1.0
SEM_gaussian,NOTEARS Disc.,"{""lambda1"": 0.5, ""w_threshold_notears"": 0.1, ""n_bins"": 6, ""discretization_method"": ""quantile""}",5,8,200,0,/home/mathis/Documents/Travail/cbnsl_benchmark/scaling/../scaling/results/2026-03-19_20h14_SEM_gaussian/graphs/golden__v5_a8_g0.json,/home/mathis/Documents/Travail/cbnsl_benchmark/scaling/../scaling/results/2026-03-19_20h14_SEM_gaussian/graphs/NOTEARS Disc.__v5_a8_g0_s200.json,,0.4506931580000355,6.0,5.0,0.0,0.5454545454545454,0.0,0.375
SEM_gaussian,LiNGAM,"{""threshold_lingam"": 0.01}",5,8,200,0,/home/mathis/Documents/Travail/cbnsl_benchmark/scaling/../scaling/results/2026-03-19_20h14_SEM_gaussian/graphs/golden__v5_a8_g0.json,/home/mathis/Documents/Travail/cbnsl_benchmark/scaling/../scaling/results/2026-03-19_20h14_SEM_gaussian/graphs/LiNGAM__v5_a8_g0_s200.json,,0.08430230999999822,8.0,1.0,0.19999999999999998,0.9411764705882353,1.0,1.0
SEM_gaussian,CPC,"{""alpha"": 0.05, ""max_conditioning_set_size"": 2}",5,8,500,0,/home/mathis/Documents/Travail/cbnsl_benchmark/scaling/../scaling/results/2026-03-19_20h14_SEM_gaussian/graphs/golden__v5_a8_g0.json,/home/mathis/Documents/Travail/cbnsl_benchmark/scaling/../scaling/results/2026-03-19_20h14_SEM_gaussian/graphs/CPC__v5_a8_g0_s500.json,,0.07721277799998916,7.0,6.0,0.0,0.4,0.0,0.25
SEM_gaussian,CMIIC,"{""alpha"": 0.01}",5,8,500,0,/home/mathis/Documents/Travail/cbnsl_benchmark/scaling/../scaling/results/2026-03-19_20h14_SEM_gaussian/graphs/golden__v5_a8_g0.json,/home/mathis/Documents/Travail/cbnsl_benchmark/scaling/../scaling/results/2026-03-19_20h14_SEM_gaussian/graphs/CMIIC__v5_a8_g0_s500.json,,0.0785089280000193,6.0,1.0,0.4,0.9333333333333333,0.6666666666666666,0.875
SEM_gaussian,MIIC,"{""n_bins"": 2, ""discretization_method"": ""quantile""}",5,8,500,0,/home/mathis/Documents/Travail/cbnsl_benchmark/scaling/../scaling/results/2026-03-19_20h14_SEM_gaussian/graphs/golden__v5_a8_g0.json,/home/mathis/Documents/Travail/cbnsl_benchmark/scaling/../scaling/results/2026-03-19_20h14_SEM_gaussian/graphs/MIIC__v5_a8_g0_s500.json,,0.017835726000043906,8.0,6.0,0.2222222222222222,0.8571428571428571,0.3333333333333333,0.75
SEM_gaussian,GHC+BDeu,"{""n_bins"": 2, ""discretization_method"": ""quantile""}",5,8,500,0,/home/mathis/Documents/Travail/cbnsl_benchmark/scaling/../scaling/results/2026-03-19_20h14_SEM_gaussian/graphs/golden__v5_a8_g0.json,/home/mathis/Documents/Travail/cbnsl_benchmark/scaling/../scaling/results/2026-03-19_20h14_SEM_gaussian/graphs/GHC+BDeu__v5_a8_g0_s500.json,,0.02601010099999712,6.0,4.0,0.0,0.6666666666666666,0.0,0.5
SEM_gaussian,NOTEARS,"{""lambda1"": 0.0, ""w_threshold_notears"": 0.1}",5,8,500,0,/home/mathis/Documents/Travail/cbnsl_benchmark/scaling/../scaling/results/2026-03-19_20h14_SEM_gaussian/graphs/golden__v5_a8_g0.json,/home/mathis/Documents/Travail/cbnsl_benchmark/scaling/../scaling/results/2026-03-19_20h14_SEM_gaussian/graphs/NOTEARS__v5_a8_g0_s500.json,,0.4851395080000884,0.0,0.0,0.8571428571428571,1.0,1.0,1.0
SEM_gaussian,NOTEARS Disc.,"{""lambda1"": 0.5, ""w_threshold_notears"": 0.1, ""n_bins"": 6, ""discretization_method"": ""quantile""}",5,8,500,0,/home/mathis/Documents/Travail/cbnsl_benchmark/scaling/../scaling/results/2026-03-19_20h14_SEM_gaussian/graphs/golden__v5_a8_g0.json,/home/mathis/Documents/Travail/cbnsl_benchmark/scaling/../scaling/results/2026-03-19_20h14_SEM_gaussian/graphs/NOTEARS Disc.__v5_a8_g0_s500.json,,0.39609362599992437,6.0,5.0,0.0,0.5454545454545454,0.0,0.375
SEM_gaussian,LiNGAM,"{""threshold_lingam"": 0.01}",5,8,500,0,/home/mathis/Documents/Travail/cbnsl_benchmark/scaling/../scaling/results/2026-03-19_20h14_SEM_gaussian/graphs/golden__v5_a8_g0.json,/home/mathis/Documents/Travail/cbnsl_benchmark/scaling/../scaling/results/2026-03-19_20h14_SEM_gaussian/graphs/LiNGAM__v5_a8_g0_s500.json,,0.05302230500001315,2.0,1.0,0.7142857142857143,0.9411764705882353,1.0,1.0
SEM_gaussian,CPC,"{""alpha"": 0.05, ""max_conditioning_set_size"": 2}",5,8,1000,0,/home/mathis/Documents/Travail/cbnsl_benchmark/scaling/../scaling/results/2026-03-19_20h14_SEM_gaussian/graphs/golden__v5_a8_g0.json,/home/mathis/Documents/Travail/cbnsl_benchmark/scaling/../scaling/results/2026-03-19_20h14_SEM_gaussian/graphs/CPC__v5_a8_g0_s1000.json,,0.20231945199998336,6.0,5.0,0.0,0.5454545454545454,0.0,0.375
SEM_gaussian,CMIIC,"{""alpha"": 0.01}",5,8,1000,0,/home/mathis/Documents/Travail/cbnsl_benchmark/scaling/../scaling/results/2026-03-19_20h14_SEM_gaussian/graphs/golden__v5_a8_g0.json,/home/mathis/Documents/Travail/cbnsl_benchmark/scaling/../scaling/results/2026-03-19_20h14_SEM_gaussian/graphs/CMIIC__v5_a8_g0_s1000.json,,0.2164843010000368,8.0,5.0,0.2222222222222222,0.8571428571428571,0.3333333333333333,0.75
SEM_gaussian,MIIC,"{""n_bins"": 2, ""discretization_method"": ""quantile""}",5,8,1000,0,/home/mathis/Documents/Travail/cbnsl_benchmark/scaling/../scaling/results/2026-03-19_20h14_SEM_gaussian/graphs/golden__v5_a8_g0.json,/home/mathis/Documents/Travail/cbnsl_benchmark/scaling/../scaling/results/2026-03-19_20h14_SEM_gaussian/graphs/MIIC__v5_a8_g0_s1000.json,,0.025359535999996297,8.0,6.0,0.2222222222222222,0.8571428571428571,0.3333333333333333,0.75
SEM_gaussian,GHC+BDeu,"{""n_bins"": 2, ""discretization_method"": ""quantile""}",5,8,1000,0,/home/mathis/Documents/Travail/cbnsl_benchmark/scaling/../scaling/results/2026-03-19_20h14_SEM_gaussian/graphs/golden__v5_a8_g0.json,/home/mathis/Documents/Travail/cbnsl_benchmark/scaling/../scaling/results/2026-03-19_20h14_SEM_gaussian/graphs/GHC+BDeu__v5_a8_g0_s1000.json,,0.025487233000035303,7.0,6.0,0.5454545454545454,0.8571428571428571,0.6,0.75
SEM_gaussian,NOTEARS,"{""lambda1"": 0.0, ""w_threshold_notears"": 0.1}",5,8,1000,0,/home/mathis/Documents/Travail/cbnsl_benchmark/scaling/../scaling/results/2026-03-19_20h14_SEM_gaussian/graphs/golden__v5_a8_g0.json,/home/mathis/Documents/Travail/cbnsl_benchmark/scaling/../scaling/results/2026-03-19_20h14_SEM_gaussian/graphs/NOTEARS__v5_a8_g0_s1000.json,,0.4483225899999752,0.0,0.0,0.8571428571428571,1.0,1.0,1.0
SEM_gaussian,NOTEARS Disc.,"{""lambda1"": 0.5, ""w_threshold_notears"": 0.1, ""n_bins"": 6, ""discretization_method"": ""quantile""}",5,8,1000,0,/home/mathis/Documents/Travail/cbnsl_benchmark/scaling/../scaling/results/2026-03-19_20h14_SEM_gaussian/graphs/golden__v5_a8_g0.json,/home/mathis/Documents/Travail/cbnsl_benchmark/scaling/../scaling/results/2026-03-19_20h14_SEM_gaussian/graphs/NOTEARS Disc.__v5_a8_g0_s1000.json,,0.35842062099993655,6.0,5.0,0.0,0.5454545454545454,0.0,0.375
SEM_gaussian,LiNGAM,"{""threshold_lingam"": 0.01}",5,8,1000,0,/home/mathis/Documents/Travail/cbnsl_benchmark/scaling/../scaling/results/2026-03-19_20h14_SEM_gaussian/graphs/golden__v5_a8_g0.json,/home/mathis/Documents/Travail/cbnsl_benchmark/scaling/../scaling/results/2026-03-19_20h14_SEM_gaussian/graphs/LiNGAM__v5_a8_g0_s1000.json,,0.08400639100000262,8.0,2.0,0.0,0.888888888888889,0.0,1.0
SEM_gaussian,CPC,"{""alpha"": 0.05, ""max_conditioning_set_size"": 2}",5,8,2000,0,/home/mathis/Documents/Travail/cbnsl_benchmark/scaling/../scaling/results/2026-03-19_20h14_SEM_gaussian/graphs/golden__v5_a8_g0.json,/home/mathis/Documents/Travail/cbnsl_benchmark/scaling/../scaling/results/2026-03-19_20h14_SEM_gaussian/graphs/CPC__v5_a8_g0_s2000.json,,0.7466221859999678,6.0,5.0,0.0,0.5454545454545454,0.0,0.375
SEM_gaussian,CMIIC,"{""alpha"": 0.01}",5,8,2000,0,/home/mathis/Documents/Travail/cbnsl_benchmark/scaling/../scaling/results/2026-03-19_20h14_SEM_gaussian/graphs/golden__v5_a8_g0.json,/home/mathis/Documents/Travail/cbnsl_benchmark/scaling/../scaling/results/2026-03-19_20h14_SEM_gaussian/graphs/CMIIC__v5_a8_g0_s2000.json,,1.091703867000092,8.0,5.0,0.2222222222222222,0.8571428571428571,0.3333333333333333,0.75
SEM_gaussian,MIIC,"{""n_bins"": 2, ""discretization_method"": ""quantile""}",5,8,2000,0,/home/mathis/Documents/Travail/cbnsl_benchmark/scaling/../scaling/results/2026-03-19_20h14_SEM_gaussian/graphs/golden__v5_a8_g0.json,/home/mathis/Documents/Travail/cbnsl_benchmark/scaling/../scaling/results/2026-03-19_20h14_SEM_gaussian/graphs/MIIC__v5_a8_g0_s2000.json,,0.05417796400001862,8.0,3.0,0.22222222222222224,0.7692307692307693,0.25,0.625
SEM_gaussian,GHC+BDeu,"{""n_bins"": 2, ""discretization_method"": ""quantile""}",5,8,2000,0,/home/mathis/Documents/Travail/cbnsl_benchmark/scaling/../scaling/results/2026-03-19_20h14_SEM_gaussian/graphs/golden__v5_a8_g0.json,/home/mathis/Documents/Travail/cbnsl_benchmark/scaling/../scaling/results/2026-03-19_20h14_SEM_gaussian/graphs/GHC+BDeu__v5_a8_g0_s2000.json,,0.051381637999952545,1.0,1.0,0.7692307692307692,0.9333333333333333,0.8333333333333334,0.875
SEM_gaussian,NOTEARS,"{""lambda1"": 0.0, ""w_threshold_notears"": 0.1}",5,8,2000,0,/home/mathis/Documents/Travail/cbnsl_benchmark/scaling/../scaling/results/2026-03-19_20h14_SEM_gaussian/graphs/golden__v5_a8_g0.json,/home/mathis/Documents/Travail/cbnsl_benchmark/scaling/../scaling/results/2026-03-19_20h14_SEM_gaussian/graphs/NOTEARS__v5_a8_g0_s2000.json,,0.590144132999967,0.0,0.0,0.8571428571428571,1.0,1.0,1.0
SEM_gaussian,NOTEARS Disc.,"{""lambda1"": 0.5, ""w_threshold_notears"": 0.1, ""n_bins"": 6, ""discretization_method"": ""quantile""}",5,8,2000,0,/home/mathis/Documents/Travail/cbnsl_benchmark/scaling/../scaling/results/2026-03-19_20h14_SEM_gaussian/graphs/golden__v5_a8_g0.json,/home/mathis/Documents/Travail/cbnsl_benchmark/scaling/../scaling/results/2026-03-19_20h14_SEM_gaussian/graphs/NOTEARS Disc.__v5_a8_g0_s2000.json,,0.5481332919999886,6.0,5.0,0.0,0.5454545454545454,0.0,0.375
SEM_gaussian,LiNGAM,"{""threshold_lingam"": 0.01}",5,8,2000,0,/home/mathis/Documents/Travail/cbnsl_benchmark/scaling/../scaling/results/2026-03-19_20h14_SEM_gaussian/graphs/golden__v5_a8_g0.json,/home/mathis/Documents/Travail/cbnsl_benchmark/scaling/../scaling/results/2026-03-19_20h14_SEM_gaussian/graphs/LiNGAM__v5_a8_g0_s2000.json,,0.1117803819998926,8.0,2.0,0.0,0.888888888888889,0.0,1.0
SEM_gaussian,CPC,"{""alpha"": 0.05, ""max_conditioning_set_size"": 2}",5,8,3500,0,/home/mathis/Documents/Travail/cbnsl_benchmark/scaling/../scaling/results/2026-03-19_20h14_SEM_gaussian/graphs/golden__v5_a8_g0.json,/home/mathis/Documents/Travail/cbnsl_benchmark/scaling/../scaling/results/2026-03-19_20h14_SEM_gaussian/graphs/CPC__v5_a8_g0_s3500.json,,2.442642142000068,6.0,5.0,0.0,0.5454545454545454,0.0,0.375
SEM_gaussian,CMIIC,"{""alpha"": 0.01}",5,8,3500,0,/home/mathis/Documents/Travail/cbnsl_benchmark/scaling/../scaling/results/2026-03-19_20h14_SEM_gaussian/graphs/golden__v5_a8_g0.json,/home/mathis/Documents/Travail/cbnsl_benchmark/scaling/../scaling/results/2026-03-19_20h14_SEM_gaussian/graphs/CMIIC__v5_a8_g0_s3500.json,,3.6893148409999412,8.0,5.0,0.2222222222222222,0.8571428571428571,0.3333333333333333,0.75
SEM_gaussian,MIIC,"{""n_bins"": 2, ""discretization_method"": ""quantile""}",5,8,3500,0,/home/mathis/Documents/Travail/cbnsl_benchmark/scaling/../scaling/results/2026-03-19_20h14_SEM_gaussian/graphs/golden__v5_a8_g0.json,/home/mathis/Documents/Travail/cbnsl_benchmark/scaling/../scaling/results/2026-03-19_20h14_SEM_gaussian/graphs/MIIC__v5_a8_g0_s3500.json,,0.08093098400001963,8.0,1.0,0.22222222222222224,0.9333333333333333,0.5,0.875
SEM_gaussian,GHC+BDeu,"{""n_bins"": 2, ""discretization_method"": ""quantile""}",5,8,3500,0,/home/mathis/Documents/Travail/cbnsl_benchmark/scaling/../scaling/results/2026-03-19_20h14_SEM_gaussian/graphs/golden__v5_a8_g0.json,/home/mathis/Documents/Travail/cbnsl_benchmark/scaling/../scaling/results/2026-03-19_20h14_SEM_gaussian/graphs/GHC+BDeu__v5_a8_g0_s3500.json,,0.07134427200003302,7.0,1.0,0.0,0.9411764705882353,0.0,1.0
SEM_gaussian,NOTEARS,"{""lambda1"": 0.0, ""w_threshold_notears"": 0.1}",5,8,3500,0,/home/mathis/Documents/Travail/cbnsl_benchmark/scaling/../scaling/results/2026-03-19_20h14_SEM_gaussian/graphs/golden__v5_a8_g0.json,/home/mathis/Documents/Travail/cbnsl_benchmark/scaling/../scaling/results/2026-03-19_20h14_SEM_gaussian/graphs/NOTEARS__v5_a8_g0_s3500.json,,1.5492263139999523,0.0,0.0,0.8571428571428571,1.0,1.0,1.0
SEM_gaussian,NOTEARS Disc.,"{""lambda1"": 0.5, ""w_threshold_notears"": 0.1, ""n_bins"": 6, ""discretization_method"": ""quantile""}",5,8,3500,0,/home/mathis/Documents/Travail/cbnsl_benchmark/scaling/../scaling/results/2026-03-19_20h14_SEM_gaussian/graphs/golden__v5_a8_g0.json,/home/mathis/Documents/Travail/cbnsl_benchmark/scaling/../scaling/results/2026-03-19_20h14_SEM_gaussian/graphs/NOTEARS Disc.__v5_a8_g0_s3500.json,,0.9281998070000554,6.0,5.0,0.0,0.5454545454545454,0.0,0.375
SEM_gaussian,LiNGAM,"{""threshold_lingam"": 0.01}",5,8,3500,0,/home/mathis/Documents/Travail/cbnsl_benchmark/scaling/../scaling/results/2026-03-19_20h14_SEM_gaussian/graphs/golden__v5_a8_g0.json,/home/mathis/Documents/Travail/cbnsl_benchmark/scaling/../scaling/results/2026-03-19_20h14_SEM_gaussian/graphs/LiNGAM__v5_a8_g0_s3500.json,,0.1160599339999635,8.0,1.0,0.0,0.9411764705882353,0.0,1.0
SEM_gaussian,CPC,"{""alpha"": 0.05, ""max_conditioning_set_size"": 2}",5,8,5000,0,/home/mathis/Documents/Travail/cbnsl_benchmark/scaling/../scaling/results/2026-03-19_20h14_SEM_gaussian/graphs/golden__v5_a8_g0.json,/home/mathis/Documents/Travail/cbnsl_benchmark/scaling/../scaling/results/2026-03-19_20h14_SEM_gaussian/graphs/CPC__v5_a8_g0_s5000.json,,4.3763898350000545,8.0,4.0,0.22222222222222224,0.6666666666666666,0.2,0.5
SEM_gaussian,CMIIC,"{""alpha"": 0.01}",5,8,5000,0,/home/mathis/Documents/Travail/cbnsl_benchmark/scaling/../scaling/results/2026-03-19_20h14_SEM_gaussian/graphs/golden__v5_a8_g0.json,/home/mathis/Documents/Travail/cbnsl_benchmark/scaling/../scaling/results/2026-03-19_20h14_SEM_gaussian/graphs/CMIIC__v5_a8_g0_s5000.json,,5.41510378199996,8.0,3.0,0.22222222222222224,0.7692307692307693,0.25,0.625
SEM_gaussian,MIIC,"{""n_bins"": 2, ""discretization_method"": ""quantile""}",5,8,5000,0,/home/mathis/Documents/Travail/cbnsl_benchmark/scaling/../scaling/results/2026-03-19_20h14_SEM_gaussian/graphs/golden__v5_a8_g0.json,/home/mathis/Documents/Travail/cbnsl_benchmark/scaling/../scaling/results/2026-03-19_20h14_SEM_gaussian/graphs/MIIC__v5_a8_g0_s5000.json,,0.13039615599996068,9.0,3.0,0.2,0.7999999999999999,0.3333333333333333,0.75
SEM_gaussian,GHC+BDeu,"{""n_bins"": 2, ""discretization_method"": ""quantile""}",5,8,5000,0,/home/mathis/Documents/Travail/cbnsl_benchmark/scaling/../scaling/results/2026-03-19_20h14_SEM_gaussian/graphs/golden__v5_a8_g0.json,/home/mathis/Documents/Travail/cbnsl_benchmark/scaling/../scaling/results/2026-03-19_20h14_SEM_gaussian/graphs/GHC+BDeu__v5_a8_g0_s5000.json,,0.11164908700004617,4.0,4.0,0.5,0.875,0.75,0.875
SEM_gaussian,NOTEARS,"{""lambda1"": 0.0, ""w_threshold_notears"": 0.1}",5,8,5000,0,/home/mathis/Documents/Travail/cbnsl_benchmark/scaling/../scaling/results/2026-03-19_20h14_SEM_gaussian/graphs/golden__v5_a8_g0.json,/home/mathis/Documents/Travail/cbnsl_benchmark/scaling/../scaling/results/2026-03-19_20h14_SEM_gaussian/graphs/NOTEARS__v5_a8_g0_s5000.json,,0.8688816390000511,0.0,0.0,0.8571428571428571,1.0,1.0,1.0
SEM_gaussian,NOTEARS Disc.,"{""lambda1"": 0.5, ""w_threshold_notears"": 0.1, ""n_bins"": 6, ""discretization_method"": ""quantile""}",5,8,5000,0,/home/mathis/Documents/Travail/cbnsl_benchmark/scaling/../scaling/results/2026-03-19_20h14_SEM_gaussian/graphs/golden__v5_a8_g0.json,/home/mathis/Documents/Travail/cbnsl_benchmark/scaling/../scaling/results/2026-03-19_20h14_SEM_gaussian/graphs/NOTEARS Disc.__v5_a8_g0_s5000.json,,1.3273588639999616,6.0,5.0,0.0,0.5454545454545454,0.0,0.375
SEM_gaussian,LiNGAM,"{""threshold_lingam"": 0.01}",5,8,5000,0,/home/mathis/Documents/Travail/cbnsl_benchmark/scaling/../scaling/results/2026-03-19_20h14_SEM_gaussian/graphs/golden__v5_a8_g0.json,/home/mathis/Documents/Travail/cbnsl_benchmark/scaling/../scaling/results/2026-03-19_20h14_SEM_gaussian/graphs/LiNGAM__v5_a8_g0_s5000.json,,0.15294102699999712,7.0,1.0,0.19999999999999998,0.9411764705882353,1.0,1.0
SEM_gaussian,CPC,"{""alpha"": 0.05, ""max_conditioning_set_size"": 2}",5,8,200,1,/home/mathis/Documents/Travail/cbnsl_benchmark/scaling/../scaling/results/2026-03-19_20h14_SEM_gaussian/graphs/golden__v5_a8_g1.json,/home/mathis/Documents/Travail/cbnsl_benchmark/scaling/../scaling/results/2026-03-19_20h14_SEM_gaussian/graphs/CPC__v5_a8_g1_s200.json,,0.011730080999996062,8.0,7.0,0.0,0.2222222222222222,0.0,0.125
SEM_gaussian,CMIIC,"{""alpha"": 0.01}",5,8,200,1,/home/mathis/Documents/Travail/cbnsl_benchmark/scaling/../scaling/results/2026-03-19_20h14_SEM_gaussian/graphs/golden__v5_a8_g1.json,/home/mathis/Documents/Travail/cbnsl_benchmark/scaling/../scaling/results/2026-03-19_20h14_SEM_gaussian/graphs/CMIIC__v5_a8_g1_s200.json,,0.03420245300003444,4.0,2.0,0.7999999999999999,0.875,0.8571428571428571,0.875
SEM_gaussian,MIIC,"{""n_bins"": 2, ""discretization_method"": ""quantile""}",5,8,200,1,/home/mathis/Documents/Travail/cbnsl_benchmark/scaling/../scaling/results/2026-03-19_20h14_SEM_gaussian/graphs/golden__v5_a8_g1.json,/home/mathis/Documents/Travail/cbnsl_benchmark/scaling/../scaling/results/2026-03-19_20h14_SEM_gaussian/graphs/MIIC__v5_a8_g1_s200.json,,0.013245578999999452,5.0,4.0,0.5454545454545454,0.6666666666666666,0.42857142857142855,0.5
SEM_gaussian,GHC+BDeu,"{""n_bins"": 2, ""discretization_method"": ""quantile""}",5,8,200,1,/home/mathis/Documents/Travail/cbnsl_benchmark/scaling/../scaling/results/2026-03-19_20h14_SEM_gaussian/graphs/golden__v5_a8_g1.json,/home/mathis/Documents/Travail/cbnsl_benchmark/scaling/../scaling/results/2026-03-19_20h14_SEM_gaussian/graphs/GHC+BDeu__v5_a8_g1_s200.json,,0.01390859699995417,7.0,4.0,0.0,0.6666666666666666,0.0,0.5
SEM_gaussian,NOTEARS,"{""lambda1"": 0.0, ""w_threshold_notears"": 0.1}",5,8,200,1,/home/mathis/Documents/Travail/cbnsl_benchmark/scaling/../scaling/results/2026-03-19_20h14_SEM_gaussian/graphs/golden__v5_a8_g1.json,/home/mathis/Documents/Travail/cbnsl_benchmark/scaling/../scaling/results/2026-03-19_20h14_SEM_gaussian/graphs/NOTEARS__v5_a8_g1_s200.json,,0.2656040240000266,0.0,0.0,0.9333333333333333,1.0,1.0,1.0
SEM_gaussian,NOTEARS Disc.,"{""lambda1"": 0.5, ""w_threshold_notears"": 0.1, ""n_bins"": 6, ""discretization_method"": ""quantile""}",5,8,200,1,/home/mathis/Documents/Travail/cbnsl_benchmark/scaling/../scaling/results/2026-03-19_20h14_SEM_gaussian/graphs/golden__v5_a8_g1.json,/home/mathis/Documents/Travail/cbnsl_benchmark/scaling/../scaling/results/2026-03-19_20h14_SEM_gaussian/graphs/NOTEARS Disc.__v5_a8_g1_s200.json,,0.5547738090000394,8.0,5.0,0.0,0.6153846153846154,0.0,0.5
SEM_gaussian,LiNGAM,"{""threshold_lingam"": 0.01}",5,8,200,1,/home/mathis/Documents/Travail/cbnsl_benchmark/scaling/../scaling/results/2026-03-19_20h14_SEM_gaussian/graphs/golden__v5_a8_g1.json,/home/mathis/Documents/Travail/cbnsl_benchmark/scaling/../scaling/results/2026-03-19_20h14_SEM_gaussian/graphs/LiNGAM__v5_a8_g1_s200.json,,0.05920314100001178,5.0,3.0,0.5,0.7999999999999999,0.6,0.75
SEM_gaussian,CPC,"{""alpha"": 0.05, ""max_conditioning_set_size"": 2}",5,8,500,1,/home/mathis/Documents/Travail/cbnsl_benchmark/scaling/../scaling/results/2026-03-19_20h14_SEM_gaussian/graphs/golden__v5_a8_g1.json,/home/mathis/Documents/Travail/cbnsl_benchmark/scaling/../scaling/results/2026-03-19_20h14_SEM_gaussian/graphs/CPC__v5_a8_g1_s500.json,,0.13165727299997343,8.0,8.0,0.0,0.0,0.0,0.0
SEM_gaussian,CMIIC,"{""alpha"": 0.01}",5,8,500,1,/home/mathis/Documents/Travail/cbnsl_benchmark/scaling/../scaling/results/2026-03-19_20h14_SEM_gaussian/graphs/golden__v5_a8_g1.json,/home/mathis/Documents/Travail/cbnsl_benchmark/scaling/../scaling/results/2026-03-19_20h14_SEM_gaussian/graphs/CMIIC__v5_a8_g1_s500.json,,0.09399625700007164,6.0,3.0,0.5,0.7999999999999999,0.6,0.75
SEM_gaussian,MIIC,"{""n_bins"": 2, ""discretization_method"": ""quantile""}",5,8,500,1,/home/mathis/Documents/Travail/cbnsl_benchmark/scaling/../scaling/results/2026-03-19_20h14_SEM_gaussian/graphs/golden__v5_a8_g1.json,/home/mathis/Documents/Travail/cbnsl_benchmark/scaling/../scaling/results/2026-03-19_20h14_SEM_gaussian/graphs/MIIC__v5_a8_g1_s500.json,,0.02259746099991844,7.0,4.0,0.3636363636363636,0.7142857142857143,0.4,0.625
SEM_gaussian,GHC+BDeu,"{""n_bins"": 2, ""discretization_method"": ""quantile""}",5,8,500,1,/home/mathis/Documents/Travail/cbnsl_benchmark/scaling/../scaling/results/2026-03-19_20h14_SEM_gaussian/graphs/golden__v5_a8_g1.json,/home/mathis/Documents/Travail/cbnsl_benchmark/scaling/../scaling/results/2026-03-19_20h14_SEM_gaussian/graphs/GHC+BDeu__v5_a8_g1_s500.json,,0.020433557999922414,9.0,5.0,0.0,0.6666666666666666,0.0,0.625
SEM_gaussian,NOTEARS,"{""lambda1"": 0.0, ""w_threshold_notears"": 0.1}",5,8,500,1,/home/mathis/Documents/Travail/cbnsl_benchmark/scaling/../scaling/results/2026-03-19_20h14_SEM_gaussian/graphs/golden__v5_a8_g1.json,/home/mathis/Documents/Travail/cbnsl_benchmark/scaling/../scaling/results/2026-03-19_20h14_SEM_gaussian/graphs/NOTEARS__v5_a8_g1_s500.json,,0.3147080950000145,0.0,0.0,0.9333333333333333,1.0,1.0,1.0
SEM_gaussian,NOTEARS Disc.,"{""lambda1"": 0.5, ""w_threshold_notears"": 0.1, ""n_bins"": 6, ""discretization_method"": ""quantile""}",5,8,500,1,/home/mathis/Documents/Travail/cbnsl_benchmark/scaling/../scaling/results/2026-03-19_20h14_SEM_gaussian/graphs/golden__v5_a8_g1.json,/home/mathis/Documents/Travail/cbnsl_benchmark/scaling/../scaling/results/2026-03-19_20h14_SEM_gaussian/graphs/NOTEARS Disc.__v5_a8_g1_s500.json,,0.7824590799999669,8.0,4.0,0.0,0.7142857142857143,0.0,0.625
SEM_gaussian,LiNGAM,"{""threshold_lingam"": 0.01}",5,8,500,1,/home/mathis/Documents/Travail/cbnsl_benchmark/scaling/../scaling/results/2026-03-19_20h14_SEM_gaussian/graphs/golden__v5_a8_g1.json,/home/mathis/Documents/Travail/cbnsl_benchmark/scaling/../scaling/results/2026-03-19_20h14_SEM_gaussian/graphs/LiNGAM__v5_a8_g1_s500.json,,0.060364060999972935,5.0,5.0,0.5,0.875,0.75,0.875
SEM_gaussian,CPC,"{""alpha"": 0.05, ""max_conditioning_set_size"": 2}",5,8,1000,1,/home/mathis/Documents/Travail/cbnsl_benchmark/scaling/../scaling/results/2026-03-19_20h14_SEM_gaussian/graphs/golden__v5_a8_g1.json,/home/mathis/Documents/Travail/cbnsl_benchmark/scaling/../scaling/results/2026-03-19_20h14_SEM_gaussian/graphs/CPC__v5_a8_g1_s1000.json,,0.27966909700000997,7.0,6.0,0.0,0.4,0.0,0.25
SEM_gaussian,CMIIC,"{""alpha"": 0.01}",5,8,1000,1,/home/mathis/Documents/Travail/cbnsl_benchmark/scaling/../scaling/results/2026-03-19_20h14_SEM_gaussian/graphs/golden__v5_a8_g1.json,/home/mathis/Documents/Travail/cbnsl_benchmark/scaling/../scaling/results/2026-03-19_20h14_SEM_gaussian/graphs/CMIIC__v5_a8_g1_s1000.json,,0.33707059099992875,6.0,3.0,0.5,0.7999999999999999,0.6,0.75
SEM_gaussian,MIIC,"{""n_bins"": 2, ""discretization_method"": ""quantile""}",5,8,1000,1,/home/mathis/Documents/Travail/cbnsl_benchmark/scaling/../scaling/results/2026-03-19_20h14_SEM_gaussian/graphs/golden__v5_a8_g1.json,/home/mathis/Documents/Travail/cbnsl_benchmark/scaling/../scaling/results/2026-03-19_20h14_SEM_gaussian/graphs/MIIC__v5_a8_g1_s1000.json,,0.0330084419999821,8.0,4.0,0.0,0.7142857142857143,0.0,0.625
SEM_gaussian,GHC+BDeu,"{""n_bins"": 2, ""discretization_method"": ""quantile""}",5,8,1000,1,/home/mathis/Documents/Travail/cbnsl_benchmark/scaling/../scaling/results/2026-03-19_20h14_SEM_gaussian/graphs/golden__v5_a8_g1.json,/home/mathis/Documents/Travail/cbnsl_benchmark/scaling/../scaling/results/2026-03-19_20h14_SEM_gaussian/graphs/GHC+BDeu__v5_a8_g1_s1000.json,,0.029084637999972074,9.0,8.0,0.0,0.6666666666666666,0.0,0.625
SEM_gaussian,NOTEARS,"{""lambda1"": 0.0, ""w_threshold_notears"": 0.1}",5,8,1000,1,/home/mathis/Documents/Travail/cbnsl_benchmark/scaling/../scaling/results/2026-03-19_20h14_SEM_gaussian/graphs/golden__v5_a8_g1.json,/home/mathis/Documents/Travail/cbnsl_benchmark/scaling/../scaling/results/2026-03-19_20h14_SEM_gaussian/graphs/NOTEARS__v5_a8_g1_s1000.json,,0.3790169410000317,0.0,0.0,0.9333333333333333,1.0,1.0,1.0
SEM_gaussian,NOTEARS Disc.,"{""lambda1"": 0.5, ""w_threshold_notears"": 0.1, ""n_bins"": 6, ""discretization_method"": ""quantile""}",5,8,1000,1,/home/mathis/Documents/Travail/cbnsl_benchmark/scaling/../scaling/results/2026-03-19_20h14_SEM_gaussian/graphs/golden__v5_a8_g1.json,/home/mathis/Documents/Travail/cbnsl_benchmark/scaling/../scaling/results/2026-03-19_20h14_SEM_gaussian/graphs/NOTEARS Disc.__v5_a8_g1_s1000.json,,0.8905003319999878,8.0,5.0,0.0,0.6153846153846154,0.0,0.5
SEM_gaussian,LiNGAM,"{""threshold_lingam"": 0.01}",5,8,1000,1,/home/mathis/Documents/Travail/cbnsl_benchmark/scaling/../scaling/results/2026-03-19_20h14_SEM_gaussian/graphs/golden__v5_a8_g1.json,/home/mathis/Documents/Travail/cbnsl_benchmark/scaling/../scaling/results/2026-03-19_20h14_SEM_gaussian/graphs/LiNGAM__v5_a8_g1_s1000.json,,0.07424764999996114,7.0,1.0,0.3636363636363636,0.9411764705882353,1.0,1.0
SEM_gaussian,CPC,"{""alpha"": 0.05, ""max_conditioning_set_size"": 2}",5,8,2000,1,/home/mathis/Documents/Travail/cbnsl_benchmark/scaling/../scaling/results/2026-03-19_20h14_SEM_gaussian/graphs/golden__v5_a8_g1.json,/home/mathis/Documents/Travail/cbnsl_benchmark/scaling/../scaling/results/2026-03-19_20h14_SEM_gaussian/graphs/CPC__v5_a8_g1_s2000.json,,1.2362026299999798,7.0,4.0,0.22222222222222224,0.6666666666666666,0.2,0.5
SEM_gaussian,CMIIC,"{""alpha"": 0.01}",5,8,2000,1,/home/mathis/Documents/Travail/cbnsl_benchmark/scaling/../scaling/results/2026-03-19_20h14_SEM_gaussian/graphs/golden__v5_a8_g1.json,/home/mathis/Documents/Travail/cbnsl_benchmark/scaling/../scaling/results/2026-03-19_20h14_SEM_gaussian/graphs/CMIIC__v5_a8_g1_s2000.json,,1.1685593170000175,7.0,4.0,0.3636363636363636,0.7142857142857143,0.4,0.625
SEM_gaussian,MIIC,"{""n_bins"": 2, ""discretization_method"": ""quantile""}",5,8,2000,1,/home/mathis/Documents/Travail/cbnsl_benchmark/scaling/../scaling/results/2026-03-19_20h14_SEM_gaussian/graphs/golden__v5_a8_g1.json,/home/mathis/Documents/Travail/cbnsl_benchmark/scaling/../scaling/results/2026-03-19_20h14_SEM_gaussian/graphs/MIIC__v5_a8_g1_s2000.json,,0.05873144199995295,6.0,3.0,0.5,0.7999999999999999,0.6,0.75
SEM_gaussian,GHC+BDeu,"{""n_bins"": 2, ""discretization_method"": ""quantile""}",5,8,2000,1,/home/mathis/Documents/Travail/cbnsl_benchmark/scaling/../scaling/results/2026-03-19_20h14_SEM_gaussian/graphs/golden__v5_a8_g1.json,/home/mathis/Documents/Travail/cbnsl_benchmark/scaling/../scaling/results/2026-03-19_20h14_SEM_gaussian/graphs/GHC+BDeu__v5_a8_g1_s2000.json,,0.05844344899992393,9.0,7.0,0.0,0.75,0.0,0.75
SEM_gaussian,NOTEARS,"{""lambda1"": 0.0, ""w_threshold_notears"": 0.1}",5,8,2000,1,/home/mathis/Documents/Travail/cbnsl_benchmark/scaling/../scaling/results/2026-03-19_20h14_SEM_gaussian/graphs/golden__v5_a8_g1.json,/home/mathis/Documents/Travail/cbnsl_benchmark/scaling/../scaling/results/2026-03-19_20h14_SEM_gaussian/graphs/NOTEARS__v5_a8_g1_s2000.json,,0.5868072150000216,0.0,0.0,0.9333333333333333,1.0,1.0,1.0
SEM_gaussian,NOTEARS Disc.,"{""lambda1"": 0.5, ""w_threshold_notears"": 0.1, ""n_bins"": 6, ""discretization_method"": ""quantile""}",5,8,2000,1,/home/mathis/Documents/Travail/cbnsl_benchmark/scaling/../scaling/results/2026-03-19_20h14_SEM_gaussian/graphs/golden__v5_a8_g1.json,/home/mathis/Documents/Travail/cbnsl_benchmark/scaling/../scaling/results/2026-03-19_20h14_SEM_gaussian/graphs/NOTEARS Disc.__v5_a8_g1_s2000.json,,1.2105433649999213,8.0,4.0,0.0,0.7142857142857143,0.0,0.625
SEM_gaussian,LiNGAM,"{""threshold_lingam"": 0.01}",5,8,2000,1,/home/mathis/Documents/Travail/cbnsl_benchmark/scaling/../scaling/results/2026-03-19_20h14_SEM_gaussian/graphs/golden__v5_a8_g1.json,/home/mathis/Documents/Travail/cbnsl_benchmark/scaling/../scaling/results/2026-03-19_20h14_SEM_gaussian/graphs/LiNGAM__v5_a8_g1_s2000.json,,0.10369391499989433,8.0,3.0,0.46153846153846156,0.823529411764706,0.75,0.875
SEM_gaussian,CPC,"{""alpha"": 0.05, ""max_conditioning_set_size"": 2}",5,8,3500,1,/home/mathis/Documents/Travail/cbnsl_benchmark/scaling/../scaling/results/2026-03-19_20h14_SEM_gaussian/graphs/golden__v5_a8_g1.json,/home/mathis/Documents/Travail/cbnsl_benchmark/scaling/../scaling/results/2026-03-19_20h14_SEM_gaussian/graphs/CPC__v5_a8_g1_s3500.json,,3.4363343400000304,8.0,5.0,0.20000000000000004,0.6153846153846154,0.2,0.5
SEM_gaussian,CMIIC,"{""alpha"": 0.01}",5,8,3500,1,/home/mathis/Documents/Travail/cbnsl_benchmark/scaling/../scaling/results/2026-03-19_20h14_SEM_gaussian/graphs/golden__v5_a8_g1.json,/home/mathis/Documents/Travail/cbnsl_benchmark/scaling/../scaling/results/2026-03-19_20h14_SEM_gaussian/graphs/CMIIC__v5_a8_g1_s3500.json,,3.8652185570000483,7.0,4.0,0.3636363636363636,0.7142857142857143,0.4,0.625
SEM_gaussian,MIIC,"{""n_bins"": 2, ""discretization_method"": ""quantile""}",5,8,3500,1,/home/mathis/Documents/Travail/cbnsl_benchmark/scaling/../scaling/results/2026-03-19_20h14_SEM_gaussian/graphs/golden__v5_a8_g1.json,/home/mathis/Documents/Travail/cbnsl_benchmark/scaling/../scaling/results/2026-03-19_20h14_SEM_gaussian/graphs/MIIC__v5_a8_g1_s3500.json,,0.10769918200003303,6.0,3.0,0.5,0.7999999999999999,0.6,0.75
SEM_gaussian,GHC+BDeu,"{""n_bins"": 2, ""discretization_method"": ""quantile""}",5,8,3500,1,/home/mathis/Documents/Travail/cbnsl_benchmark/scaling/../scaling/results/2026-03-19_20h14_SEM_gaussian/graphs/golden__v5_a8_g1.json,/home/mathis/Documents/Travail/cbnsl_benchmark/scaling/../scaling/results/2026-03-19_20h14_SEM_gaussian/graphs/GHC+BDeu__v5_a8_g1_s3500.json,,0.09953882900003919,9.0,7.0,0.0,0.75,0.0,0.75
SEM_gaussian,NOTEARS,"{""lambda1"": 0.0, ""w_threshold_notears"": 0.1}",5,8,3500,1,/home/mathis/Documents/Travail/cbnsl_benchmark/scaling/../scaling/results/2026-03-19_20h14_SEM_gaussian/graphs/golden__v5_a8_g1.json,/home/mathis/Documents/Travail/cbnsl_benchmark/scaling/../scaling/results/2026-03-19_20h14_SEM_gaussian/graphs/NOTEARS__v5_a8_g1_s3500.json,,0.8200885920000474,0.0,0.0,0.9333333333333333,1.0,1.0,1.0
SEM_gaussian,NOTEARS Disc.,"{""lambda1"": 0.5, ""w_threshold_notears"": 0.1, ""n_bins"": 6, ""discretization_method"": ""quantile""}",5,8,3500,1,/home/mathis/Documents/Travail/cbnsl_benchmark/scaling/../scaling/results/2026-03-19_20h14_SEM_gaussian/graphs/golden__v5_a8_g1.json,/home/mathis/Documents/Travail/cbnsl_benchmark/scaling/../scaling/results/2026-03-19_20h14_SEM_gaussian/graphs/NOTEARS Disc.__v5_a8_g1_s3500.json,,2.1546950419999575,8.0,5.0,0.0,0.6153846153846154,0.0,0.5
SEM_gaussian,LiNGAM,"{""threshold_lingam"": 0.01}",5,8,3500,1,/home/mathis/Documents/Travail/cbnsl_benchmark/scaling/../scaling/results/2026-03-19_20h14_SEM_gaussian/graphs/golden__v5_a8_g1.json,/home/mathis/Documents/Travail/cbnsl_benchmark/scaling/../scaling/results/2026-03-19_20h14_SEM_gaussian/graphs/LiNGAM__v5_a8_g1_s3500.json,,0.15487517999997635,2.0,0.0,0.8571428571428571,1.0,1.0,1.0
SEM_gaussian,CPC,"{""alpha"": 0.05, ""max_conditioning_set_size"": 2}",5,8,5000,1,/home/mathis/Documents/Travail/cbnsl_benchmark/scaling/../scaling/results/2026-03-19_20h14_SEM_gaussian/graphs/golden__v5_a8_g1.json,/home/mathis/Documents/Travail/cbnsl_benchmark/scaling/../scaling/results/2026-03-19_20h14_SEM_gaussian/graphs/CPC__v5_a8_g1_s5000.json,,7.425142230000006,7.0,4.0,0.5,0.7142857142857143,0.5,0.625
SEM_gaussian,CMIIC,"{""alpha"": 0.01}",5,8,5000,1,/home/mathis/Documents/Travail/cbnsl_benchmark/scaling/../scaling/results/2026-03-19_20h14_SEM_gaussian/graphs/golden__v5_a8_g1.json,/home/mathis/Documents/Travail/cbnsl_benchmark/scaling/../scaling/results/2026-03-19_20h14_SEM_gaussian/graphs/CMIIC__v5_a8_g1_s5000.json,,8.08479535999993,7.0,4.0,0.3636363636363636,0.7142857142857143,0.4,0.625
SEM_gaussian,MIIC,"{""n_bins"": 2, ""discretization_method"": ""quantile""}",5,8,5000,1,/home/mathis/Documents/Travail/cbnsl_benchmark/scaling/../scaling/results/2026-03-19_20h14_SEM_gaussian/graphs/golden__v5_a8_g1.json,/home/mathis/Documents/Travail/cbnsl_benchmark/scaling/../scaling/results/2026-03-19_20h14_SEM_gaussian/graphs/MIIC__v5_a8_g1_s5000.json,,0.15627610599995023,4.0,2.0,0.7999999999999999,0.875,0.8571428571428571,0.875
SEM_gaussian,GHC+BDeu,"{""n_bins"": 2, ""discretization_method"": ""quantile""}",5,8,5000,1,/home/mathis/Documents/Travail/cbnsl_benchmark/scaling/../scaling/results/2026-03-19_20h14_SEM_gaussian/graphs/golden__v5_a8_g1.json,/home/mathis/Documents/Travail/cbnsl_benchmark/scaling/../scaling/results/2026-03-19_20h14_SEM_gaussian/graphs/GHC+BDeu__v5_a8_g1_s5000.json,,0.13389858899995488,9.0,3.0,0.0,0.823529411764706,0.0,0.875
SEM_gaussian,NOTEARS,"{""lambda1"": 0.0, ""w_threshold_notears"": 0.1}",5,8,5000,1,/home/mathis/Documents/Travail/cbnsl_benchmark/scaling/../scaling/results/2026-03-19_20h14_SEM_gaussian/graphs/golden__v5_a8_g1.json,/home/mathis/Documents/Travail/cbnsl_benchmark/scaling/../scaling/results/2026-03-19_20h14_SEM_gaussian/graphs/NOTEARS__v5_a8_g1_s5000.json,,0.9673377200000459,0.0,0.0,0.9333333333333333,1.0,1.0,1.0
SEM_gaussian,NOTEARS Disc.,"{""lambda1"": 0.5, ""w_threshold_notears"": 0.1, ""n_bins"": 6, ""discretization_method"": ""quantile""}",5,8,5000,1,/home/mathis/Documents/Travail/cbnsl_benchmark/scaling/../scaling/results/2026-03-19_20h14_SEM_gaussian/graphs/golden__v5_a8_g1.json,/home/mathis/Documents/Travail/cbnsl_benchmark/scaling/../scaling/results/2026-03-19_20h14_SEM_gaussian/graphs/NOTEARS Disc.__v5_a8_g1_s5000.json,,2.592789089000007,8.0,5.0,0.0,0.6153846153846154,0.0,0.5
SEM_gaussian,LiNGAM,"{""threshold_lingam"": 0.01}",5,8,5000,1,/home/mathis/Documents/Travail/cbnsl_benchmark/scaling/../scaling/results/2026-03-19_20h14_SEM_gaussian/graphs/golden__v5_a8_g1.json,/home/mathis/Documents/Travail/cbnsl_benchmark/scaling/../scaling/results/2026-03-19_20h14_SEM_gaussian/graphs/LiNGAM__v5_a8_g1_s5000.json,,0.1855069299999741,8.0,1.0,0.0,0.9411764705882353,0.0,1.0
SEM_gaussian,CPC,"{""alpha"": 0.05, ""max_conditioning_set_size"": 2}",5,8,200,2,/home/mathis/Documents/Travail/cbnsl_benchmark/scaling/../scaling/results/2026-03-19_20h14_SEM_gaussian/graphs/golden__v5_a8_g2.json,/home/mathis/Documents/Travail/cbnsl_benchmark/scaling/../scaling/results/2026-03-19_20h14_SEM_gaussian/graphs/CPC__v5_a8_g2_s200.json,,0.010780419999946389,6.0,6.0,0.0,0.0,0.0,0.0
SEM_gaussian,CMIIC,"{""alpha"": 0.01}",5,8,200,2,/home/mathis/Documents/Travail/cbnsl_benchmark/scaling/../scaling/results/2026-03-19_20h14_SEM_gaussian/graphs/golden__v5_a8_g2.json,/home/mathis/Documents/Travail/cbnsl_benchmark/scaling/../scaling/results/2026-03-19_20h14_SEM_gaussian/graphs/CMIIC__v5_a8_g2_s200.json,,0.023902503999920555,7.0,4.0,0.0,0.7142857142857143,0.0,0.8333333333333334
SEM_gaussian,MIIC,"{""n_bins"": 2, ""discretization_method"": ""quantile""}",5,8,200,2,/home/mathis/Documents/Travail/cbnsl_benchmark/scaling/../scaling/results/2026-03-19_20h14_SEM_gaussian/graphs/golden__v5_a8_g2.json,/home/mathis/Documents/Travail/cbnsl_benchmark/scaling/../scaling/results/2026-03-19_20h14_SEM_gaussian/graphs/MIIC__v5_a8_g2_s200.json,,0.0146219389999942,4.0,2.0,0.0,0.8,0.0,0.6666666666666666
SEM_gaussian,GHC+BDeu,"{""n_bins"": 2, ""discretization_method"": ""quantile""}",5,8,200,2,/home/mathis/Documents/Travail/cbnsl_benchmark/scaling/../scaling/results/2026-03-19_20h14_SEM_gaussian/graphs/golden__v5_a8_g2.json,/home/mathis/Documents/Travail/cbnsl_benchmark/scaling/../scaling/results/2026-03-19_20h14_SEM_gaussian/graphs/GHC+BDeu__v5_a8_g2_s200.json,,0.015898739000022033,4.0,2.0,0.0,0.8,0.0,0.6666666666666666
SEM_gaussian,NOTEARS,"{""lambda1"": 0.0, ""w_threshold_notears"": 0.1}",5,8,200,2,/home/mathis/Documents/Travail/cbnsl_benchmark/scaling/../scaling/results/2026-03-19_20h14_SEM_gaussian/graphs/golden__v5_a8_g2.json,/home/mathis/Documents/Travail/cbnsl_benchmark/scaling/../scaling/results/2026-03-19_20h14_SEM_gaussian/graphs/NOTEARS__v5_a8_g2_s200.json,,0.42825538800002505,5.0,2.0,0.0,0.8571428571428571,0.0,1.0
SEM_gaussian,NOTEARS Disc.,"{""lambda1"": 0.5, ""w_threshold_notears"": 0.1, ""n_bins"": 6, ""discretization_method"": ""quantile""}",5,8,200,2,/home/mathis/Documents/Travail/cbnsl_benchmark/scaling/../scaling/results/2026-03-19_20h14_SEM_gaussian/graphs/golden__v5_a8_g2.json,/home/mathis/Documents/Travail/cbnsl_benchmark/scaling/../scaling/results/2026-03-19_20h14_SEM_gaussian/graphs/NOTEARS Disc.__v5_a8_g2_s200.json,,0.6432349479999857,4.0,1.0,0.0,0.9090909090909091,0.0,0.8333333333333334
SEM_gaussian,LiNGAM,"{""threshold_lingam"": 0.01}",5,8,200,2,/home/mathis/Documents/Travail/cbnsl_benchmark/scaling/../scaling/results/2026-03-19_20h14_SEM_gaussian/graphs/golden__v5_a8_g2.json,/home/mathis/Documents/Travail/cbnsl_benchmark/scaling/../scaling/results/2026-03-19_20h14_SEM_gaussian/graphs/LiNGAM__v5_a8_g2_s200.json,,0.06980741300003501,8.0,3.0,0.0,0.7692307692307692,0.0,0.8333333333333334
SEM_gaussian,CPC,"{""alpha"": 0.05, ""max_conditioning_set_size"": 2}",5,8,500,2,/home/mathis/Documents/Travail/cbnsl_benchmark/scaling/../scaling/results/2026-03-19_20h14_SEM_gaussian/graphs/golden__v5_a8_g2.json,/home/mathis/Documents/Travail/cbnsl_benchmark/scaling/../scaling/results/2026-03-19_20h14_SEM_gaussian/graphs/CPC__v5_a8_g2_s500.json,,0.12875535099999524,5.0,3.0,0.0,0.6666666666666666,0.0,0.5
SEM_gaussian,CMIIC,"{""alpha"": 0.01}",5,8,500,2,/home/mathis/Documents/Travail/cbnsl_benchmark/scaling/../scaling/results/2026-03-19_20h14_SEM_gaussian/graphs/golden__v5_a8_g2.json,/home/mathis/Documents/Travail/cbnsl_benchmark/scaling/../scaling/results/2026-03-19_20h14_SEM_gaussian/graphs/CMIIC__v5_a8_g2_s500.json,,0.10167168500004209,4.0,1.0,0.0,0.9090909090909091,0.0,0.8333333333333334
SEM_gaussian,MIIC,"{""n_bins"": 2, ""discretization_method"": ""quantile""}",5,8,500,2,/home/mathis/Documents/Travail/cbnsl_benchmark/scaling/../scaling/results/2026-03-19_20h14_SEM_gaussian/graphs/golden__v5_a8_g2.json,/home/mathis/Documents/Travail/cbnsl_benchmark/scaling/../scaling/results/2026-03-19_20h14_SEM_gaussian/graphs/MIIC__v5_a8_g2_s500.json,,0.021946797999930823,4.0,1.0,0.0,0.9090909090909091,0.0,0.8333333333333334
SEM_gaussian,GHC+BDeu,"{""n_bins"": 2, ""discretization_method"": ""quantile""}",5,8,500,2,/home/mathis/Documents/Travail/cbnsl_benchmark/scaling/../scaling/results/2026-03-19_20h14_SEM_gaussian/graphs/golden__v5_a8_g2.json,/home/mathis/Documents/Travail/cbnsl_benchmark/scaling/../scaling/results/2026-03-19_20h14_SEM_gaussian/graphs/GHC+BDeu__v5_a8_g2_s500.json,,0.025841345000003457,4.0,1.0,0.0,0.9090909090909091,0.0,0.8333333333333334
SEM_gaussian,NOTEARS,"{""lambda1"": 0.0, ""w_threshold_notears"": 0.1}",5,8,500,2,/home/mathis/Documents/Travail/cbnsl_benchmark/scaling/../scaling/results/2026-03-19_20h14_SEM_gaussian/graphs/golden__v5_a8_g2.json,/home/mathis/Documents/Travail/cbnsl_benchmark/scaling/../scaling/results/2026-03-19_20h14_SEM_gaussian/graphs/NOTEARS__v5_a8_g2_s500.json,,0.43682894200003375,6.0,3.0,0.0,0.8,0.0,1.0
SEM_gaussian,NOTEARS Disc.,"{""lambda1"": 0.5, ""w_threshold_notears"": 0.1, ""n_bins"": 6, ""discretization_method"": ""quantile""}",5,8,500,2,/home/mathis/Documents/Travail/cbnsl_benchmark/scaling/../scaling/results/2026-03-19_20h14_SEM_gaussian/graphs/golden__v5_a8_g2.json,/home/mathis/Documents/Travail/cbnsl_benchmark/scaling/../scaling/results/2026-03-19_20h14_SEM_gaussian/graphs/NOTEARS Disc.__v5_a8_g2_s500.json,,0.6064931039999237,4.0,1.0,0.0,0.9090909090909091,0.0,0.8333333333333334
SEM_gaussian,LiNGAM,"{""threshold_lingam"": 0.01}",5,8,500,2,/home/mathis/Documents/Travail/cbnsl_benchmark/scaling/../scaling/results/2026-03-19_20h14_SEM_gaussian/graphs/golden__v5_a8_g2.json,/home/mathis/Documents/Travail/cbnsl_benchmark/scaling/../scaling/results/2026-03-19_20h14_SEM_gaussian/graphs/LiNGAM__v5_a8_g2_s500.json,,0.0718805250000969,7.0,2.0,0.0,0.8333333333333334,0.0,0.8333333333333334
SEM_gaussian,CPC,"{""alpha"": 0.05, ""max_conditioning_set_size"": 2}",5,8,1000,2,/home/mathis/Documents/Travail/cbnsl_benchmark/scaling/../scaling/results/2026-03-19_20h14_SEM_gaussian/graphs/golden__v5_a8_g2.json,/home/mathis/Documents/Travail/cbnsl_benchmark/scaling/../scaling/results/2026-03-19_20h14_SEM_gaussian/graphs/CPC__v5_a8_g2_s1000.json,,0.3630013740000777,5.0,3.0,0.0,0.6666666666666666,0.0,0.5
SEM_gaussian,CMIIC,"{""alpha"": 0.01}",5,8,1000,2,/home/mathis/Documents/Travail/cbnsl_benchmark/scaling/../scaling/results/2026-03-19_20h14_SEM_gaussian/graphs/golden__v5_a8_g2.json,/home/mathis/Documents/Travail/cbnsl_benchmark/scaling/../scaling/results/2026-03-19_20h14_SEM_gaussian/graphs/CMIIC__v5_a8_g2_s1000.json,,0.34796047499992255,4.0,1.0,0.0,0.9090909090909091,0.0,0.8333333333333334
SEM_gaussian,MIIC,"{""n_bins"": 2, ""discretization_method"": ""quantile""}",5,8,1000,2,/home/mathis/Documents/Travail/cbnsl_benchmark/scaling/../scaling/results/2026-03-19_20h14_SEM_gaussian/graphs/golden__v5_a8_g2.json,/home/mathis/Documents/Travail/cbnsl_benchmark/scaling/../scaling/results/2026-03-19_20h14_SEM_gaussian/graphs/MIIC__v5_a8_g2_s1000.json,,0.03206030599994847,3.0,0.0,0.0,1.0,0.0,1.0
SEM_gaussian,GHC+BDeu,"{""n_bins"": 2, ""discretization_method"": ""quantile""}",5,8,1000,2,/home/mathis/Documents/Travail/cbnsl_benchmark/scaling/../scaling/results/2026-03-19_20h14_SEM_gaussian/graphs/golden__v5_a8_g2.json,/home/mathis/Documents/Travail/cbnsl_benchmark/scaling/../scaling/results/2026-03-19_20h14_SEM_gaussian/graphs/GHC+BDeu__v5_a8_g2_s1000.json,,0.03288428299993029,5.0,0.0,0.0,1.0,0.0,1.0
SEM_gaussian,NOTEARS,"{""lambda1"": 0.0, ""w_threshold_notears"": 0.1}",5,8,1000,2,/home/mathis/Documents/Travail/cbnsl_benchmark/scaling/../scaling/results/2026-03-19_20h14_SEM_gaussian/graphs/golden__v5_a8_g2.json,/home/mathis/Documents/Travail/cbnsl_benchmark/scaling/../scaling/results/2026-03-19_20h14_SEM_gaussian/graphs/NOTEARS__v5_a8_g2_s1000.json,,0.534820853000042,4.0,1.0,0.0,0.923076923076923,0.0,1.0
SEM_gaussian,NOTEARS Disc.,"{""lambda1"": 0.5, ""w_threshold_notears"": 0.1, ""n_bins"": 6, ""discretization_method"": ""quantile""}",5,8,1000,2,/home/mathis/Documents/Travail/cbnsl_benchmark/scaling/../scaling/results/2026-03-19_20h14_SEM_gaussian/graphs/golden__v5_a8_g2.json,/home/mathis/Documents/Travail/cbnsl_benchmark/scaling/../scaling/results/2026-03-19_20h14_SEM_gaussian/graphs/NOTEARS Disc.__v5_a8_g2_s1000.json,,0.897082603000058,4.0,1.0,0.0,0.9090909090909091,0.0,0.8333333333333334
SEM_gaussian,LiNGAM,"{""threshold_lingam"": 0.01}",5,8,1000,2,/home/mathis/Documents/Travail/cbnsl_benchmark/scaling/../scaling/results/2026-03-19_20h14_SEM_gaussian/graphs/golden__v5_a8_g2.json,/home/mathis/Documents/Travail/cbnsl_benchmark/scaling/../scaling/results/2026-03-19_20h14_SEM_gaussian/graphs/LiNGAM__v5_a8_g2_s1000.json,,0.09572457000001577,5.0,2.0,0.0,0.8333333333333334,0.0,0.8333333333333334
SEM_gaussian,CPC,"{""alpha"": 0.05, ""max_conditioning_set_size"": 2}",5,8,2000,2,/home/mathis/Documents/Travail/cbnsl_benchmark/scaling/../scaling/results/2026-03-19_20h14_SEM_gaussian/graphs/golden__v5_a8_g2.json,/home/mathis/Documents/Travail/cbnsl_benchmark/scaling/../scaling/results/2026-03-19_20h14_SEM_gaussian/graphs/CPC__v5_a8_g2_s2000.json,,1.2419826689999809,6.0,1.0,0.28571428571428575,0.9090909090909091,0.5,0.8333333333333334
SEM_gaussian,CMIIC,"{""alpha"": 0.01}",5,8,2000,2,/home/mathis/Documents/Travail/cbnsl_benchmark/scaling/../scaling/results/2026-03-19_20h14_SEM_gaussian/graphs/golden__v5_a8_g2.json,/home/mathis/Documents/Travail/cbnsl_benchmark/scaling/../scaling/results/2026-03-19_20h14_SEM_gaussian/graphs/CMIIC__v5_a8_g2_s2000.json,,1.1390984939999953,3.0,1.0,0.5,0.9090909090909091,0.6666666666666666,0.8333333333333334
SEM_gaussian,MIIC,"{""n_bins"": 2, ""discretization_method"": ""quantile""}",5,8,2000,2,/home/mathis/Documents/Travail/cbnsl_benchmark/scaling/../scaling/results/2026-03-19_20h14_SEM_gaussian/graphs/golden__v5_a8_g2.json,/home/mathis/Documents/Travail/cbnsl_benchmark/scaling/../scaling/results/2026-03-19_20h14_SEM_gaussian/graphs/MIIC__v5_a8_g2_s2000.json,,0.07545187100004114,4.0,1.0,0.0,0.923076923076923,0.0,1.0
SEM_gaussian,GHC+BDeu,"{""n_bins"": 2, ""discretization_method"": ""quantile""}",5,8,2000,2,/home/mathis/Documents/Travail/cbnsl_benchmark/scaling/../scaling/results/2026-03-19_20h14_SEM_gaussian/graphs/golden__v5_a8_g2.json,/home/mathis/Documents/Travail/cbnsl_benchmark/scaling/../scaling/results/2026-03-19_20h14_SEM_gaussian/graphs/GHC+BDeu__v5_a8_g2_s2000.json,,0.06277251300002717,4.0,1.0,0.0,0.923076923076923,0.0,1.0
SEM_gaussian,NOTEARS,"{""lambda1"": 0.0, ""w_threshold_notears"": 0.1}",5,8,2000,2,/home/mathis/Documents/Travail/cbnsl_benchmark/scaling/../scaling/results/2026-03-19_20h14_SEM_gaussian/graphs/golden__v5_a8_g2.json,/home/mathis/Documents/Travail/cbnsl_benchmark/scaling/../scaling/results/2026-03-19_20h14_SEM_gaussian/graphs/NOTEARS__v5_a8_g2_s2000.json,,0.6225990650000313,4.0,1.0,0.0,0.923076923076923,0.0,1.0
SEM_gaussian,NOTEARS Disc.,"{""lambda1"": 0.5, ""w_threshold_notears"": 0.1, ""n_bins"": 6, ""discretization_method"": ""quantile""}",5,8,2000,2,/home/mathis/Documents/Travail/cbnsl_benchmark/scaling/../scaling/results/2026-03-19_20h14_SEM_gaussian/graphs/golden__v5_a8_g2.json,/home/mathis/Documents/Travail/cbnsl_benchmark/scaling/../scaling/results/2026-03-19_20h14_SEM_gaussian/graphs/NOTEARS Disc.__v5_a8_g2_s2000.json,,1.1569684610000195,4.0,1.0,0.0,0.9090909090909091,0.0,0.8333333333333334
SEM_gaussian,LiNGAM,"{""threshold_lingam"": 0.01}",5,8,2000,2,/home/mathis/Documents/Travail/cbnsl_benchmark/scaling/../scaling/results/2026-03-19_20h14_SEM_gaussian/graphs/golden__v5_a8_g2.json,/home/mathis/Documents/Travail/cbnsl_benchmark/scaling/../scaling/results/2026-03-19_20h14_SEM_gaussian/graphs/LiNGAM__v5_a8_g2_s2000.json,,0.11780511699998897,1.0,1.0,0.6,0.923076923076923,1.0,1.0
SEM_gaussian,CPC,"{""alpha"": 0.05, ""max_conditioning_set_size"": 2}",5,8,3500,2,/home/mathis/Documents/Travail/cbnsl_benchmark/scaling/../scaling/results/2026-03-19_20h14_SEM_gaussian/graphs/golden__v5_a8_g2.json,/home/mathis/Documents/Travail/cbnsl_benchmark/scaling/../scaling/results/2026-03-19_20h14_SEM_gaussian/graphs/CPC__v5_a8_g2_s3500.json,,3.7801350749999756,6.0,1.0,0.28571428571428575,0.9090909090909091,0.5,0.8333333333333334
SEM_gaussian,CMIIC,"{""alpha"": 0.01}",5,8,3500,2,/home/mathis/Documents/Travail/cbnsl_benchmark/scaling/../scaling/results/2026-03-19_20h14_SEM_gaussian/graphs/golden__v5_a8_g2.json,/home/mathis/Documents/Travail/cbnsl_benchmark/scaling/../scaling/results/2026-03-19_20h14_SEM_gaussian/graphs/CMIIC__v5_a8_g2_s3500.json,,3.3738382170000705,3.0,1.0,0.5,0.9090909090909091,0.6666666666666666,0.8333333333333334
SEM_gaussian,MIIC,"{""n_bins"": 2, ""discretization_method"": ""quantile""}",5,8,3500,2,/home/mathis/Documents/Travail/cbnsl_benchmark/scaling/../scaling/results/2026-03-19_20h14_SEM_gaussian/graphs/golden__v5_a8_g2.json,/home/mathis/Documents/Travail/cbnsl_benchmark/scaling/../scaling/results/2026-03-19_20h14_SEM_gaussian/graphs/MIIC__v5_a8_g2_s3500.json,,0.10928729299996576,4.0,1.0,0.0,0.923076923076923,0.0,1.0
SEM_gaussian,GHC+BDeu,"{""n_bins"": 2, ""discretization_method"": ""quantile""}",5,8,3500,2,/home/mathis/Documents/Travail/cbnsl_benchmark/scaling/../scaling/results/2026-03-19_20h14_SEM_gaussian/graphs/golden__v5_a8_g2.json,/home/mathis/Documents/Travail/cbnsl_benchmark/scaling/../scaling/results/2026-03-19_20h14_SEM_gaussian/graphs/GHC+BDeu__v5_a8_g2_s3500.json,,0.09401758000001337,4.0,1.0,0.0,0.923076923076923,0.0,1.0
SEM_gaussian,NOTEARS,"{""lambda1"": 0.0, ""w_threshold_notears"": 0.1}",5,8,3500,2,/home/mathis/Documents/Travail/cbnsl_benchmark/scaling/../scaling/results/2026-03-19_20h14_SEM_gaussian/graphs/golden__v5_a8_g2.json,/home/mathis/Documents/Travail/cbnsl_benchmark/scaling/../scaling/results/2026-03-19_20h14_SEM_gaussian/graphs/NOTEARS__v5_a8_g2_s3500.json,,0.8872559159999582,4.0,1.0,0.0,0.923076923076923,0.0,1.0
SEM_gaussian,NOTEARS Disc.,"{""lambda1"": 0.5, ""w_threshold_notears"": 0.1, ""n_bins"": 6, ""discretization_method"": ""quantile""}",5,8,3500,2,/home/mathis/Documents/Travail/cbnsl_benchmark/scaling/../scaling/results/2026-03-19_20h14_SEM_gaussian/graphs/golden__v5_a8_g2.json,/home/mathis/Documents/Travail/cbnsl_benchmark/scaling/../scaling/results/2026-03-19_20h14_SEM_gaussian/graphs/NOTEARS Disc.__v5_a8_g2_s3500.json,,1.3764977829999907,4.0,1.0,0.0,0.9090909090909091,0.0,0.8333333333333334
SEM_gaussian,LiNGAM,"{""threshold_lingam"": 0.01}",5,8,3500,2,/home/mathis/Documents/Travail/cbnsl_benchmark/scaling/../scaling/results/2026-03-19_20h14_SEM_gaussian/graphs/golden__v5_a8_g2.json,/home/mathis/Documents/Travail/cbnsl_benchmark/scaling/../scaling/results/2026-03-19_20h14_SEM_gaussian/graphs/LiNGAM__v5_a8_g2_s3500.json,,0.14411443499989218,0.0,0.0,0.6666666666666666,1.0,1.0,1.0
SEM_gaussian,CPC,"{""alpha"": 0.05, ""max_conditioning_set_size"": 2}",5,8,5000,2,/home/mathis/Documents/Travail/cbnsl_benchmark/scaling/../scaling/results/2026-03-19_20h14_SEM_gaussian/graphs/golden__v5_a8_g2.json,/home/mathis/Documents/Travail/cbnsl_benchmark/scaling/../scaling/results/2026-03-19_20h14_SEM_gaussian/graphs/CPC__v5_a8_g2_s5000.json,,8.097695001000034,4.0,1.0,0.6666666666666665,0.9090909090909091,0.75,0.8333333333333334
SEM_gaussian,CMIIC,"{""alpha"": 0.01}",5,8,5000,2,/home/mathis/Documents/Travail/cbnsl_benchmark/scaling/../scaling/results/2026-03-19_20h14_SEM_gaussian/graphs/golden__v5_a8_g2.json,/home/mathis/Documents/Travail/cbnsl_benchmark/scaling/../scaling/results/2026-03-19_20h14_SEM_gaussian/graphs/CMIIC__v5_a8_g2_s5000.json,,6.874253258000067,3.0,1.0,0.5,0.9090909090909091,0.6666666666666666,0.8333333333333334
SEM_gaussian,MIIC,"{""n_bins"": 2, ""discretization_method"": ""quantile""}",5,8,5000,2,/home/mathis/Documents/Travail/cbnsl_benchmark/scaling/../scaling/results/2026-03-19_20h14_SEM_gaussian/graphs/golden__v5_a8_g2.json,/home/mathis/Documents/Travail/cbnsl_benchmark/scaling/../scaling/results/2026-03-19_20h14_SEM_gaussian/graphs/MIIC__v5_a8_g2_s5000.json,,0.156912297999952,6.0,1.0,0.0,0.923076923076923,0.0,1.0
SEM_gaussian,GHC+BDeu,"{""n_bins"": 2, ""discretization_method"": ""quantile""}",5,8,5000,2,/home/mathis/Documents/Travail/cbnsl_benchmark/scaling/../scaling/results/2026-03-19_20h14_SEM_gaussian/graphs/golden__v5_a8_g2.json,/home/mathis/Documents/Travail/cbnsl_benchmark/scaling/../scaling/results/2026-03-19_20h14_SEM_gaussian/graphs/GHC+BDeu__v5_a8_g2_s5000.json,,0.1284239689999822,4.0,1.0,0.0,0.923076923076923,0.0,1.0
SEM_gaussian,NOTEARS,"{""lambda1"": 0.0, ""w_threshold_notears"": 0.1}",5,8,5000,2,/home/mathis/Documents/Travail/cbnsl_benchmark/scaling/../scaling/results/2026-03-19_20h14_SEM_gaussian/graphs/golden__v5_a8_g2.json,/home/mathis/Documents/Travail/cbnsl_benchmark/scaling/../scaling/results/2026-03-19_20h14_SEM_gaussian/graphs/NOTEARS__v5_a8_g2_s5000.json,,0.9644185659999494,4.0,1.0,0.0,0.923076923076923,0.0,1.0
SEM_gaussian,NOTEARS Disc.,"{""lambda1"": 0.5, ""w_threshold_notears"": 0.1, ""n_bins"": 6, ""discretization_method"": ""quantile""}",5,8,5000,2,/home/mathis/Documents/Travail/cbnsl_benchmark/scaling/../scaling/results/2026-03-19_20h14_SEM_gaussian/graphs/golden__v5_a8_g2.json,/home/mathis/Documents/Travail/cbnsl_benchmark/scaling/../scaling/results/2026-03-19_20h14_SEM_gaussian/graphs/NOTEARS Disc.__v5_a8_g2_s5000.json,,1.6141067779999503,4.0,1.0,0.0,0.9090909090909091,0.0,0.8333333333333334
SEM_gaussian,LiNGAM,"{""threshold_lingam"": 0.01}",5,8,5000,2,/home/mathis/Documents/Travail/cbnsl_benchmark/scaling/../scaling/results/2026-03-19_20h14_SEM_gaussian/graphs/golden__v5_a8_g2.json,/home/mathis/Documents/Travail/cbnsl_benchmark/scaling/../scaling/results/2026-03-19_20h14_SEM_gaussian/graphs/LiNGAM__v5_a8_g2_s5000.json,,0.14936505899993335,0.0,0.0,0.6666666666666666,1.0,1.0,1.0
SEM_gaussian,CPC,"{""alpha"": 0.05, ""max_conditioning_set_size"": 2}",10,15,200,0,/home/mathis/Documents/Travail/cbnsl_benchmark/scaling/../scaling/results/2026-03-19_20h14_SEM_gaussian/graphs/golden__v10_a15_g0.json,/home/mathis/Documents/Travail/cbnsl_benchmark/scaling/../scaling/results/2026-03-19_20h14_SEM_gaussian/graphs/CPC__v10_a15_g0_s200.json,,0.03856130300005134,15.0,14.0,0.0,0.33333333333333337,0.0,0.2
SEM_gaussian,CMIIC,"{""alpha"": 0.01}",10,15,200,0,/home/mathis/Documents/Travail/cbnsl_benchmark/scaling/../scaling/results/2026-03-19_20h14_SEM_gaussian/graphs/golden__v10_a15_g0.json,/home/mathis/Documents/Travail/cbnsl_benchmark/scaling/../scaling/results/2026-03-19_20h14_SEM_gaussian/graphs/CMIIC__v10_a15_g0_s200.json,,0.4382232959999328,17.0,18.0,0.47058823529411764,0.6666666666666667,0.8,0.8666666666666667
SEM_gaussian,MIIC,"{""n_bins"": 2, ""discretization_method"": ""quantile""}",10,15,200,0,/home/mathis/Documents/Travail/cbnsl_benchmark/scaling/../scaling/results/2026-03-19_20h14_SEM_gaussian/graphs/golden__v10_a15_g0.json,/home/mathis/Documents/Travail/cbnsl_benchmark/scaling/../scaling/results/2026-03-19_20h14_SEM_gaussian/graphs/MIIC__v10_a15_g0_s200.json,,0.03355685300005007,16.0,10.0,0.0,0.6923076923076923,0.0,0.6
SEM_gaussian,GHC+BDeu,"{""n_bins"": 2, ""discretization_method"": ""quantile""}",10,15,200,0,/home/mathis/Documents/Travail/cbnsl_benchmark/scaling/../scaling/results/2026-03-19_20h14_SEM_gaussian/graphs/golden__v10_a15_g0.json,/home/mathis/Documents/Travail/cbnsl_benchmark/scaling/../scaling/results/2026-03-19_20h14_SEM_gaussian/graphs/GHC+BDeu__v10_a15_g0_s200.json,,0.030796069999951214,12.0,10.0,0.380952380952381,0.6923076923076923,0.4,0.6
SEM_gaussian,NOTEARS,"{""lambda1"": 0.0, ""w_threshold_notears"": 0.1}",10,15,200,0,/home/mathis/Documents/Travail/cbnsl_benchmark/scaling/../scaling/results/2026-03-19_20h14_SEM_gaussian/graphs/golden__v10_a15_g0.json,/home/mathis/Documents/Travail/cbnsl_benchmark/scaling/../scaling/results/2026-03-19_20h14_SEM_gaussian/graphs/NOTEARS__v10_a15_g0_s200.json,,1.8177148690000422,11.0,19.0,0.6857142857142856,0.7894736842105263,1.0,1.0
SEM_gaussian,NOTEARS Disc.,"{""lambda1"": 0.5, ""w_threshold_notears"": 0.1, ""n_bins"": 6, ""discretization_method"": ""quantile""}",10,15,200,0,/home/mathis/Documents/Travail/cbnsl_benchmark/scaling/../scaling/results/2026-03-19_20h14_SEM_gaussian/graphs/golden__v10_a15_g0.json,/home/mathis/Documents/Travail/cbnsl_benchmark/scaling/../scaling/results/2026-03-19_20h14_SEM_gaussian/graphs/NOTEARS Disc.__v10_a15_g0_s200.json,,3.853317539999921,16.0,13.0,0.1111111111111111,0.7407407407407408,0.16666666666666666,0.6666666666666666
SEM_gaussian,LiNGAM,"{""threshold_lingam"": 0.01}",10,15,200,0,/home/mathis/Documents/Travail/cbnsl_benchmark/scaling/../scaling/results/2026-03-19_20h14_SEM_gaussian/graphs/golden__v10_a15_g0.json,/home/mathis/Documents/Travail/cbnsl_benchmark/scaling/../scaling/results/2026-03-19_20h14_SEM_gaussian/graphs/LiNGAM__v10_a15_g0_s200.json,,0.30422057999999197,17.0,21.0,0.43750000000000006,0.6842105263157895,0.7777777777777778,0.8666666666666667
SEM_gaussian,CPC,"{""alpha"": 0.05, ""max_conditioning_set_size"": 2}",10,15,500,0,/home/mathis/Documents/Travail/cbnsl_benchmark/scaling/../scaling/results/2026-03-19_20h14_SEM_gaussian/graphs/golden__v10_a15_g0.json,/home/mathis/Documents/Travail/cbnsl_benchmark/scaling/../scaling/results/2026-03-19_20h14_SEM_gaussian/graphs/CPC__v10_a15_g0_s500.json,,0.1912512339999921,14.0,14.0,0.0,0.5,0.0,0.3333333333333333
SEM_gaussian,CMIIC,"{""alpha"": 0.01}",10,15,500,0,/home/mathis/Documents/Travail/cbnsl_benchmark/scaling/../scaling/results/2026-03-19_20h14_SEM_gaussian/graphs/golden__v10_a15_g0.json,/home/mathis/Documents/Travail/cbnsl_benchmark/scaling/../scaling/results/2026-03-19_20h14_SEM_gaussian/graphs/CMIIC__v10_a15_g0_s500.json,,1.8598011019998921,18.0,15.0,0.3703703703703704,0.6666666666666666,0.5555555555555556,0.7333333333333333
SEM_gaussian,MIIC,"{""n_bins"": 2, ""discretization_method"": ""quantile""}",10,15,500,0,/home/mathis/Documents/Travail/cbnsl_benchmark/scaling/../scaling/results/2026-03-19_20h14_SEM_gaussian/graphs/golden__v10_a15_g0.json,/home/mathis/Documents/Travail/cbnsl_benchmark/scaling/../scaling/results/2026-03-19_20h14_SEM_gaussian/graphs/MIIC__v10_a15_g0_s500.json,,0.05385496400003831,9.0,9.0,0.6923076923076924,0.7407407407407408,0.6428571428571429,0.6666666666666666
SEM_gaussian,GHC+BDeu,"{""n_bins"": 2, ""discretization_method"": ""quantile""}",10,15,500,0,/home/mathis/Documents/Travail/cbnsl_benchmark/scaling/../scaling/results/2026-03-19_20h14_SEM_gaussian/graphs/golden__v10_a15_g0.json,/home/mathis/Documents/Travail/cbnsl_benchmark/scaling/../scaling/results/2026-03-19_20h14_SEM_gaussian/graphs/GHC+BDeu__v10_a15_g0_s500.json,,0.04775273999996443,14.0,14.0,0.34782608695652173,0.689655172413793,0.4444444444444444,0.6666666666666666
SEM_gaussian,NOTEARS,"{""lambda1"": 0.0, ""w_threshold_notears"": 0.1}",10,15,500,0,/home/mathis/Documents/Travail/cbnsl_benchmark/scaling/../scaling/results/2026-03-19_20h14_SEM_gaussian/graphs/golden__v10_a15_g0.json,/home/mathis/Documents/Travail/cbnsl_benchmark/scaling/../scaling/results/2026-03-19_20h14_SEM_gaussian/graphs/NOTEARS__v10_a15_g0_s500.json,,2.0162263849999817,0.0,0.0,0.9655172413793104,1.0,1.0,1.0
SEM_gaussian,NOTEARS Disc.,"{""lambda1"": 0.5, ""w_threshold_notears"": 0.1, ""n_bins"": 6, ""discretization_method"": ""quantile""}",10,15,500,0,/home/mathis/Documents/Travail/cbnsl_benchmark/scaling/../scaling/results/2026-03-19_20h14_SEM_gaussian/graphs/golden__v10_a15_g0.json,/home/mathis/Documents/Travail/cbnsl_benchmark/scaling/../scaling/results/2026-03-19_20h14_SEM_gaussian/graphs/NOTEARS Disc.__v10_a15_g0_s500.json,,3.2669405030000007,14.0,11.0,0.2222222222222222,0.8571428571428571,0.4,0.8
SEM_gaussian,LiNGAM,"{""threshold_lingam"": 0.01}",10,15,500,0,/home/mathis/Documents/Travail/cbnsl_benchmark/scaling/../scaling/results/2026-03-19_20h14_SEM_gaussian/graphs/golden__v10_a15_g0.json,/home/mathis/Documents/Travail/cbnsl_benchmark/scaling/../scaling/results/2026-03-19_20h14_SEM_gaussian/graphs/LiNGAM__v10_a15_g0_s500.json,,0.33310203600001387,26.0,21.0,0.07142857142857144,0.6829268292682926,0.5,0.9333333333333333
SEM_gaussian,CPC,"{""alpha"": 0.05, ""max_conditioning_set_size"": 2}",10,15,1000,0,/home/mathis/Documents/Travail/cbnsl_benchmark/scaling/../scaling/results/2026-03-19_20h14_SEM_gaussian/graphs/golden__v10_a15_g0.json,/home/mathis/Documents/Travail/cbnsl_benchmark/scaling/../scaling/results/2026-03-19_20h14_SEM_gaussian/graphs/CPC__v10_a15_g0_s1000.json,,1.0204414899999392,14.0,14.0,0.23529411764705882,0.6363636363636364,0.2,0.4666666666666667
SEM_gaussian,CMIIC,"{""alpha"": 0.01}",10,15,1000,0,/home/mathis/Documents/Travail/cbnsl_benchmark/scaling/../scaling/results/2026-03-19_20h14_SEM_gaussian/graphs/golden__v10_a15_g0.json,/home/mathis/Documents/Travail/cbnsl_benchmark/scaling/../scaling/results/2026-03-19_20h14_SEM_gaussian/graphs/CMIIC__v10_a15_g0_s1000.json,,3.9513563290000775,10.0,7.0,0.5217391304347826,0.8275862068965518,0.6666666666666666,0.8
SEM_gaussian,MIIC,"{""n_bins"": 2, ""discretization_method"": ""quantile""}",10,15,1000,0,/home/mathis/Documents/Travail/cbnsl_benchmark/scaling/../scaling/results/2026-03-19_20h14_SEM_gaussian/graphs/golden__v10_a15_g0.json,/home/mathis/Documents/Travail/cbnsl_benchmark/scaling/../scaling/results/2026-03-19_20h14_SEM_gaussian/graphs/MIIC__v10_a15_g0_s1000.json,,0.08324371300000166,11.0,9.0,0.45454545454545453,0.7407407407407408,0.5,0.6666666666666666
SEM_gaussian,GHC+BDeu,"{""n_bins"": 2, ""discretization_method"": ""quantile""}",10,15,1000,0,/home/mathis/Documents/Travail/cbnsl_benchmark/scaling/../scaling/results/2026-03-19_20h14_SEM_gaussian/graphs/golden__v10_a15_g0.json,/home/mathis/Documents/Travail/cbnsl_benchmark/scaling/../scaling/results/2026-03-19_20h14_SEM_gaussian/graphs/GHC+BDeu__v10_a15_g0_s1000.json,,0.06813243700003113,18.0,15.0,0.0,0.7741935483870969,0.0,0.8
SEM_gaussian,NOTEARS,"{""lambda1"": 0.0, ""w_threshold_notears"": 0.1}",10,15,1000,0,/home/mathis/Documents/Travail/cbnsl_benchmark/scaling/../scaling/results/2026-03-19_20h14_SEM_gaussian/graphs/golden__v10_a15_g0.json,/home/mathis/Documents/Travail/cbnsl_benchmark/scaling/../scaling/results/2026-03-19_20h14_SEM_gaussian/graphs/NOTEARS__v10_a15_g0_s1000.json,,2.4751032190000615,0.0,0.0,0.9655172413793104,1.0,1.0,1.0
SEM_gaussian,NOTEARS Disc.,"{""lambda1"": 0.5, ""w_threshold_notears"": 0.1, ""n_bins"": 6, ""discretization_method"": ""quantile""}",10,15,1000,0,/home/mathis/Documents/Travail/cbnsl_benchmark/scaling/../scaling/results/2026-03-19_20h14_SEM_gaussian/graphs/golden__v10_a15_g0.json,/home/mathis/Documents/Travail/cbnsl_benchmark/scaling/../scaling/results/2026-03-19_20h14_SEM_gaussian/graphs/NOTEARS Disc.__v10_a15_g0_s1000.json,,2.2673231019999776,16.0,9.0,0.0,0.8148148148148148,0.0,0.7333333333333333
SEM_gaussian,LiNGAM,"{""threshold_lingam"": 0.01}",10,15,1000,0,/home/mathis/Documents/Travail/cbnsl_benchmark/scaling/../scaling/results/2026-03-19_20h14_SEM_gaussian/graphs/golden__v10_a15_g0.json,/home/mathis/Documents/Travail/cbnsl_benchmark/scaling/../scaling/results/2026-03-19_20h14_SEM_gaussian/graphs/LiNGAM__v10_a15_g0_s1000.json,,0.3735293619999993,23.0,27.0,0.34285714285714286,0.6511627906976745,0.8571428571428571,0.9333333333333333
SEM_gaussian,CPC,"{""alpha"": 0.05, ""max_conditioning_set_size"": 2}",10,15,2000,0,/home/mathis/Documents/Travail/cbnsl_benchmark/scaling/../scaling/results/2026-03-19_20h14_SEM_gaussian/graphs/golden__v10_a15_g0.json,/home/mathis/Documents/Travail/cbnsl_benchmark/scaling/../scaling/results/2026-03-19_20h14_SEM_gaussian/graphs/CPC__v10_a15_g0_s2000.json,,4.604929315000049,9.0,13.0,0.6153846153846153,0.8000000000000002,0.7272727272727273,0.8
SEM_gaussian,CMIIC,"{""alpha"": 0.01}",10,15,2000,0,/home/mathis/Documents/Travail/cbnsl_benchmark/scaling/../scaling/results/2026-03-19_20h14_SEM_gaussian/graphs/golden__v10_a15_g0.json,/home/mathis/Documents/Travail/cbnsl_benchmark/scaling/../scaling/results/2026-03-19_20h14_SEM_gaussian/graphs/CMIIC__v10_a15_g0_s2000.json,,11.801568982999925,7.0,12.0,0.6666666666666667,0.8571428571428571,0.7272727272727273,0.8
SEM_gaussian,MIIC,"{""n_bins"": 2, ""discretization_method"": ""quantile""}",10,15,2000,0,/home/mathis/Documents/Travail/cbnsl_benchmark/scaling/../scaling/results/2026-03-19_20h14_SEM_gaussian/graphs/golden__v10_a15_g0.json,/home/mathis/Documents/Travail/cbnsl_benchmark/scaling/../scaling/results/2026-03-19_20h14_SEM_gaussian/graphs/MIIC__v10_a15_g0_s2000.json,,0.19251988099995287,13.0,14.0,0.48,0.7333333333333333,0.6,0.7333333333333333
SEM_gaussian,GHC+BDeu,"{""n_bins"": 2, ""discretization_method"": ""quantile""}",10,15,2000,0,/home/mathis/Documents/Travail/cbnsl_benchmark/scaling/../scaling/results/2026-03-19_20h14_SEM_gaussian/graphs/golden__v10_a15_g0.json,/home/mathis/Documents/Travail/cbnsl_benchmark/scaling/../scaling/results/2026-03-19_20h14_SEM_gaussian/graphs/GHC+BDeu__v10_a15_g0_s2000.json,,0.12442039400002614,20.0,20.0,0.16666666666666666,0.6666666666666666,0.3333333333333333,0.7333333333333333
SEM_gaussian,NOTEARS,"{""lambda1"": 0.0, ""w_threshold_notears"": 0.1}",10,15,2000,0,/home/mathis/Documents/Travail/cbnsl_benchmark/scaling/../scaling/results/2026-03-19_20h14_SEM_gaussian/graphs/golden__v10_a15_g0.json,/home/mathis/Documents/Travail/cbnsl_benchmark/scaling/../scaling/results/2026-03-19_20h14_SEM_gaussian/graphs/NOTEARS__v10_a15_g0_s2000.json,,2.9398101390000875,0.0,0.0,0.9655172413793104,1.0,1.0,1.0
SEM_gaussian,NOTEARS Disc.,"{""lambda1"": 0.5, ""w_threshold_notears"": 0.1, ""n_bins"": 6, ""discretization_method"": ""quantile""}",10,15,2000,0,/home/mathis/Documents/Travail/cbnsl_benchmark/scaling/../scaling/results/2026-03-19_20h14_SEM_gaussian/graphs/golden__v10_a15_g0.json,/home/mathis/Documents/Travail/cbnsl_benchmark/scaling/../scaling/results/2026-03-19_20h14_SEM_gaussian/graphs/NOTEARS Disc.__v10_a15_g0_s2000.json,,9.397356900999966,15.0,9.0,0.11764705882352941,0.8148148148148148,0.2,0.7333333333333333
SEM_gaussian,LiNGAM,"{""threshold_lingam"": 0.01}",10,15,2000,0,/home/mathis/Documents/Travail/cbnsl_benchmark/scaling/../scaling/results/2026-03-19_20h14_SEM_gaussian/graphs/golden__v10_a15_g0.json,/home/mathis/Documents/Travail/cbnsl_benchmark/scaling/../scaling/results/2026-03-19_20h14_SEM_gaussian/graphs/LiNGAM__v10_a15_g0_s2000.json,,0.4505248059999758,18.0,18.0,0.42424242424242425,0.7317073170731707,1.0,1.0
SEM_gaussian,CPC,"{""alpha"": 0.05, ""max_conditioning_set_size"": 2}",10,15,3500,0,/home/mathis/Documents/Travail/cbnsl_benchmark/scaling/../scaling/results/2026-03-19_20h14_SEM_gaussian/graphs/golden__v10_a15_g0.json,/home/mathis/Documents/Travail/cbnsl_benchmark/scaling/../scaling/results/2026-03-19_20h14_SEM_gaussian/graphs/CPC__v10_a15_g0_s3500.json,,14.581072489999997,14.0,13.0,0.43478260869565216,0.8000000000000002,0.625,0.8
SEM_gaussian,CMIIC,"{""alpha"": 0.01}",10,15,3500,0,/home/mathis/Documents/Travail/cbnsl_benchmark/scaling/../scaling/results/2026-03-19_20h14_SEM_gaussian/graphs/golden__v10_a15_g0.json,/home/mathis/Documents/Travail/cbnsl_benchmark/scaling/../scaling/results/2026-03-19_20h14_SEM_gaussian/graphs/CMIIC__v10_a15_g0_s3500.json,,33.22660567599996,7.0,12.0,0.6666666666666667,0.8571428571428571,0.7272727272727273,0.8
SEM_gaussian,MIIC,"{""n_bins"": 2, ""discretization_method"": ""quantile""}",10,15,3500,0,/home/mathis/Documents/Travail/cbnsl_benchmark/scaling/../scaling/results/2026-03-19_20h14_SEM_gaussian/graphs/golden__v10_a15_g0.json,/home/mathis/Documents/Travail/cbnsl_benchmark/scaling/../scaling/results/2026-03-19_20h14_SEM_gaussian/graphs/MIIC__v10_a15_g0_s3500.json,,0.3494846080000116,10.0,12.0,0.6206896551724139,0.7500000000000001,0.75,0.8
SEM_gaussian,GHC+BDeu,"{""n_bins"": 2, ""discretization_method"": ""quantile""}",10,15,3500,0,/home/mathis/Documents/Travail/cbnsl_benchmark/scaling/../scaling/results/2026-03-19_20h14_SEM_gaussian/graphs/golden__v10_a15_g0.json,/home/mathis/Documents/Travail/cbnsl_benchmark/scaling/../scaling/results/2026-03-19_20h14_SEM_gaussian/graphs/GHC+BDeu__v10_a15_g0_s3500.json,,0.19903758700002072,13.0,14.0,0.3636363636363636,0.8749999999999999,0.8,0.9333333333333333
SEM_gaussian,NOTEARS,"{""lambda1"": 0.0, ""w_threshold_notears"": 0.1}",10,15,3500,0,/home/mathis/Documents/Travail/cbnsl_benchmark/scaling/../scaling/results/2026-03-19_20h14_SEM_gaussian/graphs/golden__v10_a15_g0.json,/home/mathis/Documents/Travail/cbnsl_benchmark/scaling/../scaling/results/2026-03-19_20h14_SEM_gaussian/graphs/NOTEARS__v10_a15_g0_s3500.json,,4.104988908999985,0.0,0.0,0.9655172413793104,1.0,1.0,1.0
SEM_gaussian,NOTEARS Disc.,"{""lambda1"": 0.5, ""w_threshold_notears"": 0.1, ""n_bins"": 6, ""discretization_method"": ""quantile""}",10,15,3500,0,/home/mathis/Documents/Travail/cbnsl_benchmark/scaling/../scaling/results/2026-03-19_20h14_SEM_gaussian/graphs/golden__v10_a15_g0.json,/home/mathis/Documents/Travail/cbnsl_benchmark/scaling/../scaling/results/2026-03-19_20h14_SEM_gaussian/graphs/NOTEARS Disc.__v10_a15_g0_s3500.json,,13.489205240000047,13.0,10.0,0.1111111111111111,0.7407407407407408,0.16666666666666666,0.6666666666666666
SEM_gaussian,LiNGAM,"{""threshold_lingam"": 0.01}",10,15,3500,0,/home/mathis/Documents/Travail/cbnsl_benchmark/scaling/../scaling/results/2026-03-19_20h14_SEM_gaussian/graphs/golden__v10_a15_g0.json,/home/mathis/Documents/Travail/cbnsl_benchmark/scaling/../scaling/results/2026-03-19_20h14_SEM_gaussian/graphs/LiNGAM__v10_a15_g0_s3500.json,[pyAgrum] Partially directed cycle detected: Add a partial directed cycle in a PDAG : between 1 and 0,,,,,,,
SEM_gaussian,CPC,"{""alpha"": 0.05, ""max_conditioning_set_size"": 2}",10,15,5000,0,/home/mathis/Documents/Travail/cbnsl_benchmark/scaling/../scaling/results/2026-03-19_20h14_SEM_gaussian/graphs/golden__v10_a15_g0.json,/home/mathis/Documents/Travail/cbnsl_benchmark/scaling/../scaling/results/2026-03-19_20h14_SEM_gaussian/graphs/CPC__v10_a15_g0_s5000.json,,30.443009067999924,18.0,12.0,0.2608695652173913,0.7500000000000001,0.5,0.8
SEM_gaussian,CMIIC,"{""alpha"": 0.01}",10,15,5000,0,/home/mathis/Documents/Travail/cbnsl_benchmark/scaling/../scaling/results/2026-03-19_20h14_SEM_gaussian/graphs/golden__v10_a15_g0.json,/home/mathis/Documents/Travail/cbnsl_benchmark/scaling/../scaling/results/2026-03-19_20h14_SEM_gaussian/graphs/CMIIC__v10_a15_g0_s5000.json,,73.83330209799999,9.0,12.0,0.5454545454545455,0.8571428571428571,0.6666666666666666,0.8
SEM_gaussian,MIIC,"{""n_bins"": 2, ""discretization_method"": ""quantile""}",10,15,5000,0,/home/mathis/Documents/Travail/cbnsl_benchmark/scaling/../scaling/results/2026-03-19_20h14_SEM_gaussian/graphs/golden__v10_a15_g0.json,/home/mathis/Documents/Travail/cbnsl_benchmark/scaling/../scaling/results/2026-03-19_20h14_SEM_gaussian/graphs/MIIC__v10_a15_g0_s5000.json,,0.48307803900002,10.0,15.0,0.6206896551724139,0.7500000000000001,0.75,0.8
SEM_gaussian,GHC+BDeu,"{""n_bins"": 2, ""discretization_method"": ""quantile""}",10,15,5000,0,/home/mathis/Documents/Travail/cbnsl_benchmark/scaling/../scaling/results/2026-03-19_20h14_SEM_gaussian/graphs/golden__v10_a15_g0.json,/home/mathis/Documents/Travail/cbnsl_benchmark/scaling/../scaling/results/2026-03-19_20h14_SEM_gaussian/graphs/GHC+BDeu__v10_a15_g0_s5000.json,,0.3130389909999849,20.0,22.0,0.16,0.7567567567567568,0.6666666666666666,0.9333333333333333
SEM_gaussian,NOTEARS,"{""lambda1"": 0.0, ""w_threshold_notears"": 0.1}",10,15,5000,0,/home/mathis/Documents/Travail/cbnsl_benchmark/scaling/../scaling/results/2026-03-19_20h14_SEM_gaussian/graphs/golden__v10_a15_g0.json,/home/mathis/Documents/Travail/cbnsl_benchmark/scaling/../scaling/results/2026-03-19_20h14_SEM_gaussian/graphs/NOTEARS__v10_a15_g0_s5000.json,,5.660648526000045,0.0,0.0,0.9655172413793104,1.0,1.0,1.0
SEM_gaussian,NOTEARS Disc.,"{""lambda1"": 0.5, ""w_threshold_notears"": 0.1, ""n_bins"": 6, ""discretization_method"": ""quantile""}",10,15,5000,0,/home/mathis/Documents/Travail/cbnsl_benchmark/scaling/../scaling/results/2026-03-19_20h14_SEM_gaussian/graphs/golden__v10_a15_g0.json,/home/mathis/Documents/Travail/cbnsl_benchmark/scaling/../scaling/results/2026-03-19_20h14_SEM_gaussian/graphs/NOTEARS Disc.__v10_a15_g0_s5000.json,,14.345802302000038,16.0,14.0,0.0,0.7200000000000001,0.0,0.6
SEM_gaussian,LiNGAM,"{""threshold_lingam"": 0.01}",10,15,5000,0,/home/mathis/Documents/Travail/cbnsl_benchmark/scaling/../scaling/results/2026-03-19_20h14_SEM_gaussian/graphs/golden__v10_a15_g0.json,/home/mathis/Documents/Travail/cbnsl_benchmark/scaling/../scaling/results/2026-03-19_20h14_SEM_gaussian/graphs/LiNGAM__v10_a15_g0_s5000.json,,0.6849831409999751,29.0,28.0,0.2631578947368421,0.625,1.0,1.0
SEM_gaussian,CPC,"{""alpha"": 0.05, ""max_conditioning_set_size"": 2}",10,15,200,1,/home/mathis/Documents/Travail/cbnsl_benchmark/scaling/../scaling/results/2026-03-19_20h14_SEM_gaussian/graphs/golden__v10_a15_g1.json,/home/mathis/Documents/Travail/cbnsl_benchmark/scaling/../scaling/results/2026-03-19_20h14_SEM_gaussian/graphs/CPC__v10_a15_g1_s200.json,,0.021092843000019457,12.0,10.0,0.25,0.782608695652174,0.2857142857142857,0.6428571428571429
SEM_gaussian,CMIIC,"{""alpha"": 0.01}",10,15,200,1,/home/mathis/Documents/Travail/cbnsl_benchmark/scaling/../scaling/results/2026-03-19_20h14_SEM_gaussian/graphs/golden__v10_a15_g1.json,/home/mathis/Documents/Travail/cbnsl_benchmark/scaling/../scaling/results/2026-03-19_20h14_SEM_gaussian/graphs/CMIIC__v10_a15_g1_s200.json,,0.3801078060000691,19.0,23.0,0.375,0.6666666666666666,0.8571428571428571,0.9285714285714286
SEM_gaussian,MIIC,"{""n_bins"": 2, ""discretization_method"": ""quantile""}",10,15,200,1,/home/mathis/Documents/Travail/cbnsl_benchmark/scaling/../scaling/results/2026-03-19_20h14_SEM_gaussian/graphs/golden__v10_a15_g1.json,/home/mathis/Documents/Travail/cbnsl_benchmark/scaling/../scaling/results/2026-03-19_20h14_SEM_gaussian/graphs/MIIC__v10_a15_g1_s200.json,,0.031926590000011856,6.0,7.0,0.6666666666666666,0.8333333333333333,0.6363636363636364,0.7142857142857143
SEM_gaussian,GHC+BDeu,"{""n_bins"": 2, ""discretization_method"": ""quantile""}",10,15,200,1,/home/mathis/Documents/Travail/cbnsl_benchmark/scaling/../scaling/results/2026-03-19_20h14_SEM_gaussian/graphs/golden__v10_a15_g1.json,/home/mathis/Documents/Travail/cbnsl_benchmark/scaling/../scaling/results/2026-03-19_20h14_SEM_gaussian/graphs/GHC+BDeu__v10_a15_g1_s200.json,,0.03037281499996425,15.0,12.0,0.0,0.7200000000000001,0.0,0.6428571428571429
SEM_gaussian,NOTEARS,"{""lambda1"": 0.0, ""w_threshold_notears"": 0.1}",10,15,200,1,/home/mathis/Documents/Travail/cbnsl_benchmark/scaling/../scaling/results/2026-03-19_20h14_SEM_gaussian/graphs/golden__v10_a15_g1.json,/home/mathis/Documents/Travail/cbnsl_benchmark/scaling/../scaling/results/2026-03-19_20h14_SEM_gaussian/graphs/NOTEARS__v10_a15_g1_s200.json,,1.758953191000046,8.0,20.0,0.8,0.8,1.0,1.0
SEM_gaussian,NOTEARS Disc.,"{""lambda1"": 0.5, ""w_threshold_notears"": 0.1, ""n_bins"": 6, ""discretization_method"": ""quantile""}",10,15,200,1,/home/mathis/Documents/Travail/cbnsl_benchmark/scaling/../scaling/results/2026-03-19_20h14_SEM_gaussian/graphs/golden__v10_a15_g1.json,/home/mathis/Documents/Travail/cbnsl_benchmark/scaling/../scaling/results/2026-03-19_20h14_SEM_gaussian/graphs/NOTEARS Disc.__v10_a15_g1_s200.json,,1.011467823000089,13.0,10.0,0.0,0.8333333333333333,0.0,0.7142857142857143
SEM_gaussian,LiNGAM,"{""threshold_lingam"": 0.01}",10,15,200,1,/home/mathis/Documents/Travail/cbnsl_benchmark/scaling/../scaling/results/2026-03-19_20h14_SEM_gaussian/graphs/golden__v10_a15_g1.json,/home/mathis/Documents/Travail/cbnsl_benchmark/scaling/../scaling/results/2026-03-19_20h14_SEM_gaussian/graphs/LiNGAM__v10_a15_g1_s200.json,,0.30700299299996914,18.0,24.0,0.3448275862068966,0.7027027027027025,0.8333333333333334,0.9285714285714286
SEM_gaussian,CPC,"{""alpha"": 0.05, ""max_conditioning_set_size"": 2}",10,15,500,1,/home/mathis/Documents/Travail/cbnsl_benchmark/scaling/../scaling/results/2026-03-19_20h14_SEM_gaussian/graphs/golden__v10_a15_g1.json,/home/mathis/Documents/Travail/cbnsl_benchmark/scaling/../scaling/results/2026-03-19_20h14_SEM_gaussian/graphs/CPC__v10_a15_g1_s500.json,,0.13942680399998153,11.0,10.0,0.25,0.6,0.2,0.42857142857142855
SEM_gaussian,CMIIC,"{""alpha"": 0.01}",10,15,500,1,/home/mathis/Documents/Travail/cbnsl_benchmark/scaling/../scaling/results/2026-03-19_20h14_SEM_gaussian/graphs/golden__v10_a15_g1.json,/home/mathis/Documents/Travail/cbnsl_benchmark/scaling/../scaling/results/2026-03-19_20h14_SEM_gaussian/graphs/CMIIC__v10_a15_g1_s500.json,,1.4804470020000053,12.0,17.0,0.5185185185185185,0.75,0.7777777777777778,0.8571428571428571
SEM_gaussian,MIIC,"{""n_bins"": 2, ""discretization_method"": ""quantile""}",10,15,500,1,/home/mathis/Documents/Travail/cbnsl_benchmark/scaling/../scaling/results/2026-03-19_20h14_SEM_gaussian/graphs/golden__v10_a15_g1.json,/home/mathis/Documents/Travail/cbnsl_benchmark/scaling/../scaling/results/2026-03-19_20h14_SEM_gaussian/graphs/MIIC__v10_a15_g1_s500.json,,0.053175714999952106,7.0,8.0,0.7272727272727273,0.88,0.7272727272727273,0.7857142857142857
SEM_gaussian,GHC+BDeu,"{""n_bins"": 2, ""discretization_method"": ""quantile""}",10,15,500,1,/home/mathis/Documents/Travail/cbnsl_benchmark/scaling/../scaling/results/2026-03-19_20h14_SEM_gaussian/graphs/golden__v10_a15_g1.json,/home/mathis/Documents/Travail/cbnsl_benchmark/scaling/../scaling/results/2026-03-19_20h14_SEM_gaussian/graphs/GHC+BDeu__v10_a15_g1_s500.json,,0.04676551699992615,12.0,9.0,0.23529411764705882,0.8461538461538461,0.4,0.7857142857142857
SEM_gaussian,NOTEARS,"{""lambda1"": 0.0, ""w_threshold_notears"": 0.1}",10,15,500,1,/home/mathis/Documents/Travail/cbnsl_benchmark/scaling/../scaling/results/2026-03-19_20h14_SEM_gaussian/graphs/golden__v10_a15_g1.json,/home/mathis/Documents/Travail/cbnsl_benchmark/scaling/../scaling/results/2026-03-19_20h14_SEM_gaussian/graphs/NOTEARS__v10_a15_g1_s500.json,,2.0047984670000005,2.0,7.0,0.896551724137931,0.9333333333333333,1.0,1.0
SEM_gaussian,NOTEARS Disc.,"{""lambda1"": 0.5, ""w_threshold_notears"": 0.1, ""n_bins"": 6, ""discretization_method"": ""quantile""}",10,15,500,1,/home/mathis/Documents/Travail/cbnsl_benchmark/scaling/../scaling/results/2026-03-19_20h14_SEM_gaussian/graphs/golden__v10_a15_g1.json,/home/mathis/Documents/Travail/cbnsl_benchmark/scaling/../scaling/results/2026-03-19_20h14_SEM_gaussian/graphs/NOTEARS Disc.__v10_a15_g1_s500.json,,1.3470001770000408,9.0,7.0,0.4444444444444445,0.8333333333333333,0.5,0.7142857142857143
SEM_gaussian,LiNGAM,"{""threshold_lingam"": 0.01}",10,15,500,1,/home/mathis/Documents/Travail/cbnsl_benchmark/scaling/../scaling/results/2026-03-19_20h14_SEM_gaussian/graphs/golden__v10_a15_g1.json,/home/mathis/Documents/Travail/cbnsl_benchmark/scaling/../scaling/results/2026-03-19_20h14_SEM_gaussian/graphs/LiNGAM__v10_a15_g1_s500.json,,0.3473050100000137,16.0,18.0,0.32,0.8,1.0,1.0
SEM_gaussian,CPC,"{""alpha"": 0.05, ""max_conditioning_set_size"": 2}",10,15,1000,1,/home/mathis/Documents/Travail/cbnsl_benchmark/scaling/../scaling/results/2026-03-19_20h14_SEM_gaussian/graphs/golden__v10_a15_g1.json,/home/mathis/Documents/Travail/cbnsl_benchmark/scaling/../scaling/results/2026-03-19_20h14_SEM_gaussian/graphs/CPC__v10_a15_g1_s1000.json,,0.7689176910000697,12.0,10.0,0.13333333333333333,0.7272727272727273,0.14285714285714285,0.5714285714285714
SEM_gaussian,CMIIC,"{""alpha"": 0.01}",10,15,1000,1,/home/mathis/Documents/Travail/cbnsl_benchmark/scaling/../scaling/results/2026-03-19_20h14_SEM_gaussian/graphs/golden__v10_a15_g1.json,/home/mathis/Documents/Travail/cbnsl_benchmark/scaling/../scaling/results/2026-03-19_20h14_SEM_gaussian/graphs/CMIIC__v10_a15_g1_s1000.json,,5.521758506999959,9.0,15.0,0.6153846153846154,0.7999999999999999,0.8,0.8571428571428571
SEM_gaussian,MIIC,"{""n_bins"": 2, ""discretization_method"": ""quantile""}",10,15,1000,1,/home/mathis/Documents/Travail/cbnsl_benchmark/scaling/../scaling/results/2026-03-19_20h14_SEM_gaussian/graphs/golden__v10_a15_g1.json,/home/mathis/Documents/Travail/cbnsl_benchmark/scaling/../scaling/results/2026-03-19_20h14_SEM_gaussian/graphs/MIIC__v10_a15_g1_s1000.json,,0.08738421500004279,7.0,7.0,0.6,0.88,0.6666666666666666,0.7857142857142857
SEM_gaussian,GHC+BDeu,"{""n_bins"": 2, ""discretization_method"": ""quantile""}",10,15,1000,1,/home/mathis/Documents/Travail/cbnsl_benchmark/scaling/../scaling/results/2026-03-19_20h14_SEM_gaussian/graphs/golden__v10_a15_g1.json,/home/mathis/Documents/Travail/cbnsl_benchmark/scaling/../scaling/results/2026-03-19_20h14_SEM_gaussian/graphs/GHC+BDeu__v10_a15_g1_s1000.json,,0.06440209799995955,12.0,9.0,0.23529411764705882,0.8461538461538461,0.4,0.7857142857142857
SEM_gaussian,NOTEARS,"{""lambda1"": 0.0, ""w_threshold_notears"": 0.1}",10,15,1000,1,/home/mathis/Documents/Travail/cbnsl_benchmark/scaling/../scaling/results/2026-03-19_20h14_SEM_gaussian/graphs/golden__v10_a15_g1.json,/home/mathis/Documents/Travail/cbnsl_benchmark/scaling/../scaling/results/2026-03-19_20h14_SEM_gaussian/graphs/NOTEARS__v10_a15_g1_s1000.json,,2.6063270560000547,0.0,0.0,0.962962962962963,1.0,1.0,1.0
SEM_gaussian,NOTEARS Disc.,"{""lambda1"": 0.5, ""w_threshold_notears"": 0.1, ""n_bins"": 6, ""discretization_method"": ""quantile""}",10,15,1000,1,/home/mathis/Documents/Travail/cbnsl_benchmark/scaling/../scaling/results/2026-03-19_20h14_SEM_gaussian/graphs/golden__v10_a15_g1.json,/home/mathis/Documents/Travail/cbnsl_benchmark/scaling/../scaling/results/2026-03-19_20h14_SEM_gaussian/graphs/NOTEARS Disc.__v10_a15_g1_s1000.json,,1.9873291289999315,8.0,7.0,0.5263157894736842,0.8333333333333333,0.5555555555555556,0.7142857142857143
SEM_gaussian,LiNGAM,"{""threshold_lingam"": 0.01}",10,15,1000,1,/home/mathis/Documents/Travail/cbnsl_benchmark/scaling/../scaling/results/2026-03-19_20h14_SEM_gaussian/graphs/golden__v10_a15_g1.json,/home/mathis/Documents/Travail/cbnsl_benchmark/scaling/../scaling/results/2026-03-19_20h14_SEM_gaussian/graphs/LiNGAM__v10_a15_g1_s1000.json,,0.4006037390000756,19.0,19.0,0.23076923076923078,0.7567567567567568,1.0,1.0
SEM_gaussian,CPC,"{""alpha"": 0.05, ""max_conditioning_set_size"": 2}",10,15,2000,1,/home/mathis/Documents/Travail/cbnsl_benchmark/scaling/../scaling/results/2026-03-19_20h14_SEM_gaussian/graphs/golden__v10_a15_g1.json,/home/mathis/Documents/Travail/cbnsl_benchmark/scaling/../scaling/results/2026-03-19_20h14_SEM_gaussian/graphs/CPC__v10_a15_g1_s2000.json,,3.53488834999996,8.0,7.0,0.5263157894736842,0.88,0.625,0.7857142857142857
SEM_gaussian,CMIIC,"{""alpha"": 0.01}",10,15,2000,1,/home/mathis/Documents/Travail/cbnsl_benchmark/scaling/../scaling/results/2026-03-19_20h14_SEM_gaussian/graphs/golden__v10_a15_g1.json,/home/mathis/Documents/Travail/cbnsl_benchmark/scaling/../scaling/results/2026-03-19_20h14_SEM_gaussian/graphs/CMIIC__v10_a15_g1_s2000.json,,11.490137139000012,6.0,11.0,0.8,0.888888888888889,0.8333333333333334,0.8571428571428571
SEM_gaussian,MIIC,"{""n_bins"": 2, ""discretization_method"": ""quantile""}",10,15,2000,1,/home/mathis/Documents/Travail/cbnsl_benchmark/scaling/../scaling/results/2026-03-19_20h14_SEM_gaussian/graphs/golden__v10_a15_g1.json,/home/mathis/Documents/Travail/cbnsl_benchmark/scaling/../scaling/results/2026-03-19_20h14_SEM_gaussian/graphs/MIIC__v10_a15_g1_s2000.json,,0.1647041229999786,7.0,7.0,0.6,0.88,0.6666666666666666,0.7857142857142857
SEM_gaussian,GHC+BDeu,"{""n_bins"": 2, ""discretization_method"": ""quantile""}",10,15,2000,1,/home/mathis/Documents/Travail/cbnsl_benchmark/scaling/../scaling/results/2026-03-19_20h14_SEM_gaussian/graphs/golden__v10_a15_g1.json,/home/mathis/Documents/Travail/cbnsl_benchmark/scaling/../scaling/results/2026-03-19_20h14_SEM_gaussian/graphs/GHC+BDeu__v10_a15_g1_s2000.json,,0.12370581900006528,13.0,14.0,0.3,0.7857142857142857,0.5,0.7857142857142857
SEM_gaussian,NOTEARS,"{""lambda1"": 0.0, ""w_threshold_notears"": 0.1}",10,15,2000,1,/home/mathis/Documents/Travail/cbnsl_benchmark/scaling/../scaling/results/2026-03-19_20h14_SEM_gaussian/graphs/golden__v10_a15_g1.json,/home/mathis/Documents/Travail/cbnsl_benchmark/scaling/../scaling/results/2026-03-19_20h14_SEM_gaussian/graphs/NOTEARS__v10_a15_g1_s2000.json,,3.633236057999966,0.0,0.0,0.962962962962963,1.0,1.0,1.0
SEM_gaussian,NOTEARS Disc.,"{""lambda1"": 0.5, ""w_threshold_notears"": 0.1, ""n_bins"": 6, ""discretization_method"": ""quantile""}",10,15,2000,1,/home/mathis/Documents/Travail/cbnsl_benchmark/scaling/../scaling/results/2026-03-19_20h14_SEM_gaussian/graphs/golden__v10_a15_g1.json,/home/mathis/Documents/Travail/cbnsl_benchmark/scaling/../scaling/results/2026-03-19_20h14_SEM_gaussian/graphs/NOTEARS Disc.__v10_a15_g1_s2000.json,,2.935170900000003,8.0,7.0,0.5263157894736842,0.8333333333333333,0.5555555555555556,0.7142857142857143
SEM_gaussian,LiNGAM,"{""threshold_lingam"": 0.01}",10,15,2000,1,/home/mathis/Documents/Travail/cbnsl_benchmark/scaling/../scaling/results/2026-03-19_20h14_SEM_gaussian/graphs/golden__v10_a15_g1.json,/home/mathis/Documents/Travail/cbnsl_benchmark/scaling/../scaling/results/2026-03-19_20h14_SEM_gaussian/graphs/LiNGAM__v10_a15_g1_s2000.json,,0.47082542500004365,19.0,16.0,0.4,0.7368421052631579,1.0,1.0
SEM_gaussian,CPC,"{""alpha"": 0.05, ""max_conditioning_set_size"": 2}",10,15,3500,1,/home/mathis/Documents/Travail/cbnsl_benchmark/scaling/../scaling/results/2026-03-19_20h14_SEM_gaussian/graphs/golden__v10_a15_g1.json,/home/mathis/Documents/Travail/cbnsl_benchmark/scaling/../scaling/results/2026-03-19_20h14_SEM_gaussian/graphs/CPC__v10_a15_g1_s3500.json,,12.156805134000024,12.0,11.0,0.3529411764705882,0.88,0.5,0.7857142857142857
SEM_gaussian,CMIIC,"{""alpha"": 0.01}",10,15,3500,1,/home/mathis/Documents/Travail/cbnsl_benchmark/scaling/../scaling/results/2026-03-19_20h14_SEM_gaussian/graphs/golden__v10_a15_g1.json,/home/mathis/Documents/Travail/cbnsl_benchmark/scaling/../scaling/results/2026-03-19_20h14_SEM_gaussian/graphs/CMIIC__v10_a15_g1_s3500.json,,23.072127489999957,4.0,10.0,0.7826086956521738,0.923076923076923,0.8181818181818182,0.8571428571428571
SEM_gaussian,MIIC,"{""n_bins"": 2, ""discretization_method"": ""quantile""}",10,15,3500,1,/home/mathis/Documents/Travail/cbnsl_benchmark/scaling/../scaling/results/2026-03-19_20h14_SEM_gaussian/graphs/golden__v10_a15_g1.json,/home/mathis/Documents/Travail/cbnsl_benchmark/scaling/../scaling/results/2026-03-19_20h14_SEM_gaussian/graphs/MIIC__v10_a15_g1_s3500.json,,0.3564386329999252,7.0,14.0,0.6923076923076923,0.8275862068965518,0.8181818181818182,0.8571428571428571
SEM_gaussian,GHC+BDeu,"{""n_bins"": 2, ""discretization_method"": ""quantile""}",10,15,3500,1,/home/mathis/Documents/Travail/cbnsl_benchmark/scaling/../scaling/results/2026-03-19_20h14_SEM_gaussian/graphs/golden__v10_a15_g1.json,/home/mathis/Documents/Travail/cbnsl_benchmark/scaling/../scaling/results/2026-03-19_20h14_SEM_gaussian/graphs/GHC+BDeu__v10_a15_g1_s3500.json,,0.21320345399999496,15.0,16.0,0.2727272727272727,0.7333333333333334,0.5,0.7857142857142857
SEM_gaussian,NOTEARS,"{""lambda1"": 0.0, ""w_threshold_notears"": 0.1}",10,15,3500,1,/home/mathis/Documents/Travail/cbnsl_benchmark/scaling/../scaling/results/2026-03-19_20h14_SEM_gaussian/graphs/golden__v10_a15_g1.json,/home/mathis/Documents/Travail/cbnsl_benchmark/scaling/../scaling/results/2026-03-19_20h14_SEM_gaussian/graphs/NOTEARS__v10_a15_g1_s3500.json,,5.315269137000087,0.0,0.0,0.962962962962963,1.0,1.0,1.0
SEM_gaussian,NOTEARS Disc.,"{""lambda1"": 0.5, ""w_threshold_notears"": 0.1, ""n_bins"": 6, ""discretization_method"": ""quantile""}",10,15,3500,1,/home/mathis/Documents/Travail/cbnsl_benchmark/scaling/../scaling/results/2026-03-19_20h14_SEM_gaussian/graphs/golden__v10_a15_g1.json,/home/mathis/Documents/Travail/cbnsl_benchmark/scaling/../scaling/results/2026-03-19_20h14_SEM_gaussian/graphs/NOTEARS Disc.__v10_a15_g1_s3500.json,,4.224808941000219,9.0,7.0,0.4444444444444445,0.8333333333333333,0.5,0.7142857142857143
SEM_gaussian,LiNGAM,"{""threshold_lingam"": 0.01}",10,15,3500,1,/home/mathis/Documents/Travail/cbnsl_benchmark/scaling/../scaling/results/2026-03-19_20h14_SEM_gaussian/graphs/golden__v10_a15_g1.json,/home/mathis/Documents/Travail/cbnsl_benchmark/scaling/../scaling/results/2026-03-19_20h14_SEM_gaussian/graphs/LiNGAM__v10_a15_g1_s3500.json,[pyAgrum] Partially directed cycle detected: Add a partial directed cycle in a PDAG : between 7 and 2,,,,,,,
SEM_gaussian,CPC,"{""alpha"": 0.05, ""max_conditioning_set_size"": 2}",10,15,5000,1,/home/mathis/Documents/Travail/cbnsl_benchmark/scaling/../scaling/results/2026-03-19_20h14_SEM_gaussian/graphs/golden__v10_a15_g1.json,/home/mathis/Documents/Travail/cbnsl_benchmark/scaling/../scaling/results/2026-03-19_20h14_SEM_gaussian/graphs/CPC__v10_a15_g1_s5000.json,,25.4363762590001,12.0,11.0,0.3529411764705882,0.88,0.5,0.7857142857142857
SEM_gaussian,CMIIC,"{""alpha"": 0.01}",10,15,5000,1,/home/mathis/Documents/Travail/cbnsl_benchmark/scaling/../scaling/results/2026-03-19_20h14_SEM_gaussian/graphs/golden__v10_a15_g1.json,/home/mathis/Documents/Travail/cbnsl_benchmark/scaling/../scaling/results/2026-03-19_20h14_SEM_gaussian/graphs/CMIIC__v10_a15_g1_s5000.json,,45.296409899999844,7.0,10.0,0.6,0.923076923076923,0.75,0.8571428571428571
SEM_gaussian,MIIC,"{""n_bins"": 2, ""discretization_method"": ""quantile""}",10,15,5000,1,/home/mathis/Documents/Travail/cbnsl_benchmark/scaling/../scaling/results/2026-03-19_20h14_SEM_gaussian/graphs/golden__v10_a15_g1.json,/home/mathis/Documents/Travail/cbnsl_benchmark/scaling/../scaling/results/2026-03-19_20h14_SEM_gaussian/graphs/MIIC__v10_a15_g1_s5000.json,,0.47874634400000105,7.0,14.0,0.6923076923076923,0.8275862068965518,0.8181818181818182,0.8571428571428571
SEM_gaussian,GHC+BDeu,"{""n_bins"": 2, ""discretization_method"": ""quantile""}",10,15,5000,1,/home/mathis/Documents/Travail/cbnsl_benchmark/scaling/../scaling/results/2026-03-19_20h14_SEM_gaussian/graphs/golden__v10_a15_g1.json,/home/mathis/Documents/Travail/cbnsl_benchmark/scaling/../scaling/results/2026-03-19_20h14_SEM_gaussian/graphs/GHC+BDeu__v10_a15_g1_s5000.json,,0.28880769900001724,16.0,16.0,0.2608695652173913,0.75,0.6,0.8571428571428571
SEM_gaussian,NOTEARS,"{""lambda1"": 0.0, ""w_threshold_notears"": 0.1}",10,15,5000,1,/home/mathis/Documents/Travail/cbnsl_benchmark/scaling/../scaling/results/2026-03-19_20h14_SEM_gaussian/graphs/golden__v10_a15_g1.json,/home/mathis/Documents/Travail/cbnsl_benchmark/scaling/../scaling/results/2026-03-19_20h14_SEM_gaussian/graphs/NOTEARS__v10_a15_g1_s5000.json,,7.14888358799999,0.0,0.0,0.962962962962963,1.0,1.0,1.0
SEM_gaussian,NOTEARS Disc.,"{""lambda1"": 0.5, ""w_threshold_notears"": 0.1, ""n_bins"": 6, ""discretization_method"": ""quantile""}",10,15,5000,1,/home/mathis/Documents/Travail/cbnsl_benchmark/scaling/../scaling/results/2026-03-19_20h14_SEM_gaussian/graphs/golden__v10_a15_g1.json,/home/mathis/Documents/Travail/cbnsl_benchmark/scaling/../scaling/results/2026-03-19_20h14_SEM_gaussian/graphs/NOTEARS Disc.__v10_a15_g1_s5000.json,,5.976488454999981,7.0,7.0,0.6,0.88,0.6666666666666666,0.7857142857142857
SEM_gaussian,LiNGAM,"{""threshold_lingam"": 0.01}",10,15,5000,1,/home/mathis/Documents/Travail/cbnsl_benchmark/scaling/../scaling/results/2026-03-19_20h14_SEM_gaussian/graphs/golden__v10_a15_g1.json,/home/mathis/Documents/Travail/cbnsl_benchmark/scaling/../scaling/results/2026-03-19_20h14_SEM_gaussian/graphs/LiNGAM__v10_a15_g1_s5000.json,[pyAgrum] Partially directed cycle detected: Add a partial directed cycle in a PDAG : between 6 and 3,,,,,,,
SEM_gaussian,CPC,"{""alpha"": 0.05, ""max_conditioning_set_size"": 2}",10,15,200,2,/home/mathis/Documents/Travail/cbnsl_benchmark/scaling/../scaling/results/2026-03-19_20h14_SEM_gaussian/graphs/golden__v10_a15_g2.json,/home/mathis/Documents/Travail/cbnsl_benchmark/scaling/../scaling/results/2026-03-19_20h14_SEM_gaussian/graphs/CPC__v10_a15_g2_s200.json,,0.029084406000038143,13.0,13.0,0.23529411764705882,0.5,0.16666666666666666,0.3333333333333333
SEM_gaussian,CMIIC,"{""alpha"": 0.01}",10,15,200,2,/home/mathis/Documents/Travail/cbnsl_benchmark/scaling/../scaling/results/2026-03-19_20h14_SEM_gaussian/graphs/golden__v10_a15_g2.json,/home/mathis/Documents/Travail/cbnsl_benchmark/scaling/../scaling/results/2026-03-19_20h14_SEM_gaussian/graphs/CMIIC__v10_a15_g2_s200.json,,0.39924950900012846,24.0,18.0,0.07692307692307693,0.6486486486486486,0.25,0.8
SEM_gaussian,MIIC,"{""n_bins"": 2, ""discretization_method"": ""quantile""}",10,15,200,2,/home/mathis/Documents/Travail/cbnsl_benchmark/scaling/../scaling/results/2026-03-19_20h14_SEM_gaussian/graphs/golden__v10_a15_g2.json,/home/mathis/Documents/Travail/cbnsl_benchmark/scaling/../scaling/results/2026-03-19_20h14_SEM_gaussian/graphs/MIIC__v10_a15_g2_s200.json,,0.03475699499995244,14.0,15.0,0.5,0.8000000000000002,0.6666666666666666,0.8
SEM_gaussian,GHC+BDeu,"{""n_bins"": 2, ""discretization_method"": ""quantile""}",10,15,200,2,/home/mathis/Documents/Travail/cbnsl_benchmark/scaling/../scaling/results/2026-03-19_20h14_SEM_gaussian/graphs/golden__v10_a15_g2.json,/home/mathis/Documents/Travail/cbnsl_benchmark/scaling/../scaling/results/2026-03-19_20h14_SEM_gaussian/graphs/GHC+BDeu__v10_a15_g2_s200.json,,0.037073835000001054,15.0,16.0,0.21052631578947367,0.7857142857142856,0.3333333333333333,0.7333333333333333
SEM_gaussian,NOTEARS,"{""lambda1"": 0.0, ""w_threshold_notears"": 0.1}",10,15,200,2,/home/mathis/Documents/Travail/cbnsl_benchmark/scaling/../scaling/results/2026-03-19_20h14_SEM_gaussian/graphs/golden__v10_a15_g2.json,/home/mathis/Documents/Travail/cbnsl_benchmark/scaling/../scaling/results/2026-03-19_20h14_SEM_gaussian/graphs/NOTEARS__v10_a15_g2_s200.json,,2.1205486719998135,16.0,18.0,0.5,0.7692307692307693,1.0,1.0
SEM_gaussian,NOTEARS Disc.,"{""lambda1"": 0.5, ""w_threshold_notears"": 0.1, ""n_bins"": 6, ""discretization_method"": ""quantile""}",10,15,200,2,/home/mathis/Documents/Travail/cbnsl_benchmark/scaling/../scaling/results/2026-03-19_20h14_SEM_gaussian/graphs/golden__v10_a15_g2.json,/home/mathis/Documents/Travail/cbnsl_benchmark/scaling/../scaling/results/2026-03-19_20h14_SEM_gaussian/graphs/NOTEARS Disc.__v10_a15_g2_s200.json,,1.8188334400001622,10.0,11.0,0.5,0.888888888888889,0.625,0.8
SEM_gaussian,LiNGAM,"{""threshold_lingam"": 0.01}",10,15,200,2,/home/mathis/Documents/Travail/cbnsl_benchmark/scaling/../scaling/results/2026-03-19_20h14_SEM_gaussian/graphs/golden__v10_a15_g2.json,/home/mathis/Documents/Travail/cbnsl_benchmark/scaling/../scaling/results/2026-03-19_20h14_SEM_gaussian/graphs/LiNGAM__v10_a15_g2_s200.json,,0.30540527799985284,16.0,22.0,0.5,0.7368421052631579,0.8888888888888888,0.9333333333333333
SEM_gaussian,CPC,"{""alpha"": 0.05, ""max_conditioning_set_size"": 2}",10,15,500,2,/home/mathis/Documents/Travail/cbnsl_benchmark/scaling/../scaling/results/2026-03-19_20h14_SEM_gaussian/graphs/golden__v10_a15_g2.json,/home/mathis/Documents/Travail/cbnsl_benchmark/scaling/../scaling/results/2026-03-19_20h14_SEM_gaussian/graphs/CPC__v10_a15_g2_s500.json,,0.1883865910001532,15.0,15.0,0.0,0.33333333333333337,0.0,0.2
SEM_gaussian,CMIIC,"{""alpha"": 0.01}",10,15,500,2,/home/mathis/Documents/Travail/cbnsl_benchmark/scaling/../scaling/results/2026-03-19_20h14_SEM_gaussian/graphs/golden__v10_a15_g2.json,/home/mathis/Documents/Travail/cbnsl_benchmark/scaling/../scaling/results/2026-03-19_20h14_SEM_gaussian/graphs/CMIIC__v10_a15_g2_s500.json,,1.4240861749999567,15.0,17.0,0.4,0.7500000000000001,0.625,0.8
SEM_gaussian,MIIC,"{""n_bins"": 2, ""discretization_method"": ""quantile""}",10,15,500,2,/home/mathis/Documents/Travail/cbnsl_benchmark/scaling/../scaling/results/2026-03-19_20h14_SEM_gaussian/graphs/golden__v10_a15_g2.json,/home/mathis/Documents/Travail/cbnsl_benchmark/scaling/../scaling/results/2026-03-19_20h14_SEM_gaussian/graphs/MIIC__v10_a15_g2_s500.json,,0.05711561800012532,14.0,11.0,0.5454545454545454,0.8148148148148148,0.6,0.7333333333333333
SEM_gaussian,GHC+BDeu,"{""n_bins"": 2, ""discretization_method"": ""quantile""}",10,15,500,2,/home/mathis/Documents/Travail/cbnsl_benchmark/scaling/../scaling/results/2026-03-19_20h14_SEM_gaussian/graphs/golden__v10_a15_g2.json,/home/mathis/Documents/Travail/cbnsl_benchmark/scaling/../scaling/results/2026-03-19_20h14_SEM_gaussian/graphs/GHC+BDeu__v10_a15_g2_s500.json,,0.04589750299987827,13.0,7.0,0.3157894736842105,0.8571428571428571,0.5,0.8
SEM_gaussian,NOTEARS,"{""lambda1"": 0.0, ""w_threshold_notears"": 0.1}",10,15,500,2,/home/mathis/Documents/Travail/cbnsl_benchmark/scaling/../scaling/results/2026-03-19_20h14_SEM_gaussian/graphs/golden__v10_a15_g2.json,/home/mathis/Documents/Travail/cbnsl_benchmark/scaling/../scaling/results/2026-03-19_20h14_SEM_gaussian/graphs/NOTEARS__v10_a15_g2_s500.json,,1.7125880129999587,14.0,22.0,0.6111111111111112,0.7499999999999999,1.0,1.0
SEM_gaussian,NOTEARS Disc.,"{""lambda1"": 0.5, ""w_threshold_notears"": 0.1, ""n_bins"": 6, ""discretization_method"": ""quantile""}",10,15,500,2,/home/mathis/Documents/Travail/cbnsl_benchmark/scaling/../scaling/results/2026-03-19_20h14_SEM_gaussian/graphs/golden__v10_a15_g2.json,/home/mathis/Documents/Travail/cbnsl_benchmark/scaling/../scaling/results/2026-03-19_20h14_SEM_gaussian/graphs/NOTEARS Disc.__v10_a15_g2_s500.json,,1.583255268999892,10.0,11.0,0.5,0.888888888888889,0.625,0.8
SEM_gaussian,LiNGAM,"{""threshold_lingam"": 0.01}",10,15,500,2,/home/mathis/Documents/Travail/cbnsl_benchmark/scaling/../scaling/results/2026-03-19_20h14_SEM_gaussian/graphs/golden__v10_a15_g2.json,/home/mathis/Documents/Travail/cbnsl_benchmark/scaling/../scaling/results/2026-03-19_20h14_SEM_gaussian/graphs/LiNGAM__v10_a15_g2_s500.json,,0.3463566099999298,21.0,21.0,0.36363636363636365,0.65,0.75,0.8666666666666667
SEM_gaussian,CPC,"{""alpha"": 0.05, ""max_conditioning_set_size"": 2}",10,15,1000,2,/home/mathis/Documents/Travail/cbnsl_benchmark/scaling/../scaling/results/2026-03-19_20h14_SEM_gaussian/graphs/golden__v10_a15_g2.json,/home/mathis/Documents/Travail/cbnsl_benchmark/scaling/../scaling/results/2026-03-19_20h14_SEM_gaussian/graphs/CPC__v10_a15_g2_s1000.json,,1.2455491489999986,9.0,8.0,0.5714285714285713,0.8,0.5454545454545454,0.6666666666666666
SEM_gaussian,CMIIC,"{""alpha"": 0.01}",10,15,1000,2,/home/mathis/Documents/Travail/cbnsl_benchmark/scaling/../scaling/results/2026-03-19_20h14_SEM_gaussian/graphs/golden__v10_a15_g2.json,/home/mathis/Documents/Travail/cbnsl_benchmark/scaling/../scaling/results/2026-03-19_20h14_SEM_gaussian/graphs/CMIIC__v10_a15_g2_s1000.json,,4.315727408999919,9.0,17.0,0.6896551724137931,0.7741935483870969,0.7692307692307693,0.8
SEM_gaussian,MIIC,"{""n_bins"": 2, ""discretization_method"": ""quantile""}",10,15,1000,2,/home/mathis/Documents/Travail/cbnsl_benchmark/scaling/../scaling/results/2026-03-19_20h14_SEM_gaussian/graphs/golden__v10_a15_g2.json,/home/mathis/Documents/Travail/cbnsl_benchmark/scaling/../scaling/results/2026-03-19_20h14_SEM_gaussian/graphs/MIIC__v10_a15_g2_s1000.json,,0.08757216200001494,7.0,10.0,0.6956521739130435,0.888888888888889,0.7272727272727273,0.8
SEM_gaussian,GHC+BDeu,"{""n_bins"": 2, ""discretization_method"": ""quantile""}",10,15,1000,2,/home/mathis/Documents/Travail/cbnsl_benchmark/scaling/../scaling/results/2026-03-19_20h14_SEM_gaussian/graphs/golden__v10_a15_g2.json,/home/mathis/Documents/Travail/cbnsl_benchmark/scaling/../scaling/results/2026-03-19_20h14_SEM_gaussian/graphs/GHC+BDeu__v10_a15_g2_s1000.json,,0.06682038100007048,8.0,9.0,0.21052631578947367,0.9032258064516129,0.6666666666666666,0.9333333333333333
SEM_gaussian,NOTEARS,"{""lambda1"": 0.0, ""w_threshold_notears"": 0.1}",10,15,1000,2,/home/mathis/Documents/Travail/cbnsl_benchmark/scaling/../scaling/results/2026-03-19_20h14_SEM_gaussian/graphs/golden__v10_a15_g2.json,/home/mathis/Documents/Travail/cbnsl_benchmark/scaling/../scaling/results/2026-03-19_20h14_SEM_gaussian/graphs/NOTEARS__v10_a15_g2_s1000.json,,2.9377208710000104,17.0,19.0,0.4516129032258065,0.7368421052631579,0.875,0.9333333333333333
SEM_gaussian,NOTEARS Disc.,"{""lambda1"": 0.5, ""w_threshold_notears"": 0.1, ""n_bins"": 6, ""discretization_method"": ""quantile""}",10,15,1000,2,/home/mathis/Documents/Travail/cbnsl_benchmark/scaling/../scaling/results/2026-03-19_20h14_SEM_gaussian/graphs/golden__v10_a15_g2.json,/home/mathis/Documents/Travail/cbnsl_benchmark/scaling/../scaling/results/2026-03-19_20h14_SEM_gaussian/graphs/NOTEARS Disc.__v10_a15_g2_s1000.json,,2.524615061000077,10.0,11.0,0.5,0.888888888888889,0.625,0.8
SEM_gaussian,LiNGAM,"{""threshold_lingam"": 0.01}",10,15,1000,2,/home/mathis/Documents/Travail/cbnsl_benchmark/scaling/../scaling/results/2026-03-19_20h14_SEM_gaussian/graphs/golden__v10_a15_g2.json,/home/mathis/Documents/Travail/cbnsl_benchmark/scaling/../scaling/results/2026-03-19_20h14_SEM_gaussian/graphs/LiNGAM__v10_a15_g2_s1000.json,,0.38986949800005277,18.0,19.0,0.3571428571428571,0.7894736842105263,1.0,1.0
SEM_gaussian,CPC,"{""alpha"": 0.05, ""max_conditioning_set_size"": 2}",10,15,2000,2,/home/mathis/Documents/Travail/cbnsl_benchmark/scaling/../scaling/results/2026-03-19_20h14_SEM_gaussian/graphs/golden__v10_a15_g2.json,/home/mathis/Documents/Travail/cbnsl_benchmark/scaling/../scaling/results/2026-03-19_20h14_SEM_gaussian/graphs/CPC__v10_a15_g2_s2000.json,,5.055006864999996,10.0,10.0,0.5454545454545454,0.8148148148148148,0.6,0.7333333333333333
SEM_gaussian,CMIIC,"{""alpha"": 0.01}",10,15,2000,2,/home/mathis/Documents/Travail/cbnsl_benchmark/scaling/../scaling/results/2026-03-19_20h14_SEM_gaussian/graphs/golden__v10_a15_g2.json,/home/mathis/Documents/Travail/cbnsl_benchmark/scaling/../scaling/results/2026-03-19_20h14_SEM_gaussian/graphs/CMIIC__v10_a15_g2_s2000.json,,9.997675066000056,7.0,15.0,0.7199999999999999,0.8571428571428571,0.75,0.8
SEM_gaussian,MIIC,"{""n_bins"": 2, ""discretization_method"": ""quantile""}",10,15,2000,2,/home/mathis/Documents/Travail/cbnsl_benchmark/scaling/../scaling/results/2026-03-19_20h14_SEM_gaussian/graphs/golden__v10_a15_g2.json,/home/mathis/Documents/Travail/cbnsl_benchmark/scaling/../scaling/results/2026-03-19_20h14_SEM_gaussian/graphs/MIIC__v10_a15_g2_s2000.json,,0.18688212999995812,14.0,8.0,0.38095238095238093,0.8275862068965518,0.5714285714285714,0.8
SEM_gaussian,GHC+BDeu,"{""n_bins"": 2, ""discretization_method"": ""quantile""}",10,15,2000,2,/home/mathis/Documents/Travail/cbnsl_benchmark/scaling/../scaling/results/2026-03-19_20h14_SEM_gaussian/graphs/golden__v10_a15_g2.json,/home/mathis/Documents/Travail/cbnsl_benchmark/scaling/../scaling/results/2026-03-19_20h14_SEM_gaussian/graphs/GHC+BDeu__v10_a15_g2_s2000.json,,0.12214358000005632,14.0,12.0,0.3636363636363636,0.8749999999999999,0.8,0.9333333333333333
SEM_gaussian,NOTEARS,"{""lambda1"": 0.0, ""w_threshold_notears"": 0.1}",10,15,2000,2,/home/mathis/Documents/Travail/cbnsl_benchmark/scaling/../scaling/results/2026-03-19_20h14_SEM_gaussian/graphs/golden__v10_a15_g2.json,/home/mathis/Documents/Travail/cbnsl_benchmark/scaling/../scaling/results/2026-03-19_20h14_SEM_gaussian/graphs/NOTEARS__v10_a15_g2_s2000.json,,4.210382858999992,12.0,17.0,0.6249999999999999,0.7777777777777778,0.9090909090909091,0.9333333333333333
SEM_gaussian,NOTEARS Disc.,"{""lambda1"": 0.5, ""w_threshold_notears"": 0.1, ""n_bins"": 6, ""discretization_method"": ""quantile""}",10,15,2000,2,/home/mathis/Documents/Travail/cbnsl_benchmark/scaling/../scaling/results/2026-03-19_20h14_SEM_gaussian/graphs/golden__v10_a15_g2.json,/home/mathis/Documents/Travail/cbnsl_benchmark/scaling/../scaling/results/2026-03-19_20h14_SEM_gaussian/graphs/NOTEARS Disc.__v10_a15_g2_s2000.json,,4.0711675659999855,10.0,13.0,0.5,0.846153846153846,0.5555555555555556,0.7333333333333333
SEM_gaussian,LiNGAM,"{""threshold_lingam"": 0.01}",10,15,2000,2,/home/mathis/Documents/Travail/cbnsl_benchmark/scaling/../scaling/results/2026-03-19_20h14_SEM_gaussian/graphs/golden__v10_a15_g2.json,/home/mathis/Documents/Travail/cbnsl_benchmark/scaling/../scaling/results/2026-03-19_20h14_SEM_gaussian/graphs/LiNGAM__v10_a15_g2_s2000.json,,0.44865265500015994,21.0,21.0,0.0,0.7692307692307693,0.0,1.0
SEM_gaussian,CPC,"{""alpha"": 0.05, ""max_conditioning_set_size"": 2}",10,15,3500,2,/home/mathis/Documents/Travail/cbnsl_benchmark/scaling/../scaling/results/2026-03-19_20h14_SEM_gaussian/graphs/golden__v10_a15_g2.json,/home/mathis/Documents/Travail/cbnsl_benchmark/scaling/../scaling/results/2026-03-19_20h14_SEM_gaussian/graphs/CPC__v10_a15_g2_s3500.json,,16.6399231649998,8.0,13.0,0.6923076923076924,0.8275862068965518,0.75,0.8
SEM_gaussian,CMIIC,"{""alpha"": 0.01}",10,15,3500,2,/home/mathis/Documents/Travail/cbnsl_benchmark/scaling/../scaling/results/2026-03-19_20h14_SEM_gaussian/graphs/golden__v10_a15_g2.json,/home/mathis/Documents/Travail/cbnsl_benchmark/scaling/../scaling/results/2026-03-19_20h14_SEM_gaussian/graphs/CMIIC__v10_a15_g2_s3500.json,,29.75747471800014,9.0,11.0,0.608695652173913,0.8571428571428571,0.7,0.8
SEM_gaussian,MIIC,"{""n_bins"": 2, ""discretization_method"": ""quantile""}",10,15,3500,2,/home/mathis/Documents/Travail/cbnsl_benchmark/scaling/../scaling/results/2026-03-19_20h14_SEM_gaussian/graphs/golden__v10_a15_g2.json,/home/mathis/Documents/Travail/cbnsl_benchmark/scaling/../scaling/results/2026-03-19_20h14_SEM_gaussian/graphs/MIIC__v10_a15_g2_s3500.json,,0.2993285680001918,15.0,14.0,0.36363636363636365,0.8000000000000002,0.5714285714285714,0.8
SEM_gaussian,GHC+BDeu,"{""n_bins"": 2, ""discretization_method"": ""quantile""}",10,15,3500,2,/home/mathis/Documents/Travail/cbnsl_benchmark/scaling/../scaling/results/2026-03-19_20h14_SEM_gaussian/graphs/golden__v10_a15_g2.json,/home/mathis/Documents/Travail/cbnsl_benchmark/scaling/../scaling/results/2026-03-19_20h14_SEM_gaussian/graphs/GHC+BDeu__v10_a15_g2_s3500.json,,0.18816624099986257,15.0,15.0,0.1904761904761905,0.8484848484848485,0.6666666666666666,0.9333333333333333
SEM_gaussian,NOTEARS,"{""lambda1"": 0.0, ""w_threshold_notears"": 0.1}",10,15,3500,2,/home/mathis/Documents/Travail/cbnsl_benchmark/scaling/../scaling/results/2026-03-19_20h14_SEM_gaussian/graphs/golden__v10_a15_g2.json,/home/mathis/Documents/Travail/cbnsl_benchmark/scaling/../scaling/results/2026-03-19_20h14_SEM_gaussian/graphs/NOTEARS__v10_a15_g2_s3500.json,,5.793426146999991,13.0,22.0,0.6060606060606061,0.7567567567567568,0.9090909090909091,0.9333333333333333
SEM_gaussian,NOTEARS Disc.,"{""lambda1"": 0.5, ""w_threshold_notears"": 0.1, ""n_bins"": 6, ""discretization_method"": ""quantile""}",10,15,3500,2,/home/mathis/Documents/Travail/cbnsl_benchmark/scaling/../scaling/results/2026-03-19_20h14_SEM_gaussian/graphs/golden__v10_a15_g2.json,/home/mathis/Documents/Travail/cbnsl_benchmark/scaling/../scaling/results/2026-03-19_20h14_SEM_gaussian/graphs/NOTEARS Disc.__v10_a15_g2_s3500.json,,5.7749881459999415,10.0,13.0,0.5,0.846153846153846,0.5555555555555556,0.7333333333333333
SEM_gaussian,LiNGAM,"{""threshold_lingam"": 0.01}",10,15,3500,2,/home/mathis/Documents/Travail/cbnsl_benchmark/scaling/../scaling/results/2026-03-19_20h14_SEM_gaussian/graphs/golden__v10_a15_g2.json,/home/mathis/Documents/Travail/cbnsl_benchmark/scaling/../scaling/results/2026-03-19_20h14_SEM_gaussian/graphs/LiNGAM__v10_a15_g2_s3500.json,,0.6038359630001651,21.0,22.0,0.32258064516129037,0.7317073170731707,1.0,1.0
SEM_gaussian,CPC,"{""alpha"": 0.05, ""max_conditioning_set_size"": 2}",10,15,5000,2,/home/mathis/Documents/Travail/cbnsl_benchmark/scaling/../scaling/results/2026-03-19_20h14_SEM_gaussian/graphs/golden__v10_a15_g2.json,/home/mathis/Documents/Travail/cbnsl_benchmark/scaling/../scaling/results/2026-03-19_20h14_SEM_gaussian/graphs/CPC__v10_a15_g2_s5000.json,,37.22704877299998,9.0,14.0,0.6666666666666665,0.8000000000000002,0.75,0.8
SEM_gaussian,CMIIC,"{""alpha"": 0.01}",10,15,5000,2,/home/mathis/Documents/Travail/cbnsl_benchmark/scaling/../scaling/results/2026-03-19_20h14_SEM_gaussian/graphs/golden__v10_a15_g2.json,/home/mathis/Documents/Travail/cbnsl_benchmark/scaling/../scaling/results/2026-03-19_20h14_SEM_gaussian/graphs/CMIIC__v10_a15_g2_s5000.json,,51.17932907600016,8.0,9.0,0.6666666666666666,0.8148148148148148,0.6666666666666666,0.7333333333333333
SEM_gaussian,MIIC,"{""n_bins"": 2, ""discretization_method"": ""quantile""}",10,15,5000,2,/home/mathis/Documents/Travail/cbnsl_benchmark/scaling/../scaling/results/2026-03-19_20h14_SEM_gaussian/graphs/golden__v10_a15_g2.json,/home/mathis/Documents/Travail/cbnsl_benchmark/scaling/../scaling/results/2026-03-19_20h14_SEM_gaussian/graphs/MIIC__v10_a15_g2_s5000.json,,0.5226396269999896,14.0,16.0,0.36363636363636365,0.8000000000000002,0.5714285714285714,0.8
SEM_gaussian,GHC+BDeu,"{""n_bins"": 2, ""discretization_method"": ""quantile""}",10,15,5000,2,/home/mathis/Documents/Travail/cbnsl_benchmark/scaling/../scaling/results/2026-03-19_20h14_SEM_gaussian/graphs/golden__v10_a15_g2.json,/home/mathis/Documents/Travail/cbnsl_benchmark/scaling/../scaling/results/2026-03-19_20h14_SEM_gaussian/graphs/GHC+BDeu__v10_a15_g2_s5000.json,,0.2965141429999676,19.0,20.0,0.09523809523809525,0.7878787878787877,0.3333333333333333,0.8666666666666667
SEM_gaussian,NOTEARS,"{""lambda1"": 0.0, ""w_threshold_notears"": 0.1}",10,15,5000,2,/home/mathis/Documents/Travail/cbnsl_benchmark/scaling/../scaling/results/2026-03-19_20h14_SEM_gaussian/graphs/golden__v10_a15_g2.json,/home/mathis/Documents/Travail/cbnsl_benchmark/scaling/../scaling/results/2026-03-19_20h14_SEM_gaussian/graphs/NOTEARS__v10_a15_g2_s5000.json,,7.927158104,13.0,22.0,0.6060606060606061,0.7567567567567568,0.9090909090909091,0.9333333333333333
SEM_gaussian,NOTEARS Disc.,"{""lambda1"": 0.5, ""w_threshold_notears"": 0.1, ""n_bins"": 6, ""discretization_method"": ""quantile""}",10,15,5000,2,/home/mathis/Documents/Travail/cbnsl_benchmark/scaling/../scaling/results/2026-03-19_20h14_SEM_gaussian/graphs/golden__v10_a15_g2.json,/home/mathis/Documents/Travail/cbnsl_benchmark/scaling/../scaling/results/2026-03-19_20h14_SEM_gaussian/graphs/NOTEARS Disc.__v10_a15_g2_s5000.json,,6.530890670999952,15.0,13.0,0.11764705882352942,0.7692307692307692,0.16666666666666666,0.6666666666666666
SEM_gaussian,LiNGAM,"{""threshold_lingam"": 0.01}",10,15,5000,2,/home/mathis/Documents/Travail/cbnsl_benchmark/scaling/../scaling/results/2026-03-19_20h14_SEM_gaussian/graphs/golden__v10_a15_g2.json,/home/mathis/Documents/Travail/cbnsl_benchmark/scaling/../scaling/results/2026-03-19_20h14_SEM_gaussian/graphs/LiNGAM__v10_a15_g2_s5000.json,,0.6804839119999997,14.0,21.0,0.2857142857142857,0.7692307692307693,1.0,1.0
