generator_name,algo,algo_params,n_vars,n_arcs,n_samples,graph_idx,golden_path,learned_path,error_msg,time_s,SHD,SHD_skeleton,F1-Score,F1-Score_skeleton,TPR,TPR_skeleton
cbn_unif_gauss,CPC,"{""alpha"": 0.05, ""max_conditioning_set_size"": 3}",10,15,200,0,/home/mathis/Documents/Travail/cbnsl_benchmark/experiments/scaling/agrum3/../../../experiments/scaling/agrum3/2026-07-23_11h37_cbn_unif_gauss/graphs/golden__v10_a15_g0.json,/home/mathis/Documents/Travail/cbnsl_benchmark/experiments/scaling/agrum3/../../../experiments/scaling/agrum3/2026-07-23_11h37_cbn_unif_gauss/graphs/CPC__v10_a15_g0_s200.json,,0.02969864399983635,15.0,13.0,0.0,0.33333333333333337,0.0,0.2
cbn_unif_gauss,CMIIC,"{""alpha"": 0.05}",10,15,200,0,/home/mathis/Documents/Travail/cbnsl_benchmark/experiments/scaling/agrum3/../../../experiments/scaling/agrum3/2026-07-23_11h37_cbn_unif_gauss/graphs/golden__v10_a15_g0.json,/home/mathis/Documents/Travail/cbnsl_benchmark/experiments/scaling/agrum3/../../../experiments/scaling/agrum3/2026-07-23_11h37_cbn_unif_gauss/graphs/CMIIC__v10_a15_g0_s200.json,,0.08911277100014559,12.0,11.0,0.3157894736842105,0.7200000000000001,0.3333333333333333,0.6
cbn_unif_gauss,CPC,"{""alpha"": 0.05, ""max_conditioning_set_size"": 3}",10,15,500,0,/home/mathis/Documents/Travail/cbnsl_benchmark/experiments/scaling/agrum3/../../../experiments/scaling/agrum3/2026-07-23_11h37_cbn_unif_gauss/graphs/golden__v10_a15_g0.json,/home/mathis/Documents/Travail/cbnsl_benchmark/experiments/scaling/agrum3/../../../experiments/scaling/agrum3/2026-07-23_11h37_cbn_unif_gauss/graphs/CPC__v10_a15_g0_s500.json,,0.13061745899995003,14.0,14.0,0.0,0.33333333333333337,0.0,0.2
cbn_unif_gauss,CMIIC,"{""alpha"": 0.05}",10,15,500,0,/home/mathis/Documents/Travail/cbnsl_benchmark/experiments/scaling/agrum3/../../../experiments/scaling/agrum3/2026-07-23_11h37_cbn_unif_gauss/graphs/golden__v10_a15_g0.json,/home/mathis/Documents/Travail/cbnsl_benchmark/experiments/scaling/agrum3/../../../experiments/scaling/agrum3/2026-07-23_11h37_cbn_unif_gauss/graphs/CMIIC__v10_a15_g0_s500.json,,0.37477269299961335,13.0,15.0,0.2222222222222222,0.7692307692307692,0.2857142857142857,0.6666666666666666
cbn_unif_gauss,CPC,"{""alpha"": 0.05, ""max_conditioning_set_size"": 3}",10,15,1000,0,/home/mathis/Documents/Travail/cbnsl_benchmark/experiments/scaling/agrum3/../../../experiments/scaling/agrum3/2026-07-23_11h37_cbn_unif_gauss/graphs/golden__v10_a15_g0.json,/home/mathis/Documents/Travail/cbnsl_benchmark/experiments/scaling/agrum3/../../../experiments/scaling/agrum3/2026-07-23_11h37_cbn_unif_gauss/graphs/CPC__v10_a15_g0_s1000.json,,0.7297121229994445,15.0,13.0,0.0,0.5454545454545455,0.0,0.4
cbn_unif_gauss,CMIIC,"{""alpha"": 0.05}",10,15,1000,0,/home/mathis/Documents/Travail/cbnsl_benchmark/experiments/scaling/agrum3/../../../experiments/scaling/agrum3/2026-07-23_11h37_cbn_unif_gauss/graphs/golden__v10_a15_g0.json,/home/mathis/Documents/Travail/cbnsl_benchmark/experiments/scaling/agrum3/../../../experiments/scaling/agrum3/2026-07-23_11h37_cbn_unif_gauss/graphs/CMIIC__v10_a15_g0_s1000.json,,1.3659678829999393,13.0,15.0,0.2222222222222222,0.7692307692307692,0.2857142857142857,0.6666666666666666
cbn_unif_gauss,CPC,"{""alpha"": 0.05, ""max_conditioning_set_size"": 3}",10,15,3000,0,/home/mathis/Documents/Travail/cbnsl_benchmark/experiments/scaling/agrum3/../../../experiments/scaling/agrum3/2026-07-23_11h37_cbn_unif_gauss/graphs/golden__v10_a15_g0.json,/home/mathis/Documents/Travail/cbnsl_benchmark/experiments/scaling/agrum3/../../../experiments/scaling/agrum3/2026-07-23_11h37_cbn_unif_gauss/graphs/CPC__v10_a15_g0_s3000.json,,9.181535896000241,14.0,12.0,0.0,0.6956521739130436,0.0,0.5333333333333333
cbn_unif_gauss,CMIIC,"{""alpha"": 0.05}",10,15,3000,0,/home/mathis/Documents/Travail/cbnsl_benchmark/experiments/scaling/agrum3/../../../experiments/scaling/agrum3/2026-07-23_11h37_cbn_unif_gauss/graphs/golden__v10_a15_g0.json,/home/mathis/Documents/Travail/cbnsl_benchmark/experiments/scaling/agrum3/../../../experiments/scaling/agrum3/2026-07-23_11h37_cbn_unif_gauss/graphs/CMIIC__v10_a15_g0_s3000.json,,11.293752427000072,10.0,15.0,0.47619047619047616,0.7200000000000001,0.45454545454545453,0.6
cbn_unif_gauss,CPC,"{""alpha"": 0.05, ""max_conditioning_set_size"": 3}",10,15,5000,0,/home/mathis/Documents/Travail/cbnsl_benchmark/experiments/scaling/agrum3/../../../experiments/scaling/agrum3/2026-07-23_11h37_cbn_unif_gauss/graphs/golden__v10_a15_g0.json,/home/mathis/Documents/Travail/cbnsl_benchmark/experiments/scaling/agrum3/../../../experiments/scaling/agrum3/2026-07-23_11h37_cbn_unif_gauss/graphs/CPC__v10_a15_g0_s5000.json,,29.804479690000335,12.0,12.0,0.23529411764705885,0.846153846153846,0.3333333333333333,0.7333333333333333
cbn_unif_gauss,CMIIC,"{""alpha"": 0.05}",10,15,5000,0,/home/mathis/Documents/Travail/cbnsl_benchmark/experiments/scaling/agrum3/../../../experiments/scaling/agrum3/2026-07-23_11h37_cbn_unif_gauss/graphs/golden__v10_a15_g0.json,/home/mathis/Documents/Travail/cbnsl_benchmark/experiments/scaling/agrum3/../../../experiments/scaling/agrum3/2026-07-23_11h37_cbn_unif_gauss/graphs/CMIIC__v10_a15_g0_s5000.json,,28.890786998000294,16.0,13.0,0.0,0.6923076923076923,0.0,0.6
cbn_unif_gauss,CPC,"{""alpha"": 0.05, ""max_conditioning_set_size"": 3}",10,15,200,1,/home/mathis/Documents/Travail/cbnsl_benchmark/experiments/scaling/agrum3/../../../experiments/scaling/agrum3/2026-07-23_11h37_cbn_unif_gauss/graphs/golden__v10_a15_g1.json,/home/mathis/Documents/Travail/cbnsl_benchmark/experiments/scaling/agrum3/../../../experiments/scaling/agrum3/2026-07-23_11h37_cbn_unif_gauss/graphs/CPC__v10_a15_g1_s200.json,,0.03318017499987036,14.0,13.0,0.0,0.25,0.0,0.14285714285714285
cbn_unif_gauss,CMIIC,"{""alpha"": 0.05}",10,15,200,1,/home/mathis/Documents/Travail/cbnsl_benchmark/experiments/scaling/agrum3/../../../experiments/scaling/agrum3/2026-07-23_11h37_cbn_unif_gauss/graphs/golden__v10_a15_g1.json,/home/mathis/Documents/Travail/cbnsl_benchmark/experiments/scaling/agrum3/../../../experiments/scaling/agrum3/2026-07-23_11h37_cbn_unif_gauss/graphs/CMIIC__v10_a15_g1_s200.json,,0.06924164399970323,12.0,9.0,0.13333333333333333,0.8333333333333333,0.2,0.7142857142857143
cbn_unif_gauss,CPC,"{""alpha"": 0.05, ""max_conditioning_set_size"": 3}",10,15,500,1,/home/mathis/Documents/Travail/cbnsl_benchmark/experiments/scaling/agrum3/../../../experiments/scaling/agrum3/2026-07-23_11h37_cbn_unif_gauss/graphs/golden__v10_a15_g1.json,/home/mathis/Documents/Travail/cbnsl_benchmark/experiments/scaling/agrum3/../../../experiments/scaling/agrum3/2026-07-23_11h37_cbn_unif_gauss/graphs/CPC__v10_a15_g1_s500.json,,0.16572064600040903,13.0,12.0,0.0,0.35294117647058826,0.0,0.21428571428571427
cbn_unif_gauss,CMIIC,"{""alpha"": 0.05}",10,15,500,1,/home/mathis/Documents/Travail/cbnsl_benchmark/experiments/scaling/agrum3/../../../experiments/scaling/agrum3/2026-07-23_11h37_cbn_unif_gauss/graphs/golden__v10_a15_g1.json,/home/mathis/Documents/Travail/cbnsl_benchmark/experiments/scaling/agrum3/../../../experiments/scaling/agrum3/2026-07-23_11h37_cbn_unif_gauss/graphs/CMIIC__v10_a15_g1_s500.json,,0.36472250500082737,11.0,7.0,0.25000000000000006,0.88,0.4,0.7857142857142857
cbn_unif_gauss,CPC,"{""alpha"": 0.05, ""max_conditioning_set_size"": 3}",10,15,1000,1,/home/mathis/Documents/Travail/cbnsl_benchmark/experiments/scaling/agrum3/../../../experiments/scaling/agrum3/2026-07-23_11h37_cbn_unif_gauss/graphs/golden__v10_a15_g1.json,/home/mathis/Documents/Travail/cbnsl_benchmark/experiments/scaling/agrum3/../../../experiments/scaling/agrum3/2026-07-23_11h37_cbn_unif_gauss/graphs/CPC__v10_a15_g1_s1000.json,,1.1609054230002585,13.0,10.0,0.0,0.6666666666666666,0.0,0.5
cbn_unif_gauss,CMIIC,"{""alpha"": 0.05}",10,15,1000,1,/home/mathis/Documents/Travail/cbnsl_benchmark/experiments/scaling/agrum3/../../../experiments/scaling/agrum3/2026-07-23_11h37_cbn_unif_gauss/graphs/golden__v10_a15_g1.json,/home/mathis/Documents/Travail/cbnsl_benchmark/experiments/scaling/agrum3/../../../experiments/scaling/agrum3/2026-07-23_11h37_cbn_unif_gauss/graphs/CMIIC__v10_a15_g1_s1000.json,,1.5947449279992725,11.0,7.0,0.25000000000000006,0.88,0.4,0.7857142857142857
cbn_unif_gauss,CPC,"{""alpha"": 0.05, ""max_conditioning_set_size"": 3}",10,15,3000,1,/home/mathis/Documents/Travail/cbnsl_benchmark/experiments/scaling/agrum3/../../../experiments/scaling/agrum3/2026-07-23_11h37_cbn_unif_gauss/graphs/golden__v10_a15_g1.json,/home/mathis/Documents/Travail/cbnsl_benchmark/experiments/scaling/agrum3/../../../experiments/scaling/agrum3/2026-07-23_11h37_cbn_unif_gauss/graphs/CPC__v10_a15_g1_s3000.json,,8.861073486999885,11.0,6.0,0.25,0.923076923076923,0.5,0.8571428571428571
cbn_unif_gauss,CMIIC,"{""alpha"": 0.05}",10,15,3000,1,/home/mathis/Documents/Travail/cbnsl_benchmark/experiments/scaling/agrum3/../../../experiments/scaling/agrum3/2026-07-23_11h37_cbn_unif_gauss/graphs/golden__v10_a15_g1.json,/home/mathis/Documents/Travail/cbnsl_benchmark/experiments/scaling/agrum3/../../../experiments/scaling/agrum3/2026-07-23_11h37_cbn_unif_gauss/graphs/CMIIC__v10_a15_g1_s3000.json,,8.857537860000775,6.0,6.0,0.6666666666666666,0.8333333333333333,0.6363636363636364,0.7142857142857143
cbn_unif_gauss,CPC,"{""alpha"": 0.05, ""max_conditioning_set_size"": 3}",10,15,5000,1,/home/mathis/Documents/Travail/cbnsl_benchmark/experiments/scaling/agrum3/../../../experiments/scaling/agrum3/2026-07-23_11h37_cbn_unif_gauss/graphs/golden__v10_a15_g1.json,/home/mathis/Documents/Travail/cbnsl_benchmark/experiments/scaling/agrum3/../../../experiments/scaling/agrum3/2026-07-23_11h37_cbn_unif_gauss/graphs/CPC__v10_a15_g1_s5000.json,,26.342095782000797,11.0,11.0,0.25000000000000006,0.88,0.4,0.7857142857142857
cbn_unif_gauss,CMIIC,"{""alpha"": 0.05}",10,15,5000,1,/home/mathis/Documents/Travail/cbnsl_benchmark/experiments/scaling/agrum3/../../../experiments/scaling/agrum3/2026-07-23_11h37_cbn_unif_gauss/graphs/golden__v10_a15_g1.json,/home/mathis/Documents/Travail/cbnsl_benchmark/experiments/scaling/agrum3/../../../experiments/scaling/agrum3/2026-07-23_11h37_cbn_unif_gauss/graphs/CMIIC__v10_a15_g1_s5000.json,,23.343414540000595,6.0,6.0,0.6666666666666666,0.8333333333333333,0.6363636363636364,0.7142857142857143
cbn_unif_gauss,CPC,"{""alpha"": 0.05, ""max_conditioning_set_size"": 3}",10,15,200,2,/home/mathis/Documents/Travail/cbnsl_benchmark/experiments/scaling/agrum3/../../../experiments/scaling/agrum3/2026-07-23_11h37_cbn_unif_gauss/graphs/golden__v10_a15_g2.json,/home/mathis/Documents/Travail/cbnsl_benchmark/experiments/scaling/agrum3/../../../experiments/scaling/agrum3/2026-07-23_11h37_cbn_unif_gauss/graphs/CPC__v10_a15_g2_s200.json,,0.03453278000051796,15.0,15.0,0.0,0.125,0.0,0.06666666666666667
cbn_unif_gauss,CMIIC,"{""alpha"": 0.05}",10,15,200,2,/home/mathis/Documents/Travail/cbnsl_benchmark/experiments/scaling/agrum3/../../../experiments/scaling/agrum3/2026-07-23_11h37_cbn_unif_gauss/graphs/golden__v10_a15_g2.json,/home/mathis/Documents/Travail/cbnsl_benchmark/experiments/scaling/agrum3/../../../experiments/scaling/agrum3/2026-07-23_11h37_cbn_unif_gauss/graphs/CMIIC__v10_a15_g2_s200.json,,0.11183394599993335,10.0,7.0,0.5,0.9285714285714286,0.7142857142857143,0.8666666666666667
cbn_unif_gauss,CPC,"{""alpha"": 0.05, ""max_conditioning_set_size"": 3}",10,15,500,2,/home/mathis/Documents/Travail/cbnsl_benchmark/experiments/scaling/agrum3/../../../experiments/scaling/agrum3/2026-07-23_11h37_cbn_unif_gauss/graphs/golden__v10_a15_g2.json,/home/mathis/Documents/Travail/cbnsl_benchmark/experiments/scaling/agrum3/../../../experiments/scaling/agrum3/2026-07-23_11h37_cbn_unif_gauss/graphs/CPC__v10_a15_g2_s500.json,,0.17038193799999135,15.0,15.0,0.0,0.125,0.0,0.06666666666666667
cbn_unif_gauss,CMIIC,"{""alpha"": 0.05}",10,15,500,2,/home/mathis/Documents/Travail/cbnsl_benchmark/experiments/scaling/agrum3/../../../experiments/scaling/agrum3/2026-07-23_11h37_cbn_unif_gauss/graphs/golden__v10_a15_g2.json,/home/mathis/Documents/Travail/cbnsl_benchmark/experiments/scaling/agrum3/../../../experiments/scaling/agrum3/2026-07-23_11h37_cbn_unif_gauss/graphs/CMIIC__v10_a15_g2_s500.json,,0.4376292970000577,13.0,15.0,0.23529411764705882,0.888888888888889,0.4,0.8
cbn_unif_gauss,CPC,"{""alpha"": 0.05, ""max_conditioning_set_size"": 3}",10,15,1000,2,/home/mathis/Documents/Travail/cbnsl_benchmark/experiments/scaling/agrum3/../../../experiments/scaling/agrum3/2026-07-23_11h37_cbn_unif_gauss/graphs/golden__v10_a15_g2.json,/home/mathis/Documents/Travail/cbnsl_benchmark/experiments/scaling/agrum3/../../../experiments/scaling/agrum3/2026-07-23_11h37_cbn_unif_gauss/graphs/CPC__v10_a15_g2_s1000.json,,1.2038616620002358,15.0,11.0,0.0,0.8,0.0,0.6666666666666666
cbn_unif_gauss,CMIIC,"{""alpha"": 0.05}",10,15,1000,2,/home/mathis/Documents/Travail/cbnsl_benchmark/experiments/scaling/agrum3/../../../experiments/scaling/agrum3/2026-07-23_11h37_cbn_unif_gauss/graphs/golden__v10_a15_g2.json,/home/mathis/Documents/Travail/cbnsl_benchmark/experiments/scaling/agrum3/../../../experiments/scaling/agrum3/2026-07-23_11h37_cbn_unif_gauss/graphs/CMIIC__v10_a15_g2_s1000.json,,1.7290115679998053,12.0,13.0,0.3333333333333333,0.888888888888889,0.5,0.8
cbn_unif_gauss,CPC,"{""alpha"": 0.05, ""max_conditioning_set_size"": 3}",10,15,3000,2,/home/mathis/Documents/Travail/cbnsl_benchmark/experiments/scaling/agrum3/../../../experiments/scaling/agrum3/2026-07-23_11h37_cbn_unif_gauss/graphs/golden__v10_a15_g2.json,/home/mathis/Documents/Travail/cbnsl_benchmark/experiments/scaling/agrum3/../../../experiments/scaling/agrum3/2026-07-23_11h37_cbn_unif_gauss/graphs/CPC__v10_a15_g2_s3000.json,,16.80662202199983,15.0,14.0,0.0,0.846153846153846,0.0,0.7333333333333333
cbn_unif_gauss,CMIIC,"{""alpha"": 0.05}",10,15,3000,2,/home/mathis/Documents/Travail/cbnsl_benchmark/experiments/scaling/agrum3/../../../experiments/scaling/agrum3/2026-07-23_11h37_cbn_unif_gauss/graphs/golden__v10_a15_g2.json,/home/mathis/Documents/Travail/cbnsl_benchmark/experiments/scaling/agrum3/../../../experiments/scaling/agrum3/2026-07-23_11h37_cbn_unif_gauss/graphs/CMIIC__v10_a15_g2_s3000.json,,12.374068661999445,12.0,13.0,0.3333333333333333,0.888888888888889,0.5,0.8
cbn_unif_gauss,CPC,"{""alpha"": 0.05, ""max_conditioning_set_size"": 3}",10,15,5000,2,/home/mathis/Documents/Travail/cbnsl_benchmark/experiments/scaling/agrum3/../../../experiments/scaling/agrum3/2026-07-23_11h37_cbn_unif_gauss/graphs/golden__v10_a15_g2.json,/home/mathis/Documents/Travail/cbnsl_benchmark/experiments/scaling/agrum3/../../../experiments/scaling/agrum3/2026-07-23_11h37_cbn_unif_gauss/graphs/CPC__v10_a15_g2_s5000.json,,63.191056732000106,12.0,14.0,0.3333333333333333,0.888888888888889,0.5,0.8
cbn_unif_gauss,CMIIC,"{""alpha"": 0.05}",10,15,5000,2,/home/mathis/Documents/Travail/cbnsl_benchmark/experiments/scaling/agrum3/../../../experiments/scaling/agrum3/2026-07-23_11h37_cbn_unif_gauss/graphs/golden__v10_a15_g2.json,/home/mathis/Documents/Travail/cbnsl_benchmark/experiments/scaling/agrum3/../../../experiments/scaling/agrum3/2026-07-23_11h37_cbn_unif_gauss/graphs/CMIIC__v10_a15_g2_s5000.json,,32.335147384000265,12.0,13.0,0.3333333333333333,0.888888888888889,0.5,0.8
cbn_unif_gauss,CPC,"{""alpha"": 0.05, ""max_conditioning_set_size"": 3}",10,15,200,3,/home/mathis/Documents/Travail/cbnsl_benchmark/experiments/scaling/agrum3/../../../experiments/scaling/agrum3/2026-07-23_11h37_cbn_unif_gauss/graphs/golden__v10_a15_g3.json,/home/mathis/Documents/Travail/cbnsl_benchmark/experiments/scaling/agrum3/../../../experiments/scaling/agrum3/2026-07-23_11h37_cbn_unif_gauss/graphs/CPC__v10_a15_g3_s200.json,,0.03532423500018922,15.0,15.0,0.0,0.0,0.0,0.0
cbn_unif_gauss,CMIIC,"{""alpha"": 0.05}",10,15,200,3,/home/mathis/Documents/Travail/cbnsl_benchmark/experiments/scaling/agrum3/../../../experiments/scaling/agrum3/2026-07-23_11h37_cbn_unif_gauss/graphs/golden__v10_a15_g3.json,/home/mathis/Documents/Travail/cbnsl_benchmark/experiments/scaling/agrum3/../../../experiments/scaling/agrum3/2026-07-23_11h37_cbn_unif_gauss/graphs/CMIIC__v10_a15_g3_s200.json,,0.11823411000023043,14.0,13.0,0.3809523809523809,0.8666666666666667,0.6666666666666666,0.8666666666666667
cbn_unif_gauss,CPC,"{""alpha"": 0.05, ""max_conditioning_set_size"": 3}",10,15,500,3,/home/mathis/Documents/Travail/cbnsl_benchmark/experiments/scaling/agrum3/../../../experiments/scaling/agrum3/2026-07-23_11h37_cbn_unif_gauss/graphs/golden__v10_a15_g3.json,/home/mathis/Documents/Travail/cbnsl_benchmark/experiments/scaling/agrum3/../../../experiments/scaling/agrum3/2026-07-23_11h37_cbn_unif_gauss/graphs/CPC__v10_a15_g3_s500.json,,0.1925423619995854,14.0,14.0,0.0,0.125,0.0,0.06666666666666667
cbn_unif_gauss,CMIIC,"{""alpha"": 0.05}",10,15,500,3,/home/mathis/Documents/Travail/cbnsl_benchmark/experiments/scaling/agrum3/../../../experiments/scaling/agrum3/2026-07-23_11h37_cbn_unif_gauss/graphs/golden__v10_a15_g3.json,/home/mathis/Documents/Travail/cbnsl_benchmark/experiments/scaling/agrum3/../../../experiments/scaling/agrum3/2026-07-23_11h37_cbn_unif_gauss/graphs/CMIIC__v10_a15_g3_s500.json,,0.5797620249995816,10.0,9.0,0.42105263157894735,0.9285714285714286,0.6666666666666666,0.8666666666666667
cbn_unif_gauss,CPC,"{""alpha"": 0.05, ""max_conditioning_set_size"": 3}",10,15,1000,3,/home/mathis/Documents/Travail/cbnsl_benchmark/experiments/scaling/agrum3/../../../experiments/scaling/agrum3/2026-07-23_11h37_cbn_unif_gauss/graphs/golden__v10_a15_g3.json,/home/mathis/Documents/Travail/cbnsl_benchmark/experiments/scaling/agrum3/../../../experiments/scaling/agrum3/2026-07-23_11h37_cbn_unif_gauss/graphs/CPC__v10_a15_g3_s1000.json,,1.3043119220001245,9.0,13.0,0.23529411764705885,0.846153846153846,0.3333333333333333,0.7333333333333333
cbn_unif_gauss,CMIIC,"{""alpha"": 0.05}",10,15,1000,3,/home/mathis/Documents/Travail/cbnsl_benchmark/experiments/scaling/agrum3/../../../experiments/scaling/agrum3/2026-07-23_11h37_cbn_unif_gauss/graphs/golden__v10_a15_g3.json,/home/mathis/Documents/Travail/cbnsl_benchmark/experiments/scaling/agrum3/../../../experiments/scaling/agrum3/2026-07-23_11h37_cbn_unif_gauss/graphs/CMIIC__v10_a15_g3_s1000.json,,2.024585653000031,10.0,8.0,0.4210526315789473,0.9655172413793104,0.8,0.9333333333333333
cbn_unif_gauss,CPC,"{""alpha"": 0.05, ""max_conditioning_set_size"": 3}",10,15,3000,3,/home/mathis/Documents/Travail/cbnsl_benchmark/experiments/scaling/agrum3/../../../experiments/scaling/agrum3/2026-07-23_11h37_cbn_unif_gauss/graphs/golden__v10_a15_g3.json,/home/mathis/Documents/Travail/cbnsl_benchmark/experiments/scaling/agrum3/../../../experiments/scaling/agrum3/2026-07-23_11h37_cbn_unif_gauss/graphs/CPC__v10_a15_g3_s3000.json,,16.408843307000097,11.0,12.0,0.0,0.6363636363636364,0.0,0.4666666666666667
cbn_unif_gauss,CMIIC,"{""alpha"": 0.05}",10,15,3000,3,/home/mathis/Documents/Travail/cbnsl_benchmark/experiments/scaling/agrum3/../../../experiments/scaling/agrum3/2026-07-23_11h37_cbn_unif_gauss/graphs/golden__v10_a15_g3.json,/home/mathis/Documents/Travail/cbnsl_benchmark/experiments/scaling/agrum3/../../../experiments/scaling/agrum3/2026-07-23_11h37_cbn_unif_gauss/graphs/CMIIC__v10_a15_g3_s3000.json,,14.840901217999999,10.0,8.0,0.4210526315789473,0.9655172413793104,0.8,0.9333333333333333
cbn_unif_gauss,CPC,"{""alpha"": 0.05, ""max_conditioning_set_size"": 3}",10,15,5000,3,/home/mathis/Documents/Travail/cbnsl_benchmark/experiments/scaling/agrum3/../../../experiments/scaling/agrum3/2026-07-23_11h37_cbn_unif_gauss/graphs/golden__v10_a15_g3.json,/home/mathis/Documents/Travail/cbnsl_benchmark/experiments/scaling/agrum3/../../../experiments/scaling/agrum3/2026-07-23_11h37_cbn_unif_gauss/graphs/CPC__v10_a15_g3_s5000.json,,56.34996409500036,9.0,13.0,0.33333333333333326,0.846153846153846,0.42857142857142855,0.7333333333333333
cbn_unif_gauss,CMIIC,"{""alpha"": 0.05}",10,15,5000,3,/home/mathis/Documents/Travail/cbnsl_benchmark/experiments/scaling/agrum3/../../../experiments/scaling/agrum3/2026-07-23_11h37_cbn_unif_gauss/graphs/golden__v10_a15_g3.json,/home/mathis/Documents/Travail/cbnsl_benchmark/experiments/scaling/agrum3/../../../experiments/scaling/agrum3/2026-07-23_11h37_cbn_unif_gauss/graphs/CMIIC__v10_a15_g3_s5000.json,,42.38440042000002,10.0,8.0,0.4210526315789473,0.9655172413793104,0.8,0.9333333333333333
cbn_unif_gauss,CPC,"{""alpha"": 0.05, ""max_conditioning_set_size"": 3}",10,15,200,4,/home/mathis/Documents/Travail/cbnsl_benchmark/experiments/scaling/agrum3/../../../experiments/scaling/agrum3/2026-07-23_11h37_cbn_unif_gauss/graphs/golden__v10_a15_g4.json,/home/mathis/Documents/Travail/cbnsl_benchmark/experiments/scaling/agrum3/../../../experiments/scaling/agrum3/2026-07-23_11h37_cbn_unif_gauss/graphs/CPC__v10_a15_g4_s200.json,,0.03263399899969954,15.0,15.0,0.0,0.0,0.0,0.0
cbn_unif_gauss,CMIIC,"{""alpha"": 0.05}",10,15,200,4,/home/mathis/Documents/Travail/cbnsl_benchmark/experiments/scaling/agrum3/../../../experiments/scaling/agrum3/2026-07-23_11h37_cbn_unif_gauss/graphs/golden__v10_a15_g4.json,/home/mathis/Documents/Travail/cbnsl_benchmark/experiments/scaling/agrum3/../../../experiments/scaling/agrum3/2026-07-23_11h37_cbn_unif_gauss/graphs/CMIIC__v10_a15_g4_s200.json,,0.10274696499982383,12.0,8.0,0.22222222222222224,0.896551724137931,0.5,0.8666666666666667
cbn_unif_gauss,CPC,"{""alpha"": 0.05, ""max_conditioning_set_size"": 3}",10,15,500,4,/home/mathis/Documents/Travail/cbnsl_benchmark/experiments/scaling/agrum3/../../../experiments/scaling/agrum3/2026-07-23_11h37_cbn_unif_gauss/graphs/golden__v10_a15_g4.json,/home/mathis/Documents/Travail/cbnsl_benchmark/experiments/scaling/agrum3/../../../experiments/scaling/agrum3/2026-07-23_11h37_cbn_unif_gauss/graphs/CPC__v10_a15_g4_s500.json,,0.14786551199995301,14.0,13.0,0.0,0.33333333333333337,0.0,0.2
cbn_unif_gauss,CMIIC,"{""alpha"": 0.05}",10,15,500,4,/home/mathis/Documents/Travail/cbnsl_benchmark/experiments/scaling/agrum3/../../../experiments/scaling/agrum3/2026-07-23_11h37_cbn_unif_gauss/graphs/golden__v10_a15_g4.json,/home/mathis/Documents/Travail/cbnsl_benchmark/experiments/scaling/agrum3/../../../experiments/scaling/agrum3/2026-07-23_11h37_cbn_unif_gauss/graphs/CMIIC__v10_a15_g4_s500.json,,0.4708560879998913,13.0,13.0,0.11764705882352941,0.8571428571428571,0.25,0.8
cbn_unif_gauss,CPC,"{""alpha"": 0.05, ""max_conditioning_set_size"": 3}",10,15,1000,4,/home/mathis/Documents/Travail/cbnsl_benchmark/experiments/scaling/agrum3/../../../experiments/scaling/agrum3/2026-07-23_11h37_cbn_unif_gauss/graphs/golden__v10_a15_g4.json,/home/mathis/Documents/Travail/cbnsl_benchmark/experiments/scaling/agrum3/../../../experiments/scaling/agrum3/2026-07-23_11h37_cbn_unif_gauss/graphs/CPC__v10_a15_g4_s1000.json,,0.8980806399995345,13.0,16.0,0.11764705882352941,0.608695652173913,0.1111111111111111,0.4666666666666667
cbn_unif_gauss,CMIIC,"{""alpha"": 0.05}",10,15,1000,4,/home/mathis/Documents/Travail/cbnsl_benchmark/experiments/scaling/agrum3/../../../experiments/scaling/agrum3/2026-07-23_11h37_cbn_unif_gauss/graphs/golden__v10_a15_g4.json,/home/mathis/Documents/Travail/cbnsl_benchmark/experiments/scaling/agrum3/../../../experiments/scaling/agrum3/2026-07-23_11h37_cbn_unif_gauss/graphs/CMIIC__v10_a15_g4_s1000.json,,1.389433876000112,13.0,8.0,0.2222222222222222,0.8571428571428571,0.4,0.8
cbn_unif_gauss,CPC,"{""alpha"": 0.05, ""max_conditioning_set_size"": 3}",10,15,3000,4,/home/mathis/Documents/Travail/cbnsl_benchmark/experiments/scaling/agrum3/../../../experiments/scaling/agrum3/2026-07-23_11h37_cbn_unif_gauss/graphs/golden__v10_a15_g4.json,/home/mathis/Documents/Travail/cbnsl_benchmark/experiments/scaling/agrum3/../../../experiments/scaling/agrum3/2026-07-23_11h37_cbn_unif_gauss/graphs/CPC__v10_a15_g4_s3000.json,,9.825924906000182,13.0,13.0,0.0,0.7499999999999999,0.0,0.6
cbn_unif_gauss,CMIIC,"{""alpha"": 0.05}",10,15,3000,4,/home/mathis/Documents/Travail/cbnsl_benchmark/experiments/scaling/agrum3/../../../experiments/scaling/agrum3/2026-07-23_11h37_cbn_unif_gauss/graphs/golden__v10_a15_g4.json,/home/mathis/Documents/Travail/cbnsl_benchmark/experiments/scaling/agrum3/../../../experiments/scaling/agrum3/2026-07-23_11h37_cbn_unif_gauss/graphs/CMIIC__v10_a15_g4_s3000.json,,10.213368411000374,13.0,13.0,0.2222222222222222,0.8148148148148148,0.3333333333333333,0.7333333333333333
cbn_unif_gauss,CPC,"{""alpha"": 0.05, ""max_conditioning_set_size"": 3}",10,15,5000,4,/home/mathis/Documents/Travail/cbnsl_benchmark/experiments/scaling/agrum3/../../../experiments/scaling/agrum3/2026-07-23_11h37_cbn_unif_gauss/graphs/golden__v10_a15_g4.json,/home/mathis/Documents/Travail/cbnsl_benchmark/experiments/scaling/agrum3/../../../experiments/scaling/agrum3/2026-07-23_11h37_cbn_unif_gauss/graphs/CPC__v10_a15_g4_s5000.json,,26.468579110000064,11.0,15.0,0.4210526315789474,0.888888888888889,0.5714285714285714,0.8
cbn_unif_gauss,CMIIC,"{""alpha"": 0.05}",10,15,5000,4,/home/mathis/Documents/Travail/cbnsl_benchmark/experiments/scaling/agrum3/../../../experiments/scaling/agrum3/2026-07-23_11h37_cbn_unif_gauss/graphs/golden__v10_a15_g4.json,/home/mathis/Documents/Travail/cbnsl_benchmark/experiments/scaling/agrum3/../../../experiments/scaling/agrum3/2026-07-23_11h37_cbn_unif_gauss/graphs/CMIIC__v10_a15_g4_s5000.json,,32.70673704900037,13.0,13.0,0.2222222222222222,0.8148148148148148,0.3333333333333333,0.7333333333333333
cbn_unif_gauss,CPC,"{""alpha"": 0.05, ""max_conditioning_set_size"": 3}",10,15,200,5,/home/mathis/Documents/Travail/cbnsl_benchmark/experiments/scaling/agrum3/../../../experiments/scaling/agrum3/2026-07-23_11h37_cbn_unif_gauss/graphs/golden__v10_a15_g5.json,/home/mathis/Documents/Travail/cbnsl_benchmark/experiments/scaling/agrum3/../../../experiments/scaling/agrum3/2026-07-23_11h37_cbn_unif_gauss/graphs/CPC__v10_a15_g5_s200.json,,0.028763166000317142,13.0,13.0,0.0,0.2666666666666667,0.0,0.15384615384615385
cbn_unif_gauss,CMIIC,"{""alpha"": 0.05}",10,15,200,5,/home/mathis/Documents/Travail/cbnsl_benchmark/experiments/scaling/agrum3/../../../experiments/scaling/agrum3/2026-07-23_11h37_cbn_unif_gauss/graphs/golden__v10_a15_g5.json,/home/mathis/Documents/Travail/cbnsl_benchmark/experiments/scaling/agrum3/../../../experiments/scaling/agrum3/2026-07-23_11h37_cbn_unif_gauss/graphs/CMIIC__v10_a15_g5_s200.json,,0.0867902989994036,10.0,4.0,0.5555555555555556,0.9166666666666666,0.7142857142857143,0.8461538461538461
cbn_unif_gauss,CPC,"{""alpha"": 0.05, ""max_conditioning_set_size"": 3}",10,15,500,5,/home/mathis/Documents/Travail/cbnsl_benchmark/experiments/scaling/agrum3/../../../experiments/scaling/agrum3/2026-07-23_11h37_cbn_unif_gauss/graphs/golden__v10_a15_g5.json,/home/mathis/Documents/Travail/cbnsl_benchmark/experiments/scaling/agrum3/../../../experiments/scaling/agrum3/2026-07-23_11h37_cbn_unif_gauss/graphs/CPC__v10_a15_g5_s500.json,,0.22289440000076866,11.0,12.0,0.0,0.375,0.0,0.23076923076923078
cbn_unif_gauss,CMIIC,"{""alpha"": 0.05}",10,15,500,5,/home/mathis/Documents/Travail/cbnsl_benchmark/experiments/scaling/agrum3/../../../experiments/scaling/agrum3/2026-07-23_11h37_cbn_unif_gauss/graphs/golden__v10_a15_g5.json,/home/mathis/Documents/Travail/cbnsl_benchmark/experiments/scaling/agrum3/../../../experiments/scaling/agrum3/2026-07-23_11h37_cbn_unif_gauss/graphs/CMIIC__v10_a15_g5_s500.json,,0.396778594999887,12.0,9.0,0.37499999999999994,0.8695652173913044,0.5,0.7692307692307693
cbn_unif_gauss,CPC,"{""alpha"": 0.05, ""max_conditioning_set_size"": 3}",10,15,1000,5,/home/mathis/Documents/Travail/cbnsl_benchmark/experiments/scaling/agrum3/../../../experiments/scaling/agrum3/2026-07-23_11h37_cbn_unif_gauss/graphs/golden__v10_a15_g5.json,/home/mathis/Documents/Travail/cbnsl_benchmark/experiments/scaling/agrum3/../../../experiments/scaling/agrum3/2026-07-23_11h37_cbn_unif_gauss/graphs/CPC__v10_a15_g5_s1000.json,,1.0475460939996992,8.0,9.0,0.0,0.7000000000000001,0.0,0.5384615384615384
cbn_unif_gauss,CMIIC,"{""alpha"": 0.05}",10,15,1000,5,/home/mathis/Documents/Travail/cbnsl_benchmark/experiments/scaling/agrum3/../../../experiments/scaling/agrum3/2026-07-23_11h37_cbn_unif_gauss/graphs/golden__v10_a15_g5.json,/home/mathis/Documents/Travail/cbnsl_benchmark/experiments/scaling/agrum3/../../../experiments/scaling/agrum3/2026-07-23_11h37_cbn_unif_gauss/graphs/CMIIC__v10_a15_g5_s1000.json,,1.4337520540002515,10.0,4.0,0.5555555555555556,0.9166666666666666,0.7142857142857143,0.8461538461538461
cbn_unif_gauss,CPC,"{""alpha"": 0.05, ""max_conditioning_set_size"": 3}",10,15,3000,5,/home/mathis/Documents/Travail/cbnsl_benchmark/experiments/scaling/agrum3/../../../experiments/scaling/agrum3/2026-07-23_11h37_cbn_unif_gauss/graphs/golden__v10_a15_g5.json,/home/mathis/Documents/Travail/cbnsl_benchmark/experiments/scaling/agrum3/../../../experiments/scaling/agrum3/2026-07-23_11h37_cbn_unif_gauss/graphs/CPC__v10_a15_g5_s3000.json,,12.172478227999818,9.0,11.0,0.0,0.6666666666666667,0.0,0.5384615384615384
cbn_unif_gauss,CMIIC,"{""alpha"": 0.05}",10,15,3000,5,/home/mathis/Documents/Travail/cbnsl_benchmark/experiments/scaling/agrum3/../../../experiments/scaling/agrum3/2026-07-23_11h37_cbn_unif_gauss/graphs/golden__v10_a15_g5.json,/home/mathis/Documents/Travail/cbnsl_benchmark/experiments/scaling/agrum3/../../../experiments/scaling/agrum3/2026-07-23_11h37_cbn_unif_gauss/graphs/CMIIC__v10_a15_g5_s3000.json,,8.345021217000067,8.0,9.0,0.0,0.8181818181818181,0.0,0.6923076923076923
cbn_unif_gauss,CPC,"{""alpha"": 0.05, ""max_conditioning_set_size"": 3}",10,15,5000,5,/home/mathis/Documents/Travail/cbnsl_benchmark/experiments/scaling/agrum3/../../../experiments/scaling/agrum3/2026-07-23_11h37_cbn_unif_gauss/graphs/golden__v10_a15_g5.json,/home/mathis/Documents/Travail/cbnsl_benchmark/experiments/scaling/agrum3/../../../experiments/scaling/agrum3/2026-07-23_11h37_cbn_unif_gauss/graphs/CPC__v10_a15_g5_s5000.json,,34.03875934699954,9.0,10.0,0.0,0.7826086956521738,0.0,0.6923076923076923
cbn_unif_gauss,CMIIC,"{""alpha"": 0.05}",10,15,5000,5,/home/mathis/Documents/Travail/cbnsl_benchmark/experiments/scaling/agrum3/../../../experiments/scaling/agrum3/2026-07-23_11h37_cbn_unif_gauss/graphs/golden__v10_a15_g5.json,/home/mathis/Documents/Travail/cbnsl_benchmark/experiments/scaling/agrum3/../../../experiments/scaling/agrum3/2026-07-23_11h37_cbn_unif_gauss/graphs/CMIIC__v10_a15_g5_s5000.json,,23.318248544999733,8.0,9.0,0.0,0.8181818181818181,0.0,0.6923076923076923
cbn_unif_gauss,CPC,"{""alpha"": 0.05, ""max_conditioning_set_size"": 3}",10,15,200,6,/home/mathis/Documents/Travail/cbnsl_benchmark/experiments/scaling/agrum3/../../../experiments/scaling/agrum3/2026-07-23_11h37_cbn_unif_gauss/graphs/golden__v10_a15_g6.json,/home/mathis/Documents/Travail/cbnsl_benchmark/experiments/scaling/agrum3/../../../experiments/scaling/agrum3/2026-07-23_11h37_cbn_unif_gauss/graphs/CPC__v10_a15_g6_s200.json,,0.030752657999983057,14.0,15.0,0.0,0.33333333333333337,0.0,0.2
cbn_unif_gauss,CMIIC,"{""alpha"": 0.05}",10,15,200,6,/home/mathis/Documents/Travail/cbnsl_benchmark/experiments/scaling/agrum3/../../../experiments/scaling/agrum3/2026-07-23_11h37_cbn_unif_gauss/graphs/golden__v10_a15_g6.json,/home/mathis/Documents/Travail/cbnsl_benchmark/experiments/scaling/agrum3/../../../experiments/scaling/agrum3/2026-07-23_11h37_cbn_unif_gauss/graphs/CMIIC__v10_a15_g6_s200.json,,0.08775995100040745,11.0,12.0,0.0,0.846153846153846,0.0,0.7333333333333333
cbn_unif_gauss,CPC,"{""alpha"": 0.05, ""max_conditioning_set_size"": 3}",10,15,500,6,/home/mathis/Documents/Travail/cbnsl_benchmark/experiments/scaling/agrum3/../../../experiments/scaling/agrum3/2026-07-23_11h37_cbn_unif_gauss/graphs/golden__v10_a15_g6.json,/home/mathis/Documents/Travail/cbnsl_benchmark/experiments/scaling/agrum3/../../../experiments/scaling/agrum3/2026-07-23_11h37_cbn_unif_gauss/graphs/CPC__v10_a15_g6_s500.json,,0.17641744499997003,13.0,15.0,0.0,0.23529411764705882,0.0,0.13333333333333333
cbn_unif_gauss,CMIIC,"{""alpha"": 0.05}",10,15,500,6,/home/mathis/Documents/Travail/cbnsl_benchmark/experiments/scaling/agrum3/../../../experiments/scaling/agrum3/2026-07-23_11h37_cbn_unif_gauss/graphs/golden__v10_a15_g6.json,/home/mathis/Documents/Travail/cbnsl_benchmark/experiments/scaling/agrum3/../../../experiments/scaling/agrum3/2026-07-23_11h37_cbn_unif_gauss/graphs/CMIIC__v10_a15_g6_s500.json,,0.34575334300006944,10.0,13.0,0.0,0.7499999999999999,0.0,0.6
cbn_unif_gauss,CPC,"{""alpha"": 0.05, ""max_conditioning_set_size"": 3}",10,15,1000,6,/home/mathis/Documents/Travail/cbnsl_benchmark/experiments/scaling/agrum3/../../../experiments/scaling/agrum3/2026-07-23_11h37_cbn_unif_gauss/graphs/golden__v10_a15_g6.json,/home/mathis/Documents/Travail/cbnsl_benchmark/experiments/scaling/agrum3/../../../experiments/scaling/agrum3/2026-07-23_11h37_cbn_unif_gauss/graphs/CPC__v10_a15_g6_s1000.json,,0.8774443600004815,10.0,13.0,0.0,0.6363636363636364,0.0,0.4666666666666667
cbn_unif_gauss,CMIIC,"{""alpha"": 0.05}",10,15,1000,6,/home/mathis/Documents/Travail/cbnsl_benchmark/experiments/scaling/agrum3/../../../experiments/scaling/agrum3/2026-07-23_11h37_cbn_unif_gauss/graphs/golden__v10_a15_g6.json,/home/mathis/Documents/Travail/cbnsl_benchmark/experiments/scaling/agrum3/../../../experiments/scaling/agrum3/2026-07-23_11h37_cbn_unif_gauss/graphs/CMIIC__v10_a15_g6_s1000.json,,1.3478368880005291,8.0,11.0,0.23529411764705882,0.8,0.2857142857142857,0.6666666666666666
cbn_unif_gauss,CPC,"{""alpha"": 0.05, ""max_conditioning_set_size"": 3}",10,15,3000,6,/home/mathis/Documents/Travail/cbnsl_benchmark/experiments/scaling/agrum3/../../../experiments/scaling/agrum3/2026-07-23_11h37_cbn_unif_gauss/graphs/golden__v10_a15_g6.json,/home/mathis/Documents/Travail/cbnsl_benchmark/experiments/scaling/agrum3/../../../experiments/scaling/agrum3/2026-07-23_11h37_cbn_unif_gauss/graphs/CPC__v10_a15_g6_s3000.json,,9.49552016799953,13.0,12.0,0.23529411764705885,0.846153846153846,0.3333333333333333,0.7333333333333333
cbn_unif_gauss,CMIIC,"{""alpha"": 0.05}",10,15,3000,6,/home/mathis/Documents/Travail/cbnsl_benchmark/experiments/scaling/agrum3/../../../experiments/scaling/agrum3/2026-07-23_11h37_cbn_unif_gauss/graphs/golden__v10_a15_g6.json,/home/mathis/Documents/Travail/cbnsl_benchmark/experiments/scaling/agrum3/../../../experiments/scaling/agrum3/2026-07-23_11h37_cbn_unif_gauss/graphs/CMIIC__v10_a15_g6_s3000.json,,9.770878274000097,10.0,13.0,0.0,0.7499999999999999,0.0,0.6
cbn_unif_gauss,CPC,"{""alpha"": 0.05, ""max_conditioning_set_size"": 3}",10,15,5000,6,/home/mathis/Documents/Travail/cbnsl_benchmark/experiments/scaling/agrum3/../../../experiments/scaling/agrum3/2026-07-23_11h37_cbn_unif_gauss/graphs/golden__v10_a15_g6.json,/home/mathis/Documents/Travail/cbnsl_benchmark/experiments/scaling/agrum3/../../../experiments/scaling/agrum3/2026-07-23_11h37_cbn_unif_gauss/graphs/CPC__v10_a15_g6_s5000.json,,26.30799400200067,13.0,12.0,0.23529411764705885,0.846153846153846,0.3333333333333333,0.7333333333333333
cbn_unif_gauss,CMIIC,"{""alpha"": 0.05}",10,15,5000,6,/home/mathis/Documents/Travail/cbnsl_benchmark/experiments/scaling/agrum3/../../../experiments/scaling/agrum3/2026-07-23_11h37_cbn_unif_gauss/graphs/golden__v10_a15_g6.json,/home/mathis/Documents/Travail/cbnsl_benchmark/experiments/scaling/agrum3/../../../experiments/scaling/agrum3/2026-07-23_11h37_cbn_unif_gauss/graphs/CMIIC__v10_a15_g6_s5000.json,,24.522439819000283,8.0,11.0,0.23529411764705882,0.8,0.2857142857142857,0.6666666666666666
cbn_unif_gauss,CPC,"{""alpha"": 0.05, ""max_conditioning_set_size"": 3}",10,15,200,7,/home/mathis/Documents/Travail/cbnsl_benchmark/experiments/scaling/agrum3/../../../experiments/scaling/agrum3/2026-07-23_11h37_cbn_unif_gauss/graphs/golden__v10_a15_g7.json,/home/mathis/Documents/Travail/cbnsl_benchmark/experiments/scaling/agrum3/../../../experiments/scaling/agrum3/2026-07-23_11h37_cbn_unif_gauss/graphs/CPC__v10_a15_g7_s200.json,,0.027034377999370918,15.0,13.0,0.0,0.23529411764705882,0.0,0.13333333333333333
cbn_unif_gauss,CMIIC,"{""alpha"": 0.05}",10,15,200,7,/home/mathis/Documents/Travail/cbnsl_benchmark/experiments/scaling/agrum3/../../../experiments/scaling/agrum3/2026-07-23_11h37_cbn_unif_gauss/graphs/golden__v10_a15_g7.json,/home/mathis/Documents/Travail/cbnsl_benchmark/experiments/scaling/agrum3/../../../experiments/scaling/agrum3/2026-07-23_11h37_cbn_unif_gauss/graphs/CMIIC__v10_a15_g7_s200.json,,0.08545044499987853,14.0,11.0,0.3157894736842105,0.7692307692307692,0.375,0.6666666666666666
cbn_unif_gauss,CPC,"{""alpha"": 0.05, ""max_conditioning_set_size"": 3}",10,15,500,7,/home/mathis/Documents/Travail/cbnsl_benchmark/experiments/scaling/agrum3/../../../experiments/scaling/agrum3/2026-07-23_11h37_cbn_unif_gauss/graphs/golden__v10_a15_g7.json,/home/mathis/Documents/Travail/cbnsl_benchmark/experiments/scaling/agrum3/../../../experiments/scaling/agrum3/2026-07-23_11h37_cbn_unif_gauss/graphs/CPC__v10_a15_g7_s500.json,,0.2646240140002192,14.0,14.0,0.0,0.33333333333333337,0.0,0.2
cbn_unif_gauss,CMIIC,"{""alpha"": 0.05}",10,15,500,7,/home/mathis/Documents/Travail/cbnsl_benchmark/experiments/scaling/agrum3/../../../experiments/scaling/agrum3/2026-07-23_11h37_cbn_unif_gauss/graphs/golden__v10_a15_g7.json,/home/mathis/Documents/Travail/cbnsl_benchmark/experiments/scaling/agrum3/../../../experiments/scaling/agrum3/2026-07-23_11h37_cbn_unif_gauss/graphs/CMIIC__v10_a15_g7_s500.json,,0.3560559530005776,14.0,11.0,0.3157894736842105,0.7692307692307692,0.375,0.6666666666666666
cbn_unif_gauss,CPC,"{""alpha"": 0.05, ""max_conditioning_set_size"": 3}",10,15,1000,7,/home/mathis/Documents/Travail/cbnsl_benchmark/experiments/scaling/agrum3/../../../experiments/scaling/agrum3/2026-07-23_11h37_cbn_unif_gauss/graphs/golden__v10_a15_g7.json,/home/mathis/Documents/Travail/cbnsl_benchmark/experiments/scaling/agrum3/../../../experiments/scaling/agrum3/2026-07-23_11h37_cbn_unif_gauss/graphs/CPC__v10_a15_g7_s1000.json,,0.8379123699996853,15.0,13.0,0.0,0.47619047619047616,0.0,0.3333333333333333
cbn_unif_gauss,CMIIC,"{""alpha"": 0.05}",10,15,1000,7,/home/mathis/Documents/Travail/cbnsl_benchmark/experiments/scaling/agrum3/../../../experiments/scaling/agrum3/2026-07-23_11h37_cbn_unif_gauss/graphs/golden__v10_a15_g7.json,/home/mathis/Documents/Travail/cbnsl_benchmark/experiments/scaling/agrum3/../../../experiments/scaling/agrum3/2026-07-23_11h37_cbn_unif_gauss/graphs/CMIIC__v10_a15_g7_s1000.json,,1.3682713480002349,14.0,7.0,0.3157894736842105,0.8148148148148148,0.42857142857142855,0.7333333333333333
cbn_unif_gauss,CPC,"{""alpha"": 0.05, ""max_conditioning_set_size"": 3}",10,15,3000,7,/home/mathis/Documents/Travail/cbnsl_benchmark/experiments/scaling/agrum3/../../../experiments/scaling/agrum3/2026-07-23_11h37_cbn_unif_gauss/graphs/golden__v10_a15_g7.json,/home/mathis/Documents/Travail/cbnsl_benchmark/experiments/scaling/agrum3/../../../experiments/scaling/agrum3/2026-07-23_11h37_cbn_unif_gauss/graphs/CPC__v10_a15_g7_s3000.json,,10.41135733200008,14.0,9.0,0.12500000000000003,0.846153846153846,0.2,0.7333333333333333
cbn_unif_gauss,CMIIC,"{""alpha"": 0.05}",10,15,3000,7,/home/mathis/Documents/Travail/cbnsl_benchmark/experiments/scaling/agrum3/../../../experiments/scaling/agrum3/2026-07-23_11h37_cbn_unif_gauss/graphs/golden__v10_a15_g7.json,/home/mathis/Documents/Travail/cbnsl_benchmark/experiments/scaling/agrum3/../../../experiments/scaling/agrum3/2026-07-23_11h37_cbn_unif_gauss/graphs/CMIIC__v10_a15_g7_s3000.json,,9.383385852000174,8.0,10.0,0.6086956521739131,0.7692307692307692,0.5833333333333334,0.6666666666666666
cbn_unif_gauss,CPC,"{""alpha"": 0.05, ""max_conditioning_set_size"": 3}",10,15,5000,7,/home/mathis/Documents/Travail/cbnsl_benchmark/experiments/scaling/agrum3/../../../experiments/scaling/agrum3/2026-07-23_11h37_cbn_unif_gauss/graphs/golden__v10_a15_g7.json,/home/mathis/Documents/Travail/cbnsl_benchmark/experiments/scaling/agrum3/../../../experiments/scaling/agrum3/2026-07-23_11h37_cbn_unif_gauss/graphs/CPC__v10_a15_g7_s5000.json,,31.578121593000105,14.0,12.0,0.23529411764705882,0.888888888888889,0.4,0.8
cbn_unif_gauss,CMIIC,"{""alpha"": 0.05}",10,15,5000,7,/home/mathis/Documents/Travail/cbnsl_benchmark/experiments/scaling/agrum3/../../../experiments/scaling/agrum3/2026-07-23_11h37_cbn_unif_gauss/graphs/golden__v10_a15_g7.json,/home/mathis/Documents/Travail/cbnsl_benchmark/experiments/scaling/agrum3/../../../experiments/scaling/agrum3/2026-07-23_11h37_cbn_unif_gauss/graphs/CMIIC__v10_a15_g7_s5000.json,,27.354755694999767,8.0,10.0,0.6086956521739131,0.7692307692307692,0.5833333333333334,0.6666666666666666
cbn_unif_gauss,CPC,"{""alpha"": 0.05, ""max_conditioning_set_size"": 3}",10,15,200,8,/home/mathis/Documents/Travail/cbnsl_benchmark/experiments/scaling/agrum3/../../../experiments/scaling/agrum3/2026-07-23_11h37_cbn_unif_gauss/graphs/golden__v10_a15_g8.json,/home/mathis/Documents/Travail/cbnsl_benchmark/experiments/scaling/agrum3/../../../experiments/scaling/agrum3/2026-07-23_11h37_cbn_unif_gauss/graphs/CPC__v10_a15_g8_s200.json,,0.03255875900049432,14.0,14.0,0.0,0.0,0.0,0.0
cbn_unif_gauss,CMIIC,"{""alpha"": 0.05}",10,15,200,8,/home/mathis/Documents/Travail/cbnsl_benchmark/experiments/scaling/agrum3/../../../experiments/scaling/agrum3/2026-07-23_11h37_cbn_unif_gauss/graphs/golden__v10_a15_g8.json,/home/mathis/Documents/Travail/cbnsl_benchmark/experiments/scaling/agrum3/../../../experiments/scaling/agrum3/2026-07-23_11h37_cbn_unif_gauss/graphs/CMIIC__v10_a15_g8_s200.json,,0.10642843099958554,8.0,4.0,0.25,0.962962962962963,0.6666666666666666,0.9285714285714286
cbn_unif_gauss,CPC,"{""alpha"": 0.05, ""max_conditioning_set_size"": 3}",10,15,500,8,/home/mathis/Documents/Travail/cbnsl_benchmark/experiments/scaling/agrum3/../../../experiments/scaling/agrum3/2026-07-23_11h37_cbn_unif_gauss/graphs/golden__v10_a15_g8.json,/home/mathis/Documents/Travail/cbnsl_benchmark/experiments/scaling/agrum3/../../../experiments/scaling/agrum3/2026-07-23_11h37_cbn_unif_gauss/graphs/CPC__v10_a15_g8_s500.json,,0.19182253100007074,13.0,13.0,0.0,0.13333333333333333,0.0,0.07142857142857142
cbn_unif_gauss,CMIIC,"{""alpha"": 0.05}",10,15,500,8,/home/mathis/Documents/Travail/cbnsl_benchmark/experiments/scaling/agrum3/../../../experiments/scaling/agrum3/2026-07-23_11h37_cbn_unif_gauss/graphs/golden__v10_a15_g8.json,/home/mathis/Documents/Travail/cbnsl_benchmark/experiments/scaling/agrum3/../../../experiments/scaling/agrum3/2026-07-23_11h37_cbn_unif_gauss/graphs/CMIIC__v10_a15_g8_s500.json,,0.47987028599982295,8.0,4.0,0.25,0.962962962962963,0.6666666666666666,0.9285714285714286
cbn_unif_gauss,CPC,"{""alpha"": 0.05, ""max_conditioning_set_size"": 3}",10,15,1000,8,/home/mathis/Documents/Travail/cbnsl_benchmark/experiments/scaling/agrum3/../../../experiments/scaling/agrum3/2026-07-23_11h37_cbn_unif_gauss/graphs/golden__v10_a15_g8.json,/home/mathis/Documents/Travail/cbnsl_benchmark/experiments/scaling/agrum3/../../../experiments/scaling/agrum3/2026-07-23_11h37_cbn_unif_gauss/graphs/CPC__v10_a15_g8_s1000.json,,1.2789882099996248,8.0,9.0,0.0,0.8333333333333333,0.0,0.7142857142857143
cbn_unif_gauss,CMIIC,"{""alpha"": 0.05}",10,15,1000,8,/home/mathis/Documents/Travail/cbnsl_benchmark/experiments/scaling/agrum3/../../../experiments/scaling/agrum3/2026-07-23_11h37_cbn_unif_gauss/graphs/golden__v10_a15_g8.json,/home/mathis/Documents/Travail/cbnsl_benchmark/experiments/scaling/agrum3/../../../experiments/scaling/agrum3/2026-07-23_11h37_cbn_unif_gauss/graphs/CMIIC__v10_a15_g8_s1000.json,,1.6241837039997336,10.0,6.0,0.25,0.962962962962963,0.6666666666666666,0.9285714285714286
cbn_unif_gauss,CPC,"{""alpha"": 0.05, ""max_conditioning_set_size"": 3}",10,15,3000,8,/home/mathis/Documents/Travail/cbnsl_benchmark/experiments/scaling/agrum3/../../../experiments/scaling/agrum3/2026-07-23_11h37_cbn_unif_gauss/graphs/golden__v10_a15_g8.json,/home/mathis/Documents/Travail/cbnsl_benchmark/experiments/scaling/agrum3/../../../experiments/scaling/agrum3/2026-07-23_11h37_cbn_unif_gauss/graphs/CPC__v10_a15_g8_s3000.json,,15.56743929700042,10.0,12.0,0.0,0.5263157894736842,0.0,0.35714285714285715
cbn_unif_gauss,CMIIC,"{""alpha"": 0.05}",10,15,3000,8,/home/mathis/Documents/Travail/cbnsl_benchmark/experiments/scaling/agrum3/../../../experiments/scaling/agrum3/2026-07-23_11h37_cbn_unif_gauss/graphs/golden__v10_a15_g8.json,/home/mathis/Documents/Travail/cbnsl_benchmark/experiments/scaling/agrum3/../../../experiments/scaling/agrum3/2026-07-23_11h37_cbn_unif_gauss/graphs/CMIIC__v10_a15_g8_s3000.json,,14.906226471999616,7.0,3.0,0.25,1.0,1.0,1.0
cbn_unif_gauss,CPC,"{""alpha"": 0.05, ""max_conditioning_set_size"": 3}",10,15,5000,8,/home/mathis/Documents/Travail/cbnsl_benchmark/experiments/scaling/agrum3/../../../experiments/scaling/agrum3/2026-07-23_11h37_cbn_unif_gauss/graphs/golden__v10_a15_g8.json,/home/mathis/Documents/Travail/cbnsl_benchmark/experiments/scaling/agrum3/../../../experiments/scaling/agrum3/2026-07-23_11h37_cbn_unif_gauss/graphs/CPC__v10_a15_g8_s5000.json,,50.365754461000506,9.0,7.0,0.13333333333333333,0.8333333333333333,0.2,0.7142857142857143
cbn_unif_gauss,CMIIC,"{""alpha"": 0.05}",10,15,5000,8,/home/mathis/Documents/Travail/cbnsl_benchmark/experiments/scaling/agrum3/../../../experiments/scaling/agrum3/2026-07-23_11h37_cbn_unif_gauss/graphs/golden__v10_a15_g8.json,/home/mathis/Documents/Travail/cbnsl_benchmark/experiments/scaling/agrum3/../../../experiments/scaling/agrum3/2026-07-23_11h37_cbn_unif_gauss/graphs/CMIIC__v10_a15_g8_s5000.json,,38.111977006000416,7.0,3.0,0.25,1.0,1.0,1.0
cbn_unif_gauss,CPC,"{""alpha"": 0.05, ""max_conditioning_set_size"": 3}",10,15,200,9,/home/mathis/Documents/Travail/cbnsl_benchmark/experiments/scaling/agrum3/../../../experiments/scaling/agrum3/2026-07-23_11h37_cbn_unif_gauss/graphs/golden__v10_a15_g9.json,/home/mathis/Documents/Travail/cbnsl_benchmark/experiments/scaling/agrum3/../../../experiments/scaling/agrum3/2026-07-23_11h37_cbn_unif_gauss/graphs/CPC__v10_a15_g9_s200.json,,0.03473381900039385,13.0,13.0,0.0,0.0,0.0,0.0
cbn_unif_gauss,CMIIC,"{""alpha"": 0.05}",10,15,200,9,/home/mathis/Documents/Travail/cbnsl_benchmark/experiments/scaling/agrum3/../../../experiments/scaling/agrum3/2026-07-23_11h37_cbn_unif_gauss/graphs/golden__v10_a15_g9.json,/home/mathis/Documents/Travail/cbnsl_benchmark/experiments/scaling/agrum3/../../../experiments/scaling/agrum3/2026-07-23_11h37_cbn_unif_gauss/graphs/CMIIC__v10_a15_g9_s200.json,,0.13994267799989757,13.0,4.0,0.0,0.9600000000000001,0.0,0.9230769230769231
cbn_unif_gauss,CPC,"{""alpha"": 0.05, ""max_conditioning_set_size"": 3}",10,15,500,9,/home/mathis/Documents/Travail/cbnsl_benchmark/experiments/scaling/agrum3/../../../experiments/scaling/agrum3/2026-07-23_11h37_cbn_unif_gauss/graphs/golden__v10_a15_g9.json,/home/mathis/Documents/Travail/cbnsl_benchmark/experiments/scaling/agrum3/../../../experiments/scaling/agrum3/2026-07-23_11h37_cbn_unif_gauss/graphs/CPC__v10_a15_g9_s500.json,,0.24010784199981572,12.0,12.0,0.0,0.2666666666666667,0.0,0.15384615384615385
cbn_unif_gauss,CMIIC,"{""alpha"": 0.05}",10,15,500,9,/home/mathis/Documents/Travail/cbnsl_benchmark/experiments/scaling/agrum3/../../../experiments/scaling/agrum3/2026-07-23_11h37_cbn_unif_gauss/graphs/golden__v10_a15_g9.json,/home/mathis/Documents/Travail/cbnsl_benchmark/experiments/scaling/agrum3/../../../experiments/scaling/agrum3/2026-07-23_11h37_cbn_unif_gauss/graphs/CMIIC__v10_a15_g9_s500.json,,0.4285628369998449,13.0,2.0,0.0,0.9600000000000001,0.0,0.9230769230769231
cbn_unif_gauss,CPC,"{""alpha"": 0.05, ""max_conditioning_set_size"": 3}",10,15,1000,9,/home/mathis/Documents/Travail/cbnsl_benchmark/experiments/scaling/agrum3/../../../experiments/scaling/agrum3/2026-07-23_11h37_cbn_unif_gauss/graphs/golden__v10_a15_g9.json,/home/mathis/Documents/Travail/cbnsl_benchmark/experiments/scaling/agrum3/../../../experiments/scaling/agrum3/2026-07-23_11h37_cbn_unif_gauss/graphs/CPC__v10_a15_g9_s1000.json,,1.4244400249999671,8.0,10.0,0.26666666666666666,0.8695652173913044,0.4,0.7692307692307693
cbn_unif_gauss,CMIIC,"{""alpha"": 0.05}",10,15,1000,9,/home/mathis/Documents/Travail/cbnsl_benchmark/experiments/scaling/agrum3/../../../experiments/scaling/agrum3/2026-07-23_11h37_cbn_unif_gauss/graphs/golden__v10_a15_g9.json,/home/mathis/Documents/Travail/cbnsl_benchmark/experiments/scaling/agrum3/../../../experiments/scaling/agrum3/2026-07-23_11h37_cbn_unif_gauss/graphs/CMIIC__v10_a15_g9_s1000.json,,1.6004734730004202,9.0,0.0,0.47058823529411764,1.0,1.0,1.0
cbn_unif_gauss,CPC,"{""alpha"": 0.05, ""max_conditioning_set_size"": 3}",10,15,3000,9,/home/mathis/Documents/Travail/cbnsl_benchmark/experiments/scaling/agrum3/../../../experiments/scaling/agrum3/2026-07-23_11h37_cbn_unif_gauss/graphs/golden__v10_a15_g9.json,/home/mathis/Documents/Travail/cbnsl_benchmark/experiments/scaling/agrum3/../../../experiments/scaling/agrum3/2026-07-23_11h37_cbn_unif_gauss/graphs/CPC__v10_a15_g9_s3000.json,,20.506959897999877,10.0,11.0,0.0,0.8181818181818181,0.0,0.6923076923076923
cbn_unif_gauss,CMIIC,"{""alpha"": 0.05}",10,15,3000,9,/home/mathis/Documents/Travail/cbnsl_benchmark/experiments/scaling/agrum3/../../../experiments/scaling/agrum3/2026-07-23_11h37_cbn_unif_gauss/graphs/golden__v10_a15_g9.json,/home/mathis/Documents/Travail/cbnsl_benchmark/experiments/scaling/agrum3/../../../experiments/scaling/agrum3/2026-07-23_11h37_cbn_unif_gauss/graphs/CMIIC__v10_a15_g9_s3000.json,,11.884023132000038,9.0,0.0,0.47058823529411764,1.0,1.0,1.0
cbn_unif_gauss,CPC,"{""alpha"": 0.05, ""max_conditioning_set_size"": 3}",10,15,5000,9,/home/mathis/Documents/Travail/cbnsl_benchmark/experiments/scaling/agrum3/../../../experiments/scaling/agrum3/2026-07-23_11h37_cbn_unif_gauss/graphs/golden__v10_a15_g9.json,/home/mathis/Documents/Travail/cbnsl_benchmark/experiments/scaling/agrum3/../../../experiments/scaling/agrum3/2026-07-23_11h37_cbn_unif_gauss/graphs/CPC__v10_a15_g9_s5000.json,,50.19641003000015,9.0,9.0,0.14285714285714288,0.8695652173913044,0.25,0.7692307692307693
cbn_unif_gauss,CMIIC,"{""alpha"": 0.05}",10,15,5000,9,/home/mathis/Documents/Travail/cbnsl_benchmark/experiments/scaling/agrum3/../../../experiments/scaling/agrum3/2026-07-23_11h37_cbn_unif_gauss/graphs/golden__v10_a15_g9.json,/home/mathis/Documents/Travail/cbnsl_benchmark/experiments/scaling/agrum3/../../../experiments/scaling/agrum3/2026-07-23_11h37_cbn_unif_gauss/graphs/CMIIC__v10_a15_g9_s5000.json,,36.47199713600003,9.0,0.0,0.47058823529411764,1.0,1.0,1.0
cbn_unif_gauss,CPC,"{""alpha"": 0.05, ""max_conditioning_set_size"": 3}",10,15,200,10,/home/mathis/Documents/Travail/cbnsl_benchmark/experiments/scaling/agrum3/../../../experiments/scaling/agrum3/2026-07-23_11h37_cbn_unif_gauss/graphs/golden__v10_a15_g10.json,/home/mathis/Documents/Travail/cbnsl_benchmark/experiments/scaling/agrum3/../../../experiments/scaling/agrum3/2026-07-23_11h37_cbn_unif_gauss/graphs/CPC__v10_a15_g10_s200.json,,0.03604058699966117,14.0,13.0,0.0,0.13333333333333333,0.0,0.07142857142857142
cbn_unif_gauss,CMIIC,"{""alpha"": 0.05}",10,15,200,10,/home/mathis/Documents/Travail/cbnsl_benchmark/experiments/scaling/agrum3/../../../experiments/scaling/agrum3/2026-07-23_11h37_cbn_unif_gauss/graphs/golden__v10_a15_g10.json,/home/mathis/Documents/Travail/cbnsl_benchmark/experiments/scaling/agrum3/../../../experiments/scaling/agrum3/2026-07-23_11h37_cbn_unif_gauss/graphs/CMIIC__v10_a15_g10_s200.json,,0.10025777999999264,8.0,10.0,0.3333333333333333,0.8461538461538461,0.5,0.7857142857142857
cbn_unif_gauss,CPC,"{""alpha"": 0.05, ""max_conditioning_set_size"": 3}",10,15,500,10,/home/mathis/Documents/Travail/cbnsl_benchmark/experiments/scaling/agrum3/../../../experiments/scaling/agrum3/2026-07-23_11h37_cbn_unif_gauss/graphs/golden__v10_a15_g10.json,/home/mathis/Documents/Travail/cbnsl_benchmark/experiments/scaling/agrum3/../../../experiments/scaling/agrum3/2026-07-23_11h37_cbn_unif_gauss/graphs/CPC__v10_a15_g10_s500.json,,0.21723164099967107,13.0,13.0,0.0,0.25,0.0,0.14285714285714285
cbn_unif_gauss,CMIIC,"{""alpha"": 0.05}",10,15,500,10,/home/mathis/Documents/Travail/cbnsl_benchmark/experiments/scaling/agrum3/../../../experiments/scaling/agrum3/2026-07-23_11h37_cbn_unif_gauss/graphs/golden__v10_a15_g10.json,/home/mathis/Documents/Travail/cbnsl_benchmark/experiments/scaling/agrum3/../../../experiments/scaling/agrum3/2026-07-23_11h37_cbn_unif_gauss/graphs/CMIIC__v10_a15_g10_s500.json,,0.5142565460000696,10.0,13.0,0.0,0.923076923076923,0.0,0.8571428571428571
cbn_unif_gauss,CPC,"{""alpha"": 0.05, ""max_conditioning_set_size"": 3}",10,15,1000,10,/home/mathis/Documents/Travail/cbnsl_benchmark/experiments/scaling/agrum3/../../../experiments/scaling/agrum3/2026-07-23_11h37_cbn_unif_gauss/graphs/golden__v10_a15_g10.json,/home/mathis/Documents/Travail/cbnsl_benchmark/experiments/scaling/agrum3/../../../experiments/scaling/agrum3/2026-07-23_11h37_cbn_unif_gauss/graphs/CPC__v10_a15_g10_s1000.json,,1.1831284299996696,10.0,11.0,0.0,0.7272727272727273,0.0,0.5714285714285714
cbn_unif_gauss,CMIIC,"{""alpha"": 0.05}",10,15,1000,10,/home/mathis/Documents/Travail/cbnsl_benchmark/experiments/scaling/agrum3/../../../experiments/scaling/agrum3/2026-07-23_11h37_cbn_unif_gauss/graphs/golden__v10_a15_g10.json,/home/mathis/Documents/Travail/cbnsl_benchmark/experiments/scaling/agrum3/../../../experiments/scaling/agrum3/2026-07-23_11h37_cbn_unif_gauss/graphs/CMIIC__v10_a15_g10_s1000.json,,1.7888331129997823,13.0,13.0,0.4444444444444444,0.962962962962963,0.8,0.9285714285714286
cbn_unif_gauss,CPC,"{""alpha"": 0.05, ""max_conditioning_set_size"": 3}",10,15,3000,10,/home/mathis/Documents/Travail/cbnsl_benchmark/experiments/scaling/agrum3/../../../experiments/scaling/agrum3/2026-07-23_11h37_cbn_unif_gauss/graphs/golden__v10_a15_g10.json,/home/mathis/Documents/Travail/cbnsl_benchmark/experiments/scaling/agrum3/../../../experiments/scaling/agrum3/2026-07-23_11h37_cbn_unif_gauss/graphs/CPC__v10_a15_g10_s3000.json,,11.344295064999642,13.0,9.0,0.0,0.782608695652174,0.0,0.6428571428571429
cbn_unif_gauss,CMIIC,"{""alpha"": 0.05}",10,15,3000,10,/home/mathis/Documents/Travail/cbnsl_benchmark/experiments/scaling/agrum3/../../../experiments/scaling/agrum3/2026-07-23_11h37_cbn_unif_gauss/graphs/golden__v10_a15_g10.json,/home/mathis/Documents/Travail/cbnsl_benchmark/experiments/scaling/agrum3/../../../experiments/scaling/agrum3/2026-07-23_11h37_cbn_unif_gauss/graphs/CMIIC__v10_a15_g10_s3000.json,,12.23733692299993,13.0,13.0,0.4444444444444444,0.962962962962963,0.8,0.9285714285714286
cbn_unif_gauss,CPC,"{""alpha"": 0.05, ""max_conditioning_set_size"": 3}",10,15,5000,10,/home/mathis/Documents/Travail/cbnsl_benchmark/experiments/scaling/agrum3/../../../experiments/scaling/agrum3/2026-07-23_11h37_cbn_unif_gauss/graphs/golden__v10_a15_g10.json,/home/mathis/Documents/Travail/cbnsl_benchmark/experiments/scaling/agrum3/../../../experiments/scaling/agrum3/2026-07-23_11h37_cbn_unif_gauss/graphs/CPC__v10_a15_g10_s5000.json,,35.24454470599994,8.0,6.0,0.25000000000000006,0.88,0.4,0.7857142857142857
cbn_unif_gauss,CMIIC,"{""alpha"": 0.05}",10,15,5000,10,/home/mathis/Documents/Travail/cbnsl_benchmark/experiments/scaling/agrum3/../../../experiments/scaling/agrum3/2026-07-23_11h37_cbn_unif_gauss/graphs/golden__v10_a15_g10.json,/home/mathis/Documents/Travail/cbnsl_benchmark/experiments/scaling/agrum3/../../../experiments/scaling/agrum3/2026-07-23_11h37_cbn_unif_gauss/graphs/CMIIC__v10_a15_g10_s5000.json,,34.20033009599956,13.0,13.0,0.4444444444444444,0.962962962962963,0.8,0.9285714285714286
cbn_unif_gauss,CPC,"{""alpha"": 0.05, ""max_conditioning_set_size"": 3}",10,15,200,11,/home/mathis/Documents/Travail/cbnsl_benchmark/experiments/scaling/agrum3/../../../experiments/scaling/agrum3/2026-07-23_11h37_cbn_unif_gauss/graphs/golden__v10_a15_g11.json,/home/mathis/Documents/Travail/cbnsl_benchmark/experiments/scaling/agrum3/../../../experiments/scaling/agrum3/2026-07-23_11h37_cbn_unif_gauss/graphs/CPC__v10_a15_g11_s200.json,,0.024277577999782807,13.0,12.0,0.0,0.375,0.0,0.23076923076923078
cbn_unif_gauss,CMIIC,"{""alpha"": 0.05}",10,15,200,11,/home/mathis/Documents/Travail/cbnsl_benchmark/experiments/scaling/agrum3/../../../experiments/scaling/agrum3/2026-07-23_11h37_cbn_unif_gauss/graphs/golden__v10_a15_g11.json,/home/mathis/Documents/Travail/cbnsl_benchmark/experiments/scaling/agrum3/../../../experiments/scaling/agrum3/2026-07-23_11h37_cbn_unif_gauss/graphs/CMIIC__v10_a15_g11_s200.json,,0.07863088600061019,12.0,6.0,0.25000000000000006,0.8333333333333333,0.4,0.7692307692307693
cbn_unif_gauss,CPC,"{""alpha"": 0.05, ""max_conditioning_set_size"": 3}",10,15,500,11,/home/mathis/Documents/Travail/cbnsl_benchmark/experiments/scaling/agrum3/../../../experiments/scaling/agrum3/2026-07-23_11h37_cbn_unif_gauss/graphs/golden__v10_a15_g11.json,/home/mathis/Documents/Travail/cbnsl_benchmark/experiments/scaling/agrum3/../../../experiments/scaling/agrum3/2026-07-23_11h37_cbn_unif_gauss/graphs/CPC__v10_a15_g11_s500.json,,0.1951325009995344,13.0,11.0,0.0,0.47058823529411764,0.0,0.3076923076923077
cbn_unif_gauss,CMIIC,"{""alpha"": 0.05}",10,15,500,11,/home/mathis/Documents/Travail/cbnsl_benchmark/experiments/scaling/agrum3/../../../experiments/scaling/agrum3/2026-07-23_11h37_cbn_unif_gauss/graphs/golden__v10_a15_g11.json,/home/mathis/Documents/Travail/cbnsl_benchmark/experiments/scaling/agrum3/../../../experiments/scaling/agrum3/2026-07-23_11h37_cbn_unif_gauss/graphs/CMIIC__v10_a15_g11_s500.json,,0.34405720500035386,11.0,9.0,0.26666666666666666,0.9166666666666666,0.5,0.8461538461538461
cbn_unif_gauss,CPC,"{""alpha"": 0.05, ""max_conditioning_set_size"": 3}",10,15,1000,11,/home/mathis/Documents/Travail/cbnsl_benchmark/experiments/scaling/agrum3/../../../experiments/scaling/agrum3/2026-07-23_11h37_cbn_unif_gauss/graphs/golden__v10_a15_g11.json,/home/mathis/Documents/Travail/cbnsl_benchmark/experiments/scaling/agrum3/../../../experiments/scaling/agrum3/2026-07-23_11h37_cbn_unif_gauss/graphs/CPC__v10_a15_g11_s1000.json,,0.993537336999907,12.0,7.0,0.14285714285714285,0.8181818181818181,0.2,0.6923076923076923
cbn_unif_gauss,CMIIC,"{""alpha"": 0.05}",10,15,1000,11,/home/mathis/Documents/Travail/cbnsl_benchmark/experiments/scaling/agrum3/../../../experiments/scaling/agrum3/2026-07-23_11h37_cbn_unif_gauss/graphs/golden__v10_a15_g11.json,/home/mathis/Documents/Travail/cbnsl_benchmark/experiments/scaling/agrum3/../../../experiments/scaling/agrum3/2026-07-23_11h37_cbn_unif_gauss/graphs/CMIIC__v10_a15_g11_s1000.json,,0.9765112450004381,12.0,7.0,0.14285714285714288,0.8695652173913044,0.25,0.7692307692307693
cbn_unif_gauss,CPC,"{""alpha"": 0.05, ""max_conditioning_set_size"": 3}",10,15,3000,11,/home/mathis/Documents/Travail/cbnsl_benchmark/experiments/scaling/agrum3/../../../experiments/scaling/agrum3/2026-07-23_11h37_cbn_unif_gauss/graphs/golden__v10_a15_g11.json,/home/mathis/Documents/Travail/cbnsl_benchmark/experiments/scaling/agrum3/../../../experiments/scaling/agrum3/2026-07-23_11h37_cbn_unif_gauss/graphs/CPC__v10_a15_g11_s3000.json,,9.959723854000003,15.0,14.0,0.11764705882352941,0.7692307692307693,0.25,0.7692307692307693
cbn_unif_gauss,CMIIC,"{""alpha"": 0.05}",10,15,3000,11,/home/mathis/Documents/Travail/cbnsl_benchmark/experiments/scaling/agrum3/../../../experiments/scaling/agrum3/2026-07-23_11h37_cbn_unif_gauss/graphs/golden__v10_a15_g11.json,/home/mathis/Documents/Travail/cbnsl_benchmark/experiments/scaling/agrum3/../../../experiments/scaling/agrum3/2026-07-23_11h37_cbn_unif_gauss/graphs/CMIIC__v10_a15_g11_s3000.json,,7.840957772000365,12.0,7.0,0.14285714285714288,0.8695652173913044,0.25,0.7692307692307693
cbn_unif_gauss,CPC,"{""alpha"": 0.05, ""max_conditioning_set_size"": 3}",10,15,5000,11,/home/mathis/Documents/Travail/cbnsl_benchmark/experiments/scaling/agrum3/../../../experiments/scaling/agrum3/2026-07-23_11h37_cbn_unif_gauss/graphs/golden__v10_a15_g11.json,/home/mathis/Documents/Travail/cbnsl_benchmark/experiments/scaling/agrum3/../../../experiments/scaling/agrum3/2026-07-23_11h37_cbn_unif_gauss/graphs/CPC__v10_a15_g11_s5000.json,,34.54596182299974,11.0,7.0,0.35294117647058826,0.8799999999999999,0.6,0.8461538461538461
cbn_unif_gauss,CMIIC,"{""alpha"": 0.05}",10,15,5000,11,/home/mathis/Documents/Travail/cbnsl_benchmark/experiments/scaling/agrum3/../../../experiments/scaling/agrum3/2026-07-23_11h37_cbn_unif_gauss/graphs/golden__v10_a15_g11.json,/home/mathis/Documents/Travail/cbnsl_benchmark/experiments/scaling/agrum3/../../../experiments/scaling/agrum3/2026-07-23_11h37_cbn_unif_gauss/graphs/CMIIC__v10_a15_g11_s5000.json,,25.531509461000496,12.0,7.0,0.14285714285714288,0.8695652173913044,0.25,0.7692307692307693
cbn_unif_gauss,CPC,"{""alpha"": 0.05, ""max_conditioning_set_size"": 3}",10,15,200,12,/home/mathis/Documents/Travail/cbnsl_benchmark/experiments/scaling/agrum3/../../../experiments/scaling/agrum3/2026-07-23_11h37_cbn_unif_gauss/graphs/golden__v10_a15_g12.json,/home/mathis/Documents/Travail/cbnsl_benchmark/experiments/scaling/agrum3/../../../experiments/scaling/agrum3/2026-07-23_11h37_cbn_unif_gauss/graphs/CPC__v10_a15_g12_s200.json,,0.04115171099965664,14.0,14.0,0.0,0.0,0.0,0.0
cbn_unif_gauss,CMIIC,"{""alpha"": 0.05}",10,15,200,12,/home/mathis/Documents/Travail/cbnsl_benchmark/experiments/scaling/agrum3/../../../experiments/scaling/agrum3/2026-07-23_11h37_cbn_unif_gauss/graphs/golden__v10_a15_g12.json,/home/mathis/Documents/Travail/cbnsl_benchmark/experiments/scaling/agrum3/../../../experiments/scaling/agrum3/2026-07-23_11h37_cbn_unif_gauss/graphs/CMIIC__v10_a15_g12_s200.json,,0.11906685600024502,12.0,9.0,0.13333333333333333,0.88,0.25,0.7857142857142857
cbn_unif_gauss,CPC,"{""alpha"": 0.05, ""max_conditioning_set_size"": 3}",10,15,500,12,/home/mathis/Documents/Travail/cbnsl_benchmark/experiments/scaling/agrum3/../../../experiments/scaling/agrum3/2026-07-23_11h37_cbn_unif_gauss/graphs/golden__v10_a15_g12.json,/home/mathis/Documents/Travail/cbnsl_benchmark/experiments/scaling/agrum3/../../../experiments/scaling/agrum3/2026-07-23_11h37_cbn_unif_gauss/graphs/CPC__v10_a15_g12_s500.json,,0.17323261399997136,13.0,12.0,0.0,0.35294117647058826,0.0,0.21428571428571427
cbn_unif_gauss,CMIIC,"{""alpha"": 0.05}",10,15,500,12,/home/mathis/Documents/Travail/cbnsl_benchmark/experiments/scaling/agrum3/../../../experiments/scaling/agrum3/2026-07-23_11h37_cbn_unif_gauss/graphs/golden__v10_a15_g12.json,/home/mathis/Documents/Travail/cbnsl_benchmark/experiments/scaling/agrum3/../../../experiments/scaling/agrum3/2026-07-23_11h37_cbn_unif_gauss/graphs/CMIIC__v10_a15_g12_s500.json,,0.5176481859998603,12.0,9.0,0.13333333333333333,0.88,0.25,0.7857142857142857
cbn_unif_gauss,CPC,"{""alpha"": 0.05, ""max_conditioning_set_size"": 3}",10,15,1000,12,/home/mathis/Documents/Travail/cbnsl_benchmark/experiments/scaling/agrum3/../../../experiments/scaling/agrum3/2026-07-23_11h37_cbn_unif_gauss/graphs/golden__v10_a15_g12.json,/home/mathis/Documents/Travail/cbnsl_benchmark/experiments/scaling/agrum3/../../../experiments/scaling/agrum3/2026-07-23_11h37_cbn_unif_gauss/graphs/CPC__v10_a15_g12_s1000.json,,1.0779306909998922,13.0,12.0,0.0,0.6666666666666666,0.0,0.5
cbn_unif_gauss,CMIIC,"{""alpha"": 0.05}",10,15,1000,12,/home/mathis/Documents/Travail/cbnsl_benchmark/experiments/scaling/agrum3/../../../experiments/scaling/agrum3/2026-07-23_11h37_cbn_unif_gauss/graphs/golden__v10_a15_g12.json,/home/mathis/Documents/Travail/cbnsl_benchmark/experiments/scaling/agrum3/../../../experiments/scaling/agrum3/2026-07-23_11h37_cbn_unif_gauss/graphs/CMIIC__v10_a15_g12_s1000.json,,1.2474030339999445,10.0,9.0,0.3529411764705882,0.88,0.5,0.7857142857142857
cbn_unif_gauss,CPC,"{""alpha"": 0.05, ""max_conditioning_set_size"": 3}",10,15,3000,12,/home/mathis/Documents/Travail/cbnsl_benchmark/experiments/scaling/agrum3/../../../experiments/scaling/agrum3/2026-07-23_11h37_cbn_unif_gauss/graphs/golden__v10_a15_g12.json,/home/mathis/Documents/Travail/cbnsl_benchmark/experiments/scaling/agrum3/../../../experiments/scaling/agrum3/2026-07-23_11h37_cbn_unif_gauss/graphs/CPC__v10_a15_g12_s3000.json,,7.290606848000607,14.0,11.0,0.125,0.8461538461538461,0.25,0.7857142857142857
cbn_unif_gauss,CMIIC,"{""alpha"": 0.05}",10,15,3000,12,/home/mathis/Documents/Travail/cbnsl_benchmark/experiments/scaling/agrum3/../../../experiments/scaling/agrum3/2026-07-23_11h37_cbn_unif_gauss/graphs/golden__v10_a15_g12.json,/home/mathis/Documents/Travail/cbnsl_benchmark/experiments/scaling/agrum3/../../../experiments/scaling/agrum3/2026-07-23_11h37_cbn_unif_gauss/graphs/CMIIC__v10_a15_g12_s3000.json,,9.222131225999874,10.0,9.0,0.3529411764705882,0.88,0.5,0.7857142857142857
cbn_unif_gauss,CPC,"{""alpha"": 0.05, ""max_conditioning_set_size"": 3}",10,15,5000,12,/home/mathis/Documents/Travail/cbnsl_benchmark/experiments/scaling/agrum3/../../../experiments/scaling/agrum3/2026-07-23_11h37_cbn_unif_gauss/graphs/golden__v10_a15_g12.json,/home/mathis/Documents/Travail/cbnsl_benchmark/experiments/scaling/agrum3/../../../experiments/scaling/agrum3/2026-07-23_11h37_cbn_unif_gauss/graphs/CPC__v10_a15_g12_s5000.json,,27.147888452999723,12.0,9.0,0.13333333333333333,0.88,0.25,0.7857142857142857
cbn_unif_gauss,CMIIC,"{""alpha"": 0.05}",10,15,5000,12,/home/mathis/Documents/Travail/cbnsl_benchmark/experiments/scaling/agrum3/../../../experiments/scaling/agrum3/2026-07-23_11h37_cbn_unif_gauss/graphs/golden__v10_a15_g12.json,/home/mathis/Documents/Travail/cbnsl_benchmark/experiments/scaling/agrum3/../../../experiments/scaling/agrum3/2026-07-23_11h37_cbn_unif_gauss/graphs/CMIIC__v10_a15_g12_s5000.json,,32.57370531400011,10.0,9.0,0.3529411764705882,0.88,0.5,0.7857142857142857
cbn_unif_gauss,CPC,"{""alpha"": 0.05, ""max_conditioning_set_size"": 3}",10,15,200,13,/home/mathis/Documents/Travail/cbnsl_benchmark/experiments/scaling/agrum3/../../../experiments/scaling/agrum3/2026-07-23_11h37_cbn_unif_gauss/graphs/golden__v10_a15_g13.json,/home/mathis/Documents/Travail/cbnsl_benchmark/experiments/scaling/agrum3/../../../experiments/scaling/agrum3/2026-07-23_11h37_cbn_unif_gauss/graphs/CPC__v10_a15_g13_s200.json,,0.04033208300006663,15.0,15.0,0.0,0.0,0.0,0.0
cbn_unif_gauss,CMIIC,"{""alpha"": 0.05}",10,15,200,13,/home/mathis/Documents/Travail/cbnsl_benchmark/experiments/scaling/agrum3/../../../experiments/scaling/agrum3/2026-07-23_11h37_cbn_unif_gauss/graphs/golden__v10_a15_g13.json,/home/mathis/Documents/Travail/cbnsl_benchmark/experiments/scaling/agrum3/../../../experiments/scaling/agrum3/2026-07-23_11h37_cbn_unif_gauss/graphs/CMIIC__v10_a15_g13_s200.json,,0.2571479479993286,12.0,9.0,0.5714285714285715,0.888888888888889,0.6666666666666666,0.8
cbn_unif_gauss,CPC,"{""alpha"": 0.05, ""max_conditioning_set_size"": 3}",10,15,500,13,/home/mathis/Documents/Travail/cbnsl_benchmark/experiments/scaling/agrum3/../../../experiments/scaling/agrum3/2026-07-23_11h37_cbn_unif_gauss/graphs/golden__v10_a15_g13.json,/home/mathis/Documents/Travail/cbnsl_benchmark/experiments/scaling/agrum3/../../../experiments/scaling/agrum3/2026-07-23_11h37_cbn_unif_gauss/graphs/CPC__v10_a15_g13_s500.json,,0.3474174109996966,14.0,14.0,0.0,0.23529411764705882,0.0,0.13333333333333333
cbn_unif_gauss,CMIIC,"{""alpha"": 0.05}",10,15,500,13,/home/mathis/Documents/Travail/cbnsl_benchmark/experiments/scaling/agrum3/../../../experiments/scaling/agrum3/2026-07-23_11h37_cbn_unif_gauss/graphs/golden__v10_a15_g13.json,/home/mathis/Documents/Travail/cbnsl_benchmark/experiments/scaling/agrum3/../../../experiments/scaling/agrum3/2026-07-23_11h37_cbn_unif_gauss/graphs/CMIIC__v10_a15_g13_s500.json,,0.9404379329998847,13.0,1.0,0.3333333333333333,0.9655172413793104,0.75,0.9333333333333333
cbn_unif_gauss,CPC,"{""alpha"": 0.05, ""max_conditioning_set_size"": 3}",10,15,1000,13,/home/mathis/Documents/Travail/cbnsl_benchmark/experiments/scaling/agrum3/../../../experiments/scaling/agrum3/2026-07-23_11h37_cbn_unif_gauss/graphs/golden__v10_a15_g13.json,/home/mathis/Documents/Travail/cbnsl_benchmark/experiments/scaling/agrum3/../../../experiments/scaling/agrum3/2026-07-23_11h37_cbn_unif_gauss/graphs/CPC__v10_a15_g13_s1000.json,,1.628636491999714,12.0,13.0,0.0,0.6956521739130436,0.0,0.5333333333333333
cbn_unif_gauss,CMIIC,"{""alpha"": 0.05}",10,15,1000,13,/home/mathis/Documents/Travail/cbnsl_benchmark/experiments/scaling/agrum3/../../../experiments/scaling/agrum3/2026-07-23_11h37_cbn_unif_gauss/graphs/golden__v10_a15_g13.json,/home/mathis/Documents/Travail/cbnsl_benchmark/experiments/scaling/agrum3/../../../experiments/scaling/agrum3/2026-07-23_11h37_cbn_unif_gauss/graphs/CMIIC__v10_a15_g13_s1000.json,,2.471379815000546,13.0,1.0,0.3333333333333333,0.9655172413793104,0.75,0.9333333333333333
cbn_unif_gauss,CPC,"{""alpha"": 0.05, ""max_conditioning_set_size"": 3}",10,15,3000,13,/home/mathis/Documents/Travail/cbnsl_benchmark/experiments/scaling/agrum3/../../../experiments/scaling/agrum3/2026-07-23_11h37_cbn_unif_gauss/graphs/golden__v10_a15_g13.json,/home/mathis/Documents/Travail/cbnsl_benchmark/experiments/scaling/agrum3/../../../experiments/scaling/agrum3/2026-07-23_11h37_cbn_unif_gauss/graphs/CPC__v10_a15_g13_s3000.json,,20.96739259700007,13.0,14.0,0.0,0.5,0.0,0.3333333333333333
cbn_unif_gauss,CMIIC,"{""alpha"": 0.05}",10,15,3000,13,/home/mathis/Documents/Travail/cbnsl_benchmark/experiments/scaling/agrum3/../../../experiments/scaling/agrum3/2026-07-23_11h37_cbn_unif_gauss/graphs/golden__v10_a15_g13.json,/home/mathis/Documents/Travail/cbnsl_benchmark/experiments/scaling/agrum3/../../../experiments/scaling/agrum3/2026-07-23_11h37_cbn_unif_gauss/graphs/CMIIC__v10_a15_g13_s3000.json,,18.04678576599963,13.0,1.0,0.3333333333333333,0.9655172413793104,0.75,0.9333333333333333
cbn_unif_gauss,CPC,"{""alpha"": 0.05, ""max_conditioning_set_size"": 3}",10,15,5000,13,/home/mathis/Documents/Travail/cbnsl_benchmark/experiments/scaling/agrum3/../../../experiments/scaling/agrum3/2026-07-23_11h37_cbn_unif_gauss/graphs/golden__v10_a15_g13.json,/home/mathis/Documents/Travail/cbnsl_benchmark/experiments/scaling/agrum3/../../../experiments/scaling/agrum3/2026-07-23_11h37_cbn_unif_gauss/graphs/CPC__v10_a15_g13_s5000.json,,76.50178519600013,12.0,9.0,0.12500000000000003,0.846153846153846,0.2,0.7333333333333333
cbn_unif_gauss,CMIIC,"{""alpha"": 0.05}",10,15,5000,13,/home/mathis/Documents/Travail/cbnsl_benchmark/experiments/scaling/agrum3/../../../experiments/scaling/agrum3/2026-07-23_11h37_cbn_unif_gauss/graphs/golden__v10_a15_g13.json,/home/mathis/Documents/Travail/cbnsl_benchmark/experiments/scaling/agrum3/../../../experiments/scaling/agrum3/2026-07-23_11h37_cbn_unif_gauss/graphs/CMIIC__v10_a15_g13_s5000.json,,53.54641560300024,11.0,5.0,0.42105263157894735,0.9285714285714286,0.6666666666666666,0.8666666666666667
cbn_unif_gauss,CPC,"{""alpha"": 0.05, ""max_conditioning_set_size"": 3}",10,15,200,14,/home/mathis/Documents/Travail/cbnsl_benchmark/experiments/scaling/agrum3/../../../experiments/scaling/agrum3/2026-07-23_11h37_cbn_unif_gauss/graphs/golden__v10_a15_g14.json,/home/mathis/Documents/Travail/cbnsl_benchmark/experiments/scaling/agrum3/../../../experiments/scaling/agrum3/2026-07-23_11h37_cbn_unif_gauss/graphs/CPC__v10_a15_g14_s200.json,,0.049109843999758596,14.0,14.0,0.0,0.0,0.0,0.0
cbn_unif_gauss,CMIIC,"{""alpha"": 0.05}",10,15,200,14,/home/mathis/Documents/Travail/cbnsl_benchmark/experiments/scaling/agrum3/../../../experiments/scaling/agrum3/2026-07-23_11h37_cbn_unif_gauss/graphs/golden__v10_a15_g14.json,/home/mathis/Documents/Travail/cbnsl_benchmark/experiments/scaling/agrum3/../../../experiments/scaling/agrum3/2026-07-23_11h37_cbn_unif_gauss/graphs/CMIIC__v10_a15_g14_s200.json,,0.19476376900001924,7.0,3.0,0.6,0.962962962962963,0.8571428571428571,0.9285714285714286
cbn_unif_gauss,CPC,"{""alpha"": 0.05, ""max_conditioning_set_size"": 3}",10,15,500,14,/home/mathis/Documents/Travail/cbnsl_benchmark/experiments/scaling/agrum3/../../../experiments/scaling/agrum3/2026-07-23_11h37_cbn_unif_gauss/graphs/golden__v10_a15_g14.json,/home/mathis/Documents/Travail/cbnsl_benchmark/experiments/scaling/agrum3/../../../experiments/scaling/agrum3/2026-07-23_11h37_cbn_unif_gauss/graphs/CPC__v10_a15_g14_s500.json,,0.33310857500055135,13.0,14.0,0.0,0.13333333333333333,0.0,0.07142857142857142
cbn_unif_gauss,CMIIC,"{""alpha"": 0.05}",10,15,500,14,/home/mathis/Documents/Travail/cbnsl_benchmark/experiments/scaling/agrum3/../../../experiments/scaling/agrum3/2026-07-23_11h37_cbn_unif_gauss/graphs/golden__v10_a15_g14.json,/home/mathis/Documents/Travail/cbnsl_benchmark/experiments/scaling/agrum3/../../../experiments/scaling/agrum3/2026-07-23_11h37_cbn_unif_gauss/graphs/CMIIC__v10_a15_g14_s500.json,,0.5390744119995361,9.0,10.0,0.35294117647058826,0.923076923076923,0.6,0.8571428571428571
cbn_unif_gauss,CPC,"{""alpha"": 0.05, ""max_conditioning_set_size"": 3}",10,15,1000,14,/home/mathis/Documents/Travail/cbnsl_benchmark/experiments/scaling/agrum3/../../../experiments/scaling/agrum3/2026-07-23_11h37_cbn_unif_gauss/graphs/golden__v10_a15_g14.json,/home/mathis/Documents/Travail/cbnsl_benchmark/experiments/scaling/agrum3/../../../experiments/scaling/agrum3/2026-07-23_11h37_cbn_unif_gauss/graphs/CPC__v10_a15_g14_s1000.json,,1.3659708019995378,11.0,10.0,0.0,0.7272727272727273,0.0,0.5714285714285714
cbn_unif_gauss,CMIIC,"{""alpha"": 0.05}",10,15,1000,14,/home/mathis/Documents/Travail/cbnsl_benchmark/experiments/scaling/agrum3/../../../experiments/scaling/agrum3/2026-07-23_11h37_cbn_unif_gauss/graphs/golden__v10_a15_g14.json,/home/mathis/Documents/Travail/cbnsl_benchmark/experiments/scaling/agrum3/../../../experiments/scaling/agrum3/2026-07-23_11h37_cbn_unif_gauss/graphs/CMIIC__v10_a15_g14_s1000.json,,2.2321174660000906,7.0,11.0,0.35294117647058826,0.923076923076923,0.6,0.8571428571428571
cbn_unif_gauss,CPC,"{""alpha"": 0.05, ""max_conditioning_set_size"": 3}",10,15,3000,14,/home/mathis/Documents/Travail/cbnsl_benchmark/experiments/scaling/agrum3/../../../experiments/scaling/agrum3/2026-07-23_11h37_cbn_unif_gauss/graphs/golden__v10_a15_g14.json,/home/mathis/Documents/Travail/cbnsl_benchmark/experiments/scaling/agrum3/../../../experiments/scaling/agrum3/2026-07-23_11h37_cbn_unif_gauss/graphs/CPC__v10_a15_g14_s3000.json,,15.50911215799988,13.0,12.0,0.0,0.6,0.0,0.42857142857142855
cbn_unif_gauss,CMIIC,"{""alpha"": 0.05}",10,15,3000,14,/home/mathis/Documents/Travail/cbnsl_benchmark/experiments/scaling/agrum3/../../../experiments/scaling/agrum3/2026-07-23_11h37_cbn_unif_gauss/graphs/golden__v10_a15_g14.json,/home/mathis/Documents/Travail/cbnsl_benchmark/experiments/scaling/agrum3/../../../experiments/scaling/agrum3/2026-07-23_11h37_cbn_unif_gauss/graphs/CMIIC__v10_a15_g14_s3000.json,,16.343268888999773,7.0,9.0,0.6,0.962962962962963,0.8571428571428571,0.9285714285714286
cbn_unif_gauss,CPC,"{""alpha"": 0.05, ""max_conditioning_set_size"": 3}",10,15,5000,14,/home/mathis/Documents/Travail/cbnsl_benchmark/experiments/scaling/agrum3/../../../experiments/scaling/agrum3/2026-07-23_11h37_cbn_unif_gauss/graphs/golden__v10_a15_g14.json,/home/mathis/Documents/Travail/cbnsl_benchmark/experiments/scaling/agrum3/../../../experiments/scaling/agrum3/2026-07-23_11h37_cbn_unif_gauss/graphs/CPC__v10_a15_g14_s5000.json,,57.119097609000164,9.0,10.0,0.35294117647058826,0.923076923076923,0.6,0.8571428571428571
cbn_unif_gauss,CMIIC,"{""alpha"": 0.05}",10,15,5000,14,/home/mathis/Documents/Travail/cbnsl_benchmark/experiments/scaling/agrum3/../../../experiments/scaling/agrum3/2026-07-23_11h37_cbn_unif_gauss/graphs/golden__v10_a15_g14.json,/home/mathis/Documents/Travail/cbnsl_benchmark/experiments/scaling/agrum3/../../../experiments/scaling/agrum3/2026-07-23_11h37_cbn_unif_gauss/graphs/CMIIC__v10_a15_g14_s5000.json,,43.71769658799985,7.0,9.0,0.6,0.962962962962963,0.8571428571428571,0.9285714285714286
cbn_unif_gauss,CPC,"{""alpha"": 0.05, ""max_conditioning_set_size"": 3}",10,15,200,15,/home/mathis/Documents/Travail/cbnsl_benchmark/experiments/scaling/agrum3/../../../experiments/scaling/agrum3/2026-07-23_11h37_cbn_unif_gauss/graphs/golden__v10_a15_g15.json,/home/mathis/Documents/Travail/cbnsl_benchmark/experiments/scaling/agrum3/../../../experiments/scaling/agrum3/2026-07-23_11h37_cbn_unif_gauss/graphs/CPC__v10_a15_g15_s200.json,,0.024055296000369708,12.0,10.0,0.0,0.2857142857142857,0.0,0.16666666666666666
cbn_unif_gauss,CMIIC,"{""alpha"": 0.05}",10,15,200,15,/home/mathis/Documents/Travail/cbnsl_benchmark/experiments/scaling/agrum3/../../../experiments/scaling/agrum3/2026-07-23_11h37_cbn_unif_gauss/graphs/golden__v10_a15_g15.json,/home/mathis/Documents/Travail/cbnsl_benchmark/experiments/scaling/agrum3/../../../experiments/scaling/agrum3/2026-07-23_11h37_cbn_unif_gauss/graphs/CMIIC__v10_a15_g15_s200.json,,0.09166130300036457,10.0,5.0,0.28571428571428575,0.9565217391304348,0.6666666666666666,0.9166666666666666
cbn_unif_gauss,CPC,"{""alpha"": 0.05, ""max_conditioning_set_size"": 3}",10,15,500,15,/home/mathis/Documents/Travail/cbnsl_benchmark/experiments/scaling/agrum3/../../../experiments/scaling/agrum3/2026-07-23_11h37_cbn_unif_gauss/graphs/golden__v10_a15_g15.json,/home/mathis/Documents/Travail/cbnsl_benchmark/experiments/scaling/agrum3/../../../experiments/scaling/agrum3/2026-07-23_11h37_cbn_unif_gauss/graphs/CPC__v10_a15_g15_s500.json,,0.14940509099960764,12.0,9.0,0.0,0.5,0.0,0.3333333333333333
cbn_unif_gauss,CMIIC,"{""alpha"": 0.05}",10,15,500,15,/home/mathis/Documents/Travail/cbnsl_benchmark/experiments/scaling/agrum3/../../../experiments/scaling/agrum3/2026-07-23_11h37_cbn_unif_gauss/graphs/golden__v10_a15_g15.json,/home/mathis/Documents/Travail/cbnsl_benchmark/experiments/scaling/agrum3/../../../experiments/scaling/agrum3/2026-07-23_11h37_cbn_unif_gauss/graphs/CMIIC__v10_a15_g15_s500.json,,0.32471814200016524,10.0,5.0,0.28571428571428575,0.9565217391304348,0.6666666666666666,0.9166666666666666
cbn_unif_gauss,CPC,"{""alpha"": 0.05, ""max_conditioning_set_size"": 3}",10,15,1000,15,/home/mathis/Documents/Travail/cbnsl_benchmark/experiments/scaling/agrum3/../../../experiments/scaling/agrum3/2026-07-23_11h37_cbn_unif_gauss/graphs/golden__v10_a15_g15.json,/home/mathis/Documents/Travail/cbnsl_benchmark/experiments/scaling/agrum3/../../../experiments/scaling/agrum3/2026-07-23_11h37_cbn_unif_gauss/graphs/CPC__v10_a15_g15_s1000.json,,0.6897433820004153,12.0,7.0,0.0,0.8,0.0,0.6666666666666666
cbn_unif_gauss,CMIIC,"{""alpha"": 0.05}",10,15,1000,15,/home/mathis/Documents/Travail/cbnsl_benchmark/experiments/scaling/agrum3/../../../experiments/scaling/agrum3/2026-07-23_11h37_cbn_unif_gauss/graphs/golden__v10_a15_g15.json,/home/mathis/Documents/Travail/cbnsl_benchmark/experiments/scaling/agrum3/../../../experiments/scaling/agrum3/2026-07-23_11h37_cbn_unif_gauss/graphs/CMIIC__v10_a15_g15_s1000.json,,1.507323133000682,10.0,5.0,0.28571428571428575,0.9565217391304348,0.6666666666666666,0.9166666666666666
cbn_unif_gauss,CPC,"{""alpha"": 0.05, ""max_conditioning_set_size"": 3}",10,15,3000,15,/home/mathis/Documents/Travail/cbnsl_benchmark/experiments/scaling/agrum3/../../../experiments/scaling/agrum3/2026-07-23_11h37_cbn_unif_gauss/graphs/golden__v10_a15_g15.json,/home/mathis/Documents/Travail/cbnsl_benchmark/experiments/scaling/agrum3/../../../experiments/scaling/agrum3/2026-07-23_11h37_cbn_unif_gauss/graphs/CPC__v10_a15_g15_s3000.json,,7.70197629499944,10.0,5.0,0.28571428571428575,0.9565217391304348,0.6666666666666666,0.9166666666666666
cbn_unif_gauss,CMIIC,"{""alpha"": 0.05}",10,15,3000,15,/home/mathis/Documents/Travail/cbnsl_benchmark/experiments/scaling/agrum3/../../../experiments/scaling/agrum3/2026-07-23_11h37_cbn_unif_gauss/graphs/golden__v10_a15_g15.json,/home/mathis/Documents/Travail/cbnsl_benchmark/experiments/scaling/agrum3/../../../experiments/scaling/agrum3/2026-07-23_11h37_cbn_unif_gauss/graphs/CMIIC__v10_a15_g15_s3000.json,,11.386495720000312,10.0,5.0,0.28571428571428575,0.9565217391304348,0.6666666666666666,0.9166666666666666
cbn_unif_gauss,CPC,"{""alpha"": 0.05, ""max_conditioning_set_size"": 3}",10,15,5000,15,/home/mathis/Documents/Travail/cbnsl_benchmark/experiments/scaling/agrum3/../../../experiments/scaling/agrum3/2026-07-23_11h37_cbn_unif_gauss/graphs/golden__v10_a15_g15.json,/home/mathis/Documents/Travail/cbnsl_benchmark/experiments/scaling/agrum3/../../../experiments/scaling/agrum3/2026-07-23_11h37_cbn_unif_gauss/graphs/CPC__v10_a15_g15_s5000.json,,24.009454067999286,12.0,12.0,0.14285714285714285,0.9166666666666666,0.5,0.9166666666666666
cbn_unif_gauss,CMIIC,"{""alpha"": 0.05}",10,15,5000,15,/home/mathis/Documents/Travail/cbnsl_benchmark/experiments/scaling/agrum3/../../../experiments/scaling/agrum3/2026-07-23_11h37_cbn_unif_gauss/graphs/golden__v10_a15_g15.json,/home/mathis/Documents/Travail/cbnsl_benchmark/experiments/scaling/agrum3/../../../experiments/scaling/agrum3/2026-07-23_11h37_cbn_unif_gauss/graphs/CMIIC__v10_a15_g15_s5000.json,,29.24881018999986,10.0,5.0,0.28571428571428575,0.9565217391304348,0.6666666666666666,0.9166666666666666
cbn_unif_gauss,CPC,"{""alpha"": 0.05, ""max_conditioning_set_size"": 3}",10,15,200,16,/home/mathis/Documents/Travail/cbnsl_benchmark/experiments/scaling/agrum3/../../../experiments/scaling/agrum3/2026-07-23_11h37_cbn_unif_gauss/graphs/golden__v10_a15_g16.json,/home/mathis/Documents/Travail/cbnsl_benchmark/experiments/scaling/agrum3/../../../experiments/scaling/agrum3/2026-07-23_11h37_cbn_unif_gauss/graphs/CPC__v10_a15_g16_s200.json,,0.03287346399974922,15.0,15.0,0.0,0.23529411764705882,0.0,0.13333333333333333
cbn_unif_gauss,CMIIC,"{""alpha"": 0.05}",10,15,200,16,/home/mathis/Documents/Travail/cbnsl_benchmark/experiments/scaling/agrum3/../../../experiments/scaling/agrum3/2026-07-23_11h37_cbn_unif_gauss/graphs/golden__v10_a15_g16.json,/home/mathis/Documents/Travail/cbnsl_benchmark/experiments/scaling/agrum3/../../../experiments/scaling/agrum3/2026-07-23_11h37_cbn_unif_gauss/graphs/CMIIC__v10_a15_g16_s200.json,,0.1188797369995882,13.0,13.0,0.23529411764705882,0.8,0.2857142857142857,0.6666666666666666
cbn_unif_gauss,CPC,"{""alpha"": 0.05, ""max_conditioning_set_size"": 3}",10,15,500,16,/home/mathis/Documents/Travail/cbnsl_benchmark/experiments/scaling/agrum3/../../../experiments/scaling/agrum3/2026-07-23_11h37_cbn_unif_gauss/graphs/golden__v10_a15_g16.json,/home/mathis/Documents/Travail/cbnsl_benchmark/experiments/scaling/agrum3/../../../experiments/scaling/agrum3/2026-07-23_11h37_cbn_unif_gauss/graphs/CPC__v10_a15_g16_s500.json,,0.17397227800029214,15.0,14.0,0.0,0.23529411764705882,0.0,0.13333333333333333
cbn_unif_gauss,CMIIC,"{""alpha"": 0.05}",10,15,500,16,/home/mathis/Documents/Travail/cbnsl_benchmark/experiments/scaling/agrum3/../../../experiments/scaling/agrum3/2026-07-23_11h37_cbn_unif_gauss/graphs/golden__v10_a15_g16.json,/home/mathis/Documents/Travail/cbnsl_benchmark/experiments/scaling/agrum3/../../../experiments/scaling/agrum3/2026-07-23_11h37_cbn_unif_gauss/graphs/CMIIC__v10_a15_g16_s500.json,,0.4919611209998038,13.0,13.0,0.23529411764705882,0.7499999999999999,0.25,0.6
cbn_unif_gauss,CPC,"{""alpha"": 0.05, ""max_conditioning_set_size"": 3}",10,15,1000,16,/home/mathis/Documents/Travail/cbnsl_benchmark/experiments/scaling/agrum3/../../../experiments/scaling/agrum3/2026-07-23_11h37_cbn_unif_gauss/graphs/golden__v10_a15_g16.json,/home/mathis/Documents/Travail/cbnsl_benchmark/experiments/scaling/agrum3/../../../experiments/scaling/agrum3/2026-07-23_11h37_cbn_unif_gauss/graphs/CPC__v10_a15_g16_s1000.json,,0.9569914549992973,15.0,13.0,0.0,0.7499999999999999,0.0,0.6
cbn_unif_gauss,CMIIC,"{""alpha"": 0.05}",10,15,1000,16,/home/mathis/Documents/Travail/cbnsl_benchmark/experiments/scaling/agrum3/../../../experiments/scaling/agrum3/2026-07-23_11h37_cbn_unif_gauss/graphs/golden__v10_a15_g16.json,/home/mathis/Documents/Travail/cbnsl_benchmark/experiments/scaling/agrum3/../../../experiments/scaling/agrum3/2026-07-23_11h37_cbn_unif_gauss/graphs/CMIIC__v10_a15_g16_s1000.json,,1.835590325999874,15.0,13.0,0.0,0.7499999999999999,0.0,0.6
cbn_unif_gauss,CPC,"{""alpha"": 0.05, ""max_conditioning_set_size"": 3}",10,15,3000,16,/home/mathis/Documents/Travail/cbnsl_benchmark/experiments/scaling/agrum3/../../../experiments/scaling/agrum3/2026-07-23_11h37_cbn_unif_gauss/graphs/golden__v10_a15_g16.json,/home/mathis/Documents/Travail/cbnsl_benchmark/experiments/scaling/agrum3/../../../experiments/scaling/agrum3/2026-07-23_11h37_cbn_unif_gauss/graphs/CPC__v10_a15_g16_s3000.json,,15.722093509999468,15.0,14.0,0.0,0.8,0.0,0.6666666666666666
cbn_unif_gauss,CMIIC,"{""alpha"": 0.05}",10,15,3000,16,/home/mathis/Documents/Travail/cbnsl_benchmark/experiments/scaling/agrum3/../../../experiments/scaling/agrum3/2026-07-23_11h37_cbn_unif_gauss/graphs/golden__v10_a15_g16.json,/home/mathis/Documents/Travail/cbnsl_benchmark/experiments/scaling/agrum3/../../../experiments/scaling/agrum3/2026-07-23_11h37_cbn_unif_gauss/graphs/CMIIC__v10_a15_g16_s3000.json,,12.506545027999891,13.0,12.0,0.23529411764705882,0.8,0.2857142857142857,0.6666666666666666
cbn_unif_gauss,CPC,"{""alpha"": 0.05, ""max_conditioning_set_size"": 3}",10,15,5000,16,/home/mathis/Documents/Travail/cbnsl_benchmark/experiments/scaling/agrum3/../../../experiments/scaling/agrum3/2026-07-23_11h37_cbn_unif_gauss/graphs/golden__v10_a15_g16.json,/home/mathis/Documents/Travail/cbnsl_benchmark/experiments/scaling/agrum3/../../../experiments/scaling/agrum3/2026-07-23_11h37_cbn_unif_gauss/graphs/CPC__v10_a15_g16_s5000.json,,29.14985877900017,13.0,12.0,0.23529411764705882,0.888888888888889,0.4,0.8
cbn_unif_gauss,CMIIC,"{""alpha"": 0.05}",10,15,5000,16,/home/mathis/Documents/Travail/cbnsl_benchmark/experiments/scaling/agrum3/../../../experiments/scaling/agrum3/2026-07-23_11h37_cbn_unif_gauss/graphs/golden__v10_a15_g16.json,/home/mathis/Documents/Travail/cbnsl_benchmark/experiments/scaling/agrum3/../../../experiments/scaling/agrum3/2026-07-23_11h37_cbn_unif_gauss/graphs/CMIIC__v10_a15_g16_s5000.json,,28.714760746999673,13.0,12.0,0.23529411764705885,0.846153846153846,0.3333333333333333,0.7333333333333333
cbn_unif_gauss,CPC,"{""alpha"": 0.05, ""max_conditioning_set_size"": 3}",10,15,200,17,/home/mathis/Documents/Travail/cbnsl_benchmark/experiments/scaling/agrum3/../../../experiments/scaling/agrum3/2026-07-23_11h37_cbn_unif_gauss/graphs/golden__v10_a15_g17.json,/home/mathis/Documents/Travail/cbnsl_benchmark/experiments/scaling/agrum3/../../../experiments/scaling/agrum3/2026-07-23_11h37_cbn_unif_gauss/graphs/CPC__v10_a15_g17_s200.json,,0.044090698000218254,15.0,15.0,0.0,0.0,0.0,0.0
cbn_unif_gauss,CMIIC,"{""alpha"": 0.05}",10,15,200,17,/home/mathis/Documents/Travail/cbnsl_benchmark/experiments/scaling/agrum3/../../../experiments/scaling/agrum3/2026-07-23_11h37_cbn_unif_gauss/graphs/golden__v10_a15_g17.json,/home/mathis/Documents/Travail/cbnsl_benchmark/experiments/scaling/agrum3/../../../experiments/scaling/agrum3/2026-07-23_11h37_cbn_unif_gauss/graphs/CMIIC__v10_a15_g17_s200.json,,0.14100561099985498,15.0,9.0,0.3333333333333333,0.888888888888889,0.5,0.8
cbn_unif_gauss,CPC,"{""alpha"": 0.05, ""max_conditioning_set_size"": 3}",10,15,500,17,/home/mathis/Documents/Travail/cbnsl_benchmark/experiments/scaling/agrum3/../../../experiments/scaling/agrum3/2026-07-23_11h37_cbn_unif_gauss/graphs/golden__v10_a15_g17.json,/home/mathis/Documents/Travail/cbnsl_benchmark/experiments/scaling/agrum3/../../../experiments/scaling/agrum3/2026-07-23_11h37_cbn_unif_gauss/graphs/CPC__v10_a15_g17_s500.json,,0.3033772279995901,15.0,15.0,0.0,0.125,0.0,0.06666666666666667
cbn_unif_gauss,CMIIC,"{""alpha"": 0.05}",10,15,500,17,/home/mathis/Documents/Travail/cbnsl_benchmark/experiments/scaling/agrum3/../../../experiments/scaling/agrum3/2026-07-23_11h37_cbn_unif_gauss/graphs/golden__v10_a15_g17.json,/home/mathis/Documents/Travail/cbnsl_benchmark/experiments/scaling/agrum3/../../../experiments/scaling/agrum3/2026-07-23_11h37_cbn_unif_gauss/graphs/CMIIC__v10_a15_g17_s500.json,,0.5393528870008595,12.0,9.0,0.33333333333333337,0.9285714285714286,0.6,0.8666666666666667
cbn_unif_gauss,CPC,"{""alpha"": 0.05, ""max_conditioning_set_size"": 3}",10,15,1000,17,/home/mathis/Documents/Travail/cbnsl_benchmark/experiments/scaling/agrum3/../../../experiments/scaling/agrum3/2026-07-23_11h37_cbn_unif_gauss/graphs/golden__v10_a15_g17.json,/home/mathis/Documents/Travail/cbnsl_benchmark/experiments/scaling/agrum3/../../../experiments/scaling/agrum3/2026-07-23_11h37_cbn_unif_gauss/graphs/CPC__v10_a15_g17_s1000.json,,1.5129359550001027,11.0,14.0,0.0,0.6956521739130436,0.0,0.5333333333333333
cbn_unif_gauss,CMIIC,"{""alpha"": 0.05}",10,15,1000,17,/home/mathis/Documents/Travail/cbnsl_benchmark/experiments/scaling/agrum3/../../../experiments/scaling/agrum3/2026-07-23_11h37_cbn_unif_gauss/graphs/golden__v10_a15_g17.json,/home/mathis/Documents/Travail/cbnsl_benchmark/experiments/scaling/agrum3/../../../experiments/scaling/agrum3/2026-07-23_11h37_cbn_unif_gauss/graphs/CMIIC__v10_a15_g17_s1000.json,,1.8506512879994261,12.0,9.0,0.33333333333333337,0.9285714285714286,0.6,0.8666666666666667
cbn_unif_gauss,CPC,"{""alpha"": 0.05, ""max_conditioning_set_size"": 3}",10,15,3000,17,/home/mathis/Documents/Travail/cbnsl_benchmark/experiments/scaling/agrum3/../../../experiments/scaling/agrum3/2026-07-23_11h37_cbn_unif_gauss/graphs/golden__v10_a15_g17.json,/home/mathis/Documents/Travail/cbnsl_benchmark/experiments/scaling/agrum3/../../../experiments/scaling/agrum3/2026-07-23_11h37_cbn_unif_gauss/graphs/CPC__v10_a15_g17_s3000.json,,23.709102889999485,13.0,14.0,0.0,0.5714285714285715,0.0,0.4
cbn_unif_gauss,CMIIC,"{""alpha"": 0.05}",10,15,3000,17,/home/mathis/Documents/Travail/cbnsl_benchmark/experiments/scaling/agrum3/../../../experiments/scaling/agrum3/2026-07-23_11h37_cbn_unif_gauss/graphs/golden__v10_a15_g17.json,/home/mathis/Documents/Travail/cbnsl_benchmark/experiments/scaling/agrum3/../../../experiments/scaling/agrum3/2026-07-23_11h37_cbn_unif_gauss/graphs/CMIIC__v10_a15_g17_s3000.json,,17.200734116000604,12.0,1.0,0.4210526315789473,0.9655172413793104,0.8,0.9333333333333333
cbn_unif_gauss,CPC,"{""alpha"": 0.05, ""max_conditioning_set_size"": 3}",10,15,5000,17,/home/mathis/Documents/Travail/cbnsl_benchmark/experiments/scaling/agrum3/../../../experiments/scaling/agrum3/2026-07-23_11h37_cbn_unif_gauss/graphs/golden__v10_a15_g17.json,/home/mathis/Documents/Travail/cbnsl_benchmark/experiments/scaling/agrum3/../../../experiments/scaling/agrum3/2026-07-23_11h37_cbn_unif_gauss/graphs/CPC__v10_a15_g17_s5000.json,,75.1939842439997,11.0,13.0,0.0,0.6956521739130436,0.0,0.5333333333333333
cbn_unif_gauss,CMIIC,"{""alpha"": 0.05}",10,15,5000,17,/home/mathis/Documents/Travail/cbnsl_benchmark/experiments/scaling/agrum3/../../../experiments/scaling/agrum3/2026-07-23_11h37_cbn_unif_gauss/graphs/golden__v10_a15_g17.json,/home/mathis/Documents/Travail/cbnsl_benchmark/experiments/scaling/agrum3/../../../experiments/scaling/agrum3/2026-07-23_11h37_cbn_unif_gauss/graphs/CMIIC__v10_a15_g17_s5000.json,,46.33672620699963,12.0,9.0,0.33333333333333337,0.9285714285714286,0.6,0.8666666666666667
cbn_unif_gauss,CPC,"{""alpha"": 0.05, ""max_conditioning_set_size"": 3}",10,15,200,18,/home/mathis/Documents/Travail/cbnsl_benchmark/experiments/scaling/agrum3/../../../experiments/scaling/agrum3/2026-07-23_11h37_cbn_unif_gauss/graphs/golden__v10_a15_g18.json,/home/mathis/Documents/Travail/cbnsl_benchmark/experiments/scaling/agrum3/../../../experiments/scaling/agrum3/2026-07-23_11h37_cbn_unif_gauss/graphs/CPC__v10_a15_g18_s200.json,,0.02901800000017829,15.0,15.0,0.0,0.0,0.0,0.0
cbn_unif_gauss,CMIIC,"{""alpha"": 0.05}",10,15,200,18,/home/mathis/Documents/Travail/cbnsl_benchmark/experiments/scaling/agrum3/../../../experiments/scaling/agrum3/2026-07-23_11h37_cbn_unif_gauss/graphs/golden__v10_a15_g18.json,/home/mathis/Documents/Travail/cbnsl_benchmark/experiments/scaling/agrum3/../../../experiments/scaling/agrum3/2026-07-23_11h37_cbn_unif_gauss/graphs/CMIIC__v10_a15_g18_s200.json,,0.09320414499961771,12.0,10.0,0.3333333333333333,0.888888888888889,0.5,0.8
cbn_unif_gauss,CPC,"{""alpha"": 0.05, ""max_conditioning_set_size"": 3}",10,15,500,18,/home/mathis/Documents/Travail/cbnsl_benchmark/experiments/scaling/agrum3/../../../experiments/scaling/agrum3/2026-07-23_11h37_cbn_unif_gauss/graphs/golden__v10_a15_g18.json,/home/mathis/Documents/Travail/cbnsl_benchmark/experiments/scaling/agrum3/../../../experiments/scaling/agrum3/2026-07-23_11h37_cbn_unif_gauss/graphs/CPC__v10_a15_g18_s500.json,,0.1286578710005415,14.0,13.0,0.0,0.23529411764705882,0.0,0.13333333333333333
cbn_unif_gauss,CMIIC,"{""alpha"": 0.05}",10,15,500,18,/home/mathis/Documents/Travail/cbnsl_benchmark/experiments/scaling/agrum3/../../../experiments/scaling/agrum3/2026-07-23_11h37_cbn_unif_gauss/graphs/golden__v10_a15_g18.json,/home/mathis/Documents/Travail/cbnsl_benchmark/experiments/scaling/agrum3/../../../experiments/scaling/agrum3/2026-07-23_11h37_cbn_unif_gauss/graphs/CMIIC__v10_a15_g18_s500.json,,0.3387401789996147,14.0,9.0,0.12500000000000003,0.846153846153846,0.2,0.7333333333333333
cbn_unif_gauss,CPC,"{""alpha"": 0.05, ""max_conditioning_set_size"": 3}",10,15,1000,18,/home/mathis/Documents/Travail/cbnsl_benchmark/experiments/scaling/agrum3/../../../experiments/scaling/agrum3/2026-07-23_11h37_cbn_unif_gauss/graphs/golden__v10_a15_g18.json,/home/mathis/Documents/Travail/cbnsl_benchmark/experiments/scaling/agrum3/../../../experiments/scaling/agrum3/2026-07-23_11h37_cbn_unif_gauss/graphs/CPC__v10_a15_g18_s1000.json,,0.8020249789997251,13.0,11.0,0.0,0.5,0.0,0.3333333333333333
cbn_unif_gauss,CMIIC,"{""alpha"": 0.05}",10,15,1000,18,/home/mathis/Documents/Travail/cbnsl_benchmark/experiments/scaling/agrum3/../../../experiments/scaling/agrum3/2026-07-23_11h37_cbn_unif_gauss/graphs/golden__v10_a15_g18.json,/home/mathis/Documents/Travail/cbnsl_benchmark/experiments/scaling/agrum3/../../../experiments/scaling/agrum3/2026-07-23_11h37_cbn_unif_gauss/graphs/CMIIC__v10_a15_g18_s1000.json,,1.260406998999315,14.0,8.0,0.12500000000000003,0.846153846153846,0.2,0.7333333333333333
cbn_unif_gauss,CPC,"{""alpha"": 0.05, ""max_conditioning_set_size"": 3}",10,15,3000,18,/home/mathis/Documents/Travail/cbnsl_benchmark/experiments/scaling/agrum3/../../../experiments/scaling/agrum3/2026-07-23_11h37_cbn_unif_gauss/graphs/golden__v10_a15_g18.json,/home/mathis/Documents/Travail/cbnsl_benchmark/experiments/scaling/agrum3/../../../experiments/scaling/agrum3/2026-07-23_11h37_cbn_unif_gauss/graphs/CPC__v10_a15_g18_s3000.json,,8.165670509999472,13.0,10.0,0.2222222222222222,0.8148148148148148,0.3333333333333333,0.7333333333333333
cbn_unif_gauss,CMIIC,"{""alpha"": 0.05}",10,15,3000,18,/home/mathis/Documents/Travail/cbnsl_benchmark/experiments/scaling/agrum3/../../../experiments/scaling/agrum3/2026-07-23_11h37_cbn_unif_gauss/graphs/golden__v10_a15_g18.json,/home/mathis/Documents/Travail/cbnsl_benchmark/experiments/scaling/agrum3/../../../experiments/scaling/agrum3/2026-07-23_11h37_cbn_unif_gauss/graphs/CMIIC__v10_a15_g18_s3000.json,,9.520693721000498,11.0,7.0,0.0,0.8,0.0,0.6666666666666666
cbn_unif_gauss,CPC,"{""alpha"": 0.05, ""max_conditioning_set_size"": 3}",10,15,5000,18,/home/mathis/Documents/Travail/cbnsl_benchmark/experiments/scaling/agrum3/../../../experiments/scaling/agrum3/2026-07-23_11h37_cbn_unif_gauss/graphs/golden__v10_a15_g18.json,/home/mathis/Documents/Travail/cbnsl_benchmark/experiments/scaling/agrum3/../../../experiments/scaling/agrum3/2026-07-23_11h37_cbn_unif_gauss/graphs/CPC__v10_a15_g18_s5000.json,,25.645792816999347,11.0,7.0,0.0,0.888888888888889,0.0,0.8
cbn_unif_gauss,CMIIC,"{""alpha"": 0.05}",10,15,5000,18,/home/mathis/Documents/Travail/cbnsl_benchmark/experiments/scaling/agrum3/../../../experiments/scaling/agrum3/2026-07-23_11h37_cbn_unif_gauss/graphs/golden__v10_a15_g18.json,/home/mathis/Documents/Travail/cbnsl_benchmark/experiments/scaling/agrum3/../../../experiments/scaling/agrum3/2026-07-23_11h37_cbn_unif_gauss/graphs/CMIIC__v10_a15_g18_s5000.json,,34.827897820000544,11.0,9.0,0.5714285714285713,0.846153846153846,0.6,0.7333333333333333
cbn_unif_gauss,CPC,"{""alpha"": 0.05, ""max_conditioning_set_size"": 3}",10,15,200,19,/home/mathis/Documents/Travail/cbnsl_benchmark/experiments/scaling/agrum3/../../../experiments/scaling/agrum3/2026-07-23_11h37_cbn_unif_gauss/graphs/golden__v10_a15_g19.json,/home/mathis/Documents/Travail/cbnsl_benchmark/experiments/scaling/agrum3/../../../experiments/scaling/agrum3/2026-07-23_11h37_cbn_unif_gauss/graphs/CPC__v10_a15_g19_s200.json,,0.04357645500022045,15.0,15.0,0.0,0.0,0.0,0.0
cbn_unif_gauss,CMIIC,"{""alpha"": 0.05}",10,15,200,19,/home/mathis/Documents/Travail/cbnsl_benchmark/experiments/scaling/agrum3/../../../experiments/scaling/agrum3/2026-07-23_11h37_cbn_unif_gauss/graphs/golden__v10_a15_g19.json,/home/mathis/Documents/Travail/cbnsl_benchmark/experiments/scaling/agrum3/../../../experiments/scaling/agrum3/2026-07-23_11h37_cbn_unif_gauss/graphs/CMIIC__v10_a15_g19_s200.json,,0.15872145599951182,12.0,11.0,0.0,0.8,0.0,0.6666666666666666
cbn_unif_gauss,CPC,"{""alpha"": 0.05, ""max_conditioning_set_size"": 3}",10,15,500,19,/home/mathis/Documents/Travail/cbnsl_benchmark/experiments/scaling/agrum3/../../../experiments/scaling/agrum3/2026-07-23_11h37_cbn_unif_gauss/graphs/golden__v10_a15_g19.json,/home/mathis/Documents/Travail/cbnsl_benchmark/experiments/scaling/agrum3/../../../experiments/scaling/agrum3/2026-07-23_11h37_cbn_unif_gauss/graphs/CPC__v10_a15_g19_s500.json,,0.31439712300016254,13.0,14.0,0.0,0.33333333333333337,0.0,0.2
cbn_unif_gauss,CMIIC,"{""alpha"": 0.05}",10,15,500,19,/home/mathis/Documents/Travail/cbnsl_benchmark/experiments/scaling/agrum3/../../../experiments/scaling/agrum3/2026-07-23_11h37_cbn_unif_gauss/graphs/golden__v10_a15_g19.json,/home/mathis/Documents/Travail/cbnsl_benchmark/experiments/scaling/agrum3/../../../experiments/scaling/agrum3/2026-07-23_11h37_cbn_unif_gauss/graphs/CMIIC__v10_a15_g19_s500.json,,0.7651098859996637,11.0,6.0,0.5,0.888888888888889,0.625,0.8
cbn_unif_gauss,CPC,"{""alpha"": 0.05, ""max_conditioning_set_size"": 3}",10,15,1000,19,/home/mathis/Documents/Travail/cbnsl_benchmark/experiments/scaling/agrum3/../../../experiments/scaling/agrum3/2026-07-23_11h37_cbn_unif_gauss/graphs/golden__v10_a15_g19.json,/home/mathis/Documents/Travail/cbnsl_benchmark/experiments/scaling/agrum3/../../../experiments/scaling/agrum3/2026-07-23_11h37_cbn_unif_gauss/graphs/CPC__v10_a15_g19_s1000.json,,1.7063763950000066,10.0,12.0,0.0,0.7499999999999999,0.0,0.6
cbn_unif_gauss,CMIIC,"{""alpha"": 0.05}",10,15,1000,19,/home/mathis/Documents/Travail/cbnsl_benchmark/experiments/scaling/agrum3/../../../experiments/scaling/agrum3/2026-07-23_11h37_cbn_unif_gauss/graphs/golden__v10_a15_g19.json,/home/mathis/Documents/Travail/cbnsl_benchmark/experiments/scaling/agrum3/../../../experiments/scaling/agrum3/2026-07-23_11h37_cbn_unif_gauss/graphs/CMIIC__v10_a15_g19_s1000.json,,3.5271731679995355,10.0,7.0,0.5,0.9285714285714286,0.7142857142857143,0.8666666666666667
cbn_unif_gauss,CPC,"{""alpha"": 0.05, ""max_conditioning_set_size"": 3}",10,15,3000,19,/home/mathis/Documents/Travail/cbnsl_benchmark/experiments/scaling/agrum3/../../../experiments/scaling/agrum3/2026-07-23_11h37_cbn_unif_gauss/graphs/golden__v10_a15_g19.json,/home/mathis/Documents/Travail/cbnsl_benchmark/experiments/scaling/agrum3/../../../experiments/scaling/agrum3/2026-07-23_11h37_cbn_unif_gauss/graphs/CPC__v10_a15_g19_s3000.json,,21.226478814000075,10.0,12.0,0.0,0.5714285714285715,0.0,0.4
cbn_unif_gauss,CMIIC,"{""alpha"": 0.05}",10,15,3000,19,/home/mathis/Documents/Travail/cbnsl_benchmark/experiments/scaling/agrum3/../../../experiments/scaling/agrum3/2026-07-23_11h37_cbn_unif_gauss/graphs/golden__v10_a15_g19.json,/home/mathis/Documents/Travail/cbnsl_benchmark/experiments/scaling/agrum3/../../../experiments/scaling/agrum3/2026-07-23_11h37_cbn_unif_gauss/graphs/CMIIC__v10_a15_g19_s3000.json,,17.581777604000308,10.0,10.0,0.23529411764705885,0.846153846153846,0.3333333333333333,0.7333333333333333
cbn_unif_gauss,CPC,"{""alpha"": 0.05, ""max_conditioning_set_size"": 3}",10,15,5000,19,/home/mathis/Documents/Travail/cbnsl_benchmark/experiments/scaling/agrum3/../../../experiments/scaling/agrum3/2026-07-23_11h37_cbn_unif_gauss/graphs/golden__v10_a15_g19.json,/home/mathis/Documents/Travail/cbnsl_benchmark/experiments/scaling/agrum3/../../../experiments/scaling/agrum3/2026-07-23_11h37_cbn_unif_gauss/graphs/CPC__v10_a15_g19_s5000.json,,62.76716212199972,10.0,12.0,0.0,0.6363636363636364,0.0,0.4666666666666667
cbn_unif_gauss,CMIIC,"{""alpha"": 0.05}",10,15,5000,19,/home/mathis/Documents/Travail/cbnsl_benchmark/experiments/scaling/agrum3/../../../experiments/scaling/agrum3/2026-07-23_11h37_cbn_unif_gauss/graphs/golden__v10_a15_g19.json,/home/mathis/Documents/Travail/cbnsl_benchmark/experiments/scaling/agrum3/../../../experiments/scaling/agrum3/2026-07-23_11h37_cbn_unif_gauss/graphs/CMIIC__v10_a15_g19_s5000.json,,40.06599493000067,8.0,11.0,0.4210526315789474,0.888888888888889,0.5714285714285714,0.8
cbn_unif_gauss,CPC,"{""alpha"": 0.05, ""max_conditioning_set_size"": 3}",10,15,200,20,/home/mathis/Documents/Travail/cbnsl_benchmark/experiments/scaling/agrum3/../../../experiments/scaling/agrum3/2026-07-23_11h37_cbn_unif_gauss/graphs/golden__v10_a15_g20.json,/home/mathis/Documents/Travail/cbnsl_benchmark/experiments/scaling/agrum3/../../../experiments/scaling/agrum3/2026-07-23_11h37_cbn_unif_gauss/graphs/CPC__v10_a15_g20_s200.json,,0.025872384000649618,10.0,11.0,0.0,0.16666666666666669,0.0,0.09090909090909091
cbn_unif_gauss,CMIIC,"{""alpha"": 0.05}",10,15,200,20,/home/mathis/Documents/Travail/cbnsl_benchmark/experiments/scaling/agrum3/../../../experiments/scaling/agrum3/2026-07-23_11h37_cbn_unif_gauss/graphs/golden__v10_a15_g20.json,/home/mathis/Documents/Travail/cbnsl_benchmark/experiments/scaling/agrum3/../../../experiments/scaling/agrum3/2026-07-23_11h37_cbn_unif_gauss/graphs/CMIIC__v10_a15_g20_s200.json,,0.07874495899977774,12.0,8.0,0.14285714285714288,0.761904761904762,0.25,0.7272727272727273
cbn_unif_gauss,CPC,"{""alpha"": 0.05, ""max_conditioning_set_size"": 3}",10,15,500,20,/home/mathis/Documents/Travail/cbnsl_benchmark/experiments/scaling/agrum3/../../../experiments/scaling/agrum3/2026-07-23_11h37_cbn_unif_gauss/graphs/golden__v10_a15_g20.json,/home/mathis/Documents/Travail/cbnsl_benchmark/experiments/scaling/agrum3/../../../experiments/scaling/agrum3/2026-07-23_11h37_cbn_unif_gauss/graphs/CPC__v10_a15_g20_s500.json,,0.1583198779999293,10.0,9.0,0.0,0.42857142857142855,0.0,0.2727272727272727
cbn_unif_gauss,CMIIC,"{""alpha"": 0.05}",10,15,500,20,/home/mathis/Documents/Travail/cbnsl_benchmark/experiments/scaling/agrum3/../../../experiments/scaling/agrum3/2026-07-23_11h37_cbn_unif_gauss/graphs/golden__v10_a15_g20.json,/home/mathis/Documents/Travail/cbnsl_benchmark/experiments/scaling/agrum3/../../../experiments/scaling/agrum3/2026-07-23_11h37_cbn_unif_gauss/graphs/CMIIC__v10_a15_g20_s500.json,,0.3401172449994192,11.0,2.0,0.15384615384615385,0.9565217391304348,1.0,1.0
cbn_unif_gauss,CPC,"{""alpha"": 0.05, ""max_conditioning_set_size"": 3}",10,15,1000,20,/home/mathis/Documents/Travail/cbnsl_benchmark/experiments/scaling/agrum3/../../../experiments/scaling/agrum3/2026-07-23_11h37_cbn_unif_gauss/graphs/golden__v10_a15_g20.json,/home/mathis/Documents/Travail/cbnsl_benchmark/experiments/scaling/agrum3/../../../experiments/scaling/agrum3/2026-07-23_11h37_cbn_unif_gauss/graphs/CPC__v10_a15_g20_s1000.json,,0.6924072350002461,8.0,8.0,0.0,0.625,0.0,0.45454545454545453
cbn_unif_gauss,CMIIC,"{""alpha"": 0.05}",10,15,1000,20,/home/mathis/Documents/Travail/cbnsl_benchmark/experiments/scaling/agrum3/../../../experiments/scaling/agrum3/2026-07-23_11h37_cbn_unif_gauss/graphs/golden__v10_a15_g20.json,/home/mathis/Documents/Travail/cbnsl_benchmark/experiments/scaling/agrum3/../../../experiments/scaling/agrum3/2026-07-23_11h37_cbn_unif_gauss/graphs/CMIIC__v10_a15_g20_s1000.json,,1.1671638890002214,5.0,2.0,0.6666666666666666,0.9565217391304348,1.0,1.0
cbn_unif_gauss,CPC,"{""alpha"": 0.05, ""max_conditioning_set_size"": 3}",10,15,3000,20,/home/mathis/Documents/Travail/cbnsl_benchmark/experiments/scaling/agrum3/../../../experiments/scaling/agrum3/2026-07-23_11h37_cbn_unif_gauss/graphs/golden__v10_a15_g20.json,/home/mathis/Documents/Travail/cbnsl_benchmark/experiments/scaling/agrum3/../../../experiments/scaling/agrum3/2026-07-23_11h37_cbn_unif_gauss/graphs/CPC__v10_a15_g20_s3000.json,,7.371209187999739,11.0,2.0,0.15384615384615385,0.9565217391304348,1.0,1.0
cbn_unif_gauss,CMIIC,"{""alpha"": 0.05}",10,15,3000,20,/home/mathis/Documents/Travail/cbnsl_benchmark/experiments/scaling/agrum3/../../../experiments/scaling/agrum3/2026-07-23_11h37_cbn_unif_gauss/graphs/golden__v10_a15_g20.json,/home/mathis/Documents/Travail/cbnsl_benchmark/experiments/scaling/agrum3/../../../experiments/scaling/agrum3/2026-07-23_11h37_cbn_unif_gauss/graphs/CMIIC__v10_a15_g20_s3000.json,,9.848596988000281,5.0,2.0,0.6666666666666666,0.9565217391304348,1.0,1.0
cbn_unif_gauss,CPC,"{""alpha"": 0.05, ""max_conditioning_set_size"": 3}",10,15,5000,20,/home/mathis/Documents/Travail/cbnsl_benchmark/experiments/scaling/agrum3/../../../experiments/scaling/agrum3/2026-07-23_11h37_cbn_unif_gauss/graphs/golden__v10_a15_g20.json,/home/mathis/Documents/Travail/cbnsl_benchmark/experiments/scaling/agrum3/../../../experiments/scaling/agrum3/2026-07-23_11h37_cbn_unif_gauss/graphs/CPC__v10_a15_g20_s5000.json,,23.214412153000012,11.0,2.0,0.15384615384615385,0.9565217391304348,1.0,1.0
cbn_unif_gauss,CMIIC,"{""alpha"": 0.05}",10,15,5000,20,/home/mathis/Documents/Travail/cbnsl_benchmark/experiments/scaling/agrum3/../../../experiments/scaling/agrum3/2026-07-23_11h37_cbn_unif_gauss/graphs/golden__v10_a15_g20.json,/home/mathis/Documents/Travail/cbnsl_benchmark/experiments/scaling/agrum3/../../../experiments/scaling/agrum3/2026-07-23_11h37_cbn_unif_gauss/graphs/CMIIC__v10_a15_g20_s5000.json,,23.561947927999427,4.0,0.0,0.7058823529411764,1.0,1.0,1.0
cbn_unif_gauss,CPC,"{""alpha"": 0.05, ""max_conditioning_set_size"": 3}",10,15,200,21,/home/mathis/Documents/Travail/cbnsl_benchmark/experiments/scaling/agrum3/../../../experiments/scaling/agrum3/2026-07-23_11h37_cbn_unif_gauss/graphs/golden__v10_a15_g21.json,/home/mathis/Documents/Travail/cbnsl_benchmark/experiments/scaling/agrum3/../../../experiments/scaling/agrum3/2026-07-23_11h37_cbn_unif_gauss/graphs/CPC__v10_a15_g21_s200.json,,0.027333539000210294,15.0,15.0,0.0,0.0,0.0,0.0
cbn_unif_gauss,CMIIC,"{""alpha"": 0.05}",10,15,200,21,/home/mathis/Documents/Travail/cbnsl_benchmark/experiments/scaling/agrum3/../../../experiments/scaling/agrum3/2026-07-23_11h37_cbn_unif_gauss/graphs/golden__v10_a15_g21.json,/home/mathis/Documents/Travail/cbnsl_benchmark/experiments/scaling/agrum3/../../../experiments/scaling/agrum3/2026-07-23_11h37_cbn_unif_gauss/graphs/CMIIC__v10_a15_g21_s200.json,,0.07603871199989953,11.0,10.0,0.33333333333333326,0.846153846153846,0.42857142857142855,0.7333333333333333
cbn_unif_gauss,CPC,"{""alpha"": 0.05, ""max_conditioning_set_size"": 3}",10,15,500,21,/home/mathis/Documents/Travail/cbnsl_benchmark/experiments/scaling/agrum3/../../../experiments/scaling/agrum3/2026-07-23_11h37_cbn_unif_gauss/graphs/golden__v10_a15_g21.json,/home/mathis/Documents/Travail/cbnsl_benchmark/experiments/scaling/agrum3/../../../experiments/scaling/agrum3/2026-07-23_11h37_cbn_unif_gauss/graphs/CPC__v10_a15_g21_s500.json,,0.19209738700010348,14.0,14.0,0.0,0.23529411764705882,0.0,0.13333333333333333
cbn_unif_gauss,CMIIC,"{""alpha"": 0.05}",10,15,500,21,/home/mathis/Documents/Travail/cbnsl_benchmark/experiments/scaling/agrum3/../../../experiments/scaling/agrum3/2026-07-23_11h37_cbn_unif_gauss/graphs/golden__v10_a15_g21.json,/home/mathis/Documents/Travail/cbnsl_benchmark/experiments/scaling/agrum3/../../../experiments/scaling/agrum3/2026-07-23_11h37_cbn_unif_gauss/graphs/CMIIC__v10_a15_g21_s500.json,,0.3576344999992216,11.0,9.0,0.33333333333333326,0.846153846153846,0.42857142857142855,0.7333333333333333
cbn_unif_gauss,CPC,"{""alpha"": 0.05, ""max_conditioning_set_size"": 3}",10,15,1000,21,/home/mathis/Documents/Travail/cbnsl_benchmark/experiments/scaling/agrum3/../../../experiments/scaling/agrum3/2026-07-23_11h37_cbn_unif_gauss/graphs/golden__v10_a15_g21.json,/home/mathis/Documents/Travail/cbnsl_benchmark/experiments/scaling/agrum3/../../../experiments/scaling/agrum3/2026-07-23_11h37_cbn_unif_gauss/graphs/CPC__v10_a15_g21_s1000.json,,1.1527629960000922,11.0,11.0,0.3333333333333333,0.7499999999999999,0.3333333333333333,0.6
cbn_unif_gauss,CMIIC,"{""alpha"": 0.05}",10,15,1000,21,/home/mathis/Documents/Travail/cbnsl_benchmark/experiments/scaling/agrum3/../../../experiments/scaling/agrum3/2026-07-23_11h37_cbn_unif_gauss/graphs/golden__v10_a15_g21.json,/home/mathis/Documents/Travail/cbnsl_benchmark/experiments/scaling/agrum3/../../../experiments/scaling/agrum3/2026-07-23_11h37_cbn_unif_gauss/graphs/CMIIC__v10_a15_g21_s1000.json,,1.4704143939998175,11.0,9.0,0.33333333333333326,0.846153846153846,0.42857142857142855,0.7333333333333333
cbn_unif_gauss,CPC,"{""alpha"": 0.05, ""max_conditioning_set_size"": 3}",10,15,3000,21,/home/mathis/Documents/Travail/cbnsl_benchmark/experiments/scaling/agrum3/../../../experiments/scaling/agrum3/2026-07-23_11h37_cbn_unif_gauss/graphs/golden__v10_a15_g21.json,/home/mathis/Documents/Travail/cbnsl_benchmark/experiments/scaling/agrum3/../../../experiments/scaling/agrum3/2026-07-23_11h37_cbn_unif_gauss/graphs/CPC__v10_a15_g21_s3000.json,,15.104578636000042,11.0,7.0,0.33333333333333326,0.846153846153846,0.42857142857142855,0.7333333333333333
cbn_unif_gauss,CMIIC,"{""alpha"": 0.05}",10,15,3000,21,/home/mathis/Documents/Travail/cbnsl_benchmark/experiments/scaling/agrum3/../../../experiments/scaling/agrum3/2026-07-23_11h37_cbn_unif_gauss/graphs/golden__v10_a15_g21.json,/home/mathis/Documents/Travail/cbnsl_benchmark/experiments/scaling/agrum3/../../../experiments/scaling/agrum3/2026-07-23_11h37_cbn_unif_gauss/graphs/CMIIC__v10_a15_g21_s3000.json,,9.109658348000266,11.0,9.0,0.33333333333333326,0.846153846153846,0.42857142857142855,0.7333333333333333
cbn_unif_gauss,CPC,"{""alpha"": 0.05, ""max_conditioning_set_size"": 3}",10,15,5000,21,/home/mathis/Documents/Travail/cbnsl_benchmark/experiments/scaling/agrum3/../../../experiments/scaling/agrum3/2026-07-23_11h37_cbn_unif_gauss/graphs/golden__v10_a15_g21.json,/home/mathis/Documents/Travail/cbnsl_benchmark/experiments/scaling/agrum3/../../../experiments/scaling/agrum3/2026-07-23_11h37_cbn_unif_gauss/graphs/CPC__v10_a15_g21_s5000.json,,42.96193801499976,11.0,5.0,0.3333333333333333,0.888888888888889,0.5,0.8
cbn_unif_gauss,CMIIC,"{""alpha"": 0.05}",10,15,5000,21,/home/mathis/Documents/Travail/cbnsl_benchmark/experiments/scaling/agrum3/../../../experiments/scaling/agrum3/2026-07-23_11h37_cbn_unif_gauss/graphs/golden__v10_a15_g21.json,/home/mathis/Documents/Travail/cbnsl_benchmark/experiments/scaling/agrum3/../../../experiments/scaling/agrum3/2026-07-23_11h37_cbn_unif_gauss/graphs/CMIIC__v10_a15_g21_s5000.json,,25.022275352999714,11.0,9.0,0.33333333333333326,0.846153846153846,0.42857142857142855,0.7333333333333333
cbn_unif_gauss,CPC,"{""alpha"": 0.05, ""max_conditioning_set_size"": 3}",10,15,200,22,/home/mathis/Documents/Travail/cbnsl_benchmark/experiments/scaling/agrum3/../../../experiments/scaling/agrum3/2026-07-23_11h37_cbn_unif_gauss/graphs/golden__v10_a15_g22.json,/home/mathis/Documents/Travail/cbnsl_benchmark/experiments/scaling/agrum3/../../../experiments/scaling/agrum3/2026-07-23_11h37_cbn_unif_gauss/graphs/CPC__v10_a15_g22_s200.json,,0.03541063499960728,15.0,15.0,0.0,0.0,0.0,0.0
cbn_unif_gauss,CMIIC,"{""alpha"": 0.05}",10,15,200,22,/home/mathis/Documents/Travail/cbnsl_benchmark/experiments/scaling/agrum3/../../../experiments/scaling/agrum3/2026-07-23_11h37_cbn_unif_gauss/graphs/golden__v10_a15_g22.json,/home/mathis/Documents/Travail/cbnsl_benchmark/experiments/scaling/agrum3/../../../experiments/scaling/agrum3/2026-07-23_11h37_cbn_unif_gauss/graphs/CMIIC__v10_a15_g22_s200.json,,0.1312131340000633,11.0,9.0,0.125,0.9285714285714286,0.3333333333333333,0.8666666666666667
cbn_unif_gauss,CPC,"{""alpha"": 0.05, ""max_conditioning_set_size"": 3}",10,15,500,22,/home/mathis/Documents/Travail/cbnsl_benchmark/experiments/scaling/agrum3/../../../experiments/scaling/agrum3/2026-07-23_11h37_cbn_unif_gauss/graphs/golden__v10_a15_g22.json,/home/mathis/Documents/Travail/cbnsl_benchmark/experiments/scaling/agrum3/../../../experiments/scaling/agrum3/2026-07-23_11h37_cbn_unif_gauss/graphs/CPC__v10_a15_g22_s500.json,,0.2326391100004912,13.0,14.0,0.0,0.23529411764705882,0.0,0.13333333333333333
cbn_unif_gauss,CMIIC,"{""alpha"": 0.05}",10,15,500,22,/home/mathis/Documents/Travail/cbnsl_benchmark/experiments/scaling/agrum3/../../../experiments/scaling/agrum3/2026-07-23_11h37_cbn_unif_gauss/graphs/golden__v10_a15_g22.json,/home/mathis/Documents/Travail/cbnsl_benchmark/experiments/scaling/agrum3/../../../experiments/scaling/agrum3/2026-07-23_11h37_cbn_unif_gauss/graphs/CMIIC__v10_a15_g22_s500.json,,0.4974901690002298,11.0,13.0,0.125,0.9655172413793104,0.5,0.9333333333333333
cbn_unif_gauss,CPC,"{""alpha"": 0.05, ""max_conditioning_set_size"": 3}",10,15,1000,22,/home/mathis/Documents/Travail/cbnsl_benchmark/experiments/scaling/agrum3/../../../experiments/scaling/agrum3/2026-07-23_11h37_cbn_unif_gauss/graphs/golden__v10_a15_g22.json,/home/mathis/Documents/Travail/cbnsl_benchmark/experiments/scaling/agrum3/../../../experiments/scaling/agrum3/2026-07-23_11h37_cbn_unif_gauss/graphs/CPC__v10_a15_g22_s1000.json,,1.3443229670001529,7.0,13.0,0.0,0.7499999999999999,0.0,0.6
cbn_unif_gauss,CMIIC,"{""alpha"": 0.05}",10,15,1000,22,/home/mathis/Documents/Travail/cbnsl_benchmark/experiments/scaling/agrum3/../../../experiments/scaling/agrum3/2026-07-23_11h37_cbn_unif_gauss/graphs/golden__v10_a15_g22.json,/home/mathis/Documents/Travail/cbnsl_benchmark/experiments/scaling/agrum3/../../../experiments/scaling/agrum3/2026-07-23_11h37_cbn_unif_gauss/graphs/CMIIC__v10_a15_g22_s1000.json,,1.8790567579999333,9.0,13.0,0.125,0.9285714285714286,0.3333333333333333,0.8666666666666667
cbn_unif_gauss,CPC,"{""alpha"": 0.05, ""max_conditioning_set_size"": 3}",10,15,3000,22,/home/mathis/Documents/Travail/cbnsl_benchmark/experiments/scaling/agrum3/../../../experiments/scaling/agrum3/2026-07-23_11h37_cbn_unif_gauss/graphs/golden__v10_a15_g22.json,/home/mathis/Documents/Travail/cbnsl_benchmark/experiments/scaling/agrum3/../../../experiments/scaling/agrum3/2026-07-23_11h37_cbn_unif_gauss/graphs/CPC__v10_a15_g22_s3000.json,,16.00625498499994,10.0,12.0,0.0,0.5714285714285715,0.0,0.4
cbn_unif_gauss,CMIIC,"{""alpha"": 0.05}",10,15,3000,22,/home/mathis/Documents/Travail/cbnsl_benchmark/experiments/scaling/agrum3/../../../experiments/scaling/agrum3/2026-07-23_11h37_cbn_unif_gauss/graphs/golden__v10_a15_g22.json,/home/mathis/Documents/Travail/cbnsl_benchmark/experiments/scaling/agrum3/../../../experiments/scaling/agrum3/2026-07-23_11h37_cbn_unif_gauss/graphs/CMIIC__v10_a15_g22_s3000.json,,13.235947996000505,9.0,13.0,0.125,0.9285714285714286,0.3333333333333333,0.8666666666666667
cbn_unif_gauss,CPC,"{""alpha"": 0.05, ""max_conditioning_set_size"": 3}",10,15,5000,22,/home/mathis/Documents/Travail/cbnsl_benchmark/experiments/scaling/agrum3/../../../experiments/scaling/agrum3/2026-07-23_11h37_cbn_unif_gauss/graphs/golden__v10_a15_g22.json,/home/mathis/Documents/Travail/cbnsl_benchmark/experiments/scaling/agrum3/../../../experiments/scaling/agrum3/2026-07-23_11h37_cbn_unif_gauss/graphs/CPC__v10_a15_g22_s5000.json,,44.97151614100039,9.0,11.0,0.0,0.6956521739130436,0.0,0.5333333333333333
cbn_unif_gauss,CMIIC,"{""alpha"": 0.05}",10,15,5000,22,/home/mathis/Documents/Travail/cbnsl_benchmark/experiments/scaling/agrum3/../../../experiments/scaling/agrum3/2026-07-23_11h37_cbn_unif_gauss/graphs/golden__v10_a15_g22.json,/home/mathis/Documents/Travail/cbnsl_benchmark/experiments/scaling/agrum3/../../../experiments/scaling/agrum3/2026-07-23_11h37_cbn_unif_gauss/graphs/CMIIC__v10_a15_g22_s5000.json,,34.65637119500025,9.0,13.0,0.125,0.9285714285714286,0.3333333333333333,0.8666666666666667
cbn_unif_gauss,CPC,"{""alpha"": 0.05, ""max_conditioning_set_size"": 3}",10,15,200,23,/home/mathis/Documents/Travail/cbnsl_benchmark/experiments/scaling/agrum3/../../../experiments/scaling/agrum3/2026-07-23_11h37_cbn_unif_gauss/graphs/golden__v10_a15_g23.json,/home/mathis/Documents/Travail/cbnsl_benchmark/experiments/scaling/agrum3/../../../experiments/scaling/agrum3/2026-07-23_11h37_cbn_unif_gauss/graphs/CPC__v10_a15_g23_s200.json,,0.032780911000372726,15.0,15.0,0.0,0.0,0.0,0.0
cbn_unif_gauss,CMIIC,"{""alpha"": 0.05}",10,15,200,23,/home/mathis/Documents/Travail/cbnsl_benchmark/experiments/scaling/agrum3/../../../experiments/scaling/agrum3/2026-07-23_11h37_cbn_unif_gauss/graphs/golden__v10_a15_g23.json,/home/mathis/Documents/Travail/cbnsl_benchmark/experiments/scaling/agrum3/../../../experiments/scaling/agrum3/2026-07-23_11h37_cbn_unif_gauss/graphs/CMIIC__v10_a15_g23_s200.json,,0.12175538300016342,8.0,4.0,0.5454545454545455,0.9333333333333333,0.8571428571428571,0.9333333333333333
cbn_unif_gauss,CPC,"{""alpha"": 0.05, ""max_conditioning_set_size"": 3}",10,15,500,23,/home/mathis/Documents/Travail/cbnsl_benchmark/experiments/scaling/agrum3/../../../experiments/scaling/agrum3/2026-07-23_11h37_cbn_unif_gauss/graphs/golden__v10_a15_g23.json,/home/mathis/Documents/Travail/cbnsl_benchmark/experiments/scaling/agrum3/../../../experiments/scaling/agrum3/2026-07-23_11h37_cbn_unif_gauss/graphs/CPC__v10_a15_g23_s500.json,,0.18681972100057465,15.0,15.0,0.0,0.0,0.0,0.0
cbn_unif_gauss,CMIIC,"{""alpha"": 0.05}",10,15,500,23,/home/mathis/Documents/Travail/cbnsl_benchmark/experiments/scaling/agrum3/../../../experiments/scaling/agrum3/2026-07-23_11h37_cbn_unif_gauss/graphs/golden__v10_a15_g23.json,/home/mathis/Documents/Travail/cbnsl_benchmark/experiments/scaling/agrum3/../../../experiments/scaling/agrum3/2026-07-23_11h37_cbn_unif_gauss/graphs/CMIIC__v10_a15_g23_s500.json,,0.5620167030001539,8.0,12.0,0.5454545454545454,0.896551724137931,0.75,0.8666666666666667
cbn_unif_gauss,CPC,"{""alpha"": 0.05, ""max_conditioning_set_size"": 3}",10,15,1000,23,/home/mathis/Documents/Travail/cbnsl_benchmark/experiments/scaling/agrum3/../../../experiments/scaling/agrum3/2026-07-23_11h37_cbn_unif_gauss/graphs/golden__v10_a15_g23.json,/home/mathis/Documents/Travail/cbnsl_benchmark/experiments/scaling/agrum3/../../../experiments/scaling/agrum3/2026-07-23_11h37_cbn_unif_gauss/graphs/CPC__v10_a15_g23_s1000.json,,1.0616256339999381,11.0,13.0,0.0,0.5714285714285715,0.0,0.4
cbn_unif_gauss,CMIIC,"{""alpha"": 0.05}",10,15,1000,23,/home/mathis/Documents/Travail/cbnsl_benchmark/experiments/scaling/agrum3/../../../experiments/scaling/agrum3/2026-07-23_11h37_cbn_unif_gauss/graphs/golden__v10_a15_g23.json,/home/mathis/Documents/Travail/cbnsl_benchmark/experiments/scaling/agrum3/../../../experiments/scaling/agrum3/2026-07-23_11h37_cbn_unif_gauss/graphs/CMIIC__v10_a15_g23_s1000.json,,2.1554727459997594,9.0,12.0,0.4761904761904762,0.8571428571428571,0.625,0.8
cbn_unif_gauss,CPC,"{""alpha"": 0.05, ""max_conditioning_set_size"": 3}",10,15,3000,23,/home/mathis/Documents/Travail/cbnsl_benchmark/experiments/scaling/agrum3/../../../experiments/scaling/agrum3/2026-07-23_11h37_cbn_unif_gauss/graphs/golden__v10_a15_g23.json,/home/mathis/Documents/Travail/cbnsl_benchmark/experiments/scaling/agrum3/../../../experiments/scaling/agrum3/2026-07-23_11h37_cbn_unif_gauss/graphs/CPC__v10_a15_g23_s3000.json,,17.8976928510001,13.0,14.0,0.0,0.33333333333333337,0.0,0.2
cbn_unif_gauss,CMIIC,"{""alpha"": 0.05}",10,15,3000,23,/home/mathis/Documents/Travail/cbnsl_benchmark/experiments/scaling/agrum3/../../../experiments/scaling/agrum3/2026-07-23_11h37_cbn_unif_gauss/graphs/golden__v10_a15_g23.json,/home/mathis/Documents/Travail/cbnsl_benchmark/experiments/scaling/agrum3/../../../experiments/scaling/agrum3/2026-07-23_11h37_cbn_unif_gauss/graphs/CMIIC__v10_a15_g23_s3000.json,,15.955113790000723,7.0,10.0,0.5714285714285714,0.9655172413793104,0.8571428571428571,0.9333333333333333
cbn_unif_gauss,CPC,"{""alpha"": 0.05, ""max_conditioning_set_size"": 3}",10,15,5000,23,/home/mathis/Documents/Travail/cbnsl_benchmark/experiments/scaling/agrum3/../../../experiments/scaling/agrum3/2026-07-23_11h37_cbn_unif_gauss/graphs/golden__v10_a15_g23.json,/home/mathis/Documents/Travail/cbnsl_benchmark/experiments/scaling/agrum3/../../../experiments/scaling/agrum3/2026-07-23_11h37_cbn_unif_gauss/graphs/CPC__v10_a15_g23_s5000.json,,60.784903290999864,13.0,15.0,0.0,0.7499999999999999,0.0,0.6
cbn_unif_gauss,CMIIC,"{""alpha"": 0.05}",10,15,5000,23,/home/mathis/Documents/Travail/cbnsl_benchmark/experiments/scaling/agrum3/../../../experiments/scaling/agrum3/2026-07-23_11h37_cbn_unif_gauss/graphs/golden__v10_a15_g23.json,/home/mathis/Documents/Travail/cbnsl_benchmark/experiments/scaling/agrum3/../../../experiments/scaling/agrum3/2026-07-23_11h37_cbn_unif_gauss/graphs/CMIIC__v10_a15_g23_s5000.json,,45.0112476180002,7.0,11.0,0.5714285714285714,0.9285714285714286,0.75,0.8666666666666667
cbn_unif_gauss,CPC,"{""alpha"": 0.05, ""max_conditioning_set_size"": 3}",10,15,200,24,/home/mathis/Documents/Travail/cbnsl_benchmark/experiments/scaling/agrum3/../../../experiments/scaling/agrum3/2026-07-23_11h37_cbn_unif_gauss/graphs/golden__v10_a15_g24.json,/home/mathis/Documents/Travail/cbnsl_benchmark/experiments/scaling/agrum3/../../../experiments/scaling/agrum3/2026-07-23_11h37_cbn_unif_gauss/graphs/CPC__v10_a15_g24_s200.json,,0.032468590999997105,11.0,11.0,0.0,0.0,0.0,0.0
cbn_unif_gauss,CMIIC,"{""alpha"": 0.05}",10,15,200,24,/home/mathis/Documents/Travail/cbnsl_benchmark/experiments/scaling/agrum3/../../../experiments/scaling/agrum3/2026-07-23_11h37_cbn_unif_gauss/graphs/golden__v10_a15_g24.json,/home/mathis/Documents/Travail/cbnsl_benchmark/experiments/scaling/agrum3/../../../experiments/scaling/agrum3/2026-07-23_11h37_cbn_unif_gauss/graphs/CMIIC__v10_a15_g24_s200.json,,0.10137007599951176,7.0,9.0,0.3076923076923077,1.0,1.0,1.0
cbn_unif_gauss,CPC,"{""alpha"": 0.05, ""max_conditioning_set_size"": 3}",10,15,500,24,/home/mathis/Documents/Travail/cbnsl_benchmark/experiments/scaling/agrum3/../../../experiments/scaling/agrum3/2026-07-23_11h37_cbn_unif_gauss/graphs/golden__v10_a15_g24.json,/home/mathis/Documents/Travail/cbnsl_benchmark/experiments/scaling/agrum3/../../../experiments/scaling/agrum3/2026-07-23_11h37_cbn_unif_gauss/graphs/CPC__v10_a15_g24_s500.json,,0.31997997500002384,9.0,10.0,0.0,0.42857142857142855,0.0,0.2727272727272727
cbn_unif_gauss,CMIIC,"{""alpha"": 0.05}",10,15,500,24,/home/mathis/Documents/Travail/cbnsl_benchmark/experiments/scaling/agrum3/../../../experiments/scaling/agrum3/2026-07-23_11h37_cbn_unif_gauss/graphs/golden__v10_a15_g24.json,/home/mathis/Documents/Travail/cbnsl_benchmark/experiments/scaling/agrum3/../../../experiments/scaling/agrum3/2026-07-23_11h37_cbn_unif_gauss/graphs/CMIIC__v10_a15_g24_s500.json,,0.38031430399951205,7.0,9.0,0.3076923076923077,1.0,1.0,1.0
cbn_unif_gauss,CPC,"{""alpha"": 0.05, ""max_conditioning_set_size"": 3}",10,15,1000,24,/home/mathis/Documents/Travail/cbnsl_benchmark/experiments/scaling/agrum3/../../../experiments/scaling/agrum3/2026-07-23_11h37_cbn_unif_gauss/graphs/golden__v10_a15_g24.json,/home/mathis/Documents/Travail/cbnsl_benchmark/experiments/scaling/agrum3/../../../experiments/scaling/agrum3/2026-07-23_11h37_cbn_unif_gauss/graphs/CPC__v10_a15_g24_s1000.json,,1.3552209359995686,5.0,8.0,0.16666666666666669,0.9523809523809523,0.5,0.9090909090909091
cbn_unif_gauss,CMIIC,"{""alpha"": 0.05}",10,15,1000,24,/home/mathis/Documents/Travail/cbnsl_benchmark/experiments/scaling/agrum3/../../../experiments/scaling/agrum3/2026-07-23_11h37_cbn_unif_gauss/graphs/golden__v10_a15_g24.json,/home/mathis/Documents/Travail/cbnsl_benchmark/experiments/scaling/agrum3/../../../experiments/scaling/agrum3/2026-07-23_11h37_cbn_unif_gauss/graphs/CMIIC__v10_a15_g24_s1000.json,,1.4649266110000099,7.0,9.0,0.3076923076923077,1.0,1.0,1.0
cbn_unif_gauss,CPC,"{""alpha"": 0.05, ""max_conditioning_set_size"": 3}",10,15,3000,24,/home/mathis/Documents/Travail/cbnsl_benchmark/experiments/scaling/agrum3/../../../experiments/scaling/agrum3/2026-07-23_11h37_cbn_unif_gauss/graphs/golden__v10_a15_g24.json,/home/mathis/Documents/Travail/cbnsl_benchmark/experiments/scaling/agrum3/../../../experiments/scaling/agrum3/2026-07-23_11h37_cbn_unif_gauss/graphs/CPC__v10_a15_g24_s3000.json,,14.774125279000145,8.0,7.0,0.16666666666666669,0.9523809523809523,0.5,0.9090909090909091
cbn_unif_gauss,CMIIC,"{""alpha"": 0.05}",10,15,3000,24,/home/mathis/Documents/Travail/cbnsl_benchmark/experiments/scaling/agrum3/../../../experiments/scaling/agrum3/2026-07-23_11h37_cbn_unif_gauss/graphs/golden__v10_a15_g24.json,/home/mathis/Documents/Travail/cbnsl_benchmark/experiments/scaling/agrum3/../../../experiments/scaling/agrum3/2026-07-23_11h37_cbn_unif_gauss/graphs/CMIIC__v10_a15_g24_s3000.json,,10.928067385000759,7.0,9.0,0.3076923076923077,1.0,1.0,1.0
cbn_unif_gauss,CPC,"{""alpha"": 0.05, ""max_conditioning_set_size"": 3}",10,15,5000,24,/home/mathis/Documents/Travail/cbnsl_benchmark/experiments/scaling/agrum3/../../../experiments/scaling/agrum3/2026-07-23_11h37_cbn_unif_gauss/graphs/golden__v10_a15_g24.json,/home/mathis/Documents/Travail/cbnsl_benchmark/experiments/scaling/agrum3/../../../experiments/scaling/agrum3/2026-07-23_11h37_cbn_unif_gauss/graphs/CPC__v10_a15_g24_s5000.json,,37.98271614300029,8.0,7.0,0.16666666666666669,0.9523809523809523,0.5,0.9090909090909091
cbn_unif_gauss,CMIIC,"{""alpha"": 0.05}",10,15,5000,24,/home/mathis/Documents/Travail/cbnsl_benchmark/experiments/scaling/agrum3/../../../experiments/scaling/agrum3/2026-07-23_11h37_cbn_unif_gauss/graphs/golden__v10_a15_g24.json,/home/mathis/Documents/Travail/cbnsl_benchmark/experiments/scaling/agrum3/../../../experiments/scaling/agrum3/2026-07-23_11h37_cbn_unif_gauss/graphs/CMIIC__v10_a15_g24_s5000.json,,28.8017645660002,7.0,9.0,0.3076923076923077,1.0,1.0,1.0
cbn_unif_gauss,CPC,"{""alpha"": 0.05, ""max_conditioning_set_size"": 3}",10,15,200,25,/home/mathis/Documents/Travail/cbnsl_benchmark/experiments/scaling/agrum3/../../../experiments/scaling/agrum3/2026-07-23_11h37_cbn_unif_gauss/graphs/golden__v10_a15_g25.json,/home/mathis/Documents/Travail/cbnsl_benchmark/experiments/scaling/agrum3/../../../experiments/scaling/agrum3/2026-07-23_11h37_cbn_unif_gauss/graphs/CPC__v10_a15_g25_s200.json,,0.03313472300033027,15.0,14.0,0.0,0.125,0.0,0.06666666666666667
cbn_unif_gauss,CMIIC,"{""alpha"": 0.05}",10,15,200,25,/home/mathis/Documents/Travail/cbnsl_benchmark/experiments/scaling/agrum3/../../../experiments/scaling/agrum3/2026-07-23_11h37_cbn_unif_gauss/graphs/golden__v10_a15_g25.json,/home/mathis/Documents/Travail/cbnsl_benchmark/experiments/scaling/agrum3/../../../experiments/scaling/agrum3/2026-07-23_11h37_cbn_unif_gauss/graphs/CMIIC__v10_a15_g25_s200.json,,0.11670942899945658,12.0,6.0,0.11764705882352941,0.8571428571428571,0.25,0.8
cbn_unif_gauss,CPC,"{""alpha"": 0.05, ""max_conditioning_set_size"": 3}",10,15,500,25,/home/mathis/Documents/Travail/cbnsl_benchmark/experiments/scaling/agrum3/../../../experiments/scaling/agrum3/2026-07-23_11h37_cbn_unif_gauss/graphs/golden__v10_a15_g25.json,/home/mathis/Documents/Travail/cbnsl_benchmark/experiments/scaling/agrum3/../../../experiments/scaling/agrum3/2026-07-23_11h37_cbn_unif_gauss/graphs/CPC__v10_a15_g25_s500.json,,0.1768237999995108,15.0,14.0,0.0,0.125,0.0,0.06666666666666667
cbn_unif_gauss,CMIIC,"{""alpha"": 0.05}",10,15,500,25,/home/mathis/Documents/Travail/cbnsl_benchmark/experiments/scaling/agrum3/../../../experiments/scaling/agrum3/2026-07-23_11h37_cbn_unif_gauss/graphs/golden__v10_a15_g25.json,/home/mathis/Documents/Travail/cbnsl_benchmark/experiments/scaling/agrum3/../../../experiments/scaling/agrum3/2026-07-23_11h37_cbn_unif_gauss/graphs/CMIIC__v10_a15_g25_s500.json,,0.5038724180003555,13.0,9.0,0.33333333333333337,0.9285714285714286,0.6,0.8666666666666667
cbn_unif_gauss,CPC,"{""alpha"": 0.05, ""max_conditioning_set_size"": 3}",10,15,1000,25,/home/mathis/Documents/Travail/cbnsl_benchmark/experiments/scaling/agrum3/../../../experiments/scaling/agrum3/2026-07-23_11h37_cbn_unif_gauss/graphs/golden__v10_a15_g25.json,/home/mathis/Documents/Travail/cbnsl_benchmark/experiments/scaling/agrum3/../../../experiments/scaling/agrum3/2026-07-23_11h37_cbn_unif_gauss/graphs/CPC__v10_a15_g25_s1000.json,,1.0876465739993364,12.0,13.0,0.0,0.5,0.0,0.3333333333333333
cbn_unif_gauss,CMIIC,"{""alpha"": 0.05}",10,15,1000,25,/home/mathis/Documents/Travail/cbnsl_benchmark/experiments/scaling/agrum3/../../../experiments/scaling/agrum3/2026-07-23_11h37_cbn_unif_gauss/graphs/golden__v10_a15_g25.json,/home/mathis/Documents/Travail/cbnsl_benchmark/experiments/scaling/agrum3/../../../experiments/scaling/agrum3/2026-07-23_11h37_cbn_unif_gauss/graphs/CMIIC__v10_a15_g25_s1000.json,,2.076000082000064,13.0,13.0,0.42105263157894735,0.9285714285714286,0.6666666666666666,0.8666666666666667
cbn_unif_gauss,CPC,"{""alpha"": 0.05, ""max_conditioning_set_size"": 3}",10,15,3000,25,/home/mathis/Documents/Travail/cbnsl_benchmark/experiments/scaling/agrum3/../../../experiments/scaling/agrum3/2026-07-23_11h37_cbn_unif_gauss/graphs/golden__v10_a15_g25.json,/home/mathis/Documents/Travail/cbnsl_benchmark/experiments/scaling/agrum3/../../../experiments/scaling/agrum3/2026-07-23_11h37_cbn_unif_gauss/graphs/CPC__v10_a15_g25_s3000.json,,12.98320565999984,12.0,10.0,0.0,0.6956521739130436,0.0,0.5333333333333333
cbn_unif_gauss,CMIIC,"{""alpha"": 0.05}",10,15,3000,25,/home/mathis/Documents/Travail/cbnsl_benchmark/experiments/scaling/agrum3/../../../experiments/scaling/agrum3/2026-07-23_11h37_cbn_unif_gauss/graphs/golden__v10_a15_g25.json,/home/mathis/Documents/Travail/cbnsl_benchmark/experiments/scaling/agrum3/../../../experiments/scaling/agrum3/2026-07-23_11h37_cbn_unif_gauss/graphs/CMIIC__v10_a15_g25_s3000.json,,13.959010083000067,11.0,14.0,0.0,0.888888888888889,0.0,0.8
cbn_unif_gauss,CPC,"{""alpha"": 0.05, ""max_conditioning_set_size"": 3}",10,15,5000,25,/home/mathis/Documents/Travail/cbnsl_benchmark/experiments/scaling/agrum3/../../../experiments/scaling/agrum3/2026-07-23_11h37_cbn_unif_gauss/graphs/golden__v10_a15_g25.json,/home/mathis/Documents/Travail/cbnsl_benchmark/experiments/scaling/agrum3/../../../experiments/scaling/agrum3/2026-07-23_11h37_cbn_unif_gauss/graphs/CPC__v10_a15_g25_s5000.json,,37.248822993999966,9.0,6.0,0.0,0.888888888888889,0.0,0.8
cbn_unif_gauss,CMIIC,"{""alpha"": 0.05}",10,15,5000,25,/home/mathis/Documents/Travail/cbnsl_benchmark/experiments/scaling/agrum3/../../../experiments/scaling/agrum3/2026-07-23_11h37_cbn_unif_gauss/graphs/golden__v10_a15_g25.json,/home/mathis/Documents/Travail/cbnsl_benchmark/experiments/scaling/agrum3/../../../experiments/scaling/agrum3/2026-07-23_11h37_cbn_unif_gauss/graphs/CMIIC__v10_a15_g25_s5000.json,,38.9650760250006,11.0,14.0,0.0,0.888888888888889,0.0,0.8
cbn_unif_gauss,CPC,"{""alpha"": 0.05, ""max_conditioning_set_size"": 3}",10,15,200,26,/home/mathis/Documents/Travail/cbnsl_benchmark/experiments/scaling/agrum3/../../../experiments/scaling/agrum3/2026-07-23_11h37_cbn_unif_gauss/graphs/golden__v10_a15_g26.json,/home/mathis/Documents/Travail/cbnsl_benchmark/experiments/scaling/agrum3/../../../experiments/scaling/agrum3/2026-07-23_11h37_cbn_unif_gauss/graphs/CPC__v10_a15_g26_s200.json,,0.029469785000401316,13.0,15.0,0.0,0.33333333333333337,0.0,0.2
cbn_unif_gauss,CMIIC,"{""alpha"": 0.05}",10,15,200,26,/home/mathis/Documents/Travail/cbnsl_benchmark/experiments/scaling/agrum3/../../../experiments/scaling/agrum3/2026-07-23_11h37_cbn_unif_gauss/graphs/golden__v10_a15_g26.json,/home/mathis/Documents/Travail/cbnsl_benchmark/experiments/scaling/agrum3/../../../experiments/scaling/agrum3/2026-07-23_11h37_cbn_unif_gauss/graphs/CMIIC__v10_a15_g26_s200.json,,0.08855616900018504,11.0,12.0,0.33333333333333326,0.8,0.375,0.6666666666666666
cbn_unif_gauss,CPC,"{""alpha"": 0.05, ""max_conditioning_set_size"": 3}",10,15,500,26,/home/mathis/Documents/Travail/cbnsl_benchmark/experiments/scaling/agrum3/../../../experiments/scaling/agrum3/2026-07-23_11h37_cbn_unif_gauss/graphs/golden__v10_a15_g26.json,/home/mathis/Documents/Travail/cbnsl_benchmark/experiments/scaling/agrum3/../../../experiments/scaling/agrum3/2026-07-23_11h37_cbn_unif_gauss/graphs/CPC__v10_a15_g26_s500.json,,0.1653312119997281,13.0,14.0,0.0,0.5,0.0,0.3333333333333333
cbn_unif_gauss,CMIIC,"{""alpha"": 0.05}",10,15,500,26,/home/mathis/Documents/Travail/cbnsl_benchmark/experiments/scaling/agrum3/../../../experiments/scaling/agrum3/2026-07-23_11h37_cbn_unif_gauss/graphs/golden__v10_a15_g26.json,/home/mathis/Documents/Travail/cbnsl_benchmark/experiments/scaling/agrum3/../../../experiments/scaling/agrum3/2026-07-23_11h37_cbn_unif_gauss/graphs/CMIIC__v10_a15_g26_s500.json,,0.36001351499999146,13.0,13.0,0.0,0.7499999999999999,0.0,0.6
cbn_unif_gauss,CPC,"{""alpha"": 0.05, ""max_conditioning_set_size"": 3}",10,15,1000,26,/home/mathis/Documents/Travail/cbnsl_benchmark/experiments/scaling/agrum3/../../../experiments/scaling/agrum3/2026-07-23_11h37_cbn_unif_gauss/graphs/golden__v10_a15_g26.json,/home/mathis/Documents/Travail/cbnsl_benchmark/experiments/scaling/agrum3/../../../experiments/scaling/agrum3/2026-07-23_11h37_cbn_unif_gauss/graphs/CPC__v10_a15_g26_s1000.json,,0.7722644529994795,13.0,14.0,0.0,0.5714285714285715,0.0,0.4
cbn_unif_gauss,CMIIC,"{""alpha"": 0.05}",10,15,1000,26,/home/mathis/Documents/Travail/cbnsl_benchmark/experiments/scaling/agrum3/../../../experiments/scaling/agrum3/2026-07-23_11h37_cbn_unif_gauss/graphs/golden__v10_a15_g26.json,/home/mathis/Documents/Travail/cbnsl_benchmark/experiments/scaling/agrum3/../../../experiments/scaling/agrum3/2026-07-23_11h37_cbn_unif_gauss/graphs/CMIIC__v10_a15_g26_s1000.json,,1.2889933039996322,14.0,12.0,0.0,0.846153846153846,0.0,0.7333333333333333
cbn_unif_gauss,CPC,"{""alpha"": 0.05, ""max_conditioning_set_size"": 3}",10,15,3000,26,/home/mathis/Documents/Travail/cbnsl_benchmark/experiments/scaling/agrum3/../../../experiments/scaling/agrum3/2026-07-23_11h37_cbn_unif_gauss/graphs/golden__v10_a15_g26.json,/home/mathis/Documents/Travail/cbnsl_benchmark/experiments/scaling/agrum3/../../../experiments/scaling/agrum3/2026-07-23_11h37_cbn_unif_gauss/graphs/CPC__v10_a15_g26_s3000.json,,7.994448027000544,11.0,9.0,0.42105263157894735,0.9285714285714286,0.6666666666666666,0.8666666666666667
cbn_unif_gauss,CMIIC,"{""alpha"": 0.05}",10,15,3000,26,/home/mathis/Documents/Travail/cbnsl_benchmark/experiments/scaling/agrum3/../../../experiments/scaling/agrum3/2026-07-23_11h37_cbn_unif_gauss/graphs/golden__v10_a15_g26.json,/home/mathis/Documents/Travail/cbnsl_benchmark/experiments/scaling/agrum3/../../../experiments/scaling/agrum3/2026-07-23_11h37_cbn_unif_gauss/graphs/CMIIC__v10_a15_g26_s3000.json,,9.174931296999603,14.0,12.0,0.0,0.846153846153846,0.0,0.7333333333333333
cbn_unif_gauss,CPC,"{""alpha"": 0.05, ""max_conditioning_set_size"": 3}",10,15,5000,26,/home/mathis/Documents/Travail/cbnsl_benchmark/experiments/scaling/agrum3/../../../experiments/scaling/agrum3/2026-07-23_11h37_cbn_unif_gauss/graphs/golden__v10_a15_g26.json,/home/mathis/Documents/Travail/cbnsl_benchmark/experiments/scaling/agrum3/../../../experiments/scaling/agrum3/2026-07-23_11h37_cbn_unif_gauss/graphs/CPC__v10_a15_g26_s5000.json,,25.036070745999496,11.0,8.0,0.5,1.0,1.0,1.0
cbn_unif_gauss,CMIIC,"{""alpha"": 0.05}",10,15,5000,26,/home/mathis/Documents/Travail/cbnsl_benchmark/experiments/scaling/agrum3/../../../experiments/scaling/agrum3/2026-07-23_11h37_cbn_unif_gauss/graphs/golden__v10_a15_g26.json,/home/mathis/Documents/Travail/cbnsl_benchmark/experiments/scaling/agrum3/../../../experiments/scaling/agrum3/2026-07-23_11h37_cbn_unif_gauss/graphs/CMIIC__v10_a15_g26_s5000.json,,23.91869798800053,11.0,11.0,0.33333333333333326,0.846153846153846,0.42857142857142855,0.7333333333333333
cbn_unif_gauss,CPC,"{""alpha"": 0.05, ""max_conditioning_set_size"": 3}",10,15,200,27,/home/mathis/Documents/Travail/cbnsl_benchmark/experiments/scaling/agrum3/../../../experiments/scaling/agrum3/2026-07-23_11h37_cbn_unif_gauss/graphs/golden__v10_a15_g27.json,/home/mathis/Documents/Travail/cbnsl_benchmark/experiments/scaling/agrum3/../../../experiments/scaling/agrum3/2026-07-23_11h37_cbn_unif_gauss/graphs/CPC__v10_a15_g27_s200.json,,0.031186884999442555,15.0,14.0,0.0,0.125,0.0,0.06666666666666667
cbn_unif_gauss,CMIIC,"{""alpha"": 0.05}",10,15,200,27,/home/mathis/Documents/Travail/cbnsl_benchmark/experiments/scaling/agrum3/../../../experiments/scaling/agrum3/2026-07-23_11h37_cbn_unif_gauss/graphs/golden__v10_a15_g27.json,/home/mathis/Documents/Travail/cbnsl_benchmark/experiments/scaling/agrum3/../../../experiments/scaling/agrum3/2026-07-23_11h37_cbn_unif_gauss/graphs/CMIIC__v10_a15_g27_s200.json,,0.09403538599963213,13.0,9.0,0.23529411764705882,0.9285714285714286,0.5,0.8666666666666667
cbn_unif_gauss,CPC,"{""alpha"": 0.05, ""max_conditioning_set_size"": 3}",10,15,500,27,/home/mathis/Documents/Travail/cbnsl_benchmark/experiments/scaling/agrum3/../../../experiments/scaling/agrum3/2026-07-23_11h37_cbn_unif_gauss/graphs/golden__v10_a15_g27.json,/home/mathis/Documents/Travail/cbnsl_benchmark/experiments/scaling/agrum3/../../../experiments/scaling/agrum3/2026-07-23_11h37_cbn_unif_gauss/graphs/CPC__v10_a15_g27_s500.json,,0.18070195999916905,15.0,14.0,0.0,0.125,0.0,0.06666666666666667
cbn_unif_gauss,CMIIC,"{""alpha"": 0.05}",10,15,500,27,/home/mathis/Documents/Travail/cbnsl_benchmark/experiments/scaling/agrum3/../../../experiments/scaling/agrum3/2026-07-23_11h37_cbn_unif_gauss/graphs/golden__v10_a15_g27.json,/home/mathis/Documents/Travail/cbnsl_benchmark/experiments/scaling/agrum3/../../../experiments/scaling/agrum3/2026-07-23_11h37_cbn_unif_gauss/graphs/CMIIC__v10_a15_g27_s500.json,,0.512382326000079,15.0,9.0,0.125,0.9285714285714286,0.3333333333333333,0.8666666666666667
cbn_unif_gauss,CPC,"{""alpha"": 0.05, ""max_conditioning_set_size"": 3}",10,15,1000,27,/home/mathis/Documents/Travail/cbnsl_benchmark/experiments/scaling/agrum3/../../../experiments/scaling/agrum3/2026-07-23_11h37_cbn_unif_gauss/graphs/golden__v10_a15_g27.json,/home/mathis/Documents/Travail/cbnsl_benchmark/experiments/scaling/agrum3/../../../experiments/scaling/agrum3/2026-07-23_11h37_cbn_unif_gauss/graphs/CPC__v10_a15_g27_s1000.json,,0.8919312789994365,14.0,12.0,0.0,0.5714285714285715,0.0,0.4
cbn_unif_gauss,CMIIC,"{""alpha"": 0.05}",10,15,1000,27,/home/mathis/Documents/Travail/cbnsl_benchmark/experiments/scaling/agrum3/../../../experiments/scaling/agrum3/2026-07-23_11h37_cbn_unif_gauss/graphs/golden__v10_a15_g27.json,/home/mathis/Documents/Travail/cbnsl_benchmark/experiments/scaling/agrum3/../../../experiments/scaling/agrum3/2026-07-23_11h37_cbn_unif_gauss/graphs/CMIIC__v10_a15_g27_s1000.json,,2.0527647400003843,12.0,9.0,0.33333333333333337,0.9285714285714286,0.6,0.8666666666666667
cbn_unif_gauss,CPC,"{""alpha"": 0.05, ""max_conditioning_set_size"": 3}",10,15,3000,27,/home/mathis/Documents/Travail/cbnsl_benchmark/experiments/scaling/agrum3/../../../experiments/scaling/agrum3/2026-07-23_11h37_cbn_unif_gauss/graphs/golden__v10_a15_g27.json,/home/mathis/Documents/Travail/cbnsl_benchmark/experiments/scaling/agrum3/../../../experiments/scaling/agrum3/2026-07-23_11h37_cbn_unif_gauss/graphs/CPC__v10_a15_g27_s3000.json,,13.557556908000151,15.0,12.0,0.0,0.6363636363636364,0.0,0.4666666666666667
cbn_unif_gauss,CMIIC,"{""alpha"": 0.05}",10,15,3000,27,/home/mathis/Documents/Travail/cbnsl_benchmark/experiments/scaling/agrum3/../../../experiments/scaling/agrum3/2026-07-23_11h37_cbn_unif_gauss/graphs/golden__v10_a15_g27.json,/home/mathis/Documents/Travail/cbnsl_benchmark/experiments/scaling/agrum3/../../../experiments/scaling/agrum3/2026-07-23_11h37_cbn_unif_gauss/graphs/CMIIC__v10_a15_g27_s3000.json,,27.959244276999925,3.0,10.0,0.8,0.9285714285714286,0.8333333333333334,0.8666666666666667
cbn_unif_gauss,CPC,"{""alpha"": 0.05, ""max_conditioning_set_size"": 3}",10,15,5000,27,/home/mathis/Documents/Travail/cbnsl_benchmark/experiments/scaling/agrum3/../../../experiments/scaling/agrum3/2026-07-23_11h37_cbn_unif_gauss/graphs/golden__v10_a15_g27.json,/home/mathis/Documents/Travail/cbnsl_benchmark/experiments/scaling/agrum3/../../../experiments/scaling/agrum3/2026-07-23_11h37_cbn_unif_gauss/graphs/CPC__v10_a15_g27_s5000.json,,33.48805919799997,13.0,11.0,0.0,0.7499999999999999,0.0,0.6
cbn_unif_gauss,CMIIC,"{""alpha"": 0.05}",10,15,5000,27,/home/mathis/Documents/Travail/cbnsl_benchmark/experiments/scaling/agrum3/../../../experiments/scaling/agrum3/2026-07-23_11h37_cbn_unif_gauss/graphs/golden__v10_a15_g27.json,/home/mathis/Documents/Travail/cbnsl_benchmark/experiments/scaling/agrum3/../../../experiments/scaling/agrum3/2026-07-23_11h37_cbn_unif_gauss/graphs/CMIIC__v10_a15_g27_s5000.json,,32.47194863899949,10.0,9.0,0.6363636363636365,0.888888888888889,0.7,0.8
cbn_unif_gauss,CPC,"{""alpha"": 0.05, ""max_conditioning_set_size"": 3}",10,15,200,28,/home/mathis/Documents/Travail/cbnsl_benchmark/experiments/scaling/agrum3/../../../experiments/scaling/agrum3/2026-07-23_11h37_cbn_unif_gauss/graphs/golden__v10_a15_g28.json,/home/mathis/Documents/Travail/cbnsl_benchmark/experiments/scaling/agrum3/../../../experiments/scaling/agrum3/2026-07-23_11h37_cbn_unif_gauss/graphs/CPC__v10_a15_g28_s200.json,,0.020469531000344432,11.0,8.0,0.0,0.6666666666666666,0.0,0.5
cbn_unif_gauss,CMIIC,"{""alpha"": 0.05}",10,15,200,28,/home/mathis/Documents/Travail/cbnsl_benchmark/experiments/scaling/agrum3/../../../experiments/scaling/agrum3/2026-07-23_11h37_cbn_unif_gauss/graphs/golden__v10_a15_g28.json,/home/mathis/Documents/Travail/cbnsl_benchmark/experiments/scaling/agrum3/../../../experiments/scaling/agrum3/2026-07-23_11h37_cbn_unif_gauss/graphs/CMIIC__v10_a15_g28_s200.json,,0.08667431699996087,9.0,9.0,0.2857142857142857,0.8571428571428571,0.4,0.75
cbn_unif_gauss,CPC,"{""alpha"": 0.05, ""max_conditioning_set_size"": 3}",10,15,500,28,/home/mathis/Documents/Travail/cbnsl_benchmark/experiments/scaling/agrum3/../../../experiments/scaling/agrum3/2026-07-23_11h37_cbn_unif_gauss/graphs/golden__v10_a15_g28.json,/home/mathis/Documents/Travail/cbnsl_benchmark/experiments/scaling/agrum3/../../../experiments/scaling/agrum3/2026-07-23_11h37_cbn_unif_gauss/graphs/CPC__v10_a15_g28_s500.json,,0.13655946000017138,11.0,9.0,0.0,0.5,0.0,0.3333333333333333
cbn_unif_gauss,CMIIC,"{""alpha"": 0.05}",10,15,500,28,/home/mathis/Documents/Travail/cbnsl_benchmark/experiments/scaling/agrum3/../../../experiments/scaling/agrum3/2026-07-23_11h37_cbn_unif_gauss/graphs/golden__v10_a15_g28.json,/home/mathis/Documents/Travail/cbnsl_benchmark/experiments/scaling/agrum3/../../../experiments/scaling/agrum3/2026-07-23_11h37_cbn_unif_gauss/graphs/CMIIC__v10_a15_g28_s500.json,,0.3380431769992356,9.0,9.0,0.28571428571428575,0.8,0.3333333333333333,0.6666666666666666
cbn_unif_gauss,CPC,"{""alpha"": 0.05, ""max_conditioning_set_size"": 3}",10,15,1000,28,/home/mathis/Documents/Travail/cbnsl_benchmark/experiments/scaling/agrum3/../../../experiments/scaling/agrum3/2026-07-23_11h37_cbn_unif_gauss/graphs/golden__v10_a15_g28.json,/home/mathis/Documents/Travail/cbnsl_benchmark/experiments/scaling/agrum3/../../../experiments/scaling/agrum3/2026-07-23_11h37_cbn_unif_gauss/graphs/CPC__v10_a15_g28_s1000.json,,0.5165218379997896,9.0,10.0,0.28571428571428575,0.9090909090909091,0.5,0.8333333333333334
cbn_unif_gauss,CMIIC,"{""alpha"": 0.05}",10,15,1000,28,/home/mathis/Documents/Travail/cbnsl_benchmark/experiments/scaling/agrum3/../../../experiments/scaling/agrum3/2026-07-23_11h37_cbn_unif_gauss/graphs/golden__v10_a15_g28.json,/home/mathis/Documents/Travail/cbnsl_benchmark/experiments/scaling/agrum3/../../../experiments/scaling/agrum3/2026-07-23_11h37_cbn_unif_gauss/graphs/CMIIC__v10_a15_g28_s1000.json,,0.9106861179998305,9.0,9.0,0.28571428571428575,0.8,0.3333333333333333,0.6666666666666666
cbn_unif_gauss,CPC,"{""alpha"": 0.05, ""max_conditioning_set_size"": 3}",10,15,3000,28,/home/mathis/Documents/Travail/cbnsl_benchmark/experiments/scaling/agrum3/../../../experiments/scaling/agrum3/2026-07-23_11h37_cbn_unif_gauss/graphs/golden__v10_a15_g28.json,/home/mathis/Documents/Travail/cbnsl_benchmark/experiments/scaling/agrum3/../../../experiments/scaling/agrum3/2026-07-23_11h37_cbn_unif_gauss/graphs/CPC__v10_a15_g28_s3000.json,,5.414842549000241,9.0,8.0,0.37499999999999994,0.8695652173913043,0.6,0.8333333333333334
cbn_unif_gauss,CMIIC,"{""alpha"": 0.05}",10,15,3000,28,/home/mathis/Documents/Travail/cbnsl_benchmark/experiments/scaling/agrum3/../../../experiments/scaling/agrum3/2026-07-23_11h37_cbn_unif_gauss/graphs/golden__v10_a15_g28.json,/home/mathis/Documents/Travail/cbnsl_benchmark/experiments/scaling/agrum3/../../../experiments/scaling/agrum3/2026-07-23_11h37_cbn_unif_gauss/graphs/CMIIC__v10_a15_g28_s3000.json,,6.018371267000475,5.0,9.0,0.6666666666666665,0.8,0.6,0.6666666666666666
cbn_unif_gauss,CPC,"{""alpha"": 0.05, ""max_conditioning_set_size"": 3}",10,15,5000,28,/home/mathis/Documents/Travail/cbnsl_benchmark/experiments/scaling/agrum3/../../../experiments/scaling/agrum3/2026-07-23_11h37_cbn_unif_gauss/graphs/golden__v10_a15_g28.json,/home/mathis/Documents/Travail/cbnsl_benchmark/experiments/scaling/agrum3/../../../experiments/scaling/agrum3/2026-07-23_11h37_cbn_unif_gauss/graphs/CPC__v10_a15_g28_s5000.json,,13.139332202999867,9.0,10.0,0.375,0.9166666666666666,0.75,0.9166666666666666
cbn_unif_gauss,CMIIC,"{""alpha"": 0.05}",10,15,5000,28,/home/mathis/Documents/Travail/cbnsl_benchmark/experiments/scaling/agrum3/../../../experiments/scaling/agrum3/2026-07-23_11h37_cbn_unif_gauss/graphs/golden__v10_a15_g28.json,/home/mathis/Documents/Travail/cbnsl_benchmark/experiments/scaling/agrum3/../../../experiments/scaling/agrum3/2026-07-23_11h37_cbn_unif_gauss/graphs/CMIIC__v10_a15_g28_s5000.json,,16.2615744980003,5.0,9.0,0.6666666666666665,0.8,0.6,0.6666666666666666
cbn_unif_gauss,CPC,"{""alpha"": 0.05, ""max_conditioning_set_size"": 3}",10,15,200,29,/home/mathis/Documents/Travail/cbnsl_benchmark/experiments/scaling/agrum3/../../../experiments/scaling/agrum3/2026-07-23_11h37_cbn_unif_gauss/graphs/golden__v10_a15_g29.json,/home/mathis/Documents/Travail/cbnsl_benchmark/experiments/scaling/agrum3/../../../experiments/scaling/agrum3/2026-07-23_11h37_cbn_unif_gauss/graphs/CPC__v10_a15_g29_s200.json,,0.032305303000612184,15.0,15.0,0.0,0.0,0.0,0.0
cbn_unif_gauss,CMIIC,"{""alpha"": 0.05}",10,15,200,29,/home/mathis/Documents/Travail/cbnsl_benchmark/experiments/scaling/agrum3/../../../experiments/scaling/agrum3/2026-07-23_11h37_cbn_unif_gauss/graphs/golden__v10_a15_g29.json,/home/mathis/Documents/Travail/cbnsl_benchmark/experiments/scaling/agrum3/../../../experiments/scaling/agrum3/2026-07-23_11h37_cbn_unif_gauss/graphs/CMIIC__v10_a15_g29_s200.json,,0.10555574800036993,14.0,10.0,0.2222222222222222,0.8148148148148148,0.3333333333333333,0.7333333333333333
cbn_unif_gauss,CPC,"{""alpha"": 0.05, ""max_conditioning_set_size"": 3}",10,15,500,29,/home/mathis/Documents/Travail/cbnsl_benchmark/experiments/scaling/agrum3/../../../experiments/scaling/agrum3/2026-07-23_11h37_cbn_unif_gauss/graphs/golden__v10_a15_g29.json,/home/mathis/Documents/Travail/cbnsl_benchmark/experiments/scaling/agrum3/../../../experiments/scaling/agrum3/2026-07-23_11h37_cbn_unif_gauss/graphs/CPC__v10_a15_g29_s500.json,,0.19156296199980716,14.0,14.0,0.0,0.33333333333333337,0.0,0.2
cbn_unif_gauss,CMIIC,"{""alpha"": 0.05}",10,15,500,29,/home/mathis/Documents/Travail/cbnsl_benchmark/experiments/scaling/agrum3/../../../experiments/scaling/agrum3/2026-07-23_11h37_cbn_unif_gauss/graphs/golden__v10_a15_g29.json,/home/mathis/Documents/Travail/cbnsl_benchmark/experiments/scaling/agrum3/../../../experiments/scaling/agrum3/2026-07-23_11h37_cbn_unif_gauss/graphs/CMIIC__v10_a15_g29_s500.json,,0.4829131120004604,10.0,14.0,0.3,0.64,0.3,0.5333333333333333
cbn_unif_gauss,CPC,"{""alpha"": 0.05, ""max_conditioning_set_size"": 3}",10,15,1000,29,/home/mathis/Documents/Travail/cbnsl_benchmark/experiments/scaling/agrum3/../../../experiments/scaling/agrum3/2026-07-23_11h37_cbn_unif_gauss/graphs/golden__v10_a15_g29.json,/home/mathis/Documents/Travail/cbnsl_benchmark/experiments/scaling/agrum3/../../../experiments/scaling/agrum3/2026-07-23_11h37_cbn_unif_gauss/graphs/CPC__v10_a15_g29_s1000.json,,1.0365984879999814,11.0,13.0,0.0,0.6363636363636364,0.0,0.4666666666666667
cbn_unif_gauss,CMIIC,"{""alpha"": 0.05}",10,15,1000,29,/home/mathis/Documents/Travail/cbnsl_benchmark/experiments/scaling/agrum3/../../../experiments/scaling/agrum3/2026-07-23_11h37_cbn_unif_gauss/graphs/golden__v10_a15_g29.json,/home/mathis/Documents/Travail/cbnsl_benchmark/experiments/scaling/agrum3/../../../experiments/scaling/agrum3/2026-07-23_11h37_cbn_unif_gauss/graphs/CMIIC__v10_a15_g29_s1000.json,,1.492122374000246,13.0,12.0,0.3157894736842105,0.7200000000000001,0.3333333333333333,0.6
cbn_unif_gauss,CPC,"{""alpha"": 0.05, ""max_conditioning_set_size"": 3}",10,15,3000,29,/home/mathis/Documents/Travail/cbnsl_benchmark/experiments/scaling/agrum3/../../../experiments/scaling/agrum3/2026-07-23_11h37_cbn_unif_gauss/graphs/golden__v10_a15_g29.json,/home/mathis/Documents/Travail/cbnsl_benchmark/experiments/scaling/agrum3/../../../experiments/scaling/agrum3/2026-07-23_11h37_cbn_unif_gauss/graphs/CPC__v10_a15_g29_s3000.json,,13.053856258000451,11.0,14.0,0.0,0.6363636363636364,0.0,0.4666666666666667
cbn_unif_gauss,CMIIC,"{""alpha"": 0.05}",10,15,3000,29,/home/mathis/Documents/Travail/cbnsl_benchmark/experiments/scaling/agrum3/../../../experiments/scaling/agrum3/2026-07-23_11h37_cbn_unif_gauss/graphs/golden__v10_a15_g29.json,/home/mathis/Documents/Travail/cbnsl_benchmark/experiments/scaling/agrum3/../../../experiments/scaling/agrum3/2026-07-23_11h37_cbn_unif_gauss/graphs/CMIIC__v10_a15_g29_s3000.json,,14.157796391000375,13.0,12.0,0.3157894736842105,0.7200000000000001,0.3333333333333333,0.6
cbn_unif_gauss,CPC,"{""alpha"": 0.05, ""max_conditioning_set_size"": 3}",10,15,5000,29,/home/mathis/Documents/Travail/cbnsl_benchmark/experiments/scaling/agrum3/../../../experiments/scaling/agrum3/2026-07-23_11h37_cbn_unif_gauss/graphs/golden__v10_a15_g29.json,/home/mathis/Documents/Travail/cbnsl_benchmark/experiments/scaling/agrum3/../../../experiments/scaling/agrum3/2026-07-23_11h37_cbn_unif_gauss/graphs/CPC__v10_a15_g29_s5000.json,,38.48905651699988,11.0,14.0,0.0,0.6956521739130436,0.0,0.5333333333333333
cbn_unif_gauss,CMIIC,"{""alpha"": 0.05}",10,15,5000,29,/home/mathis/Documents/Travail/cbnsl_benchmark/experiments/scaling/agrum3/../../../experiments/scaling/agrum3/2026-07-23_11h37_cbn_unif_gauss/graphs/golden__v10_a15_g29.json,/home/mathis/Documents/Travail/cbnsl_benchmark/experiments/scaling/agrum3/../../../experiments/scaling/agrum3/2026-07-23_11h37_cbn_unif_gauss/graphs/CMIIC__v10_a15_g29_s5000.json,,42.737945013999706,13.0,12.0,0.3157894736842105,0.7200000000000001,0.3333333333333333,0.6
cbn_unif_gauss,CPC,"{""alpha"": 0.05, ""max_conditioning_set_size"": 3}",20,30,200,0,/home/mathis/Documents/Travail/cbnsl_benchmark/experiments/scaling/agrum3/../../../experiments/scaling/agrum3/2026-07-23_11h37_cbn_unif_gauss/graphs/golden__v20_a30_g0.json,/home/mathis/Documents/Travail/cbnsl_benchmark/experiments/scaling/agrum3/../../../experiments/scaling/agrum3/2026-07-23_11h37_cbn_unif_gauss/graphs/CPC__v20_a30_g0_s200.json,,0.058877524999843445,29.0,28.0,0.0,0.4615384615384615,0.0,0.3
cbn_unif_gauss,CMIIC,"{""alpha"": 0.05}",20,30,200,0,/home/mathis/Documents/Travail/cbnsl_benchmark/experiments/scaling/agrum3/../../../experiments/scaling/agrum3/2026-07-23_11h37_cbn_unif_gauss/graphs/golden__v20_a30_g0.json,/home/mathis/Documents/Travail/cbnsl_benchmark/experiments/scaling/agrum3/../../../experiments/scaling/agrum3/2026-07-23_11h37_cbn_unif_gauss/graphs/CMIIC__v20_a30_g0_s200.json,,0.39954710399979376,22.0,22.0,0.4102564102564103,0.8928571428571429,0.6153846153846154,0.8333333333333334
cbn_unif_gauss,CPC,"{""alpha"": 0.05, ""max_conditioning_set_size"": 3}",20,30,500,0,/home/mathis/Documents/Travail/cbnsl_benchmark/experiments/scaling/agrum3/../../../experiments/scaling/agrum3/2026-07-23_11h37_cbn_unif_gauss/graphs/golden__v20_a30_g0.json,/home/mathis/Documents/Travail/cbnsl_benchmark/experiments/scaling/agrum3/../../../experiments/scaling/agrum3/2026-07-23_11h37_cbn_unif_gauss/graphs/CPC__v20_a30_g0_s500.json,,0.513693472000341,28.0,28.0,0.0,0.33333333333333337,0.0,0.2
cbn_unif_gauss,CMIIC,"{""alpha"": 0.05}",20,30,500,0,/home/mathis/Documents/Travail/cbnsl_benchmark/experiments/scaling/agrum3/../../../experiments/scaling/agrum3/2026-07-23_11h37_cbn_unif_gauss/graphs/golden__v20_a30_g0.json,/home/mathis/Documents/Travail/cbnsl_benchmark/experiments/scaling/agrum3/../../../experiments/scaling/agrum3/2026-07-23_11h37_cbn_unif_gauss/graphs/CMIIC__v20_a30_g0_s500.json,,1.7282361019997552,20.0,20.0,0.5238095238095238,0.912280701754386,0.7333333333333333,0.8666666666666667
cbn_unif_gauss,CPC,"{""alpha"": 0.05, ""max_conditioning_set_size"": 3}",20,30,1000,0,/home/mathis/Documents/Travail/cbnsl_benchmark/experiments/scaling/agrum3/../../../experiments/scaling/agrum3/2026-07-23_11h37_cbn_unif_gauss/graphs/golden__v20_a30_g0.json,/home/mathis/Documents/Travail/cbnsl_benchmark/experiments/scaling/agrum3/../../../experiments/scaling/agrum3/2026-07-23_11h37_cbn_unif_gauss/graphs/CPC__v20_a30_g0_s1000.json,,1.9060219700004382,28.0,28.0,0.0,0.6666666666666666,0.0,0.5
cbn_unif_gauss,CMIIC,"{""alpha"": 0.05}",20,30,1000,0,/home/mathis/Documents/Travail/cbnsl_benchmark/experiments/scaling/agrum3/../../../experiments/scaling/agrum3/2026-07-23_11h37_cbn_unif_gauss/graphs/golden__v20_a30_g0.json,/home/mathis/Documents/Travail/cbnsl_benchmark/experiments/scaling/agrum3/../../../experiments/scaling/agrum3/2026-07-23_11h37_cbn_unif_gauss/graphs/CMIIC__v20_a30_g0_s1000.json,,5.127286693000315,10.0,17.0,0.7499999999999999,0.9090909090909091,0.782608695652174,0.8333333333333334
cbn_unif_gauss,CPC,"{""alpha"": 0.05, ""max_conditioning_set_size"": 3}",20,30,3000,0,/home/mathis/Documents/Travail/cbnsl_benchmark/experiments/scaling/agrum3/../../../experiments/scaling/agrum3/2026-07-23_11h37_cbn_unif_gauss/graphs/golden__v20_a30_g0.json,/home/mathis/Documents/Travail/cbnsl_benchmark/experiments/scaling/agrum3/../../../experiments/scaling/agrum3/2026-07-23_11h37_cbn_unif_gauss/graphs/CPC__v20_a30_g0_s3000.json,,25.516164730000128,21.0,18.0,0.4761904761904762,0.896551724137931,0.7142857142857143,0.8666666666666667
cbn_unif_gauss,CMIIC,"{""alpha"": 0.05}",20,30,3000,0,/home/mathis/Documents/Travail/cbnsl_benchmark/experiments/scaling/agrum3/../../../experiments/scaling/agrum3/2026-07-23_11h37_cbn_unif_gauss/graphs/golden__v20_a30_g0.json,/home/mathis/Documents/Travail/cbnsl_benchmark/experiments/scaling/agrum3/../../../experiments/scaling/agrum3/2026-07-23_11h37_cbn_unif_gauss/graphs/CMIIC__v20_a30_g0_s3000.json,,41.20369782099988,10.0,17.0,0.7755102040816326,0.9285714285714286,0.8260869565217391,0.8666666666666667
cbn_unif_gauss,CPC,"{""alpha"": 0.05, ""max_conditioning_set_size"": 3}",20,30,5000,0,/home/mathis/Documents/Travail/cbnsl_benchmark/experiments/scaling/agrum3/../../../experiments/scaling/agrum3/2026-07-23_11h37_cbn_unif_gauss/graphs/golden__v20_a30_g0.json,/home/mathis/Documents/Travail/cbnsl_benchmark/experiments/scaling/agrum3/../../../experiments/scaling/agrum3/2026-07-23_11h37_cbn_unif_gauss/graphs/CPC__v20_a30_g0_s5000.json,,73.41836586599948,20.0,20.0,0.5116279069767441,0.9333333333333333,0.8461538461538461,0.9333333333333333
cbn_unif_gauss,CMIIC,"{""alpha"": 0.05}",20,30,5000,0,/home/mathis/Documents/Travail/cbnsl_benchmark/experiments/scaling/agrum3/../../../experiments/scaling/agrum3/2026-07-23_11h37_cbn_unif_gauss/graphs/golden__v20_a30_g0.json,/home/mathis/Documents/Travail/cbnsl_benchmark/experiments/scaling/agrum3/../../../experiments/scaling/agrum3/2026-07-23_11h37_cbn_unif_gauss/graphs/CMIIC__v20_a30_g0_s5000.json,,112.084540457,10.0,17.0,0.7755102040816326,0.9285714285714286,0.8260869565217391,0.8666666666666667
cbn_unif_gauss,CPC,"{""alpha"": 0.05, ""max_conditioning_set_size"": 3}",20,30,200,1,/home/mathis/Documents/Travail/cbnsl_benchmark/experiments/scaling/agrum3/../../../experiments/scaling/agrum3/2026-07-23_11h37_cbn_unif_gauss/graphs/golden__v20_a30_g1.json,/home/mathis/Documents/Travail/cbnsl_benchmark/experiments/scaling/agrum3/../../../experiments/scaling/agrum3/2026-07-23_11h37_cbn_unif_gauss/graphs/CPC__v20_a30_g1_s200.json,,0.07507662799980608,30.0,30.0,0.0,0.125,0.0,0.06666666666666667
cbn_unif_gauss,CMIIC,"{""alpha"": 0.05}",20,30,200,1,/home/mathis/Documents/Travail/cbnsl_benchmark/experiments/scaling/agrum3/../../../experiments/scaling/agrum3/2026-07-23_11h37_cbn_unif_gauss/graphs/golden__v20_a30_g1.json,/home/mathis/Documents/Travail/cbnsl_benchmark/experiments/scaling/agrum3/../../../experiments/scaling/agrum3/2026-07-23_11h37_cbn_unif_gauss/graphs/CMIIC__v20_a30_g1_s200.json,,0.6309011699995608,17.0,14.0,0.6222222222222222,0.912280701754386,0.7777777777777778,0.8666666666666667
cbn_unif_gauss,CPC,"{""alpha"": 0.05, ""max_conditioning_set_size"": 3}",20,30,500,1,/home/mathis/Documents/Travail/cbnsl_benchmark/experiments/scaling/agrum3/../../../experiments/scaling/agrum3/2026-07-23_11h37_cbn_unif_gauss/graphs/golden__v20_a30_g1.json,/home/mathis/Documents/Travail/cbnsl_benchmark/experiments/scaling/agrum3/../../../experiments/scaling/agrum3/2026-07-23_11h37_cbn_unif_gauss/graphs/CPC__v20_a30_g1_s500.json,,0.8064965650000886,28.0,29.0,0.0,0.37837837837837834,0.0,0.23333333333333334
cbn_unif_gauss,CMIIC,"{""alpha"": 0.05}",20,30,500,1,/home/mathis/Documents/Travail/cbnsl_benchmark/experiments/scaling/agrum3/../../../experiments/scaling/agrum3/2026-07-23_11h37_cbn_unif_gauss/graphs/golden__v20_a30_g1.json,/home/mathis/Documents/Travail/cbnsl_benchmark/experiments/scaling/agrum3/../../../experiments/scaling/agrum3/2026-07-23_11h37_cbn_unif_gauss/graphs/CMIIC__v20_a30_g1_s500.json,,2.544495144999928,17.0,20.0,0.5714285714285714,0.9473684210526316,0.8,0.9
cbn_unif_gauss,CPC,"{""alpha"": 0.05, ""max_conditioning_set_size"": 3}",20,30,1000,1,/home/mathis/Documents/Travail/cbnsl_benchmark/experiments/scaling/agrum3/../../../experiments/scaling/agrum3/2026-07-23_11h37_cbn_unif_gauss/graphs/golden__v20_a30_g1.json,/home/mathis/Documents/Travail/cbnsl_benchmark/experiments/scaling/agrum3/../../../experiments/scaling/agrum3/2026-07-23_11h37_cbn_unif_gauss/graphs/CPC__v20_a30_g1_s1000.json,,4.147201580000001,28.0,29.0,0.0,0.6666666666666666,0.0,0.5
cbn_unif_gauss,CMIIC,"{""alpha"": 0.05}",20,30,1000,1,/home/mathis/Documents/Travail/cbnsl_benchmark/experiments/scaling/agrum3/../../../experiments/scaling/agrum3/2026-07-23_11h37_cbn_unif_gauss/graphs/golden__v20_a30_g1.json,/home/mathis/Documents/Travail/cbnsl_benchmark/experiments/scaling/agrum3/../../../experiments/scaling/agrum3/2026-07-23_11h37_cbn_unif_gauss/graphs/CMIIC__v20_a30_g1_s1000.json,,8.291384314000425,10.0,13.0,0.75,0.9473684210526316,0.8571428571428571,0.9
cbn_unif_gauss,CPC,"{""alpha"": 0.05, ""max_conditioning_set_size"": 3}",20,30,3000,1,/home/mathis/Documents/Travail/cbnsl_benchmark/experiments/scaling/agrum3/../../../experiments/scaling/agrum3/2026-07-23_11h37_cbn_unif_gauss/graphs/golden__v20_a30_g1.json,/home/mathis/Documents/Travail/cbnsl_benchmark/experiments/scaling/agrum3/../../../experiments/scaling/agrum3/2026-07-23_11h37_cbn_unif_gauss/graphs/CPC__v20_a30_g1_s3000.json,,60.85470810299921,26.0,26.0,0.1764705882352941,0.7599999999999999,0.21428571428571427,0.6333333333333333
cbn_unif_gauss,CMIIC,"{""alpha"": 0.05}",20,30,3000,1,/home/mathis/Documents/Travail/cbnsl_benchmark/experiments/scaling/agrum3/../../../experiments/scaling/agrum3/2026-07-23_11h37_cbn_unif_gauss/graphs/golden__v20_a30_g1.json,/home/mathis/Documents/Travail/cbnsl_benchmark/experiments/scaling/agrum3/../../../experiments/scaling/agrum3/2026-07-23_11h37_cbn_unif_gauss/graphs/CMIIC__v20_a30_g1_s3000.json,,66.22303599299994,12.0,13.0,0.7755102040816326,0.9473684210526316,0.8636363636363636,0.9
cbn_unif_gauss,CPC,"{""alpha"": 0.05, ""max_conditioning_set_size"": 3}",20,30,5000,1,/home/mathis/Documents/Travail/cbnsl_benchmark/experiments/scaling/agrum3/../../../experiments/scaling/agrum3/2026-07-23_11h37_cbn_unif_gauss/graphs/golden__v20_a30_g1.json,/home/mathis/Documents/Travail/cbnsl_benchmark/experiments/scaling/agrum3/../../../experiments/scaling/agrum3/2026-07-23_11h37_cbn_unif_gauss/graphs/CPC__v20_a30_g1_s5000.json,,189.99984807199962,20.0,23.0,0.5581395348837209,0.8518518518518519,0.631578947368421,0.7666666666666667
cbn_unif_gauss,CMIIC,"{""alpha"": 0.05}",20,30,5000,1,/home/mathis/Documents/Travail/cbnsl_benchmark/experiments/scaling/agrum3/../../../experiments/scaling/agrum3/2026-07-23_11h37_cbn_unif_gauss/graphs/golden__v20_a30_g1.json,/home/mathis/Documents/Travail/cbnsl_benchmark/experiments/scaling/agrum3/../../../experiments/scaling/agrum3/2026-07-23_11h37_cbn_unif_gauss/graphs/CMIIC__v20_a30_g1_s5000.json,,217.14809206500013,12.0,13.0,0.7755102040816326,0.9473684210526316,0.8636363636363636,0.9
cbn_unif_gauss,CPC,"{""alpha"": 0.05, ""max_conditioning_set_size"": 3}",20,30,200,2,/home/mathis/Documents/Travail/cbnsl_benchmark/experiments/scaling/agrum3/../../../experiments/scaling/agrum3/2026-07-23_11h37_cbn_unif_gauss/graphs/golden__v20_a30_g2.json,/home/mathis/Documents/Travail/cbnsl_benchmark/experiments/scaling/agrum3/../../../experiments/scaling/agrum3/2026-07-23_11h37_cbn_unif_gauss/graphs/CPC__v20_a30_g2_s200.json,,0.0715753290005523,31.0,30.0,0.0,0.3684210526315789,0.0,0.23333333333333334
cbn_unif_gauss,CMIIC,"{""alpha"": 0.05}",20,30,200,2,/home/mathis/Documents/Travail/cbnsl_benchmark/experiments/scaling/agrum3/../../../experiments/scaling/agrum3/2026-07-23_11h37_cbn_unif_gauss/graphs/golden__v20_a30_g2.json,/home/mathis/Documents/Travail/cbnsl_benchmark/experiments/scaling/agrum3/../../../experiments/scaling/agrum3/2026-07-23_11h37_cbn_unif_gauss/graphs/CMIIC__v20_a30_g2_s200.json,,0.4770402180001838,29.0,23.0,0.2222222222222222,0.8571428571428571,0.4,0.8
cbn_unif_gauss,CPC,"{""alpha"": 0.05, ""max_conditioning_set_size"": 3}",20,30,500,2,/home/mathis/Documents/Travail/cbnsl_benchmark/experiments/scaling/agrum3/../../../experiments/scaling/agrum3/2026-07-23_11h37_cbn_unif_gauss/graphs/golden__v20_a30_g2.json,/home/mathis/Documents/Travail/cbnsl_benchmark/experiments/scaling/agrum3/../../../experiments/scaling/agrum3/2026-07-23_11h37_cbn_unif_gauss/graphs/CPC__v20_a30_g2_s500.json,,0.6388175590000174,27.0,28.0,0.0,0.37837837837837834,0.0,0.23333333333333334
cbn_unif_gauss,CMIIC,"{""alpha"": 0.05}",20,30,500,2,/home/mathis/Documents/Travail/cbnsl_benchmark/experiments/scaling/agrum3/../../../experiments/scaling/agrum3/2026-07-23_11h37_cbn_unif_gauss/graphs/golden__v20_a30_g2.json,/home/mathis/Documents/Travail/cbnsl_benchmark/experiments/scaling/agrum3/../../../experiments/scaling/agrum3/2026-07-23_11h37_cbn_unif_gauss/graphs/CMIIC__v20_a30_g2_s500.json,,2.239356998999938,22.0,26.0,0.4102564102564103,0.8928571428571429,0.6153846153846154,0.8333333333333334
cbn_unif_gauss,CPC,"{""alpha"": 0.05, ""max_conditioning_set_size"": 3}",20,30,1000,2,/home/mathis/Documents/Travail/cbnsl_benchmark/experiments/scaling/agrum3/../../../experiments/scaling/agrum3/2026-07-23_11h37_cbn_unif_gauss/graphs/golden__v20_a30_g2.json,/home/mathis/Documents/Travail/cbnsl_benchmark/experiments/scaling/agrum3/../../../experiments/scaling/agrum3/2026-07-23_11h37_cbn_unif_gauss/graphs/CPC__v20_a30_g2_s1000.json,,3.0762379539992253,27.0,28.0,0.0,0.6222222222222223,0.0,0.4666666666666667
cbn_unif_gauss,CMIIC,"{""alpha"": 0.05}",20,30,1000,2,/home/mathis/Documents/Travail/cbnsl_benchmark/experiments/scaling/agrum3/../../../experiments/scaling/agrum3/2026-07-23_11h37_cbn_unif_gauss/graphs/golden__v20_a30_g2.json,/home/mathis/Documents/Travail/cbnsl_benchmark/experiments/scaling/agrum3/../../../experiments/scaling/agrum3/2026-07-23_11h37_cbn_unif_gauss/graphs/CMIIC__v20_a30_g2_s1000.json,,6.498828383999353,23.0,25.0,0.41025641025641024,0.912280701754386,0.6666666666666666,0.8666666666666667
cbn_unif_gauss,CPC,"{""alpha"": 0.05, ""max_conditioning_set_size"": 3}",20,30,3000,2,/home/mathis/Documents/Travail/cbnsl_benchmark/experiments/scaling/agrum3/../../../experiments/scaling/agrum3/2026-07-23_11h37_cbn_unif_gauss/graphs/golden__v20_a30_g2.json,/home/mathis/Documents/Travail/cbnsl_benchmark/experiments/scaling/agrum3/../../../experiments/scaling/agrum3/2026-07-23_11h37_cbn_unif_gauss/graphs/CPC__v20_a30_g2_s3000.json,,42.40564149199963,25.0,22.0,0.1764705882352941,0.8301886792452831,0.2727272727272727,0.7333333333333333
cbn_unif_gauss,CMIIC,"{""alpha"": 0.05}",20,30,3000,2,/home/mathis/Documents/Travail/cbnsl_benchmark/experiments/scaling/agrum3/../../../experiments/scaling/agrum3/2026-07-23_11h37_cbn_unif_gauss/graphs/golden__v20_a30_g2.json,/home/mathis/Documents/Travail/cbnsl_benchmark/experiments/scaling/agrum3/../../../experiments/scaling/agrum3/2026-07-23_11h37_cbn_unif_gauss/graphs/CMIIC__v20_a30_g2_s3000.json,,55.167365594999865,19.0,25.0,0.6222222222222222,0.8928571428571429,0.7368421052631579,0.8333333333333334
cbn_unif_gauss,CPC,"{""alpha"": 0.05, ""max_conditioning_set_size"": 3}",20,30,5000,2,/home/mathis/Documents/Travail/cbnsl_benchmark/experiments/scaling/agrum3/../../../experiments/scaling/agrum3/2026-07-23_11h37_cbn_unif_gauss/graphs/golden__v20_a30_g2.json,/home/mathis/Documents/Travail/cbnsl_benchmark/experiments/scaling/agrum3/../../../experiments/scaling/agrum3/2026-07-23_11h37_cbn_unif_gauss/graphs/CPC__v20_a30_g2_s5000.json,,142.5489836149991,27.0,21.0,0.2222222222222222,0.9152542372881356,0.5714285714285714,0.9
cbn_unif_gauss,CMIIC,"{""alpha"": 0.05}",20,30,5000,2,/home/mathis/Documents/Travail/cbnsl_benchmark/experiments/scaling/agrum3/../../../experiments/scaling/agrum3/2026-07-23_11h37_cbn_unif_gauss/graphs/golden__v20_a30_g2.json,/home/mathis/Documents/Travail/cbnsl_benchmark/experiments/scaling/agrum3/../../../experiments/scaling/agrum3/2026-07-23_11h37_cbn_unif_gauss/graphs/CMIIC__v20_a30_g2_s5000.json,,133.74246385199876,16.0,19.0,0.7083333333333334,0.912280701754386,0.8095238095238095,0.8666666666666667
cbn_unif_gauss,CPC,"{""alpha"": 0.05, ""max_conditioning_set_size"": 3}",20,30,200,3,/home/mathis/Documents/Travail/cbnsl_benchmark/experiments/scaling/agrum3/../../../experiments/scaling/agrum3/2026-07-23_11h37_cbn_unif_gauss/graphs/golden__v20_a30_g3.json,/home/mathis/Documents/Travail/cbnsl_benchmark/experiments/scaling/agrum3/../../../experiments/scaling/agrum3/2026-07-23_11h37_cbn_unif_gauss/graphs/CPC__v20_a30_g3_s200.json,,0.18285068800105364,30.0,30.0,0.0,0.0,0.0,0.0
cbn_unif_gauss,CMIIC,"{""alpha"": 0.05}",20,30,200,3,/home/mathis/Documents/Travail/cbnsl_benchmark/experiments/scaling/agrum3/../../../experiments/scaling/agrum3/2026-07-23_11h37_cbn_unif_gauss/graphs/golden__v20_a30_g3.json,/home/mathis/Documents/Travail/cbnsl_benchmark/experiments/scaling/agrum3/../../../experiments/scaling/agrum3/2026-07-23_11h37_cbn_unif_gauss/graphs/CMIIC__v20_a30_g3_s200.json,,0.874977237001076,24.0,15.0,0.2702702702702703,0.8363636363636363,0.4166666666666667,0.7666666666666667
cbn_unif_gauss,CPC,"{""alpha"": 0.05, ""max_conditioning_set_size"": 3}",20,30,500,3,/home/mathis/Documents/Travail/cbnsl_benchmark/experiments/scaling/agrum3/../../../experiments/scaling/agrum3/2026-07-23_11h37_cbn_unif_gauss/graphs/golden__v20_a30_g3.json,/home/mathis/Documents/Travail/cbnsl_benchmark/experiments/scaling/agrum3/../../../experiments/scaling/agrum3/2026-07-23_11h37_cbn_unif_gauss/graphs/CPC__v20_a30_g3_s500.json,,0.9852448569999979,28.0,30.0,0.0,0.125,0.0,0.06666666666666667
cbn_unif_gauss,CMIIC,"{""alpha"": 0.05}",20,30,500,3,/home/mathis/Documents/Travail/cbnsl_benchmark/experiments/scaling/agrum3/../../../experiments/scaling/agrum3/2026-07-23_11h37_cbn_unif_gauss/graphs/golden__v20_a30_g3.json,/home/mathis/Documents/Travail/cbnsl_benchmark/experiments/scaling/agrum3/../../../experiments/scaling/agrum3/2026-07-23_11h37_cbn_unif_gauss/graphs/CMIIC__v20_a30_g3_s500.json,,3.3738687059994845,23.0,13.0,0.2777777777777778,0.8928571428571429,0.5,0.8333333333333334
cbn_unif_gauss,CPC,"{""alpha"": 0.05, ""max_conditioning_set_size"": 3}",20,30,1000,3,/home/mathis/Documents/Travail/cbnsl_benchmark/experiments/scaling/agrum3/../../../experiments/scaling/agrum3/2026-07-23_11h37_cbn_unif_gauss/graphs/golden__v20_a30_g3.json,/home/mathis/Documents/Travail/cbnsl_benchmark/experiments/scaling/agrum3/../../../experiments/scaling/agrum3/2026-07-23_11h37_cbn_unif_gauss/graphs/CPC__v20_a30_g3_s1000.json,,5.393419509999148,20.0,24.0,0.125,0.6046511627906976,0.10526315789473684,0.43333333333333335
cbn_unif_gauss,CMIIC,"{""alpha"": 0.05}",20,30,1000,3,/home/mathis/Documents/Travail/cbnsl_benchmark/experiments/scaling/agrum3/../../../experiments/scaling/agrum3/2026-07-23_11h37_cbn_unif_gauss/graphs/golden__v20_a30_g3.json,/home/mathis/Documents/Travail/cbnsl_benchmark/experiments/scaling/agrum3/../../../experiments/scaling/agrum3/2026-07-23_11h37_cbn_unif_gauss/graphs/CMIIC__v20_a30_g3_s1000.json,,9.66300453599979,23.0,8.0,0.2777777777777778,0.9310344827586207,0.625,0.9
cbn_unif_gauss,CPC,"{""alpha"": 0.05, ""max_conditioning_set_size"": 3}",20,30,3000,3,/home/mathis/Documents/Travail/cbnsl_benchmark/experiments/scaling/agrum3/../../../experiments/scaling/agrum3/2026-07-23_11h37_cbn_unif_gauss/graphs/golden__v20_a30_g3.json,/home/mathis/Documents/Travail/cbnsl_benchmark/experiments/scaling/agrum3/../../../experiments/scaling/agrum3/2026-07-23_11h37_cbn_unif_gauss/graphs/CPC__v20_a30_g3_s3000.json,,60.93108414699964,22.0,24.0,0.0,0.6956521739130436,0.0,0.5333333333333333
cbn_unif_gauss,CMIIC,"{""alpha"": 0.05}",20,30,3000,3,/home/mathis/Documents/Travail/cbnsl_benchmark/experiments/scaling/agrum3/../../../experiments/scaling/agrum3/2026-07-23_11h37_cbn_unif_gauss/graphs/golden__v20_a30_g3.json,/home/mathis/Documents/Travail/cbnsl_benchmark/experiments/scaling/agrum3/../../../experiments/scaling/agrum3/2026-07-23_11h37_cbn_unif_gauss/graphs/CMIIC__v20_a30_g3_s3000.json,,81.16243872300038,21.0,9.0,0.7200000000000001,0.896551724137931,0.8181818181818182,0.8666666666666667
cbn_unif_gauss,CPC,"{""alpha"": 0.05, ""max_conditioning_set_size"": 3}",20,30,5000,3,/home/mathis/Documents/Travail/cbnsl_benchmark/experiments/scaling/agrum3/../../../experiments/scaling/agrum3/2026-07-23_11h37_cbn_unif_gauss/graphs/golden__v20_a30_g3.json,/home/mathis/Documents/Travail/cbnsl_benchmark/experiments/scaling/agrum3/../../../experiments/scaling/agrum3/2026-07-23_11h37_cbn_unif_gauss/graphs/CPC__v20_a30_g3_s5000.json,,176.11207257800015,13.0,23.0,0.2857142857142857,0.8679245283018869,0.4166666666666667,0.7666666666666667
cbn_unif_gauss,CMIIC,"{""alpha"": 0.05}",20,30,5000,3,/home/mathis/Documents/Travail/cbnsl_benchmark/experiments/scaling/agrum3/../../../experiments/scaling/agrum3/2026-07-23_11h37_cbn_unif_gauss/graphs/golden__v20_a30_g3.json,/home/mathis/Documents/Travail/cbnsl_benchmark/experiments/scaling/agrum3/../../../experiments/scaling/agrum3/2026-07-23_11h37_cbn_unif_gauss/graphs/CMIIC__v20_a30_g3_s5000.json,,229.83792393799922,22.0,22.0,0.7200000000000001,0.9152542372881356,0.8571428571428571,0.9
cbn_unif_gauss,CPC,"{""alpha"": 0.05, ""max_conditioning_set_size"": 3}",20,30,200,4,/home/mathis/Documents/Travail/cbnsl_benchmark/experiments/scaling/agrum3/../../../experiments/scaling/agrum3/2026-07-23_11h37_cbn_unif_gauss/graphs/golden__v20_a30_g4.json,/home/mathis/Documents/Travail/cbnsl_benchmark/experiments/scaling/agrum3/../../../experiments/scaling/agrum3/2026-07-23_11h37_cbn_unif_gauss/graphs/CPC__v20_a30_g4_s200.json,,0.06734018500173988,31.0,31.0,0.0,0.3684210526315789,0.0,0.23333333333333334
cbn_unif_gauss,CMIIC,"{""alpha"": 0.05}",20,30,200,4,/home/mathis/Documents/Travail/cbnsl_benchmark/experiments/scaling/agrum3/../../../experiments/scaling/agrum3/2026-07-23_11h37_cbn_unif_gauss/graphs/golden__v20_a30_g4.json,/home/mathis/Documents/Travail/cbnsl_benchmark/experiments/scaling/agrum3/../../../experiments/scaling/agrum3/2026-07-23_11h37_cbn_unif_gauss/graphs/CMIIC__v20_a30_g4_s200.json,,0.5592401350004366,26.0,23.0,0.48780487804878053,0.8727272727272728,0.625,0.8
cbn_unif_gauss,CPC,"{""alpha"": 0.05, ""max_conditioning_set_size"": 3}",20,30,500,4,/home/mathis/Documents/Travail/cbnsl_benchmark/experiments/scaling/agrum3/../../../experiments/scaling/agrum3/2026-07-23_11h37_cbn_unif_gauss/graphs/golden__v20_a30_g4.json,/home/mathis/Documents/Travail/cbnsl_benchmark/experiments/scaling/agrum3/../../../experiments/scaling/agrum3/2026-07-23_11h37_cbn_unif_gauss/graphs/CPC__v20_a30_g4_s500.json,,0.5453248849989905,28.0,28.0,0.0,0.2857142857142857,0.0,0.16666666666666666
cbn_unif_gauss,CMIIC,"{""alpha"": 0.05}",20,30,500,4,/home/mathis/Documents/Travail/cbnsl_benchmark/experiments/scaling/agrum3/../../../experiments/scaling/agrum3/2026-07-23_11h37_cbn_unif_gauss/graphs/golden__v20_a30_g4.json,/home/mathis/Documents/Travail/cbnsl_benchmark/experiments/scaling/agrum3/../../../experiments/scaling/agrum3/2026-07-23_11h37_cbn_unif_gauss/graphs/CMIIC__v20_a30_g4_s500.json,,2.2136817470000096,26.0,22.0,0.43902439024390244,0.8771929824561403,0.6428571428571429,0.8333333333333334
cbn_unif_gauss,CPC,"{""alpha"": 0.05, ""max_conditioning_set_size"": 3}",20,30,1000,4,/home/mathis/Documents/Travail/cbnsl_benchmark/experiments/scaling/agrum3/../../../experiments/scaling/agrum3/2026-07-23_11h37_cbn_unif_gauss/graphs/golden__v20_a30_g4.json,/home/mathis/Documents/Travail/cbnsl_benchmark/experiments/scaling/agrum3/../../../experiments/scaling/agrum3/2026-07-23_11h37_cbn_unif_gauss/graphs/CPC__v20_a30_g4_s1000.json,,2.666682827999466,24.0,27.0,0.0,0.5714285714285715,0.0,0.4
cbn_unif_gauss,CMIIC,"{""alpha"": 0.05}",20,30,1000,4,/home/mathis/Documents/Travail/cbnsl_benchmark/experiments/scaling/agrum3/../../../experiments/scaling/agrum3/2026-07-23_11h37_cbn_unif_gauss/graphs/golden__v20_a30_g4.json,/home/mathis/Documents/Travail/cbnsl_benchmark/experiments/scaling/agrum3/../../../experiments/scaling/agrum3/2026-07-23_11h37_cbn_unif_gauss/graphs/CMIIC__v20_a30_g4_s1000.json,,6.894265213999461,19.0,23.0,0.6808510638297872,0.8727272727272728,0.7272727272727273,0.8
cbn_unif_gauss,CPC,"{""alpha"": 0.05, ""max_conditioning_set_size"": 3}",20,30,3000,4,/home/mathis/Documents/Travail/cbnsl_benchmark/experiments/scaling/agrum3/../../../experiments/scaling/agrum3/2026-07-23_11h37_cbn_unif_gauss/graphs/golden__v20_a30_g4.json,/home/mathis/Documents/Travail/cbnsl_benchmark/experiments/scaling/agrum3/../../../experiments/scaling/agrum3/2026-07-23_11h37_cbn_unif_gauss/graphs/CPC__v20_a30_g4_s3000.json,,29.73279931399884,24.0,18.0,0.4651162790697674,0.9180327868852459,0.8333333333333334,0.9333333333333333
cbn_unif_gauss,CMIIC,"{""alpha"": 0.05}",20,30,3000,4,/home/mathis/Documents/Travail/cbnsl_benchmark/experiments/scaling/agrum3/../../../experiments/scaling/agrum3/2026-07-23_11h37_cbn_unif_gauss/graphs/golden__v20_a30_g4.json,/home/mathis/Documents/Travail/cbnsl_benchmark/experiments/scaling/agrum3/../../../experiments/scaling/agrum3/2026-07-23_11h37_cbn_unif_gauss/graphs/CMIIC__v20_a30_g4_s3000.json,,49.47735874200043,22.0,22.0,0.6222222222222222,0.8727272727272728,0.7,0.8
cbn_unif_gauss,CPC,"{""alpha"": 0.05, ""max_conditioning_set_size"": 3}",20,30,5000,4,/home/mathis/Documents/Travail/cbnsl_benchmark/experiments/scaling/agrum3/../../../experiments/scaling/agrum3/2026-07-23_11h37_cbn_unif_gauss/graphs/golden__v20_a30_g4.json,/home/mathis/Documents/Travail/cbnsl_benchmark/experiments/scaling/agrum3/../../../experiments/scaling/agrum3/2026-07-23_11h37_cbn_unif_gauss/graphs/CPC__v20_a30_g4_s5000.json,,88.43137738299993,21.0,13.0,0.4390243902439024,0.9508196721311476,0.9,0.9666666666666667
cbn_unif_gauss,CMIIC,"{""alpha"": 0.05}",20,30,5000,4,/home/mathis/Documents/Travail/cbnsl_benchmark/experiments/scaling/agrum3/../../../experiments/scaling/agrum3/2026-07-23_11h37_cbn_unif_gauss/graphs/golden__v20_a30_g4.json,/home/mathis/Documents/Travail/cbnsl_benchmark/experiments/scaling/agrum3/../../../experiments/scaling/agrum3/2026-07-23_11h37_cbn_unif_gauss/graphs/CMIIC__v20_a30_g4_s5000.json,,131.23089011100092,18.0,26.0,0.6666666666666666,0.888888888888889,0.7142857142857143,0.8
cbn_unif_gauss,CPC,"{""alpha"": 0.05, ""max_conditioning_set_size"": 3}",20,30,200,5,/home/mathis/Documents/Travail/cbnsl_benchmark/experiments/scaling/agrum3/../../../experiments/scaling/agrum3/2026-07-23_11h37_cbn_unif_gauss/graphs/golden__v20_a30_g5.json,/home/mathis/Documents/Travail/cbnsl_benchmark/experiments/scaling/agrum3/../../../experiments/scaling/agrum3/2026-07-23_11h37_cbn_unif_gauss/graphs/CPC__v20_a30_g5_s200.json,,0.06075193200013018,29.0,29.0,0.0,0.4736842105263158,0.0,0.3103448275862069
cbn_unif_gauss,CMIIC,"{""alpha"": 0.05}",20,30,200,5,/home/mathis/Documents/Travail/cbnsl_benchmark/experiments/scaling/agrum3/../../../experiments/scaling/agrum3/2026-07-23_11h37_cbn_unif_gauss/graphs/golden__v20_a30_g5.json,/home/mathis/Documents/Travail/cbnsl_benchmark/experiments/scaling/agrum3/../../../experiments/scaling/agrum3/2026-07-23_11h37_cbn_unif_gauss/graphs/CMIIC__v20_a30_g5_s200.json,,0.608826809000675,11.0,17.0,0.6666666666666667,0.9655172413793104,0.9375,0.9655172413793104
cbn_unif_gauss,CPC,"{""alpha"": 0.05, ""max_conditioning_set_size"": 3}",20,30,500,5,/home/mathis/Documents/Travail/cbnsl_benchmark/experiments/scaling/agrum3/../../../experiments/scaling/agrum3/2026-07-23_11h37_cbn_unif_gauss/graphs/golden__v20_a30_g5.json,/home/mathis/Documents/Travail/cbnsl_benchmark/experiments/scaling/agrum3/../../../experiments/scaling/agrum3/2026-07-23_11h37_cbn_unif_gauss/graphs/CPC__v20_a30_g5_s500.json,,0.692118961000233,27.0,28.0,0.0,0.34285714285714286,0.0,0.20689655172413793
cbn_unif_gauss,CMIIC,"{""alpha"": 0.05}",20,30,500,5,/home/mathis/Documents/Travail/cbnsl_benchmark/experiments/scaling/agrum3/../../../experiments/scaling/agrum3/2026-07-23_11h37_cbn_unif_gauss/graphs/golden__v20_a30_g5.json,/home/mathis/Documents/Travail/cbnsl_benchmark/experiments/scaling/agrum3/../../../experiments/scaling/agrum3/2026-07-23_11h37_cbn_unif_gauss/graphs/CMIIC__v20_a30_g5_s500.json,,2.7702670880007645,11.0,17.0,0.6666666666666667,0.9655172413793104,0.9375,0.9655172413793104
cbn_unif_gauss,CPC,"{""alpha"": 0.05, ""max_conditioning_set_size"": 3}",20,30,1000,5,/home/mathis/Documents/Travail/cbnsl_benchmark/experiments/scaling/agrum3/../../../experiments/scaling/agrum3/2026-07-23_11h37_cbn_unif_gauss/graphs/golden__v20_a30_g5.json,/home/mathis/Documents/Travail/cbnsl_benchmark/experiments/scaling/agrum3/../../../experiments/scaling/agrum3/2026-07-23_11h37_cbn_unif_gauss/graphs/CPC__v20_a30_g5_s1000.json,,3.9140944659993693,25.0,26.0,0.0,0.6363636363636364,0.0,0.4827586206896552
cbn_unif_gauss,CMIIC,"{""alpha"": 0.05}",20,30,1000,5,/home/mathis/Documents/Travail/cbnsl_benchmark/experiments/scaling/agrum3/../../../experiments/scaling/agrum3/2026-07-23_11h37_cbn_unif_gauss/graphs/golden__v20_a30_g5.json,/home/mathis/Documents/Travail/cbnsl_benchmark/experiments/scaling/agrum3/../../../experiments/scaling/agrum3/2026-07-23_11h37_cbn_unif_gauss/graphs/CMIIC__v20_a30_g5_s1000.json,,8.899867362000805,13.0,5.0,0.7999999999999999,0.9655172413793104,0.9523809523809523,0.9655172413793104
cbn_unif_gauss,CPC,"{""alpha"": 0.05, ""max_conditioning_set_size"": 3}",20,30,3000,5,/home/mathis/Documents/Travail/cbnsl_benchmark/experiments/scaling/agrum3/../../../experiments/scaling/agrum3/2026-07-23_11h37_cbn_unif_gauss/graphs/golden__v20_a30_g5.json,/home/mathis/Documents/Travail/cbnsl_benchmark/experiments/scaling/agrum3/../../../experiments/scaling/agrum3/2026-07-23_11h37_cbn_unif_gauss/graphs/CPC__v20_a30_g5_s3000.json,,50.53964952199931,13.0,5.0,0.625,0.9180327868852458,0.9375,0.9655172413793104
cbn_unif_gauss,CMIIC,"{""alpha"": 0.05}",20,30,3000,5,/home/mathis/Documents/Travail/cbnsl_benchmark/experiments/scaling/agrum3/../../../experiments/scaling/agrum3/2026-07-23_11h37_cbn_unif_gauss/graphs/golden__v20_a30_g5.json,/home/mathis/Documents/Travail/cbnsl_benchmark/experiments/scaling/agrum3/../../../experiments/scaling/agrum3/2026-07-23_11h37_cbn_unif_gauss/graphs/CMIIC__v20_a30_g5_s3000.json,,64.08976034700027,10.0,5.0,0.823529411764706,0.9655172413793104,0.9545454545454546,0.9655172413793104
cbn_unif_gauss,CPC,"{""alpha"": 0.05, ""max_conditioning_set_size"": 3}",20,30,5000,5,/home/mathis/Documents/Travail/cbnsl_benchmark/experiments/scaling/agrum3/../../../experiments/scaling/agrum3/2026-07-23_11h37_cbn_unif_gauss/graphs/golden__v20_a30_g5.json,/home/mathis/Documents/Travail/cbnsl_benchmark/experiments/scaling/agrum3/../../../experiments/scaling/agrum3/2026-07-23_11h37_cbn_unif_gauss/graphs/CPC__v20_a30_g5_s5000.json,,171.7305822010003,9.0,20.0,0.7083333333333333,0.9310344827586207,0.8947368421052632,0.9310344827586207
cbn_unif_gauss,CMIIC,"{""alpha"": 0.05}",20,30,5000,5,/home/mathis/Documents/Travail/cbnsl_benchmark/experiments/scaling/agrum3/../../../experiments/scaling/agrum3/2026-07-23_11h37_cbn_unif_gauss/graphs/golden__v20_a30_g5.json,/home/mathis/Documents/Travail/cbnsl_benchmark/experiments/scaling/agrum3/../../../experiments/scaling/agrum3/2026-07-23_11h37_cbn_unif_gauss/graphs/CMIIC__v20_a30_g5_s5000.json,,216.93888271099968,14.0,5.0,0.7999999999999999,0.9655172413793104,0.9523809523809523,0.9655172413793104
cbn_unif_gauss,CPC,"{""alpha"": 0.05, ""max_conditioning_set_size"": 3}",20,30,200,6,/home/mathis/Documents/Travail/cbnsl_benchmark/experiments/scaling/agrum3/../../../experiments/scaling/agrum3/2026-07-23_11h37_cbn_unif_gauss/graphs/golden__v20_a30_g6.json,/home/mathis/Documents/Travail/cbnsl_benchmark/experiments/scaling/agrum3/../../../experiments/scaling/agrum3/2026-07-23_11h37_cbn_unif_gauss/graphs/CPC__v20_a30_g6_s200.json,,0.0809738899988588,29.0,30.0,0.0,0.06451612903225806,0.0,0.03333333333333333
cbn_unif_gauss,CMIIC,"{""alpha"": 0.05}",20,30,200,6,/home/mathis/Documents/Travail/cbnsl_benchmark/experiments/scaling/agrum3/../../../experiments/scaling/agrum3/2026-07-23_11h37_cbn_unif_gauss/graphs/golden__v20_a30_g6.json,/home/mathis/Documents/Travail/cbnsl_benchmark/experiments/scaling/agrum3/../../../experiments/scaling/agrum3/2026-07-23_11h37_cbn_unif_gauss/graphs/CMIIC__v20_a30_g6_s200.json,,0.7232569700008753,30.0,24.0,0.4888888888888888,0.8275862068965518,0.6470588235294118,0.8
cbn_unif_gauss,CPC,"{""alpha"": 0.05, ""max_conditioning_set_size"": 3}",20,30,500,6,/home/mathis/Documents/Travail/cbnsl_benchmark/experiments/scaling/agrum3/../../../experiments/scaling/agrum3/2026-07-23_11h37_cbn_unif_gauss/graphs/golden__v20_a30_g6.json,/home/mathis/Documents/Travail/cbnsl_benchmark/experiments/scaling/agrum3/../../../experiments/scaling/agrum3/2026-07-23_11h37_cbn_unif_gauss/graphs/CPC__v20_a30_g6_s500.json,,1.0310434270013502,26.0,28.0,0.0,0.33333333333333337,0.0,0.2
cbn_unif_gauss,CMIIC,"{""alpha"": 0.05}",20,30,500,6,/home/mathis/Documents/Travail/cbnsl_benchmark/experiments/scaling/agrum3/../../../experiments/scaling/agrum3/2026-07-23_11h37_cbn_unif_gauss/graphs/golden__v20_a30_g6.json,/home/mathis/Documents/Travail/cbnsl_benchmark/experiments/scaling/agrum3/../../../experiments/scaling/agrum3/2026-07-23_11h37_cbn_unif_gauss/graphs/CMIIC__v20_a30_g6_s500.json,,2.5768063260002236,25.0,20.0,0.4210526315789474,0.888888888888889,0.5714285714285714,0.8
cbn_unif_gauss,CPC,"{""alpha"": 0.05, ""max_conditioning_set_size"": 3}",20,30,1000,6,/home/mathis/Documents/Travail/cbnsl_benchmark/experiments/scaling/agrum3/../../../experiments/scaling/agrum3/2026-07-23_11h37_cbn_unif_gauss/graphs/golden__v20_a30_g6.json,/home/mathis/Documents/Travail/cbnsl_benchmark/experiments/scaling/agrum3/../../../experiments/scaling/agrum3/2026-07-23_11h37_cbn_unif_gauss/graphs/CPC__v20_a30_g6_s1000.json,,5.3818449469999905,19.0,26.0,0.06451612903225808,0.7234042553191489,0.07142857142857142,0.5666666666666667
cbn_unif_gauss,CMIIC,"{""alpha"": 0.05}",20,30,1000,6,/home/mathis/Documents/Travail/cbnsl_benchmark/experiments/scaling/agrum3/../../../experiments/scaling/agrum3/2026-07-23_11h37_cbn_unif_gauss/graphs/golden__v20_a30_g6.json,/home/mathis/Documents/Travail/cbnsl_benchmark/experiments/scaling/agrum3/../../../experiments/scaling/agrum3/2026-07-23_11h37_cbn_unif_gauss/graphs/CMIIC__v20_a30_g6_s1000.json,,8.315454079998744,26.0,17.0,0.4210526315789474,0.888888888888889,0.5714285714285714,0.8
cbn_unif_gauss,CPC,"{""alpha"": 0.05, ""max_conditioning_set_size"": 3}",20,30,3000,6,/home/mathis/Documents/Travail/cbnsl_benchmark/experiments/scaling/agrum3/../../../experiments/scaling/agrum3/2026-07-23_11h37_cbn_unif_gauss/graphs/golden__v20_a30_g6.json,/home/mathis/Documents/Travail/cbnsl_benchmark/experiments/scaling/agrum3/../../../experiments/scaling/agrum3/2026-07-23_11h37_cbn_unif_gauss/graphs/CPC__v20_a30_g6_s3000.json,,75.23209224800121,20.0,25.0,0.0,0.6956521739130436,0.0,0.5333333333333333
cbn_unif_gauss,CMIIC,"{""alpha"": 0.05}",20,30,3000,6,/home/mathis/Documents/Travail/cbnsl_benchmark/experiments/scaling/agrum3/../../../experiments/scaling/agrum3/2026-07-23_11h37_cbn_unif_gauss/graphs/golden__v20_a30_g6.json,/home/mathis/Documents/Travail/cbnsl_benchmark/experiments/scaling/agrum3/../../../experiments/scaling/agrum3/2026-07-23_11h37_cbn_unif_gauss/graphs/CMIIC__v20_a30_g6_s3000.json,,85.73670318299992,23.0,20.0,0.4210526315789474,0.9090909090909091,0.6153846153846154,0.8333333333333334
cbn_unif_gauss,CPC,"{""alpha"": 0.05, ""max_conditioning_set_size"": 3}",20,30,5000,6,/home/mathis/Documents/Travail/cbnsl_benchmark/experiments/scaling/agrum3/../../../experiments/scaling/agrum3/2026-07-23_11h37_cbn_unif_gauss/graphs/golden__v20_a30_g6.json,/home/mathis/Documents/Travail/cbnsl_benchmark/experiments/scaling/agrum3/../../../experiments/scaling/agrum3/2026-07-23_11h37_cbn_unif_gauss/graphs/CPC__v20_a30_g6_s5000.json,,248.34188398699916,21.0,22.0,0.06451612903225806,0.8235294117647058,0.1,0.7
cbn_unif_gauss,CMIIC,"{""alpha"": 0.05}",20,30,5000,6,/home/mathis/Documents/Travail/cbnsl_benchmark/experiments/scaling/agrum3/../../../experiments/scaling/agrum3/2026-07-23_11h37_cbn_unif_gauss/graphs/golden__v20_a30_g6.json,/home/mathis/Documents/Travail/cbnsl_benchmark/experiments/scaling/agrum3/../../../experiments/scaling/agrum3/2026-07-23_11h37_cbn_unif_gauss/graphs/CMIIC__v20_a30_g6_s5000.json,,215.13074939699982,23.0,19.0,0.42105263157894735,0.9285714285714286,0.6666666666666666,0.8666666666666667
cbn_unif_gauss,CPC,"{""alpha"": 0.05, ""max_conditioning_set_size"": 3}",20,30,200,7,/home/mathis/Documents/Travail/cbnsl_benchmark/experiments/scaling/agrum3/../../../experiments/scaling/agrum3/2026-07-23_11h37_cbn_unif_gauss/graphs/golden__v20_a30_g7.json,/home/mathis/Documents/Travail/cbnsl_benchmark/experiments/scaling/agrum3/../../../experiments/scaling/agrum3/2026-07-23_11h37_cbn_unif_gauss/graphs/CPC__v20_a30_g7_s200.json,,0.06635779300086142,30.0,28.0,0.0,0.33333333333333337,0.0,0.2
cbn_unif_gauss,CMIIC,"{""alpha"": 0.05}",20,30,200,7,/home/mathis/Documents/Travail/cbnsl_benchmark/experiments/scaling/agrum3/../../../experiments/scaling/agrum3/2026-07-23_11h37_cbn_unif_gauss/graphs/golden__v20_a30_g7.json,/home/mathis/Documents/Travail/cbnsl_benchmark/experiments/scaling/agrum3/../../../experiments/scaling/agrum3/2026-07-23_11h37_cbn_unif_gauss/graphs/CMIIC__v20_a30_g7_s200.json,,0.4958419410013448,23.0,25.0,0.5,0.9285714285714286,0.7142857142857143,0.8666666666666667
cbn_unif_gauss,CPC,"{""alpha"": 0.05, ""max_conditioning_set_size"": 3}",20,30,500,7,/home/mathis/Documents/Travail/cbnsl_benchmark/experiments/scaling/agrum3/../../../experiments/scaling/agrum3/2026-07-23_11h37_cbn_unif_gauss/graphs/golden__v20_a30_g7.json,/home/mathis/Documents/Travail/cbnsl_benchmark/experiments/scaling/agrum3/../../../experiments/scaling/agrum3/2026-07-23_11h37_cbn_unif_gauss/graphs/CPC__v20_a30_g7_s500.json,,0.5507406199994875,29.0,28.0,0.0,0.23529411764705882,0.0,0.13333333333333333
cbn_unif_gauss,CMIIC,"{""alpha"": 0.05}",20,30,500,7,/home/mathis/Documents/Travail/cbnsl_benchmark/experiments/scaling/agrum3/../../../experiments/scaling/agrum3/2026-07-23_11h37_cbn_unif_gauss/graphs/golden__v20_a30_g7.json,/home/mathis/Documents/Travail/cbnsl_benchmark/experiments/scaling/agrum3/../../../experiments/scaling/agrum3/2026-07-23_11h37_cbn_unif_gauss/graphs/CMIIC__v20_a30_g7_s500.json,,2.284989518999282,23.0,25.0,0.5,0.9285714285714286,0.7142857142857143,0.8666666666666667
cbn_unif_gauss,CPC,"{""alpha"": 0.05, ""max_conditioning_set_size"": 3}",20,30,1000,7,/home/mathis/Documents/Travail/cbnsl_benchmark/experiments/scaling/agrum3/../../../experiments/scaling/agrum3/2026-07-23_11h37_cbn_unif_gauss/graphs/golden__v20_a30_g7.json,/home/mathis/Documents/Travail/cbnsl_benchmark/experiments/scaling/agrum3/../../../experiments/scaling/agrum3/2026-07-23_11h37_cbn_unif_gauss/graphs/CPC__v20_a30_g7_s1000.json,,2.6524805650005874,25.0,26.0,0.06451612903225808,0.7499999999999999,0.07692307692307693,0.6
cbn_unif_gauss,CMIIC,"{""alpha"": 0.05}",20,30,1000,7,/home/mathis/Documents/Travail/cbnsl_benchmark/experiments/scaling/agrum3/../../../experiments/scaling/agrum3/2026-07-23_11h37_cbn_unif_gauss/graphs/golden__v20_a30_g7.json,/home/mathis/Documents/Travail/cbnsl_benchmark/experiments/scaling/agrum3/../../../experiments/scaling/agrum3/2026-07-23_11h37_cbn_unif_gauss/graphs/CMIIC__v20_a30_g7_s1000.json,,6.193734189000679,22.0,15.0,0.5714285714285715,0.888888888888889,0.6666666666666666,0.8
cbn_unif_gauss,CPC,"{""alpha"": 0.05, ""max_conditioning_set_size"": 3}",20,30,3000,7,/home/mathis/Documents/Travail/cbnsl_benchmark/experiments/scaling/agrum3/../../../experiments/scaling/agrum3/2026-07-23_11h37_cbn_unif_gauss/graphs/golden__v20_a30_g7.json,/home/mathis/Documents/Travail/cbnsl_benchmark/experiments/scaling/agrum3/../../../experiments/scaling/agrum3/2026-07-23_11h37_cbn_unif_gauss/graphs/CPC__v20_a30_g7_s3000.json,,30.555728437999278,22.0,22.0,0.5,0.9473684210526316,0.7692307692307693,0.9
cbn_unif_gauss,CMIIC,"{""alpha"": 0.05}",20,30,3000,7,/home/mathis/Documents/Travail/cbnsl_benchmark/experiments/scaling/agrum3/../../../experiments/scaling/agrum3/2026-07-23_11h37_cbn_unif_gauss/graphs/golden__v20_a30_g7.json,/home/mathis/Documents/Travail/cbnsl_benchmark/experiments/scaling/agrum3/../../../experiments/scaling/agrum3/2026-07-23_11h37_cbn_unif_gauss/graphs/CMIIC__v20_a30_g7_s3000.json,,50.34846213499986,28.0,22.0,0.18181818181818182,0.888888888888889,0.3333333333333333,0.8
cbn_unif_gauss,CPC,"{""alpha"": 0.05, ""max_conditioning_set_size"": 3}",20,30,5000,7,/home/mathis/Documents/Travail/cbnsl_benchmark/experiments/scaling/agrum3/../../../experiments/scaling/agrum3/2026-07-23_11h37_cbn_unif_gauss/graphs/golden__v20_a30_g7.json,/home/mathis/Documents/Travail/cbnsl_benchmark/experiments/scaling/agrum3/../../../experiments/scaling/agrum3/2026-07-23_11h37_cbn_unif_gauss/graphs/CPC__v20_a30_g7_s5000.json,,87.52706062099969,23.0,25.0,0.5,0.9655172413793104,0.8333333333333334,0.9333333333333333
cbn_unif_gauss,CMIIC,"{""alpha"": 0.05}",20,30,5000,7,/home/mathis/Documents/Travail/cbnsl_benchmark/experiments/scaling/agrum3/../../../experiments/scaling/agrum3/2026-07-23_11h37_cbn_unif_gauss/graphs/golden__v20_a30_g7.json,/home/mathis/Documents/Travail/cbnsl_benchmark/experiments/scaling/agrum3/../../../experiments/scaling/agrum3/2026-07-23_11h37_cbn_unif_gauss/graphs/CMIIC__v20_a30_g7_s5000.json,,141.57760869699996,28.0,22.0,0.18181818181818182,0.888888888888889,0.3333333333333333,0.8
cbn_unif_gauss,CPC,"{""alpha"": 0.05, ""max_conditioning_set_size"": 3}",20,30,200,8,/home/mathis/Documents/Travail/cbnsl_benchmark/experiments/scaling/agrum3/../../../experiments/scaling/agrum3/2026-07-23_11h37_cbn_unif_gauss/graphs/golden__v20_a30_g8.json,/home/mathis/Documents/Travail/cbnsl_benchmark/experiments/scaling/agrum3/../../../experiments/scaling/agrum3/2026-07-23_11h37_cbn_unif_gauss/graphs/CPC__v20_a30_g8_s200.json,,0.059386330998677295,31.0,31.0,0.0,0.32432432432432434,0.0,0.2
cbn_unif_gauss,CMIIC,"{""alpha"": 0.05}",20,30,200,8,/home/mathis/Documents/Travail/cbnsl_benchmark/experiments/scaling/agrum3/../../../experiments/scaling/agrum3/2026-07-23_11h37_cbn_unif_gauss/graphs/golden__v20_a30_g8.json,/home/mathis/Documents/Travail/cbnsl_benchmark/experiments/scaling/agrum3/../../../experiments/scaling/agrum3/2026-07-23_11h37_cbn_unif_gauss/graphs/CMIIC__v20_a30_g8_s200.json,,0.5121058360000461,27.0,15.0,0.2777777777777778,0.912280701754386,0.5555555555555556,0.8666666666666667
cbn_unif_gauss,CPC,"{""alpha"": 0.05, ""max_conditioning_set_size"": 3}",20,30,500,8,/home/mathis/Documents/Travail/cbnsl_benchmark/experiments/scaling/agrum3/../../../experiments/scaling/agrum3/2026-07-23_11h37_cbn_unif_gauss/graphs/golden__v20_a30_g8.json,/home/mathis/Documents/Travail/cbnsl_benchmark/experiments/scaling/agrum3/../../../experiments/scaling/agrum3/2026-07-23_11h37_cbn_unif_gauss/graphs/CPC__v20_a30_g8_s500.json,,0.5756931229989277,30.0,29.0,0.0,0.33333333333333337,0.0,0.2
cbn_unif_gauss,CMIIC,"{""alpha"": 0.05}",20,30,500,8,/home/mathis/Documents/Travail/cbnsl_benchmark/experiments/scaling/agrum3/../../../experiments/scaling/agrum3/2026-07-23_11h37_cbn_unif_gauss/graphs/golden__v20_a30_g8.json,/home/mathis/Documents/Travail/cbnsl_benchmark/experiments/scaling/agrum3/../../../experiments/scaling/agrum3/2026-07-23_11h37_cbn_unif_gauss/graphs/CMIIC__v20_a30_g8_s500.json,,2.4117280289992777,25.0,5.0,0.42105263157894735,0.9473684210526316,0.7272727272727273,0.9
cbn_unif_gauss,CPC,"{""alpha"": 0.05, ""max_conditioning_set_size"": 3}",20,30,1000,8,/home/mathis/Documents/Travail/cbnsl_benchmark/experiments/scaling/agrum3/../../../experiments/scaling/agrum3/2026-07-23_11h37_cbn_unif_gauss/graphs/golden__v20_a30_g8.json,/home/mathis/Documents/Travail/cbnsl_benchmark/experiments/scaling/agrum3/../../../experiments/scaling/agrum3/2026-07-23_11h37_cbn_unif_gauss/graphs/CPC__v20_a30_g8_s1000.json,,2.801960565000627,27.0,27.0,0.0,0.6956521739130436,0.0,0.5333333333333333
cbn_unif_gauss,CMIIC,"{""alpha"": 0.05}",20,30,1000,8,/home/mathis/Documents/Travail/cbnsl_benchmark/experiments/scaling/agrum3/../../../experiments/scaling/agrum3/2026-07-23_11h37_cbn_unif_gauss/graphs/golden__v20_a30_g8.json,/home/mathis/Documents/Travail/cbnsl_benchmark/experiments/scaling/agrum3/../../../experiments/scaling/agrum3/2026-07-23_11h37_cbn_unif_gauss/graphs/CMIIC__v20_a30_g8_s1000.json,,7.233071131000543,25.0,5.0,0.42105263157894735,0.9473684210526316,0.7272727272727273,0.9
cbn_unif_gauss,CPC,"{""alpha"": 0.05, ""max_conditioning_set_size"": 3}",20,30,3000,8,/home/mathis/Documents/Travail/cbnsl_benchmark/experiments/scaling/agrum3/../../../experiments/scaling/agrum3/2026-07-23_11h37_cbn_unif_gauss/graphs/golden__v20_a30_g8.json,/home/mathis/Documents/Travail/cbnsl_benchmark/experiments/scaling/agrum3/../../../experiments/scaling/agrum3/2026-07-23_11h37_cbn_unif_gauss/graphs/CPC__v20_a30_g8_s3000.json,,37.44769659399935,24.0,11.0,0.4102564102564102,0.9310344827586207,0.7272727272727273,0.9
cbn_unif_gauss,CMIIC,"{""alpha"": 0.05}",20,30,3000,8,/home/mathis/Documents/Travail/cbnsl_benchmark/experiments/scaling/agrum3/../../../experiments/scaling/agrum3/2026-07-23_11h37_cbn_unif_gauss/graphs/golden__v20_a30_g8.json,/home/mathis/Documents/Travail/cbnsl_benchmark/experiments/scaling/agrum3/../../../experiments/scaling/agrum3/2026-07-23_11h37_cbn_unif_gauss/graphs/CMIIC__v20_a30_g8_s3000.json,,52.98081168000135,25.0,5.0,0.42105263157894735,0.9473684210526316,0.7272727272727273,0.9
cbn_unif_gauss,CPC,"{""alpha"": 0.05, ""max_conditioning_set_size"": 3}",20,30,5000,8,/home/mathis/Documents/Travail/cbnsl_benchmark/experiments/scaling/agrum3/../../../experiments/scaling/agrum3/2026-07-23_11h37_cbn_unif_gauss/graphs/golden__v20_a30_g8.json,/home/mathis/Documents/Travail/cbnsl_benchmark/experiments/scaling/agrum3/../../../experiments/scaling/agrum3/2026-07-23_11h37_cbn_unif_gauss/graphs/CPC__v20_a30_g8_s5000.json,,117.91056328999912,22.0,13.0,0.5454545454545455,0.9333333333333333,0.8571428571428571,0.9333333333333333
cbn_unif_gauss,CMIIC,"{""alpha"": 0.05}",20,30,5000,8,/home/mathis/Documents/Travail/cbnsl_benchmark/experiments/scaling/agrum3/../../../experiments/scaling/agrum3/2026-07-23_11h37_cbn_unif_gauss/graphs/golden__v20_a30_g8.json,/home/mathis/Documents/Travail/cbnsl_benchmark/experiments/scaling/agrum3/../../../experiments/scaling/agrum3/2026-07-23_11h37_cbn_unif_gauss/graphs/CMIIC__v20_a30_g8_s5000.json,,143.98248852799952,19.0,7.0,0.6046511627906976,0.9473684210526316,0.8125,0.9
cbn_unif_gauss,CPC,"{""alpha"": 0.05, ""max_conditioning_set_size"": 3}",20,30,200,9,/home/mathis/Documents/Travail/cbnsl_benchmark/experiments/scaling/agrum3/../../../experiments/scaling/agrum3/2026-07-23_11h37_cbn_unif_gauss/graphs/golden__v20_a30_g9.json,/home/mathis/Documents/Travail/cbnsl_benchmark/experiments/scaling/agrum3/../../../experiments/scaling/agrum3/2026-07-23_11h37_cbn_unif_gauss/graphs/CPC__v20_a30_g9_s200.json,,0.07606336600110808,29.0,29.0,0.0,0.12903225806451613,0.0,0.06896551724137931
cbn_unif_gauss,CMIIC,"{""alpha"": 0.05}",20,30,200,9,/home/mathis/Documents/Travail/cbnsl_benchmark/experiments/scaling/agrum3/../../../experiments/scaling/agrum3/2026-07-23_11h37_cbn_unif_gauss/graphs/golden__v20_a30_g9.json,/home/mathis/Documents/Travail/cbnsl_benchmark/experiments/scaling/agrum3/../../../experiments/scaling/agrum3/2026-07-23_11h37_cbn_unif_gauss/graphs/CMIIC__v20_a30_g9_s200.json,,0.5961281170002621,27.0,23.0,0.18749999999999997,0.8627450980392156,0.3,0.7586206896551724
cbn_unif_gauss,CPC,"{""alpha"": 0.05, ""max_conditioning_set_size"": 3}",20,30,500,9,/home/mathis/Documents/Travail/cbnsl_benchmark/experiments/scaling/agrum3/../../../experiments/scaling/agrum3/2026-07-23_11h37_cbn_unif_gauss/graphs/golden__v20_a30_g9.json,/home/mathis/Documents/Travail/cbnsl_benchmark/experiments/scaling/agrum3/../../../experiments/scaling/agrum3/2026-07-23_11h37_cbn_unif_gauss/graphs/CPC__v20_a30_g9_s500.json,,0.6066060730008758,26.0,26.0,0.0,0.4324324324324324,0.0,0.27586206896551724
cbn_unif_gauss,CMIIC,"{""alpha"": 0.05}",20,30,500,9,/home/mathis/Documents/Travail/cbnsl_benchmark/experiments/scaling/agrum3/../../../experiments/scaling/agrum3/2026-07-23_11h37_cbn_unif_gauss/graphs/golden__v20_a30_g9.json,/home/mathis/Documents/Travail/cbnsl_benchmark/experiments/scaling/agrum3/../../../experiments/scaling/agrum3/2026-07-23_11h37_cbn_unif_gauss/graphs/CMIIC__v20_a30_g9_s500.json,,2.442646175999471,29.0,22.0,0.18750000000000003,0.8846153846153846,0.3333333333333333,0.7931034482758621
cbn_unif_gauss,CPC,"{""alpha"": 0.05, ""max_conditioning_set_size"": 3}",20,30,1000,9,/home/mathis/Documents/Travail/cbnsl_benchmark/experiments/scaling/agrum3/../../../experiments/scaling/agrum3/2026-07-23_11h37_cbn_unif_gauss/graphs/golden__v20_a30_g9.json,/home/mathis/Documents/Travail/cbnsl_benchmark/experiments/scaling/agrum3/../../../experiments/scaling/agrum3/2026-07-23_11h37_cbn_unif_gauss/graphs/CPC__v20_a30_g9_s1000.json,,2.8002221599999757,24.0,24.0,0.0,0.7659574468085107,0.0,0.6206896551724138
cbn_unif_gauss,CMIIC,"{""alpha"": 0.05}",20,30,1000,9,/home/mathis/Documents/Travail/cbnsl_benchmark/experiments/scaling/agrum3/../../../experiments/scaling/agrum3/2026-07-23_11h37_cbn_unif_gauss/graphs/golden__v20_a30_g9.json,/home/mathis/Documents/Travail/cbnsl_benchmark/experiments/scaling/agrum3/../../../experiments/scaling/agrum3/2026-07-23_11h37_cbn_unif_gauss/graphs/CMIIC__v20_a30_g9_s1000.json,,6.2183179990006465,25.0,24.0,0.18749999999999997,0.8400000000000001,0.2727272727272727,0.7241379310344828
cbn_unif_gauss,CPC,"{""alpha"": 0.05, ""max_conditioning_set_size"": 3}",20,30,3000,9,/home/mathis/Documents/Travail/cbnsl_benchmark/experiments/scaling/agrum3/../../../experiments/scaling/agrum3/2026-07-23_11h37_cbn_unif_gauss/graphs/golden__v20_a30_g9.json,/home/mathis/Documents/Travail/cbnsl_benchmark/experiments/scaling/agrum3/../../../experiments/scaling/agrum3/2026-07-23_11h37_cbn_unif_gauss/graphs/CPC__v20_a30_g9_s3000.json,,35.667231387000356,25.0,17.0,0.29411764705882354,0.8627450980392156,0.4166666666666667,0.7586206896551724
cbn_unif_gauss,CMIIC,"{""alpha"": 0.05}",20,30,3000,9,/home/mathis/Documents/Travail/cbnsl_benchmark/experiments/scaling/agrum3/../../../experiments/scaling/agrum3/2026-07-23_11h37_cbn_unif_gauss/graphs/golden__v20_a30_g9.json,/home/mathis/Documents/Travail/cbnsl_benchmark/experiments/scaling/agrum3/../../../experiments/scaling/agrum3/2026-07-23_11h37_cbn_unif_gauss/graphs/CMIIC__v20_a30_g9_s3000.json,,53.76537007299885,29.0,23.0,0.18749999999999997,0.8627450980392156,0.3,0.7586206896551724
cbn_unif_gauss,CPC,"{""alpha"": 0.05, ""max_conditioning_set_size"": 3}",20,30,5000,9,/home/mathis/Documents/Travail/cbnsl_benchmark/experiments/scaling/agrum3/../../../experiments/scaling/agrum3/2026-07-23_11h37_cbn_unif_gauss/graphs/golden__v20_a30_g9.json,/home/mathis/Documents/Travail/cbnsl_benchmark/experiments/scaling/agrum3/../../../experiments/scaling/agrum3/2026-07-23_11h37_cbn_unif_gauss/graphs/CPC__v20_a30_g9_s5000.json,,108.42822221999995,21.0,14.0,0.38888888888888895,0.9056603773584906,0.5833333333333334,0.8275862068965517
cbn_unif_gauss,CMIIC,"{""alpha"": 0.05}",20,30,5000,9,/home/mathis/Documents/Travail/cbnsl_benchmark/experiments/scaling/agrum3/../../../experiments/scaling/agrum3/2026-07-23_11h37_cbn_unif_gauss/graphs/golden__v20_a30_g9.json,/home/mathis/Documents/Travail/cbnsl_benchmark/experiments/scaling/agrum3/../../../experiments/scaling/agrum3/2026-07-23_11h37_cbn_unif_gauss/graphs/CMIIC__v20_a30_g9_s5000.json,,152.45773945600013,29.0,23.0,0.18749999999999997,0.8627450980392156,0.3,0.7586206896551724
cbn_unif_gauss,CPC,"{""alpha"": 0.05, ""max_conditioning_set_size"": 3}",20,30,200,10,/home/mathis/Documents/Travail/cbnsl_benchmark/experiments/scaling/agrum3/../../../experiments/scaling/agrum3/2026-07-23_11h37_cbn_unif_gauss/graphs/golden__v20_a30_g10.json,/home/mathis/Documents/Travail/cbnsl_benchmark/experiments/scaling/agrum3/../../../experiments/scaling/agrum3/2026-07-23_11h37_cbn_unif_gauss/graphs/CPC__v20_a30_g10_s200.json,,0.0724427850000211,30.0,29.0,0.0,0.37837837837837834,0.0,0.23333333333333334
cbn_unif_gauss,CMIIC,"{""alpha"": 0.05}",20,30,200,10,/home/mathis/Documents/Travail/cbnsl_benchmark/experiments/scaling/agrum3/../../../experiments/scaling/agrum3/2026-07-23_11h37_cbn_unif_gauss/graphs/golden__v20_a30_g10.json,/home/mathis/Documents/Travail/cbnsl_benchmark/experiments/scaling/agrum3/../../../experiments/scaling/agrum3/2026-07-23_11h37_cbn_unif_gauss/graphs/CMIIC__v20_a30_g10_s200.json,,0.557548085000235,23.0,27.0,0.3783783783783784,0.8679245283018869,0.5,0.7666666666666667
cbn_unif_gauss,CPC,"{""alpha"": 0.05, ""max_conditioning_set_size"": 3}",20,30,500,10,/home/mathis/Documents/Travail/cbnsl_benchmark/experiments/scaling/agrum3/../../../experiments/scaling/agrum3/2026-07-23_11h37_cbn_unif_gauss/graphs/golden__v20_a30_g10.json,/home/mathis/Documents/Travail/cbnsl_benchmark/experiments/scaling/agrum3/../../../experiments/scaling/agrum3/2026-07-23_11h37_cbn_unif_gauss/graphs/CPC__v20_a30_g10_s500.json,,0.6173142990010092,30.0,28.0,0.0,0.37837837837837834,0.0,0.23333333333333334
cbn_unif_gauss,CMIIC,"{""alpha"": 0.05}",20,30,500,10,/home/mathis/Documents/Travail/cbnsl_benchmark/experiments/scaling/agrum3/../../../experiments/scaling/agrum3/2026-07-23_11h37_cbn_unif_gauss/graphs/golden__v20_a30_g10.json,/home/mathis/Documents/Travail/cbnsl_benchmark/experiments/scaling/agrum3/../../../experiments/scaling/agrum3/2026-07-23_11h37_cbn_unif_gauss/graphs/CMIIC__v20_a30_g10_s500.json,,2.4416335219993925,24.0,16.0,0.33333333333333337,0.8679245283018869,0.46153846153846156,0.7666666666666667
cbn_unif_gauss,CPC,"{""alpha"": 0.05, ""max_conditioning_set_size"": 3}",20,30,1000,10,/home/mathis/Documents/Travail/cbnsl_benchmark/experiments/scaling/agrum3/../../../experiments/scaling/agrum3/2026-07-23_11h37_cbn_unif_gauss/graphs/golden__v20_a30_g10.json,/home/mathis/Documents/Travail/cbnsl_benchmark/experiments/scaling/agrum3/../../../experiments/scaling/agrum3/2026-07-23_11h37_cbn_unif_gauss/graphs/CPC__v20_a30_g10_s1000.json,,3.200062459000037,30.0,28.0,0.0,0.6666666666666666,0.0,0.5
cbn_unif_gauss,CMIIC,"{""alpha"": 0.05}",20,30,1000,10,/home/mathis/Documents/Travail/cbnsl_benchmark/experiments/scaling/agrum3/../../../experiments/scaling/agrum3/2026-07-23_11h37_cbn_unif_gauss/graphs/golden__v20_a30_g10.json,/home/mathis/Documents/Travail/cbnsl_benchmark/experiments/scaling/agrum3/../../../experiments/scaling/agrum3/2026-07-23_11h37_cbn_unif_gauss/graphs/CMIIC__v20_a30_g10_s1000.json,,7.654623943000843,25.0,26.0,0.2857142857142857,0.8679245283018869,0.4166666666666667,0.7666666666666667
cbn_unif_gauss,CPC,"{""alpha"": 0.05, ""max_conditioning_set_size"": 3}",20,30,3000,10,/home/mathis/Documents/Travail/cbnsl_benchmark/experiments/scaling/agrum3/../../../experiments/scaling/agrum3/2026-07-23_11h37_cbn_unif_gauss/graphs/golden__v20_a30_g10.json,/home/mathis/Documents/Travail/cbnsl_benchmark/experiments/scaling/agrum3/../../../experiments/scaling/agrum3/2026-07-23_11h37_cbn_unif_gauss/graphs/CPC__v20_a30_g10_s3000.json,,45.21711222399972,26.0,25.0,0.2352941176470588,0.8679245283018869,0.36363636363636365,0.7666666666666667
cbn_unif_gauss,CMIIC,"{""alpha"": 0.05}",20,30,3000,10,/home/mathis/Documents/Travail/cbnsl_benchmark/experiments/scaling/agrum3/../../../experiments/scaling/agrum3/2026-07-23_11h37_cbn_unif_gauss/graphs/golden__v20_a30_g10.json,/home/mathis/Documents/Travail/cbnsl_benchmark/experiments/scaling/agrum3/../../../experiments/scaling/agrum3/2026-07-23_11h37_cbn_unif_gauss/graphs/CMIIC__v20_a30_g10_s3000.json,,53.39879224499964,18.0,26.0,0.5714285714285715,0.8679245283018869,0.631578947368421,0.7666666666666667
cbn_unif_gauss,CPC,"{""alpha"": 0.05, ""max_conditioning_set_size"": 3}",20,30,5000,10,/home/mathis/Documents/Travail/cbnsl_benchmark/experiments/scaling/agrum3/../../../experiments/scaling/agrum3/2026-07-23_11h37_cbn_unif_gauss/graphs/golden__v20_a30_g10.json,/home/mathis/Documents/Travail/cbnsl_benchmark/experiments/scaling/agrum3/../../../experiments/scaling/agrum3/2026-07-23_11h37_cbn_unif_gauss/graphs/CPC__v20_a30_g10_s5000.json,,139.17347664000044,19.0,15.0,0.5365853658536586,0.8679245283018869,0.6111111111111112,0.7666666666666667
cbn_unif_gauss,CMIIC,"{""alpha"": 0.05}",20,30,5000,10,/home/mathis/Documents/Travail/cbnsl_benchmark/experiments/scaling/agrum3/../../../experiments/scaling/agrum3/2026-07-23_11h37_cbn_unif_gauss/graphs/golden__v20_a30_g10.json,/home/mathis/Documents/Travail/cbnsl_benchmark/experiments/scaling/agrum3/../../../experiments/scaling/agrum3/2026-07-23_11h37_cbn_unif_gauss/graphs/CMIIC__v20_a30_g10_s5000.json,,143.63322004900147,18.0,26.0,0.5714285714285715,0.8679245283018869,0.631578947368421,0.7666666666666667
cbn_unif_gauss,CPC,"{""alpha"": 0.05, ""max_conditioning_set_size"": 3}",20,30,200,11,/home/mathis/Documents/Travail/cbnsl_benchmark/experiments/scaling/agrum3/../../../experiments/scaling/agrum3/2026-07-23_11h37_cbn_unif_gauss/graphs/golden__v20_a30_g11.json,/home/mathis/Documents/Travail/cbnsl_benchmark/experiments/scaling/agrum3/../../../experiments/scaling/agrum3/2026-07-23_11h37_cbn_unif_gauss/graphs/CPC__v20_a30_g11_s200.json,,0.07098821699946711,30.0,28.0,0.0,0.33333333333333337,0.0,0.2
cbn_unif_gauss,CMIIC,"{""alpha"": 0.05}",20,30,200,11,/home/mathis/Documents/Travail/cbnsl_benchmark/experiments/scaling/agrum3/../../../experiments/scaling/agrum3/2026-07-23_11h37_cbn_unif_gauss/graphs/golden__v20_a30_g11.json,/home/mathis/Documents/Travail/cbnsl_benchmark/experiments/scaling/agrum3/../../../experiments/scaling/agrum3/2026-07-23_11h37_cbn_unif_gauss/graphs/CMIIC__v20_a30_g11_s200.json,,0.7117010740003025,24.0,21.0,0.47619047619047616,0.8771929824561403,0.6666666666666666,0.8333333333333334
cbn_unif_gauss,CPC,"{""alpha"": 0.05, ""max_conditioning_set_size"": 3}",20,30,500,11,/home/mathis/Documents/Travail/cbnsl_benchmark/experiments/scaling/agrum3/../../../experiments/scaling/agrum3/2026-07-23_11h37_cbn_unif_gauss/graphs/golden__v20_a30_g11.json,/home/mathis/Documents/Travail/cbnsl_benchmark/experiments/scaling/agrum3/../../../experiments/scaling/agrum3/2026-07-23_11h37_cbn_unif_gauss/graphs/CPC__v20_a30_g11_s500.json,,0.7410569200001191,29.0,28.0,0.0,0.37837837837837834,0.0,0.23333333333333334
cbn_unif_gauss,CMIIC,"{""alpha"": 0.05}",20,30,500,11,/home/mathis/Documents/Travail/cbnsl_benchmark/experiments/scaling/agrum3/../../../experiments/scaling/agrum3/2026-07-23_11h37_cbn_unif_gauss/graphs/golden__v20_a30_g11.json,/home/mathis/Documents/Travail/cbnsl_benchmark/experiments/scaling/agrum3/../../../experiments/scaling/agrum3/2026-07-23_11h37_cbn_unif_gauss/graphs/CMIIC__v20_a30_g11_s500.json,,2.533133787999759,21.0,17.0,0.5581395348837209,0.8518518518518519,0.631578947368421,0.7666666666666667
cbn_unif_gauss,CPC,"{""alpha"": 0.05, ""max_conditioning_set_size"": 3}",20,30,1000,11,/home/mathis/Documents/Travail/cbnsl_benchmark/experiments/scaling/agrum3/../../../experiments/scaling/agrum3/2026-07-23_11h37_cbn_unif_gauss/graphs/golden__v20_a30_g11.json,/home/mathis/Documents/Travail/cbnsl_benchmark/experiments/scaling/agrum3/../../../experiments/scaling/agrum3/2026-07-23_11h37_cbn_unif_gauss/graphs/CPC__v20_a30_g11_s1000.json,,4.496327664001001,25.0,28.0,0.1818181818181818,0.7499999999999999,0.2,0.6
cbn_unif_gauss,CMIIC,"{""alpha"": 0.05}",20,30,1000,11,/home/mathis/Documents/Travail/cbnsl_benchmark/experiments/scaling/agrum3/../../../experiments/scaling/agrum3/2026-07-23_11h37_cbn_unif_gauss/graphs/golden__v20_a30_g11.json,/home/mathis/Documents/Travail/cbnsl_benchmark/experiments/scaling/agrum3/../../../experiments/scaling/agrum3/2026-07-23_11h37_cbn_unif_gauss/graphs/CMIIC__v20_a30_g11_s1000.json,,7.839867015998607,20.0,19.0,0.5,0.888888888888889,0.625,0.8
cbn_unif_gauss,CPC,"{""alpha"": 0.05, ""max_conditioning_set_size"": 3}",20,30,3000,11,/home/mathis/Documents/Travail/cbnsl_benchmark/experiments/scaling/agrum3/../../../experiments/scaling/agrum3/2026-07-23_11h37_cbn_unif_gauss/graphs/golden__v20_a30_g11.json,/home/mathis/Documents/Travail/cbnsl_benchmark/experiments/scaling/agrum3/../../../experiments/scaling/agrum3/2026-07-23_11h37_cbn_unif_gauss/graphs/CPC__v20_a30_g11_s3000.json,,58.44450424199931,28.0,22.0,0.3,0.8275862068965518,0.5,0.8
cbn_unif_gauss,CMIIC,"{""alpha"": 0.05}",20,30,3000,11,/home/mathis/Documents/Travail/cbnsl_benchmark/experiments/scaling/agrum3/../../../experiments/scaling/agrum3/2026-07-23_11h37_cbn_unif_gauss/graphs/golden__v20_a30_g11.json,/home/mathis/Documents/Travail/cbnsl_benchmark/experiments/scaling/agrum3/../../../experiments/scaling/agrum3/2026-07-23_11h37_cbn_unif_gauss/graphs/CMIIC__v20_a30_g11_s3000.json,,60.54925073999948,22.0,16.0,0.5,0.9090909090909091,0.6666666666666666,0.8333333333333334
cbn_unif_gauss,CPC,"{""alpha"": 0.05, ""max_conditioning_set_size"": 3}",20,30,5000,11,/home/mathis/Documents/Travail/cbnsl_benchmark/experiments/scaling/agrum3/../../../experiments/scaling/agrum3/2026-07-23_11h37_cbn_unif_gauss/graphs/golden__v20_a30_g11.json,/home/mathis/Documents/Travail/cbnsl_benchmark/experiments/scaling/agrum3/../../../experiments/scaling/agrum3/2026-07-23_11h37_cbn_unif_gauss/graphs/CPC__v20_a30_g11_s5000.json,,178.90231697900163,23.0,17.0,0.28571428571428575,0.888888888888889,0.45454545454545453,0.8
cbn_unif_gauss,CMIIC,"{""alpha"": 0.05}",20,30,5000,11,/home/mathis/Documents/Travail/cbnsl_benchmark/experiments/scaling/agrum3/../../../experiments/scaling/agrum3/2026-07-23_11h37_cbn_unif_gauss/graphs/golden__v20_a30_g11.json,/home/mathis/Documents/Travail/cbnsl_benchmark/experiments/scaling/agrum3/../../../experiments/scaling/agrum3/2026-07-23_11h37_cbn_unif_gauss/graphs/CMIIC__v20_a30_g11_s5000.json,,151.21593789899998,21.0,23.0,0.3783783783783784,0.888888888888889,0.5384615384615384,0.8
cbn_unif_gauss,CPC,"{""alpha"": 0.05, ""max_conditioning_set_size"": 3}",20,30,200,12,/home/mathis/Documents/Travail/cbnsl_benchmark/experiments/scaling/agrum3/../../../experiments/scaling/agrum3/2026-07-23_11h37_cbn_unif_gauss/graphs/golden__v20_a30_g12.json,/home/mathis/Documents/Travail/cbnsl_benchmark/experiments/scaling/agrum3/../../../experiments/scaling/agrum3/2026-07-23_11h37_cbn_unif_gauss/graphs/CPC__v20_a30_g12_s200.json,,0.07294170400018629,30.0,29.0,0.0,0.06451612903225806,0.0,0.03333333333333333
cbn_unif_gauss,CMIIC,"{""alpha"": 0.05}",20,30,200,12,/home/mathis/Documents/Travail/cbnsl_benchmark/experiments/scaling/agrum3/../../../experiments/scaling/agrum3/2026-07-23_11h37_cbn_unif_gauss/graphs/golden__v20_a30_g12.json,/home/mathis/Documents/Travail/cbnsl_benchmark/experiments/scaling/agrum3/../../../experiments/scaling/agrum3/2026-07-23_11h37_cbn_unif_gauss/graphs/CMIIC__v20_a30_g12_s200.json,,0.5934035339996626,21.0,10.0,0.46153846153846156,0.9285714285714286,0.6923076923076923,0.8666666666666667
cbn_unif_gauss,CPC,"{""alpha"": 0.05, ""max_conditioning_set_size"": 3}",20,30,500,12,/home/mathis/Documents/Travail/cbnsl_benchmark/experiments/scaling/agrum3/../../../experiments/scaling/agrum3/2026-07-23_11h37_cbn_unif_gauss/graphs/golden__v20_a30_g12.json,/home/mathis/Documents/Travail/cbnsl_benchmark/experiments/scaling/agrum3/../../../experiments/scaling/agrum3/2026-07-23_11h37_cbn_unif_gauss/graphs/CPC__v20_a30_g12_s500.json,,0.7155606859996624,28.0,28.0,0.0,0.33333333333333337,0.0,0.2
cbn_unif_gauss,CMIIC,"{""alpha"": 0.05}",20,30,500,12,/home/mathis/Documents/Travail/cbnsl_benchmark/experiments/scaling/agrum3/../../../experiments/scaling/agrum3/2026-07-23_11h37_cbn_unif_gauss/graphs/golden__v20_a30_g12.json,/home/mathis/Documents/Travail/cbnsl_benchmark/experiments/scaling/agrum3/../../../experiments/scaling/agrum3/2026-07-23_11h37_cbn_unif_gauss/graphs/CMIIC__v20_a30_g12_s500.json,,2.6986511570012226,20.0,7.0,0.5,0.9285714285714286,0.7142857142857143,0.8666666666666667
cbn_unif_gauss,CPC,"{""alpha"": 0.05, ""max_conditioning_set_size"": 3}",20,30,1000,12,/home/mathis/Documents/Travail/cbnsl_benchmark/experiments/scaling/agrum3/../../../experiments/scaling/agrum3/2026-07-23_11h37_cbn_unif_gauss/graphs/golden__v20_a30_g12.json,/home/mathis/Documents/Travail/cbnsl_benchmark/experiments/scaling/agrum3/../../../experiments/scaling/agrum3/2026-07-23_11h37_cbn_unif_gauss/graphs/CPC__v20_a30_g12_s1000.json,,3.3965835649996734,24.0,25.0,0.06451612903225808,0.7499999999999999,0.07692307692307693,0.6
cbn_unif_gauss,CMIIC,"{""alpha"": 0.05}",20,30,1000,12,/home/mathis/Documents/Travail/cbnsl_benchmark/experiments/scaling/agrum3/../../../experiments/scaling/agrum3/2026-07-23_11h37_cbn_unif_gauss/graphs/golden__v20_a30_g12.json,/home/mathis/Documents/Travail/cbnsl_benchmark/experiments/scaling/agrum3/../../../experiments/scaling/agrum3/2026-07-23_11h37_cbn_unif_gauss/graphs/CMIIC__v20_a30_g12_s1000.json,,8.124328905998482,21.0,5.0,0.4210526315789474,0.9090909090909091,0.6153846153846154,0.8333333333333334
cbn_unif_gauss,CPC,"{""alpha"": 0.05, ""max_conditioning_set_size"": 3}",20,30,3000,12,/home/mathis/Documents/Travail/cbnsl_benchmark/experiments/scaling/agrum3/../../../experiments/scaling/agrum3/2026-07-23_11h37_cbn_unif_gauss/graphs/golden__v20_a30_g12.json,/home/mathis/Documents/Travail/cbnsl_benchmark/experiments/scaling/agrum3/../../../experiments/scaling/agrum3/2026-07-23_11h37_cbn_unif_gauss/graphs/CPC__v20_a30_g12_s3000.json,,46.213930979,23.0,21.0,0.5365853658536586,0.8679245283018869,0.6111111111111112,0.7666666666666667
cbn_unif_gauss,CMIIC,"{""alpha"": 0.05}",20,30,3000,12,/home/mathis/Documents/Travail/cbnsl_benchmark/experiments/scaling/agrum3/../../../experiments/scaling/agrum3/2026-07-23_11h37_cbn_unif_gauss/graphs/golden__v20_a30_g12.json,/home/mathis/Documents/Travail/cbnsl_benchmark/experiments/scaling/agrum3/../../../experiments/scaling/agrum3/2026-07-23_11h37_cbn_unif_gauss/graphs/CMIIC__v20_a30_g12_s3000.json,,62.10542886700023,21.0,5.0,0.4210526315789474,0.9090909090909091,0.6153846153846154,0.8333333333333334
cbn_unif_gauss,CPC,"{""alpha"": 0.05, ""max_conditioning_set_size"": 3}",20,30,5000,12,/home/mathis/Documents/Travail/cbnsl_benchmark/experiments/scaling/agrum3/../../../experiments/scaling/agrum3/2026-07-23_11h37_cbn_unif_gauss/graphs/golden__v20_a30_g12.json,/home/mathis/Documents/Travail/cbnsl_benchmark/experiments/scaling/agrum3/../../../experiments/scaling/agrum3/2026-07-23_11h37_cbn_unif_gauss/graphs/CPC__v20_a30_g12_s5000.json,,138.5188353779995,23.0,20.0,0.368421052631579,0.912280701754386,0.6363636363636364,0.8666666666666667
cbn_unif_gauss,CMIIC,"{""alpha"": 0.05}",20,30,5000,12,/home/mathis/Documents/Travail/cbnsl_benchmark/experiments/scaling/agrum3/../../../experiments/scaling/agrum3/2026-07-23_11h37_cbn_unif_gauss/graphs/golden__v20_a30_g12.json,/home/mathis/Documents/Travail/cbnsl_benchmark/experiments/scaling/agrum3/../../../experiments/scaling/agrum3/2026-07-23_11h37_cbn_unif_gauss/graphs/CMIIC__v20_a30_g12_s5000.json,,181.8879467989991,19.0,6.0,0.5365853658536585,0.9473684210526316,0.7857142857142857,0.9
cbn_unif_gauss,CPC,"{""alpha"": 0.05, ""max_conditioning_set_size"": 3}",20,30,200,13,/home/mathis/Documents/Travail/cbnsl_benchmark/experiments/scaling/agrum3/../../../experiments/scaling/agrum3/2026-07-23_11h37_cbn_unif_gauss/graphs/golden__v20_a30_g13.json,/home/mathis/Documents/Travail/cbnsl_benchmark/experiments/scaling/agrum3/../../../experiments/scaling/agrum3/2026-07-23_11h37_cbn_unif_gauss/graphs/CPC__v20_a30_g13_s200.json,,0.07813183699909132,30.0,30.0,0.0,0.06451612903225806,0.0,0.03333333333333333
cbn_unif_gauss,CMIIC,"{""alpha"": 0.05}",20,30,200,13,/home/mathis/Documents/Travail/cbnsl_benchmark/experiments/scaling/agrum3/../../../experiments/scaling/agrum3/2026-07-23_11h37_cbn_unif_gauss/graphs/golden__v20_a30_g13.json,/home/mathis/Documents/Travail/cbnsl_benchmark/experiments/scaling/agrum3/../../../experiments/scaling/agrum3/2026-07-23_11h37_cbn_unif_gauss/graphs/CMIIC__v20_a30_g13_s200.json,,0.5559463459994731,27.0,14.0,0.3157894736842105,0.8571428571428571,0.5,0.8
cbn_unif_gauss,CPC,"{""alpha"": 0.05, ""max_conditioning_set_size"": 3}",20,30,500,13,/home/mathis/Documents/Travail/cbnsl_benchmark/experiments/scaling/agrum3/../../../experiments/scaling/agrum3/2026-07-23_11h37_cbn_unif_gauss/graphs/golden__v20_a30_g13.json,/home/mathis/Documents/Travail/cbnsl_benchmark/experiments/scaling/agrum3/../../../experiments/scaling/agrum3/2026-07-23_11h37_cbn_unif_gauss/graphs/CPC__v20_a30_g13_s500.json,,0.7397567609987163,29.0,29.0,0.0,0.23529411764705882,0.0,0.13333333333333333
cbn_unif_gauss,CMIIC,"{""alpha"": 0.05}",20,30,500,13,/home/mathis/Documents/Travail/cbnsl_benchmark/experiments/scaling/agrum3/../../../experiments/scaling/agrum3/2026-07-23_11h37_cbn_unif_gauss/graphs/golden__v20_a30_g13.json,/home/mathis/Documents/Travail/cbnsl_benchmark/experiments/scaling/agrum3/../../../experiments/scaling/agrum3/2026-07-23_11h37_cbn_unif_gauss/graphs/CMIIC__v20_a30_g13_s500.json,,2.844126858000891,24.0,23.0,0.47619047619047616,0.8771929824561403,0.6666666666666666,0.8333333333333334
cbn_unif_gauss,CPC,"{""alpha"": 0.05, ""max_conditioning_set_size"": 3}",20,30,1000,13,/home/mathis/Documents/Travail/cbnsl_benchmark/experiments/scaling/agrum3/../../../experiments/scaling/agrum3/2026-07-23_11h37_cbn_unif_gauss/graphs/golden__v20_a30_g13.json,/home/mathis/Documents/Travail/cbnsl_benchmark/experiments/scaling/agrum3/../../../experiments/scaling/agrum3/2026-07-23_11h37_cbn_unif_gauss/graphs/CPC__v20_a30_g13_s1000.json,,4.475164887000574,26.0,22.0,0.06451612903225808,0.7234042553191489,0.07142857142857142,0.5666666666666667
cbn_unif_gauss,CMIIC,"{""alpha"": 0.05}",20,30,1000,13,/home/mathis/Documents/Travail/cbnsl_benchmark/experiments/scaling/agrum3/../../../experiments/scaling/agrum3/2026-07-23_11h37_cbn_unif_gauss/graphs/golden__v20_a30_g13.json,/home/mathis/Documents/Travail/cbnsl_benchmark/experiments/scaling/agrum3/../../../experiments/scaling/agrum3/2026-07-23_11h37_cbn_unif_gauss/graphs/CMIIC__v20_a30_g13_s1000.json,,7.840908840998964,19.0,14.0,0.6122448979591837,0.8275862068965518,0.7142857142857143,0.8
cbn_unif_gauss,CPC,"{""alpha"": 0.05, ""max_conditioning_set_size"": 3}",20,30,3000,13,/home/mathis/Documents/Travail/cbnsl_benchmark/experiments/scaling/agrum3/../../../experiments/scaling/agrum3/2026-07-23_11h37_cbn_unif_gauss/graphs/golden__v20_a30_g13.json,/home/mathis/Documents/Travail/cbnsl_benchmark/experiments/scaling/agrum3/../../../experiments/scaling/agrum3/2026-07-23_11h37_cbn_unif_gauss/graphs/CPC__v20_a30_g13_s3000.json,,53.50266484399981,23.0,22.0,0.45,0.8928571428571429,0.6428571428571429,0.8333333333333334
cbn_unif_gauss,CMIIC,"{""alpha"": 0.05}",20,30,3000,13,/home/mathis/Documents/Travail/cbnsl_benchmark/experiments/scaling/agrum3/../../../experiments/scaling/agrum3/2026-07-23_11h37_cbn_unif_gauss/graphs/golden__v20_a30_g13.json,/home/mathis/Documents/Travail/cbnsl_benchmark/experiments/scaling/agrum3/../../../experiments/scaling/agrum3/2026-07-23_11h37_cbn_unif_gauss/graphs/CMIIC__v20_a30_g13_s3000.json,,59.16571548400134,16.0,10.0,0.6521739130434783,0.8928571428571429,0.75,0.8333333333333334
cbn_unif_gauss,CPC,"{""alpha"": 0.05, ""max_conditioning_set_size"": 3}",20,30,5000,13,/home/mathis/Documents/Travail/cbnsl_benchmark/experiments/scaling/agrum3/../../../experiments/scaling/agrum3/2026-07-23_11h37_cbn_unif_gauss/graphs/golden__v20_a30_g13.json,/home/mathis/Documents/Travail/cbnsl_benchmark/experiments/scaling/agrum3/../../../experiments/scaling/agrum3/2026-07-23_11h37_cbn_unif_gauss/graphs/CPC__v20_a30_g13_s5000.json,,168.7082780460005,25.0,18.0,0.3333333333333333,0.888888888888889,0.5,0.8
cbn_unif_gauss,CMIIC,"{""alpha"": 0.05}",20,30,5000,13,/home/mathis/Documents/Travail/cbnsl_benchmark/experiments/scaling/agrum3/../../../experiments/scaling/agrum3/2026-07-23_11h37_cbn_unif_gauss/graphs/golden__v20_a30_g13.json,/home/mathis/Documents/Travail/cbnsl_benchmark/experiments/scaling/agrum3/../../../experiments/scaling/agrum3/2026-07-23_11h37_cbn_unif_gauss/graphs/CMIIC__v20_a30_g13_s5000.json,,155.98491688399918,16.0,10.0,0.6521739130434783,0.8928571428571429,0.75,0.8333333333333334
cbn_unif_gauss,CPC,"{""alpha"": 0.05, ""max_conditioning_set_size"": 3}",20,30,200,14,/home/mathis/Documents/Travail/cbnsl_benchmark/experiments/scaling/agrum3/../../../experiments/scaling/agrum3/2026-07-23_11h37_cbn_unif_gauss/graphs/golden__v20_a30_g14.json,/home/mathis/Documents/Travail/cbnsl_benchmark/experiments/scaling/agrum3/../../../experiments/scaling/agrum3/2026-07-23_11h37_cbn_unif_gauss/graphs/CPC__v20_a30_g14_s200.json,,0.06823774199983745,28.0,26.0,0.0,0.1875,0.0,0.10344827586206896
cbn_unif_gauss,CMIIC,"{""alpha"": 0.05}",20,30,200,14,/home/mathis/Documents/Travail/cbnsl_benchmark/experiments/scaling/agrum3/../../../experiments/scaling/agrum3/2026-07-23_11h37_cbn_unif_gauss/graphs/golden__v20_a30_g14.json,/home/mathis/Documents/Travail/cbnsl_benchmark/experiments/scaling/agrum3/../../../experiments/scaling/agrum3/2026-07-23_11h37_cbn_unif_gauss/graphs/CMIIC__v20_a30_g14_s200.json,,0.5262955100006366,27.0,20.0,0.3684210526315789,0.830188679245283,0.5,0.7586206896551724
cbn_unif_gauss,CPC,"{""alpha"": 0.05, ""max_conditioning_set_size"": 3}",20,30,500,14,/home/mathis/Documents/Travail/cbnsl_benchmark/experiments/scaling/agrum3/../../../experiments/scaling/agrum3/2026-07-23_11h37_cbn_unif_gauss/graphs/golden__v20_a30_g14.json,/home/mathis/Documents/Travail/cbnsl_benchmark/experiments/scaling/agrum3/../../../experiments/scaling/agrum3/2026-07-23_11h37_cbn_unif_gauss/graphs/CPC__v20_a30_g14_s500.json,,0.6058573110003636,26.0,27.0,0.0,0.2424242424242424,0.0,0.13793103448275862
cbn_unif_gauss,CMIIC,"{""alpha"": 0.05}",20,30,500,14,/home/mathis/Documents/Travail/cbnsl_benchmark/experiments/scaling/agrum3/../../../experiments/scaling/agrum3/2026-07-23_11h37_cbn_unif_gauss/graphs/golden__v20_a30_g14.json,/home/mathis/Documents/Travail/cbnsl_benchmark/experiments/scaling/agrum3/../../../experiments/scaling/agrum3/2026-07-23_11h37_cbn_unif_gauss/graphs/CMIIC__v20_a30_g14_s500.json,,2.407852977001312,28.0,16.0,0.3333333333333333,0.8679245283018867,0.5,0.7931034482758621
cbn_unif_gauss,CPC,"{""alpha"": 0.05, ""max_conditioning_set_size"": 3}",20,30,1000,14,/home/mathis/Documents/Travail/cbnsl_benchmark/experiments/scaling/agrum3/../../../experiments/scaling/agrum3/2026-07-23_11h37_cbn_unif_gauss/graphs/golden__v20_a30_g14.json,/home/mathis/Documents/Travail/cbnsl_benchmark/experiments/scaling/agrum3/../../../experiments/scaling/agrum3/2026-07-23_11h37_cbn_unif_gauss/graphs/CPC__v20_a30_g14_s1000.json,,2.4836034229992947,23.0,22.0,0.0,0.6818181818181819,0.0,0.5172413793103449
cbn_unif_gauss,CMIIC,"{""alpha"": 0.05}",20,30,1000,14,/home/mathis/Documents/Travail/cbnsl_benchmark/experiments/scaling/agrum3/../../../experiments/scaling/agrum3/2026-07-23_11h37_cbn_unif_gauss/graphs/golden__v20_a30_g14.json,/home/mathis/Documents/Travail/cbnsl_benchmark/experiments/scaling/agrum3/../../../experiments/scaling/agrum3/2026-07-23_11h37_cbn_unif_gauss/graphs/CMIIC__v20_a30_g14_s1000.json,,6.546590851001383,28.0,17.0,0.33333333333333337,0.8461538461538461,0.46153846153846156,0.7586206896551724
cbn_unif_gauss,CPC,"{""alpha"": 0.05, ""max_conditioning_set_size"": 3}",20,30,3000,14,/home/mathis/Documents/Travail/cbnsl_benchmark/experiments/scaling/agrum3/../../../experiments/scaling/agrum3/2026-07-23_11h37_cbn_unif_gauss/graphs/golden__v20_a30_g14.json,/home/mathis/Documents/Travail/cbnsl_benchmark/experiments/scaling/agrum3/../../../experiments/scaling/agrum3/2026-07-23_11h37_cbn_unif_gauss/graphs/CPC__v20_a30_g14_s3000.json,,31.990410469999915,23.0,23.0,0.28571428571428575,0.888888888888889,0.5,0.8275862068965517
cbn_unif_gauss,CMIIC,"{""alpha"": 0.05}",20,30,3000,14,/home/mathis/Documents/Travail/cbnsl_benchmark/experiments/scaling/agrum3/../../../experiments/scaling/agrum3/2026-07-23_11h37_cbn_unif_gauss/graphs/golden__v20_a30_g14.json,/home/mathis/Documents/Travail/cbnsl_benchmark/experiments/scaling/agrum3/../../../experiments/scaling/agrum3/2026-07-23_11h37_cbn_unif_gauss/graphs/CMIIC__v20_a30_g14_s3000.json,,53.82667555499938,26.0,16.0,0.3888888888888889,0.8846153846153846,0.5384615384615384,0.7931034482758621
cbn_unif_gauss,CPC,"{""alpha"": 0.05, ""max_conditioning_set_size"": 3}",20,30,5000,14,/home/mathis/Documents/Travail/cbnsl_benchmark/experiments/scaling/agrum3/../../../experiments/scaling/agrum3/2026-07-23_11h37_cbn_unif_gauss/graphs/golden__v20_a30_g14.json,/home/mathis/Documents/Travail/cbnsl_benchmark/experiments/scaling/agrum3/../../../experiments/scaling/agrum3/2026-07-23_11h37_cbn_unif_gauss/graphs/CPC__v20_a30_g14_s5000.json,,97.52786240299974,25.0,20.0,0.23529411764705882,0.9090909090909091,0.5,0.8620689655172413
cbn_unif_gauss,CMIIC,"{""alpha"": 0.05}",20,30,5000,14,/home/mathis/Documents/Travail/cbnsl_benchmark/experiments/scaling/agrum3/../../../experiments/scaling/agrum3/2026-07-23_11h37_cbn_unif_gauss/graphs/golden__v20_a30_g14.json,/home/mathis/Documents/Travail/cbnsl_benchmark/experiments/scaling/agrum3/../../../experiments/scaling/agrum3/2026-07-23_11h37_cbn_unif_gauss/graphs/CMIIC__v20_a30_g14_s5000.json,,146.98299535000115,26.0,16.0,0.3888888888888889,0.8846153846153846,0.5384615384615384,0.7931034482758621
cbn_unif_gauss,CPC,"{""alpha"": 0.05, ""max_conditioning_set_size"": 3}",20,30,200,15,/home/mathis/Documents/Travail/cbnsl_benchmark/experiments/scaling/agrum3/../../../experiments/scaling/agrum3/2026-07-23_11h37_cbn_unif_gauss/graphs/golden__v20_a30_g15.json,/home/mathis/Documents/Travail/cbnsl_benchmark/experiments/scaling/agrum3/../../../experiments/scaling/agrum3/2026-07-23_11h37_cbn_unif_gauss/graphs/CPC__v20_a30_g15_s200.json,,0.06757474999903934,30.0,30.0,0.0,0.23529411764705882,0.0,0.13333333333333333
cbn_unif_gauss,CMIIC,"{""alpha"": 0.05}",20,30,200,15,/home/mathis/Documents/Travail/cbnsl_benchmark/experiments/scaling/agrum3/../../../experiments/scaling/agrum3/2026-07-23_11h37_cbn_unif_gauss/graphs/golden__v20_a30_g15.json,/home/mathis/Documents/Travail/cbnsl_benchmark/experiments/scaling/agrum3/../../../experiments/scaling/agrum3/2026-07-23_11h37_cbn_unif_gauss/graphs/CMIIC__v20_a30_g15_s200.json,,0.5574516460001178,29.0,26.0,0.12121212121212123,0.8076923076923077,0.18181818181818182,0.7
cbn_unif_gauss,CPC,"{""alpha"": 0.05, ""max_conditioning_set_size"": 3}",20,30,500,15,/home/mathis/Documents/Travail/cbnsl_benchmark/experiments/scaling/agrum3/../../../experiments/scaling/agrum3/2026-07-23_11h37_cbn_unif_gauss/graphs/golden__v20_a30_g15.json,/home/mathis/Documents/Travail/cbnsl_benchmark/experiments/scaling/agrum3/../../../experiments/scaling/agrum3/2026-07-23_11h37_cbn_unif_gauss/graphs/CPC__v20_a30_g15_s500.json,,0.5784292059997824,28.0,30.0,0.0,0.33333333333333337,0.0,0.2
cbn_unif_gauss,CMIIC,"{""alpha"": 0.05}",20,30,500,15,/home/mathis/Documents/Travail/cbnsl_benchmark/experiments/scaling/agrum3/../../../experiments/scaling/agrum3/2026-07-23_11h37_cbn_unif_gauss/graphs/golden__v20_a30_g15.json,/home/mathis/Documents/Travail/cbnsl_benchmark/experiments/scaling/agrum3/../../../experiments/scaling/agrum3/2026-07-23_11h37_cbn_unif_gauss/graphs/CMIIC__v20_a30_g15_s500.json,,2.3212108999996417,24.0,27.0,0.4390243902439025,0.7924528301886793,0.5,0.7
cbn_unif_gauss,CPC,"{""alpha"": 0.05, ""max_conditioning_set_size"": 3}",20,30,1000,15,/home/mathis/Documents/Travail/cbnsl_benchmark/experiments/scaling/agrum3/../../../experiments/scaling/agrum3/2026-07-23_11h37_cbn_unif_gauss/graphs/golden__v20_a30_g15.json,/home/mathis/Documents/Travail/cbnsl_benchmark/experiments/scaling/agrum3/../../../experiments/scaling/agrum3/2026-07-23_11h37_cbn_unif_gauss/graphs/CPC__v20_a30_g15_s1000.json,,2.540820842999892,26.0,30.0,0.0,0.6363636363636364,0.0,0.4666666666666667
cbn_unif_gauss,CMIIC,"{""alpha"": 0.05}",20,30,1000,15,/home/mathis/Documents/Travail/cbnsl_benchmark/experiments/scaling/agrum3/../../../experiments/scaling/agrum3/2026-07-23_11h37_cbn_unif_gauss/graphs/golden__v20_a30_g15.json,/home/mathis/Documents/Travail/cbnsl_benchmark/experiments/scaling/agrum3/../../../experiments/scaling/agrum3/2026-07-23_11h37_cbn_unif_gauss/graphs/CMIIC__v20_a30_g15_s1000.json,,6.672597430000678,28.0,22.0,0.22857142857142854,0.8301886792452831,0.3333333333333333,0.7333333333333333
cbn_unif_gauss,CPC,"{""alpha"": 0.05, ""max_conditioning_set_size"": 3}",20,30,3000,15,/home/mathis/Documents/Travail/cbnsl_benchmark/experiments/scaling/agrum3/../../../experiments/scaling/agrum3/2026-07-23_11h37_cbn_unif_gauss/graphs/golden__v20_a30_g15.json,/home/mathis/Documents/Travail/cbnsl_benchmark/experiments/scaling/agrum3/../../../experiments/scaling/agrum3/2026-07-23_11h37_cbn_unif_gauss/graphs/CPC__v20_a30_g15_s3000.json,,40.318980455998826,27.0,31.0,0.0,0.6222222222222223,0.0,0.4666666666666667
cbn_unif_gauss,CMIIC,"{""alpha"": 0.05}",20,30,3000,15,/home/mathis/Documents/Travail/cbnsl_benchmark/experiments/scaling/agrum3/../../../experiments/scaling/agrum3/2026-07-23_11h37_cbn_unif_gauss/graphs/golden__v20_a30_g15.json,/home/mathis/Documents/Travail/cbnsl_benchmark/experiments/scaling/agrum3/../../../experiments/scaling/agrum3/2026-07-23_11h37_cbn_unif_gauss/graphs/CMIIC__v20_a30_g15_s3000.json,,52.994582221999735,24.0,28.0,0.3243243243243243,0.8076923076923077,0.4,0.7
cbn_unif_gauss,CPC,"{""alpha"": 0.05, ""max_conditioning_set_size"": 3}",20,30,5000,15,/home/mathis/Documents/Travail/cbnsl_benchmark/experiments/scaling/agrum3/../../../experiments/scaling/agrum3/2026-07-23_11h37_cbn_unif_gauss/graphs/golden__v20_a30_g15.json,/home/mathis/Documents/Travail/cbnsl_benchmark/experiments/scaling/agrum3/../../../experiments/scaling/agrum3/2026-07-23_11h37_cbn_unif_gauss/graphs/CPC__v20_a30_g15_s5000.json,,122.29962079299912,26.0,21.0,0.2352941176470588,0.8679245283018869,0.36363636363636365,0.7666666666666667
cbn_unif_gauss,CMIIC,"{""alpha"": 0.05}",20,30,5000,15,/home/mathis/Documents/Travail/cbnsl_benchmark/experiments/scaling/agrum3/../../../experiments/scaling/agrum3/2026-07-23_11h37_cbn_unif_gauss/graphs/golden__v20_a30_g15.json,/home/mathis/Documents/Travail/cbnsl_benchmark/experiments/scaling/agrum3/../../../experiments/scaling/agrum3/2026-07-23_11h37_cbn_unif_gauss/graphs/CMIIC__v20_a30_g15_s5000.json,,143.55052674000035,24.0,26.0,0.3243243243243243,0.8076923076923077,0.4,0.7
cbn_unif_gauss,CPC,"{""alpha"": 0.05, ""max_conditioning_set_size"": 3}",20,30,200,16,/home/mathis/Documents/Travail/cbnsl_benchmark/experiments/scaling/agrum3/../../../experiments/scaling/agrum3/2026-07-23_11h37_cbn_unif_gauss/graphs/golden__v20_a30_g16.json,/home/mathis/Documents/Travail/cbnsl_benchmark/experiments/scaling/agrum3/../../../experiments/scaling/agrum3/2026-07-23_11h37_cbn_unif_gauss/graphs/CPC__v20_a30_g16_s200.json,,0.09103159299957042,30.0,29.0,0.0,0.06451612903225806,0.0,0.03333333333333333
cbn_unif_gauss,CMIIC,"{""alpha"": 0.05}",20,30,200,16,/home/mathis/Documents/Travail/cbnsl_benchmark/experiments/scaling/agrum3/../../../experiments/scaling/agrum3/2026-07-23_11h37_cbn_unif_gauss/graphs/golden__v20_a30_g16.json,/home/mathis/Documents/Travail/cbnsl_benchmark/experiments/scaling/agrum3/../../../experiments/scaling/agrum3/2026-07-23_11h37_cbn_unif_gauss/graphs/CMIIC__v20_a30_g16_s200.json,,0.7529411300001811,16.0,15.0,0.6046511627906976,0.9655172413793104,0.8666666666666667,0.9333333333333333
cbn_unif_gauss,CPC,"{""alpha"": 0.05, ""max_conditioning_set_size"": 3}",20,30,500,16,/home/mathis/Documents/Travail/cbnsl_benchmark/experiments/scaling/agrum3/../../../experiments/scaling/agrum3/2026-07-23_11h37_cbn_unif_gauss/graphs/golden__v20_a30_g16.json,/home/mathis/Documents/Travail/cbnsl_benchmark/experiments/scaling/agrum3/../../../experiments/scaling/agrum3/2026-07-23_11h37_cbn_unif_gauss/graphs/CPC__v20_a30_g16_s500.json,,0.8665401199996268,28.0,28.0,0.0,0.23529411764705882,0.0,0.13333333333333333
cbn_unif_gauss,CMIIC,"{""alpha"": 0.05}",20,30,500,16,/home/mathis/Documents/Travail/cbnsl_benchmark/experiments/scaling/agrum3/../../../experiments/scaling/agrum3/2026-07-23_11h37_cbn_unif_gauss/graphs/golden__v20_a30_g16.json,/home/mathis/Documents/Travail/cbnsl_benchmark/experiments/scaling/agrum3/../../../experiments/scaling/agrum3/2026-07-23_11h37_cbn_unif_gauss/graphs/CMIIC__v20_a30_g16_s500.json,,3.1651646480004274,23.0,20.0,0.45000000000000007,0.9310344827586207,0.75,0.9
cbn_unif_gauss,CPC,"{""alpha"": 0.05, ""max_conditioning_set_size"": 3}",20,30,1000,16,/home/mathis/Documents/Travail/cbnsl_benchmark/experiments/scaling/agrum3/../../../experiments/scaling/agrum3/2026-07-23_11h37_cbn_unif_gauss/graphs/golden__v20_a30_g16.json,/home/mathis/Documents/Travail/cbnsl_benchmark/experiments/scaling/agrum3/../../../experiments/scaling/agrum3/2026-07-23_11h37_cbn_unif_gauss/graphs/CPC__v20_a30_g16_s1000.json,,5.138324486999409,23.0,27.0,0.125,0.7499999999999999,0.14285714285714285,0.6
cbn_unif_gauss,CMIIC,"{""alpha"": 0.05}",20,30,1000,16,/home/mathis/Documents/Travail/cbnsl_benchmark/experiments/scaling/agrum3/../../../experiments/scaling/agrum3/2026-07-23_11h37_cbn_unif_gauss/graphs/golden__v20_a30_g16.json,/home/mathis/Documents/Travail/cbnsl_benchmark/experiments/scaling/agrum3/../../../experiments/scaling/agrum3/2026-07-23_11h37_cbn_unif_gauss/graphs/CMIIC__v20_a30_g16_s1000.json,,8.882270350000908,22.0,17.0,0.5581395348837208,0.9491525423728815,0.8571428571428571,0.9333333333333333
cbn_unif_gauss,CPC,"{""alpha"": 0.05, ""max_conditioning_set_size"": 3}",20,30,3000,16,/home/mathis/Documents/Travail/cbnsl_benchmark/experiments/scaling/agrum3/../../../experiments/scaling/agrum3/2026-07-23_11h37_cbn_unif_gauss/graphs/golden__v20_a30_g16.json,/home/mathis/Documents/Travail/cbnsl_benchmark/experiments/scaling/agrum3/../../../experiments/scaling/agrum3/2026-07-23_11h37_cbn_unif_gauss/graphs/CPC__v20_a30_g16_s3000.json,,56.91822628199952,29.0,24.0,0.3589743589743589,0.8571428571428571,0.5384615384615384,0.8
cbn_unif_gauss,CMIIC,"{""alpha"": 0.05}",20,30,3000,16,/home/mathis/Documents/Travail/cbnsl_benchmark/experiments/scaling/agrum3/../../../experiments/scaling/agrum3/2026-07-23_11h37_cbn_unif_gauss/graphs/golden__v20_a30_g16.json,/home/mathis/Documents/Travail/cbnsl_benchmark/experiments/scaling/agrum3/../../../experiments/scaling/agrum3/2026-07-23_11h37_cbn_unif_gauss/graphs/CMIIC__v20_a30_g16_s3000.json,,72.0488506139991,18.0,21.0,0.6521739130434783,0.9310344827586207,0.8333333333333334,0.9
cbn_unif_gauss,CPC,"{""alpha"": 0.05, ""max_conditioning_set_size"": 3}",20,30,5000,16,/home/mathis/Documents/Travail/cbnsl_benchmark/experiments/scaling/agrum3/../../../experiments/scaling/agrum3/2026-07-23_11h37_cbn_unif_gauss/graphs/golden__v20_a30_g16.json,/home/mathis/Documents/Travail/cbnsl_benchmark/experiments/scaling/agrum3/../../../experiments/scaling/agrum3/2026-07-23_11h37_cbn_unif_gauss/graphs/CPC__v20_a30_g16_s5000.json,,188.1020265060015,27.0,27.0,0.3684210526315789,0.8301886792452831,0.4666666666666667,0.7333333333333333
cbn_unif_gauss,CMIIC,"{""alpha"": 0.05}",20,30,5000,16,/home/mathis/Documents/Travail/cbnsl_benchmark/experiments/scaling/agrum3/../../../experiments/scaling/agrum3/2026-07-23_11h37_cbn_unif_gauss/graphs/golden__v20_a30_g16.json,/home/mathis/Documents/Travail/cbnsl_benchmark/experiments/scaling/agrum3/../../../experiments/scaling/agrum3/2026-07-23_11h37_cbn_unif_gauss/graphs/CMIIC__v20_a30_g16_s5000.json,,200.2949965000007,18.0,21.0,0.6521739130434783,0.9310344827586207,0.8333333333333334,0.9
cbn_unif_gauss,CPC,"{""alpha"": 0.05, ""max_conditioning_set_size"": 3}",20,30,200,17,/home/mathis/Documents/Travail/cbnsl_benchmark/experiments/scaling/agrum3/../../../experiments/scaling/agrum3/2026-07-23_11h37_cbn_unif_gauss/graphs/golden__v20_a30_g17.json,/home/mathis/Documents/Travail/cbnsl_benchmark/experiments/scaling/agrum3/../../../experiments/scaling/agrum3/2026-07-23_11h37_cbn_unif_gauss/graphs/CPC__v20_a30_g17_s200.json,,0.056899068998973235,29.0,24.0,0.0,0.6363636363636364,0.0,0.4666666666666667
cbn_unif_gauss,CMIIC,"{""alpha"": 0.05}",20,30,200,17,/home/mathis/Documents/Travail/cbnsl_benchmark/experiments/scaling/agrum3/../../../experiments/scaling/agrum3/2026-07-23_11h37_cbn_unif_gauss/graphs/golden__v20_a30_g17.json,/home/mathis/Documents/Travail/cbnsl_benchmark/experiments/scaling/agrum3/../../../experiments/scaling/agrum3/2026-07-23_11h37_cbn_unif_gauss/graphs/CMIIC__v20_a30_g17_s200.json,,0.334819484000036,20.0,18.0,0.5714285714285713,0.846153846153846,0.6,0.7333333333333333
cbn_unif_gauss,CPC,"{""alpha"": 0.05, ""max_conditioning_set_size"": 3}",20,30,500,17,/home/mathis/Documents/Travail/cbnsl_benchmark/experiments/scaling/agrum3/../../../experiments/scaling/agrum3/2026-07-23_11h37_cbn_unif_gauss/graphs/golden__v20_a30_g17.json,/home/mathis/Documents/Travail/cbnsl_benchmark/experiments/scaling/agrum3/../../../experiments/scaling/agrum3/2026-07-23_11h37_cbn_unif_gauss/graphs/CPC__v20_a30_g17_s500.json,,0.5478836649999721,27.0,27.0,0.0,0.5365853658536585,0.0,0.36666666666666664
cbn_unif_gauss,CMIIC,"{""alpha"": 0.05}",20,30,500,17,/home/mathis/Documents/Travail/cbnsl_benchmark/experiments/scaling/agrum3/../../../experiments/scaling/agrum3/2026-07-23_11h37_cbn_unif_gauss/graphs/golden__v20_a30_g17.json,/home/mathis/Documents/Travail/cbnsl_benchmark/experiments/scaling/agrum3/../../../experiments/scaling/agrum3/2026-07-23_11h37_cbn_unif_gauss/graphs/CMIIC__v20_a30_g17_s500.json,,2.067192824000813,25.0,14.0,0.3333333333333333,0.888888888888889,0.5,0.8
cbn_unif_gauss,CPC,"{""alpha"": 0.05, ""max_conditioning_set_size"": 3}",20,30,1000,17,/home/mathis/Documents/Travail/cbnsl_benchmark/experiments/scaling/agrum3/../../../experiments/scaling/agrum3/2026-07-23_11h37_cbn_unif_gauss/graphs/golden__v20_a30_g17.json,/home/mathis/Documents/Travail/cbnsl_benchmark/experiments/scaling/agrum3/../../../experiments/scaling/agrum3/2026-07-23_11h37_cbn_unif_gauss/graphs/CPC__v20_a30_g17_s1000.json,,2.107893308000712,26.0,26.0,0.0,0.6956521739130436,0.0,0.5333333333333333
cbn_unif_gauss,CMIIC,"{""alpha"": 0.05}",20,30,1000,17,/home/mathis/Documents/Travail/cbnsl_benchmark/experiments/scaling/agrum3/../../../experiments/scaling/agrum3/2026-07-23_11h37_cbn_unif_gauss/graphs/golden__v20_a30_g17.json,/home/mathis/Documents/Travail/cbnsl_benchmark/experiments/scaling/agrum3/../../../experiments/scaling/agrum3/2026-07-23_11h37_cbn_unif_gauss/graphs/CMIIC__v20_a30_g17_s1000.json,,5.517155151999759,17.0,16.0,0.6363636363636365,0.888888888888889,0.7,0.8
cbn_unif_gauss,CPC,"{""alpha"": 0.05, ""max_conditioning_set_size"": 3}",20,30,3000,17,/home/mathis/Documents/Travail/cbnsl_benchmark/experiments/scaling/agrum3/../../../experiments/scaling/agrum3/2026-07-23_11h37_cbn_unif_gauss/graphs/golden__v20_a30_g17.json,/home/mathis/Documents/Travail/cbnsl_benchmark/experiments/scaling/agrum3/../../../experiments/scaling/agrum3/2026-07-23_11h37_cbn_unif_gauss/graphs/CPC__v20_a30_g17_s3000.json,,23.782180911999603,22.0,9.0,0.37837837837837834,0.9285714285714286,0.6363636363636364,0.8666666666666667
cbn_unif_gauss,CMIIC,"{""alpha"": 0.05}",20,30,3000,17,/home/mathis/Documents/Travail/cbnsl_benchmark/experiments/scaling/agrum3/../../../experiments/scaling/agrum3/2026-07-23_11h37_cbn_unif_gauss/graphs/golden__v20_a30_g17.json,/home/mathis/Documents/Travail/cbnsl_benchmark/experiments/scaling/agrum3/../../../experiments/scaling/agrum3/2026-07-23_11h37_cbn_unif_gauss/graphs/CMIIC__v20_a30_g17_s3000.json,,42.359958924998864,17.0,18.0,0.6363636363636365,0.8679245283018869,0.6666666666666666,0.7666666666666667
cbn_unif_gauss,CPC,"{""alpha"": 0.05, ""max_conditioning_set_size"": 3}",20,30,5000,17,/home/mathis/Documents/Travail/cbnsl_benchmark/experiments/scaling/agrum3/../../../experiments/scaling/agrum3/2026-07-23_11h37_cbn_unif_gauss/graphs/golden__v20_a30_g17.json,/home/mathis/Documents/Travail/cbnsl_benchmark/experiments/scaling/agrum3/../../../experiments/scaling/agrum3/2026-07-23_11h37_cbn_unif_gauss/graphs/CPC__v20_a30_g17_s5000.json,,74.64223311600108,19.0,13.0,0.46153846153846156,0.9285714285714286,0.6923076923076923,0.8666666666666667
cbn_unif_gauss,CMIIC,"{""alpha"": 0.05}",20,30,5000,17,/home/mathis/Documents/Travail/cbnsl_benchmark/experiments/scaling/agrum3/../../../experiments/scaling/agrum3/2026-07-23_11h37_cbn_unif_gauss/graphs/golden__v20_a30_g17.json,/home/mathis/Documents/Travail/cbnsl_benchmark/experiments/scaling/agrum3/../../../experiments/scaling/agrum3/2026-07-23_11h37_cbn_unif_gauss/graphs/CMIIC__v20_a30_g17_s5000.json,,114.6431999389988,16.0,22.0,0.6666666666666666,0.8679245283018869,0.6818181818181818,0.7666666666666667
cbn_unif_gauss,CPC,"{""alpha"": 0.05, ""max_conditioning_set_size"": 3}",20,30,200,18,/home/mathis/Documents/Travail/cbnsl_benchmark/experiments/scaling/agrum3/../../../experiments/scaling/agrum3/2026-07-23_11h37_cbn_unif_gauss/graphs/golden__v20_a30_g18.json,/home/mathis/Documents/Travail/cbnsl_benchmark/experiments/scaling/agrum3/../../../experiments/scaling/agrum3/2026-07-23_11h37_cbn_unif_gauss/graphs/CPC__v20_a30_g18_s200.json,,0.08429261300079816,30.0,29.0,0.0,0.125,0.0,0.06666666666666667
cbn_unif_gauss,CMIIC,"{""alpha"": 0.05}",20,30,200,18,/home/mathis/Documents/Travail/cbnsl_benchmark/experiments/scaling/agrum3/../../../experiments/scaling/agrum3/2026-07-23_11h37_cbn_unif_gauss/graphs/golden__v20_a30_g18.json,/home/mathis/Documents/Travail/cbnsl_benchmark/experiments/scaling/agrum3/../../../experiments/scaling/agrum3/2026-07-23_11h37_cbn_unif_gauss/graphs/CMIIC__v20_a30_g18_s200.json,,0.7184685749998607,19.0,19.0,0.5714285714285713,0.9090909090909091,0.7058823529411765,0.8333333333333334
cbn_unif_gauss,CPC,"{""alpha"": 0.05, ""max_conditioning_set_size"": 3}",20,30,500,18,/home/mathis/Documents/Travail/cbnsl_benchmark/experiments/scaling/agrum3/../../../experiments/scaling/agrum3/2026-07-23_11h37_cbn_unif_gauss/graphs/golden__v20_a30_g18.json,/home/mathis/Documents/Travail/cbnsl_benchmark/experiments/scaling/agrum3/../../../experiments/scaling/agrum3/2026-07-23_11h37_cbn_unif_gauss/graphs/CPC__v20_a30_g18_s500.json,,0.7139089499996771,30.0,30.0,0.0,0.125,0.0,0.06666666666666667
cbn_unif_gauss,CMIIC,"{""alpha"": 0.05}",20,30,500,18,/home/mathis/Documents/Travail/cbnsl_benchmark/experiments/scaling/agrum3/../../../experiments/scaling/agrum3/2026-07-23_11h37_cbn_unif_gauss/graphs/golden__v20_a30_g18.json,/home/mathis/Documents/Travail/cbnsl_benchmark/experiments/scaling/agrum3/../../../experiments/scaling/agrum3/2026-07-23_11h37_cbn_unif_gauss/graphs/CMIIC__v20_a30_g18_s500.json,,3.2024357310001506,20.0,20.0,0.5,0.9473684210526316,0.7692307692307693,0.9
cbn_unif_gauss,CPC,"{""alpha"": 0.05, ""max_conditioning_set_size"": 3}",20,30,1000,18,/home/mathis/Documents/Travail/cbnsl_benchmark/experiments/scaling/agrum3/../../../experiments/scaling/agrum3/2026-07-23_11h37_cbn_unif_gauss/graphs/golden__v20_a30_g18.json,/home/mathis/Documents/Travail/cbnsl_benchmark/experiments/scaling/agrum3/../../../experiments/scaling/agrum3/2026-07-23_11h37_cbn_unif_gauss/graphs/CPC__v20_a30_g18_s1000.json,,5.271331169000405,25.0,26.0,0.3243243243243243,0.8076923076923077,0.4,0.7
cbn_unif_gauss,CMIIC,"{""alpha"": 0.05}",20,30,1000,18,/home/mathis/Documents/Travail/cbnsl_benchmark/experiments/scaling/agrum3/../../../experiments/scaling/agrum3/2026-07-23_11h37_cbn_unif_gauss/graphs/golden__v20_a30_g18.json,/home/mathis/Documents/Travail/cbnsl_benchmark/experiments/scaling/agrum3/../../../experiments/scaling/agrum3/2026-07-23_11h37_cbn_unif_gauss/graphs/CMIIC__v20_a30_g18_s1000.json,,9.262363051000648,10.0,8.0,0.823529411764706,0.9473684210526316,0.875,0.9
cbn_unif_gauss,CPC,"{""alpha"": 0.05, ""max_conditioning_set_size"": 3}",20,30,3000,18,/home/mathis/Documents/Travail/cbnsl_benchmark/experiments/scaling/agrum3/../../../experiments/scaling/agrum3/2026-07-23_11h37_cbn_unif_gauss/graphs/golden__v20_a30_g18.json,/home/mathis/Documents/Travail/cbnsl_benchmark/experiments/scaling/agrum3/../../../experiments/scaling/agrum3/2026-07-23_11h37_cbn_unif_gauss/graphs/CPC__v20_a30_g18_s3000.json,,69.20148554700063,29.0,29.0,0.0,0.6046511627906976,0.0,0.43333333333333335
cbn_unif_gauss,CMIIC,"{""alpha"": 0.05}",20,30,3000,18,/home/mathis/Documents/Travail/cbnsl_benchmark/experiments/scaling/agrum3/../../../experiments/scaling/agrum3/2026-07-23_11h37_cbn_unif_gauss/graphs/golden__v20_a30_g18.json,/home/mathis/Documents/Travail/cbnsl_benchmark/experiments/scaling/agrum3/../../../experiments/scaling/agrum3/2026-07-23_11h37_cbn_unif_gauss/graphs/CMIIC__v20_a30_g18_s3000.json,,74.86495383900001,10.0,8.0,0.823529411764706,0.9473684210526316,0.875,0.9
cbn_unif_gauss,CPC,"{""alpha"": 0.05, ""max_conditioning_set_size"": 3}",20,30,5000,18,/home/mathis/Documents/Travail/cbnsl_benchmark/experiments/scaling/agrum3/../../../experiments/scaling/agrum3/2026-07-23_11h37_cbn_unif_gauss/graphs/golden__v20_a30_g18.json,/home/mathis/Documents/Travail/cbnsl_benchmark/experiments/scaling/agrum3/../../../experiments/scaling/agrum3/2026-07-23_11h37_cbn_unif_gauss/graphs/CPC__v20_a30_g18_s5000.json,,217.92686787300045,21.0,19.0,0.4615384615384615,0.9090909090909091,0.6428571428571429,0.8333333333333334
cbn_unif_gauss,CMIIC,"{""alpha"": 0.05}",20,30,5000,18,/home/mathis/Documents/Travail/cbnsl_benchmark/experiments/scaling/agrum3/../../../experiments/scaling/agrum3/2026-07-23_11h37_cbn_unif_gauss/graphs/golden__v20_a30_g18.json,/home/mathis/Documents/Travail/cbnsl_benchmark/experiments/scaling/agrum3/../../../experiments/scaling/agrum3/2026-07-23_11h37_cbn_unif_gauss/graphs/CMIIC__v20_a30_g18_s5000.json,,207.7270717219999,10.0,8.0,0.823529411764706,0.9473684210526316,0.875,0.9
cbn_unif_gauss,CPC,"{""alpha"": 0.05, ""max_conditioning_set_size"": 3}",20,30,200,19,/home/mathis/Documents/Travail/cbnsl_benchmark/experiments/scaling/agrum3/../../../experiments/scaling/agrum3/2026-07-23_11h37_cbn_unif_gauss/graphs/golden__v20_a30_g19.json,/home/mathis/Documents/Travail/cbnsl_benchmark/experiments/scaling/agrum3/../../../experiments/scaling/agrum3/2026-07-23_11h37_cbn_unif_gauss/graphs/CPC__v20_a30_g19_s200.json,,0.081973399999697,29.0,30.0,0.0,0.18181818181818182,0.0,0.1
cbn_unif_gauss,CMIIC,"{""alpha"": 0.05}",20,30,200,19,/home/mathis/Documents/Travail/cbnsl_benchmark/experiments/scaling/agrum3/../../../experiments/scaling/agrum3/2026-07-23_11h37_cbn_unif_gauss/graphs/golden__v20_a30_g19.json,/home/mathis/Documents/Travail/cbnsl_benchmark/experiments/scaling/agrum3/../../../experiments/scaling/agrum3/2026-07-23_11h37_cbn_unif_gauss/graphs/CMIIC__v20_a30_g19_s200.json,,0.7033779699995648,19.0,14.0,0.3783783783783784,0.888888888888889,0.5384615384615384,0.8
cbn_unif_gauss,CPC,"{""alpha"": 0.05, ""max_conditioning_set_size"": 3}",20,30,500,19,/home/mathis/Documents/Travail/cbnsl_benchmark/experiments/scaling/agrum3/../../../experiments/scaling/agrum3/2026-07-23_11h37_cbn_unif_gauss/graphs/golden__v20_a30_g19.json,/home/mathis/Documents/Travail/cbnsl_benchmark/experiments/scaling/agrum3/../../../experiments/scaling/agrum3/2026-07-23_11h37_cbn_unif_gauss/graphs/CPC__v20_a30_g19_s500.json,,0.5870696960009809,29.0,30.0,0.0,0.18181818181818182,0.0,0.1
cbn_unif_gauss,CMIIC,"{""alpha"": 0.05}",20,30,500,19,/home/mathis/Documents/Travail/cbnsl_benchmark/experiments/scaling/agrum3/../../../experiments/scaling/agrum3/2026-07-23_11h37_cbn_unif_gauss/graphs/golden__v20_a30_g19.json,/home/mathis/Documents/Travail/cbnsl_benchmark/experiments/scaling/agrum3/../../../experiments/scaling/agrum3/2026-07-23_11h37_cbn_unif_gauss/graphs/CMIIC__v20_a30_g19_s500.json,,2.7528553169995575,21.0,17.0,0.3783783783783784,0.9090909090909091,0.5833333333333334,0.8333333333333334
cbn_unif_gauss,CPC,"{""alpha"": 0.05, ""max_conditioning_set_size"": 3}",20,30,1000,19,/home/mathis/Documents/Travail/cbnsl_benchmark/experiments/scaling/agrum3/../../../experiments/scaling/agrum3/2026-07-23_11h37_cbn_unif_gauss/graphs/golden__v20_a30_g19.json,/home/mathis/Documents/Travail/cbnsl_benchmark/experiments/scaling/agrum3/../../../experiments/scaling/agrum3/2026-07-23_11h37_cbn_unif_gauss/graphs/CPC__v20_a30_g19_s1000.json,,3.266154782999365,24.0,26.0,0.0,0.6956521739130436,0.0,0.5333333333333333
cbn_unif_gauss,CMIIC,"{""alpha"": 0.05}",20,30,1000,19,/home/mathis/Documents/Travail/cbnsl_benchmark/experiments/scaling/agrum3/../../../experiments/scaling/agrum3/2026-07-23_11h37_cbn_unif_gauss/graphs/golden__v20_a30_g19.json,/home/mathis/Documents/Travail/cbnsl_benchmark/experiments/scaling/agrum3/../../../experiments/scaling/agrum3/2026-07-23_11h37_cbn_unif_gauss/graphs/CMIIC__v20_a30_g19_s1000.json,,8.63966156600145,17.0,22.0,0.4210526315789474,0.888888888888889,0.5714285714285714,0.8
cbn_unif_gauss,CPC,"{""alpha"": 0.05, ""max_conditioning_set_size"": 3}",20,30,3000,19,/home/mathis/Documents/Travail/cbnsl_benchmark/experiments/scaling/agrum3/../../../experiments/scaling/agrum3/2026-07-23_11h37_cbn_unif_gauss/graphs/golden__v20_a30_g19.json,/home/mathis/Documents/Travail/cbnsl_benchmark/experiments/scaling/agrum3/../../../experiments/scaling/agrum3/2026-07-23_11h37_cbn_unif_gauss/graphs/CPC__v20_a30_g19_s3000.json,,47.97353112699966,25.0,23.0,0.125,0.6666666666666666,0.11764705882352941,0.5
cbn_unif_gauss,CMIIC,"{""alpha"": 0.05}",20,30,3000,19,/home/mathis/Documents/Travail/cbnsl_benchmark/experiments/scaling/agrum3/../../../experiments/scaling/agrum3/2026-07-23_11h37_cbn_unif_gauss/graphs/golden__v20_a30_g19.json,/home/mathis/Documents/Travail/cbnsl_benchmark/experiments/scaling/agrum3/../../../experiments/scaling/agrum3/2026-07-23_11h37_cbn_unif_gauss/graphs/CMIIC__v20_a30_g19_s3000.json,,67.88636025500091,28.0,20.0,0.23529411764705882,0.9090909090909091,0.4444444444444444,0.8333333333333334
cbn_unif_gauss,CPC,"{""alpha"": 0.05, ""max_conditioning_set_size"": 3}",20,30,5000,19,/home/mathis/Documents/Travail/cbnsl_benchmark/experiments/scaling/agrum3/../../../experiments/scaling/agrum3/2026-07-23_11h37_cbn_unif_gauss/graphs/golden__v20_a30_g19.json,/home/mathis/Documents/Travail/cbnsl_benchmark/experiments/scaling/agrum3/../../../experiments/scaling/agrum3/2026-07-23_11h37_cbn_unif_gauss/graphs/CPC__v20_a30_g19_s5000.json,,154.4867898400007,22.0,19.0,0.23529411764705885,0.846153846153846,0.3333333333333333,0.7333333333333333
cbn_unif_gauss,CMIIC,"{""alpha"": 0.05}",20,30,5000,19,/home/mathis/Documents/Travail/cbnsl_benchmark/experiments/scaling/agrum3/../../../experiments/scaling/agrum3/2026-07-23_11h37_cbn_unif_gauss/graphs/golden__v20_a30_g19.json,/home/mathis/Documents/Travail/cbnsl_benchmark/experiments/scaling/agrum3/../../../experiments/scaling/agrum3/2026-07-23_11h37_cbn_unif_gauss/graphs/CMIIC__v20_a30_g19_s5000.json,,190.70819876300084,23.0,9.0,0.4210526315789474,0.9090909090909091,0.6153846153846154,0.8333333333333334
cbn_unif_gauss,CPC,"{""alpha"": 0.05, ""max_conditioning_set_size"": 3}",20,30,200,20,/home/mathis/Documents/Travail/cbnsl_benchmark/experiments/scaling/agrum3/../../../experiments/scaling/agrum3/2026-07-23_11h37_cbn_unif_gauss/graphs/golden__v20_a30_g20.json,/home/mathis/Documents/Travail/cbnsl_benchmark/experiments/scaling/agrum3/../../../experiments/scaling/agrum3/2026-07-23_11h37_cbn_unif_gauss/graphs/CPC__v20_a30_g20_s200.json,,0.07528954499866813,30.0,27.0,0.0,0.2777777777777778,0.0,0.16666666666666666
cbn_unif_gauss,CMIIC,"{""alpha"": 0.05}",20,30,200,20,/home/mathis/Documents/Travail/cbnsl_benchmark/experiments/scaling/agrum3/../../../experiments/scaling/agrum3/2026-07-23_11h37_cbn_unif_gauss/graphs/golden__v20_a30_g20.json,/home/mathis/Documents/Travail/cbnsl_benchmark/experiments/scaling/agrum3/../../../experiments/scaling/agrum3/2026-07-23_11h37_cbn_unif_gauss/graphs/CMIIC__v20_a30_g20_s200.json,,0.5934888190004131,13.0,24.0,0.723404255319149,0.888888888888889,0.7391304347826086,0.8
cbn_unif_gauss,CPC,"{""alpha"": 0.05, ""max_conditioning_set_size"": 3}",20,30,500,20,/home/mathis/Documents/Travail/cbnsl_benchmark/experiments/scaling/agrum3/../../../experiments/scaling/agrum3/2026-07-23_11h37_cbn_unif_gauss/graphs/golden__v20_a30_g20.json,/home/mathis/Documents/Travail/cbnsl_benchmark/experiments/scaling/agrum3/../../../experiments/scaling/agrum3/2026-07-23_11h37_cbn_unif_gauss/graphs/CPC__v20_a30_g20_s500.json,,0.6641699730007531,28.0,29.0,0.0,0.2857142857142857,0.0,0.16666666666666666
cbn_unif_gauss,CMIIC,"{""alpha"": 0.05}",20,30,500,20,/home/mathis/Documents/Travail/cbnsl_benchmark/experiments/scaling/agrum3/../../../experiments/scaling/agrum3/2026-07-23_11h37_cbn_unif_gauss/graphs/golden__v20_a30_g20.json,/home/mathis/Documents/Travail/cbnsl_benchmark/experiments/scaling/agrum3/../../../experiments/scaling/agrum3/2026-07-23_11h37_cbn_unif_gauss/graphs/CMIIC__v20_a30_g20_s500.json,,2.22495824500038,23.0,20.0,0.3783783783783784,0.8679245283018869,0.5,0.7666666666666667
cbn_unif_gauss,CPC,"{""alpha"": 0.05, ""max_conditioning_set_size"": 3}",20,30,1000,20,/home/mathis/Documents/Travail/cbnsl_benchmark/experiments/scaling/agrum3/../../../experiments/scaling/agrum3/2026-07-23_11h37_cbn_unif_gauss/graphs/golden__v20_a30_g20.json,/home/mathis/Documents/Travail/cbnsl_benchmark/experiments/scaling/agrum3/../../../experiments/scaling/agrum3/2026-07-23_11h37_cbn_unif_gauss/graphs/CPC__v20_a30_g20_s1000.json,,3.594925939998575,23.0,24.0,0.28571428571428575,0.7499999999999999,0.29411764705882354,0.6
cbn_unif_gauss,CMIIC,"{""alpha"": 0.05}",20,30,1000,20,/home/mathis/Documents/Travail/cbnsl_benchmark/experiments/scaling/agrum3/../../../experiments/scaling/agrum3/2026-07-23_11h37_cbn_unif_gauss/graphs/golden__v20_a30_g20.json,/home/mathis/Documents/Travail/cbnsl_benchmark/experiments/scaling/agrum3/../../../experiments/scaling/agrum3/2026-07-23_11h37_cbn_unif_gauss/graphs/CMIIC__v20_a30_g20_s1000.json,,6.998065519999727,21.0,25.0,0.4615384615384615,0.888888888888889,0.6,0.8
cbn_unif_gauss,CPC,"{""alpha"": 0.05, ""max_conditioning_set_size"": 3}",20,30,3000,20,/home/mathis/Documents/Travail/cbnsl_benchmark/experiments/scaling/agrum3/../../../experiments/scaling/agrum3/2026-07-23_11h37_cbn_unif_gauss/graphs/golden__v20_a30_g20.json,/home/mathis/Documents/Travail/cbnsl_benchmark/experiments/scaling/agrum3/../../../experiments/scaling/agrum3/2026-07-23_11h37_cbn_unif_gauss/graphs/CPC__v20_a30_g20_s3000.json,,46.44263833900004,22.0,24.0,0.45,0.8518518518518519,0.5625,0.7666666666666667
cbn_unif_gauss,CMIIC,"{""alpha"": 0.05}",20,30,3000,20,/home/mathis/Documents/Travail/cbnsl_benchmark/experiments/scaling/agrum3/../../../experiments/scaling/agrum3/2026-07-23_11h37_cbn_unif_gauss/graphs/golden__v20_a30_g20.json,/home/mathis/Documents/Travail/cbnsl_benchmark/experiments/scaling/agrum3/../../../experiments/scaling/agrum3/2026-07-23_11h37_cbn_unif_gauss/graphs/CMIIC__v20_a30_g20_s3000.json,,56.88806055000168,21.0,25.0,0.4615384615384615,0.888888888888889,0.6,0.8
cbn_unif_gauss,CPC,"{""alpha"": 0.05, ""max_conditioning_set_size"": 3}",20,30,5000,20,/home/mathis/Documents/Travail/cbnsl_benchmark/experiments/scaling/agrum3/../../../experiments/scaling/agrum3/2026-07-23_11h37_cbn_unif_gauss/graphs/golden__v20_a30_g20.json,/home/mathis/Documents/Travail/cbnsl_benchmark/experiments/scaling/agrum3/../../../experiments/scaling/agrum3/2026-07-23_11h37_cbn_unif_gauss/graphs/CPC__v20_a30_g20_s5000.json,,155.43508728800043,23.0,20.0,0.4878048780487805,0.912280701754386,0.7142857142857143,0.8666666666666667
cbn_unif_gauss,CMIIC,"{""alpha"": 0.05}",20,30,5000,20,/home/mathis/Documents/Travail/cbnsl_benchmark/experiments/scaling/agrum3/../../../experiments/scaling/agrum3/2026-07-23_11h37_cbn_unif_gauss/graphs/golden__v20_a30_g20.json,/home/mathis/Documents/Travail/cbnsl_benchmark/experiments/scaling/agrum3/../../../experiments/scaling/agrum3/2026-07-23_11h37_cbn_unif_gauss/graphs/CMIIC__v20_a30_g20_s5000.json,,170.1015919770016,22.0,24.0,0.33333333333333337,0.8679245283018869,0.46153846153846156,0.7666666666666667
cbn_unif_gauss,CPC,"{""alpha"": 0.05, ""max_conditioning_set_size"": 3}",20,30,200,21,/home/mathis/Documents/Travail/cbnsl_benchmark/experiments/scaling/agrum3/../../../experiments/scaling/agrum3/2026-07-23_11h37_cbn_unif_gauss/graphs/golden__v20_a30_g21.json,/home/mathis/Documents/Travail/cbnsl_benchmark/experiments/scaling/agrum3/../../../experiments/scaling/agrum3/2026-07-23_11h37_cbn_unif_gauss/graphs/CPC__v20_a30_g21_s200.json,,0.07861085799959255,30.0,29.0,0.0,0.18181818181818182,0.0,0.1
cbn_unif_gauss,CMIIC,"{""alpha"": 0.05}",20,30,200,21,/home/mathis/Documents/Travail/cbnsl_benchmark/experiments/scaling/agrum3/../../../experiments/scaling/agrum3/2026-07-23_11h37_cbn_unif_gauss/graphs/golden__v20_a30_g21.json,/home/mathis/Documents/Travail/cbnsl_benchmark/experiments/scaling/agrum3/../../../experiments/scaling/agrum3/2026-07-23_11h37_cbn_unif_gauss/graphs/CMIIC__v20_a30_g21_s200.json,,0.6103229879990977,24.0,12.0,0.4210526315789474,0.888888888888889,0.5714285714285714,0.8
cbn_unif_gauss,CPC,"{""alpha"": 0.05, ""max_conditioning_set_size"": 3}",20,30,500,21,/home/mathis/Documents/Travail/cbnsl_benchmark/experiments/scaling/agrum3/../../../experiments/scaling/agrum3/2026-07-23_11h37_cbn_unif_gauss/graphs/golden__v20_a30_g21.json,/home/mathis/Documents/Travail/cbnsl_benchmark/experiments/scaling/agrum3/../../../experiments/scaling/agrum3/2026-07-23_11h37_cbn_unif_gauss/graphs/CPC__v20_a30_g21_s500.json,,0.6558190249998006,28.0,27.0,0.0,0.37837837837837834,0.0,0.23333333333333334
cbn_unif_gauss,CMIIC,"{""alpha"": 0.05}",20,30,500,21,/home/mathis/Documents/Travail/cbnsl_benchmark/experiments/scaling/agrum3/../../../experiments/scaling/agrum3/2026-07-23_11h37_cbn_unif_gauss/graphs/golden__v20_a30_g21.json,/home/mathis/Documents/Travail/cbnsl_benchmark/experiments/scaling/agrum3/../../../experiments/scaling/agrum3/2026-07-23_11h37_cbn_unif_gauss/graphs/CMIIC__v20_a30_g21_s500.json,,2.5330636920007237,28.0,16.0,0.2777777777777778,0.8518518518518519,0.4166666666666667,0.7666666666666667
cbn_unif_gauss,CPC,"{""alpha"": 0.05, ""max_conditioning_set_size"": 3}",20,30,1000,21,/home/mathis/Documents/Travail/cbnsl_benchmark/experiments/scaling/agrum3/../../../experiments/scaling/agrum3/2026-07-23_11h37_cbn_unif_gauss/graphs/golden__v20_a30_g21.json,/home/mathis/Documents/Travail/cbnsl_benchmark/experiments/scaling/agrum3/../../../experiments/scaling/agrum3/2026-07-23_11h37_cbn_unif_gauss/graphs/CPC__v20_a30_g21_s1000.json,,2.929716019996704,25.0,26.0,0.0,0.6956521739130436,0.0,0.5333333333333333
cbn_unif_gauss,CMIIC,"{""alpha"": 0.05}",20,30,1000,21,/home/mathis/Documents/Travail/cbnsl_benchmark/experiments/scaling/agrum3/../../../experiments/scaling/agrum3/2026-07-23_11h37_cbn_unif_gauss/graphs/golden__v20_a30_g21.json,/home/mathis/Documents/Travail/cbnsl_benchmark/experiments/scaling/agrum3/../../../experiments/scaling/agrum3/2026-07-23_11h37_cbn_unif_gauss/graphs/CMIIC__v20_a30_g21_s1000.json,,7.5938276540000516,26.0,15.0,0.2857142857142857,0.8679245283018869,0.4166666666666667,0.7666666666666667
cbn_unif_gauss,CPC,"{""alpha"": 0.05, ""max_conditioning_set_size"": 3}",20,30,3000,21,/home/mathis/Documents/Travail/cbnsl_benchmark/experiments/scaling/agrum3/../../../experiments/scaling/agrum3/2026-07-23_11h37_cbn_unif_gauss/graphs/golden__v20_a30_g21.json,/home/mathis/Documents/Travail/cbnsl_benchmark/experiments/scaling/agrum3/../../../experiments/scaling/agrum3/2026-07-23_11h37_cbn_unif_gauss/graphs/CPC__v20_a30_g21_s3000.json,,38.607415680002305,24.0,19.0,0.42857142857142855,0.8421052631578948,0.6,0.8
cbn_unif_gauss,CMIIC,"{""alpha"": 0.05}",20,30,3000,21,/home/mathis/Documents/Travail/cbnsl_benchmark/experiments/scaling/agrum3/../../../experiments/scaling/agrum3/2026-07-23_11h37_cbn_unif_gauss/graphs/golden__v20_a30_g21.json,/home/mathis/Documents/Travail/cbnsl_benchmark/experiments/scaling/agrum3/../../../experiments/scaling/agrum3/2026-07-23_11h37_cbn_unif_gauss/graphs/CMIIC__v20_a30_g21_s3000.json,,54.78613528399728,26.0,15.0,0.2857142857142857,0.8679245283018869,0.4166666666666667,0.7666666666666667
cbn_unif_gauss,CPC,"{""alpha"": 0.05, ""max_conditioning_set_size"": 3}",20,30,5000,21,/home/mathis/Documents/Travail/cbnsl_benchmark/experiments/scaling/agrum3/../../../experiments/scaling/agrum3/2026-07-23_11h37_cbn_unif_gauss/graphs/golden__v20_a30_g21.json,/home/mathis/Documents/Travail/cbnsl_benchmark/experiments/scaling/agrum3/../../../experiments/scaling/agrum3/2026-07-23_11h37_cbn_unif_gauss/graphs/CPC__v20_a30_g21_s5000.json,,122.87175328099693,23.0,18.0,0.43902439024390244,0.8571428571428571,0.6,0.8
cbn_unif_gauss,CMIIC,"{""alpha"": 0.05}",20,30,5000,21,/home/mathis/Documents/Travail/cbnsl_benchmark/experiments/scaling/agrum3/../../../experiments/scaling/agrum3/2026-07-23_11h37_cbn_unif_gauss/graphs/golden__v20_a30_g21.json,/home/mathis/Documents/Travail/cbnsl_benchmark/experiments/scaling/agrum3/../../../experiments/scaling/agrum3/2026-07-23_11h37_cbn_unif_gauss/graphs/CMIIC__v20_a30_g21_s5000.json,,149.13883446699765,26.0,15.0,0.2857142857142857,0.8679245283018869,0.4166666666666667,0.7666666666666667
cbn_unif_gauss,CPC,"{""alpha"": 0.05, ""max_conditioning_set_size"": 3}",20,30,200,22,/home/mathis/Documents/Travail/cbnsl_benchmark/experiments/scaling/agrum3/../../../experiments/scaling/agrum3/2026-07-23_11h37_cbn_unif_gauss/graphs/golden__v20_a30_g22.json,/home/mathis/Documents/Travail/cbnsl_benchmark/experiments/scaling/agrum3/../../../experiments/scaling/agrum3/2026-07-23_11h37_cbn_unif_gauss/graphs/CPC__v20_a30_g22_s200.json,,0.07510760199875222,30.0,30.0,0.0,0.18181818181818182,0.0,0.10344827586206896
cbn_unif_gauss,CMIIC,"{""alpha"": 0.05}",20,30,200,22,/home/mathis/Documents/Travail/cbnsl_benchmark/experiments/scaling/agrum3/../../../experiments/scaling/agrum3/2026-07-23_11h37_cbn_unif_gauss/graphs/golden__v20_a30_g22.json,/home/mathis/Documents/Travail/cbnsl_benchmark/experiments/scaling/agrum3/../../../experiments/scaling/agrum3/2026-07-23_11h37_cbn_unif_gauss/graphs/CMIIC__v20_a30_g22_s200.json,,0.5952678870016825,20.0,22.0,0.5,0.888888888888889,0.6666666666666666,0.8275862068965517
cbn_unif_gauss,CPC,"{""alpha"": 0.05, ""max_conditioning_set_size"": 3}",20,30,500,22,/home/mathis/Documents/Travail/cbnsl_benchmark/experiments/scaling/agrum3/../../../experiments/scaling/agrum3/2026-07-23_11h37_cbn_unif_gauss/graphs/golden__v20_a30_g22.json,/home/mathis/Documents/Travail/cbnsl_benchmark/experiments/scaling/agrum3/../../../experiments/scaling/agrum3/2026-07-23_11h37_cbn_unif_gauss/graphs/CPC__v20_a30_g22_s500.json,,0.672949735999282,27.0,29.0,0.0,0.3888888888888889,0.0,0.2413793103448276
cbn_unif_gauss,CMIIC,"{""alpha"": 0.05}",20,30,500,22,/home/mathis/Documents/Travail/cbnsl_benchmark/experiments/scaling/agrum3/../../../experiments/scaling/agrum3/2026-07-23_11h37_cbn_unif_gauss/graphs/golden__v20_a30_g22.json,/home/mathis/Documents/Travail/cbnsl_benchmark/experiments/scaling/agrum3/../../../experiments/scaling/agrum3/2026-07-23_11h37_cbn_unif_gauss/graphs/CMIIC__v20_a30_g22_s500.json,,2.1792186249986116,22.0,20.0,0.29411764705882354,0.8846153846153846,0.45454545454545453,0.7931034482758621
cbn_unif_gauss,CPC,"{""alpha"": 0.05, ""max_conditioning_set_size"": 3}",20,30,1000,22,/home/mathis/Documents/Travail/cbnsl_benchmark/experiments/scaling/agrum3/../../../experiments/scaling/agrum3/2026-07-23_11h37_cbn_unif_gauss/graphs/golden__v20_a30_g22.json,/home/mathis/Documents/Travail/cbnsl_benchmark/experiments/scaling/agrum3/../../../experiments/scaling/agrum3/2026-07-23_11h37_cbn_unif_gauss/graphs/CPC__v20_a30_g22_s1000.json,,3.361247278000519,24.0,27.0,0.0,0.7391304347826086,0.0,0.5862068965517241
cbn_unif_gauss,CMIIC,"{""alpha"": 0.05}",20,30,1000,22,/home/mathis/Documents/Travail/cbnsl_benchmark/experiments/scaling/agrum3/../../../experiments/scaling/agrum3/2026-07-23_11h37_cbn_unif_gauss/graphs/golden__v20_a30_g22.json,/home/mathis/Documents/Travail/cbnsl_benchmark/experiments/scaling/agrum3/../../../experiments/scaling/agrum3/2026-07-23_11h37_cbn_unif_gauss/graphs/CMIIC__v20_a30_g22_s1000.json,,7.333276298999408,22.0,20.0,0.29411764705882354,0.8846153846153846,0.45454545454545453,0.7931034482758621
cbn_unif_gauss,CPC,"{""alpha"": 0.05, ""max_conditioning_set_size"": 3}",20,30,3000,22,/home/mathis/Documents/Travail/cbnsl_benchmark/experiments/scaling/agrum3/../../../experiments/scaling/agrum3/2026-07-23_11h37_cbn_unif_gauss/graphs/golden__v20_a30_g22.json,/home/mathis/Documents/Travail/cbnsl_benchmark/experiments/scaling/agrum3/../../../experiments/scaling/agrum3/2026-07-23_11h37_cbn_unif_gauss/graphs/CPC__v20_a30_g22_s3000.json,,46.09372567600076,22.0,17.0,0.368421052631579,0.8928571428571429,0.6363636363636364,0.8620689655172413
cbn_unif_gauss,CMIIC,"{""alpha"": 0.05}",20,30,3000,22,/home/mathis/Documents/Travail/cbnsl_benchmark/experiments/scaling/agrum3/../../../experiments/scaling/agrum3/2026-07-23_11h37_cbn_unif_gauss/graphs/golden__v20_a30_g22.json,/home/mathis/Documents/Travail/cbnsl_benchmark/experiments/scaling/agrum3/../../../experiments/scaling/agrum3/2026-07-23_11h37_cbn_unif_gauss/graphs/CMIIC__v20_a30_g22_s3000.json,,56.860386758999084,22.0,20.0,0.29411764705882354,0.8846153846153846,0.45454545454545453,0.7931034482758621
cbn_unif_gauss,CPC,"{""alpha"": 0.05, ""max_conditioning_set_size"": 3}",20,30,5000,22,/home/mathis/Documents/Travail/cbnsl_benchmark/experiments/scaling/agrum3/../../../experiments/scaling/agrum3/2026-07-23_11h37_cbn_unif_gauss/graphs/golden__v20_a30_g22.json,/home/mathis/Documents/Travail/cbnsl_benchmark/experiments/scaling/agrum3/../../../experiments/scaling/agrum3/2026-07-23_11h37_cbn_unif_gauss/graphs/CPC__v20_a30_g22_s5000.json,,142.895239786998,18.0,7.0,0.5365853658536585,0.9285714285714286,0.7857142857142857,0.896551724137931
cbn_unif_gauss,CMIIC,"{""alpha"": 0.05}",20,30,5000,22,/home/mathis/Documents/Travail/cbnsl_benchmark/experiments/scaling/agrum3/../../../experiments/scaling/agrum3/2026-07-23_11h37_cbn_unif_gauss/graphs/golden__v20_a30_g22.json,/home/mathis/Documents/Travail/cbnsl_benchmark/experiments/scaling/agrum3/../../../experiments/scaling/agrum3/2026-07-23_11h37_cbn_unif_gauss/graphs/CMIIC__v20_a30_g22_s5000.json,,155.21850197399908,22.0,20.0,0.29411764705882354,0.8846153846153846,0.45454545454545453,0.7931034482758621
cbn_unif_gauss,CPC,"{""alpha"": 0.05, ""max_conditioning_set_size"": 3}",20,30,200,23,/home/mathis/Documents/Travail/cbnsl_benchmark/experiments/scaling/agrum3/../../../experiments/scaling/agrum3/2026-07-23_11h37_cbn_unif_gauss/graphs/golden__v20_a30_g23.json,/home/mathis/Documents/Travail/cbnsl_benchmark/experiments/scaling/agrum3/../../../experiments/scaling/agrum3/2026-07-23_11h37_cbn_unif_gauss/graphs/CPC__v20_a30_g23_s200.json,,0.08204117599962046,30.0,27.0,0.0,0.23529411764705882,0.0,0.13333333333333333
cbn_unif_gauss,CMIIC,"{""alpha"": 0.05}",20,30,200,23,/home/mathis/Documents/Travail/cbnsl_benchmark/experiments/scaling/agrum3/../../../experiments/scaling/agrum3/2026-07-23_11h37_cbn_unif_gauss/graphs/golden__v20_a30_g23.json,/home/mathis/Documents/Travail/cbnsl_benchmark/experiments/scaling/agrum3/../../../experiments/scaling/agrum3/2026-07-23_11h37_cbn_unif_gauss/graphs/CMIIC__v20_a30_g23_s200.json,,0.6544541789990035,22.0,18.0,0.48780487804878053,0.8518518518518519,0.5882352941176471,0.7666666666666667
cbn_unif_gauss,CPC,"{""alpha"": 0.05, ""max_conditioning_set_size"": 3}",20,30,500,23,/home/mathis/Documents/Travail/cbnsl_benchmark/experiments/scaling/agrum3/../../../experiments/scaling/agrum3/2026-07-23_11h37_cbn_unif_gauss/graphs/golden__v20_a30_g23.json,/home/mathis/Documents/Travail/cbnsl_benchmark/experiments/scaling/agrum3/../../../experiments/scaling/agrum3/2026-07-23_11h37_cbn_unif_gauss/graphs/CPC__v20_a30_g23_s500.json,,0.8113133890001336,27.0,27.0,0.0,0.4210526315789474,0.0,0.26666666666666666
cbn_unif_gauss,CMIIC,"{""alpha"": 0.05}",20,30,500,23,/home/mathis/Documents/Travail/cbnsl_benchmark/experiments/scaling/agrum3/../../../experiments/scaling/agrum3/2026-07-23_11h37_cbn_unif_gauss/graphs/golden__v20_a30_g23.json,/home/mathis/Documents/Travail/cbnsl_benchmark/experiments/scaling/agrum3/../../../experiments/scaling/agrum3/2026-07-23_11h37_cbn_unif_gauss/graphs/CMIIC__v20_a30_g23_s500.json,,2.2997441870029434,23.0,24.0,0.3783783783783784,0.8679245283018869,0.5,0.7666666666666667
cbn_unif_gauss,CPC,"{""alpha"": 0.05, ""max_conditioning_set_size"": 3}",20,30,1000,23,/home/mathis/Documents/Travail/cbnsl_benchmark/experiments/scaling/agrum3/../../../experiments/scaling/agrum3/2026-07-23_11h37_cbn_unif_gauss/graphs/golden__v20_a30_g23.json,/home/mathis/Documents/Travail/cbnsl_benchmark/experiments/scaling/agrum3/../../../experiments/scaling/agrum3/2026-07-23_11h37_cbn_unif_gauss/graphs/CPC__v20_a30_g23_s1000.json,,3.7548614560000715,27.0,23.0,0.0,0.7499999999999999,0.0,0.6
cbn_unif_gauss,CMIIC,"{""alpha"": 0.05}",20,30,1000,23,/home/mathis/Documents/Travail/cbnsl_benchmark/experiments/scaling/agrum3/../../../experiments/scaling/agrum3/2026-07-23_11h37_cbn_unif_gauss/graphs/golden__v20_a30_g23.json,/home/mathis/Documents/Travail/cbnsl_benchmark/experiments/scaling/agrum3/../../../experiments/scaling/agrum3/2026-07-23_11h37_cbn_unif_gauss/graphs/CMIIC__v20_a30_g23_s1000.json,,7.473987171000772,22.0,26.0,0.45,0.8301886792452831,0.5294117647058824,0.7333333333333333
cbn_unif_gauss,CPC,"{""alpha"": 0.05, ""max_conditioning_set_size"": 3}",20,30,3000,23,/home/mathis/Documents/Travail/cbnsl_benchmark/experiments/scaling/agrum3/../../../experiments/scaling/agrum3/2026-07-23_11h37_cbn_unif_gauss/graphs/golden__v20_a30_g23.json,/home/mathis/Documents/Travail/cbnsl_benchmark/experiments/scaling/agrum3/../../../experiments/scaling/agrum3/2026-07-23_11h37_cbn_unif_gauss/graphs/CPC__v20_a30_g23_s3000.json,,51.009389959002874,25.0,24.0,0.3589743589743589,0.8571428571428571,0.5384615384615384,0.8
cbn_unif_gauss,CMIIC,"{""alpha"": 0.05}",20,30,3000,23,/home/mathis/Documents/Travail/cbnsl_benchmark/experiments/scaling/agrum3/../../../experiments/scaling/agrum3/2026-07-23_11h37_cbn_unif_gauss/graphs/golden__v20_a30_g23.json,/home/mathis/Documents/Travail/cbnsl_benchmark/experiments/scaling/agrum3/../../../experiments/scaling/agrum3/2026-07-23_11h37_cbn_unif_gauss/graphs/CMIIC__v20_a30_g23_s3000.json,,62.42586778199984,18.0,18.0,0.6521739130434783,0.8301886792452831,0.6521739130434783,0.7333333333333333
cbn_unif_gauss,CPC,"{""alpha"": 0.05, ""max_conditioning_set_size"": 3}",20,30,5000,23,/home/mathis/Documents/Travail/cbnsl_benchmark/experiments/scaling/agrum3/../../../experiments/scaling/agrum3/2026-07-23_11h37_cbn_unif_gauss/graphs/golden__v20_a30_g23.json,/home/mathis/Documents/Travail/cbnsl_benchmark/experiments/scaling/agrum3/../../../experiments/scaling/agrum3/2026-07-23_11h37_cbn_unif_gauss/graphs/CPC__v20_a30_g23_s5000.json,,163.770572327001,20.0,20.0,0.5238095238095238,0.8928571428571429,0.6875,0.8333333333333334
cbn_unif_gauss,CMIIC,"{""alpha"": 0.05}",20,30,5000,23,/home/mathis/Documents/Travail/cbnsl_benchmark/experiments/scaling/agrum3/../../../experiments/scaling/agrum3/2026-07-23_11h37_cbn_unif_gauss/graphs/golden__v20_a30_g23.json,/home/mathis/Documents/Travail/cbnsl_benchmark/experiments/scaling/agrum3/../../../experiments/scaling/agrum3/2026-07-23_11h37_cbn_unif_gauss/graphs/CMIIC__v20_a30_g23_s5000.json,,180.1936662900007,16.0,17.0,0.6808510638297872,0.8301886792452831,0.6666666666666666,0.7333333333333333
cbn_unif_gauss,CPC,"{""alpha"": 0.05, ""max_conditioning_set_size"": 3}",20,30,200,24,/home/mathis/Documents/Travail/cbnsl_benchmark/experiments/scaling/agrum3/../../../experiments/scaling/agrum3/2026-07-23_11h37_cbn_unif_gauss/graphs/golden__v20_a30_g24.json,/home/mathis/Documents/Travail/cbnsl_benchmark/experiments/scaling/agrum3/../../../experiments/scaling/agrum3/2026-07-23_11h37_cbn_unif_gauss/graphs/CPC__v20_a30_g24_s200.json,,0.07404024000061327,28.0,28.0,0.0,0.25,0.0,0.14285714285714285
cbn_unif_gauss,CMIIC,"{""alpha"": 0.05}",20,30,200,24,/home/mathis/Documents/Travail/cbnsl_benchmark/experiments/scaling/agrum3/../../../experiments/scaling/agrum3/2026-07-23_11h37_cbn_unif_gauss/graphs/golden__v20_a30_g24.json,/home/mathis/Documents/Travail/cbnsl_benchmark/experiments/scaling/agrum3/../../../experiments/scaling/agrum3/2026-07-23_11h37_cbn_unif_gauss/graphs/CMIIC__v20_a30_g24_s200.json,,0.6425496189986006,22.0,16.0,0.4736842105263157,0.9259259259259259,0.75,0.8928571428571429
cbn_unif_gauss,CPC,"{""alpha"": 0.05, ""max_conditioning_set_size"": 3}",20,30,500,24,/home/mathis/Documents/Travail/cbnsl_benchmark/experiments/scaling/agrum3/../../../experiments/scaling/agrum3/2026-07-23_11h37_cbn_unif_gauss/graphs/golden__v20_a30_g24.json,/home/mathis/Documents/Travail/cbnsl_benchmark/experiments/scaling/agrum3/../../../experiments/scaling/agrum3/2026-07-23_11h37_cbn_unif_gauss/graphs/CPC__v20_a30_g24_s500.json,,0.5875254159982433,26.0,25.0,0.0,0.35294117647058826,0.0,0.21428571428571427
cbn_unif_gauss,CMIIC,"{""alpha"": 0.05}",20,30,500,24,/home/mathis/Documents/Travail/cbnsl_benchmark/experiments/scaling/agrum3/../../../experiments/scaling/agrum3/2026-07-23_11h37_cbn_unif_gauss/graphs/golden__v20_a30_g24.json,/home/mathis/Documents/Travail/cbnsl_benchmark/experiments/scaling/agrum3/../../../experiments/scaling/agrum3/2026-07-23_11h37_cbn_unif_gauss/graphs/CMIIC__v20_a30_g24_s500.json,,2.529361782999331,23.0,19.0,0.43243243243243246,0.9259259259259259,0.7272727272727273,0.8928571428571429
cbn_unif_gauss,CPC,"{""alpha"": 0.05, ""max_conditioning_set_size"": 3}",20,30,1000,24,/home/mathis/Documents/Travail/cbnsl_benchmark/experiments/scaling/agrum3/../../../experiments/scaling/agrum3/2026-07-23_11h37_cbn_unif_gauss/graphs/golden__v20_a30_g24.json,/home/mathis/Documents/Travail/cbnsl_benchmark/experiments/scaling/agrum3/../../../experiments/scaling/agrum3/2026-07-23_11h37_cbn_unif_gauss/graphs/CPC__v20_a30_g24_s1000.json,,3.051220993998868,24.0,24.0,0.0,0.6190476190476191,0.0,0.4642857142857143
cbn_unif_gauss,CMIIC,"{""alpha"": 0.05}",20,30,1000,24,/home/mathis/Documents/Travail/cbnsl_benchmark/experiments/scaling/agrum3/../../../experiments/scaling/agrum3/2026-07-23_11h37_cbn_unif_gauss/graphs/golden__v20_a30_g24.json,/home/mathis/Documents/Travail/cbnsl_benchmark/experiments/scaling/agrum3/../../../experiments/scaling/agrum3/2026-07-23_11h37_cbn_unif_gauss/graphs/CMIIC__v20_a30_g24_s1000.json,,7.948660788999405,14.0,19.0,0.7916666666666667,0.9454545454545454,0.9047619047619048,0.9285714285714286
cbn_unif_gauss,CPC,"{""alpha"": 0.05, ""max_conditioning_set_size"": 3}",20,30,3000,24,/home/mathis/Documents/Travail/cbnsl_benchmark/experiments/scaling/agrum3/../../../experiments/scaling/agrum3/2026-07-23_11h37_cbn_unif_gauss/graphs/golden__v20_a30_g24.json,/home/mathis/Documents/Travail/cbnsl_benchmark/experiments/scaling/agrum3/../../../experiments/scaling/agrum3/2026-07-23_11h37_cbn_unif_gauss/graphs/CPC__v20_a30_g24_s3000.json,,35.8981814309991,29.0,17.0,0.2777777777777778,0.8727272727272727,0.5555555555555556,0.8571428571428571
cbn_unif_gauss,CMIIC,"{""alpha"": 0.05}",20,30,3000,24,/home/mathis/Documents/Travail/cbnsl_benchmark/experiments/scaling/agrum3/../../../experiments/scaling/agrum3/2026-07-23_11h37_cbn_unif_gauss/graphs/golden__v20_a30_g24.json,/home/mathis/Documents/Travail/cbnsl_benchmark/experiments/scaling/agrum3/../../../experiments/scaling/agrum3/2026-07-23_11h37_cbn_unif_gauss/graphs/CMIIC__v20_a30_g24_s3000.json,,58.87137669200092,17.0,17.0,0.6190476190476191,0.9259259259259259,0.8125,0.8928571428571429
cbn_unif_gauss,CPC,"{""alpha"": 0.05, ""max_conditioning_set_size"": 3}",20,30,5000,24,/home/mathis/Documents/Travail/cbnsl_benchmark/experiments/scaling/agrum3/../../../experiments/scaling/agrum3/2026-07-23_11h37_cbn_unif_gauss/graphs/golden__v20_a30_g24.json,/home/mathis/Documents/Travail/cbnsl_benchmark/experiments/scaling/agrum3/../../../experiments/scaling/agrum3/2026-07-23_11h37_cbn_unif_gauss/graphs/CPC__v20_a30_g24_s5000.json,,108.10435282399703,25.0,25.0,0.42105263157894735,0.9090909090909091,0.7272727272727273,0.8928571428571429
cbn_unif_gauss,CMIIC,"{""alpha"": 0.05}",20,30,5000,24,/home/mathis/Documents/Travail/cbnsl_benchmark/experiments/scaling/agrum3/../../../experiments/scaling/agrum3/2026-07-23_11h37_cbn_unif_gauss/graphs/golden__v20_a30_g24.json,/home/mathis/Documents/Travail/cbnsl_benchmark/experiments/scaling/agrum3/../../../experiments/scaling/agrum3/2026-07-23_11h37_cbn_unif_gauss/graphs/CMIIC__v20_a30_g24_s5000.json,,164.94011079700067,13.0,14.0,0.7826086956521738,0.962962962962963,0.9,0.9285714285714286
cbn_unif_gauss,CPC,"{""alpha"": 0.05, ""max_conditioning_set_size"": 3}",20,30,200,25,/home/mathis/Documents/Travail/cbnsl_benchmark/experiments/scaling/agrum3/../../../experiments/scaling/agrum3/2026-07-23_11h37_cbn_unif_gauss/graphs/golden__v20_a30_g25.json,/home/mathis/Documents/Travail/cbnsl_benchmark/experiments/scaling/agrum3/../../../experiments/scaling/agrum3/2026-07-23_11h37_cbn_unif_gauss/graphs/CPC__v20_a30_g25_s200.json,,0.07686265800293768,30.0,29.0,0.0,0.18181818181818182,0.0,0.1
cbn_unif_gauss,CMIIC,"{""alpha"": 0.05}",20,30,200,25,/home/mathis/Documents/Travail/cbnsl_benchmark/experiments/scaling/agrum3/../../../experiments/scaling/agrum3/2026-07-23_11h37_cbn_unif_gauss/graphs/golden__v20_a30_g25.json,/home/mathis/Documents/Travail/cbnsl_benchmark/experiments/scaling/agrum3/../../../experiments/scaling/agrum3/2026-07-23_11h37_cbn_unif_gauss/graphs/CMIIC__v20_a30_g25_s200.json,,0.7235113530005037,27.0,23.0,0.3414634146341463,0.8275862068965518,0.5384615384615384,0.8
cbn_unif_gauss,CPC,"{""alpha"": 0.05, ""max_conditioning_set_size"": 3}",20,30,500,25,/home/mathis/Documents/Travail/cbnsl_benchmark/experiments/scaling/agrum3/../../../experiments/scaling/agrum3/2026-07-23_11h37_cbn_unif_gauss/graphs/golden__v20_a30_g25.json,/home/mathis/Documents/Travail/cbnsl_benchmark/experiments/scaling/agrum3/../../../experiments/scaling/agrum3/2026-07-23_11h37_cbn_unif_gauss/graphs/CPC__v20_a30_g25_s500.json,,0.734061051000026,29.0,27.0,0.0,0.37837837837837834,0.0,0.23333333333333334
cbn_unif_gauss,CMIIC,"{""alpha"": 0.05}",20,30,500,25,/home/mathis/Documents/Travail/cbnsl_benchmark/experiments/scaling/agrum3/../../../experiments/scaling/agrum3/2026-07-23_11h37_cbn_unif_gauss/graphs/golden__v20_a30_g25.json,/home/mathis/Documents/Travail/cbnsl_benchmark/experiments/scaling/agrum3/../../../experiments/scaling/agrum3/2026-07-23_11h37_cbn_unif_gauss/graphs/CMIIC__v20_a30_g25_s500.json,,2.6410496899989084,25.0,16.0,0.358974358974359,0.8771929824561403,0.5833333333333334,0.8333333333333334
cbn_unif_gauss,CPC,"{""alpha"": 0.05, ""max_conditioning_set_size"": 3}",20,30,1000,25,/home/mathis/Documents/Travail/cbnsl_benchmark/experiments/scaling/agrum3/../../../experiments/scaling/agrum3/2026-07-23_11h37_cbn_unif_gauss/graphs/golden__v20_a30_g25.json,/home/mathis/Documents/Travail/cbnsl_benchmark/experiments/scaling/agrum3/../../../experiments/scaling/agrum3/2026-07-23_11h37_cbn_unif_gauss/graphs/CPC__v20_a30_g25_s1000.json,,4.3671130030015775,29.0,27.0,0.0,0.6666666666666666,0.0,0.5
cbn_unif_gauss,CMIIC,"{""alpha"": 0.05}",20,30,1000,25,/home/mathis/Documents/Travail/cbnsl_benchmark/experiments/scaling/agrum3/../../../experiments/scaling/agrum3/2026-07-23_11h37_cbn_unif_gauss/graphs/golden__v20_a30_g25.json,/home/mathis/Documents/Travail/cbnsl_benchmark/experiments/scaling/agrum3/../../../experiments/scaling/agrum3/2026-07-23_11h37_cbn_unif_gauss/graphs/CMIIC__v20_a30_g25_s1000.json,,8.563593022001442,13.0,13.0,0.7692307692307692,0.9333333333333333,0.9090909090909091,0.9333333333333333
cbn_unif_gauss,CPC,"{""alpha"": 0.05, ""max_conditioning_set_size"": 3}",20,30,3000,25,/home/mathis/Documents/Travail/cbnsl_benchmark/experiments/scaling/agrum3/../../../experiments/scaling/agrum3/2026-07-23_11h37_cbn_unif_gauss/graphs/golden__v20_a30_g25.json,/home/mathis/Documents/Travail/cbnsl_benchmark/experiments/scaling/agrum3/../../../experiments/scaling/agrum3/2026-07-23_11h37_cbn_unif_gauss/graphs/CPC__v20_a30_g25_s3000.json,,54.87818947099731,26.0,19.0,0.2777777777777778,0.8727272727272728,0.45454545454545453,0.8
cbn_unif_gauss,CMIIC,"{""alpha"": 0.05}",20,30,3000,25,/home/mathis/Documents/Travail/cbnsl_benchmark/experiments/scaling/agrum3/../../../experiments/scaling/agrum3/2026-07-23_11h37_cbn_unif_gauss/graphs/golden__v20_a30_g25.json,/home/mathis/Documents/Travail/cbnsl_benchmark/experiments/scaling/agrum3/../../../experiments/scaling/agrum3/2026-07-23_11h37_cbn_unif_gauss/graphs/CMIIC__v20_a30_g25_s3000.json,,67.55300707700007,22.0,8.0,0.47619047619047616,0.9152542372881356,0.7692307692307693,0.9
cbn_unif_gauss,CPC,"{""alpha"": 0.05, ""max_conditioning_set_size"": 3}",20,30,5000,25,/home/mathis/Documents/Travail/cbnsl_benchmark/experiments/scaling/agrum3/../../../experiments/scaling/agrum3/2026-07-23_11h37_cbn_unif_gauss/graphs/golden__v20_a30_g25.json,/home/mathis/Documents/Travail/cbnsl_benchmark/experiments/scaling/agrum3/../../../experiments/scaling/agrum3/2026-07-23_11h37_cbn_unif_gauss/graphs/CPC__v20_a30_g25_s5000.json,,170.7519559709981,25.0,15.0,0.3684210526315789,0.8928571428571429,0.5833333333333334,0.8333333333333334
cbn_unif_gauss,CMIIC,"{""alpha"": 0.05}",20,30,5000,25,/home/mathis/Documents/Travail/cbnsl_benchmark/experiments/scaling/agrum3/../../../experiments/scaling/agrum3/2026-07-23_11h37_cbn_unif_gauss/graphs/golden__v20_a30_g25.json,/home/mathis/Documents/Travail/cbnsl_benchmark/experiments/scaling/agrum3/../../../experiments/scaling/agrum3/2026-07-23_11h37_cbn_unif_gauss/graphs/CMIIC__v20_a30_g25_s5000.json,,208.96822760799841,13.0,6.0,0.7692307692307693,0.9152542372881356,0.8695652173913043,0.9
cbn_unif_gauss,CPC,"{""alpha"": 0.05, ""max_conditioning_set_size"": 3}",20,30,200,26,/home/mathis/Documents/Travail/cbnsl_benchmark/experiments/scaling/agrum3/../../../experiments/scaling/agrum3/2026-07-23_11h37_cbn_unif_gauss/graphs/golden__v20_a30_g26.json,/home/mathis/Documents/Travail/cbnsl_benchmark/experiments/scaling/agrum3/../../../experiments/scaling/agrum3/2026-07-23_11h37_cbn_unif_gauss/graphs/CPC__v20_a30_g26_s200.json,,0.07907170500038774,30.0,27.0,0.0,0.18181818181818182,0.0,0.1
cbn_unif_gauss,CMIIC,"{""alpha"": 0.05}",20,30,200,26,/home/mathis/Documents/Travail/cbnsl_benchmark/experiments/scaling/agrum3/../../../experiments/scaling/agrum3/2026-07-23_11h37_cbn_unif_gauss/graphs/golden__v20_a30_g26.json,/home/mathis/Documents/Travail/cbnsl_benchmark/experiments/scaling/agrum3/../../../experiments/scaling/agrum3/2026-07-23_11h37_cbn_unif_gauss/graphs/CMIIC__v20_a30_g26_s200.json,,0.8247773330003838,26.0,17.0,0.28571428571428575,0.9285714285714286,0.5555555555555556,0.8666666666666667
cbn_unif_gauss,CPC,"{""alpha"": 0.05, ""max_conditioning_set_size"": 3}",20,30,500,26,/home/mathis/Documents/Travail/cbnsl_benchmark/experiments/scaling/agrum3/../../../experiments/scaling/agrum3/2026-07-23_11h37_cbn_unif_gauss/graphs/golden__v20_a30_g26.json,/home/mathis/Documents/Travail/cbnsl_benchmark/experiments/scaling/agrum3/../../../experiments/scaling/agrum3/2026-07-23_11h37_cbn_unif_gauss/graphs/CPC__v20_a30_g26_s500.json,,0.8338057670007402,29.0,29.0,0.0,0.18181818181818182,0.0,0.1
cbn_unif_gauss,CMIIC,"{""alpha"": 0.05}",20,30,500,26,/home/mathis/Documents/Travail/cbnsl_benchmark/experiments/scaling/agrum3/../../../experiments/scaling/agrum3/2026-07-23_11h37_cbn_unif_gauss/graphs/golden__v20_a30_g26.json,/home/mathis/Documents/Travail/cbnsl_benchmark/experiments/scaling/agrum3/../../../experiments/scaling/agrum3/2026-07-23_11h37_cbn_unif_gauss/graphs/CMIIC__v20_a30_g26_s500.json,,2.8897764749999624,22.0,15.0,0.5,0.9285714285714286,0.7142857142857143,0.8666666666666667
cbn_unif_gauss,CPC,"{""alpha"": 0.05, ""max_conditioning_set_size"": 3}",20,30,1000,26,/home/mathis/Documents/Travail/cbnsl_benchmark/experiments/scaling/agrum3/../../../experiments/scaling/agrum3/2026-07-23_11h37_cbn_unif_gauss/graphs/golden__v20_a30_g26.json,/home/mathis/Documents/Travail/cbnsl_benchmark/experiments/scaling/agrum3/../../../experiments/scaling/agrum3/2026-07-23_11h37_cbn_unif_gauss/graphs/CPC__v20_a30_g26_s1000.json,,4.081649603998812,25.0,25.0,0.0,0.7234042553191489,0.0,0.5666666666666667
cbn_unif_gauss,CMIIC,"{""alpha"": 0.05}",20,30,1000,26,/home/mathis/Documents/Travail/cbnsl_benchmark/experiments/scaling/agrum3/../../../experiments/scaling/agrum3/2026-07-23_11h37_cbn_unif_gauss/graphs/golden__v20_a30_g26.json,/home/mathis/Documents/Travail/cbnsl_benchmark/experiments/scaling/agrum3/../../../experiments/scaling/agrum3/2026-07-23_11h37_cbn_unif_gauss/graphs/CMIIC__v20_a30_g26_s1000.json,,10.677610845003073,21.0,14.0,0.48780487804878053,0.9310344827586207,0.7692307692307693,0.9
cbn_unif_gauss,CPC,"{""alpha"": 0.05, ""max_conditioning_set_size"": 3}",20,30,3000,26,/home/mathis/Documents/Travail/cbnsl_benchmark/experiments/scaling/agrum3/../../../experiments/scaling/agrum3/2026-07-23_11h37_cbn_unif_gauss/graphs/golden__v20_a30_g26.json,/home/mathis/Documents/Travail/cbnsl_benchmark/experiments/scaling/agrum3/../../../experiments/scaling/agrum3/2026-07-23_11h37_cbn_unif_gauss/graphs/CPC__v20_a30_g26_s3000.json,,57.76660095000261,28.0,26.0,0.0,0.7234042553191489,0.0,0.5666666666666667
cbn_unif_gauss,CMIIC,"{""alpha"": 0.05}",20,30,3000,26,/home/mathis/Documents/Travail/cbnsl_benchmark/experiments/scaling/agrum3/../../../experiments/scaling/agrum3/2026-07-23_11h37_cbn_unif_gauss/graphs/golden__v20_a30_g26.json,/home/mathis/Documents/Travail/cbnsl_benchmark/experiments/scaling/agrum3/../../../experiments/scaling/agrum3/2026-07-23_11h37_cbn_unif_gauss/graphs/CMIIC__v20_a30_g26_s3000.json,,97.91992647900042,19.0,13.0,0.5365853658536585,0.9473684210526316,0.7857142857142857,0.9
cbn_unif_gauss,CPC,"{""alpha"": 0.05, ""max_conditioning_set_size"": 3}",20,30,5000,26,/home/mathis/Documents/Travail/cbnsl_benchmark/experiments/scaling/agrum3/../../../experiments/scaling/agrum3/2026-07-23_11h37_cbn_unif_gauss/graphs/golden__v20_a30_g26.json,/home/mathis/Documents/Travail/cbnsl_benchmark/experiments/scaling/agrum3/../../../experiments/scaling/agrum3/2026-07-23_11h37_cbn_unif_gauss/graphs/CPC__v20_a30_g26_s5000.json,,173.92253055100082,19.0,24.0,0.33333333333333337,0.8679245283018869,0.46153846153846156,0.7666666666666667
cbn_unif_gauss,CMIIC,"{""alpha"": 0.05}",20,30,5000,26,/home/mathis/Documents/Travail/cbnsl_benchmark/experiments/scaling/agrum3/../../../experiments/scaling/agrum3/2026-07-23_11h37_cbn_unif_gauss/graphs/golden__v20_a30_g26.json,/home/mathis/Documents/Travail/cbnsl_benchmark/experiments/scaling/agrum3/../../../experiments/scaling/agrum3/2026-07-23_11h37_cbn_unif_gauss/graphs/CMIIC__v20_a30_g26_s5000.json,,232.042683099,18.0,13.0,0.6046511627906976,0.9473684210526316,0.8125,0.9
cbn_unif_gauss,CPC,"{""alpha"": 0.05, ""max_conditioning_set_size"": 3}",20,30,200,27,/home/mathis/Documents/Travail/cbnsl_benchmark/experiments/scaling/agrum3/../../../experiments/scaling/agrum3/2026-07-23_11h37_cbn_unif_gauss/graphs/golden__v20_a30_g27.json,/home/mathis/Documents/Travail/cbnsl_benchmark/experiments/scaling/agrum3/../../../experiments/scaling/agrum3/2026-07-23_11h37_cbn_unif_gauss/graphs/CPC__v20_a30_g27_s200.json,,0.0889515199996822,29.0,27.0,0.0,0.33333333333333337,0.0,0.2
cbn_unif_gauss,CMIIC,"{""alpha"": 0.05}",20,30,200,27,/home/mathis/Documents/Travail/cbnsl_benchmark/experiments/scaling/agrum3/../../../experiments/scaling/agrum3/2026-07-23_11h37_cbn_unif_gauss/graphs/golden__v20_a30_g27.json,/home/mathis/Documents/Travail/cbnsl_benchmark/experiments/scaling/agrum3/../../../experiments/scaling/agrum3/2026-07-23_11h37_cbn_unif_gauss/graphs/CMIIC__v20_a30_g27_s200.json,,0.8325844169994525,20.0,19.0,0.4878048780487804,0.8928571428571429,0.6666666666666666,0.8333333333333334
cbn_unif_gauss,CPC,"{""alpha"": 0.05, ""max_conditioning_set_size"": 3}",20,30,500,27,/home/mathis/Documents/Travail/cbnsl_benchmark/experiments/scaling/agrum3/../../../experiments/scaling/agrum3/2026-07-23_11h37_cbn_unif_gauss/graphs/golden__v20_a30_g27.json,/home/mathis/Documents/Travail/cbnsl_benchmark/experiments/scaling/agrum3/../../../experiments/scaling/agrum3/2026-07-23_11h37_cbn_unif_gauss/graphs/CPC__v20_a30_g27_s500.json,,0.959422017000179,28.0,27.0,0.0,0.37837837837837834,0.0,0.23333333333333334
cbn_unif_gauss,CMIIC,"{""alpha"": 0.05}",20,30,500,27,/home/mathis/Documents/Travail/cbnsl_benchmark/experiments/scaling/agrum3/../../../experiments/scaling/agrum3/2026-07-23_11h37_cbn_unif_gauss/graphs/golden__v20_a30_g27.json,/home/mathis/Documents/Travail/cbnsl_benchmark/experiments/scaling/agrum3/../../../experiments/scaling/agrum3/2026-07-23_11h37_cbn_unif_gauss/graphs/CMIIC__v20_a30_g27_s500.json,,3.0854935579991434,18.0,20.0,0.5238095238095238,0.8928571428571429,0.6875,0.8333333333333334
cbn_unif_gauss,CPC,"{""alpha"": 0.05, ""max_conditioning_set_size"": 3}",20,30,1000,27,/home/mathis/Documents/Travail/cbnsl_benchmark/experiments/scaling/agrum3/../../../experiments/scaling/agrum3/2026-07-23_11h37_cbn_unif_gauss/graphs/golden__v20_a30_g27.json,/home/mathis/Documents/Travail/cbnsl_benchmark/experiments/scaling/agrum3/../../../experiments/scaling/agrum3/2026-07-23_11h37_cbn_unif_gauss/graphs/CPC__v20_a30_g27_s1000.json,,4.301449042999593,26.0,26.0,0.06451612903225808,0.7499999999999999,0.07692307692307693,0.6
cbn_unif_gauss,CMIIC,"{""alpha"": 0.05}",20,30,1000,27,/home/mathis/Documents/Travail/cbnsl_benchmark/experiments/scaling/agrum3/../../../experiments/scaling/agrum3/2026-07-23_11h37_cbn_unif_gauss/graphs/golden__v20_a30_g27.json,/home/mathis/Documents/Travail/cbnsl_benchmark/experiments/scaling/agrum3/../../../experiments/scaling/agrum3/2026-07-23_11h37_cbn_unif_gauss/graphs/CMIIC__v20_a30_g27_s1000.json,,10.004690925998148,18.0,20.0,0.5238095238095238,0.8928571428571429,0.6875,0.8333333333333334
cbn_unif_gauss,CPC,"{""alpha"": 0.05, ""max_conditioning_set_size"": 3}",20,30,3000,27,/home/mathis/Documents/Travail/cbnsl_benchmark/experiments/scaling/agrum3/../../../experiments/scaling/agrum3/2026-07-23_11h37_cbn_unif_gauss/graphs/golden__v20_a30_g27.json,/home/mathis/Documents/Travail/cbnsl_benchmark/experiments/scaling/agrum3/../../../experiments/scaling/agrum3/2026-07-23_11h37_cbn_unif_gauss/graphs/CPC__v20_a30_g27_s3000.json,,50.89165463700192,20.0,19.0,0.5238095238095237,0.9310344827586207,0.7857142857142857,0.9
cbn_unif_gauss,CMIIC,"{""alpha"": 0.05}",20,30,3000,27,/home/mathis/Documents/Travail/cbnsl_benchmark/experiments/scaling/agrum3/../../../experiments/scaling/agrum3/2026-07-23_11h37_cbn_unif_gauss/graphs/golden__v20_a30_g27.json,/home/mathis/Documents/Travail/cbnsl_benchmark/experiments/scaling/agrum3/../../../experiments/scaling/agrum3/2026-07-23_11h37_cbn_unif_gauss/graphs/CMIIC__v20_a30_g27_s3000.json,,77.40024334900227,18.0,18.0,0.5238095238095238,0.912280701754386,0.7333333333333333,0.8666666666666667
cbn_unif_gauss,CPC,"{""alpha"": 0.05, ""max_conditioning_set_size"": 3}",20,30,5000,27,/home/mathis/Documents/Travail/cbnsl_benchmark/experiments/scaling/agrum3/../../../experiments/scaling/agrum3/2026-07-23_11h37_cbn_unif_gauss/graphs/golden__v20_a30_g27.json,/home/mathis/Documents/Travail/cbnsl_benchmark/experiments/scaling/agrum3/../../../experiments/scaling/agrum3/2026-07-23_11h37_cbn_unif_gauss/graphs/CPC__v20_a30_g27_s5000.json,,165.0404775900024,25.0,25.0,0.358974358974359,0.896551724137931,0.6363636363636364,0.8666666666666667
cbn_unif_gauss,CMIIC,"{""alpha"": 0.05}",20,30,5000,27,/home/mathis/Documents/Travail/cbnsl_benchmark/experiments/scaling/agrum3/../../../experiments/scaling/agrum3/2026-07-23_11h37_cbn_unif_gauss/graphs/golden__v20_a30_g27.json,/home/mathis/Documents/Travail/cbnsl_benchmark/experiments/scaling/agrum3/../../../experiments/scaling/agrum3/2026-07-23_11h37_cbn_unif_gauss/graphs/CMIIC__v20_a30_g27_s5000.json,,233.75757325700033,17.0,18.0,0.5581395348837209,0.912280701754386,0.75,0.8666666666666667
cbn_unif_gauss,CPC,"{""alpha"": 0.05, ""max_conditioning_set_size"": 3}",20,30,200,28,/home/mathis/Documents/Travail/cbnsl_benchmark/experiments/scaling/agrum3/../../../experiments/scaling/agrum3/2026-07-23_11h37_cbn_unif_gauss/graphs/golden__v20_a30_g28.json,/home/mathis/Documents/Travail/cbnsl_benchmark/experiments/scaling/agrum3/../../../experiments/scaling/agrum3/2026-07-23_11h37_cbn_unif_gauss/graphs/CPC__v20_a30_g28_s200.json,,0.23072126700208173,29.0,29.0,0.0,0.4615384615384615,0.0,0.3
cbn_unif_gauss,CMIIC,"{""alpha"": 0.05}",20,30,200,28,/home/mathis/Documents/Travail/cbnsl_benchmark/experiments/scaling/agrum3/../../../experiments/scaling/agrum3/2026-07-23_11h37_cbn_unif_gauss/graphs/golden__v20_a30_g28.json,/home/mathis/Documents/Travail/cbnsl_benchmark/experiments/scaling/agrum3/../../../experiments/scaling/agrum3/2026-07-23_11h37_cbn_unif_gauss/graphs/CMIIC__v20_a30_g28_s200.json,,1.8669925169997441,23.0,19.0,0.4390243902439025,0.896551724137931,0.6923076923076923,0.8666666666666667
cbn_unif_gauss,CPC,"{""alpha"": 0.05, ""max_conditioning_set_size"": 3}",20,30,500,28,/home/mathis/Documents/Travail/cbnsl_benchmark/experiments/scaling/agrum3/../../../experiments/scaling/agrum3/2026-07-23_11h37_cbn_unif_gauss/graphs/golden__v20_a30_g28.json,/home/mathis/Documents/Travail/cbnsl_benchmark/experiments/scaling/agrum3/../../../experiments/scaling/agrum3/2026-07-23_11h37_cbn_unif_gauss/graphs/CPC__v20_a30_g28_s500.json,,1.6706264019994705,29.0,29.0,0.0,0.18181818181818182,0.0,0.1
cbn_unif_gauss,CMIIC,"{""alpha"": 0.05}",20,30,500,28,/home/mathis/Documents/Travail/cbnsl_benchmark/experiments/scaling/agrum3/../../../experiments/scaling/agrum3/2026-07-23_11h37_cbn_unif_gauss/graphs/golden__v20_a30_g28.json,/home/mathis/Documents/Travail/cbnsl_benchmark/experiments/scaling/agrum3/../../../experiments/scaling/agrum3/2026-07-23_11h37_cbn_unif_gauss/graphs/CMIIC__v20_a30_g28_s500.json,,5.986408521999692,19.0,20.0,0.5777777777777777,0.896551724137931,0.7647058823529411,0.8666666666666667
cbn_unif_gauss,CPC,"{""alpha"": 0.05, ""max_conditioning_set_size"": 3}",20,30,1000,28,/home/mathis/Documents/Travail/cbnsl_benchmark/experiments/scaling/agrum3/../../../experiments/scaling/agrum3/2026-07-23_11h37_cbn_unif_gauss/graphs/golden__v20_a30_g28.json,/home/mathis/Documents/Travail/cbnsl_benchmark/experiments/scaling/agrum3/../../../experiments/scaling/agrum3/2026-07-23_11h37_cbn_unif_gauss/graphs/CPC__v20_a30_g28_s1000.json,,6.822788705001585,28.0,28.0,0.11764705882352941,0.6938775510204083,0.13333333333333333,0.5666666666666667
cbn_unif_gauss,CMIIC,"{""alpha"": 0.05}",20,30,1000,28,/home/mathis/Documents/Travail/cbnsl_benchmark/experiments/scaling/agrum3/../../../experiments/scaling/agrum3/2026-07-23_11h37_cbn_unif_gauss/graphs/golden__v20_a30_g28.json,/home/mathis/Documents/Travail/cbnsl_benchmark/experiments/scaling/agrum3/../../../experiments/scaling/agrum3/2026-07-23_11h37_cbn_unif_gauss/graphs/CMIIC__v20_a30_g28_s1000.json,,9.205426778000401,18.0,22.0,0.5777777777777777,0.9152542372881356,0.8125,0.9
cbn_unif_gauss,CPC,"{""alpha"": 0.05, ""max_conditioning_set_size"": 3}",20,30,3000,28,/home/mathis/Documents/Travail/cbnsl_benchmark/experiments/scaling/agrum3/../../../experiments/scaling/agrum3/2026-07-23_11h37_cbn_unif_gauss/graphs/golden__v20_a30_g28.json,/home/mathis/Documents/Travail/cbnsl_benchmark/experiments/scaling/agrum3/../../../experiments/scaling/agrum3/2026-07-23_11h37_cbn_unif_gauss/graphs/CPC__v20_a30_g28_s3000.json,,42.809443321999424,24.0,25.0,0.368421052631579,0.912280701754386,0.6363636363636364,0.8666666666666667
cbn_unif_gauss,CMIIC,"{""alpha"": 0.05}",20,30,3000,28,/home/mathis/Documents/Travail/cbnsl_benchmark/experiments/scaling/agrum3/../../../experiments/scaling/agrum3/2026-07-23_11h37_cbn_unif_gauss/graphs/golden__v20_a30_g28.json,/home/mathis/Documents/Travail/cbnsl_benchmark/experiments/scaling/agrum3/../../../experiments/scaling/agrum3/2026-07-23_11h37_cbn_unif_gauss/graphs/CMIIC__v20_a30_g28_s3000.json,,59.641732865999074,13.0,20.0,0.7200000000000001,0.9152542372881356,0.8571428571428571,0.9
cbn_unif_gauss,CPC,"{""alpha"": 0.05, ""max_conditioning_set_size"": 3}",20,30,5000,28,/home/mathis/Documents/Travail/cbnsl_benchmark/experiments/scaling/agrum3/../../../experiments/scaling/agrum3/2026-07-23_11h37_cbn_unif_gauss/graphs/golden__v20_a30_g28.json,/home/mathis/Documents/Travail/cbnsl_benchmark/experiments/scaling/agrum3/../../../experiments/scaling/agrum3/2026-07-23_11h37_cbn_unif_gauss/graphs/CPC__v20_a30_g28_s5000.json,,126.74004779499955,23.0,26.0,0.41025641025641024,0.912280701754386,0.6666666666666666,0.8666666666666667
cbn_unif_gauss,CMIIC,"{""alpha"": 0.05}",20,30,5000,28,/home/mathis/Documents/Travail/cbnsl_benchmark/experiments/scaling/agrum3/../../../experiments/scaling/agrum3/2026-07-23_11h37_cbn_unif_gauss/graphs/golden__v20_a30_g28.json,/home/mathis/Documents/Travail/cbnsl_benchmark/experiments/scaling/agrum3/../../../experiments/scaling/agrum3/2026-07-23_11h37_cbn_unif_gauss/graphs/CMIIC__v20_a30_g28_s5000.json,,161.3245225190003,14.0,22.0,0.6938775510204082,0.9152542372881356,0.85,0.9
cbn_unif_gauss,CPC,"{""alpha"": 0.05, ""max_conditioning_set_size"": 3}",20,30,200,29,/home/mathis/Documents/Travail/cbnsl_benchmark/experiments/scaling/agrum3/../../../experiments/scaling/agrum3/2026-07-23_11h37_cbn_unif_gauss/graphs/golden__v20_a30_g29.json,/home/mathis/Documents/Travail/cbnsl_benchmark/experiments/scaling/agrum3/../../../experiments/scaling/agrum3/2026-07-23_11h37_cbn_unif_gauss/graphs/CPC__v20_a30_g29_s200.json,,0.10052664700197056,30.0,30.0,0.0,0.0,0.0,0.0
cbn_unif_gauss,CMIIC,"{""alpha"": 0.05}",20,30,200,29,/home/mathis/Documents/Travail/cbnsl_benchmark/experiments/scaling/agrum3/../../../experiments/scaling/agrum3/2026-07-23_11h37_cbn_unif_gauss/graphs/golden__v20_a30_g29.json,/home/mathis/Documents/Travail/cbnsl_benchmark/experiments/scaling/agrum3/../../../experiments/scaling/agrum3/2026-07-23_11h37_cbn_unif_gauss/graphs/CMIIC__v20_a30_g29_s200.json,,0.8211178999990807,22.0,16.0,0.47619047619047616,0.9152542372881356,0.7692307692307693,0.9
cbn_unif_gauss,CPC,"{""alpha"": 0.05, ""max_conditioning_set_size"": 3}",20,30,500,29,/home/mathis/Documents/Travail/cbnsl_benchmark/experiments/scaling/agrum3/../../../experiments/scaling/agrum3/2026-07-23_11h37_cbn_unif_gauss/graphs/golden__v20_a30_g29.json,/home/mathis/Documents/Travail/cbnsl_benchmark/experiments/scaling/agrum3/../../../experiments/scaling/agrum3/2026-07-23_11h37_cbn_unif_gauss/graphs/CPC__v20_a30_g29_s500.json,,1.0724635670012503,27.0,29.0,0.0,0.23529411764705882,0.0,0.13333333333333333
cbn_unif_gauss,CMIIC,"{""alpha"": 0.05}",20,30,500,29,/home/mathis/Documents/Travail/cbnsl_benchmark/experiments/scaling/agrum3/../../../experiments/scaling/agrum3/2026-07-23_11h37_cbn_unif_gauss/graphs/golden__v20_a30_g29.json,/home/mathis/Documents/Travail/cbnsl_benchmark/experiments/scaling/agrum3/../../../experiments/scaling/agrum3/2026-07-23_11h37_cbn_unif_gauss/graphs/CMIIC__v20_a30_g29_s500.json,,3.1791000779994647,19.0,13.0,0.6222222222222222,0.912280701754386,0.7777777777777778,0.8666666666666667
cbn_unif_gauss,CPC,"{""alpha"": 0.05, ""max_conditioning_set_size"": 3}",20,30,1000,29,/home/mathis/Documents/Travail/cbnsl_benchmark/experiments/scaling/agrum3/../../../experiments/scaling/agrum3/2026-07-23_11h37_cbn_unif_gauss/graphs/golden__v20_a30_g29.json,/home/mathis/Documents/Travail/cbnsl_benchmark/experiments/scaling/agrum3/../../../experiments/scaling/agrum3/2026-07-23_11h37_cbn_unif_gauss/graphs/CPC__v20_a30_g29_s1000.json,,6.306506259999878,18.0,26.0,0.28571428571428575,0.8,0.3333333333333333,0.6666666666666666
cbn_unif_gauss,CMIIC,"{""alpha"": 0.05}",20,30,1000,29,/home/mathis/Documents/Travail/cbnsl_benchmark/experiments/scaling/agrum3/../../../experiments/scaling/agrum3/2026-07-23_11h37_cbn_unif_gauss/graphs/golden__v20_a30_g29.json,/home/mathis/Documents/Travail/cbnsl_benchmark/experiments/scaling/agrum3/../../../experiments/scaling/agrum3/2026-07-23_11h37_cbn_unif_gauss/graphs/CMIIC__v20_a30_g29_s1000.json,,9.896525771997403,16.0,12.0,0.5365853658536585,0.9285714285714286,0.7333333333333333,0.8666666666666667
cbn_unif_gauss,CPC,"{""alpha"": 0.05, ""max_conditioning_set_size"": 3}",20,30,3000,29,/home/mathis/Documents/Travail/cbnsl_benchmark/experiments/scaling/agrum3/../../../experiments/scaling/agrum3/2026-07-23_11h37_cbn_unif_gauss/graphs/golden__v20_a30_g29.json,/home/mathis/Documents/Travail/cbnsl_benchmark/experiments/scaling/agrum3/../../../experiments/scaling/agrum3/2026-07-23_11h37_cbn_unif_gauss/graphs/CPC__v20_a30_g29_s3000.json,,92.07300791799935,19.0,26.0,0.23529411764705882,0.8,0.2857142857142857,0.6666666666666666
cbn_unif_gauss,CMIIC,"{""alpha"": 0.05}",20,30,3000,29,/home/mathis/Documents/Travail/cbnsl_benchmark/experiments/scaling/agrum3/../../../experiments/scaling/agrum3/2026-07-23_11h37_cbn_unif_gauss/graphs/golden__v20_a30_g29.json,/home/mathis/Documents/Travail/cbnsl_benchmark/experiments/scaling/agrum3/../../../experiments/scaling/agrum3/2026-07-23_11h37_cbn_unif_gauss/graphs/CMIIC__v20_a30_g29_s3000.json,,106.85555724900041,26.0,18.0,0.33333333333333337,0.9285714285714286,0.6,0.8666666666666667
cbn_unif_gauss,CPC,"{""alpha"": 0.05, ""max_conditioning_set_size"": 3}",20,30,5000,29,/home/mathis/Documents/Travail/cbnsl_benchmark/experiments/scaling/agrum3/../../../experiments/scaling/agrum3/2026-07-23_11h37_cbn_unif_gauss/graphs/golden__v20_a30_g29.json,/home/mathis/Documents/Travail/cbnsl_benchmark/experiments/scaling/agrum3/../../../experiments/scaling/agrum3/2026-07-23_11h37_cbn_unif_gauss/graphs/CPC__v20_a30_g29_s5000.json,,348.45232703299916,17.0,21.0,0.33333333333333326,0.846153846153846,0.42857142857142855,0.7333333333333333
cbn_unif_gauss,CMIIC,"{""alpha"": 0.05}",20,30,5000,29,/home/mathis/Documents/Travail/cbnsl_benchmark/experiments/scaling/agrum3/../../../experiments/scaling/agrum3/2026-07-23_11h37_cbn_unif_gauss/graphs/golden__v20_a30_g29.json,/home/mathis/Documents/Travail/cbnsl_benchmark/experiments/scaling/agrum3/../../../experiments/scaling/agrum3/2026-07-23_11h37_cbn_unif_gauss/graphs/CMIIC__v20_a30_g29_s5000.json,,221.4429107959986,26.0,18.0,0.33333333333333337,0.9285714285714286,0.6,0.8666666666666667
